"Time (s)","X (rad/s)","Y (rad/s)","Z (rad/s)"
0.00191191667,0.277257711,0.520659983,-0.0697694942
0.0118699167,0.0253682062,0.336805731,0.0163526088
0.0218279167,-0.204247683,0.154516339,0.0664972663
0.0317859167,-0.355952501,0.0231820177,0.0741269588
0.0417439167,-0.397945762,-0.0340469182,0.0473478064
0.0517019167,-0.338351697,-0.0343505181,-0.00492125517
0.0616599167,-0.20512332,-0.00674844999,-0.0584494621
0.0716179167,-0.0406238586,0.0132851787,-0.107208475
0.0815759167,0.119567141,0.0257849917,-0.144219488
0.0915339167,0.233104363,0.0581573136,-0.161897019
0.101491917,0.263541639,0.0695002452,-0.145799279
0.111449417,0.218214884,0.0360434875,-0.107579991
0.121407417,0.122647889,-0.0211313833,-0.0571357235
0.131365417,0.003086071,-0.0920614824,-0.0233737659
0.141323417,-0.118859276,-0.136029735,-0.00374440453
0.151281417,-0.217379451,-0.154114738,-0.00176194741
0.161239417,-0.280371994,-0.157525182,-0.0072805495
0.171197417,-0.296584517,-0.125498265,-0.00577453198
0.181155417,-0.246366903,-0.0869154558,0.0048251152
0.191113417,-0.114964932,-0.0673542693,0.0204293747
0.201071417,0.0476961508,-0.0488405116,0.0326647349
0.211029417,0.177248016,-0.064362742,0.0381412618
0.220987417,0.230822295,-0.0966349319,0.0366938338
0.230945417,0.198911503,-0.125533685,0.0394227728
0.240903417,0.11072465,-0.141708404,0.042945601
0.250861417,0.00102718128,-0.155922756,0.0414542332
0.260819417,-0.0987630635,-0.150226519,0.0410198718
0.270777417,-0.180430233,-0.131450966,0.0391151793
0.280735417,-0.240947634,-0.119908825,0.0444582775
0.290693417,-0.268303365,-0.106672116,0.0594558716
0.300651417,-0.25487864,-0.0862171799,0.0673159212
0.310609417,-0.184684888,-0.0562550165,0.0642855093
0.320567417,-0.0746433437,0.0124622621,0.0473235734
0.330525417,0.0254014973,0.0528640151,0.0276100561
0.340482417,0.0691231415,0.0526938364,0.0119879534
0.350440417,0.0656474531,0.0151579138,0.0168831088
0.360398417,0.0392398126,-0.00869468786,0.0334351882
0.370356417,0.00274278969,-0.00110680971,0.0450881161
0.380314417,-0.0303949229,-0.0100888535,0.0517902263
0.390272417,-0.0524730608,-0.0222182199,0.0488010943
0.400230417,-0.0592460111,-0.0243490152,0.0381931923
0.410188417,-0.0761882439,-0.010048639,0.0218866561
0.420146417,-0.108712628,0.0182738118,0.00397769734
0.430104417,-0.143818155,0.0193465333,-0.00787363574
0.440062417,-0.148113564,0.039747145,-0.0145533765
0.450020417,-0.118979916,0.0546536595,-0.0174437054
0.459978417,-0.0709354281,0.0292273946,-0.0265373345
0.469936417,-0.0183555707,-0.00361257792,-0.0335121527
0.479894417,0.0229399372,-0.0126263127,-0.0313683078
0.489852417,0.0364738554,0.00760332495,-0.0208916999
0.499810417,0.0213122126,0.0280787721,-0.00733674224
0.509768417,-0.00939829554,0.0263399947,0.00425280211
0.519726417,-0.0463296808,0.0229015872,0.0149781508
0.529684417,-0.0721285194,0.023827035,0.0207119361
0.539642417,-0.0814306736,0.0224427246,0.0198661163
0.549600417,-0.0727879182,0.0473938808,0.0208203271
0.559558417,-0.0607400462,0.0550872199,0.0251445007
0.569516417,-0.0483622067,0.0300415214,0.0286865067
0.579474417,-0.0366213955,-0.00515215145,0.034515366
0.589432417,-0.0271549225,-0.0374136828,0.0374565609
0.599390417,-0.0236331578,-0.0487315878,0.0375090241
0.609348417,-0.0275741033,-0.037843518,0.0351180397
0.619306417,-0.0434848927,-0.0234965384,0.0221556351
0.629264417,-0.0698086396,-0.0167329069,0.00798602123
0.639222417,-0.0632679164,-0.0206631999,-0.00758841122
0.649180417,-0.0280055348,0.0186514482,-0.0251700673
0.659138417,0.0195808914,0.054676827,-0.0476996116
0.669096417,0.0694051757,0.0905370936,-0.0743429437
0.679054417,0.100554571,0.108553641,-0.0966152251
0.689012417,0.101895206,0.0818735585,-0.118095212
0.698970417,0.0649739429,0.053168945,-0.126402676
0.708928417,-0.00631488767,0.0271999296,-0.117599331
0.718886417,-0.0883969739,0.0207327083,-0.0873612687
0.728844417,-0.166131988,0.00836205948,-0.0552848279
0.738802417,-0.21040304,-0.0224579051,-0.0358120613
0.748760417,-0.201896369,-0.0210224614,-0.0336226746
0.758718417,-0.160135612,-0.0288071465,-0.0296487063
0.768676417,-0.110845558,-0.0515398905,-0.0209116731
0.778634417,-0.0476836339,-0.0887330621,-0.00258273352
0.788592417,0.0347462632,-0.08810509,0.0168306455
0.798550417,0.0985023379,-0.0651145577,0.0287999567
0.808507417,0.115800105,-0.0348141715,0.03105166
0.818465417,0.0883724764,-0.00998951681,0.0298388563
0.828423417,0.0288167335,-0.00276302965,0.0225050431
0.838381417,-0.0303901304,0.0128329741,0.00663926033
0.848339417,-0.0768119544,0.0228427313,-0.00118244346
0.858297417,-0.0975510553,0.00516892923,-0.00517958216
0.868255417,-0.0914761201,-0.0330410413,-0.0026772758
0.878213417,-0.065753445,-0.075322181,0.00572073646
0.888171417,-0.0316466093,-0.095617339,0.0161811002
0.898129417,0.0144886617,-0.101327151,0.02710592
0.908087417,0.0751746446,-0.103887782,0.0296279341
0.918045417,0.144978762,-0.0762969032,0.0126750488
0.928003417,0.183784217,-0.0569058917,-0.0115775606
0.937961417,0.163136199,-0.0891003162,-0.0354605205
0.947919417,0.100899182,-0.123024456,-0.0381686911
0.957877417,0.0249937661,-0.100191049,-0.0232467335
0.967835417,-0.0584169701,-0.0597107336,0.000576041755
0.977793417,-0.140021816,-0.0154396761,0.0344208255
0.987751417,-0.192900747,0.0367707983,0.0765285939
0.997709417,-0.216072112,0.0609307289,0.113642141
1.00766742,-0.209174529,0.0457714833,0.146102086
1.01762542,-0.163872287,0.00597853027,0.170928329
1.02758342,-0.0836626738,-0.0419029742,0.18095541
1.03754142,0.0105205514,-0.0663284212,0.170577332
1.04749942,0.0857881382,-0.0596923567,0.135160491
1.05745742,0.119484589,-0.0545601808,0.0846019685
1.06741542,0.117692277,-0.0362754501,0.0367316492
1.07737342,0.0847833306,-0.0199185815,-0.00201121927
1.08733142,0.0273621157,-0.0181630254,-0.0215002317
1.09728942,-0.0282303058,-0.0308151711,-0.0271581169
1.10724838,-0.0697854757,-0.0362815745,-0.03070678
1.11720638,-0.101016097,-0.0334857889,-0.0340402573
1.12716438,-0.11935702,-0.0193310864,-0.0408414379
1.13712238,-0.133835822,-4.26105762E-05,-0.0365090072
1.14708037,-0.12458507,-0.0110409334,-0.0177057609
1.15703838,-0.0680999607,-0.027533358,0.00375772035
1.16699638,0.0187260173,-0.0143501768,0.0222746786
1.17695438,0.100506365,-0.0258086938,0.0372847877
1.18691238,0.145128965,-0.0469746999,0.0442319103
1.19687037,0.134024382,-0.0406294502,0.0319760442
1.20682838,0.0729674175,-0.00425120397,0.012993563
1.21678638,-0.0232864134,0.0482290462,-0.00730025722
1.22674437,-0.117779627,0.0782508627,-0.0185683575
1.23670238,-0.178101286,0.0859117135,-0.0289115421
1.24666037,-0.176761463,0.077574417,-0.0301136933
1.25661838,-0.128072217,0.0489491671,-0.0198466759
1.26657638,-0.0518440232,0.0115850167,-0.00114302873
1.27653437,0.0219465774,-0.0271932706,0.0118593229
1.28649238,0.0820141733,-0.0407455638,0.016880447
1.29645037,0.120512836,-0.0288465619,0.0148481885
1.30640838,0.122935243,-0.0110944631,0.0179057643
1.31636638,0.105410315,-0.014169082,0.0176205393
1.32632437,0.0760460347,-0.0169741903,0.0180570316
1.33628137,0.0289365761,-0.0218706783,0.0075218319
1.34624037,-0.0329747275,-0.00229937327,-0.0132937012
1.35619738,-0.10149467,0.0364568122,-0.0311683062
1.36615537,-0.156243131,0.0707910806,-0.0328546204
1.37611338,-0.184073433,0.0928681567,-0.03051663
1.38607138,-0.174938262,0.108225271,-0.024939172
1.39602938,-0.146714881,0.125148863,-0.0183981825
1.40598738,-0.118614532,0.104674481,-0.00865607243
1.41594537,-0.0846437812,0.071872592,0.00777190272
1.42590338,-0.044219926,0.0389178395,0.0246707257
1.43586138,-0.00353587884,0.00316916173,0.0248566139
1.44581938,0.0315275677,-0.0155613832,0.0197838247
1.45577738,0.0431581214,-0.0357998088,0.00561394356
1.46573537,0.0295706745,-0.0437533408,-0.00788588636
1.47569338,-0.00336809992,-0.0299632251,-0.0211862456
1.48565138,-0.0409674086,-0.00360671896,-0.0253354497
1.49560937,-0.0705615208,0.0150934653,-0.0224094354
1.50556738,-0.0777400658,0.0261573009,-0.00382642983
1.51552537,-0.0627198368,0.0325962938,0.0278548002
1.52548338,-0.0273112487,0.0290620122,0.0570923127
1.53544138,0.0198157821,0.037163347,0.0723740682
1.54539937,0.0650471747,0.0465216972,0.0734108314
1.55535738,0.0808991119,0.0542784184,0.0546371453
1.56531537,0.0644218698,0.0598550774,0.028640965
1.57527338,0.0293144789,0.055911202,0.00801291876
1.58523138,-0.00584830157,0.0371620171,-0.00186208216
1.59518937,-0.0292915758,-0.00299632247,-0.00650556991
1.60514738,-0.0309280884,-0.0325622037,-0.012062788
1.61510537,-0.0307347421,-0.0456063673,-0.024597222
1.62506338,-0.0337414518,-0.0199532025,-0.0398222469
1.63502138,-0.0566507615,0.0338762067,-0.0485478267
1.64497937,-0.0870110616,0.062769644,-0.0433836915
1.65493738,-0.110588029,0.0634218529,-0.028359469
1.66489538,-0.11650344,0.045695316,-0.0124545386
1.67485338,-0.083316192,0.0456551015,-0.00386264874
1.68481138,-0.0338815339,0.0668474734,-0.00557772443
1.69476937,-0.00363015477,0.0690203458,-0.0101964446
1.70472738,0.00156167767,0.0542390049,-0.00791491475
1.71468538,-0.00751837017,0.011857192,0.000467651087
1.72464338,-0.0105778091,-0.0419016443,0.0109186936
1.73460138,0.0131610753,-0.0459102355,0.0285885017
1.74455937,0.0508735664,-0.0386168994,0.047721982
1.75451738,0.0735146999,-0.0203446858,0.0570845902
1.76447538,0.0666530654,0.0196464062,0.0635195896
1.77443337,0.034490332,0.0570643507,0.0746960789
1.78439138,-0.0102683501,0.0678661317,0.0864129215
1.79434937,-0.0477483459,0.0553559326,0.0893695578
1.80430738,-0.0722494274,0.0287261866,0.0835034177
1.81426538,-0.0900257602,0.00147059758,0.0669766366
1.82422337,-0.105902731,-0.0217479058,0.0414036326
1.83418138,-0.101886153,-0.014792528,0.0155089181
1.84413937,-0.0801126808,0.0176389143,-0.00477078697
1.85409738,-0.0602138042,0.0246118698,-0.0100182798
1.86405538,-0.0326650031,-0.00661555864,0.00177180103
1.87401337,0.0113969976,-0.0381188914,0.0235245004
1.88397138,0.0607930422,-0.0538038425,0.0384762846
1.89392937,0.101513311,-0.0647270679,0.0423818119
1.90388738,0.114361197,-0.0556315705,0.0379029065
1.91384538,0.0921389833,-0.0363454893,0.037251763
1.92380337,0.0428510606,-0.00976155046,0.0342945904
1.93376138,-0.0111125726,0.0226411298,0.0297006369
1.94371938,-0.0601504222,0.0386099778,0.0254574232
1.95367638,-0.0873972252,0.0406403691,0.0199441463
1.96363437,-0.0904968753,0.0325832441,0.0173121449
1.97359337,-0.0794958919,0.0175936408,0.0115394769
1.98355038,-0.069252044,-0.00787017401,0.00456678867
1.99350838,-0.0628897473,-0.0311443377,-0.00349539891
2.00346638,-0.0482016169,-0.0174527597,-0.00084874942
2.01342437,-0.0359918214,0.000430366839,0.0046536075
2.02338238,-0.0209446959,0.00612819986,0.00669811619
2.03334038,-0.00831412245,0.0106627643,0.00384693616
2.04329837,0.000402936275,-0.00514256395,0.000625310233
2.05325638,0.0148641672,-0.00371404435,0.00139549642
2.06321437,0.0216562934,-0.00276595913,0.00707495352
2.07317238,0.0182365272,-0.00450846553,0.00487518264
2.08313038,0.00476386258,0.00596015435,0.00337608927
2.09308837,-0.023567643,0.0152575159,0.00556840328
2.10304638,-0.06486395,0.0101008369,0.00919216685
2.113004,-0.0895165652,0.000769387232,0.0176186748
2.122962,-0.0875239894,-0.011837218,0.0269538537
2.13292,-0.0566457026,-0.0366392359,0.0342711546
2.142878,0.0064760088,-0.0179885887,0.03556199
2.152836,0.0602111407,0.00526240608,0.0353856869
2.162794,0.0754891634,0.0185358673,0.0355018005
2.172752,0.0593493432,0.0189747568,0.0329102799
2.18271,0.0229577795,0.00635856343,0.0295251347
2.192668,-0.0263698213,-0.00752476137,0.017994713
2.202626,-0.0700738952,-0.0147158289,0.0037366813
2.212584,-0.0999636129,-0.00633672532,-0.00105061708
2.222542,-0.113005646,0.00643632747,0.00308314152
2.2325,-0.112086594,0.00704992004,0.00618306128
2.242458,-0.0982128531,0.0169451609,0.0100536989
2.252416,-0.0756502897,0.00825287029,0.00843582861
2.262374,-0.0245540794,0.0017915084,0.00532019697
2.272332,0.0364922322,0.0295653492,0.00186900643
2.28229,0.0871564746,0.0225806758,0.00634817686
2.292248,0.116680279,-0.00206315098,0.0136340531
2.302206,0.114489563,-0.0244062729,0.0282058045
2.312164,0.0779110417,-0.0315395519,0.0408976302
2.322122,0.0188221578,-0.0199870244,0.0498170927
2.33208,-0.0426430665,0.0075410069,0.0500852726
2.342038,-0.0901107192,0.0531822629,0.043301668
2.351996,-0.113255985,0.080695644,0.0361220501
2.361954,-0.112497784,0.0824445412,0.0359225795
2.371912,-0.0944295675,0.057334397,0.0410931073
2.38187,-0.067088753,0.0150271524,0.0461456589
2.391828,-0.0406949669,-0.0290460326,0.056999635
2.401786,-0.0257040318,-0.0593157858,0.0491949767
2.411744,-0.0211689342,-0.0471182428,0.0399399586
2.421702,-0.0267168321,-0.0278004725,0.0325419642
2.43166,-0.0389726982,0.00371351186,0.032476984
2.441618,-0.0522600077,0.0218533669,0.029676402
2.451576,-0.060691312,0.0285946261,0.0256260019
2.461534,-0.06141489,0.018409634,0.0203968845
2.471492,-0.0514757074,0.00135341845,0.0105698202
2.48145,-0.0256371871,0.00621794863,-0.00443522865
2.491408,0.0040482711,0.00666535972,-0.0148764178
2.501366,0.0283221845,0.0102672847,-0.0223380625
2.511324,0.0301544406,0.0224773455,-0.0242555384
2.521282,0.0103216134,0.027016703,-0.0227343403
2.53124,-0.0190605093,0.023121031,-0.0130747892
2.541198,-0.0223338008,-0.0124654584,0.00212520245
2.551156,0.0042288336,-0.0404158644,0.0129384352
2.561114,0.0433751717,-0.0627312884,0.0163265094
2.571072,0.0756367072,-0.0594758429,0.011308847
2.58103,0.079178974,-0.0267109722,0.00528957043
2.590988,0.0405642055,0.0146931922,-0.00162878935
2.600946,-0.0103399893,0.0444337763,-0.00478969514
2.610904,-0.0328729935,0.0610013008,-0.000315850892
2.620862,-0.0220762733,0.053512495,0.00775619037
2.63082,0.0107375989,0.0141885234,0.0170871075
2.640778,0.0578856692,-0.0320652574,0.0289517567
2.650736,0.100701846,-0.0709825605,0.0546278246
2.660694,0.132813171,-0.0910004824,0.0850360617
2.670652,0.153407127,-0.0865615234,0.108495049
2.680609,0.138475582,-0.0664264262,0.119507492
2.690567,0.0986442864,-0.0472793654,0.117882431
2.700525,0.0463046469,-0.0326391682,0.111637317
2.710483,-0.00188099069,-0.0385785513,0.0948665887
2.720441,-0.0418963172,-0.046201583,0.0723349154
2.730399,-0.0773025081,-0.0567306578,0.0468300879
2.740357,-0.116072014,-0.0420766138,0.023185214
2.750315,-0.15425162,-0.000791757775,0.0074810856
2.760273,-0.189538777,0.0343563743,-0.00226501841
2.770231,-0.211033151,0.0598870367,0.00031025827
2.780189,-0.221482322,0.0421386659,0.0107993847
2.790147,-0.186061487,0.0106073702,0.0291573536
2.800105,-0.0955078825,-0.017556889,0.0432505347
2.810063,0.00782489963,-0.074746944,0.0375465751
2.820021,0.0678200573,-0.0894012526,0.00240536709
2.829979,0.0819736943,-0.0892206877,-0.0208442956
2.839937,0.0564393066,-0.070464313,-0.0275405478
2.849895,0.0159350242,-0.0696131662,-0.0206565429
2.859853,-0.0170985591,-0.0624884106,-0.00361177907
2.869811,-0.036515668,-0.0439861007,0.0226499178
2.879769,-0.0514560007,-0.00551514048,0.0467773601
2.889727,-0.0669326931,0.0388025232,0.0555623285
2.899685,-0.0708560646,0.088981539,0.0490034968
2.909643,-0.0692206174,0.0899479985,0.0299621597
2.919601,-0.0475174524,0.0507734306,0.00776844099
2.929559,-0.00515747769,-0.00439048745,-0.00642194645
2.939517,0.0583647713,-0.0442119353,-0.00669145864
2.949475,0.125864983,-0.0760913044,0.00394627219
2.959433,0.170434058,-0.111824535,0.0173361134
2.969391,0.178401172,-0.139888391,0.029016206
2.979349,0.166539714,-0.15583913,0.0433818288
2.989307,0.149510935,-0.140566975,0.049719885
2.999265,0.116042182,-0.0994174033,0.0509507991
3.009223,0.0607381836,-0.0560494214,0.0471307598
3.019181,-0.0123024723,-0.00960975047,0.0499957874
3.029139,-0.0773371309,0.0346714258,0.0475637913
3.039097,-0.111703895,0.0527739972,0.0281256437
3.049055,-0.11043863,0.0760883763,0.00260537048
3.059013,-0.0855902657,0.0748018026,-0.0172911063
3.068971,-0.0483819135,0.0649901852,-0.0217087567
3.078929,-0.0121181821,0.0533604249,-0.0237237047
3.088887,0.00913038105,0.0441147313,-0.0181124248
3.098845,0.0168253183,0.00638812454,0.00211348454
3.10880262,0.0175153445,-0.0339912549,0.021513015
3.11876063,0.0145067712,-0.0573309325,0.0364410989
3.12871863,0.00179763371,-0.0625129119,0.034365695
3.13867662,-0.0139863892,-0.0560619384,0.0216251351
3.14863463,-0.0268316139,-0.0384469926,-0.00149802805
3.15859262,-0.0302327368,-0.0123275062,-0.0227900017
3.16855063,-0.0170125384,0.00522938324,-0.0402755179
3.17850863,0.00932053104,0.0201806352,-0.042420961
3.18846662,0.0360983498,0.0239865594,-0.033245571
3.19842463,0.0498642288,0.0142835984,-0.0153920054
3.20838263,0.0373750702,0.000967526401,-0.00135767949
3.21834063,-0.000480700575,-0.0152889416,0.00444641383
3.22829863,-0.0350024588,-0.0239743087,0.000160854936
3.23825662,-0.0482567437,-0.021261612,-0.00661928672
3.24821463,-0.0346027166,-0.0217308626,-0.00660490571
3.25817263,0.00313347531,-0.0220792033,0.00034035198
3.26813063,0.0383018479,-0.0122153871,0.00791837648
3.27808863,0.0504410714,-0.0125916917,0.014779212
3.28804662,0.0473600589,-0.0201987457,0.0300527066
3.29800463,0.0510328226,-0.0347337462,0.0500210896
3.30796263,0.0835132673,-0.0388374105,0.0695937276
3.31792062,0.118815064,-0.0253945719,0.073000975
3.32787863,0.126484707,-0.0213425737,0.0553884245
3.33783662,0.0977281556,-0.0172538217,0.033512421
3.34779463,0.0526485629,-0.0129616046,0.00959670078
3.35775263,0.0108579742,0.00965768751,-0.0088821752
3.36771062,-0.0205388311,0.0303107686,-0.0195870176
3.37766863,-0.0344053768,0.0312407427,-0.0289400388
3.38762662,-0.0285118017,0.0238355584,-0.0309797544
3.39758463,-0.00689625554,0.0214435067,-0.0294114184
3.40754263,0.0106342686,0.017687384,-0.025547171
3.41750062,0.0149821453,-0.000633566,-0.0197100546
3.42745863,0.00885580946,-0.0038583877,-0.0213803891
3.43741662,-0.0070680296,0.0161643233,-0.0261157565
3.44737463,-0.0364115387,0.0189843439,-0.0285581406
3.45733263,-0.0606827885,0.0163880289,-0.0344852731
3.46729062,-0.059539225,0.0244395621,-0.0275799632
3.47724863,-0.0359342992,0.0202051364,-0.0129610719
3.48720662,0.000494548993,-5.29969038E-05,0.0122065991
3.49716463,0.0510639846,-0.010798852,0.0385519192
3.50712263,0.090785563,-0.00824621227,0.0588172451
3.51708062,0.105631091,-0.0095522264,0.0645571575
3.52703863,0.0955198631,0.00549170421,0.0590020679
3.53699663,0.0749205798,0.0197843574,0.0555972159
3.54695463,0.0468774922,0.0084928209,0.0496170893
3.55691263,0.0285725221,-0.0246329084,0.0508812889
3.56687062,0.0322982855,-0.0713511482,0.0503039174
3.57682863,0.0575820692,-0.10465344,0.0585868806
3.58678663,0.0970229506,-0.0988954231,0.0756979585
3.59674463,0.129071698,-0.0652836636,0.102537028
3.60670263,0.139716893,-0.0151243582,0.126164332
3.61666062,0.128836811,0.0461025126,0.137676373
3.62661863,0.0931416601,0.0997894406,0.124875091
3.63657663,0.0264766142,0.134462729,0.097590737
3.64653462,-0.0523569472,0.133180156,0.0551535338
3.65649263,-0.11462725,0.110548615,0.0137618845
3.66645062,-0.151568487,0.0615022443,-0.0204597358
3.67640863,-0.149222776,-0.0201220457,-0.0382533781
3.68636663,-0.111579262,-0.0998608172,-0.0407628752
3.69632462,-0.0561737902,-0.153168246,-0.0344107039
3.70628263,-0.0032575787,-0.157215446,-0.0260302685
3.71624062,0.0365217924,-0.106615394,-0.0140854586
3.72619863,0.0587503985,-0.0443482883,-0.000757136673
3.73615562,0.0585104488,0.0200160518,0.0138790635
3.74611363,0.0533859916,0.0582396053,0.0263320059
3.75607263,0.0452843904,0.0571439788,0.0358469486
3.76602963,0.0309368763,0.0249924343,0.0432476066
3.77598763,0.0105186868,-0.0155557897,0.0402946919
3.78594562,-0.0207790472,-0.0385085084,0.0289067496
3.79590363,-0.0662884787,-0.0368754603,0.0177797955
3.80586163,-0.104116283,-0.003230148,0.0208381694
3.81581963,-0.131797984,0.0482783169,0.0369937047
3.82577763,-0.134280309,0.0861886814,0.0684238002
3.83573562,-0.10394717,0.108505435,0.103416137
3.84569363,-0.0544565842,0.114739895,0.12669456
3.85565163,-0.0213657431,0.101748995,0.11425893
3.86560963,-0.0213470999,0.0674022064,0.0882217363
3.87556763,-0.039946083,0.00927978475,0.0612266064
3.88552562,-0.044390101,-0.0359710492,0.031857267
3.89548363,-0.0242310371,-0.0801411718,0.00795459561
3.90544163,0.014586133,-0.106908076,-0.00461658975
3.91539962,0.0599277802,-0.107183978,-0.00343095046
3.92535763,0.0924268663,-0.0783488676,0.00997646805
3.93531562,0.086559929,-0.037479464,0.0170516875
3.94527363,0.041770082,-0.00429594517,0.0235865526
3.95523163,-0.0223977175,0.0200842284,0.0303664282
3.96518962,-0.0844107568,0.0209761225,0.0359263085
3.97514763,-0.124043383,0.00433536014,0.0287621394
3.98510562,-0.145191014,-0.0203241799,0.00836765207
3.99506363,-0.144349188,-0.035210453,-0.0198645182
4.00502163,-0.134649694,-0.042679552,-0.0469438061
4.01497962,-0.126706541,-0.0273053907,-0.0622990616
4.02493763,-0.127312675,-0.000660996593,-0.0687644184
4.03489562,-0.117086142,0.0499606356,-0.0550310276
4.04485363,-0.0886891261,0.112424813,-0.0255953744
4.05481163,-0.0408017598,0.164288282,0.00592446793
4.06476962,0.0198884867,0.207563311,0.0297738742
4.07472763,0.0596180558,0.218679607,0.0332466364
4.08468563,0.0784623176,0.204438895,0.0219311323
4.09464363,0.0684624165,0.169195414,-0.00374467089
4.10460163,0.0349907391,0.126817331,-0.0298311319
4.11455975,-0.0116281603,0.0649731383,-0.0572771393
4.12451775,-0.0510810278,0.0168157313,-0.0768577605
4.13447575,-0.0544533879,-0.00794341043,-0.0694070384
4.14443375,-0.0283141956,-0.0207561441,-0.0483102761
4.15439175,0.0107253483,-0.0304194242,-0.0262933895
4.16434975,0.045085188,-0.0301573705,-0.0109940618
4.17430775,0.0663649067,-0.0223617647,0.0065345983
4.18426575,0.0602971613,-0.0306553803,0.0137578901
4.19422375,0.0330058858,-0.0376168825,0.00411964394
4.20418175,-0.00694579026,-0.0492517017,-0.0168410316
4.21413975,-0.0382613689,-0.0893554464,-0.0373508334
4.22409775,-0.0324735194,-0.118358605,-0.0480237193
4.23405575,0.0111740911,-0.110066846,-0.0441219211
4.24401375,0.0574491769,-0.0899767578,-0.0370895788
4.25397175,0.0728805959,-0.0615863986,-0.0256915148
4.26392975,0.0568765998,-0.00943744369,-0.00803555548
4.27388775,0.0216365866,0.0398491472,0.0155976014
4.28384575,-0.0241559353,0.0584318861,0.0302441884
4.29380375,-0.0502312109,0.045550175,0.0313544609
4.30376175,-0.0438726507,0.0455989093,0.0227846745
4.31371975,-0.012151205,0.0588651821,0.0147616351
4.32367775,0.027587153,0.0639086738,0.00430659764
4.33363575,0.0495308004,0.0513718426,-0.00119469408
4.34359375,0.0424390696,0.0244174581,-0.00495268079
4.35355175,0.0239572637,0.0253455695,-0.00386264874
4.36350975,-0.000328101451,0.0187622365,-0.00346290832
4.37346775,-0.0262632947,-0.0094411727,-0.0092289187
4.38342575,-0.0386475287,-0.03931012,-0.0121458787
4.39338375,-0.0360536091,-0.0521204583,-0.0121948812
4.40334175,-0.0172769912,-0.0278308317,-0.00967659615
4.41329975,-0.000129695938,-0.000547545904,-0.0102374572
4.42325775,0.00743448036,0.00696123671,-0.00691889226
4.43321575,0.0177920461,0.00141254067,0.00417983113
4.44317375,0.0480484851,0.00923717394,0.0144657586
4.45313175,0.0730835348,0.0048988848,0.0153712332
4.46308975,0.0797973573,-0.019013105,0.00134463003
4.47304775,0.0684735999,-0.0259572975,-0.0158990715
4.48300575,0.0499313399,0.00128630677,-0.0348322839
4.49296375,0.0168663319,0.0218914505,-0.0477779098
4.50292175,-0.0214754641,0.0231884103,-0.0573956482
4.51287975,-0.0505273566,0.00845606904,-0.0571210757
4.52283775,-0.0687148795,-0.0174250621,-0.0510197729
4.53279575,-0.0749528036,-0.0349052548,-0.0405399688
4.54275375,-0.0709122568,-0.0338903219,-0.031421572
4.55271175,-0.067262657,-0.0255136155,-0.0137736024
4.56266975,-0.0572260059,-0.0197947435,0.000287355069
4.57262775,-0.0281088669,-0.00989417639,0.0115876803
4.58258575,0.0078374166,-0.00492658187,0.0111485245
4.59254375,0.0378738791,-0.0122662531,0.0117791612
4.60250175,0.0574401245,-0.0259823315,0.0138260666
4.61245975,0.0629616529,-0.03707866,0.0263751484
4.62241775,0.058158379,-0.0207100715,0.0375990421
4.63237575,0.0451027639,0.0200504065,0.0535713509
4.64233375,0.0308114421,0.0709109232,0.0662764907
4.65229175,0.0125245806,0.115244567,0.0680352449
4.66224975,-0.0132473623,0.137383953,0.0622391403
4.67220775,-0.0351707712,0.142192557,0.0478599332
4.68216575,-0.0473368876,0.113623232,0.0369753279
4.69212375,-0.0402901657,0.0679391026,0.0191539861
4.70208175,-0.0241396911,0.0157677773,0.00337662199
4.71203975,-0.00651915185,-0.0444356427,-0.00268100435
4.72199775,0.0237982739,-0.0823137835,0.000687894528
4.73195575,0.0583064482,-0.0744915456,0.00963185448
4.74191375,0.077085197,-0.0556406267,0.0146013135
4.75187175,0.0712406263,-0.0222022403,0.011977301
4.76182975,0.034365695,0.0191630423,0.00854581781
4.77178775,-0.0104015078,0.0606684089,0.00883343909
4.78174575,-0.0453677475,0.0836552158,0.0180309322
4.79170375,-0.056291502,0.076098226,0.0293158107
4.80166175,-0.0503563806,0.0418265425,0.0279112589
4.81161975,-0.0388339497,0.00141307327,0.0228222255
4.82157775,-0.0290678702,-0.0275890175,0.0143898586
4.83153575,-0.035230957,-0.0306836106,-0.00195662444
4.84149375,-0.0500631668,-0.02566435,-0.0161049347
4.85145175,-0.0521052778,-0.0121477433,-0.0324804448
4.86140975,-0.0390486009,0.000843156769,-0.0356314965
4.87136775,-0.00699585769,-0.0137019632,-0.0246158633
4.88132575,0.033216808,-0.0398579352,-0.00597586716
4.89128375,0.0608985052,-0.0642346442,0.0117940754
4.90124175,0.0672064647,-0.067884244,0.0229050498
4.91119975,0.0580017827,-0.0546659082,0.0306252874
4.92115775,0.044536043,-0.0256981719,0.0327691324
4.93111575,0.0281211175,0.0074576498,0.028150145
4.94107375,0.0115008615,0.0170037504,0.0206315089
4.95103175,-0.0112225609,0.007828895,0.00852983817
4.96098975,-0.0246299785,0.0056874468,-0.0014335796
4.97094775,-0.0298585631,0.00284532132,-0.0053159357
4.98090575,-0.0251884442,0.0057087522,-0.000694552378
4.99086375,-0.0164186545,0.0201489441,0.00129482895
5.00082175,-0.0145797413,0.033944916,0.00252494309
5.01077975,-0.0106577044,0.0519681275,0.00961294584
5.02073775,-0.01008326,0.0607996993,0.0183065683
5.03069575,-0.00577772781,0.0418952517,0.0190245565
5.04065375,0.00474282354,0.0116204368,0.0115304226
5.05061175,0.0128428275,-0.0235077236,-0.00805606227
5.06056975,0.0105282748,-0.0487725995,-0.0340953842
5.07052775,-0.000927312707,-0.0468026586,-0.0553713813
5.08048575,-0.0118089886,-0.0374472402,-0.0565021597
5.09044375,-0.0131727932,-0.0189755559,-0.052263204
5.10040175,-0.00725258654,-0.0063788034,-0.043431364
5.11035975,-0.00290497602,-0.000877511571,-0.0277855583
5.12031775,0.000222906587,0.0140734743,-0.0128249852
5.13027575,-0.00667041959,0.0313336886,-0.00200855616
5.14023375,-0.0212096814,0.0441647992,-0.00240137242
5.15019175,-0.0378786735,0.0589818284,-0.00450367155
5.16014975,-0.0503965952,0.0624971986,-0.0034754253
5.17010775,-0.0455134213,0.0545295551,0.00237713754
5.18006575,-0.0246638004,0.0253873821,0.0151485931
5.19002375,0.0156322233,-0.0122018047,0.0284068733
5.19998175,0.0513462797,-0.0314010642,0.0338218808
5.20993975,0.0576068386,-0.0514450818,0.0316703096
5.21989775,0.0338535719,-0.0561157316,0.021214474
5.22985575,0.00107485184,-0.0397490114,0.00788428821
5.23981375,-0.02191462,0.0109008513,-0.00423655659
5.24977175,-0.0339909904,0.0475882925,-0.0107948575
5.25972975,-0.0317379571,0.0528456382,-0.00986754429
5.26968775,-0.0261090994,0.0234619156,-0.0032876723
5.27964575,-0.00574363954,-0.0276934132,0.00966967177
5.28960375,0.0243865661,-0.0481925644,0.0199657194
5.29956175,0.0528051592,-0.0485419706,0.0231162384
5.30951975,0.0607610866,-0.0229745582,0.0193329509
5.31947775,0.0516797043,0.00515747769,0.0159483403
5.32943575,0.018571021,0.0175981689,0.0114004603
5.33939375,-0.0244688578,0.0127996849,-0.00812743511
5.34935175,-0.0693748146,-0.00874289125,-0.0256062932
5.35930975,-0.0950884297,-0.0266824774,-0.0386813506
5.36926775,-0.097061038,-0.0255823247,-0.0444657356
5.37922575,-0.0870326385,-0.0102222776,-0.0446553528
5.38918375,-0.0585128441,0.0218507033,-0.0336961783
5.39914175,-0.0212834515,0.0613642894,-0.0171534196
5.40909975,0.00965209492,0.077052176,0.0010655307
5.41905775,0.0266182944,0.0538411289,0.0179835279
5.42901575,0.03051956,0.0168764517,0.0330713987
5.43897375,0.0284401625,-0.0211553518,0.04102147
5.44893175,0.0327243917,-0.03734098,0.0426510572
5.45888975,0.03590101,-0.0274249669,0.0359785073
5.46884775,0.032144621,0.00663446682,0.0319235772
5.47880575,0.0191068482,0.0490125492,0.0328271873
5.48876375,-0.00730158854,0.0742039233,0.0302263461
5.49872175,-0.0496530384,0.0497278757,0.0200711805
5.50867975,-0.0785203725,0.0129871713,0.0142734777
5.51863775,-0.0778215602,-0.00444454933,0.0124414898
5.52859575,-0.0595874302,-0.0220890567,0.0107932594
5.53855375,-0.0319360942,-0.0482583418,0.00732236123
5.54851175,0.00147059758,-0.0555740446,0.00568158785
5.55846975,0.0273003299,-0.0404531509,0.0116289593
5.56842775,0.032165125,-0.0228967927,0.0199111234
5.57838575,0.0196298938,-0.00488876458,0.0287280511
5.58834375,0.00383521826,0.0250667371,0.0356528014
5.59830175,-0.0104699517,0.0442771837,0.0368823856
5.60825975,-0.0199108571,0.0475344956,0.0303512476
5.61821775,-0.0201798361,0.0447339155,0.0203726497
5.62817575,-0.01050111,0.0498943217,0.00895274896
5.63813375,-0.000635430217,0.0421897992,0.00042983421
5.64809175,0.00507119112,0.0156322233,-0.0109607717
5.65804975,0.0031073764,-0.0147621678,-0.0170258544
5.66800775,0.00983239058,-0.0176224038,-0.0181454476
5.67796575,0.0153667061,-0.0149464589,-0.0106715523
5.68792375,0.0304564424,-0.00343121681,-0.00830373634
5.69788175,0.0446566828,0.0284252502,-0.00825393479
5.70783975,0.041612424,0.0404819138,-0.00847258046
5.71779775,0.0232256949,0.0110755544,-0.0129014179
5.72775575,-0.0032234902,-0.034074612,-0.0195689071
5.73771375,-0.0277725086,-0.0781776235,-0.0315491371
5.74767175,-0.0430558585,-0.0952751189,-0.0448273942
5.75762975,-0.0487369113,-0.0760865137,-0.0619200915
5.76758775,-0.0520035475,-0.0330487639,-0.0670826286
5.77754575,-0.0569780655,0.0170729924,-0.0592366904
5.78750375,-0.0562195964,0.0422854051,-0.0350626446
5.79746175,-0.0383604392,0.0476250425,-0.00873596687
5.80741975,0.0059969062,0.0646269321,0.0170871075
5.81737775,0.0470790938,0.0542549826,0.0299360603
5.82733575,0.0679825097,0.0287879724,0.0250845812
5.83729375,0.0705711022,0.00443469593,0.0132835815
5.84725175,0.0597506836,-0.00572819309,0.00783661753
5.85720975,0.0445011556,-0.000425839447,0.00223678909
5.86716775,0.0197436102,0.000954476942,0.0063982443
5.87712575,-0.00584989972,-0.000256196101,0.0139469747
5.88708375,-0.0165832378,-0.00442644022,0.0245910976
5.89704175,-0.00153105136,0.000911600015,0.0346786194
5.90699975,0.030680947,0.0163163897,0.0362418927
5.91695775,0.0618524477,0.033160083,0.0288652033
5.92691575,0.0874962956,0.0386896059,0.019571837
5.93687375,0.0960735381,0.0250222627,0.0115530593
5.94683175,0.0896420032,0.00185382646,0.0125994151
5.95678975,0.0783656463,-0.0257367883,0.0193590503
5.96674775,0.0611773357,-0.0363670625,0.0329835154
5.97670575,0.0468279608,-0.0259727444,0.0453424491
5.98666375,0.0284771807,0.0101503721,0.0500149652
5.99662175,0.00965129584,0.0441887677,0.0442558788
6.00657975,-0.010254235,0.0491518341,0.0298593622
6.01653775,-0.0341771431,0.0298971795,0.00316010695
6.02649575,-0.0530051626,0.00718840444,-0.0268433318
6.03645375,-0.0539106354,-0.0133935697,-0.0375846587
6.04641175,-0.0332407765,-0.0120364232,-0.0371023603
6.05636975,0.000265250856,0.0124137923,-0.0269959308
6.06632775,0.0294827912,0.0314886831,-0.0185332038
6.07628575,0.0392640494,0.0354823619,-0.00948324986
6.08624375,0.0281890277,0.0309784226,-0.00388368778
6.09620175,0.000189084429,0.0228784177,-0.00257767364
6.10615975,-0.031343542,0.00109296129,-0.00262454525
6.1161175,-0.0582081787,-0.0249386393,-0.00752103329
6.1260755,-0.075951755,-0.0323542096,-0.0175148118
6.1360335,-0.0752321705,-0.0146343363,-0.0279016718
6.1459915,-0.0662453324,0.0100105563,-0.0375292674
6.1559495,-0.0551487394,0.0313185081,-0.0477709845
6.1659075,-0.0592334941,0.0403860398,-0.053695187
6.1758655,-0.0701958686,0.0290742628,-0.0454287343
6.1858235,-0.0645310581,0.0187539794,-0.0324053429
6.1957815,-0.0352559909,0.0139640188,-0.0201553348
6.2057395,0.0109205581,0.00649571605,-0.00762409763
6.2156975,0.05557511,-0.0190280192,0.00866938848
6.2256555,0.0871002823,-0.053574279,0.0212514922
6.2356135,0.0955829844,-0.0729652867,0.0317323618
6.2455715,0.0821185708,-0.0754167289,0.0345760882
6.2555295,0.05470559,-0.0673220456,0.0362661295
6.2654875,0.00990056805,-0.0487443693,0.0281536076
6.2754455,-0.0386917368,-0.0119259013,0.00850986503
6.2854035,-0.0755725205,0.0278880894,-0.00930455234
6.2953615,-0.0901032612,0.0434979424,-0.0227130353
6.3053195,-0.0839002281,0.0353971384,-0.0293000974
6.3152775,-0.0612673536,0.033900708,-0.0225686915
6.3252355,-0.030421555,0.00816365425,-0.0115823541
6.3351935,-0.000786431483,-0.0196940769,-0.000842890469
6.3451515,0.0207044799,-0.0315291621,0.009193765
6.3551095,0.0330319852,-0.0524107441,0.0187252183
6.3650675,0.0297001041,-0.0593301691,0.0186943263
6.3750255,0.0194967352,-0.0397050679,0.0120252371
6.3849835,0.00112119084,-0.0160575304,0.00401711231
6.3949415,-0.0181957819,0.0136241997,-0.00126819732
6.4048995,-0.0356227085,0.0378041044,-0.00167885679
6.4148575,-0.04883039,0.0476945527,0.00241601979
6.4248155,-0.058357317,0.0319680534,0.00772742834
6.4347735,-0.0635028109,0.00370099489,0.00678253872
6.4447315,-0.0655252114,-0.0106467856,-0.000773115666
6.4546895,-0.0591373555,-0.0213375129,-0.00803049561
6.4646475,-0.0415037684,-0.0212791897,-0.0131466947
6.4746055,-0.00602779863,-0.0065636267,-0.0146929258
6.4845635,0.0271458663,-0.00334572932,-0.0119458754
6.4945215,0.0490767322,0.00103170855,-0.00511007337
6.5044795,0.0491491705,-0.00117179088,0.00885048322
6.5144375,0.0326764546,-0.0118116522,0.0226552449
6.5243955,0.0115839513,-0.01709776,0.0248938985
6.5343535,-0.0137014315,-0.0191643741,0.015948873
6.5443115,-0.0393077247,-0.0230675023,0.00147006486
6.5542695,-0.0641555488,-0.0254566241,-0.0110630374
6.5642275,-0.0816772878,-0.0223047733,-0.0128521491
6.5741855,-0.0909536108,-0.0117501328,-0.00920681376
6.5841435,-0.0903285667,-0.00331776612,-0.000801345159
6.5941015,-0.0684733316,0.0220531039,0.00779453991
6.6040595,-0.0361936912,0.0502155013,0.0180434491
6.6140175,-0.00550874881,0.0555500761,0.0281141922
6.6239755,0.0161336958,0.0337084271,0.0358323008
6.6339335,0.0326522179,-0.00899589155,0.0390296914
6.6438915,0.0464987941,-0.047463391,0.0337182805
6.6538495,0.0545239635,-0.0657952577,0.0187955257
6.6638075,0.0523441657,-0.053730607,0.00640596775
6.6737655,0.0349372104,-0.0304234196,-0.000108656968
6.6837235,0.00845021009,-0.0211992953,-0.00669465447
6.6936815,-0.0191811509,-0.0182343982,-0.00482591428
6.7036395,-0.0332706049,-0.00723847188,0.00462111691
6.7135975,-0.0270230956,0.0119895516,0.0245199911
6.7235555,-0.00675670616,0.0402776487,0.044211138
6.7335135,0.0087519465,0.0653427839,0.0573825985
6.7434715,0.0126790432,0.0741685033,0.0638359711
6.7534295,0.0004663195,0.0587216355,0.0610159487
6.7633875,-0.017586451,0.0213447027,0.0479795113
6.7733455,-0.02005307,-0.0270238947,0.0307480581
6.7833035,0.00573112257,-0.0618694909,0.019422967
6.7932615,0.0542363413,-0.0603578836,0.0158609878
6.8032195,0.0914617404,-0.0495648906,0.0138526987
6.8131775,0.102823317,-0.0381524451,0.0148306116
6.8231355,0.0818216279,-0.0262382627,0.0211364441
6.8330935,0.0463440642,-0.0237229057,0.0294218045
6.8430515,0.0103306677,-0.0256249364,0.0344083086
6.8530095,-0.00997140724,-0.0303086378,0.0299230106
6.8629675,-0.0183771439,-0.0294713397,0.0164487474
6.8729255,-0.016528111,-0.0198711772,0.00124050048
6.8828835,-0.0110851415,-0.0157089215,-0.0141829308
6.8928415,8.84169494E-05,-0.0273866169,-0.0219806656
6.9027995,0.0203864984,-0.0272284243,-0.0178325269
6.9127575,0.0400840379,-0.0336016342,0.00150495232
6.9227155,0.0504615754,-0.0463901348,0.0163496789
6.9326735,0.0549351536,-0.0408401079,0.0313669778
6.9426315,0.0564219952,-0.013816746,0.0355111212
6.9525895,0.0540280826,0.0200994089,0.0310820192
6.9625475,0.0388691016,0.0487784594,0.0260896571
6.9725055,0.0196496006,0.0539196916,0.0185648967
6.9824635,-3.46210936E-06,0.0445027538,0.0120188463
6.9924215,-0.00485680671,0.0334293284,0.0136060901
7.0023795,0.008962336,0.0118614528,0.0225431267
7.0123375,0.0318759084,-0.00873330422,0.0318125226
7.0222955,0.0531297959,-0.0186192244,0.0373412482
7.0322535,0.0610503033,-0.0224704221,0.0366847776
7.0422115,0.0491534323,-0.0184783433,0.0276824944
7.0521695,0.0199545324,-0.00469568558,0.0165398289
7.0621275,-0.00502059143,0.00225303415,0.00941853505
7.0720855,-0.0166026782,-0.00118084566,0.00520647969
7.0820435,-0.00799081475,-0.00103250751,0.00301256776
7.0920015,0.00448449701,-0.00320538064,0.00377716124
7.1019595,0.00638333056,-0.00691143563,0.00186341384
7.1119175,-0.00832717214,-0.00767576275,-0.00302641629
7.1218755,-0.0293171424,-0.00721263932,-0.00595855666
7.1318335,-0.0422939286,-0.00858496595,-0.00310497941
7.1417915,-0.033204291,-0.0126769133,0.0068717543
7.1517495,-0.0108965896,-0.0153877446,0.0104960501
7.1617075,0.0153035885,-0.0273029935,0.00703873485
7.1716655,0.0284873005,-0.00994504243,-0.00288526877
7.1816235,0.0149722919,0.0158247687,-0.0104600973
7.1915815,-0.0133879771,0.0192714334,-0.0143941194
7.2015395,-0.035582494,0.0119970078,-0.0129727898
7.2114975,-0.031259384,-0.00422111014,-0.00394094596
7.2214555,-0.00987606682,-0.015476428,0.00275397487
7.2314135,0.00205809087,-0.0160237066,0.00318221119
7.2413715,-0.010061156,-0.00713727158,0.00354413479
7.2513295,-0.0351766311,-0.00550715066,0.00858523231
7.2612875,-0.0556621961,-0.00897485297,0.0164000113
7.2712455,-0.0629025325,-0.00100880547,0.0207414981
7.2812035,-0.0578332059,0.00236941432,0.0268886052
7.2911615,-0.0388805531,0.0137269972,0.0356115252
7.3011195,-0.016246615,0.0291054212,0.0406070799
7.3110775,-0.00151107763,0.0239788368,0.0416366607
7.3210355,0.00565522257,0.0244510137,0.0406257249
7.3309935,0.00851865299,0.0175654106,0.0456074327
7.3409515,0.00778149022,0.00139363215,0.0492399856
7.3509095,-0.00307861413,-0.00674951542,0.041420944
7.3608675,-0.0169454273,-0.00948910881,0.0280859638
7.3708255,-0.0322319716,-0.00586268259,0.0113386745
7.3807835,-0.0450620167,0.0104433196,-0.00433509378
7.3907415,-0.0586310886,0.0179683473,-0.0226826761
7.4006995,-0.0661603808,0.0147914626,-0.036540702
7.4106575,-0.0678184628,0.00695431232,-0.045040179
7.4206155,-0.0533979759,-0.00122718466,-0.045861233
7.4305735,-0.034070354,-0.0198631864,-0.0478839017
7.4405315,-0.010171677,-0.0270587821,-0.0442502871
7.4504895,0.00729306648,-0.0162311681,-0.0394331589
7.4604475,0.00564989634,0.000390952046,-0.0293807928
7.4704055,-0.00620836113,0.0182873942,-0.0191025883
7.4803635,-0.0203153919,0.0400113314,-0.00738334795
7.4903215,-0.0248576794,0.0591051318,0.00129456259
7.5002795,-0.0167230535,0.0677295104,0.00999724027
7.5102375,0.00227833423,0.0589480065,0.0198863558
7.5201955,0.0351662412,0.0431956723,0.0280385595
7.5301535,0.0628447458,0.0314103886,0.0338764749
7.5401115,0.0636748523,0.0128137991,0.0330804549
7.5500695,0.0463989228,-0.00375079596,0.0240185168
7.5600275,0.0223263446,-0.0174716674,0.0113232285
7.5699855,-0.00998419058,-0.0417216122,-0.00321523426
7.5799435,-0.0405508876,-0.0663537234,-0.0142300688
7.5899015,-0.0547985323,-0.073101908,-0.0135275265
7.5998595,-0.051021371,-0.0627070591,-0.00236994703
7.6098175,-0.0359462835,-0.0499297418,0.00792556722
7.6197755,-0.0137413787,-0.0310111791,0.0151459295
7.6297335,0.00630183797,-0.0239956137,0.0262225494
7.6396915,0.0170333125,-0.0340647586,0.036149215
7.6496495,0.0209755898,-0.0394046642,0.0392837562
7.6596075,0.0229119733,-0.0326519534,0.038978558
7.6695655,0.0294633508,-0.0200815666,0.0373412482
7.6795235,0.037179593,-0.0224230178,0.0345712937
7.6894815,0.037657097,-0.0293935742,0.0299158208
7.6994395,0.0366706625,-0.0380054377,0.0259088296
7.7093975,0.0308332797,-0.0539734848,0.0226102378
7.7193555,0.0340913907,-0.0430201702,0.0255514327
7.7293135,0.0498423912,-0.0176213384,0.0374392495
7.7392715,0.0655180216,-0.00259924517,0.0533902533
7.7492295,0.0707737729,-0.00207353709,0.0596859679
7.7591875,0.0608404465,-0.0166359674,0.0592729114
7.7691455,0.0459126309,-0.0357462801,0.0563327819
7.7791035,0.0276958104,-0.0528467037,0.0430215038
7.7890615,0.0130516198,-0.0577724874,0.0260627586
7.7990195,0.012810071,-0.053048037,0.00910135265
7.8089775,0.0156649798,-0.0264342707,0.00283653289
7.8189355,0.0169440955,0.00998498965,0.00264425273
7.8288935,0.00774979871,0.0446007587,0.00426292187
7.8388515,0.000813063059,0.0756241903,0.00853010453
7.8488095,-0.00759773236,0.085339129,0.0151872085
7.8587675,-0.0127770482,0.0668996722,0.00800812524
7.8687255,-0.0091277184,0.0326602086,-0.00122452143
7.8786835,0.00492631551,-0.00392629858,-0.0121442806
7.8886415,0.0207361709,-0.0279123243,-0.0192498602
7.8985995,0.0300135594,-0.0320660584,-0.0242909584
7.9085575,0.0230379403,-0.0327057503,-0.025477929
7.9185155,0.00634471513,-0.0382509828,-0.0187140331
7.9284735,-0.0125717185,-0.0247966927,-0.0117213707
7.9384315,-0.0246054772,-0.000708134554,-0.00677108718
7.9483895,-0.0331427716,0.0249263886,-0.00566853816
7.9583475,-0.0288430993,0.0518024787,-0.00447730627
7.9683055,-0.0166311748,0.0633709803,0.00215875846
7.9782635,-0.0121330954,0.0526261926,0.00160428823
7.9882215,-0.0189720932,0.0355055295,-0.00338727445
7.9981795,-0.0306287482,0.00307515217,-0.00736976555
8.0081375,-0.0386917368,-0.0355252363,-0.00917485636
8.0180955,-0.0302742831,-0.0589338914,-0.00458756136
8.0280535,-0.0140244728,-0.0688405856,0.00176168105
8.0380115,-0.00454921182,-0.0730822012,0.00994690694
8.0479695,-0.00105141604,-0.0626724362,0.0208701286
8.0579275,-0.00626242347,-0.0362602696,0.0268771537
8.0678855,-0.0182778072,-0.0105695538,0.0254134815
8.0778435,-0.0346623734,-0.00103676855,0.0204229839
8.0878015,-0.0450918451,-0.000967792759,0.0162516739
8.0977595,-0.0459368639,-0.0153573845,0.0159051977
8.1077175,-0.0341430567,-0.0334719382,0.0127104688
8.11767587,-0.0197750367,-0.0445962287,0.00517132599
8.12763388,-0.00952639338,-0.0362786464,-0.00243785768
8.13759187,-0.000425040518,-0.0165291764,-0.00320431544
8.14754988,0.00523737259,0.018222414,0.00232147751
8.15750788,0.0164442211,0.0506807528,0.0155158425
8.16746587,0.021993449,0.073870495,0.027304858
8.17742388,0.0187553111,0.0820466653,0.0322620645
8.18738188,0.00564936362,0.0672400221,0.0240059998
8.19733988,-0.00789201166,0.0378887914,0.00632340973
8.20729788,-0.0146713546,0.0256323926,-0.0192362797
8.21725587,-0.0117357522,0.0204352345,-0.0386408679
8.22721388,0.00060959754,0.00806192122,-0.0464314148
8.23717188,0.0195111167,-0.00320937531,-0.033261016
8.24712988,0.0326812491,-0.00328287855,-0.0100531671
8.25708788,0.0340506434,0.00481526135,0.0130449617
8.26704587,0.0147533799,0.0184325371,0.0307949297
8.27700388,-0.0156316906,0.0295584239,0.0348493271
8.28696188,-0.0461054444,0.0338511728,0.0344567783
8.29691987,-0.0589277633,0.0287408344,0.0391820222
8.30687788,-0.0436681174,0.0274372175,0.0521188602
8.31683587,-0.0188386682,0.032096684,0.0668059289
8.32679388,0.00615829369,0.025588451,0.079259403
8.33675188,0.0191872772,0.0107000489,0.0843614861
8.34670987,0.0177731384,-0.00763155427,0.0828631893
8.35666788,0.00776204932,-0.0146087697,0.0743639767
8.36662587,-0.00977566559,-0.0159147847,0.0555404909
8.37658388,-0.0330453031,-0.0117730359,0.0330583528
8.38654188,-0.0554190502,-0.00320910919,0.0113216303
8.39649987,-0.0650953799,0.00243226509,-0.00582593121
8.40645788,-0.0705873519,-0.000614124932,-0.0192727633
8.41641587,-0.0647046939,-0.00143571012,-0.0220842641
8.42637388,-0.0527529605,-0.00761584193,-0.0222648252
8.43633188,-0.0373465717,-0.0136324549,-0.0151701644
8.44628987,-0.0231862795,-0.0151611101,-0.0118276309
8.45624788,-0.00911546778,-0.0209316462,-0.0128606707
8.46620588,0.011857192,-0.0167952254,-0.0133978305
8.47616388,0.0332165435,-0.0110989902,-0.015473498
8.48612188,0.053464558,-0.00193798228,-0.0174093507
8.49607987,0.0632221103,0.00916979648,-0.0160692483
8.50603788,0.0585426725,0.0181856621,-0.0157872196
8.51599588,0.0405804478,0.0330327861,-0.015292936
8.52595388,0.0231306199,0.0605666749,-0.0108862035
8.53591188,0.0148865376,0.0721112117,-0.00345172314
8.54586987,0.0168005507,0.0650868565,-0.000233292914
8.55582788,0.0204418916,0.0470958725,-6.39158679E-06
8.56578588,0.0221207477,0.0206243191,-0.00451645488
8.57574387,0.0205460209,-0.00401045429,-0.00940655079
8.58570188,0.0194088519,-0.0165904276,-0.0153890764
8.59565987,0.0185941905,-0.0208118055,-0.0210834481
8.60561788,0.0176061578,-0.0150388703,-0.022665631
8.61557588,0.00982972793,-0.00960229337,-0.0206549447
8.62553387,-0.00235583237,-0.0024756745,-0.0191704985
8.63549188,-0.0107293436,-0.0073465961,-0.0146047752
8.64544987,-0.022297848,-0.0110995229,-0.0170074794
8.65540788,-0.03351615,-0.00998605508,-0.0247990899
8.66536588,-0.0524738617,-0.0111005884,-0.0285006166
8.67532387,-0.0715229213,0.00295877201,-0.0339947194
8.68528188,-0.0834445581,0.0265810098,-0.0368357785
8.69523987,-0.085875757,0.0356195122,-0.0311509948
8.70519788,-0.0726347864,0.087129578,-0.0250973627
8.71515588,-0.0705759004,0.124964841,0.00281655905
8.72511387,-0.0657521188,0.129754007,0.0402765833
8.73507188,-0.0533412509,0.132191062,0.0622175671
8.74502988,-0.0393316932,0.113684222,0.0548549928
8.75498788,-0.0334530324,0.0906319022,0.0369886458
8.76494588,-0.0399615318,0.0657073706,0.0146223521
8.77490387,-0.0524080805,0.0247186627,-0.0029771477
8.78486188,-0.0540736206,-0.0245199911,-0.0157997366
8.79481988,-0.0431346856,-0.0551468767,-0.0185353346
8.80477788,-0.0271874126,-0.0598785132,-0.0113179022
8.81473588,-0.0135842524,-0.0440034121,0.00592366932
8.82469387,-0.00659665,-0.0138321919,0.0223327354
8.83465188,0.00188738224,0.0138082234,0.0349393412
8.84460988,0.00396704488,0.030785609,0.0396605954
8.85456788,-0.00238326285,0.0145746814,0.0398728475
8.86452588,-0.00198059296,-0.0298708137,0.0310937371
8.87448387,0.0207233876,-0.076497972,0.0126867667
8.88444188,0.0515731797,-0.111258879,-0.0108252168
8.89439988,0.0645433068,-0.11255344,-0.0290170033
8.90435787,0.0489867181,-0.0783134475,-0.0327411667
8.91431588,0.0121416179,-0.0328807198,-0.0288705304
8.92427387,-0.0408419706,0.0102928514,-0.0243010782
8.93423188,-0.0951680616,0.0399388932,-0.0236882847
8.94418988,-0.142873004,0.0525233969,-0.031299334
8.95414787,-0.157851681,0.0731351972,-0.0424145684
8.96410588,-0.136228144,0.082673043,-0.0509169772
8.97406387,-0.0858656392,0.0603680015,-0.0499403961
8.98402188,-0.0258547664,0.029059615,-0.0427128412
8.99397988,0.0295674801,0.00946940202,-0.0272044558
9.00393787,0.0698150322,0.0101876566,-0.00865873601
9.01389588,0.0812477171,0.0226427279,0.00794154592
9.02385387,0.0585258938,0.0277197789,0.0161720458
9.03381188,0.0203068703,0.043386355,0.0174674075
9.04376988,-0.0198586602,0.0535111614,0.0155632468
9.05372787,-0.0459991843,0.0465230271,0.0153637761
9.06368588,-0.0535476469,0.0277962107,0.0106851347
9.07364388,-0.0509542599,0.0204695892,0.00983984768
9.08360188,-0.0412068255,0.0083508743,0.00623525912
9.09355988,-0.0345119052,-0.00982306991,-0.000970189576
9.10351787,-0.0284441579,-0.0230153035,-0.0114625115
9.11347588,-0.0266699605,-0.0369263254,-0.0108574415
9.123434,-0.0289320499,-0.0374355242,-0.00802836567
9.133393,-0.0349497274,-0.0341334678,-0.00581607735
9.143351,-0.0382270142,-0.0128468229,-0.000678040786
9.153309,-0.0346109755,0.0107309408,0.00222427212
9.163267,-0.0319475457,0.0205353685,0.00622380758
9.173225,-0.032929454,0.0309131742,0.00497185532
9.183183,-0.0347997919,0.0464623086,0.00715298438
9.193141,-0.0299025048,0.051984638,0.0129501531
9.203099,-0.0154242301,0.0492389202,0.029091306
9.213057,0.0104851313,0.0483395681,0.0502935313
9.223015,0.0344700925,0.0535306036,0.0733248144
9.232973,0.0315563269,0.0497880615,0.0821531937
9.242931,0.0141262049,0.0459112972,0.0809561014
9.252889,-0.00131799839,0.0359263085,0.0712073371
9.262847,-0.00844275299,0.0127253821,0.0597805083
9.272805,-0.00845340546,-0.0183545053,0.0440417603
9.282763,-0.0131373731,-0.0471254326,0.0298646875
9.292721,-0.0242129285,-0.063132897,0.0155901453
9.302679,-0.0361313708,-0.0543788187,0.0077649788
9.312637,-0.0425855443,-0.0397490114,0.00226475229
9.322595,-0.0420678258,-0.0282196533,-0.00321629969
9.332553,-0.0389367454,-0.00957033597,-0.00346131041
9.342511,-0.0379295386,0.00637400988,-0.00219551008
9.352469,-0.0419778116,0.0107336044,-0.000267381372
9.362427,-0.0436065979,0.015948873,-0.0051111388
9.372385,-0.0535295382,0.0130034164,-0.011574897
9.382343,-0.0616591014,0.00872904342,-0.0193768945
9.392301,-0.0622119755,0.0149472579,-0.0264880657
9.402259,-0.0648237392,0.0370560214,-0.0264579728
9.412217,-0.0655877963,0.062230885,-0.0186543781
9.422175,-0.0735874027,0.0903120562,-0.00764753344
9.432133,-0.0864126533,0.105219364,0.00868243817
9.442091,-0.103213735,0.0977779552,0.0269171018
9.452049,-0.117959663,0.0649302602,0.0388275571
9.462007,-0.128852785,0.0152071826,0.0374515019
9.471965,-0.13587448,-0.0280012749,0.0195952728
9.481923,-0.152076885,-0.0817678347,-0.00511167152
9.491881,-0.172983497,-0.164456859,-0.0258734096
9.501839,-0.175753981,-0.229080319,-0.0244462211
9.511797,-0.147739932,-0.249510229,-0.000280164531
9.521755,-0.12294057,-0.229947448,0.0252803229
9.531713,-0.115512215,-0.213810295,0.0366283171
9.541671,-0.11623393,-0.184852406,0.0448532254
9.551629,-0.115604892,-0.157851413,0.0532115549
9.561587,-0.116915964,-0.144528955,0.0556603335
9.571545,-0.133954599,-0.163047776,0.0533396527
9.581503,-0.170017272,-0.198981002,0.0501092412
9.591461,-0.202559233,-0.235167772,0.0631115884
9.601419,-0.218599722,-0.268996567,0.0811606348
9.611377,-0.211441413,-0.293369025,0.0888198838
9.621335,-0.187090799,-0.290019035,0.0918138102
9.631293,-0.161008865,-0.260218799,0.10038013
9.641251,-0.126788571,-0.243671253,0.126574725
9.651209,-0.0751773119,-0.210018486,0.167958915
9.661167,-0.00527252629,-0.15279673,0.21973981
9.671125,0.052109275,-0.116234995,0.264793307
9.681083,0.0624551214,-0.0876355767,0.289471507
9.691041,0.0233314224,-0.0546794906,0.289140731
9.700999,-0.0561511517,-0.0214051567,0.274525553
9.710957,-0.156032205,-0.00220909202,0.242736742
9.720915,-0.248049751,-0.00888190884,0.203686818
9.730873,-0.321025431,-0.0358999446,0.151070476
9.740831,-0.359042048,-0.0777938664,0.100377202
9.750789,-0.352121025,-0.107774399,0.0606686734
9.760747,-0.317957997,-0.111915879,0.035728436
9.770705,-0.278439075,-0.112701245,0.0153254271
9.780663,-0.244701624,-0.0947528705,-0.00634258427
9.790621,-0.229496047,-0.075468123,-0.0241924208
9.800579,-0.228862211,-0.0442936942,-0.0370126143
9.810537,-0.225638449,0.0110284165,-0.0373750702
9.820495,-0.21394904,0.0599882342,-0.0253034923
9.830453,-0.197975397,0.0948522091,-0.00872797798
9.840411,-0.183493927,0.12647672,0.0137709398
9.850369,-0.172312647,0.16890806,0.046076946
9.860327,-0.170322463,0.197992712,0.0782071874
9.870285,-0.168890223,0.219386145,0.104051568
9.880243,-0.166359946,0.235635966,0.133403063
9.890201,-0.14936845,0.239927903,0.172011182
9.900159,-0.120916568,0.220804542,0.209233642
9.910117,-0.0882600844,0.172880694,0.222781941
9.920075,-0.0607365854,0.117680296,0.22251296
9.930033,-0.0295102224,0.0646485016,0.210173473
9.939991,-0.00700837467,0.0328426361,0.196775913
9.949949,0.00875381008,0.0207260512,0.164882958
9.959907,0.0202717166,0.0155637795,0.131724209
9.969865,0.0253085531,0.00824940763,0.0974107087
9.979823,0.0227588415,0.0079282308,0.0638540834
9.989781,0.0230882745,0.0102864597,0.0369383097
9.999739,0.0254688747,0.00463443296,0.0122731775
10.009697,0.0435152538,-0.0161219779,-0.00628346205
10.019655,0.0757783875,-0.0443229899,-0.0213100817
10.029613,0.147103161,-0.074427098,-0.0323177241
10.039571,0.253071934,-0.09549696,-0.0510005988
10.049529,0.353936493,-0.153008983,-0.0944876224
10.059487,0.41791442,-0.282789886,-0.158486307
10.069445,0.385670722,-0.467075855,-0.255793959
10.079403,0.231766656,-0.6720801,-0.359432459
10.089361,0.0184857994,-0.777942359,-0.412011802
10.099319,-0.168375164,-0.767216206,-0.38772881
10.109277,-0.255801141,-0.6925686,-0.326405287
10.1192345,-0.2303866,-0.551533222,-0.271299154
10.1291925,-0.156243667,-0.383683205,-0.242155373
10.1391505,-0.0957630128,-0.190072998,-0.235851139
10.1491085,-0.0844943747,0.00572073646,-0.22311537
10.1590665,-0.116575614,0.179768696,-0.221441314
10.1690245,-0.171677485,0.314732373,-0.235325173
10.1789825,-0.244149819,0.371944278,-0.268447429
10.1889405,-0.276716292,0.417100549,-0.296840996
10.1988985,-0.248832181,0.48555392,-0.289550841
10.2088565,-0.160584092,0.523636341,-0.254679948
10.2188145,-0.024771126,0.555646956,-0.206640795
10.2287725,0.130276784,0.596811473,-0.157064989
10.2387305,0.262712061,0.62631315,-0.10836935
10.2486885,0.340267569,0.614315629,-0.0663412064
10.2586465,0.360288948,0.551573157,-0.0395673811
10.2686045,0.347123325,0.461974829,-0.0174042899
10.2785625,0.337793738,0.372681707,0.00715404935
10.2885205,0.337280571,0.279715002,0.0309509914
10.2984785,0.331281006,0.198493391,0.0456553698
10.3084365,0.306225181,0.139491856,0.0419059061
10.3183945,0.258437425,0.115971878,0.019108979
10.3283525,0.192817122,0.1203866,-0.029350698
10.3383105,0.128960639,0.138946161,-0.10766761
10.3482685,0.084973745,0.187111303,-0.200878784
10.3582265,0.0738422647,0.238631487,-0.287709802
10.3681845,0.0918593481,0.252064466,-0.349488765
10.3781425,0.129721239,0.244537845,-0.379858106
10.3881005,0.168719247,0.226900518,-0.379079133
10.3980585,0.198795915,0.192257851,-0.372660935
10.4080165,0.194484532,0.133158058,-0.371718168
10.4179745,0.157142743,0.0790886953,-0.376055121
10.4279325,0.0946476758,0.045963496,-0.37960273
10.4378905,0.010419351,0.0197401494,-0.388027102
10.4478485,-0.0777925327,0.00166234514,-0.398649901
10.4578065,-0.155730739,-0.012392221,-0.406057507
10.4677645,-0.208209395,-0.00421897974,-0.394529462
10.4777225,-0.245890453,0.0234715044,-0.377153128
10.4876805,-0.281197041,0.0267964602,-0.37548095
10.4976385,-0.309997797,-0.00144369958,-0.39578861
10.5075965,-0.308300048,-0.0478098653,-0.433416694
10.5175545,-0.271862417,-0.0730521083,-0.482843608
10.5275125,-0.206674621,-0.061232999,-0.538332999
10.5374705,-0.132501319,-0.0574350618,-0.588253677
10.5474285,-0.0632114559,-0.0607003644,-0.626825571
10.5573865,-0.0065910574,-0.0578814074,-0.645017862
10.5673455,0.0194839519,-0.0521084741,-0.638091505
10.5773025,0.00751224486,-0.0600098073,-0.607932806
10.5872615,-0.0377963819,-0.0835998207,-0.553476512
10.5972195,-0.101691738,-0.10621006,-0.473690331
10.6071775,-0.158078581,-0.109239139,-0.382420599
10.6171355,-0.171457767,-0.0919120833,-0.286764652
10.6270935,-0.142708153,-0.0463656336,-0.199508846
10.6370515,-0.0921746641,0.00339073665,-0.136091799
10.6470095,-0.0412467718,0.0564273223,-0.0979422778
10.6569675,0.00264345366,0.0838602781,-0.0697034448
10.6669255,0.0384097062,0.0755946264,-0.0487896428
10.6768835,0.0683122128,0.0526621453,-0.0291016921
10.6868415,0.0918798596,0.0189851429,-0.000858070503
10.6967995,0.105159707,-0.0214568228,0.0285608042
10.7067575,0.104396179,-0.0581695624,0.0687010363
10.7167155,0.111847706,-0.0737301484,0.111169666
10.7266735,0.129891157,-0.0706158429,0.156541675
10.7366315,0.157629311,-0.0535194166,0.195511714
10.7465895,0.178244844,-0.0342562422,0.219983235
10.7565475,0.17331852,-0.030829018,0.236217067
10.7665055,0.138765872,-0.0527984984,0.234438866
10.7764635,0.0854741558,-0.0750132576,0.21990414
10.7864215,0.0236041285,-0.108507037,0.194396913
10.7963795,-0.0315885507,-0.1566751,0.157636493
10.8063375,-0.0843465701,-0.198170871,0.119304024
10.8162955,-0.131233916,-0.196255535,0.0996387079
10.8262535,-0.174942791,-0.188494816,0.100402504
10.8362115,-0.216751218,-0.193172127,0.0921498984
10.8461695,-0.263197005,-0.139764026,0.0695455223
10.8561275,-0.296481729,-0.0738060474,0.0332048237
10.8660855,-0.285086602,0.00887525082,-0.02729607
10.8760435,-0.219640478,0.126953959,-0.104979947
10.8860015,-0.126839966,0.254058361,-0.186739251
10.8959595,-0.0226230212,0.351717561,-0.248806357
10.9059175,0.0778764188,0.454458863,-0.273754328
10.9158755,0.143183783,0.521278083,-0.257514358
10.9258335,0.156730756,0.513664365,-0.209416598
10.9357915,0.135606825,0.443279177,-0.143445581
10.9457495,0.10629075,0.351520211,-0.0659704953
10.9557075,0.0850291401,0.265436202,0.0153933372
10.9656655,0.0868155882,0.20140475,0.0866102576
10.9756235,0.1094229,0.169821799,0.145375833
10.9855815,0.144527614,0.187382683,0.195192665
10.9955395,0.18509236,0.227135688,0.250639945
11.0054975,0.220480174,0.220866606,0.30300355
11.0154555,0.239180088,0.174992844,0.342982918
11.0254135,0.246883824,0.119100295,0.377336115
11.0353715,0.242780417,0.0638346374,0.410881817
11.0453295,0.235531822,0.0161789693,0.4381603
11.0552875,0.216737628,-0.0349172391,0.457320422
11.0652455,0.186614618,-0.0899328217,0.464680314
11.0752035,0.146944433,-0.148354053,0.46196869
11.0851615,0.119348764,-0.191169694,0.440531045
11.0951195,0.119410016,-0.180434495,0.40856725
11.1050775,0.131156161,-0.129756927,0.39228949
11.1150355,0.145984635,-0.0820727646,0.376998156
11.1249939,0.163914636,-0.0470772311,0.365363061
11.1349519,0.184995413,-0.0114199007,0.360091865
11.1449099,0.208705544,0.0333598219,0.368432879
11.1548679,0.235431165,0.0777746886,0.382634193
11.1648259,0.26704368,0.130316466,0.405854821
11.1747839,0.295338959,0.181351677,0.431304514
11.1847419,0.31300053,0.196969524,0.452454567
11.1946999,0.315694571,0.182470202,0.457815766
11.2046579,0.290755928,0.13649632,0.446266443
11.2146159,0.226765499,0.0625861511,0.418477684
11.2245739,0.14882037,-0.0160780363,0.376927048
11.2345319,0.0677729249,-0.0765672103,0.323865145
11.2444899,-0.0150511209,-0.0866581947,0.261976212
11.2544479,-0.0852392614,-0.0645462349,0.222906321
11.2644059,-0.115749769,-0.0282564051,0.209702626
11.2743639,-0.10284888,0.0264459886,0.224418193
11.2843219,-0.0660067126,0.0659151003,0.251018643
11.2942799,-0.0382065065,0.0757645369,0.285071433
11.3042379,-0.0346184298,0.0504045859,0.322014511
11.3141959,-0.0581048466,0.010551977,0.349514604
11.3241539,-0.0999316573,-0.051393684,0.344178408
11.3341119,-0.148756981,-0.122907013,0.29956913
11.3440699,-0.183936283,-0.172967523,0.235498801
11.3540279,-0.192168638,-0.171146974,0.173907608
11.3639859,-0.179464832,-0.147081062,0.136296853
11.3739439,-0.161631778,-0.11465361,0.121590883
11.3839019,-0.16223897,-0.100575343,0.126125172
11.3938599,-0.179199845,-0.0895788819,0.151996717
11.4038179,-0.204567254,-0.0619539134,0.191469297
11.4137759,-0.222845599,-0.0412947088,0.22759214
11.4237339,-0.221525729,-0.00662621111,0.252431989
11.4336919,-0.189654082,0.0522906333,0.268307626
11.4436499,-0.143590719,0.129050657,0.290324241
11.4536079,-0.102702945,0.211937547,0.312815428
11.4635659,-0.0906505436,0.2834405,0.332903653
11.4735239,-0.122331768,0.301679701,0.351634204
11.4834819,-0.203272954,0.261028409,0.35908547
11.4934399,-0.312594116,0.214856371,0.371730417
11.5033979,-0.414654166,0.202884138,0.384489894
11.5133559,-0.496890992,0.220737696,0.37907967
11.5233139,-0.536617637,0.279941648,0.353393763
11.5332719,-0.527718961,0.324184209,0.327056944
11.5432299,-0.470845819,0.31616357,0.300987005
11.5531879,-0.365980119,0.292607099,0.279999971
11.5631459,-0.236994967,0.246049717,0.263738692
11.5731039,-0.116201177,0.181808144,0.246880621
11.5830619,-0.0365675986,0.0855828151,0.23079513
11.5930199,-0.000993625377,-0.0436068662,0.203827962
11.6029779,0.00826671813,-0.185316592,0.15732491
11.6129359,0.0179803316,-0.329214633,0.101525292
11.6228939,0.042331744,-0.459756404,0.0389362127
11.6328519,0.0688128844,-0.541264296,-0.0199492071
11.6428099,0.0830211192,-0.579093456,-0.0717373043
11.6527679,0.0899043232,-0.577476144,-0.109155253
11.6627259,0.114333235,-0.541037977,-0.131783336
11.6726839,0.16575861,-0.500033796,-0.149272308
11.6826419,0.237200037,-0.446820915,-0.158039972
11.6925999,0.288446456,-0.383650452,-0.156514779
11.7025579,0.293158919,-0.314218372,-0.137820184
11.7125159,0.246475831,-0.239389688,-0.123635918
11.7224739,0.162508219,-0.160841346,-0.121450529
11.7324319,0.0667974055,-0.0847420543,-0.134303212
11.7423899,-0.0261114947,-0.0358149894,-0.159106836
11.7523479,-0.0887170881,-0.0474753752,-0.182906702
11.7623059,-0.105488077,-0.112794459,-0.20347403
11.7722639,-0.0592638552,-0.181145281,-0.200412199
11.7822219,0.0447767936,-0.219595745,-0.166935191
11.7921799,0.188683629,-0.240891173,-0.107678257
11.8021379,0.330113471,-0.252495646,-0.0379100963
11.8120959,0.443628311,-0.268503636,0.0251367781
11.8220539,0.49056679,-0.255112201,0.0436460152
11.8320119,0.456197619,-0.217741653,0.0219140872
11.8419699,0.325529367,-0.158555821,-0.0269346777
11.8519289,0.157517195,-0.0981835574,-0.0951717868
11.8618869,0.0151696317,0.0116060562,-0.157366186
11.8718449,-0.0386472605,0.181438237,-0.206274346
11.8818029,-0.026260633,0.390713423,-0.247252405
11.8917609,-0.0157664455,0.564105988,-0.286629915
11.9017189,-0.0617102347,0.629906058,-0.338632375
11.9116769,-0.190710023,0.575141311,-0.407647133
11.9216349,-0.375559509,0.444796354,-0.462633431
11.9315929,-0.55339849,0.292147964,-0.468752831
11.9415509,-0.630672514,0.119531989,-0.400621712
11.9515089,-0.562935531,-0.0409538262,-0.28150332
11.9614669,-0.359963238,-0.16739139,-0.137088344
11.9714249,-0.0780591145,-0.238571823,0.00703979982
11.9813829,0.213337049,-0.250162691,0.131921008
11.9913409,0.4347938,-0.220215723,0.229686722
12.0012989,0.543442786,-0.166130111,0.289672017
12.0112569,0.543297648,-0.116479471,0.314719588
12.0212149,0.46823433,-0.0762609467,0.294764787
12.0311729,0.361339033,-0.046468433,0.243683234
12.0411309,0.246151447,-0.0343113691,0.174920946
12.0510889,0.139913961,-0.0445871763,0.0931485891
12.0610469,0.0462607071,-0.0793139935,-0.00589703768
12.0710049,-0.0267546494,-0.11304719,-0.112839736
12.0809629,-0.0640077442,-0.143396303,-0.218851119
12.0909209,-0.077291593,-0.149421439,-0.324277937
12.1008789,-0.0768210143,-0.124037795,-0.42346257
12.1108369,-0.0742840841,-0.0782138482,-0.507834971
12.1207952,-0.0701386109,-0.0214176737,-0.561273694
12.1307533,-0.0675390959,0.0380688235,-0.577597022
12.1407113,-0.079811208,0.0837862417,-0.568462133
12.1506692,-0.114773989,0.121354923,-0.536886334
12.1606273,-0.164097056,0.147160426,-0.489941478
12.1705852,-0.208799019,0.153868929,-0.430423558
12.1805433,-0.229050756,0.160489276,-0.358761072
12.1905013,-0.2112398,0.175586998,-0.279188752
12.2004592,-0.155970961,0.205038637,-0.192093536
12.2104173,-0.0779587105,0.232887313,-0.114894897
12.2203752,0.00739586446,0.267681777,-0.0433639847
12.2303333,0.084990792,0.304910898,0.021344969
12.2402913,0.14233771,0.324746132,0.0771957189
12.2502492,0.182594314,0.331616819,0.118364461
12.2602073,0.191360101,0.313598394,0.132869631
12.2701652,0.160698339,0.245463297,0.118376441
12.2801233,0.105105914,0.146286905,0.0807574317
12.2900813,0.0382014476,0.0275570583,0.0318165198
12.3000392,-0.0314609855,-0.109516107,-0.0241716485
12.3099973,-0.0786932111,-0.211696535,-0.0836544186
12.3199553,-0.0916867778,-0.251360595,-0.131739393
12.3299133,-0.0877221301,-0.238274083,-0.177557737
12.3398713,-0.0821771622,-0.195207581,-0.208909005
12.3498292,-0.074238807,-0.138786376,-0.219279617
12.3597873,-0.0555303693,-0.0698800161,-0.222366765
12.3697453,-0.0319155902,-0.011162906,-0.209000885
12.3797033,-0.0176157448,0.0472436771,-0.18918404
12.3896613,-0.0389348827,0.0953539461,-0.169110462
12.3996192,-0.0892188251,0.135238513,-0.150330916
12.4095773,-0.136591136,0.16328001,-0.12438906
12.4195353,-0.16303286,0.170896113,-0.0958631486
12.4294932,-0.16362302,0.143939868,-0.0720550194
12.4394513,-0.144553721,0.0862861499,-0.0481688604
12.4494092,-0.113861054,0.0267043151,-0.0205095354
12.4593673,-0.080808565,-0.0233351495,0.0108310757
12.4693253,-0.040685378,-0.0696690902,0.029204756
12.4792832,0.0109157646,-0.0731732771,0.0389647111
12.4892413,0.0680978298,-0.0145126302,0.0411817916
12.4991992,0.0928982496,0.030889472,0.0376818664
12.5091573,0.0989849046,0.0550794974,0.039072834
12.5191153,0.086082153,0.0653417185,0.0489864498
12.5290732,0.0580473244,0.0624497943,0.0700400695
12.5390313,0.0212376434,0.0358573347,0.0965369269
12.5489892,-0.00649571605,-0.0160335619,0.123126455
12.5589473,-0.0130545497,-0.06043192,0.141261786
12.5689053,-0.0128534809,-0.0863298252,0.152547732
12.5788632,-0.0339110941,-0.108793594,0.16815652
12.5888213,-0.0623954684,-0.132606775,0.18829082
12.5987793,-0.077246055,-0.168333083,0.214345858
12.6087373,-0.0531074256,-0.21300815,0.233627409
12.6186953,0.028173048,-0.255362272,0.248363212
12.6286532,0.140595198,-0.29147473,0.260974348
12.6386113,0.25488928,-0.311773866,0.274004638
12.6485693,0.349834174,-0.314998418,0.290697604
12.6585273,0.404890239,-0.292869687,0.295018584
12.6684853,0.429114074,-0.217544302,0.290518105
12.6784432,0.435370386,-0.120889671,0.280325651
12.6884013,0.429038972,-0.00877564866,0.268174201
12.6983593,0.420620739,0.116073079,0.265973628
12.7083172,0.403252929,0.216571718,0.273574829
12.7182753,0.369366586,0.264226049,0.274817437
12.7282332,0.331254631,0.308212966,0.267182976
12.7381913,0.294060379,0.365989983,0.251812279
12.7481493,0.244884849,0.400669128,0.236877263
12.7581072,0.18927379,0.39802593,0.206900179
12.7680653,0.120010026,0.361758739,0.166914955
12.7780232,0.0431751683,0.277578622,0.126226112
12.7879813,-0.0293424428,0.191922307,0.0809987113
12.7979393,-0.108362958,0.108906507,0.0302234162
12.8078972,-0.169908077,0.0409887135,-0.0147571079
12.8178553,-0.178450704,0.0287373718,-0.0391117148
12.8278132,-0.126302809,0.0553553998,-0.034227211
12.8377713,-0.0138444426,0.101322889,-0.00453136861
12.8477293,0.139974415,0.151836663,0.0464716293
12.8576872,0.280961633,0.186466813,0.105713643
12.8676462,0.377337694,0.179973498,0.163332999
12.8776043,0.416719735,0.164540485,0.218393326
12.8875622,0.387890488,0.144603252,0.266780555
12.8975203,0.311776519,0.115639247,0.315728396
12.9074783,0.201807156,0.0633898899,0.355544776
12.9174362,0.0909410939,0.0188301466,0.385184973
12.9273943,0.000423442601,-0.0240842979,0.391686559
12.9373523,-0.056023322,-0.074018836,0.378041565
12.9473103,-0.0825207084,-0.12814945,0.340688616
12.9572683,-0.0886915177,-0.175565958,0.288011283
12.9672262,-0.0973643661,-0.222806707,0.222884208
12.9771843,-0.123791985,-0.26619786,0.16534102
12.9871423,-0.17158933,-0.300243437,0.130261064
12.9971003,-0.23408626,-0.318400353,0.126330778
13.0070583,-0.296083599,-0.317282081,0.132787868
13.0170162,-0.336584151,-0.323853701,0.150252625
13.0269743,-0.343863904,-0.341166377,0.173741162
13.0369323,-0.324327469,-0.353159666,0.193713814
13.0468903,-0.283727586,-0.347004831,0.212557271
13.0568483,-0.217142433,-0.321398795,0.224668264
13.0668062,-0.143166214,-0.253992319,0.237845853
13.0767643,-0.0792133287,-0.19396548,0.248420998
13.0867223,-0.0256539639,-0.104537062,0.259600133
13.0966802,0.0130966268,-0.0162492767,0.264509946
13.1066383,0.0212059524,0.0390411429,0.245426804
13.1165962,-0.0105775427,0.0635286421,0.2006841
13.1265538,-0.0876424983,0.0527100824,0.138814867
13.1365117,-0.192948148,0.0343007147,0.0633329004
13.1464698,-0.309803933,0.0302151609,-0.0178232063
13.1564278,-0.41302833,0.0285336412,-0.0891170949
13.1663857,-0.465694457,-0.0134604154,-0.134091496
13.1763438,-0.432705879,-0.0716443583,-0.136994064
13.1863017,-0.318324447,-0.152386606,-0.110118516
13.1962598,-0.133389741,-0.212213188,-0.0727439746
13.2062178,0.0806189477,-0.225322336,-0.0272518601
13.2161757,0.252747029,-0.210195839,0.0148178283
13.2261338,0.336312234,-0.203868181,0.0347302817
13.2360918,0.333139598,-0.206585929,0.0316391513
13.2460498,0.26658988,-0.190870613,0.00625043921
13.2560078,0.156974435,-0.17367059,-0.0254225358
13.2659657,0.0509694405,-0.146968678,-0.0495350622
13.2759238,-0.00769706815,-0.113049321,-0.069910638
13.2858818,-0.0116750319,-0.0768282041,-0.082483694
13.2958398,0.0154809551,-0.0488759317,-0.0896883383
13.3057978,0.045024734,-0.0354903489,-0.0938191712
13.3157557,0.0642093495,-0.0293163434,-0.087623857
13.3257138,0.0701697692,-0.0345417336,-0.0814429298
13.3356718,0.0637938902,-0.0659774169,-0.0767967775
13.3456297,0.0531250015,-0.126083627,-0.0823585242
13.3555878,0.0514424182,-0.179575622,-0.0919704065
13.3655457,0.0502266847,-0.21956937,-0.104178868
13.3755038,0.0431336202,-0.262541622,-0.115712747
13.3854618,0.0294851884,-0.285145998,-0.129533231
13.3954197,0.0211990289,-0.266569108,-0.13587901
13.4053778,0.0166564751,-0.242669627,-0.133602798
13.4153357,0.0194940735,-0.207928702,-0.119615883
13.4252938,0.0274239015,-0.17340374,-0.103013732
13.4352518,0.0325116031,-0.149982572,-0.0861729681
13.4452097,0.0373617522,-0.130915403,-0.0792551413
13.4551678,0.0493281335,-0.107423395,-0.0751584023
13.4651257,0.0590625219,-0.104462229,-0.0725935102
13.4750838,0.0729125589,-0.141601607,-0.0689622909
13.4850418,0.109376825,-0.160271436,-0.0626263618
13.4949997,0.162570536,-0.155439124,-0.0519534796
13.5049578,0.203251392,-0.151476339,-0.0449016951
13.5149158,0.206871957,-0.142880723,-0.0624439381
13.5248738,0.169263586,-0.0935728252,-0.102292284
13.5348318,0.0762777254,0.0664309561,-0.170544043
13.5447897,-0.0744697079,0.265827417,-0.2421868
13.5547478,-0.262358397,0.436571181,-0.292828947
13.5647058,-0.461597174,0.538089573,-0.355096847
13.5746638,-0.620494664,0.622371137,-0.411810994
13.5846218,-0.690127552,0.714556992,-0.453081995
13.5945797,-0.667367637,0.768399179,-0.478173763
13.6045378,-0.578393817,0.762625217,-0.491960138
13.6144958,-0.456540912,0.73166275,-0.484182924
13.6244538,-0.340448111,0.654766619,-0.457311898
13.6344118,-0.238490865,0.523231804,-0.4196468
13.6443697,-0.114918061,0.371059835,-0.354433984
13.6543278,0.0643531531,0.218525141,-0.254594743
13.6642858,0.269215226,0.0633709803,-0.138120055
13.6742437,0.461388141,-0.0801358446,-0.0304977223
13.6842018,0.606754899,-0.183603913,0.0606228672
13.6941597,0.693569958,-0.236915082,0.131245911
13.7041178,0.717121124,-0.277861983,0.171150982
13.7140758,0.703396499,-0.315520138,0.162847236
13.7240337,0.671440184,-0.341988236,0.110732906
13.7339918,0.626526237,-0.328315556,0.039937295
13.7439497,0.562896907,-0.279099822,-0.0325877704
13.7539078,0.487386972,-0.215910986,-0.111346498
13.7638658,0.391280681,-0.140467629,-0.193972141
13.7738237,0.276159942,-0.0734912604,-0.286112726
13.7837818,0.141030893,-0.0044080643,-0.378623486
13.7937397,0.0171326473,0.0870297104,-0.459161192
13.8036978,-0.0765855908,0.205592573,-0.525995612
13.8136558,-0.139568552,0.319316477,-0.571000397
13.8236137,-0.180229694,0.391112626,-0.59126544
13.8335718,-0.193443239,0.422317415,-0.566122532
13.8435298,-0.189060733,0.423161119,-0.511675
13.8534878,-0.18205981,0.380268782,-0.444659472
13.8634458,-0.168775171,0.297587484,-0.375591725
13.8734037,-0.149411321,0.205310017,-0.311404228
13.8833618,-0.139906511,0.116908513,-0.259676307
13.8933198,-0.145120442,0.026018817,-0.223067433
13.9032778,-0.162406489,-0.02744787,-0.198662758
13.9132358,-0.191781685,-0.0575351976,-0.18469049
13.9231937,-0.226650983,-0.082179822,-0.175237864
13.9331527,-0.23567085,-0.0791174546,-0.155215949
13.9431098,-0.219178692,-0.0555924214,-0.125131816
13.9530688,-0.19631812,-0.042804189,-0.0909637287
13.9630258,-0.171993867,-0.0365878381,-0.0591970123
13.9729837,-0.146258935,-0.0263463855,-0.0296082254
13.9829427,-0.133489624,-0.0283799767,-0.0100595579
13.9929008,-0.145867452,-0.0539183579,-0.00208205939
14.0028588,-0.178107947,-0.0938916057,-0.00669332268
14.0128167,-0.213183641,-0.130273581,-0.0134010268
14.0227748,-0.237901241,-0.1711808,-0.0170804504
14.0327327,-0.252855957,-0.209965214,-0.0215433743
14.0426908,-0.254150242,-0.250127822,-0.0130516198
14.0526488,-0.235042334,-0.286098868,0.0074789552
14.0626067,-0.213519201,-0.298061788,0.0365279168
14.0725648,-0.195563912,-0.299826652,0.062283881
14.0825227,-0.157611728,-0.255256534,0.0800346509
14.0924808,-0.0697865412,-0.130486369,0.0911285803
14.1024388,0.0203998145,0.0335305296,0.0962309316
14.1123967,0.0855966583,0.158936128,0.104329333
14.122355,0.132860318,0.220002934,0.12897636
14.132313,0.165001467,0.239371046,0.158699095
14.142271,0.171899855,0.240575597,0.18395333
14.152229,0.147607297,0.212809205,0.205698833
14.162187,0.108431399,0.168066502,0.231923774
14.172145,0.0753733143,0.114070915,0.252995789
14.182103,0.0556068048,0.0493896529,0.252637327
14.192061,0.047430899,0.00699665677,0.230064631
14.202019,0.0511705093,-0.00180136214,0.206051171
14.211977,0.0719982907,-6.92421891E-05,0.191649333
14.221935,0.123880662,0.025759425,0.182117611
14.231893,0.193329245,0.0816818103,0.180136487
14.241851,0.249829814,0.134973794,0.18973425
14.251809,0.278979957,0.157311857,0.200552002
14.261767,0.273283482,0.152310714,0.218594924
14.271725,0.247885972,0.135701641,0.243464053
14.281683,0.215171158,0.115242966,0.278087288
14.291641,0.205846369,0.10682179,0.317865849
14.301599,0.224560931,0.129523367,0.365018457
14.311557,0.265991986,0.184018567,0.419840693
14.321515,0.306913614,0.244289637,0.467881173
14.331473,0.322938651,0.26199618,0.49695757
14.341431,0.297545671,0.242446467,0.520074368
14.351389,0.241666421,0.213407084,0.551578999
14.361347,0.189851165,0.162781462,0.57138598
14.371305,0.139955506,0.115146831,0.551324964
14.381263,0.0685497671,0.0979257673,0.503213048
14.391221,-0.0287216604,0.0938561857,0.440724939
14.401179,-0.131784126,0.101128213,0.369957
14.411137,-0.211495742,0.123193838,0.288995594
14.421095,-0.24728249,0.125903338,0.211325824
14.431053,-0.254019767,0.105422296,0.142538503
14.441011,-0.231603131,0.0755011514,0.100465089
14.450969,-0.19011268,0.0546547249,0.0868012086
14.460927,-0.119221196,0.0458100997,0.104255296
14.470885,-0.0100446446,0.0482109375,0.147830471
14.480843,0.114502609,0.0618396662,0.19815436
14.490801,0.21262145,0.0761988983,0.23438774
14.500759,0.25238058,0.0671476126,0.254307657
14.510717,0.223136142,0.020793695,0.258108765
14.520675,0.129551604,-0.0392438099,0.244521335
14.530633,0.00689678825,-0.0798564851,0.228088021
14.540591,-0.094853811,-0.0935967937,0.203904122
14.550549,-0.140389606,-0.0835540146,0.176810727
14.560507,-0.125063911,-0.0454937145,0.152549326
14.570465,-0.0470444746,0.024467526,0.144363031
14.580423,0.0521175303,0.125333413,0.154612482
14.590381,0.132891208,0.19451648,0.176042676
14.600339,0.155453235,0.186130717,0.189147025
14.610297,0.131990522,0.148558587,0.195792407
14.620255,0.0662453324,0.0835731924,0.200498745
14.630213,-0.0377444476,-0.0111780856,0.20633772
14.640171,-0.153063059,-0.0972016528,0.213262737
14.650129,-0.243214786,-0.159239188,0.210527942
14.660087,-0.305941284,-0.19936797,0.184985027
14.670045,-0.337541014,-0.229420409,0.146422997
14.680003,-0.349910617,-0.282169908,0.0964391902
14.689961,-0.326476902,-0.299177378,0.0494722128
14.699919,-0.277174085,-0.248631388,0.0254401118
14.709877,-0.22149244,-0.186783731,0.0158250351
14.719835,-0.169031367,-0.113774769,0.0156359505
14.729793,-0.132576153,-0.0353771672,0.0341947228
14.739751,-0.131171867,0.00613778736,0.0663790256
14.749709,-0.158830121,0.0120835612,0.0962085575
14.759667,-0.198282734,0.0139421811,0.117405191
14.769625,-0.228810012,0.0188991223,0.123418339
14.779583,-0.238390207,0.0224661604,0.106009789
14.789541,-0.234283864,0.0223298073,0.0730350614
14.799499,-0.235218108,0.0092257224,0.0343260169
14.809457,-0.250623703,-0.019657325,-0.00548957381
14.819415,-0.275199354,-0.0461174287,-0.0437850319
14.829373,-0.296258569,-0.0777091756,-0.0730188191
14.839331,-0.29558903,-0.111980595,-0.0885767341
14.849289,-0.262553066,-0.129651204,-0.0968064368
14.859247,-0.20425646,-0.142776862,-0.102076836
14.869205,-0.140635684,-0.170266271,-0.100992925
14.879163,-0.0725927129,-0.21756801,-0.0797568783
14.889121,0.00196115184,-0.27252233,-0.0495150872
14.899079,0.0785203725,-0.313754469,-0.0338730104
14.909037,0.129133478,-0.350169986,-0.0416294672
14.918995,0.1487775,-0.376045257,-0.0534230098
14.928953,0.152060643,-0.384293079,-0.0563221276
14.938911,0.158537179,-0.37533766,-0.0530696101
14.948869,0.177478909,-0.343536586,-0.0469709709
14.958827,0.18845433,-0.311095297,-0.0536855981
14.968785,0.196886167,-0.280574679,-0.0597578734
14.978743,0.195482418,-0.269532144,-0.0654024407
14.988701,0.18295677,-0.283377111,-0.0732675567
14.998659,0.165304273,-0.318718582,-0.082718052
15.008617,0.146193966,-0.355612963,-0.0918194056
15.018575,0.129221365,-0.392050058,-0.102492556
15.028533,0.121943213,-0.413983315,-0.120163955
15.038491,0.122062795,-0.423971236,-0.149905607
15.048449,0.111125186,-0.410493255,-0.191988081
15.058407,0.0733748823,-0.357021779,-0.243034214
15.068365,0.0294609535,-0.285484731,-0.286512733
15.078323,-0.00616628304,-0.226391867,-0.31757611
15.088281,-0.0118862204,-0.172152594,-0.335809708
15.098239,0.0132750589,-0.135436386,-0.340338409
15.108197,0.059987437,-0.107581586,-0.328861773
15.118155,0.117938623,-0.082365714,-0.308296323
15.1281126,0.166630521,-0.0785510018,-0.283919066
15.1380706,0.207170233,-0.107895307,-0.275975645
15.1480286,0.217803434,-0.148544997,-0.286175579
15.1579866,0.195115969,-0.177898362,-0.308629215
15.1679446,0.154908091,-0.183851853,-0.344589621
15.1779026,0.0920859873,-0.20375073,-0.413421661
15.1878606,-0.00401578052,-0.235239416,-0.516641557
15.1978186,-0.133715987,-0.228708804,-0.625127017
15.2077766,-0.270075411,-0.184515253,-0.714274466
15.2177346,-0.380252808,-0.115778267,-0.784260988
15.2276926,-0.42141968,-0.04030215,-0.819029629
15.2376506,-0.385381252,0.0489278622,-0.810622036
15.2476086,-0.285113752,0.1531014,-0.761285365
15.2575666,-0.162290379,0.233039647,-0.682815075
15.2675246,-0.0592654534,0.309105396,-0.588475227
15.2774826,0.0155579206,0.381958276,-0.4831267
15.2874406,0.0805459768,0.43138814,-0.366151363
15.2973986,0.154349357,0.448764205,-0.243660063
15.3073566,0.237337992,0.417203367,-0.132427812
15.3173146,0.310806602,0.340094984,-0.0433725081
15.3272726,0.374221265,0.266952604,0.0235548615
15.3372306,0.421525389,0.220182702,0.0756723881
15.3471886,0.432087243,0.215757325,0.10119053
15.3571466,0.399508774,0.229828402,0.0890502483
15.3671046,0.336069077,0.233666018,0.0420017801
15.3770626,0.262285143,0.232634842,-0.0275408141
15.3870206,0.183780745,0.227329552,-0.114401408
15.3969786,0.1055227,0.189630121,-0.211058438
15.4069366,0.031460721,0.130056009,-0.308604717
15.4168946,-0.0371793248,0.071965538,-0.398893595
15.4268526,-0.096872218,0.0361513458,-0.469854593
15.4368106,-0.144912973,0.0369550884,-0.507243216
15.4467696,-0.186916888,0.0585836843,-0.514905393
15.4567266,-0.219299063,0.0756881014,-0.491627783
15.4666846,-0.230993539,0.0910870358,-0.446414769
15.4766426,-0.223297536,0.118524514,-0.386321068
15.4866006,-0.205221057,0.165860608,-0.31588313
15.4965586,-0.19369863,0.193521529,-0.237574473
15.5065176,-0.189460739,0.188714787,-0.161594748
15.5164746,-0.181134894,0.190691382,-0.0917855799
15.5264336,-0.160105512,0.208948955,-0.0228893366
15.5363916,-0.138913676,0.206237063,0.036464002
15.5463496,-0.106391422,0.189425051,0.088266477
15.5563076,-0.0662077814,0.198336795,0.132302374
15.5662656,-0.0402427614,0.186382666,0.164811328
15.5762236,-0.0309584476,0.16723001,0.185960814
15.5861816,-0.0256792642,0.160350263,0.195629954
15.5961396,-0.0344645008,0.142040759,0.192949489
15.6060976,-0.0575788729,0.113969445,0.175892472
15.6160556,-0.0946380943,0.0680783838,0.156756863
15.6260136,-0.149839833,0.00297128875,0.133796677
15.6359716,-0.212153271,-0.0665169731,0.108564027
15.6459296,-0.265166938,-0.125924379,0.0858896077
15.6558876,-0.303030193,-0.172527298,0.0701535195
15.6658456,-0.331476748,-0.215001255,0.0619376712
15.6758036,-0.348853588,-0.241258428,0.0541993231
15.6857616,-0.347883135,-0.23010245,0.051616855
15.6957196,-0.321273893,-0.189491898,0.0463368706
15.7056776,-0.268219739,-0.118621185,0.0461443253
15.7156356,-0.19438839,-0.0144527089,0.049044773
15.7255936,-0.118113592,0.107104346,0.0693292767
15.7355516,-0.0424388014,0.21287179,0.109348327
15.7455096,0.019882096,0.296956569,0.159194186
15.7554676,0.0583637059,0.365413129,0.218219951
15.7654256,0.0795752555,0.413928479,0.28363812
15.7753836,0.0922657475,0.432197481,0.35137853
15.7853416,0.103594832,0.42094937,0.40526548
15.7952996,0.120054506,0.393173128,0.444683194
15.8052576,0.138382107,0.343091041,0.467091829
15.8152156,0.151466489,0.282576293,0.47420752
15.8251736,0.169180766,0.22549358,0.480906695
15.8351316,0.200775445,0.187027141,0.490462661
15.8450896,0.239732429,0.138060406,0.505335629
15.8550476,0.276678741,0.0938151777,0.524131119
15.8650056,0.287427247,0.0473507382,0.542345822
15.8749636,0.275838763,0.00564803183,0.55723238
15.8849216,0.272373736,0.00211508246,0.577531755
15.8948796,0.297227144,0.0406760573,0.587917864
15.9048376,0.339727461,0.101468302,0.571948171
15.9147956,0.369238764,0.134701356,0.523826182
15.9247536,0.369896293,0.145529762,0.470041275
15.9347116,0.34220475,0.149980173,0.437002361
15.9446696,0.288948715,0.164509848,0.423067093
15.9546276,0.193775862,0.163559631,0.408220261
15.9645856,0.0556624644,0.136869967,0.379348665
15.9745436,-0.0989366993,0.141214117,0.347732127
15.9845016,-0.227421969,0.186236456,0.322754353
15.9944596,-0.285462648,0.238430411,0.293846548
16.0044176,-0.272806495,0.262370378,0.258315444
16.0143756,-0.198116809,0.298573911,0.238645062
16.0243336,-0.0719974935,0.338878721,0.26057753
16.0342916,0.0670064613,0.341723233,0.29868418
16.0442496,0.183055043,0.314985901,0.330842912
16.0542076,0.260196686,0.242173225,0.351681352
16.0641656,0.29418847,0.113171831,0.361167252
16.0741236,0.283645838,-0.0446950346,0.368926376
16.0840816,0.237801105,-0.205538779,0.369642228
16.0940396,0.170785859,-0.340469956,0.363754511
16.1039976,0.111863419,-0.389572531,0.348606467
16.1139556,0.0703442022,-0.368152738,0.324005246
16.1239136,0.0444918349,-0.294925392,0.280086786
16.1338716,0.0231447332,-0.17987895,0.232495829
16.1438296,0.0207042135,-0.0527468361,0.2031454
16.1537876,0.0444987565,0.0907016769,0.197281376
16.1637456,0.072928004,0.220488966,0.225499436
16.1737036,0.0912628025,0.30016169,0.272206753
16.1836616,0.0833912939,0.332114041,0.321783096
16.1936196,0.0610047653,0.332588345,0.36522752
16.2035776,0.0378616266,0.310523242,0.394779533
16.2135356,0.0137538956,0.243825972,0.391399711
16.2234936,-0.0155991996,0.152504325,0.346850365
16.2334516,-0.0472559296,0.062482819,0.273987621
16.2434096,-0.0748830289,-0.0144194197,0.18744579
16.2533676,-0.0907541364,-0.0682352483,0.103887782
16.2633256,-0.0935240909,-0.106077433,0.0361976847
16.2732836,-0.0924857259,-0.127263412,-0.00943424832
16.2832416,-0.0899812877,-0.134141564,-0.0250512902
16.2931996,-0.0921040922,-0.120742127,-0.0170583464
16.3031576,-0.0968889967,-0.0861063898,0.00190229598
16.3131156,-0.111978732,-0.041919753,0.0215263311
16.3230736,-0.14886111,-0.00785019994,0.0362168588
16.3330316,-0.199091271,0.00907072704,0.0449754633
16.3429896,-0.250133157,0.0254307911,0.040483512
16.3529476,-0.291519463,0.0247663334,0.0269738268
16.3629056,-0.335777462,0.00160775031,0.00317448797
16.3728636,-0.373769343,-0.0168444943,-0.021611819
16.3828216,-0.382226199,-0.015255386,-0.03578756
16.3927796,-0.358462274,0.00141973118,-0.0456159562
16.4027376,-0.302862406,0.0170948301,-0.0624308884
16.4126956,-0.217434585,0.0242068022,-0.0842288584
16.4226536,-0.120207898,0.0163550042,-0.104315221
16.4326116,-0.0465219617,-0.0208387021,-0.111019194
16.4425696,-0.0127155287,-0.076737389,-0.110732377
16.4525276,-0.0188898016,-0.132946864,-0.110170975
16.4624856,-0.0553506054,-0.180984691,-0.128887415
16.4724436,-0.108718492,-0.223507658,-0.163309559
16.4824016,-0.147592917,-0.251388013,-0.202411965
16.4923596,-0.1652558,-0.262193531,-0.243064046
16.5023176,-0.163944721,-0.285480201,-0.276437193
16.5122756,-0.136407912,-0.303267747,-0.298992038
16.5222336,-0.0795725882,-0.298285753,-0.314381629
16.5321916,-0.0167811103,-0.249619156,-0.326856941
16.5421496,0.0224816073,-0.181924522,-0.338964224
16.5521076,0.0388757586,-0.115668274,-0.34073627
16.5620656,0.0464186296,-0.0511595905,-0.336194783
16.5720236,0.0516565368,-0.0107599692,-0.320375621
16.5819816,0.0509406775,-0.00990829058,-0.296242833
16.5919396,0.0480471551,-0.0435200483,-0.273789734
16.6018976,0.0407650061,-0.101403318,-0.2563788
16.6118556,0.0188882034,-0.165076569,-0.261932015
16.6218136,-0.0077436734,-0.22111401,-0.273708522
16.6317716,-0.0276449434,-0.279796749,-0.278823376
16.6417296,-0.0184903275,-0.348080754,-0.278149873
16.6516876,0.0226925295,-0.382605702,-0.275904298
16.6616456,0.080405362,-0.391350716,-0.270325243
16.6716036,0.13780047,-0.385399342,-0.250390679
16.6815616,0.192116708,-0.343926221,-0.222917765
16.6915196,0.235618651,-0.302259207,-0.199708581
16.7014776,0.246298984,-0.307849169,-0.202248171
16.7114356,0.200641751,-0.334784657,-0.229112014
16.7213936,0.109697737,-0.35819757,-0.273257643
16.7313516,-0.0280420203,-0.377788037,-0.339527458
16.7413096,-0.198173538,-0.4027147,-0.436882526
16.7512676,-0.385971129,-0.435244679,-0.566275418
16.7612256,-0.58417505,-0.480256617,-0.70691216
16.7711836,-0.749701917,-0.512625217,-0.824515462
16.7811416,-0.834057331,-0.46486488,-0.890644968
16.7910996,-0.794819355,-0.343843907,-0.901904821
16.8010576,-0.647796631,-0.190671951,-0.863324106
16.8110156,-0.426169693,-0.036616601,-0.781814873
16.8209736,-0.194907442,0.125763789,-0.646562755
16.8309316,-0.00797243882,0.276677936,-0.487843186
16.8408896,0.111040764,0.383581221,-0.335718364
16.8508476,0.161004335,0.441441864,-0.21262598
16.8608056,0.163424343,0.45253098,-0.128181934
16.8707636,0.135437191,0.423329413,-0.0797885731
16.8807216,0.107445769,0.351842731,-0.0577746145
16.8906796,0.081738539,0.250138193,-0.0584481284
16.9006376,0.0663124472,0.138607413,-0.0808897913
16.9105956,0.0678762496,0.0475310348,-0.115221396
16.9205536,0.0872771144,-0.0178756695,-0.162682384
16.9305116,0.104099236,-0.0428566523,-0.216574118
16.9404696,0.113844812,-0.0283842366,-0.274120778
16.9504276,0.102151938,0.017525997,-0.328719825
16.9603856,0.0573043004,0.0691793337,-0.384387881
16.9703436,-0.00930881314,0.126589894,-0.430247784
16.9803016,-0.0793028101,0.173335299,-0.459722579
16.9902596,-0.141906798,0.18633686,-0.467798352
17.0002176,-0.180374831,0.182272077,-0.462312788
17.0101756,-0.194236591,0.169020712,-0.441409349
17.0201336,-0.193678916,0.14522697,-0.408883095
17.0300916,-0.198448107,0.110854611,-0.37169686
17.0400496,-0.203943014,0.0837042183,-0.335148692
17.0500076,-0.212622255,0.0639496893,-0.296050578
17.0599656,-0.217798099,0.0457824022,-0.260299236
17.0699236,-0.211105049,0.0303872004,-0.227584958
17.0798816,-0.181229711,0.0139064947,-0.202770159
17.0898396,-0.136124015,0.0210205968,-0.182344511
17.0997976,-0.0866331607,0.0368629433,-0.154565603
17.1097556,-0.0571711436,0.0436279029,-0.120879814
17.1197136,-0.0397889577,0.0357731767,-0.0796245188
17.1296719,-0.0301371291,0.0165360998,-0.0443381704
17.1396299,-0.03415877,-0.00462218234,-0.018434668
17.1495879,-0.0504647717,-0.0230499245,-0.00563418353
17.1595459,-0.0767389834,-0.0387362093,-0.000968325359
17.1695039,-0.0941579267,-0.0367891751,-0.00111293502
17.1794619,-0.103199892,-0.0223817378,-0.00171773892
17.1894199,-0.108631402,0.0133443009,-0.0016010924
17.1993779,-0.117009178,0.0574904568,0.00251189363
17.2093359,-0.105519503,0.0959148109,0.0160354245
17.2192939,-0.0589695759,0.120722957,0.0435195155
17.2292519,0.0335736722,0.16154255,0.0827707797
17.2392099,0.121181816,0.194531664,0.120458506
17.2491679,0.173175246,0.182502434,0.150251821
17.2591259,0.172358185,0.158519074,0.171087056
17.2690839,0.143243447,0.144992337,0.172111839
17.2790419,0.095202148,0.141995221,0.155228198
17.2889999,0.0433013998,0.140401855,0.116542324
17.2989579,-0.00304159615,0.133343145,0.0738521218
17.3089159,-0.0231780242,0.113572098,0.0434705131
17.3188739,-0.0253687389,0.086615853,0.0184900612
17.3288319,-0.0128481546,0.0662786216,0.00392017327
17.3387899,0.0044805021,0.0662376061,0.00678120693
17.3487479,0.0357137881,0.0686405823,0.0333901793
17.3587059,0.0879572853,0.0677044764,0.0787480772
17.3686639,0.138960809,0.0719985589,0.122430578
17.3786219,0.163949519,0.0512296334,0.158727854
17.3885799,0.159761176,0.0348317511,0.196758866
17.3985379,0.135630801,0.0216728039,0.238108441
17.4084959,0.110400274,0.00661582453,0.263871312
17.4184539,0.0861687064,-0.0103796702,0.27295351
17.4284119,0.068753764,-0.0319978818,0.283500701
17.4383699,0.0698603094,-0.0509326905,0.293364763
17.4483279,0.0951994881,-0.0398419537,0.313438892
17.4582859,0.131458685,0.0471350215,0.332914829
17.4682439,0.16026397,0.166121602,0.338308543
17.4782019,0.173977122,0.240139902,0.332868516
17.4881599,0.166487515,0.242087469,0.320444047
17.4981179,0.142458081,0.205135837,0.304563373
17.5080759,0.0943712443,0.154426053,0.296319813
17.5180339,0.00669971434,0.0612934493,0.284478337
17.5279919,-0.0998019576,-0.0512701124,0.254341722
17.5379499,-0.196270704,-0.134865135,0.202773079
17.5479079,-0.240498364,-0.158251151,0.143726543
17.5578659,-0.208783835,-0.120312296,0.0952660665
17.5678239,-0.107783191,-0.0426012576,0.0764662772
17.5777819,0.0171859115,0.0445498899,0.0889676884
17.5877399,0.120338127,0.112286061,0.124820761
17.5976979,0.168276355,0.14935647,0.166882724
17.6076559,0.16930674,0.154167205,0.199091524
17.6176139,0.13006106,0.125780031,0.20849888
17.6275719,0.0616708212,0.0647158772,0.202783465
17.6375299,-0.00287248543,-0.00513137877,0.20036532
17.6474879,-0.0410800576,-0.0621113069,0.216623649
17.6574459,-0.045150701,-0.145378768,0.232099816
17.6674039,-0.0174290575,-0.239290342,0.231681958
17.6773619,0.0230382066,-0.306782842,0.221902311
17.6873199,0.0660027191,-0.334994227,0.209271193
17.6972779,0.0902345553,-0.321243018,0.200108588
17.7072359,0.0858571157,-0.269192308,0.191041067
17.7171939,0.0723916441,-0.181348488,0.189122513
17.7271519,0.0578630343,-0.0769371241,0.200984508
17.7371099,0.0478194542,0.00258140196,0.230134934
17.7470679,0.0448817201,0.055514656,0.267711073
17.7570259,0.0371084847,0.0789922848,0.302456796
17.7669839,0.0218094252,0.0845526978,0.330342501
17.7769419,-0.0115836849,0.0749227107,0.342888385
17.7868999,-0.0524464287,0.0450375155,0.339108288
17.7968579,-0.0983894169,0.014744591,0.308389515
17.8068159,-0.140208513,-0.00636016112,0.261614293
17.8167739,-0.174051955,-0.0411815234,0.20452252
17.8267319,-0.190567017,-0.0772495121,0.155970961
17.8366899,-0.195318624,-0.114702612,0.122470252
17.8466479,-0.17752552,-0.148640871,0.108269483
17.8566059,-0.146502614,-0.160752922,0.117862724
17.8665639,-0.111835718,-0.175688997,0.137354404
17.8765219,-0.0852880031,-0.179657117,0.162915945
17.8864799,-0.0757083446,-0.148270428,0.186869487
17.8964379,-0.0771533772,-0.106082231,0.214868098
17.9063959,-0.0719450265,-0.0584044531,0.244418263
17.9163539,-0.0499643646,-0.00382456556,0.270930022
17.9263119,-0.020616062,0.0573764741,0.286585957
17.9362699,-0.00837803818,0.112802714,0.290938884
17.9462279,-0.023422502,0.152093932,0.275210261
17.9561859,-0.0596417598,0.166034505,0.258556455
17.9661439,-0.0982205793,0.169810608,0.236240759
17.9761019,-0.141173899,0.14419499,0.200723246
17.9860599,-0.191975564,0.0903900862,0.151105896
17.9960179,-0.238478616,0.0238014702,0.105792738
18.0059759,-0.267409325,-0.0557474196,0.0611381903
18.0159339,-0.271155328,-0.129295409,0.014092383
18.0258919,-0.264888376,-0.200027898,-0.0381481834
18.0358499,-0.24260971,-0.298845828,-0.0831910297
18.0458079,-0.194283724,-0.380522311,-0.124151774
18.0557659,-0.130328715,-0.420556545,-0.15786393
18.0657239,-0.0538030453,-0.4102754,-0.183361039
18.0756819,0.0362429582,-0.339506418,-0.180500001
18.0856399,0.128535077,-0.249480665,-0.156566978
18.0955979,0.209624335,-0.163507164,-0.128244251
18.1055559,0.268423468,-0.102091216,-0.0901306942
18.1155139,0.281647384,-0.0868933499,-0.0562592782
18.1254722,0.259244353,-0.104333326,-0.0450170077
18.1354302,0.213187382,-0.1373813,-0.0613485798
18.1453882,0.165449679,-0.173711345,-0.101080276
18.1553462,0.151073933,-0.206246376,-0.147446975
18.1653042,0.18673712,-0.244089901,-0.189929724
18.1752622,0.260673672,-0.278642267,-0.221816555
18.1852202,0.347566754,-0.299930006,-0.236688435
18.1951782,0.429700226,-0.276750386,-0.228944227
18.2051352,0.510232925,-0.21097748,-0.192553997
18.2150932,0.56297785,-0.109455653,-0.144823238
18.2250522,0.560109615,-0.0299645569,-0.105818309
18.2350092,0.494335413,0.0263969861,-0.0939009264
18.2449672,0.367680281,0.0439773127,-0.128809109
18.2549252,0.16410692,0.0228445958,-0.20743601
18.2648842,-0.0690629557,-0.0576875322,-0.34316802
18.2748412,-0.24197641,-0.0895248204,-0.499505162
18.2847992,-0.30291301,0.0458649583,-0.621747971
18.2947572,-0.222371027,0.228840902,-0.663487673
18.3047152,-0.0454391204,0.362702042,-0.659712374
18.3146732,0.117963657,0.401196152,-0.656265199
18.3246312,0.198847577,0.359184533,-0.654699504
18.3345892,0.211382017,0.337995887,-0.616309285
18.3445472,0.185255349,0.359690785,-0.539146543
18.3545052,0.167394057,0.416949302,-0.440811217
18.3644632,0.172503322,0.472839713,-0.354023069
18.3744212,0.204428509,0.518577397,-0.279317647
18.3843792,0.257778555,0.54005444,-0.195898667
18.3943372,0.295846313,0.522383571,-0.101370826
18.4042952,0.283086032,0.433955699,-0.00985902268
18.4142532,0.214509904,0.271087438,0.0497020409
18.4242112,0.113678627,0.102875516,0.056190569
18.4341692,0.00747815613,-0.0735173598,0.00851891935
18.4441272,-0.063230902,-0.251871109,-0.0839638785
18.4540852,-0.0840006247,-0.397197962,-0.196902141
18.4640432,-0.0619888008,-0.46728915,-0.314226627
18.4740012,-0.0146548431,-0.438529164,-0.422561109
18.4839592,0.0531242043,-0.314026386,-0.51935637
18.4939172,0.0994805172,-0.0996570885,-0.590760469
18.5038752,0.102761798,0.1324936,-0.611091316
18.5138332,0.0482178628,0.317095399,-0.595700383
18.5237912,-0.0549756326,0.408795238,-0.557916522
18.5337492,-0.184419915,0.421870559,-0.502252221
18.5437072,-0.315633059,0.377154738,-0.435831904
18.5536652,-0.413974017,0.29606095,-0.366863221
18.5636232,-0.433151156,0.17839478,-0.298738509
18.5735812,-0.366783053,0.0674834326,-0.239430428
18.5835392,-0.257785469,0.00153904082,-0.196515724
18.5934972,-0.141721442,-0.0496482477,-0.157674581
18.6034552,-0.00720837805,-0.0758644044,-0.11051213
18.6134132,0.145522311,0.00556627288,-0.0522203259
18.6233712,0.260633469,0.117654994,0.00223785429
18.6333292,0.300296962,0.183399916,0.0524831824
18.6432872,0.266638339,0.208542287,0.102144212
18.6532452,0.177623525,0.215907529,0.150115728
18.6632032,0.0481685959,0.198475271,0.182124794
18.6731612,-0.0912990198,0.15453285,0.195196927
18.6831192,-0.203145921,0.0934449956,0.20021911
18.6930772,-0.26494059,0.0456087627,0.200627103
18.7030352,-0.285379827,0.00517585361,0.199749604
18.7129932,-0.29097566,-0.0451959744,0.197623596
18.7229512,-0.266749412,-0.108015679,0.203615978
18.7329092,-0.199285135,-0.0964783356,0.221564353
18.7428672,-0.126262859,-0.0530168787,0.246972233
18.7528252,-0.071046479,-0.032047946,0.273189723
18.7627832,-0.0303906631,-0.00850347336,0.307130396
18.7727412,-0.00436625257,0.0290329829,0.347761959
18.7826992,-0.00496013742,0.0535891913,0.390452176
18.7926572,-0.0232893433,0.0644732639,0.428947091
18.8026152,-0.0452748053,0.0712219849,0.464526385
18.8125732,-0.0655140281,0.0635187849,0.492050976
18.8225312,-0.0792753771,0.0606641471,0.509822786
18.8324892,-0.0727913827,0.0825289637,0.531880915
18.8424472,-0.0480420925,0.0996653438,0.548973382
18.8524052,-0.0229343437,0.0991295129,0.546927273
18.8623632,0.00986088626,0.0863247663,0.537021101
18.8723212,0.0453187451,0.0710297003,0.528209507
18.8822792,0.0871298388,0.0548376814,0.522144973
18.8922372,0.134054735,0.0212906413,0.529390633
18.9021952,0.181786582,-0.0147118345,0.538880229
18.9121532,0.203881755,-0.0513587967,0.547244191
18.9221112,0.18721436,-0.112102836,0.559391916
18.9320692,0.146462947,-0.195360169,0.578291595
18.9420272,0.11085248,-0.268311888,0.598674893
18.9519852,0.115915686,-0.281438321,0.612666845
18.9619432,0.169853747,-0.237416282,0.614566505
18.9719012,0.242144197,-0.16395618,0.607208729
18.9818592,0.296066821,-0.115946047,0.592942953
18.9918172,0.309687018,-0.101524495,0.581196308
19.0017752,0.279195696,-0.0951299742,0.570825696
19.0117332,0.209340975,-0.0967811346,0.548692405
19.0216912,0.10393279,-0.119065404,0.490633368
19.0316492,-0.0362581387,-0.150020123,0.394583791
19.0416072,-0.200800747,-0.15344815,0.300395519
19.0515652,-0.333885044,-0.100352168,0.22985743
19.0615232,-0.391453773,0.0273096524,0.190286592
19.0714812,-0.353976727,0.17403385,0.174516946
19.0814392,-0.250543267,0.281021535,0.193454683
19.0913972,-0.118286431,0.34593609,0.248758152
19.1013552,-0.00474601937,0.362898558,0.3156192
19.1113132,0.0579413287,0.337094665,0.367272824
19.1212712,0.070194535,0.273654699,0.39147988
19.1312292,0.0422715582,0.201375991,0.389058262
19.1411872,-0.00425945967,0.0951480865,0.364055991
19.1511452,-0.0689068958,-0.0374349914,0.319789976
19.1611032,-0.127087638,-0.197469667,0.270001918
19.1710612,-0.147478402,-0.375484407,0.210905045
19.1810192,-0.127981141,-0.454825312,0.151171669
19.1909772,-0.0862715021,-0.495136231,0.095144093
19.2009352,-0.0283299088,-0.49932459,0.0413940437
19.2108932,0.0400629975,-0.432130367,0.00318727107
19.2208512,0.100364424,-0.32664603,-0.0212480314
19.2308092,0.124662302,-0.209746033,-0.0438137949
19.2407672,0.0950189233,-0.107940845,-0.055866994
19.2507252,0.0396848284,-0.0144575024,-0.0410502292
19.2606832,0.000127299092,0.0647696778,0.000432763685
19.2706412,-0.00192253594,0.11950589,0.0404653996
19.2805992,0.0155038582,0.184957609,0.0781195685
19.2905572,0.0128532145,0.20016931,0.1149178
19.3005152,-0.0257889871,0.177903414,0.149643287
19.3104732,-0.101299725,0.162051484,0.171271086
19.3204312,-0.188923582,0.156419963,0.16971606
19.3303892,-0.281447649,0.155872956,0.144833088
19.3403472,-0.36489886,0.139199704,0.104671285
19.3503052,-0.427878916,0.118290156,0.0617147647
19.3602632,-0.462365508,0.106638826,0.0326796509
19.3702212,-0.475298345,0.0831193849,0.0191467963
19.3801792,-0.482809544,0.0469504632,0.0154905431
19.3901372,-0.494047791,-0.0121136541,0.0225053094
19.4000952,-0.474632829,-0.100347906,0.0316801667
19.4100532,-0.417535722,-0.109568834,0.0410670079
19.4200112,-0.351453632,-0.118274182,0.0571034998
19.4299692,-0.279080629,-0.14589569,0.0621619076
19.4399272,-0.190988868,-0.137248665,0.056468334
19.4498852,-0.096192047,-0.0970567763,0.0403610058
19.4598422,-0.0163286403,-0.0354749039,0.012205001
19.4698002,0.0147880008,0.0132295191,-0.0241809692
19.4797582,-0.00819800887,0.0287408344,-0.0517984815
19.4897162,-0.0641318485,0.027878236,-0.0575826019
19.4996742,-0.128486603,0.0164607316,-0.0540885366
19.5096322,-0.174872205,0.00606854493,-0.0502892695
19.5195902,-0.191942811,0.0274055246,-0.0516850315
19.5295482,-0.187502787,0.0772801414,-0.058447063
19.5395062,-0.170643374,0.0864517987,-0.0671292394
19.5494642,-0.126010135,0.0690142214,-0.0830445513
19.5594222,-0.0517446883,0.0536610968,-0.109542206
19.5693802,0.0309951995,0.0199960787,-0.12926878
19.5793382,0.0878672674,-0.0494096279,-0.145791829
19.5892962,0.107477993,-0.143166214,-0.160399795
19.5992542,0.101787351,-0.249729946,-0.172284678
19.6092122,0.0780268908,-0.348090589,-0.182033986
19.6191702,0.0434084609,-0.431359917,-0.190304965
19.6291282,0.0200607926,-0.47577852,-0.190616816
19.6390862,0.0085716499,-0.466154397,-0.182084054
19.6490442,0.0282606669,-0.419973314,-0.175740406
19.6590022,0.0783193037,-0.329291075,-0.175291121
19.6689602,0.150429726,-0.211386546,-0.172391206
19.6789182,0.212033689,-0.0744774267,-0.165816128
19.6888762,0.24565503,0.0224906616,-0.137137085
19.6988342,0.249261484,0.0474700481,-0.0941818953
19.7087922,0.218115017,0.0530885197,-0.0518293753
19.7187502,0.135330394,0.0275741033,-0.038053643
19.7287082,-0.0132122086,-0.0473547317,-0.0855591074
19.7386662,-0.226065353,-0.128672227,-0.183601782
19.7486242,-0.476173729,-0.252894044,-0.32850945
19.7585822,-0.681119978,-0.371631086,-0.496223867
19.7685402,-0.777339697,-0.373132825,-0.625833511
19.7784982,-0.743459225,-0.27738899,-0.689374149
19.7884562,-0.597084165,-0.14641048,-0.694094062
19.7984142,-0.374273479,0.0200607926,-0.651027024
19.8083722,-0.15809004,0.163382262,-0.590513349
19.8183302,-0.0221553687,0.253536135,-0.53199625
19.8282882,0.0487001613,0.368350595,-0.462640345
19.8382462,0.0771445855,0.48835662,-0.386488587
19.8482042,0.0614758767,0.547924638,-0.328916103
19.8581622,0.019368371,0.564405859,-0.293410033
19.8681202,-0.0380959846,0.536780357,-0.263899565
19.8780782,-0.0975145698,0.444159597,-0.234987482
19.8880362,-0.143033057,0.269548923,-0.222948655
19.8979942,-0.155211955,0.0476937518,-0.23255308
19.9079522,-0.131192639,-0.150620669,-0.275357544
19.9179102,-0.0828663856,-0.314949155,-0.346170992
19.9278682,-0.00523763895,-0.411302328,-0.428092748
19.9378262,0.0668514669,-0.428207815,-0.515769899
19.9477842,0.114269316,-0.392174691,-0.606903493
19.9577422,0.13928546,-0.290155381,-0.687636197
19.9677002,0.136503786,-0.145168379,-0.746072829
19.9776582,0.101789474,-0.0204914268,-0.776851535
19.9876162,0.0438097976,0.0783163756,-0.781991422
19.9975742,-0.0214584209,0.192722574,-0.750849783
20.0075322,-0.0775469914,0.297816515,-0.68933636
20.0174902,-0.123223133,0.376221836,-0.610383749
20.0274482,-0.159887671,0.425376326,-0.53924644
20.0374062,-0.184218049,0.419563442,-0.483944565
20.0473642,-0.204829305,0.365873337,-0.450677156
20.0573222,-0.202617288,0.302682102,-0.417719215
20.0672802,-0.151578605,0.234333411,-0.379759848
20.0772382,-0.065122813,0.200205803,-0.339736253
20.0871962,0.00986701157,0.177042156,-0.30178383
20.0971542,0.0383729562,0.142294288,-0.271093547
20.1071122,0.0235633831,0.110381365,-0.233792782
20.1170702,-0.0291986316,0.0986277759,-0.191736683
20.1270284,-0.112406433,0.0693276748,-0.154459342
20.1369864,-0.222128138,0.0252592843,-0.121546142
20.1469444,-0.338434786,-0.00770798698,-0.101905592
20.1569024,-0.42206043,-0.0415770039,-0.0800788552
20.1668604,-0.447712272,-0.0417599641,-0.0567879155
20.1768184,-0.408529967,-0.0237841588,-0.0358338989
20.1867764,-0.308351189,-0.0128721232,-0.0215963721
20.1967344,-0.170434847,0.0258299988,-0.0111019192
20.2066924,-0.0488346517,0.0496144257,0.00271828845
20.2166504,0.0265250839,0.076118201,0.0220331308
20.2266084,0.04481088,0.104279004,0.0542920008
20.2365664,0.0205388311,0.117159911,0.088452369
20.2465244,-0.0120380204,0.111363009,0.128212556
20.2564814,-0.0280715823,0.113859989,0.163470417
20.2664394,-0.0165859014,0.133632362,0.1913625
20.2763974,0.0160335619,0.158983797,0.212927982
20.2863554,0.0533106253,0.173165664,0.231606334
20.2963134,0.0877716616,0.169897959,0.242486149
20.3062714,0.118175641,0.165484294,0.258164704
20.3162294,0.147897854,0.168863848,0.286138803
20.3261874,0.177853882,0.151623875,0.31818676
20.3361454,0.199385017,0.125964582,0.352431566
20.3461034,0.20620057,0.0812221542,0.37996918
20.3560614,0.20118691,0.0201063342,0.402213752
20.3660194,0.20924589,-0.0629467443,0.430878967
20.3759774,0.239849612,-0.162688777,0.471074849
20.3859354,0.29051891,-0.254642934,0.522898078
20.3958934,0.355514169,-0.313025296,0.570108235
20.4058514,0.439445019,-0.306578577,0.611117423
20.4158094,0.505141973,-0.234190926,0.625169337
20.4257674,0.528724015,-0.15306066,0.618918896
20.4357254,0.492395043,-0.0646604821,0.603051007
20.4456834,0.399641931,0.0213755965,0.593129635
20.4556414,0.261124283,0.0613128915,0.585090101
20.4655994,0.0833657309,0.0619813465,0.554142833
20.4755574,-0.138181567,0.0156830885,0.480636925
20.4855154,-0.378697246,-0.0376712121,0.368724495
20.4954734,-0.552391529,-0.0376030356,0.253061026
20.5054314,-0.587667227,0.000982173835,0.163306639
20.5153894,-0.447891772,0.0538656302,0.125726506
20.5253474,-0.189453021,0.144917771,0.154966146
20.5353054,0.0929829404,0.256461352,0.234870568
20.5452634,0.30300194,0.309276342,0.329467922
20.5552214,0.387098998,0.249395981,0.390420735
20.5651794,0.349182487,0.153538957,0.410375267
20.5751374,0.239530295,0.071278438,0.412869334
20.5850954,0.10977497,-0.00311563211,0.403129339
20.5950534,0.0161012057,-0.0899392068,0.381612867
20.6050114,-0.0115932729,-0.173972324,0.351790518
20.6149694,0.026573021,-0.218429804,0.331705242
20.6249274,0.110456735,-0.245515227,0.32003659
20.6348854,0.210293844,-0.22771652,0.310943484
20.6448434,0.292023331,-0.184851602,0.298781633
20.6548014,0.334825397,-0.152749062,0.290778309
20.6647594,0.34556964,-0.106617786,0.293938667
20.6747174,0.325633228,-0.0628463402,0.305969238
20.6846754,0.267949432,-0.0576142929,0.300060213
20.6946334,0.177750558,-0.0588372163,0.274488002
20.7045914,0.0711530074,-0.0393205062,0.238556907
20.7145494,-0.0191177689,-0.00970349368,0.203483343
20.7245074,-0.0823614523,0.000139283322,0.160833627
20.7344654,-0.104453973,0.0119711757,0.122372784
20.7444234,-0.0728007033,0.0529167429,0.103822
20.7543814,-0.00386078469,0.112000041,0.103034772
20.7643394,0.0787438154,0.176687956,0.108758703
20.7742974,0.129644006,0.211777762,0.0974455997
20.7842554,0.101972707,0.207060501,0.0747205764
20.7942134,0.00351883471,0.182906166,0.0505108461
20.8041714,-0.119053423,0.149400413,0.034296453
20.8141294,-0.204790965,0.134304538,0.016015185
20.8240874,-0.240943104,0.121561587,-0.00539662968
20.8340454,-0.248836711,0.0587131158,-0.0309675038
20.8440034,-0.239238411,-0.0243229158,-0.0515686534
20.8539614,-0.204885498,-0.0954149365,-0.0570928454
20.8639194,-0.148663238,-0.150939181,-0.0556914918
20.8738774,-0.0839114115,-0.180631027,-0.0478956215
20.8838344,-0.017531056,-0.166263804,-0.0307368729
20.8937934,0.0334516987,-0.111025855,-0.0143187521
20.9037504,0.0521060787,-0.00722622126,0.000547279604
20.9137084,0.0375889204,0.114234433,0.0129562784
20.9236664,-0.00221841317,0.228808418,0.0235814918
20.9336244,-0.0599597394,0.312004238,0.0299981125
20.9435824,-0.134863004,0.360232741,0.0291320533
20.9535404,-0.217396766,0.380432278,0.0216978379
20.9634984,-0.305672824,0.381294638,0.00737802126
20.9734564,-0.372977316,0.343460172,-0.014457236
20.9834144,-0.409715891,0.292216152,-0.0396914855
20.9933724,-0.430876821,0.213246226,-0.0685457736
21.0033304,-0.40839681,0.126441821,-0.0830887631
21.0132884,-0.331955045,0.0348280221,-0.0758356452
21.0232464,-0.204091877,-0.0799622089,-0.0592071302
21.0332044,-0.0399359651,-0.19616951,-0.0446494929
21.0431624,0.129090607,-0.258032888,-0.0355681144
21.0531204,0.24522467,-0.264012992,-0.0392145142
21.0630784,0.278439879,-0.239565447,-0.0556424893
21.0730364,0.228002012,-0.209531918,-0.0906188488
21.0829944,0.128157705,-0.171438336,-0.137719512
21.0929524,0.00906460173,-0.121920049,-0.186139241
21.1029104,-0.0850427225,-0.065175809,-0.233154953
21.1128684,-0.151885942,-0.010697918,-0.282611728
21.1228264,-0.186338723,0.0218752045,-0.322054207
21.1327836,-0.197392702,0.0296500381,-0.342806339
21.1427416,-0.179544196,0.0192282889,-0.349402994
21.1526996,-0.133333296,-0.0196080562,-0.351077586
21.1626576,-0.0518259145,-0.0417447835,-0.356215626
21.1726156,0.028340295,-0.0466463305,-0.354305893
21.1825736,0.0819776878,-0.0714749843,-0.343426615
21.1925316,0.10838373,-0.091526188,-0.323069394
21.2024896,0.11021439,-0.096754238,-0.310724318
21.2124476,0.085887745,-0.0992874354,-0.305459261
21.2224056,0.0399330333,-0.105103247,-0.306358069
21.2323636,-0.0202192515,-0.122849487,-0.30800125
21.2423216,-0.0694286078,-0.144821361,-0.296239108
21.2522796,-0.09057118,-0.168244407,-0.276880324
21.2622376,-0.0805441141,-0.199559987,-0.26224786
21.2721956,-0.0476559363,-0.228200674,-0.258977503
21.2821536,-0.00335425138,-0.233805567,-0.26375255
21.2921116,0.0400984176,-0.246798858,-0.26896435
21.3020696,0.0941312909,-0.241032317,-0.272521257
21.3120276,0.137552276,-0.229028389,-0.274357527
21.3219856,0.164314106,-0.270032287,-0.275490969
21.3319436,0.181886971,-0.344411969,-0.273187608
21.3419016,0.175764635,-0.417164207,-0.275869936
21.3518596,0.122969866,-0.489271969,-0.295471609
21.3618176,0.0144455181,-0.586682916,-0.34569189
21.3717756,-0.151115745,-0.683134913,-0.436183184
21.3817336,-0.329250067,-0.736768544,-0.544712603
21.3916916,-0.45783335,-0.706333697,-0.656167448
21.4016496,-0.515819132,-0.587566853,-0.745821714
21.4116076,-0.496969014,-0.45925653,-0.811642826
21.4215646,-0.406211704,-0.287375063,-0.842281699
21.4315226,-0.267424524,-0.100006759,-0.824179888
21.4414806,-0.137076631,0.0670392215,-0.751175463
21.4514386,-0.0371726677,0.207092196,-0.646405101
21.4613966,0.0271304213,0.336973488,-0.532013535
21.4713546,0.0658003166,0.451140821,-0.415065914
21.4813126,0.0784181058,0.522277057,-0.298413336
21.4912706,0.079138495,0.534287393,-0.185327247
21.5012286,0.0831446871,0.481173277,-0.0879082829
21.5111866,0.101103179,0.360363513,-0.0189007204
21.5211446,0.132050976,0.227295473,0.0229391381
21.5311026,0.159897253,0.0897357464,0.0375673473
21.5410606,0.170818076,-0.041328799,0.0160548668
21.5510186,0.164602801,-0.138053745,-0.0394179784
21.5609766,0.155546978,-0.18245849,-0.10819491
21.5709346,0.140712649,-0.169334427,-0.172941417
21.5808926,0.140002385,-0.0980487987,-0.225652829
21.5908506,0.149948224,0.0176703408,-0.249433532
21.6008086,0.150800958,0.139131531,-0.243067771
21.6107666,0.140879616,0.254802734,-0.208884776
21.6207246,0.115548164,0.358115256,-0.159288451
21.6306826,0.0813025758,0.422203988,-0.106540821
21.6406406,0.0482982919,0.432906419,-0.0529082231
21.6505986,0.0202235132,0.410177946,-0.0128742531
21.6605566,-0.00919323228,0.3689197,0.0223886631
21.6705146,-0.038247522,0.317936957,0.0593267083
21.6804726,-0.0682235286,0.239690349,0.0978330895
21.6904306,-0.0864960104,0.152411908,0.130607009
21.7003886,-0.0764092878,0.107038036,0.16360651
21.7103466,-0.0500573069,0.0949009433,0.200660393
21.7203046,-0.015625298,0.0897983313,0.242870972
21.7302626,0.00279818336,0.0905903503,0.279320598
21.7402206,0.0114896754,0.111369133,0.319300234
21.7501786,0.00739586446,0.133111984,0.360562444
21.7601366,-0.00365998223,0.12740536,0.401789516
21.7700946,-0.0179393198,0.111174457,0.434734404
21.7800526,-0.0621680319,0.053483732,0.453531533
21.7900106,-0.136574894,-0.0752763748,0.45224604
21.7999686,-0.209653899,-0.208508998,0.446256042
21.8099266,-0.247400209,-0.338475257,0.441397369
21.8198846,-0.24422732,-0.467020452,0.432621986
21.8298426,-0.212912276,-0.548402369,0.407723308
21.8398006,-0.182868078,-0.577511251,0.374405831
21.8497586,-0.158744112,-0.532357395,0.346405625
21.8597166,-0.142831191,-0.394531608,0.32345131
21.8696746,-0.13088344,-0.216473177,0.306308806
21.8796326,-0.11527466,-0.0463336781,0.305709839
21.8895896,-0.0963158831,0.120810039,0.322925329
21.8995476,-0.0820256248,0.257561505,0.372760803
21.9095056,-0.0770423189,0.331796587,0.443326294
21.9194636,-0.0695660263,0.360191196,0.515689969
21.9294216,-0.0661579818,0.360062569,0.572194517
21.9393796,-0.057306964,0.318763077,0.611663103
21.9493376,-0.0531588271,0.245284587,0.62045902
21.9592956,-0.0523257889,0.162192628,0.600780904
21.9692536,-0.0230155699,0.0644650087,0.574567676
21.9792116,0.0548486002,-0.0231604464,0.550085783
21.9891696,0.154551759,-0.102244876,0.519845605
21.9991276,0.252450615,-0.208202466,0.482873708
22.0090856,0.312480927,-0.307733327,0.441156089
22.0190436,0.323236108,-0.37710467,0.390111297
22.0290016,0.279001266,-0.414175868,0.340823352
22.0389596,0.223042935,-0.425541192,0.301495403
22.0489176,0.172922775,-0.374923021,0.268602163
22.0588756,0.141262323,-0.273527682,0.243527174
22.0688336,0.123007685,-0.147580937,0.229684323
22.0787916,0.112749986,-0.0160178486,0.228554353
22.0887496,0.0977180377,0.105053179,0.239009112
22.0987076,0.0764921084,0.218081459,0.261743456
22.1086656,0.0599679947,0.316119879,0.308933884
22.1186236,0.0512267016,0.366188645,0.369839042
22.1285813,0.055640094,0.358295828,0.413021922
22.1385393,0.0634578019,0.32514748,0.437244445
22.1484973,0.0599482879,0.287228316,0.43943435
22.1584552,0.0372267291,0.223414183,0.427707672
22.1684133,-0.00782197062,0.106138155,0.403423101
22.1783713,-0.0602875762,-0.0436348282,0.367629409
22.1883293,-0.129816845,-0.214993,0.31634438
22.1982873,-0.217117131,-0.386264622,0.245980471
22.2082452,-0.287489831,-0.500270009,0.157720655
22.2182033,-0.286250144,-0.507090092,0.0765672103
22.2281613,-0.191826433,-0.406992793,0.0300324671
22.2381192,-0.0254670102,-0.25282827,0.0305794813
22.2480773,0.170443907,-0.101580955,0.0730422512
22.2580352,0.336078942,0.0252462346,0.122877456
22.2679933,0.42112112,0.0985366926,0.153777048
22.2779513,0.421055883,0.151163146,0.150513873
22.2879092,0.359873474,0.192577437,0.129425094
22.2978662,0.272914082,0.211021155,0.110176571
22.3078243,0.196525037,0.190205365,0.102934904
22.3177823,0.161306605,0.118032627,0.10248483
22.3277402,0.167297378,0.0209905021,0.113967314
22.3376983,0.196844354,-0.0897402689,0.125050858
22.3476562,0.242408916,-0.179997727,0.146315932
22.3576143,0.283896953,-0.224018455,0.161446944
22.3675723,0.306298941,-0.248107269,0.156761914
22.3775302,0.301309258,-0.272042692,0.121868111
22.3874883,0.247139484,-0.295493424,0.0562504902
22.3974463,0.137909934,-0.303028584,-0.0213082172
22.4074043,-0.0130670657,-0.28681314,-0.097089
22.4173623,-0.172130227,-0.263519526,-0.164001182
22.4273202,-0.305491477,-0.241269872,-0.219329685
22.4372783,-0.392503351,-0.204117984,-0.244901359
22.4472363,-0.417642236,-0.158814952,-0.236197889
22.4571943,-0.385213196,-0.0962964445,-0.208208069
22.4671523,-0.300254107,-0.0472071916,-0.166049421
22.4771102,-0.182592452,0.00375851919,-0.127789915
22.4870683,-0.0764316544,0.0539463237,-0.0919821188
22.4970263,-0.014359232,0.0829670578,-0.0443773195
22.5069842,-0.00356943486,0.0749826282,0.0135075534
22.5169423,-0.0345979258,0.0546366125,0.0599655993
22.5269002,-0.105063304,0.0139981071,0.0831939578
22.5368583,-0.190940127,-0.0275906157,0.0940934718
22.5468163,-0.25600329,-0.0435882248,0.0966964513
22.5567742,-0.276509076,-0.030151777,0.0990773141
22.5667323,-0.261575401,0.00473323604,0.0935528502
22.5766902,-0.214594051,0.0401729867,0.085948728
22.5866483,-0.150883794,0.103000686,0.0774255469
22.5966063,-0.102150872,0.156378418,0.0750340298
22.6065642,-0.0815358683,0.194915697,0.0735972524
22.6165223,-0.0864973441,0.221897244,0.0730052367
22.6264802,-0.11987634,0.220372587,0.0656874031
22.6364383,-0.171703056,0.13896881,0.0420236178
22.6463963,-0.236867934,0.0629568622,-0.00537425885
22.6563542,-0.287566006,-0.0363124683,-0.0507635772
22.6663123,-0.316520959,-0.160547867,-0.0965313315
22.6762693,-0.268990457,-0.27713412,-0.134584978
22.6862273,-0.148111165,-0.332491934,-0.149666458
22.6961852,0.0274899472,-0.365572393,-0.151026264
22.7061433,0.214335725,-0.343037516,-0.14888002
22.7161013,0.363621086,-0.24955897,-0.144137993
22.7260593,0.423485219,-0.13632828,-0.133801743
22.7360173,0.393357933,-0.0551495366,-0.114291422
22.7459752,0.310006857,-0.00994477607,-0.103196427
22.7559333,0.198183388,0.0030453247,-0.116960973
22.7658913,0.0973185599,0.00594337657,-0.146162808
22.7758492,0.0330737978,0.00422190921,-0.175934538
22.7858073,0.0265514497,-0.0161233097,-0.206904978
22.7957652,0.0670171157,-0.0370874479,-0.235254601
22.8057233,0.128429607,-0.06820409,-0.25586319
22.8156813,0.178063214,-0.104479805,-0.260098964
22.8256392,0.205968082,-0.116785206,-0.246672094
22.8355973,0.226620093,-0.100565486,-0.208518848
22.8455552,0.242563903,-0.07631661,-0.149356991
22.8555133,0.25675723,-0.0704890788,-0.0947446153
22.8654713,0.256731123,-0.064787522,-0.0505854115
22.8754292,0.202489987,-0.0885815322,-0.0316071957
22.8853873,0.0893695578,-0.126094282,-0.0386661701
22.8953452,-0.070081085,-0.149318919,-0.0705671087
22.9053033,-0.226950064,-0.155723557,-0.124190122
22.9152613,-0.347798705,-0.16537644,-0.188131019
22.9252192,-0.410194457,-0.175188333,-0.260912567
22.9351773,-0.421012998,-0.181484044,-0.325704068
22.9451353,-0.394228786,-0.180292279,-0.371638
22.9550933,-0.345015973,-0.185288101,-0.396416038
22.9650513,-0.299615741,-0.212794021,-0.416877121
22.9750092,-0.269572347,-0.245391384,-0.440770477
22.9849673,-0.24980557,-0.228659809,-0.448365539
22.9949253,-0.228623062,-0.170249492,-0.425233841
23.0048833,-0.189529985,-0.116998255,-0.378423482
23.0148413,-0.126499891,-0.0538142286,-0.320905834
23.0247992,-0.0397623256,0.0242273081,-0.263027102
23.0347573,0.057843592,0.0959057584,-0.201890513
23.0447142,0.15020442,0.151201501,-0.1548969
23.0546723,0.219400793,0.198023871,-0.13473545
23.0646302,0.251221031,0.226138592,-0.137787163
23.0745883,0.253370494,0.234677494,-0.159874886
23.0845463,0.232373327,0.224677056,-0.195889875
23.0945042,0.193439767,0.202362686,-0.232896626
23.1044623,0.164933026,0.172122762,-0.267514795
23.1144202,0.157124639,0.14632073,-0.297687083
23.1243783,0.163890138,0.128935605,-0.316741735
23.1343371,0.182734132,0.110087357,-0.317087144
23.1442951,0.216317922,0.0997433737,-0.295704901
23.1542531,0.24081102,0.101649396,-0.257609159
23.1642111,0.242891744,0.0987252444,-0.225235522
23.1741691,0.228581771,0.109848738,-0.197076321
23.1841271,0.182406828,0.127618149,-0.184827641
23.1940851,0.105920836,0.136601791,-0.188941151
23.2040431,0.0246163961,0.127841324,-0.190474868
23.2140011,-0.0300820023,0.0928836018,-0.188087612
23.2239591,-0.0599086061,0.0285014156,-0.182621747
23.2339171,-0.0725618154,-0.0434119217,-0.176193669
23.2438751,-0.0661744922,-0.0873759165,-0.155976281
23.2538331,-0.0384499207,-0.102805741,-0.12971352
23.2637911,-0.0143765425,-0.0999311209,-0.102310926
23.2737491,-0.00458463188,-0.0758518875,-0.0799630061
23.2837071,-0.00913224556,-0.0147981206,-0.0503348112
23.2936651,-0.0376594961,0.074039869,-0.0187278818
23.3036231,-0.0804714039,0.139969349,0.0126428241
23.3135811,-0.118765801,0.174483925,0.0483283848
23.3235391,-0.139908373,0.176618442,0.0907043368
23.3334971,-0.139687598,0.150990307,0.146256015
23.3434551,-0.103721067,0.121358119,0.214861974
23.3534131,-0.0382784121,0.0947936177,0.275482178
23.3633711,0.0364722572,0.0715213194,0.321138352
23.3733291,0.0881751329,0.0497055054,0.353854746
23.3832871,0.107406884,0.0345286839,0.377805352
23.3932441,0.10147576,0.0179190785,0.403903544
23.4032021,0.0761341825,-0.00716203917,0.424229562
23.4131601,0.0443821102,-0.0301515106,0.426571816
23.4231181,0.0104451841,-0.0382038429,0.415985763
23.4330761,-0.0243266448,-0.0458588339,0.407315314
23.4430341,-0.0424313471,-0.0564715303,0.40160948
23.4529921,-0.0502698272,-0.0606028922,0.39459151
23.4629501,-0.0506477319,-0.0498993844,0.383592129
23.4729081,-0.0533143543,-0.0271045882,0.371611118
23.4828661,-0.0626628473,0.00630556652,0.357926726
23.4928241,-0.0721516907,0.0528104827,0.345710546
23.5027821,-0.0764359161,0.114493825,0.334507138
23.5127401,-0.0806120187,0.173862875,0.331578195
23.5226981,-0.0850075707,0.21791023,0.333061844
23.5326561,-0.0842682719,0.260192156,0.33294335
23.5426141,-0.0809310675,0.308174074,0.331616282
23.5525721,-0.076987192,0.319480538,0.325578094
23.5625301,-0.0660629049,0.306397468,0.319849908
23.5724881,-0.0393974744,0.285574764,0.324219346
23.5824461,-0.0172154717,0.23452276,0.332089007
23.5924041,0.00884036347,0.164541274,0.340916842
23.6023621,0.0401066728,0.103467003,0.350448549
23.6123201,0.0598992854,0.0590017997,0.348355591
23.6222781,0.0740947351,0.0559785813,0.342632979
23.6322361,0.0831902251,0.0799560845,0.335876822
23.6421941,0.0889791399,0.119225457,0.332181126
23.6521521,0.0983729064,0.168075562,0.335499436
23.6621101,0.101585217,0.203820765,0.349156648
23.6720681,0.105214834,0.230681941,0.365035504
23.6820261,0.109694004,0.250434339,0.376545131
23.6919841,0.110369653,0.249433532,0.37996012
23.7019421,0.107163474,0.241533801,0.374569863
23.7119001,0.103828661,0.247832432,0.365349472
23.7218581,0.0893021822,0.225631788,0.349508733
23.7318151,0.0619222224,0.177935377,0.324897915
23.7417731,0.0299517736,0.131580129,0.302947074
23.7517311,0.00671036681,0.0885290653,0.291271776
23.7616891,-0.00373508339,0.0443871729,0.292274207
23.7716471,-0.00956687331,-0.0130420327,0.292207897
23.7816051,-0.0338458493,-0.0677622706,0.270201385
23.7915631,-0.0783065259,-0.100509562,0.237174734
23.8015211,-0.106076904,-0.0986882299,0.20422104
23.8114791,-0.0807209462,-0.0595802404,0.1837219
23.8214371,0.00466346135,0.0121661182,0.185098216
23.8313951,0.114486098,0.105941348,0.213790581
23.8413531,0.211261913,0.18183291,0.27020672
23.8513111,0.263524324,0.210077062,0.328835934
23.8612691,0.278361052,0.188884169,0.374213278
23.8712271,0.249441251,0.137778372,0.387209237
23.8811851,0.199516565,0.0695801452,0.380517513
23.8911431,0.154177055,-0.00247940305,0.357759207
23.9011011,0.131566018,-0.0736683607,0.330474317
23.9110591,0.129901811,-0.151640654,0.297467381
23.9210171,0.129816055,-0.222432539,0.265380263
23.9309751,0.105759986,-0.288271487,0.238250643
23.9409331,0.0717327744,-0.338849157,0.210964695
23.9508911,0.0213138107,-0.381653607,0.175055176
23.9608491,-0.0420012474,-0.452297419,0.121990621
23.9708071,-0.102977246,-0.50341332,0.0607150123
23.9807651,-0.139675602,-0.521402478,0.0152495271
23.9907231,-0.148442194,-0.514101386,-0.00167326408
24.0006811,-0.129142538,-0.477856845,-0.00302934577
24.0106391,-0.0872049406,-0.400381774,0.0221058354
24.0205971,-0.0335052311,-0.303608626,0.0616644286
24.0305541,0.0056565539,-0.196865395,0.103863545
24.0405121,0.00866326317,-0.0806623548,0.14732714
24.0504701,-0.0358173847,0.0428196341,0.182575136
24.0604281,-0.111851171,0.144375816,0.208781973
24.0703861,-0.192889556,0.213752493,0.218232736
24.0803441,-0.249022335,0.232790634,0.216463059
24.0903021,-0.26464656,0.217430592,0.203701466
24.1002601,-0.257962823,0.194507167,0.188991487
24.1102181,-0.250677764,0.156327814,0.172595203
24.1201761,-0.255597949,0.0837907717,0.161192879
24.1301342,-0.268838644,0.0186778139,0.152976498
24.1400922,-0.280383468,-0.0125362985,0.152270764
24.1500502,-0.286278635,-0.00857750885,0.149918392
24.1600082,-0.272350043,0.0170769878,0.149420917
24.1699662,-0.245970085,0.0518605337,0.140609577
24.1799242,-0.217218071,0.0817441344,0.122212991
24.1898822,-0.204220518,0.09382689,0.0939834863
24.1998402,-0.215635881,0.0825140476,0.0533505715
24.2097982,-0.252831995,0.0459203534,0.00719772559
24.2197562,-0.289554864,-0.0075644427,-0.0341068357
24.2297142,-0.303458691,-0.0509622507,-0.0649827272
24.2396722,-0.282528371,-0.110991769,-0.0808306634
24.2496302,-0.222197115,-0.18792969,-0.0952921659
24.2595882,-0.119617209,-0.265954971,-0.117550597
24.2695462,0.0352448076,-0.310238034,-0.151090443
24.2795042,0.18562232,-0.27798155,-0.180961534
24.2894622,0.279778659,-0.253809899,-0.207262635
24.2994202,0.317957997,-0.250430882,-0.224478647
24.3093782,0.326142699,-0.239084482,-0.236058608
24.3193362,0.317768902,-0.214951992,-0.246183679
24.3292942,0.296083868,-0.194965497,-0.259224385
24.3392512,0.263275057,-0.182803899,-0.27354607
24.3492092,0.221480995,-0.180984437,-0.294748545
24.3591672,0.187334999,-0.173954219,-0.320494115
24.3691252,0.171764567,-0.156317696,-0.343990386
24.3790832,0.177861348,-0.134035572,-0.370111734
24.3890412,0.203468174,-0.0993580148,-0.399568975
24.3989992,0.244572192,-0.028651353,-0.416140229
24.4089572,0.287857354,0.0617927946,-0.40605244
24.4189152,0.305409461,0.081062898,-0.369635046
24.4288732,0.291003078,0.0361627974,-0.340177268
24.4388312,0.228291765,-0.0150149018,-0.324106157
24.4487892,0.126875117,-0.0505087152,-0.325995684
24.4587472,-0.0116068553,-0.12254642,-0.35793525
24.4687052,-0.196407333,-0.258439809,-0.443803012
24.4786632,-0.400550872,-0.375324607,-0.575838566
24.4886212,-0.570010722,-0.372747481,-0.698947668
24.4985792,-0.664304733,-0.239814192,-0.780483007
24.5085372,-0.650175869,-0.0291682724,-0.820874929
24.5184952,-0.528074741,0.182626531,-0.824523211
24.5284532,-0.358810365,0.353011847,-0.804652572
24.5384112,-0.246577293,0.469688416,-0.778878212
24.5483692,-0.235208526,0.476265609,-0.745702386
24.5583272,-0.301456779,0.450107515,-0.686626315
24.5682852,-0.386717081,0.454276681,-0.597873271
24.5782432,-0.406812221,0.387838542,-0.470775247
24.5882012,-0.320862979,0.289326876,-0.318772405
24.5981592,-0.154928058,0.198643327,-0.167053431
24.6081172,0.0445088781,0.138678789,-0.0376999751
24.6180752,0.243166044,0.0945973471,0.0552289002
24.6280322,0.399314642,0.0710534006,0.0970983207
24.6379902,0.484526455,0.0425879396,0.0958216041
24.6479482,0.500492096,-0.00585922087,0.0660455972
24.6579062,0.463482708,-0.0299784057,0.0162255745
24.6678642,0.378546238,-0.010856376,-0.053342849
24.6778222,0.257921547,0.0258078948,-0.145211786
24.6877802,0.130935639,0.0728683472,-0.2490969
24.6977382,0.02263394,0.1295311,-0.356766909
24.7076962,-0.0528147444,0.19234468,-0.45728898
24.7176542,-0.0860272944,0.267246872,-0.531813264
24.7276122,-0.0809518397,0.35075295,-0.564841032
24.7375702,-0.061232999,0.411451727,-0.563152313
24.7475282,-0.037737526,0.436063588,-0.534507632
24.7574862,-0.0200000741,0.43965593,-0.486795753
24.7674442,-0.0157952085,0.405736327,-0.424513191
24.7774022,-0.0282992814,0.338487774,-0.367892802
24.7873602,-0.0460266136,0.26459676,-0.325672895
24.7973182,-0.0737415999,0.170873478,-0.304157227
24.8072762,-0.0980125815,0.0744494647,-0.301728159
24.8172342,-0.112438396,0.0180040337,-0.307655036
24.8271922,-0.119816951,-0.0272902101,-0.316708982
24.8371502,-0.107099824,-0.0611547008,-0.317952931
24.8471082,-0.0785097256,-0.0644620806,-0.306714922
24.8570662,-0.0449304581,-0.0462750867,-0.291363388
24.8670242,-0.0121437479,-0.0143629601,-0.269565165
24.8769822,0.0118342889,0.0139477737,-0.239600345
24.8869402,0.0288084783,0.0298718791,-0.202272937
24.8968982,0.0260422528,0.0299445838,-0.170496106
24.9068562,0.0147214215,0.0304029137,-0.143917486
24.9168142,-0.00566214696,0.027231887,-0.136020422
24.9267712,-0.0254960395,0.0117352195,-0.136300057
24.9367292,-0.0449983664,-0.00402510166,-0.148044586
24.9466872,-0.0558126643,-0.00176674104,-0.160489276
24.9566452,-0.032849025,0.0377521738,-0.167716563
24.9666032,0.0250901729,0.097340934,-0.168185815
24.9765612,0.100240849,0.152031079,-0.151950911
24.9865192,0.162616879,0.200931236,-0.118028902
24.9964772,0.182615623,0.231728032,-0.0668256357
25.0064352,0.154966414,0.23913455,-0.0136340531
25.0163932,0.102752477,0.233977348,0.0293339211
25.0263512,0.045870021,0.205218926,0.0522166006
25.0363092,0.00210975623,0.1522111,0.056884855
25.0462672,-0.0281277746,0.0937725678,0.0488959029
25.0562252,-0.0418944545,0.0417562351,0.0375500396
25.0661832,-0.0349960662,0.0216887835,0.0293030273
25.0761412,0.000188285485,0.0122673186,0.0308157038
25.0860992,0.0709929466,-0.0138897169,0.0340101644
25.0960572,0.14928323,-0.03176938,0.0452614874
25.1060152,0.214085922,-0.0621307492,0.0686850548
25.1159732,0.244538903,-0.0897336155,0.102600411
25.1259312,0.235222101,-0.101762846,0.136388734
25.1358885,0.187716633,-0.102112256,0.159316421
25.1458465,0.142941177,-0.0813723505,0.17515637
25.1558045,0.116676547,-0.0352711715,0.182072863
25.1657625,0.10912063,0.0198586602,0.186436728
25.1757205,0.115853362,0.0647816584,0.181011856
25.1856785,0.140861779,0.123966686,0.175318286
25.1956365,0.183079273,0.193600357,0.178634986
25.2055935,0.224815533,0.248551756,0.196160451
25.2155515,0.252947301,0.253499925,0.217856959
25.2255095,0.269471169,0.226767629,0.246407643
25.2354675,0.284122795,0.208427235,0.285670906
25.2454255,0.287359327,0.170518473,0.323522419
25.2553835,0.283910811,0.130296484,0.352461636
25.2653415,0.268222392,0.102189481,0.363663167
25.2752995,0.240860015,0.0774521828,0.36243999
25.2852575,0.211838484,0.0500511825,0.357710749
25.2952155,0.198010027,0.0323568732,0.342430055
25.3051735,0.201345101,0.011423097,0.31377098
25.3151315,0.225710362,0.0129802469,0.279089689
25.3250895,0.258462965,0.0292604174,0.253898859
25.3350475,0.302400619,0.04496428,0.242229685
25.3450055,0.352903455,0.0698885396,0.253817618
25.3549635,0.39769116,0.113394998,0.278084338
25.3649215,0.419123232,0.165956214,0.316262901
25.3748795,0.406557649,0.203326494,0.361405343
25.3848375,0.356438547,0.211500257,0.399616092
25.3947955,0.285569966,0.196538359,0.425848514
25.4047535,0.214626819,0.163872823,0.439670593
25.4147115,0.149925053,0.110349946,0.43074581
25.4246695,0.0860192999,0.0326745883,0.396666914
25.4346275,0.0221356619,-0.0702991933,0.345282286
25.4445855,-0.00803449098,-0.157403201,0.288112223
25.4545435,-0.0140212765,-0.187333137,0.199463308
25.4645015,-0.00600755867,-0.1663232,0.0921248645
25.4744585,0.00613166206,-0.100976683,-0.00166820409
25.4844165,0.0203188546,-0.00736736879,-0.0641654059
25.4943745,0.035416048,0.101743139,-0.094574973
25.5043325,0.0622708313,0.205614671,-0.0773962513
25.5142905,0.11318142,0.288164407,-0.023102656
25.5242485,0.180504262,0.356095523,0.0502727591
25.5342065,0.240147889,0.413821667,0.118209466
25.5441645,0.278106719,0.433911771,0.166404963
25.5541225,0.286065847,0.408298552,0.199019626
25.5640805,0.27153483,0.342809826,0.215823904
25.5740385,0.250318229,0.236885518,0.223658398
25.5839965,0.231705129,0.0986583978,0.230313361
25.5939545,0.221937731,-0.0577003136,0.228816673
25.6039125,0.21632351,-0.182619616,0.213052094
25.6138705,0.208992362,-0.27078703,0.195773229
25.6238285,0.1843054,-0.352620631,0.173938245
25.6337865,0.12847276,-0.426736951,0.144492194
25.6437445,0.0538874678,-0.46893099,0.119818546
25.6537025,-0.0291091502,-0.470295876,0.104331732
25.6636605,-0.110495888,-0.452716351,0.107180513
25.6736185,-0.176445872,-0.412505001,0.114747889
25.6835765,-0.224553213,-0.366972685,0.136900321
25.6935345,-0.258858711,-0.329626888,0.158405349
25.7034925,-0.283545166,-0.289271504,0.180469647
25.7134495,-0.293232948,-0.241773486,0.207107112
25.7234075,-0.285112977,-0.207236543,0.2403889
25.7333655,-0.257509828,-0.1723454,0.266907066
25.7433235,-0.213514671,-0.119913355,0.291083783
25.7532815,-0.183996469,-0.0612835959,0.299892724
25.7632395,-0.180670172,-0.00775139639,0.29707402
25.7731975,-0.205270603,0.032941971,0.282014638
25.7831555,-0.238224283,0.0620252863,0.25714764
25.7931135,-0.267331302,0.0775768161,0.211916253
25.8030715,-0.281560302,0.0783310235,0.146134034
25.8130295,-0.273359627,0.0857487246,0.0664855465
25.8229875,-0.265887856,0.080781132,-0.0162452832
25.8329455,-0.267338753,0.0365806483,-0.0943581909
25.8429035,-0.26680401,-0.0450516306,-0.150029719
25.8528615,-0.244960219,-0.137034014,-0.177247748
25.8628195,-0.195705593,-0.235595211,-0.18435733
25.8727775,-0.120278209,-0.324492604,-0.185666263
25.8827355,-0.0511137843,-0.377672464,-0.189258069
25.8926935,-0.000266582414,-0.398120999,-0.192363858
25.9026515,0.0250606127,-0.401420921,-0.194715425
25.9126095,0.0382794775,-0.389523,-0.189056739
25.9225675,0.054928761,-0.344292402,-0.18574883
25.9325255,0.0759536177,-0.27351436,-0.196759135
25.9424835,0.0775760189,-0.192180634,-0.224000871
25.9524415,0.0511199087,-0.102436095,-0.259250998
25.9623995,0.0070427293,-0.00431112526,-0.291682452
25.9723565,-0.0407056175,0.0851218179,-0.319998235
25.9823145,-0.0819119066,0.147291452,-0.346273005
25.9922725,-0.108239651,0.168566912,-0.365611255
26.0022305,-0.109278552,0.155767232,-0.37277171
26.0121885,-0.0931206197,0.123129122,-0.372549325
26.0221465,-0.0814738199,0.0635512769,-0.373287559
26.0321045,-0.0766668171,-0.0265338719,-0.374358147
26.0420625,-0.062871106,-0.113963321,-0.370544255
26.0520205,-0.0231588483,-0.187009573,-0.355929613
26.0619785,0.0482202582,-0.235413581,-0.343012214
26.0719365,0.131954044,-0.25511992,-0.338646233
26.0818945,0.190599769,-0.255799294,-0.33415401
26.0918525,0.211093605,-0.228546351,-0.330326527
26.1018105,0.197204679,-0.184791148,-0.329051137
26.1117685,0.15833424,-0.15319781,-0.338581502
26.1217265,0.11720971,-0.132601723,-0.363986194
26.1316842,0.0797859058,-0.109637551,-0.401187897
26.1416422,0.0516597331,-0.0973156318,-0.438099593
26.1516002,0.0509153791,-0.0975246951,-0.456702292
26.1615582,0.075467594,-0.107715547,-0.472011477
26.1715162,0.106971189,-0.107085176,-0.488873273
26.1814742,0.125223428,-0.097797133,-0.504948139
26.1914322,0.132856578,-0.0649997741,-0.515936315
26.2013902,0.12624608,-0.0422225557,-0.525058985
26.2113472,0.120395124,-0.0363137983,-0.530507803
26.2213052,0.119237177,-0.0353372172,-0.526809216
26.2312632,0.115552165,-0.0344842076,-0.516689718
26.2412212,0.115943111,-0.0415373221,-0.503625035
26.2511792,0.114419252,-0.069098644,-0.489605397
26.2611372,0.106589027,-0.102598548,-0.478553802
26.2710952,0.0938378125,-0.124031931,-0.460782796
26.2810532,0.0746886209,-0.129209653,-0.449819088
26.2910112,0.0388762914,-0.141966462,-0.445983618
26.3009692,-0.00810106937,-0.193097025,-0.451661736
26.3109272,-0.080869019,-0.247832432,-0.475727379
26.3208852,-0.171367496,-0.295150965,-0.506035507
26.3308432,-0.275835574,-0.325379699,-0.547842085
26.3408012,-0.386522144,-0.365278095,-0.596212804
26.3507592,-0.466338158,-0.355896056,-0.645132661
26.3607172,-0.483835906,-0.269086063,-0.668014526
26.3706752,-0.421142429,-0.107139237,-0.648018181
26.3806332,-0.28245461,0.109469771,-0.589436889
26.3905912,-0.116141252,0.331177115,-0.502453566
26.4005492,-0.00175928418,0.483563989,-0.416916281
26.4105072,0.0220357943,0.539867222,-0.350962013
26.4204652,-0.00821558572,0.542655289,-0.306725323
26.4304232,-0.0550805628,0.517249525,-0.280766428
26.4403812,-0.0993345752,0.451441497,-0.272903174
26.4503382,-0.103971936,0.345640481,-0.264670819
26.4602962,-0.0500376001,0.211073354,-0.232553616
26.4702542,0.0582635738,0.053748183,-0.179731682
26.4802122,0.199189261,-0.0827532038,-0.119937055
26.4901702,0.334250152,-0.177063197,-0.0694781467
26.5001282,0.418826014,-0.231484622,-0.0345055126
26.5100862,0.416937828,-0.249179468,-0.0320127942
26.5200442,0.342058539,-0.23181352,-0.0646461025
26.5300022,0.219712123,-0.182174593,-0.136941075
26.5399602,0.0783472657,-0.121061973,-0.247903273
26.5499182,-0.0622354113,-0.0656133667,-0.382228583
26.5598762,-0.176378757,-0.00538943894,-0.507847488
26.5698342,-0.261966109,0.0443405658,-0.589678705
26.5797922,-0.297719032,0.0720057487,-0.608501434
26.5897502,-0.28184554,0.0841721371,-0.561611116
26.5997082,-0.215656132,0.0890558362,-0.470704943
26.6096662,-0.121817246,0.10665907,-0.351597995
26.6196242,-0.0367135406,0.146861076,-0.226589993
26.6295822,0.00635669893,0.181240901,-0.130627513
26.6395402,-0.00638492871,0.190502837,-0.0650927201
26.6494982,-0.0455746762,0.199964508,-0.0326181315
26.6594562,-0.0838152692,0.209572136,-0.0202341657
26.6694132,-0.117144734,0.191498056,-0.0198615883
26.6793712,-0.143561691,0.145444021,-0.0275655817
26.6893292,-0.153876647,0.0922353864,-0.0368698686
26.6992872,-0.15934439,0.0464327447,-0.0453483053
26.7092452,-0.176674634,0.0105354656,-0.0655888617
26.7192032,-0.20395419,-0.0272348169,-0.0890979171
26.7291612,-0.218989611,-0.0525441691,-0.104985803
26.7391192,-0.198199108,-0.0826983452,-0.108852446
26.7490772,-0.125861526,-0.113040268,-0.0844656155
26.7590352,-0.0303539112,-0.155454576,-0.0559607372
26.7689932,0.0516011417,-0.195998535,-0.043681968
26.7789512,0.0930428579,-0.201042831,-0.0525316522
26.7889092,0.0853516459,-0.182084844,-0.0684922412
26.7988672,0.056000419,-0.135414287,-0.0921696052
26.8088252,0.0249314494,-0.060892377,-0.121170633
26.8187832,0.00588771654,0.00928377919,-0.153564796
26.8287412,0.00248552812,0.0848312676,-0.176649332
26.8386992,-0.000277767685,0.149840623,-0.187059641
26.8486572,0.001530785,0.189263135,-0.1824774
26.8586152,0.0118087223,0.20247294,-0.165639296
26.8685732,0.0216115527,0.199957326,-0.144957721
26.8785312,0.0205833055,0.183397785,-0.120679013
26.8884892,0.0211204644,0.160393938,-0.087756753
26.8984462,0.0243287757,0.141830906,-0.0511875525
26.9084042,0.0249431673,0.119755164,-0.0217633527
26.9183622,0.0182272065,0.09807197,0.0037763624
26.9283202,0.00477318373,0.0985380262,0.0141381891
26.9382782,-0.0098286625,0.0954447612,0.0225383323
26.9482362,-0.00436918205,0.0909860954,0.0319651216
26.9581942,0.0166476853,0.0972762182,0.0360291079
26.9681522,0.0277173817,0.087383911,0.0347159021
26.9781102,0.0210672021,0.0607160777,0.038385205
26.9880682,0.00522645377,0.0303144958,0.0478127971
26.9980262,-0.0122662531,0.0113477297,0.0610979758
27.0079842,-0.0225516483,-0.0164990816,0.0709226429
27.0179422,-0.0236946773,-0.0324197263,0.0656474531
27.0279002,-0.0193340164,-0.0333691426,0.0381210186
27.0378582,-0.0369646773,-0.0320482142,-0.0190091114
27.0478162,-0.082232289,-0.0442393646,-0.0985737145
27.0577742,-0.138711005,-0.0523122065,-0.178357497
27.0677322,-0.184389547,-0.047301203,-0.252469271
27.0776902,-0.195156708,-0.0239231754,-0.322925061
27.0876482,-0.179767907,0.0158186443,-0.386360228
27.0976062,-0.133502662,0.0854666978,-0.425201356
27.1075642,-0.0603941008,0.155372277,-0.424475908
27.1175212,0.0232121125,0.205328926,-0.397814214
27.1274792,0.100795589,0.250615984,-0.369594544
27.1374375,0.151630804,0.277728289,-0.353814542
27.1473955,0.157307327,0.268730521,-0.35339722
27.1573535,0.123691052,0.223867983,-0.376920909
27.1673115,0.0617022477,0.165464863,-0.422814637
27.1772695,0.0108830081,0.0983225778,-0.476363093
27.1872275,-0.019353725,0.0507712997,-0.53153044
27.1971855,-0.0266153663,0.0306655001,-0.583928168
27.2071435,-0.0235687084,0.0251069516,-0.633848608
27.2171015,-0.0321219824,0.0275368188,-0.681515694
27.2270595,-0.0660245568,0.0366576128,-0.717228413
27.2370175,-0.11710798,0.0384714939,-0.74163574
27.2469755,-0.168673962,0.033236783,-0.752820253
27.2569335,-0.192963332,0.0465507247,-0.757279456
27.2668915,-0.191640273,0.0653808713,-0.753027141
27.2768495,-0.171421826,0.0855923966,-0.743430495
27.2868075,-0.14693512,0.125151262,-0.726540983
27.2967655,-0.119781792,0.180056319,-0.695988655
27.3067235,-0.0905948803,0.213718414,-0.650588155
27.3166805,-0.0549774989,0.224534035,-0.601540148
27.3266385,-0.0168570112,0.221238106,-0.549516678
27.3365965,0.0201502759,0.215741873,-0.497457981
27.3465545,0.0600335076,0.192572638,-0.45687592
27.3565125,0.103526391,0.157111585,-0.434766382
27.3664705,0.162187845,0.123173594,-0.420880646
27.3764285,0.216003135,0.055219315,-0.425352097
27.3863865,0.259917319,-0.0395583287,-0.442825109
27.3963445,0.295793027,-0.133115172,-0.473423481
27.4063025,0.316299111,-0.23241061,-0.524335146
27.4162605,0.308675557,-0.327403963,-0.608774662
27.4262185,0.274296522,-0.399982035,-0.727925301
27.4361765,0.202327266,-0.464906156,-0.881379306
27.4461345,0.0960245356,-0.524446964,-1.06054819
27.4560925,-0.0119216405,-0.540917575,-1.24713433
27.4660505,-0.0844136849,-0.497518957,-1.40285099
27.4760085,-0.103053413,-0.414020598,-1.50862539
27.4859665,-0.0794165283,-0.287066936,-1.57051504
27.4959245,-0.0336740725,-0.121728033,-1.59139431
27.5058825,-0.00309991953,0.0668472052,-1.59421504
27.5158405,-0.0135658765,0.238715634,-1.57947874
27.5257975,-0.0617118329,0.38142857,-1.55905449
27.5357555,-0.132735938,0.481533349,-1.54980898
27.5457135,-0.196917325,0.506058633,-1.54509676
27.5556715,-0.232702494,0.466398329,-1.55300272
27.5656295,-0.210927412,0.390233785,-1.56544387
27.5755875,-0.12918888,0.312322229,-1.57335317
27.5855455,-0.00823076535,0.227621183,-1.57541609
27.5955035,0.112840533,0.162446439,-1.5694083
27.6054615,0.187558174,0.110832244,-1.55862808
27.6154195,0.200438559,0.0543836132,-1.53890657
27.6253775,0.177535906,0.0196639821,-1.51636338
27.6353355,0.146810487,0.0146929258,-1.49248528
27.6452935,0.107727259,0.00931413937,-1.4791106
27.6552515,0.064442642,0.00521766534,-1.47414243
27.6652095,0.0317078605,0.00868723169,-1.47511482
27.6751675,0.0189688969,-0.000212520259,-1.48610401
27.6851255,0.0296785329,-0.0275165793,-1.50640535
27.6950835,0.0595815703,-0.057561297,-1.53435421
27.7050415,0.0966343954,-0.0757887736,-1.56538129
27.7149995,0.138491035,-0.0990573391,-1.59925747
27.7249565,0.191387802,-0.10520605,-1.63050997
27.7349145,0.233607695,-0.110228233,-1.65801835
27.7448725,0.236703351,-0.12169794,-1.68238068
27.7548305,0.202272668,-0.137667581,-1.7055707
27.7647885,0.152102187,-0.164896801,-1.73088849
27.7747465,0.101835288,-0.176813915,-1.76126397
27.7847045,0.0688421801,-0.171724081,-1.79029429
27.7946625,0.0582329445,-0.149348736,-1.81516743
27.8046205,0.0648319945,-0.122847624,-1.8297981
27.8145785,0.0724134818,-0.10264542,-1.84581959
27.8245365,0.0770673528,-0.0919291228,-1.85439873
27.8344945,0.0797137395,-0.0911831707,-1.85342503
27.8444525,0.0639552772,-0.126015455,-1.84745395
27.8544105,0.0236254353,-0.208316192,-1.85390925
27.8643685,-0.0280492119,-0.294537634,-1.87959063
27.8743265,-0.0874355733,-0.33745259,-1.91015947
27.8842845,-0.147209153,-0.37233761,-1.93982446
27.8942425,-0.19943215,-0.401829451,-1.96626747
27.9042005,-0.244294688,-0.412241876,-1.9821434
27.9141585,-0.276723206,-0.38625741,-1.98533869
27.9241155,-0.278458804,-0.324222535,-1.96393216
27.9340735,-0.239313245,-0.222773954,-1.91575801
27.9440315,-0.174676195,-0.0929270089,-1.8511126
27.9539895,-0.119896576,0.0257202778,-1.76985347
27.9639475,-0.101619832,0.109916911,-1.68240035
27.9739055,-0.122969866,0.151833996,-1.61237228
27.9838635,-0.17434065,0.160763308,-1.57202888
27.9938215,-0.226629421,0.147385985,-1.55413342
28.0037795,-0.267453283,0.110814668,-1.55202425
28.0137375,-0.270426959,0.0596113987,-1.54371464
28.0236955,-0.22258088,0.00852424558,-1.51040626
28.0336535,-0.13848038,-0.0351153761,-1.4409771
28.0436115,-0.0387284867,-0.0765371174,-1.34559786
28.0535695,0.0320591331,-0.120625481,-1.24670208
28.0635275,0.0600593425,-0.157957137,-1.16008174
28.0734855,0.0526799895,-0.176922038,-1.08764374
28.0834435,0.0213463008,-0.195811316,-1.03397679
28.0934015,-0.029969085,-0.221200556,-1.00910103
28.1033595,-0.0806224048,-0.230288863,-1.0008204
28.1133165,-0.110750481,-0.22682862,-0.993879974
28.1232745,-0.114282101,-0.226492524,-0.976750255
28.1332323,-0.0877538174,-0.226828083,-0.950878441
28.1431902,-0.0540480539,-0.221613348,-0.914865315
28.1531483,-0.0280931536,-0.205814153,-0.873806298
28.1631063,-0.0171507578,-0.179415032,-0.825377822
28.1730643,-0.00605682703,-0.162659749,-0.764096618
28.1830223,0.0228166319,-0.149842218,-0.693349481
28.1929802,0.0649853945,-0.136835873,-0.627664745
28.2029383,0.109803729,-0.110470317,-0.575891793
28.2128963,0.147565752,-0.0709151849,-0.536248803
28.2228542,0.190396041,-0.00999484304,-0.5097
28.2328123,0.230092317,0.0687835887,-0.501738191
28.2427702,0.264519274,0.150287241,-0.504561722
28.2527283,0.289271235,0.217397571,-0.507349491
28.2626863,0.286140949,0.249376804,-0.508439004
28.2726442,0.262271285,0.24094364,-0.505323648
28.2826023,0.221569136,0.224637106,-0.501356065
28.2925602,0.186723545,0.196237952,-0.492082924
28.3025173,0.172909454,0.156801865,-0.4754664
28.3124752,0.200016439,0.112170748,-0.445175588
28.3224333,0.268495917,0.0708603263,-0.399131954
28.3323912,0.368642211,0.036767602,-0.337357789
28.3423493,0.473069817,0.00913597364,-0.276185244
28.3523073,0.538621128,0.0105407918,-0.222211763
28.3622652,0.543940246,0.0208365731,-0.170874804
28.3722233,0.500213802,0.0397580639,-0.122913942
28.3821813,0.420559198,0.0535993129,-0.0822003335
28.3921393,0.328724891,0.0474367589,-0.0585732982
28.4020973,0.23371315,0.00792210549,-0.0467917398
28.4120552,0.143704966,-0.0794615373,-0.0443821102
28.4220133,0.0700512528,-0.185191691,-0.0476516746
28.4319713,0.0331449024,-0.270203263,-0.0416670181
28.4419293,0.0452529639,-0.308063805,-0.0140939811
28.4518873,0.0912324414,-0.298511326,0.0337164178
28.4618452,0.153084353,-0.271679699,0.074051857
28.4718033,0.181877926,-0.235305995,0.0803726017
28.4817602,0.164446995,-0.180693075,0.0465784222
28.4917183,0.11598359,-0.118068315,-0.00309725641
28.5016762,0.0577208214,-0.0753504112,-0.0501963235
28.5116343,0.0106475847,-0.0550805628,-0.0914747864
28.5215923,-0.0138383172,-0.0665782243,-0.110455938
28.5315502,0.00232600491,-0.0958303884,-0.109775499
28.5415083,0.058952,-0.118627846,-0.0919224694
28.5514662,0.154667333,-0.140673235,-0.063679643
28.5614243,0.253686607,-0.159533471,-0.0364504196
28.5713823,0.325097919,-0.169382364,-0.0272553228
28.5813402,0.347464502,-0.170293167,-0.0367292538
28.5912983,0.315618157,-0.160904735,-0.0592196472
28.6012563,0.236363262,-0.125369906,-0.0912779793
28.6112143,0.139876679,-0.0744382814,-0.122799955
28.6211723,0.057581272,-0.0151768224,-0.138821527
28.6311302,0.00442777155,0.0326793827,-0.133530632
28.6410883,-0.0235154461,0.0556462184,-0.104574881
28.6510453,-0.0443453602,0.0586643778,-0.0638847053
28.6610033,-0.0452047624,0.0540704243,-0.0164961517
28.6709612,-0.0305765513,0.0587053895,0.0458830707
28.6809193,0.00950242486,0.0651081651,0.109584287
28.6908773,0.0625291541,0.102923185,0.164756462
28.7008352,0.0940990672,0.114092752,0.206924155
28.7107933,0.0827737078,0.119147167,0.237507358
28.7207512,0.0569602214,0.118539698,0.262011915
28.7307093,0.0320657901,0.0982647836,0.27644065
28.7406673,0.0202775747,0.117139407,0.277246773
28.7506252,0.015574432,0.146999836,0.270633101
28.7605833,-0.00217873207,0.154508621,0.260267794
28.7705412,-0.0410606191,0.174941719,0.246083274
28.7804993,-0.104863033,0.208601683,0.235855937
28.7904573,-0.180297866,0.231153324,0.23421143
28.8004152,-0.231382892,0.252967805,0.243340746
28.8103733,-0.252935857,0.252470851,0.260544509
28.8203312,-0.24509497,0.228765532,0.285299927
28.8302893,-0.216578647,0.195941269,0.302669853
28.8402462,-0.184578106,0.142334506,0.315825075
28.8502043,-0.161406204,0.0878611431,0.316139847
28.8601623,-0.135730937,0.0391154438,0.316777945
28.8701203,-0.109163769,-0.0099865878,0.308684081
28.8800783,-0.0767746717,-0.0525529571,0.299209863
28.8900362,-0.0322372988,-0.0730832666,0.303577453
28.8999943,0.00185622321,-0.10409338,0.309092611
28.9099523,0.019549733,-0.11951042,0.302830428
28.9199103,0.0105375955,-0.103287503,0.29019773
28.9298683,-0.0208070111,-0.0693178251,0.272855759
28.9398262,-0.0530333892,-0.0221894588,0.25496918
28.9497843,-0.0784372836,0.026164759,0.235344872
28.9597423,-0.0952876359,0.047798682,0.218718499
28.9697002,-0.0954149365,0.0492698103,0.212289616
28.9796583,-0.0891016498,0.0451360531,0.20985496
28.9896162,-0.0889573023,0.0302987844,0.198024929
28.9995743,-0.0908327028,0.013858025,0.181910947
29.0095312,-0.075636439,0.012230834,0.172707587
29.0194893,-0.0477520749,0.0225969218,0.16792722
29.0294472,-0.0259849951,0.0350551903,0.163716495
29.0394053,-0.0129687954,0.0610151514,0.173220783
29.0493633,-0.0130361738,0.0687063634,0.199206308
29.0593212,-0.022782011,0.0432713069,0.224686369
29.0692793,-0.0418960527,0.00392470043,0.239455462
29.0792373,-0.0550651178,-0.0253530275,0.244577527
29.0891953,-0.0531274006,-0.0514482781,0.250870824
29.0991533,-0.0256971084,-0.0649984404,0.252562732
29.1091112,0.017839184,-0.0651174858,0.247395143
29.1190693,0.058514975,-0.0507284254,0.239916459
29.1290273,0.0776678994,-0.0224366002,0.232409
29.1389857,0.0638903007,-0.0121504059,0.214084059
29.1489437,0.018947592,-0.0204293747,0.183865964
29.1589017,-0.0240411535,-0.0190282855,0.146762013
29.1688597,-0.0454407185,-0.00983558688,0.107746437
29.1788167,-0.0447927713,0.0112606436,0.066930294
29.1887747,-0.0390800238,0.0265232194,0.0280638579
29.1987327,-0.035460256,0.0362983532,-0.00255077565
29.2086907,-0.0443418995,0.0318407528,-0.0125187216
29.2186487,-0.0540355369,0.0166008137,-0.0130484244
29.2286067,-0.0554102622,0.010970626,0.0041902177
29.2385647,-0.0351928733,0.018719092,0.0247559454
29.2485227,0.00163677882,0.0526421741,0.0414382555
29.2584807,0.0392736346,0.119884059,0.0577096343
29.2684387,0.0671265721,0.181841433,0.0813390613
29.2783967,0.0700643063,0.207954258,0.0942767039
29.2883547,0.0466567166,0.205830395,0.09985549
29.2983127,0.0147267478,0.200526714,0.0988759771
29.3082707,-0.0122137889,0.180748746,0.0934897363
29.3182287,-0.0341782086,0.141451403,0.0771842673
29.3281867,-0.0340490453,0.105917111,0.0632921532
29.3381437,-0.0275906157,0.0736616999,0.056416139
29.3481017,-0.0160029344,0.0418614298,0.0619666986
29.3580597,-0.0125144599,0.00259604934,0.0699508563
29.3680177,-0.0127048763,-0.0278486758,0.0868763104
29.3779757,-0.00345731573,-0.041223336,0.112615496
29.3879337,0.0188716911,-0.0359167233,0.135895789
29.3978917,0.0531921163,-0.0231295545,0.145243213
29.4078497,0.079519324,-0.000185888639,0.141868457
29.4178077,0.0916905031,0.0174684729,0.137918189
29.4277657,0.0901903436,0.0293973032,0.132955387
29.4377237,0.0824320242,0.0233266279,0.127639458
29.4476817,0.075062789,0.0241950843,0.123400494
29.4576397,0.0738960654,0.0295922477,0.11264772
29.4675977,0.064455688,0.0225481857,0.0963276029
29.4775557,0.0543050505,0.0183055047,0.0705601871
29.4875137,0.049254097,0.0255562253,0.044777859
29.4974717,0.0526781231,0.036896497,0.0173006933
29.5074287,0.0531297959,0.043014314,-0.0105405254
29.5173867,0.0608476363,0.0522480235,-0.0266531818
29.5273447,0.0727541,0.0703652427,-0.0273362827
29.5373027,0.0899810195,0.0928151608,-0.019732425
29.5472607,0.102613457,0.105464906,-0.018060226
29.5572187,0.0944167823,0.104593784,-0.0225476529
29.5671767,0.0618255511,0.103664607,-0.0320420898
29.5771347,0.0139786657,0.106912069,-0.046246592
29.5870927,-0.0282457527,0.106700614,-0.0524237938
29.5970507,-0.0476913564,0.0994861126,-0.0509063229
29.6070087,-0.0361489505,0.090296872,-0.0416433178
29.6169667,-0.014726215,0.0877074823,-0.0272952709
29.6269247,0.00939776283,0.0953933671,-0.00678120693
29.6368827,0.0235505998,0.111236244,0.0182112288
29.6468407,0.021171065,0.125296667,0.0466963984
29.6567987,0.0103479782,0.122538961,0.0735261515
29.6667557,-0.00069295452,0.113863453,0.0943845585
29.6767137,-0.0162319671,0.0859311521,0.100378267
29.6866717,-0.0326343775,0.0342530459,0.0969097689
29.6966297,-0.0336722098,-0.0323084034,0.102157526
29.7065877,-0.00462351413,-0.103391632,0.120962374
29.7165457,0.0375052989,-0.15269421,0.134299487
29.7265037,0.0835196599,-0.163962036,0.151319742
29.7364617,0.116842464,-0.151352242,0.173795223
29.7464197,0.133994818,-0.128977954,0.188246876
29.7563777,0.138089433,-0.106671587,0.192701012
29.7663357,0.130609944,-0.0866416842,0.189674586
29.7762937,0.119902968,-0.0697308779,0.184506997
29.7862517,0.107244432,-0.0570555627,0.164627835
29.7962097,0.0977244303,-0.0422097705,0.131638184
29.8061677,0.0988522768,-0.020543091,0.0940455347
29.8161257,0.103012405,-0.00696017127,0.0559881665
29.8260827,0.109447397,-0.0108664958,0.0292987656
29.8360407,0.123912089,-0.0385015868,0.010254235
29.8459987,0.145228565,-0.0490471721,-0.00188844756
29.8559567,0.173749685,-0.032824792,-0.0167475548
29.8659147,0.204160854,-0.00135901105,-0.0364493541
29.8758727,0.235124633,0.050734017,-0.0611128882
29.8858307,0.255144149,0.118440092,-0.0817904696
29.8957887,0.258642733,0.177689299,-0.096960634
29.9057467,0.24592641,0.220970467,-0.108407967
29.9157047,0.222095117,0.247337893,-0.11855381
29.9256627,0.190533191,0.251832515,-0.132128477
29.9356207,0.149345815,0.240628585,-0.151727483
29.9455787,0.0779483244,0.2256262,-0.192318052
29.9555367,0.000127565421,0.21032767,-0.241066411
29.9654947,-0.0484160036,0.194705039,-0.263930708
29.9754527,-0.0548781641,0.168147728,-0.271632314
29.9854097,-0.0162769742,0.135255292,-0.26861015
29.9953677,0.0635177195,0.0885096267,-0.236101478
30.0053257,0.151124001,0.0544912033,-0.181630775
30.0152837,0.207748398,0.0362866335,-0.120660901
30.0252417,0.21508275,0.0283911619,-0.062583223
30.0351997,0.189511344,0.0324066766,-0.00866406225
30.0451577,0.146459743,0.0450846553,0.0183976498
30.0551157,0.109833553,0.0731634274,0.0176157448
30.0650737,0.0798130706,0.111757956,-0.00337502407
30.0750317,0.0477089323,0.131650165,-0.0450857207
30.0849897,0.011913917,0.128410175,-0.0955315828
30.0949477,-0.0243996158,0.106577307,-0.150990576
30.1049057,-0.0429112464,0.0737392008,-0.195150584
30.1148637,-0.0180490408,0.0582896732,-0.216475308
30.1248217,0.0477403589,0.0410451703,-0.208706602
30.13478,0.136836141,0.0375308655,-0.166211873
30.144737,0.22474283,0.0665617138,-0.103110403
30.154695,0.277443856,0.135852903,-0.0339867286
30.164653,0.280871361,0.204846621,0.0250872429
30.174611,0.241062954,0.264661223,0.063599214
30.184569,0.185701162,0.315619469,0.0781800225
30.194527,0.126018122,0.344422907,0.0714994818
30.204485,0.0729072317,0.340173811,0.0420039073
30.214443,0.0271629114,0.309272885,-0.000970455876
30.224401,-0.0101572964,0.266837806,-0.0350256264
30.234359,-0.0272630453,0.209875464,-0.0481803119
30.244317,-0.0147310095,0.15606311,-0.0364381671
30.254275,0.0128284469,0.111758485,-0.0186924618
30.264233,0.0314364843,0.0954221264,0.00679239212
30.274191,0.0371841192,0.0961883143,0.0401703231
30.284149,0.024284834,0.123965085,0.0725032315
30.294106,-0.00289432355,0.154959753,0.0978818238
30.304064,-0.0524205975,0.163697585,0.0994038209
30.314022,-0.0922963768,0.140641809,0.0852461904
30.32398,-0.0967518464,0.0936332792,0.0716222525
30.333938,-0.0723716691,0.0435751751,0.0590502694
30.343896,-0.0421154946,0.00511460099,0.0484572798
30.353854,-0.0353697091,-0.0313531272,0.0434710458
30.363812,-0.0426164344,-0.0639438257,0.0442364365
30.37377,-0.0409378447,-0.079470858,0.050605122
30.383728,-0.0216863863,-0.0724544898,0.0618801452
30.393686,0.00643552886,-0.069675751,0.0725940391
30.403644,0.0231926702,-0.0329659395,0.115134045
30.413602,0.0235031955,-0.003417901,0.153085694
30.42356,0.0121296337,0.00827470794,0.160551861
30.433518,-0.0105314702,0.0210709311,0.140675619
30.443475,-0.0381010473,0.0569612868,0.114357732
30.453433,-0.0493531674,0.08598575,0.0967321321
30.463391,-0.0424473248,0.113912456,0.0803417116
30.473349,-0.0297741406,0.119749837,0.0686315224
30.483307,-0.018292455,0.116672024,0.0593991429
30.493265,-0.00609970419,0.125860721,0.0565935038
30.503223,0.0042096586,0.144922033,0.0653883293
30.513181,0.00507358834,0.165056601,0.0775310099
30.523139,-0.000799747242,0.166198567,0.0857878774
30.533097,-0.00969204213,0.169005007,0.0870685875
30.543055,-0.0318024047,0.173121974,0.0695457906
30.553013,-0.0609847903,0.178274393,0.0409911089
30.562971,-0.0704081208,0.199804455,0.0236025322
30.572929,-0.0687289983,0.216830581,0.0112151038
30.582887,-0.0599570759,0.200357869,-0.00239258399
30.592844,-0.0494908541,0.177495956,-0.0122060664
30.602802,-0.0412920453,0.131926879,-0.0212805215
30.61276,-0.0323440917,0.0484756567,-0.0260108281
30.622718,-0.00549996039,0.0210504234,-0.0245410297
30.632676,0.0280793048,0.00914609432,-0.00722062867
30.642634,0.0718366429,0.00242107967,0.00820493326
30.652592,0.129707932,-0.0144609651,0.0216416456
30.66255,0.191706851,-0.0188423973,0.0336381197
30.672508,0.207107916,-0.0257136188,0.0299088974
30.682466,0.163620085,-0.0476831011,-0.00352815585
30.692424,0.083983317,-0.073530145,-0.0425724946
30.702382,0.00371937081,-0.117300265,-0.0743839517
30.71234,-0.0454926491,-0.191541731,-0.0912875682
30.722298,-0.0424667671,-0.240420863,-0.10545399
30.732256,-0.00675004814,-0.277583152,-0.118921593
30.742213,0.0456939861,-0.315337181,-0.127118275
30.752171,0.107278518,-0.349434435,-0.116810769
30.762129,0.183991671,-0.337395877,-0.0944143832
30.772087,0.262618035,-0.284311086,-0.0532741398
30.782045,0.30784145,-0.233809292,-0.0138172787
30.792003,0.304821968,-0.206196845,0.0176535621
30.801961,0.247494489,-0.189237028,0.0263927244
30.811919,0.147369474,-0.182530925,0.00206261827
30.821877,0.0329062827,-0.152750403,-0.0426563844
30.831835,-0.0853388682,-0.0935805514,-0.0921815932
30.841793,-0.195953533,-0.0475448817,-0.13187708
30.851751,-0.273974568,-0.0147429937,-0.161034688
30.861709,-0.310139745,0.0144790737,-0.175750256
30.871667,-0.303175062,0.00671569305,-0.179353505
30.881624,-0.247012988,0.00547838863,-0.166958094
30.891582,-0.16295962,0.00789653882,-0.141598403
30.90154,-0.0759291202,0.0172732621,-0.119767949
30.911498,0.000630902883,0.0110372044,-0.109354191
30.921456,0.0577130988,-0.00385545823,-0.114027768
30.931414,0.0916082114,0.00520887692,-0.126099348
30.941372,0.0953531489,-0.00606375141,-0.155291855
30.95133,0.0673824996,-0.0295682792,-0.187149644
30.961288,0.0147781475,-0.0488314554,-0.217557624
30.971246,-0.0516650602,-0.0446204655,-0.248194367
30.981204,-0.124273479,-0.0275666472,-0.266100377
30.991162,-0.191356108,-0.0120228408,-0.267505199
31.00112,-0.2512514,-0.00262001785,-0.241120204
31.011078,-0.259521574,0.00817217585,-0.179725558
31.021035,-0.198478997,0.050002981,-0.101440869
31.030993,-0.11069376,0.117269903,-0.037321005
31.040951,-0.0181268062,0.178206488,0.00419261446
31.050909,0.0510410815,0.233689725,0.0353478715
31.060867,0.0945717767,0.257362306,0.0592204481
31.070825,0.115514614,0.228968471,0.0676139295
31.080783,0.116741799,0.156117171,0.0424824804
31.090741,0.0965459794,0.0743487999,-0.0148151647
31.100699,0.077181071,-0.0126875658,-0.0812479854
31.110657,0.0771328658,-0.10573522,-0.134738639
31.120615,0.124044716,-0.18127206,-0.167239591
31.130573,0.207092464,-0.232223123,-0.184005782
31.1405307,0.296880156,-0.253207505,-0.195602253
31.1504887,0.350658417,-0.228641704,-0.207262903
31.1604457,0.344299853,-0.171186656,-0.213066474
31.1704037,0.285131067,-0.130536437,-0.196542352
31.1803617,0.20355472,-0.112784073,-0.175863445
31.1903197,0.119575396,-0.112644523,-0.166875809
31.2002777,0.0499430597,-0.153361052,-0.174854904
31.2102357,0.00239285012,-0.223197669,-0.18249844
31.2201937,-0.0252382457,-0.282011181,-0.181823596
31.2301517,-0.0366376378,-0.318346828,-0.180269375
31.2401097,-0.0211731959,-0.321635813,-0.173235163
31.2500677,0.0181861948,-0.305129558,-0.157612801
31.2600257,0.064422667,-0.290274978,-0.142684713
31.2699837,0.0954538211,-0.275263786,-0.139556825
31.2799417,0.0887343958,-0.255565733,-0.155659631
31.2898997,0.0387159698,-0.223424569,-0.180947676
31.2998577,-0.0417405218,-0.206741467,-0.213595644
31.3098147,-0.117910661,-0.191847995,-0.251957953
31.3197727,-0.172887355,-0.169934437,-0.28200531
31.3297307,-0.200380504,-0.147844315,-0.303829134
31.3396887,-0.206639722,-0.124171481,-0.301608592
31.3496467,-0.186415955,-0.106629238,-0.27660948
31.3596047,-0.156077757,-0.0938133076,-0.248259604
31.3695627,-0.128607512,-0.0613384582,-0.227512792
31.3795207,-0.126536101,-0.021234449,-0.208919123
31.3894787,-0.153538689,-0.00396651216,-0.194117278
31.3994367,-0.198566884,-0.0111567806,-0.191551328
31.4093947,-0.241409689,-0.0323832408,-0.187826365
31.4193527,-0.251865268,-0.0585434698,-0.173340097
31.4293107,-0.217093438,-0.076009281,-0.137645215
31.4392687,-0.141312391,-0.0916377753,-0.0836549476
31.4492257,-0.0471107885,-0.0832586735,-0.0314948075
31.4591837,0.043325901,-0.0622527227,0.0219132882
31.4691417,0.104562365,-0.0187923294,0.0627475381
31.4790997,0.113151319,0.0235601868,0.0845026299
31.4890577,0.0808881894,0.0440212525,0.0896619782
31.4990157,0.0349007249,0.0500823408,0.0801092163
31.5089737,-0.00630556652,0.0501688942,0.055102665
31.5189317,-0.0394110568,0.0437003411,0.0161872264
31.5288897,-0.0539894663,0.0410688743,-0.0136170089
31.5388477,-0.0446393751,0.0378038362,-0.0263144281
31.5488057,-0.0127211213,0.0343593061,-0.0209220592
31.5587637,0.0290518906,0.0342525132,-0.0138098216
31.5687217,0.0468426049,0.0375183485,-0.0197489373
31.5786787,0.044673197,0.0572023019,-0.0382294096
31.5886367,0.0300907902,0.0940095857,-0.0577450544
31.5985947,0.0209510885,0.123896644,-0.0764441714
31.6085527,0.00703953346,0.137979433,-0.0907272398
31.6185107,-0.0123746442,0.105732284,-0.104341589
31.6284687,-0.0391585864,0.0376935825,-0.120433472
31.6384267,-0.0666983351,-0.0213742647,-0.13096121
31.6483847,-0.0771829337,-0.0632567331,-0.128980353
31.6583427,-0.0521561466,-0.06771034,-0.104212157
31.6683007,-0.00361524126,-0.0480098687,-0.0770556331
31.6782587,0.0468881465,-0.0168527495,-0.0578166954
31.6882167,0.0982120559,0.0363931619,-0.0438987464
31.6981747,0.143245041,0.103359945,-0.0269969963
31.7081327,0.184889153,0.147708505,-0.0126604019
31.7180897,0.219232485,0.159420013,-0.0148303453
31.7280477,0.238133475,0.125637293,-0.0280758422
31.7380057,0.24099797,0.0577304065,-0.0466974638
31.7479637,0.221079916,-0.0137232691,-0.0617227517
31.7579217,0.184153587,-0.0744902119,-0.0780878738
31.7678797,0.147709295,-0.11530342,-0.0887948498
31.7778377,0.127260476,-0.111538246,-0.0927682891
31.7877957,0.127282858,-0.0633105263,-0.0859042555
31.7977537,0.147098109,0.0255783312,-0.0569082908
31.8077117,0.179776683,0.125254586,-0.00398462173
31.8176697,0.19445017,0.21366249,0.0474854931
31.8276277,0.178908497,0.273567349,0.0876289159
31.8375857,0.115127653,0.282002926,0.0947302356
31.8475437,0.00588372163,0.232092351,0.065445587
31.8575007,-0.121870779,0.151618823,0.00553404866
31.8674587,-0.227143139,0.082131885,-0.060820207
31.8774167,-0.269557178,0.0291727986,-0.101490408
31.8873747,-0.233291313,-0.0321672559,-0.106163189
31.8973327,-0.13617675,-0.0725660771,-0.096393384
31.9072907,-0.0108513162,-0.0648892522,-0.0691076964
31.9172487,0.0991635993,-0.025648905,-0.0324940272
31.9272067,0.157859668,0.0135847842,0.0157073233
31.9371647,0.156419173,0.0441916957,0.064609088
31.9471227,0.114720456,0.0413341224,0.0958327875
31.9570807,0.0538989194,0.03696068,0.104865432
31.9670387,-0.0245282464,0.0377697498,0.0804836601
31.9769967,-0.122485705,0.0343814082,0.0280036721
31.9869537,-0.207218438,0.0342037752,-0.0226025134
31.9969117,-0.244715735,0.028553348,-0.0588332228
32.0068697,-0.243833169,0.0323054753,-0.0843673423
32.0168277,-0.199007377,0.00469462015,-0.0985598639
32.0267857,-0.102448076,-0.0134529583,-0.0861109197
32.0367437,0.00929895975,-0.00324719236,-0.0529130176
32.0467017,0.100480266,-0.0142843975,-0.0263897963
32.0566597,0.153469712,-0.0457501784,-0.00016431704
32.0666177,0.151614562,-0.0872371644,0.0134455012
32.0765757,0.0986104608,-0.143496707,0.00254837889
32.0865337,0.0262100324,-0.183927491,-0.0247716587
32.0964917,-0.0302202199,-0.200730965,-0.052594237
32.1064497,-0.0517689213,-0.202538729,-0.0720907077
32.1164067,-0.0343340039,-0.17842567,-0.0806572959
32.1263647,0.00199577282,-0.141150996,-0.0791496783
32.1363232,0.040621195,-0.0989904925,-0.0691324621
32.1462812,0.0686898455,-0.0673734471,-0.0462676287
32.1562392,0.0771792084,-0.0484607443,-0.0234057233
32.1661972,0.0641717985,-0.06944938,-0.00881639495
32.1761552,0.0276484061,-0.125514522,-0.0163882934
32.1861132,-0.0236155801,-0.19061549,-0.0472031981
32.1960712,-0.0773568377,-0.216885448,-0.0875676647
32.2060292,-0.128991544,-0.170873746,-0.112446651
32.2159872,-0.1723952,-0.091756016,-0.114777982
32.2259452,-0.202366158,-0.00648319907,-0.116475478
32.2359032,-0.213909626,0.0523316488,-0.116734073
32.2458602,-0.203072429,0.0689694807,-0.109481484
32.2558182,-0.180835828,0.0465858765,-0.0974003226
32.2657762,-0.153589025,0.00340698194,-0.0848150253
32.2757342,-0.123617016,-0.0354093909,-0.077593863
32.2856922,-0.0987337679,-0.0741405413,-0.079377912
32.2956502,-0.0773107633,-0.0940828249,-0.0777243525
32.3056082,-0.0486215986,-0.0955350474,-0.0592564009
32.3155662,-0.0294383168,-0.0842608213,-0.0451666787
32.3255242,-0.0229082443,-0.0853628367,-0.0363753177
32.3354822,-0.022989206,-0.0875359774,-0.0308159702
32.3454402,-0.0218784008,-0.072162874,-0.0210027527
32.3553982,-0.0292662755,-0.0435882248,-0.0113631757
32.3653562,-0.0429996662,-0.0261482466,0.000137685434
32.3753132,-0.0658333451,-0.0245130658,0.0151350107
32.3852712,-0.0923224762,-0.0305754859,0.0219455119
32.3952292,-0.115932725,-0.0350589193,0.027929103
32.4051872,-0.125549406,-0.0436838306,0.0374613553
32.4151452,-0.132114366,-0.0514197797,0.0526970327
32.4251032,-0.129884765,-0.0515721142,0.0658522472
32.4350612,-0.122678779,-0.0580627695,0.0756851733
32.4450192,-0.0942852199,-0.0545087829,0.0769158229
32.4549772,-0.0514975451,-0.00870267767,0.0715748519
32.4649352,-0.0215883832,0.0387271568,0.0716949627
32.4748932,-0.0159914829,0.0533151515,0.0718390346
32.4848512,-0.0257663503,0.0524520241,0.0804032311
32.4948092,-0.0431085899,0.0430270955,0.0925935805
32.5047662,-0.0546198338,0.0351984687,0.114969999
32.5147242,-0.0653052405,0.0202112626,0.141614929
32.5246822,-0.0637283772,0.0142793367,0.162307948
32.5346402,-0.0676389635,0.0286433622,0.167999387
32.5445982,-0.0839644074,0.0407037549,0.156619444
32.5545562,-0.112006165,0.0533990413,0.144558519
32.5645142,-0.134220392,0.056116797,0.140690267
32.5744722,-0.141979516,0.0515087321,0.148262978
32.5844302,-0.133230224,0.0463075787,0.153860673
32.5943882,-0.130029902,0.0458444543,0.149926648
32.6043462,-0.130503148,0.0146290101,0.155948326
32.6143042,-0.133856595,0.00175821898,0.170015141
32.6242622,-0.133158326,0.00831678603,0.178355098
32.6342192,-0.114450946,0.0117203053,0.181401223
32.6441772,-0.0882470384,0.00876020174,0.179638207
32.6541352,-0.0604007579,-0.0016005598,0.177073315
32.6640932,-0.0295262001,-0.022906648,0.180317312
32.6740512,-0.00901107211,-0.0421597026,0.179044589
32.6840092,-0.00231002597,-0.0512410849,0.178194776
32.6939672,-0.00856685638,-0.0426084474,0.165496811
32.7039252,-0.0321526118,-0.038599059,0.144800335
32.7138832,-0.0546118468,-0.0400528759,0.124657243
32.7238412,-0.0755802467,-0.0300519094,0.11224585
32.7337992,-0.0852437913,-0.0127171269,0.103260875
32.7437572,-0.0939683095,0.00777563127,0.104321077
32.7537142,-0.104836136,0.0160663184,0.111237839
32.7636722,-0.110319048,0.0132502913,0.118553013
32.7736302,-0.116068549,0.00500700902,0.125836492
32.7835882,-0.120884076,0.00294359191,0.116483472
32.7935462,-0.118923195,0.0268286839,0.103074454
32.8035042,-0.113809653,0.0497861989,0.0989675894
32.8134622,-0.10164167,0.056767676,0.0993348435
32.8234202,-0.0886209458,0.0553697832,0.0947430208
32.8333782,-0.0777544528,0.0511398837,0.0912612006
32.8433362,-0.06979426,0.0293786619,0.0870733857
32.8532942,-0.0733056366,0.00779880071,0.0773690864
32.8632522,-0.0781331509,-0.00874209218,0.0657920614
32.8732102,-0.0799337178,-0.0186983198,0.0533851944
32.8831672,-0.0801028237,-0.0251386426,0.0394177139
32.8931252,-0.0793302432,-0.0306969266,0.0233101156
32.9030832,-0.0788119882,-0.0190546513,0.0162263736
32.9130412,-0.0786596611,-0.0120010031,0.017310014
32.9229992,-0.0742507949,-0.00447730627,0.0260363948
32.9329572,-0.0612489767,0.00448875781,0.0414188132
32.9429152,-0.0491371863,0.0135805234,0.0552214421
32.9528732,-0.0436622612,0.0176258646,0.0663811564
32.9628312,-0.0521284491,0.0119538652,0.0541657656
32.9727892,-0.0762934387,0.00242001447,0.0262651592
32.9827472,-0.098217383,-0.00509755639,-0.0152383409
32.9927052,-0.111578457,-0.0119874207,-0.0548789613
33.0026622,-0.107107013,-0.0152423363,-0.0920899808
33.0126202,-0.0820234939,-0.0206972882,-0.111068197
33.0225782,-0.0449360497,-0.0210195314,-0.1182606
33.0325362,-0.00238752388,-0.0183142927,-0.114208594
33.0424942,0.0365313776,-0.00566214696,-0.115169466
33.0524522,0.0589733049,0.0300396588,-0.11381232
33.0624102,0.0573527701,0.0676251128,-0.110951021
33.0723682,0.0394909494,0.0957190692,-0.111216538
33.0823262,0.0104129594,0.114212595,-0.114326045
33.0922842,-0.0167875029,0.12128941,-0.127775013
33.1022422,-0.0450170077,0.104201771,-0.142076984
33.1122002,-0.0727591589,0.0649688765,-0.164004117
33.1221572,-0.0845282003,0.0169419646,-0.193878129
33.1321152,-0.0735000521,-0.0232760273,-0.218652189
33.1420728,-0.0428752936,-0.0492788665,-0.237217605
33.1520308,-0.00665017962,-0.0562632717,-0.242775366
33.1619888,0.0284156632,-0.0334503688,-0.233594909
33.1719468,0.0553881563,-0.0105043063,-0.207621902
33.1819048,0.0769041032,0.00727202743,-0.18176873
33.1918628,0.0837068781,0.0344032459,-0.163346052
33.2018208,0.0721074864,0.0527766608,-0.157384038
33.2117788,0.0391820222,0.0604529567,-0.159725219
33.2217368,-0.00178458425,0.0696709603,-0.164509058
33.2316948,-0.0261871293,0.0992975608,-0.164678425
33.2416518,-0.0336919166,0.116939135,-0.161619261
33.2516098,-0.0245612692,0.111093231,-0.167064622
33.2615678,0.00135847845,0.122149609,-0.169693425
33.2715258,0.0308913365,0.1274461,-0.160994738
33.2814838,0.0491419807,0.0952183977,-0.151719749
33.2914418,0.0597187243,0.063480705,-0.143181399
33.3013998,0.0631102622,0.0598638654,-0.13895762
33.3113578,0.0609802641,0.0782106519,-0.129547074
33.3213158,0.0517207198,0.0981340259,-0.116193987
33.3312738,0.0345862061,0.120557308,-0.0958937705
33.3412318,0.0200344287,0.137954667,-0.0663334802
33.3511898,0.0152511243,0.121418305,-0.0465837456
33.3611468,0.00248233252,0.0809790045,-0.029566681
33.3711048,-0.0116041917,0.0433418825,-0.00756577449
33.3810628,-0.0311981328,0.0117943417,0.0101839276
33.3910208,-0.0510416143,-0.0118790297,0.0239806995
33.4009788,-0.0646785945,-0.0323946923,0.0363108702
33.4109368,-0.0745035261,-0.0419064388,0.0518618673
33.4208948,-0.0819156393,-0.0486362465,0.0561940297
33.4308528,-0.0874414295,-0.0344160311,0.0557820387
33.4408108,-0.0913464278,-0.0259194821,0.0448630787
33.4507688,-0.0911834389,-0.0541415326,0.0224488508
33.4607268,-0.0892518461,-0.0806785971,0.00276302965
33.4706848,-0.0879503638,-0.0944830924,-0.00940921437
33.4806418,-0.0919664055,-0.106171176,-0.00802463666
33.4905998,-0.0985460132,-0.101743668,-0.00627680449
33.5005578,-0.0999305919,-0.0932194293,-0.00683127437
33.5105158,-0.0901924744,-0.0741487965,0.00207406981
33.5204738,-0.0679849088,-0.032521192,0.0204829052
33.5304318,-0.0339347981,-0.0082515385,0.0557016134
33.5403898,0.0015028218,0.00906726439,0.109568574
33.5503478,0.0352836885,0.041543182,0.175838932
33.5603058,0.0326748565,0.0938359499,0.224869058
33.5702638,-0.0215846542,0.148175359,0.25134328
33.5802218,-0.0989603996,0.201020986,0.256985188
33.5901798,-0.184752807,0.24068372,0.256936461
33.6001368,-0.253532141,0.244728521,0.244273663
33.6100948,-0.285992354,0.231460392,0.230447054
33.6200528,-0.266847134,0.202401578,0.218609035
33.6300108,-0.215281159,0.162019268,0.215785027
33.6399688,-0.1482438,0.135040909,0.225042969
33.6499268,-0.0838155374,0.119211614,0.25012809
33.6598848,-0.0290921051,0.103319727,0.282756597
33.6698428,0.0131504228,0.0972658321,0.311063081
33.6798008,0.0438755788,0.0864802971,0.327024728
33.6897588,0.0504740924,0.0636394322,0.328456432
33.6997168,0.0362434909,0.0338154882,0.319173723
33.7096748,0.00364134018,0.00441392325,0.298080683
33.7196318,-0.0397878923,-0.0201220457,0.267032504
33.7295898,-0.0813827366,-0.0530160815,0.229487792
33.7395478,-0.113136671,-0.0835422948,0.186071068
33.7495058,-0.131122336,-0.0943621919,0.143093243
33.7594638,-0.131100222,-0.120059565,0.110088952
33.7694218,-0.116225146,-0.149062186,0.0899914056
33.7793798,-0.103073917,-0.157136351,0.0754050091
33.7893378,-0.0907381624,-0.161941499,0.0684759989
33.7992958,-0.0837183297,-0.158842385,0.0696475208
33.8092538,-0.0764652118,-0.158596829,0.0743647814
33.8192118,-0.0578427948,-0.16780977,0.0771637633
33.8291698,-0.0427064523,-0.159001634,0.0713365003
33.8391268,-0.0422585085,-0.15739122,0.0540211573
33.8490848,-0.0693708211,-0.155783743,0.0284518804
33.8590428,-0.104689397,-0.134371117,0.00843156781
33.8690008,-0.12974894,-0.0944282338,0.0026186863
33.8789588,-0.137824982,-0.0552163832,0.0128891673
33.8889168,-0.126597628,-0.029005019,0.0325097404
33.8988748,-0.104773551,-0.015435948,0.0632029399
33.9088328,-0.0793070719,-0.0222544391,0.102648079
33.9187908,-0.0603232607,-0.0371641479,0.130049616
33.9287488,-0.0484554172,-0.0709261075,0.149917856
33.9387068,-0.038615834,-0.113230951,0.153811395
33.9486638,-0.0313107856,-0.147212356,0.142823726
33.9586218,-0.0257722083,-0.16860579,0.11650078
33.9685798,-0.0282580033,-0.17577529,0.0803864524
33.9785378,-0.0467973314,-0.168455586,0.0383939929
33.9884958,-0.0650439784,-0.158635452,0.00722222636
33.9984538,-0.0799030885,-0.158770204,-0.00829627924
34.0084118,-0.0878030881,-0.166614547,-0.00104076334
34.0183698,-0.0886971131,-0.164570034,0.0244041421
34.0283278,-0.0867767036,-0.149400666,0.0637845695
34.0382858,-0.0989484191,-0.133251533,0.104383133
34.0482438,-0.133333027,-0.10097295,0.143135324
34.0582018,-0.193093285,-0.0509457402,0.178080514
34.0681588,-0.2761437,-0.0295768008,0.2041004
34.0781168,-0.373676658,-0.0477358289,0.213792443
34.0880748,-0.476687729,-0.0723682046,0.198559165
34.0980328,-0.565817356,-0.117060043,0.163368687
34.1079908,-0.609969318,-0.13926281,0.141335815
34.1179488,-0.587794542,-0.104392186,0.142863944
34.1279068,-0.525794804,-0.0387929343,0.158629864
34.1378647,-0.440952629,0.0401495509,0.17698276
34.1478227,-0.352050185,0.130943641,0.196921587
34.1577807,-0.286255181,0.206357971,0.211571634
34.1677387,-0.244904563,0.231445208,0.215915516
34.1776957,-0.225527659,0.20313634,0.204796821
34.1876537,-0.217446834,0.144466102,0.18030107
34.1976117,-0.228243828,0.0781382099,0.149196669
34.2075697,-0.24807772,0.0140734743,0.114155337
34.2175277,-0.266854346,-0.0514725111,0.0816439986
34.2274857,-0.262569577,-0.0960263982,0.0580475889
34.2374437,-0.226804644,-0.11529623,0.0391319543
34.2474017,-0.174534783,-0.106000468,0.0264617018
34.2573597,-0.126235425,-0.0864158496,0.0285528153
34.2673177,-0.0946815014,-0.0723471642,0.0417676866
34.2772757,-0.0713042766,-0.0683167428,0.0568832569
34.2872327,-0.0503894053,-0.054774832,0.0741868764
34.2971907,-0.0402486213,-0.0521462932,0.0876654014
34.3071487,-0.0535465814,-0.0768817291,0.0815103054
34.3171067,-0.0919509605,-0.11031346,0.0586286932
34.3270647,-0.14647679,-0.167700857,0.0268923342
34.3370227,-0.197667539,-0.244729325,-0.0113685019
34.3469807,-0.224911943,-0.313566178,-0.0437655896
34.3569387,-0.216409802,-0.359239668,-0.0675992817
34.3668967,-0.185290769,-0.366823554,-0.0810346678
34.3768547,-0.15247795,-0.355098188,-0.0882909819
34.3868127,-0.117412649,-0.327341914,-0.0858581811
34.3967707,-0.0901506618,-0.29174611,-0.0698243529
34.4067277,-0.0769706815,-0.265021801,-0.0448582843
34.4166857,-0.0720374435,-0.238642931,-0.00899109803
34.4266437,-0.0700720325,-0.196277365,0.0350205675
34.4366017,-0.067803815,-0.140575752,0.081670627
34.4465597,-0.0658722222,-0.0654695556,0.114563599
34.4565177,-0.0785352886,0.00195822236,0.123849243
34.4664757,-0.118049406,0.0440036766,0.110988572
34.4764337,-0.165183365,0.0851694867,0.0810423866
34.4863917,-0.202290788,0.106145613,0.0363177955
34.4963497,-0.23246333,0.121385552,-0.0173576847
34.5063077,-0.243911996,0.114309795,-0.0687031671
34.5162647,-0.246162102,0.075661473,-0.122042552
34.5262227,-0.225078121,0.0307334121,-0.178159356
34.5361807,-0.169043079,-0.00260217465,-0.212446213
34.5461387,-0.0776931942,-0.00153691031,-0.216850281
34.5560967,0.0547596514,0.036035765,-0.197129577
34.5660547,0.216331244,0.145624042,-0.157291621
34.5760127,0.381065845,0.278192222,-0.118439563
34.5859707,0.509478986,0.374413282,-0.0980453417
34.5959287,0.576201022,0.426903397,-0.0919770598
34.6058867,0.586354017,0.430970848,-0.0927126259
34.6158447,0.55297929,0.407929689,-0.0993822441
34.6258017,0.479628921,0.35955283,-0.123944849
34.6357597,0.385145009,0.294491827,-0.166994318
34.6457177,0.264818072,0.216979191,-0.235104397
34.6556757,0.132006496,0.136994869,-0.330562741
34.6656337,0.028521657,0.101838745,-0.429394782
34.6755917,-0.0225023795,0.13240917,-0.519258618
34.6855497,-0.0204924922,0.20319812,-0.588882446
34.6955077,0.0181033704,0.283738762,-0.640684664
34.7054657,0.063848488,0.343486786,-0.681919456
34.7154237,0.0984562635,0.364777952,-0.709855437
34.7253817,0.119651303,0.358484656,-0.714688301
34.7353387,0.141960859,0.352763385,-0.693220019
34.7452967,0.161845893,0.3578026,-0.646171033
34.7552547,0.173795223,0.357088625,-0.592774093
34.7652127,0.186909169,0.353865117,-0.535472214
34.7751707,0.202199444,0.353406549,-0.469177336
34.7851287,0.231705129,0.344952583,-0.400533289
34.7950867,0.27087304,0.340306431,-0.346543849
34.8050447,0.306114376,0.32654056,-0.303584635
34.8150027,0.323856086,0.28492254,-0.27689898
34.8249607,0.33112812,0.205182448,-0.259688824
34.8349187,0.325648665,0.099515669,-0.262360781
34.8448757,0.298302263,-0.0171430334,-0.296427131
34.8548337,0.245662764,-0.144789413,-0.364046395
34.8647917,0.167806312,-0.265568823,-0.461157233
34.8747497,0.0633747131,-0.364516973,-0.597755313
34.8847077,-0.0467411391,-0.405646294,-0.750611961
34.8946657,-0.130678385,-0.347663164,-0.884993732
34.9046237,-0.168189004,-0.22685498,-0.962610483
34.9145817,-0.129763052,-0.105716839,-0.97111237
34.9245397,-0.0133205988,0.0278854277,-0.91532445
34.9344977,0.128137991,0.139153361,-0.818026423
34.9444557,0.230107233,0.197639301,-0.711917818
34.9544127,0.257386535,0.207767308,-0.618945003
34.9643707,0.206785664,0.179632604,-0.54958725
34.9743287,0.11232388,0.125418648,-0.509233952
34.9842867,0.0173068177,0.0662708953,-0.494261652
34.9942447,-0.0443189964,0.0159621891,-0.504873812
35.0042027,-0.059615925,-0.0289901067,-0.528424144
35.0141607,-0.0343803428,-0.0703503266,-0.554077029
35.0241187,0.0219945144,-0.104586862,-0.578678548
35.0340767,0.08658389,-0.12470758,-0.59868288
35.0440347,0.146270394,-0.141867384,-0.59558481
35.0539927,0.182023868,-0.159756646,-0.576348543
35.0639497,0.18765299,-0.157683909,-0.541553259
35.0739077,0.174222931,-0.13787131,-0.495949835
35.0838657,0.151966631,-0.123823941,-0.450582087
35.0938237,0.139168277,-0.107069463,-0.410491139
35.1037817,0.137238815,-0.0841407105,-0.373399943
35.1137397,0.154275596,-0.0503641032,-0.344651133
35.1236977,0.180348203,-0.0260007083,-0.315557688
35.1336557,0.218908116,-0.00924995728,-0.28081435
35.143614,0.263429254,0.0014911039,-0.253728956
35.153572,0.289350837,0.0224262122,-0.234546721
35.163529,0.303558826,0.0491566285,-0.221455961
35.173487,0.31689778,0.0821361467,-0.217457488
35.183445,0.323746115,0.130254403,-0.215188205
35.193403,0.32845217,0.16301848,-0.217593044
35.203361,0.333528697,0.188725978,-0.22700572
35.213319,0.329044461,0.216912344,-0.24073112
35.223277,0.318341494,0.246318966,-0.252916425
35.233235,0.299972594,0.271856278,-0.259976983
35.243193,0.275335968,0.271555066,-0.267094553
35.253151,0.252930254,0.24689661,-0.274912268
35.263109,0.249390915,0.221808568,-0.277651846
35.273066,0.265809298,0.192965999,-0.27057156
35.283024,0.296521932,0.150319204,-0.259427577
35.292982,0.34264949,0.117459781,-0.255759329
35.30294,0.39625439,0.0963443816,-0.256929517
35.312898,0.429400891,0.0798777863,-0.260466993
35.322856,0.440725714,0.088735193,-0.260820419
35.332814,0.45419094,0.126918539,-0.252891898
35.342772,0.46460256,0.171005294,-0.240009934
35.35273,0.456914544,0.193516463,-0.242704794
35.362688,0.437903583,0.190977678,-0.252269536
35.372646,0.410798997,0.172674298,-0.262328029
35.382603,0.37509346,0.129028291,-0.276640385
35.392561,0.32451123,0.0356144533,-0.30573383
35.402519,0.267188281,-0.0910260454,-0.359432191
35.412477,0.21662125,-0.208870396,-0.440627724
35.422435,0.180751398,-0.312484682,-0.532012522
35.432393,0.170699298,-0.397144705,-0.635360181
35.442351,0.180677369,-0.453260958,-0.746809781
35.452309,0.205474854,-0.469482541,-0.854330361
35.462267,0.2223894,-0.450720847,-0.945853591
35.472225,0.224107131,-0.404396743,-1.00811434
35.482182,0.217449233,-0.342269182,-1.0399245
35.49214,0.204886571,-0.29290086,-1.05690181
35.502098,0.170782387,-0.260773271,-1.0832479
35.512056,0.0944990739,-0.245282188,-1.13183975
35.522014,-0.0273978021,-0.256657362,-1.20294428
35.531972,-0.167025998,-0.272728205,-1.28057301
35.54193,-0.278211385,-0.275075495,-1.34657311
35.551888,-0.32611233,-0.262829244,-1.39003217
35.561846,-0.31589058,-0.261972219,-1.42363858
35.571804,-0.254697531,-0.282194674,-1.45333362
35.581762,-0.164351657,-0.26455602,-1.47357357
35.591719,-0.0726473033,-0.222946256,-1.47831166
35.601677,-0.0100483727,-0.188869521,-1.4674052
35.611635,0.0261447839,-0.137017503,-1.44273317
35.621593,0.0448582843,-0.0846661478,-1.39326012
35.631551,0.0757432282,-0.0406491607,-1.33447456
35.641509,0.102243014,-0.00382935931,-1.27501547
35.651467,0.111447968,0.0197633188,-1.23109686
35.661425,0.0819958001,0.0343329385,-1.20593309
35.671383,0.011549064,0.0335361212,-1.20208108
35.681341,-0.0814778134,0.0079058595,-1.2235508
35.691298,-0.182017475,-0.0521249846,-1.28416753
35.701256,-0.252555817,-0.11496067,-1.36664605
35.711214,-0.280389309,-0.146688238,-1.45507419
35.721172,-0.265231937,-0.183096319,-1.53772867
35.73113,-0.209660813,-0.22572127,-1.61714947
35.741088,-0.127304956,-0.253996313,-1.67870414
35.751046,-0.0319424868,-0.263487041,-1.71395588
35.761004,0.0566036254,-0.25931704,-1.72065616
35.770962,0.112597652,-0.240789711,-1.7110858
35.78092,0.121285945,-0.218367219,-1.702582
35.790878,0.0795880333,-0.195134342,-1.70701063
35.800835,0.00144236803,-0.178925812,-1.72227025
35.810793,-0.0730201453,-0.166532248,-1.74357843
35.820751,-0.113405921,-0.155899853,-1.77394938
35.830709,-0.116651252,-0.155417547,-1.81314266
35.840667,-0.0858531222,-0.164019302,-1.85589755
35.850625,-0.046395462,-0.181051016,-1.89119029
35.860583,-0.0132742599,-0.238284737,-1.92797816
35.870541,0.0159416813,-0.273182273,-1.95919168
35.880499,0.0349958017,-0.261689931,-1.98773205
35.890457,0.0351531953,-0.242654979,-2.00931978
35.900414,0.00783262309,-0.240389436,-2.03749371
35.910372,-0.0445687994,-0.252399504,-2.07892847
35.92033,-0.106097139,-0.258642197,-2.12674165
35.930288,-0.155337125,-0.257336468,-2.16334105
35.940246,-0.193623528,-0.261467278,-2.20586514
35.950204,-0.231238812,-0.25653857,-2.26362109
35.960162,-0.268593639,-0.237656236,-2.32121205
35.97012,-0.300679684,-0.231163442,-2.36466527
35.980078,-0.318246692,-0.241440848,-2.38153243
35.990036,-0.305678964,-0.235757664,-2.35684204
35.999993,-0.254814446,-0.211337805,-2.28947997
36.009951,-0.168461189,-0.148035809,-2.182096
36.019909,-0.0653406605,-0.0347675681,-2.04227996
36.029867,0.0297967773,0.0850501806,-1.89505672
36.039825,0.0961225405,0.179935947,-1.77079785
36.049783,0.118748754,0.233610094,-1.66666031
36.059741,0.100515425,0.237137184,-1.58624876
36.069699,0.0486974977,0.189316928,-1.5265311
36.079657,-0.0307232905,0.100618489,-1.49151111
36.089615,-0.112957977,-0.0101096258,-1.46905422
36.099572,-0.157154739,-0.139497712,-1.44441676
36.10953,-0.154664144,-0.24514851,-1.40723991
36.119488,-0.122307271,-0.28973648,-1.36022711
36.129446,-0.0810722187,-0.306651264,-1.30646348
36.1394032,-0.0276484061,-0.26245451,-1.24182832
36.1493612,0.0311773606,-0.172596544,-1.15888309
36.1593192,0.0808565021,-0.0892073736,-1.06278694
36.1692772,0.123517141,-0.0196642485,-0.964190543
36.1792352,0.158222929,0.0254363846,-0.868490934
36.1891932,0.172485754,0.00827790331,-0.791856349
36.1991512,0.159391254,-0.0574521087,-0.738021612
36.2091082,0.133442208,-0.124858044,-0.703642309
36.2190662,0.0912561417,-0.210246176,-0.692232013
36.2290242,0.0342213549,-0.301470906,-0.698663235
36.2389822,-0.00992400385,-0.351123393,-0.708017349
36.2489402,-0.0191380084,-0.339277118,-0.706561387
36.2588982,-0.00548131811,-0.306645423,-0.695197701
36.2688562,0.0165614001,-0.271209389,-0.677317202
36.2788142,0.0494261384,-0.218085721,-0.653283238
36.2887722,0.0727682114,-0.154131785,-0.620394051
36.2987302,0.075648956,-0.128318563,-0.591797292
36.3086872,0.0630178452,-0.135122135,-0.565204024
36.3186452,0.0555894934,-0.149538353,-0.545671582
36.3286032,0.0653955191,-0.154151216,-0.521511912
36.3385612,0.0868456811,-0.140500918,-0.492208362
36.3485192,0.119449966,-0.108226873,-0.453811437
36.3584772,0.152221233,-0.0542714931,-0.4026649
36.3684352,0.175400585,0.00530661456,-0.337130636
36.3783932,0.178192377,0.052749496,-0.258392394
36.3883512,0.158937991,0.0874155983,-0.178725004
36.3983092,0.112918027,0.0784985349,-0.111186706
36.4082662,0.054301057,0.0525401719,-0.0681217983
36.4182242,-0.00547279604,0.0296553634,-0.0515023395
36.4281822,-0.0568361171,-0.00206448254,-0.0505838133
36.4381402,-0.110735834,-0.0333081558,-0.0707490072
36.4480982,-0.165555403,-0.0556083992,-0.0891253501
36.4580562,-0.193551093,-0.0416177511,-0.0897184312
36.4680142,-0.179693863,0.00698733563,-0.0733818039
36.4779722,-0.132077873,0.0792229176,-0.0382033102
36.4879302,-0.0620247535,0.167472616,0.0234765634
36.4978882,0.00106473174,0.224113524,0.0949070677
36.5078452,0.0289277881,0.222911105,0.156910524
36.5178032,0.01766528,0.167575151,0.19389756
36.5277612,-0.0146087697,0.0992275178,0.208861336
36.5377192,-0.0482114702,0.0181720797,0.208990231
36.5476772,-0.0801587477,-0.0723423734,0.188414916
36.5576352,-0.101776965,-0.168961585,0.155787736
36.5675932,-0.110662334,-0.239252001,0.112674087
36.5775512,-0.1013932,-0.276876867,0.0790924206
36.5875092,-0.0752926245,-0.271204352,0.0648849905
36.5974672,-0.0343079045,-0.242974833,0.0737586394
36.6074242,0.0125253787,-0.180851534,0.100748979
36.6173822,0.044491034,-0.100362822,0.138164267
36.6273402,0.0415716767,-0.0114707677,0.173078045
36.6372982,0.0069689597,0.0587216355,0.200619921
36.6472562,-0.0480729863,0.104702711,0.213625193
36.6572142,-0.0963792652,0.143700182,0.217583463
36.6671722,-0.123729929,0.164450735,0.215391934
36.6771302,-0.127368867,0.142430916,0.206602708
36.6870882,-0.106170908,0.106475309,0.189986721
36.6970462,-0.0656708851,0.0810146928,0.177719936
36.7070032,-0.0126729179,0.0585306883,0.18483083
36.7169612,0.0494439825,0.0459981188,0.212038755
36.7269192,0.120153308,0.0503638387,0.243646741
36.7368772,0.165672049,0.0904167145,0.275404423
36.7468352,0.167227343,0.121330686,0.30240193
36.7567932,0.138046026,0.13277562,0.321653664
36.7667512,0.101895474,0.141589895,0.331739336
36.7767092,0.064309217,0.128640264,0.331051707
36.7866672,0.0347622409,0.0946644545,0.313957393
36.7966242,0.0217036977,0.0661510602,0.294538438
36.8065822,0.0212645419,0.0414206758,0.272218734
36.8165402,0.0289938338,0.0046693203,0.25513801
36.8264982,0.0450300574,-0.0338999107,0.249452174
36.8364562,0.0770167559,-0.0760087445,0.258122891
36.8464142,0.126381636,-0.109137408,0.277835339
36.8563722,0.180128232,-0.122148812,0.31128332
36.8663302,0.224793166,-0.123066805,0.345644206
36.8762882,0.239176631,-0.134400159,0.356671572
36.8862462,0.215125889,-0.106105663,0.356581807
36.8962032,0.166728005,-0.0550952107,0.357344031
36.9061612,0.0998536274,0.00383122358,0.349996358
36.9161192,0.0463121049,0.053731937,0.334360152
36.9260772,0.0265213549,0.0643670037,0.328258574
36.9360352,0.0446652062,0.0416907221,0.332178473
36.9459932,0.0833758488,0.0176160112,0.342285186
36.9559512,0.112269282,0.00386211625,0.341142952
36.9659092,0.110531308,-0.00648825942,0.321564972
36.9758672,0.0858608484,-0.00111533189,0.2869066
36.9858252,0.0488724671,-0.00618359353,0.249037251
36.9957822,0.00206714566,-0.0314916149,0.211342603
37.0057402,-0.0282305721,-0.0681819841,0.192804873
37.0156982,-0.0325219892,-0.084678404,0.192690358
37.0256562,-0.00965608936,-0.0769214109,0.197703227
37.0356142,0.0156769641,-0.05561639,0.192522839
37.0455722,0.0336373225,-0.0250355788,0.171165884
37.0555302,0.01861443,0.00737163005,0.134764209
37.0654882,-0.024917068,0.0310679041,0.086094141
37.0754462,-0.067811802,0.0537995808,0.0380677581
37.0854042,-0.083950296,0.0728275999,0.00384507189
37.0953612,-0.0578662306,0.0892065763,-0.00524909049
37.1053192,-0.00277687795,0.100014746,0.0129613383
37.1152772,0.0520762503,0.106468916,0.0321792401
37.1252352,0.0860936046,0.113365971,0.0468364805
37.1351932,0.0900681093,0.110809073,0.0548438057
37.1451515,0.0665771589,0.109197058,0.0529710725
37.1551095,0.0418739468,0.116059229,0.0514003411
37.1650675,0.0245202575,0.113871977,0.0470982715
37.1750255,0.0147970552,0.106353335,0.040232908
37.1849825,0.0167832412,0.100905307,0.0386291519
37.1949405,0.0272308215,0.0866014734,0.0421072394
37.2048985,0.0388342142,0.0739599764,0.0441416278
37.2148565,0.0498192199,0.0732933879,0.0488905758
37.2248145,0.0618854724,0.0878747255,0.051487159
37.2347725,0.0623896085,0.0981113836,0.0435762405
37.2447305,0.056016665,0.0822639838,0.0254126824
37.2546885,0.0612231418,0.0755911618,0.00357156526
37.2646465,0.0749448165,0.0759648085,-0.0136497654
37.2746045,0.0858259574,0.0786982775,-0.0274001993
37.2845615,0.0894875377,0.0872869715,-0.0285336412
37.2945195,0.0851495117,0.0944178477,-0.0197585244
37.3044775,0.0701836124,0.0888851285,-0.0115642445
37.3144355,0.0435879566,0.0731562376,-0.00423842063
37.3243935,0.00438862294,0.0582563803,-0.01107156
37.3343515,-0.0321310386,0.0465398058,-0.0295403153
37.3443095,-0.0416052341,0.0476671197,-0.0470700413
37.3542675,-0.0298282038,0.0424483903,-0.0621624403
37.3642255,-0.00992400385,0.0278548002,-0.0680469647
37.3741835,0.00278566638,0.020841632,-0.0670021996
37.3841405,0.00334679452,0.0160948131,-0.0555756427
37.3940985,-0.0012895026,0.017071927,-0.0369319171
37.4040565,0.000939030608,0.0191904716,-0.0220658872
37.4140145,0.00851998478,0.0247522183,-0.00968644954
37.4239725,0.0236565936,0.0407927036,0.00503017846
37.4339305,0.0343771465,0.0521324426,0.0221915878
37.4438885,0.0385402031,0.0490170792,0.036637906
37.4538465,0.042242527,0.0404403657,0.0487246625
37.4638045,0.0444167331,0.0239580628,0.0562369078
37.4737615,0.0292825215,-0.00680597452,0.0542003885
37.4837195,-0.00726909796,-0.0583586469,0.0430622511
37.4936775,-0.0416401215,-0.100358829,0.0200738423
37.5036355,-0.0527385771,-0.119819343,-0.00593671855
37.5135935,-0.0317307636,-0.121409252,-0.0252526253
37.5235515,0.000781371433,-0.107234575,-0.0373178124
37.5335095,0.0299592298,-0.0788631216,-0.0467709675
37.5434675,0.0415916517,-0.0382587053,-0.0476838984
37.5534255,0.0413029641,4.63390024E-05,-0.0387276895
37.5633835,0.0213577524,0.0253977682,-0.030958714
37.5733405,-0.0136668095,0.0376347266,-0.0315414146
37.5832985,-0.0517633297,0.0270997938,-0.0343190916
37.5932565,-0.0869721845,0.00829175208,-0.0463131703
37.6032145,-0.0988048762,-0.00622806838,-0.063271381
37.6131725,-0.0896638408,-0.00860494003,-0.0750020742
37.6231305,-0.0619219579,0.00816312153,-0.0758537501
37.6330885,-0.0364626683,0.0481760502,-0.0627683103
37.6430465,-0.0182972476,0.0778745562,-0.0386456624
37.6530045,0.00406185305,0.12964721,0.00303147617
37.6629615,0.0378480479,0.212879509,0.0731386617
37.6729195,0.0726795271,0.281973094,0.133857399
37.6828775,0.0872981548,0.300323069,0.174086317
37.6928355,0.07945887,0.278637767,0.197001487
37.7027935,0.0595070012,0.211773768,0.218544587
37.7127515,0.0394390188,0.139116883,0.225483194
37.7227095,0.0371694714,0.0733264089,0.221965954
37.7326675,0.0539154299,0.0230318159,0.20617421
37.7426255,0.0939861536,-0.000498810085,0.191403776
37.7525835,0.144297257,0.0180285349,0.181726918
37.7625405,0.181306943,0.0683297887,0.169579715
37.7724985,0.169663593,0.120884612,0.150349021
37.7824565,0.113222159,0.156411976,0.128613904
37.7924145,0.0294865202,0.165752754,0.108552046
37.8023725,-0.0624002591,0.139141917,0.0803899169
37.8123305,-0.146854162,0.106652409,0.0429778285
37.8222885,-0.206051707,0.0760779902,0.00642727315
37.8322465,-0.233851105,0.0283948891,-0.0185028445
37.8422045,-0.219044194,-0.0141554996,-0.0285059437
37.8521615,-0.177803814,-0.047794953,-0.0294194072
37.8621195,-0.139094234,-0.0702547207,-0.0206959564
37.8720775,-0.118594289,-0.087979123,-0.00646056235
37.8820355,-0.12265268,-0.0988157913,0.00770985149
37.8919935,-0.140113428,-0.0784085244,0.0133320503
37.9019515,-0.161070913,-0.0368259251,0.0153733632
37.9119095,-0.183097377,0.0142023712,0.0160135869
37.9218675,-0.19110924,0.0727911144,0.0203145929
37.9318255,-0.183740005,0.142249554,0.0386744253
37.9417825,-0.164041668,0.202970162,0.062384814
37.9517405,-0.151190057,0.238118827,0.0775946602
37.9616985,-0.150336236,0.249162152,0.081869036
37.9716565,-0.156613305,0.235726774,0.0818772912
37.9816145,-0.17424503,0.189128906,0.0708597898
37.9915725,-0.192038953,0.128586739,0.0496908575
38.0015305,-0.194452837,0.0758257881,0.0305962581
38.0114885,-0.178928733,0.0413461067,0.0202109963
38.0214465,-0.156277224,0.0270489287,0.0219990425
38.0314035,-0.143283397,0.0187771507,0.0328519568
38.0413615,-0.137095273,0.0124422889,0.0511063263
38.0513195,-0.132464826,-0.00743581215,0.0747152492
38.0612775,-0.127488449,-0.0261381269,0.0894462615
38.0712355,-0.12215174,-0.0374357887,0.099588111
38.0811935,-0.129195005,-0.0476828329,0.0992546827
38.0911515,-0.144431219,-0.0541449934,0.0894947276
38.1011095,-0.15057832,-0.0568547621,0.0791906938
38.1110675,-0.152112037,-0.0731439814,0.0679601431
38.1210255,-0.147819027,-0.0919168741,0.0560872369
38.1309825,-0.13571389,-0.0969792753,0.0456423201
38.1409405,-0.120152503,-0.0977928713,0.0479552746
38.1508983,-0.10546118,-0.106324576,0.0438896939
38.1608563,-0.0962772667,-0.103622533,0.0329507589
38.1708143,-0.0956793875,-0.10496743,0.0232661739
38.1807723,-0.0976930037,-0.115251228,0.0217574928
38.1907303,-0.0977976695,-0.12414299,0.0216664132
38.2006883,-0.0845337957,-0.120381802,0.0208181962
38.2106463,-0.0699015856,-0.099160403,0.0235069245
38.2206033,-0.0581091084,-0.081517227,0.027298199
38.2305613,-0.050496731,-0.0605767928,0.0398233123
38.2405193,-0.0437176526,-0.0518861003,0.0529726706
38.2504773,-0.0389021263,-0.0591703802,0.0605150089
38.2604353,-0.0338069648,-0.0768764019,0.0556491464
38.2703933,-0.0351963378,-0.105959989,0.0396414176
38.2803513,-0.0335664824,-0.138736039,0.0211881101
38.2903093,-0.0235082563,-0.177764937,0.00631222455
38.3002673,-0.010703777,-0.203903869,-0.0090893684
38.3102243,0.0142021058,-0.217524603,-0.0108380001
38.3201823,0.0708954781,-0.215220436,0.000692421861
38.3301403,0.141382694,-0.193148151,0.0113429353
38.3400983,0.198943198,-0.182357818,0.0223622974
38.3500563,0.236456215,-0.167829752,0.035950277
38.3600143,0.248498768,-0.175418958,0.0465874746
38.3699723,0.249548584,-0.181205213,0.0517734475
38.3799303,0.22946994,-0.176555857,0.045207426
38.3898883,0.182406023,-0.181178048,0.0132196648
38.3998453,0.104149573,-0.215937093,-0.0445858426
38.4098033,0.01425457,-0.24327977,-0.117601998
38.4197613,-0.081763573,-0.266279876,-0.192640826
38.4297193,-0.169108331,-0.289634466,-0.269112706
38.4396773,-0.227285355,-0.295325398,-0.341420978
38.4496353,-0.248236701,-0.274551928,-0.392947286
38.4595933,-0.224721789,-0.233466819,-0.414625406
38.4695513,-0.168357849,-0.173230633,-0.409928918
38.4795093,-0.0986339003,-0.0967814028,-0.386263549
38.4894673,-0.0522674657,-0.0246811118,-0.354298174
38.4994243,-0.0393053293,0.0238382202,-0.321405977
38.5093823,-0.0496229455,0.0599647984,-0.28164658
38.5193403,-0.0666535944,0.0530142151,-0.237051427
38.5292983,-0.0777075812,0.0248555485,-0.206591785
38.5392563,-0.0988259092,-0.0089900326,-0.185790643
38.5492143,-0.107231379,-0.0357723795,-0.154632181
38.5591723,-0.0858430043,-0.0368411057,-0.106779709
38.5691303,-0.0345063135,-0.0310359467,-0.0469424762
38.5790883,0.0284217875,-0.0335358568,0.00533963786
38.5890453,0.0767696127,-0.0516855642,0.0549468733
38.5990033,0.108327806,-0.0698283464,0.0834631994
38.6089613,0.119199626,-0.0825313628,0.0800461024
38.6189193,0.0963925794,-0.0897434652,0.0390054546
38.6288773,0.0371811911,-0.100510359,-0.0296428464
38.6388353,-0.0297831949,-0.108190656,-0.108123004
38.6487933,-0.0755259171,-0.104198307,-0.184449211
38.6587513,-0.0751323029,-0.0613365956,-0.244550362
38.6687093,-0.0406142734,0.018222414,-0.279933393
38.6786663,-0.00316783017,0.115258679,-0.286403805
38.6886243,0.0215207376,0.174513742,-0.266300648
38.6985823,0.0384669639,0.209005684,-0.232668936
38.7085403,0.0335997716,0.242123157,-0.199593797
38.7184983,0.00592207117,0.244440109,-0.174331591
38.7284563,-0.0323811099,0.232680917,-0.152588472
38.7384143,-0.0683148727,0.208564922,-0.139900908
38.7483723,-0.104884602,0.194369748,-0.138144553
38.7583303,-0.144068226,0.167417228,-0.14505519
38.7682873,-0.186615691,0.12852709,-0.15198794
38.7782453,-0.227638751,0.0896119103,-0.161675185
38.7882033,-0.260546088,0.0537564382,-0.16627793
38.7981613,-0.281449795,0.00219684164,-0.163131669
38.8081193,-0.275845438,-0.0501204245,-0.143859699
38.8180773,-0.251261532,-0.0900731683,-0.109068163
38.8280353,-0.222340927,-0.118166052,-0.0696688294
38.8379933,-0.185599953,-0.140475348,-0.0244566072
38.8479513,-0.139327526,-0.134416923,0.0144633614
38.8579083,-0.096217081,-0.114076771,0.0463342071
38.8678663,-0.0591964796,-0.0841678753,0.0728395879
38.8778243,-0.0384182297,-0.060124591,0.0882430449
38.8877823,-0.0308985282,-0.0443179309,0.0898446664
38.8977403,-0.0328921713,-0.0231641755,0.0852869377
38.9076983,-0.0453035645,-0.0142961154,0.0765970424
38.9176563,-0.049105227,-0.0105554387,0.0649257377
38.9276143,-0.0417367928,-0.00487464992,0.0479582064
38.9375713,-0.0304292776,0.000690025045,0.0287315138
38.9475293,-0.0220227446,-0.00122265727,0.0032458608
38.9574873,-0.0262007117,-0.00368821179,-0.0208536163
38.9674453,-0.0332865827,0.0141232759,-0.0414518341
38.9774033,-0.0457014404,0.0393926799,-0.0644042864
38.9873613,-0.0554294363,0.0671316311,-0.0840315223
38.9973193,-0.0620484576,0.110737696,-0.106447347
39.0072773,-0.0708765686,0.150798559,-0.123806365
39.0172353,-0.0829811692,0.19172895,-0.137726977
39.0271923,-0.103060335,0.235285223,-0.144164369
39.0371503,-0.111554757,0.260208428,-0.135696307
39.0471083,-0.0982107222,0.272755623,-0.118007064
39.0570663,-0.0618734881,0.271365464,-0.0920156762
39.0670243,-0.017009344,0.254603803,-0.0587586537
39.0769823,0.0249101426,0.220627189,-0.0255490355
39.0869403,0.0624998622,0.192213923,0.00867285021
39.0968983,0.0887421221,0.165212661,0.0396651216
39.1068563,0.104449444,0.142927587,0.0689404532
39.1168143,0.10519699,0.127300963,0.0922255367
39.1267713,0.106099539,0.115708224,0.119589515
39.1367293,0.113626428,0.104569286,0.153501138
39.1466878,0.130698353,0.0930713564,0.193562537
39.1566458,0.152486205,0.0907080621,0.234400257
39.1666038,0.173965141,0.0856278166,0.27047196
39.1765618,0.190101236,0.0897860751,0.297898263
39.1865198,0.192528963,0.0932617709,0.312796265
39.1964778,0.180454731,0.0882997662,0.317480236
39.2064348,0.167201504,0.0755384341,0.321088552
39.2163928,0.166544765,0.0568502322,0.32104513
39.2263508,0.17213209,0.0517747812,0.313621312
39.2363088,0.179545254,0.0659976602,0.300304174
39.2462668,0.181149021,0.0909570679,0.296729684
39.2562248,0.175871968,0.0982498676,0.294618309
39.2661828,0.156517178,0.0714363679,0.282665789
39.2761408,0.124794394,0.00495054992,0.26116237
39.2860988,0.0775752217,-0.0606289916,0.235728636
39.2960558,0.0199353583,-0.118811607,0.205483645
39.3060138,-0.0558795109,-0.170779735,0.158205345
39.3159718,-0.139000759,-0.228666201,0.0913903639
39.3259298,-0.193397164,-0.290390015,0.0280143246
39.3358878,-0.199231341,-0.308241993,-0.0173313189
39.3458458,-0.134799361,-0.291720003,-0.0370291248
39.3558038,-0.00609810604,-0.236695632,-0.0209423006
39.3657618,0.148460314,-0.130796894,0.0153970653
39.3757198,0.283167273,-0.0313139819,0.0589698441
39.3856768,0.340897679,0.0373918451,0.0988312364
39.3956348,0.324469417,0.058203917,0.118154071
39.4055928,0.263585567,0.0881034955,0.119277656
39.4155508,0.190378726,0.133534357,0.117911458
39.4255088,0.138705686,0.17142421,0.120539993
39.4354668,0.116881348,0.17852287,0.128533736
39.4454248,0.103657953,0.158565938,0.131490111
39.4553828,0.0814418644,0.117545269,0.138798356
39.4653398,0.0419344008,0.0472910814,0.143862367
39.4752978,-0.0237764362,-0.0852858722,0.13527739
39.4852558,-0.113929234,-0.297346205,0.107914217
39.4952138,-0.232852951,-0.520677805,0.0534738787
39.5051718,-0.363081813,-0.699329853,-0.0177755356
39.5151298,-0.464998305,-0.783830881,-0.0854019821
39.5250878,-0.496326417,-0.707163274,-0.125563785
39.5350458,-0.43156898,-0.504742265,-0.123023391
39.5450038,-0.271760404,-0.249551505,-0.0827481449
39.5549608,-0.0916039497,0.0108353375,-0.030095052
39.5649188,0.0140417833,0.204457,0.0245434269
39.5748768,0.0153057193,0.308232129,0.0787038654
39.5848348,-0.0510000661,0.334650964,0.129199266
39.5947928,-0.127020538,0.316516697,0.176362246
39.6047508,-0.18398422,0.235074565,0.219765916
39.6147088,-0.197587907,0.123022325,0.26032266
39.6246668,-0.168947741,0.0118199075,0.304228067
39.6346248,-0.119061679,-0.0923344567,0.338399351
39.6445818,-0.0736286789,-0.178809956,0.35127148
39.6545398,-0.0446971655,-0.230971426,0.351087183
39.6644978,-0.0327438302,-0.266604781,0.338448346
39.6744558,-0.0461326092,-0.283014119,0.308007628
39.6844138,-0.0859798864,-0.278550148,0.261439323
39.6943718,-0.138995975,-0.267927855,0.218446046
39.7043298,-0.183710441,-0.259235024,0.177819535
39.7142878,-0.200449735,-0.238260776,0.142917201
39.7242448,-0.177585974,-0.218981609,0.115672804
39.7342028,-0.121342137,-0.211512774,0.0985036716
39.7441608,-0.0406829827,-0.202988267,0.0878686011
39.7541188,0.0477930903,-0.173802152,0.0842584223
39.7640768,0.124450579,-0.144981429,0.0790138617
39.7740348,0.173161924,-0.111651696,0.0649584904
39.7839928,0.172018901,-0.0898071155,0.0383103713
39.7939508,0.131873608,-0.0922785327,0.00493856566
39.8039088,0.0836746544,-0.0718664676,-0.0363787785
39.8138658,0.040588174,-0.038521558,-0.073195383
39.8238238,0.0125810392,-0.0191198979,-0.107770406
39.8337818,0.00233346177,-0.0182570349,-0.136120826
39.8437398,0.00529942429,-0.0196741018,-0.156256452
39.8536978,0.023837423,-0.0219119564,-0.165383905
39.8636558,0.0474956147,-0.0130891707,-0.164642215
39.8736138,0.0606758632,-0.0129504194,-0.156593874
39.8835718,0.0509766303,-0.0249588788,-0.152798072
39.8935298,0.0323257148,-0.0548760332,-0.155591995
39.9034868,0.0245727208,-0.0839612111,-0.163208902
39.9134448,0.0249594115,-0.130645365,-0.175744131
39.9234028,0.031168839,-0.186036721,-0.19731307
39.9333608,0.0352900811,-0.238318294,-0.223904461
39.9433188,0.0404984243,-0.266850322,-0.248685986
39.9532768,0.0458899923,-0.263473451,-0.269052505
39.9632348,0.0622066483,-0.217948049,-0.279745638
39.9731928,0.0868289024,-0.132808119,-0.282703608
39.9831498,0.0957646072,-0.0428593159,-0.279821515
39.9931078,0.0854781494,0.0339427851,-0.266606122
40.0030658,0.0592763722,0.0694381967,-0.240242168
40.0130238,0.0227433965,0.0655862018,-0.201063603
40.0229818,-0.0197337568,0.0511361547,-0.156445265
40.0329398,-0.0661515892,0.0361662582,-0.110595487
40.0428978,-0.123594373,0.0159166493,-0.0729005709
40.0528558,-0.192339614,-0.000618386024,-0.049348373
40.0628138,-0.25219363,-0.0151906712,-0.0509444065
40.0727708,-0.292667806,-0.044576522,-0.0856294185
40.0827288,-0.289477885,-0.0823872834,-0.157799482
40.0926868,-0.263718724,-0.111908689,-0.27041471
40.1026448,-0.224127904,-0.140847668,-0.386227876
40.1126028,-0.195523962,-0.161447212,-0.481116295
40.1225608,-0.148702651,-0.111026123,-0.522722065
40.1325188,-0.0583453327,-0.0125261778,-0.498714715
40.1424768,0.0636058748,0.116392925,-0.431518912
40.1524334,0.190378204,0.257959634,-0.340018809
40.1623914,0.288466424,0.362111062,-0.232775465
40.1723494,0.337195337,0.418226272,-0.115364939
40.1823074,0.348693281,0.417093635,0.000529170095
40.1922654,0.333784103,0.363098562,0.102011323
40.2022234,0.318796366,0.28042233,0.170724064
40.2121814,0.30309543,0.209609956,0.180809468
40.2221394,0.271524191,0.166367143,0.12895
40.2320974,0.21224381,0.107695572,0.0243311729
40.2420544,0.129744947,0.0118867531,-0.113027222
40.2520124,0.0497385263,-0.101004913,-0.266159236
40.2619704,-0.0281789079,-0.191558242,-0.411663979
40.2719284,-0.102500543,-0.232906222,-0.541862726
40.2818864,-0.152096063,-0.206690863,-0.632829368
40.2918444,-0.178979069,-0.124011159,-0.681156456
40.3018024,-0.18261908,-0.0176698081,-0.681803346
40.3117604,-0.170523271,0.0999186039,-0.642539561
40.3217174,-0.14463149,0.223494068,-0.581562757
40.3316754,-0.125400797,0.348170489,-0.507130861
40.3416334,-0.120323747,0.474031478,-0.412962526
40.3515914,-0.141755536,0.577336013,-0.315635979
40.3615494,-0.185696363,0.637892067,-0.232473984
40.3715074,-0.220861539,0.667971671,-0.163595051
40.3814654,-0.22922653,0.665378273,-0.114775315
40.3914234,-0.211810514,0.655175149,-0.0862243697
40.4013814,-0.173348889,0.637073934,-0.0712214485
40.4113384,-0.121811122,0.590600967,-0.0761219338
40.4212964,-0.0736372024,0.517092645,-0.094174169
40.4312544,-0.0522245876,0.402992994,-0.115134045
40.4412124,-0.0602465607,0.262295008,-0.134328514
40.4511704,-0.089442797,0.104130931,-0.147543922
40.4611284,-0.117428891,-0.0569021665,-0.158987254
40.4710864,-0.128082335,-0.181639835,-0.161850691
40.4810444,-0.131599844,-0.265880406,-0.161116987
40.4910014,-0.14473775,-0.335658163,-0.161605671
40.5009594,-0.177650154,-0.388445735,-0.167069688
40.5109174,-0.206020012,-0.413320214,-0.163963109
40.5208754,-0.205363274,-0.431502134,-0.166197762
40.5308334,-0.182728529,-0.431314379,-0.163636073
40.5407914,-0.135491788,-0.407518238,-0.140240192
40.5507494,-0.0622133054,-0.325534701,-0.0810453147
40.5607074,0.0241040047,-0.214941606,0.00930108968
40.5706654,0.116183333,-0.0696509853,0.114680246
40.5806224,0.198868096,0.100099705,0.22034888
40.5905804,0.25143224,0.232801557,0.312368035
40.6005384,0.273971885,0.333149731,0.380969971
40.6104964,0.276691258,0.410905778,0.43610701
40.6204544,0.264585584,0.454053253,0.477947146
40.6304124,0.23969382,0.447472841,0.506135106
40.6403704,0.225866154,0.39366129,0.523277342
40.6503284,0.244435579,0.329924911,0.528894722
40.6602854,0.280349374,0.257385999,0.532768846
40.6702434,0.318620056,0.162824064,0.527476847
40.6802014,0.354254752,0.0638277158,0.515101135
40.6901594,0.376155257,-0.0383423306,0.504922807
40.7001174,0.389050275,-0.110783771,0.491966009
40.7100754,0.398111939,-0.114005134,0.483871609
40.7200334,0.414347112,0.000525708019,0.484633803
40.7299914,0.429922611,0.155647382,0.492268533
40.7399494,0.423270047,0.257169753,0.502074599
40.7499064,0.387547463,0.280355215,0.50237149
40.7598644,0.33844623,0.269705504,0.498299003
40.7698224,0.273600399,0.250449002,0.494184434
40.7797804,0.173902825,0.188094273,0.470553935
40.7897384,0.0318862945,0.0679332465,0.409733444
40.7996964,-0.122783974,-0.0743506625,0.321274966
40.8096544,-0.232590094,-0.176021099,0.230541602
40.8196124,-0.248220727,-0.207313508,0.170409292
40.8295694,-0.16114521,-0.191175818,0.154152557
40.8395274,0.00975382701,-0.154339775,0.178698108
40.8494854,0.217600226,-0.0950993523,0.234961912
40.8594434,0.381996363,-0.0159169156,0.288869619
40.8694014,0.446704268,0.0147611033,0.32385397
40.8793594,0.407442868,-0.00893517211,0.334076524
40.8893174,0.291329056,-0.02805507,0.334621131
40.8992754,0.114625648,-0.0680038184,0.33138752
40.9092324,-0.0894332081,-0.139048964,0.326978385
40.9191904,-0.276631862,-0.245994583,0.30841428
40.9291484,-0.402232677,-0.344499588,0.278120846
40.9391064,-0.459351599,-0.383995861,0.232260406
40.9490644,-0.458270639,-0.401316792,0.171849251
40.9590224,-0.404372782,-0.38208586,0.116916232
40.9689804,-0.297057241,-0.306755424,0.08510717
40.9789384,-0.168296859,-0.170075864,0.093406111
40.9888964,-0.0657246858,-0.0278233755,0.13188985
40.9988534,-0.00539077073,0.100796916,0.202876419
41.0088114,0.0234912112,0.212657675,0.308303505
41.0187694,0.0282004792,0.293861181,0.432188153
41.0287274,0.00614417903,0.320315152,0.552675962
41.0386854,-0.0490983054,0.295638055,0.643710017
41.0486434,-0.122569591,0.249093175,0.69404453
41.0586014,-0.197339967,0.182657167,0.707747042
41.0685594,-0.258190542,0.10801062,0.680998504
41.0785164,-0.294721663,0.0488205366,0.623438299
41.0884744,-0.294630051,-0.00165302411,0.54462254
41.0984324,-0.26824078,-0.0529612191,0.450280875
41.1083904,-0.222685799,-0.0993684009,0.354535967
41.1183484,-0.156505182,-0.146866679,0.275833964
41.1283064,-0.0906665176,-0.179074407,0.212142885
41.1382644,-0.0441032797,-0.195714116,0.151285395
41.1482224,-0.0220275372,-0.187284678,0.102706142
41.1581794,-0.0236747023,-0.154788509,0.0716893673
41.1681374,-0.0427884758,-0.101969771,0.0557833724
41.1780954,-0.0734470561,-0.0492493063,0.0480271801
41.1880534,-0.0936452672,-0.0105447862,0.0339036398
41.1980114,-0.106905408,0.0261471812,0.00702808192
41.2079694,-0.121590614,0.0552707128,-0.031263113
41.2179274,-0.138536841,0.0720579475,-0.0760481656
41.2278854,-0.154784516,0.101878427,-0.115883462
41.2378434,-0.152516842,0.138061196,-0.141465515
41.2478004,-0.128952652,0.133954078,-0.169817537
41.2577584,-0.105314702,0.103054211,-0.202499047
41.2677164,-0.0867796391,0.0583051182,-0.227345005
41.2776744,-0.0692155585,0.000594417565,-0.231811658
41.2876324,-0.052881591,-0.0590231046,-0.225861892
41.2975904,-0.0454191454,-0.121928565,-0.216813266
41.3075484,-0.0318844281,-0.17108573,-0.212909877
41.3175064,-0.0168487541,-0.196957275,-0.22734873
41.3274634,-0.00435799686,-0.209131375,-0.255634964
41.3374214,0.00272734324,-0.207116693,-0.293412983
41.3473794,-0.00205276464,-0.21169813,-0.34598431
41.3573374,-0.0166660622,-0.223634422,-0.40116182
41.3672954,-0.0231979974,-0.243007854,-0.441073269
41.3772534,-0.0105194859,-0.249160826,-0.456721723
41.3872114,0.010583668,-0.25711596,-0.454577893
41.3971694,0.0328309163,-0.254745752,-0.446733564
41.4071264,0.0454878546,-0.221393377,-0.438205034
41.4170844,0.0548150465,-0.169569328,-0.41570425
41.4270424,0.0635808408,-0.0848605633,-0.385949284
41.4370004,0.0511057936,-0.0228129048,-0.364779562
41.4469584,-0.00152918708,-0.0674426928,-0.373815924
41.4569164,-0.0702230334,-0.135497913,-0.417040646
41.4668744,-0.150316536,-0.17979826,-0.468709946
41.4768324,-0.254177153,-0.264791727,-0.520784616
41.4867904,-0.353448868,-0.392435163,-0.569014192
41.4967474,-0.408635974,-0.451530159,-0.591281652
41.5067054,-0.379526824,-0.400082946,-0.567441881
41.5166634,-0.259996951,-0.255139351,-0.495103478
41.5266214,-0.0764170066,-0.0809718147,-0.400132507
41.5365794,0.0709519386,0.00969896652,-0.326503277
41.5465374,0.0915064812,-0.0583879426,-0.311525941
41.5564954,-0.0200296342,-0.123765618,-0.325949609
41.5664534,-0.170814082,-0.111814417,-0.302228838
41.5764104,-0.235332891,-0.0253905784,-0.224692494
41.5863684,-0.169535503,0.101601988,-0.124977089
41.5963264,-0.00658626342,0.201431915,-0.0354208425
41.6062844,0.189201608,0.277742386,0.0409024246
41.6162424,0.341280371,0.334643751,0.116513565
41.6262004,0.402283788,0.337482959,0.188517988
41.6361584,0.394934535,0.279968262,0.251642078
41.6461164,0.347170472,0.202751249,0.267968059
41.6560734,0.254577965,0.112032264,0.213796973
41.6660314,0.113614976,0.0205739848,0.0806980431
41.6759894,-0.0480037443,-0.0396994762,-0.102639824
41.6859474,-0.187599197,-0.0614945181,-0.291804165
41.6959054,-0.264848173,-0.0265519824,-0.460188895
41.7058634,-0.273444593,0.0516789071,-0.592002332
41.7158214,-0.21136418,0.145815253,-0.677385688
41.7257794,-0.106910467,0.307554901,-0.679788113
41.7357364,-0.00419261446,0.481394589,-0.622865677
41.7456944,0.0488050915,0.603135407,-0.53486979
41.7556524,0.0503651686,0.659410655,-0.437648714
41.7656104,0.00310338149,0.652751148,-0.34726128
41.7755684,-0.0710115954,0.562339246,-0.265933156
41.7855264,-0.135573804,0.445268542,-0.200667322
41.7954844,-0.178492785,0.330100149,-0.156932086
41.8054424,-0.197682187,0.21743378,-0.139606893
41.8153994,-0.196117312,0.111596033,-0.147628605
41.8253574,-0.186792254,0.0226017162,-0.171833545
41.8353154,-0.186263353,-0.0555210486,-0.19631812
41.8452734,-0.187664166,-0.121703796,-0.226901591
41.8552314,-0.180218235,-0.147835538,-0.252507627
41.8651894,-0.150459811,-0.116403572,-0.267461807
41.8751474,-0.112792596,-0.0445232578,-0.266422361
41.8851054,-0.0830706507,0.0139927808,-0.244974867
41.8950624,-0.0645185411,0.0487275906,-0.216637239
41.9050204,-0.0577197559,0.0912031457,-0.186728343
41.9149784,-0.0630860254,0.114902884,-0.15316318
41.9249364,-0.0712683201,0.095298022,-0.130503416
41.9348944,-0.0616452545,0.0644221306,-0.114641361
41.9448524,-0.024875788,0.0708392859,-0.101096258
41.9548104,0.0356461443,0.102647014,-0.0805592909
41.9647684,0.116541259,0.147258162,-0.0545695014
41.9747254,0.199099779,0.198614031,-0.0240603294
41.9846834,0.274166048,0.260354608,0.0203380287
41.9946414,0.336428881,0.326263607,0.0742886141
42.0045994,0.370266736,0.363394976,0.133824915
42.0145574,0.385490686,0.371635884,0.18823728
42.0245154,0.391823173,0.363117486,0.236249283
42.0344734,0.410782218,0.361719072,0.276264071
42.0444314,0.434117079,0.371231079,0.309162378
42.0543884,0.446870178,0.344090253,0.326793551
42.0643464,0.427879959,0.31135124,0.330240488
42.0743044,0.419732302,0.234821305,0.343695045
42.0842624,0.443111122,0.257968694,0.377071649
42.0942204,0.492760956,0.282835156,0.417103231
42.1041784,0.519051135,0.202408761,0.435562134
42.1141364,0.49223578,0.0883679464,0.422936618
42.1240944,0.389095813,0.0147054428,0.384763122
42.1340514,0.212834507,-0.0641590133,0.325856656
42.1440094,-0.00378488447,-0.169117913,0.244230509
42.1539678,-0.205252752,-0.254899412,0.147987336
42.1639258,-0.32311973,-0.28687492,0.0604375117
42.1738838,-0.352972716,-0.259641945,0.0147504499
42.1838418,-0.292131186,-0.241773218,0.0256997701
42.1937998,-0.13114737,-0.18972972,0.0927890614
42.2037578,0.0944396853,-0.0950601995,0.196190551
42.2137148,0.319252282,0.00964330602,0.308007091
42.2236728,0.4970119,0.138238564,0.412678391
42.2336308,0.584848821,0.232098743,0.486686021
42.2435888,0.556223273,0.277702987,0.520465851
42.2535468,0.451409787,0.308706701,0.52383101
42.2635048,0.300487131,0.302248538,0.509053409
42.2734628,0.145106852,0.223673567,0.489809662
42.2834208,0.0119061945,0.0818892717,0.472631991
42.2933778,-0.0792916268,-0.0923168808,0.445731938
42.3033358,-0.117494404,-0.273893327,0.406942725
42.3132938,-0.104576208,-0.397560954,0.355910182
42.3232518,-0.0533172823,-0.451419115,0.300355554
42.3332098,0.0250731297,-0.449412167,0.246081412
42.3431678,0.101903729,-0.381202757,0.209136173
42.3531258,0.141240209,-0.278533101,0.194886938
42.3630838,0.12496271,-0.179981753,0.205150753
42.3730408,0.0542387366,-0.126036763,0.229965553
42.3829988,-0.0621296838,-0.115204617,0.256201953
42.3929568,-0.189451948,-0.138943776,0.295248687
42.4029148,-0.306331426,-0.199366629,0.33775568
42.4128728,-0.390612215,-0.262299806,0.369862199
42.4228308,-0.427033097,-0.303833932,0.394478083
42.4327888,-0.440361679,-0.317765176,0.398271203
42.4427458,-0.415160716,-0.343309164,0.390817016
42.4527038,-0.350702882,-0.337559134,0.384756207
42.4626618,-0.286071688,-0.307475001,0.372404456
42.4726198,-0.249148309,-0.259379894,0.352050453
42.4825778,-0.246202052,-0.19102481,0.337898135
42.4925358,-0.265115291,-0.116117552,0.337978572
42.5024938,-0.293015897,-0.0515510738,0.348339856
42.5124518,-0.314551532,0.00443602726,0.359135807
42.5224088,-0.329953671,0.0497222841,0.365879446
42.5323668,-0.339656889,0.0833819732,0.370238245
42.5423248,-0.333765715,0.111886591,0.374255627
42.5522828,-0.316241592,0.140068427,0.373299271
42.5622408,-0.297458321,0.144386739,0.358441502
42.5721988,-0.276248634,0.114689298,0.33461687
42.5821568,-0.258222491,0.0631243736,0.289447784
42.5921148,-0.237086847,0.00356251048,0.233430862
42.6020718,-0.218562439,-0.0771033093,0.172710255
42.6120298,-0.197107479,-0.174699098,0.113997944
42.6219878,-0.158233583,-0.280412763,0.0642319843
42.6319458,-0.0823947415,-0.395107627,0.0203052722
42.6419038,0.0149797481,-0.507266641,-0.0225596372
42.6518618,0.123769082,-0.597714305,-0.0547644459
42.6618198,0.229649439,-0.630633891,-0.0829468146
42.6717778,0.303097546,-0.599701822,-0.122463599
42.6817348,0.322432369,-0.534266889,-0.17777665
42.6916928,0.297388554,-0.464141846,-0.240668535
42.7016508,0.247612193,-0.392279625,-0.302334309
42.7116088,0.200940028,-0.288618475,-0.349669576
42.7215668,0.185163468,-0.115894645,-0.35553652
42.7315248,0.191308707,0.0806937814,-0.310566664
42.7414828,0.188127026,0.260347694,-0.223942548
42.7514398,0.154738441,0.412966281,-0.138937116
42.7613978,0.0870510116,0.534834921,-0.110847957
42.7713558,-0.0315472744,0.600376368,-0.130293295
42.7813138,-0.199187934,0.540637672,-0.209992915
42.7912718,-0.405188501,0.375059366,-0.355563968
42.8012298,-0.578957379,0.180386558,-0.523521245
42.8111878,-0.651355922,0.0498021767,-0.65082705
42.8211458,-0.592614353,0.00396970799,-0.700371921
42.8311028,-0.421947241,0.0326775201,-0.677445829
42.8410608,-0.171003431,0.0943584591,-0.610607684
42.8510188,0.108595185,0.216294482,-0.512156248
42.8609768,0.344020754,0.384521574,-0.390049756
42.8709348,0.500161111,0.5023489,-0.262106717
42.8808928,0.56966269,0.551597118,-0.150778323
42.8908508,0.565967023,0.540712774,-0.072583653
42.9008088,0.511775911,0.479790568,-0.0240664538
42.9107658,0.432108521,0.380413651,0.00962120201
42.9207238,0.351922899,0.280374408,0.0248305146
42.9306818,0.296630591,0.204576582,0.0315576605
42.9406398,0.284630656,0.14766109,0.0284702573
42.9505978,0.304607034,0.117325827,0.00873836409
42.9605558,0.332147062,0.0908936858,-0.0393213071
42.9705138,0.327753901,0.0492445119,-0.112395786
42.9804718,0.261576742,-0.00220216787,-0.2210152
42.9904288,0.138518736,-0.0379266106,-0.346567541
43.0003868,-0.0285586733,-0.0294497684,-0.476825148
43.0103448,-0.218660176,0.0205580052,-0.593394339
43.0203028,-0.398241639,0.0825076625,-0.682461917
43.0302608,-0.529742956,0.149136752,-0.756070614
43.0402188,-0.608301938,0.210466683,-0.802676201
43.0501768,-0.631598771,0.212998822,-0.811746955
43.0601338,-0.594056666,0.193783045,-0.777715743
43.0700918,-0.507953227,0.173684448,-0.709030926
43.0800498,-0.412222981,0.15266411,-0.626000226
43.0900078,-0.323877394,0.146689579,-0.530296087
43.0999658,-0.253664762,0.11959777,-0.432432383
43.1099238,-0.194764689,0.103421196,-0.342578918
43.1198818,-0.151445717,0.0888505131,-0.268289238
43.1298398,-0.128588066,0.0732292086,-0.220422119
43.1397968,-0.124423951,0.0692368597,-0.190296978
43.1497549,-0.131432593,0.076700367,-0.169958949
43.1597129,-0.147840589,0.0769552365,-0.159530535
43.1696709,-0.174076989,0.0632665902,-0.162032574
43.1796289,-0.190148368,0.0391862839,-0.168661982
43.1895869,-0.205233574,-0.00844275299,-0.180086687
43.1995449,-0.209652558,-0.0617435239,-0.194190517
43.2095019,-0.196264058,-0.0976517275,-0.201374397
43.2194599,-0.172243401,-0.132742599,-0.203627154
43.2294179,-0.147650182,-0.186647117,-0.211259514
43.2393759,-0.133934632,-0.224800885,-0.230797797
43.2493339,-0.13053751,-0.229277402,-0.24332583
43.2592919,-0.117570303,-0.200451866,-0.243093073
43.2692499,-0.0979071185,-0.158072993,-0.234660447
43.2792079,-0.0679028854,-0.100873351,-0.218670025
43.2891649,-0.0373348556,-0.0353047289,-0.199317634
43.2991229,-0.0130233904,0.017811222,-0.164731964
43.3090809,-0.0086347675,0.0669902191,-0.12294057
43.3190389,-0.0409221314,0.113880232,-0.0745184422
43.3289969,-0.0849007741,0.158080444,-0.0223162249
43.3389549,-0.129867718,0.191188067,0.0236874856
43.3489129,-0.173867926,0.206629068,0.0569034964
43.3588699,-0.213458747,0.210173741,0.0862254351
43.3688279,-0.243243545,0.232874259,0.109546199
43.3787859,-0.281268418,0.288009942,0.123445772
43.3887439,-0.330068707,0.364776373,0.132496253
43.3987019,-0.404008985,0.428138822,0.137801006
43.4086599,-0.496338397,0.482297659,0.1364135
43.4186179,-0.585604072,0.499805838,0.133194
43.4285759,-0.641688406,0.40474695,0.145104468
43.4385329,-0.606645703,0.188269243,0.168719769
43.4484909,-0.481122941,-0.047155261,0.195462435
43.4584489,-0.247923255,-0.301173955,0.238899127
43.4684069,0.0539465882,-0.488547832,0.303168386
43.4783649,0.354464889,-0.505958021,0.371746659
43.4883229,0.589321852,-0.445820361,0.436793029
43.4982809,0.709781706,-0.395999789,0.466048121
43.5082389,0.731310666,-0.375721425,0.458690614
43.5181959,0.65373683,-0.352819562,0.443037093
43.5281539,0.481785268,-0.41448161,0.430370301
43.5381119,0.251702547,-0.591255307,0.408277512
43.5480699,0.0176154785,-0.803902864,0.3555336
43.5580279,-0.160622433,-0.966849446,0.290866464
43.5679859,-0.21737653,-1.04988337,0.228639841
43.5779439,-0.133182555,-1.00332093,0.179211304
43.5879009,0.0580345392,-0.894659936,0.151744261
43.5978589,0.304252028,-0.705033839,0.159738526
43.6078169,0.530547202,-0.447549284,0.204780579
43.6177749,0.693119645,-0.211046726,0.265313685
43.6277329,0.759637415,-0.0124470824,0.321567655
43.6376909,0.709473848,0.170317411,0.359209836
43.6476489,0.55088526,0.328351527,0.382938594
43.6576059,0.30447042,0.4410927,0.391792536
43.6675639,0.0229053162,0.449440658,0.385178834
43.6775219,-0.244770601,0.32581991,0.350192904
43.6874799,-0.462678164,0.111989118,0.281572819
43.6974379,-0.59623009,-0.0792511478,0.191523358
43.7073959,-0.627586961,-0.242332473,0.1017498
43.7173539,-0.569189131,-0.381605953,0.00502751535
43.7273119,-0.433643043,-0.481285125,-0.101966046
43.7372689,-0.248581588,-0.511957824,-0.204807207
43.7472269,-0.0588313602,-0.483201295,-0.279549092
43.7571849,0.0814594403,-0.410018414,-0.307586312
43.7671429,0.146819532,-0.293956786,-0.276876062
43.7771009,0.155325413,-0.15020521,-0.198193252
43.7870589,0.124810643,0.0163803045,-0.0860794932
43.7970169,0.0842115507,0.182735458,0.044692371
43.8069739,0.0403551459,0.313658059,0.177668259
43.8169319,-0.0177843235,0.387147725,0.283586979
43.8268899,-0.0757251233,0.413315415,0.353619069
43.8368479,-0.117579624,0.407189339,0.377824515
43.8468059,-0.139017805,0.378682852,0.356142938
43.8567639,-0.133131683,0.317938566,0.303142041
43.8667219,-0.0916806534,0.250054032,0.244446233
43.8766799,-0.0225662962,0.200803682,0.201058015
43.8866369,0.0464710966,0.167714432,0.173796564
43.8965949,0.0842128843,0.138632715,0.149260327
43.9065529,0.0840717331,0.13005814,0.126674592
43.9165109,0.0632937476,0.150253952,0.106997825
43.9264689,0.0299845301,0.199909121,0.0908081979
43.9364269,-0.00505734282,0.256260544,0.0717444941
43.9463849,-0.037430197,0.288494378,0.0560177304
43.9563419,-0.0474154539,0.288257897,0.0559085384
43.9662999,-0.0287983585,0.26932627,0.0710336939
43.9762579,0.00765845226,0.246803924,0.0825332254
43.9862159,0.0539154299,0.214708835,0.0786721781
43.9961739,0.0985681191,0.178861365,0.0620894693
44.0061319,0.12778832,0.160849065,0.0342469215
44.0160899,0.13036333,0.139041781,0.00227833423
44.0260469,0.117671236,0.107801564,-0.0289365761
44.0360049,0.105114967,0.0881961733,-0.0536118299
44.0459629,0.0960905775,0.070196934,-0.0683625489
44.0559209,0.0915765241,0.0399484821,-0.0725762025
44.0658789,0.0790162534,0.00838363077,-0.0654913932
44.0758369,0.0546446033,-0.0224286094,-0.0549889505
44.0857949,0.0281394925,-0.0502836779,-0.0510149822
44.0957519,0.00343840732,-0.0635097325,-0.0484381057
44.1057099,-0.00261096307,-0.0756966248,-0.0501036458
44.1156679,0.00884728692,-0.0871876329,-0.053536728
44.1256259,0.0398608632,-0.0928276777,-0.0482759215
44.1355839,0.0714483485,-0.0936955959,-0.0358373597
44.1455419,0.0943174437,-0.10250587,-0.0242030732
44.1555,0.10046003,-0.11145249,-0.0197481383
44.165458,0.0834829062,-0.103863284,-0.0266169626
44.175415,0.0379063711,-0.0797238573,-0.0415013693
44.185373,-0.0225106347,-0.0534794703,-0.0529553592
44.195331,-0.0831604004,-0.0467169061,-0.0686823949
44.205289,-0.144782752,-0.018852517,-0.0789866969
44.215247,-0.208718598,0.0276643839,-0.0821076557
44.225205,-0.292459041,0.0975406691,-0.0902742371
44.235163,-0.373869717,0.19579187,-0.0901064575
44.24512,-0.425987273,0.290690958,-0.0760875791
44.255078,-0.424535841,0.371145576,-0.0663409382
44.265036,-0.382595569,0.430058688,-0.0693641603
44.274994,-0.294807941,0.408879906,-0.082787022
44.284952,-0.160919636,0.341070503,-0.0926292688
44.29491,-0.0127962222,0.183262765,-0.11955303
44.304868,0.123340309,-0.0489172079,-0.171996802
44.314825,0.238934547,-0.295168519,-0.242689341
44.324783,0.308950663,-0.531796753,-0.333972394
44.334741,0.316382736,-0.756344914,-0.442166775
44.344699,0.277054518,-0.956263125,-0.558606803
44.354657,0.244662747,-1.05956948,-0.661584616
44.364615,0.259614259,-1.04784358,-0.73164171
44.374573,0.33781001,-0.917780161,-0.755681276
44.38453,0.45958969,-0.70029819,-0.732392192
44.394488,0.559749067,-0.421349913,-0.681980968
44.404446,0.580592275,-0.129125223,-0.609770954
44.414404,0.519919336,0.137956798,-0.524331927
44.424362,0.415923178,0.363907099,-0.436648428
44.43432,0.293059826,0.545545638,-0.344230354
44.444278,0.167266488,0.649579048,-0.252340645
44.454236,0.0422198921,0.66613251,-0.171958983
44.464193,-0.0603256598,0.607773066,-0.110425577
44.474151,-0.123418607,0.511740267,-0.0700571164
44.484109,-0.145353734,0.378114015,-0.0563599467
44.494067,-0.144087926,0.235071629,-0.0824621171
44.504025,-0.12644662,0.102464855,-0.129193678
44.513983,-0.103075787,1.67779144E-05,-0.185826585
44.523941,-0.0768297985,-0.0857617781,-0.240254149
44.533898,-0.0565309189,-0.141241014,-0.294523239
44.543856,-0.0621475279,-0.149099469,-0.339552492
44.553814,-0.0983015373,-0.154823408,-0.364112169
44.563772,-0.156232208,-0.165228367,-0.356792748
44.57373,-0.202307835,-0.152056381,-0.327285975
44.583688,-0.225352168,-0.118462995,-0.278724045
44.593646,-0.227101058,-0.0870499462,-0.229434252
44.603603,-0.225573212,-0.064584583,-0.185228452
44.613561,-0.215501398,-0.0418766104,-0.131638184
44.623519,-0.194034725,-0.0167062748,-0.0774508491
44.633477,-0.160066903,0.00622700341,-0.0260662213
44.643435,-0.11743129,0.0368490927,0.0131477602
44.653393,-0.081605114,0.0505286865,0.0449672081
44.663351,-0.0537401922,0.0617323406,0.0657294765
44.673308,-0.0564443655,0.0709740445,0.0759919658
44.683266,-0.0661843494,0.0821915418,0.0834972933
44.693224,-0.0770923868,0.0923397839,0.0966919214
44.703182,-0.0808559656,0.0935749561,0.108623147
44.71314,-0.0869122595,0.0921224728,0.1135737
44.723098,-0.107186906,0.0855231583,0.112117484
44.733056,-0.136015356,0.0695103705,0.109542206
44.743013,-0.167351171,0.0385902673,0.102801479
44.752971,-0.181614265,-0.00663766265,0.0986605287
44.762929,-0.163265884,-0.0544046536,0.100339122
44.772887,-0.12312033,-0.0972115025,0.10627877
44.782845,-0.0646351874,-0.115380652,0.122211397
44.792803,0.0166500825,-0.107335776,0.155328065
44.802761,0.105892077,-0.0659486577,0.200616196
44.812718,0.176017106,-0.00724140136,0.244170859
44.822676,0.222631484,0.0819310844,0.283802688
44.832634,0.248488903,0.201384246,0.328920901
44.842592,0.25494042,0.302362531,0.383484542
44.85255,0.227457121,0.353651017,0.420473188
44.862508,0.182373807,0.373585045,0.443938553
44.872466,0.138647899,0.354869664,0.463437974
44.882424,0.101620637,0.273456037,0.473826408
44.892381,0.0733655617,0.135554895,0.468301952
44.902339,0.0536736138,-0.0311414078,0.450406581
44.912297,0.0446870439,-0.189676464,0.430392116
44.922255,0.0579945929,-0.308019072,0.419212699
44.932213,0.111183777,-0.356557578,0.40721783
44.942171,0.206290856,-0.264824748,0.41758579
44.952129,0.330426663,-0.0397167876,0.463048875
44.962086,0.395928442,0.179309309,0.505847454
44.972044,0.36104396,0.26724422,0.505818725
44.982002,0.236723065,0.318269849,0.475976139
44.99196,0.0559295788,0.334100217,0.446676821
45.001918,-0.146871209,0.286726028,0.418443054
45.011876,-0.317695677,0.162094891,0.379693806
45.021833,-0.419716835,-0.0131562818,0.333910584
45.031791,-0.428743899,-0.182096034,0.288004369
45.041749,-0.35651046,-0.30488506,0.256666929
45.051707,-0.201547757,-0.357790619,0.243030757
45.061665,-0.00840839837,-0.337540478,0.245249435
45.071623,0.164867774,-0.278494745,0.249918222
45.081581,0.274342865,-0.201177582,0.266258061
45.091539,0.310339212,-0.135423332,0.267515868
45.101496,0.294192731,-0.0870898962,0.250673771
45.111454,0.235540882,-0.0399431549,0.219945416
45.121412,0.129385158,-0.0539761484,0.17883499
45.13137,-0.00753248483,-0.125213042,0.13852939
45.141328,-0.126800552,-0.209551096,0.108638331
45.1512855,-0.184333354,-0.271240562,0.0918521583
45.1612435,-0.154885188,-0.272122055,0.0843953043
45.1712005,-0.0682773218,-0.211845934,0.0854137018
45.1811585,0.0517132618,-0.118864335,0.0958455727
45.1911165,0.169850558,-0.000675377669,0.118811868
45.2010745,0.246959716,0.106770121,0.152022019
45.2110325,0.275204659,0.202060416,0.194433928
45.2209905,0.261339992,0.305760175,0.239713788
45.2309485,0.232473195,0.321306378,0.298824251
45.2409055,0.171946198,0.318381429,0.350880533
45.2508635,0.0820674375,0.270906866,0.391948879
45.2608215,-0.030741401,0.163228065,0.402190864
45.2707795,-0.1323836,0.0660213605,0.410384595
45.2807375,-0.190239713,-0.0100414492,0.427435219
45.2906955,-0.206408828,-0.0765592232,0.431915462
45.3006535,-0.192970261,-0.123373866,0.412491947
45.3106105,-0.162385717,-0.173415989,0.38444382
45.3205685,-0.128202438,-0.214603379,0.347989142
45.3305265,-0.116935678,-0.224936709,0.314511061
45.3404845,-0.126604542,-0.233263075,0.287488252
45.3504425,-0.14061144,-0.221824273,0.265001297
45.3604005,-0.145401403,-0.205023721,0.251053005
45.3703585,-0.140388265,-0.19955492,0.241429672
45.3803155,-0.119995117,-0.20411852,0.234190658
45.3902735,-0.0935200974,-0.204951018,0.230444923
45.4002315,-0.0573897883,-0.203749925,0.228335962
45.4101895,-0.0171595458,-0.204980046,0.216944829
45.4201475,0.0218243394,-0.209796906,0.188302264
45.4301055,0.0579133667,-0.224416062,0.151690185
45.4400635,0.103412412,-0.239477575,0.106201805
45.4500205,0.148870438,-0.249943525,0.0584587827
45.4599785,0.196175367,-0.279104084,0.00799294561
45.4699365,0.246994346,-0.322945833,-0.0425796844
45.4798945,0.290274173,-0.352122098,-0.0922356546
45.4898525,0.30412659,-0.399300784,-0.141064972
45.4998105,0.29217568,-0.441511899,-0.180189475
45.5097685,0.269347042,-0.448402286,-0.201365337
45.5197255,0.248765081,-0.432972729,-0.21164088
45.5296835,0.233120874,-0.403884351,-0.226864845
45.5396415,0.226094648,-0.340573281,-0.2466508
45.5495995,0.225646704,-0.25842464,-0.266815722
45.5595575,0.250547796,-0.158518001,-0.275719464
45.5695155,0.286794484,-0.0187760852,-0.266712129
45.5794735,0.296161085,0.0678970218,-0.255388886
45.5894305,0.260902435,0.128708184,-0.265764296
45.5993885,0.177098349,0.176171571,-0.292781532
45.6093465,0.037538588,0.194331124,-0.344625831
45.6193045,-0.132999063,0.164937019,-0.439922243
45.6292625,-0.336240321,0.10812407,-0.566288948
45.6392205,-0.535291374,0.0371463038,-0.715007067
45.6491775,-0.691712141,-0.00484215934,-0.85302645
45.6591355,-0.76783514,0.0223886631,-0.93733871
45.6690935,-0.741670668,0.103260078,-0.957331061
45.6790515,-0.62874943,0.229577526,-0.922972262
45.6890095,-0.470422626,0.338225454,-0.849152923
45.6989675,-0.307275802,0.399027824,-0.754237294
45.7089255,-0.147126868,0.448380709,-0.638373554
45.7188825,0.0194831546,0.515257776,-0.497795403
45.7288405,0.187966436,0.590709388,-0.343672156
45.7387985,0.315458357,0.630614161,-0.20064415
45.7487565,0.377503872,0.623669446,-0.0786058605
45.7587145,0.367515683,0.588121831,0.0235364847
45.7686725,0.300772071,0.523301303,0.107948035
45.7786305,0.203124359,0.423192263,0.162293568
45.7885875,0.0919988975,0.296015143,0.176832557
45.7985455,-0.00771091646,0.174896717,0.15138419
45.8085035,-0.0850784108,0.0646029636,0.0811752826
45.8184615,-0.161297813,-0.0656282753,-0.042654518
45.8284195,-0.227198273,-0.206093773,-0.201002076
45.8383775,-0.25195846,-0.311626852,-0.370963156
45.8483355,-0.234723821,-0.305799603,-0.507462144
45.8582925,-0.204176307,-0.234728351,-0.604486942
45.8682505,-0.16927664,-0.121791147,-0.663591802
45.8782085,-0.128961712,0.0285019483,-0.673010349
45.8881665,-0.0872060061,0.210312754,-0.63157773
45.8981245,-0.057382334,0.378893524,-0.541597486
45.9080825,-0.0593445487,0.504057288,-0.437896907
45.9180395,-0.108349107,0.567402422,-0.347447187
45.9279975,-0.201087296,0.576216459,-0.280548036
45.9379555,-0.296598107,0.525514662,-0.226070687
45.9479135,-0.343196779,0.451198876,-0.181907743
45.9578715,-0.333922595,0.36557585,-0.154112875
45.9678295,-0.284413606,0.279540032,-0.135915488
45.9777875,-0.209700227,0.189668462,-0.120612964
45.9877445,-0.118632376,0.108973891,-0.101368167
45.9977025,-0.0289754588,0.0599706583,-0.0799273252
46.0076605,0.0372016951,0.0223433878,-0.0595059358
46.0176185,0.0520341732,-0.00593032688,-0.0466340818
46.0275765,0.0212765262,-0.0287373718,-0.0355481394
46.0375345,-0.0261596981,-0.0449016951,-0.0271775592
46.0474925,-0.0798801854,-0.0706123859,-0.0196381491
46.0574495,-0.112023473,-0.0908337682,-0.013933925
46.0674075,-0.117715716,-0.087618798,-0.0105226822
46.0773655,-0.112659968,-0.08317931,-0.0106606334
46.0873235,-0.105615109,-0.0870906934,-0.0134644099
46.0972815,-0.0945422202,-0.0850658938,-0.0124153905
46.1072395,-0.0669169798,-0.0745426789,-0.0122156534
46.1171975,-0.0181086957,-0.0330610126,-0.00445174007
46.1271545,0.0497861989,0.0144907916,0.0109682288
46.1371125,0.10699676,0.0642479584,0.0370853171
46.1470705,0.144249588,0.125353664,0.074125357
46.1570291,0.161891431,0.180159643,0.119963951
46.1669871,0.164078683,0.2114968,0.156488672
46.1769451,0.166811362,0.224926323,0.190618679
46.1869021,0.170557097,0.213969275,0.224212334
46.1968601,0.186831936,0.180427566,0.259832114
46.2068181,0.221613616,0.125026897,0.284122258
46.2167761,0.281680405,0.0442870371,0.304816633
46.2267341,0.38806197,-0.0869679227,0.344266295
46.2366921,0.556816101,-0.282626361,0.410185128
46.2466501,0.781493425,-0.507381201,0.493762314
46.2566071,1.0466671,-0.736241281,0.594431639
46.2665651,1.35143924,-0.906292915,0.717897415
46.2765231,1.64280128,-1.02577078,0.86319387
46.2864811,1.83780801,-1.12044036,0.988074064
46.2964391,1.86437523,-1.15683913,1.0920651
46.3063971,1.70389342,-1.14817822,1.16470337
46.3163551,1.36720216,-1.14987683,1.18346775
46.3263121,0.92393899,-1.20263612,1.14025235
46.3362701,0.47183758,-1.24390531,1.03522241
46.3462281,0.11276596,-1.20476103,0.904423058
46.3561861,-0.0955512896,-1.08237982,0.770578742
46.3661441,-0.126442626,-0.851420581,0.632799029
46.3761021,-0.0189489238,-0.507548153,0.506599545
46.3860591,0.164082676,-0.173955292,0.404765606
46.3960171,0.335398495,0.103778325,0.319326848
46.4059751,0.410906851,0.341200739,0.259811342
46.4159331,0.352035284,0.525897324,0.231468111
46.4258911,0.193344161,0.683300257,0.222035721
46.4358491,-0.00724752666,0.807204366,0.211113304
46.4458071,-0.202892393,0.879969418,0.18572326
46.4557641,-0.37118873,0.911932647,0.150260881
46.4657221,-0.520986497,0.910219431,0.103818275
46.4756801,-0.634263754,0.889642298,0.0504144393
46.4856381,-0.709534824,0.863087118,0.00646988349
46.4955961,-0.745147407,0.810945034,-0.0386802852
46.5055541,-0.750356793,0.796922982,-0.070028618
46.5155121,-0.742028594,0.804981709,-0.0893730223
46.5254691,-0.726513565,0.826663554,-0.0900601149
46.5354271,-0.705083609,0.821765482,-0.0659382716
46.5453851,-0.676144123,0.777092576,-0.013631124
46.5553431,-0.617025673,0.678175032,0.0595203191
46.5653011,-0.533569396,0.54664737,0.140366435
46.5752591,-0.430882156,0.421927541,0.213426799
46.5852171,-0.332343578,0.310078233,0.269063413
46.5951741,-0.25917086,0.21263583,0.297101438
46.6051321,-0.215656653,0.138001278,0.297276944
46.6150901,-0.174841583,0.0498874001,0.289506912
46.6250481,-0.0826408193,-0.0652314648,0.309233487
46.6350061,0.0587043241,-0.17963022,0.362682849
46.6449641,0.220065251,-0.306485623,0.433892041
46.6549211,0.354341835,-0.402517349,0.489200324
46.6648791,0.42843312,-0.451434284,0.523364663
46.6748371,0.430628628,-0.469367504,0.531089723
46.6847951,0.391210377,-0.468053222,0.512176454
46.6947531,0.319674134,-0.440763533,0.466917396
46.7047111,0.232549354,-0.368007302,0.396614194
46.7146691,0.129820585,-0.260493368,0.302359849
46.7246261,-0.00741850166,-0.124644995,0.187867641
46.7345841,-0.169079304,0.0396129228,0.0717333108
46.7445421,-0.316110551,0.192400336,-0.0223380625
46.7545001,-0.40243268,0.269334793,-0.0958985686
46.7644581,-0.39736867,0.338179111,-0.156705186
46.7744161,-0.335849106,0.400060326,-0.20254752
46.7843731,-0.263565063,0.412605405,-0.236886308
46.7943311,-0.229577273,0.383630216,-0.264717668
46.8042891,-0.240213931,0.321080029,-0.300127596
46.8142471,-0.271233648,0.264593571,-0.343027383
46.8242051,-0.301233619,0.232612744,-0.389094502
46.8341631,-0.297448456,0.206765428,-0.433801502
46.8441211,-0.262316585,0.152778894,-0.469427407
46.8540781,-0.198930934,0.0659294799,-0.504512429
46.8640361,-0.112866633,-0.0193553213,-0.523198247
46.8739941,-0.0139176799,-0.133384958,-0.522258639
46.8839521,0.101019025,-0.269131601,-0.49865666
46.8939101,0.225652039,-0.392127037,-0.454376549
46.9038681,0.347424001,-0.502140105,-0.407507062
46.9138251,0.432532787,-0.55449599,-0.376229018
46.9237831,0.433616698,-0.540246487,-0.370088577
46.9337411,0.34622106,-0.499293685,-0.373601019
46.9436991,0.228197217,-0.425582469,-0.360804528
46.9536571,0.115811288,-0.321384698,-0.328874022
46.9636151,0.0385356732,-0.222256243,-0.290301859
46.9735731,-0.00537612336,-0.133846745,-0.25634551
46.9835301,-0.0502107069,-0.0882680789,-0.245582864
46.9934881,-0.102820121,-0.0883245394,-0.242893338
47.0034461,-0.168471307,-0.118908279,-0.240128711
47.0134041,-0.241296247,-0.194144979,-0.261726677
47.0233621,-0.33480674,-0.334963351,-0.317118824
47.0333201,-0.431420386,-0.496063828,-0.393313468
47.0432771,-0.476062149,-0.587050736,-0.452057481
47.0532351,-0.410453588,-0.534832239,-0.461936206
47.0631931,-0.227796406,-0.343515009,-0.440507352
47.0731511,0.0435733087,0.00121306989,-0.371736526
47.0831091,0.290868312,0.385384709,-0.272313535
47.0930671,0.406024218,0.661609352,-0.192865327
47.1030251,0.353372455,0.768030107,-0.156803727
47.1129821,0.188952073,0.766418099,-0.132486671
47.1229401,-0.011027351,0.710796356,-0.0957126766
47.1328981,-0.196126372,0.588808119,-0.068919681
47.1428561,-0.318238705,0.384934366,-0.0569397137
47.152814,-0.354330391,0.166607887,-0.0462929308
47.162772,-0.313518763,-0.0119227059,-0.0250020232
47.172729,-0.215500325,-0.159541458,-0.00816977955
47.182687,-0.0964791328,-0.222562239,-0.0269866101
47.192645,0.0131624071,-0.2113695,-0.0795230567
47.202603,0.0840222016,-0.180796146,-0.152127221
47.212561,0.10200493,-0.124041788,-0.233202621
47.222519,0.0719748586,-0.0258467775,-0.310995698
47.232477,0.0144830691,0.0987806395,-0.376753658
47.242434,-0.057403639,0.212288558,-0.416127443
47.252392,-0.128694862,0.29421857,-0.425944656
47.26235,-0.179578021,0.347125471,-0.403492063
47.272308,-0.204203203,0.360396266,-0.355162621
47.282266,-0.199161842,0.334851503,-0.303618461
47.292224,-0.18324919,0.301600337,-0.259648889
47.302181,-0.150121063,0.249882013,-0.22544378
47.312139,-0.107409284,0.183152512,-0.196359128
47.322097,-0.0614077002,0.116238989,-0.178004086
47.332055,-0.0275421459,0.0429109819,-0.167411372
47.342013,-0.0112196309,-0.0405937657,-0.172293201
47.351971,-0.016885506,-0.0929222181,-0.175997123
47.361929,-0.0366427004,-0.125672713,-0.168386877
47.371886,-0.0732438564,-0.141849548,-0.162054956
47.381844,-0.123982131,-0.136510178,-0.157800555
47.391802,-0.167678475,-0.112204306,-0.150191098
47.40176,-0.185378119,-0.0868611261,-0.130935118
47.411718,-0.174546778,-0.0611368567,-0.097542271
47.421676,-0.138130978,-0.0451413803,-0.0611712113
47.431633,-0.0850800052,-0.0479712524,-0.0266063102
47.441591,-0.0319624618,-0.0572774038,0.00619850727
47.451549,0.0136300586,-0.0503630377,0.0372032933
47.461507,0.0396179818,-0.0193989985,0.0626223683
47.471465,0.041150365,0.0133264577,0.0856019855
47.481423,0.0237817615,0.0232818872,0.102334894
47.491381,0.000291349832,0.028192224,0.11224585
47.501338,-0.0269655716,0.0484745912,0.119805761
47.511296,-0.0564781912,0.0704315528,0.124086529
47.521254,-0.0919480324,0.073538132,0.121595144
47.531212,-0.137484625,0.0696214214,0.100898914
47.54117,-0.178508759,0.0675132647,0.0780790895
47.551128,-0.206912965,0.0541633703,0.0621456616
47.561085,-0.230061695,0.0218485743,0.0533076972
47.571043,-0.236949697,-0.0272950046,0.0462513864
47.581001,-0.214129329,-0.0628918782,0.0372911803
47.590959,-0.162415534,-0.0913165957,0.0318359584
47.600917,-0.0987873003,-0.0844056979,0.0270209648
47.610875,-0.0440494828,-0.0701348782,0.0250124093
47.620832,-0.00837963633,-0.0624599159,0.0235511325
47.63079,0.0127634658,-0.0481430292,0.0291903764
47.640748,0.0291866474,-0.0327371731,0.0532200783
47.650706,0.0575943217,-0.0434249714,0.091319792
47.660664,0.10367047,-0.0457333997,0.139244974
47.670622,0.166522399,-0.0327092111,0.202492923
47.68058,0.227906138,-0.00069322082,0.268996835
47.690537,0.270491958,0.024168985,0.32780236
47.700495,0.282943547,0.0204016771,0.366129518
47.710453,0.272870421,0.00576787442,0.38532877
47.720411,0.257335663,0.00729919178,0.39430204
47.730369,0.267112672,0.0642343834,0.414966553
47.740327,0.290384948,0.173435435,0.445332468
47.750284,0.295995981,0.257433385,0.4556261
47.760242,0.252233297,0.274888009,0.432582855
47.7702,0.175504178,0.27198863,0.407857805
47.780158,0.0753235146,0.262491554,0.391697466
47.790116,-0.0646357164,0.16385524,0.352609724
47.800074,-0.243467256,-0.0372171439,0.261333078
47.810031,-0.414821684,-0.26131016,0.145774245
47.819989,-0.503071904,-0.384208113,0.0742092505
47.829947,-0.458163559,-0.37355414,0.0758782551
47.839905,-0.29104355,-0.256976128,0.11736045
47.849863,-0.0584955327,-0.0800317153,0.180498675
47.859821,0.162501022,0.0962519646,0.253377944
47.869778,0.284190983,0.21073167,0.311436445
47.879736,0.271245897,0.220855683,0.329139531
47.889694,0.152971447,0.190854102,0.313841283
47.899652,-0.0276236385,0.12746501,0.289375871
47.90961,-0.212646216,-0.0254877824,0.251527041
47.919568,-0.338236898,-0.229675278,0.222105503
47.929526,-0.359732866,-0.387455046,0.218708381
47.939483,-0.273985207,-0.50905019,0.234806389
47.949441,-0.0830123276,-0.554771066,0.25543496
47.959399,0.16509521,-0.475013673,0.265865505
47.969357,0.382277876,-0.267180562,0.288223267
47.979315,0.489704728,-0.0703047886,0.327976793
47.989273,0.477497071,0.0511627868,0.3541224
47.99923,0.378612548,0.135465145,0.358157337
48.009188,0.246757582,0.200020701,0.356934428
48.019146,0.114010461,0.229291514,0.352459788
48.029104,0.0239846949,0.227363378,0.340890199
48.039062,-0.010704576,0.217277989,0.319482923
48.04902,-0.00244744495,0.202083856,0.296657503
48.058977,0.0291735977,0.179598525,0.271958292
48.068935,0.082778506,0.175838411,0.253145456
48.078893,0.125803739,0.154715806,0.228214532
48.088851,0.136922702,0.0994853079,0.19964014
48.098809,0.121040136,0.033110816,0.168372765
48.108767,0.0873700604,-0.0264329389,0.139591455
48.118725,0.046512641,-0.0842791945,0.100285321
48.128682,0.0147397975,-0.137858003,0.0568718053
48.13864,0.000175768626,-0.166497901,0.0191617105
48.148598,0.00157446077,-0.150051549,-0.00115607819
48.1585558,0.0171217285,-0.121705398,-0.0096483659
48.1685137,0.0397466123,-0.0706310272,-0.0123400232
48.1784718,0.0655582398,0.0119424136,-0.00990402978
48.1884287,0.081188865,0.0973459929,-0.00133903744
48.1983868,0.0740412027,0.156727031,0.00186607696
48.2083447,0.0480652638,0.18053329,-0.00429141754
48.2183028,0.00280590658,0.180031016,-0.0236549955
48.2282608,-0.049425073,0.150802299,-0.0463909358
48.2382187,-0.0898007229,0.117062174,-0.0696714893
48.2481757,-0.119738653,0.0915126055,-0.0904548019
48.2581338,-0.136605516,0.0748207122,-0.112573147
48.2680918,-0.138348818,0.0791787058,-0.130381182
48.2780497,-0.134690434,0.10403958,-0.138395429
48.2880078,-0.12121617,0.0940114483,-0.130663469
48.2979658,-0.0926641598,0.0820546523,-0.111280188
48.3079228,-0.0532602929,0.066521503,-0.0871732533
48.3178807,-0.029762689,0.0488154776,-0.0745091215
48.3278388,-0.0223633628,0.0366624072,-0.0692323372
48.3377968,-0.0254113507,0.0277597252,-0.0582582466
48.3477548,-0.0222312696,0.0101256045,-0.0513635874
48.3577128,-0.0190503895,-0.00206288463,-0.0516109951
48.3676707,-0.0172759257,0.00163651246,-0.0552573949
48.3776278,-0.030035397,-0.00922172796,-0.0617757477
48.3875857,-0.0578129664,-0.0269530546,-0.075208731
48.3975438,-0.0924958438,-0.0479073375,-0.0849564373
48.4075017,-0.120494723,-0.0840480328,-0.0892438591
48.4174598,-0.112598449,-0.114893563,-0.0898952708
48.4274178,-0.0756161958,-0.130740166,-0.0918012932
48.4373748,-0.0169462264,-0.132793993,-0.101068027
48.4473327,0.0482354388,-0.118948758,-0.112749986
48.4572908,0.102652609,-0.118065916,-0.133127689
48.4672488,0.139346167,-0.129757196,-0.159473017
48.4772067,0.154557347,-0.156492934,-0.18539463
48.4871648,0.164956465,-0.209008336,-0.203437805
48.4971218,0.180767387,-0.248712346,-0.205591768
48.5070798,0.193954289,-0.252606958,-0.193557486
48.5170377,0.202700377,-0.231052652,-0.16729179
48.5269958,0.203497201,-0.212345287,-0.13703908
48.5369538,0.186794117,-0.212852612,-0.12015757
48.5469118,0.135472342,-0.203149125,-0.136355713
48.5568687,0.0483382381,-0.159436256,-0.170708627
48.5668268,-0.0545769595,-0.0827553347,-0.219723299
48.5767848,-0.141868457,-0.0635318384,-0.317091405
48.5867427,-0.208788097,-0.0821478665,-0.449451029
48.5967008,-0.291826516,-0.146165192,-0.618047237
48.6066587,-0.383800656,-0.235543281,-0.773933768
48.6166158,-0.437146962,-0.237004027,-0.8684901
48.6265737,-0.40399462,-0.130490094,-0.885304809
48.6365318,-0.30085358,0.0246928297,-0.835094631
48.6464898,-0.153595686,0.171797857,-0.753224254
48.6564478,-0.0175446384,0.286683172,-0.658070564
48.6664058,0.0411583558,0.367544711,-0.574568212
48.6763637,0.0150465937,0.415061921,-0.491838992
48.6863208,-0.042521093,0.436469465,-0.398704767
48.6962788,-0.0875969604,0.426141202,-0.292304575
48.7062368,-0.116342857,0.34561041,-0.202833265
48.7161947,-0.12420664,0.189201877,-0.127501771
48.7261528,-0.106820457,0.0232824199,-0.0545199662
48.7361108,-0.0597829074,-0.09591268,0.0157238357
48.7460678,0.0155693721,-0.1856969,0.0662501231
48.7560257,0.0950255841,-0.238775298,0.0884172171
48.7659838,0.151620418,-0.246172756,0.0840008929
48.7759418,0.169460669,-0.190875679,0.0557628646
48.7858997,0.136199921,-0.104537331,0.00208312459
48.7958578,0.0612913221,-0.000927579007,-0.0756201893
48.8058148,-0.0563375764,0.130680785,-0.187638879
48.8157728,-0.202648714,0.29022491,-0.305154055
48.8257307,-0.353109866,0.464645982,-0.397273868
48.8356888,-0.476947635,0.62704742,-0.444696248
48.8456468,-0.546554983,0.740292728,-0.445364684
48.8556048,-0.531246543,0.808458984,-0.406829268
48.8655617,-0.450938404,0.850789964,-0.341866255
48.8755198,-0.351013422,0.838498116,-0.269834667
48.8854778,-0.26978302,0.754199207,-0.198551968
48.8954358,-0.210793719,0.60610348,-0.13857013
48.9053938,-0.160381153,0.412072778,-0.0952484906
48.9153517,-0.09436059,0.210961774,-0.0693175569
48.9253088,-0.00770772062,0.0386134386,-0.0598726533
48.9352667,0.0824730396,-0.0739381388,-0.0629675165
48.9452248,0.13933526,-0.125486821,-0.0746345595
48.9551827,0.164732486,-0.132820904,-0.073182866
48.9651408,0.186285987,-0.111399494,-0.0557436906
48.9750988,0.202292919,-0.0990935639,-0.0318157189
48.9850558,0.208320722,-0.111634389,-0.00932772178
48.9950138,0.18594484,-0.14093022,0.00775885349
49.0049718,0.146411002,-0.159081265,0.0242379624
49.0149298,0.111249559,-0.160725504,0.0471318252
49.0248877,0.101726897,-0.149056062,0.0711484775
49.0348458,0.115575597,-0.137900084,0.0861511305
49.0448028,0.129467979,-0.139657497,0.0874819085
49.0547608,0.128438666,-0.147529542,0.078103058
49.0647187,0.10538315,-0.143509224,0.0596249811
49.0746768,0.0723045543,-0.145148143,0.042326685
49.0846348,0.0439762473,-0.14908056,0.0262108315
49.0945927,0.0252110809,-0.151275277,0.0115208346
49.1045497,0.00574896578,-0.155530736,-0.00233639125
49.1145078,0.0110843424,-0.156433821,-0.00492365239
49.1244658,0.0403383672,-0.11515189,0.00911360327
49.1344237,0.074718982,-0.072951436,0.0177275985
49.1443818,0.108250305,-0.0151608437,0.0319155902
49.1543399,0.134885639,0.0480221212,0.056804426
49.1642969,0.151255295,0.111755028,0.0892816782
49.1742549,0.147372678,0.164221436,0.124281473
49.1842129,0.117599867,0.179660305,0.148526624
49.1941709,0.0666727722,0.160078079,0.166475534
49.2041289,0.0182847306,0.117057912,0.189130768
49.2140869,-0.00610955758,0.0740510598,0.217710227
49.2240439,0.00307009206,0.0478476845,0.246702984
49.2340019,0.0342599675,0.0484743267,0.282248199
49.2439599,0.0742001981,0.0457997136,0.32641992
49.2539179,0.128430143,0.0452084914,0.378250897
49.2638759,0.19465737,0.0630636513,0.431700528
49.2738339,0.258400649,0.119977005,0.482767731
49.2837919,0.286400855,0.18806392,0.53437525
49.2937489,0.240899965,0.214083791,0.566535592
49.3037069,0.10501723,0.201581046,0.566830635
49.3136649,-0.0853796154,0.175902054,0.530900121
49.3236229,-0.276637733,0.16565527,0.487615734
49.3335809,-0.391933411,0.123068132,0.449252903
49.3435389,-0.417310685,0.0729194805,0.401607364
49.3534959,-0.352071494,0.0420076363,0.358422339
49.3634539,-0.231794342,-0.00530048925,0.328739285
49.3734119,-0.078997083,0.013022325,0.318261862
49.3833699,0.0696294084,0.0948809683,0.338612676
49.3933279,0.188686565,0.173232764,0.384473652
49.4032859,0.251933962,0.222027212,0.425937712
49.4132429,0.271026969,0.276654512,0.452978402
49.4232009,0.271616608,0.323543698,0.477481604
49.4331589,0.278306454,0.343038857,0.505426705
49.4431169,0.283943027,0.33600384,0.535708964
49.4530749,0.276283532,0.272151083,0.56886667
49.4630329,0.235453531,0.153831378,0.595081985
49.4729899,0.166222259,-0.0114649087,0.601794779
49.4829479,0.0887666196,-0.195435271,0.5996629
49.4929059,0.0186967216,-0.371924818,0.599984348
49.5028639,-0.031045001,-0.489284486,0.585167885
49.5128219,-0.0679161996,-0.542547405,0.555119157
49.5227799,-0.0930798799,-0.552754521,0.490444809
49.5327369,-0.107352026,-0.50458169,0.40253973
49.5426949,-0.120333605,-0.399542332,0.31243965
49.5526529,-0.130959347,-0.25243783,0.249432459
49.5626109,-0.130046144,-0.0942841545,0.231376499
49.5725689,-0.119310685,0.0397476777,0.257627547
49.5825269,-0.116760969,0.122415125,0.295903295
49.5924839,-0.141956598,0.151515216,0.324978352
49.6024419,-0.184444144,0.156761125,0.341214836
49.6123999,-0.228643835,0.141573638,0.338829458
49.6223579,-0.27679643,0.107125118,0.30653277
49.6323159,-0.300087124,0.0616646968,0.2501041
49.6422739,-0.269036531,0.0472135842,0.190343842
49.6522309,-0.197916538,0.0321057364,0.137415111
49.6621889,-0.109039932,0.0046576024,0.0821209699
49.6721469,-0.0281328354,-0.030842334,0.0310282242
49.6821049,0.0163574014,-0.0773110315,-0.0109290807
49.6920629,0.0210030191,-0.118127435,-0.0439248458
49.7020209,0.0044549359,-0.132260561,-0.066133216
49.7119779,-0.013703295,-0.112747051,-0.0758529529
49.7219359,-0.0314114504,-0.0705492646,-0.0723402426
49.7318939,-0.0306655001,-0.0193755627,-0.0526757278
49.7418519,-0.00976820849,0.0204139277,-0.0247908346
49.7518099,0.0161278378,0.0433930121,-0.00383308763
49.7617679,0.0335547626,0.0476271734,0.00633459492
49.7717249,0.0387620442,0.0226600394,-0.00175076211
49.7816829,0.0417857952,-0.0294875838,-0.0326279849
49.7916409,0.0536770783,-0.0821452066,-0.0744574592
49.8015989,0.0779699013,-0.142259941,-0.115195565
49.8115569,0.111682586,-0.217035115,-0.147791326
49.8215149,0.137489945,-0.281063348,-0.17659688
49.8314719,0.1396804,-0.34398827,-0.208642155
49.8414299,0.11239472,-0.409903109,-0.241058692
49.8513879,0.0768218115,-0.457759291,-0.264643103
49.8613459,0.0660541207,-0.480056614,-0.267744362
49.8713039,0.0797174647,-0.480404973,-0.262295544
49.8812619,0.11619851,-0.44979912,-0.251134485
49.8912189,0.162207022,-0.37635234,-0.23641786
49.9011769,0.205403224,-0.283975273,-0.232733384
49.9111349,0.239645079,-0.204937428,-0.228424653
49.9210929,0.262557328,-0.144092992,-0.224030435
49.9310509,0.286495149,-0.0564832501,-0.204563797
49.9410089,0.291086167,0.046452187,-0.175899118
49.9509659,0.255220056,0.0920907781,-0.16461052
49.9609239,0.169247076,0.106122442,-0.175393656
49.9708819,0.050252784,0.107029513,-0.204767793
49.9808399,-0.0929483175,0.0702920035,-0.274471253
49.9907979,-0.269785672,-0.0504463948,-0.37396881
50.0007559,-0.461006761,-0.240306884,-0.501965642
50.0107129,-0.639612734,-0.437123537,-0.650507689
50.0206709,-0.745091736,-0.568815768,-0.775203288
50.0306289,-0.734811425,-0.569332957,-0.834964633
50.0405869,-0.606456637,-0.439070582,-0.811715543
50.0505449,-0.378685802,-0.225555092,-0.725782752
50.0605029,-0.10854166,0.042869702,-0.605596721
50.0704599,0.123616748,0.338554353,-0.473455429
50.0804179,0.260502428,0.575273395,-0.351123393
50.0903759,0.302985162,0.736653507,-0.242139131
50.1003339,0.277333617,0.838901579,-0.147228599
50.1102919,0.206821352,0.836083174,-0.0886305347
50.1202499,0.133127421,0.76356262,-0.0615238138
50.1302069,0.077735804,0.631502092,-0.0513143204
50.1401649,0.0474593937,0.452352017,-0.0676951557
50.1501229,0.0424667671,0.251885772,-0.0991063416
50.1600813,0.0807704777,0.0715689883,-0.136386871
50.1700392,0.142933458,-0.0866771042,-0.183175951
50.1799973,0.226792395,-0.246721104,-0.25080052
50.1899543,0.310633242,-0.322798014,-0.345426381
50.1999123,0.338626266,-0.337809473,-0.466967195
50.2098702,0.273675472,-0.33158806,-0.606878221
50.2198283,0.145757467,-0.313785344,-0.735444725
50.2297862,-0.0081812311,-0.284322262,-0.848250866
50.2397443,-0.157737166,-0.251215994,-0.941013038
50.2497012,-0.274347395,-0.194900781,-0.991904199
50.2596593,-0.334654689,-0.148208648,-0.991924703
50.2696173,-0.345496953,-0.084816888,-0.938860655
50.2795753,-0.310996771,-0.0301477816,-0.839222491
50.2895333,-0.231617779,0.023894947,-0.717253983
50.2994912,-0.124040991,0.0930551067,-0.584485292
50.3094483,-0.021816615,0.143816024,-0.453551501
50.3194063,0.0446952991,0.200048938,-0.343043655
50.3293643,0.0506045893,0.255024582,-0.249671623
50.3393222,0.0154327517,0.2933155,-0.171997055
50.3492803,-0.0261354633,0.324708581,-0.106336556
50.3592383,-0.0532035679,0.342077434,-0.0569279976
50.3691953,-0.0749836937,0.327566415,-0.0360376276
50.3791532,-0.0913725272,0.27861619,-0.0325821787
50.3891113,-0.0996458977,0.223479167,-0.0417823344
50.3990693,-0.106251605,0.18677175,-0.0618292801
50.4090272,-0.123434849,0.125366971,-0.0913972929
50.4189842,-0.15970391,0.0403450243,-0.12902163
50.4289423,-0.188178688,-0.0312585868,-0.153373048
50.4389003,-0.189924404,-0.0861508623,-0.15548493
50.4488582,-0.171815962,-0.133823052,-0.142602682
50.4588163,-0.144993946,-0.173483372,-0.129900202
50.4687743,-0.11082425,-0.205741704,-0.116962835
50.4787313,-0.0690853298,-0.220592827,-0.0945115909
50.4886892,-0.0149690956,-0.197282717,-0.0659590438
50.4986473,0.0408893749,-0.13487792,-0.0357974134
50.5086053,0.0890068412,-0.0202541389,0.00626455387
50.5185632,0.129898608,0.113075159,0.0653454512
50.5285213,0.156186938,0.2414262,0.128453851
50.5384783,0.171683073,0.345283359,0.189654887
50.5484363,0.180711716,0.39679423,0.246278748
50.5583942,0.184675306,0.395243466,0.29017058
50.5683523,0.209412083,0.381905556,0.333366245
50.5783102,0.253689528,0.358541638,0.379627764
50.5882683,0.314063936,0.320373207,0.417403638
50.5982252,0.362297237,0.262701392,0.447175384
50.6081833,0.37903893,0.186781332,0.467905402
50.6181413,0.371839881,0.117710918,0.491799831
50.6280993,0.356692076,0.0959712714,0.513515532
50.6380573,0.340686738,0.13359268,0.523496211
50.6480152,0.309810311,0.175542265,0.519131601
50.6579723,0.26574114,0.18853502,0.510029972
50.6679303,0.22597295,0.212840095,0.506661594
50.6778883,0.188274562,0.236447424,0.502673268
50.6878462,0.151196972,0.195335671,0.496279806
50.6978043,0.0803491697,0.0626950711,0.466595143
50.7077612,-0.0367130078,-0.120489933,0.402437717
50.7177193,-0.176358253,-0.295378923,0.325246543
50.7276772,-0.27268824,-0.410966754,0.266045541
50.7376353,-0.275587648,-0.44955197,0.231098995
50.7475933,-0.165318117,-0.465470493,0.221136644
50.7575512,0.0498916581,-0.428878129,0.245452642
50.7675093,0.317433625,-0.279631108,0.318070382
50.7774663,0.550442874,-0.0709761754,0.415667504
50.7874243,0.656596482,0.0900212377,0.489602983
50.7973822,0.621790051,0.189322785,0.516732335
50.8073403,0.479379654,0.287439764,0.519428551
50.8172983,0.281845808,0.363581151,0.521439195
50.8272553,0.0638341084,0.394536138,0.5203982
50.8372132,-0.141823441,0.356186062,0.510118902
50.8471713,-0.305184931,0.228984177,0.488692194
50.8571293,-0.40027523,0.0770037025,0.464724541
50.8670872,-0.415972441,-0.0414808653,0.451648146
50.8770453,-0.365514338,-0.136970639,0.431819052
50.8870023,-0.266266584,-0.195488811,0.403863311
50.8969603,-0.14161092,-0.223751873,0.371523738
50.9069182,-0.0313014649,-0.228587642,0.348242134
50.9168763,0.026946662,-0.224054411,0.346829325
50.9268342,0.0405500904,-0.196106926,0.378100157
50.9367923,0.0240566004,-0.154059872,0.430739671
50.9467492,-0.0182059016,-0.102428369,0.48996225
50.9567073,-0.0726433098,-0.0525095463,0.556786835
50.9666653,-0.130305007,-0.0119602559,0.610327303
50.9766233,-0.182231322,0.0255586226,0.648255467
50.9865813,-0.222873032,0.0581051148,0.651183903
50.9965392,-0.249866024,0.0790745765,0.619518399
51.0064963,-0.273204893,0.0687780008,0.561877429
51.0164543,-0.294696093,0.0406230614,0.485610098
51.0264123,-0.299205333,0.00810186844,0.407242328
51.0363702,-0.290629715,-0.0523106083,0.326631904
51.0463283,-0.278555989,-0.127186716,0.248251349
51.0562863,-0.264870286,-0.192799285,0.191509783
51.0662433,-0.240795031,-0.250134468,0.172349125
51.0762012,-0.197173789,-0.285596848,0.173067123
51.0861593,-0.143535331,-0.287413925,0.188999742
51.0961173,-0.0924063623,-0.256054938,0.214987665
51.1060752,-0.0631267726,-0.198388994,0.24425821
51.1160322,-0.0580952615,-0.121872909,0.265678018
51.1259903,-0.0824738368,-0.0672352314,0.265381068
51.1359483,-0.131130591,-0.02972221,0.240665868
51.1459062,-0.172994152,-0.00242560706,0.215730697
51.1558632,-0.19915624,-0.00865980051,0.191361979
51.1658212,-0.20866853,-0.0207636021,0.156263903
51.1757782,-0.206414431,-0.0304210223,0.1241595
51.1857362,-0.188727036,-0.0358922221,0.0998443067
51.1956942,-0.154411942,-0.0390925407,0.0816043168
51.2056522,-0.113311112,-0.0359103307,0.0633110628
51.2156102,-0.0733130947,-0.0212174039,0.0439112633
51.2255682,-0.0452162139,-0.00620250218,0.0324559435
51.2355252,-0.022440061,-0.0262941886,0.0309464633
51.2454832,-0.00726403808,-0.0742971301,0.0313874856
51.2554412,0.00454894546,-0.120147444,0.0247881711
51.2653992,0.0372445732,-0.140943542,0.0230832156
51.2753572,0.0862011984,-0.167949051,0.0224978514
51.2853152,0.130182773,-0.221329719,0.00807363912
51.2952722,0.154400751,-0.278116852,-0.0189518537
51.3052302,0.160443202,-0.314097732,-0.0489166752
51.3151882,0.155275613,-0.318797946,-0.0746025965
51.3251462,0.152384743,-0.303688765,-0.103157543
51.3351042,0.149149537,-0.266848475,-0.141260728
51.3450612,0.146157742,-0.210600108,-0.186372802
51.3550192,0.136855856,-0.160103649,-0.223158255
51.3649772,0.125594139,-0.111989915,-0.243731976
51.3749352,0.111175254,-0.0504700989,-0.249958977
51.3848932,0.074767977,-0.04394136,-0.258885354
51.3948512,0.00486293202,-0.0827481449,-0.281545937
51.4048082,-0.084912762,-0.11967846,-0.315536916
51.4147662,-0.191831753,-0.147657365,-0.353208661
51.4247242,-0.311662555,-0.212828115,-0.411980361
51.4346822,-0.439300656,-0.310943753,-0.497774094
51.4446402,-0.550937176,-0.383265376,-0.587930083
51.4545982,-0.610243917,-0.43858695,-0.655980766
51.4645552,-0.601879179,-0.494874448,-0.701190352
51.4745132,-0.549262583,-0.571056008,-0.743347645
51.4844712,-0.506679416,-0.625991702,-0.778919995
51.4944292,-0.483214319,-0.604949832,-0.782422066
51.5043872,-0.431994557,-0.477209955,-0.730438769
51.5143442,-0.312255621,-0.265609831,-0.629541159
51.5243022,-0.124721162,0.0100467755,-0.48861441
51.5342602,0.0780793577,0.274389744,-0.339019328
51.5442182,0.229026258,0.482026309,-0.202210352
51.5541762,0.314454615,0.599121511,-0.0714866966
51.5641342,0.343393832,0.630728662,0.0421293452
51.5740912,0.328449517,0.569633901,0.140987217
51.5840492,0.297849,0.46212396,0.222797662
51.5940072,0.266212761,0.30558601,0.264385045
51.6039652,0.246898994,0.122024179,0.248253748
51.6139232,0.247905403,-0.0322269127,0.184708327
51.6238812,0.267298549,-0.140396789,0.0921400487
51.6338382,0.293805242,-0.215112567,-0.02028157
51.6437962,0.310715526,-0.241342843,-0.157695353
51.6537542,0.304541796,-0.196533024,-0.306233436
51.6637122,0.269679427,-0.101619832,-0.435754418
51.6736702,0.205375791,0.0054131411,-0.527953029
51.6836272,0.128195524,0.0965896547,-0.584236264
51.6935852,0.0515105948,0.171221823,-0.607448161
51.7035432,-0.027548803,0.217038572,-0.604909062
51.7135012,-0.100213155,0.245678201,-0.582163572
51.7234592,-0.156080678,0.26749295,-0.541565537
51.7334172,-0.190671951,0.271490365,-0.500268161
51.7433742,-0.199341595,0.270436555,-0.465537339
51.7533322,-0.170174658,0.29327476,-0.420778126
51.7632902,-0.118183367,0.310482234,-0.372623116
51.7732482,-0.0496471822,0.312159508,-0.319387317
51.7832062,0.0218331274,0.313558728,-0.266082823
51.7931642,0.0628700405,0.293831348,-0.210543662
51.8031212,0.0747251064,0.255659461,-0.162815541
51.8130792,0.0692552403,0.21247898,-0.115703166
51.8230372,0.0574675538,0.177990243,-0.0750598609
51.8329952,0.0370198041,0.143091381,-0.0548701733
51.8429532,0.0126819732,0.114622988,-0.0449970365
51.8529102,-0.00535401888,0.0959169418,-0.0350541249
51.8628682,-0.0151336789,0.0710536689,-0.0300455168
51.8728262,-0.038097851,0.0246385001,-0.0347023197
51.8827842,-0.0729786009,-0.0280073993,-0.0488674082
51.8927422,-0.107326455,-0.0566931069,-0.0566646121
51.9027002,-0.130099952,-0.0594931543,-0.0591264367
51.9126572,-0.14225781,-0.0541103743,-0.0600817129
51.9226152,-0.146781981,-0.0247522183,-0.0673635975
51.9325732,-0.152947471,0.000165382298,-0.0753538758
51.9425312,-0.155148581,0.020460533,-0.0718816444
51.9524892,-0.14002502,0.0579634346,-0.05508136
51.9624462,-0.120199114,0.0917022228,-0.0267975256
51.9724042,-0.102724783,0.105402589,0.00197686441
51.9823622,-0.0874507502,0.114048272,0.0315267667
51.9923202,-0.0752201825,0.115980402,0.060479857
52.0022782,-0.0739266872,0.101097323,0.0829470828
52.0122362,-0.0787462071,0.095315069,0.0983071253
52.0221932,-0.073651582,0.100278668,0.116374545
52.0321512,-0.0597783774,0.100577474,0.142311066
52.0421092,-0.0246864371,0.10161344,0.173943028
52.0520672,0.0204661265,0.105775163,0.213199094
52.0620252,0.0533495061,0.0973510519,0.258996665
52.0719832,0.0868550017,0.0747112557,0.315924406
52.0819402,0.125613585,0.0620287508,0.382832319
52.0918982,0.171099573,0.046674829,0.446574569
52.1018562,0.211558312,0.02024615,0.491427779
52.1118142,0.237031981,-0.0169326439,0.513287544
52.1217722,0.260700822,-0.0583165698,0.525110126
52.1317302,0.291792691,-0.084310621,0.536513507
52.1416872,0.330484718,-0.0861918777,0.536708176
52.1516452,0.373244166,-0.0749498755,0.518955827
52.1616044,0.41696474,-0.0324301124,0.477378815
52.1715624,0.446519166,0.0423594415,0.441127867
52.1815204,0.450063556,0.104586333,0.41299662
52.1914774,0.456445843,0.175740138,0.408028752
52.2014354,0.474169701,0.276667535,0.41952163
52.2113934,0.488039702,0.370825738,0.438584805
52.2213514,0.485704124,0.3924703,0.449664354
52.2313094,0.480665684,0.351059765,0.459741503
52.2412674,0.478026479,0.285823226,0.465446532
52.2512244,0.433146089,0.151479796,0.440642625
52.2611824,0.312203437,0.0278928839,0.365341216
52.2711404,0.109068699,-0.210354567,0.273088247
52.2810984,-0.145813659,-0.442258656,0.163055226
52.2910564,-0.330300152,-0.578999162,0.0543524548
52.3010134,-0.385980994,-0.605790019,-0.0543457977
52.3109714,-0.28924939,-0.537421107,-0.129665583
52.3209294,-0.0544467308,-0.360995471,-0.144546255
52.3308874,0.222247452,-0.126289755,-0.100281864
52.3408454,0.413954556,0.0616431236,-0.0191949997
52.3508034,0.468811154,0.187633544,0.0534935854
52.3607604,0.419460118,0.273322076,0.112559304
52.3707184,0.295018852,0.328557372,0.15199858
52.3806764,0.142867669,0.338042498,0.18562685
52.3906344,0.0197603889,0.272550046,0.205050081
52.4005924,-0.0367849134,0.148738071,0.21582444
52.4105494,-0.0111469273,0.0131323133,0.220955819
52.4205074,0.0886302665,-0.0784178451,0.221921474
52.4304654,0.233827665,-0.108322747,0.21857734
52.4404234,0.389516056,-0.0691646934,0.20402956
52.4503814,0.498826325,-1.81094947E-05,0.178435788
52.4603394,0.533871889,0.0405602083,0.147658959
52.4702964,0.520358741,0.0752747804,0.124752581
52.4802544,0.471451133,0.148026481,0.112100437
52.4902124,0.38329944,0.192976907,0.10232877
52.5001704,0.267912686,0.199141338,0.088220939
52.5101284,0.137071833,0.174851701,0.0798604786
52.5200854,0.00278326962,0.133018509,0.0645116121
52.5300434,-0.101347394,0.0713037401,0.040265929
52.5400014,-0.151391119,-0.00349246943,-0.0125991488
52.5499594,-0.159032524,-0.0565772578,-0.0752585381
52.5599174,-0.121510722,-0.125999212,-0.143808305
52.5698754,-0.0509875491,-0.162861347,-0.207347333
52.5798324,0.0172807202,-0.150286704,-0.259098679
52.5897904,0.0556749813,-0.124997593,-0.28921023
52.5997484,0.067642957,-0.0900151134,-0.294489413
52.6097064,0.0670791715,-0.0598537475,-0.275592953
52.6196644,0.0481193252,-0.0579852723,-0.251064986
52.6296214,0.0169377048,-0.0423349403,-0.22366558
52.6395794,-0.0110672982,-0.0115962019,-0.184337884
52.6495374,-0.0264411941,0.0188495871,-0.145137757
52.6594954,-0.0511345565,0.0325427614,-0.124789335
52.6694534,-0.0844094232,0.0411240011,-0.120800987
52.6794114,-0.116585471,0.060602095,-0.11216329
52.6893684,-0.133173764,0.0703974664,-0.101312242
52.6993264,-0.128782481,0.0550398156,-0.0952450261
52.7092844,-0.105149321,0.0410145447,-0.0977089852
52.7192424,-0.0926292688,0.00612021051,-0.106596485
52.7292004,-0.0971803442,-0.0541252866,-0.124828219
52.7391584,-0.119064607,-0.107785054,-0.144723356
52.7491154,-0.156899601,-0.169117913,-0.157713458
52.7590734,-0.188980833,-0.243267775,-0.16013214
52.7690314,-0.209454954,-0.304983884,-0.154403687
52.7789894,-0.209461614,-0.345835954,-0.13586089
52.7889474,-0.214226276,-0.377355278,-0.12907064
52.7989044,-0.22008656,-0.396128684,-0.124717966
52.8088624,-0.214475542,-0.391959518,-0.116740465
52.8188204,-0.189727053,-0.359371752,-0.105544001
52.8287784,-0.139711827,-0.310329646,-0.0994978249
52.8387364,-0.0668354928,-0.231233224,-0.0996437669
52.8486944,-0.00231189001,-0.142923862,-0.106891565
52.8586514,0.025256088,-0.0824839547,-0.12587218
52.8686094,0.0153714996,-0.0427661054,-0.146167591
52.8785674,-0.0211968981,-0.0370152742,-0.173068717
52.8885254,-0.0791472793,-0.0544816181,-0.215647608
52.8984834,-0.132374823,-0.0632878914,-0.256864816
52.9084404,-0.16181314,-0.0703199655,-0.285648793
52.9183984,-0.157152608,-0.0763107464,-0.307127714
52.9283564,-0.118286163,-0.0735559762,-0.322562873
52.9383144,-0.0669707805,-0.0699314103,-0.330841571
52.9482724,-0.0016631441,-0.0701599121,-0.327750176
52.9582304,0.0694549754,-0.0464468598,-0.312203169
52.9681874,0.128791004,-0.0173193347,-0.293945342
52.9781454,0.153689161,-0.013721671,-0.281488389
52.9881034,0.140924633,-0.0267104395,-0.273904264
52.9980614,0.11083544,-0.0359707847,-0.267893225
53.0080194,0.0696206242,-0.0450218022,-0.271467716
53.0179764,0.0310687032,-0.0509926118,-0.287479192
53.0279344,-0.00224211533,-0.0392251685,-0.307646245
53.0378924,-0.0238414165,-0.0360448211,-0.318346828
53.0478504,-0.0265639666,-0.0344578438,-0.326611936
53.0578084,-0.012088621,-0.0213268604,-0.329864204
53.0677654,0.0256174784,-0.00695058424,-0.320311427
53.0777234,0.0887208134,0.0109282816,-0.295796782
53.0876814,0.164078146,0.0459334031,-0.264497161
53.0976394,0.198107496,0.0359734483,-0.251676708
53.1075974,0.155513167,-0.0395071954,-0.269271672
53.1175554,0.0551833622,-0.155777618,-0.326395154
53.1275124,-0.0824679807,-0.258333296,-0.416766852
53.1374704,-0.216860145,-0.338638514,-0.529729903
53.1474284,-0.321791887,-0.384913325,-0.649518609
53.1573857,-0.361740351,-0.372175157,-0.761671782
53.1673437,-0.334147364,-0.290094405,-0.833124638
53.1773017,-0.250939548,-0.154931799,-0.851930559
53.1872587,-0.14777641,-0.00268020527,-0.821262658
53.1972167,-0.0736883357,0.0994187295,-0.769325972
53.2071747,-0.0564148054,0.114326574,-0.717492104
53.2171327,-0.0821342841,0.0811475813,-0.678205669
53.2270907,-0.0921328589,0.0488045588,-0.632170498
53.2370477,-0.048466336,0.0378051698,-0.580646336
53.2470057,0.0596825033,0.0511137843,-0.528718174
53.2569637,0.196897879,0.0947827026,-0.483014852
53.2669217,0.324517637,0.144019216,-0.443296999
53.2768797,0.403970361,0.178609431,-0.41079846
53.2868367,0.417319477,0.182607621,-0.384034216
53.2967947,0.366459757,0.14549835,-0.372463852
53.3067527,0.27500546,0.0825239047,-0.3851192
53.3167107,0.149983376,-0.0106827384,-0.422325134
53.3266687,-0.00429567881,-0.139071077,-0.48297146
53.3366267,-0.150372729,-0.243518382,-0.576272905
53.3465837,-0.254470378,-0.300967038,-0.686068356
53.3565417,-0.30368799,-0.307834536,-0.790503979
53.3664997,-0.302631229,-0.263990372,-0.86486876
53.3764577,-0.259416133,-0.165419593,-0.891780257
53.3864157,-0.184992224,-0.0289269891,-0.861019969
53.3963727,-0.0964442492,0.112333201,-0.781189561
53.4063307,-0.0305848066,0.247890487,-0.674402654
53.4162887,-0.0192413386,0.339963168,-0.56979692
53.4262467,-0.0652226806,0.370554894,-0.490294874
53.4362047,-0.157577112,0.349191815,-0.436865211
53.4461627,-0.255058378,0.273115158,-0.410123348
53.4561197,-0.318573177,0.165300548,-0.395825088
53.4660777,-0.323698431,0.0496210828,-0.388053983
53.4760357,-0.278769851,-0.0645142794,-0.385391086
53.4859937,-0.211641937,-0.170706227,-0.385357291
53.4959517,-0.134101883,-0.242689341,-0.374949902
53.5059087,-0.0668842271,-0.268138766,-0.358317137
53.5158667,-0.0335188098,-0.260592163,-0.335073858
53.5258247,-0.0226736199,-0.197555944,-0.302485287
53.5357827,-0.0303589702,-0.11595057,-0.258239806
53.5457407,-0.0388280898,-0.0447634757,-0.218302503
53.5556987,-0.0377290025,0.00625629816,-0.183937877
53.5656557,-0.0267184302,0.0418313369,-0.158385381
53.5756137,0.000116646457,0.0728542358,-0.13699007
53.5855717,0.0342562422,0.095755823,-0.117480293
53.5955297,0.0692965165,0.0948610008,-0.110494554
53.6054877,0.0906598642,0.0865556672,-0.110535562
53.6154447,0.104359426,0.0814698264,-0.113027483
53.6254027,0.105178617,0.0824227035,-0.114225112
53.6353607,0.0968130976,0.0725775287,-0.118971132
53.6453187,0.0825558603,0.0677873045,-0.122058533
53.6552767,0.0725423768,0.0670504048,-0.125909194
53.6652337,0.0547215678,0.0497662239,-0.140757114
53.6751917,0.0230216961,-0.00172705995,-0.173500955
53.6851497,-0.0201870278,-0.0505521223,-0.231774643
53.6951077,-0.0470988043,-0.0723575503,-0.296769351
53.7050657,-0.0405351743,-0.0620444641,-0.354607612
53.7150237,0.00250736624,-0.0224706884,-0.403755724
53.7249807,0.072669141,0.0299618933,-0.428607821
53.7349387,0.150904566,0.0988157913,-0.434957862
53.7448967,0.221454099,0.177275985,-0.414596111
53.7548547,0.26496774,0.232365862,-0.393143833
53.7648127,0.263918996,0.239454404,-0.392238617
53.7747697,0.227195606,0.21088773,-0.418631613
53.7847277,0.170809299,0.145555869,-0.47265169
53.7946857,0.108337395,0.05561639,-0.557998002
53.8046437,0.0526778586,-0.0291578844,-0.660274088
53.8146017,0.0259786043,-0.0928495154,-0.75990957
53.8245587,0.0339923203,-0.125236481,-0.845122218
53.8345167,0.0724968389,-0.136832952,-0.89707011
53.8444747,0.123955764,-0.132738605,-0.922379434
53.8544327,0.179778025,-0.117377229,-0.922932863
53.8643907,0.22752291,-0.0653257445,-0.899127126
53.8743487,0.266570717,0.00770026399,-0.869133532
53.8843057,0.292790592,0.0798879042,-0.832142234
53.8942637,0.305144995,0.121210046,-0.800623178
53.9042217,0.284869552,0.110922255,-0.785862088
53.9141797,0.235239416,0.0515002087,-0.789530039
53.9241377,0.158232778,-0.0478503481,-0.806186259
53.9340947,0.0692682862,-0.210556969,-0.824708283
53.9440527,-0.00660810154,-0.413307428,-0.851656795
53.9540107,-0.0473296978,-0.598254621,-0.886621714
53.9639687,-0.051944159,-0.70438695,-0.933717072
53.9739267,-0.0329036228,-0.746631563,-0.998719215
53.9838847,-0.012553609,-0.718826592,-1.07965696
53.9938417,-0.00661396049,-0.614049554,-1.17212296
54.0037997,-0.0217513684,-0.472052485,-1.2594707
54.0137577,-0.0589006022,-0.343527257,-1.32886577
54.0237157,-0.129457593,-0.269059956,-1.37899733
54.0336737,-0.225136176,-0.229497373,-1.42039621
54.0436307,-0.320343912,-0.200711265,-1.45069516
54.0535887,-0.380734563,-0.188421309,-1.47054219
54.0635467,-0.391361654,-0.169540569,-1.48509443
54.0735047,-0.363459706,-0.140002117,-1.50225985
54.0834627,-0.30243364,-0.121643081,-1.51908433
54.0934197,-0.21849452,-0.106931776,-1.53762555
54.1033777,-0.121910729,-0.0655379966,-1.55727303
54.1133357,-0.0279903561,-0.0167329069,-1.5703665
54.1232937,0.0371119492,0.0308801513,-1.57040775
54.1332517,0.0677164644,0.0406185314,-1.58108115
54.1432087,0.0724550262,0.0325132012,-1.5986948
54.1531667,0.0573889911,0.00104768761,-1.6178956
54.1631244,0.0277480073,-0.0647438392,-1.63426447
54.1730824,-0.00393455429,-0.143962771,-1.6425488
54.1830404,-0.0358141884,-0.226629153,-1.64648998
54.1929984,-0.0514964797,-0.311503291,-1.65388751
54.2029554,-0.0246363711,-0.361768872,-1.66402531
54.2129134,0.0364807807,-0.373050272,-1.67666709
54.2228714,0.107846037,-0.377276182,-1.69807434
54.2328294,0.166593507,-0.395723641,-1.72075117
54.2427874,0.218175471,-0.408156067,-1.73501325
54.2527454,0.242784142,-0.401228637,-1.74382722
54.2627024,0.237137988,-0.412762791,-1.76125872
54.2726604,0.201098219,-0.440441847,-1.79120481
54.2826184,0.12966159,-0.487287909,-1.84284008
54.2925764,0.0202024728,-0.548448443,-1.92382121
54.3025344,-0.125523567,-0.633900225,-2.04051304
54.3124914,-0.283545434,-0.700971961,-2.18635082
54.3224494,-0.411093533,-0.706935585,-2.32781982
54.3324074,-0.46913445,-0.635521591,-2.42047858
54.3423654,-0.44225359,-0.488862365,-2.45154262
54.3523234,-0.337568194,-0.27423954,-2.4168818
54.3622804,-0.196096539,-0.0140566966,-2.33888125
54.3722384,-0.083749488,0.198950648,-2.24506235
54.3821964,-0.0723460987,0.329400539,-2.16058683
54.3921544,-0.158718273,0.375516891,-2.09690022
54.4021124,-0.275950372,0.373781323,-2.05626988
54.4120694,-0.390792787,0.340991408,-2.04523182
54.4220274,-0.481044918,0.297757387,-2.05550265
54.4319854,-0.541476846,0.212260336,-2.07315183
54.4419434,-0.579368532,0.114651479,-2.09217024
54.4519014,-0.600850165,0.0252760611,-2.10164666
54.4618594,-0.584638417,-0.0278484095,-2.09090185
54.4718164,-0.543251276,-0.0565905757,-2.05954719
54.4817744,-0.473358512,-0.0945771039,-1.99427271
54.4917324,-0.376367241,-0.116000906,-1.89170694
54.5016904,-0.271252275,-0.119481392,-1.75752783
54.5116484,-0.16904068,-0.11269512,-1.60651112
54.5216054,-0.0850485787,-0.112279139,-1.46212363
54.5315634,-0.0362027436,-0.150571406,-1.34893739
54.5415214,-0.027273966,-0.209730059,-1.27718043
54.5514794,-0.0371218026,-0.254549742,-1.24044418
54.5614374,-0.0564116091,-0.282939821,-1.23511946
54.5713944,-0.0847851932,-0.312808514,-1.25245452
54.5813524,-0.114646152,-0.345230907,-1.27702034
54.5913104,-0.1290171,-0.368525028,-1.28960431
54.6012684,-0.117426232,-0.377022922,-1.28020203
54.6112264,-0.0918521583,-0.390322745,-1.25947917
54.6211844,-0.0485209301,-0.377171785,-1.23438287
54.6311414,0.0110598411,-0.310691029,-1.19284987
54.6410994,0.0747597218,-0.215241477,-1.13649392
54.6510574,0.12472675,-0.116694659,-1.07569635
54.6610154,0.143477529,-0.0466599129,-1.02249885
54.6709734,0.136068895,0.00963744707,-0.9713009
54.6809304,0.118179373,0.0530855879,-0.918895781
54.6908884,0.0990546793,0.0688096881,-0.874967456
54.7008464,0.0767741427,0.0767818615,-0.845627964
54.7108044,0.0557466187,0.0956402421,-0.825644135
54.7207624,0.0410046913,0.106091551,-0.799870849
54.7307204,0.0291373786,0.104628943,-0.770592034
54.7406774,0.0217287317,0.104290456,-0.744165242
54.7506354,0.0281749126,0.109731555,-0.709379315
54.7605934,0.0507662408,0.133531421,-0.656435668
54.7705514,0.0807169527,0.137153596,-0.580952346
54.7805094,0.107290767,0.118198015,-0.493774563
54.7904664,0.122064389,0.0790157244,-0.410111368
54.8004244,0.127985924,0.0410204045,-0.328896135
54.8103824,0.131866425,-0.00650583627,-0.249839395
54.8203404,0.143136919,-0.0355974101,-0.178190783
54.8302984,0.161138296,-0.0599251203,-0.109462313
54.8402554,0.166919217,-0.0849958509,-0.0500202887
54.8502134,0.168565318,-0.103451021,0.003273824
54.8601714,0.175692469,-0.104297109,0.0445874408
54.8701294,0.172561392,-0.107064664,0.066841878
54.8800874,0.156579494,-0.103289373,0.0725117475
54.8900444,0.136750653,-0.0787611231,0.0707894862
54.9000024,0.0932607055,-0.0576441213,0.0614894591
54.9099604,0.0269322824,-0.0646429062,0.0471528657
54.9199184,-0.0536515117,-0.0944202468,0.0219612252
54.9298764,-0.133515716,-0.10974887,-0.00943717733
54.9398344,-0.198084861,-0.108898252,-0.0478396937
54.9497914,-0.234838068,-0.0854853392,-0.0932804123
54.9597494,-0.227946609,-0.0339055024,-0.126843959
54.9697074,-0.18447344,0.0422707573,-0.134036362
54.9796654,-0.11717163,0.101829961,-0.117754862
54.9896234,-0.048194427,0.138362408,-0.0792873651
54.9995804,0.00412257342,0.148381487,-0.0260017738
55.0095384,0.0268550497,0.123286784,0.0225870684
55.0194964,0.0230714977,0.0897503942,0.0527721345
55.0294544,0.00310471328,0.0596412271,0.071678184
55.0394124,-0.0175044257,0.0169286504,0.0830964819
55.0493694,-0.0178722069,-0.0338407867,0.0913339108
55.0593274,0.00381844025,-0.0670144558,0.0935222283
55.0692854,0.030627152,-0.10496743,0.100213952
55.0792434,0.056833189,-0.133554861,0.110929981
55.0892014,0.0859295577,-0.140164569,0.118466727
55.0991594,0.103550091,-0.137045205,0.111035444
55.1091164,0.103260346,-0.12890099,0.094275102
55.1190744,0.0846823975,-0.0941166431,0.0778609738
55.1290324,0.0525265895,-0.0384081081,0.0688826591
55.1389904,0.0209412351,0.034248516,0.0690831989
55.1489484,-0.00326716597,0.108762696,0.0732704848
55.1589059,-0.0198445451,0.160852268,0.0813984498
55.1688639,-0.0186767485,0.197716802,0.0998389795
55.1788219,-0.00306849414,0.217954427,0.126505211
55.1887799,0.0304204896,0.21217671,0.154964551
55.1987379,0.069774285,0.203968316,0.18567799
55.2086949,0.097510308,0.174359292,0.209951907
55.2186529,0.106901415,0.125012249,0.219244465
55.2286109,0.092355229,0.0797398388,0.201415941
55.2385689,0.0561471581,0.0431874171,0.163259491
55.2485269,0.00127432263,0.00025113608,0.114986241
55.2584849,-0.064480193,-0.0454958454,0.0599557459
55.2684419,-0.119498432,-0.0806937814,0.0130050145
55.2783999,-0.135129064,-0.0958090872,-0.0192027222
55.2883579,-0.121054523,-0.0975145698,-0.0390818901
55.2983159,-0.0856142342,-0.0980000645,-0.042112831
55.3082739,-0.0424707606,-0.0768865272,-0.0368352458
55.3182309,-0.000101732752,-0.0437248424,-0.0168572776
55.3281889,0.0386251584,0.0031308122,0.0157608539
55.3381469,0.0599554777,0.0547657758,0.0572750084
55.3481049,0.0638090745,0.116818763,0.0997090191
55.3580629,0.0410638116,0.144052505,0.140930757
55.3680199,-0.00537958555,0.127567008,0.162875473
55.3779779,-0.0732542425,0.0929344669,0.165010527
55.3879359,-0.135678738,0.0487054884,0.165431038
55.3978939,-0.165198013,-0.01421622,0.176121235
55.4078519,-0.150739983,-0.0743847489,0.185892105
55.4178099,-0.0993921012,-0.107952036,0.193458676
55.4277669,-0.0431994013,-0.119553559,0.206857309
55.4377249,-0.0120164491,-0.104933873,0.222091913
55.4476829,-0.0208054129,-0.0884486362,0.230099514
55.4576409,-0.052304484,-0.0772183537,0.240678921
55.4675989,-0.0922183469,-0.0606130138,0.247454002
55.4775559,-0.126012266,-0.0551809631,0.260467261
55.4875139,-0.129560128,-0.0656386614,0.281841815
55.4974719,-0.0964487717,-0.0652620941,0.30632931
55.5074299,-0.0439645275,-0.060763482,0.327221543
55.5173879,0.00477771088,-0.0566148087,0.345342487
55.5273449,0.0344248191,-0.0420102999,0.365256548
55.5373029,0.0469898805,-0.0332522281,0.380061835
55.5472609,0.0387090445,-0.0499459878,0.386459291
55.5572189,0.00796524808,-0.0816429332,0.376300663
55.5671769,-0.0372573584,-0.114656277,0.357509673
55.5771339,-0.0817449316,-0.144078881,0.328917176
55.5870919,-0.11408636,-0.157631442,0.299108416
55.5970499,-0.115037642,-0.147273079,0.271813661
55.6070079,-0.0976834148,-0.130413935,0.25433296
55.6169659,-0.0702989325,-0.100685865,0.249823421
55.6269239,-0.0619856082,-0.0655454546,0.250560582
55.6368809,-0.075741902,-0.028873194,0.255132705
55.6468389,-0.100239784,0.0234166421,0.259937048
55.6567969,-0.123216741,0.0733056366,0.260337591
55.6667549,-0.141186953,0.106767461,0.254986763
55.6767129,-0.147253633,0.121602595,0.251816005
55.6866699,-0.136432409,0.131232321,0.252901226
55.6966279,-0.100080527,0.133055523,0.266912907
55.7065859,-0.061850585,0.121398866,0.276708841
55.7165439,-0.0358919539,0.101421699,0.280629009
55.7265019,-0.0209353752,0.0742883459,0.280235648
55.7364589,-0.00962519646,0.0431213714,0.275580972
55.7464169,0.00483603403,0.0304633677,0.270941228
55.7563749,0.0181598291,0.0457911901,0.269321471
55.7663329,0.0184205528,0.0896015242,0.262149066
55.7762909,0.00347249582,0.137744546,0.244606823
55.7862489,-0.0336407833,0.170367479,0.215709388
55.7962059,-0.0882816613,0.164196134,0.174744114
55.8061639,-0.147572145,0.115895711,0.125025287
55.8161219,-0.191954255,0.0234145112,0.0815755501
55.8260799,-0.198022008,-0.0797739252,0.0482279845
55.8360379,-0.169311523,-0.140546456,0.0229290184
55.8459949,-0.129133224,-0.161799282,-0.000246608717
55.8559529,-0.0990067422,-0.15869537,-0.0186855365
55.8659109,-0.0747826248,-0.147133797,-0.0302894618
55.8758689,-0.0530584231,-0.121288612,-0.0267527848
55.8858269,-0.0360717177,-0.0711535364,-0.00455160858
55.8957839,-0.0269272216,-0.0182402562,0.0196205731
55.9057419,-0.0210445654,0.0244909618,0.0388022549
55.9156999,-0.02683907,0.0576579683,0.0516629294
55.9256579,-0.0459986515,0.0724757984,0.0662120432
55.9356159,-0.0614609644,0.0727000386,0.0735463873
55.9455729,-0.0596404262,0.0663246959,0.0742324218
55.9555309,-0.0351992659,0.0469627157,0.0610175468
55.9654889,0.00150761544,0.0143160885,0.0442263186
55.9754469,0.045740325,-0.0304862708,0.0306708273
55.9854049,0.0920518935,-0.0698472559,0.0303112995
55.9953629,0.13722311,-0.112723619,0.0391529948
56.0053199,0.166718408,-0.153121382,0.0564659387
56.0152779,0.177688763,-0.200993031,0.0684235319
56.0252359,0.163020074,-0.250619173,0.0694451183
56.0351939,0.114962004,-0.300079942,0.0553633906
56.0451519,0.0218227413,-0.357319772,0.019800337
56.0551089,-0.0929152966,-0.415705323,-0.0235988032
56.0650669,-0.191187799,-0.433027595,-0.0669846237
56.0750249,-0.2641837,-0.417145818,-0.113135345
56.0849829,-0.298944622,-0.384163916,-0.144885287
56.0949409,-0.307896584,-0.347104162,-0.154595703
56.1048979,-0.303961486,-0.280361354,-0.1634579
56.1148559,-0.311038315,-0.267095089,-0.181261137
56.1248139,-0.331546783,-0.365886629,-0.222222954
56.1347719,-0.34479627,-0.464196175,-0.285753459
56.1447299,-0.328777075,-0.504914582,-0.354428381
56.1546869,-0.272568673,-0.506019533,-0.402680874
56.1646445,-0.163129538,-0.437398374,-0.422935009
56.1746025,-0.00106739497,-0.314378709,-0.412610203
56.1845605,0.198668361,-0.160304457,-0.367126346
56.1945185,0.399208099,0.059175171,-0.304822743
56.2044755,0.529319763,0.278224707,-0.232188761
56.2144335,0.5544824,0.435792744,-0.179819837
56.2243915,0.486121178,0.56197226,-0.151492313
56.2343495,0.361579239,0.639088869,-0.139821813
56.2443075,0.222629353,0.637066722,-0.137246534
56.2542655,0.0996701345,0.55388689,-0.145003259
56.2642225,0.0157190412,0.4261159,-0.171073481
56.2741805,-0.0288734604,0.27432555,-0.219224229
56.2841385,-0.0339971147,0.13387391,-0.286418706
56.2940965,-0.0130944969,0.0173784569,-0.360124886
56.3040545,0.0188788828,-0.0834877044,-0.425509483
56.3140115,0.053286124,-0.155299306,-0.462976962
56.3239695,0.0733541101,-0.177538827,-0.47507146
56.3339275,0.0748747736,-0.155223414,-0.462932229
56.3438855,0.054370299,-0.0950990841,-0.431815594
56.3538435,0.0162910894,-0.0117972707,-0.38305071
56.3638005,-0.0250395723,0.0853415281,-0.317082345
56.3737585,-0.0583128408,0.182092577,-0.245302171
56.3837165,-0.0793105364,0.239692226,-0.181298152
56.3936745,-0.0822365507,0.275231302,-0.129172102
56.4036325,-0.0610007681,0.30031535,-0.0856291503
56.4135895,-0.0183835346,0.30023706,-0.0540757515
56.4235475,0.0330373123,0.278174102,-0.0368909054
56.4335055,0.0785059929,0.235590145,-0.0366126075
56.4434635,0.116017416,0.185490236,-0.0484381057
56.4534215,0.147400111,0.158039168,-0.0685385838
56.4633785,0.16573517,0.134320796,-0.0877335817
56.4733365,0.177960679,0.0950064063,-0.108256966
56.4832945,0.192759335,0.0582177676,-0.121196203
56.4932525,0.21004352,0.0321853682,-0.127475932
56.5032105,0.21567291,0.0038456046,-0.131029919
56.5131675,0.212985769,-0.0236217063,-0.139996782
56.5231255,0.20762749,-0.0441224538,-0.154454559
56.5330835,0.202285185,-0.0492836609,-0.177972123
56.5430415,0.195364431,-0.0498834029,-0.212007597
56.5529995,0.198636666,-0.0232704356,-0.242883489
56.5629575,0.211482152,0.0392150469,-0.268020272
56.5729145,0.220835447,0.097260505,-0.277614832
56.5828725,0.220326245,0.132858977,-0.278420985
56.5928305,0.226333544,0.164403319,-0.261035591
56.6027885,0.240151346,0.191474617,-0.218375474
56.6127465,0.260588706,0.206219748,-0.157999754
56.6227035,0.282362193,0.218616232,-0.0848403201
56.6326615,0.306909621,0.222463429,-0.00781904068
56.6426195,0.327948034,0.230784744,0.0559394322
56.6525775,0.349819243,0.263518184,0.110157661
56.6625355,0.362929463,0.306327701,0.1614829
56.6724925,0.346765131,0.281433284,0.205415741
56.6824505,0.279801548,0.151597783,0.234169617
56.6924085,0.183954656,-0.0412462391,0.244273126
56.7023665,0.0851572379,-0.263562918,0.24129118
56.7123245,0.00404241215,-0.449251562,0.207716972
56.7222815,-0.0343257487,-0.553102851,0.156934217
56.7322395,-0.0118776988,-0.565665007,0.102171645
56.7421975,0.0617555082,-0.465820432,0.068003282
56.7521555,0.18108803,-0.255135894,0.0696219578
56.7621135,0.338821471,-0.00278939493,0.114999026
56.7720705,0.473970234,0.237956896,0.184889421
56.7820285,0.535478055,0.36836949,0.244992971
56.7919865,0.50834018,0.42491588,0.269007772
56.8019445,0.40826419,0.429881066,0.274465382
56.8119025,0.262007117,0.369734108,0.268849581
56.8218595,0.122184768,0.230366632,0.248094231
56.8318175,0.0356836952,0.0555026717,0.217944846
56.8417755,0.0284883659,-0.108894259,0.180361256
56.8517335,0.093700394,-0.226839274,0.151715755
56.8616915,0.200370118,-0.310572505,0.126783773
56.8716485,0.309623361,-0.356775969,0.0963193476
56.8816065,0.362322003,-0.352881879,0.0616316721
56.8915645,0.345328629,-0.328530759,0.028344823
56.9015225,0.271098882,-0.279574931,-0.0134721333
56.9114805,0.16362834,-0.192690894,-0.0716238543
56.9214385,0.0468828194,-0.0759176686,-0.148167893
56.9313955,-0.0556542091,0.0506171063,-0.224729508
56.9413535,-0.12834999,0.156067893,-0.282772303
56.9513115,-0.167473689,0.221269801,-0.321143925
56.9612695,-0.176523373,0.249407962,-0.34100154
56.9712275,-0.178715944,0.256291181,-0.348277807
56.9811845,-0.184391409,0.246186599,-0.33865875
56.9911425,-0.188025564,0.197665676,-0.31670019
57.0011005,-0.177130565,0.130673587,-0.301496744
57.0110585,-0.170903295,0.0512831621,-0.297250867
57.0210165,-0.15971376,-0.0485198647,-0.298846632
57.0309735,-0.146126851,-0.158977136,-0.309535205
57.0409315,-0.112924419,-0.240171582,-0.327980548
57.0508895,-0.0594518743,-0.260730654,-0.347225338
57.0608475,-0.00360671896,-0.225931406,-0.354000151
57.0708055,0.0315568596,-0.153893963,-0.350587845
57.0807625,0.0471438095,-0.0598947592,-0.334043503
57.0907205,0.0409961678,0.0341947228,-0.303853363
57.1006785,0.0208754539,0.101396926,-0.270140946
57.1106365,-0.00755671971,0.116789468,-0.237012818
57.1205945,-0.0257021673,0.0954274535,-0.219632223
57.1305515,-0.0362948924,0.0475536697,-0.220845565
57.1405095,-0.0303166267,-0.0161355603,-0.238163292
57.1504675,-0.00160535343,-0.0680363104,-0.257855237
57.1604259,0.0435892902,-0.091848433,-0.276285917
57.1703839,0.0838589445,-0.103107475,-0.287364662
57.1803409,0.118284032,-0.105893411,-0.284501225
57.1902989,0.145137489,-0.0890771449,-0.263887584
57.2002569,0.16014573,-0.0518078022,-0.22966142
57.2102149,0.166371405,0.0119828936,-0.189368859
57.2201729,0.139429793,0.055623848,-0.1642683
57.2301299,0.0516370945,0.0126071386,-0.17808558
57.2400879,-0.0727788657,-0.0738332123,-0.216169044
57.2500459,-0.184782639,-0.156876966,-0.264321655
57.2600039,-0.261732548,-0.225800112,-0.319573462
57.2699619,-0.302430421,-0.269243449,-0.387496322
57.2799189,-0.331487119,-0.30664888,-0.449179411
57.2898769,-0.34850499,-0.326249212,-0.484077722
57.2998349,-0.307625473,-0.293230534,-0.483517408
57.3097929,-0.179039255,-0.140840471,-0.456509203
57.3197509,0.0236613881,0.115773737,-0.408382446
57.3297089,0.221360624,0.371127486,-0.343150169
57.3396659,0.327688396,0.541263759,-0.274214774
57.3496239,0.320931405,0.639229238,-0.211947143
57.3595819,0.214673415,0.679281831,-0.154247895
57.3695399,0.0742092505,0.657338738,-0.0984320343
57.3794979,-0.0430137813,0.576197803,-0.0594598651
57.3894549,-0.107718207,0.438828498,-0.0488777943
57.3994129,-0.122905679,0.275175631,-0.0637369007
57.4093709,-0.111422397,0.131397441,-0.0989625305
57.4193289,-0.0962101594,0.00221628253,-0.144308448
57.4292869,-0.0742049888,-0.103011072,-0.180625707
57.4392439,-0.0347073786,-0.159061283,-0.201017797
57.4492019,0.00141174172,-0.17427513,-0.211641148
57.4591599,0.0297983754,-0.1540692,-0.211231545
57.4691179,0.0429650433,-0.0860046595,-0.205068201
57.4790759,0.0298974458,-0.00876100082,-0.19802627
57.4890329,-0.0150045156,0.0371777304,-0.199132279
57.4989909,-0.081912443,0.0501553118,-0.210115686
57.5089489,-0.138291568,0.0594561361,-0.219728366
57.5189069,-0.163596392,0.0457371287,-0.22192654
57.5288649,-0.144924968,0.00949070696,-0.219970182
57.5388219,-0.0797843114,-0.0123488111,-0.204737172
57.5487799,0.00591701129,-0.000420246826,-0.177024573
57.5587379,0.0796141326,0.0243434235,-0.146771863
57.5686959,0.10621006,0.030129673,-0.119474731
57.5786539,0.0934026539,0.0217335243,-0.104032926
57.5886109,0.0712832361,0.0285885017,-0.0996251255
57.5985689,0.0397149213,0.0247050803,-0.110647954
57.6085269,-0.00895727612,0.00988485478,-0.141132623
57.6184849,-0.06729462,-0.0178580936,-0.183369562
57.6284429,-0.114830442,-0.0521393679,-0.228882983
57.6383999,-0.122417256,-0.0641928315,-0.260781527
57.6483579,-0.0942948088,-0.0557972193,-0.277292579
57.6583159,-0.0468319543,-0.0346029848,-0.27503556
57.6682739,-0.00907658599,0.0077085197,-0.259487748
57.6782319,0.00857191626,0.0588017963,-0.241482928
57.6881889,0.00155635132,0.106808208,-0.220182702
57.6981469,-0.0211423039,0.122123249,-0.202272147
57.7081049,-0.0395601913,0.115642443,-0.195995077
57.7180629,-0.0472042635,0.0960154757,-0.195023015
57.7280209,-0.052036304,0.073003903,-0.201752827
57.7379779,-0.0605560206,0.0480751172,-0.213879526
57.7479359,-0.0731690153,0.0162356943,-0.233269468
57.7578939,-0.0759546831,0.00552632567,-0.249072939
57.7678519,-0.0786170438,0.0252755284,-0.25447464
57.7778099,-0.0751117915,0.0441538803,-0.24539271
57.7877669,-0.0673161894,0.0585815534,-0.225789979
57.7977249,-0.0687396526,0.0707319602,-0.193389699
57.8076829,-0.0792761818,0.0794620663,-0.150641978
57.8176409,-0.103549831,0.0823529288,-0.112570755
57.8275989,-0.12046729,0.0743195042,-0.0841846541
57.8375559,-0.125644743,0.060731791,-0.0738025829
57.8475139,-0.121221229,0.0406709984,-0.0753165931
57.8574719,-0.111837849,0.00294891815,-0.0787201151
57.8674299,-0.101255782,-0.0250270553,-0.082506597
57.8773879,-0.0894843414,-0.0324181281,-0.0825806335
57.8873449,-0.0678458959,-0.0125663914,-0.0654035062
57.8973029,-0.04859896,0.00622061174,-0.0336594246
57.9072609,-0.0410166755,0.0225583054,-0.00440406939
57.9172189,-0.0483432971,0.0373870544,0.01880165
57.9271769,-0.0504482612,0.0349987298,0.0355734415
57.9371349,-0.0332154781,0.0284593385,0.0461957231
57.9470919,-0.0128819766,-0.00572552998,0.0494090952
57.9570499,0.00457291398,-0.0477009416,0.0438947529
57.9670079,0.0172815192,-0.0765171424,0.0213313866
57.9769659,0.0196128506,-0.0752089992,-0.0089783147
57.9869239,0.0195731688,-0.0598910302,-0.0540190265
57.9968809,0.015644474,-0.0469501987,-0.10379564
58.0068389,0.0151834805,-0.0462615043,-0.154329911
58.0167969,0.0229236912,-0.0426981933,-0.203696936
58.0267549,0.0286947619,-0.0375063643,-0.250972837
58.0367129,0.0248209275,-0.0493539684,-0.298071116
58.0466699,0.0151288854,-0.0396707132,-0.343413293
58.0566279,0.00166021462,-0.0302292742,-0.374536574
58.0665859,-0.0111514544,-0.0193449352,-0.420564532
58.0765439,-0.0273258965,0.00930694863,-0.481960773
58.0865019,-0.0574819334,0.0464841463,-0.5492208
58.0964589,-0.108345911,0.0774231553,-0.61615479
58.1064169,-0.166126385,0.0806809962,-0.677132964
58.1163749,-0.221268997,0.0521766506,-0.739184082
58.1263329,-0.262681693,0.0132835815,-0.801047444
58.1362909,-0.28020823,-0.0202272404,-0.848534226
58.1462479,-0.273925543,-0.0517481491,-0.878491104
58.1562059,-0.246383414,-0.0979774296,-0.905478776
58.1661639,-0.209045634,-0.142510548,-0.934880316
58.1761219,-0.166015074,-0.175688475,-0.954541624
58.1860799,-0.124342993,-0.207444534,-0.96786356
58.1960369,-0.084759891,-0.231779173,-0.976639509
58.2059949,-0.0639845729,-0.255328178,-0.987598956
58.2159529,-0.0650362596,-0.279459327,-1.00939977
58.2259109,-0.101249658,-0.298839152,-1.03568685
58.2358689,-0.156391203,-0.288535655,-1.05466926
58.2458259,-0.201261207,-0.247427642,-1.06444788
58.2557839,-0.217149898,-0.188104391,-1.07170773
58.2657419,-0.204693228,-0.138140291,-1.0782479
58.2756999,-0.170194641,-0.109294802,-1.08844268
58.2856579,-0.119996175,-0.0771826655,-1.10373139
58.2956149,-0.0722086802,-0.065231733,-1.11878991
58.3055729,-0.0262220167,-0.0723210648,-1.13855457
58.3155309,0.0220392551,-0.0898409411,-1.16428018
58.3254889,0.066012837,-0.111444503,-1.19819796
58.3354469,0.099927932,-0.140103579,-1.23388779
58.3454039,0.109354988,-0.176285282,-1.27972615
58.3553619,0.0937411413,-0.215605795,-1.32926977
58.3653199,0.069822222,-0.256676793,-1.37210083
58.3752779,0.066405125,-0.293535203,-1.3995012
58.3852359,0.086522907,-0.3102929,-1.41009164
58.3951929,0.11039868,-0.310033768,-1.39975905
58.4051509,0.132638738,-0.318240821,-1.38379371
58.4151089,0.165340751,-0.297121704,-1.36375928
58.4250669,0.220069245,-0.232697159,-1.32960451
58.4350249,0.271866143,-0.156197861,-1.28341591
58.4449819,0.302394748,-0.0766202062,-1.23447824
58.4549399,0.310993552,0.0182897914,-1.18367171
58.4648979,0.298779249,0.1112919,-1.13085783
58.4748559,0.272952974,0.192302063,-1.08171666
58.4848139,0.235753939,0.264843374,-1.0429796
58.4947709,0.194828078,0.315838128,-1.00927734
58.5047289,0.166392446,0.328848451,-0.979622245
58.5146869,0.15410462,0.308866769,-0.960353732
58.5246449,0.151467025,0.248191431,-0.954357862
58.5346029,0.148840338,0.157151803,-0.959290862
58.5445599,0.141560063,0.0528395139,-0.969043374
58.5545179,0.1488446,-0.0360019431,-0.974151552
58.5644759,0.18219164,-0.0870422274,-0.966145813
58.5744339,0.216273442,-0.107254818,-0.95095861
58.5843919,0.244020656,-0.109026887,-0.932174027
58.5943489,0.257657915,-0.0951536819,-0.897298574
58.6043069,0.261427343,-0.0486735292,-0.84281671
58.6142649,0.256118864,0.0181837976,-0.781831145
58.6242229,0.241995588,0.0873966888,-0.725104749
58.6341809,0.200283825,0.112379007,-0.682043791
58.6441379,0.103749029,0.0708331615,-0.663910627
58.6540959,-0.0517209843,0.00567599526,-0.676207483
58.6640539,-0.212823316,-0.0293253977,-0.700479805
58.6740119,-0.336160421,-0.0419341326,-0.722839952
58.6839699,-0.384140491,-0.0442859717,-0.719748318
58.6939269,-0.333172381,-0.0191633087,-0.665668011
58.7038849,-0.18544656,0.0471491367,-0.562564015
58.7138429,0.024897892,0.152178615,-0.436853766
58.7238009,0.233897984,0.267271131,-0.31424129
58.7337589,0.372826844,0.284017861,-0.211176157
58.7437159,0.403327227,0.204673782,-0.155264691
58.7536739,0.330679923,0.0425892733,-0.146101013
58.7636319,0.19605419,-0.172510788,-0.170246035
58.7735899,0.0433298983,-0.40446201,-0.219017029
58.7835479,-0.0903189778,-0.646419525,-0.295591712
58.7935049,-0.193089828,-0.84525907,-0.383775353
58.8034629,-0.242917567,-0.949484825,-0.470354468
58.8134209,-0.239642948,-0.934775651,-0.559720576
58.8233789,-0.211690143,-0.792410791,-0.671735227
58.8333369,-0.184339747,-0.572802246,-0.811341882
58.8432939,-0.174037844,-0.292429209,-0.952617228
58.8532519,-0.212968469,-0.0139491046,-1.08018422
58.8632099,-0.304776669,0.204677507,-1.19175708
58.8731679,-0.425741702,0.34962672,-1.27549648
58.8831259,-0.549691379,0.41626966,-1.33647335
58.8930829,-0.661807239,0.401209742,-1.38229883
58.9030409,-0.730817735,0.319467217,-1.4139185
58.9129989,-0.725946009,0.18993105,-1.42257404
58.9229569,-0.626117945,0.0512658507,-1.41041756
58.9329149,-0.440418392,-0.0563927032,-1.37592804
58.9428719,-0.213119999,-0.117012642,-1.34625638
58.9528299,-0.0347715616,-0.110367253,-1.34231281
58.9627879,0.0215471033,-0.0659507886,-1.35404456
58.9727459,-0.0275389496,-0.0506922044,-1.36168706
58.9827039,-0.124172017,-0.0208469592,-1.36988664
58.9926609,-0.239353195,0.0482487567,-1.38727868
59.0026189,-0.333342552,0.102221712,-1.38380063
59.0125769,-0.370100558,0.11670851,-1.35490048
59.0225349,-0.34453395,0.120824419,-1.31123233
59.0324929,-0.279330432,0.120162889,-1.27315581
59.0424499,-0.212942898,0.095277518,-1.24874747
59.0524079,-0.163514093,0.0477640592,-1.24045992
59.0623659,-0.129543617,0.00197713077,-1.25460911
59.0723239,-0.100174002,-0.0261626281,-1.28428674
59.0822819,-0.0717980266,-0.0220312662,-1.32141101
59.0922389,-0.0487422384,-0.0115698371,-1.35440671
59.1021969,-0.0405104086,-0.00210709311,-1.37343979
59.1121549,-0.0326125361,0.0103857955,-1.37426722
59.1221129,-0.0274992678,0.0467054546,-1.35186446
59.1320709,-0.0284289774,0.0812905952,-1.32401741
59.1420279,-0.066401124,0.075115256,-1.30627334
59.1519859,-0.131188378,0.0386515222,-1.3062129
59.1619432,-0.210587069,-0.0265168287,-1.32082772
59.1719012,-0.279978126,-0.0976919383,-1.35158598
59.1818582,-0.322697371,-0.16663745,-1.37806439
59.1918162,-0.321098924,-0.234866306,-1.38656867
59.2017742,-0.273134589,-0.283230096,-1.37634587
59.2117322,-0.201246828,-0.293484867,-1.3447504
59.2216902,-0.139345378,-0.260239571,-1.29734802
59.2316472,-0.105676897,-0.199586079,-1.23720932
59.2416052,-0.108955249,-0.108281732,-1.17455626
59.2515632,-0.133945554,0.0227489881,-1.10616124
59.2615212,-0.156289473,0.147641927,-1.03649962
59.2714792,-0.161196083,0.244543165,-0.961348414
59.2814362,-0.157642886,0.296972811,-0.889766932
59.2913942,-0.156713188,0.297555774,-0.823968709
59.3013522,-0.153549612,0.244999096,-0.766105711
59.3113102,-0.141098261,0.154607952,-0.71319294
59.3212682,-0.115918882,0.0382720232,-0.659192801
59.3312252,-0.0796711296,-0.0755541474,-0.614559829
59.3411832,-0.0485515557,-0.165563136,-0.57926923
59.3511412,-0.0357979462,-0.218650311,-0.538017929
59.3610992,-0.0439059399,-0.228464872,-0.489473015
59.3710572,-0.0722369105,-0.196876839,-0.434986621
59.3810142,-0.101181477,-0.127639458,-0.386381537
59.3909722,-0.126673251,-0.0493286662,-0.348405391
59.4009302,-0.149995089,0.0294875838,-0.323823869
59.4108882,-0.170287848,0.0989020765,-0.311914742
59.4208462,-0.176242143,0.149404138,-0.307963431
59.4308032,-0.165032357,0.182216406,-0.306104809
59.4407612,-0.139799178,0.191472754,-0.300835192
59.4507192,-0.1013932,0.169916332,-0.290150344
59.4606772,-0.0563098788,0.124046311,-0.274375618
59.4706352,-0.0200879574,0.0773286074,-0.255871445
59.4805922,-0.00104875281,0.0271149743,-0.246395931
59.4905502,-0.00480434252,-0.00845660176,-0.241428331
59.5005082,-0.0087135965,-0.0130412336,-0.230703518
59.5104662,-0.00257181469,-0.00222773431,-0.207819775
59.5204242,0.0104118949,0.0153898755,-0.182418808
59.5303812,0.0102888569,0.0285301786,-0.155792519
59.5403392,-0.000301469845,0.0267818123,-0.127618149
59.5502972,-0.0134455012,0.00973412022,-0.106535234
59.5602552,-0.0133879771,-0.00492551643,-0.100261353
59.5702132,0.000325171975,-0.0101176156,-0.0948223844
59.5801702,0.036144156,-0.00787976105,-0.0858781561
59.5901282,0.0951518118,0.00874049496,-0.0576774105
59.6000862,0.170263603,0.0383194275,-0.0152479289
59.6100442,0.233314753,0.072991915,0.0287408344
59.6200022,0.255187541,0.105122425,0.0787981451
59.6299592,0.233054817,0.0965089649,0.13450934
59.6399172,0.174596041,0.0273163095,0.167451039
59.6498752,0.0925797373,-0.0742049888,0.166773543
59.6598332,0.0227215569,-0.162686914,0.141442344
59.6697912,-0.0190788861,-0.22464563,0.107516341
59.6797482,-0.0253213346,-0.247978374,0.0727535635
59.6897062,-0.00825366843,-0.226329535,0.0399090648
59.6996642,0.0208075438,-0.167683274,0.0213026255
59.7096222,0.0632386208,-0.101126887,0.0360514782
59.7195802,0.117185213,-0.0365367047,0.0741210952
59.7295372,0.1693829,0.00471166475,0.129315645
59.7394952,0.204413593,0.0374131538,0.185968265
59.7494532,0.197112799,0.0460348688,0.220478848
59.7594112,0.148062974,0.0211036876,0.23505646
59.7693682,0.0848959833,-0.00704965368,0.234957382
59.7793262,0.0352725014,-0.0402720571,0.229068875
59.7892842,0.0145403268,-0.0872691274,0.221973404
59.7992422,0.00516546704,-0.146497294,0.208056793
59.8092002,-0.00489222677,-0.192653611,0.197506413
59.8191572,-0.0218621548,-0.195534348,0.193314597
59.8291152,-0.0386778861,-0.156642079,0.183353052
59.8390732,-0.0595245808,-0.123416476,0.153809264
59.8490312,-0.0730382577,-0.0993553475,0.104640394
59.8589892,-0.0720275864,-0.0713785738,0.0517867655
59.8689462,-0.0478364974,-0.04374668,0.00551167829
59.8789042,-0.0102688828,-0.0254976358,-0.0267980583
59.8888622,0.0302769449,-0.0424678326,-0.0509281605
59.8988202,0.0730174854,-0.106017247,-0.0595860966
59.9087782,0.112251706,-0.178552702,-0.0605424382
59.9187352,0.134825453,-0.25770238,-0.05448002
59.9286932,0.149513319,-0.341150939,-0.0451538973
59.9386512,0.151159152,-0.413390517,-0.0373260677
59.9486092,0.14886272,-0.49054414,-0.0392672457
59.9585672,0.149729833,-0.541567624,-0.0627054572
59.9685242,0.155783743,-0.542504013,-0.110343285
59.9784822,0.176840559,-0.525305033,-0.16872324
59.9884402,0.212182567,-0.492380917,-0.232564539
59.9983982,0.240713537,-0.45610708,-0.301335335
60.0083562,0.251559526,-0.444628596,-0.371480078
60.0183132,0.229867026,-0.468186378,-0.444604874
60.0282712,0.160794735,-0.520110011,-0.512868106
60.0382292,0.055078432,-0.65813607,-0.606710434
60.0481872,-0.049229864,-0.749459326,-0.692069292
60.0581452,-0.0944620594,-0.731093109,-0.727155864
60.0681022,-0.0722132102,-0.658454835,-0.732693911
60.0780602,0.012199142,-0.601122618,-0.724195242
60.0880182,0.135982066,-0.510277927,-0.712008357
60.0979762,0.260538906,-0.366694391,-0.672563195
60.1079342,0.336446196,-0.217879862,-0.604238212
60.1178912,0.336927414,-0.0882124156,-0.538115919
60.1278492,0.266429812,0.0112699652,-0.500893176
60.1378072,0.167529881,0.103409216,-0.489497274
60.1477652,0.0880164057,0.201332852,-0.479257137
60.1577232,0.0462180935,0.262433231,-0.476244837
60.1676811,0.0461866707,0.291216671,-0.482272357
60.1776391,0.0740822181,0.290557802,-0.48468253
60.1875971,0.10200493,0.273382008,-0.475843757
60.1975551,0.115358286,0.24869664,-0.445942312
60.2075121,0.117550597,0.20224072,-0.400580704
60.2174701,0.112669826,0.132021949,-0.351676553
60.2274281,0.111167535,0.0740550533,-0.306907475
60.2373861,0.104724817,0.0512030013,-0.272189707
60.2473441,0.0861157104,0.0548856184,-0.251409322
60.2573011,0.0443416312,0.0798543543,-0.237454101
60.2672591,-0.0160764381,0.113635749,-0.23135519
60.2772171,-0.0806056261,0.142360076,-0.227030754
60.2871751,-0.137990624,0.163116485,-0.225246966
60.2971331,-0.164201453,0.174666077,-0.214713901
60.3070901,-0.140082538,0.21882315,-0.184357852
60.3170481,-0.081229344,0.290533036,-0.13262862
60.3270061,-0.0224198215,0.338485628,-0.0678946301
60.3369641,0.0144758783,0.354027838,0.00584936701
60.3469221,0.0244685914,0.345983505,0.0778447315
60.3568791,-0.000184557066,0.306953549,0.127230659
60.3668371,-0.0594031401,0.278914183,0.153100342
60.3767951,-0.153047338,0.24877733,0.163156703
60.3867531,-0.240880519,0.222709239,0.164556459
60.3967111,-0.283103883,0.214812696,0.15796487
60.4066681,-0.276629716,0.232843906,0.151454762
60.4166261,-0.238672763,0.240760416,0.162792906
60.4265841,-0.179089323,0.218884945,0.192243472
60.4365421,-0.0864970759,0.211266965,0.2437554
60.4465001,0.0275892839,0.273663223,0.31437391
60.4564571,0.108710766,0.362334788,0.380675703
60.4664151,0.109201856,0.390067071,0.433665425
60.4763731,0.026130138,0.326724052,0.472710282
60.4863311,-0.106507272,0.227771372,0.488919079
60.4962891,-0.252836257,0.0912875682,0.47298485
60.5062461,-0.369970858,-0.0696842745,0.416149288
60.5162041,-0.424557954,-0.186833799,0.336221695
60.5261621,-0.411471963,-0.229080588,0.258771092
60.5361201,-0.329966456,-0.200886235,0.229848906
60.5460781,-0.182673946,-0.120045178,0.267185897
60.5560351,-0.00141733431,0.0100467755,0.348819226
60.5659931,0.152283281,0.151944518,0.446058959
60.5759511,0.227080822,0.242542595,0.536094844
60.5859091,0.231462255,0.260151684,0.610186636
60.5958661,0.208540961,0.235367507,0.665800929
60.6058241,0.176279694,0.175156102,0.689597845
60.6157821,0.14889361,0.108562164,0.67367506
60.6257401,0.125709727,0.0416771397,0.625303566
60.6356981,0.128283933,-0.00899216346,0.564439654
60.6456551,0.164432347,-0.0523668006,0.50665921
60.6556131,0.235855669,-0.118987642,0.452932864
60.6655711,0.321001977,-0.174432516,0.411172897
60.6755291,0.382855237,-0.211303994,0.381246686
60.6854871,0.397007555,-0.228984714,0.354307741
60.6954441,0.360344589,-0.21257405,0.311188251
60.7054021,0.292958379,-0.157212794,0.256620616
60.7153601,0.225905031,-0.0752199218,0.199658245
60.7253181,0.178366542,0.0101759387,0.157031968
60.7352761,0.15889591,0.0987177864,0.138098478
60.7452331,0.160940945,0.190499902,0.15473339
60.7551911,0.175488204,0.263297677,0.201866537
60.7651491,0.195223555,0.312334985,0.263881445
60.7751071,0.219862327,0.347287387,0.320930094
60.7850651,0.232699826,0.37257731,0.361539841
60.7950221,0.217713416,0.380980909,0.381790757
60.8049801,0.172715843,0.352937281,0.390138447
60.8149381,0.109599732,0.296614349,0.392561674
60.8248961,0.0266542472,0.211012632,0.390051097
60.8348531,-0.0669846237,0.0842882469,0.377269536
60.8448111,-0.144424558,-0.028752286,0.352882683
60.8547691,-0.20464395,-0.10854885,0.312965095
60.8647271,-0.240180641,-0.14978151,0.26256904
60.8746851,-0.236578986,-0.160907656,0.215304062
60.8846421,-0.197075516,-0.137760267,0.175974488
60.8946001,-0.136094183,-0.0906295031,0.145712733
60.9045581,-0.0840600133,-0.0319273062,0.123659089
60.9145161,-0.0528062247,0.0212637428,0.108394653
60.9244741,-0.0363881029,0.0700336769,0.112896726
60.9344311,-0.0341952555,0.082176365,0.131416351
60.9443891,-0.0370775945,0.058730159,0.153706744
60.9543471,-0.0278161839,0.0348844789,0.178146571
60.9643051,0.000192280233,0.00340698194,0.209320202
60.9742631,0.0306926649,-0.0396363586,0.22945103
60.9842201,0.0504850112,-0.0750100613,0.235427171
60.9941781,0.0520640016,-0.0816423967,0.221000031
61.0041361,0.0263804737,-0.0550358221,0.186745122
61.0140941,-0.0193055216,-0.0249799173,0.132526085
61.0240521,-0.0783169121,0.020781178,0.0660298839
61.0340091,-0.138802096,0.0696051791,0.000516919536
61.0439671,-0.220123842,0.116559371,-0.0752393603
61.0539251,-0.328952849,0.195079476,-0.15475069
61.0638831,-0.436850816,0.285801381,-0.199245468
61.0738411,-0.574302673,0.371431351,-0.229890183
61.0837981,-0.753092706,0.414944202,-0.263886243
61.0937561,-0.906070232,0.426584601,-0.294823378
61.1037141,-0.93361026,0.414809436,-0.304495454
61.1136721,-0.810317099,0.383612633,-0.28559047
61.1236301,-0.595506251,0.288043767,-0.249373615
61.1335871,-0.347507894,0.104383662,-0.197501361
61.1435451,-0.112145178,-0.106131762,-0.139388785
61.1535031,0.0692267418,-0.251419455,-0.0934942663
61.1634607,0.157573387,-0.320435524,-0.0745823607
61.1734177,0.133600399,-0.346100688,-0.0944143832
61.1833757,0.0137642818,-0.337001473,-0.130080774
61.1933337,-0.149954617,-0.300910294,-0.15884158
61.2032917,-0.305984437,-0.248350158,-0.176079154
61.2132497,-0.42612654,-0.181422517,-0.181994841
61.2232067,-0.491278648,-0.126646623,-0.16584143
61.2331647,-0.470222354,-0.0903104544,-0.118409202
61.2431227,-0.367949784,-0.0923712105,-0.0462255515
61.2530807,-0.211909056,-0.109627962,0.0308841467
61.2630387,-0.0450226031,-0.0886097625,0.102476843
61.2729957,0.070076555,-0.0559559427,0.159006968
61.2829537,0.108463094,-0.026452912,0.180853933
61.2929117,0.0629289001,0.00597453536,0.158453286
61.3028697,-0.0270079151,0.0438835695,0.115743645
61.3128277,-0.109535016,0.071565263,0.0797065496
61.3227847,-0.147317022,0.0714893639,0.064850904
61.3327427,-0.123265475,0.0355553292,0.0674999505
61.3427007,-0.0673489496,-0.000156327558,0.0876081437
61.3526587,-0.00452018343,-0.0198911503,0.118779115
61.3626157,0.0501105711,-0.0342610329,0.150782317
61.3725737,0.0773086399,-0.0184945893,0.169648692
61.3825317,0.0648152158,-0.00815806165,0.170959488
61.3924897,0.0288974289,0.00822224375,0.16034627
61.4024477,-0.0118278973,0.035278894,0.145073831
61.4124047,-0.0441525467,0.0497353338,0.129316971
61.4223627,-0.0696525797,0.037470676,0.115307949
61.4323207,-0.0888377279,0.00419634301,0.106412463
61.4422787,-0.106606334,-0.0206842385,0.102220908
61.4522367,-0.115885325,-0.00825020671,0.0962461084
61.4621937,-0.105451055,0.04954971,0.072187908
61.4721517,-0.0747061968,0.144087404,0.0328271873
61.4821097,-0.0587360188,0.234852463,-0.0113163041
61.4920677,-0.0677561462,0.306159914,-0.0436137915
61.5020257,-0.0726491734,0.337022513,-0.0297997072
61.5119827,-0.0553061329,0.389009535,0.0296875872
61.5219407,-0.0217622872,0.370777279,0.0677398965
61.5318987,-0.0132793197,0.342111796,0.0492117554
61.5418567,-0.0465853438,0.298289478,0.0303299427
61.5518137,-0.112774752,0.245930403,0.0241631269
61.5617717,-0.163066417,0.184566379,0.016828781
61.5717297,-0.167833209,0.119025193,0.00476412894
61.5816877,-0.123336583,0.0668330938,-0.0135994321
61.5916457,-0.0515928864,0.0351846181,-0.0236896165
61.6016027,0.0283509474,-0.0081564635,-0.0157478042
61.6115607,0.114132963,-0.041878473,0.00628026621
61.6215187,0.178598508,-0.045328334,0.0391444713
61.6314767,0.209016591,-0.0429959372,0.0786308944
61.6414347,0.210754573,-0.0344820768,0.118977517
61.6513917,0.185996234,-0.0277030002,0.148109302
61.6613497,0.141116112,-0.0377875939,0.160854667
61.6713077,0.0976671726,-0.0466625765,0.153171182
61.6812657,0.0681204647,-0.0485369079,0.134904295
61.6912237,0.0521790497,-0.0364355072,0.120761573
61.7011807,0.0549500659,-0.0391529948,0.121834561
61.7111387,0.0657206923,-0.0624942705,0.132866442
61.7210967,0.0921142176,-0.0723929703,0.147565752
61.7310547,0.129404068,-0.0793744475,0.164566845
61.7410117,0.168451324,-0.0770990476,0.169832706
61.7509697,0.195000917,-0.0617887974,0.168788224
61.7609277,0.211235806,-0.0503483899,0.161148936
61.7708857,0.211215571,-0.0370762609,0.156823173
61.7808437,0.199326426,-0.0380259454,0.150088832
61.7908007,0.174495101,-0.0475126579,0.144450128
61.8007587,0.136440128,-0.0645736679,0.137123764
61.8107167,0.0924404487,-0.0723319873,0.118176177
61.8206747,0.0521183275,-0.0610931814,0.0869660601
61.8306327,0.0274409447,-0.0388760269,0.0496927202
61.8405897,0.0193699691,-0.00735538453,0.0213867817
61.8505477,0.0250678025,0.0182170868,0.00666083209
61.8605057,0.0403572768,0.0359705165,7.51011394E-05
61.8704637,0.0809015036,0.0529969037,0.00184796751
61.8804217,0.138862804,0.0903906152,0.0151155693
61.8903787,0.182122141,0.10589847,0.0320719145
61.9003367,0.196479231,0.0865375549,0.0425509214
61.9102947,0.181549028,0.049222406,0.0487955026
61.9202527,0.149623573,-0.00141440483,0.0444420315
61.9302107,0.101346061,-0.0481949598,0.0257447772
61.9401677,0.0365026183,-0.0806770027,-0.0069274148
61.9501257,-0.024692297,-0.0940852165,-0.0317296982
61.9600837,-0.0380626954,-0.0988248438,-0.0389753617
61.9700417,-0.005519934,-0.0825649202,-0.0349806212
61.9799987,0.0402776487,-0.0717727244,-0.0272425395
61.9899567,0.0786237046,-0.0701335445,-0.0169691294
61.9999147,0.085371621,-0.0696869344,-0.00305091729
62.0098727,0.0634487495,-0.0692397878,0.00264585041
62.0198307,0.0250345133,-0.0642559528,-0.00735005829
62.0297877,-0.0220429841,-0.0461930595,-0.0256760679
62.0397457,-0.0552781709,-0.02434076,-0.0396736413
62.0497037,-0.0690650865,-0.0104630273,-0.0448372476
62.0596617,-0.0658977926,-0.000874848396,-0.0480878986
62.0696197,-0.0579224229,-0.00553724449,-0.0497406572
62.0795767,-0.0508804917,-0.0177803282,-0.0491971076
62.0895347,-0.0495414548,-0.0255999025,-0.0396771058
62.0994927,-0.0426095128,-0.0275490694,-0.0245277137
62.1094507,-0.0339414552,-0.0243058726,-0.00719692651
62.1194077,-0.0274806265,-0.0122795692,0.00610423135
62.1293657,-0.0275458731,0.00992666651,0.0218863897
62.1393237,-0.034733478,0.0401418284,0.0306460597
62.1492817,-0.0506109782,0.058450792,0.0323203877
62.1592397,-0.0632559359,0.0536645614,0.0321797729
62.1691966,-0.0647257343,0.0164221171,0.0343960561
62.1791546,-0.0479097366,-0.0211745277,0.0395050645
62.1891126,-0.0251349136,-0.072774075,0.0452130176
62.1990706,-0.00659957947,-0.119951703,0.0433823615
62.2090286,0.00531646842,-0.125254318,0.0381196886
62.2189856,0.0140005043,-0.106628172,0.0378365964
62.2289436,0.0245026797,-0.0830163211,0.0380738825
62.2389016,0.036087431,-0.0510005988,0.0395532697
62.2488596,0.0483792499,-0.0337928496,0.0483994894
62.2588176,0.0608047619,-0.0189065803,0.0685348511
62.2687746,0.0802439749,0.0130564133,0.0899671763
62.2787326,0.101387873,0.0393167809,0.102316253
62.2886906,0.107355222,0.0602699965,0.0922305956
62.2986486,0.100671746,0.0831276402,0.0664328188
62.3086056,0.081508711,0.0909914225,0.0275892839
62.3185636,0.0675662607,0.098302871,-0.0132407043
62.3285216,0.0551410168,0.0795709938,-0.0540627018
62.3384796,0.0527678728,0.0275778323,-0.0857828185
62.3484376,0.0607898459,-0.0160077289,-0.0926457793
62.3583946,0.0650341287,-0.0421234854,-0.0828488097
62.3683526,0.0555711165,-0.0475483425,-0.0634905621
62.3783106,0.0335462429,-0.0280428194,-0.0508685075
62.3882686,0.00236861547,0.0166080054,-0.0435789041
62.3982266,-0.0339028388,0.0782039911,-0.0404174626
62.4081836,-0.0557359681,0.117486417,-0.0323542096
62.4181416,-0.0568363853,0.131689593,-0.0161398221
62.4280996,-0.0408544876,0.11822065,0.000237021333
62.4380576,-0.0115487976,0.0802037567,0.018150242
62.4480146,0.0113493269,0.0506208315,0.0291187372
62.4579726,0.0251010917,0.0313390158,0.0363090038
62.4679306,0.0207417645,0.0144979823,0.0323504843
62.4778886,0.0126633309,0.014799186,0.0291443039
62.4878466,0.00162692508,0.027536286,0.034782216
62.4978036,0.00219870568,0.0262039062,0.0426481292
62.5077616,0.00468183728,0.0277458765,0.0416624919
62.5177196,0.00510101859,0.02892619,0.0404174626
62.5276776,0.0036887445,0.0251037553,0.031109184
62.5376356,0.00056805223,0.0214549582,0.0179486405
62.5475926,-0.00880893786,0.0178362541,-0.00564856455
62.5575506,-0.0321262442,-0.00364107382,-0.0393612534
62.5675086,-0.061467357,-0.0295586903,-0.072862491
62.5774666,-0.0874302462,-0.0517428219,-0.0983257741
62.5874236,-0.0964375883,-0.0840714648,-0.117895477
62.5973816,-0.0763400421,-0.119553298,-0.125625029
62.6073396,-0.0410931073,-0.139933929,-0.124507837
62.6172976,-0.00757216569,-0.152262509,-0.124011159
62.6272556,0.00609171484,-0.147651508,-0.1240559
62.6372126,-0.0045329663,-0.120744258,-0.127790183
62.6471706,-0.0446252599,-0.0849726796,-0.136664107
62.6571286,-0.104889132,-0.02411226,-0.151299506
62.6670866,-0.145517245,0.0469326228,-0.154633522
62.6770446,-0.145519376,0.106137089,-0.140266836
62.6870016,-0.110242352,0.134296551,-0.108939536
62.6969596,-0.0591512024,0.134409204,-0.0664477348
62.7069176,-0.0211750604,0.106355466,-0.0208365731
62.7168756,-0.0107802097,0.0542347431,0.0208453611
62.7268326,-0.027114708,-0.00168844417,0.0477475487
62.7367906,-0.0620748214,-0.0412403792,0.0677060783
62.7467486,-0.0960607529,-0.0490975045,0.0778889358
62.7567066,-0.114395551,-0.0321869664,0.0787299648
62.7666646,-0.113570236,-0.0166410282,0.078916654
62.7766216,-0.0967497155,-0.010371414,0.0769304708
62.7865796,-0.0769882575,-0.0137376497,0.069927156
62.7965376,-0.0602183342,-0.0285317767,0.0512586609
62.8064956,-0.0538400635,-0.0245045442,0.0303083714
62.8164536,-0.0553953499,-0.0270097796,0.0166620668
62.8264106,-0.0602034181,-0.0276153833,0.00733834039
62.8363686,-0.0658695623,-0.0320024081,0.00343787461
62.8463266,-0.0736848712,-0.0459669605,0.00694978517
62.8562846,-0.0756252557,-0.0586747639,0.0118446751
62.8662426,-0.0610167496,-0.0450985022,0.0176365171
62.8761996,-0.0336527675,-0.0263266787,0.0236283634
62.8861576,-0.00596894277,-0.0125597343,0.0131863756
62.8961156,0.00646615494,0.00221228786,-0.00511087244
62.9060736,-0.00831039436,0.0107826069,-0.0297805332
62.9160306,-0.0379311368,0.0213417746,-0.0503827445
62.9259886,-0.0635904297,0.0275794305,-0.0685958415
62.9359466,-0.0753325745,0.0435605273,-0.0847377926
62.9459046,-0.07427077,0.0490173437,-0.0962700769
62.9558626,-0.0600902364,0.0440409593,-0.0994416326
62.9658196,-0.0304575078,0.0429815538,-0.0922444463
62.9757776,0.0081490064,0.0386872068,-0.0748614594
62.9857356,0.0335763358,0.0313797593,-0.0555881597
62.9956936,0.0423589088,0.0148159638,-0.0311768278
63.0056516,0.0383298136,0.009079515,-0.0120260362
63.0156086,0.026513366,0.0216925126,-0.00352815585
63.0255666,0.00951893628,0.036539901,-0.00574177504
63.0355246,-0.00533377891,0.0458082333,-0.0119461417
63.0454826,-0.0149571113,0.0504338779,-0.0165209193
63.0554396,-0.0217497703,0.041790057,-0.0225308761
63.0653976,-0.0302143618,0.0223447196,-0.025861159
63.0753556,-0.0359156579,0.00145674916,-0.0236113202
63.0853136,-0.0373060927,-0.0289562847,-0.0173132103
63.0952716,-0.0366296507,-0.0609262027,-0.00806351937
63.1052286,-0.0332157426,-0.0698392689,-0.0028884646
63.1151866,-0.0307587106,-0.0451981053,0.0105338674
63.1251446,-0.0328721963,-0.0248571467,0.0276079252
63.1351026,-0.034583278,-0.00169243885,0.0434625223
63.1450596,-0.0303041097,0.0166823082,0.058919508
63.1550176,-0.0229844116,0.0239048004,0.0710270405
63.164976,-0.0252419729,0.0128758512,0.0739437342
63.174934,-0.0341995172,-0.015520636,0.0679505542
63.184892,-0.0324889682,-0.0319526047,0.0569852553
63.194849,-0.0147576407,-0.0156796277,0.0491560958
63.204807,0.00677694613,-0.0112622418,0.0426308177
63.214765,0.0131163346,-0.0232651085,0.0385479257
63.224723,0.00465280889,-0.0155483335,0.0396747068
63.234681,-0.00904729124,-0.000406132051,0.051276505
63.244638,-0.0251559541,0.00742915412,0.0645853877
63.254596,-0.038012363,0.0161041357,0.0670765042
63.264554,-0.0497837998,0.0202863626,0.0633808374
63.274512,-0.0569964424,0.0119852899,0.062198393
63.284469,-0.054758586,-0.00266049802,0.0611773357
63.294427,-0.0499316081,-0.0200741086,0.0521960929
63.304385,-0.0455983765,-0.041368477,0.0387471281
63.314343,-0.0376224779,-0.0544696338,0.0353782289
63.324301,-0.017664481,-0.0448971689,0.040119458
63.334258,0.00245996192,-0.0244797766,0.0492490381
63.344216,0.0207737219,-8.52211524E-05,0.0562094748
63.354174,0.0200442821,0.0266558453,0.0637084022
63.364132,0.00190416013,0.0389841497,0.065030396
63.37409,-0.0287552159,0.0360251106,0.0574369282
63.384047,-0.0555492789,0.0176889822,0.0458777435
63.394005,-0.0726401135,0.000816525193,0.0351944715
63.403963,-0.0709609911,-0.0131991589,0.0386589803
63.413921,-0.0597653277,-0.0109437276,0.0448385775
63.423878,-0.0518320389,-0.00732209487,0.0496399924
63.433836,-0.0612886585,-0.0157848224,0.0424459949
63.443794,-0.0878198668,-0.0278460123,0.0253106821
63.453752,-0.11168392,-0.0278175157,0.0130420327
63.46371,-0.118062727,-0.035227228,0.0207883697
63.473667,-0.103706956,-0.0385532528,0.0397226438
63.483625,-0.0860539228,-0.0348565169,0.0613344647
63.493583,-0.0886670202,-0.0200687833,0.0870723203
63.503541,-0.10942103,-0.0176042933,0.0976924747
63.513498,-0.155689731,-0.0367273875,0.0920702741
63.523456,-0.206717759,-0.0839231312,0.0783158466
63.533414,-0.237042367,-0.132494658,0.0650343969
63.543372,-0.235168576,-0.163098112,0.065470621
63.55333,-0.207664773,-0.18186833,0.0781973302
63.563287,-0.171663895,-0.182674214,0.0908611938
63.573245,-0.148525298,-0.170673996,0.092450574
63.583203,-0.140737414,-0.142412007,0.078354463
63.593161,-0.147883207,-0.104508035,0.0560472906
63.603119,-0.154400498,-0.0527098179,0.0404337086
63.613076,-0.14392069,-0.00267061801,0.0366251208
63.623034,-0.104028128,0.0402297117,0.0514314994
63.632992,-0.0499787442,0.0682946369,0.0781997293
63.64295,0.000866592629,0.0842283294,0.101970576
63.652907,0.0321765766,0.0835534856,0.118851021
63.662865,0.0405535512,0.0787193105,0.11507652
63.672823,0.0303858686,0.0696374029,0.101614773
63.682781,0.02710885,0.0744188428,0.0836506858
63.692739,0.0376499072,0.0882936418,0.0691114292
63.702696,0.0642977655,0.11408902,0.051547613
63.712654,0.0852773488,0.145693019,0.032702554
63.722612,0.0944154486,0.161647752,0.026018817
63.73257,0.0840696022,0.156307846,0.0172325168
63.742527,0.0518088676,0.151534662,0.00233079866
63.752485,0.0120947463,0.145671189,-0.00932985172
63.762443,-0.0157693755,0.135220677,-0.0111016529
63.772401,-0.0184104331,0.10979414,-0.00356836943
63.782359,0.00803875178,0.0795912296,0.00254997681
63.792316,0.033042904,0.0375718772,0.00273639802
63.802274,0.045550175,-0.01633876,-0.00625709677
63.812232,0.0425546505,-0.0583003238,-0.0140495058
63.82219,0.0400392935,-0.0666975379,-0.0180684831
63.832147,0.0457586981,-0.0565365143,-0.0133818518
63.842105,0.0546097159,-0.0456907898,2.21042374E-05
63.852063,0.0605885126,-0.0367950313,0.0136324549
63.862021,0.0558147952,-0.0318021365,0.0243711192
63.871979,0.0381638967,-0.0254792608,0.0222975817
63.881936,0.007521566,-0.00505601149,0.0145352669
63.891894,-0.0249088127,0.00435453467,0.000318514067
63.901852,-0.043727506,0.0195449386,-0.0152665712
63.91181,-0.0457472466,0.0239716452,-0.0318338312
63.921768,-0.0423706248,0.00737509178,-0.044995971
63.931725,-0.0453853235,-0.0404483564,-0.0575431883
63.941683,-0.0557365008,-0.0943573937,-0.0639502183
63.951641,-0.0572845936,-0.128751054,-0.0643044189
63.961599,-0.0369833186,-0.153358132,-0.0544696338
63.971556,0.000617587066,-0.170568272,-0.0338298678
63.981514,0.0438007452,-0.172452465,-0.00746883545
63.991472,0.0687865242,-0.154434845,0.0229452625
64.00143,0.0735146999,-0.127441838,0.0555282384
64.011388,0.0605243295,-0.103767671,0.0856485888
64.021345,0.0429160409,-0.0689769387,0.106366657
64.031303,0.0239588618,-0.0362861007,0.119590312
64.041261,0.00750824995,-0.0220839977,0.123580262
64.051219,-0.00390046579,-0.0132281873,0.122362666
64.061177,-0.00739639718,-0.0153677706,0.120366357
64.071134,-0.0111964615,-0.0385106392,0.112752378
64.081092,-0.0224240832,-0.092544578,0.0975593105
64.09105,-0.0391543284,-0.139925674,0.0776841417
64.101008,-0.0705162436,-0.168038011,0.0471195765
64.110965,-0.0970511809,-0.179224879,0.0150130382
64.120923,-0.0901647806,-0.165539429,-0.00221761432
64.130881,-0.057989534,-0.14736788,-0.00992879737
64.140839,-0.0107362671,-0.116233662,-0.0113400063
64.150797,0.0222331341,-0.0787336975,-0.00241522072
64.160754,0.0338961817,-0.0300638918,0.00862358231
64.1707118,0.0287259202,0.0254837889,0.0201350953
64.1806698,0.0153928045,0.0670504048,0.0298721455
64.1906278,0.00559929619,0.0905522704,0.0338687524
64.2005848,0.00732422573,0.102632366,0.0363974236
64.2105428,0.0204152595,0.0968016461,0.0303278118
64.2205008,0.0327507555,0.0731596947,0.0162170529
64.2304588,0.0437480137,0.0452010334,-0.00245703245
64.2404168,0.0464063808,0.0123983463,-0.0255181435
64.2503738,0.0390158407,-0.0143299373,-0.0507920757
64.2603318,0.0286308452,0.00140907848,-0.0677055418
64.2702898,0.0220387224,0.0163102634,-0.0761046186
64.2802478,0.0224584378,0.0170450304,-0.0769144893
64.2902048,0.0303842705,0.0132143386,-0.0750436187
64.3001628,0.0246121362,0.00862198416,-0.0748380199
64.3101208,0.00480966875,0.0142055675,-0.069793731
64.3200788,-0.0146543104,0.0260784719,-0.0572827309
64.3300368,-0.0173014924,0.0440822393,-0.0524954312
64.3399938,-0.0155773619,0.0631850958,-0.0585980639
64.3499518,-0.00981987361,0.0779869407,-0.0622042529
64.3599098,-0.00886539649,0.079738237,-0.0607139468
64.3698678,-0.0112428004,0.0790772438,-0.0579083078
64.3798248,-0.017766213,0.0671215132,-0.0533545688
64.3897828,-0.019805396,0.0431996696,-0.0439727828
64.3997408,-0.0067385966,0.0186423939,-0.0283650625
64.4096988,0.0125813056,2.23705538E-05,-0.0148101049
64.4196568,0.0319856293,-0.0162753761,-0.00928883906
64.4296138,0.0493454449,-0.0106515791,-0.00593378907
64.4395718,0.0633968189,-0.00151187659,-0.00130814477
64.4495298,0.0661396086,0.0101035004,0.00752076693
64.4594878,0.0538448542,0.0212504268,0.0108294785
64.4694458,0.0194493309,0.023298664,0.00719479611
64.4794028,-0.0382011831,0.0120555973,0.00331829861
64.4893608,-0.0986221805,-0.00711996108,-0.00111479918
64.4993188,-0.13907586,-0.0148857385,0.0101564974
64.5092768,-0.147298381,-0.0196432099,0.0332391784
64.5192338,-0.124904118,-0.021582257,0.0604873113
64.5291918,-0.0947515443,-0.0294106193,0.0844192728
64.5391498,-0.0752904937,-0.0418443866,0.0977782235
64.5491078,-0.0624974668,-0.0385985263,0.0898199007
64.5590658,-0.0394533984,-0.0184461195,0.0814951286
64.5690228,-0.0106880646,0.0180144198,0.0748294964
64.5789808,0.0212008934,0.0633648559,0.0644500926
64.5889388,0.0345803462,0.103711478,0.0514006056
64.5988968,0.0268174987,0.115480259,0.0436454825
64.6088538,-0.00133957004,0.110647149,0.030680947
64.6188118,-0.0441791788,0.0912406966,0.00535588339
64.6287698,-0.0809161514,0.0677497536,-0.0252174716
64.6387278,-0.0960125476,0.0334373191,-0.0508943386
64.6486858,-0.0803835243,0.015194932,-0.0655105636
64.6586428,-0.0401964225,0.0026410569,-0.0649936497
64.6686008,0.00130015519,-0.00990030169,-0.0522488244
64.6785588,0.036690902,-0.0236091893,-0.0328343809
64.6885168,0.0535079651,-0.0329012237,-0.0115200356
64.6984748,0.0500945933,-0.0199105907,0.00522938324
64.7084318,0.032205075,0.00502485223,0.0115740979
64.7183898,0.0119224396,0.0140353916,0.0190064479
64.7283478,0.00230230275,0.022166023,0.0187111031
64.7383058,-0.00757722603,0.025567146,0.0135200694
64.7482628,-0.0120332269,0.0200245753,0.00343201566
64.7582208,-0.0043324302,0.0102598276,0.00491193449
64.7681788,0.00717482204,-0.0104118949,0.00902039278
64.7781368,0.0241324995,-0.0237543322,0.0161595289
64.7880948,0.0313454047,-0.0124449516,0.0251884442
64.7980518,0.0200786367,0.000879908446,0.0327781849
64.8080098,-0.00680783857,0.00521127367,0.0337574296
64.8179678,-0.0341640972,0.00931280758,0.0310428701
64.8279258,-0.0574803352,0.00543311471,0.0180594269
64.8378828,-0.0739357397,0.00737535814,0.000174437053
64.8478408,-0.0754060745,0.00960229337,-0.0131123401
64.8577988,-0.0595232472,0.0101602254,-0.0214975681
64.8677568,-0.0363412313,4.9002163E-05,-0.0256257355
64.8777148,-0.0112843458,-0.00832450856,-0.0262939222
64.8876718,0.00139203435,-0.0224427246,-0.0187523831
64.8976298,0.000548611162,-0.0284398962,-0.00778948003
64.9075878,-0.00741850166,-0.0284617357,0.00674205879
64.9175458,-0.0133866454,-0.0285544135,0.0242318362
64.9275028,-0.0110633038,-0.0387026556,0.0355239064
64.9374608,-0.0159459431,-0.0387023874,0.0323129334
64.9474188,-0.0249295849,-0.0260909889,0.0267141685
64.9573768,-0.0328338481,-0.0222142246,0.0203089993
64.9673348,-0.031683892,-0.0175393131,0.0129213911
64.9772918,-0.021440044,-0.000406132051,0.0092406366
64.9872498,-0.0136558907,0.0110265519,0.00937805511
64.9972078,-0.00991095416,0.0179190785,0.010963968
65.0071658,-0.00827390887,0.0193513278,0.0132207302
65.0171228,-0.00659212237,0.00547812227,0.0165989511
65.0270808,0.00560701918,-0.00339579675,0.0155334193
65.0370388,0.0198229738,0.00346131041,0.0169579443
65.0469968,0.0331190713,0.00929283444,0.0133741284
65.0569548,0.038716238,0.01141058,0.00519795762
65.0669118,0.0422744863,0.0112430668,-0.00686323224
65.0768698,0.0321970843,0.0122268386,-0.0195958056
65.0868278,0.0126441559,0.014878016,-0.029883597
65.0967858,-0.00310338149,0.00769973127,-0.0370416418
65.1067428,-0.00580249541,0.00251162727,-0.0475238413
65.1167008,-0.00242294394,-0.000816525193,-0.0657553077
65.1266588,-0.00547572551,-0.00285224547,-0.0819436014
65.1366168,-0.00367436325,-0.00387143716,-0.0926710814
65.1465748,-0.000264451897,-0.00993572176,-0.0875082761
65.1565318,0.00144875958,-0.0173291899,-0.073704578
65.1664898,0.00216088886,-0.0182567686,-0.0595362969
65.1764481,-0.00116167089,-0.0113890087,-0.0506202988
65.1864061,-0.00886566285,0.00362988864,-0.0421005823
65.1963631,-0.00544083817,0.0193388108,-0.0332911126
65.2063211,0.00991228595,0.0420241505,-0.0218451116
65.2162791,0.021361215,0.0613395236,-0.00964197423
65.2262371,0.0210051499,0.0589296296,0.00550262351
65.2361951,0.017414676,0.0322639309,0.0159123875
65.2461521,0.0145467184,0.0231034551,0.0203862321
65.2561101,0.0140367234,0.0108156297,0.0201966148
65.2660681,0.0180615578,-0.00945448782,0.0169379711
65.2760261,0.0214288589,-0.0140875895,0.0129940957
65.2859831,0.0180791356,-0.0129823778,0.0137584228
65.2959411,0.00711383577,-0.0193140432,0.0179635547
65.3058991,-0.0104917893,-0.0289634746,0.0202967487
65.3158571,-0.0272771604,-0.0399367623,0.0239716452
65.3258151,-0.0433157831,-0.0630767047,0.0269708969
65.3357721,-0.0470154472,-0.0868041366,0.0229663029
65.3457301,-0.0436984785,-0.104075536,0.0135943722
65.3556881,-0.0394512676,-0.103773803,-0.00366104743
65.3656461,-0.0466910712,-0.0909371004,-0.0212083496
65.3756031,-0.0631464794,-0.0686030313,-0.0383093059
65.3855611,-0.0784774944,-0.0433099233,-0.0430864841
65.3955191,-0.0650077611,-0.00819507893,-0.028826056
65.4054771,-0.0215793271,0.0304183587,0.00433589239
65.4154351,0.0327739269,0.0520197898,0.0418198854
65.4253921,0.0747618526,0.0352669097,0.0694179535
65.4353501,0.0952519476,0.010972756,0.080627732
65.4453081,0.0900167078,-0.0146833388,0.0840280578
65.4552661,0.0539543107,-0.0353044607,0.0691953152
65.4652231,-0.00289272564,-0.0424907357,0.0454766713
65.4751811,-0.0562001541,-0.0413431786,0.014365091
65.4851391,-0.0891791433,-0.0448753275,-0.0104012415
65.4950971,-0.0913938284,-0.0490650125,-0.0251458324
65.5050551,-0.0693857297,-0.0563911051,-0.0268710293
65.5150121,-0.0402243845,-0.0740159005,-0.0171161368
65.5249701,-0.0102832634,-0.0850832015,-0.00136726687
65.5349281,0.0172298532,-0.082062915,0.0139786657
65.5448861,0.0335632861,-0.0773022473,0.029576268
65.5548431,0.0312378146,-0.0698075742,0.0321273096
65.5648011,0.020043483,-0.0448572189,0.0362837054
65.5747591,0.0177784637,-0.0121163176,0.0425253548
65.5847171,0.0227239542,0.0142234107,0.0521905012
65.5946751,0.0339057706,0.0252654087,0.0670536011
65.6046321,0.042699527,0.0347145721,0.0851423219
65.6145901,0.0444833115,0.0334282629,0.100557767
65.6245481,0.0428127125,0.0314428769,0.107675061
65.6345061,0.0248843115,0.0133299204,0.0991976932
65.6444631,-0.00122585299,0.00434441445,0.0798013583
65.6544211,-0.0269202981,-0.000956607459,0.0545961335
65.6643791,-0.0448092818,-0.00220429851,0.0354770347
65.6743371,-0.0473978743,0.0121306991,0.0269349441
65.6842951,-0.0413053632,0.0281669237,0.0291565545
65.6942521,-0.0244648624,0.0399972163,0.0411873832
65.7042101,-0.00663127098,0.053460829,0.0619970597
65.7141681,0.00567945745,0.0447885096,0.0870123953
65.7241261,0.013919278,0.0198189784,0.109046593
65.7340831,0.0173840504,0.0102995094,0.118332505
65.7440411,0.0121245738,-0.00898231007,0.111783519
65.7539991,0.00504402723,-0.0328945667,0.092455633
65.7639571,-0.00484855101,-0.0606034249,0.0693963841
65.7739151,-0.0206325743,-0.0872837752,0.0400353
65.7838721,-0.0422401316,-0.0992288515,0.0165307727
65.7938301,-0.05227945,-0.0889383927,0.00365199288
65.8037881,-0.0533204786,-0.0704006627,-8.46885232E-05
65.8137461,-0.0456084982,-0.0454074293,0.0094294548
65.8237031,-0.03848188,-0.0239207782,0.0251711328
65.8336611,-0.0246784482,-0.015489744,0.041770082
65.8436191,-0.0215662792,-0.0234118495,0.0456207469
65.8535771,-0.0197731722,-0.0517721176,0.0373343229
65.8635351,-0.0111447964,-0.0855881348,0.0228515193
65.8734921,0.00867711101,-0.107491039,0.0103461146
65.8834501,0.0342666283,-0.110097475,0.000558198546
65.8934081,0.0553042665,-0.103573531,-0.00580515852
65.9033661,0.0646338537,-0.0829047337,-0.00403602049
65.9133231,0.0562278517,-0.0570582263,0.00248606084
65.9232811,0.0424193628,-0.0218642857,0.0098779304
65.9332391,0.0276164468,0.00919935759,0.016885506
65.9431971,0.0154098487,0.0339071006,0.0186495837
65.9531551,0.00690983748,0.0555591322,0.02024615
65.9631121,0.00900228322,0.0618822761,0.0189356077
65.9730701,0.0128963571,0.0500575751,0.0106848683
65.9830281,0.0163893588,0.037971884,0.000225836062
65.9929861,0.0172319841,0.0101682153,-0.00727495691
66.0029431,0.0134942373,-0.0121623902,-0.0120923491
66.0129011,0.00986860972,-0.0112438658,-0.0133562852
66.0228591,0.00732795382,-0.00647547608,-0.012166651
66.0328171,0.00796737894,0.00370685384,-0.00346423988
66.0427751,0.0134441694,0.0198088586,0.0106936572
66.0527321,0.0188482553,0.027678499,0.0219716113
66.0626901,0.00606614817,0.0302516464,0.026360767
66.0726481,-0.0130550815,0.0177592896,0.0220906548
66.0826061,-0.0198541321,0.0177241359,0.0102560995
66.0925631,-0.0129805133,0.029433256,0.00201601302
66.1025211,-0.00318753743,0.0258798003,-0.0105253449
66.1124791,-0.00254305243,0.0158253014,-0.0179643538
66.1224371,-0.00954370387,0.0032876723,-0.0204211194
66.1323951,-0.0207649339,-0.0101583619,-0.0194128454
66.1423521,-0.0314364843,-0.0265453234,-0.0209446959
66.1523101,-0.0378725454,-0.0301882625,-0.0228509866
66.1622681,-0.0407314524,-0.033152096,-0.0268345438
66.1722255,-0.0486519597,-0.0420971215,-0.0388914719
66.1821825,-0.0563487597,-0.0569399819,-0.050420031
66.1921405,-0.0517268442,-0.0500431918,-0.059076637
66.2020985,-0.040778324,-0.0418816693,-0.0733852684
66.2120565,-0.0193068534,-0.00903344247,-0.0770742819
66.2220145,-0.000501473201,0.021132715,-0.0688829273
66.2319715,0.00865580607,0.0241607297,-0.0515990108
66.2419295,0.00931893289,0.0278785024,-0.026794862
66.2518875,0.00262028421,0.0347981937,-0.00102904544
66.2618455,-0.00838629436,0.0323526151,0.0162021387
66.2718025,-0.0193705019,0.0287229903,0.0252651423
66.2817605,-0.0152729629,0.0244752485,0.0281120613
66.2917185,-0.00267594424,0.020347083,0.029052956
66.3016765,0.0144300722,0.0178498365,0.0266547799
66.3116335,0.0295584239,0.0260856636,0.0214216691
66.3215915,0.0353603885,0.0312878825,0.0168482214
66.3315495,0.028514998,0.0320396908,0.0178727396
66.3415075,0.0186682269,0.0380714871,0.022206502
66.3514655,0.0111123063,0.0432404131,0.0319784395
66.3614225,0.00273613166,0.0377140902,0.0405948311
66.3713805,-0.0151512558,0.0169659331,0.0380091667
66.3813385,-0.0357292369,-0.000744353514,0.0282223169
66.3912965,-0.0502322763,-0.016408002,0.0208770521
66.4012535,-0.0444449633,-0.0204341691,0.0155235659
66.4112115,-0.0293866508,-0.0162777733,0.00837484282
66.4211695,-0.0149869388,-0.000862864195,0.000757669332
66.4311275,-0.0128505509,0.0105027081,-0.0082366243
66.4410855,-0.00780705689,0.0193768945,-0.00888244156
66.4510425,0.00799640734,0.0337590277,-0.0062464443
66.4610005,0.0335361212,0.0519332401,0.0021544972
66.4709585,0.0473672487,0.0530440435,0.0134758614
66.4809165,0.0414220095,0.0385311469,0.0166615341
66.4908735,0.0159667153,0.0296918489,0.0107594375
66.5008315,-0.0165805742,0.0163243786,-0.00126526784
66.5107895,-0.0374919809,0.0138753355,-0.0164918918
66.5207475,-0.0379583016,0.024723988,-0.0221063681
66.5307055,-0.0183702186,0.0342999175,-0.0224294085
66.5406625,0.00806831289,0.0270609129,-0.0172663387
66.5506205,0.0185683575,0.0199638549,-0.0127866352
66.5605785,0.00752742495,0.0119988723,-0.00898523908
66.5705365,-0.00371164759,-0.00390073191,-0.00915035512
66.5804935,-0.00935062487,-0.00868989434,-0.0114425374
66.5904515,-0.0103985788,-0.0104467822,-0.0132164694
66.6004095,-0.0104726143,-0.00718813809,-0.0192373432
66.6103675,-0.0047878311,0.00606641453,-0.0165049415
66.6203245,0.00568371825,0.0255937763,-0.012803413
66.6302825,0.0156215699,0.0373947769,0.00313613843
66.6402405,0.0156343542,0.0330831185,0.0210078135
66.6501985,0.00845367182,0.0234163757,0.0350469351
66.6601565,-0.00431698421,0.00688027684,0.0431879498
66.6701135,-0.0120446784,-0.00650024367,0.04393683
66.6800715,-0.0205604024,-0.00146846706,0.0256230719
66.6900295,-0.0348274894,0.00553298322,0.0054773232
66.6999875,-0.0480037443,-0.000730771397,-0.00961960386
66.7099445,-0.0429229662,-0.0136692068,-0.013354688
66.7199025,-0.0237732399,-0.0222107638,-0.00980043318
66.7298605,-0.000453536341,-0.0206086058,0.0073617762
66.7398185,0.0185089689,-0.00662248256,0.0333584882
66.7497765,0.0352176428,0.00900148414,0.0569817945
66.7597335,0.0476681851,0.0130838444,0.0641006902
66.7696915,0.0409634113,0.022070948,0.0665318891
66.7796495,0.0305054449,0.0347353444,0.0655068383
66.7896075,0.0118185766,0.0328849778,0.0575335994
66.7995645,-0.0068323398,0.0246432945,0.0492234714
66.8095225,-0.0167353041,0.0153475311,0.0394507349
66.8194805,-0.0140977092,0.00857697614,0.0274697077
66.8294385,-0.0098052267,-0.00573804695,0.0163321011
66.8393965,-0.00564350467,-0.0130209932,0.00881692767
66.8493535,-0.0179845933,-0.0120364232,0.00156700402
66.8593115,-0.0243881643,-0.000212520259,-0.00875674002
66.8692695,-0.0231138412,0.0129746543,-0.00941747054
66.8792275,-0.0154311545,0.0161211789,-0.00677747838
66.8891845,-0.00397024071,0.0101445131,0.00359233795
66.8991425,0.0093719298,-0.00537266117,0.0137584228
66.9091005,0.0205305759,-0.0227378029,0.0203524102
66.9190585,0.0273655783,-0.0314141139,0.0155778946
66.9290155,0.0227172971,-0.0278039351,0.0125783756
66.9389735,0.0107511813,-0.0125059383,0.00520168617
66.9489315,-0.00791704562,0.00637001498,-0.00882811286
66.9588895,-0.0192703679,0.0128625352,-0.0189712942
66.9688475,-0.0193300229,0.00857271533,-0.0230248924
66.9788045,-0.0192562528,0.00452550966,-0.0283450894
66.9887625,-0.01182843,-0.000505467993,-0.0330005586
66.9987205,0.00627573906,0.00248020189,-0.0278510731
67.0086785,0.0478242487,-0.014609036,-0.00466958666
67.0186355,0.105374895,-0.0308934674,0.0188453272
67.0285935,0.141012251,-0.0423368029,0.0421567746
67.0385515,0.12956278,-0.0508461371,0.0522208586
67.0485095,0.0941179767,-0.0435450785,0.0474679172
67.0584675,0.0341952555,-0.027358653,0.0369441696
67.0684245,-0.0234640464,-0.0211236607,0.0359798372
67.0783825,-0.0491022989,-0.0199518707,0.0339220129
67.0883405,-0.0575282723,-0.0192120448,0.0316972099
67.0982985,-0.0538917258,-0.0135248639,0.0286191273
67.1082555,-0.0438305698,-0.0156300925,0.0240917541
67.1182135,-0.0371590853,-0.0354863554,0.0233213007
67.1281715,-0.0311616473,-0.0544925369,0.0267269518
67.1381295,-0.010871822,-0.0634695217,0.0385524519
67.1480875,0.0180525035,-0.056452889,0.052513808
67.1580445,0.036285568,-0.047903344,0.0644229352
67.1680025,0.0354591906,-0.0274073891,0.0743059218
67.1779608,0.0158862881,-0.0181393232,0.0829476118
67.1879187,-0.0136159435,-0.0226413961,0.0789821669
67.1978758,-0.0241527408,-0.0283791777,0.0654413253
67.2078337,-0.0232792236,-0.0298811998,0.0376661532
67.2177918,-0.0153019913,-0.0261053704,0.0148354052
67.2277497,-0.0104228137,-0.0243657939,0.00284212548
67.2377078,-0.00358727807,-0.0198836923,-0.000526506919
67.2476647,-0.0014916365,-0.0154687045,0.00708906865
67.2576228,0.00111666345,-0.00194330863,0.0192903411
67.2675807,0.000629038666,0.0134457676,0.0268103089
67.2775388,0.000572047022,0.0137618845,0.0309848133
67.2874957,-0.00755538791,0.0216216724,0.0274326894
67.2974538,-0.0187185593,0.0193630457,0.0257402509
67.3074118,-0.0284649301,0.00384134357,0.0209247228
67.3173698,-0.0325600728,-0.0079849558,0.0170716606
67.3273267,-0.0351822227,-0.0241679195,0.0209148694
67.3372848,-0.0317115895,-0.0501646325,0.0231348798
67.3472428,-0.0254885815,-0.073102437,0.0252140108
67.3572007,-0.01349477,-0.08985053,0.0314005315
67.3671588,0.00234304904,-0.0973302796,0.0369484313
67.3771158,0.0196679775,-0.0994450971,0.0498352014
67.3870738,0.029784793,-0.117244333,0.0588880852
67.3970317,0.0244068056,-0.136410043,0.0590137839
67.4069898,0.018596055,-0.15204227,0.0526943691
67.4169468,0.0179057643,-0.166750908,0.0449709371
67.4269048,0.0332335867,-0.171840474,0.0385977253
67.4368627,0.059340287,-0.161829114,0.0383774824
67.4468208,0.0969111025,-0.164014503,0.0368419029
67.4567788,0.133903742,-0.185364529,0.0317352936
67.4667358,0.175830677,-0.180469379,0.0308567155
67.4766937,0.208432838,-0.160244539,0.0335129537
67.4866518,0.230289936,-0.143341452,0.0346898027
67.4966098,0.24219799,-0.116946064,0.0250707325
67.5065668,0.263519257,-0.0988919586,0.0148503184
67.5165247,0.272436589,-0.0863487348,0.0130601423
67.5264828,0.286478102,-0.125829831,0.0254923105
67.5364408,0.348935366,-0.21956405,0.0333805941
67.5463978,0.437161893,-0.339286178,0.022665631
67.5563557,0.520656765,-0.443361998,0.0138873197
67.5663138,0.578452945,-0.517340899,0.00864302274
67.5762718,0.59614408,-0.551442146,0.0018423748
67.5862297,0.555560946,-0.532749951,-0.00581874046
67.5961868,0.465537339,-0.442217886,-0.00824035332
67.6061448,0.334655493,-0.290045947,-0.0147736194
67.6161028,0.179476276,-0.104079798,-0.0318591297
67.6260607,0.0552451462,0.0587639809,-0.0505579822
67.6360178,-0.0435299017,0.202352569,-0.0432494693
67.6459758,-0.10358578,0.277721614,-0.0314436778
67.6559338,-0.102538094,0.261474222,-0.025195634
67.6658917,-0.0430750325,0.217534453,-0.0262848679
67.6758498,0.0363393649,0.178024068,-0.0250337142
67.6858067,0.109316103,0.135040373,-0.0253812559
67.6957648,0.158185109,0.114236824,-0.0272494648
67.7057227,0.172981098,0.105088338,-0.035477832
67.7156808,0.139622614,0.092337653,-0.0532938465
67.7256377,0.0618721545,0.0952972248,-0.0757123381
67.7355958,-0.0153683033,0.0910143256,-0.0979462713
67.7455538,-0.065980345,0.146213129,-0.119277395
67.7555118,-0.136730149,0.203804523,-0.131730869
67.7654698,-0.19291006,0.207517773,-0.140107304
67.7754268,-0.21033673,0.211926103,-0.128814176
67.7853848,-0.192750007,0.208016843,-0.102429435
67.7953428,-0.15992415,0.203967243,-0.0665715709
67.8053008,-0.128670886,0.175694063,-0.02073697
67.8152578,-0.0974903405,0.139595449,0.0315022655
67.8252158,-0.067576915,0.104864366,0.0781264901
67.8351737,-0.0479187891,0.0770838633,0.102183893
67.8451318,-0.0473328941,0.0712997466,0.115874141
67.8550888,-0.0681332499,0.0800149441,0.123488918
67.8650468,-0.101211309,0.0884816647,0.128548384
67.8750047,-0.128168881,0.0867958814,0.129701272
67.8849628,-0.137340277,0.0721865818,0.127671137
67.8949207,-0.133702397,0.0398459509,0.124908648
67.9048778,-0.124206901,0.00387143716,0.121544808
67.9148357,-0.107602626,-0.0153704342,0.118444622
67.9247938,-0.0920380503,-0.0236150473,0.121905133
67.9347518,-0.0827593282,-0.0275661144,0.129149735
67.9447088,-0.086769253,-0.0203713179,0.137128025
67.9546667,-0.0974945948,-0.000379234145,0.142568871
67.9646248,-0.114621386,0.0429754294,0.141113982
67.9745828,-0.128054112,0.113081016,0.133532494
67.9845398,-0.144397125,0.148313031,0.118970327
67.9944977,-0.166269928,0.142438903,0.101017691
68.0044558,-0.193732455,0.116107695,0.0850938559
68.0144138,-0.233447641,0.0762327164,0.0764809251
68.0243717,-0.274162322,0.0151014552,0.0734518468
68.0343287,-0.293374896,-0.0413338579,0.0753674582
68.0442868,-0.297699869,-0.075810872,0.0792271793
68.0542448,-0.291579932,-0.0924495086,0.0826301649
68.0642027,-0.268221587,-0.073041454,0.0909035429
68.0741598,-0.234058306,-0.00185063062,0.104301371
68.0841178,-0.215795144,0.0531569608,0.121137343
68.0940758,-0.227603331,0.087618798,0.127391249
68.1040337,-0.252319068,0.111561678,0.117981501
68.1139908,-0.273249388,0.160580084,0.107589044
68.1239487,-0.289009422,0.187281206,0.0966509059
68.1339068,-0.299168319,0.176009908,0.0869202539
68.1438647,-0.298502803,0.157172844,0.0814746171
68.1538228,-0.279774398,0.143354759,0.0936018527
68.1637797,-0.239749745,0.117215574,0.115681589
68.1737376,-0.191148385,0.0923214108,0.140856981
68.1836956,-0.142222658,0.0661406741,0.168025762
68.1936536,-0.0828200504,0.00517585361,0.184916049
68.2036106,-0.0151488595,-0.0474868268,0.209631786
68.2135686,0.0494463779,-0.0553796366,0.237936661
68.2235266,0.103485912,-0.0270313509,0.267088413
68.2334846,0.135679796,-0.00659478595,0.293792993
68.2434426,0.130226448,0.00242986809,0.304649919
68.2533996,0.104928277,-0.00908883568,0.29888311
68.2633576,0.0833233893,-0.0183782075,0.27911818
68.2733156,0.073869966,-0.0217476394,0.245978877
68.2832736,0.0710344985,-0.0159302298,0.202742994
68.2932306,0.0657182932,0.00793355703,0.157774985
68.3031886,0.0591181815,0.0399468839,0.119949043
68.3131466,0.0456851982,0.0612287372,0.0892534479
68.3231046,0.0278231092,0.0774567053,0.0594105944
68.3330616,0.0157001335,0.0849622935,0.0338304006
68.3430196,0.0104177538,0.0935725644,0.0160335619
68.3529776,0.0168743208,0.0971542448,0.00183491793
68.3629356,0.0366078131,0.106330968,-0.00898683723
68.3728936,0.0603863783,0.103700832,-0.02551548
68.3828506,0.0826714411,0.0988333672,-0.0459587015
68.3928086,0.0989228487,0.113127887,-0.0528419092
68.4027666,0.0955030844,0.124795996,-0.0505848788
68.4127246,0.0850349963,0.131686389,-0.0530970395
68.4226816,0.0815539807,0.128929749,-0.0600569434
68.4326396,0.0748649165,0.132887214,-0.0680080801
68.4425976,0.0624021254,0.114335895,-0.0788679197
68.4525556,0.0509998016,0.0814381316,-0.0893381312
68.4625136,0.0510741025,0.0629411489,-0.10151384
68.4724706,0.0565482304,0.0486482307,-0.110582434
68.4824286,0.0629922822,0.0307224933,-0.110366985
68.4923866,0.0696840063,0.0271679722,-0.101075754
68.5023446,0.0736558437,0.0217532329,-0.0802911073
68.5123016,0.0721876472,0.026953321,-0.0580630377
68.5222596,0.0628047958,0.0413194783,-0.0400808416
68.5322176,0.045740325,0.0451909155,-0.0349084474
68.5421756,0.0372621492,0.0522498898,-0.0363739878
68.5521326,0.0483108088,0.059408199,-0.0345598422
68.5620906,0.0679020882,0.0513060652,-0.0347800851
68.5720486,0.0849918574,0.0506208315,-0.0348304175
68.5820066,0.0828221813,0.0553338304,-0.0349976644
68.5919636,0.0662932694,0.0623230301,-0.0314119831
68.6019216,0.0391500667,0.0642399713,-0.0294681434
68.6118796,0.0166913625,0.0735378638,-0.0299887918
68.6218376,-0.000833835744,0.086729303,-0.020515129
68.6317956,0.00589677133,0.109439671,-0.00544216949
68.6417526,0.0150199626,0.138467327,0.0062368568
68.6517106,0.0187510513,0.148999065,0.0173022915
68.6616686,0.0185411945,0.147664294,0.0234699063
68.6716266,0.0135171404,0.141885236,0.0214307234
68.6815836,0.00772822695,0.119532526,0.0153667061
68.6915416,0.0163803045,0.10129413,0.00706989365
68.7014996,0.0347222947,0.0860323533,0.00456625596
68.7114576,0.0588955395,0.0774471238,0.00412523653
68.7214156,0.070938088,0.077974163,0.00541207613
68.7313726,0.0651198775,0.0846549645,0.00946061313
68.7413306,0.0421514474,0.0792048052,0.012062788
68.7512886,0.00933837425,0.0671848953,0.00957433041
68.7612466,-0.0140116895,0.051980909,0.00842704065
68.7712036,-0.0201936848,0.0343185589,0.0109549128
68.7811616,-0.0130979586,0.0164660588,0.0137477703
68.7911196,0.00190149702,-0.000149403335,0.0151155693
68.8010776,0.0220847949,-0.0119298967,0.0178780667
68.8110346,0.0377505757,-0.0198948793,0.0145728178
68.8209926,0.0411498323,-0.0061740065,0.00675963564
68.8309506,0.0394150503,0.0159917492,0.000724646146
68.8409086,0.0329587497,0.0367537551,-0.000461525808
68.8508666,0.0300926547,0.0498706214,-0.00384880044
68.8608236,0.0343071073,0.0721908361,-0.0101711452
68.8707816,0.0359281749,0.0936026573,-0.00919456314
68.8807396,0.0294921119,0.0861846879,-0.012075305
68.8906976,0.0191965979,0.0791459531,-0.00778282201
68.9006546,0.0144596333,0.0618489869,0.000763261982
68.9106126,0.0143134259,0.0437528081,0.0112782205
68.9205706,0.020708207,0.024359135,0.0144830691
68.9305286,0.0231282227,0.0156748332,0.000695085037
68.9404856,0.0209574793,0.0131685324,-0.0151520548
68.9504436,0.0186674278,0.0286952946,-0.0242866967
68.9604016,0.0134974327,0.0534661561,-0.02691577
68.9703596,0.0136380475,0.0695857331,-0.0277248379
68.9803176,0.00563391717,0.0758252591,-0.0308226272
68.9902746,0.00122558675,0.0795395672,-0.0241479464
69.0002326,-0.00780039886,0.0570880547,-0.0140087595
69.0101906,-0.0154884122,0.064468205,-0.0135935731
69.0201486,-0.0277312305,0.078985095,-0.0138846561
69.0301056,-0.00990349706,0.0393623188,-0.00276302965
69.0400636,0.0334647484,0.0265189596,0.0117043266
69.0500216,0.0636641979,0.0298873242,0.0185182914
69.0599796,0.0639574081,0.044518467,0.0170591436
69.0699366,0.0416931175,0.0649923161,0.017144898
69.0798946,0.0110726245,0.0682861134,0.0145824049
69.0898526,-0.0149158323,0.0539947934,0.0130971596
69.0998106,-0.0350296237,0.0469709709,0.0186011139
69.1097676,-0.0542488582,0.0358216465,0.0215553585
69.1197256,-0.0631099939,0.0262177549,0.0173893757
69.1296836,-0.0522357747,0.0257053636,0.0085279746
69.1396416,-0.0307400692,0.0327214599,-0.000420513126
69.1495996,-0.00219737412,0.0236334242,-0.00478916243
69.1595566,0.0242217164,0.023990022,-0.000190149702
69.1695146,0.0330940373,0.024259001,0.00178831269
69.1794726,0.0277192462,0.0256987046,0.000910002156
69.1894306,0.0159075931,0.0270332154,0.00816125702
69.1993876,0.00729333283,0.0319720469,0.020515129
69.2093456,0.00642807176,0.0433956757,0.0327358432
69.2193036,0.00812929962,0.0432340242,0.0449794605
69.2292616,0.0165329035,0.0415471755,0.0619704276
69.2392196,0.0239093266,0.049868755,0.0706669763
69.2491766,0.0270571839,0.0580518506,0.0766905174
69.2591346,0.0295515005,0.0253722016,0.0746324286
69.2690926,0.00620836113,0.0781858787,0.0574880615
69.2790506,-0.0302465856,0.0588721037,0.0488040261
69.2890076,-0.0601418987,-0.00197207066,0.0401479527
69.2989656,-0.0666445419,-0.01034931,0.0275120512
69.3089236,-0.0615107641,-0.0160226431,0.00853356719
69.3188816,-0.0457725488,-0.0448012948,-0.017601097
69.3288386,-0.00397157203,-0.123411417,-0.0539636314
69.3387966,0.028419923,-0.124117956,-0.0568875186
69.3487546,0.0419687554,-0.126698285,-0.0420880653
69.3587126,0.0317315646,-0.10374184,-0.038182538
69.3686706,0.0140694799,-0.0790010765,-0.041146636
69.3786276,0.0158780329,-0.0669614598,-0.0446843803
69.3885856,0.0434878208,-0.0604345798,-0.0518032759
69.3985436,0.0797693953,-0.0404779166,-0.0521753207
69.4085016,0.0907069966,-0.0321811065,-0.0516783744
69.4184586,0.0747980773,-0.0499097705,-0.0509449393
69.4284166,0.0280023403,-0.0163850989,-0.0414132215
69.4383746,-0.0567796603,0.0448942371,-0.0234898794
69.4483326,-0.174484193,0.112047441,-0.00613219477
69.4582896,-0.284853846,0.183564767,0.0231721643
69.4682476,-0.348290592,0.222532943,0.0606236644
69.4782056,-0.367790252,0.285463959,0.0995268598
69.4881636,-0.336274952,0.339243829,0.133726642
69.4981206,-0.277284592,0.32603085,0.146850437
69.5080786,-0.212186828,0.274115443,0.131519407
69.5180366,-0.150474459,0.163061619,0.100296512
69.5279946,-0.074238807,0.000113716975,0.0670528039
69.5379526,0.0373412482,-0.0958660766,0.0396408848
69.5479096,0.159400582,-0.0974232256,0.0274452064
69.5578676,0.259955674,-0.0786335617,0.0212288555
69.5678256,0.319672525,-0.0760343149,0.0170354433
69.5777836,0.341008991,-0.0635323673,0.0163789727
69.5877406,0.320417434,-0.0100688795,0.0137997018
69.5976986,0.255823523,0.0300854649,0.0138694765
69.6076566,0.161991298,0.0656242818,0.0106475847
69.6176146,0.0616551079,0.0993612111,0.00434494717
69.6275716,-0.0299259406,0.117952205,-0.00529782614
69.6375296,-0.073804982,0.104228936,-0.0167922955
69.6474876,-0.058846537,0.115295433,-0.0265583731
69.6574456,-0.0143741453,0.127208292,-0.0307898708
69.6674036,0.0391681753,0.0873279795,-0.0297842603
69.6773606,0.0939467326,0.0631611273,-0.040326383
69.6873186,0.140226349,0.0570140183,-0.0563474298
69.6972766,0.162809417,0.0435022041,-0.078883633
69.7072346,0.136932552,0.0262478497,-0.0964032337
69.7171916,0.0656626299,0.00432151137,-0.102865927
69.7271496,-0.0123035377,-0.0312788263,-0.0908281729
69.7371076,-0.0818647742,-0.0547210351,-0.0632026717
69.7470656,-0.100341521,-0.0501526482,-0.0502021834
69.7570226,-0.07635656,-0.00398115953,-0.0474775024
69.7669806,-0.027172232,0.0401887,-0.0511497371
69.7769386,0.00985369552,0.0654897913,-0.0615025088
69.7868966,0.0252736658,0.0696445927,-0.0756771863
69.7968546,0.0458878614,0.0533377901,-0.085391596
69.8068116,0.0789560676,0.0611839965,-0.0839998275
69.8167696,0.0974453315,0.0722196028,-0.0864089206
69.8267276,0.0868789703,0.0773251504,-0.0915488228
69.8366856,0.0508783609,0.0819955319,-0.095096685
69.8466426,0.00186021801,0.0783597827,-0.0916654691
69.8566006,-0.0267200284,0.0636356995,-0.0860158429
69.8665586,-0.02180117,0.0430401452,-0.0650929809
69.8765166,0.0110228239,0.0137451068,-0.036096219
69.8864736,0.0339592993,-0.00764566893,-0.0159081258
69.8964316,0.0331680737,-0.014561099,-0.0070874705
69.9063896,0.0176247992,-0.0144995805,-0.00197952753
69.9163476,0.00421045767,-0.0254201386,0.0027102991
69.9263056,0.00786378235,-0.0436097942,0.00595376268
69.9362626,0.0176002998,-0.0674072728,0.00799267925
69.9462206,0.0215305928,-0.0997135416,0.0102651548
69.9561786,0.0233202353,-0.100069873,0.00886060297
69.9661366,0.025398301,-0.0671183169,0.00859854836
69.9760936,0.016021844,-0.0530285984,0.00977539923
69.9860516,-0.00673140585,-0.0529891811,0.00958045572
69.9960096,-0.0279014055,-0.0586422756,0.0120476084
70.0059676,-0.0311531257,-0.0850456506,0.0206408296
70.0159246,-0.0190887395,-0.121140808,0.0303211547
70.0258826,-0.00160029344,-0.156466305,0.0379306041
70.0358406,0.00591594586,-0.177681044,0.0525324494
70.0457986,-0.00252600829,-0.190985665,0.0695479214
70.0557566,-0.0370064862,-0.187593326,0.0803837851
70.0657136,-0.0663997978,-0.181421191,0.0820767581
70.0756716,-0.0925248712,-0.160849333,0.0665193722
70.0856296,-0.118782043,-0.118803613,0.0399138592
70.0955876,-0.148044318,-0.0651315972,0.00616282085
70.1055446,-0.175612569,0.00804860517,-0.0308671016
70.1155026,-0.177947894,0.0770298019,-0.0503361411
70.1254606,-0.139169335,0.0939856172,-0.0564915054
70.1354186,-0.0773342028,0.102162585,-0.0530048944
70.1453756,-0.0325179957,0.0913325772,-0.0433629192
70.1553336,-0.013089437,0.0582523867,-0.0286758523
70.1652916,-0.0211976971,0.0210621413,-0.0183414575
70.17525,-0.0358464159,-0.00356996735,-0.0189675651
70.185207,-0.0487281233,-0.0162604619,-0.0307089109
70.195165,-0.0553737767,-0.0250632744,-0.0360642597
70.205123,-0.0646005645,-0.0172588825,-0.0367817171
70.215081,-0.0834288448,0.0208072774,-0.0345880724
70.225039,-0.101689875,0.0811433196,-0.0256872531
70.234996,-0.0983806327,0.121386349,-0.0170942992
70.244954,-0.0846232772,0.12591745,-0.0169992242
70.254912,-0.0288542844,0.0878337175,-0.0152372764
70.26487,0.0122180507,-0.0480607376,0.0175499655
70.274827,0.00507625146,-0.18349047,0.0563498251
70.284785,-0.027557591,-0.244086966,0.0847287327
70.294743,-0.0587858185,-0.245417222,0.0802809894
70.304701,-0.0642205328,-0.170207947,0.0441799797
70.314658,-0.0468218327,-0.0657246858,0.007502391
70.324616,-0.0152407382,0.0614652261,-0.00902012642
70.334574,0.0296428464,0.17372492,-0.00344772823
70.344532,0.109495334,0.213678464,0.0209763888
70.35449,0.215196997,0.194009155,0.0842680112
