"Time (s)","X (µT)","Y (µT)","Z (µT)"
0.00564491667,25.2919388,3.16003418,-43.9138794
0.0156029167,25.2747421,3.10481262,-43.929718
0.0255609167,25.4212112,3.14528656,-43.924408
0.0355189167,25.4212112,3.14528656,-43.924408
0.0454769167,25.5588303,3.46057129,-43.994873
0.0554349167,25.5327835,3.67923737,-43.903717
0.0653929167,25.3313522,3.62148285,-43.8322754
0.0753509167,25.3824921,3.71028137,-44.0656433
0.0853089167,25.3273697,3.71291351,-43.8729248
0.0952669167,25.247757,3.74686432,-43.8882751
0.105224917,25.4145126,3.77203369,-43.7207947
0.115182417,25.6421356,3.73754883,-43.7280884
0.125140417,25.708107,3.73142242,-43.7635193
0.135098417,25.5415955,3.69271088,-43.8550415
0.145056417,25.4667816,3.6940918,-43.9875488
0.155014417,25.3756638,3.79646301,-44.0532532
0.164972417,25.3711777,3.85467529,-43.9814148
0.174930417,25.2812424,3.736763,-43.9642639
0.184888417,25.3167877,3.95631409,-43.8479309
0.194846417,25.0541306,3.93096924,-44.0869141
0.204804417,25.1794891,4.09829712,-43.8439026
0.214762417,25.0619431,4.11281586,-43.8893433
0.224720417,24.9623566,4.04071808,-43.9015808
0.234678417,24.8616409,3.80093384,-43.9245911
0.244636417,24.8903198,3.75291443,-44.205658
0.254594417,24.6932678,3.68643951,-44.2683716
0.264552417,24.6219559,3.62607574,-44.1020813
0.274510417,24.5761871,3.67024994,-44.0940552
0.284468417,24.460495,3.88563538,-43.9601746
0.294426417,24.5790024,3.99704742,-44.0652161
0.304384417,24.4447708,4.01206207,-43.9737549
0.314342417,24.4777374,4.05318451,-44.0966492
0.324300417,24.3413925,4.05975342,-44.0490112
0.334258417,24.5727234,4.09086609,-44.1154175
0.344215417,24.4589081,4.08119202,-44.0895996
0.354173417,24.5352631,4.05121613,-44.1312561
0.364131417,24.4271927,3.97272491,-44.1066589
0.374089417,24.4957428,3.98765564,-44.0721741
0.384047417,24.4957428,3.98765564,-44.0721741
0.394005417,24.509819,3.94609833,-44.212677
0.403963417,24.5107346,4.07263947,-44.0403442
0.413921417,24.4281158,3.89282227,-44.0155334
0.423879417,24.4833298,3.94361115,-44.0525513
0.433837417,24.6102982,4.11949158,-43.9374084
0.443795417,24.5799103,4.08196259,-44.1382141
0.453753417,24.5140457,4.14484406,-44.1103516
0.463711417,24.4347687,4.14130402,-44.1914978
0.473669417,24.4867859,4.21188354,-44.2354126
0.483627417,24.4333115,4.18040466,-44.2219543
0.493585417,24.5064011,4.28483582,-44.1838684
0.503543417,24.574852,4.29942322,-43.9744873
0.513501417,24.5738068,4.35055542,-44.3345642
0.523459417,24.598938,4.36736298,-44.1847229
0.533417417,24.5720062,4.33557892,-44.2230835
0.543375417,24.6887741,4.49834442,-44.0451355
0.553333417,24.766716,4.46353912,-44.0286255
0.563291417,24.8845596,4.48886108,-44.0183411
0.573249417,24.6423187,4.45346832,-44.1710205
0.583207417,24.7545547,4.47232819,-44.0503845
0.593165417,24.6044464,4.44561005,-44.09021
0.603123417,24.7209625,4.53874969,-44.1880188
0.613081417,24.7252121,4.49537659,-44.2262573
0.623039417,24.7106476,4.45387268,-44.2341919
0.632997417,24.7062607,4.45693207,-44.4000854
0.642955417,24.8927536,4.61524963,-44.2095947
0.652913417,24.8505249,4.59568787,-44.2234192
0.662871417,24.7242508,4.5718689,-44.1552124
0.672829417,24.6736526,4.64920044,-44.056427
0.682787417,24.7731171,4.64488983,-43.9914551
0.692745417,24.8062363,4.50532532,-43.8963623
0.702703417,24.8432999,4.5218811,-44.0639954
0.712661417,24.9664917,4.62864685,-44.021698
0.722619417,25.0207977,4.68604279,-43.9882812
0.732577417,25.0586319,4.73491669,-44.1071167
0.742535417,25.0586319,4.73491669,-44.1071167
0.752493417,24.8642654,4.81171417,-44.1911621
0.762451417,24.6551514,4.87155914,-43.8942566
0.772409417,24.6480103,4.91072845,-43.8609924
0.782367417,24.6580887,5.07170105,-44.1585388
0.792325417,24.5494461,5.13665009,-44.3332825
0.802283417,24.7928925,5.15077209,-44.3200378
0.812240417,24.5765915,5.04408264,-44.2623291
0.822198417,24.7589798,5.0255127,-44.2994995
0.832156417,24.7021484,5.00818634,-44.2175293
0.842114417,24.6249008,5.0286026,-44.2508545
0.852072417,24.5247498,4.99593353,-44.3161316
0.862030417,24.7338257,5.03775024,-44.2563477
0.871988417,24.701889,4.96183014,-44.0477295
0.881946417,24.79953,5.11993408,-44.1843567
0.891904417,24.7069473,4.972435,-44.1801758
0.901862417,24.5063248,5.04720306,-44.2022705
0.911820417,24.5314865,4.91858673,-44.2198181
0.921778417,24.6328735,4.94374084,-44.1662598
0.931736417,24.6596375,4.85681915,-44.0986328
0.941694417,24.3048477,4.74784088,-44.0391846
0.951652417,24.2433548,4.74175262,-44.4140015
0.961610417,24.1675949,4.73690796,-44.5369263
0.971568417,24.1353836,4.67191315,-44.3881531
0.981526417,24.2856064,4.72795868,-44.3595276
0.991484417,24.3644333,4.64936066,-44.2623291
1.00144242,24.2901611,4.79068756,-44.3459778
1.01140042,24.3632355,4.84021759,-44.3511047
1.02135842,24.4256058,4.92618561,-44.0700073
1.03131642,24.3330078,4.90559387,-44.1983032
1.04127442,24.2359467,4.91352081,-44.0955505
1.05123242,24.2215881,4.8531723,-43.9629822
1.06119042,24.2013321,4.72577667,-44.1482239
1.07114842,24.1606827,4.53778839,-44.2757568
1.08110642,24.2380219,4.64519501,-44.4352112
1.09106442,24.1892853,4.73368835,-44.4278564
1.10102242,24.1892853,4.73368835,-44.4278564
1.11098137,24.3345795,4.61071777,-44.3000488
1.12093938,24.2151947,4.60405731,-44.4712524
1.13089738,24.1537094,4.70215607,-44.4405212
1.14085537,24.2723007,4.71752167,-44.2057495
1.15081338,24.2170258,4.68795776,-44.2607117
1.16077137,24.2411346,4.67349243,-44.255249
1.17072938,24.2829514,4.70513916,-44.1321411
1.18068738,24.2616882,4.90409088,-44.3399963
1.19064537,24.1969833,4.83862305,-44.3841553
1.20060338,24.2540436,4.87582397,-44.4824524
1.21056137,24.065155,4.77991486,-44.4627686
1.22051938,24.125473,4.68315887,-44.4754639
1.23047738,23.9751511,4.64884949,-44.5345459
1.24043537,24.0167542,4.70951843,-44.3662109
1.25039338,24.1141891,4.8859787,-44.1968384
1.26035138,24.191597,5.01587677,-44.1298523
1.27030938,24.0047607,4.95107269,-44.1347351
1.28026738,24.1051407,5.02180481,-44.2933044
1.29022537,24.1307907,5.01556396,-44.3227539
1.30018338,24.3046799,4.91144562,-44.284729
1.31014138,24.212883,4.97903442,-44.3299561
1.32009938,24.0913391,5.00001526,-44.3258057
1.33005738,24.1368942,5.04383087,-44.543335
1.34001438,24.098259,4.95956421,-44.587616
1.34997338,24.1239243,4.99451447,-44.6546936
1.35993037,24.1733551,5.03590393,-44.6716919
1.36988838,24.3057556,5.06018829,-44.6542358
1.37984637,24.2485046,5.02351379,-44.4733276
1.38980438,24.2840347,5.1392746,-44.3609924
1.39976238,24.2001648,5.26036835,-44.1749268
1.40972037,24.2502823,5.20250702,-44.5235291
1.41967838,24.3260574,5.22154236,-44.4907532
1.42963637,24.2083969,5.32649231,-44.5933838
1.43959438,24.3273544,5.15357971,-44.502533
1.44955238,24.3273544,5.15357971,-44.502533
1.45951037,24.3136292,5.29741669,-44.406311
1.46946838,24.4835358,5.23719788,-44.5091248
1.47942638,24.3083038,5.18077087,-44.4518127
1.48938438,24.2169037,5.26264954,-44.5427246
1.49934238,24.1997452,5.09069061,-44.3580627
1.50930037,24.1237106,5.17242432,-44.45401
1.51925838,24.1829605,5.22581482,-44.3746948
1.52921638,24.2486572,5.22254944,-44.2122498
1.53917438,24.4699249,5.31516266,-44.3144531
1.54913238,24.3044586,5.28524017,-44.3473816
1.55909037,24.4887772,5.20051575,-44.446167
1.56904838,24.3711166,5.17406464,-44.2637329
1.57900638,24.4331055,5.2003479,-44.1868896
1.58896438,24.466774,5.24998474,-44.2812805
1.59892238,24.539917,5.07305908,-44.1053162
1.60888037,24.4275055,5.09819031,-43.9784851
1.61883838,24.3829346,5.09869385,-44.294281
1.62879638,24.3016739,5.08501434,-44.009491
1.63875437,24.6945038,5.21092224,-43.8787842
1.64871238,24.6025391,5.31298065,-44.1570435
1.65867037,24.6086807,5.32037354,-44.1956177
1.66862838,24.5728302,5.36695862,-44.1095276
1.67858638,24.5932922,5.34738159,-43.9820862
1.68854437,24.6269836,5.47761536,-44.1828613
1.69850238,24.756958,5.47737885,-43.9727173
1.70846037,24.8200912,5.47671509,-44.0619812
1.71841838,24.7715378,5.5927887,-44.2112732
1.72837638,24.7301254,5.68947601,-44.1782532
1.73833437,24.5208511,5.70212555,-44.1101379
1.74829238,24.5761108,5.51485443,-44.1914978
1.75825037,24.6011429,5.46087646,-44.1365356
1.76820838,24.6690979,5.39237213,-44.1782837
1.77816638,24.6751938,5.37744904,-43.993042
1.78812437,24.7046661,5.39567566,-44.1035461
1.79808238,24.7993774,5.34934998,-44.1774597
1.80804038,24.7993774,5.34934998,-44.1774597
1.81799838,24.726265,5.27402496,-44.1087646
1.82795638,24.7245178,5.34527588,-44.0792236
1.83791437,24.6172943,5.4105835,-44.1983948
1.84787238,24.7662277,5.3822937,-44.0621033
1.85783038,24.7707138,5.50390625,-44.2515259
1.86778838,24.647438,5.50817871,-44.3329468
1.87774638,24.6930161,5.46889496,-44.108551
1.88770437,24.649353,5.46044922,-44.0905151
1.89766238,24.5767593,5.43644714,-44.2745972
1.90762038,24.5589676,5.28414154,-44.0327148
1.91757837,24.4999084,5.28697205,-44.183197
1.92753638,24.5271606,5.32121277,-44.1125183
1.93749437,24.4551773,5.29314423,-44.1630859
1.94745238,24.5059662,5.23394775,-44.2919006
1.95740937,24.4993057,5.17729187,-44.0941772
1.96736738,24.6154633,5.27478027,-44.103241
1.97732638,24.7649078,5.44112396,-44.0102234
1.98728338,24.6638412,5.52761078,-43.9714661
1.99724138,24.6778793,5.4954834,-43.6165161
2.00719937,24.624382,5.51672363,-43.8357239
2.01715738,24.6722488,5.48632812,-43.950592
2.02711537,24.6070786,5.51566315,-44.0924072
2.03707338,24.8242188,5.66357422,-43.9395752
2.04703138,24.493187,5.5927887,-44.0559387
2.05698937,24.679657,5.51674652,-44.1566162
2.06694738,24.7499695,5.61003113,-44.2469482
2.07690538,24.8732605,5.58605957,-44.3710632
2.08686338,24.7158051,5.68901825,-44.3246155
2.09682138,24.7799301,5.58424377,-44.389679
2.10677937,24.6999741,5.4490509,-44.3380127
2.116737,24.7139359,5.39446259,-44.1873474
2.126695,24.6468353,5.53072357,-44.2907104
2.136653,24.6320038,5.54401398,-44.1760864
2.146611,24.5801392,5.49811554,-44.1594849
2.156569,24.5801392,5.49811554,-44.1594849
2.166527,24.583519,5.50200653,-43.9574585
2.176485,24.649025,5.4600296,-44.0312195
2.186443,24.6156998,5.38188934,-44.229248
2.196401,24.5870132,5.33633423,-44.2542725
2.206359,24.7217178,5.37151337,-43.9580688
2.216317,24.7822495,5.33117676,-43.9819946
2.226275,24.7320023,5.31564331,-43.9706116
2.236233,24.6664963,5.30793762,-44.0489502
2.246191,24.6511612,5.46803284,-43.9896851
2.256149,24.4944305,5.56008911,-44.0431824
2.266107,24.6091614,5.52309418,-44.4598999
2.276065,24.5422516,5.51335907,-44.1620178
2.286023,24.7234879,5.51392365,-44.0897522
2.295981,24.5737228,5.45101166,-44.1920471
2.305939,24.7400513,5.6787262,-44.39505
2.315897,24.6141968,5.55669403,-44.3726501
2.325855,24.5175858,5.37350464,-44.3951721
2.335813,24.5682831,5.34583282,-44.161377
2.345771,24.619812,5.23997498,-44.4015503
2.355729,24.5780334,5.23516083,-44.2331238
2.365687,24.601532,5.34373474,-44.370575
2.375645,24.7531357,5.44992828,-44.2507935
2.385603,24.738739,5.55704498,-44.2725525
2.395561,24.8331604,5.66087341,-44.0999146
2.405519,24.6743088,5.59050751,-44.0500793
2.415477,24.7699738,5.65608215,-44.3202209
2.425435,24.5415649,5.5650177,-44.197998
2.435393,24.7616348,5.68735504,-44.139679
2.445351,24.7080612,5.65554047,-44.0756226
2.455309,24.7579727,5.64446259,-44.260437
2.465267,24.6267014,5.61785889,-44.1813354
2.475225,24.7957458,5.62626648,-44.275238
2.485183,24.8383865,5.74354553,-44.468811
2.495141,24.8383408,5.7671814,-44.4903259
2.505099,24.7964554,5.88278961,-44.3573608
2.515057,24.7964554,5.88278961,-44.3573608
2.525015,24.6901627,5.77677917,-44.4456787
2.534973,24.8692856,5.64713287,-44.2657471
2.544931,24.9889984,5.77935028,-44.3847961
2.554889,24.9883957,5.74700165,-44.2960815
2.564847,24.8727417,5.79426575,-44.2602234
2.574805,24.8487625,5.88520813,-44.2703552
2.584763,24.6555023,5.61830902,-44.1271973
2.594721,24.7264862,5.69923401,-44.254425
2.604679,24.7969742,5.6696701,-44.1262207
2.614637,24.7942886,5.51125336,-44.3416443
2.624595,24.6977921,5.62931824,-44.4064331
2.634553,24.7882767,5.63450623,-44.3373718
2.644511,24.7193069,5.66326141,-44.3789673
2.654469,24.7200623,5.67926025,-44.4169617
2.664427,24.6706619,5.55491638,-44.5692139
2.674385,24.5651474,5.40366364,-44.5686035
2.684342,24.5656281,5.35193634,-44.6707458
2.6943,24.5155869,5.35402679,-44.5195007
2.704258,24.5284119,5.25684357,-44.6140747
2.714216,24.5271378,5.1245575,-44.506073
2.724174,24.5785065,5.12369537,-44.6780701
2.734132,24.5877991,5.07627869,-44.7232056
2.74409,24.5735245,5.1861496,-44.675293
2.754048,24.5482788,5.26748657,-44.3937378
2.764006,24.4848404,5.50437164,-44.6164551
2.773964,24.4745865,5.52341461,-44.615509
2.783922,24.5073013,5.69718933,-44.5996094
2.79388,24.4444046,5.57038116,-44.4430847
2.803838,24.4375916,5.66539001,-44.4697266
2.813796,24.5860291,5.59306335,-44.4260559
2.823754,24.393074,5.79225922,-44.5686951
2.833712,24.5560379,5.73099518,-44.6898193
2.84367,24.4494629,5.68418121,-44.6227417
2.853628,24.4343796,5.66841125,-44.6714478
2.863586,24.4143066,5.73323059,-44.6342773
2.873544,24.4124451,5.73310852,-44.6355286
2.883502,24.4340897,5.73518372,-44.7758789
2.89346,24.3489532,5.78627777,-44.5219727
2.903418,24.4962692,5.70835114,-44.5214844
2.913376,24.5384293,5.75717163,-44.4573975
2.923334,24.5973206,5.74781799,-44.4539795
2.933292,24.4962234,5.86065674,-44.3394775
2.94325,24.5554962,5.86602783,-44.292572
2.953208,24.4540253,5.78767395,-44.4030762
2.963166,24.4071655,5.68661499,-44.4126282
2.973124,24.3345718,5.65955353,-44.4116821
2.983082,24.2484436,5.49417114,-44.4567566
2.99304,24.2664642,5.49880981,-44.7261963
3.002998,24.1738358,5.42504883,-44.5487366
3.012956,24.2295151,5.49273682,-44.7185669
3.022914,24.2894363,5.35217285,-44.572052
3.032872,24.2119751,5.39302063,-44.6856079
3.04283,24.1223907,5.42196655,-44.6828003
3.052788,24.1866226,5.43170166,-44.6016846
3.062746,24.1220551,5.38824463,-44.5970459
3.072704,24.3179245,5.43562317,-44.7090149
3.082662,24.2457352,5.49038696,-44.4182434
3.09262,24.2886887,5.43109894,-44.6511536
3.102578,24.4491119,5.47892761,-44.7789307
3.11253563,24.4169464,5.42063904,-44.6533203
3.12249363,24.3426666,5.31016541,-44.5482788
3.13245163,24.2222443,5.43106079,-44.6464233
3.14240963,24.3674316,5.42267609,-44.4908142
3.15236762,24.2898331,5.39129639,-44.5752869
3.16232563,24.2281113,5.27520752,-44.6898499
3.17228363,24.218956,5.31274414,-44.659729
3.18224162,24.1922455,5.29642487,-44.4289551
3.19219963,24.1192703,5.31496429,-44.5030823
3.20215762,24.2356873,5.34520721,-44.4806824
3.21211563,24.2817917,5.51696777,-44.4465332
3.22207363,24.2817917,5.51696777,-44.4465332
3.23203162,24.2754288,5.43294525,-44.4385681
3.24198963,24.2925873,5.2310257,-44.4039917
3.25194762,24.0879288,5.26252747,-44.3800354
3.26190563,24.032692,5.2750473,-44.3790588
3.27186363,24.0974808,5.29669952,-44.4675293
3.28182162,24.1298141,5.33086395,-44.7383423
3.29177963,24.0449142,5.36730957,-44.6469421
3.30173762,24.300209,5.2845459,-44.6614685
3.31169563,24.2574539,5.33178711,-44.4562988
3.32165363,24.1508102,5.06290436,-44.3179626
3.33161162,24.1400986,5.12469482,-44.6397095
3.34156963,24.2020187,5.08128357,-44.6010742
3.35152763,24.105072,5.01641846,-44.4133911
3.36148563,24.0409622,4.89246368,-44.4580383
3.37144363,24.0097351,5.06744385,-44.3769531
3.38140162,24.1634903,5.04438782,-44.4742432
3.39135963,24.0432053,4.89630127,-44.5144043
3.40131763,23.993988,4.90635681,-44.4918518
3.41127563,23.9881058,4.84354401,-44.3881226
3.42123363,24.075592,4.85483551,-44.3540344
3.43119162,23.9165878,4.7417984,-44.5753479
3.44114963,23.9269409,4.71561432,-44.431427
3.45110763,24.1149063,4.8971405,-44.5637207
3.46106562,24.1642609,4.90737152,-44.5856323
3.47102363,24.0446854,4.96753693,-44.629364
3.48098162,24.1424103,5.01452637,-44.7097168
3.49093963,24.2187576,5.11592865,-44.538147
3.50089763,24.2044067,5.17087555,-44.5803833
3.51085562,24.2446899,5.0929184,-44.7247009
3.52081363,24.2456207,5.04341888,-44.6367188
3.53077162,24.2085953,4.91578674,-44.7194824
3.54072963,24.2748795,4.84732056,-44.6543884
3.55068763,24.2102585,4.78447723,-44.6224365
3.56064562,24.2971115,4.86707306,-44.6039734
3.57060363,24.1884689,4.90907288,-44.5022278
3.58056162,24.1884689,4.90907288,-44.5022278
3.59051963,24.2563705,4.90223694,-44.6264954
3.60047763,24.2491684,4.85804749,-44.5425415
3.61043562,24.0921021,4.6533432,-44.5346069
3.62039363,24.1115189,4.59912109,-44.4046326
3.63035163,24.1194153,4.42767334,-44.4428406
3.64030963,24.1044464,4.30307007,-44.4267578
3.65026763,24.0423355,4.3768158,-44.4536133
3.66022562,24.2515488,4.38741302,-44.4529419
3.67018363,24.2159882,4.50411224,-44.34552
3.68014163,24.3375473,4.54086304,-44.306427
3.69009963,24.0541382,4.61698914,-44.3562012
3.70005763,24.206337,4.62741852,-44.4885254
3.71001562,24.0928574,4.59951782,-44.4465332
3.71997363,24.0986023,4.50304413,-44.3830566
3.72993163,24.0833817,4.52589417,-44.4610901
3.73988863,24.1392136,4.49343872,-44.3153076
3.74984662,24.0554123,4.48361206,-44.3192444
3.75980562,24.1036148,4.24262238,-44.2349854
3.76976263,23.9751663,4.3106842,-44.3867188
3.77972062,23.9413376,4.30038452,-44.6291809
3.78967863,23.766716,4.22711945,-44.5556641
3.79963662,23.8658752,4.2276535,-44.6177979
3.80959463,23.9597015,4.39538574,-44.4182129
3.81955263,23.9682999,4.32649994,-44.5689697
3.82951062,24.1202698,4.34540558,-44.8741455
3.83946863,23.9931717,4.40700531,-44.7339783
3.84942662,24.1326599,4.37728882,-44.7092896
3.85938463,24.0415955,4.41191864,-44.6656799
3.86934263,24.0569458,4.41530609,-44.9087219
3.87930062,24.0418777,4.34487915,-44.3917236
3.88925863,24.0413208,4.35571289,-44.5307922
3.89921663,24.0044937,4.42080688,-44.6481323
3.90917463,24.0829468,4.55284119,-44.748291
3.91913263,23.9987259,4.42385101,-44.897583
3.92909062,23.9987259,4.42385101,-44.897583
3.93904863,24.0532608,4.46037292,-44.8919373
3.94900663,23.8655472,4.23773956,-44.8101501
3.95896463,23.9767075,4.28377533,-44.7587585
3.96892263,23.9662247,4.17980194,-44.8381348
3.97888062,23.857254,4.14263153,-44.77005
3.98883863,23.8827133,4.36468506,-44.5931396
3.99879663,23.9771271,4.47061157,-44.6075745
4.00875462,23.977562,4.37810516,-44.5731201
4.01871263,23.8025131,4.56134033,-44.614563
4.02867062,23.7984314,4.55360413,-44.5599976
4.03862863,23.697319,4.48978424,-44.5544434
4.04858663,23.693718,4.545784,-44.6173706
4.05854462,23.8811264,4.54304504,-44.3862915
4.06850263,23.8050842,4.52991486,-44.4453125
4.07846062,24.1132507,4.45812225,-44.2570496
4.08841863,23.9444733,4.32007599,-44.1795654
4.09837663,24.1564713,4.34860992,-44.0388489
4.10833462,24.2406006,4.43400574,-43.8859253
4.11829275,24.4677429,4.37165833,-44.0593262
4.12825075,24.3186569,4.41239929,-43.9053955
4.13820875,24.3687973,4.47201538,-44.1641846
4.14816675,24.2991562,4.55717468,-44.0913391
4.15812475,24.3756561,4.40357971,-44.0577087
4.16808275,24.4072342,4.51737213,-43.9620972
4.17804075,24.3078766,4.5618515,-43.7629089
4.18799875,24.1287918,4.62464905,-44.0322571
4.19795675,24.2747192,4.44224548,-44.0570374
4.20791475,24.2292175,4.4937973,-44.0140381
4.21787275,24.2039719,4.60821533,-44.0257874
4.22783075,24.1331711,4.66616058,-44.1402893
4.23778875,24.0374908,4.60842896,-44.1106567
4.24774675,24.0008698,4.52864075,-44.0613098
4.25770475,23.8883133,4.45704651,-44.1400452
4.26766275,23.9316025,4.39750671,-44.1689148
4.27762075,23.8772659,4.56809998,-44.2965088
4.28757875,23.8772659,4.56809998,-44.2965088
4.29753675,23.9388962,4.51631927,-44.2693787
4.30749475,23.8304749,4.51964569,-44.2819214
4.31745275,23.8720627,4.55509949,-44.2297363
4.32741075,23.9817123,4.5151062,-44.0491028
4.33736875,24.1396103,4.52127838,-44.0623169
4.34732675,24.0299911,4.48226166,-44.0659485
4.35728475,24.1727753,4.52319336,-44.1411133
4.36724275,24.2023544,4.45108032,-44.0767822
4.37720075,24.3516846,4.5188446,-44.0823669
4.38715875,24.2254028,4.50080872,-44.1848145
4.39711675,24.1254501,4.5199585,-44.3338318
4.40707475,24.0441132,4.58033752,-44.4547729
4.41703275,23.977272,4.59636688,-44.3683167
4.42699075,24.0785751,4.51824188,-44.3426514
4.43694875,24.1160507,4.63837433,-44.2033081
4.44690675,23.9835052,4.55305481,-44.1076965
4.45686475,24.069725,4.65701294,-44.4192505
4.46682275,24.0513992,4.5616684,-44.2853699
4.47678075,24.1564026,4.45058441,-44.157959
4.48673875,24.1103516,4.61496735,-44.3723145
4.49669675,24.1439209,4.60440826,-44.4785156
4.50665475,24.1330032,4.67075348,-44.3964233
4.51661275,24.187355,4.6362381,-44.475647
4.52657075,23.9940033,4.66120148,-44.4596863
4.53652875,23.9496841,4.49034119,-44.5862427
4.54648675,24.0064163,4.8021698,-44.6265869
4.55644475,23.9726257,4.71523285,-44.5134583
4.56640275,23.9532318,4.76049805,-44.2655945
4.57636075,24.0850754,4.73697662,-44.4187012
4.58631875,24.2054825,4.89872742,-44.3773193
4.59627675,24.2505798,4.82816315,-44.3798218
4.60623475,24.2668152,4.82993317,-44.32901
4.61619275,24.2939377,4.80633545,-44.4203186
4.62615075,24.1129913,4.79218292,-44.213623
4.63610875,24.1129913,4.79218292,-44.213623
4.64606675,24.1050339,4.75817871,-44.3517456
4.65602475,24.1321945,4.64089966,-44.2524109
4.66598275,24.1681442,4.65234375,-43.9587402
4.67594075,24.4351349,4.6541748,-44.2713318
4.68589875,24.4712982,4.70079041,-44.2660217
4.69585675,24.5476532,4.64059448,-44.2699585
4.70581475,24.608139,4.58219147,-44.0466003
4.71577275,24.5577316,4.63211823,-44.3321228
4.72573075,24.5624313,4.9274292,-44.3365479
4.73568875,24.4222183,4.71227264,-44.3414612
4.74564675,24.3965149,4.73578644,-44.1085205
4.75560475,24.4171143,4.67684937,-44.3515015
4.76556275,24.4422989,4.74480438,-44.4724426
4.77552075,24.3343582,4.6897583,-44.5250854
4.78547875,24.3874512,4.705513,-44.300293
4.79543675,24.4276581,4.76773071,-44.2658386
4.80539475,24.5288391,4.68727112,-44.2072754
4.81535275,24.5100861,4.80815125,-44.4090576
4.82531075,24.4521027,4.86523438,-44.3096619
4.83526875,24.5397339,4.94711304,-44.2962341
4.84522675,24.3763123,4.85045624,-44.3339844
4.85518475,24.4307709,4.94001007,-44.2912598
4.86514275,24.4192886,4.97829437,-44.349823
4.87510075,24.4584045,5.13265991,-44.375
4.88505875,24.4392242,4.99424744,-44.6276855
4.89501675,24.2826691,5.03462219,-44.3119202
4.90497475,24.3371277,4.93688965,-44.276825
4.91493275,24.324913,4.84626007,-44.3233337
4.92489075,24.2748108,4.85234833,-44.4542542
4.93484875,24.2362518,4.82756042,-44.3749084
4.94480675,24.1150436,4.66824341,-44.5314331
4.95476475,24.3226089,4.70493317,-44.545105
4.96472275,24.1939163,4.69992065,-44.497467
4.97468075,24.2568741,4.69413757,-44.5306702
4.98463875,24.0712891,4.73039246,-44.4575195
4.99459675,24.0712891,4.73039246,-44.4575195
5.00455475,24.1526337,4.73124695,-44.4257202
5.01451275,24.0833359,4.79161072,-44.5115662
5.02447075,24.2394485,4.83805847,-44.583374
5.03442875,24.2966766,4.70552826,-44.5072327
5.04438675,24.3941422,4.76242828,-44.4658203
5.05434475,24.3817673,4.62205505,-44.5390015
5.06430275,24.3680725,4.72927094,-44.5872192
5.07426075,24.3629608,4.77825928,-44.3508301
5.08421875,24.4213943,4.93978119,-44.5972595
5.09417675,24.3721466,4.91135406,-44.7851562
5.10413475,24.3928299,4.98304749,-44.8739319
5.11409275,24.3194504,4.991539,-44.8697205
5.12405075,24.1550751,4.87656403,-44.6789856
5.13400875,24.2332535,4.93080902,-44.8603516
5.14396675,24.2775116,4.89820862,-44.6468201
5.15392475,24.3101044,4.90114594,-44.694397
5.16388275,24.2195663,4.88715363,-44.7194519
5.17384075,24.2696533,4.92169952,-44.371582
5.18379875,24.3208923,4.81322479,-44.5059814
5.19375675,24.3038635,4.92377472,-44.5997314
5.20371475,24.39048,5.01039886,-44.4265137
5.21367275,24.2650299,5.00478363,-44.536377
5.22363075,24.2984772,4.79391479,-44.4041138
5.23358875,24.2596512,4.78961182,-44.5536499
5.24354675,24.2878113,4.84303284,-44.5502319
5.25350475,24.2865982,4.83922577,-44.6043396
5.26346275,24.358345,4.85256958,-44.5033264
5.27342075,24.2621841,4.83003998,-44.48526
5.28337875,24.2572556,4.91867065,-44.728363
5.29333675,24.3211288,4.90356445,-44.6114197
5.30329475,24.2322922,4.94501495,-44.4532776
5.31325275,24.2572861,4.9679184,-44.4289856
5.32321075,24.2459412,4.87007141,-44.3170471
5.33316875,24.1768112,4.73693085,-44.415802
5.34312675,24.1768112,4.73693085,-44.415802
5.35308475,24.2320862,4.81332397,-44.3590698
5.36304275,24.3224258,4.76883698,-44.4532471
5.37300075,23.9960327,4.91722107,-44.4688721
5.38295875,24.1115341,4.89958954,-44.4255066
5.39291675,24.1318207,5.02550507,-44.2207947
5.40287475,24.1662827,4.8885498,-44.4021606
5.41283275,24.082695,4.95614624,-44.4160767
5.42279075,24.2030258,4.81746674,-44.4822693
5.43274875,24.0999985,4.99593353,-44.6286621
5.44270675,24.4056702,5.04229736,-44.5355835
5.45266475,24.3474579,5.03794861,-44.4830017
5.46262275,24.3592682,4.88794708,-44.6654663
5.47258075,24.2546692,5.00725555,-44.77005
5.48253875,24.2922974,4.97910309,-44.7437744
5.49249675,24.2712326,4.89002991,-44.6276855
5.50245475,24.3510437,4.84111786,-44.3587036
5.51241275,24.3448181,4.90206146,-44.3199463
5.52237075,24.3425598,4.83463287,-44.4512329
5.53232875,24.3600998,5.04447937,-44.5324402
5.54228675,24.3695908,5.02046967,-44.355835
5.55224475,24.3350601,4.96932983,-44.6087341
5.56220275,24.2587814,4.98563385,-44.5530701
5.57216075,24.1203156,4.93490601,-44.4883423
5.58211875,24.1437378,4.82676697,-44.302002
5.59207675,24.2881927,4.95441437,-44.5175171
5.60203475,24.2535782,4.83531189,-44.475647
5.61199275,24.123848,4.94715118,-44.2379761
5.62195075,24.3018265,4.90313721,-43.9447327
5.63190875,24.3243866,4.8688736,-44.1357727
5.64186675,24.4094696,4.86833954,-44.0403442
5.65182475,24.3877792,4.9197464,-44.0266418
5.66178275,24.4303894,4.82030487,-44.1618958
5.67174075,24.3998566,4.88620758,-44.0307922
5.68169875,24.33461,4.83274841,-44.2315674
5.69165675,24.3908615,4.80957794,-44.2554626
5.70161475,24.3908615,4.80957794,-44.2554626
5.71157275,24.3704224,4.93966675,-44.219635
5.72153075,24.3848953,4.89694977,-44.2940063
5.73148875,24.384201,4.89519501,-44.3235168
5.74144675,24.565155,4.84980774,-44.276825
5.75140475,24.4706192,4.84855652,-44.4708252
5.76136275,24.3898392,4.8789978,-44.1445007
5.77132075,24.313652,4.82826233,-44.3986816
5.78127875,24.3257828,4.9443512,-44.489563
5.79123675,24.3393326,4.99664307,-44.3653564
5.80119475,24.4140472,5.01911163,-44.3815918
5.81115275,24.4208069,5.04209137,-44.3048096
5.82111075,24.5211563,5.03636932,-44.3114624
5.83106875,24.4693985,5.02666473,-44.3853149
5.84102675,24.5964355,5.0141983,-44.1089172
5.85098475,24.5331345,4.90635681,-44.4779358
5.86094275,24.618187,4.9475708,-44.3635559
5.87090075,24.4471359,5.02254486,-44.3858643
5.88085875,24.4888611,4.90342712,-44.2683411
5.89081675,24.6454544,5.07611084,-44.3098145
5.90077475,24.4359283,4.85295105,-44.3130798
5.91073275,24.3806305,4.82684326,-44.3252258
5.92069075,24.4571609,4.83580017,-44.1537781
5.93064875,24.5244446,4.8891449,-44.0805054
5.94060675,24.4900131,4.80931091,-44.1902466
5.95056475,24.6887131,4.7188797,-44.1976624
5.96052275,24.663681,4.65114594,-44.4084473
5.97048075,24.6068954,4.65537262,-44.2052612
5.98043875,24.6503601,4.54086304,-44.1929321
5.99039675,24.5850677,4.59540558,-44.4674988
6.00035475,24.3881989,4.57019806,-44.3467102
6.01031275,24.5451508,4.59183502,-44.1468201
6.02027075,24.7115021,4.66437531,-44.5066833
6.03022875,24.7152328,4.67704773,-44.6025696
6.04018675,24.6196136,4.77035522,-44.5708618
6.05014475,24.682663,4.82388306,-44.5650635
6.06010275,24.682663,4.82388306,-44.5650635
6.07006075,24.651062,4.72770691,-44.3092651
6.08001875,24.6291199,4.84393311,-44.4699402
6.08997675,24.7474823,4.85059357,-44.342926
6.09993475,24.7487259,4.75455475,-44.3742676
6.10989275,24.7544708,4.722229,-44.266449
6.1198505,24.6446686,4.79866791,-44.2503052
6.1298085,24.6483917,4.84709167,-44.4105225
6.1397665,24.6912842,4.8014679,-44.339447
6.1497245,24.600296,4.85051727,-44.4346008
6.1596825,24.3821259,4.80603027,-44.2599487
6.1696405,24.4159317,4.84658051,-44.2597656
6.1795985,24.5940781,4.90515137,-44.2928772
6.1895565,24.5587387,4.92147827,-44.2879028
6.1995145,24.6288376,4.98768616,-44.2675781
6.2094725,24.6249771,5.03137207,-44.2709961
6.2194305,24.6830215,5.08805847,-44.4764709
6.2293885,24.590416,5.04240417,-44.098938
6.2393465,24.5373383,4.9822464,-44.3507996
6.2493045,24.5080032,4.8353653,-44.2827759
6.2592625,24.5838394,4.87483215,-44.4026489
6.2692205,24.3607254,4.9163208,-44.5593262
6.2791785,24.6075821,4.80325317,-44.4718628
6.2891365,24.5061646,4.81263733,-44.4582214
6.2990945,24.5827484,4.98715973,-44.1914368
6.3090525,24.4629898,4.93418121,-44.2997742
6.3190105,24.4423523,4.9433136,-44.1873474
6.3289685,24.5306091,5.1099472,-44.285553
6.3389265,24.3784866,5.01260376,-44.3372498
6.3488845,24.4226685,5.12982178,-44.2744141
6.3588425,24.3952484,5.04470062,-44.3573608
6.3688005,24.446846,5.05941772,-44.5219727
6.3787585,24.2873459,5.11183929,-44.1597595
6.3887165,24.2718582,5.12101746,-44.1461487
6.3986745,24.2391739,5.03488159,-44.2763977
6.4086325,24.2391739,5.03488159,-44.2763977
6.4185905,24.330101,5.14886475,-44.2574768
6.4285485,24.317215,5.03800964,-44.1591797
6.4385065,24.3828659,4.94908905,-44.2977295
6.4484645,24.3004303,5.06307983,-44.2149963
6.4584225,24.3625565,5.06596375,-44.2521667
6.4683805,24.2820892,5.01818085,-44.1774597
6.4783385,24.4346695,5.17556,-44.5012207
6.4882965,24.5075684,5.12620544,-44.2681274
6.4982545,24.5458374,5.16896057,-44.2802429
6.5082125,24.526329,5.15197754,-44.4031982
6.5181705,24.4184647,5.13183594,-44.2402344
6.5281285,24.6096497,5.08914185,-44.440033
6.5380865,24.457428,5.2330246,-44.3118896
6.5480445,24.5848618,5.16710663,-44.3567505
6.5580025,24.3825378,5.09766388,-44.1869812
6.5679605,24.5582504,5.17427063,-44.3857117
6.5779185,24.4187241,5.19235229,-44.3806763
6.5878765,24.4763641,5.35037994,-44.4526672
6.5978345,24.3401184,5.300354,-44.3859863
6.6077925,24.4087982,5.42625427,-44.3187561
6.6177505,24.4917221,5.41557312,-44.4831238
6.6277085,24.3545532,5.3679657,-44.6478577
6.6376665,24.4770889,5.25580597,-44.4093018
6.6476245,24.3574753,5.21341705,-44.4360962
6.6575825,24.5389175,5.13806152,-44.421936
6.6675405,24.495285,5.07514954,-44.4727478
6.6774985,24.2941055,5.022995,-44.3982239
6.6874565,24.2709503,5.14422607,-44.3955078
6.6974145,24.4228973,5.09161377,-44.5251465
6.7073725,24.2797089,4.98400116,-44.554718
6.7173305,24.4456024,5.05439758,-44.4442139
6.7272885,24.3241806,5.11100006,-44.4437561
6.7372465,24.4519653,5.05715179,-44.4509277
6.7472045,24.3901672,4.95987701,-44.2880249
6.7571625,24.6256561,5.05351257,-44.3031311
6.7671205,24.6256561,5.05351257,-44.3031311
6.7770785,24.6818466,5.16000366,-44.4081726
6.7870365,24.5574341,5.30432129,-44.4937744
6.7969945,24.4183807,5.23472595,-44.2953186
6.8069525,24.4331589,5.21560669,-44.4155273
6.8169105,24.5822067,5.25377655,-44.4926453
6.8268685,24.3309937,5.05879211,-44.639679
6.8368265,24.2677002,5.0694809,-44.8089905
6.8467845,24.4397278,5.03368378,-44.5735474
6.8567425,24.4360428,5.04389954,-44.722168
6.8667005,24.2308731,4.89349365,-44.7502136
6.8766585,24.2597275,4.96517181,-44.5368958
6.8866165,24.3574066,4.86095428,-44.4729614
6.8965745,24.2093658,4.72388458,-44.5898438
6.9065325,24.3026352,4.76228333,-44.6737366
6.9164905,24.2036819,4.7756424,-44.7131042
6.9264485,24.190918,4.81451416,-44.7784424
6.9364065,24.088562,4.61209106,-44.6381531
6.9463645,24.0515289,4.58042908,-44.6918335
6.9563225,24.0670319,4.69695282,-44.6602173
6.9662805,23.9118881,4.65882111,-44.8511658
6.9762385,24.0402603,4.58721924,-44.6218567
6.9861965,24.0913467,4.54227448,-44.6984558
6.9961545,24.1979599,4.65884399,-44.3919678
7.0061125,24.1622009,4.71427917,-44.3871155
7.0160705,24.0709381,4.71292877,-44.5300598
7.0260285,23.9261246,4.65852356,-44.3325806
7.0359865,24.0340652,4.59459686,-44.6708984
7.0459445,23.9876175,4.65196991,-44.4669189
7.0559025,23.9812622,4.5016098,-44.833374
7.0658605,23.9212112,4.57658386,-44.7196655
7.0758185,23.9756393,4.54708099,-44.604248
7.0857765,23.9217911,4.61787415,-44.4994812
7.0957345,24.1360321,4.69674683,-44.7781982
7.1056925,24.069603,4.6386795,-44.7461243
7.1156505,24.069603,4.6386795,-44.7461243
7.1256085,24.1882782,4.73031616,-44.6065063
7.1355665,24.2092209,4.81554413,-44.591217
7.1455245,24.3335648,4.78648376,-44.5266724
7.1554825,24.2651291,4.68629456,-44.667511
7.1654405,24.3118134,4.74002838,-44.570282
7.1753985,24.1960983,4.67316437,-44.6345215
7.1853565,24.2160339,4.72225189,-44.5516357
7.1953145,24.2044067,4.73142242,-44.566925
7.2052725,24.3121185,4.77230072,-44.6032104
7.2152305,24.2976608,4.70300293,-44.6819153
7.2251885,24.2311096,4.75845337,-44.7194214
7.2351465,24.2681656,4.68528748,-44.6783447
7.2451045,24.1284332,4.65901947,-44.5375977
7.2550625,24.0607376,4.69726562,-44.6109619
7.2650205,24.1557083,4.67865753,-44.5007935
7.2749785,24.1934814,4.74053955,-44.6478882
7.2849365,24.1524124,4.85845947,-44.7503967
7.2948945,24.1768646,4.88391113,-44.7114563
7.3048525,24.1736298,4.90625,-44.6990051
7.3148105,24.1873779,4.76409912,-44.6424255
7.3247685,24.3909149,4.8372879,-44.8100586
7.3347265,24.4250031,4.86528778,-44.73349
7.3446845,24.3521194,4.83787537,-44.8962402
7.3546425,24.322113,4.88813782,-44.7516174
7.3646005,24.4490585,4.83740234,-44.6471863
7.3745585,24.349144,4.82913208,-44.5225525
7.3845165,24.1849823,4.7180481,-44.5569763
7.3944745,24.2037659,4.70028687,-44.7208252
7.4044325,24.2272949,4.68962097,-44.8323669
7.4143905,24.1193008,4.90809631,-44.8243408
7.4243485,24.249176,4.97238159,-44.6491394
7.4343065,24.2000122,4.9361496,-44.775238
7.4442645,24.1218719,4.99401855,-44.8922119
7.4542225,24.2753677,4.96812439,-44.7870178
7.4641805,24.2753677,4.96812439,-44.7870178
7.4741385,24.0541763,4.92377472,-44.8253479
7.4840965,24.1843033,4.97160339,-44.8032532
7.4940545,24.0111618,4.96019745,-44.6058044
7.5040125,24.0809708,4.98625946,-44.7792053
7.5139705,24.1192169,4.94693756,-44.6790771
7.5239285,24.287735,4.78913116,-44.5898132
7.5338865,24.2103577,4.93817139,-44.4654846
7.5438445,24.2208633,4.88285828,-44.65625
7.5538025,24.1241989,4.76920319,-44.4776611
7.5637605,24.278183,4.84716034,-44.4162598
7.5737185,24.3162842,4.85067749,-44.5677185
7.5836765,24.3997498,4.90724182,-44.6835327
7.5936345,24.3348618,4.77548218,-44.4304199
7.6035925,24.3176117,4.70729065,-44.6860962
7.6135505,24.2128143,4.78528595,-44.5218811
7.6235085,24.1538162,4.77594757,-44.7798767
7.6334665,24.2635117,4.85489655,-44.8822632
7.6434245,24.1722336,4.88072205,-44.6389771
7.6533825,24.1281433,4.77591705,-44.6288452
7.6633405,24.1501083,4.91724396,-44.6721497
7.6732985,24.1868515,4.84371185,-44.6424866
7.6832565,24.0956039,4.66885376,-44.5900269
7.6932145,24.1467133,4.67977142,-44.6220093
7.7031725,24.0280151,4.64453125,-44.6318054
7.7131305,24.0632248,4.72743988,-44.7795715
7.7230885,24.0062561,4.70622253,-44.7781372
7.7330465,23.9361801,4.56158447,-44.8591003
7.7430045,23.9090576,4.55670166,-44.7537537
7.7529625,23.9213409,4.62538147,-44.8052368
7.7629205,24.0000534,4.51708221,-44.7281799
7.7728785,23.9793167,4.50234222,-44.8455811
7.7828365,23.9395065,4.42570496,-44.9020081
7.7927945,23.9219589,4.45838165,-44.6977234
7.8027525,23.9037247,4.46993256,-44.7207031
7.8127105,23.9589996,4.45249176,-44.8012695
7.8226685,23.9589996,4.45249176,-44.8012695
7.8326265,23.889061,4.36135864,-44.8710327
7.8425845,23.8462448,4.36317444,-44.777771
7.8525425,23.8604279,4.35453796,-44.7771606
7.8625005,23.916687,4.40096283,-44.6404419
7.8724585,24.0263519,4.47884369,-44.5257568
7.8824165,24.1874313,4.4890976,-44.6746826
7.8923745,23.9985428,4.40587616,-44.7177429
7.9023325,24.0223541,4.34608459,-44.677887
7.9122905,23.983963,4.52856445,-44.5923157
7.9222485,24.161293,4.42755127,-44.6624756
7.9322065,23.9108505,4.52417755,-44.6846619
7.9421645,23.9687424,4.4133606,-44.8943176
7.9521225,24.0921326,4.54745483,-44.8204651
7.9620805,24.1002579,4.58143616,-44.6783752
7.9720385,24.00811,4.67909241,-44.8075867
7.9819965,24.236084,4.58730316,-44.8468628
7.9919545,24.1159973,4.58708191,-44.7507019
8.0019125,24.043602,4.52575684,-44.7496033
8.0118705,24.1669159,4.6257782,-44.7905273
8.0218285,24.088089,4.57383728,-45.0344238
8.0317865,23.9764709,4.6689682,-45.0158997
8.0417445,24.0147095,4.59858704,-44.7957153
8.0517025,24.1030502,4.48139191,-44.9104614
8.0616605,23.9364319,4.49177551,-45.0826111
8.0716185,23.9355469,4.54920197,-44.8254395
8.0815765,23.8373489,4.68692017,-44.8805542
8.0915345,24.0403595,4.60416412,-44.991333
8.1014925,23.82061,4.62844849,-44.9721069
8.1114505,23.8719406,4.664711,-45.0888672
8.12140888,23.7925644,4.61942291,-44.7819214
8.13136687,23.7410049,4.48271942,-45.0799866
8.14132488,23.6182938,4.55636597,-45.0678406
8.15128288,23.6807022,4.51652527,-45.0029907
8.16124087,23.7427444,4.61228943,-44.9485779
8.17119888,23.7427444,4.61228943,-44.9485779
8.18115687,23.7070312,4.56957245,-44.8564148
8.19111488,23.8262863,4.50757599,-44.9962463
8.20107288,23.7972031,4.51405334,-45.0436707
8.21103087,23.8395767,4.47257233,-44.9092102
8.22098888,23.7479782,4.52315521,-44.9829712
8.23094687,23.8302002,4.38867188,-45.0359802
8.24090488,23.9531479,4.50302887,-45.0742188
8.25086288,23.8152924,4.43801117,-45.1469116
8.26082087,23.9191895,4.37878418,-45.0170593
8.27077888,23.8506012,4.31588745,-44.8627014
8.28073688,23.8330078,4.35163879,-44.9867554
8.29069488,23.9492416,4.37149811,-44.9022827
8.30065288,24.0515518,4.45023346,-44.8096924
8.31061087,23.847908,4.47857666,-44.6849976
8.32056888,24.0180359,4.4928894,-44.8342285
8.33052688,24.0777664,4.49516296,-44.7380676
8.34048488,24.0732651,4.48903656,-45.0050659
8.35044288,23.8913193,4.36529541,-45.0043335
8.36040087,24.1669235,4.33053589,-44.9409485
8.37035888,23.8940201,4.33624268,-45.1974182
8.38031688,23.9789047,4.29802704,-45.0273438
8.39027488,23.8392105,4.32918549,-44.897583
8.40023288,23.9078751,4.29341125,-44.963562
8.41019087,23.9495239,4.19876099,-44.9994812
8.42014888,23.9893112,4.32200623,-44.9282532
8.43010688,24.1689377,4.44095612,-44.886261
8.44006487,23.9597397,4.47376251,-44.960144
8.45002288,23.9087982,4.4464798,-45.2674561
8.45998087,23.7409973,4.39043427,-45.2208557
8.46993888,23.9147339,4.46502686,-45.2536011
8.47989688,23.9097595,4.3981781,-44.9178772
8.48985487,23.9452896,4.47090149,-44.9073181
8.49981288,23.9556961,4.40873718,-44.993103
8.50977087,23.8404922,4.35578156,-45.0246582
8.51972888,23.7914047,4.32186127,-44.9518433
8.52968688,23.7914047,4.32186127,-44.9518433
8.53964487,23.8105927,4.20417023,-44.8832092
8.54960288,23.7346573,4.11410522,-45.0118408
8.55956087,23.7768555,4.04644775,-44.8190918
8.56951888,23.9120178,4.05979919,-44.7773132
8.57947688,23.9998474,4.18535614,-44.9302979
8.58943487,23.9885406,4.18419647,-44.7661743
8.59939288,23.8593597,4.21149445,-45.0440063
8.60935088,23.9118423,4.25938416,-44.9977112
8.61930888,23.9832077,4.157547,-44.5274353
8.62926688,23.9864349,4.15283966,-44.7533875
8.63922487,23.8135986,4.0995636,-44.8295593
8.64918288,23.947731,4.24032593,-44.6619263
8.65914088,23.9504089,4.19081116,-44.7022705
8.66909888,24.0318832,4.13424683,-44.8483276
8.67905688,23.9365616,4.37989044,-44.7707825
8.68901487,23.7607651,4.22580719,-44.856781
8.69897288,24.0050507,4.27852631,-44.749054
8.70893088,24.0358124,4.49259186,-44.7164307
8.71888887,24.1433487,4.55760193,-44.7516174
8.72884688,24.1935654,4.60436249,-44.7359619
8.73880487,24.2168579,4.65571594,-44.614624
8.74876288,24.2122269,4.81299591,-44.7006836
8.75872088,24.2201996,4.74230957,-44.7574463
8.76867887,24.2255249,4.7420578,-44.6953735
8.77863688,24.344696,4.68612671,-44.5213318
8.78859487,24.1717453,4.67247009,-44.7341614
8.79855288,24.1797409,4.54853821,-44.3986511
8.80851088,24.0696335,4.70246124,-44.6509094
8.81846887,24.1225891,4.62702942,-44.7637634
8.82842688,24.1431885,4.65924072,-44.4367065
8.83838487,24.1353912,4.57183838,-44.6724854
8.84834288,24.1883774,4.59375,-44.5299683
8.85830088,24.126152,4.59527588,-44.7485352
8.86825887,24.1980972,4.60483551,-44.6022949
8.87821688,24.1980972,4.60483551,-44.6022949
8.88817488,24.2254333,4.64035034,-44.5617676
8.89813288,24.1144104,4.50959015,-44.724823
8.90809088,24.0869904,4.64961243,-44.6113281
8.91804887,24.0625153,4.69426727,-44.6463013
8.92800688,24.0719681,4.58521271,-44.607605
8.93796488,24.0719757,4.61208344,-44.6268311
8.94792288,23.9923401,4.81976318,-44.6445923
8.95788088,24.1386261,4.90033722,-44.7059937
8.96783887,24.1548004,4.88035583,-44.7507935
8.97779688,24.0796738,4.84041595,-44.7202759
8.98775488,24.146759,4.93096924,-44.720459
8.99771288,24.1027756,4.81884766,-44.6012268
9.00767088,24.2491074,4.8421936,-44.5166626
9.01762887,24.3290405,4.76148987,-44.3911133
9.02758688,24.3747025,4.73436737,-44.4451294
9.03754488,24.367981,4.87628937,-44.4717407
9.04750287,24.2943726,4.84005737,-44.3451233
9.05746088,24.383194,4.89667511,-44.3522034
9.06741887,24.3298798,4.9090271,-44.5058899
9.07737688,24.384407,4.97691345,-44.2941589
9.08733488,24.2128372,4.82997131,-44.5502014
9.09729287,24.2898865,4.91404724,-44.6015015
9.10725088,24.4814301,4.97262573,-44.5625916
9.11720887,24.454628,4.90299225,-44.5332642
9.127167,24.3322296,4.85972595,-44.6488342
9.137126,24.2045364,4.82774353,-44.7305908
9.147084,24.1926422,4.95036316,-44.4949646
9.157042,24.3119736,4.95715332,-44.5846558
9.167,24.2300034,5.02425385,-44.4477539
9.176958,24.2293091,5.08731842,-44.4687195
9.186916,24.1931915,5.14131165,-44.6230164
9.196874,24.308342,5.18119812,-44.4104919
9.206832,24.2518234,5.18598175,-44.3777466
9.21679,24.3355331,5.07653046,-44.6103821
9.226748,24.2366943,5.02073669,-44.3535461
9.236706,24.2366943,5.02073669,-44.3535461
9.246664,24.3705063,5.02681732,-44.3940735
9.256622,24.333313,4.91174316,-44.3283691
9.26658,24.3013,4.74092865,-44.3403931
9.276538,24.3819046,4.92723846,-44.3647766
9.286496,24.514679,4.91284943,-44.4403992
9.296454,24.385849,4.97112274,-44.3649902
9.306412,24.401207,4.95065308,-44.2618713
9.31637,24.3426514,4.99669647,-44.5138855
9.326328,24.370018,4.98339844,-44.1403809
9.336286,24.2669907,4.98382568,-44.554718
9.346244,24.2613754,5.0435791,-44.4480896
9.356202,24.234787,4.99196625,-44.4153442
9.36616,24.3237228,4.98065186,-44.3082886
9.376118,24.132515,4.91503906,-44.453064
9.386076,24.174469,5.03664398,-44.4105225
9.396034,24.176445,5.16934204,-44.2694092
9.405992,24.3291626,5.26951599,-44.3812866
9.41595,24.3653412,5.30716705,-44.3682861
9.425908,24.4197464,5.23045349,-44.5952759
9.435866,24.4357452,5.33646393,-44.6835022
9.445824,24.4619904,5.11875916,-44.54245
9.455782,24.3648224,5.26366425,-44.5670166
9.46574,24.4053574,5.194664,-44.5532837
9.475698,24.4831467,5.20852661,-44.5110168
9.485656,24.4096069,5.42951202,-44.407196
9.495614,24.3398285,5.40024567,-44.4533691
9.505572,24.2608261,5.58816528,-44.7643433
9.51553,24.1545563,5.63556671,-44.5845337
9.525488,24.0138626,5.72286224,-44.7197266
9.535446,24.0637894,5.70251465,-44.4320068
9.545404,23.9218063,5.85973358,-44.4112549
9.555362,23.9912109,5.84192657,-44.6377258
9.56532,23.663887,5.85253906,-44.6752014
9.575278,23.6254044,5.83885956,-44.7650452
9.585236,23.6254044,5.83885956,-44.7650452
9.595194,23.5140915,6.08017731,-44.8197632
9.605152,23.4019394,6.00725555,-44.7609863
9.61511,23.3282318,6.22128296,-45.0847168
9.625068,23.2161102,6.21154785,-45.0422668
9.635026,23.1416321,6.37286377,-45.0632629
9.644984,23.0136108,6.32259369,-45.1418457
9.654942,22.9393082,6.5241394,-45.3824463
9.6649,22.9404602,6.46813965,-45.3665466
9.674858,22.7273254,6.41667938,-45.1436157
9.684816,22.6986084,6.42877197,-45.1391296
9.694774,22.7515411,6.24599457,-45.1836243
9.704732,22.8366241,6.14823914,-45.3811951
9.71469,22.85495,6.07301331,-45.4788818
9.724648,22.7691574,6.18160248,-45.2891235
9.734606,22.8409576,6.19159698,-45.1654358
9.744564,22.8138885,6.35373688,-45.04599
9.754522,22.7382965,6.51261139,-45.1610718
9.76448,22.7548141,6.68981934,-45.1517639
9.774438,22.6037064,6.709198,-45.277771
9.784396,22.643158,6.91525269,-45.3788757
9.794354,22.5707016,7.09187317,-45.422699
9.804312,22.6485443,7.12123871,-45.3644714
9.81427,22.7239456,7.2405014,-45.216156
9.824228,22.7579498,7.48919678,-45.3622742
9.834186,22.7716217,7.42543793,-45.2862854
9.844144,22.8350906,7.49171448,-45.1661072
9.854102,22.7650452,7.59120178,-45.1361389
9.86406,22.9444351,7.7532196,-45.0834961
9.874018,22.9773941,7.74521637,-45.2142944
9.883976,23.0630417,7.71955109,-45.1928406
9.893934,23.3082352,7.87208557,-45.0890808
9.903892,23.4027863,7.87619019,-44.9826355
9.91385,23.6144104,7.85584259,-44.8674316
9.923808,23.5956421,7.83926392,-44.8924866
9.933766,23.5522537,7.762146,-44.8814087
9.943724,23.5522537,7.762146,-44.8814087
9.953682,23.5786133,7.65604401,-44.9376831
9.96364,23.559494,7.69085693,-44.8787231
9.973598,23.5002899,7.69307709,-44.7915344
9.983556,23.4875565,7.56352234,-44.8217163
9.993514,23.5153503,7.67771149,-44.7800903
10.003472,23.549469,7.60335541,-44.8910217
10.01343,23.3754959,7.52165222,-44.8493347
10.023388,23.408989,7.40218353,-44.9394226
10.033346,23.3366394,7.43624878,-44.8392944
10.043304,23.6105347,7.52228546,-44.9797058
10.053262,23.4673843,7.39967346,-44.8734131
10.06322,23.424324,7.26237488,-44.9276733
10.073178,23.1742249,7.17411041,-44.8882751
10.083136,22.9330826,7.09456635,-45.3832397
10.093094,22.6287155,7.06394958,-45.6621094
10.103052,22.2463608,7.14904785,-45.6861267
10.11301,21.8638,7.22189331,-45.8101196
10.1229675,21.6706009,7.62018585,-45.897522
10.1329255,21.5201263,7.79907227,-46.0513306
10.1428835,21.1164017,7.79666138,-46.0392456
10.1528415,21.0257797,7.78748322,-45.9529419
10.1627995,21.0477066,7.8669281,-45.846344
10.1727575,21.1043854,8.01197052,-45.9402161
10.1827155,21.2811279,8.20317078,-45.8746033
10.1926735,21.2253876,8.38058472,-45.9528503
10.2026315,21.4890823,8.57136536,-45.7611389
10.2125895,21.6924286,8.59486389,-45.9641418
10.2225475,22.0623093,8.84542847,-45.5699463
10.2325055,22.1099396,8.67907715,-45.5696716
10.2424635,22.4435043,8.60107422,-45.5809631
10.2524215,22.6651764,8.5561676,-45.5799561
10.2623795,22.945343,8.33312225,-45.4131775
10.2723375,23.050621,8.22207642,-45.2094727
10.2822955,23.2936859,7.98699188,-45.0779419
10.2922535,23.2803879,7.99067688,-45.0698853
10.3022115,23.3740387,7.75304413,-44.9938354
10.3121695,23.6471252,7.71495056,-44.8847046
10.3221275,23.8210831,7.64749146,-44.7571411
10.3320855,23.7766724,7.53816986,-44.8342896
10.3420435,23.8866043,7.50717163,-44.8733826
10.3520015,23.8974152,7.43860626,-44.813446
10.3619595,24.0241852,7.40486145,-44.8972168
10.3719175,24.0344391,7.34859467,-44.9615479
10.3818755,24.0321808,7.34357452,-44.9046631
10.3918335,23.9892883,7.32180023,-44.7792358
10.4017915,24.1847534,7.44789886,-44.7344971
10.4117495,24.3259811,7.48373413,-44.4714661
10.4217075,24.3122559,7.33232117,-44.7640076
10.4316655,24.1839371,7.40603638,-44.6764526
10.4416235,24.1769867,7.46142578,-44.9167786
10.4515815,24.1091003,7.46282196,-44.7727966
10.4615395,24.2221146,7.56153107,-44.7252197
10.4714975,24.1461868,7.74414825,-44.6405334
10.4814555,24.2936554,7.93479156,-44.5761108
10.4914135,24.1688995,8.09361267,-44.4406433
10.5013715,24.142868,8.36427307,-44.4300537
10.5113295,24.0528336,8.694664,-44.5166016
10.5212875,24.0582733,8.78611755,-44.5149841
10.5312455,23.9904327,9.03109741,-44.5213928
10.5412035,23.8112183,9.24874878,-44.4920654
10.5511615,23.6518173,9.52438354,-44.5145569
10.5611195,23.5369034,9.60409546,-44.3311157
10.5710785,23.6133575,9.95139313,-44.5447693
10.5810355,23.6293488,10.0309219,-44.6254883
10.5909945,23.5822983,10.1710892,-44.7727051
10.6009525,23.4310303,10.292984,-44.7587585
10.6109105,23.3554993,10.5237885,-44.7116089
10.6208685,23.20298,10.7355347,-44.7796021
10.6308265,23.1155167,10.8247147,-44.9940796
10.6407845,23.3077164,10.9453659,-44.7262573
10.6507425,23.3077164,10.9453659,-44.7262573
10.6607005,23.257988,10.9263229,-44.767334
10.6706585,23.3598633,10.9587173,-44.6968079
10.6806165,23.2812576,10.9516296,-44.9484558
10.6905745,23.3395538,10.9582443,-44.9115906
10.7005325,23.3588409,11.018898,-44.8934937
10.7104905,23.5387802,10.8902893,-44.7114868
10.7204485,23.3149643,10.7943192,-44.943573
10.7304065,23.2367783,10.6307907,-45.0259399
10.7403645,23.194809,10.5796127,-45.1727905
10.7503225,23.1184921,10.4243622,-45.1937866
10.7602805,23.1189651,10.2892227,-45.0639648
10.7702385,23.0177155,10.085556,-45.0315247
10.7801965,23.173233,9.91093445,-44.9299316
10.7901545,23.0191345,9.85044861,-44.9281006
10.8001125,23.0782242,9.79057312,-45.026123
10.8100705,22.9683151,9.72421265,-45.0151062
10.8200285,22.959259,9.95774841,-44.9525452
10.8299865,22.7371063,9.95307922,-45.2232666
10.8399445,22.6969376,10.0265732,-45.4912415
10.8499025,22.6738663,10.0652542,-45.2988892
10.8598605,22.5721436,10.2142334,-45.3730774
10.8698185,22.4508362,10.2645645,-45.4260559
10.8797765,22.68396,10.3921661,-45.3614197
10.8897345,22.6214142,10.6342163,-45.287262
10.8996925,22.7102585,10.6244125,-45.3006592
10.9096505,22.8237,10.6777573,-45.1315918
10.9196085,23.1253738,10.7068176,-45.0964355
10.9295665,23.3380127,10.7193298,-44.6063538
10.9395245,23.597435,10.6235504,-44.6220398
10.9494825,23.6673889,10.5420151,-44.4120789
10.9594405,23.825058,10.5957947,-44.3117981
10.9693985,23.871109,10.5318069,-44.3044739
10.9793565,23.9029083,10.4891739,-44.2461243
10.9893145,24.0181122,10.3304214,-44.3832703
10.9992725,24.0181122,10.3304214,-44.3832703
11.0092305,24.0896988,10.2032166,-44.5358276
11.0191885,24.222374,10.0361404,-44.5200195
11.0291465,24.3892059,9.86626434,-44.2740479
11.0391045,24.5528793,9.70835114,-44.4301453
11.0490625,24.5316772,9.50260925,-44.5266113
11.0590205,24.5273743,9.29045105,-44.3969727
11.0689785,24.5952911,9.07117462,-44.4775696
11.0789365,24.4462585,8.80376434,-44.4769287
11.0888945,24.4602432,8.62998962,-44.8530884
11.0988525,24.5628662,8.36840057,-44.640625
11.1088105,24.5172424,8.32512665,-44.6447144
11.1187685,24.543869,8.08726501,-44.7173767
11.1287269,24.4993896,7.94996643,-44.7870789
11.1386849,24.620224,7.80006409,-45.0889282
11.1486429,24.7331696,7.64295197,-44.9270325
11.1586009,24.8378143,7.45504761,-44.9732666
11.1685589,24.7857742,7.1872406,-45.1069336
11.1785169,24.8652878,7.03518677,-45.0049744
11.1884749,24.913765,6.60307312,-45.1832275
11.1984329,25.0609589,6.40488434,-44.9778137
11.2083909,25.0894928,6.13851929,-45.0232544
11.2183489,25.253067,5.92819214,-44.697113
11.2283069,25.2638931,5.79016876,-44.8850098
11.2382649,25.321106,5.74703217,-44.8887329
11.2482229,25.3167725,5.57049561,-44.8823242
11.2581809,25.2641602,5.56048584,-44.791748
11.2681389,25.184288,5.50093079,-44.725647
11.2780969,25.2327576,5.61940002,-44.9318848
11.2880549,25.3404541,5.69478607,-44.8772888
11.2980129,25.5660095,5.60842133,-45.0264587
11.3079709,25.4929962,5.53916168,-44.7987061
11.3179289,25.530098,5.2673645,-44.7420959
11.3278869,25.540596,5.27787018,-44.6467896
11.3378449,25.3421555,5.33766937,-44.5750732
11.3478029,25.2338943,5.22006989,-44.8175049
11.3577609,25.2338943,5.22006989,-44.8175049
11.3677189,25.1522446,5.43919373,-44.9389648
11.3776769,25.2442627,5.43401337,-44.9906311
11.3876349,25.1383514,5.31889343,-44.9509888
11.3975929,25.098877,5.31378937,-45.2342224
11.4075509,25.0919495,5.45496368,-45.0749817
11.4175089,25.0100708,5.47963715,-45.2255859
11.4274669,25.058197,5.45510101,-45.0906067
11.4374249,25.1019669,5.48934937,-45.2459106
11.4473829,25.0477448,5.57543945,-45.0109863
11.4573409,25.1848755,5.53943634,-44.8061523
11.4672989,25.2975922,5.43569946,-44.8998108
11.4772569,25.41716,5.36594391,-44.9871521
11.4872149,25.6386948,5.50743866,-44.9154358
11.4971729,25.7282715,5.5270462,-44.7520142
11.5071309,25.8602829,5.55033112,-44.5558472
11.5170889,25.9433289,5.64805603,-44.3673096
11.5270469,26.1043396,5.78125,-44.4544373
11.5370049,26.3850479,5.84812927,-44.2414856
11.5469629,26.6009903,5.94830322,-44.1231689
11.5569209,26.6903839,6.17559052,-44.2159424
11.5668789,26.8523254,6.12891388,-43.9585266
11.5768369,26.9929657,6.05813599,-43.8699951
11.5867949,27.1520004,6.20867157,-43.9589844
11.5967529,27.0372314,6.05484009,-44.0305176
11.6067109,27.0066833,6.0437851,-44.1280518
11.6166689,26.8544769,5.90114594,-43.975769
11.6266269,26.6474075,5.99581909,-44.2742004
11.6365849,26.5954895,5.99702454,-44.3942871
11.6465429,26.3045044,5.94651031,-44.6834412
11.6565009,26.1000824,5.85607147,-44.686554
11.6664589,25.7121124,5.89917755,-44.8639526
11.6764169,25.641655,5.94803619,-45.0329895
11.6863749,25.2379303,5.88305664,-44.9785156
11.6963329,25.1005325,5.77505493,-45.2867737
11.7062909,24.9073105,5.76244354,-45.4701538
11.7162489,24.9073105,5.76244354,-45.4701538
11.7262069,24.8185349,5.46874237,-45.4577637
11.7361649,24.775116,5.36466217,-45.3816528
11.7461229,24.8098526,5.36115265,-45.4470825
11.7560809,24.8017807,5.38766479,-45.4139709
11.7660389,24.6622391,5.50572968,-45.5314331
11.7759969,24.6316833,5.63464355,-45.6440125
11.7859549,24.5744095,5.78488922,-45.7008057
11.7959129,24.35923,5.74800873,-45.5681458
11.8058709,24.3340302,5.72548676,-45.7229004
11.8158289,24.3952332,5.63647461,-45.826355
11.8257869,24.308815,5.39815521,-46.0573425
11.8357449,24.0692368,5.09449005,-45.8830261
11.8457029,23.9355316,4.93978119,-45.9445801
11.8556619,23.8144608,4.67313385,-46.0467529
11.8656199,23.8534927,4.58955383,-45.9214783
11.8755779,23.9751205,4.56409454,-45.7738037
11.8855359,23.9418564,4.6687088,-45.7566223
11.8954939,23.9543381,4.71544647,-45.799469
11.9054519,24.3123016,4.79494476,-45.6672363
11.9154099,24.6150208,5.0045929,-45.6462708
11.9253679,24.9554367,5.19353485,-45.3791504
11.9353259,25.0737381,5.55383301,-45.3606873
11.9452839,25.2411728,6.02609253,-44.9926758
11.9552419,25.1654282,6.14485931,-45.0808411
11.9651999,25.3617249,6.51051331,-45.1405334
11.9751579,25.2234497,6.58827209,-45.3100891
11.9851159,25.1255646,6.53805542,-45.1946106
11.9950739,25.1029892,6.37852478,-45.2048645
12.0050319,25.0213776,6.19496918,-45.5491028
12.0149899,24.9157944,5.74791718,-45.5791931
12.0249479,24.907547,5.4065094,-45.7675171
12.0349059,24.9037704,5.14572906,-45.6601562
12.0448639,24.7596512,4.93097687,-45.6865845
12.0548219,24.842598,4.79390717,-45.5136108
12.0647799,24.842598,4.79390717,-45.5136108
12.0747379,24.722168,4.67863464,-45.3390503
12.0846959,24.6880035,4.64884186,-45.4859619
12.0946539,24.5729599,4.86032867,-45.7184753
12.1046119,24.6912079,4.98316956,-45.7338562
12.1145699,24.6189041,5.22519684,-45.5500793
12.1245283,24.5467453,5.25679016,-45.7135925
12.1344863,24.4375381,5.56361389,-45.8111267
12.1444443,24.4769974,5.66843414,-45.8709412
12.1544023,24.4407501,5.92015839,-45.9151611
12.1643602,24.5151443,5.97519684,-45.5527649
12.1743183,24.4573746,6.12188721,-45.693512
12.1842763,24.7044449,6.48899078,-45.5365295
12.1942343,24.6699142,6.67811584,-45.5521851
12.2041923,24.7591095,6.70931244,-45.444458
12.2141502,24.7844543,6.8365097,-45.5892944
12.2241083,24.9259186,6.75242615,-45.5638733
12.2340663,25.0709534,6.78012085,-45.5515747
12.2440242,25.0730362,6.58079529,-45.4168396
12.2539823,25.3435669,6.71310425,-45.4553528
12.2639402,25.3722458,6.57621765,-45.3940125
12.2738983,25.5129089,6.38986969,-45.5136414
12.2838563,25.7431412,6.51111603,-45.3033447
12.2938142,25.8252487,6.41700745,-45.1474609
12.3037723,25.756752,6.27885437,-45.0509949
12.3137302,25.76577,6.4103775,-45.2770996
12.3236883,25.662735,6.50543213,-45.2731323
12.3336463,25.3956604,6.35816193,-45.3802795
12.3436042,25.4547348,6.50930786,-45.2969055
12.3535623,25.2427139,6.5322113,-45.2478638
12.3635202,25.2866516,6.62449646,-45.3425293
12.3734783,25.2635498,6.72750092,-45.2120667
12.3834363,25.259613,6.69773865,-45.3201904
12.3933942,25.3711395,6.77096558,-45.3004456
12.4033523,25.3416519,6.8873291,-45.348938
12.4133102,25.6471329,7.13039398,-45.2559204
12.4232683,25.6471329,7.13039398,-45.2559204
12.4332263,25.6804047,7.17984009,-45.1837769
12.4431842,25.5887222,7.19738007,-45.1018066
12.4531423,25.6868439,7.26029968,-45.230896
12.4631003,25.8510132,7.39354706,-45.0062561
12.4730583,25.6195602,7.28129578,-44.983429
12.4830163,25.6357422,7.1960144,-45.049408
12.4929742,25.6400681,7.19656372,-45.2289124
12.5029323,25.6703415,7.13069153,-45.4131775
12.5128903,25.7125931,7.15555573,-45.3305969
12.5228483,25.8383179,7.03572083,-45.1452026
12.5328063,25.7303772,7.01115417,-45.2449951
12.5427642,25.8803406,7.11120605,-45.1669312
12.5527223,25.9201508,7.07266998,-45.1491394
12.5626803,25.9325333,7.02781677,-45.1299744
12.5726382,26.0349731,7.06759644,-45.3061829
12.5825963,26.1274109,7.09809113,-45.1271973
12.5925542,25.9521408,6.91244507,-45.2168274
12.6025123,25.9392853,6.80313873,-45.4630737
12.6124703,25.9428787,6.79103088,-45.5011597
12.6224282,26.0157242,6.79550934,-45.5337524
12.6323863,25.9439774,6.65448761,-45.5369263
12.6423442,25.7898941,6.44471741,-45.5193176
12.6523023,25.7729111,6.27632904,-45.7371521
12.6622603,25.6098022,6.12064362,-45.850708
12.6722182,25.574501,5.85388184,-45.8823547
12.6821763,25.3802872,5.50511932,-46.0720215
12.6921342,25.5137024,5.23326111,-46.0520325
12.7020923,25.556366,4.93022156,-46.0513916
12.7120503,25.7059631,4.79207611,-46.0472107
12.7220082,25.8076324,4.57666779,-45.9047546
12.7319663,25.9582901,4.27362061,-46.0311279
12.7419243,26.1119232,4.04862976,-45.9526062
12.7518823,26.2840958,3.93335724,-45.581543
12.7618403,26.5789719,3.84207153,-45.6082153
12.7717982,26.5743713,3.84532166,-45.6087036
12.7817563,26.7592468,3.81330872,-45.5970764
12.7917143,27.0264359,3.63780212,-45.5648804
12.8016723,27.2647247,3.88121796,-45.5454407
12.8116303,27.4932709,3.96939087,-45.5212402
12.8215882,27.4624405,3.8523941,-45.5737
12.8315463,27.5494232,4.00904083,-45.7204895
12.8415043,27.6501312,4.09741211,-45.6539307
12.8514622,27.7024384,4.06712341,-45.5944519
12.8614203,27.8235931,4.12554932,-45.2970276
12.8713793,27.7828751,3.93031311,-45.5193176
12.8813372,27.933609,3.70702362,-45.3738403
12.8912953,28.0663071,3.49829102,-45.363739
12.9012533,28.2544174,3.27790833,-45.4634094
12.9112112,28.1812057,3.05344391,-45.5682373
12.9211693,28.3177185,2.92297363,-45.5375366
12.9311272,28.4256287,2.77970886,-45.5967102
12.9410853,28.4481735,2.74456787,-45.4785767
12.9510433,28.3834381,2.61212158,-45.578186
12.9610012,28.4639511,2.52632141,-45.5006104
12.9709593,28.3068237,2.26154327,-45.4933167
12.9809172,28.3324203,2.40697479,-45.7137451
12.9908753,28.3034973,2.60668945,-45.7737732
13.0008333,28.1955948,2.71569824,-45.820343
13.0107912,28.0328827,2.80026245,-45.9069519
13.0207493,27.928009,3.02075195,-46.0040283
13.0307072,27.8053055,3.04193115,-46.1428223
13.0406653,27.5482941,3.15666962,-46.1347961
13.0506233,27.4091949,3.32446289,-46.3107605
13.0605812,27.271904,3.47647858,-46.5324707
13.0705393,27.2229614,3.45441437,-46.6824036
13.0804973,27.0517883,3.28398895,-46.6611023
13.0904553,26.8846664,3.36217499,-46.6064758
13.1004133,26.9943848,3.36310577,-46.8903503
13.1103712,27.0451202,3.4691925,-46.9541626
13.1203293,27.1210632,3.28919983,-46.8039551
13.1302867,27.1210632,3.28919983,-46.8039551
13.1402448,27.1964188,3.50025177,-46.7903748
13.1502028,27.3112183,3.59093475,-46.8676147
13.1601608,27.2750015,3.6681366,-46.8824463
13.1701188,27.1441269,3.94857788,-46.8944397
13.1800767,27.1194992,4.11540985,-46.930603
13.1900348,27.1643066,4.35888672,-46.8227539
13.1999928,27.1033707,4.62528992,-46.8297424
13.2099507,26.9621277,4.55930328,-46.8031921
13.2199088,26.7993011,4.59636688,-46.7424622
13.2298667,26.7199707,4.53533936,-46.6661072
13.2398248,26.6419601,4.35182953,-47.0128784
13.2497828,26.5058289,4.24208832,-47.1839294
13.2597407,26.5077744,4.19030762,-47.4532166
13.2696988,26.4372864,4.10909271,-47.4701843
13.2796567,26.4889908,4.06142426,-47.2718506
13.2896148,26.4461136,4.23416138,-47.3803101
13.2995728,26.3637314,4.17919922,-47.3006287
13.3095307,26.3089523,4.32553101,-47.236908
13.3194888,26.4205017,4.43663025,-47.3385315
13.3294467,26.2345886,4.35561371,-47.598053
13.3394048,26.4845352,4.49308777,-47.5051575
13.3493628,26.3575134,4.4937439,-47.4375
13.3593207,26.2324524,4.39041138,-47.4918518
13.3692788,26.0251007,4.39558411,-47.6535645
13.3792368,25.8895187,4.33670044,-47.7810669
13.3891948,25.8227463,4.70413208,-47.7146912
13.3991528,25.6851578,4.68125153,-47.5820618
13.4091107,25.5063095,4.76712036,-47.8495483
13.4190688,25.4035873,4.88375092,-48.0365601
13.4290268,25.1303482,4.96124268,-48.2477722
13.4389848,25.104599,4.9805603,-48.3453979
13.4489428,25.0572281,5.06241608,-48.4373169
13.4589007,24.9653473,5.04997253,-48.3422241
13.4688588,24.9209442,5.05001831,-48.4830017
13.4788168,24.8140411,5.12351227,-48.4533386
13.4887747,24.8140411,5.12351227,-48.4533386
13.4987328,24.7257767,5.17321014,-48.4908142
13.5086907,24.5771866,5.08552551,-48.4599304
13.5186488,24.5977631,5.1483078,-48.7867737
13.5286068,24.5152512,5.16280365,-48.7763672
13.5385647,24.6493988,5.2212677,-49.0227966
13.5485228,24.4796524,5.20770264,-49.0150757
13.5584807,24.550293,5.21194458,-48.8509827
13.5684388,24.7442322,5.49999237,-48.8128052
13.5783968,24.90168,5.85895538,-48.7392273
13.5883547,25.1368408,6.24193573,-48.5710144
13.5983128,25.4627304,6.79211426,-48.3603821
13.6082707,25.7036362,7.23592377,-48.1675415
13.6182288,25.943634,7.67127228,-48.0525208
13.6281868,26.3174286,8.02075195,-47.5634766
13.6381447,26.4971008,8.34677887,-47.3430481
13.6481028,26.6275024,8.61427307,-47.3766174
13.6580608,26.7186203,8.71766663,-47.1621094
13.6680188,26.6973267,8.86911774,-47.3097839
13.6779768,26.5778351,8.65546417,-47.3586121
13.6879347,26.5165482,8.28050232,-47.3045654
13.6978928,26.6024017,8.08868408,-47.5401306
13.7078508,26.3727798,7.78691101,-47.6993408
13.7178088,26.2805862,7.50196838,-47.8414307
13.7277668,26.0358582,7.17324066,-47.9434204
13.7377247,25.7180557,6.89791107,-47.8756104
13.7476828,25.7357864,6.65193939,-48.1472168
13.7576408,25.5016785,6.39962006,-48.322876
13.7675988,25.1634598,6.14581299,-48.4604797
13.7775568,25.1215591,6.13336182,-48.5741272
13.7875147,25.0440369,5.96379852,-48.4371643
13.7974728,25.1274033,6.04372406,-48.4060364
13.8074308,25.1223145,6.18489838,-48.5168457
13.8173887,25.1862793,6.24693298,-48.2666626
13.8273468,25.2238083,6.65697479,-48.0364075
13.8373047,25.2313843,6.66114807,-48.0258484
13.8472628,25.2252579,6.87397766,-48.0066833
13.8572208,25.5074234,7.08866119,-47.7923279
13.8671787,25.3918762,7.24220276,-47.4520874
13.8771368,25.6588745,7.57529449,-47.6557007
13.8870947,25.7552567,7.5512619,-47.4682312
13.8970528,25.5955887,7.54245758,-47.4012451
13.9070108,25.5862656,7.68688965,-47.4269714
13.9169687,25.4655838,7.80383301,-47.532074
13.9269268,25.3886566,7.91598511,-47.2693787
13.9368858,25.226944,8.10832214,-47.4512024
13.9468428,24.9755325,8.05152893,-47.314209
13.9568018,25.0254822,8.28285217,-47.4142761
13.9667587,24.8694305,8.34265137,-47.683075
13.9767168,24.7464676,8.23020935,-47.375061
13.9866758,24.7703323,8.27442932,-47.3739319
13.9966338,24.779335,8.44711304,-47.5275574
14.0065918,24.7728424,8.61982727,-47.5112
14.0165498,24.3785706,8.524086,-47.3655701
14.0265077,24.2863693,8.63317871,-47.3864136
14.0364658,24.2239304,8.72848511,-47.1838684
14.0464238,24.0251617,8.75323486,-47.4979553
14.0563818,23.7171402,8.82920074,-47.4130859
14.0663398,23.5857697,8.94359589,-47.4916077
14.0762977,23.4034653,9.0485611,-47.4034424
14.0862558,23.1445465,9.04016113,-47.4006653
14.0962138,22.9351501,8.90894318,-47.3649292
14.1061718,22.9843674,8.79676056,-47.444397
14.1161298,22.9798889,8.71754456,-47.1482544
14.126088,23.0585632,8.64225006,-47.266449
14.136046,23.1029129,8.44368744,-47.3240051
14.146004,23.1829376,8.39627838,-47.1998291
14.155962,23.2795944,8.11849976,-47.1026306
14.16592,23.2879562,8.04314423,-47.084137
14.175878,23.3529358,7.65979767,-46.6757812
14.185836,23.2656021,7.50450897,-46.7897949
14.195794,23.2656021,7.50450897,-46.7897949
14.205752,23.3217239,7.37923431,-46.8349915
14.21571,23.1954041,7.1493454,-46.9054871
14.225668,23.2335205,7.14189148,-46.7061157
14.235626,23.1237106,6.99601746,-46.7526855
14.245584,23.1760178,6.79033661,-46.6886597
14.255542,23.2564011,6.59524536,-46.4735718
14.2655,23.4220734,6.26087189,-46.6097107
14.275458,23.5301819,6.05144501,-46.6165771
14.285416,23.5027084,5.61375427,-46.4664917
14.295374,23.4976959,5.44743347,-46.5376282
14.305332,23.6446228,4.97637939,-46.6066895
14.31529,23.6965714,4.69501495,-46.4318848
14.325248,23.7879791,4.39778137,-46.3608704
14.335206,23.973465,3.93584442,-46.2420654
14.345164,24.0652771,3.58507538,-46.2217102
14.355122,24.2652817,3.32892609,-46.222168
14.36508,24.4087296,2.99027252,-46.1273499
14.375038,24.3203888,2.66611481,-46.1824646
14.384996,24.4151917,2.42343903,-45.8259583
14.394954,24.455513,2.06459045,-45.9315186
14.404912,24.6583023,1.86972046,-45.7477417
14.41487,24.5469284,1.75061798,-45.6998291
14.424828,24.6442642,1.60931396,-45.5713806
14.434786,24.727272,1.70124817,-45.4283142
14.444744,24.7860031,1.75848389,-45.3880005
14.454702,24.8776016,1.67113495,-45.5823669
14.46466,25.0315933,1.69325256,-45.4442444
14.474618,25.0768814,1.65267944,-45.3968811
14.484576,25.1380768,1.43956757,-45.3421936
14.494534,25.2691269,1.19860077,-45.1908264
14.504492,25.3764877,1.13059998,-45.4341736
14.51445,25.3940964,0.901321411,-45.2102661
14.524408,25.4221725,0.779914856,-45.0036926
14.534366,25.5297852,0.623832703,-44.9474182
14.544324,25.5297852,0.623832703,-44.9474182
14.554282,25.3559875,0.556159973,-45.2197571
14.56424,25.3666,0.53969574,-45.3030701
14.574198,25.4400635,0.557853699,-45.2280273
14.584156,25.4530182,0.390655518,-45.0787048
14.594114,25.444725,0.357910156,-45.0393677
14.604072,25.5895386,0.13709259,-44.9898987
14.61403,25.6212692,0.0358200073,-45.188385
14.623988,25.7514954,-0.251296997,-45.0402222
14.633946,25.7762222,-0.250572205,-45.0333862
14.643904,25.9494095,-0.416877747,-45.0553589
14.653862,25.8746643,-0.547607422,-44.9742432
14.66382,25.8021851,-0.492408752,-44.9806824
14.673778,25.6141586,-0.427200317,-45.01474
14.683736,25.5263901,-0.398429871,-45.0013428
14.693694,25.4271393,-0.361534119,-44.9341125
14.703652,25.3643265,-0.242431641,-45.2604065
14.71361,25.264122,0.0217285156,-45.071991
14.723568,25.1488647,0.10949707,-45.1333008
14.733526,25.1310577,0.0475997925,-45.2020264
14.743484,25.1794128,0.101516724,-45.0700378
14.753442,25.1336746,0.137001038,-44.967804
14.7634,25.1387558,0.143836975,-45.2416382
14.773358,25.0734253,0.275230408,-45.0348511
14.783316,25.1675186,0.21219635,-45.2263794
14.793274,25.049675,0.261489868,-45.1239014
14.803232,25.1238861,0.343994141,-45.1106567
14.81319,25.2432632,0.315490723,-45.172699
14.823148,25.1504822,0.415817261,-44.9668579
14.833106,25.3178787,0.611846924,-45.065979
14.843064,25.3573761,0.782028198,-45.0462952
14.853022,25.2682495,0.823997498,-45.1026306
14.86298,25.1185684,0.905883789,-45.1491699
14.872938,25.1654663,1.05027771,-45.0117493
14.882896,25.0742493,1.01246643,-45.026886
14.892854,24.9020462,1.05078888,-45.3006897
14.902812,24.9020462,1.05078888,-45.3006897
14.91277,25.00811,1.01031494,-45.2872314
14.922728,24.8602142,1.06555176,-45.5022278
14.932686,24.4465714,0.795013428,-45.6925659
14.942644,24.3597107,0.662734985,-45.7755127
14.952602,24.2898483,0.648643494,-45.946106
14.96256,24.2217026,0.658058167,-46.1063843
14.972518,24.0358658,0.474258423,-46.2138367
14.982476,24.0758667,0.451499939,-46.2488403
14.992434,23.7863541,0.298377991,-46.2164917
15.002392,23.7294617,0.152030945,-46.2045898
15.01235,23.6738129,0.0536499023,-46.4578857
15.022308,23.5344391,-0.166885376,-46.480896
15.032266,23.3447495,-0.0842819214,-46.4603271
15.042224,23.2877197,-0.0225830078,-46.7328796
15.052182,23.002182,-0.135009766,-46.7081604
15.06214,22.7857742,-0.214149475,-46.856842
15.072098,22.7109375,-0.131355286,-47.0877075
15.082056,22.624855,-0.103851318,-47.1637573
15.092014,22.4280243,-0.0648574829,-46.9285278
15.101972,22.4706497,0.0538787842,-47.1932983
15.11193,22.4418335,0.180023193,-47.3275452
15.121888,22.505661,0.383659363,-47.48349
15.1318456,22.5080185,0.292541504,-47.4555054
15.1418036,22.4067154,0.164680481,-47.3802185
15.1517616,22.446579,0.191070557,-47.3836975
15.1617196,22.3801422,0.205986023,-47.629425
15.1716776,22.2289047,0.124038696,-47.6908875
15.1816356,22.177536,0.0956268311,-47.8924255
15.1915936,22.0913925,0.123313904,-47.9263
15.2015516,22.0193176,0.176673889,-47.8850403
15.2115096,21.9553223,0.563201904,-48.0126648
15.2214676,21.8608627,0.831809998,-48.2771912
15.2314256,21.9005127,1.23246002,-47.9225769
15.2413836,22.0715637,1.48842621,-47.9111023
15.2513416,21.9271393,1.67564392,-47.8161011
15.2612996,21.9271393,1.67564392,-47.8161011
15.2712576,22.2232819,2.13209534,-47.9077759
15.2812156,22.4334335,2.23892975,-47.8284302
15.2911736,22.5122604,2.40789795,-47.7998047
15.3011316,22.767189,2.3972702,-47.774292
15.3110896,22.9334641,2.40122986,-47.9037476
15.3210476,23.2156448,2.48114777,-47.5700989
15.3310056,23.3883591,2.31271362,-47.4133301
15.3409636,23.4977264,2.05091095,-47.5441589
15.3509216,23.6013107,1.96945953,-47.4388733
15.3608796,23.8823853,1.7141037,-47.3806152
15.3708376,23.8703766,1.54187775,-47.4393311
15.3807956,24.0730438,1.19993591,-47.4662476
15.3907536,24.085434,1.06749725,-47.5631714
15.4007116,24.4325714,0.9764328,-47.5881348
15.4106696,24.4678497,1.03765106,-47.5965271
15.4206276,24.4983368,1.15032959,-47.3371277
15.4305856,24.4955063,1.2633667,-47.4167175
15.4405436,24.6115036,1.44128418,-47.3786316
15.4505026,24.4117584,1.69232178,-47.3471375
15.4604596,24.6478958,1.89147949,-47.7049255
15.4704176,24.6640472,1.99350739,-47.5994873
15.4803756,24.6842728,2.2947464,-47.6565247
15.4903336,24.7230759,2.54976654,-47.8535156
15.5002916,24.7498932,2.61019897,-47.649353
15.5102506,24.7653275,2.69153595,-47.8781128
15.5202076,24.9434814,2.83347321,-47.8199158
15.5301666,25.0693741,2.96020508,-47.5785522
15.5401246,25.0937576,2.93047333,-47.5551147
15.5500826,25.1095123,2.9884491,-47.1573792
15.5600406,25.3795395,3.06222534,-47.2128296
15.5699986,25.4395523,3.09599304,-47.2727051
15.5799566,25.659584,3.16118622,-47.2677307
15.5899146,25.7703018,3.17325592,-47.2744751
15.5998726,25.8053818,3.03926086,-47.1446533
15.6098306,25.8053818,3.03926086,-47.1446533
15.6197886,25.8194122,3.0160675,-47.1289368
15.6297466,25.8392258,3.13609314,-47.1903381
15.6397046,25.90728,2.91506958,-47.0235596
15.6496626,25.7717743,3.14894104,-47.2605896
15.6596206,25.7631073,3.14559174,-47.3778381
15.6695786,25.7214966,3.37684631,-47.5075073
15.6795366,25.5069504,3.46070862,-47.6986084
15.6894946,25.6015778,3.73291779,-47.6557617
15.6994526,25.447998,3.97214508,-47.6759338
15.7094106,25.2081223,3.93652344,-47.6412964
15.7193686,25.2463684,4.1701889,-47.61203
15.7293266,25.2618484,4.23949432,-47.6655273
15.7392846,25.2908249,4.34254456,-47.3804321
15.7492426,25.3186646,4.29400635,-47.4587097
15.7592006,25.6072845,4.28748322,-47.6092529
15.7691586,25.7162247,4.19335175,-47.6501465
15.7791166,26.1103516,4.04272461,-47.3524475
15.7890746,26.2332458,3.78524017,-47.2164307
15.7990326,26.510643,3.79891968,-46.921875
15.8089906,26.6539841,3.51187897,-46.9997253
15.8189486,26.9866028,3.39807129,-47.173584
15.8289066,26.9517746,3.25128174,-47.2883911
15.8388646,27.1438828,2.8194046,-47.0207825
15.8488226,27.1013412,2.64457703,-47.2128906
15.8587806,27.2581482,2.39665985,-46.9801941
15.8687386,27.0290604,2.03868103,-47.021637
15.8786966,27.1289291,1.80288696,-47.0026855
15.8886546,27.2832947,1.5056839,-47.069397
15.8986126,27.3654404,1.28009033,-47.0976562
15.9085706,27.4309998,0.976478577,-47.3737793
15.9185286,27.361496,0.671844482,-47.25177
15.9284866,27.3423615,0.367591858,-47.2484741
15.9384446,27.4379425,0.0650100708,-47.1987915
15.9484026,27.5339203,-0.128990173,-47.0457153
15.9583606,27.5801926,-0.366340637,-46.9955444
15.9683186,27.5801926,-0.366340637,-46.9955444
15.9782766,27.7077408,-0.497894287,-46.9657593
15.9882346,27.7685013,-0.523666382,-47.1269531
15.9981926,27.7614746,-0.51512146,-47.1937256
16.0081506,28.0582275,-0.570800781,-47.037262
16.0181086,28.2046432,-0.531021118,-47.1107483
16.0280666,28.3244324,-0.415893555,-46.9277649
16.0380246,28.4258347,-0.464706421,-47.0052795
16.0479826,28.4359436,-0.613807678,-46.8631897
16.0579406,28.6522064,-0.817420959,-46.8213196
16.0678986,28.7741241,-1.02740479,-46.9378967
16.0778566,28.7565842,-1.2793808,-46.8831482
16.0878146,28.820282,-1.54555511,-46.7328186
16.0977726,28.7015305,-1.69685364,-46.9629517
16.1077306,28.4922791,-1.8323822,-47.1840515
16.1176886,28.2542419,-1.9931488,-47.2470093
16.1276466,28.0559464,-1.99853516,-47.3428955
16.1376046,27.9882126,-2.04540253,-47.3088989
16.1475626,28.1094437,-2.05709076,-47.4918213
16.1575206,28.0488205,-2.19420624,-47.5272217
16.1674786,28.0001144,-2.52068329,-47.5690918
16.1774366,28.1088257,-2.724823,-47.3118286
16.1873946,28.285614,-2.65322876,-47.4492493
16.1973526,28.546814,-2.76280975,-47.1697083
16.2073106,28.7164841,-2.80867004,-47.1542358
16.2172686,28.9485397,-2.90561676,-46.8783569
16.2272266,28.8264694,-3.08935547,-47.1090393
16.2371846,28.8455429,-3.19047546,-46.8816833
16.2471426,28.7890778,-3.08771515,-46.9522705
16.2571006,28.8244629,-2.9574585,-46.9409485
16.2670586,28.7549973,-3.06809998,-46.8912659
16.2770166,28.8373718,-2.86432648,-47.0903625
16.2869746,28.7133179,-2.93576813,-47.0501404
16.2969326,28.5750427,-3.08966064,-47.1790771
16.3068906,28.3903503,-3.09871674,-47.160675
16.3168486,28.3712311,-3.04023743,-47.2961121
16.3268066,28.3712311,-3.04023743,-47.2961121
16.3367646,28.4109039,-2.80170441,-47.3805237
16.3467226,28.345871,-2.66496277,-47.3345642
16.3566806,28.3611832,-2.68242645,-47.3080139
16.3666386,28.3102264,-2.5190506,-47.5097046
16.3765966,28.4266281,-2.24311829,-47.2646484
16.3865546,28.3994446,-2.20212555,-47.4550476
16.3965126,28.4261169,-1.86302948,-47.4736938
16.4064706,28.2991333,-1.76620483,-47.3614197
16.4164286,28.3021545,-1.66075897,-47.3691711
16.4263866,28.4309998,-1.33486938,-47.3770752
16.4363446,28.3541565,-1.2158432,-47.5345459
16.4463026,28.3639832,-1.30142975,-47.6713257
16.4562606,28.2023087,-1.24463654,-47.6528015
16.4662186,28.0219193,-1.20379639,-47.7325134
16.4761766,27.893959,-1.11083221,-47.6962585
16.4861346,27.8734055,-1.09655762,-47.9134521
16.4960926,27.931839,-0.833198547,-47.9336548
16.5060506,27.8623428,-0.598747253,-48.038208
16.5160086,27.6415024,-0.527633667,-48.2200012
16.5259666,27.5136108,-0.257911682,-48.2011414
16.5359246,27.4089661,-0.129470825,-48.1809692
16.5458826,27.259758,-0.0148773193,-48.2670593
16.5558406,27.1292114,-0.103363037,-48.3139648
16.5657986,27.0521164,-0.054397583,-48.2293701
16.5757566,26.9178543,0.0914306641,-48.3078613
16.5857146,26.8766174,0.150253296,-48.4855957
16.5956726,27.1067352,0.244995117,-48.2813721
16.6056306,27.0364914,0.3489151,-48.4889832
16.6155886,26.9978333,0.495597839,-48.5419617
16.6255466,26.8525848,0.493652344,-48.5969543
16.6355046,26.7391815,0.592178345,-48.5785217
16.6454626,26.6781616,0.778450012,-48.8582458
16.6554206,26.5108185,0.918914795,-48.987793
16.6653786,26.1383133,0.815353394,-48.8493652
16.6753366,26.1383133,0.815353394,-48.8493652
16.6852946,25.9377594,0.788536072,-48.9840088
16.6952526,25.8147125,0.745666504,-49.2032776
16.7052106,25.5572052,0.663284302,-49.2193604
16.7151686,25.4434204,0.768844604,-49.1227722
16.7251266,25.2552948,0.762680054,-49.1867981
16.7350846,25.118309,0.84072876,-49.1966553
16.7450426,24.920639,0.87612915,-49.4461365
16.7550006,24.7511673,1.17589569,-49.6398926
16.7649586,24.5599365,1.55309296,-49.8890076
16.7749166,24.1715698,1.97574615,-50.026886
16.7848746,24.0172272,2.53990173,-50.2267151
16.7948326,23.7657547,3.12351227,-50.1169128
16.8047906,23.6324463,3.76657104,-50.289856
16.8147486,23.5466537,4.38028717,-50.3471375
16.8247066,23.4843369,4.78101349,-50.3088379
16.8346646,23.5355301,5.14136505,-50.4891357
16.8446226,23.6019897,5.27115631,-50.3595276
16.8545806,23.7676849,5.2254715,-50.1012573
16.8645386,24.0116806,5.11613464,-49.9255371
16.8744966,24.1905212,5.10444641,-49.7990112
16.8844546,24.3891373,5.07288361,-49.7824707
16.8944126,24.513588,5.12257385,-49.6049194
16.9043706,24.6406403,5.18203735,-49.513855
16.9143286,24.71978,5.04059601,-49.3482361
16.9242866,24.6525345,5.08560181,-49.4289856
16.9342446,24.5034027,5.11180878,-49.4299316
16.9442026,24.6359787,4.94991302,-49.4366455
16.9541606,24.5803223,5.14373016,-49.5231628
16.9641186,24.6316147,5.29331207,-49.3314514
16.9740766,24.4757156,5.35124207,-49.3044128
16.9840346,24.5164795,5.3406601,-49.256897
16.9939926,24.6191864,5.54206848,-49.2987671
17.0039506,24.6771927,5.78282928,-49.3270569
17.0139086,24.6931763,5.92147064,-49.0395203
17.0238666,24.730545,6.1701355,-49.0935669
17.0338246,24.730545,6.1701355,-49.0935669
17.0437826,24.9216156,6.35551453,-48.9569092
17.0537406,24.8778381,6.57962799,-49.100708
17.0636986,24.7937546,6.7793808,-49.2622681
17.0736566,24.7340622,6.91666412,-49.0281982
17.0836146,24.8700562,7.15029907,-48.8916016
17.0935726,24.7865219,7.27133179,-49.0696716
17.1035306,24.7516785,7.39138794,-48.9928284
17.1134886,24.672699,7.33261108,-49.1300049
17.1234466,24.9114609,7.53127289,-49.1442261
17.1334049,24.8293839,7.66046143,-49.116272
17.1433629,24.8103027,7.62380981,-48.9784241
17.1533209,24.687645,7.72419739,-49.0018616
17.1632789,24.7252579,7.64195251,-48.743866
17.1732369,24.7512894,7.68544006,-49.0323486
17.1831949,24.6602478,7.80840302,-48.8932495
17.1931529,24.7996063,7.76291656,-49.1381836
17.2031109,24.7747269,7.70917511,-49.3826294
17.2130689,24.8731461,7.91349792,-49.013916
17.2230269,24.9240723,7.94128418,-49.0480042
17.2329849,25.0125275,8.05269623,-49.0090027
17.2429429,25.0441666,7.96453094,-49.0228577
17.2529009,25.1406097,7.81704712,-49.0171509
17.2628589,25.227951,7.64759064,-48.9894104
17.2728169,25.4209518,7.55503082,-48.9052124
17.2827749,25.5963287,7.56537628,-48.9854736
17.2927329,25.6205444,7.41505432,-49.0508728
17.3026909,25.6148071,7.30060577,-48.8414917
17.3126489,25.548233,7.32688141,-48.7864685
17.3226069,25.7425766,7.33730316,-48.6589661
17.3325649,25.7872314,7.35892487,-48.5551453
17.3425229,25.6800003,7.30736542,-48.5957336
17.3524809,25.8229446,7.35018158,-48.5068665
17.3624389,26.0316391,7.33473206,-48.7184753
17.3723969,25.8902664,7.20173645,-48.7034607
17.3823549,25.8902664,7.20173645,-48.7034607
17.3923129,25.9413452,7.06425476,-48.6829834
17.4022709,25.9611664,6.8293457,-48.7603455
17.4122289,26.0995026,6.72564697,-49.006897
17.4221869,26.0959396,6.63845825,-48.5370178
17.4321449,26.2002945,6.42513275,-48.6313171
17.4421029,26.2183914,6.49610901,-48.6733398
17.4520609,26.3660278,6.42774963,-48.7543945
17.4620189,26.3390045,6.2746582,-48.6803894
17.4719769,26.3259583,6.25347137,-48.8063965
17.4819349,26.5036392,6.11473083,-48.7116394
17.4918929,26.460495,5.8372345,-48.5614929
17.5018509,26.6009216,5.64694977,-48.4827576
17.5118089,26.7631531,5.436409,-48.5419922
17.5217669,27.0305405,5.38794708,-48.3668823
17.5317249,27.0415726,5.38275909,-48.4103394
17.5416829,27.1610641,5.3487854,-48.3929443
17.5516409,26.9792862,5.31619263,-48.4885559
17.5615989,26.9576645,5.42181396,-48.5915222
17.5715569,26.948555,5.44259644,-48.4566345
17.5815149,26.9492722,5.50323486,-48.3394775
17.5914729,26.8863831,5.32819366,-48.3573914
17.6014309,27.1158066,5.28896332,-48.4085693
17.6113889,27.1755905,5.25086975,-48.546051
17.6213469,27.3606949,5.09037018,-48.5954895
17.6313049,27.395134,4.91925812,-48.5069275
17.6412629,27.3444214,4.7618103,-48.5398865
17.6512209,27.2777634,4.90986633,-48.6302185
17.6611789,27.2648392,4.91004944,-48.691803
17.6711369,27.0725098,4.86284637,-49.0418701
17.6810949,27.0592651,4.82553864,-48.9971313
17.6910529,27.1082077,4.73700714,-49.0509338
17.7010109,27.0092545,4.70223236,-48.9782715
17.7109689,26.9313812,4.52362061,-49.3146057
17.7209269,26.8113403,4.32739258,-49.4286194
17.7308849,26.6176453,4.20049286,-49.5678406
17.7408429,26.6176453,4.20049286,-49.5678406
17.7508009,26.6791306,3.99028778,-49.3138123
17.7607589,26.8100815,4.03842926,-49.2942505
17.7707169,26.8811111,3.91043091,-49.5092773
17.7806749,26.8721695,3.79574585,-49.3535767
17.7906329,26.9099274,3.62379456,-49.3859863
17.8005909,26.9854202,3.74793243,-49.326416
17.8105489,27.0232239,3.54078674,-49.4064636
17.8205069,26.9336548,3.61102295,-49.2636719
17.8304649,27.0991058,3.53288269,-49.39505
17.8404229,27.1172791,3.75301361,-49.3699036
17.8503809,27.0244522,3.78206635,-49.6746216
17.8603389,26.9485016,3.90039825,-49.6933289
17.8702969,26.9518356,3.87882996,-49.8049011
17.8802549,26.7811432,3.88346863,-49.5585022
17.8902129,26.7658081,3.87664795,-49.8313904
17.9001709,26.6657486,3.7881546,-49.7945251
17.9101289,26.599556,3.72615814,-50.0203552
17.9200869,26.6815262,3.77413177,-49.9023132
17.9300449,26.7296829,3.68659973,-49.7515869
17.9400029,26.7165451,3.64583588,-49.833374
17.9499609,26.8364182,3.51022339,-50.0887146
17.9599189,26.9845123,3.56809998,-49.808075
17.9698769,27.166687,3.56559753,-50.0592041
17.9798349,27.2539597,3.49933624,-49.8923035
17.9897929,27.3802719,3.51900482,-49.6955261
17.9997509,27.4074249,3.61219025,-49.7914429
18.0097089,27.5562744,3.82338715,-49.9784241
18.0196669,27.4723969,3.82342529,-49.9121094
18.0296249,27.2815933,3.89297485,-50.0307007
18.0395829,27.261528,4.00636292,-50.1070557
18.0495409,27.1742935,4.18013763,-50.3707275
18.0594989,26.9560471,4.33792114,-50.2809448
18.0694569,26.8852081,4.54206085,-50.506134
18.0794149,26.5839996,4.48781586,-50.8167419
18.0893729,26.5520477,4.46640778,-50.6760864
18.0993309,26.5520477,4.46640778,-50.6760864
18.1092889,26.4597549,4.42618561,-50.8608398
18.1192469,26.4978027,4.30066681,-50.9946289
18.1292052,26.2910461,4.06224823,-51.2268677
18.1391632,26.314949,4.07016754,-51.3672791
18.1491212,26.3320236,3.82113647,-51.4666443
18.1590792,26.4514923,3.98023987,-51.6832275
18.1690372,26.3970871,3.87654114,-51.7644958
18.1789952,26.1782303,3.83633423,-51.8416138
18.1889532,26.0963364,3.62358093,-51.8219299
18.1989112,26.1169128,3.68028259,-51.9630127
18.2088682,26.1284637,3.48356628,-51.8956299
18.2188262,25.8123779,3.31343079,-52.3215332
18.2287852,25.7404633,2.86908722,-52.403717
18.2387422,25.6815491,2.64134979,-52.2484436
18.2487002,25.7966995,2.46000671,-52.3728333
18.2586582,26.0300369,2.45645142,-52.3396301
18.2686172,25.9398956,2.42280579,-52.4155579
18.2785742,26.0750809,2.72663116,-52.396637
18.2885322,26.0942764,2.78912354,-52.8363647
18.2984902,26.1715927,3.13077545,-52.4611816
18.3084482,26.2119446,3.25902557,-52.5415955
18.3184062,26.502121,3.44319153,-52.3699951
18.3283642,26.5747375,3.6894455,-52.1708984
18.3383222,26.7969437,3.7624588,-51.9867249
18.3482802,27.1054459,3.82539368,-51.8329163
18.3582382,27.2367249,3.91613007,-52.0745544
18.3681962,27.5705338,4.02490997,-51.9707947
18.3781542,28.0333099,3.96669006,-51.8892822
18.3881122,28.3154907,3.91770172,-51.8474426
18.3980702,28.5371094,3.73058319,-51.7687988
18.4080282,28.8098221,3.56685638,-51.5827637
18.4179862,29.0414886,3.52423859,-51.6510315
18.4279442,29.1110382,3.55896759,-51.6630249
18.4379022,29.0894699,3.51760101,-51.6626282
18.4478602,29.0894699,3.51760101,-51.6626282
18.4578182,29.0522766,3.54164124,-51.5911255
18.4677762,29.0285797,3.68622589,-51.7979736
18.4777342,28.9545593,3.89313507,-51.7328796
18.4876922,28.6464005,3.96818542,-52.0205383
18.4976502,28.5845413,4.1917572,-52.4649353
18.5076082,28.5122604,4.2949295,-52.5758667
18.5175662,28.6359024,4.3963089,-52.2862549
18.5275242,28.6795578,4.60416412,-52.2557678
18.5374822,28.9532852,4.88909912,-52.341156
18.5474402,29.0991364,5.18990326,-52.0411377
18.5573982,29.1227036,5.41001892,-51.9489746
18.5673562,29.3929138,5.75118256,-51.8243408
18.5773142,29.4420395,6.04447174,-51.8335266
18.5872722,29.5731659,6.41526031,-51.625824
18.5972302,29.683754,6.79122162,-51.6869812
18.6071882,29.5178375,6.81591797,-51.8182983
18.6171462,29.5834732,6.99777985,-51.7721252
18.6271042,29.6862946,6.99679565,-51.935791
18.6370622,29.8762436,6.87712097,-51.7079163
18.6470202,30.0053711,6.54569244,-51.6042786
18.6569782,30.0287552,6.41434479,-51.6367188
18.6669362,30.1124725,6.44213104,-51.7302246
18.6768942,30.3394852,6.47894287,-51.4415283
18.6868522,30.3709106,6.52445984,-51.5733948
18.6968102,30.5584564,6.70890808,-51.5017395
18.7067682,30.5614548,6.68848419,-51.6494446
18.7167262,30.5031586,6.91683197,-51.7639771
18.7266842,30.5232468,6.88293457,-51.960083
18.7366422,30.5859833,7.05783844,-51.8097839
18.7466002,30.5597382,7.08950043,-51.692688
18.7565582,30.7585297,7.16351318,-51.6669617
18.7665162,30.5651016,7.04652405,-51.6036377
18.7764742,30.6193085,6.93360138,-51.6179199
18.7864322,30.5735626,7.04605103,-51.8520813
18.7963902,30.5830688,6.88760376,-51.877533
18.8063482,30.5830688,6.88760376,-51.877533
18.8163062,30.658165,6.74271393,-51.5870361
18.8262642,30.6505661,6.65055847,-51.7141724
18.8362222,30.7726974,6.70140839,-51.667511
18.8461802,30.9390717,6.52533722,-51.5025635
18.8561382,31.1306076,6.65887451,-51.6773376
18.8660962,31.1116791,6.44583893,-51.7793579
18.8760542,31.1099243,6.39925385,-51.4887695
18.8860122,31.1325989,6.21437836,-51.652771
18.8959702,31.0887833,5.96404266,-51.6726074
18.9059282,31.2223816,5.86186218,-51.7247925
18.9158862,31.2532501,5.62820435,-51.617218
18.9258442,31.1976089,5.43036652,-51.7488708
18.9358022,31.0553894,5.17942047,-51.7457275
18.9457602,30.9122925,4.95488739,-51.6388855
18.9557182,30.8295898,4.77735901,-51.864502
18.9656762,30.6229858,4.49443054,-51.9855957
18.9756342,30.4738998,4.33505249,-52.0511475
18.9855922,30.2793961,3.9502182,-52.1043396
18.9955502,30.2133102,3.73703003,-52.3026733
19.0055082,30.1802139,3.42308044,-52.3298035
19.0154662,29.9937439,3.22285461,-52.1712036
19.0254242,29.964447,3.13985443,-52.1000061
19.0353822,29.9546204,3.06509399,-52.1853027
19.0453402,29.852951,2.79273224,-52.1465149
19.0552982,29.692009,2.92966461,-52.3392334
19.0652562,29.7000504,3.10274506,-52.3256226
19.0752142,29.7299194,3.34681702,-51.9906006
19.0851722,29.5939255,3.34680939,-52.1116028
19.0951302,29.7911911,3.45842743,-51.9910583
19.1050882,29.8441925,3.44590759,-51.8348694
19.1150462,30.0316391,3.40311432,-51.4454041
19.1250042,30.1296921,3.15425873,-51.4346924
19.1349622,30.3014603,3.28797913,-51.50354
19.1449202,30.1266479,2.96186066,-51.4727478
19.1548782,30.1266479,2.96186066,-51.4727478
19.1648362,30.2838821,3.09906006,-51.2095642
19.1747942,30.1744308,2.9158783,-51.3226013
19.1847522,29.9093704,2.96326447,-51.4332275
19.1947102,29.6332245,3.09444427,-51.8413086
19.2046682,29.3579865,3.1138916,-51.8058167
19.2146262,29.110611,3.20726776,-52.0835266
19.2245842,28.8947601,3.29299927,-52.0463562
19.2345422,28.630661,3.33400726,-51.9831543
19.2445002,28.4127884,3.23754883,-52.1318359
19.2544582,28.4607697,3.20410156,-52.2481689
19.2644162,28.3655167,3.11188507,-52.2809143
19.2743742,28.3826523,3.2485733,-52.0992432
19.2843322,28.4363174,3.12059784,-52.0263062
19.2942902,28.4692535,3.25922394,-52.1593018
19.3042482,28.4624557,3.1425705,-51.9193115
19.3142062,28.7850418,3.20468903,-51.8026123
19.3241642,28.7215195,3.1767807,-51.6864624
19.3341222,28.8500137,3.22563171,-51.8293762
19.3440802,28.8490829,3.36000824,-51.6192322
19.3540382,28.7782211,3.58417511,-51.6170349
19.3639962,28.8086395,3.65696716,-51.5057983
19.3739542,28.7766037,3.93572998,-51.6412659
19.3839122,28.7742081,4.16210938,-51.3319397
19.3938702,28.8403931,4.52387238,-51.4382629
19.4038282,28.7887497,4.77899933,-51.6775818
19.4137862,28.7539673,4.94864655,-51.5760498
19.4237442,28.5543976,5.10997772,-51.4351807
19.4337022,28.514267,5.31209564,-51.5611877
19.4436602,28.4122925,5.52964783,-51.5240173
19.4536182,28.3309326,5.66322327,-51.4538879
19.4635752,28.2213593,5.5140152,-51.5704956
19.4735332,28.2448044,5.57571411,-51.3982544
19.4834912,28.2909317,5.59593964,-51.4585266
19.4934492,28.216095,5.50786591,-51.2946167
19.5034072,28.0555191,5.65540314,-51.7920227
19.5133652,28.0555191,5.65540314,-51.7920227
19.5233232,28.123764,5.80391693,-51.8840027
19.5332812,27.9873505,5.95287323,-51.8199158
19.5432392,28.1993256,6.01958466,-51.5653687
19.5531972,28.0738373,6.0010376,-51.640625
19.5631552,28.1741028,6.01271057,-51.2559204
19.5731132,28.1132507,6.18533325,-51.6053772
19.5830712,28.0611191,6.23547363,-51.5479736
19.5930292,27.9780731,6.09315491,-51.5256958
19.6029872,27.9606934,6.14916229,-51.7168274
19.6129452,27.6425705,6.0348053,-51.7307434
19.6229032,27.4904099,6.19085693,-51.8215942
19.6328612,27.1843643,6.11444855,-51.8406677
19.6428192,26.7521591,6.14009094,-52.1331482
19.6527772,26.579483,6.299263,-52.0991211
19.6627352,26.3195419,6.33358002,-52.507019
19.6726932,26.1409454,6.33023834,-52.5145569
19.6826512,25.9781036,6.26382446,-52.8756714
19.6926092,25.9680252,6.31348419,-52.8426514
19.7025672,25.8021545,6.11476898,-52.6994934
19.7125252,25.8204803,5.9538269,-52.8659973
19.7224832,25.7295151,5.88598633,-52.7529602
19.7324412,25.8375092,5.87398529,-52.8041382
19.7423992,25.7707596,6.01426697,-52.8463745
19.7523572,25.8299026,6.40264893,-52.9795227
19.7623152,25.6760406,6.69120026,-53.0516663
19.7722732,25.3115616,7.25653076,-53.1852417
19.7822312,25.0679245,7.80210876,-53.1598816
19.7921892,24.8674088,8.26325989,-53.1950378
19.8021472,24.999115,8.70256805,-53.3310852
19.8121052,24.7221298,8.93241882,-53.059967
19.8220632,24.7293167,9.04751587,-52.6581726
19.8320212,24.7541656,9.20042419,-52.7877502
19.8419792,24.9818649,9.20886993,-52.7584229
19.8519372,25.1779404,9.42713928,-52.6738281
19.8618952,25.3329315,9.36624908,-52.7683411
19.8718532,25.3329315,9.36624908,-52.7683411
19.8818112,25.7573624,9.44578552,-52.3546143
19.8917692,25.7977066,9.64208221,-52.2758789
19.9017272,26.0301056,9.72307587,-52.0780029
19.9116852,25.8710098,9.75829315,-52.37854
19.9216432,25.8985596,10.0205688,-52.2024536
19.9316012,25.6676788,9.98107147,-52.355011
19.9415592,25.4332733,10.1914215,-52.3647156
19.9515172,25.1192551,10.2281036,-52.5548401
19.9614752,24.8995438,10.5539932,-52.8016052
19.9714332,24.6602783,10.5830154,-53.0353394
19.9813912,24.5474777,10.7484589,-53.1092529
19.9913492,24.3228836,10.8398972,-53.026825
20.0013072,24.2825928,11.0847015,-53.0434265
20.0112652,24.3037567,11.144043,-53.3153992
20.0212232,24.4998856,11.4397583,-53.2183838
20.0311812,24.6891251,11.6972504,-53.0033875
20.0411392,24.6772461,11.9494019,-53.112793
20.0510972,24.7948914,12.1740494,-53.0505676
20.0610552,24.8680115,12.4625397,-52.8591614
20.0710132,25.0926132,12.6419067,-52.7818604
20.0809712,25.2440414,12.7376862,-52.831665
20.0909292,25.2361526,12.8746033,-52.533844
20.1008872,25.1910553,12.9221344,-52.505249
20.1108452,24.9995804,12.8754501,-52.6105652
20.1208032,24.9441452,12.7506027,-52.6210022
20.1307614,24.9796906,12.9740067,-52.6071472
20.1407194,25.0518723,13.1997147,-52.7581482
20.1506774,25.0693893,13.4351654,-52.7545776
20.1606354,25.0641174,13.6024017,-52.7129517
20.1705934,24.9428024,13.8009491,-52.5879517
20.1805514,24.8619156,13.9845963,-52.532135
20.1905094,24.7544937,14.137291,-52.5934753
20.2004674,24.7184525,14.3316727,-52.7276611
20.2104254,24.6804657,14.461319,-52.6072083
20.2203834,24.6804657,14.461319,-52.6072083
20.2303414,24.6732635,14.2916718,-52.481781
20.2402994,24.6940002,14.2582092,-52.4341431
20.2502574,24.9500732,14.3886261,-52.6113586
20.2602144,24.996109,14.2650757,-52.6355896
20.2701724,24.9762878,14.3169861,-52.9049072
20.2801304,25.0158768,14.2833405,-52.8971863
20.2900884,25.1655655,14.2077179,-52.730957
20.3000464,25.4026642,14.200264,-52.73703
20.3100044,25.4371643,14.1236877,-53.0470276
20.3199624,25.5474854,14.1884766,-52.8028259
20.3299204,25.6399612,13.9333191,-52.7151794
20.3398784,25.9666214,13.8558197,-52.7507629
20.3498364,25.9118652,13.5536346,-52.9539795
20.3597944,26.0375366,13.5277939,-52.8502502
20.3697524,26.0220184,13.2001266,-53.1107788
20.3797104,26.0475311,12.9310837,-53.3048401
20.3896684,25.8291321,12.4664764,-53.397583
20.3996264,26.020546,12.3834763,-53.4128113
20.4095844,25.8372879,11.936348,-53.6273804
20.4195424,25.8894424,11.7027435,-53.5328674
20.4295004,25.7115173,11.1194687,-53.8540344
20.4394584,25.7039337,10.7602539,-53.9329834
20.4494164,25.7327271,10.3343124,-53.9850464
20.4593744,25.5982666,9.96679688,-54.1902161
20.4693324,25.6680832,9.70835114,-54.4663391
20.4792904,25.5921783,9.5450592,-54.671814
20.4892484,25.6977386,9.70798492,-54.4562378
20.4992064,25.5359879,9.69087982,-54.561554
20.5091644,25.7557297,9.94769287,-54.517395
20.5191224,25.6701584,10.3014069,-54.5474243
20.5290804,25.7206879,10.4910431,-54.4656372
20.5390384,25.8688889,10.3559952,-54.6018372
20.5489964,26.0323486,10.1973724,-54.6539917
20.5589544,26.0381699,9.8302002,-54.7227478
20.5689124,26.1906357,9.46170044,-54.7657776
20.5788704,26.1906357,9.46170044,-54.7657776
20.5888284,26.2950363,9.17569733,-54.6443481
20.5987864,26.2549667,9.04611206,-54.8251343
20.6087444,26.1958847,8.7639389,-54.8600769
20.6187024,26.2064209,8.73434448,-54.9725342
20.6286604,26.0271454,8.38738251,-55.1109009
20.6386184,25.9599991,8.34539795,-55.2485046
20.6485764,25.6587524,8.16661835,-55.2755432
20.6585344,25.5596695,7.7979126,-55.3615723
20.6684924,25.6426392,7.62590027,-55.5111389
20.6784504,25.4832764,7.36251068,-55.5793152
20.6884084,25.4076538,7.16700745,-55.7090759
20.6983664,25.3858032,6.93547821,-55.7254028
20.7083244,25.3893433,6.64499664,-55.9756165
20.7182824,25.407074,6.63918304,-55.9830933
20.7282404,25.2581787,6.53533173,-55.8877869
20.7381984,25.3411713,6.62613678,-55.8141785
20.7481564,25.287529,6.50626373,-56.0112915
20.7581144,25.4012909,6.69455719,-55.7329102
20.7680724,25.2561264,6.4437027,-55.9735107
20.7780304,25.561203,6.63121033,-55.8036499
20.7879884,25.5762558,6.39589691,-55.9078674
20.7979464,25.7666245,6.5397644,-55.8426208
20.8079044,25.8834763,6.42214203,-55.9632263
20.8178624,26.0525131,6.65439606,-55.954895
20.8278204,26.0063019,6.60625458,-55.9782715
20.8377784,26.006073,6.86082458,-55.828949
20.8477364,25.8562622,6.91575623,-55.8883362
20.8576944,25.820076,7.03431702,-55.931427
20.8676524,25.7889633,7.05154419,-55.8097229
20.8776104,25.5747528,6.97486877,-55.9039001
20.8875674,25.6119003,7.14594269,-55.8857117
20.8975264,25.4317932,7.0424118,-55.9589539
20.9074834,25.2875748,7.01422882,-56.2506409
20.9174414,25.5341721,7.17713165,-56.1584167
20.9273994,25.5341721,7.17713165,-56.1584167
20.9373574,25.4688416,7.1190567,-56.0538025
20.9473154,25.566658,7.08167267,-55.9429932
20.9572734,25.80159,7.02254486,-55.9844971
20.9672314,25.8933945,7.04434967,-55.9447937
20.9771894,26.177063,7.35871124,-55.7595825
20.9871474,26.410347,7.45576477,-55.686615
20.9971054,26.4043808,7.70507812,-55.7477722
21.0070634,26.5335464,8.00310516,-55.5464172
21.0170214,26.5370636,8.2022171,-55.5250549
21.0269794,26.5937576,8.3528595,-55.5161743
21.0369374,26.5430908,8.40392303,-55.5790405
21.0468954,26.4630966,8.43480682,-55.7364807
21.0568534,26.3865356,8.5231781,-55.8067932
21.0668114,26.1043167,8.29447937,-55.6994324
21.0767694,25.9705658,8.20865631,-55.8589783
21.0867274,25.8259201,8.07345581,-56.1246948
21.0966854,25.7048035,7.97209167,-56.4374695
21.1066434,25.6369705,8.00205231,-56.4690552
21.1166014,25.7119904,8.2133255,-56.4932861
21.1265594,25.5833893,8.28505707,-56.7634277
21.1365166,25.6581879,8.53182983,-56.5579529
21.1464746,25.481926,8.668396,-56.6771851
21.1564326,25.4635849,9.01553345,-56.3824158
21.1663906,25.2154694,8.95799255,-56.753418
21.1763486,25.3230972,9.17379761,-56.5648804
21.1863066,25.183609,8.97616577,-56.774353
21.1962646,25.2379761,9.22318268,-56.6530762
21.2062226,25.0925369,9.1100769,-56.973114
21.2161806,25.0478821,9.29165649,-56.7830811
21.2261386,24.817482,9.12407684,-56.8831177
21.2360966,24.7143173,9.31175995,-57.0707092
21.2460546,24.780159,9.33052826,-56.9857178
21.2560126,24.4317932,9.50348663,-56.9602356
21.2659706,24.2332993,9.40155792,-56.9491882
21.2759286,24.3187485,9.55480194,-57.1982422
21.2858866,24.3187485,9.55480194,-57.1982422
21.2958446,24.0802841,9.62747192,-57.210083
21.3058026,23.7987823,9.5292511,-57.2399292
21.3157606,23.6957703,9.73823547,-57.275177
21.3257186,23.536438,9.55091858,-57.3780518
21.3356766,23.411377,9.5766449,-57.6317749
21.3456346,23.0287323,9.2325592,-57.8140869
21.3555926,22.8262711,9.30003357,-57.8919983
21.3655506,22.5277634,9.21142578,-58.0848694
21.3755086,22.1469727,9.45833588,-58.2507324
21.3854666,21.7377701,9.58769226,-58.2851868
21.3954246,21.1360779,9.87129211,-58.5044861
21.4053826,20.7312851,10.1635361,-58.7556152
21.4153406,20.3066025,10.6095352,-59.057251
21.4252976,19.9344406,11.0983887,-59.045105
21.4352556,19.6509933,11.4071655,-58.855072
21.4452136,19.4460602,11.6226807,-58.9564819
21.4551716,19.4552002,11.9310989,-58.7527466
21.4651296,19.4909668,11.8891373,-58.5996399
21.4750876,19.5968704,12.0828781,-58.6283264
21.4850456,19.7282333,12.0145416,-58.6774902
21.4950036,20.0431061,12.0913467,-58.6043701
21.5049616,20.4562454,12.0767822,-58.5003967
21.5149196,20.7052307,11.9474258,-58.3471069
21.5248776,20.755188,11.7878799,-58.4350586
21.5348356,20.8195877,11.8310776,-58.1645203
21.5447936,20.8503265,11.4495468,-58.486145
21.5547516,20.920517,11.5191269,-58.1564331
21.5647096,20.6920319,11.2281189,-58.5713806
21.5746676,20.540123,11.2466736,-58.3189087
21.5846256,20.4674835,10.9138489,-58.6619873
21.5945836,20.461647,11.1755447,-58.5904541
21.6045416,20.4687881,10.8770905,-58.7183838
21.6144996,20.5485382,10.9337082,-58.5032959
21.6244576,20.6646652,10.7726974,-58.5892334
21.6344156,20.8462677,10.8740387,-58.4519043
21.6443736,20.8462677,10.8740387,-58.4519043
21.6543316,21.0301132,10.569664,-58.3200684
21.6642896,21.4189148,10.7921524,-58.2463074
21.6742476,21.5066223,10.7849731,-58.1444702
21.6842056,21.7277145,10.8612671,-58.032074
21.6941636,21.8596191,10.8752747,-57.8948059
21.7041216,22.0824814,10.7388077,-57.8936157
21.7140796,22.343956,10.8336029,-57.7470703
21.7240376,22.230957,10.6707001,-57.8829651
21.7339956,22.3945007,10.7888565,-57.5738831
21.7439536,22.4316483,10.4633713,-57.65979
21.7539116,22.5813751,10.5615616,-57.5662231
21.7638696,22.6255493,10.2950134,-57.6985474
21.7738276,22.7095261,10.2176971,-57.5281372
21.7837856,22.8297272,10.0554733,-57.7224121
21.7937436,22.7654877,10.1532669,-57.7376709
21.8037016,22.8918762,10.0008545,-57.3258667
21.8136596,22.7288818,9.98178864,-57.4801025
21.8236176,22.6253204,9.93283081,-57.3911743
21.8335756,22.3544159,9.93468475,-57.4710693
21.8435336,22.204361,9.97550964,-57.3482971
21.8534916,21.9086685,9.89151764,-57.5809937
21.8634496,21.6846695,9.96173859,-57.5245056
21.8734076,21.5824585,9.83887482,-57.5816956
21.8833656,21.4030685,9.74009705,-57.4656677
21.8933226,21.4762115,9.70684052,-57.4937134
21.9032806,21.6785431,9.70451355,-57.4663086
21.9132386,21.8474808,9.68412781,-57.4506531
21.9231966,22.0198059,9.54025269,-57.4673462
21.9331546,22.4383163,9.45233917,-57.1452026
21.9431126,22.5884476,9.13352966,-57.113739
21.9530706,22.9997559,9.25318146,-57.0196533
21.9630286,23.0000839,8.81867218,-57.0116882
21.9729866,23.2943497,9.08846283,-56.872406
21.9829446,23.2148285,8.54295349,-57.2851257
21.9929026,23.2148285,8.54295349,-57.2851257
22.0028606,23.4234009,8.36312103,-56.8979492
22.0128186,23.3200073,7.90167236,-56.9168091
22.0227766,23.2947006,7.81576538,-56.9856873
22.0327346,23.0043793,7.43766022,-57.2059631
22.0426926,23.1418076,7.483078,-57.1167297
22.0526506,22.6645966,6.80908966,-57.3370667
22.0626086,22.5372162,6.8143158,-57.3309021
22.0725666,22.548027,6.59074402,-57.4150391
22.0825246,22.3613434,6.50141907,-57.5647583
22.0924826,22.5058212,6.31336212,-57.6264648
22.1024406,22.5303802,6.00749969,-57.5932922
22.1123986,22.7426376,6.09236908,-57.3859863
22.1223566,22.9325104,5.80253601,-57.1958618
22.1323143,23.2646027,5.74830627,-57.0687256
22.1422723,23.5080566,5.39020538,-56.9464111
22.1522302,23.744545,5.2989502,-56.8652954
22.1621883,23.6996231,4.9885025,-56.7254028
22.1721462,24.0233994,5.05493927,-56.6071777
22.1821043,24.1206589,4.90167236,-56.5314026
22.1920623,24.1626511,4.98111725,-56.5306702
22.2020202,24.1378403,4.87095642,-56.513092
22.2119783,24.0045242,4.9515152,-56.5401306
22.2219362,23.7176743,4.98799133,-56.6628723
22.2318943,23.584816,5.09228516,-56.887207
22.2418523,23.5168991,5.30610657,-56.9869385
22.2518102,23.5775909,5.19554138,-57.0381775
22.2617683,23.4939041,5.00922394,-56.9943542
22.2717263,23.6236725,4.7193985,-56.919281
22.2816843,23.785614,4.50880432,-56.7676392
22.2916423,23.9463882,4.31930542,-56.6157227
22.3015993,24.074501,4.05396271,-56.6954651
22.3115573,24.1929703,3.8536377,-56.8690796
22.3215152,24.4048691,3.63011169,-56.6719971
22.3314733,24.4408951,3.63575745,-56.7176819
22.3414312,24.4424973,3.45606232,-56.9137878
22.3513893,24.4424973,3.45606232,-56.9137878
22.3613473,24.4501953,3.52773285,-56.6685486
22.3713052,24.3542023,3.05484772,-56.6972656
22.3812633,24.2807007,3.30020905,-56.6064148
22.3912212,24.2370529,2.78865814,-56.6877747
22.4011793,24.2020569,2.80978394,-56.8810425
22.4111373,24.0040588,2.55266571,-57.1885986
22.4210952,23.9612045,2.85578918,-57.1318665
22.4310533,23.7263718,2.68186188,-57.2647705
22.4410112,23.7507019,3.05553436,-57.3371582
22.4509693,23.4736176,3.00955963,-57.3887634
22.4609273,23.559433,3.6528244,-57.2565613
22.4708852,23.3599472,3.74028015,-56.9606323
22.4808433,23.5489044,4.10917664,-57.1353455
22.4908013,23.38134,4.18621063,-57.4007874
22.5007593,23.6055298,4.22796631,-57.3338318
22.5107173,23.6152954,4.19411469,-57.1487122
22.5206752,23.8442383,4.18487549,-56.959198
22.5306333,23.8943481,4.57034302,-56.7627563
22.5405913,24.0310669,4.52294922,-57.0037231
22.5505493,24.0649261,4.64595032,-56.9403381
22.5605073,23.94487,4.52238464,-56.9742126
22.5704652,23.9387741,4.90757751,-57.0068665
22.5804233,24.1258163,4.93226624,-56.8989868
22.5903813,24.1633377,5.08866119,-56.8075256
22.6003393,24.326149,4.90027618,-57.1017456
22.6102973,24.4038239,5.0282135,-56.9020386
22.6202552,24.6146164,4.99858856,-56.5747375
22.6302133,24.8423767,5.06855774,-56.6451416
22.6401713,25.0456619,5.23493195,-56.6659546
22.6501292,25.111496,5.43917847,-56.598938
22.6600873,25.1137085,5.67775726,-56.6557007
22.6700452,25.1827393,5.82518005,-56.7997742
22.6800023,25.0107193,6.05316925,-56.8544922
22.6899602,24.7729721,6.11581421,-56.7174988
22.6999183,24.7729721,6.11581421,-56.7174988
22.7098762,24.7332916,6.2440033,-56.9661865
22.7198343,24.6917725,6.368927,-57.0238342
22.7297923,24.5122681,6.13536072,-57.2904053
22.7397502,24.4864044,5.96770477,-57.1576538
22.7497083,24.4743805,5.66329956,-57.2484436
22.7596663,24.4698563,5.64907837,-57.2662964
22.7696243,24.4059448,5.44569397,-57.4442139
22.7795823,24.59832,5.72687531,-57.5615845
22.7895402,24.453125,5.47121429,-57.5298767
22.7994983,24.6266937,5.74021149,-57.401062
22.8094563,24.4266129,5.47684479,-57.4256287
22.8194143,24.5230484,5.7124176,-57.5383606
22.8293723,24.5900879,5.50907135,-57.8117065
22.8393302,24.6369858,5.76346588,-57.7606812
22.8492883,24.5154648,5.42070007,-57.7915344
22.8592463,24.5442352,5.70995331,-57.796936
22.8692042,24.5947571,5.35811615,-57.8573303
22.8791623,24.4737854,5.4846344,-57.8658447
22.8891202,24.5844269,5.32073975,-57.7700195
22.8990783,24.5076675,5.37791443,-57.8524475
22.9090363,24.5318832,5.54536438,-57.963623
22.9189942,24.5374451,5.66358185,-57.9388123
22.9289523,24.4263,6.02797699,-58.0108948
22.9389102,24.2064514,6.25344086,-58.1208496
22.9488683,24.1822968,6.8289566,-58.1694336
22.9588263,24.0777664,7.00872803,-58.1972351
22.9687842,23.9771805,7.56265259,-57.9555054
22.9787423,23.9443741,7.69300842,-57.8993225
22.9887002,23.9634628,8.25884247,-57.9411011
22.9986583,23.6795807,8.22657013,-58.0791016
23.0086163,23.4925003,8.53876495,-57.8634949
23.0185742,23.5544586,8.81155396,-57.8774109
23.0285323,23.753067,9.01490021,-57.7721252
23.0384902,23.6693039,9.15151978,-57.561676
23.0484473,23.650528,9.02960205,-57.6008301
23.0584052,23.650528,9.02960205,-57.6008301
23.0683633,23.6232529,9.00819397,-57.6912231
23.0783213,23.8973618,8.90055084,-57.5949707
23.0882793,24.0287704,8.86220551,-57.6452942
23.0982373,24.128006,8.94270325,-57.4475098
23.1081952,24.4004974,8.93768311,-57.2694092
23.1181533,24.7472534,9.07400513,-57.3809204
23.1281113,24.9295731,9.02334595,-57.2533264
23.1380701,24.8688889,8.9909668,-57.0628967
23.1480281,24.8763733,9.05892181,-57.1589966
23.1579861,24.9984055,9.32060242,-57.1535645
23.1679441,24.9693985,8.950737,-56.9614563
23.1779021,24.8729401,9.19806671,-56.726532
23.1878601,24.9319992,8.76529694,-56.7029419
23.1978181,25.1017456,9.15651703,-56.6479187
23.2077761,25.0481567,8.77997589,-56.48703
23.2177341,25.2220917,9.0708847,-56.4858398
23.2276921,25.1991272,8.98521423,-56.3402405
23.2376501,25.267189,9.66689301,-56.2721558
23.2476081,25.299469,9.36499023,-56.4198303
23.2575661,25.2740326,9.68552399,-56.1830444
23.2675241,25.0219879,9.41026306,-56.1761169
23.2774821,24.9550858,9.74577332,-56.2881775
23.2874401,24.9313126,9.8028717,-56.3664246
23.2973981,25.0228119,10.1092072,-56.2339783
23.3073561,25.0648804,9.90653992,-55.948822
23.3173141,25.1662292,9.95085907,-55.7065735
23.3272721,25.0593643,10.2178268,-55.8224487
23.3372301,25.2950745,10.1232147,-55.819458
23.3471881,25.2967377,10.2488022,-55.8527832
23.3571461,25.4328995,10.1612625,-55.6529846
23.3671041,25.543335,10.3838425,-55.5667419
23.3770621,25.6632385,10.0685806,-55.4311218
23.3870201,25.6286697,10.136879,-55.5875244
23.3969771,25.5656204,9.81331635,-55.5133057
23.4069351,25.506752,9.78881836,-55.4284973
23.4168931,25.506752,9.78881836,-55.4284973
23.4268511,25.3805923,9.51519012,-55.2778015
23.4368091,25.4663391,9.48286438,-55.3674927
23.4467671,25.5823364,9.4581604,-55.2333374
23.4567251,25.4619827,9.45786285,-54.7747498
23.4666831,25.3639679,9.49813843,-54.8934326
23.4766411,25.3071213,9.40625,-54.9735107
23.4865991,25.2656708,9.44994354,-55.0494995
23.4965571,25.3422089,9.25524902,-54.9332581
23.5065151,25.3582687,9.31481934,-54.6511536
23.5164731,25.3550339,9.32629395,-54.3798218
23.5264311,25.3425446,9.22231293,-54.3753967
23.5363891,25.5199356,9.17229462,-54.1376038
23.5463471,25.7027054,9.15576935,-53.8828735
23.5563051,25.7534332,9.29174805,-53.7905884
23.5662631,26.0927505,9.06639862,-53.6856689
23.5762211,26.2694016,9.25788879,-53.2645874
23.5861791,26.2503204,8.8902359,-52.9356384
23.5961371,26.4276886,9.01292419,-52.942627
23.6060951,26.3524094,8.6021347,-52.8071289
23.6160531,26.5061722,8.83385468,-52.9715881
23.6260111,26.4743729,8.41975403,-52.8473206
23.6359691,26.5427399,8.69284821,-52.6998901
23.6459271,26.4724274,8.31537628,-52.5073853
23.6558851,26.5596161,8.44441223,-52.3657227
23.6658431,26.4374847,8.02770233,-52.1075134
23.6758011,26.8587646,8.04320526,-51.9450378
23.6857591,26.8318863,7.48278046,-51.7432556
23.6957171,27.0303574,7.59566498,-51.6757812
23.7056751,26.9504776,7.24956512,-51.5127258
23.7156331,26.9934464,6.98291016,-51.4790039
23.7255911,27.1512527,6.88041687,-51.2090454
23.7355481,27.4059143,6.68236542,-51.1503906
23.7455061,27.384964,6.78817749,-51.0570374
23.7554641,27.3646698,6.55526733,-50.6748657
23.7654221,27.3646698,6.55526733,-50.6748657
23.7753801,27.291832,6.63262939,-50.7250671
23.7853381,27.1501312,6.34739685,-50.6572266
23.7952961,27.1783142,6.40602875,-50.5281677
23.8052541,27.0040436,6.28045654,-50.306366
23.8152121,26.9361496,6.31302643,-50.1686401
23.8251701,26.723175,5.95648193,-50.1394043
23.8351281,26.6961823,6.2015152,-50.1253357
23.8450861,26.7552414,5.98810577,-50.0107727
23.8550441,26.8497086,5.80063629,-49.9269714
23.8650021,27.0340881,5.58411407,-49.8694153
23.8749601,27.0437546,5.3600769,-49.6811218
23.8849181,26.9965897,5.30367279,-49.3724365
23.8948761,27.089241,4.79103851,-49.1802979
23.9048341,27.2535858,4.79727936,-49.2200317
23.9147921,27.1701889,4.48668671,-49.3836975
23.9247501,27.0655136,4.16867828,-49.1463318
23.9347081,26.9343185,4.21928406,-49.0996399
23.9446661,26.6433182,4.10035706,-49.01474
23.9546241,26.3980103,4.04675293,-49.0136719
23.9645821,26.1937714,3.90099335,-48.8730164
23.9745401,26.0190964,4.20322418,-48.7935791
23.9844981,25.5962601,3.90335083,-49.0198364
23.9944561,25.4435272,4.36100769,-49.0034485
24.0044141,24.8214035,4.04418945,-49.087738
24.0143721,24.6015091,4.34234619,-49.3743591
24.0243301,24.2467117,3.95018005,-49.0950928
24.0342871,24.2143402,4.19220734,-49.168457
24.0442451,23.9056778,3.87036896,-49.0602112
24.0542031,24.1011047,4.13212585,-49.1809998
24.0641611,24.0575409,3.85648346,-48.9617004
24.0741191,24.2605667,4.25121307,-48.9694214
24.0840771,24.1246338,3.9028244,-48.8266296
24.0940351,24.3645477,4.23716736,-48.9872131
24.1039931,24.3927994,4.21477509,-48.6274109
24.1139511,24.4812546,4.4119873,-48.5938416
24.1239091,24.4812546,4.4119873,-48.5938416
24.1338672,24.5937729,4.55298615,-48.2382507
24.1438252,24.4554749,4.45845032,-48.2887573
24.1537832,24.5310135,4.60377502,-48.1512146
24.1637412,24.4753418,4.55236816,-48.0179443
24.1736992,24.6527405,4.96765137,-48.0124512
24.1836572,24.5511627,4.79502869,-47.7562866
24.1936152,24.7816162,5.0220108,-47.8040771
24.2035732,24.7475433,4.9372406,-47.7518005
24.2135312,24.8937759,5.25673676,-47.9887695
24.2234892,24.7942581,5.09275818,-47.816925
24.2334472,24.7146606,5.31694794,-47.9576111
24.2434052,24.5506897,5.35827637,-47.6826477
24.2533632,24.532608,5.57985687,-47.5812988
24.2633212,24.4320984,5.65579224,-47.5884094
24.2732792,24.2248306,5.72566986,-47.559845
24.2832372,24.2134781,5.83825684,-47.7442932
24.2931952,24.0301437,5.85836029,-47.6586304
24.3031532,23.9017487,5.70648956,-47.7516479
24.3131112,23.6620636,5.63603973,-47.7101135
24.3230692,23.560379,5.62573242,-47.6240845
24.3330272,23.4401245,5.48461914,-47.7973633
24.3429842,23.2705307,5.41119385,-47.7806702
24.3529422,23.0976562,5.34521484,-47.9017029
24.3629002,22.9025421,5.12124634,-48.1569824
24.3728582,23.0848694,5.4378891,-48.0088501
24.3828162,22.9293671,5.24114227,-47.6850281
24.3927742,22.5555878,5.46312714,-48.0808411
24.4027322,22.3281403,5.09815979,-47.9513855
24.4126902,22.3709412,5.29523468,-48.0364075
24.4226482,22.3721848,4.98497772,-47.8348999
24.4326062,22.4092636,5.35006714,-48.0353088
24.4425642,22.2209549,4.84590912,-47.8342896
24.4525222,22.3075027,5.20251465,-48.0317993
24.4624802,22.0329361,4.99110413,-47.9920959
24.4724382,22.0205383,5.00491333,-48.0039368
24.4823962,21.9469833,5.34745789,-47.9048767
24.4923542,21.6647415,5.51688385,-47.6621094
24.5023122,21.6568604,6.2513504,-48.0571594
24.5122702,21.3905792,6.47843933,-47.8346558
24.5222282,21.4584808,7.14606476,-47.9812012
24.5321862,21.4350815,7.41184235,-47.8795166
24.5421442,21.3969727,7.56791687,-47.5530701
24.5521022,21.492981,7.92963409,-47.5640259
24.5620602,21.73172,8.27617645,-47.2358398
24.5720182,22.0428848,8.77959442,-47.2552185
24.5819762,22.1929932,8.9053421,-46.9627991
24.5919342,22.2244339,9.3391571,-47.0785828
24.6018922,22.2651367,9.33030701,-46.9441833
24.6118502,22.3334198,9.64690399,-47.1644287
24.6218082,22.396759,9.5091095,-46.9081421
24.6317652,22.5099487,9.43244934,-47.0274048
24.6417232,22.3613892,9.14769745,-46.8972473
24.6516812,22.4104538,9.01513672,-46.791748
24.6616392,22.5027695,8.86988831,-46.852417
24.6715972,22.4550858,8.65118408,-46.8843689
24.6815552,22.4096069,8.44664764,-46.6488953
24.6915132,22.3559494,8.35644531,-46.8143921
24.7014712,22.3368759,8.38639832,-46.6624756
24.7114292,22.3590012,8.40255737,-46.6647034
24.7213872,22.400589,8.68562317,-46.7845154
24.7313452,22.4270859,8.71269226,-46.4696045
24.7413032,22.4570847,8.74914551,-46.5290222
24.7512612,22.6291885,9.08863068,-46.2407227
24.7612192,22.7770004,9.13769531,-45.9664612
24.7711772,23.0514374,9.31842041,-45.7955017
24.7811352,23.0216522,9.19476318,-45.6782532
24.7910932,23.3590088,9.77833557,-45.7402649
24.8010512,23.4838257,9.60451508,-45.3865662
24.8110092,23.5452805,10.012764,-45.7673035
24.8209672,23.4281387,9.71604156,-45.5718994
24.8309252,23.4281387,9.71604156,-45.5718994
24.8408832,23.4370117,10.3424301,-45.6937256
24.8508412,23.3099136,10.0795441,-45.4363403
24.8607992,23.3611069,10.5230713,-45.7093811
24.8707572,23.2643051,10.3318634,-45.6246948
24.8807152,23.3397217,10.5404434,-45.5699768
24.8906732,23.2712097,10.4109497,-45.2912903
24.9006312,23.179184,10.7105713,-45.3704834
24.9105892,23.0730286,10.407608,-45.4596863
24.9205472,23.0392456,10.671669,-45.5512695
24.9305042,23.1538391,10.7459488,-45.4371033
24.9404622,23.0154266,10.6330185,-45.6250305
24.9504202,22.9582596,10.7833633,-45.5660706
24.9603782,22.8079376,10.7202606,-45.3753967
24.9703362,22.8078308,10.9923782,-45.3643799
24.9802942,22.9210968,10.8586502,-45.3482971
24.9902522,22.9435425,10.9299316,-45.2644653
25.0002102,22.9087219,10.6717834,-45.1385803
25.0101682,23.078804,10.8115997,-45.0822449
25.0201262,23.2914658,10.5218811,-44.9290161
25.0300842,23.3454819,10.5612488,-45.0231628
25.0400422,23.4450836,10.321701,-44.815918
25.0500002,23.5980606,10.5954361,-44.9945374
25.0599582,23.5563202,10.4324188,-44.8708496
25.0699162,23.4793396,10.4824982,-44.960907
25.0798742,23.4941177,10.5315704,-44.9259949
25.0898322,23.3585663,10.3930511,-44.5815125
25.0997902,23.4976501,10.3474197,-44.631134
25.1097482,23.4557648,10.188942,-44.5551453
25.1197062,23.4228821,10.1334,-44.674469
25.1296642,23.2858124,9.98100281,-44.5715027
25.1396215,23.3718109,9.81458282,-44.5062561
25.1495795,23.3578796,9.69003296,-44.8245544
25.1595375,23.2192764,9.53350067,-44.8636475
25.1694955,23.4288483,9.65875244,-45.0749512
25.1794535,23.4288483,9.65875244,-45.0749512
25.1894115,23.3510056,9.32409668,-45.0021667
25.1993695,23.4299088,9.37304688,-44.981842
25.2093265,23.3933029,9.10372162,-44.5999146
25.2192845,23.4979172,9.04122925,-44.6685791
25.2292425,23.6921921,8.65852356,-44.9130249
25.2392005,23.9564209,8.87540436,-44.9229126
25.2491585,24.0038757,8.25598907,-44.7005005
25.2591165,24.2293091,8.43125916,-44.9990845
25.2690745,24.2789459,7.93241119,-44.579071
25.2790325,24.3202057,8.01309967,-44.6248169
25.2889905,24.2193604,7.52851868,-44.6904297
25.2989485,24.3567734,7.53816223,-44.5627747
25.3089065,24.3413467,7.22516632,-44.6248474
25.3188645,24.4620361,7.2486496,-44.7261353
25.3288225,24.3522797,6.93680573,-44.631897
25.3387805,24.4915085,6.87412262,-44.75354
25.3487385,24.4913635,6.6884613,-44.872467
25.3586965,24.5305252,6.39441681,-44.6827393
25.3686545,24.516716,6.30227661,-44.7502747
25.3786125,24.663353,5.78207397,-44.4167786
25.3885705,24.9053497,5.53774261,-44.4588013
25.3985285,24.8395004,5.22754669,-44.381134
25.4084865,25.0429764,5.09631348,-44.4889832
25.4184445,24.9708557,4.69599915,-44.2095032
25.4284025,24.9288101,4.55877686,-44.2324829
25.4383605,24.9113541,4.52108002,-44.1912537
25.4483185,24.9342117,4.52672577,-44.3251953
25.4582765,24.8341522,4.42910767,-44.2600403
25.4682345,24.7581711,4.3445816,-44.2566223
25.4781915,24.621666,4.46762848,-44.4357605
25.4881495,24.8602142,4.48483276,-44.1885071
25.4981075,24.7013702,4.47814941,-44.0587463
25.5080655,24.7285233,4.43655396,-44.0193176
25.5180235,24.9592972,4.42088318,-44.0866089
25.5279815,25.1172867,4.49423218,-43.9628296
25.5379395,25.1172867,4.49423218,-43.9628296
25.5478975,25.2841797,4.3800354,-43.8778076
25.5578555,25.4958038,4.25839996,-43.5901184
25.5678135,25.644249,4.03115845,-43.5450439
25.5777715,25.8065948,3.83579254,-43.5285034
25.5877295,25.9309082,3.7165451,-43.278717
25.5976875,25.949234,3.49490356,-43.3388977
25.6076455,25.7752762,3.15829468,-43.2033691
25.6176035,25.6712723,3.01167297,-43.6633606
25.6275615,25.4973221,2.71974182,-43.48703
25.6375195,25.3845444,2.83132935,-43.8167419
25.6474775,24.9872284,2.40464783,-43.7671509
25.6574355,24.9644241,2.6131134,-44.0679016
25.6673935,24.7344742,2.43097687,-43.7947083
25.6773515,24.6298599,2.64091492,-44.3285522
25.6873095,24.3336029,2.44989014,-43.8302307
25.6972675,24.3832245,2.70363617,-44.4070435
25.7072255,24.2111053,2.67201996,-44.0508423
25.7171825,24.1599503,2.8338089,-44.3528748
25.7271405,23.8185883,2.73167419,-43.9141846
25.7370985,23.804657,2.91470337,-44.189209
25.7470565,23.6767044,2.88626862,-44.3265686
25.7570145,23.6707993,2.95960999,-44.2780457
25.7669725,23.7868347,3.08524323,-44.1097412
25.7769305,23.8398132,2.97317505,-44.1703796
25.7868885,23.9907761,3.16025543,-44.1911316
25.7968465,23.9918976,3.04660034,-43.9796753
25.8068045,23.977562,3.37051392,-44.2975464
25.8167625,24.0758743,3.23023987,-44.0415039
25.8267205,24.1368637,3.52562714,-44.1111145
25.8366785,24.137291,3.44721222,-43.7094421
25.8466365,24.1415405,3.5947113,-44.0075073
25.8565945,24.0524902,3.84020233,-44.0944519
25.8665525,23.9284134,3.97338104,-44.2838135
25.8765105,23.7757645,4.0652771,-44.2510986
25.8864685,23.5981369,4.3637619,-44.3337402
25.8964265,23.5981369,4.3637619,-44.3337402
25.9063845,23.44944,4.28739929,-44.258667
25.9163425,23.3349838,4.43432617,-44.2132874
25.9263005,23.103653,4.39431763,-44.3079834
25.9362585,22.9470062,4.47666931,-44.3342896
25.9462165,22.7961578,4.2824173,-44.6007996
25.9561745,22.669281,4.39910126,-44.7557068
25.9661325,22.7495651,4.45840454,-44.6948547
25.9760895,22.7264404,4.70623016,-44.6568909
25.9860475,22.8188782,4.66188049,-44.5929565
25.9960055,22.8954315,4.68375397,-44.6938477
26.0059635,22.9159088,4.72704315,-44.6563416
26.0159215,23.0232925,5.11514282,-44.7753296
26.0258795,23.0962524,4.977211,-44.411499
26.0358375,23.1412048,5.41737366,-44.7584534
26.0457955,22.9318924,5.17352295,-44.2308044
26.0557535,22.9760895,5.38975525,-44.7279968
26.0657115,22.7828445,5.23342896,-44.3208923
26.0756695,22.5859299,5.48887634,-44.8521118
26.0856275,22.3642502,5.26222229,-44.6529846
26.0955855,22.3171463,5.37831879,-44.8604431
26.1055435,22.2017517,5.25696564,-44.4460144
26.1155015,22.1540451,5.32213593,-44.8745117
26.1254595,21.9931412,5.27015686,-44.7314148
26.1354172,22.0319672,5.3730545,-44.6802979
26.1453752,21.9919739,5.43858337,-44.5173035
26.1553332,21.9673004,5.50344086,-44.6375427
26.1652912,21.8954773,5.40468597,-44.8850098
26.1752492,21.9254913,5.43237305,-44.5386963
26.1852072,21.7436142,5.58486938,-44.7274475
26.1951652,21.6625748,5.47882843,-44.6538696
26.2051232,21.4891968,5.72768402,-44.9392395
26.2150802,21.330246,5.56447601,-44.7750549
26.2250382,21.3621292,5.75119019,-45.0416565
26.2349962,21.244957,5.57953644,-44.5312805
26.2449542,21.244957,5.57953644,-44.5312805
26.2549122,21.1616135,5.82479858,-44.9543457
26.2648702,21.3008575,5.74067688,-44.7966309
26.2748282,21.1306686,5.90582275,-44.850769
26.2847862,21.0029068,5.79438782,-44.905365
26.2947442,20.9051514,5.88179779,-44.8376465
26.3047022,20.8053741,5.90682983,-44.839386
26.3146602,20.678772,6.01649475,-44.6013794
26.3246182,20.5181351,6.12467957,-44.9309387
26.3345762,20.4578323,6.2791214,-45.1327209
26.3445342,20.2696152,6.54512787,-44.8592834
26.3544922,20.1144791,6.8539505,-45.053009
26.3644502,19.9589233,7.1954422,-44.9222107
26.3744082,19.8027496,7.56620789,-45.0273743
26.3843662,19.7917252,7.9040451,-44.9740906
26.3943242,19.8373947,8.22333527,-44.9887695
26.4042822,19.8957443,8.26683044,-44.8240662
26.4142402,20.1133957,8.37042236,-44.8297119
26.4241982,20.3951645,8.20436096,-44.4941406
26.4341562,20.6237717,8.45282745,-44.6114807
26.4441142,20.6873703,8.17524719,-44.2459717
26.4540712,20.9329071,8.63729095,-44.4277954
26.4640292,20.992012,8.39115906,-44.048584
26.4739872,21.1389542,8.66504669,-44.2007141
26.4839452,21.1183777,8.47337341,-43.9807739
26.4939032,21.2331543,8.53113556,-44.0232239
26.5038612,21.0656433,8.21694183,-43.9631348
26.5138192,20.9327469,8.30438232,-44.5061951
26.5237772,20.6586151,7.95355988,-44.1009216
26.5337352,20.6669846,8.0034256,-44.4599609
26.5436932,20.5454788,7.85338593,-44.5966187
26.5536512,20.5404587,7.93974304,-44.4989624
26.5636092,20.6815491,8.12063599,-44.3565369
26.5735672,20.4191666,8.23954773,-44.4127808
26.5835252,20.3592606,8.60364532,-44.5162659
26.5934832,20.3409195,8.71451569,-44.5383301
26.6034412,20.3409195,8.71451569,-44.5383301
26.6133992,20.3018341,8.95062256,-44.293396
26.6233572,20.4239426,9.10144043,-44.0835876
26.6333152,20.5412064,9.37860107,-44.2095032
26.6432732,20.7484283,9.34738159,-43.9151306
26.6532312,20.6379547,9.3486557,-44.0572815
26.6631892,20.7409897,9.18734741,-43.9433594
26.6731462,20.8405609,9.34192657,-43.9429321
26.6831042,20.9071808,9.35714722,-43.8081055
26.6930622,20.9616852,9.43875885,-43.8051147
26.7030202,21.0270233,9.46165466,-43.7246399
26.7129782,21.0558777,9.51281738,-43.5150146
26.7229362,21.000351,9.59276581,-43.6472473
26.7328942,20.9664001,9.69262695,-43.4731445
26.7428522,21.1010132,9.78855896,-43.5191345
26.7528102,21.0391769,9.990242,-43.5535889
26.7627682,20.9022903,10.0367355,-43.678009
26.7727262,20.7964935,9.95046234,-43.7156982
26.7826842,20.7431107,9.9823761,-43.7516479
26.7926422,20.706665,9.95030212,-43.9156189
26.8026002,20.5763245,9.88594055,-43.7536621
26.8125582,20.6126785,10.0890656,-43.9162598
26.8225162,20.6357117,9.87484741,-43.8245544
26.8324742,20.6500702,10.1590118,-43.9662781
26.8424322,20.700058,9.91606903,-43.4569092
26.8523902,20.8480606,10.2189026,-43.888031
26.8623482,21.0060349,10.0779877,-43.5239258
26.8723062,21.1111755,10.3464432,-43.7393188
26.8822642,20.9569855,10.0806961,-43.5544128
26.8922222,21.0409317,10.4402771,-43.8128662
26.9021792,21.1009369,10.1591034,-43.3873901
26.9121372,21.0383301,10.1379395,-43.9136353
26.9220952,21.0225372,10.0339203,-43.4226685
26.9320532,20.9748154,10.2313995,-43.6281738
26.9420112,21.1847,10.1456299,-43.4239807
26.9519692,21.3051682,10.2926483,-43.6212463
26.9619272,21.3051682,10.2926483,-43.6212463
26.9718852,21.3313446,10.1872253,-43.3371277
26.9818432,21.396225,10.1804123,-43.255249
26.9918012,21.5703964,10.2540207,-43.4033813
27.0017592,21.4815216,10.1228027,-43.3644409
27.0117172,21.419838,10.1954727,-43.4345398
27.0216752,21.4931946,9.99145508,-43.133728
27.0316332,21.5189972,10.1807022,-43.5682068
27.0415912,21.4341202,9.99845123,-43.4277039
27.0515492,21.4044724,10.1716919,-43.5707397
27.0615072,21.4949112,10.2291641,-43.3014526
27.0714652,21.3658981,10.3516998,-43.555481
27.0814232,21.2546387,10.2515564,-43.3970032
27.0913812,21.3384781,10.650795,-43.6296997
27.1013392,21.2247696,10.7733307,-43.6130066
27.1112972,21.329895,10.7860947,-43.5102539
27.1212542,21.3636398,10.8959274,-43.4987183
27.1312122,21.3478699,10.8636856,-43.560791
27.1411705,21.4835205,10.9479294,-43.4255676
27.1511285,21.6406708,11.0646896,-43.3463135
27.1610865,21.6728897,11.0541077,-43.2305298
27.1710445,21.5658722,11.1005554,-43.2511902
27.1810025,21.5980606,11.1356812,-43.2010803
27.1909605,21.6822891,11.3028488,-43.0001221
27.2009185,21.8353195,11.3981628,-43.1068726
27.2108765,21.7309647,11.6474075,-43.1186218
27.2208345,21.8283844,11.6490173,-43.1390686
27.2307925,21.6233826,12.1007538,-43.2645264
27.2407505,21.5125122,12.2810974,-42.8417358
27.2507085,21.3785477,12.690773,-43.3370667
27.2606665,21.3020782,12.538002,-43.0098572
27.2706245,21.2158508,13.0207443,-43.4267273
27.2805825,21.0881119,13.0674896,-42.9489441
27.2905405,21.0875702,13.4926682,-43.2634888
27.3004985,21.004509,13.4770966,-42.9988098
27.3104565,21.004509,13.4770966,-42.9988098
27.3204135,20.9841385,13.7912598,-43.2351685
27.3303715,21.0159836,13.9110413,-42.8228149
27.3403295,21.0117493,14.2801208,-42.9346924
27.3502875,21.0637054,14.2076569,-42.9652405
27.3602455,21.0953903,14.3955536,-42.959198
27.3702035,21.0225906,14.3847122,-42.9971008
27.3801615,21.0809479,14.2812347,-42.8862915
27.3901195,21.0336838,14.3764801,-43.0680542
27.4000775,20.8338852,14.1718445,-43.0687561
27.4100355,20.6422043,14.3113327,-43.131073
27.4199935,20.5778503,14.3488159,-42.8846436
27.4299515,20.2149734,14.387619,-43.4767761
27.4399095,20.0210571,14.274147,-43.4089966
27.4498675,19.653595,14.5575943,-43.7658081
27.4598255,19.383728,14.6213226,-43.7622681
27.4697835,18.8517685,14.9469833,-43.8717346
27.4797415,18.3774872,14.9701233,-43.9084167
27.4896995,17.9782028,15.3264465,-43.93927
27.4996575,17.5770645,15.6208267,-43.8153076
27.5096155,17.2684708,16.0282288,-43.9370117
27.5195735,17.0798645,16.3052216,-44.0049438
27.5295305,17.0910492,16.6370926,-43.9919128
27.5394885,16.8865128,16.9058609,-44.1349487
27.5494465,16.9060059,17.3298645,-43.8952942
27.5594045,16.7916718,17.6327209,-43.853302
27.5693625,16.6801453,17.9182816,-43.7458496
27.5793205,16.4902496,18.2814102,-43.6612854
27.5892785,16.2774734,18.5389862,-43.6152649
27.5992365,16.0904312,18.7368088,-43.6787109
27.6091945,15.6881332,19.0812988,-43.8004456
27.6191525,15.6083679,19.0335693,-43.4121399
27.6291105,15.1846008,19.3643036,-43.7355957
27.6390685,15.0547791,19.3687134,-43.5318298
27.6490265,14.633606,19.6618805,-43.7297058
27.6589845,14.4178391,19.6868591,-43.5825806
27.6689425,14.4191742,19.688179,-43.5822144
27.6789005,14.0217285,20.1149063,-43.7990417
27.6888585,13.844429,20.0798111,-43.5185852
27.6988165,13.2853241,20.478447,-43.98349
27.7087745,13.0706558,20.4352036,-43.7030945
27.7187325,12.6363983,20.7193832,-43.8684082
27.7286895,12.2176056,20.6044846,-43.8836365
27.7386475,11.7466431,20.9592056,-44.1644287
27.7486055,11.4913483,21.0742416,-44.022583
27.7585635,10.9780273,21.07798,-44.1517639
27.7685215,10.5438766,21.2427826,-44.2396545
27.7784795,10.1681213,21.4160309,-44.2330933
27.7884375,9.7126236,21.3747482,-44.3183594
27.7983955,9.26838684,21.4634781,-44.28302
27.8083535,8.80017853,21.5534668,-44.3110962
27.8183115,8.37734985,21.6943207,-44.2392273
27.8282695,7.93477631,21.8123398,-44.5252991
27.8382275,7.51758575,21.7839737,-44.4647217
27.8481855,6.90151215,22.0316086,-44.552948
27.8581435,6.31005096,22.067276,-44.1688232
27.8681015,5.62406158,22.225296,-44.4732361
27.8780595,5.17043304,22.3176041,-44.5335999
27.8880175,4.65452576,22.5704117,-44.473114
27.8979755,4.05672455,22.5573578,-44.3565369
27.9079335,3.23623657,22.6820374,-44.4403381
27.9178915,2.60377502,22.8953323,-44.2666321
27.9278485,2.0437088,23.0895767,-44.2789307
27.9378065,1.31732178,23.2050858,-44.3450317
27.9477645,0.869941711,23.2351608,-44.3347778
27.9577225,0.379203796,23.3645782,-44.3621826
27.9676805,-0.00328063965,23.4994965,-44.266571
27.9776385,-0.290550232,23.537674,-44.2799072
27.9875965,-0.522628784,23.4456329,-43.947937
27.9975545,-0.80493927,23.604248,-43.743866
28.0075125,-1.26126862,23.612793,-43.4520569
28.0174705,-1.52406311,23.6173935,-43.5393066
28.0274285,-1.52406311,23.6173935,-43.5393066
28.0373865,-2.12379456,23.6817398,-43.6470032
28.0473445,-2.26276398,23.6664047,-43.5298462
28.0573025,-2.87675476,23.7021332,-43.6919861
28.0672605,-2.88961792,23.6564484,-43.4025574
28.0772185,-3.73477173,23.6609497,-43.8196716
28.0871765,-3.72325897,23.4892578,-43.5872803
28.0971345,-4.23827362,23.4910583,-43.9472046
28.1070925,-4.47550964,23.3797302,-43.7706909
28.1170495,-4.97525787,23.5471649,-44.0406799
28.1270075,-5.22090912,23.4383392,-43.83255
28.1369652,-5.66048431,23.5055389,-44.0930176
28.1469233,-5.70069885,23.5123138,-43.8553772
28.1568812,-6.19205475,23.4532013,-43.7620239
28.1668393,-6.43562317,23.2675476,-43.4663391
28.1767973,-6.87030792,23.2252274,-43.427063
28.1867552,-7.15994263,23.2123642,-43.4596558
28.1967133,-7.27762604,23.1957626,-43.5350952
28.2066712,-7.47512054,23.0586929,-43.4443054
28.2166293,-7.69054413,22.8459854,-43.2623901
28.2265873,-7.95800781,22.8026199,-43.6192322
28.2365452,-7.94369507,22.6529465,-43.4487305
28.2465033,-8.25541687,22.4523849,-43.7796021
28.2564613,-8.1937561,22.3693771,-43.7141724
28.2664193,-8.32106018,22.3979874,-43.8554993
28.2763773,-8.254776,22.1886215,-43.6425171
28.2863352,-8.34181976,22.056221,-43.7921448
28.2962933,-8.29171753,21.7908707,-43.9521179
28.3062502,-8.39703369,21.5775757,-43.8297119
28.3162083,-8.33627319,21.4813538,-43.9237061
28.3261662,-8.40924835,21.2460632,-43.8544312
28.3361243,-8.43274689,21.1228027,-43.908783
28.3460823,-8.48033142,20.797287,-44.171814
28.3560402,-8.49752045,20.7383728,-44.3540344
28.3659983,-8.55256653,20.4204712,-44.4934998
28.3759562,-8.55256653,20.4204712,-44.4934998
28.3859143,-8.70378113,20.1736984,-44.6286316
28.3958723,-8.54813385,19.955452,-44.7372437
28.4058302,-8.62164307,19.6418991,-44.9734802
28.4157883,-8.66080475,19.6147385,-44.9744263
28.4257462,-8.64002991,19.615303,-44.9276123
28.4357043,-8.79124451,19.5961533,-45.1867981
28.4456623,-8.79160309,19.6090622,-44.8822937
28.4556202,-9.11099243,19.5349655,-45.1328735
28.4655783,-9.14565277,19.4581985,-45.0510254
28.4755363,-9.53244781,19.4287643,-45.3355408
28.4854933,-9.37936401,19.2592545,-44.801239
28.4954512,-9.66652679,19.0640182,-45.1309814
28.5054093,-9.36404419,19.1115646,-44.897522
28.5153673,-9.54842377,19.2146378,-45.1299438
28.5253253,-9.43453979,19.3061295,-44.8027344
28.5352833,-9.79838562,19.1344681,-44.8484192
28.5452412,-9.61708832,19.1646194,-44.7024841
28.5551993,-9.82003021,19.0364609,-45.2575684
28.5651573,-9.82463837,19.0166092,-45.1588745
28.5751152,-9.97135925,18.9357529,-45.0293274
28.5850733,-10.2529755,18.5841827,-45.101532
28.5950312,-10.072258,18.5473251,-45.1868591
28.6049893,-10.2114487,18.4785995,-45.2252502
28.6149473,-10.2646942,18.3181458,-45.2015991
28.6249052,-10.3751831,18.239296,-45.2929993
28.6348633,-10.2595901,18.2691803,-45.1028442
28.6448212,-10.3223114,18.2774277,-45.3308411
28.6547783,-10.3204269,18.2574539,-45.2706604
28.6647362,-10.4322815,18.1593552,-45.3586426
28.6746943,-10.2956924,18.2283554,-45.148468
28.6846522,-10.3602371,18.2874298,-45.3344421
28.6946103,-10.1334381,18.2107162,-45.1930237
28.7045683,-10.1201706,18.4243774,-45.3577576
28.7145262,-10.0495987,18.2598267,-45.3493652
28.7244843,-9.91274261,18.2572479,-45.4035645
28.7344423,-9.91274261,18.2572479,-45.4035645
28.7444003,-9.78826904,18.2271118,-45.4675903
28.7543583,-9.69158936,18.2335663,-45.6872864
28.7643162,-9.71916962,18.2971344,-45.6517334
28.7742743,-9.62685394,18.3110504,-45.7165527
28.7842323,-9.54286957,18.2241745,-45.6654968
28.7941903,-9.27796936,18.3650436,-45.4996643
28.8041483,-9.05713654,18.5091476,-45.5550232
28.8141062,-9.03207397,18.6316605,-45.6760254
28.8240643,-8.63925934,18.8353958,-45.6318054
28.8340223,-8.65862274,18.9249344,-45.7232666
28.8439793,-8.3605423,19.1187515,-45.3468933
28.8539372,-8.50843811,19.0882339,-45.4884338
28.8638953,-8.19187927,19.2733383,-45.1385498
28.8738533,-8.18300629,19.3457565,-45.2139893
28.8838112,-7.95132446,19.3123245,-44.9743042
28.8937693,-7.94449615,19.5173264,-45.2328186
28.9037272,-7.87310791,19.4817123,-45.0493774
28.9136853,-7.96834564,19.6384354,-45.3176575
28.9236433,-7.79573059,19.5449753,-45.1245422
28.9336012,-7.98451996,19.6449814,-45.4553833
28.9435593,-7.66112518,19.7204819,-45.1299438
28.9535173,-7.81494141,19.5795822,-45.3919067
28.9634753,-7.62138367,19.807579,-45.2958984
28.9734333,-7.76163483,19.8709183,-45.3661194
28.9833912,-7.68266296,19.9278641,-45.213623
28.9933493,-7.63913727,19.8129807,-45.0725098
29.0033073,-7.56987,19.8686142,-45.0334473
29.0132643,-7.55101776,19.8386154,-44.9596863
29.0232222,-7.5734787,20.0038986,-45.1859436
29.0331803,-7.44407654,19.937233,-44.9866028
29.0431383,-7.48257446,19.993721,-45.1825562
29.0530962,-7.2971344,20.0704117,-45.0875549
29.0630543,-7.39759064,20.0481949,-45.4026489
29.0730122,-7.19769287,20.2338486,-45.1256104
29.0829703,-7.19769287,20.2338486,-45.1256104
29.0929283,-7.18652344,20.1929398,-45.0788574
29.1028862,-7.27501678,20.1372147,-45.0652466
29.1128443,-7.37527466,20.2317123,-45.1014099
29.1228022,-7.32396698,20.3038712,-44.9299927
29.1327603,-7.29180145,20.4054947,-44.8321533
29.1427187,-7.20415497,20.3068314,-45.0333557
29.1526767,-7.19471741,20.1129074,-44.8204651
29.1626347,-7.01725769,20.2501831,-44.9387512
29.1725927,-6.99759674,20.2093964,-44.8583984
29.1825497,-6.97697449,20.3264618,-44.9434814
29.1925077,-7.01790619,20.2723694,-44.8852234
29.2024657,-6.70308685,20.5330353,-44.9798889
29.2124237,-6.76860809,20.5212555,-44.9686584
29.2223817,-6.80838776,20.5114594,-45.1181641
29.2323397,-6.79888916,20.5481415,-45.3392029
29.2422977,-6.89505005,20.4525909,-45.2871094
29.2522557,-6.90853119,20.6597443,-45.2926025
29.2622137,-6.76747131,20.6234436,-45.0635071
29.2721717,-6.86700439,20.5726166,-45.4058838
29.2821297,-6.63569641,20.4837646,-44.9419861
29.2920877,-6.5798645,20.4516449,-45.1166992
29.3020457,-6.25371552,20.3909149,-44.6941223
29.3120037,-6.42289734,20.3892822,-45.2832031
29.3219617,-6.076828,20.3076782,-44.8337097
29.3319197,-6.22441101,20.3834076,-45.3497925
29.3418767,-5.94485474,20.3778381,-44.817688
29.3518347,-6.17811584,20.5572968,-45.4277344
29.3617927,-5.91691589,20.387146,-45.1205139
29.3717507,-6.16592407,20.4023132,-45.4072266
29.3817087,-5.89774323,20.4519196,-44.9128113
29.3916667,-5.98480225,20.5610504,-45.284729
29.4016247,-5.83879089,20.5720978,-45.3511353
29.4115827,-5.92475128,20.3763123,-45.2545166
29.4215407,-5.85595703,20.3715363,-45.0708923
29.4314987,-5.71006775,20.2839813,-44.8372803
29.4414567,-5.71006775,20.2839813,-44.8372803
29.4514147,-5.84284973,20.3242798,-45.10495
29.4613727,-5.62102509,20.3021545,-45.1636047
29.4713307,-5.76728058,20.1687775,-45.2249451
29.4812887,-5.59226227,20.2230682,-45.1558838
29.4912467,-5.74028778,20.2079926,-45.5223999
29.5012047,-5.47359467,20.0771484,-45.2566528
29.5111617,-5.67383575,20.0114746,-45.1108704
29.5211197,-5.61617279,19.9511414,-44.9999084
29.5310777,-5.71814728,20.0519562,-45.2317505
29.5410357,-5.67690277,20.1263885,-45.345459
29.5509937,-5.49788666,19.9282227,-45.0409546
29.5609517,-5.57123566,19.7310181,-45.03479
29.5709097,-5.60077667,19.7530518,-45.2077332
29.5808677,-5.55976868,19.7060242,-45.2066956
29.5908257,-5.62662506,19.6728363,-45.1976929
29.6007837,-5.39015198,19.6680298,-45.0805359
29.6107417,-5.22862244,19.6321411,-45.1459961
29.6206997,-5.47516632,19.697403,-45.6849976
29.6306577,-5.37187958,19.7414703,-45.3799744
29.6406157,-5.19873047,19.6739197,-45.2810974
29.6505737,-5.25276947,19.6225586,-45.2618713
29.6605317,-5.08978271,19.5640564,-45.0990601
29.6704887,-5.16566467,19.598877,-45.3630371
29.6804467,-4.7723999,19.6016846,-45.0604248
29.6904047,-4.93487549,19.7998352,-45.4940796
29.7003627,-4.64702606,19.6402893,-45.1213074
29.7103207,-4.93093109,19.5700073,-45.2947083
29.7202787,-4.88531494,19.5973053,-44.969574
29.7302367,-5.15998077,19.7004547,-45.3283386
29.7401947,-5.07202148,19.5372009,-44.9801941
29.7501527,-5.26491547,19.7044678,-45.5535583
29.7601107,-5.09204865,19.6920624,-45.6054077
29.7700687,-5.09653473,19.5815582,-45.7165222
29.7800267,-5.05606842,19.4920197,-45.5281677
29.7899847,-5.14971924,19.533371,-45.9144287
29.7999427,-5.14971924,19.533371,-45.9144287
29.8099007,-5.12812042,19.5314178,-45.5349426
29.8198587,-5.10207367,19.4135132,-45.4893494
29.8298157,-5.11829376,19.3660126,-45.5385742
29.8397737,-5.10394287,19.2064056,-45.0672913
29.8497317,-5.12984467,19.081543,-45.3661499
29.8596897,-5.00496674,19.0187836,-45.3427124
29.8696477,-5.04555511,18.9942169,-45.5639343
29.8796057,-4.99609375,18.8453217,-45.6169128
29.8895637,-5.11969757,18.7149429,-45.6209106
29.8995217,-5.0196991,18.5808258,-45.7164307
29.9094797,-5.04268646,18.5597687,-45.7525024
29.9194377,-4.85058594,18.5259628,-45.9154053
29.9293957,-4.83745575,18.4040985,-46.067627
29.9393537,-4.81523895,18.3459778,-46.1917114
29.9493117,-4.72831726,18.3113174,-46.1074524
29.9592697,-4.81364441,18.2196426,-46.2362366
29.9692277,-4.7117691,18.1362534,-46.4239502
29.9791857,-4.6368103,18.2071991,-46.3654785
29.9891427,-4.75791931,18.2227173,-46.3205261
29.9991007,-4.71412659,18.0662842,-46.42453
30.0090587,-4.70012665,18.0737534,-46.3948364
30.0190167,-4.6395874,18.0702744,-46.5136108
30.0289747,-4.7341156,17.9231796,-46.6098328
30.0389327,-4.6770401,17.9256363,-46.6804504
30.0488907,-4.70866394,17.7760544,-46.7632446
30.0588487,-4.52215576,17.7419662,-46.6087036
30.0688067,-4.56886292,17.8922119,-46.9752502
30.0787647,-4.33840942,17.8079681,-46.8223877
30.0887227,-4.5304718,17.816925,-46.9607239
30.0986807,-4.27713776,17.6598587,-46.8401489
30.1086387,-4.54598999,17.6625366,-46.9558716
30.1185967,-4.4513092,17.4978943,-46.5926819
30.1285547,-4.48022461,17.7327652,-47.019104
30.138513,-4.36408234,17.5708466,-46.5901794
30.14847,-4.36408234,17.5708466,-46.5901794
30.158428,-4.4165802,17.608551,-46.8273315
30.168386,-4.25354767,17.4454803,-46.7322693
30.178344,-4.31962585,17.2476501,-46.9065552
30.188302,-4.224823,17.0908661,-46.889801
30.19826,-4.06832886,17.0160675,-47.0550842
30.208218,-3.83642578,16.8767166,-46.9999695
30.218176,-3.64322662,16.6725616,-46.8684387
30.228134,-3.5867691,16.9038696,-46.9127197
30.238092,-3.5366745,16.8609924,-46.9506226
30.24805,-3.64367676,16.7686615,-47.1248779
30.258008,-3.4341507,16.8464584,-47.1158447
30.267966,-3.53487396,16.8965988,-47.339325
30.277924,-3.36897278,16.9952621,-47.1878357
30.287882,-3.38302612,16.8479767,-47.2320557
30.297839,-3.18404388,16.7581406,-46.8737488
30.307797,-3.20283508,16.8259048,-47.2767944
30.317755,-3.04320526,16.7899857,-46.8803101
30.327713,-3.10394287,16.7841415,-47.111969
30.337671,-2.98947144,16.8050003,-47.1057129
30.347629,-2.96622467,16.9576416,-47.0748596
30.357587,-3.00579834,16.9658585,-47.0531006
30.367545,-2.91653442,16.9524155,-47.1686096
30.377503,-3.03638458,16.9965744,-47.1850281
30.387461,-3.07363892,17.0170135,-47.1830139
30.397419,-3.01959991,16.9259109,-47.0357361
30.407377,-3.20402527,16.9174347,-47.1878967
30.417335,-3.02661133,16.8977661,-46.9877319
30.427293,-2.90065765,16.9303284,-46.8526917
30.437251,-2.80076599,16.8906937,-47.0557251
30.447208,-2.88275909,16.9287338,-47.1679688
30.457166,-2.64899445,16.9354935,-47.1992798
30.467124,-2.74196625,16.8988724,-47.0671997
30.477082,-2.51298523,16.9151993,-47.0248718
30.48704,-2.6738739,17.0856552,-47.3717041
30.496998,-2.3903656,17.0773544,-47.2449341
30.506956,-2.3903656,17.0773544,-47.2449341
30.516914,-2.53375244,17.0082474,-47.1714783
30.526872,-2.09601593,17.0459366,-47.0205688
30.53683,-2.32514191,17.0442276,-47.2496033
30.546788,-2.02823639,17.0936508,-46.9328308
30.556746,-2.13275909,17.1251831,-47.2750244
30.566704,-2.01364136,17.1265564,-47.0396118
30.576662,-2.06069183,17.1499786,-47.041687
30.58662,-1.89083099,17.0682144,-46.9155273
30.596577,-1.87766266,17.1537247,-47.1194153
30.606535,-1.76702118,17.0659866,-46.8777771
30.616493,-1.41507721,17.126358,-46.8662109
30.626451,-1.47589874,17.1377029,-46.9370117
30.636409,-1.59947968,17.1578369,-47.0123901
30.646367,-1.71308136,17.1533279,-47.0673523
30.656325,-1.59871674,17.1083069,-46.8598938
30.666283,-1.82310486,16.8482971,-47.0004578
30.676241,-1.63021088,16.9352951,-46.9449463
30.686199,-1.71868134,16.8028107,-47.3487854
30.696157,-1.73748779,16.7928848,-47.2262573
30.706115,-1.89002228,16.8323822,-47.2656555
30.716073,-1.7162323,16.7927704,-47.161377
30.726031,-2.09535217,16.7287445,-47.2733765
30.735989,-2.06900787,16.7608261,-46.9830017
30.745946,-2.21611023,16.8113708,-47.1221313
30.755904,-2.39492798,16.8106079,-47.4227905
30.765862,-2.55266571,16.6151352,-47.3424072
30.77582,-2.7088623,16.6200638,-47.2044678
30.785778,-2.81039429,16.4864807,-47.2514648
30.795736,-2.84028625,16.3789139,-47.2511292
30.805694,-2.83850861,16.2793121,-47.2350464
30.815652,-2.94252777,16.1368027,-47.2946777
30.82561,-3.1761322,16.0343475,-47.3171692
30.835568,-3.16709137,16.1151581,-47.1528015
30.845526,-3.18715668,16.2395096,-47.1835327
30.855484,-3.18715668,16.2395096,-47.1835327
30.865442,-3.14762878,16.4093552,-47.1256714
30.8754,-3.37940979,16.4750519,-47.3460999
30.885357,-3.19010925,16.7142944,-46.8789062
30.895315,-3.46661377,16.7945938,-47.1178284
30.905273,-3.23416138,16.7486801,-46.7567749
30.915231,-3.39578247,16.9511948,-47.3898926
30.925189,-3.34039307,16.8289108,-46.8623962
30.935147,-3.51776886,16.8826141,-46.995575
30.945105,-3.32282257,16.96138,-47.1594543
30.955063,-3.58011627,16.9068146,-47.1907349
30.965021,-3.51961517,16.7014771,-46.5674438
30.974979,-3.85074615,16.5698547,-46.9765625
30.984937,-3.79385376,16.6924591,-46.6471863
30.994895,-3.88796997,16.7264252,-46.8470154
31.004853,-3.80906677,16.7924042,-46.934967
31.014811,-3.90369415,16.8878021,-46.8814392
31.024768,-3.97042084,16.8931808,-46.6672363
31.034726,-3.95027161,17.0104523,-46.6564331
31.044684,-4.00680542,17.2082748,-46.8518372
31.054642,-3.90795898,17.0602875,-46.7291565
31.0646,-3.73101807,17.1555328,-46.7986755
31.074558,-3.61623383,17.0125046,-46.7127075
31.084516,-3.73838806,16.9175568,-46.8738098
31.094474,-3.68200684,16.7825394,-46.8465576
31.104432,-3.80918884,16.6807251,-46.7781067
31.11439,-3.7060318,16.5979996,-46.6747437
31.124348,-3.81274414,16.6312485,-46.9211731
31.134306,-3.9797821,16.4846268,-46.8672485
31.1442637,-4.12178802,16.4202881,-46.9714661
31.1542217,-4.14448547,16.3003998,-47.1002808
31.1641787,-4.33979797,16.0119705,-47.1878967
31.1741367,-4.55749512,15.9140167,-47.2796021
31.1840947,-4.4719162,15.838501,-47.3079224
31.1940527,-4.57258606,15.6617508,-47.4910583
31.2040107,-4.71040344,15.7484283,-47.4629822
31.2139687,-4.71040344,15.7484283,-47.4629822
31.2239267,-4.9066925,15.6155014,-47.5075073
31.2338847,-5.05615234,15.6303864,-47.3658142
31.2438427,-5.34685516,15.6777267,-47.2264099
31.2538007,-5.36156464,15.6893692,-47.023407
31.2637587,-5.46504211,15.6562119,-46.858551
31.2737167,-5.59468079,15.537323,-46.8874817
31.2836747,-5.73319244,15.4747391,-46.8889465
31.2936327,-6.00293732,15.4351807,-47.1140137
31.3035907,-5.92581177,15.5639114,-46.9317017
31.3135477,-6.42688751,15.5605621,-47.092804
31.3235057,-6.35596466,15.4695358,-46.8911133
31.3334637,-6.59153748,15.4874878,-47.0150452
31.3434217,-6.56122589,15.5837631,-46.5557556
31.3533797,-6.80303955,15.6165619,-46.8629456
31.3633377,-6.83428192,15.8013382,-46.4719849
31.3732957,-7.08244324,15.8651047,-46.5844116
31.3832537,-6.94918823,15.8547592,-46.5188599
31.3932117,-7.06433105,15.893486,-46.5563049
31.4031697,-7.07870483,15.9012451,-46.2383728
31.4131277,-7.18074036,16.0325317,-46.3388977
31.4230857,-7.34225464,16.0760117,-46.2767029
31.4330437,-7.22164154,16.1683655,-46.2277222
31.4430017,-7.38584137,16.2379227,-46.0480652
31.4529587,-7.31813812,16.205246,-45.9432068
31.4629167,-7.2660675,16.270546,-46.1543579
31.4728747,-7.1638031,16.3216476,-46.031311
31.4828327,-7.37563324,16.1980515,-46.0480042
31.4927907,-7.30047607,16.1868134,-45.9446716
31.5027487,-7.35819244,16.2385406,-46.0135803
31.5127067,-7.22108459,16.2575912,-45.8813782
31.5226647,-7.16390228,16.2276688,-46.1672668
31.5326227,-7.03804016,16.3118591,-45.9989319
31.5425807,-7.1493454,16.2348709,-45.9747925
31.5525387,-7.27331543,16.1583786,-45.9548035
31.5624967,-7.27331543,16.1583786,-45.9548035
31.5724547,-7.22450256,16.2343674,-45.8877869
31.5824117,-7.21789551,16.1668777,-45.9033508
31.5923697,-7.14791107,16.2406769,-46.0325317
31.6023277,-7.10525513,16.1476212,-46.199646
31.6122857,-7.03781891,16.0320129,-46.1876526
31.6222437,-6.9730835,16.1496429,-46.3453674
31.6322017,-7.0010376,16.1856308,-46.2565918
31.6421597,-7.11962128,16.2445068,-46.091095
31.6521177,-6.96504211,16.3693848,-46.1956482
31.6620757,-7.10125732,16.3114853,-46.0350647
31.6720337,-7.1138382,16.2285385,-45.9847412
31.6819917,-7.10907745,16.2332916,-45.842926
31.6919497,-7.20583344,16.1328659,-46.1506042
31.7019077,-6.97373962,16.1723251,-45.9073792
31.7118657,-7.13691711,16.2253723,-46.1697693
31.7218227,-6.74211121,16.0303116,-46.0248413
31.7317807,-7.06300354,15.913681,-46.4580383
31.7417387,-6.85542297,15.7843704,-46.4484863
31.7516967,-6.93854523,15.751236,-46.6977539
31.7616547,-6.65298462,15.6768875,-46.6300659
31.7716127,-6.93206787,15.6543198,-46.927124
31.7815707,-6.83826447,15.623497,-46.6788635
31.7915287,-7.13481903,15.3934479,-46.6213379
31.8014867,-7.01576996,15.3256149,-46.6235352
31.8114447,-7.08002472,15.2405319,-46.7572327
31.8214027,-7.10699463,15.23423,-46.8211365
31.8313607,-6.94072723,15.1475601,-46.9309082
31.8413187,-6.97144318,15.0357285,-47.0237732
31.8512767,-6.6710434,14.9888382,-46.8036499
31.8612337,-6.6266098,15.0856247,-47.0193176
31.8711917,-6.52007294,15.2083359,-46.9009094
31.8811497,-6.51737213,15.3851013,-46.8671265
31.8911077,-6.40649414,15.4408264,-46.7952271
31.9010657,-6.59375763,15.3197708,-46.978241
31.9110237,-6.56244659,15.3288116,-46.5440369
31.9209817,-6.56244659,15.3288116,-46.5440369
31.9309397,-6.50745392,15.4112396,-46.6629944
31.9408977,-6.45917511,15.4424286,-46.518219
31.9508557,-6.58986664,15.315834,-46.8201599
31.9608137,-6.3649826,15.2765732,-46.654541
31.9707717,-6.41098785,15.1828995,-46.8309631
31.9807297,-6.41345215,15.0485382,-46.7673035
31.9906867,-6.43258667,15.1126022,-46.8108521
32.0006447,-6.4807663,15.3363647,-46.7658997
32.0106027,-6.30714417,15.3491287,-46.7353821
32.0205607,-6.34487915,15.4183273,-46.7988892
32.0305187,-6.4159317,15.5616837,-46.5908203
32.0404767,-6.3377533,15.7281723,-46.563446
32.0504347,-6.37049866,15.6411667,-46.5835876
32.0603927,-6.44564056,15.4878387,-46.6015015
32.0703507,-6.50400543,15.3792267,-46.5342407
32.0803087,-6.50374603,15.4684753,-46.5621643
32.0902667,-6.65432739,15.3757095,-46.7225952
32.1002247,-6.66107178,15.2911377,-46.4878235
32.1101827,-6.94596863,15.3427811,-46.7121277
32.1201397,-6.81139374,15.2672501,-46.3864746
32.1300977,-7.02772522,15.3034058,-46.6933289
32.1400562,-6.92739868,15.4608994,-46.4975281
32.1500142,-7.12113953,15.3296814,-46.8566895
32.1599722,-7.04925537,15.4016037,-46.6889038
32.1699302,-7.28874969,15.3004379,-46.7839966
32.1798882,-7.12239838,15.3082123,-46.4771118
32.1898462,-7.41138458,15.2797546,-46.7086792
32.1998042,-7.30973053,15.2914352,-46.4537964
32.2097622,-7.41663361,15.2561264,-46.5921936
32.2197202,-7.66201782,15.2738342,-46.2055359
32.2296782,-7.68480682,15.2988739,-46.2574463
32.2396362,-7.60402679,15.3795929,-46.4586792
32.2495932,-7.48725128,15.6374588,-46.267334
32.2595512,-7.60138702,15.6716232,-46.3191528
32.2695092,-7.60138702,15.6716232,-46.3191528
32.2794672,-7.61029053,15.7183685,-46.1756592
32.2894252,-7.59077454,15.9356155,-46.0518494
32.2993832,-7.44917297,15.9141159,-46.0278015
32.3093412,-7.59069824,15.9528046,-46.0872192
32.3192992,-7.62097931,15.9389191,-45.993866
32.3292572,-7.76036072,15.8408279,-46.1011047
32.3392152,-7.86762238,15.7818069,-45.9373779
32.3491732,-7.76703644,16.0214386,-45.9236145
32.3591312,-7.82109833,15.9585876,-45.7532959
32.3690892,-7.94026184,15.8843918,-45.8102112
32.3790462,-7.91827393,15.8930511,-45.8706665
32.3890042,-7.91543579,15.8468018,-45.9296875
32.3989622,-8.03223419,15.8406219,-45.7363281
32.4089202,-7.90470886,16.0864716,-45.680542
32.4188782,-8.02107239,16.0731659,-45.7785034
32.4288362,-7.93468475,16.173233,-45.5187378
32.4387942,-7.94192505,16.1358109,-45.4613037
32.4487522,-8.02436066,16.2925034,-45.3753967
32.4587102,-8.03384399,16.236969,-45.2746582
32.4686682,-8.10626221,16.2324295,-45.364563
32.4786262,-7.92610168,16.1981888,-45.3923035
32.4885842,-7.97558594,16.2342682,-45.5144348
32.4985422,-7.74420166,16.2899475,-45.4181213
32.5084992,-7.97320557,16.2915497,-45.9113464
32.5184572,-7.7428894,16.368988,-45.6125183
32.5284152,-7.88669586,16.4045868,-45.5118408
32.5383732,-7.85153961,16.3836899,-45.1616821
32.5483312,-7.88887024,16.4980392,-45.2634888
32.5582892,-7.653862,16.5533676,-45.2932129
32.5682472,-7.81253052,16.5003204,-45.338501
32.5782052,-7.57765961,16.6029663,-45.2598877
32.5881632,-7.71567535,16.5353546,-45.4460144
32.5981212,-7.66531372,16.55233,-45.2716064
32.6080792,-7.77481079,16.6710815,-45.151886
32.6180372,-7.47423553,16.8215179,-45.3048401
32.6279952,-7.47072601,16.831337,-45.2791443
32.6379522,-7.56598663,16.9977112,-45.2807312
32.6479102,-7.58229065,17.2572632,-45.3352661
32.6578682,-7.31341553,17.080658,-45.2641907
32.6678262,-7.47452545,17.1089325,-45.0737
32.6777842,-7.31788635,17.2105789,-44.9433289
32.6877422,-7.42487335,17.1458817,-45.0924683
32.6977002,-7.2742691,17.2325439,-45.0110779
32.7076582,-7.23506165,17.2888184,-45.013092
32.7176162,-6.99975586,17.3860779,-44.9455872
32.7275742,-7.21464539,17.2903061,-44.8841858
32.7375322,-7.23748016,17.3534546,-44.9356689
32.7474902,-7.29960632,17.4218826,-45.2388
32.7574472,-7.24751282,17.4639969,-45.0900574
32.7674052,-7.27615356,17.3921356,-45.0454712
32.7773632,-7.15542603,17.541481,-44.9716797
32.7873212,-7.0401535,17.6179276,-44.8091736
32.7972792,-7.12854767,17.737236,-45.0544739
32.8072372,-7.05130005,17.6835403,-44.8666382
32.8171952,-7.05545807,17.873497,-44.8314514
32.8271532,-6.92050934,17.8142319,-44.8308105
32.8371112,-6.89310455,17.9644928,-45.0296326
32.8470692,-6.8895874,17.9705582,-45.1056213
32.8570272,-7.01852417,17.9962006,-45.0871887
32.8669852,-7.01303101,18.0729904,-45.2116089
32.8769432,-6.92902374,18.0139542,-44.89328
32.8869002,-6.97602081,18.152832,-44.8598938
32.8968582,-6.89092255,18.0657043,-44.7025146
32.9068162,-6.9206543,18.2182312,-44.8952332
32.9167742,-6.9471283,18.0828094,-44.4226379
32.9267322,-7.2166214,18.2201843,-45.1679688
32.9366902,-6.78388214,18.279892,-44.7113647
32.9466482,-7.16427612,18.4333801,-45.2466431
32.9566062,-6.8578186,18.370163,-44.6086121
32.9665642,-6.88043976,18.4702072,-44.9727173
32.9765222,-6.88043976,18.4702072,-44.9727173
32.9864802,-6.70735931,18.4809418,-44.567749
32.9964382,-6.94535828,18.4873199,-44.7709961
33.0063952,-6.60408783,18.5655899,-44.5264282
33.0163532,-6.75892639,18.6953888,-44.5852966
33.0263112,-6.7399292,18.4262772,-44.3190918
33.0362692,-6.99573517,18.4927521,-44.6637878
33.0462272,-7.05752563,18.4968796,-44.6196594
33.0561852,-6.9154129,18.5469437,-44.6825867
33.0661432,-7.12945557,18.4305191,-44.7601624
33.0761012,-6.91325378,18.5245667,-44.8336792
33.0860592,-6.90962219,18.2723236,-44.8668518
33.0960172,-6.81147766,18.4973145,-44.6169128
33.1059752,-6.89179993,18.5701218,-44.5575867
33.1159332,-6.8890152,18.5270309,-44.5810242
33.1258902,-7.04917908,18.5297852,-44.916748
33.1358482,-6.84855652,18.4047318,-44.4213257
33.1458058,-7.08371735,18.6223602,-44.6192017
33.1557638,-7.00507355,18.6593323,-44.4942322
33.1657218,-7.13337708,18.6455002,-44.5366211
33.1756798,-7.18582916,18.4588318,-44.7218933
33.1856378,-7.25723267,18.3581848,-44.7875061
33.1955958,-7.21952057,18.2610321,-44.7894592
33.2055538,-7.26380157,18.0904236,-44.8720398
33.2155118,-7.43339539,18.184639,-44.9315186
33.2254698,-7.47668457,18.1000671,-44.8671265
33.2354278,-7.50816345,18.210907,-45.2421875
33.2453848,-7.51654816,18.1520157,-45.0419617
33.2553428,-7.41300201,18.213295,-45.3778992
33.2653008,-7.34880829,18.0813065,-45.0598755
33.2752588,-7.18851471,18.1315231,-44.8807678
33.2852168,-7.31351471,17.9891815,-45.0503235
33.2951748,-7.17784119,18.0665436,-44.8124695
33.3051328,-7.42021179,18.0059128,-44.9870911
33.3150908,-7.18088531,17.7497177,-44.7653503
33.3250488,-7.57294464,17.660408,-45.3101501
33.3350068,-7.57294464,17.660408,-45.3101501
33.3449648,-7.29137421,17.764801,-44.8252869
33.3549228,-7.46954346,17.6416321,-45.0979004
33.3648798,-7.1875,17.5877533,-44.7537842
33.3748378,-7.31596375,17.6425171,-44.8817749
33.3847958,-7.19181824,17.500206,-44.8071594
33.3947538,-7.21073914,17.7744675,-45.3155823
33.4047118,-7.07662964,17.7301941,-44.8987732
33.4146698,-7.26555634,17.8261032,-44.9871826
33.4246278,-7.11579132,17.7705765,-44.6304016
33.4345858,-7.17483521,17.7923508,-44.8746948
33.4445438,-7.01735687,17.800148,-44.7610779
33.4545018,-7.15225983,17.8599548,-44.9222717
33.4644598,-7.33209229,17.9761887,-44.8591003
33.4744178,-7.30850983,18.0226974,-44.8716125
33.4843748,-7.3818512,18.0997696,-44.8849182
33.4943328,-7.23595428,18.0143814,-45.0743103
33.5042908,-7.52017212,18.0772324,-45.2081909
33.5142488,-7.35002899,18.105957,-44.6898499
33.5242068,-7.55530548,18.2359085,-44.8370972
33.5341648,-7.28716278,18.2217331,-44.7373962
33.5441228,-7.6700058,18.4456482,-45.0066528
33.5540808,-7.65933228,18.2429276,-44.7915344
33.5640388,-7.5919342,18.2252731,-44.8579407
33.5739968,-7.32478333,18.2708282,-44.68927
33.5839548,-7.17866516,18.1965485,-44.603241
33.5939128,-7.05200958,18.3426132,-44.4975891
33.6038698,-6.76596832,18.5455246,-44.6773376
33.6138278,-6.5735321,18.7353287,-44.6047974
33.6237858,-6.471138,18.8220215,-44.5934753
33.6337438,-6.31681061,18.8367615,-44.4189148
33.6437018,-6.27783966,19.1173401,-44.4545593
33.6536598,-6.22455597,19.2763596,-44.492218
33.6636178,-6.03755951,19.1827164,-44.3962708
33.6735758,-5.78761292,19.1905289,-44.2936096
33.6835338,-5.78761292,19.1905289,-44.2936096
33.6934918,-5.71238708,19.173439,-44.6599426
33.7034498,-5.52072144,19.1997299,-44.5574036
33.7134078,-5.52541351,19.2419968,-44.7125549
33.7233648,-5.26863098,19.2340164,-44.6547852
33.7333228,-5.43336487,19.2246933,-44.721405
33.7432808,-5.29232788,19.3468094,-44.5032043
33.7532388,-5.39707947,19.4751511,-44.8577271
33.7631968,-5.34175873,19.3314896,-44.3111877
33.7731548,-5.57894897,19.432457,-44.6845398
33.7831128,-5.39964294,19.5038528,-44.214386
33.7930708,-5.65473938,19.5416794,-44.4398499
33.8030288,-5.55376434,19.6536636,-44.0905762
33.8129868,-5.76251984,19.759346,-44.5159607
33.8229448,-5.65005493,19.6658554,-44.0370178
33.8329028,-5.72650146,19.6974564,-44.3568726
33.8428598,-5.80091858,19.6539841,-44.0995789
33.8528178,-5.99838257,19.9202499,-44.3086853
33.8627758,-5.89599609,19.9889297,-44.1847229
33.8727338,-5.95870209,19.9530258,-43.9645996
33.8826918,-6.34672546,19.9749832,-44.3171692
33.8926498,-6.12430573,19.992485,-44.0458069
33.9026078,-6.19632721,19.9617844,-44.2063904
33.9125658,-6.13360596,20.0365067,-44.1852112
33.9225238,-6.22896576,20.1967392,-44.540802
33.9324818,-6.06916809,20.1892014,-43.9859314
33.9424398,-6.24332428,20.4875717,-44.5170593
33.9523968,-6.09906006,20.3935318,-44.1699219
33.9623548,-6.33904266,20.5049057,-44.611908
33.9723128,-6.40750885,20.4949875,-44.3482361
33.9822708,-6.4907074,20.4212112,-44.5300598
33.9922288,-6.46551514,20.4284744,-44.2168274
34.0021868,-6.5795517,20.4962845,-44.4408569
34.0121448,-6.75870514,20.6775742,-44.5116272
34.0221028,-6.92572021,20.6453934,-44.5900574
34.0320608,-6.97763062,20.6900253,-44.5970764
34.0420188,-6.97763062,20.6900253,-44.5970764
34.0519768,-7.04821777,20.774498,-44.5751038
34.0619348,-7.01203156,20.8370438,-44.5556641
34.0718918,-6.92350006,20.9388962,-44.5287781
34.0818498,-6.9203186,21.0530319,-44.3658142
34.0918078,-6.98201752,21.2892532,-44.3440247
34.1017658,-6.90662384,21.5608749,-44.0603943
34.1117238,-7.03860474,21.7594223,-44.1320496
34.1216818,-6.98654938,22.0381699,-43.8353882
34.1316398,-7.09289551,22.2548599,-43.9112244
34.1415977,-6.87375641,22.5121918,-43.5709534
34.1515557,-7.01275635,22.8824463,-43.4692383
34.1615137,-6.71347046,22.8991241,-43.332489
34.1714717,-6.73183441,23.1203308,-43.3366699
34.1814287,-6.44757843,23.1802979,-43.2071228
34.1913867,-6.51985931,23.367218,-43.45047
34.2013447,-6.11325836,23.5063934,-43.0834656
34.2113027,-6.30583191,23.4994354,-43.2845154
34.2212607,-6.04842377,23.6852417,-43.0654297
34.2312187,-6.35723114,23.8075256,-43.0660095
34.2411767,-6.23412323,23.7521667,-42.7836914
34.2511347,-6.33256531,24.0375061,-43.132843
34.2610927,-6.31848145,24.0133362,-42.9549866
34.2710507,-6.13617706,24.1088943,-42.9131775
34.2810087,-6.26280975,24.2222672,-43.0873413
34.2909657,-6.26966858,24.1403122,-42.8584595
34.3009237,-6.36186218,24.2151108,-43.1404724
34.3108817,-6.26973724,24.2904587,-42.9160767
34.3208397,-6.53912354,24.3934097,-43.089447
34.3307977,-6.5267868,24.5083542,-42.6083069
34.3407557,-6.6847229,24.5077286,-42.7922668
34.3507137,-6.79790497,24.6041336,-42.3746033
34.3606717,-7.19823456,24.6084518,-42.5418701
34.3706297,-7.30902863,24.6101913,-42.3017273
34.3805877,-7.47690582,24.7688828,-42.2019958
34.3905457,-7.47690582,24.7688828,-42.2019958
34.4005037,-7.62302399,24.7184067,-42.0713501
34.4104607,-7.77188873,24.7035904,-42.1260986
34.4204187,-7.9155426,24.7732162,-42.0982666
34.4303767,-8.01611328,24.8876801,-42.3810425
34.4403347,-8.10559082,24.8523407,-42.262146
34.4502927,-8.25236511,24.858551,-42.2110291
34.4602507,-8.32385254,24.9536896,-42.3020325
34.4702087,-8.25130463,24.8923492,-42.1165466
34.4801667,-8.1171875,24.9384766,-42.1095581
34.4901247,-8.16323853,24.9424133,-41.9644775
34.5000827,-7.9177475,25.161087,-41.9428406
34.5100407,-7.94152832,25.3764191,-42.013916
34.5199977,-7.85415649,25.388443,-41.7419434
34.5299557,-8.17420197,25.4797058,-42.1129456
34.5399137,-7.97644043,25.5307007,-41.9079895
34.5498717,-8.18257904,25.65802,-41.9579468
34.5598297,-8.00391388,25.6966095,-41.8187256
34.5697877,-8.26634979,25.5660095,-42.205658
34.5797457,-7.9362793,25.4268036,-41.9519043
34.5897037,-8.18127441,25.3930206,-42.3989258
34.5996617,-7.73716736,25.0700531,-42.2963867
34.6096197,-7.95326996,24.6889648,-42.6694336
34.6195777,-7.62508392,24.3999634,-42.3363647
34.6295347,-7.67937469,24.227951,-42.7861328
34.6394927,-7.53582764,24.0602112,-42.7269592
34.6494507,-7.47190094,23.9620056,-43.1567383
34.6594087,-7.43495941,23.842514,-42.8134155
34.6693667,-7.2561264,23.7038879,-42.923584
34.6793247,-7.58224487,23.7622375,-43.0166321
34.6892827,-7.61187744,23.576889,-42.7364197
34.6992407,-7.77446747,23.7533722,-42.7757568
34.7091987,-7.62566376,23.6778717,-42.7088318
34.7191567,-7.88489532,23.5897522,-43.0147705
34.7291147,-7.71947479,23.4626617,-42.8905945
34.7390717,-7.83322144,23.3074646,-43.124176
34.7490297,-7.78020477,23.3032379,-43.1286926
34.7589877,-7.71692657,23.3090668,-43.042572
34.7689457,-7.81336212,23.2938538,-43.3375549
34.7789037,-7.70777893,23.1171722,-43.3980713
34.7888617,-7.63792419,22.9503174,-43.5114136
34.7988197,-7.73983002,22.8185349,-43.4057007
34.8087777,-7.65797424,22.609642,-43.6994629
34.8187357,-7.7811203,22.4644394,-43.5919495
34.8286937,-7.66421509,22.1584396,-43.6511841
34.8386517,-7.53936005,22.0510941,-43.8287659
34.8486087,-7.48096466,21.9287491,-43.7690735
34.8585667,-7.56434631,21.8229294,-43.943634
34.8685247,-7.77603912,21.6949081,-44.0606995
34.8784827,-8.03672028,21.5772705,-44.0236816
34.8884407,-8.40519714,21.5276947,-44.0168457
34.8983987,-8.62572479,21.4842682,-43.8191528
34.9083567,-8.93927002,21.5375977,-43.8200684
34.9183147,-9.03472137,21.7110596,-43.7850647
34.9282727,-9.40833282,21.6524506,-43.9716797
34.9382307,-9.48192596,21.469696,-43.756958
34.9481887,-9.91478729,21.2686462,-43.9296265
34.9581457,-9.74543762,21.1152496,-43.6666565
34.9681037,-10.0012131,21.0643616,-44.1462097
34.9780617,-9.98593903,20.8335571,-44.0065308
34.9880197,-10.2351456,20.8137207,-44.3912964
34.9979777,-10.0691681,20.7023163,-44.051178
35.0079357,-10.5048828,20.5982361,-44.2461243
35.0178937,-10.4214554,20.4799652,-44.0556335
35.0278517,-10.7471848,20.5385132,-44.4194336
35.0378097,-10.7787323,20.2594604,-44.0733337
35.0477677,-11.0747604,20.183197,-44.430481
35.0577257,-11.2139969,20.0275574,-44.2885132
35.0676827,-11.3990631,19.992363,-44.4041138
35.0776407,-11.7822189,19.8417282,-44.1751099
35.0875987,-11.8643951,19.7180099,-44.1680908
35.0975567,-12.1315918,19.6654282,-44.6348877
35.1075147,-12.1315918,19.6654282,-44.6348877
35.1174727,-12.1958389,19.4177933,-44.590271
35.1274307,-12.3398666,19.268425,-44.522583
35.1373887,-12.2812729,19.172905,-44.3919983
35.147347,-12.5748749,19.026329,-44.5411377
35.157305,-12.5026855,18.9513321,-44.2678528
35.167262,-12.5512161,18.9202347,-44.70224
35.17722,-12.609848,18.6400223,-44.4720154
35.187178,-12.7109146,18.4946899,-44.7098389
35.197136,-12.7554855,18.4297638,-44.6031189
35.207094,-12.7247543,18.2655792,-44.7990417
35.217052,-12.6062927,18.0713348,-44.8974609
35.22701,-12.6139374,17.6664658,-45.0216064
35.236968,-12.4743576,17.5636139,-45.0402222
35.246926,-12.5007324,17.4131622,-45.19104
35.256884,-12.3835144,17.2451248,-45.2390137
35.266842,-12.5151367,17.0323029,-45.1053467
35.276799,-12.4094162,16.8785629,-45.6371155
35.286757,-12.2812424,16.7832642,-45.6346436
35.296715,-12.0833282,16.7657623,-45.5169373
35.306673,-12.2182465,16.5544815,-45.76828
35.316631,-12.0900574,16.2043457,-45.822937
35.326589,-12.2930298,15.9255066,-45.9096985
35.336547,-12.0716705,15.8154907,-45.9833374
35.346505,-12.3463287,15.5692139,-46.2802429
35.356463,-11.9419022,15.3836746,-45.8746948
35.366421,-12.364975,15.1072006,-46.4729919
35.376379,-12.1065369,14.9119644,-46.1252136
35.386336,-12.2075348,14.6353989,-46.3346558
35.396294,-12.1579666,14.4101944,-46.1365051
35.406252,-12.3464584,14.1682053,-46.8125
35.41621,-12.3144226,13.9601212,-46.2919312
35.426168,-12.6150208,13.9324036,-46.4464722
35.436126,-12.6925507,13.5980835,-46.1034546
35.446084,-13.1139374,13.6467972,-46.4024658
35.456042,-13.1139374,13.6467972,-46.4024658
35.466,-13.4647522,13.3370667,-46.313324
35.475958,-14.0102234,13.0533371,-46.3312378
35.485915,-14.2633667,12.7596817,-46.2819519
35.495873,-14.5130081,12.3376617,-46.1960144
35.505831,-14.9255524,12.2160492,-46.121582
35.515789,-15.0326385,12.0559387,-46.0521545
35.525747,-15.3739853,11.7335815,-46.2749329
35.535705,-15.4573517,11.5181961,-45.9825745
35.545663,-15.8345032,11.406868,-45.8869629
35.555621,-16.1004333,11.2476807,-45.7149658
35.565579,-16.5346146,11.0983734,-45.9359131
35.575537,-16.7224503,10.9713669,-45.5646973
35.585495,-17.2234344,10.6283035,-45.6138611
35.595452,-17.2891006,10.5084534,-45.6471558
35.60541,-17.7396393,10.2423401,-45.6980591
35.615368,-17.8207397,9.93126678,-45.6172485
35.625326,-17.8072281,9.71401978,-45.4877319
35.635284,-18.2403183,9.41599274,-45.5923157
35.645242,-18.2636871,9.14619446,-45.7086792
35.6552,-18.4957428,8.6692276,-45.6362
35.665158,-18.5351868,8.26222229,-45.1682739
35.675116,-18.7772141,7.93842316,-45.2843323
35.685074,-18.7650452,7.79951477,-45.1687317
35.695031,-18.900116,7.64853668,-45.2226562
35.704989,-19.0156784,7.39469147,-44.926178
35.714947,-18.963356,7.27346039,-45.0250244
35.724905,-19.0722961,6.96656036,-45.1052551
35.734863,-19.1677322,6.89069366,-44.9596252
35.744821,-19.6463928,6.4852066,-44.9554443
35.754779,-19.688446,6.18454742,-44.5246582
35.764737,-20.0849762,5.5785141,-44.664093
35.774695,-20.124527,5.50760651,-44.5446472
35.784653,-20.5297012,4.96567535,-44.7178955
35.794611,-20.8005753,4.73281097,-44.5800476
35.804568,-20.9426804,4.20748901,-44.7996521
35.814526,-20.9426804,4.20748901,-44.7996521
35.824484,-20.77211,4.12584686,-44.4613647
35.834442,-21.0699921,3.62120819,-44.7370911
35.8444,-21.1856613,3.34901428,-44.6784973
35.854358,-21.3919449,2.90063477,-44.729248
35.864316,-21.4498062,2.67273712,-44.7141113
35.874274,-21.5887833,2.07093048,-44.6149597
35.884232,-21.8402557,1.77175903,-44.5942383
35.89419,-21.9147491,1.31665802,-44.5319824
35.904147,-22.0647507,0.891853333,-44.4981995
35.914105,-22.1167221,0.429252625,-44.3538818
35.924063,-22.2821426,-0.149307251,-44.4350281
35.934021,-22.2211075,-0.525657654,-44.2608337
35.943979,-22.413002,-1.13859558,-44.3448792
35.953937,-22.558342,-1.34607697,-44.1895447
35.963895,-22.6689529,-1.97023773,-44.2178955
35.973853,-22.6689682,-2.27125549,-44.1408691
35.983811,-22.7639084,-2.71025848,-44.3042297
35.993769,-22.6855545,-3.17549896,-44.0428162
36.003726,-22.8176346,-3.63066864,-44.1576843
36.013684,-22.6703873,-3.92234802,-44.196228
36.023642,-22.5636978,-4.33892059,-44.1491089
36.0336,-22.368866,-4.79936981,-44.2045288
36.043558,-22.2722778,-5.211586,-43.9900818
36.053516,-22.0990295,-5.61443329,-44.0460205
36.063474,-21.9116821,-5.932724,-44.0669556
36.073432,-21.7387238,-6.50431061,-44.4031677
36.08339,-21.5530396,-6.75485992,-44.2981262
36.093348,-21.3614731,-7.20116425,-44.3412476
36.103305,-21.2147903,-7.42149353,-44.440094
36.113263,-21.2326889,-7.56746674,-44.4576111
36.123221,-21.2789536,-7.80617523,-44.6494141
36.133179,-21.3067551,-7.94062805,-44.3514099
36.1431362,-21.355217,-8.280159,-44.5028381
36.1530942,-21.2934189,-8.4503479,-44.2799683
36.1630522,-21.2934189,-8.4503479,-44.2799683
36.1730102,-21.2967377,-8.90990448,-44.4416809
36.1829682,-21.1625519,-8.83882141,-43.9449768
36.1929262,-21.2044067,-9.47386169,-44.2428589
36.2028842,-21.0023193,-9.33499908,-44.139679
36.2128412,-21.142746,-9.93606567,-44.2944031
36.2227992,-20.9853821,-9.84514618,-43.9631348
36.2327572,-21.1020203,-10.0698471,-44.0444946
36.2427152,-21.1999512,-10.2498016,-43.6389771
36.2526732,-21.3397675,-10.5578156,-43.7563782
36.2626312,-21.2416382,-10.4708405,-43.3665466
36.2725892,-21.3119202,-10.7918777,-43.3067322
36.2825472,-21.4217834,-10.9754868,-43.1549683
36.2925052,-21.5760193,-11.0966187,-43.3363037
36.3024632,-21.5924377,-11.1662827,-43.3913879
36.3124202,-21.6653137,-11.3060532,-43.1655884
36.3223782,-21.6410522,-11.6698303,-43.4292603
36.3323362,-21.5326462,-11.6215515,-43.3326721
36.3422942,-21.3418655,-11.7250061,-43.4205017
36.3522522,-21.3494034,-11.8945389,-43.462616
36.3622102,-21.3545761,-12.1625061,-43.3734436
36.3721682,-21.3769302,-12.1925888,-43.3019104
36.3821262,-21.3758011,-12.3024063,-43.3403625
36.3920842,-21.3051987,-12.3919907,-43.1641235
36.4020422,-21.1804123,-12.5743408,-43.3384705
36.4119992,-21.099617,-12.6644669,-43.388092
36.4219572,-21.0702896,-12.8491669,-43.2365417
36.4319152,-21.0356369,-12.7399445,-43.276001
36.4418732,-20.9709091,-12.6906662,-43.2290955
36.4518312,-21.0686111,-12.7286453,-43.4550476
36.4617892,-21.0778885,-12.4979019,-43.4629822
36.4717472,-21.1094284,-12.5958176,-43.4277954
36.4817052,-21.0301743,-12.3702469,-43.7595215
36.4916632,-20.9003677,-12.3007889,-43.8793335
36.5016212,-20.9585342,-12.4187775,-43.6330261
36.5115782,-20.8695908,-12.2936935,-43.4653931
36.5215362,-20.8695908,-12.2936935,-43.4653931
36.5314942,-20.8155289,-12.2909012,-43.4384155
36.5414522,-20.7417984,-12.1604309,-43.6022949
36.5514102,-20.5748825,-12.2787476,-43.6369629
36.5613682,-20.6518173,-11.9496002,-43.6459045
36.5713262,-20.9401321,-11.918808,-43.4679565
36.5812842,-20.8785172,-11.4638748,-43.4768372
36.5912422,-20.9496078,-11.6794739,-43.6439209
36.6012002,-21.0203934,-11.4126587,-43.1980286
36.6111572,-21.1459274,-11.7591171,-43.3817749
36.6211152,-21.1239243,-11.450798,-43.3697205
36.6310732,-21.3640823,-11.6600037,-43.5494385
36.6410312,-21.3482437,-11.3277283,-43.1546631
36.6509892,-21.3411942,-11.553627,-43.2526245
36.6609472,-21.2495499,-11.2683487,-43.1598511
36.6709052,-21.3855362,-11.2929535,-43.3916626
36.6808632,-21.3493423,-11.2282562,-43.1799927
36.6908212,-21.2525558,-11.1019287,-43.303833
36.7007792,-21.2681503,-11.0156326,-43.3900146
36.7107362,-21.4339523,-11.0165939,-43.4066162
36.7206942,-21.2936783,-11.1735764,-43.4880981
36.7306522,-21.289772,-11.0552444,-43.4330444
36.7406102,-21.2332535,-11.1848602,-43.5779724
36.7505682,-21.1851273,-11.030098,-43.5902405
36.7605262,-21.2518845,-11.0345154,-43.5367126
36.7704842,-21.2112198,-11.0669327,-43.5505066
36.7804422,-21.1756973,-11.1760712,-43.7905579
36.7904002,-21.222908,-11.0002213,-43.5797119
36.8003572,-21.2803726,-10.9841995,-43.8076172
36.8103152,-21.1938095,-10.8063583,-43.7311096
36.8202732,-21.2269363,-10.8302765,-43.8621826
36.8302312,-21.1821823,-10.6525574,-43.884552
36.8401892,-21.1476669,-10.5772629,-43.8878174
36.8501472,-21.3641739,-10.6684113,-43.661499
36.8601052,-21.4334488,-10.6809464,-43.5590515
36.8700632,-21.5481339,-10.7470016,-43.661377
36.8800212,-21.5481339,-10.7470016,-43.661377
36.8899792,-21.6052933,-10.7277222,-43.664917
36.8999362,-21.7994308,-10.8112259,-43.4086609
36.9098942,-21.8366928,-10.7775116,-43.6356201
36.9198522,-21.8455124,-10.6098709,-43.7218018
36.9298102,-21.7778397,-10.5439301,-43.5047302
36.9397682,-21.8091202,-10.4683075,-43.6166077
36.9497262,-21.8764725,-10.6399536,-43.6046448
36.9596842,-21.8369064,-10.3230972,-43.4577026
36.9696422,-21.9441299,-10.6442871,-43.4606628
36.9796002,-21.8300095,-10.3852692,-43.416748
36.9895582,-21.9173813,-10.532196,-43.4981079
36.9995152,-21.8583298,-10.3622742,-43.4679565
37.0094732,-21.966011,-10.5377502,-43.6381836
37.0194312,-22.0172043,-10.3392334,-43.2661743
37.0293892,-22.0480881,-10.6710815,-43.3200378
37.0393472,-22.0564957,-10.2665787,-43.1814575
37.0493052,-22.2593613,-10.4406967,-43.5348816
37.0592632,-22.2412796,-10.2725296,-43.4113464
37.0692212,-22.2144241,-10.4101562,-43.490387
37.0791792,-22.2124863,-10.316246,-43.2543945
37.0891372,-22.1504898,-10.3762054,-43.3425598
37.0990942,-22.1542282,-10.2411118,-43.4473877
37.1090522,-22.2037582,-10.225975,-43.3671265
37.1190102,-22.2727737,-10.2234039,-43.5188293
37.1289682,-22.133522,-10.1383591,-43.5186157
37.1389262,-22.1586227,-10.2146912,-43.4614258
37.1488845,-21.9804459,-10.1698685,-43.4997559
37.1588425,-21.9840927,-10.357811,-43.6783752
37.1688005,-22.0371017,-10.3724213,-43.6655579
37.1787585,-21.91259,-10.3423767,-43.5694275
37.1887155,-21.8892441,-10.1980972,-43.5073547
37.1986735,-21.9402847,-10.1736069,-43.5678406
37.2086315,-21.8106308,-10.1410751,-43.594635
37.2185895,-21.7603226,-10.2713013,-43.7174988
37.2285475,-21.7603226,-10.2713013,-43.7174988
37.2385055,-21.7882614,-10.2565994,-43.4919128
37.2484635,-21.7709885,-10.3165436,-43.5484314
37.2584215,-21.7926712,-10.201149,-43.8082275
37.2683795,-21.6793289,-10.1513443,-43.8736877
37.2783375,-21.7164688,-10.2621155,-43.7774048
37.2882945,-21.6142349,-10.3078308,-43.747467
37.2982525,-21.6747971,-10.3671494,-43.8052673
37.3082105,-21.5069351,-10.5307007,-43.7961426
37.3181685,-21.4460831,-10.5652313,-44.0156555
37.3281265,-21.4269028,-10.4880524,-43.9954224
37.3380845,-21.3454056,-10.57621,-44.0746155
37.3480425,-21.2959824,-10.5288849,-44.0842285
37.3580005,-21.2957687,-10.3705139,-43.861908
37.3679585,-21.1811142,-10.6122284,-44.0992737
37.3779165,-21.2951813,-10.341568,-43.9237366
37.3878735,-21.3722229,-10.6179428,-44.0723267
37.3978315,-21.1786957,-10.3470078,-43.8078003
37.4077895,-21.3314056,-10.6953583,-44.195343
37.4177475,-21.2453918,-10.345787,-43.8847046
37.4277055,-21.2583313,-10.6276627,-44.0490112
37.4376635,-21.1433411,-10.3035126,-43.8035278
37.4476215,-21.1396332,-10.6411362,-43.9543762
37.4575795,-21.2645264,-10.5081711,-43.9724731
37.4675375,-21.4114532,-10.7954254,-43.887207
37.4774945,-21.2615967,-10.4051437,-43.9328918
37.4874525,-21.1626282,-10.4767075,-44.1972656
37.4974105,-21.290329,-10.4029617,-44.0761108
37.5073685,-21.2498016,-10.2901154,-43.9890747
37.5173265,-21.2940063,-10.3705597,-43.9090576
37.5272845,-21.3664093,-10.3576965,-43.868042
37.5372425,-21.385376,-10.5924911,-43.8859863
37.5472005,-21.4312134,-10.4398499,-43.9015503
37.5571585,-21.4927368,-10.6262817,-43.8421326
37.5671165,-21.511795,-10.5793915,-43.7226257
37.5770735,-21.6247253,-10.6004639,-43.8840942
37.5870315,-21.6247253,-10.6004639,-43.8840942
37.5969895,-21.5779266,-10.5462036,-43.8492432
37.6069475,-21.519989,-10.5159149,-44.0261841
37.6169055,-21.5217285,-10.4977417,-43.8148804
37.6268635,-21.5410614,-10.6477356,-43.8901672
37.6368215,-21.4857025,-10.4635544,-43.8471985
37.6467795,-21.3403625,-10.4525833,-43.7793579
37.6567375,-21.3986053,-10.5096741,-43.957428
37.6666945,-21.3244476,-10.5232239,-43.8971252
37.6766525,-21.1708527,-10.5153351,-43.9320068
37.6866105,-20.8864746,-10.4891968,-43.9136353
37.6965685,-20.9673309,-10.5078659,-44.0602722
37.7065265,-20.9255829,-10.5479507,-44.0046082
37.7164845,-20.9594879,-10.5200729,-44.0983887
37.7264425,-20.8508759,-10.5779724,-43.9616699
37.7364005,-20.8085022,-10.5567703,-43.848938
37.7463585,-20.7821045,-10.4094772,-43.903656
37.7563165,-20.7084503,-10.2822266,-43.8179932
37.7662735,-20.8992004,-10.4628601,-44.1740417
37.7762315,-20.8032074,-10.2972717,-43.759552
37.7861895,-20.800354,-10.7456055,-43.9004517
37.7961475,-20.624527,-10.5077896,-43.8964844
37.8061055,-20.685257,-10.812706,-44.0419312
37.8160635,-20.4893188,-10.3897476,-44.0081787
37.8260215,-20.5187683,-10.5359421,-44.2885742
37.8359795,-20.3794861,-10.1408615,-43.8821411
37.8459375,-20.513031,-10.4725113,-44.3661804
37.8558945,-20.3919067,-10.069664,-43.879364
37.8658525,-20.5591431,-10.1741486,-44.0483704
37.8758105,-20.4338226,-9.96781921,-44.1000366
37.8857685,-20.4454193,-9.91750336,-44.1252136
37.8957265,-20.6177063,-9.76693726,-43.9886475
37.9056845,-20.5826721,-9.7016449,-44.1254883
37.9156425,-20.6850281,-9.66075134,-44.323761
37.9256005,-20.5112152,-9.59469604,-44.1409607
37.9355585,-20.5112152,-9.59469604,-44.1409607
37.9455155,-20.6020966,-9.57306671,-44.2949524
37.9554735,-20.4748383,-9.44190216,-44.1132202
37.9654315,-20.3948975,-9.31534576,-44.2588501
37.9753895,-20.2276764,-9.26273346,-44.3475647
37.9853475,-20.0283661,-9.19046021,-44.6710205
37.9953055,-20.0067444,-9.04675293,-44.3360596
38.0052635,-19.8923035,-8.87181091,-44.519043
38.0152215,-19.8502731,-8.65054321,-44.7932739
38.0251795,-20.0453262,-8.66074371,-45.0533447
38.0351365,-19.8296432,-8.60271454,-44.8041687
38.0450945,-19.9399338,-8.59158325,-44.9917603
38.0550525,-19.7722702,-8.67077637,-45.1861877
38.0650105,-19.7882462,-8.53443909,-45.1976624
38.0749685,-19.9019547,-8.42254639,-45.1741638
38.0849265,-19.9434738,-8.26719666,-45.1810608
38.0948845,-20.0777054,-8.17916107,-45.2451172
38.1048425,-20.0286331,-8.09356689,-44.9592285
38.1148005,-20.0635757,-8.16901398,-44.9370728
38.1247585,-20.0481949,-8.06604004,-45.2783203
38.1347155,-20.1795425,-7.96286011,-45.160614
38.1446733,-20.0920944,-7.92560577,-44.8309937
38.1546313,-20.120491,-7.75643158,-44.9381409
38.1645893,-20.1915359,-7.88274384,-44.9707642
38.1745473,-20.222374,-7.77381134,-44.8392029
38.1845053,-20.35215,-7.83283234,-45.041687
38.1944633,-20.369194,-7.55066681,-44.82547
38.2044213,-20.5216751,-7.82337952,-45.0740967
38.2143793,-20.4928207,-7.53264618,-44.536499
38.2243363,-20.5966568,-7.74243164,-45.0724182
38.2342943,-20.5556717,-7.43625641,-44.9293213
38.2442523,-20.6301193,-7.55378723,-45.1195984
38.2542103,-20.5255814,-7.31506348,-44.7102356
38.2641683,-20.5896072,-7.56848145,-45.0007019
38.2741263,-20.5942917,-7.31043243,-44.8228149
38.2840843,-20.680542,-7.47467804,-45.1333008
38.2940423,-20.680542,-7.47467804,-45.1333008
38.3040003,-20.7254944,-7.16886139,-44.7172852
38.3139573,-20.8165131,-7.42858887,-44.7869873
38.3239153,-20.8930511,-7.35771942,-44.6441956
38.3338733,-20.8774109,-7.44003296,-44.7780457
38.3438313,-20.8899536,-7.58486938,-44.7012634
38.3537893,-20.8247375,-7.5373764,-44.8243713
38.3637473,-21.1767731,-7.81809998,-44.6774292
38.3737053,-21.1946259,-7.65083313,-44.6065369
38.3836633,-21.4138031,-7.91397095,-44.5617981
38.3936213,-21.473465,-7.97944641,-44.2635498
38.4035783,-21.5444794,-8.10361481,-44.561554
38.4135363,-21.4996948,-8.01213074,-44.316803
38.4234943,-21.5503998,-8.19359589,-44.4753723
38.4334523,-21.536972,-7.96990967,-44.3207703
38.4434103,-21.6532745,-8.02787781,-44.1884766
38.4533683,-21.7372894,-8.09368134,-43.7578735
38.4633263,-21.7597504,-8.03694916,-43.8782654
38.4732843,-21.9245911,-8.05039978,-43.8485718
38.4832423,-21.9125366,-8.072052,-43.7478943
38.4932003,-21.7835693,-8.13001251,-43.756897
38.5031573,-21.8574677,-8.14431,-43.6529236
38.5131153,-21.7080231,-8.13742065,-43.7073364
38.5230733,-21.7512512,-8.14538574,-43.816925
38.5330313,-21.5865326,-8.12819672,-43.7835999
38.5429893,-21.7436829,-8.21825409,-43.7445679
38.5529473,-21.6529999,-8.13373566,-43.506958
38.5629053,-21.6684418,-8.22447968,-43.5354919
38.5728633,-21.5912933,-8.04714966,-43.6972351
38.5828213,-21.6408539,-8.32025146,-43.5991516
38.5927783,-21.6253357,-8.02199554,-43.4523621
38.6027363,-21.8041229,-8.32936859,-43.6832581
38.6126943,-21.7557373,-7.9750061,-43.4072266
38.6226523,-21.6606445,-8.26158142,-43.5257568
38.6326103,-21.7020264,-8.01822662,-43.1876831
38.6425683,-21.7020264,-8.01822662,-43.1876831
38.6525263,-21.898407,-8.20295715,-43.4064026
38.6624843,-21.868042,-8.02402496,-43.1509705
38.6724423,-21.8986664,-8.4888382,-43.2846375
38.6823993,-21.6590271,-8.0974884,-42.9274597
38.6923573,-21.8656921,-8.41104126,-43.1540222
38.7023153,-21.5640869,-8.20037842,-43.0369263
38.7122733,-21.4926147,-8.53746033,-43.2884827
38.7222313,-21.1452942,-8.46927643,-43.2486267
38.7321893,-20.9946136,-8.51091003,-43.169281
38.7421473,-21.082962,-8.42155457,-43.1099243
38.7521053,-20.9672699,-8.34213257,-43.0593872
38.7620633,-20.7387695,-8.32219696,-43.3233948
38.7720203,-20.6482391,-8.13699341,-43.2732239
38.7819783,-20.5639496,-8.27414703,-43.5010681
38.7919363,-20.6093597,-8.02393341,-43.5139465
38.8018943,-20.5684509,-8.11439514,-43.5027161
38.8118523,-20.4468002,-7.921875,-43.6502075
38.8218103,-20.5824814,-8.08486938,-43.5793762
38.8317683,-20.4725418,-7.62438202,-43.5490417
38.8417263,-20.5819778,-7.8788681,-43.5838623
38.8516843,-20.6234665,-7.54433441,-43.5249939
38.8616413,-20.520668,-7.50951385,-43.2914124
38.8715993,-20.6615982,-7.53445435,-43.2815857
38.8815573,-20.7694473,-7.65668488,-43.1233215
38.8915153,-20.7250137,-7.4808197,-42.9974976
38.9014733,-20.8767776,-7.32493591,-43.1988831
38.9114313,-20.8955765,-7.31422424,-43.1427002
38.9213893,-20.698082,-7.22741699,-43.0245972
38.9313473,-20.7133713,-7.30908203,-43.061676
38.9413043,-20.733345,-7.28205109,-43.0912476
38.9512623,-20.8937759,-6.99519348,-43.1680603
38.9612203,-20.9129715,-7.20735931,-42.9680481
38.9711783,-20.8492966,-6.95054626,-43.1023254
38.9811363,-20.7911301,-7.10429382,-43.1200867
38.9910943,-20.7036514,-6.75585938,-42.7580566
39.0010523,-20.7036514,-6.75585938,-42.7580566
39.0110103,-20.7331619,-7.03395081,-42.7955933
39.0209683,-20.5715561,-6.63731384,-42.7216797
39.0309253,-20.4699326,-6.88261414,-43.0415955
39.0408833,-20.4011307,-6.6953125,-42.932251
39.0508413,-20.294136,-7.00344086,-43.1952515
39.0607993,-20.3584671,-6.67921448,-43.0596313
39.0707573,-20.1451797,-6.82335663,-43.3962097
39.0807153,-19.9880753,-6.66151428,-43.1070557
39.0906733,-19.9315262,-6.99062347,-43.5697632
39.1006313,-19.7463455,-6.68999481,-43.4794617
39.1105893,-19.7569046,-6.99225616,-43.7323914
39.1205473,-19.6962509,-6.7088089,-43.7602234
39.1305043,-19.5436172,-6.7868576,-43.7449036
39.1404623,-19.52285,-6.742836,-43.8561401
39.1504208,-19.5131454,-6.72205353,-43.96875
39.1603788,-19.5184708,-6.73033142,-43.7493286
39.1703368,-19.4717941,-6.57475281,-43.6465759
39.1802948,-19.478157,-6.77236938,-43.7674255
39.1902528,-19.321022,-6.77648163,-43.565979
39.2002108,-19.340416,-6.86878967,-43.5953979
39.2101678,-19.2655106,-6.73429108,-43.5736389
39.2201258,-19.3364029,-6.83760834,-43.6845093
39.2300838,-19.3546295,-6.69241333,-43.547821
39.2400418,-19.2185516,-6.72203827,-43.508728
39.2499998,-19.3223724,-6.62654114,-43.5743408
39.2599578,-19.5114136,-6.65563202,-43.6005249
39.2699158,-19.4143219,-6.64051819,-43.9454346
39.2798738,-19.222374,-6.61617279,-43.8674622
39.2898318,-19.3706818,-6.58139801,-43.7616882
39.2997888,-19.5604706,-6.57498169,-43.6307983
39.3097468,-19.6654663,-6.57487488,-43.5931091
39.3197048,-19.7203369,-6.34068298,-43.4863281
39.3296628,-19.870163,-6.24733734,-43.6216125
39.3396208,-20.0409393,-6.1181488,-43.7753906
39.3495788,-20.0409393,-6.1181488,-43.7753906
39.3595368,-19.9687195,-6.10765839,-43.6065979
39.3694948,-20.0166016,-6.06983185,-43.5492554
39.3794528,-19.9351959,-6.02014923,-43.6060486
39.3894098,-20.1406403,-6.27958679,-43.7056885
39.3993678,-20.1113586,-6.16634369,-43.568573
39.4093258,-20.2187805,-6.61562347,-43.6545715
39.4192838,-20.1623383,-6.30715942,-43.4683533
39.4292418,-20.2552185,-6.74938202,-43.4976501
39.4391998,-20.0819244,-6.3430481,-43.4042664
39.4491578,-20.1620789,-6.66150665,-43.9146729
39.4591158,-20.0648193,-6.48610687,-43.7654724
39.4690728,-20.1831512,-6.70799255,-44.0640564
39.4790308,-20.1682739,-6.47047424,-43.8842773
39.4889888,-20.338913,-6.68197632,-44.0580139
39.4989468,-20.3648987,-6.23375702,-43.690979
39.5089048,-20.7260284,-6.40535736,-43.7055664
39.5188628,-20.8374939,-6.06474304,-43.4170837
39.5288208,-21.3683319,-5.99164581,-43.5127869
39.5387788,-21.671463,-5.72892761,-43.2808228
39.5487368,-21.8153534,-5.55619812,-43.3508911
39.5586938,-21.996521,-5.54201508,-43.3735962
39.5686518,-21.8636475,-5.37302399,-43.4109802
39.5786098,-21.9489441,-5.63191986,-43.5780945
39.5885678,-21.6609192,-5.34854126,-43.5533447
39.5985258,-21.6283875,-5.42353058,-43.7381592
39.6084838,-21.5658722,-5.28269958,-43.9384766
39.6184418,-21.529007,-5.33023071,-44.0278015
39.6283998,-21.554245,-5.13438416,-43.9378357
39.6383578,-21.6300049,-5.04393005,-43.9673462
39.6483148,-21.7354736,-4.87002563,-43.9329834
39.6582728,-21.8546143,-4.86196136,-44.2219849
39.6682308,-21.9309845,-4.60979462,-44.0196838
39.6781888,-22.0290375,-4.4076767,-44.0469666
39.6881468,-22.1672821,-4.51384735,-43.9097595
39.6981048,-22.4682617,-4.35128021,-43.927063
39.7080628,-22.4682617,-4.35128021,-43.927063
39.7180208,-22.6284943,-4.29800415,-43.8059692
39.7279778,-22.7174225,-4.13909149,-43.7625732
39.7379358,-22.9725037,-4.03813171,-43.7775574
39.7478938,-23.1788635,-3.95401001,-43.7249756
39.7578518,-23.1967468,-3.89302063,-43.92453
39.7678098,-23.2240753,-4.02233887,-43.9336243
39.7777678,-23.2524719,-4.0229187,-43.9512024
39.7877258,-23.3273163,-4.12422943,-43.9011841
39.7976838,-23.3316345,-3.97657776,-43.8764954
39.8076418,-23.5794983,-4.33547211,-43.9429016
39.8175988,-23.5325165,-4.06266785,-44.1096497
39.8275568,-23.5948639,-4.48082733,-44.2731934
39.8375148,-23.4075775,-4.00650024,-44.1134338
39.8474728,-23.6182556,-4.55632019,-44.0610657
39.8574308,-23.5171967,-4.08634186,-44.1090393
39.8673888,-23.6681213,-4.70710754,-44.2810669
39.8773468,-23.5863495,-4.41830444,-44.1993713
39.8873048,-23.8001556,-4.86322021,-44.3674927
39.8972628,-23.8320312,-4.57672119,-44.3255615
39.9072198,-23.7658081,-4.89929199,-44.6554871
39.9171778,-23.6390228,-4.58540344,-44.4997559
39.9271358,-23.7676392,-4.73710632,-44.5591431
39.9370938,-23.9057312,-4.60890961,-44.609314
39.9470518,-24.0168915,-4.78661346,-44.4179382
39.9570098,-24.1618195,-4.9543457,-44.461853
39.9669678,-24.1737213,-5.04427338,-44.3836365
39.9769258,-24.3205566,-5.34027863,-44.5375671
39.9868828,-24.3451462,-5.07961273,-44.6713562
39.9968408,-24.4219284,-5.40574646,-44.9468079
40.0067988,-24.5368576,-5.33650208,-44.9511108
40.0167568,-24.4885483,-5.60758209,-45.1994629
40.0267148,-24.3721848,-5.44333649,-45.2314148
40.0366728,-24.306282,-5.54233551,-45.0930786
40.0466308,-24.4131851,-5.39267731,-45.3166809
40.0565888,-24.4850998,-5.44622803,-45.5092468
40.0665468,-24.4850998,-5.44622803,-45.5092468
40.0765038,-24.4094925,-5.27028656,-45.446991
40.0864618,-24.5430679,-5.15168762,-45.5454407
40.0964198,-24.5712051,-5.15013123,-45.5048523
40.1063778,-24.5921707,-5.1447525,-45.589447
40.1163358,-24.6839371,-5.08100128,-45.6488647
40.1262938,-24.6992416,-5.19946289,-45.7364502
40.1362518,-24.7141342,-5.36808777,-45.8200989
40.1462098,-24.6966934,-5.36724854,-46.1863403
40.1561664,-24.6746597,-5.58322906,-46.0485229
40.1661244,-24.6268845,-5.85491943,-46.0138855
40.1760824,-24.2269058,-5.9858551,-46.1731262
40.1860404,-24.2212448,-6.21554565,-46.1360779
40.1959984,-24.0277328,-6.19810486,-46.250885
40.2059564,-23.9329758,-6.56195831,-46.7225952
40.2159144,-23.777504,-6.44732666,-46.6911011
40.2258724,-23.8420486,-6.99098969,-46.8500671
40.2358304,-23.724968,-6.81336975,-46.7191772
40.2457874,-23.8883896,-7.34303284,-46.9711914
40.2557454,-23.84935,-6.89923096,-46.9618835
40.2657034,-23.9983521,-7.42750549,-47.3440857
40.2756614,-23.9494934,-7.30752563,-47.2756042
40.2856194,-24.2107391,-7.77212524,-47.428009
40.2955774,-23.9837799,-7.46787262,-47.2786865
40.3055354,-24.1399384,-7.95832062,-47.5215759
40.3154934,-24.0600128,-7.78833771,-47.8155823
40.3254504,-23.9944458,-8.14636993,-47.8366394
40.3354084,-23.8924179,-8.14350891,-48.0415039
40.3453664,-23.6282883,-8.19364929,-48.3272095
40.3553244,-23.3907242,-8.40900421,-48.3540955
40.3652824,-23.1452408,-8.38588715,-48.6529846
40.3752404,-22.8978806,-8.37316132,-48.7374878
40.3851984,-22.4090958,-8.14831543,-48.8850708
40.3951564,-22.1859131,-8.26238251,-49.2782593
40.4051144,-21.9559784,-8.11855316,-49.5248413
40.4150714,-21.9559784,-8.11855316,-49.5248413
40.4250294,-21.6568451,-8.10332489,-49.9078064
40.4349874,-21.2550659,-7.89511108,-49.9642944
40.4449454,-21.1053009,-8.10483551,-50.3150635
40.4549034,-20.9942932,-7.9927597,-50.4161682
40.4648614,-20.8571167,-8.13382721,-50.6372375
40.4748194,-20.6784668,-8.03794098,-50.7969971
40.4847774,-20.8154907,-8.06887817,-50.8123779
40.4947344,-20.8685913,-8.0446701,-50.7936401
40.5046924,-21.118866,-7.9761734,-50.9508057
40.5146504,-21.1648712,-7.88462067,-51.1981812
40.5246084,-21.4021301,-7.84166718,-51.18396
40.5345664,-21.7300262,-7.77353668,-51.2125854
40.5445244,-22.0104065,-7.78844452,-51.4086914
40.5544824,-22.1369629,-7.79994965,-51.2471924
40.5644404,-22.2173157,-7.65325165,-51.4530029
40.5743984,-22.3797302,-7.76350403,-51.5196228
40.5843554,-22.2634735,-7.88236237,-51.2949219
40.5943134,-22.307785,-7.91436005,-51.7323608
40.6042714,-22.2274475,-8.11973572,-51.7713013
40.6142294,-22.1229095,-7.99662781,-52.0231018
40.6241874,-21.9077759,-8.44829559,-52.0270386
40.6341454,-21.7285004,-8.26902008,-52.3381653
40.6441034,-21.6354675,-8.58011627,-52.4504395
40.6540614,-21.2901001,-8.10152435,-52.7185669
40.6640184,-21.2825012,-8.74947357,-52.7042542
40.6739764,-21.1569672,-8.38561249,-53.0418701
40.6839344,-21.0020599,-8.71111298,-53.0408325
40.6938924,-20.9317322,-8.4198761,-53.2758789
40.7038504,-21.3885498,-8.84825134,-53.365448
40.7138084,-21.4002991,-8.76610565,-53.5487366
40.7237664,-21.5532379,-9.15602112,-53.5070801
40.7337244,-21.5215607,-9.11842346,-53.7975464
40.7436824,-21.4534607,-9.45821381,-53.7049866
40.7536394,-21.1895447,-9.53305054,-53.8713989
40.7635974,-21.0395584,-9.48931122,-53.9489441
40.7735554,-21.0395584,-9.48931122,-53.9489441
40.7835134,-21.0624161,-9.79588318,-54.0402527
40.7934714,-20.8632584,-9.83183289,-54.2803955
40.8034294,-20.9244003,-9.87541199,-54.4516907
40.8133874,-20.860405,-9.53410339,-54.4405823
40.8233454,-20.9590683,-9.56679535,-54.8129272
40.8333024,-20.9932938,-9.27366638,-54.9388428
40.8432604,-21.0330429,-9.35834503,-54.9475708
40.8532184,-21.1241226,-9.14767456,-55.0151978
40.8631764,-21.0703354,-9.37581635,-55.3406067
40.8731344,-21.1537552,-9.52435303,-55.197998
40.8830924,-21.0553741,-9.8662262,-55.1793213
40.8930504,-21.0738068,-9.87853241,-55.053772
40.9030084,-21.0581207,-10.0102997,-55.3799438
40.9129654,-21.0709686,-10.1113358,-55.5022888
40.9229234,-21.162384,-9.62537384,-55.7364502
40.9328814,-21.2978363,-9.60766602,-55.792572
40.9428394,-21.4035797,-9.32130432,-55.8010254
40.9527974,-21.6002808,-9.22106934,-55.7476807
40.9627554,-21.6439972,-8.8650589,-55.7663574
40.9727134,-21.7840576,-8.6424942,-55.9044189
40.9826714,-21.7478943,-8.29039001,-56.0114746
40.9926294,-21.7831192,-8.14098358,-55.9744873
41.0025864,-21.8010025,-8.26600647,-56.0049133
41.0125444,-21.7572403,-8.07848358,-56.1892395
41.0225024,-21.690834,-8.29322815,-56.3462219
41.0324604,-21.2794266,-7.94824219,-56.5377808
41.0424184,-21.2160873,-8.20388031,-56.7806396
41.0523764,-21.1658554,-7.75894165,-56.7912598
41.0623344,-21.1180496,-7.84299469,-56.8944092
41.0722924,-20.900177,-7.12253571,-57.4309387
41.0822494,-20.8889465,-7.2713623,-57.2576294
41.0922074,-20.8141327,-6.69887543,-57.3718872
41.1021654,-20.8912659,-6.69758606,-57.7570801
41.1121234,-20.7910461,-6.2013092,-57.813324
41.1220814,-20.7910461,-6.2013092,-57.813324
41.1320394,-21.0058899,-6.3687439,-57.7524109
41.1419974,-20.9584656,-6.07158661,-57.8210144
41.1519554,-20.9902954,-6.18946838,-58.1781616
41.1619124,-21.1347961,-6.19009399,-58.2764587
41.1718704,-21.1596832,-5.94956207,-58.1671143
41.1818284,-21.1635895,-5.9985733,-58.265625
41.1917864,-21.138031,-5.91391754,-58.2823181
41.2017444,-21.2658386,-6.07842255,-58.4569397
41.2117024,-21.0297852,-6.0154953,-58.5342102
41.2216604,-20.9968567,-5.99420166,-58.7149048
41.2316184,-20.7981415,-5.69064331,-58.7704773
41.2415764,-20.7467957,-5.81140137,-58.9502563
41.2515334,-20.561264,-5.7065506,-58.9710693
41.2614914,-20.4121094,-5.66712952,-59.0402222
41.2714494,-20.3939209,-5.61091614,-59.2737732
41.2814074,-20.2470856,-5.66149902,-59.3093262
41.2913654,-20.1703949,-5.68190765,-59.5915833
41.3013234,-20.1058807,-5.58143616,-59.7868347
41.3112814,-20.1206665,-5.53279877,-59.8473816
41.3212394,-20.1268158,-5.65433502,-59.8666687
41.3311964,-20.1881866,-5.81580353,-60.2092285
41.3411544,-20.1232605,-5.62582397,-60.1107178
41.3511124,-20.1950226,-5.70264435,-60.2121582
41.3610704,-20.3094177,-5.76461792,-60.2697449
41.3710284,-20.3160095,-5.95448303,-60.4685974
41.3809864,-20.2949753,-5.99538422,-60.3399353
41.3909444,-20.3870316,-6.06817627,-60.4906006
41.4009024,-20.5818558,-6.08330536,-60.7297974
41.4108594,-20.5812607,-6.05815125,-60.8730164
41.4208174,-20.6184006,-6.40235138,-60.8408203
41.4307754,-20.5971146,-6.28823853,-61.2419128
41.4407334,-20.560463,-6.57550049,-61.1273193
41.4506914,-20.436882,-6.36750793,-61.6632385
41.4606494,-20.4027176,-6.72870636,-61.5630798
41.4706074,-20.2660446,-6.52952576,-61.8901062
41.4805654,-20.2660446,-6.52952576,-61.8901062
41.4905234,-20.4548111,-6.57680511,-62.0904541
41.5004804,-20.6269913,-6.08403015,-62.5510559
41.5104384,-20.9261398,-6.03910065,-62.4807739
41.5203964,-20.874939,-5.79808807,-62.6776733
41.5303544,-21.0986023,-6.06268311,-62.6658325
41.5403124,-21.0350342,-5.7749939,-63.2411194
41.5502704,-20.9517822,-6.02296448,-63.3455505
41.5602284,-20.8926086,-5.91833496,-63.6231995
41.5701864,-20.8500977,-6.19756317,-63.4865417
41.5801434,-20.8933105,-6.11435699,-63.7974548
41.5901014,-20.9569244,-5.87728119,-63.7965698
41.6000594,-20.8975677,-6.05213928,-64.2372742
41.6100174,-20.6595612,-5.84612274,-64.5368652
41.6199754,-20.4395905,-5.91655731,-64.6972961
41.6299334,-20.1638184,-5.91766357,-64.9859009
41.6398914,-19.7644958,-6.3073349,-65.0667114
41.6498494,-19.6222839,-6.34034729,-65.3204956
41.6598064,-19.4873199,-6.71738434,-65.2525635
41.6697644,-19.4493561,-6.84546661,-65.5368652
41.6797224,-19.2404175,-6.7563858,-65.5586548
41.6896804,-19.1693268,-6.5528717,-65.7215271
41.6996384,-19.2371216,-6.57196045,-66.0110779
41.7095964,-19.1312103,-6.53394318,-66.2225037
41.7195544,-18.8686905,-6.48457336,-66.5065308
41.7295124,-18.85009,-6.45304108,-66.5620422
41.7394694,-18.3316269,-6.52191925,-66.4481812
41.7494274,-17.9878693,-6.66660309,-66.7470703
41.7593854,-17.2929382,-6.92379761,-67.1955566
41.7693434,-16.72966,-6.95098877,-66.8776245
41.7793014,-16.3075867,-6.96269226,-67.031311
41.7892594,-16.1106339,-6.95838928,-67.4102478
41.7992174,-15.8434982,-6.85839081,-67.5588074
41.8091754,-15.6598816,-6.66902161,-68.0441284
41.8191324,-15.5468597,-6.57995605,-67.8415527
41.8290904,-15.5468597,-6.57995605,-67.8415527
41.8390484,-15.3346176,-6.22976685,-68.0853882
41.8490064,-15.4535446,-6.15973663,-68.1172485
41.8589644,-15.6984863,-5.70534515,-68.6961975
41.8689224,-15.8409576,-5.91877747,-68.655426
41.8788804,-15.7932587,-5.43821716,-69.2707825
41.8888384,-15.973465,-5.58137512,-69.2035828
41.8987954,-15.9437561,-5.22428894,-69.4777832
41.9087534,-16.0029678,-5.31104279,-69.3887939
41.9187114,-15.9145279,-5.03263092,-69.3536377
41.9286694,-16.1093292,-5.20588684,-69.6430664
41.9386274,-15.9553452,-4.97595978,-69.8545837
41.9485854,-15.8011932,-4.92269897,-69.8385925
41.9585434,-15.8040237,-4.89339447,-69.999054
41.9685014,-15.9054642,-5.06404114,-70.2041931
41.9784584,-15.7440033,-5.01844025,-70.4995728
41.9884164,-15.8181381,-5.15733337,-70.4099426
41.9983744,-15.67733,-5.32387543,-70.6889648
42.0083324,-15.4415207,-5.48493958,-70.9370728
42.0182904,-15.106575,-5.93351746,-70.9337463
42.0282484,-14.9456635,-6.01412964,-70.9769592
42.0382064,-14.7706223,-6.10997772,-71.1447449
42.0481644,-14.6740799,-6.27758026,-71.2337646
42.0581214,-14.4116364,-6.68810272,-70.8108215
42.0680794,-14.3007736,-6.77268219,-71.0551758
42.0780374,-14.1182404,-6.99362183,-70.874176
42.0879954,-13.8837891,-7.2780838,-71.020752
42.0979534,-13.7276993,-7.63096619,-71.2936401
42.1079114,-13.7165833,-7.79006958,-71.4347534
42.1178694,-13.7759018,-8.12878418,-71.5650635
42.1278274,-13.8645706,-8.40513611,-71.3023987
42.1377844,-13.8978882,-8.4723053,-71.4796143
42.1477424,-14.0849609,-8.40592194,-71.4389648
42.1577008,-14.1555939,-8.40077209,-71.4287109
42.1676588,-14.4122009,-8.26260376,-71.344635
42.1776168,-14.7301559,-7.94010925,-71.168335
42.1875748,-14.7301559,-7.94010925,-71.168335
42.1975328,-14.8487167,-7.59668732,-71.2860107
42.2074908,-15.0714493,-7.4699173,-71.308197
42.2174478,-15.0763626,-7.59592438,-71.1729431
42.2274058,-15.0165939,-7.90101624,-70.8651428
42.2373638,-14.7995987,-7.83504486,-70.8135681
42.2473218,-14.7857437,-8.27020264,-70.6783752
42.2572798,-14.6511765,-8.3094635,-70.8496399
42.2672378,-14.5425339,-8.65351105,-70.8178406
42.2771958,-14.2910538,-8.53139496,-70.8671265
42.2871538,-14.2732315,-8.71409607,-70.7328491
42.2971108,-14.2171707,-8.49899292,-70.8085938
42.3070688,-14.3965836,-8.51406097,-70.7219543
42.3170268,-14.4971237,-8.16796112,-70.3449707
42.3269848,-14.870903,-8.22477722,-70.1836548
42.3369428,-15.1970215,-8.02080536,-69.7345581
42.3469008,-15.4733124,-8.13288116,-69.6203918
42.3568588,-15.6032181,-8.03466034,-69.488678
42.3668168,-15.9013138,-8.21645355,-69.2726135
42.3767738,-16.1104736,-8.02437592,-69.1550598
42.3867318,-16.4167023,-8.19980621,-69.2974243
42.3966898,-16.4233093,-8.07885742,-68.9154663
42.4066478,-16.6671982,-7.65037537,-68.7679749
42.4166058,-16.8838348,-7.38861847,-68.9293213
42.4265638,-17.3735199,-6.77293396,-69.2003174
42.4365218,-17.7990875,-6.54599762,-69.0383606
42.4464788,-18.027832,-6.08964539,-69.1240845
42.4564368,-18.4210892,-5.83187866,-68.8175049
42.4663948,-18.7985535,-5.3642807,-68.8560181
42.4763528,-19.0342331,-5.19112396,-68.8271179
42.4863108,-19.4309006,-4.81589508,-68.9522705
42.4962688,-19.6489182,-4.67276001,-68.7466431
42.5062268,-19.6497116,-4.31373596,-68.5213318
42.5161848,-19.7324905,-4.10523987,-68.4382324
42.5261418,-19.839241,-3.81192017,-68.4732971
42.5360998,-19.839241,-3.81192017,-68.4732971
42.5460578,-19.8168411,-3.38694763,-68.5206299
42.5560158,-19.8553238,-3.03960419,-68.1735535
42.5659738,-19.859642,-2.87270355,-68.2724915
42.5759318,-19.8236313,-2.55370331,-68.4664307
42.5858898,-19.841774,-2.2264328,-68.2914734
42.5958478,-19.8933029,-2.03213501,-68.104187
42.6058048,-19.9469604,-1.86235046,-68.0820007
42.6157628,-20.0934296,-1.536026,-67.9777527
42.6257208,-20.4179993,-1.50364685,-67.8537598
42.6356788,-20.6998291,-1.14382935,-67.9069214
42.6456368,-21.1221924,-1.17367554,-67.3902893
42.6555948,-21.5124207,-1.17586517,-67.2481995
42.6655528,-22.0498657,-1.34716797,-67.0497437
42.6755108,-22.5894623,-1.39102173,-66.8379517
42.6854678,-23.1664124,-1.83531952,-66.3299561
42.6954258,-23.5824127,-1.98937988,-66.5037537
42.7053838,-24.0253372,-2.27404022,-66.0567322
42.7153418,-24.3321304,-2.37590027,-65.9264221
42.7252998,-24.6098709,-2.67954254,-65.5624084
42.7352578,-24.783638,-2.86373138,-65.4884644
42.7452158,-24.6490707,-3.10219574,-65.4947815
42.7551728,-24.39991,-3.14652252,-65.2625427
42.7651308,-24.1988602,-3.37831879,-65.0820007
42.7750888,-23.859169,-3.38542175,-65.2692871
42.7850468,-23.5116959,-3.48148346,-65.1352844
42.7950048,-23.3188858,-3.37547302,-65.161499
42.8049628,-23.1462326,-3.11824799,-65.0345154
42.8149208,-23.0141373,-2.76960754,-64.7722778
42.8248788,-23.0728073,-2.48863983,-64.7723083
42.8348358,-23.2462997,-2.37879944,-64.479126
42.8447938,-23.103569,-2.38327789,-64.3567505
42.8547518,-22.9418106,-2.43386078,-64.2181702
42.8647098,-22.7108078,-2.74843597,-64.2344666
42.8746678,-22.4653091,-3.15313721,-64.2415466
42.8846258,-21.9904861,-3.36659241,-64.2626038
42.8945838,-21.9904861,-3.36659241,-64.2626038
42.9045418,-21.6696396,-3.68322754,-64.1168823
42.9144988,-21.3626175,-3.86369324,-64.2573242
42.9244568,-21.0481644,-4.10433197,-64.3502197
42.9344148,-20.822319,-4.33547211,-64.0048523
42.9443728,-20.7146835,-4.57186127,-63.8222656
42.9543308,-20.7858353,-4.81969452,-63.808197
42.9642888,-20.746376,-4.85629272,-63.7810364
42.9742468,-20.6212845,-5.01255035,-63.7713013
42.9842048,-20.6381302,-5.3647995,-63.635498
42.9941618,-20.7843552,-5.60360718,-63.4484253
43.0041198,-20.7832413,-5.92014313,-63.3114624
43.0140778,-20.7742844,-5.87729645,-63.1019287
43.0240358,-20.6472549,-5.9010849,-62.7962036
43.0339938,-20.596199,-5.89446259,-62.6905212
43.0439518,-20.5044327,-5.74292755,-62.448822
43.0539098,-20.457756,-5.52692413,-62.5176086
43.0638668,-20.4475632,-5.41750336,-62.593811
43.0738248,-20.4537582,-5.19184875,-62.5512085
43.0837828,-20.3358841,-5.16667938,-62.4569702
43.0937408,-20.1622086,-4.91970825,-62.2314453
43.1036988,-20.2120667,-5.10022736,-62.1872253
43.1136568,-20.1047058,-5.01288605,-62.337616
43.1236148,-20.0677338,-5.0412674,-62.040802
43.1335728,-19.9299927,-5.03027344,-61.7632751
43.1435298,-20.0800323,-5.25441742,-61.5236206
43.1534879,-20.1459503,-5.0929184,-61.8571167
43.1634459,-20.1174011,-5.05899048,-61.6089478
43.1734039,-20.0900726,-4.74476624,-61.6941528
43.1833619,-20.0825806,-4.90467834,-61.3710022
43.1933199,-20.238205,-4.92141724,-61.3372498
43.2032779,-20.2728119,-5.08699799,-60.8618164
43.2132349,-20.4148254,-4.95123291,-60.7909546
43.2231929,-20.6551208,-4.79232025,-60.7869568
43.2331509,-20.76474,-4.81266022,-60.456543
43.2431089,-20.76474,-4.81266022,-60.456543
43.2530669,-20.7536316,-4.86425018,-60.3738098
43.2630249,-21.0908661,-4.92395782,-60.3550415
43.2729829,-21.1998749,-4.83919525,-60.0021667
43.2829409,-21.5368042,-5.05144501,-60.0586243
43.2928979,-21.568161,-5.15572357,-59.6504517
43.3028559,-21.6144714,-5.36360931,-59.3692932
43.3128139,-21.6172485,-5.36425018,-59.3583374
43.3227719,-21.723526,-5.48301697,-59.0344238
43.3327299,-21.6190338,-5.49996185,-58.8943787
43.3426879,-21.5581818,-5.37039185,-58.9190063
43.3526459,-21.4836578,-5.47079468,-58.7673035
43.3626029,-21.4801941,-5.50567627,-58.6035767
43.3725609,-21.3228302,-5.43151855,-58.7051086
43.3825189,-21.1731262,-5.24520874,-58.6418457
43.3924769,-21.0237732,-5.14048767,-58.6895142
43.4024349,-20.8039246,-4.92711639,-58.5549316
43.4123929,-20.6230316,-4.70031738,-58.7119446
43.4223509,-20.3807526,-4.3201828,-58.6854553
43.4323089,-20.1417465,-4.03456879,-58.2361145
43.4422659,-20.0219803,-3.83812714,-58.0691833
43.4522239,-19.9101639,-3.18540192,-58.4284668
43.4621819,-20.1944351,-3.19251251,-58.0343628
43.4721399,-20.4489212,-2.97660828,-58.1912537
43.4820979,-20.7053452,-3.16653442,-57.533905
43.4920559,-21.1570053,-3.20171356,-57.554657
43.5020139,-21.5302811,-3.53206635,-57.3028259
43.5119719,-21.6727829,-3.89367676,-57.1635132
43.5219289,-21.9968948,-4.36262512,-56.5199585
43.5318869,-22.2328568,-4.59823608,-56.6400757
43.5418449,-22.6451492,-4.75016022,-56.3335876
43.5518029,-23.090416,-4.55342865,-56.3118591
43.5617609,-23.6169205,-4.60499573,-55.6507874
43.5717189,-24.3736496,-4.37046051,-55.833252
43.5816769,-24.9786758,-4.32105255,-55.4834595
43.5916339,-25.5944366,-4.17097473,-55.5870056
43.6015919,-25.5944366,-4.17097473,-55.5870056
43.6115499,-26.0492096,-4.27187347,-55.3183289
43.6215079,-26.1910248,-4.52495575,-55.2307739
43.6314659,-26.443512,-4.94477081,-54.8744202
43.6414239,-26.5377502,-5.19437408,-54.4386292
43.6513819,-26.3808365,-5.66127777,-54.3225098
43.6613389,-26.3561478,-5.95667267,-54.1341553
43.6712969,-25.9859238,-5.87789154,-54.2111206
43.6812549,-25.7011185,-5.80478668,-54.3253479
43.6912129,-25.5593033,-5.52049255,-54.4370728
43.7011709,-25.5604782,-5.34211731,-54.3540649
43.7111289,-25.7166061,-4.87757111,-54.3840942
43.7210869,-26.0287704,-4.52483368,-54.2846985
43.7310449,-26.4197769,-4.23309326,-54.2111511
43.7410019,-26.6093826,-3.95819092,-54.0310669
43.7509599,-26.898201,-3.92275238,-53.6835327
43.7609179,-27.1076279,-3.94817352,-53.5898438
43.7708759,-27.2929001,-4.04843903,-53.4494019
43.7808339,-27.4232407,-4.24294281,-53.2852173
43.7907919,-27.5782852,-4.27500153,-53.2721252
43.8007499,-27.4755325,-4.32836151,-52.9992981
43.8107069,-27.3536148,-4.32567596,-53.0920105
43.8206649,-27.1510849,-4.3951416,-53.0641174
43.8306229,-26.9767685,-4.29741669,-53.5445557
43.8405809,-26.8048477,-4.16082764,-53.4656677
43.8505389,-26.7098618,-3.87941742,-53.695282
43.8604969,-26.5543289,-3.91680145,-53.562561
43.8704549,-26.3744278,-3.71418762,-53.9117737
43.8804129,-26.4293671,-3.66903687,-53.8527527
43.8903699,-26.1961517,-3.42977905,-53.9014587
43.9003279,-26.1731567,-3.47859192,-53.8387756
43.9102859,-26.1248169,-3.47840881,-53.8484802
43.9202439,-26.0905914,-3.48748016,-53.706604
43.9302019,-26.153656,-3.54692078,-53.9189758
43.9401599,-25.9615173,-3.52426147,-53.9788513
43.9501179,-25.9615173,-3.52426147,-53.9788513
43.9600749,-25.6958618,-3.39537811,-54.0113525
43.9700329,-25.5257416,-3.30370331,-53.7020264
43.9799909,-25.3607635,-3.32132721,-54.0299377
43.9899489,-25.2273102,-3.5515976,-53.5930481
43.9999069,-25.0174103,-3.43857574,-54.1628723
44.0098649,-25.0551605,-3.34473419,-54.052948
44.0198229,-25.0344238,-3.55519867,-54.0130615
44.0297799,-25.0048065,-3.65475464,-54.1124878
44.0397379,-24.8474731,-3.68504333,-54.1353149
44.0496959,-24.7004852,-4.04017639,-53.737854
44.0596539,-24.7151642,-4.03990936,-53.9212952
44.0696119,-24.6637878,-4.19760132,-53.4450378
44.0795699,-24.691864,-4.30461884,-53.6559448
44.0895279,-24.6348267,-4.28434753,-53.6756287
44.0994849,-24.7819672,-4.33570099,-53.7806396
44.1094429,-24.6308594,-4.31482697,-53.6885376
44.1194009,-24.6661835,-4.32400513,-53.3076477
44.1293589,-24.7001495,-4.3035202,-53.3448792
44.1393169,-24.9576721,-4.39408875,-53.2487183
44.1492749,-24.7888794,-4.48231506,-53.0076294
44.159233,-24.8968658,-4.57692719,-52.8669739
44.169191,-24.9023743,-4.53795624,-52.931427
44.179148,-24.9685822,-4.69007111,-52.7978516
44.189106,-25.2476349,-4.75922394,-52.6729126
44.199064,-25.279068,-4.71727753,-52.5786133
44.209022,-25.2772675,-4.65238953,-52.5744934
44.21898,-25.3099213,-4.6266098,-52.6948242
44.228938,-25.3049469,-4.52507782,-52.7392578
44.238896,-25.1710358,-4.37195587,-52.620697
44.248853,-25.094162,-4.09645844,-52.7440186
44.258811,-25.02211,-4.0227356,-52.9135132
44.268769,-24.7024536,-3.83166504,-53.0092163
44.278727,-24.4929504,-3.71566772,-52.8583679
44.288685,-24.5423279,-3.47525024,-53.3469543
44.298643,-24.1922302,-3.62867737,-53.2837219
44.308601,-24.1922302,-3.62867737,-53.2837219
44.318558,-24.0136719,-3.71514893,-53.3754578
44.328516,-24.1516266,-3.90402222,-53.2313538
44.338474,-24.2986908,-4.06567383,-52.999176
44.348432,-24.8785858,-4.38459778,-52.7041931
44.35839,-25.2595978,-4.57907104,-52.4673157
44.368348,-26.045578,-4.99756622,-52.128418
44.378306,-26.4170532,-5.32009888,-51.7181396
44.388263,-26.8770905,-5.6735611,-51.5447083
44.398221,-27.2507019,-6.103302,-51.3423157
44.408179,-27.4404373,-6.56906891,-51.2761536
44.418137,-27.4712143,-6.92064667,-51.2499084
44.428095,-27.4760666,-7.3434906,-51.1663513
44.438053,-27.2371292,-7.69275665,-51.2305603
44.448011,-27.0301132,-7.88352966,-51.3935242
44.457969,-26.7304611,-8.01061249,-51.7158203
44.467926,-26.2920532,-8.12023926,-51.7582092
44.477884,-25.9862518,-8.06388855,-51.8569946
44.487842,-25.715332,-7.97917175,-51.8786621
44.4978,-25.6340332,-7.92606354,-52.1065369
44.507758,-25.3632202,-7.81016541,-51.939209
44.517716,-25.4219666,-7.84689331,-51.8418274
44.527674,-25.3675079,-7.73799133,-51.8852539
44.537631,-25.5019531,-7.77196503,-52.0816956
44.547589,-25.4424133,-7.69049072,-51.8237
44.557547,-25.5586395,-7.80645752,-51.6115112
44.567505,-25.6133575,-7.83342743,-51.7062683
44.577463,-25.6607056,-7.86904907,-51.5764465
44.587421,-25.7168579,-8.00372314,-51.5997925
44.597379,-25.9405518,-7.80925751,-51.6799316
44.607336,-25.8905029,-7.67611694,-51.6728516
44.617294,-25.6836472,-7.63990784,-51.7836304
44.627252,-25.7536545,-7.40864563,-51.6105347
44.63721,-25.8849258,-7.31536102,-51.7027893
44.647168,-25.9237137,-7.26477814,-51.7514648
44.657126,-26.0477371,-7.31456757,-51.8433533
44.667084,-26.0477371,-7.31456757,-51.8433533
44.677041,-25.8602371,-7.26412201,-52.0902405
44.686999,-25.8583298,-7.26230621,-51.9595642
44.696957,-25.7910233,-7.16527557,-51.8648987
44.706915,-25.8735733,-7.14242554,-51.7078247
44.716873,-25.6524429,-6.95864105,-52.0523682
44.726831,-25.8456345,-6.98553467,-51.9200745
44.736789,-25.6427994,-6.86100769,-52.1842041
44.746746,-25.550972,-6.74367523,-51.9501343
44.756704,-25.5452805,-6.67430115,-52.0892029
44.766662,-25.6298447,-6.54223633,-51.7372437
44.77662,-25.6087723,-6.47583771,-51.880249
44.786578,-25.7466812,-6.44524384,-51.7222595
44.796536,-25.6607742,-6.22861481,-51.9750977
44.806494,-25.8073196,-6.16700745,-51.589386
44.816451,-25.6358261,-6.17741394,-51.7891235
44.826409,-25.8499374,-6.15102386,-51.4786682
44.836367,-25.8270798,-6.21958923,-51.5861511
44.846325,-25.5864487,-6.09920502,-51.7895508
44.856283,-25.4763412,-6.33267975,-51.6968384
44.866241,-25.3995438,-6.27365875,-51.6901245
44.876199,-25.0828018,-6.29084778,-51.97052
44.886157,-24.9969711,-6.20552826,-52.0201111
44.896114,-24.9714279,-6.22296143,-52.0746765
44.906072,-25.0209427,-6.04675293,-51.8850708
44.91603,-25.0195694,-5.99458313,-51.8394775
44.925988,-25.0882339,-5.83322906,-51.8304443
44.935946,-25.2071457,-5.79587555,-51.7739868
44.945904,-25.4905014,-5.75998688,-51.6096191
44.955862,-25.6206894,-5.79008484,-51.6300964
44.965819,-25.7689514,-5.75193787,-51.4137878
44.975777,-25.7093353,-5.97543335,-51.6768188
44.985735,-25.5842133,-5.85289001,-51.7843323
44.995693,-25.3161469,-5.75850677,-51.820282
45.005651,-25.2486267,-5.60906219,-51.7499695
45.015609,-25.2486267,-5.60906219,-51.7499695
45.025566,-25.0837555,-5.34452057,-51.6592712
45.035524,-25.1869812,-5.10891724,-51.7120361
45.045482,-25.21595,-4.74316406,-51.6502075
45.05544,-25.3544998,-4.61029816,-51.592041
45.065398,-25.4448624,-4.34558868,-51.3676147
45.075356,-25.5993881,-4.29406738,-51.2993469
45.085314,-25.7074203,-4.35128021,-51.3158264
45.095272,-25.7112808,-4.37023163,-51.2120361
45.105229,-25.9173355,-4.40808868,-50.9234924
45.115187,-25.939949,-4.41809845,-50.9457397
45.125145,-26.0840988,-4.60255432,-50.9723206
45.135103,-26.0195999,-4.5903244,-50.9844666
45.145061,-26.1864853,-4.59257507,-50.809845
45.1550185,-26.1996689,-4.57550812,-50.9682007
45.1649765,-26.3115616,-4.41980743,-50.5716248
45.1749335,-26.3526535,-4.26218414,-50.4309998
45.1848915,-26.6274643,-4.17107391,-50.0821533
45.1948495,-26.4810715,-4.07749939,-50.202179
45.2048075,-26.5095444,-4.11627197,-50.2521667
45.2147655,-26.5476761,-4.23531342,-50.490387
45.2247235,-26.4421005,-4.25769806,-50.5428162
45.2346815,-26.1715927,-4.17809296,-50.4871521
45.2446385,-26.1313553,-4.26624298,-50.6489563
45.2545965,-25.9294815,-4.26621246,-50.7625732
45.2645545,-25.8507614,-4.02723694,-50.783905
45.2745125,-25.8919754,-4.08850098,-50.754425
45.2844705,-25.7210464,-3.77418518,-50.7031555
45.2944285,-25.7696457,-3.55252838,-50.7954712
45.3043865,-25.8554306,-3.41099548,-50.4950562
45.3143435,-26.0063553,-3.35787201,-50.3620911
45.3243015,-26.1126785,-2.90514374,-50.868103
45.3342595,-26.1752548,-2.78559113,-50.9098816
45.3442175,-26.1247635,-2.67694092,-50.6624451
45.3541755,-26.4700089,-2.49111176,-50.7407227
45.3641335,-26.5116653,-2.15829468,-50.6469421
45.3740915,-26.5116653,-2.15829468,-50.6469421
45.3840485,-26.5858841,-2.05165863,-50.7007141
45.3940065,-26.7816238,-1.85623169,-50.6462097
45.4039645,-26.7628098,-1.67404938,-50.6667786
45.4139225,-26.9508286,-1.54703522,-50.5786438
45.4238805,-26.9381638,-1.58171082,-50.4325256
45.4338385,-27.0477371,-1.58074188,-50.5114441
45.4437965,-27.1728745,-1.46037292,-50.3902893
45.4537535,-27.3843307,-1.54130554,-50.1280212
45.4637115,-27.4235001,-1.61375427,-50.2182617
45.4736695,-27.6093521,-1.57601929,-50.1124573
45.4836275,-27.8561783,-1.86388397,-50.035553
45.4935855,-28.0465469,-2.03336334,-49.9326477
45.5035435,-28.2390976,-2.11920166,-49.7666016
45.5135015,-28.287529,-2.37639618,-49.7568665
45.5234585,-28.5975418,-2.50344086,-49.4620361
45.5334165,-28.7232895,-2.61461639,-49.2597961
45.5433745,-28.8790207,-2.84481812,-49.007782
45.5533325,-28.9018784,-3.02845764,-49.0881042
45.5632905,-29.0470505,-3.25031281,-48.8930664
45.5732485,-29.2427597,-3.54347992,-48.7815247
45.5832065,-29.195015,-3.76950073,-48.3207703
45.5931635,-28.9474564,-3.88465118,-48.6820984
45.6031215,-28.962822,-4.24428558,-48.5386963
45.6130795,-28.9938889,-4.41658783,-48.6369934
45.6230375,-28.8649216,-4.51239014,-48.6375427
45.6329955,-28.6879349,-4.48864746,-48.7931213
45.6429535,-28.6391983,-4.43644714,-48.8269043
45.6529105,-28.5498123,-4.57683563,-48.7485352
45.6628685,-28.4723282,-4.41799164,-48.752655
45.6728265,-28.5567856,-4.28445435,-48.9166565
45.6827845,-28.4322433,-4.20324707,-48.9498901
45.6927425,-28.2370071,-4.10597229,-49.2228699
45.7027005,-27.9858322,-4.1949234,-49.2219238
45.7126585,-27.7582321,-4.3417511,-49.4673767
45.7226155,-27.7660675,-4.34505463,-49.4707336
45.7325735,-27.3530579,-4.38665771,-49.4988403
45.7425315,-27.0776978,-4.51277161,-49.6138306
45.7524895,-26.7175293,-4.56725311,-49.9882812
45.7624475,-26.3679504,-4.72871399,-50.2832336
45.7724055,-26.0350494,-4.82225037,-50.4764404
45.7823635,-25.9696884,-4.92495728,-50.4823303
45.7923205,-25.7598495,-4.96546173,-50.6455383
45.8022785,-25.617485,-5.05054474,-50.5129395
45.8122365,-25.6998215,-5.06123352,-50.5727234
45.8221945,-25.4585953,-4.91979218,-50.6263428
45.8321525,-25.6493607,-4.889534,-50.772583
45.8421105,-25.6797409,-4.80700684,-50.5248413
45.8520685,-25.8277817,-4.76548004,-50.4226379
45.8620255,-25.9115677,-4.66933441,-50.3218689
45.8719835,-26.0684891,-4.84111786,-50.4210205
45.8819415,-26.1073685,-4.78655243,-50.3544922
45.8918995,-26.0807419,-4.88489532,-50.5690002
45.9018575,-25.8402939,-5.09613037,-50.5831604
45.9118155,-25.5916977,-5.24274445,-50.7746582
45.9217725,-25.4213486,-5.49708557,-50.8260803
45.9317305,-24.9010696,-5.3425827,-50.9932556
45.9416885,-24.6319962,-5.20488739,-50.9482727
45.9516465,-24.349556,-5.09027863,-51.1603088
45.9616045,-24.1797256,-4.84986115,-51.3901367
45.9715625,-23.9265976,-4.80522919,-51.5961609
45.9815205,-23.7882309,-4.7897644,-51.6004639
45.9914775,-23.7665634,-4.75437927,-51.6820679
46.0014355,-23.7952347,-4.71789551,-51.7571716
46.0113935,-23.696907,-4.5609436,-51.8902283
46.0213515,-23.626976,-4.66069031,-51.8963013
46.0313095,-23.6082687,-4.6552887,-51.7824097
46.0412675,-23.6926651,-4.73737335,-51.6268616
46.0512255,-23.6663132,-4.70012665,-51.7026978
46.0611825,-23.745018,-4.56092834,-51.490509
46.0711405,-23.7789688,-4.57437897,-51.4747009
46.0810985,-23.7789688,-4.57437897,-51.4747009
46.0910565,-23.8348618,-4.49729156,-51.6112976
46.1010145,-23.8048935,-4.40047455,-51.5730591
46.1109725,-23.9541702,-4.27186584,-51.6509094
46.1209305,-23.9387131,-4.23497772,-51.6435852
46.1308875,-23.9162979,-4.1578598,-51.509613
46.1408455,-23.9267197,-4.13819885,-51.6255493
46.1508035,-23.9357071,-4.33409119,-51.5874939
46.1607621,-23.8831406,-4.3388443,-51.5604553
46.1707201,-23.8074112,-4.33908081,-51.5458374
46.1806781,-23.6884384,-4.32723999,-51.4456482
46.1906351,-23.5716629,-4.41287994,-51.5021667
46.2005931,-23.5086899,-4.43267822,-51.4207153
46.2105511,-23.3143539,-4.43717194,-51.770752
46.2205091,-23.2543564,-4.47710419,-51.743103
46.2304671,-23.3063431,-4.5761261,-51.5112915
46.2404251,-23.2493515,-4.64962769,-51.4988403
46.2503831,-23.5977402,-4.75674438,-51.34375
46.2603401,-23.9196854,-5.20204926,-51.0805359
46.2702981,-24.4357834,-5.61334991,-50.6661987
46.2802561,-24.973175,-6.22457886,-50.3821106
46.2902141,-25.6122437,-6.95523834,-49.8444519
46.3001721,-26.2426453,-7.54382324,-49.5475464
46.3101301,-26.8034668,-8.03988647,-48.9565125
46.3200881,-27.6066666,-8.33210754,-48.296875
46.3300451,-28.2455215,-8.72806549,-48.0165405
46.3400031,-28.8363419,-8.68960571,-47.4887695
46.3499611,-29.3555679,-8.47390747,-47.2897034
46.3599191,-30.1036453,-8.21868134,-47.1466675
46.3698771,-30.4873581,-7.83601379,-46.6553345
46.3798351,-31.0559311,-7.6451416,-46.2262878
46.3897921,-31.0485458,-7.65326691,-46.1586304
46.3997501,-31.1617508,-7.55454254,-46.09021
46.4097081,-30.91082,-7.5906601,-46.1654053
46.4196661,-30.7680893,-7.70241547,-46.3366699
46.4296241,-30.5133591,-7.66785431,-46.2619324
46.4395821,-30.5133591,-7.66785431,-46.2619324
46.4495401,-30.2708054,-7.72626495,-46.5595398
46.4594971,-29.8834839,-7.37543488,-46.9237061
46.4694551,-29.4636688,-7.2688446,-47.2420959
46.4794131,-29.1294098,-6.7779007,-47.5588379
46.4893711,-28.7091064,-6.3914032,-47.7210693
46.4993291,-28.3166504,-6.13065338,-47.9997253
46.5092871,-27.8608551,-5.88375092,-48.1382446
46.5192451,-27.4797211,-5.48104095,-48.5037842
46.5292021,-26.960495,-5.16616058,-48.5032959
46.5391601,-26.6697235,-4.9575119,-48.8161621
46.5491181,-26.1417999,-4.49391174,-49.0657043
46.5590761,-25.8508759,-4.16703033,-49.1821289
46.5690341,-25.3230286,-3.92736053,-49.3062744
46.5789921,-25.0664749,-3.52249908,-49.5391235
46.5889501,-24.9674759,-3.23983002,-49.5805359
46.5989071,-24.8481064,-3.11027527,-49.6722717
46.6088651,-24.7081223,-2.88387299,-49.8357239
46.6188231,-24.6137466,-2.65044403,-49.7689514
46.6287811,-24.5092087,-2.55554962,-49.74646
46.6387391,-24.4177322,-2.48995209,-49.3172913
46.6486971,-24.7118912,-2.41980743,-49.2832031
46.6586541,-24.9697037,-2.55593872,-49.1406555
46.6686121,-25.149147,-2.52471161,-48.9542847
46.6785701,-25.2720108,-2.59568787,-48.8642578
46.6885281,-25.4709702,-2.60699463,-48.7738037
46.6984861,-25.795372,-2.72377777,-48.4580383
46.7084441,-25.9130936,-2.7748642,-48.4260864
46.7184021,-25.9808884,-2.69962311,-48.1874695
46.7283591,-26.0550003,-2.65142822,-48.1467285
46.7383171,-26.0574722,-2.56097412,-47.9181213
46.7482751,-25.9588394,-2.51390076,-48.0619812
46.7582331,-26.0448227,-2.44158936,-47.9564514
46.7681911,-25.7928848,-2.21985626,-48.1308899
46.7781491,-25.5717545,-2.01146698,-48.0835876
46.7881061,-25.5717545,-2.01146698,-48.0835876
46.7980641,-25.2625198,-1.78823853,-48.2083435
46.8080221,-25.1960678,-1.66986847,-48.3534241
46.8179801,-24.9432907,-1.6723938,-48.3569031
46.8279381,-24.8300247,-1.65614319,-48.4208679
46.8378961,-24.7117538,-1.67115021,-48.6851196
46.8478541,-24.7278824,-1.55111694,-48.6500549
46.8578111,-24.7097549,-1.62973022,-48.5969543
46.8677691,-24.7191238,-1.71253204,-48.783905
46.8777271,-24.5895462,-1.67362976,-48.6624756
46.8876851,-24.6483231,-1.71684265,-48.7098389
46.8976431,-24.8049393,-1.94992828,-48.5616455
46.9076011,-24.9594498,-2.04486847,-48.4957581
46.9175581,-25.0706558,-2.27893829,-48.505249
46.9275161,-25.3844528,-2.62613678,-48.3026428
46.9374741,-25.6793442,-3.05417633,-48.2492371
46.9474321,-25.9502869,-3.18516541,-48.0506897
46.9573901,-26.0769958,-3.42183685,-48.129425
46.9673481,-26.1612091,-3.59673309,-48.000061
46.9773061,-26.2721252,-3.65164185,-48.039978
46.9872631,-26.3623505,-3.75200653,-47.8648071
46.9972211,-26.4008179,-3.66616058,-47.7697449
47.0071791,-26.4468994,-3.76780701,-47.6759338
47.0171371,-26.4919434,-3.80393219,-47.8338928
47.0270951,-26.5572357,-3.67459869,-47.6991882
47.0370531,-26.8291168,-3.70612335,-47.5299377
47.0470101,-27.0195618,-3.63160706,-47.2644348
47.0569681,-27.1120758,-3.40974426,-47.1292725
47.0669261,-27.2865143,-3.35048676,-46.8736877
47.0768841,-27.3753204,-3.54360199,-46.7541504
47.0868421,-27.2585144,-3.61330414,-46.9880371
47.0968001,-27.0510712,-3.80114746,-47.0405884
47.1067581,-26.607132,-3.90473175,-47.3951721
47.1167151,-26.2503357,-4.13986969,-47.3251038
47.1266731,-25.809433,-4.15904999,-47.6958313
47.1366311,-25.6229401,-4.16829681,-47.6868896
47.1465891,-25.6229401,-4.16829681,-47.6868896
47.156547,-25.3939896,-3.99370575,-48.0487366
47.166505,-25.2304459,-3.85009766,-48.153656
47.176462,-25.080574,-3.72151947,-48.1392517
47.18642,-25.323616,-3.63189697,-48.0839844
47.196378,-25.4329758,-3.52501678,-47.9508057
47.206336,-25.6708145,-3.64676666,-47.8206787
47.216294,-25.6566391,-3.65448761,-47.8453674
47.226252,-25.6925583,-3.72748566,-47.79776
47.23621,-25.5920792,-3.7893219,-47.9131165
47.246167,-25.598732,-3.876091,-47.934021
47.256125,-25.3017807,-3.82926941,-48.1869202
47.266083,-25.2222977,-3.71781921,-48.1256714
47.276041,-24.893898,-3.90795135,-48.0056458
47.285999,-24.8676376,-4.0372467,-48.3043213
47.295957,-24.7451859,-3.92298126,-48.4078674
47.305914,-24.4789047,-3.96460724,-48.355896
47.315872,-24.4865189,-3.88533783,-48.3382874
47.32583,-24.2789536,-3.76940155,-48.1816101
47.335788,-24.2737656,-3.8871994,-48.241333
47.345746,-24.2410355,-4.01128387,-48.0778503
47.355704,-24.2019424,-4.07174683,-48.0280151
47.365662,-24.1792374,-4.10028839,-47.9607239
47.375619,-24.3694534,-4.17038727,-48.0360107
47.385577,-24.4654617,-4.19207001,-47.9318237
47.395535,-24.4711227,-4.06871796,-47.9538574
47.405493,-24.5734024,-4.08522034,-47.9563904
47.415451,-24.4023972,-3.99980927,-47.6892395
47.425409,-24.3879166,-3.83403778,-47.6262512
47.435366,-24.5631332,-3.82347107,-47.7365112
47.445324,-24.5906143,-4.05995178,-47.5028687
47.455282,-24.4808731,-3.98561859,-47.6811523
47.46524,-24.4823074,-3.91110229,-47.49646
47.475198,-24.4117203,-3.99443817,-47.6292114
47.485156,-24.3827438,-3.89089966,-47.4480896
47.495114,-24.3827438,-3.89089966,-47.4480896
47.505071,-24.4728775,-3.7989502,-47.885437
47.515029,-24.5412827,-3.77857208,-47.7915344
47.524987,-24.5541,-3.7290802,-47.7029114
47.534945,-24.3996353,-3.7628479,-47.5124207
47.544903,-24.4275742,-3.76465607,-47.571167
47.554861,-24.3014908,-3.57731628,-47.5964355
47.564818,-24.2929611,-3.42280579,-47.5628052
47.574776,-24.2563553,-3.31861877,-47.5777588
47.584734,-24.4610519,-3.22358704,-47.5218811
47.594692,-24.3267746,-3.10691071,-47.4291687
47.60465,-24.3615189,-3.01464844,-47.2340698
47.614608,-24.3311691,-3.07849121,-47.243866
47.624565,-24.3879471,-2.96901703,-47.2790222
47.634523,-24.387886,-2.99869537,-47.4114685
47.644481,-24.5327377,-3.08503723,-47.390564
47.654439,-24.5098953,-3.09938812,-47.190155
47.664397,-24.4037857,-3.01852417,-47.2010498
47.674355,-24.3495407,-3.02154541,-47.0779724
47.684313,-24.3094254,-3.22207642,-46.7947388
47.69427,-24.3318405,-3.14173889,-47.0283813
47.704228,-24.2706375,-3.29619598,-46.9824829
47.714186,-24.2382889,-3.2363739,-46.6258545
47.724144,-24.3381119,-3.39972687,-46.7346191
47.734102,-24.3389664,-3.4755249,-46.8503723
47.74406,-24.1652145,-3.53373718,-46.7358704
47.754017,-24.1255112,-3.54003906,-46.7371521
47.763975,-23.9684677,-3.67081451,-46.624115
47.773933,-24.0005112,-3.66445923,-46.7836304
47.783891,-24.057991,-3.83232117,-46.8348083
47.793849,-23.8520584,-3.71080017,-46.7668762
47.803807,-23.943367,-3.64658356,-46.7662659
47.813764,-24.0615158,-3.38874054,-46.8531189
47.823722,-24.1989975,-3.06391907,-46.980835
47.83368,-24.1888046,-2.9050827,-46.847168
47.843638,-24.3956985,-2.72059631,-46.602417
47.853596,-24.3956985,-2.72059631,-46.602417
47.863554,-24.4752884,-2.5933075,-46.7217712
47.873511,-24.5648422,-2.70256805,-46.4410095
47.883469,-24.4955368,-2.79762268,-46.4800415
47.893427,-24.3912888,-2.72388458,-46.6956787
47.903385,-24.2887039,-2.79064178,-46.520813
47.913343,-24.2144089,-2.7603302,-46.5380859
47.923301,-24.0955124,-2.62592316,-46.5121155
47.933259,-24.222168,-2.3479538,-46.5449829
47.943216,-24.4282379,-2.18441772,-46.4615173
47.953174,-24.5945587,-1.98610687,-46.3373718
47.963132,-24.9152222,-1.97208405,-46.0988159
47.97309,-24.951004,-2.04867554,-46.0991821
47.983048,-25.1400909,-2.09960175,-45.8822327
47.993006,-25.1679993,-2.23888397,-46.1105652
48.002963,-25.2166901,-2.26131439,-45.812439
48.012921,-25.0741882,-2.36280823,-45.8634033
48.022879,-25.2997589,-2.34696198,-45.812561
48.032837,-25.164978,-2.40622711,-45.7835999
48.042795,-25.1251297,-2.299263,-45.8851013
48.052753,-24.8195419,-2.39031219,-45.9829102
48.06271,-24.7585526,-2.13428497,-46.0469971
48.072668,-24.5893478,-2.24198151,-45.9370728
48.082626,-24.4727707,-2.12876892,-45.9826355
48.092584,-24.4965134,-2.21491241,-46.1452637
48.102542,-24.477623,-2.46294403,-46.1897888
48.1125,-24.3775864,-2.38542938,-46.2326965
48.122458,-24.4075089,-2.37277985,-46.1217346
48.132415,-24.3751144,-2.39130402,-45.9988708
48.142373,-24.6346817,-2.36546326,-46.1977844
48.152331,-24.6397629,-2.51348114,-46.0271606
48.1622887,-24.7057114,-2.66015625,-46.2442017
48.1722468,-24.7731247,-2.61003876,-46.0380249
48.1822047,-24.6202774,-2.59579468,-45.8607788
48.1921618,-24.6160965,-2.67027283,-45.9139099
48.2021197,-24.6160965,-2.67027283,-45.9139099
48.2120778,-24.5330124,-2.73654938,-46.0726624
48.2220358,-24.393837,-2.6953125,-46.0163269
48.2319938,-24.3951645,-2.97158051,-45.95047
48.2419518,-24.1709061,-2.94451904,-46.0257568
48.2519088,-24.230751,-2.86792755,-46.1055603
48.2618668,-24.1548996,-2.89955902,-46.2457886
48.2718247,-24.1086655,-2.77846527,-46.0254517
48.2817828,-24.0979843,-2.89503479,-46.1591187
48.2917407,-24.1485519,-2.97393036,-46.2385559
48.3016988,-24.1045609,-2.91996002,-46.3178711
48.3116557,-24.0534286,-2.92394257,-46.1983337
48.3216138,-24.0912247,-2.91898346,-45.9891968
48.3315717,-24.179512,-3.00090027,-46.1190491
48.3415298,-24.0504227,-3.11520386,-46.0280457
48.3514878,-24.0527573,-3.07969666,-45.9895935
48.3614457,-23.9580002,-3.00692749,-46.0541382
48.3714038,-24.0103683,-3.21427155,-46.0664062
48.3813608,-24.0102005,-3.10269928,-46.0568237
48.3913188,-23.89608,-3.14481354,-46.1653748
48.4012767,-23.8326645,-3.0499649,-46.1000671
48.4112348,-23.8573685,-3.1459198,-46.2710876
48.4211928,-24.0463181,-3.05964661,-46.2892761
48.4311508,-24.0216293,-3.04466248,-46.3061523
48.4411077,-24.2227249,-3.00706482,-46.1175537
48.4510658,-24.3620682,-3.22402191,-46.2378845
48.4610238,-24.4912949,-3.27178955,-46.0281677
48.4709817,-24.3922806,-3.38592529,-46.1157532
48.4809398,-24.6156235,-3.57011414,-45.95755
48.4908977,-24.5973129,-3.75057983,-45.880188
48.5008548,-24.6883774,-3.86933899,-45.8525391
48.5108127,-24.7885513,-4.02185059,-45.7235718
48.5207708,-24.8467941,-4.10299683,-45.7380371
48.5307287,-24.8544998,-4.34883118,-45.5896912
48.5406868,-24.8180466,-4.3073349,-45.4697571
48.5506448,-24.9660263,-4.41723633,-45.5327759
48.5606018,-24.9660263,-4.41723633,-45.5327759
48.5705598,-24.9437866,-4.4103775,-45.4315186
48.5805178,-24.9925079,-4.58238983,-45.3538208
48.5904758,-25.0355225,-4.58171844,-45.3821411
48.6004337,-25.0937653,-4.83787537,-45.3779602
48.6103918,-25.1436157,-4.8500824,-45.2049255
48.6203487,-25.2586975,-4.90113831,-45.063324
48.6303068,-25.2528381,-4.92019653,-44.8479004
48.6402647,-25.3150787,-5.10135651,-45.0122375
48.6502228,-25.2692719,-5.14523315,-45.098999
48.6601808,-25.2098083,-5.2890625,-45.3675232
48.6701387,-25.0419922,-5.57165527,-45.4084473
48.6800968,-24.7907867,-5.73849487,-45.5271606
48.6900538,-24.546608,-5.93748474,-45.540741
48.7000118,-24.4782791,-5.96710205,-45.8847351
48.7099697,-24.318718,-6.11521912,-45.7071533
48.7199278,-24.0824814,-6.14433289,-45.7749329
48.7298857,-24.0695724,-5.96715546,-45.9154968
48.7398438,-24.0923386,-6.10965729,-45.8555908
48.7498007,-23.9956589,-6.07844543,-45.6609497
48.7597588,-24.2108536,-6.16895294,-45.6860352
48.7697168,-24.26371,-6.28163147,-45.6929016
48.7796748,-24.3784103,-6.39979553,-45.4845886
48.7896328,-24.4107132,-6.41312408,-45.6864624
48.7995907,-24.492363,-6.41955566,-45.4291687
48.8095478,-24.3201065,-6.55589294,-45.4219666
48.8195057,-24.1979599,-6.55526733,-45.3813477
48.8294638,-23.7827072,-6.49264526,-45.6915588
48.8394217,-23.7209702,-6.46456909,-45.7521973
48.8493798,-23.3114548,-6.10605621,-45.9155273
48.8593378,-23.0197372,-6.06952667,-46.2720337
48.8692948,-22.448555,-5.80337524,-46.4451294
48.8792527,-22.1624069,-5.82620239,-46.5056763
48.8892108,-21.788475,-5.83407593,-46.6230774
48.8991688,-21.6573639,-5.6467514,-46.7659912
48.9091267,-21.6573639,-5.6467514,-46.7659912
48.9190848,-21.3312225,-5.77132416,-47.0884399
48.9290418,-21.2180328,-5.76409912,-47.2609253
48.9389998,-21.1826324,-5.8254776,-47.2060547
48.9489577,-21.1570129,-5.92113495,-47.1831055
48.9589158,-21.1730347,-5.9812088,-47.1317749
48.9688738,-21.0667419,-6.12297821,-47.0341187
48.9788318,-21.2573395,-6.2276001,-47.1620178
48.9887887,-21.2913055,-6.28660583,-47.073822
48.9987468,-21.2680054,-6.35075378,-47.0474854
49.0087048,-21.2412262,-6.3841629,-47.0625305
49.0186627,-21.4374542,-6.52758026,-47.0936279
49.0286208,-21.3966675,-6.59657288,-46.899292
49.0385787,-21.7220154,-6.70079041,-47.034729
49.0485358,-21.6443481,-6.7433548,-46.8320923
49.0584937,-21.7399139,-6.87069702,-46.7008667
49.0684518,-21.7961731,-6.90303802,-46.772583
49.0784097,-21.7894745,-6.90103149,-46.6351624
49.0883678,-22.0059052,-6.85528564,-46.5563354
49.0983258,-22.0350494,-6.87120819,-46.480957
49.1082828,-22.0650177,-6.86722565,-46.5622253
49.1182408,-22.1608887,-6.97254181,-46.7051086
49.1281988,-22.2862091,-7.06105804,-46.7911377
49.1381568,-22.2238007,-7.04768372,-46.6030884
49.1481147,-22.2098694,-7.09763336,-46.6455078
49.1580729,-22.2505493,-7.06545258,-46.7044678
49.1680299,-22.3405914,-7.25671387,-46.8114624
49.1779879,-22.1394958,-7.17931366,-46.5854187
49.1879459,-22.042984,-7.24868774,-46.8082886
49.1979039,-21.9958954,-7.24084473,-46.9906006
49.2078619,-21.9252319,-7.20748138,-46.9815063
49.2178199,-22.0073242,-7.1786499,-47.0549011
49.2277769,-21.7655182,-7.20128632,-47.1525269
49.2377349,-21.933197,-7.25926971,-47.0915833
49.2476929,-21.9726257,-7.28050232,-47.1896057
49.2576509,-22.077774,-7.23855591,-47.280426
49.2676089,-22.077774,-7.23855591,-47.280426
49.2775669,-21.780365,-7.10713196,-47.0541382
49.2875249,-21.9116592,-7.19217682,-47.3113403
49.2974819,-21.9009933,-7.28082275,-47.2214966
49.3074399,-21.8736038,-7.32536316,-47.1402893
49.3173979,-21.7544785,-7.26309967,-47.2887878
49.3273559,-21.7850876,-7.02587128,-47.2319946
49.3373139,-21.7950821,-6.94682312,-47.3627014
49.3472719,-21.6596756,-6.61580658,-47.4696655
49.3572289,-21.6604996,-6.32432556,-47.76474
49.3671869,-21.7282791,-6.17986298,-47.5421143
49.3771449,-21.8136063,-6.17266083,-47.6066589
49.3871029,-21.7746201,-6.0737915,-47.4559631
49.3970609,-21.8437271,-5.98368835,-47.6085815
49.4070189,-21.8052444,-6.1038208,-47.6352539
49.4169759,-21.7447739,-6.01818848,-47.6571655
49.4269339,-21.5093765,-6.18746948,-47.6911011
49.4368919,-21.3841782,-6.08066559,-47.7521362
49.4468499,-21.1812363,-6.04096222,-47.8172607
49.4568079,-21.0401688,-6.2935791,-47.8820801
49.4667659,-21.0252457,-6.17368317,-47.9372864
49.4767229,-21.0077438,-6.15145874,-47.9031677
49.4866809,-21.2136459,-6.0753479,-47.9299011
49.4966389,-21.2603378,-6.097229,-47.8454895
49.5065969,-21.4266434,-5.82524872,-47.7696533
49.5165549,-21.7400589,-5.73084259,-47.6357727
49.5265129,-22.1151352,-5.60305786,-47.7537842
49.5364699,-22.49543,-5.38852692,-47.5275574
49.5464279,-22.7779312,-5.27740479,-47.5720215
49.5563859,-22.8833084,-5.31648254,-47.3318787
49.5663439,-22.9907303,-5.05014038,-47.4030151
49.5763019,-23.1246643,-4.82717896,-47.2435608
49.5862599,-22.9785156,-4.8332901,-47.4014587
49.5962169,-22.8825531,-4.62526703,-47.3689575
49.6061749,-22.6775055,-4.64567566,-47.6646423
49.6161329,-22.8817139,-4.29438019,-47.8770142
49.6260909,-22.8817139,-4.29438019,-47.8770142
49.6360489,-22.7386322,-4.1344223,-47.7853088
49.6460069,-22.7844391,-3.97960663,-47.8364258
49.6559639,-22.6612701,-3.73477936,-47.7600708
49.6659219,-22.6539459,-3.70070648,-47.8859558
49.6758799,-22.617981,-3.67340851,-47.7635803
49.6858379,-22.6564789,-3.65119171,-47.8685303
49.6957959,-22.5990295,-3.56771088,-47.6573792
49.7057539,-22.7593994,-3.59731293,-47.7607422
49.7157109,-22.8179474,-3.65596771,-47.7242737
49.7256689,-22.8084106,-3.60747528,-47.664093
49.7356269,-22.767395,-3.48189545,-47.598938
49.7455849,-22.7935944,-3.65699005,-47.6575928
49.7555429,-22.7762451,-3.7556839,-47.8005371
49.7655009,-22.9173584,-3.74829865,-47.7729492
49.7754579,-22.9298401,-3.75844574,-47.7928467
49.7854159,-22.863678,-3.77442932,-47.634613
49.7953739,-22.7061005,-3.75019836,-47.8318176
49.8053319,-22.8049774,-3.77320862,-47.8936768
49.8152899,-22.9525452,-3.83067322,-47.9211731
49.8252479,-23.0048523,-3.92363739,-47.5929871
49.8352049,-23.0120087,-4.07081604,-47.7182922
49.8451629,-23.2142334,-4.10522461,-47.4295959
49.8551209,-23.5515594,-4.33401489,-47.3114929
49.8650789,-23.6530457,-4.40369415,-47.3175964
49.8750369,-23.8673248,-4.52649689,-47.053772
49.8849949,-24.0461578,-4.65503693,-47.1360474
49.8949519,-24.3131561,-4.80846405,-47.1723938
49.9049099,-24.4340973,-4.91531372,-47.0745544
49.9148679,-24.485199,-5.10610199,-46.9752808
49.9248259,-24.4350433,-5.13033295,-46.6781006
49.9347839,-24.4672852,-5.37606812,-46.7749329
49.9447419,-24.4663696,-5.47560883,-46.766449
49.9546989,-24.6342316,-5.7381134,-46.8903809
49.9646569,-24.5590057,-5.91235352,-46.7317505
49.9746149,-24.5590057,-5.91235352,-46.7317505
49.9845729,-24.5262146,-5.99285889,-46.5396729
49.9945309,-24.3985901,-5.84464264,-46.6924133
50.0044889,-24.4664154,-5.88970184,-46.7628479
50.0144459,-24.3857727,-5.72021484,-46.8646545
50.0244039,-24.4266052,-5.57159424,-46.6679688
50.0343619,-24.7167358,-5.46924591,-46.7488708
50.0443199,-24.858696,-5.32158661,-46.355957
50.0542779,-25.0101852,-5.23448944,-46.5771484
50.0642359,-25.1770096,-5.35505676,-46.5380859
50.0741929,-25.0643845,-5.5507431,-46.5818481
50.0841509,-24.9058609,-5.75027466,-46.4932861
50.0941089,-24.5353622,-5.71893311,-46.8996582
50.1040669,-24.3513412,-6.01980591,-47.071167
50.1140249,-23.8239975,-6.20186615,-47.0517273
50.1239829,-23.4296036,-6.39006805,-47.2598877
50.1339399,-23.0689468,-6.57395172,-47.5600281
50.1438979,-22.8081131,-6.60041809,-47.7002869
50.1538559,-22.6319504,-6.7321167,-47.7834167
50.1638143,-22.5056992,-6.58824158,-47.5906982
50.1737723,-22.4838638,-6.81465912,-47.7612
50.1837302,-22.5345535,-6.86854553,-47.6351318
50.1936873,-22.4266434,-7.03662872,-47.5430298
50.2036453,-22.6515274,-7.24371338,-47.3282776
50.2136033,-22.80793,-7.6206665,-47.2611694
50.2235612,-22.961937,-8.00878143,-47.1160278
50.2335193,-22.9610672,-8.29136658,-47.1877136
50.2434773,-22.9330521,-8.16087341,-47.1918335
50.2534343,-22.9754181,-8.37726593,-47.1046143
50.2633922,-23.0617371,-8.47172546,-47.2263184
50.2733503,-22.9006653,-8.39121246,-47.2157593
50.2833083,-22.9217987,-8.48568726,-47.1519775
50.2932662,-22.7402496,-8.45231628,-47.249176
50.3032243,-22.8281555,-8.62813568,-47.1023865
50.3131813,-22.7614288,-8.7197113,-47.1679993
50.3231393,-22.6333008,-8.78066254,-47.2020874
50.3330972,-22.6333008,-8.78066254,-47.2020874
50.3430553,-22.360321,-8.7755127,-47.2340393
50.3530133,-22.139679,-8.82051086,-47.1604004
50.3629713,-22.0474396,-8.78629303,-47.2300415
50.3729282,-21.858963,-8.83411407,-47.5089111
50.3828863,-21.6820831,-8.84091187,-47.7290039
50.3928443,-21.4834366,-8.8938446,-47.667572
50.4028023,-21.4345016,-8.87854767,-47.7281799
50.4127603,-21.4443893,-8.89073944,-47.8579102
50.4227173,-21.3048325,-8.79964447,-47.8167114
50.4326753,-21.260704,-8.69433594,-47.7980957
50.4426332,-21.2454758,-8.57011414,-47.9474487
50.4525913,-21.0451279,-8.59326172,-47.9892578
50.4625492,-21.0344925,-8.55194092,-48.1245422
50.4725073,-21.2075424,-8.71369934,-48.1293335
50.4824642,-21.440773,-8.6314621,-47.8610229
50.4924223,-21.5468369,-8.61131287,-47.9036255
50.5023802,-21.5291367,-8.45230865,-47.8286743
50.5123383,-21.5046616,-8.42567444,-47.711853
50.5222963,-21.5761032,-8.55789185,-47.4755554
50.5322542,-21.5078201,-8.66835785,-47.7540283
50.5422113,-21.4134293,-8.66405487,-47.973999
50.5521693,-21.1666794,-8.71369934,-47.8995361
50.5621273,-21.0779343,-8.68647766,-48.098175
50.5720852,-20.8458481,-8.88219452,-48.0463867
50.5820433,-20.5962906,-8.77528381,-47.8039551
50.5920013,-20.4593124,-8.84369659,-48.0380249
50.6019583,-20.3184891,-8.83023834,-47.9586792
50.6119162,-20.2762833,-8.95106506,-48.0589905
50.6218743,-20.3656235,-9.11889648,-47.8951111
50.6318323,-20.3306808,-9.18792725,-47.8660278
50.6417902,-20.2802887,-9.1272583,-48.1391602
50.6517483,-20.2037048,-9.23911285,-48.1565247
50.6617053,-20.1670532,-9.22123718,-48.0464783
50.6716633,-20.1507263,-9.26600647,-48.149231
50.6816212,-20.1507263,-9.26600647,-48.149231
50.6915793,-19.9889374,-9.22415161,-48.15271
50.7015372,-19.9589844,-9.21115875,-48.1482239
50.7114943,-20.1212616,-9.13576508,-48.1308594
50.7214522,-20.1021118,-9.09885406,-48.0076599
50.7314103,-20.2930756,-8.97754669,-48.1012268
50.7413683,-20.5430145,-8.94667816,-48.1316528
50.7513263,-20.6498871,-8.70718384,-48.0596313
50.7612843,-20.6996613,-8.70754242,-48.0310669
50.7712422,-20.9828491,-8.56739807,-47.862793
50.7811993,-21.2615738,-8.71877289,-47.8443604
50.7911572,-21.2485733,-8.85778046,-47.6612549
50.8011153,-21.2646713,-8.97814941,-47.5195007
50.8110732,-21.1558304,-9.1723175,-47.5183105
50.8210313,-21.2563705,-9.22306824,-47.4511719
50.8309882,-21.144249,-9.49238586,-47.6646423
50.8409463,-20.9228897,-9.30940247,-47.8360596
50.8509042,-20.7468796,-9.08233643,-47.8423157
50.8608623,-20.725853,-8.74482727,-47.8963318
50.8708203,-20.6871414,-8.47244263,-47.9799194
50.8807782,-20.7071152,-8.05873108,-48.0513611
50.8907353,-20.6817551,-7.76333618,-48.1147461
50.9006933,-20.9356766,-7.72680664,-48.0523376
50.9106513,-21.0026474,-7.57478333,-47.9124451
50.9206092,-21.2583389,-7.3150177,-48.0272522
50.9305673,-21.4267883,-7.36443329,-47.9794922
50.9405253,-21.5192719,-7.44776154,-47.8314209
50.9504823,-21.5668182,-7.13619232,-47.74646
50.9604402,-21.7259369,-7.08886719,-47.8910522
50.9703983,-21.7212067,-6.88554382,-47.8754272
50.9803563,-21.6811066,-6.75455475,-47.7897339
50.9903142,-21.7629242,-6.47907257,-47.9650574
51.0002723,-21.8665771,-6.25196838,-47.8289795
51.0102293,-21.7662582,-6.14597321,-47.936615
51.0201873,-21.6771164,-5.86361694,-47.8175964
51.0301452,-21.6754074,-5.55728149,-47.698761
51.0401033,-21.6754074,-5.55728149,-47.698761
51.0500612,-21.763237,-5.37055969,-47.8034363
51.0600193,-21.9267502,-5.02859497,-47.8554077
51.0699762,-22.0632401,-4.90125275,-47.9792786
51.0799343,-21.9603958,-4.62071991,-48.0811462
51.0898923,-22.2892456,-4.56295013,-47.8941345
51.0998503,-22.3589783,-4.57145691,-47.5303345
51.1098083,-22.5331268,-4.48395538,-47.6620789
51.1197653,-22.5388489,-4.54167175,-47.4058533
51.1297233,-22.638092,-4.39859772,-47.2966614
51.1396812,-22.5926056,-4.07380676,-47.3023376
51.1496393,-22.6613159,-4.04357147,-47.3166504
51.1595962,-22.6408539,-3.7967453,-47.2120667
51.1695542,-22.6656952,-3.76833344,-47.2187805
51.1795112,-22.7621307,-3.65076447,-47.4646606
51.1894692,-22.7805786,-3.41741943,-47.4763489
51.1994272,-22.8608551,-3.2612915,-47.4747314
51.2093852,-22.6947937,-3.1237793,-47.6448364
51.2193432,-22.7514343,-3.07367706,-47.6040039
51.2293012,-22.6307526,-3.14728546,-47.6316223
51.2392582,-22.70755,-3.00423431,-47.5255127
51.2492162,-22.59375,-3.1099472,-47.431366
51.2591742,-22.6080017,-3.04067993,-47.3787842
51.2691322,-22.6377106,-3.05859375,-47.2408752
51.2790902,-22.7153778,-3.03038788,-47.1795654
51.2890482,-22.749939,-3.04477692,-47.1238098
51.2990052,-22.9785309,-3.00144196,-47.0628662
51.3089632,-23.0706024,-3.10623932,-46.9359741
51.3189212,-23.2858582,-3.1830368,-46.6795044
51.3288792,-23.3543396,-3.33379364,-46.8143311
51.3388372,-23.4451599,-3.54070282,-46.8477478
51.3487942,-23.5487061,-3.54753113,-46.8454895
51.3587522,-23.6221771,-3.6783905,-46.8294983
51.3687102,-23.7528229,-3.76533508,-46.6137085
51.3786682,-23.6511536,-3.76507568,-46.5974121
51.3886262,-23.6511536,-3.76507568,-46.5974121
51.3985842,-23.6509399,-3.90847778,-46.5348816
51.4085412,-23.59758,-3.96296692,-46.4128113
51.4184992,-23.6842651,-4.0366745,-46.5185547
51.4284572,-23.7254639,-4.16470337,-46.6432495
51.4384152,-23.7977753,-4.08295441,-46.4421997
51.4483732,-23.8305359,-3.90391541,-46.6874084
51.4583312,-23.9387207,-3.80004883,-46.3432617
51.4682882,-24.1361237,-3.78486633,-46.2366028
51.4782462,-24.4347763,-3.63808441,-46.4028625
51.4882042,-24.703743,-3.58856201,-46.3589478
51.4981622,-25.0846634,-3.63114929,-45.942627
51.5081202,-25.1636887,-3.42713165,-45.8970032
51.5180772,-25.252182,-3.35238647,-45.9173584
51.5280352,-25.1939545,-3.48332214,-45.7416687
51.5379932,-25.16362,-3.24806213,-45.9494324
51.5479512,-25.0598297,-3.61949158,-45.7362976
51.5579092,-24.8547058,-3.80396271,-45.6412964
51.5678672,-24.5723724,-3.88833618,-45.9640503
51.5778242,-24.093399,-3.92489624,-45.9780273
51.5877822,-23.9881744,-4.01543427,-46.0942993
51.5977402,-23.7197876,-4.12678528,-46.2008057
51.6076982,-23.6084595,-4.26113129,-46.2653198
51.6176562,-23.5502014,-4.09105682,-46.4046936
51.6276142,-23.5602264,-4.25968933,-46.4441223
51.6375712,-23.5506439,-4.30763245,-46.4689331
51.6475292,-23.6543274,-4.5615921,-46.2120972
51.6574872,-23.9412537,-4.66972351,-46.1773682
51.6674452,-23.7930756,-4.9285965,-46.1860046
51.6774032,-23.9444122,-5.10049438,-46.2695007
51.6873602,-23.8371887,-5.31367493,-46.2127686
51.6973182,-23.7293243,-5.4540329,-46.3606873
51.7072762,-23.5849457,-5.65562439,-46.2891846
51.7172342,-23.5323792,-5.71208191,-46.2421875
51.7271922,-23.3460388,-5.88987732,-46.3561096
51.7371502,-23.3317719,-5.90568542,-46.5771484
51.7471072,-23.3317719,-5.90568542,-46.5771484
51.7570652,-23.0079041,-5.90904236,-46.467865
51.7670232,-22.8945923,-5.95277405,-46.7019348
51.7769812,-22.7949829,-6.04676819,-46.7354736
51.7869392,-22.6166229,-6.09880066,-46.8087769
51.7968972,-22.4137421,-6.31620026,-46.7043457
51.8068542,-22.2075653,-6.20850372,-46.9571838
51.8168122,-22.0773468,-6.18190765,-46.8668823
51.8267702,-22.061142,-6.31587219,-46.8401794
51.8367282,-21.8841553,-6.38587952,-46.9231567
51.8466862,-21.9815216,-6.36310577,-46.8792419
51.8566432,-21.8298645,-6.40971375,-46.9441223
51.8666012,-21.7586975,-6.48361206,-47.1431274
51.8765592,-21.7526398,-6.48829651,-47.239563
51.8865172,-21.9052582,-6.41168976,-47.1067505
51.8964752,-21.8524475,-6.41321564,-47.0630798
51.9064332,-21.9499359,-6.36997986,-47.2030334
51.9163902,-21.9796295,-6.37898254,-47.0489807
51.9263482,-22.0215759,-6.30323792,-46.8797913
51.9363062,-21.9930115,-6.2062912,-47.0516052
51.9462642,-21.9570923,-6.05516815,-47.1576538
51.9562222,-21.9442291,-5.96942139,-47.1624756
51.9661792,-21.9454803,-6.00608063,-47.1331482
51.9761372,-21.7842102,-5.88801575,-47.131134
51.9860952,-21.7271881,-5.84521484,-47.3361511
51.9960532,-21.7611237,-5.77857208,-47.3273315
52.0060112,-21.6156311,-5.77532196,-47.2380981
52.0159692,-21.8216705,-5.78233337,-47.1600037
52.0259262,-21.6500854,-5.61742401,-47.1498413
52.0358842,-21.6303864,-5.65958405,-47.0511169
52.0458422,-21.5151367,-5.50535583,-47.3096619
52.0558002,-21.5604858,-5.43686676,-47.1418152
52.0657582,-21.4981232,-5.40812683,-47.0925598
52.0757162,-21.5756073,-5.28860474,-47.2673645
52.0856732,-21.6156769,-5.31957245,-47.0230713
52.0956312,-21.6156769,-5.31957245,-47.0230713
52.1055892,-21.6177673,-5.25549316,-47.2845459
52.1155472,-21.4416046,-5.21845245,-47.4862366
52.1255052,-21.5428925,-5.18463898,-47.2925415
52.1354632,-21.5051727,-5.26947021,-47.3150635
52.1454202,-21.6443481,-5.34216309,-47.2752686
52.1553782,-21.8859253,-5.44860077,-47.017395
52.1653374,-21.9706726,-5.45946503,-46.8554382
52.1752954,-22.1143646,-5.53036499,-46.8703918
52.1852534,-22.0794373,-5.69250488,-46.8294067
52.1952104,-22.0489349,-5.73165131,-46.5821533
52.2051684,-22.0167847,-5.78673553,-46.5443115
52.2151264,-21.8188934,-6.03621674,-46.8009033
52.2250844,-21.642334,-6.13839722,-46.5748291
52.2350424,-21.5928345,-6.09617615,-46.8970032
52.2450004,-21.4753876,-6.29816437,-46.9164734
52.2549574,-21.5642242,-6.49136353,-47.0115356
52.2649154,-21.4494171,-6.58100891,-46.5752563
52.2748734,-21.4887085,-6.56314087,-46.5492249
52.2848314,-21.635025,-6.52228546,-46.4772644
52.2947894,-21.8357544,-6.4467392,-46.4555054
52.3047464,-22.2199707,-6.27248383,-46.3640442
52.3147044,-22.4915009,-6.09646606,-46.1050415
52.3246624,-22.8180542,-6.05711365,-46.0636597
52.3346204,-22.8513336,-6.23680115,-46.0141907
52.3445784,-22.9837494,-6.15177917,-45.7753296
52.3545364,-22.8872528,-6.47402954,-45.5262756
52.3644934,-22.8457947,-6.66958618,-45.7174988
52.3744514,-22.6854858,-6.85215759,-45.78302
52.3844094,-22.5274506,-6.9365921,-45.8952026
52.3943674,-22.3888855,-6.79672241,-45.9851074
52.4043254,-22.3887939,-6.70819092,-45.927063
52.4142824,-22.4465027,-6.71820068,-45.7217102
52.4242404,-22.5270538,-6.72873688,-45.7793579
52.4341984,-22.6479187,-6.73660278,-45.8186035
52.4441564,-22.3787231,-6.8558197,-45.8345337
52.4541144,-22.3787231,-6.8558197,-45.8345337
52.4640724,-22.4885101,-7.04465485,-45.7332764
52.4740294,-22.3939056,-7.2405777,-45.6214905
52.4839874,-22.5974274,-7.35411835,-45.7947693
52.4939454,-22.5161743,-7.55438995,-45.8532715
52.5039034,-22.3923798,-7.5973587,-45.8298645
52.5138614,-22.3365479,-7.93211365,-45.7648315
52.5238184,-22.3624573,-7.98852539,-45.5870361
52.5337764,-22.1807556,-7.97772217,-45.5505676
52.5437344,-22.226532,-7.85400391,-45.4131165
52.5536924,-22.2709961,-7.86371613,-45.456604
52.5636504,-22.2893982,-7.71992493,-45.5447083
52.5736084,-22.1888275,-7.63110352,-45.4525452
52.5835654,-22.2423096,-7.78866577,-45.543396
52.5935234,-22.3759918,-7.76991272,-45.4860229
52.6034814,-22.450531,-7.93061829,-45.6644287
52.6134394,-22.3761292,-8.03301239,-45.5971375
52.6233974,-22.4672089,-8.0384903,-45.4432068
52.6333544,-22.4739075,-8.13646698,-45.3771362
52.6433124,-22.5528564,-8.25582886,-45.4021301
52.6532704,-22.49617,-8.32917023,-45.5567322
52.6632284,-22.3624115,-8.39042664,-45.5474243
52.6731864,-22.4107513,-8.43527985,-45.3514709
52.6831444,-22.4237213,-8.37528229,-45.4634399
52.6931014,-22.2561493,-8.3585434,-45.3250427
52.7030594,-22.1059418,-8.37338257,-45.1620789
52.7130174,-22.0152588,-8.36492157,-45.4519958
52.7229754,-22.1079102,-8.13733673,-45.5177002
52.7329334,-22.0267334,-8.24636841,-45.4163513
52.7428914,-22.1896515,-8.20865631,-45.4202576
52.7528484,-22.2492828,-8.15239716,-45.555542
52.7628064,-22.4653168,-8.01435089,-45.626709
52.7727644,-22.6166382,-8.00868988,-45.6265259
52.7827224,-22.7697906,-7.85691833,-45.6743469
52.7926804,-22.8847733,-7.87979126,-45.4778137
52.8026374,-22.8847733,-7.87979126,-45.4778137
52.8125954,-23.0287704,-7.71578217,-45.3973083
52.8225534,-23.2235031,-7.62214661,-45.289032
52.8325114,-23.2037277,-7.55548859,-45.2915649
52.8424694,-23.4934921,-7.4396286,-45.0600586
52.8524274,-23.5904617,-7.5873642,-44.9008484
52.8623844,-23.6789474,-7.50749207,-44.552887
52.8723424,-23.5905991,-7.46736908,-44.5508728
52.8823004,-23.8774643,-7.63967896,-44.6936951
52.8922584,-23.6441727,-7.84761047,-44.8045654
52.9022164,-23.7594986,-7.90720367,-44.6818542
52.9121734,-23.6744919,-7.79698181,-44.5620117
52.9221314,-23.7740707,-7.80748749,-44.532135
52.9320894,-23.7313766,-7.78048706,-44.4140625
52.9420474,-23.7618942,-7.69721222,-44.5608826
52.9520054,-23.736763,-7.85915375,-44.464325
52.9619634,-23.7664719,-7.78796387,-44.354248
52.9719204,-23.7986374,-7.98672485,-44.2183533
52.9818784,-23.8280716,-8.03497314,-44.1526489
52.9918364,-23.8320541,-8.2513504,-44.3326416
53.0017944,-23.8030624,-8.33410645,-44.1995544
53.0117524,-23.7122574,-8.54096222,-44.3578186
53.0217094,-23.7433395,-8.7991333,-44.1743164
53.0316674,-23.8937912,-8.87680817,-44.4211121
53.0416254,-23.6702499,-8.8928299,-44.4120789
53.0515834,-23.7084274,-8.88425446,-44.3561096
53.0615414,-23.8026276,-9.13759613,-44.3896179
53.0714984,-23.8380432,-9.20694733,-44.1670227
53.0814564,-23.6985626,-9.25779724,-44.1504211
53.0914144,-23.6838226,-9.28315735,-44.0556335
53.1013724,-23.5597687,-9.32246399,-44.046936
53.1113304,-23.6170349,-9.48836517,-44.0514221
53.1212884,-23.5521545,-9.63659668,-43.9833984
53.1312454,-23.6504059,-9.75234222,-44.096283
53.1412034,-23.6876678,-9.69010162,-43.9593201
53.1511614,-23.7729034,-9.68552399,-43.9428711
53.1611187,-23.7666779,-9.68673706,-43.9376831
53.1710767,-23.8820648,-9.7146759,-43.6272888
53.1810347,-23.8631744,-9.83054352,-43.7250366
53.1909917,-23.9060516,-9.88674164,-43.8300781
53.2009497,-23.893631,-10.0559845,-43.9457397
53.2109077,-23.9325867,-10.2787018,-43.9508972
53.2208657,-23.713028,-10.4528885,-43.8963623
53.2308237,-23.6221924,-10.606102,-43.8984985
53.2407807,-23.6439056,-10.69207,-44.065979
53.2507387,-23.3918152,-10.8498001,-43.6994934
53.2606967,-23.4162445,-10.9521255,-43.7969055
53.2706547,-23.3405151,-11.0858383,-43.8596802
53.2806127,-23.2005005,-11.3679199,-44.0069885
53.2905697,-23.1456451,-11.6733093,-43.7493896
53.3005277,-22.9277191,-11.8194046,-43.7611389
53.3104857,-22.8595734,-11.9976883,-43.5008545
53.3204437,-22.8621979,-12.3106384,-43.6010742
53.3304017,-22.7437592,-12.5553513,-43.544342
53.3403597,-22.7572479,-12.6503754,-43.6853027
53.3503167,-22.7736282,-12.6117401,-43.6873169
53.3602747,-22.9538803,-12.6878815,-43.5264282
53.3702327,-23.0070724,-12.792038,-43.2426453
53.3801907,-22.8927994,-12.8644028,-43.3367004
53.3901487,-22.9526672,-12.9676514,-43.2812805
53.4001057,-22.6065369,-13.0475922,-43.2623291
53.4100637,-22.4729462,-13.2176743,-43.2575378
53.4200217,-22.1770172,-13.2757721,-43.502594
53.4299797,-21.9626465,-13.440918,-43.6210632
53.4399377,-21.8270416,-13.5157547,-43.5568848
53.4498957,-21.5108566,-13.5153275,-43.7176514
53.4598527,-21.3961563,-13.4686813,-43.7626343
53.4698107,-21.4186935,-13.3773804,-43.7776489
53.4797687,-21.4235764,-13.3591461,-43.9277344
53.4897267,-21.358696,-13.1677399,-43.9136047
53.4996847,-21.491188,-13.2548676,-43.9043274
53.5096417,-21.491188,-13.2548676,-43.9043274
53.5195997,-21.4496841,-13.3075027,-43.8025818
53.5295577,-21.41436,-13.5031662,-43.6264343
53.5395157,-21.5739822,-13.565033,-43.526123
53.5494737,-21.5811996,-13.7403412,-43.5407715
53.5594317,-21.52285,-13.6733704,-43.552002
53.5693887,-21.6568985,-13.920311,-43.4655151
53.5793467,-21.6056442,-13.8541946,-43.4490356
53.5893047,-21.5111923,-13.9107361,-43.3524475
53.5992627,-21.5371323,-13.8423996,-43.2705688
53.6092207,-21.4504471,-13.8894501,-43.5951538
53.6191777,-21.3638382,-14.0088806,-43.3379822
53.6291357,-21.2789536,-14.0534515,-43.286499
53.6390937,-21.1962204,-14.121109,-43.3808594
53.6490517,-21.0630417,-14.2198257,-43.520813
53.6590097,-21.1254196,-14.3162231,-43.4031982
53.6689667,-20.9947128,-14.4355698,-43.5745544
53.6789247,-21.0641556,-14.4611053,-43.2939453
53.6888827,-21.0557785,-14.5566101,-43.506012
53.6988407,-21.0409927,-14.5152359,-43.4654846
53.7087987,-21.0031204,-14.6319199,-43.2757568
53.7187567,-20.8633347,-14.5904465,-43.2720642
53.7287137,-20.6989822,-14.6499252,-43.1216431
53.7386717,-20.7240524,-14.7675095,-43.2581482
53.7486297,-20.4922562,-14.9410324,-43.6156616
53.7585877,-20.4605484,-15.331398,-43.3180542
53.7685457,-20.3557205,-15.4622803,-43.0549622
53.7785027,-20.2007065,-15.5807114,-43.0940857
53.7884607,-20.1862564,-15.7855072,-43.4104614
53.7984187,-20.0548172,-16.0193253,-43.1830444
53.8083767,-19.9442673,-16.2697144,-43.0957947
53.8183347,-19.7854538,-16.4911118,-42.9617615
53.8282917,-19.6938858,-16.5471573,-43.2504578
53.8382497,-19.6258316,-16.7473831,-43.2360535
53.8482077,-19.6948471,-17.148941,-43.1123047
53.8581657,-19.5979919,-17.3736115,-42.8843079
53.8681237,-19.5979919,-17.3736115,-42.8843079
53.8780817,-19.3311386,-17.7927475,-43.1186829
53.8880387,-19.203949,-18.0674057,-42.6835327
53.8979967,-18.9630508,-18.2148056,-42.6940613
53.9079547,-18.8068237,-18.5691299,-42.7481079
53.9179127,-18.5798721,-18.7810974,-42.4421997
53.9278707,-18.459259,-19.0828781,-42.3942566
53.9378277,-18.2704315,-19.3414307,-42.4047241
53.9477857,-18.222084,-19.5716629,-42.3818665
53.9577437,-18.3585281,-19.667778,-42.4492798
53.9677017,-18.5623398,-19.8879929,-42.3013916
53.9776597,-18.6151733,-20.0950394,-42.1319885
53.9876177,-18.6572189,-20.3007355,-42.0325012
53.9975747,-18.7986832,-20.4016953,-42.0090637
54.0075327,-18.7808685,-20.7122345,-41.8791504
54.0174907,-18.6723938,-20.8423004,-41.8811035
54.0274487,-18.5190277,-21.1487045,-41.7185974
54.0374067,-18.4216919,-21.4245071,-41.5628357
54.0473637,-18.3020325,-21.517807,-41.5386353
54.0573217,-18.1359482,-21.6631088,-41.8168945
54.0672797,-17.7098389,-21.7395554,-41.8555298
54.0772377,-17.3891678,-21.8490295,-41.8769531
54.0871957,-17.0271225,-21.8928299,-41.9682007
54.0971527,-16.8443527,-22.1292419,-41.9090881
54.1071107,-16.4151764,-22.3337936,-42.0124512
54.1170687,-16.212883,-22.5398712,-42.0021057
54.1270267,-15.80793,-22.7939377,-42.1334229
54.1369847,-15.3983154,-23.1143417,-42.1474915
54.1469417,-14.9693604,-23.3093796,-41.995636
54.1568997,-14.6023026,-23.4726486,-41.9686279
54.1668574,-14.2463074,-23.7739792,-41.9983521
54.1768154,-14.0396652,-24.0206985,-41.7020569
54.1867734,-13.5916672,-24.3532257,-41.7389832
54.1967314,-13.4941025,-24.6000443,-41.7853088
54.2066884,-13.112854,-24.7032318,-41.8744507
54.2166464,-13.112854,-24.7032318,-41.8744507
54.2266044,-12.8270569,-24.8093567,-41.5720215
54.2365624,-12.6190796,-25.1093445,-41.6453552
54.2465204,-12.2689514,-25.3024445,-41.4711304
54.2564784,-12.0471802,-25.6589584,-41.3759155
54.2664354,-11.7224426,-25.8726807,-41.1361694
54.2763934,-11.4787674,-26.3039169,-41.2373657
54.2863514,-10.989769,-26.5210495,-41.1677246
54.2963094,-10.7770767,-26.8735123,-40.8238831
54.3062674,-10.4168091,-27.1148453,-40.9227295
54.3162244,-10.0840988,-27.2799911,-40.9559021
54.3261824,-9.66872406,-27.3892822,-40.9526978
54.3361404,-9.34581757,-27.4317322,-40.8109741
54.3460984,-8.90103149,-27.5581436,-40.7203979
54.3560564,-8.34320831,-27.5136261,-40.891571
54.3660134,-7.77605438,-27.6189346,-40.9646301
54.3759714,-7.22970581,-27.752533,-41.0653687
54.3859294,-6.5433197,-27.7465973,-41.1459045
54.3958874,-5.73316956,-27.8216934,-41.1959229
54.4058454,-4.93319702,-27.8328629,-41.4301147
54.4158024,-4.28808594,-27.7959137,-41.5728455
54.4257604,-3.45562744,-27.6768723,-41.6395264
54.4357184,-2.89431763,-27.5082245,-41.6156921
54.4456764,-2.1200943,-27.276474,-41.7880249
54.4556344,-1.4265213,-27.0328522,-42.0201416
54.4655924,-0.777786255,-26.9493103,-42.2256165
54.4755494,-0.28944397,-26.7154083,-42.4808044
54.4855074,0.387306213,-26.449173,-42.7362366
54.4954654,0.851913452,-26.2222672,-42.6805725
54.5054234,1.44880676,-25.9576492,-42.7181091
54.5153814,1.72054291,-26.01828,-42.9665833
54.5253384,2.08165741,-25.8873901,-42.8479614
54.5352964,2.44559479,-25.7981644,-43.1618652
54.5452544,2.68443298,-25.612999,-43.2735596
54.5552124,2.90869141,-25.6401901,-43.2841492
54.5651704,3.15730286,-25.6190109,-43.2547913
54.5751274,3.15730286,-25.6190109,-43.2547913
54.5850854,3.34835815,-25.5614777,-43.3468933
54.5950434,3.52471161,-25.4432983,-43.3391113
54.6050014,3.77612305,-25.265831,-43.3627319
54.6149594,4.01467896,-25.0973434,-43.4948425
54.6249174,4.08861542,-25.054451,-43.4816589
54.6348744,4.14832306,-25.0995102,-43.5960999
54.6448324,4.3662262,-25.0272064,-43.6153259
54.6547904,4.61949158,-24.8934174,-43.5661926
54.6647484,4.79569244,-24.7505569,-43.5441589
54.6747064,5.03530884,-24.9367828,-43.7292786
54.6846634,5.28125763,-24.904007,-43.5736694
54.6946214,5.49789429,-24.9702606,-43.5312195
54.7045794,5.7213974,-24.9665756,-43.4047546
54.7145374,6.10604095,-24.9837646,-43.2374268
54.7244954,6.440979,-24.9746475,-42.9686584
54.7344534,6.62850189,-24.9235077,-42.7942505
54.7444104,6.92585754,-24.8442535,-42.7376709
54.7543684,7.16681671,-24.8588791,-42.7271118
54.7643264,7.35411835,-24.9224777,-42.8181763
54.7742844,7.64515686,-24.8106003,-42.9613647
54.7842424,7.8662796,-24.7674561,-42.9293213
54.7941994,8.0593338,-24.7211075,-43.0580139
54.8041574,8.09571075,-24.8320618,-43.0735168
54.8141154,8.22434998,-24.8588638,-42.9930115
54.8240734,8.19249725,-24.9376602,-43.1738586
54.8340314,8.23841858,-24.9838943,-43.1171265
54.8439884,8.21510315,-24.9737473,-43.0439148
54.8539464,8.14848328,-25.1017761,-42.9408569
54.8639044,8.13883209,-25.0246582,-42.7133484
54.8738624,8.09236908,-25.2826233,-42.8492737
54.8838204,7.97119904,-25.3267899,-42.8484802
54.8937774,7.88565826,-25.5196228,-43.0371094
54.9037354,7.94816589,-25.2878647,-42.7245483
54.9136934,7.77793121,-25.2618103,-42.8267822
54.9236514,7.77793121,-25.2618103,-42.8267822
54.9336094,7.70805359,-25.3651505,-42.5507202
54.9435674,7.64546967,-25.4458694,-42.54422
54.9535244,7.76118469,-25.1986313,-42.6622314
54.9634824,7.7514801,-25.2350082,-42.7678528
54.9734404,7.76044464,-25.0814896,-42.7612
54.9833984,7.80760956,-24.9432297,-42.8902283
54.9933564,7.82507324,-24.9827042,-42.8482361
55.0033134,7.83739471,-24.9132156,-42.7025452
55.0132714,7.97637177,-24.9183197,-42.8101196
55.0232294,7.99970245,-25.0338974,-42.6971436
55.0331874,8.0198822,-24.9069061,-42.7063904
55.0431454,8.19901276,-24.8370438,-42.7976379
55.0531024,8.05977631,-24.9020844,-42.8955383
55.0630604,8.09667969,-24.8889542,-42.9938354
55.0730184,8.03281403,-24.9532471,-42.887085
55.0829764,7.94477844,-24.952301,-42.7932129
55.0929344,7.85305023,-24.9496078,-42.8262329
55.1028924,7.75691986,-25.0524826,-42.8387451
55.1128494,7.65389252,-25.1594543,-42.8598633
55.1228074,7.48899078,-25.2521057,-42.7085571
55.1327654,7.46226501,-25.3941879,-42.7425537
55.1427234,7.51819611,-25.3011093,-42.6830139
55.1526814,7.35161591,-25.2098236,-42.5755005
55.1626389,7.47650146,-25.285675,-42.6224976
55.1725969,7.67497253,-25.2108383,-42.6184082
55.1825549,7.65868378,-25.217865,-42.7118835
55.1925129,7.79931641,-25.1427917,-42.8346863
55.2024709,7.89305878,-25.1579132,-42.7664185
55.2124279,7.95610809,-25.2060776,-42.7716675
55.2223859,7.91274261,-25.1922989,-42.5899353
55.2323439,7.81594849,-25.4331818,-42.5184631
55.2423019,7.78177643,-25.3479538,-42.7195129
55.2522599,7.79517365,-25.5188751,-42.6257629
55.2622179,7.91761017,-25.2979202,-42.7247925
55.2721749,7.74552155,-25.3484726,-42.6689453
55.2821329,7.74552155,-25.3484726,-42.6689453
55.2920909,7.67276764,-25.2490845,-42.8304443
55.3020489,7.65431976,-25.2462082,-42.8939819
55.3120069,7.6805191,-25.1413269,-42.7752991
55.3219639,7.63375854,-25.1414948,-42.7955017
55.3319219,7.82476044,-24.9703369,-42.8292236
55.3418799,7.71936798,-25.1943741,-42.9899597
55.3518379,7.61711884,-25.3066483,-43.0239258
55.3617959,7.72916412,-25.4377518,-42.936615
55.3717529,7.73871613,-25.3202972,-42.9579468
55.3817109,7.56325531,-25.4454575,-42.8194885
55.3916689,7.64411163,-25.3712158,-42.8132629
55.4016269,7.53816223,-25.3236084,-42.7355957
55.4115849,7.47988892,-25.3960953,-43.0162354
55.4215429,7.59177399,-25.2735596,-42.8913269
55.4314999,7.52266693,-25.2498322,-42.9330139
55.4414579,7.2603302,-25.4193268,-42.7675476
55.4514159,7.17682648,-25.3507004,-42.6456299
55.4613739,6.97509003,-25.2977371,-42.5880432
55.4713319,6.85500336,-25.4439697,-42.7909241
55.4812889,6.74904633,-25.2558975,-42.8317871
55.4912469,6.93118286,-25.1498795,-42.9076233
55.5012049,6.73395538,-25.2312241,-42.9636841
55.5111629,6.58578491,-25.1376114,-42.9920349
55.5211209,6.43266296,-25.2784576,-42.6679993
55.5310779,6.30884552,-25.2886658,-43.008728
55.5410359,6.24697876,-25.5045242,-42.9308167
55.5509939,6.15565491,-25.3840866,-42.9905701
55.5609519,6.04377747,-25.2354965,-43.1953125
55.5709099,5.82353973,-25.3216476,-43.2370911
55.5808669,5.66841888,-25.4115295,-43.4212646
55.5908249,5.48400879,-25.1919403,-43.3113098
55.6007829,5.22029114,-25.0807724,-43.4999084
55.6107409,5.06960297,-24.9443207,-43.4295349
55.6206989,4.90871429,-25.0037384,-43.635498
55.6306569,4.90871429,-25.0037384,-43.635498
55.6406139,4.88231659,-24.8879089,-43.5491333
55.6505719,4.89769745,-24.8759995,-43.5555725
55.6605299,4.88718414,-24.895668,-43.6003723
55.6704879,4.85526276,-24.7716751,-43.7659607
55.6804459,4.82579803,-24.9216995,-43.9006042
55.6904029,4.93417358,-24.7578888,-43.8230286
55.7003609,5.00752258,-24.6980896,-43.6914978
55.7103189,4.9298172,-24.6802979,-43.8658142
55.7202769,4.79051971,-24.6151657,-43.9488525
55.7302349,4.70405579,-24.6437607,-43.9169922
55.7401919,4.64987946,-24.6760941,-43.9304504
55.7501499,4.64546204,-24.5709152,-43.942749
55.7601079,4.52825928,-24.6837463,-43.6594543
55.7700659,4.68015289,-24.4901047,-43.7750854
55.7800239,4.49105835,-24.7490234,-43.6822205
55.7899819,4.47597504,-24.813179,-43.8234863
55.7999389,4.69509125,-24.6566162,-43.8995361
55.8098969,4.78781128,-24.519043,-43.7551575
55.8198549,4.73868561,-24.5107269,-43.6419678
55.8298129,4.71731567,-24.4903717,-43.722168
55.8397709,4.69515228,-24.4013977,-43.6412659
55.8497279,4.61191559,-24.4537048,-43.6270447
55.8596859,4.53036499,-24.3356018,-43.7597046
55.8696439,4.54182434,-24.2974319,-43.8412781
55.8796019,4.40761566,-24.3361206,-43.736908
55.8895599,4.50900269,-24.3398666,-43.7996216
55.8995169,4.43573761,-24.2058029,-43.8592834
55.9094749,4.34521484,-24.3786316,-43.8265991
55.9194329,4.29107666,-24.2380447,-43.918457
55.9293909,4.3695755,-24.1955948,-44.0522156
55.9393489,4.50457001,-24.2194748,-44.1287231
55.9493059,4.50006104,-24.1287003,-43.7421265
55.9592639,4.45066833,-24.1980438,-43.7502441
55.9692219,4.47830963,-24.1123962,-43.8301392
55.9791799,4.53674316,-24.3414001,-43.796814
55.9891379,4.53674316,-24.3414001,-43.796814
55.9990959,4.46327209,-24.303421,-43.6664734
56.0090529,4.27113342,-24.4209671,-43.6365967
56.0190109,4.47464752,-24.4052887,-43.5602722
56.0289689,4.3269577,-24.6356888,-43.4569397
56.0389269,4.27815247,-24.7084503,-43.4436951
56.0488849,3.90424347,-24.8393784,-43.3830261
56.0588419,3.7208252,-24.7794571,-43.2575989
56.0687999,3.67866516,-24.7723465,-43.4312134
56.0787579,3.62017059,-24.6383438,-43.4242249
56.0887159,3.37650299,-24.527626,-43.4751282
56.0986739,3.21716309,-24.5035706,-43.535553
56.1086309,3.14295959,-24.2100143,-43.6155701
56.1185889,3.20108032,-24.0629196,-43.5005188
56.1285469,3.06240845,-23.8326416,-43.7673035
56.1385049,2.88175201,-23.8303833,-43.5947876
56.1484629,2.73851013,-23.6386337,-43.8279724
56.1584199,2.60738373,-23.7206726,-43.9559631
56.1683775,2.51292419,-23.5711365,-43.9212952
56.1783355,2.3863678,-23.5133743,-43.9721069
56.1882935,2.37167358,-23.5187302,-43.9847717
56.1982515,2.38376617,-23.5664291,-43.8656311
56.2082085,2.50591278,-23.8415909,-43.7251892
56.2181665,2.7638092,-24.0491333,-43.7477417
56.2281245,3.19284058,-24.3275528,-43.5960388
56.2380825,3.51539612,-24.4170685,-43.3616943
56.2480405,3.7474823,-24.6802216,-43.2918701
56.2579985,4.18733215,-24.6018982,-43.2266235
56.2679555,4.53922272,-24.5542831,-43.2485657
56.2779135,4.57280731,-24.5852051,-43.1776428
56.2878715,4.76421356,-24.6022034,-43.138092
56.2978295,4.70211792,-24.5233994,-43.0856323
56.3077875,4.96193695,-24.5137329,-43.16922
56.3177445,5.01721954,-24.5429535,-43.3089294
56.3277025,5.1988678,-24.4290161,-43.1849365
56.3376605,5.1988678,-24.4290161,-43.1849365
56.3476185,5.2723999,-24.6787109,-43.0343933
56.3575765,5.57939911,-24.5793533,-42.8842468
56.3675335,5.43782043,-24.6573257,-43.1825256
56.3774915,5.50158691,-24.5453949,-43.055603
56.3874495,5.7036438,-24.6160126,-42.9279175
56.3974075,5.86269379,-24.5579147,-42.8198242
56.4073655,6.1618042,-24.5851364,-42.7325745
56.4173225,6.29987335,-24.4081421,-42.7312622
56.4272805,6.50891113,-24.4547043,-42.7319946
56.4372385,6.60771942,-24.4458084,-42.6239624
56.4471965,6.65097046,-24.4884644,-42.5900269
56.4571545,6.82134247,-24.5379486,-42.2754822
56.4671115,6.95710754,-24.6563721,-42.199646
56.4770695,7.00434875,-24.7067947,-42.2099609
56.4870275,6.81868744,-24.9924698,-42.0621948
56.4969855,6.97918701,-24.986969,-41.987915
56.5069435,7.21271515,-24.9612045,-42.0200806
56.5169005,7.16835022,-25.2040558,-42.032959
56.5268585,7.26591492,-25.0635834,-41.8699341
56.5368165,7.1427002,-25.220047,-41.8544006
56.5467745,7.21899414,-25.2172775,-41.8275452
56.5567325,7.24019623,-25.4271011,-42.1673279
56.5666905,7.31529999,-25.3193359,-41.90448
56.5766475,7.37940216,-25.3534851,-41.9617004
56.5866055,7.65862274,-25.4390945,-42.0412903
56.5965635,7.79139709,-25.4971771,-42.1912231
56.6065215,7.88854218,-25.5087738,-41.9081726
56.6164795,8.0188446,-25.6110077,-41.9658813
56.6264365,8.26341248,-25.7111816,-41.6417542
56.6363945,8.24887848,-26.0134506,-41.322876
56.6463525,8.40938568,-26.2093124,-41.3766785
56.6563105,8.52497864,-26.3431625,-41.2506104
56.6662685,8.5716095,-26.4643478,-41.0676575
56.6762255,8.61145782,-26.7306595,-40.9039917
56.6861835,8.71339417,-26.833046,-40.8545532
56.6961415,8.71339417,-26.833046,-40.8545532
56.7060995,8.61490631,-26.9204483,-40.8511353
56.7160575,8.44684601,-27.0347748,-40.9745178
56.7260145,8.30032349,-26.9691238,-40.6045532
56.7359725,8.08433533,-27.01297,-40.826355
56.7459305,7.7740097,-26.9354782,-40.7419128
56.7558885,7.66790771,-26.9912872,-40.7615356
56.7658465,7.43991089,-27.1185913,-40.4957886
56.7758035,7.33247375,-27.3104477,-40.4354553
56.7857615,7.38806915,-27.4590759,-40.4612122
56.7957195,7.65753174,-27.5298691,-40.3153076
56.8056775,7.70792389,-27.8082809,-40.1843262
56.8156355,7.71627808,-27.9481354,-39.9606323
56.8255925,7.64569855,-28.0443878,-39.7763672
56.8355505,7.74133301,-28.1465225,-39.6465149
56.8455085,7.6530304,-28.201416,-39.6820679
56.8554665,7.75402832,-28.2372818,-39.6738281
56.8654245,7.80280304,-28.2773666,-39.9176025
56.8753815,7.5945282,-28.3924866,-39.6768188
56.8853395,7.34157562,-28.4887619,-39.7174377
56.8952975,7.29655457,-28.857338,-39.6470642
56.9052555,7.25606537,-28.9117203,-39.5938721
56.9152135,7.23561859,-28.8403931,-39.5164795
56.9251715,7.09250641,-28.8423996,-39.4984131
56.9351285,7.14325714,-28.896843,-39.4749451
56.9450865,7.35010529,-28.8168106,-39.4597168
56.9550445,7.49448395,-28.7006607,-39.5327148
56.9650025,7.65918732,-28.6271439,-39.6426086
56.9749605,7.87467194,-28.5788574,-39.7583313
56.9849175,8.09460449,-28.314888,-39.7350159
56.9948755,8.20846558,-28.3335953,-39.446106
57.0048335,8.41585541,-28.099472,-39.6262512
57.0147915,8.5423584,-27.9987946,-39.8693848
57.0247495,8.64756012,-27.8531189,-39.8111572
57.0347065,8.69605255,-27.6383362,-39.903656
57.0446645,8.69605255,-27.6383362,-39.903656
57.0546225,8.6932373,-27.6744003,-40.0442505
57.0645805,8.77136993,-27.5113983,-40.0797119
57.0745385,8.74215698,-27.4800262,-40.2122192
57.0844955,8.62947845,-27.4235916,-40.1233215
57.0944535,8.85766602,-27.5534897,-40.3280945
57.1044115,8.96876526,-27.6442947,-40.1481323
57.1143695,9.02938843,-27.5170975,-40.2062378
57.1243275,9.20353699,-27.3470001,-39.9647827
57.1342845,9.26132965,-27.4236755,-40.1021118
57.1442425,9.29706573,-27.4359131,-40.0639343
57.1542005,9.48656464,-27.3751221,-40.0667725
57.1641589,9.30120087,-27.5474701,-40.0146484
57.1741169,9.48516083,-27.5247498,-39.8861084
57.1840739,9.50915527,-27.5865631,-39.9365845
57.1940319,9.52954865,-27.4013824,-40.0357971
57.2039899,9.63336182,-27.5042801,-39.7947083
57.2139479,9.79238892,-27.4250488,-39.849823
57.2239059,9.8296051,-27.5046844,-39.9486694
57.2338629,9.81923676,-27.5485916,-39.9835205
57.2438209,9.85296631,-27.4891891,-39.8221436
57.2537789,9.99739838,-27.4591293,-39.8330078
57.2637369,10.0525208,-27.3752518,-40.0016785
57.2736949,9.93444061,-27.2550125,-40.1131897
57.2836519,9.9034729,-26.9955826,-40.316864
57.2936099,9.95529938,-26.7554398,-40.3092651
57.3035679,10.0377197,-26.5288162,-40.3771667
57.3135259,10.0354767,-26.4930573,-40.5575256
57.3234839,10.2097092,-26.4716492,-40.5609436
57.3334419,10.455658,-26.4819336,-40.319397
57.3433989,10.8182373,-26.4402008,-40.2790833
57.3533569,11.0224457,-26.7411118,-40.1627502
57.3633149,11.3960037,-26.8821487,-39.8141479
57.3732729,11.6064835,-26.8420715,-39.7462158
57.3832309,12.0225601,-26.6817093,-39.7171021
57.3931879,12.1259613,-26.753685,-39.6069031
57.4031459,12.1259613,-26.753685,-39.6069031
57.4131039,12.2367172,-26.6281891,-39.6167297
57.4230619,12.4511566,-26.54039,-39.6703796
57.4330199,12.5069809,-26.4980011,-39.4415588
57.4429769,12.4231415,-26.4178848,-39.7802734
57.4529349,12.3666382,-26.3096619,-39.7354736
57.4628929,12.2839584,-26.2464905,-39.4738159
57.4728509,12.370018,-26.3973389,-39.6515808
57.4828089,12.3744736,-26.3721313,-39.578125
57.4927659,12.4501038,-26.4779282,-39.6174927
57.5027239,12.5786972,-26.4725876,-39.6228333
57.5126819,12.7764206,-26.4057846,-39.7962036
57.5226399,12.7033997,-26.295639,-39.6733398
57.5325979,12.7365646,-26.0605011,-39.8216553
57.5425549,12.6785431,-26.0367661,-39.7787781
57.5525129,12.8302231,-25.951561,-39.8632507
57.5624709,12.9197311,-25.9803925,-39.7624512
57.5724289,12.9573593,-25.9354324,-39.74646
57.5823869,13.0667496,-26.1255646,-39.7122192
57.5923439,13.0390778,-26.0883331,-39.8030701
57.6023019,13.1814194,-26.193161,-39.675415
57.6122599,13.0617142,-26.137413,-39.5769653
57.6222179,13.0915222,-26.0372314,-39.5541382
57.6321759,13.085762,-25.9887238,-39.8843689
57.6421329,13.1994095,-25.9978638,-39.7782288
57.6520909,13.2598419,-25.7417068,-39.9803467
57.6620489,13.3338776,-25.7026901,-39.9078979
57.6720069,13.502739,-25.9006577,-39.9437561
57.6819649,13.5529709,-25.690979,-39.8706055
57.6919219,13.7234116,-25.7409821,-39.9289856
57.7018799,13.7625656,-25.5439301,-40.0437012
57.7118379,13.7205048,-25.8045807,-39.8800659
57.7217959,13.9040527,-25.576088,-39.9002075
57.7317539,13.8380356,-25.5883713,-39.9333496
57.7417109,14.1152725,-25.4678116,-40.0443115
57.7516689,14.1111908,-25.4716339,-40.0489197
57.7616269,14.1428146,-25.5382462,-40.1365356
57.7715849,14.2348328,-25.296196,-39.9938049
57.7815429,14.2899017,-25.1774979,-40.1568604
57.7914999,14.330986,-25.1944046,-40.0081482
57.8014579,14.4713745,-25.1915131,-39.9602356
57.8114159,14.4566193,-25.1611938,-40.1455078
57.8213739,14.5557709,-25.0897141,-40.1608887
57.8313319,14.5291672,-24.9140778,-39.8883667
57.8412889,14.6343689,-24.8753662,-40.0296326
57.8512469,14.6912994,-24.6963577,-40.2384644
57.8612049,14.8084793,-24.7379684,-40.1359253
57.8711629,14.8230057,-24.765358,-40.3375549
57.8811209,14.7577438,-24.8071518,-40.3239441
57.8910779,14.7277832,-24.7619019,-40.2079773
57.9010359,14.6873169,-24.7602158,-40.1948242
57.9109939,14.7271729,-24.7101746,-40.1937561
57.9209519,14.6771469,-24.5823441,-40.1374817
57.9309099,14.7698364,-24.7868805,-40.1759033
57.9408679,14.8724442,-24.6870041,-40.1703491
57.9508249,14.9748764,-24.5318527,-40.2111206
57.9607829,14.8716812,-24.5340118,-40.2155151
57.9707409,14.7677765,-24.5363007,-40.1075439
57.9806989,14.6575241,-24.5564651,-40.2141418
57.9906569,14.6242447,-24.4736557,-40.4325867
58.0006139,14.5983582,-24.5038528,-40.4970398
58.0105719,14.5142746,-24.4707413,-40.37677
58.0205299,14.6150055,-24.5100403,-40.339386
58.0304879,14.6964569,-24.4154663,-40.1646729
58.0404459,14.7447586,-24.431366,-40.4586487
58.0504029,14.9054337,-24.4486618,-40.3815308
58.0603609,15.0558167,-24.3917465,-40.351532
58.0703189,15.1206207,-24.4691238,-40.2062683
58.0802769,15.1228638,-24.2942963,-40.2588501
58.0902349,15.2372437,-24.1965866,-40.2337952
58.1001919,15.470459,-24.0895157,-40.3811035
58.1101499,15.470459,-24.0895157,-40.3811035
58.1201079,15.6274261,-23.8621979,-40.3826599
58.1300659,15.6850357,-23.6749878,-40.1593323
58.1400239,16.090683,-23.4981308,-40.4264832
58.1499809,16.2819748,-23.2554321,-40.3487244
58.1599389,16.3479919,-23.2182922,-40.6761475
58.1698969,16.5398483,-22.7742767,-40.6940002
58.1798549,16.6589355,-22.5960159,-40.6312561
58.1898129,16.7318192,-22.187027,-40.7504272
58.1997699,16.8637009,-22.0365982,-41.149353
58.2097279,17.0541229,-21.6302795,-41.2591858
58.2196859,17.1573334,-21.450798,-41.3084412
58.2296439,17.1943588,-21.2399445,-41.3113098
58.2396019,17.161026,-20.9360123,-41.3340454
58.2495589,17.3647842,-20.6603165,-41.5027466
58.2595169,17.6307068,-20.3522415,-41.6156921
58.2694749,17.7545013,-20.0790558,-41.6793518
58.2794329,17.7658691,-19.8309326,-41.6305237
58.2893909,17.9845657,-19.5857162,-41.6351013
58.2993479,18.043663,-19.2962646,-41.7034912
58.3093059,18.3147049,-19.1468735,-41.6896973
58.3192639,18.3509445,-18.8584137,-41.8374329
58.3292219,18.6486969,-18.6323013,-41.8231506
58.3391799,18.769455,-18.3630981,-41.8982239
58.3491369,18.9050446,-18.2828903,-41.7342529
58.3590949,18.9606934,-18.2090683,-41.7788391
58.3690529,19.1131439,-17.9487991,-41.8561096
58.3790109,19.3225327,-17.5382385,-41.7633362
58.3889689,19.3257828,-17.3362656,-42.0544434
58.3989259,19.429657,-17.1225815,-42.3507996
58.4088839,19.4596329,-16.9415817,-42.4541931
58.4188419,19.7314224,-16.7011642,-42.3487244
58.4287999,19.7214584,-16.4857635,-42.4356384
58.4387579,19.9412918,-16.2713547,-42.5545349
58.4487149,20.2033615,-16.1611633,-42.496582
58.4586729,20.3202057,-16.1433182,-42.4812927
58.4686309,20.3140869,-16.1385574,-42.4917603
58.4785889,20.4794159,-16.092804,-42.1413269
58.4885469,20.6755066,-16.1181488,-42.0694275
58.4985039,20.9753342,-15.960228,-42.0531616
58.5084619,21.2998734,-15.8292084,-41.9666748
58.5184199,21.5149155,-15.7168045,-42.1167908
58.5283779,21.7210236,-15.4485245,-41.9458313
58.5383359,21.9006271,-15.4030533,-41.7616882
58.5482929,22.0445709,-15.2942047,-41.8493958
58.5582509,22.2078323,-15.2825546,-41.6650391
58.5682089,22.4073792,-14.9539261,-41.6199036
58.5781669,22.519989,-14.8554916,-41.565979
58.5881249,22.5028687,-14.6112442,-41.8220825
58.5980819,22.6625366,-14.5555115,-42.0063782
58.6080399,22.6989822,-14.3818359,-41.8320618
58.6179979,22.9099426,-14.2676086,-41.9319763
58.6279559,22.9248734,-14.2241745,-41.7160645
58.6379139,23.1289368,-14.1299057,-41.6054688
58.6478709,23.3889465,-13.9882965,-41.6736145
58.6578289,23.4499283,-13.8271332,-41.7123718
58.6677869,23.483078,-13.7303543,-41.9720764
58.6777449,23.5519333,-13.5745773,-41.7698059
58.6877029,23.6353836,-13.1082306,-41.6505432
58.6976599,23.6948624,-12.8350601,-41.8640137
58.7076179,23.8583221,-12.7772598,-41.7851562
58.7175759,23.8358307,-12.5057449,-41.9336548
58.7275339,24.0299149,-12.4352264,-42.0137329
58.7374919,24.1352997,-12.4524231,-41.8331909
58.7474489,24.1738968,-12.6443863,-41.606842
58.7574069,24.3012085,-12.7257996,-41.466156
58.7673649,24.232193,-12.9198914,-41.3538208
58.7773229,24.1458282,-12.8572693,-41.5534363
58.7872809,23.8008957,-12.7697144,-41.7350464
58.7972379,23.5138702,-12.7024765,-42.0962219
58.8071959,23.0605316,-12.4571533,-42.3995972
58.8171539,23.0605316,-12.4571533,-42.3995972
58.8271119,22.944397,-12.2363739,-42.6757812
58.8370699,22.6706085,-11.8888168,-42.8753052
58.8470269,22.6163864,-11.5058899,-42.7563477
58.8569849,22.5669632,-11.4205399,-43.0349731
58.8669429,22.6792374,-11.1858978,-42.9463806
58.8769009,22.9233322,-10.8290558,-42.8557434
58.8868589,23.1167831,-10.2619705,-42.7674866
58.8968159,23.4992599,-9.68608093,-42.5740662
58.9067739,23.7338791,-9.0684433,-42.6725769
58.9167319,23.8998489,-8.4596405,-42.9217224
58.9266899,24.0839233,-7.81114197,-42.9373474
58.9366479,24.2364273,-7.25098419,-43.3115845
58.9466049,24.2576752,-6.53975677,-43.4915161
58.9565629,24.3144684,-6.32515717,-43.3158569
58.9665209,24.3297119,-5.9397049,-43.3016663
58.9764789,24.4836884,-5.53354645,-43.3440857
58.9864369,24.5770264,-5.13375854,-43.2339478
58.9963939,24.7917786,-4.76737976,-43.2233582
59.0063519,24.8297653,-4.31524658,-43.2018738
59.0163099,24.9168015,-3.82225037,-43.4321594
59.0262679,25.0571289,-3.3033371,-43.271637
59.0362259,25.1332321,-2.81411743,-43.4154968
59.0461829,25.1190186,-2.31469727,-43.3468323
59.0561409,25.0446167,-2.08078766,-43.3019409
59.0660989,25.155838,-1.73131561,-43.3167114
59.0760569,25.2738953,-1.32881165,-43.370575
59.0860149,25.3409882,-0.964935303,-43.4022522
59.0959719,25.2833176,-0.58972168,-43.105896
59.1059299,25.2055893,-0.25037384,-43.2825928
59.1158879,25.2366257,0.115646362,-43.2209167
59.1258459,25.264534,0.433784485,-43.3714905
59.1358039,25.3099747,0.795516968,-43.3098755
59.1457609,25.3652039,1.16081238,-43.3219604
59.1557189,25.45755,1.53943634,-43.2062378
59.1656762,25.3517685,1.83883667,-43.1198425
59.1756342,25.3517685,1.83883667,-43.1198425
59.1855912,25.3539429,2.39800262,-43.1378784
59.1955492,25.3627777,2.97156525,-43.2608032
59.2055072,25.1362839,3.39346313,-43.2312622
59.2154652,24.9213562,3.8966217,-43.2469177
59.2254232,24.8504868,4.30006409,-43.539978
59.2353802,24.6568832,4.86109161,-43.5788269
59.2453382,24.379303,5.08441925,-43.6807251
59.2552962,24.3187485,5.4712677,-43.4077148
59.2652542,24.3781815,5.83276367,-43.4121399
59.2752122,24.2956314,6.13398743,-43.5521851
59.2851692,24.3313522,6.43221283,-43.5300293
59.2951272,24.5217285,6.81373596,-43.5904236
59.3050852,24.5934753,6.98874664,-43.4395142
59.3150432,24.755867,7.39137268,-43.2548218
59.3250012,24.6118393,7.42998505,-43.3777161
59.3349582,24.5888748,7.78143311,-43.5292664
59.3449162,24.3073273,7.77480316,-43.3612976
59.3548742,24.3608551,8.03406525,-43.3297729
59.3648322,24.190773,8.36018372,-43.2804565
59.3747902,24.0995789,8.46886444,-43.4602356
59.3847472,23.8586502,8.45423126,-43.5854187
59.3947052,24.0002289,8.55383301,-43.5271606
59.4046632,23.847496,8.83811951,-43.4925232
59.4146212,24.0164261,8.86717987,-43.4766235
59.4245792,23.9667892,8.99004364,-43.366394
59.4345362,23.98629,9.0797348,-43.3833008
59.4444942,24.0124741,9.43842316,-43.4038391
59.4544522,23.9566956,9.41652679,-43.1096497
59.4644102,23.9946976,9.57693481,-43.1799622
59.4743682,24.1787186,9.70343781,-43.0219421
59.4843252,24.1161041,9.64411163,-43.2494202
59.4942832,24.1222992,9.7516861,-43.2474976
59.5042412,24.1260376,9.80075073,-43.04599
59.5141992,24.0154343,9.94767761,-43.1021118
59.5241572,24.0154343,9.94767761,-43.1021118
59.5341142,23.7982635,10.0522919,-43.125885
59.5440722,23.8948212,10.0100708,-43.1572266
59.5540302,24.0539017,10.1434402,-43.2580566
59.5639882,24.109726,10.132515,-43.1364441
59.5739462,24.0197601,10.1276703,-43.065979
59.5839032,24.0781021,10.2562866,-43.1514587
59.5938612,23.8343658,10.0883102,-43.2128906
59.6038192,23.906105,10.0744934,-43.2321167
59.6137772,23.9386368,9.97767639,-43.4556885
59.6237352,23.9993057,9.6697998,-43.2683105
59.6336922,23.9641418,9.64819336,-43.288147
59.6436502,24.1394119,9.53961945,-43.2149963
59.6536082,24.0876007,9.36092377,-43.2286072
59.6635662,23.9252777,9.48770142,-43.2955322
59.6735242,23.8835602,9.32247925,-43.2793579
59.6834812,23.8875427,9.32024384,-43.3832703
59.6934392,23.7248535,9.32106018,-43.5175781
59.7033972,23.5729904,9.36255646,-43.5886536
59.7133552,23.660881,9.41967773,-43.7712097
59.7233132,23.5657349,9.3136673,-43.9323425
59.7332702,23.5009384,9.13002014,-43.9542847
59.7432282,23.5006638,9.07695007,-43.7373352
59.7531862,23.7230301,8.90338135,-43.5550232
59.7631442,23.6969757,8.75819397,-43.5027466
59.7731012,23.6058578,8.54891968,-43.7458801
59.7830592,23.5322571,8.43741608,-43.6742249
59.7930172,23.6367111,8.44010162,-43.7344666
59.8029752,23.4144897,8.31685638,-43.6267395
59.8129332,23.5484314,8.30904388,-43.5696411
59.8228902,23.4076462,8.33506012,-43.5835571
59.8328482,23.5339432,8.32260132,-43.6671143
59.8428062,23.43367,8.32289886,-43.8644104
59.8527642,23.4919662,8.28185272,-43.9083862
59.8627222,23.3772507,8.48021698,-44.156311
59.8726792,23.3731155,8.43399811,-43.9084167
59.8826372,23.3731155,8.43399811,-43.9084167
59.8925952,23.3687744,8.39674377,-43.716156
59.9025532,23.285614,8.34509277,-43.7228394
59.9125112,23.2889709,8.39308167,-43.6604614
59.9224682,23.2122803,8.43209839,-43.9122009
59.9324262,23.085144,8.37818146,-44.0181885
59.9423842,22.9674225,8.28217316,-44.0762024
59.9523422,22.7479477,8.15039825,-44.4135437
59.9623002,22.5928345,8.23274994,-44.54422
59.9722572,22.3090439,8.0867157,-44.5617371
59.9822152,21.9782257,7.87718201,-44.6018982
59.9921732,21.6334763,7.86965942,-44.6118469
60.0021312,21.4756393,7.87615204,-44.8932495
60.0120892,21.2261505,7.8657074,-45.019104
60.0220462,21.0164871,7.76387024,-45.2950745
60.0320042,20.7911835,7.77981567,-45.1036072
60.0419622,20.5550537,7.89533997,-45.2272034
60.0519202,20.1236191,7.92185974,-45.4766235
60.0618782,19.7556686,7.98551941,-45.7651367
60.0718352,19.3546448,8.28803253,-45.9500732
60.0817932,18.9303207,8.38697815,-45.942749
60.0917512,18.5503311,8.47042084,-45.9745483
60.1017092,18.1802979,8.57518768,-45.9988403
60.1116672,18.0723495,8.44569397,-46.2417908
60.1216242,18.0148926,8.48567963,-46.3696899
60.1315822,17.868248,8.43108368,-46.5640259
60.1415402,17.847374,8.48406219,-46.4543457
60.1514982,18.070694,8.43540955,-46.5145874
60.1614562,18.0891724,8.46050262,-46.3500366
60.1714141,18.2760696,8.55606842,-46.0152893
60.1813721,18.2232666,8.52122498,-46.3269653
60.1913301,18.2325516,8.62755585,-46.2952576
60.2012881,18.196701,8.71260071,-46.1798401
60.2112451,18.237236,8.73035431,-46.0754395
60.2212031,18.3596115,8.75001526,-46.0734863
60.2311611,18.3869019,8.76040649,-46.2950134
60.2411191,18.3869019,8.76040649,-46.2950134
60.2510771,18.4361191,8.69405365,-46.1635742
60.2610341,18.5785599,8.84812927,-46.2284546
60.2709921,18.4150238,8.86547089,-46.0911865
60.2809501,18.3565292,8.91741943,-46.3048401
60.2909081,18.5564957,9.09369659,-46.3711548
60.3008661,18.6277542,9.13999176,-46.2865906
60.3108231,18.7767029,9.1918335,-46.2497559
60.3207811,19.0129089,9.23887634,-45.8908386
60.3307391,19.1209259,9.32027435,-45.7547302
60.3406971,19.3292923,9.38752747,-45.7050171
60.3506551,19.3876495,9.27100372,-45.6248169
60.3606121,19.5830002,9.32566071,-45.5759888
60.3705701,19.6607513,9.16804504,-45.8200378
60.3805281,19.7052689,9.15106964,-45.5257568
60.3904861,19.8669586,9.31115723,-45.7865906
60.4004441,19.9858398,9.47340393,-45.4931641
60.4104011,20.2256012,9.61299896,-45.6338806
60.4203591,20.3419571,9.59608459,-45.5540771
60.4303171,20.3165894,9.67970276,-45.3348083
60.4402751,20.3913574,9.73142242,-45.1800232
60.4502331,20.5976105,9.65956879,-45.1551208
60.4601901,20.8096161,9.57704926,-45.4508972
60.4701481,20.9051285,9.46070862,-45.2253418
60.4801061,21.1485214,9.26062775,-45.1463013
60.4900641,21.2209091,9.29077148,-44.9182739
60.5000221,21.3413467,9.34337616,-44.9129333
60.5099791,21.4189148,9.2410965,-44.8588867
60.5199371,21.2610931,9.31555176,-44.9183044
60.5298951,21.3952866,9.52156067,-44.8479004
60.5398531,21.1673584,9.57298279,-44.7399597
60.5498111,21.2018356,9.69871521,-44.7206726
60.5597681,21.2831116,9.72158051,-44.5410156
60.5697261,21.4890823,9.68369293,-44.9035645
60.5796841,21.3750534,9.34063721,-44.7701416
60.5896421,21.3750534,9.34063721,-44.7701416
60.5995991,21.6424484,9.19235229,-44.7002258
60.6095571,21.8047943,8.97477722,-44.6634827
60.6195151,21.971489,8.7142334,-44.7788086
60.6294731,22.0964661,8.46599579,-45.0371704
60.6394311,22.3737259,8.22421265,-45.0336914
60.6493881,22.2418823,8.02309418,-44.9685669
60.6593461,22.3198624,7.75328064,-44.7901306
60.6693041,22.1160355,7.62994385,-44.6893616
60.6792621,22.1064682,7.33559418,-44.9441833
60.6892201,22.1666336,7.04289246,-44.961792
60.6991771,22.0426788,6.70639038,-44.9891663
60.7091351,22.164978,6.57238007,-45.1741638
60.7190931,21.9391251,6.35453796,-45.0426331
60.7290511,21.9302673,6.19989777,-45.1964417
60.7390091,22.1548309,6.10875702,-44.9755859
60.7489661,22.1390457,5.98612976,-45.2890015
60.7589241,22.1195526,5.86100769,-45.1729431
60.7688821,22.3487778,5.70888519,-45.0272827
60.7788401,22.3851471,5.61973572,-44.8632812
60.7887981,22.7168427,5.41950989,-44.6200867
60.7987551,22.90979,5.25805664,-44.737915
60.8087131,22.9840927,5.0451889,-44.5718689
60.8186711,23.3207169,4.8548584,-44.6685486
60.8286291,23.261734,4.77274323,-44.7256165
60.8385861,23.3924332,4.72678375,-44.6118774
60.8485441,23.4123459,4.73547363,-44.5068054
60.8585021,23.4464493,4.61322784,-44.5689392
60.8684601,23.3196564,4.65820312,-44.7070312
60.8784181,23.3193893,4.79730988,-44.7983398
60.8883751,23.2642059,4.85379028,-44.7110596
60.8983331,23.0569611,4.79270172,-44.7152405
60.9082911,23.0585403,4.76779938,-44.6254578
60.9182491,23.205162,4.88025665,-44.5776672
60.9282071,23.2692719,4.91757965,-44.4942017
60.9381641,23.2274551,4.66446686,-44.4337158
60.9481221,23.2274551,4.66446686,-44.4337158
60.9580801,23.2520523,4.69219208,-44.4996948
60.9680381,23.3128128,4.64857483,-44.6582947
60.9779961,23.4118423,4.76343536,-44.3225403
60.9879531,23.2415085,4.65344238,-44.4057922
60.9979111,23.3115692,4.62424469,-44.4339905
61.0078691,23.198082,4.43035126,-44.2645874
61.0178271,23.2796783,4.32310486,-44.3796387
61.0277851,23.2330856,4.29276276,-44.5287476
61.0377421,23.3964996,4.37508392,-44.4658813
61.0477001,23.2619781,4.43372345,-44.324646
61.0576581,23.3510361,4.49757385,-44.6568298
61.0676161,23.4015427,4.65514374,-44.6083374
61.0775741,23.5836182,4.87854004,-44.3005676
61.0875311,23.683136,5.21195221,-44.4502258
61.0974891,23.7191238,5.6921463,-44.0249329
61.1074471,24.0110703,6.18310547,-43.7844849
61.1174051,24.0531921,6.71556091,-43.6237793
61.1273631,24.1591873,7.15344238,-43.3150024
61.1373201,24.2994995,7.36927032,-43.3092346
61.1472781,24.3361969,7.54538727,-43.6928711
61.1572361,24.2438278,7.52927399,-43.4742126
61.1671937,24.1389008,7.52810669,-43.6000977
61.1771507,24.0905151,7.61420441,-43.6592102
61.1871087,23.8536301,7.74097443,-43.8708191
61.1970667,23.7633896,7.8232193,-43.842865
61.2070247,23.5962219,8.00678253,-43.7884521
61.2169827,23.4706497,8.08231354,-43.8082886
61.2269397,23.3397598,8.29283142,-43.7122803
61.2368977,23.3641129,8.50833893,-43.6714172
61.2468557,23.2533569,8.7376709,-43.7165833
61.2568137,23.2389755,9.10622406,-43.8930969
61.2667717,23.1686707,9.03726196,-43.8027649
61.2767287,23.2123642,8.90479279,-43.6794128
61.2866867,23.2805405,8.81459045,-43.7615356
61.2966447,23.2805405,8.81459045,-43.7615356
61.3066027,23.240921,8.79272461,-43.5748596
61.3165607,23.3514786,8.75104523,-43.4864502
61.3265177,23.422821,8.76634216,-43.5075073
61.3364757,23.5523071,8.86035919,-43.5608521
61.3464337,23.3234863,8.8532486,-43.6698303
61.3563917,23.3980179,8.71305847,-43.5864258
61.3663487,23.5093994,8.69432831,-43.5084229
61.3763067,23.4519501,8.63131714,-43.8062744
61.3862647,23.3831329,8.69644928,-43.7821045
61.3962227,23.4497757,8.49904633,-43.6952209
61.4061807,23.4161301,8.55590057,-43.7913818
61.4161377,23.5764923,8.58102417,-43.8543091
61.4260957,23.5190964,8.48739624,-43.7002258
61.4360537,23.5876312,8.52130127,-43.8513794
61.4460117,23.3858261,8.48506165,-43.8782959
61.4559697,23.4606705,8.52626038,-43.7681885
61.4659267,23.402504,8.39929962,-43.8000488
61.4758847,23.5610428,8.6834259,-43.7115173
61.4858427,23.6403885,8.70684814,-43.6887207
61.4958007,23.9479446,8.73670197,-43.7904053
61.5057587,23.9740524,8.84570312,-43.7360535
61.5157157,24.0724106,8.69996643,-43.3599548
61.5256737,24.2206802,8.81755066,-43.3497925
61.5356317,24.3566589,8.79205322,-43.338623
61.5455897,24.6286087,8.91765594,-43.2667236
61.5555467,24.7607651,8.91112518,-43.0763855
61.5655047,24.682869,8.91436005,-43.2113342
61.5754627,24.9734268,9.05595398,-42.9813843
61.5854207,24.9464188,9.18257904,-42.8896484
61.5953787,24.9701309,9.12419128,-43.0268555
61.6053357,25.0910721,9.15487671,-43.0076294
61.6152937,24.9923172,9.09362793,-42.9551392
61.6252517,24.9968491,9.00098419,-42.9490662
61.6352097,24.921196,8.84280396,-43.0279236
61.6451677,24.9213028,8.71511078,-43.0932007
61.6551247,24.9213028,8.71511078,-43.0932007
61.6650827,24.9401245,8.34754944,-42.920105
61.6750407,24.8153305,8.31604767,-43.0914307
61.6849987,24.8287201,8.36045837,-43.1628418
61.6949567,24.8220596,8.21811676,-43.1239929
61.7049137,24.7759781,8.08065796,-43.3890686
61.7148717,24.7215347,8.09418488,-43.29953
61.7248297,24.8465958,8.17647552,-43.2678223
61.7347877,24.8267899,8.00632477,-43.2318726
61.7447447,24.676918,7.96990204,-43.2616882
61.7547027,24.8083649,7.92316437,-43.1594543
61.7646607,24.5279541,7.85341644,-43.4641724
61.7746187,24.6258469,7.65215302,-43.6297913
61.7845767,24.5926361,7.58734131,-43.6584167
61.7945337,24.7465744,7.38861847,-43.7194519
61.8044917,24.7312546,7.24412537,-43.7140198
61.8144497,24.7005768,7.09641266,-43.5696716
61.8244077,24.5418015,7.00302124,-43.4810181
61.8343657,24.6972427,7.07730865,-43.5209351
61.8443227,24.5479889,7.04467773,-43.5571594
61.8542807,24.7249298,7.07009125,-43.6582336
61.8642387,24.49366,6.88312531,-43.5898438
61.8741967,24.6353912,7.10714722,-43.8408508
61.8841547,24.478775,6.88786316,-43.5639648
61.8941117,24.5909119,6.80226135,-43.6679382
61.9040697,24.5611725,6.69885254,-43.7776184
61.9140277,24.5794525,6.54463959,-43.6877136
61.9239857,24.5845108,6.4881134,-43.5254211
61.9339437,24.6141586,6.46564484,-43.6110535
61.9439007,24.7084045,6.39554596,-43.5487976
61.9538587,24.6009064,6.42617798,-43.6586914
61.9638167,24.4909744,6.46605682,-43.8283997
61.9737747,24.4597778,6.34841156,-43.5810547
61.9837317,24.4604416,6.23006439,-43.4638672
61.9936897,24.4219742,6.30421448,-43.5446777
62.0036477,24.5772858,6.34947968,-43.7940674
62.0136057,24.5772858,6.34947968,-43.7940674
62.0235637,24.4676208,6.43294525,-43.6961975
62.0335207,24.3785629,6.26467896,-43.7314148
62.0434787,24.4198456,6.41149139,-43.665741
62.0534367,24.3713303,6.35258484,-43.6391907
62.0633947,24.3560791,6.42707825,-43.4933472
62.0733527,24.4171677,6.53657532,-43.7733765
62.0833097,24.3310699,6.51082611,-43.8005066
62.0932677,24.2612152,6.61695862,-43.7987976
62.1032257,24.4341202,6.6559906,-43.6625366
62.1131837,24.4599838,6.63947296,-43.7248535
62.1231407,24.4247818,6.59939575,-43.7498474
62.1330987,24.49086,6.64370728,-43.6197205
62.1430567,24.3246231,6.61289978,-43.5606995
62.1530147,24.4115143,6.65572357,-43.6867065
62.1629727,24.3759155,6.55407715,-43.7913513
62.1729296,24.3837814,6.6383667,-43.6931152
62.1828876,24.1869125,6.68553162,-43.4223938
62.1928456,24.2920151,6.55535126,-43.4492188
62.2028036,24.2410889,6.68526459,-43.4968872
62.2127616,24.330246,6.68041992,-43.6645813
62.2227186,24.0756378,6.70064545,-43.739563
62.2326766,24.2316971,6.82862091,-43.6775818
62.2426346,24.0895844,6.88898468,-43.8171387
62.2525926,24.1491699,6.77626801,-44.0046692
62.2625506,23.9869003,6.67269897,-43.9300232
62.2725076,24.136322,6.63116455,-43.959137
62.2824656,24.147049,6.56398773,-43.6509399
62.2924236,24.0771713,6.45068359,-43.9440613
62.3023816,24.2322693,6.42861176,-43.7781067
62.3123386,24.2943649,6.28462219,-43.7316589
62.3222966,24.2603531,6.22995758,-43.7107849
62.3322546,24.2313614,6.19299316,-43.6559448
62.3422126,24.261261,6.15834808,-43.6988525
62.3521706,24.1342621,6.04118347,-43.6148071
62.3621276,24.1342621,6.04118347,-43.6148071
62.3720856,24.2946701,5.90855408,-43.394104
62.3820436,24.1324387,5.89440918,-43.5378723
62.3920016,24.2192764,5.96759796,-43.6492615
62.4019596,24.269989,5.90862274,-43.4426575
62.4119166,24.1958389,5.89566803,-43.4457703
62.4218746,24.2559891,6.03087616,-43.4781189
62.4318326,24.3526306,6.01116943,-43.5834351
62.4417906,24.3131943,6.09516907,-43.5461121
62.4517476,24.2015152,6.09648132,-43.5246582
62.4617056,24.307251,6.04681396,-43.5490112
62.4716636,24.3315201,6.09526062,-43.5244446
62.4816216,24.300499,6.1124649,-43.4133606
62.4915796,24.279541,5.96365356,-43.6355286
62.5015366,24.2715988,6.09567261,-43.6766052
62.5114946,24.3840103,6.12042236,-43.5168457
62.5214526,24.3823395,5.97509766,-43.4301453
62.5314106,24.4046707,6.19586182,-43.4335022
62.5413686,24.3333893,6.19231415,-43.5161133
62.5513256,24.5945282,6.19921875,-43.521637
62.5612836,24.3864517,6.12659454,-43.6502991
62.5712416,24.5702667,6.16770935,-43.604187
62.5811996,24.4382629,6.23706055,-43.6216736
62.5911566,24.5344696,6.22380829,-43.3993835
62.6011146,24.3572083,6.27622223,-43.5592957
62.6110726,24.4188004,6.337677,-43.4395142
62.6210306,24.303978,6.39309692,-43.3860168
62.6309886,24.2615051,6.41478729,-43.6049194
62.6409456,24.0281143,6.53121948,-43.6846619
62.6509036,24.1472931,6.62538147,-43.5627441
62.6608616,23.9811935,6.75563812,-43.5104065
62.6708196,23.9738998,6.68136597,-43.5245972
62.6807776,24.0109634,6.84884644,-43.488739
62.6907346,24.0126953,6.86427307,-43.5052185
62.7006926,24.0115509,6.92692566,-43.4537354
62.7106506,24.1340866,6.99662018,-43.3630066
62.7206086,24.1340866,6.99662018,-43.3630066
62.7305656,24.2540894,7.1837616,-43.4143982
62.7405236,24.1892548,7.00646973,-43.6051025
62.7504816,24.1681824,7.05602264,-43.6622314
62.7604396,24.1873703,7.07297516,-43.328125
62.7703976,24.019371,7.11181641,-43.5393982
62.7803546,24.0104752,7.08026123,-43.5180969
62.7903126,24.0465012,7.10027313,-43.7693481
62.8002706,24.1193466,7.18475342,-43.5820618
62.8102286,24.058197,7.16899872,-43.5605469
62.8201866,24.0931854,7.1197052,-43.360321
62.8301436,24.1396637,7.26154327,-43.6574402
62.8401016,24.0546265,7.35334778,-43.4698181
62.8500596,24.0826569,7.53274536,-43.6288452
62.8600176,24.0092621,7.29573059,-43.6531982
62.8699756,23.9225922,7.27679443,-43.7383118
62.8799326,23.9554901,7.42621613,-43.7666931
62.8898906,23.9099197,7.3684845,-43.6879578
62.8998486,23.9912033,7.5022583,-43.6897888
62.9098066,23.9784317,7.46200562,-43.4571228
62.9197636,24.0162811,7.51383209,-43.4479065
62.9297216,23.9891586,7.55045319,-43.5057068
62.9396796,23.9648895,7.67063904,-43.7720947
62.9496376,24.0425873,7.63975525,-43.4813232
62.9595956,24.0397034,7.63170624,-43.5803223
62.9695526,24.091362,7.63407135,-43.3604431
62.9795106,24.0312042,7.68102264,-43.4595032
62.9894686,24.0396347,7.68083954,-43.5474548
62.9994266,24.1265182,7.75351715,-43.5095825
63.0093846,24.2008438,7.74398804,-43.5039368
63.0193416,24.1700134,7.78900909,-43.9723206
63.0292996,24.1957397,7.66882324,-43.8983154
63.0392576,24.150444,7.60814667,-43.7538452
63.0492156,24.1633911,7.62395477,-43.6230164
63.0591726,24.0936584,7.68503571,-43.584137
63.0691306,24.0936584,7.68503571,-43.584137
63.0790886,24.2174377,7.71347809,-43.7149048
63.0890466,24.0815201,7.66485596,-43.7504578
63.0990046,24.1348267,7.70259094,-43.70224
63.1089616,24.0352325,7.69249725,-43.6698303
63.1189196,24.0009384,7.58132172,-43.9226074
63.1288776,24.0989838,7.72690582,-43.8720093
63.1388356,24.0389175,7.74873352,-43.6581116
63.1487926,24.0488739,7.83053589,-43.5936279
63.1587506,24.0686569,7.89254761,-43.6809692
63.168709,24.2067032,7.7696991,-43.6308289
63.178667,24.1140518,7.8829422,-43.730957
63.188625,24.1397781,7.68745422,-43.7164001
63.198582,24.0861588,7.68144989,-43.7764282
63.20854,24.105423,7.77583313,-43.7353516
63.218498,24.056221,7.75090027,-43.5193787
63.228456,24.1544571,7.74945068,-43.5952759
63.238414,24.1138153,7.67727661,-43.5686951
63.248371,24.0733414,7.6979599,-43.5872498
63.258329,24.2733231,7.70771027,-43.6032715
63.268287,24.2080994,7.75416565,-43.8333435
63.278245,24.1471939,7.59541321,-43.5795288
63.288202,24.2555008,7.66059113,-43.7629089
63.29816,24.1879959,7.53139496,-43.5508728
63.308118,24.0877838,7.59741211,-43.8050537
63.318076,24.1378479,7.59461975,-43.5968018
63.328034,24.1819534,7.69749451,-43.6289978
63.337991,24.1370544,7.65665436,-43.6699829
63.347949,24.1637497,7.64671326,-43.6970215
63.357907,24.230545,7.69797516,-43.7167664
63.367865,24.1988602,7.64550781,-43.5654297
63.377823,24.1497574,7.62620544,-43.8002625
63.38778,24.2527313,7.73374176,-43.6747437
63.397738,24.258667,7.71320343,-43.6240845
63.407696,24.4849625,7.68571472,-43.4613037
63.417654,24.2786102,7.78930664,-43.5014343
63.427611,24.2786102,7.78930664,-43.5014343
63.437569,24.2757416,7.70359802,-43.7613525
63.447527,24.2477341,7.78413391,-43.7228699
63.457485,24.3037949,7.78820801,-43.5795593
63.467443,24.1346359,7.68405914,-43.5364075
63.4774,24.1133957,7.72103882,-43.5739441
63.487358,23.9946747,7.89559937,-43.7098999
63.497316,24.0129395,7.98744202,-43.6433105
63.507274,24.025528,8.01256561,-43.8200378
63.517231,23.9945831,8.04536438,-43.743866
63.527189,24.1049042,8.17121887,-43.691925
63.537147,24.0486603,8.28212738,-43.7330933
63.547105,23.9793472,8.23529816,-43.5314941
63.557063,23.8752213,8.24978638,-43.7634277
63.56702,23.8770447,8.3808136,-43.6126099
63.576978,23.6809311,8.38913727,-43.6153564
63.586936,23.7031784,8.3950882,-43.728241
63.596894,23.6852798,8.38767242,-43.8989563
63.606852,23.7488632,8.46536255,-43.9005127
63.616809,23.688652,8.56318665,-43.821167
63.626767,23.581192,8.58422852,-44.1648865
63.636725,23.6846237,8.69381714,-43.8656921
63.646683,23.5961151,8.62072754,-43.7130737
63.65664,23.5930634,8.47079468,-43.7587585
63.666598,23.6688385,8.46535492,-43.7716064
63.676556,23.7032623,8.47161102,-43.7839966
63.686514,23.6634674,8.32390594,-43.8384399
63.696472,23.7168274,8.38158417,-43.8823242
63.706429,23.6041565,8.3310318,-43.8388062
63.716387,23.7457199,8.25488281,-43.9338684
63.726345,23.761734,8.14749908,-43.7492676
63.736303,23.9357605,8.06737518,-43.7953796
63.74626,24.041626,8.11891174,-43.7894592
63.756218,24.1200638,8.20308685,-43.6057129
63.766176,24.2520523,8.34503937,-43.4553223
63.776134,24.2520523,8.34503937,-43.4553223
63.786092,24.1582718,8.11188507,-43.5575256
63.796049,24.2741547,8.12301636,-43.4163208
63.806007,24.1825867,8.23887634,-43.2438049
63.815965,24.2704544,8.17375946,-43.4548035
63.825923,24.1418991,8.11766052,-43.4250488
63.83588,24.1495209,8.08234406,-43.4513855
63.845838,24.087265,8.19145966,-43.4986572
63.855796,24.0198517,8.09784698,-43.5324402
63.865754,23.896225,8.12913513,-43.5791931
63.875712,23.8932266,8.01159668,-43.7216187
63.885669,23.9351044,8.04417419,-43.5731506
63.895627,24.0208359,7.91337585,-43.6584473
63.905585,24.0139771,8.02754211,-43.7038574
63.915543,24.0077515,7.94887543,-43.7573547
63.925501,24.0453644,8.00350189,-43.6903076
63.935458,24.1552887,8.01730347,-43.5715027
63.945416,24.1513672,8.04974365,-43.7314148
63.955374,23.9667664,8.05950928,-43.5947266
63.965332,23.8669281,8.14202118,-43.5578003
63.975289,23.8119125,8.01534271,-43.7660522
63.985247,23.8527908,8.07129669,-43.8823242
63.995205,23.757576,8.12329865,-43.7153625
64.005163,23.8371277,8.08621979,-43.6936646
64.015121,23.6821747,8.0304184,-43.6226807
64.025078,23.5274506,7.8772583,-43.9326172
64.035036,23.5195923,7.75708008,-43.7131958
64.044994,23.6246338,7.87406921,-43.7129211
64.054952,23.467041,7.81594849,-43.8227844
64.06491,23.411972,7.97978973,-43.992218
64.074867,23.5132751,7.90982056,-43.9993286
64.084825,23.4437256,7.84528351,-43.9028015
64.094783,23.4532318,7.97042084,-43.7346802
64.104741,23.3718414,7.9764328,-43.9723511
64.114698,23.3058319,8.06977844,-44.021698
64.124656,23.3239212,8.15794373,-43.9752197
64.134614,23.3239212,8.15794373,-43.9752197
64.144572,23.2692719,8.07068634,-44.0963745
64.15453,23.173233,8.03910828,-44.105896
64.164487,23.0475998,7.97612,-44.0520935
64.1744448,23.1222305,7.97311401,-44.2015381
64.1844028,23.1442184,8.03665161,-44.1333008
64.1943608,23.132782,7.86339569,-43.985199
64.2043178,23.1697083,8.02729034,-44.0307617
64.2142758,23.2248993,8.02150726,-44.1677856
64.2242338,23.2385406,7.9107666,-43.9935608
64.2341918,23.3304443,7.91049957,-43.9552307
64.2441498,23.1897888,7.76850128,-44.0138245
64.2541068,23.2804108,7.73100281,-44.1889038
64.2640648,23.1230545,7.82066345,-43.8914185
64.2740228,23.3501892,7.79946136,-44.1557312
64.2839808,23.3585663,7.89709473,-44.1030579
64.2939378,23.3844528,7.82457733,-43.9923401
64.3038958,23.1808624,7.77114105,-44.0970154
64.3138538,23.1470642,7.75546265,-44.3943176
64.3238118,23.2123566,7.69927979,-44.2877502
64.3337698,23.2530136,7.79935455,-44.1557617
64.3437268,23.3045273,7.85951996,-44.0447998
64.3536848,23.2640305,7.78368378,-44.004425
64.3636428,23.3036118,7.87969971,-43.9137268
64.3736008,23.4567184,7.90892792,-43.8436279
64.3835578,23.3423843,7.91685486,-43.8050232
64.3935158,23.3241882,7.88754272,-43.9511414
64.4034738,23.5367966,8.01699066,-43.9377136
64.4134318,23.3529968,8.04666138,-43.999054
64.4233898,23.455162,7.98628235,-44.0519104
64.4333468,23.421669,8.05799866,-43.8870239
64.4433048,23.3958511,8.01685333,-43.8824463
64.4532628,23.4920654,7.95188141,-43.6201172
64.4632208,23.3912048,7.86592102,-43.7027588
64.4731788,23.5277176,7.88846588,-43.8004761
64.4831358,23.5277176,7.88846588,-43.8004761
64.4930938,23.6118927,8.03812408,-43.9090271
64.5030518,23.6329422,8.0473175,-43.8296814
64.5130098,23.4050522,7.96990967,-43.6889954
64.5229668,23.5708313,8.08114624,-43.7973938
64.5329248,23.5701904,8.08062744,-43.9340515
64.5428828,23.6290665,8.09080505,-43.8631592
64.5528408,23.6124496,8.17653656,-43.8320312
64.5627988,23.6566162,8.09043121,-44.0132446
64.5727558,23.5598831,8.0851593,-43.5868225
64.5827138,23.629509,8.23641968,-43.7085876
64.5926718,23.7340546,8.15823364,-43.6210632
64.6026298,23.5917816,8.06547546,-43.6792603
64.6125868,23.7542496,8.09818268,-43.5883179
64.6225448,23.6179657,8.0456543,-43.4787598
64.6325028,23.7732391,8.04756165,-43.7138367
64.6424608,23.7788849,8.11244202,-43.521698
64.6524188,23.9549408,8.23661804,-43.5
64.6623758,23.8416061,8.24369812,-43.6330872
64.6723338,23.8821335,8.08350372,-43.6589661
64.6822918,23.7203445,8.20546722,-43.8044739
64.6922498,23.817627,8.22896576,-43.7140198
64.7022078,23.8213577,8.23828888,-43.6905823
64.7121648,23.785759,8.21290588,-43.7104797
64.7221228,23.7241135,8.2600174,-43.7992554
64.7320808,23.9369812,8.30147552,-43.9433594
64.7420388,23.7978439,8.08950043,-43.8600159
64.7519958,23.7993317,8.17102051,-43.7701721
64.7619538,23.7342529,8.20031738,-43.6813965
64.7719118,23.6817474,8.14012146,-43.8098755
64.7818698,23.6971283,8.05273438,-43.6490479
64.7918278,23.6509247,7.93897247,-43.5270691
64.8017848,23.8460388,8.08384705,-43.7437744
64.8117428,23.8011551,8.09375,-43.4841309
64.8217008,23.7676468,8.02164459,-43.6782837
64.8316588,23.7107773,8.01979828,-43.7583618
64.8416158,23.7107773,8.01979828,-43.7583618
64.8515738,23.7549057,8.0813446,-43.8713379
64.8615318,23.8593903,8.18370056,-43.5991821
64.8714898,23.6886063,8.22426605,-43.8158264
64.8814478,23.8005219,8.06648254,-43.6861572
64.8914048,23.7311859,8.20418549,-43.6832581
64.9013628,23.7789536,8.25482178,-43.5973206
64.9113208,23.7151794,8.24224854,-43.8258667
64.9212788,23.6885529,8.13370514,-43.7009277
64.9312358,23.5506744,8.18334961,-43.7074585
64.9411938,23.5698242,8.24906158,-43.7378845
64.9511518,23.5542221,8.21932983,-43.7077942
64.9611098,23.4847031,8.28633881,-43.7975159
64.9710678,23.5383911,8.27980042,-43.9798279
64.9810248,23.5570679,8.37167358,-43.8572998
64.9909828,23.5742264,8.42211914,-43.7122498
65.0009408,23.6624985,8.43769836,-43.838623
65.0108988,23.6377106,8.34636688,-43.8554077
65.0208558,23.6513977,8.38415527,-43.5469971
65.0308138,23.8138504,8.38955688,-43.6290283
65.0407718,23.6484909,8.47798157,-43.5133362
65.0507298,23.6358566,8.39498901,-43.7998962
65.0606878,23.5683365,8.37928772,-43.8813171
65.0706448,23.7617722,8.37512207,-43.8997498
65.0806028,23.5459061,8.32022858,-43.7970886
65.0905608,23.7429581,8.44148254,-43.7671204
65.1005188,23.6067657,8.42223358,-43.7084351
65.1104758,23.7888107,8.47569275,-43.6634216
65.1204338,23.5708466,8.35064697,-43.7512817
65.1303918,23.58078,8.40665436,-43.7002258
65.1403498,23.5101013,8.34937286,-43.6135559
65.1503078,23.3709106,8.32868195,-43.5997925
65.1602648,23.4170761,8.21102142,-43.5185852
65.1702228,23.4060135,8.31284332,-43.5411072
65.1801811,23.4851608,8.29897308,-43.552948
65.1901391,23.4851608,8.29897308,-43.552948
65.2000961,23.4736862,8.27536011,-43.6123657
65.2100541,23.4503174,8.47622681,-43.6258545
65.2200121,23.4407196,8.59811401,-43.3927002
65.2299701,23.5484161,8.58010101,-43.6736145
65.2399281,23.633728,8.40671539,-43.7652588
65.2498851,23.5368195,8.35554504,-43.7485657
65.2598431,23.5385437,8.39672852,-43.6972351
65.2698011,23.6102219,8.32868958,-43.6264038
65.2797591,23.4791946,8.34690857,-43.7831726
65.2897161,23.6191025,8.32478333,-43.6807251
65.2996741,23.6104507,8.38491821,-43.6795959
65.3096321,23.5357819,8.47162628,-43.6022339
65.3195901,23.6083221,8.42739868,-43.7028503
65.3295481,23.5933762,8.42437744,-43.6682129
65.3395051,23.6218185,8.55044556,-43.5333252
65.3494631,23.5788803,8.62068176,-43.5380249
65.3594211,23.5927582,8.50533295,-43.5630188
65.3693791,23.4116592,8.47563934,-43.6199036
65.3793361,23.468071,8.59804535,-43.6646729
65.3892941,23.5315628,8.67539215,-43.6686707
65.3992521,23.5479279,8.78775787,-43.4698792
65.4092101,23.5651016,8.74448395,-43.5483093
65.4191681,23.3777313,8.68287659,-43.5021057
65.4291251,23.5992203,8.67927551,-43.5480042
65.4390831,23.459259,8.6803894,-43.757019
65.4490411,23.4252548,8.43386078,-43.6364746
65.4589991,23.3722382,8.44055939,-43.7144165
65.4689561,23.4545746,8.47873688,-43.8525391
65.4789141,23.1929169,8.54491425,-43.8074646
65.4888721,23.2708206,8.4979248,-43.7244263
65.4988301,23.1834564,8.50753021,-43.6668701
65.5087881,23.3297501,8.41024017,-43.8220825
65.5187451,23.2022324,8.46756744,-43.6913147
65.5287031,23.0358582,8.39613342,-43.8045044
65.5386611,22.8720932,8.5338974,-44.092804
65.5486191,22.8720932,8.5338974,-44.092804
65.5585761,23.019043,8.6025238,-44.0651245
65.5685341,23.0228043,8.61717987,-44.1279907
65.5784921,23.123497,8.50006104,-44.1297607
65.5884501,23.1925812,8.39194489,-44.0135193
65.5984081,23.1341095,8.49746704,-44.0110168
65.6083651,23.0571442,8.48497009,-44.1916809
65.6183231,23.194191,8.57131195,-44.0621643
65.6282811,23.1114578,8.37029266,-43.8587646
65.6382391,23.0178528,8.21472931,-43.8051758
65.6481961,23.1501389,8.28108978,-43.9216919
65.6581541,23.3178635,8.31757355,-43.9682922
65.6681121,23.2898331,8.22239685,-44.0432129
65.6780701,23.1343002,8.20902252,-44.1498413
65.6880281,23.0819244,8.23733521,-44.1045532
65.6979851,23.2028427,8.24641418,-44.0834045
65.7079431,23.0921326,8.15849304,-44.0791626
65.7179011,23.2241592,8.22492218,-44.0843811
65.7278591,23.2723618,8.06944275,-43.7594299
65.7378161,23.395668,8.19187164,-43.7478027
65.7477741,23.3970642,8.13782501,-43.5508728
65.7577321,23.436409,8.13787842,-43.6639099
65.7676901,23.4049149,7.98490906,-43.5498352
65.7776481,23.3002548,8.04781342,-43.6298828
65.7876051,23.1818085,7.97298431,-43.6804199
65.7975631,23.15065,8.19983673,-43.7416382
65.8075211,22.9463959,8.16603088,-44.0792236
65.8174791,22.814003,8.05011749,-43.9396973
65.8274361,23.1504745,8.17673492,-43.8937073
65.8373941,23.0688324,8.16918945,-43.6008606
65.8473521,22.9688034,8.18283081,-43.7870789
65.8573101,22.8351822,8.21902466,-44.0401917
65.8672681,22.8907547,8.20355225,-44.0603638
65.8772251,22.7338181,8.24824524,-44.0039978
65.8871831,22.9139557,8.0783844,-43.9463501
65.8971411,22.9139557,8.0783844,-43.9463501
65.9070991,22.7178802,8.02862549,-43.9381104
65.9170561,22.7399673,7.91268158,-44.0533142
65.9270141,22.6104279,7.89593506,-44.0612183
65.9369721,22.5677567,7.96749115,-44.0068665
65.9469301,22.4587097,8.06023407,-44.0533142
65.9568881,22.516655,7.9336319,-44.3097534
65.9668451,22.6543884,7.95645905,-44.1014404
65.9768031,22.7075806,8.03302002,-44.2998352
65.9867611,22.6587219,7.93815613,-44.2989197
65.9967191,22.6010971,8.03025818,-44.3761902
66.0066761,22.6517944,7.92417908,-44.2713318
66.0166341,22.6876831,7.97406769,-44.2342224
66.0265921,22.6265869,7.8315506,-44.3475647
66.0365501,22.6455078,7.88690186,-44.4142456
66.0465081,22.7432709,7.81190491,-44.1468811
66.0564651,22.8451614,7.91195679,-44.1183777
66.0664231,22.7270813,7.87815857,-44.2374573
66.0763811,22.7826462,7.79495239,-44.0621338
66.0863391,22.7837753,7.69504547,-44.0390015
66.0962961,22.769371,7.7922821,-43.9260559
66.1062541,22.7619019,8.09615326,-44.1329041
66.1162121,22.9386673,7.87140656,-44.0326538
66.1261701,23.0160141,7.92513275,-43.9021606
66.1361281,23.0837402,7.99114227,-43.913147
66.1460851,23.0818634,8.0113678,-43.907196
66.1560431,23.1601944,8.02754211,-43.9580078
66.1660011,23.0700912,7.97497559,-44.028595
66.1759585,22.9479218,7.83610535,-44.2459106
66.1859155,22.9665222,7.98061371,-44.1292114
66.1958735,22.9642334,8.05115509,-44.443512
66.2058315,22.9714127,8.01643372,-44.280304
66.2157895,23.0120773,8.20883179,-44.2893066
66.2257475,23.0024109,8.33673096,-44.3475037
66.2357045,22.9328232,8.36450958,-44.4484253
66.2456625,22.9455566,8.27139282,-44.3964233
66.2556205,22.9455566,8.27139282,-44.3964233
66.2655785,22.8152847,8.35553741,-44.2127075
66.2755355,23.0323639,8.26271057,-44.1499939
66.2854935,22.968605,8.19347382,-44.2435608
66.2954515,22.9595413,8.21043396,-44.3329773
66.3054095,22.803688,8.24682617,-44.2095337
66.3153665,22.9169388,8.33733368,-43.9532166
66.3253245,22.8056335,8.26460266,-44.1083679
66.3352825,22.9176254,8.04655457,-43.9976501
66.3452405,23.0423279,8.14665222,-44.2099304
66.3551985,23.1121216,7.9920578,-44.1167297
66.3651555,23.0886154,8.01220703,-44.1087036
66.3751135,22.9621964,8.06750488,-44.1814575
66.3850715,23.0419846,8.03132629,-44.0766907
66.3950295,23.1288986,8.12313843,-43.9655151
66.4049865,22.8939896,8.16025543,-44.0606384
66.4149445,22.9316483,8.15213013,-44.0560608
66.4249025,22.9245071,8.01815033,-43.907196
66.4348605,22.8762665,7.9958725,-44.2217407
66.4448185,22.9810791,8.04555511,-44.0839233
66.4547755,22.8715134,8.10864258,-44.1619568
66.4647335,22.9866562,7.98701477,-44.0635681
66.4746915,23.0542831,7.94167328,-44.1457825
66.4846495,23.0211334,7.7915802,-44.0823669
66.4946065,23.0746078,7.87361145,-44.1515198
66.5045645,23.0890198,7.81372833,-44.116272
66.5145225,23.1957321,7.85629272,-44.1435547
66.5244805,23.1509094,7.82978821,-44.2563477
66.5344385,23.1755066,7.83178711,-44.1308899
66.5443955,23.1029434,7.88355255,-44.1712036
66.5543535,23.1811447,7.8685379,-44.1394043
66.5643115,22.9558029,7.87780762,-44.1256714
66.5742695,23.0178833,7.87737274,-44.230072
66.5842265,23.0856018,7.98277283,-44.0153809
66.5941845,23.1488419,7.93647003,-44.2246399
66.6041425,23.1488419,7.93647003,-44.2246399
66.6141005,23.1646042,7.88951111,-44.1427307
66.6240575,23.1133194,7.97573853,-44.0647583
66.6340155,23.0503998,7.97758484,-44.069458
66.6439735,23.1271362,7.95227051,-44.0737
66.6539315,23.1870956,7.777771,-43.9283752
66.6638895,23.0933609,7.82475281,-43.8174133
66.6738465,23.2006073,7.81443787,-44.0561829
66.6838045,23.074501,7.94390106,-44.0636597
66.6937625,23.2177963,7.93585968,-44.0527954
66.7037205,23.0754929,8.06919098,-43.8260193
66.7136775,23.0389023,7.98345184,-43.840332
66.7236355,22.8756638,7.89645386,-43.8625793
66.7335935,23.1132431,7.99933624,-43.7783508
66.7435515,23.0459366,8.01284027,-43.881897
66.7535095,23.1115341,7.97138977,-44.0189819
66.7634665,23.0790405,7.88430786,-44.0317383
66.7734245,23.0183334,7.75571442,-43.886322
66.7833825,22.8737793,7.67931366,-43.5913696
66.7933405,23.0125122,7.73589325,-43.6742554
66.8032975,23.0366669,7.86236572,-44.0016174
66.8132555,23.1567535,7.79646301,-43.8835144
66.8232135,23.1403809,7.85797119,-44.0322876
66.8331715,23.0899277,7.81373596,-44.1302795
66.8431295,23.1632004,7.68434143,-44.0036621
66.8530865,23.1742859,7.82788849,-44.0788879
66.8630445,23.1086807,7.71385956,-43.8580322
66.8730025,23.0441437,7.73963165,-43.8314514
66.8829605,22.9277115,7.78810883,-43.9862976
66.8929175,22.999588,7.79347992,-43.8721924
66.9028755,23.0323334,7.83169556,-43.9387512
66.9128335,22.9825592,7.63744354,-43.9415894
66.9227915,22.9479141,7.77526855,-43.8686829
66.9327485,23.0227127,7.68960571,-43.9192505
66.9427065,22.9697876,7.59360504,-43.973175
66.9526645,22.8541031,7.60614777,-43.9434509
66.9626225,22.8541031,7.60614777,-43.9434509
66.9725805,22.9667969,7.63957214,-43.9215698
66.9825375,22.8952103,7.73869324,-43.960144
66.9924955,22.9465179,7.86561584,-43.8656921
67.0024535,22.8853912,7.9447403,-43.9682007
67.0124115,22.9839401,7.91228485,-44.0603638
67.0223685,22.9734879,7.96641541,-44.0151367
67.0323265,22.9176559,7.77893829,-44.0453186
67.0422845,22.8393631,7.76406097,-44.0693359
67.0522425,22.907547,7.68069458,-44.1457825
67.0622005,22.8050232,7.55841064,-43.960968
67.0721575,22.9725266,7.60794067,-44.2111206
67.0821155,22.8741226,7.62516022,-44.0498352
67.0920735,22.9191818,7.54037476,-44.3152161
67.1020315,22.9254608,7.63008881,-44.1338501
67.1119885,22.9824982,7.58609772,-44.1321106
67.1219465,22.8572998,7.58045197,-43.968689
67.1319045,23.0025177,7.57046509,-44.0949097
67.1418625,22.9489288,7.69386292,-44.0948792
67.1518205,23.0218048,7.76315308,-44.0919189
67.1617775,22.9110489,7.76133728,-44.0282898
67.1717355,22.8762131,7.75561523,-44.2075195
67.1816937,22.8410797,7.62335968,-44.3400879
67.1916518,22.8903427,7.7559433,-44.1453857
67.2016088,22.6898117,7.64086914,-44.1106262
67.2115668,22.8001328,7.64753723,-44.1574707
67.2215247,22.8268509,7.70207214,-44.1768799
67.2314828,22.7909012,7.6596756,-43.9295349
67.2414408,22.8047409,7.62530518,-43.8938904
67.2513978,22.8837204,7.60622406,-43.8237305
67.2613557,22.782608,7.58254242,-43.9859314
67.2713138,22.8464661,7.69793701,-44.0458069
67.2812718,22.8227158,7.61408997,-44.0622559
67.2912288,22.871376,7.66014099,-44.0886841
67.3011867,22.8780746,7.68630981,-43.8942566
67.3111448,22.8780746,7.68630981,-43.8942566
67.3211028,22.931221,7.73458099,-44.0916443
67.3310598,22.8415604,7.5684967,-43.9151611
67.3410177,22.8408127,7.5944519,-43.8237305
67.3509758,22.8582916,7.5968399,-44.032135
67.3609338,22.74646,7.54393768,-44.1185608
67.3708917,22.6967697,7.6138916,-44.1021729
67.3808488,22.6911087,7.57202911,-44.0800476
67.3908068,22.6007309,7.47635651,-44.0629578
67.4007648,22.6220245,7.50469971,-44.2263184
67.4107227,22.4574661,7.50105286,-44.3744812
67.4206798,22.5484009,7.58561707,-44.2966919
67.4306377,22.4503555,7.6385498,-44.5241394
67.4405958,22.245697,7.5779953,-44.6555481
67.4505537,22.2947769,7.5526123,-44.7433777
67.4605118,22.0817337,7.53526306,-44.5636902
67.4704687,22.1914749,7.45330811,-44.5084839
67.4804268,21.9409256,7.3253479,-44.8025208
67.4903847,21.9743347,7.0969162,-44.9143677
67.5003428,21.7130585,7.01927948,-44.795166
67.5102997,21.7058334,6.85417938,-44.8797302
67.5202578,21.4502487,6.71998596,-44.961731
67.5302158,21.6194382,6.6802597,-45.1451721
67.5401738,21.593277,6.76805878,-44.9883118
67.5501307,21.3414917,6.46756744,-45.0830383
67.5600888,21.0824661,6.20149231,-45.1792297
67.5700468,20.8976517,5.89980316,-45.2555237
67.5800047,20.6466904,5.66654205,-45.3789978
67.5899628,20.411499,5.24495697,-45.5913391
67.5999198,20.210907,4.91791534,-45.6857605
67.6098778,20.0689087,4.80421448,-45.5662231
67.6198357,19.9997101,4.72817993,-45.9300842
67.6297938,19.9374542,4.7845993,-45.9593506
67.6397508,20.0397339,4.80558777,-45.9289856
67.6497088,20.1435623,4.63891602,-45.5706787
67.6596667,20.2195129,4.7154007,-45.602356
67.6696248,20.2195129,4.7154007,-45.602356
67.6795828,20.3559341,4.74819946,-45.5791321
67.6895398,20.454628,4.78944397,-45.7342224
67.6994977,20.545784,4.79642487,-45.4986877
67.7094558,20.6129532,4.79019928,-45.5875854
67.7194138,20.6559067,4.50144958,-45.546051
67.7293708,20.6465225,4.52444458,-45.516571
67.7393287,20.5665665,4.49407959,-45.3348999
67.7492868,20.6207428,4.46681976,-45.3545837
67.7592448,20.9504318,4.61672974,-45.4771118
67.7692027,20.8957901,4.68379211,-45.3750916
67.7791597,20.8973389,4.85277557,-45.2818604
67.7891178,20.9307175,4.90499878,-45.0272217
67.7990758,20.9696198,5.00941467,-45.2701111
67.8090337,21.0957947,5.0749054,-45.1598206
67.8189908,21.1694183,5.20581818,-45.0982971
67.8289488,21.3787918,5.22912598,-44.8447571
67.8389068,21.3835373,5.34928131,-45.0965576
67.8488647,21.5401154,5.2883606,-45.3120728
67.8588218,21.5328751,5.37695312,-45.0892029
67.8687798,21.6095352,5.25559235,-45.0705872
67.8787378,21.569519,5.39083862,-45.164978
67.8886957,21.8009796,5.40630341,-45.1431885
67.8986538,21.7801056,5.49134064,-45.1571045
67.9086107,21.7995529,5.60015106,-45.2389832
67.9185688,21.6493149,5.60929871,-44.9824829
67.9285267,21.7339478,5.60085297,-45.1434631
67.9384848,21.7686844,5.53585815,-44.8672791
67.9484417,21.8408508,5.52539825,-44.9780884
67.9583998,21.6893845,5.53936005,-44.9198608
67.9683578,21.6810684,5.54972076,-44.8911438
67.9783158,21.6674042,5.53855896,-44.8148804
67.9882727,21.9208603,5.57976532,-44.9685669
67.9982308,22.0184784,5.76128387,-44.9875183
68.0081888,21.9938278,5.67095947,-44.8850708
68.0181468,21.9938278,5.67095947,-44.8850708
68.0281048,22.0936127,5.71315765,-44.8013611
68.0380618,22.0435028,5.90497589,-44.8554688
68.0480198,22.0341949,6.00026703,-44.6807556
68.0579777,22.0267792,6.17160797,-44.5999146
68.0679358,21.9730377,6.3277359,-44.894989
68.0778928,22.0642548,6.32334137,-44.7789001
68.0878508,21.9915466,6.38761139,-44.8119202
68.0978087,22.1441803,6.55118561,-44.9332275
68.1077668,22.2116165,6.71770477,-44.7879028
68.1177238,22.1902924,6.76895142,-44.7189331
68.1276818,22.3486481,6.95196533,-44.8121033
68.1376397,22.3633881,7.04484558,-44.7071228
68.1475978,22.4163818,7.09175873,-44.5686951
68.1575558,22.5080795,7.21980286,-44.4556274
68.1675128,22.5653763,7.38208771,-44.3517456
68.1774706,22.7478027,7.52122498,-44.2918091
68.1874286,22.8361053,7.50007629,-44.3324585
68.1973866,22.8230133,7.53358459,-44.2258606
68.2073436,22.8629303,7.4015274,-44.2527466
68.2173016,22.7860641,7.50357056,-44.2441101
68.2272596,22.7797089,7.30902863,-44.1443481
68.2372176,22.6955719,7.23894501,-44.1177673
68.2471756,22.8079147,7.18996429,-44.2675476
68.2571326,22.8048782,7.1217804,-44.2832947
68.2670906,22.8624954,7.01727295,-44.4906311
68.2770486,22.8232956,6.79386139,-44.332428
68.2870066,22.8375626,6.66021729,-44.3651123
68.2969636,22.8750381,6.5978241,-44.4165039
68.3069216,22.8861847,6.67209625,-44.5211182
68.3168796,22.8213654,6.66163635,-44.4503479
68.3268376,22.8890991,6.56620026,-44.4178162
68.3367946,22.7099991,6.52420044,-44.491394
68.3467526,22.9454117,6.45264435,-44.2458496
68.3567106,23.020462,6.46305084,-44.2672119
68.3666686,23.0736694,6.39753723,-44.0279541
68.3766266,23.0736694,6.39753723,-44.0279541
68.3865836,23.1391983,6.38697815,-43.944458
68.3965416,23.2394333,6.31069946,-44.0032959
68.4064996,23.2118759,6.28826904,-44.065918
68.4164576,23.2980423,6.3263092,-44.0534058
68.4264146,23.2303391,6.18471527,-44.1875305
68.4363726,23.230835,6.22212219,-44.0922241
68.4463306,23.2762756,6.21080017,-44.2012024
68.4562886,23.2242584,6.25435638,-44.158783
68.4662466,23.2980957,6.24848938,-44.0799561
68.4762036,23.2570877,6.20868683,-43.8562927
68.4861616,23.2668533,6.14271545,-44.1459656
68.4961196,23.2200699,6.14955139,-43.9780884
68.5060776,23.4825516,6.23894501,-44.049469
68.5160346,23.5208054,6.22859955,-44.0939331
68.5259926,23.4288406,6.10896301,-43.8208313
68.5359506,23.4865952,6.1049881,-43.8811646
68.5459086,23.5475235,6.21021271,-43.9009705
68.5558656,23.6318207,6.13509369,-44.0116272
68.5658236,23.7410812,6.30055237,-44.0622559
68.5757816,23.8149261,6.26104736,-44.1313477
68.5857396,23.6854172,6.12332916,-43.8764954
68.5956966,23.7032394,6.12731171,-44.0323792
68.6056546,23.8462524,6.11853027,-43.8968506
68.6156126,23.9203186,6.10192871,-43.9205017
68.6255706,23.8920822,6.07304382,-43.7268372
68.6355286,23.86409,6.18639374,-43.7153625
68.6454856,23.9894409,6.17219543,-43.6312256
68.6554436,24.0555038,6.11845398,-43.6405945
68.6654016,24.115036,6.07406616,-43.700592
68.6753596,24.142807,6.0605545,-43.7183533
68.6853166,24.2492752,6.1133194,-43.5906067
68.6952746,24.1879196,6.0868454,-43.6031189
68.7052326,24.264473,5.97782135,-43.5873718
68.7151906,24.1446609,5.80623627,-43.7001343
68.7251486,24.1446609,5.80623627,-43.7001343
68.7351056,24.1993179,5.83509064,-43.5137329
68.7450636,24.2873764,5.83429718,-43.5950012
68.7550216,24.3421326,5.95174408,-43.5297546
68.7649796,24.2788773,5.78702545,-43.3194885
68.7749366,24.3950043,5.80101776,-43.4512329
68.7848946,24.4234772,5.86058044,-43.4220581
68.7948526,24.3432617,5.8759613,-43.5700989
68.8048106,24.3725967,5.83772278,-43.62854
68.8147676,24.394928,5.79594421,-43.6173706
68.8247256,24.5068436,5.87926483,-43.4614563
68.8346836,24.495018,5.83909607,-43.2675781
68.8446416,24.3979111,5.8181839,-43.4191895
68.8545996,24.389328,5.70930481,-43.5338135
68.8645566,24.4403076,5.69255066,-43.5518494
68.8745146,24.4507294,5.71307373,-43.3920288
68.8844726,24.4116974,5.73912811,-43.4685364
68.8944306,24.6114578,5.645401,-43.4121094
68.9043876,24.6387711,5.55667877,-43.4186707
68.9143456,24.7027054,5.610672,-43.3226624
68.9243036,24.6655579,5.56881714,-43.4472046
68.9342616,24.6592789,5.6775589,-43.3143005
68.9442186,24.7416,5.6213913,-43.4935303
68.9541766,24.7848511,5.71833038,-43.6489868
68.9641346,24.6842117,5.75733948,-43.5735474
68.9740926,24.7728806,5.81307983,-43.5130615
68.9840506,24.6957703,5.60503387,-43.5198669
68.9940076,24.8449097,5.68932343,-43.6623535
69.0039656,24.7577209,5.69876099,-43.4762268
69.0139236,24.7915955,5.64324188,-43.3725281
69.0238816,24.976181,5.58136749,-43.5145569
69.0338386,24.9721832,5.54798126,-43.4098206
69.0437966,24.9567184,5.49908447,-43.1707458
69.0537546,24.9085999,5.54089355,-43.2674866
69.0637126,25.0372467,5.72392273,-43.1371155
69.0736696,24.9155731,5.59973907,-43.1290894
69.0836276,24.9198303,5.59918976,-43.1117554
69.0935856,25.1200256,5.4250412,-43.2087097
69.1035436,24.9935989,5.54233551,-43.1758728
69.1135006,25.1332397,5.64611053,-43.1748962
69.1234586,25.1011505,5.72478485,-43.0086365
69.1334166,25.1732864,5.79359436,-43.0976562
69.1433746,25.062088,5.76825714,-43.1280518
69.1533326,25.2543564,5.6940918,-43.1985168
69.1632896,25.1805954,5.62103271,-43.4046021
69.1732476,25.2477951,5.59816742,-43.0761719
69.1832056,25.1056137,5.65536499,-43.1106567
69.1931636,25.129097,5.58213806,-43.2077637
69.2031206,25.2505188,5.51108551,-43.2812805
69.2130786,25.2522736,5.53269196,-43.3871765
69.2230366,25.040741,5.42572021,-43.2399597
69.2329946,25.1220398,5.48007202,-43.2453613
69.2429526,25.2906342,5.64204407,-43.148468
69.2529096,25.335907,5.54521179,-43.0305481
69.2628676,25.4070511,5.43979645,-43.0525818
69.2728256,25.370079,5.28272247,-43.0530396
69.2827836,25.413559,5.37229156,-43.2450867
69.2927406,25.4708405,5.55614471,-43.1200562
69.3026986,25.4483185,5.43019867,-43.1394348
69.3126566,25.4640503,5.50643921,-43.2518921
69.3226146,25.5388184,5.5427475,-43.2513123
69.3325716,25.5605392,5.49195099,-43.1223145
69.3425296,25.3515854,5.58613586,-43.2885437
69.3524876,25.3448181,5.48097992,-43.2858276
69.3624456,25.3019104,5.65667725,-43.3473206
69.3724036,25.2033997,5.68430328,-43.2490845
69.3823606,25.1680298,5.56583405,-43.1312866
69.3923186,24.9798203,5.6098175,-43.3753662
69.4022766,24.9744186,5.50202942,-43.4498596
69.4122346,24.9992752,5.37320709,-43.449707
69.4221916,25.039566,5.37045288,-43.4070435
69.4321496,25.039566,5.37045288,-43.4070435
69.4421076,25.0437622,5.39527893,-43.5112305
69.4520656,24.9791565,5.43817902,-43.2712402
69.4620226,25.0299072,5.41669464,-43.1541748
69.4719806,25.0823669,5.63961792,-43.1250916
69.4819386,25.0334396,5.75347137,-42.9947815
69.4918966,25.4496765,5.95237732,-43.1647339
69.5018536,25.4903259,6.10752869,-43.1431885
69.5118116,25.6877899,6.02718353,-43.2548828
69.5217696,25.688942,6.27139282,-43.0829468
69.5317276,25.7973404,6.20800018,-43.0750122
69.5416856,25.6779175,6.22240448,-43.0858459
69.5516426,25.8590546,6.25037384,-43.0410156
69.5616006,25.7213211,6.16508484,-43.077179
69.5715586,25.7367249,6.13809204,-42.8134766
69.5815166,25.6557693,5.98496246,-43.0563354
69.5914736,25.6881866,5.6568985,-42.9385376
69.6014316,25.5211258,5.50512695,-43.0116272
69.6113896,25.3720474,5.24708557,-42.9970398
69.6213476,25.5862732,5.31852722,-43.1656189
69.6313046,25.7079239,5.45321655,-43.1006165
69.6412626,25.6960983,5.51760864,-43.0043945
69.6512206,25.752121,5.52262115,-42.9506836
69.6611786,25.9228668,5.4332428,-42.8870544
69.6711366,25.9039001,5.34346008,-42.8639221
69.6810936,25.928894,5.44420624,-43.0223999
69.6910516,25.9987411,5.44999695,-42.8711853
69.7010096,25.8618469,5.41968536,-43.0357971
69.7109676,25.9359512,5.4174881,-42.9842529
69.7209246,25.9325638,5.38004303,-43.1308899
69.7308826,26.0955048,5.37351227,-42.8135071
69.7408406,26.037674,5.39946747,-42.8043213
69.7507986,26.0483475,5.32984924,-42.7414551
69.7607556,26.0480652,5.53710938,-42.8703918
69.7707136,26.0008774,5.52127075,-43.0463867
69.7806716,26.0008774,5.52127075,-43.0463867
69.7906296,26.1418457,5.65683746,-43.0397339
69.8005876,26.0656357,5.65238953,-43.0538025
69.8105446,26.1186752,5.63432312,-42.6168213
69.8205026,26.1132812,5.48899841,-42.7758484
69.8304606,26.1016541,5.5776825,-42.6932678
69.8404186,26.1049881,5.48913574,-42.7868042
69.8503756,26.1578903,5.54703522,-42.7710266
69.8603336,26.3470993,5.56505585,-42.8080444
69.8702916,26.2830887,5.60011292,-42.8303528
69.8802496,26.1958466,5.66802979,-42.5894775
69.8902066,26.3095093,5.55353546,-42.6413574
69.9001646,26.228363,5.52883911,-42.6798706
69.9101226,26.2685165,5.64888,-42.6019592
69.9200806,26.1926956,5.75251007,-42.7989197
69.9300386,26.2798157,5.63039398,-42.8726501
69.9399956,26.1072083,5.69500732,-42.7897339
69.9499536,26.0426483,5.64538574,-42.7001648
69.9599116,26.0331345,5.53993225,-42.7572937
69.9698696,25.988533,5.48825073,-42.9886169
69.9798266,25.8507843,5.45815277,-43.1495972
69.9897846,26.0745926,5.44029236,-43.1369324
69.9997426,25.940773,5.36238861,-43.0342712
70.0097006,25.8865738,5.40447235,-42.979187
70.0196576,25.8577805,5.43112183,-43.0910645
70.0296156,25.8338547,5.43604279,-43.0421753
70.0395736,25.7883682,5.45841217,-43.1660156
70.0495316,25.6474609,5.51522064,-43.1254883
70.0594896,25.6785355,5.64315796,-43.1975098
70.0694466,25.5714417,5.59990692,-43.1522522
70.0794046,25.5232315,5.63253784,-43.3877563
70.0893626,25.482605,5.59811401,-43.1611328
70.0993206,25.4928513,5.55695343,-43.3457336
70.1092776,25.356163,5.63263702,-43.3122864
70.1192356,25.4052505,5.79494476,-43.3677063
70.1291936,25.4934769,5.8884201,-43.3164368
70.1391516,25.4934769,5.8884201,-43.3164368
70.1491086,25.4917221,5.94645691,-43.3141174
70.1590666,25.6303864,6.02134705,-43.3795471
70.1690246,25.6192322,5.97299194,-43.2953491
70.178983,25.6401749,6.09259033,-43.2907715
70.18894,25.7023621,6.15981293,-43.132843
70.198898,25.6689529,6.2199707,-43.0792847
70.208856,25.6442719,6.13339996,-43.1649475
70.218814,25.6091843,6.17407227,-43.1103821
70.228772,25.507309,6.22382355,-43.0646362
70.238729,25.6249008,6.12867737,-42.9470825
70.248687,25.6436768,6.26828003,-42.5626526
70.258645,25.7033615,6.25434875,-42.651001
70.268603,25.8410873,6.24004364,-42.7194519
70.27856,25.874382,6.27428436,-42.6993103
70.288518,25.8347244,6.25434875,-42.98172
70.298476,25.5713348,6.41957092,-43.2221985
70.308434,25.509819,6.37095642,-43.1358643
70.318391,25.3348923,6.35067749,-43.1885986
70.328349,25.4986496,6.28977966,-43.1803284
70.338307,25.5282822,6.27042389,-43.0507812
70.348265,25.6893616,6.33533478,-43.0219727
70.358223,25.6927109,6.12555695,-42.9083252
70.36818,25.9256058,6.01351929,-43.1501465
