"Time (s)","X (m/s^2)","Y (m/s^2)","Z (m/s^2)"
0.00921258333,0.131531454,-0.933888285,-9.80874493
0.0191695833,0.135870944,-0.882712225,-9.76819314
0.0291275833,0.171035781,-0.7755717,-9.79557682
0.0390845833,0.181809689,-0.61949968,-9.92396588
0.0490425833,0.120308633,-0.50143561,-10.0963484
0.0589995833,0.0139162971,-0.486621487,-10.321553
0.0689575833,-0.16295535,-0.588524696,-10.2343143
0.0789145833,-0.131980367,-0.663044222,-10.1253781
0.0888725833,0.124797762,-0.691625005,-9.87039562
0.0988305833,0.260668706,-0.839766232,-9.5730657
0.108787583,0.337432796,-0.955286462,-9.40726724
0.118745583,0.38965632,-1.01663788,-9.32137525
0.128702583,0.337432796,-1.05210199,-9.28052419
0.138660583,0.325461788,-1.00496615,-9.40636941
0.148617583,0.183754977,-1.01184948,-9.52922188
0.158575583,0.0297778831,-1.01738607,-9.64100117
0.168532583,-0.0673369217,-0.948103857,-9.69487071
0.178490583,-0.080804306,-0.862062235,-9.73093337
0.188447583,-0.0799064804,-0.834080003,-9.74664532
0.198405583,-0.0221463654,-0.807145235,-9.79662428
0.208363583,0.0212485397,-0.80370357,-9.79108769
0.218320583,0.00329202728,-0.799364079,-9.77537574
0.228278583,-0.0288800575,-0.786794521,-9.76654712
0.238235583,-0.0362123001,-0.788889447,-9.76894132
0.248193583,-0.0463876572,-0.798316616,-9.91513726
0.258150583,-0.0869394478,-0.798915166,-10.055647
0.268108583,-0.119111533,-0.76494743,-10.1059252
0.27806525,-0.0924760391,-0.763151779,-10.0683662
0.28802325,-0.0941220528,-0.80370357,-9.94596261
0.29798125,-0.0972644424,-0.862660786,-9.74065982
0.30793825,-0.0646434448,-0.865952813,-9.58713164
0.31789625,-0.0287304199,-0.841412246,-9.53356137
0.32785325,-0.0712274994,-0.842908622,-9.54134253
0.33781125,-0.16983868,-0.909796631,-9.72165584
0.34776825,-0.202459678,-0.932691184,-9.82191304
0.35772625,-0.132429279,-0.887201353,-9.80979239
0.36768325,-0.0867898102,-0.810437262,-9.82370869
0.37764125,-0.0758662651,-0.755370624,-9.85947207
0.38759825,-0.080804306,-0.723048901,-9.9690068
0.39755625,-0.0764648155,-0.729782594,-10.0197339
0.40751425,-0.039653965,-0.794874951,-9.98471875
0.41747125,-0.00673369217,-0.925508579,-9.87518402
0.42742925,0.0293289703,-1.00885672,-9.67377181
0.43738625,0.0781108292,-0.987009634,-9.53116717
0.44734425,0.0878372734,-0.9192238,-9.51784942
0.45730125,0.0861912598,-0.760308665,-9.6466874
0.46725925,0.0353144745,-0.631470688,-9.87757822
0.47721625,-0.040402153,-0.588973608,-9.98187563
0.48717425,-0.0451905563,-0.567126518,-9.94446623
0.49713225,-0.0398036026,-0.591816723,-9.92740755
0.50708925,-0.0276829567,-0.607528671,-9.89673184
0.51704725,-0.0567126518,-0.581342091,-9.86770214
0.52700425,-0.168641579,-0.592115998,-9.82550434
0.53696225,-0.27039515,-0.578648614,-9.76265654
0.54691925,-0.294636442,-0.592714548,-9.75831705
0.55687725,-0.180762225,-0.709731155,-9.66584101
0.56683425,-0.00613514175,-0.809689074,-9.63396821
0.57679225,0.106541974,-0.82555066,-9.68888521
0.58675025,0.165199915,-0.781257929,-9.72195512
0.59670725,0.136170219,-0.742352152,-9.75502503
0.60666525,0.063446344,-0.686088413,-9.88595793
0.61662225,-0.0363619377,-0.598400777,-9.92935284
0.62658025,-0.102202483,-0.566079055,-9.88311482
0.63653725,-0.118064069,-0.576703325,-9.85767642
0.64649525,-0.0658405457,-0.578648614,-9.79737247
0.65645225,0.0469862076,-0.673967767,-9.75966379
0.66641025,0.114323129,-0.766593444,-9.87159272
0.67636825,0.0755669899,-0.78933836,-9.95119993
0.68632525,0.0128688339,-0.71691376,-9.85154128
0.69628325,-0.0077811554,-0.697161596,-9.81278514
0.70624025,0.0477343956,-0.742202515,-9.80754783
0.71619825,0.0852934341,-0.738162299,-9.76056162
0.72615525,0.149936879,-0.655263067,-9.73736779
0.73611325,0.154575645,-0.638503655,-9.74335329
0.74607025,0.158915135,-0.623988808,-9.87249055
0.75602825,0.163404263,-0.653018503,-9.97693759
0.76598625,0.123750298,-0.73187752,-9.91214451
0.77594325,0.110731827,-0.779462278,-9.89358945
0.78590125,0.139611884,-0.832733265,-9.82400796
0.79585825,0.153079269,-0.798017341,-9.75622213
0.80581625,0.189740482,-0.728286217,-9.70534534
0.81577325,0.186747729,-0.729782594,-9.63726023
0.82573125,0.204105692,-0.721552525,-9.59670844
0.83568825,0.282964709,-0.662894585,-9.71581997
0.84564625,0.259920518,-0.644189884,-9.85393548
0.85560425,0.244208569,-0.653766691,-10.0013285
0.86556125,0.196025261,-0.713472095,-10.0719575
0.87551925,0.159364048,-0.705990215,-10.0430774
0.88547625,0.201861127,-0.669179364,-9.98082817
0.89543425,0.221463654,-0.694468119,-9.90780502
0.90539125,0.235828864,-0.691625005,-9.76714567
0.91534925,0.205003517,-0.658255819,-9.71716671
0.92530625,0.132279642,-0.651222852,-9.83582933
0.93526425,0.085742347,-0.666485887,-9.95538978
0.94522225,0.0837970581,-0.65945292,-9.8905967
0.95517925,0.125396312,-0.679055446,-9.78854385
0.96513725,0.199466926,-0.724844553,-9.70878701
0.97509425,0.252289,-0.736965199,-9.65895769
0.98505225,0.228945534,-0.705990215,-9.64204864
0.99500925,0.173130708,-0.700752898,-9.71956091
1.00496725,0.096665892,-0.726789841,-9.8313402
1.01492425,0.0685340225,-0.725892016,-9.8579757
1.02488225,0.184802441,-0.732775346,-9.7644522
1.03484025,0.25977088,-0.745195267,-9.66314754
1.04479725,0.260668706,-0.740556501,-9.71881273
1.05475525,0.239569804,-0.712873544,-9.78525182
1.06471225,0.197671275,-0.70628949,-9.80455507
1.07467025,0.151582893,-0.733224258,-9.81368297
1.08462725,0.192583596,-0.714070645,-9.81502971
1.09458525,0.202609315,-0.671573566,-9.71746599
1.10454325,0.210240833,-0.642992783,-9.65132617
1.11450025,0.155024557,-0.586579407,-9.6781113
1.12445825,0.113425304,-0.591068535,-9.81787282
1.13441525,0.145298113,-0.590170709,-9.88670612
1.14437325,0.1985691,-0.563086303,-9.90451299
1.15433025,0.265606747,-0.557998624,-9.95194811
1.16428825,0.297629194,-0.586579407,-10.0731546
1.17424525,0.29164369,-0.608127222,-10.1113122
1.18420325,0.263212545,-0.603488456,-10.0967973
1.19416125,0.240467629,-0.578199701,-10.0472673
1.20411825,0.238372703,-0.572064559,-9.98202527
1.21407625,0.286556011,-0.645237347,-9.86351229
1.22403325,0.297180281,-0.694168844,-9.78629929
1.23399125,0.300771584,-0.706439127,-9.76400328
1.24394825,0.275033916,-0.748188019,-9.67496891
1.25390625,0.227000245,-0.735169547,-9.631574
1.26386325,0.247650234,-0.699106885,-9.61616133
1.27382125,0.287753112,-0.679653996,-9.63920552
1.28377938,0.273088627,-0.721851801,-9.69292542
1.29373638,0.240018716,-0.723198539,-9.81652608
1.30369438,0.250343711,-0.73127897,-9.92321769
1.31365138,0.247350959,-0.713322457,-9.94267058
1.32360938,0.242412918,-0.657806906,-9.87024598
1.33356638,0.250194073,-0.633266339,-9.80844565
1.34352438,0.263811095,-0.666785162,-9.81203695
1.35348238,0.243310744,-0.726490566,-9.84974563
1.36343938,0.221912566,-0.733822809,-9.90975031
1.37339738,0.200963302,-0.722001438,-9.87683004
1.38335438,0.229843359,-0.699855073,-9.82729999
1.39331238,0.274585003,-0.654814154,-9.80171196
1.40326938,0.334589682,-0.610970336,-9.77372973
1.41322738,0.379480963,-0.602440993,-9.74320366
1.42318438,0.367659592,-0.665438424,-9.73572178
1.43314237,0.334140769,-0.749085844,-9.75951415
1.44310038,0.280121594,-0.741603964,-9.73676924
1.45305738,0.168043029,-0.749534757,-9.68978303
1.46301538,0.0363619377,-0.792929662,-9.62783306
1.47297238,0.0169090492,-0.807145235,-9.55271499
1.48293038,0.100406832,-0.787243433,-9.47325742
1.49288738,0.219967278,-0.730381144,-9.47535235
1.50284538,0.28909985,-0.645835898,-9.52159036
1.51280338,0.372747271,-0.602440993,-9.6840968
1.52276038,0.426467171,-0.568922169,-9.90152024
1.53271838,0.39968204,-0.54453124,-10.0774941
1.54267538,0.350002355,-0.60259063,-10.3258925
1.55263338,0.308702377,-0.64134677,-10.5440641
1.56259038,0.281169057,-0.662894585,-10.5572322
1.57254838,0.223408942,-0.678606533,-10.4200145
1.58250638,0.186598092,-0.630273587,-10.1776016
1.59246338,0.17357962,-0.565480505,-9.85378585
1.60242138,0.19048867,-0.559046088,-9.6068838
1.61237838,0.165349552,-0.608127222,-9.44003787
1.62233638,0.184353528,-0.625485184,-9.37419733
1.63229338,0.191386495,-0.658704732,-9.41699368
1.64225138,0.202908591,-0.682197836,-9.5483755
1.65220838,0.24914661,-0.719307961,-9.70938556
1.66216638,0.295085355,-0.749834032,-9.82281086
1.67212438,0.292391878,-0.731578245,-9.87772786
1.68208138,0.277727393,-0.736067373,-9.8742862
1.69203938,0.25917233,-0.713621732,-9.83328549
1.70199638,0.274734641,-0.6856395,-9.78450363
1.71195438,0.276829567,-0.622791707,-9.77507647
1.72191138,0.229244809,-0.596605126,-9.77028806
1.73186938,0.194079972,-0.674865593,-9.82729999
1.74182738,0.136319857,-0.757764825,-9.81667572
1.75178438,0.085742347,-0.82495211,-9.83433296
1.76174238,0.0851437965,-0.846051012,-9.79288334
1.77169938,0.148290865,-0.797119515,-9.6817026
1.78165738,0.262015444,-0.732775346,-9.51440776
1.79161438,0.41524435,-0.613065263,-9.40412485
1.80157238,0.484975474,-0.441580569,-9.40128173
1.81152938,0.425569345,-0.392200159,-9.61391677
1.82148738,0.299574483,-0.487369675,-9.95494087
1.83144538,0.186149179,-0.590320347,-10.1930143
1.84140238,0.157718034,-0.634762715,-10.4078939
1.85136038,0.0707785866,-0.665438424,-10.3773678
1.86131737,0.0683843849,-0.637156917,-10.1071223
1.87127538,0.150385792,-0.591667085,-9.82311014
1.88123238,0.253037188,-0.593163461,-9.54209072
1.89119038,0.337283159,-0.557998624,-9.37404769
1.90114838,0.346859966,-0.525676902,-9.42567266
1.91110538,0.279373406,-0.546177254,-9.70384897
1.92106338,0.209343008,-0.615010551,-9.98980643
1.93102038,0.151582893,-0.675164868,-10.1623386
1.94097838,0.145896664,-0.686537326,-10.2085766
1.95093538,0.157568397,-0.678756171,-10.0557966
1.96089338,0.163553901,-0.714519558,-9.85618005
1.97085138,0.184503165,-0.689081165,-9.67736311
1.98080838,0.225952782,-0.622492432,-9.55271499
1.99076638,0.250493349,-0.561440289,-9.56498527
2.00072338,0.263960733,-0.589123246,-9.63726023
2.01068138,0.268449861,-0.623689532,-9.80694928
2.02063838,0.24914661,-0.676661244,-9.95808326
2.03059638,0.226401694,-0.654514879,-9.98067853
2.04055438,0.1985691,-0.657657269,-9.92860465
2.05051138,0.166546653,-0.683843849,-9.84241339
2.06046938,0.13736732,-0.662146397,-9.80934348
2.07042638,0.0947206032,-0.686836601,-9.76460183
2.08038437,0.100107557,-0.702249274,-9.71462287
2.09034138,0.0956184288,-0.653018503,-9.64728595
2.10029938,0.105195235,-0.614860914,-9.56752911
2.11025738,0.102052846,-0.6494272,-9.51904653
2.12021438,0.168791217,-0.658255819,-9.49196212
2.13017238,0.228945534,-0.618003304,-9.49959364
2.14012938,0.222062204,-0.568024344,-9.6279827
2.15008738,0.188094468,-0.576104774,-9.7903395
2.16004438,0.176273097,-0.573710573,-9.81742391
2.17000238,0.229843359,-0.54393269,-9.75831705
2.17996038,0.357633873,-0.48647185,-9.6828997
2.18991738,0.342670113,-0.473303741,-9.69277578
2.19987538,0.233285024,-0.482880547,-9.79183588
2.20983238,0.232237561,-0.404620081,-9.98561657
2.21979038,0.192284321,-0.379181688,-10.172065
2.22974738,0.153528181,-0.423624056,-10.1886748
2.23970538,0.103399584,-0.575057311,-10.101885
2.24966338,0.0998082817,-0.698358697,-9.98516766
2.25962038,0.0861912598,-0.704942751,-9.84256302
2.26957838,0.0846948837,-0.606181933,-9.75846669
2.27953525,0.12988544,-0.437241078,-9.82475615
2.28949325,0.12240356,-0.293140066,-9.89493619
2.29945025,0.0794575676,-0.31663317,-9.9642184
2.30940825,0.0594061287,-0.438587817,-10.0918593
2.31936625,0.0498293221,-0.548122543,-10.1659299
2.32932325,0.0556651886,-0.543334139,-10.1315132
2.33928125,0.0410007034,-0.527771828,-10.0001314
2.34923825,-0.0149637604,-0.563086303,-9.87533366
2.35919625,0.0246902046,-0.589272884,-9.80919384
2.36915325,0.0956184288,-0.553509496,-9.71282722
2.37911125,0.177919111,-0.548870731,-9.67841057
2.38906925,0.225803144,-0.556352611,-9.67182652
2.39902625,0.235679226,-0.471807365,-9.66584101
2.40898425,0.235529588,-0.393546898,-9.69906056
2.41894125,0.179116212,-0.356885685,-9.741408
2.42889925,0.122553197,-0.451456651,-9.75397756
2.43885625,0.0926256767,-0.517746109,-9.83957027
2.44881425,0.101454295,-0.528669654,-9.88461119
2.45877225,0.055515551,-0.581940641,-9.84271266
2.46872925,0.0508767853,-0.597802227,-9.80275942
2.47868725,0.054767363,-0.613514175,-9.75846669
2.48864425,0.0638952568,-0.628926849,-9.73976199
2.49860225,0.138115508,-0.595856938,-9.74260511
2.50855925,0.203058228,-0.556053336,-9.75547394
2.51851725,0.196025261,-0.557699349,-9.81892028
2.52847525,0.146944127,-0.538845011,-9.98756186
2.53843225,0.15113398,-0.469113888,-10.1557545
2.54839025,0.15801731,-0.423175143,-10.2274309
2.55834725,0.175524909,-0.45833998,-10.1843353
2.56830525,0.190189394,-0.492307716,-10.1639846
2.57826225,0.188992294,-0.471208814,-10.1128085
2.58822025,0.14110826,-0.488566776,-9.99609121
2.59817825,0.11177929,-0.529118567,-9.90750574
2.60813525,0.1448492,-0.548421818,-9.82490579
2.61809325,0.197222362,-0.557848987,-9.70773954
2.62805025,0.154725282,-0.618152941,-9.55480991
2.63800825,0.167743754,-0.67067574,-9.54912368
2.64796625,0.16609774,-0.578947889,-9.57351461
2.65792325,0.0890343742,-0.482581272,-9.6231943
2.66788125,0.0564133766,-0.509067128,-9.76654712
2.67783825,0.0674865593,-0.55575406,-9.8452565
2.68779625,0.13362638,-0.534954433,-9.91543654
2.69775325,0.181959326,-0.508019665,-9.9889086
2.70771125,0.171783969,-0.51265843,-9.9901057
2.71766925,0.144101012,-0.494103368,-9.94147348
2.72762625,0.107140524,-0.49081134,-9.87443583
2.73758425,0.106392336,-0.489913515,-9.86485903
2.74754125,0.13048399,-0.499490321,-9.80934348
2.75749925,0.131381816,-0.534954433,-9.74395184
2.76745625,0.102352121,-0.594809475,-9.68604209
2.77741425,0.0992097313,-0.610521423,-9.69487071
2.78737225,0.120907184,-0.58014499,-9.75337901
2.79732925,0.125994862,-0.561889202,-9.71611925
2.80728725,0.170287593,-0.591068535,-9.65476783
2.81724425,0.19482816,-0.606930121,-9.67122797
2.82720225,0.200364751,-0.598700053,-9.69397288
2.83715925,0.167444479,-0.546925442,-9.71148048
2.84711725,0.13736732,-0.534355883,-9.79303298
2.85707525,0.11866262,-0.517147559,-9.90062242
2.86703225,0.131681091,-0.513107343,-9.98711295
2.87699025,0.131830729,-0.594210925,-10.0227267
2.88694725,0.15487492,-0.666485887,-9.92935284
2.89690525,0.227898071,-0.64134677,-9.83373441
2.90686325,0.252588275,-0.569969633,-9.70758991
2.91682025,0.247650234,-0.478690694,-9.63396821
2.92677825,0.245106395,-0.429759198,-9.70489643
2.93673525,0.297479556,-0.441281293,-9.83986955
2.94669325,0.326958164,-0.447416435,-10.0376905
2.95665025,0.30660745,-0.488566776,-10.172065
2.96660825,0.282515796,-0.512209518,-10.2247375
2.97656625,0.20231004,-0.531662406,-10.2172556
2.98652325,0.154426007,-0.558447537,-10.1400426
2.99648125,0.125396312,-0.609773235,-10.0041716
3.00643825,0.135422031,-0.630872137,-9.83313586
3.01639625,0.157269122,-0.700603261,-9.62783306
3.02635325,0.215178874,-0.740855776,-9.46128641
3.03631125,0.196324536,-0.766294169,-9.35878465
3.04626925,0.168043029,-0.769436559,-9.35893429
3.05622625,0.157718034,-0.672172116,-9.38093102
3.06618425,0.148290865,-0.593313099,-9.39828898
3.07614125,0.137816233,-0.618003304,-9.44153425
3.08609925,0.15173253,-0.672621029,-9.54942296
3.09605725,0.23044191,-0.669927552,-9.7016044
3.10601425,0.228646259,-0.669478639,-9.8675525
3.11597225,0.186598092,-0.662744947,-10.0035731
3.12592925,0.18794483,-0.66753335,-10.0179383
3.13588725,0.227748433,-0.695964495,-9.93309378
3.14584425,0.207846632,-0.688033702,-9.78869349
3.15580225,0.185251353,-0.674715955,-9.65192472
3.16576025,0.157568397,-0.671872841,-9.5603465
3.17571725,0.122104285,-0.660799658,-9.57979939
3.18567525,0.137965871,-0.653766691,-9.69083049
3.19563225,0.161159699,-0.611119974,-9.83059202
3.20559025,0.171933607,-0.609324323,-9.94596261
3.21554825,0.185700266,-0.595557663,-10.0291611
3.22550525,0.189740482,-0.576254412,-10.1107136
3.23546325,0.185251353,-0.566677605,-10.2494277
3.24542025,0.138714059,-0.615309827,-10.2361099
3.25537825,0.147093764,-0.628477936,-10.0655231
3.26533525,0.207248081,-0.638354018,-9.89269162
3.27529325,0.246902046,-0.62443772,-9.70788918
3.28525088,0.219069452,-0.609025047,-9.61002619
3.29520788,0.174028533,-0.62009823,-9.61870517
3.30516588,0.166247378,-0.626233372,-9.63681132
3.31512288,0.192134683,-0.590918897,-9.73018518
3.32508088,0.192433958,-0.559495,-9.79108769
3.33503888,0.188693018,-0.557699349,-9.80949311
3.34499588,0.183455702,-0.544082327,-9.82640216
3.35495388,0.166546653,-0.53764791,-9.82744963
3.36491088,0.131082541,-0.543184502,-9.87278982
3.37486888,0.119560445,-0.543783052,-9.82311014
3.38482588,0.121655372,-0.552761308,-9.78121161
3.39478388,0.155323833,-0.60513447,-9.71896236
3.40474188,0.174178171,-0.617105478,-9.72689316
3.41469888,0.204554604,-0.569221445,-9.75502503
3.42465688,0.178667299,-0.524928714,-9.80500399
3.43461388,0.124947399,-0.495899019,-9.82759926
3.44457188,0.0754173523,-0.524629439,-9.81637644
3.45452988,0.138265146,-0.543184502,-9.78076269
3.46448688,0.224905318,-0.533009145,-9.71971055
3.47444488,0.23044191,-0.503680174,-9.6629979
3.48440188,0.231339735,-0.445022234,-9.6570124
3.49435988,0.203357504,-0.398335301,-9.68379753
3.50431788,0.14739304,-0.367659592,-9.79303298
3.51427488,0.135721307,-0.395492187,-9.94282022
3.52423288,0.115220955,-0.403871893,-10.0224274
3.53418988,0.0873883606,-0.423324781,-10.0596872
3.54414788,0.072125325,-0.415094713,-10.0924578
3.55410488,0.0662894585,-0.372896909,-10.0610339
3.56406288,0.0354641121,-0.313640417,-10.0513075
3.57402088,-0.00523731613,-0.328753815,-10.0092593
3.58397788,-0.0267851311,-0.373196184,-9.91603509
3.59393588,-0.0190039757,-0.434248326,-9.81532898
3.60389288,0.0199018013,-0.505775101,-9.65865841
3.61385088,0.0573112022,-0.550816019,-9.5416418
3.62380888,0.0752677147,-0.591517448,-9.49046574
3.63376588,0.113126028,-0.611718524,-9.46981575
3.64372388,0.187795193,-0.580444265,-9.46727191
3.65368088,0.217273801,-0.557998624,-9.55660556
3.66363888,0.158466222,-0.549170006,-9.68185224
3.67359588,0.0975637177,-0.534505521,-9.8102413
3.68355388,0.0616506927,-0.488716414,-9.91603509
3.69351188,0.0243909294,-0.44397477,-9.95942999
3.70346887,-0.0647930824,-0.410755222,-9.91813001
3.71342688,-0.101903208,-0.396988563,-9.84824925
3.72338388,-0.0737713387,-0.437839629,-9.82460651
3.73334188,-0.0196025261,-0.477792869,-9.77358009
3.74329988,0.00598550415,-0.528220741,-9.74589713
3.75325688,0.00688332977,-0.522983425,-9.70758991
3.76321488,0.0451905563,-0.496198294,-9.68275006
3.77317188,0.0646434448,-0.467018961,-9.66314754
3.78312988,0.0100257195,-0.451307013,-9.63980407
3.79308788,-0.0196025261,-0.476895043,-9.73078373
3.80304488,-0.023044191,-0.510862779,-9.81996775
3.81300288,-0.00748188019,-0.540341387,-9.80111341
3.82295988,0.0390554146,-0.556651886,-9.7505359
3.83291788,0.0275333191,-0.537348635,-9.65057798
3.84287488,0.0362123001,-0.51146133,-9.57575918
3.85283288,0.0707785866,-0.491858804,-9.50318494
3.86279088,0.124049574,-0.463726934,-9.45769511
3.87274788,0.172681795,-0.470759901,-9.53670376
3.88270588,0.236427414,-0.454748678,-9.68619173
3.89266288,0.304811799,-0.377386037,-9.80889456
3.90262088,0.325910701,-0.352396557,-9.95913072
3.91257888,0.301669409,-0.371250895,-10.0430774
3.92253587,0.285508548,-0.399083489,-10.086622
3.93249388,0.251241537,-0.419134928,-10.0746509
3.94245088,0.225653506,-0.458190343,-9.99279918
3.95240888,0.22729952,-0.566079055,-9.88715503
3.96236688,0.299574483,-0.730381144,-9.73407576
3.97232388,0.397886388,-0.87238723,-9.54493383
3.98228188,0.480037433,-0.935085386,-9.43150853
3.99223888,0.490512065,-0.980575217,-9.3804821
4.00219688,0.461632008,-1.03519294,-9.42776759
4.01215488,0.378583138,-1.1213842,-9.49974327
4.02211188,0.342071562,-1.16223527,-9.51081646
4.03206988,0.355688584,-1.2125135,-9.5682773
4.04202688,0.302118322,-1.27176999,-9.60778162
4.05198488,0.260070155,-1.30439099,-9.65596493
4.06194188,0.237474877,-1.27191963,-9.78480291
4.07189988,0.244507845,-1.22478379,-9.88520974
4.08185788,0.222062204,-1.12452659,-9.97050318
4.09181488,0.177470198,-1.04491939,-10.0471176
4.10177288,0.196174899,-0.978181016,-10.1256774
4.11172988,0.208145907,-0.947206032,-10.2688806
4.12168788,0.203956054,-0.881365486,-10.3258925
4.13164588,0.132429279,-0.90426004,-10.3333744
4.14160287,0.0646434448,-0.985213983,-10.2771106
4.15156088,0.0395043274,-1.06452191,-10.1455792
4.16151788,0.0207996269,-1.12826753,-9.96616369
4.17147588,-0.00703296738,-1.16208563,-9.78106197
4.18143388,-0.000149637604,-1.15310737,-9.53266355
4.19139088,0.0261865807,-1.17181208,-9.36207668
4.20134888,0.030974984,-1.23630588,-9.24745427
4.21130588,0.0957680664,-1.27985042,-9.18116482
4.22126388,0.181061501,-1.27850369,-9.22934812
4.23122088,0.205302792,-1.24857617,-9.33050314
4.24117888,0.236876327,-1.24064537,-9.54104325
4.25113688,0.265457109,-1.24423668,-9.76624785
4.26109388,0.282066883,-1.22328741,-9.87608185
4.27105188,0.322768311,-1.16088853,-9.88715503
4.28100863,0.36780923,-1.10327805,-9.92650972
4.29096663,0.414196887,-1.04596685,-9.93324341
4.30092463,0.443076945,-0.957231751,-9.93937855
4.31088163,0.496198294,-0.909497356,-9.95763434
4.32083963,0.536600447,-0.88675244,-10.0150952
4.33079663,0.51894321,-0.895132146,-10.0337999
4.34075463,0.51146133,-0.909946268,-10.0412818
4.35071263,0.513256981,-0.99479079,-10.0598368
4.36066963,0.548721093,-1.06931032,-10.0737531
4.37062763,0.639251843,-1.09609545,-10.1454295
4.38058463,0.698657972,-1.1329063,-10.2622965
4.39054263,0.726340929,-1.11360305,-10.4524859
4.40050063,0.685489863,-1.1038766,-10.6136456
4.41045763,0.621444968,-1.11001174,-10.6977419
4.42041563,0.554407322,-1.03788642,-10.7836339
4.43037263,0.462230558,-0.931793359,-10.8606973
4.44033063,0.354940396,-0.849193401,-10.916961
4.45028863,0.336086058,-0.736516286,-11.0003092
4.46024563,0.289997676,-0.671573566,-11.0453501
4.47020363,0.217273801,-0.591517448,-11.0128787
4.48016063,0.164002814,-0.529118567,-10.9235451
4.49011863,0.0190039757,-0.551863483,-10.7234796
4.50007663,-0.136170219,-0.704793114,-10.4925888
4.51003363,-0.135721307,-0.855328543,-10.2591541
4.51999163,-0.0100257195,-0.763600692,-10.0902133
4.52994863,0.0824503197,-0.645536623,-9.8464536
4.53990663,0.253186826,-0.537947186,-9.49181248
4.54986463,0.405218631,-0.468216062,-9.22036987
4.55982163,0.529268204,-0.33593642,-9.1325326
4.56977963,0.596605126,-0.114173492,-9.21184053
4.57973663,0.500537785,0.00299275208,-9.47789618
4.58969463,0.322917949,0.0769137283,-9.85303766
4.59965163,0.180762225,0.124498486,-10.2533182
4.60960963,0.106541974,0.158166947,-10.4637087
4.61956763,0.103848497,0.189441206,-10.4580225
4.62952463,0.0658405457,0.233584299,-10.2643914
4.63948263,-0.00568622894,0.283413622,-9.94326913
4.64944063,-0.0647930824,0.407912108,-9.6303769
4.65939763,-0.100406832,0.665887337,-9.42043534
4.66935563,-0.199167651,0.83991587,-9.32092634
4.67931263,-0.291344415,0.773925687,-9.3744966
4.68927063,-0.379480963,0.49081134,-9.42163245
4.69922763,-0.378134225,0.289548763,-9.52503203
4.70918563,-0.326359614,0.0799064804,-9.41908861
4.71914363,-0.303165785,-0.113724579,-9.27962636
4.72910063,-0.294935717,-0.222810392,-9.10874022
4.73905863,-0.265457109,-0.197222362,-8.852411
4.74901563,-0.269497324,-0.141257898,-8.59997236
4.75897363,-0.196623811,-0.0311246216,-8.50914234
4.76893163,-0.121655372,0.080056118,-8.5698952
4.77888863,-0.0585083031,0.161608612,-8.82412949
4.78884663,0.00284311447,0.211886847,-9.27364086
4.79880363,0.061949968,0.313640417,-9.80231051
4.80876163,0.072873513,0.401477691,-10.2838443
4.81871963,0.0465372948,0.425419707,-10.6829278
4.82867663,0.0604535919,0.428113184,-10.9648451
4.83863463,0.0942716904,0.432452675,-11.0558247
4.84859163,0.0812532188,0.374094009,-10.8952636
4.85854963,0.0836474205,0.304362886,-10.6247188
4.86850763,0.0908300255,0.21981764,-10.3456446
4.87846463,0.0701800362,0.117016606,-9.99609121
4.88842263,0.0353144745,-0.0417488914,-9.71746599
4.89837963,0.0306757088,-0.2160767,-9.52009399
4.90833763,0.0336684608,-0.365564666,-9.30386765
4.91829563,0.0755669899,-0.494402643,-9.15782135
4.92825263,0.0219967278,-0.660949296,-9.01027867
4.93821063,-0.0314238968,-0.78559742,-8.90403597
4.94816763,-0.00359130249,-0.852036516,-8.88099178
4.95812563,0.0398036026,-0.89423432,-8.91720408
4.96808363,0.0163104988,-0.940771615,-9.00489172
4.97804063,0.0359130249,-0.935534299,-9.1572228
4.98799863,0.0272340439,-0.885256064,-9.38272667
4.99795563,0.0338180984,-0.769137283,-9.56393781
5.00791363,0.0038905777,-0.694468119,-9.74484967
5.01787163,0.00194528885,-0.698358697,-9.9514992
5.02782863,-0.0124199211,-0.693420656,-10.0806365
5.03778663,-0.0520738861,-0.683245299,-10.1107136
5.04774363,-0.0564133766,-0.658255819,-10.1045785
5.05770163,-0.0487818588,-0.628029023,-10.0167412
5.06765963,-0.0421978043,-0.636857642,-9.96347021
5.07761663,-0.0254383926,-0.709132604,-9.89493619
5.08757463,0.0199018013,-0.7930793,-9.82909564
5.09753163,0.0784101044,-0.88361005,-9.87204163
5.10748963,0.0960673416,-0.870741216,-9.91543654
5.11744763,0.115370592,-0.803404295,-9.9574847
5.12740463,0.157269122,-0.767042357,-10.0276647
5.13736263,0.181660051,-0.835426742,-10.086173
5.14731963,0.222660754,-0.898274535,-10.1711672
5.15727763,0.32785599,-0.896628522,-10.2730704
5.16723563,0.338929173,-0.830189426,-10.395474
5.17719263,0.310647665,-0.769735834,-10.4762783
5.18715063,0.29972412,-0.766743082,-10.5621703
5.19710763,0.262613995,-0.74684128,-10.5386772
5.20706563,0.226551332,-0.686238051,-10.4601174
5.21702363,0.239719441,-0.571017096,-10.4225584
5.22698063,0.214281049,-0.429160648,-10.3387613
5.23693863,0.0992097313,-0.491110616,-10.2192009
5.24689563,0.0600046791,-0.674117405,-10.1539589
5.25685363,0.0960673416,-0.737114836,-10.1261263
5.26681163,0.0635959816,-0.667682988,-10.1418382
5.27676863,0.0538695374,-0.605583382,-10.1767038
5.28672713,0.0568622894,-0.552462033,-10.096947
5.29668413,0.131681091,-0.376039298,-10.0610339
5.30664213,0.221014741,-0.0996586441,-10.198102
5.31660013,0.230741185,0.225653506,-10.4548801
5.32655713,0.296581731,0.568473257,-10.8994534
5.33651513,0.328604178,0.823904646,-11.3524064
5.34647213,0.314388605,0.926256767,-11.6898392
5.35643013,0.350750543,0.899172361,-11.7028577
5.36638813,0.515501545,0.79248075,-11.3055699
5.37634513,0.73561846,0.692822105,-10.6824789
5.38630313,0.833780728,0.615459464,-9.95583869
5.39626013,0.819265881,0.521935962,-9.2821702
5.40621813,0.796670602,0.423025506,-8.78342807
5.41617613,0.784849232,0.343567938,-8.38105255
5.42613312,0.754472798,0.314687881,-8.19654938
5.43609113,0.772279673,0.232237561,-8.31386526
5.44604813,0.71691376,0.071377137,-8.55208833
5.45600613,0.671423928,-0.0178068748,-8.93920081
5.46596413,0.604535919,-0.00927753143,-9.46427916
5.47592113,0.505924738,0.0405517906,-9.93818145
5.48587913,0.538845011,0.103848497,-10.2130657
5.49583613,0.657507631,0.133776018,-10.2768114
5.50579413,0.814627115,0.191835408,-10.1779009
5.51575213,0.86236151,0.341173737,-10.0557966
5.52570913,0.784250681,0.389955595,-9.9574847
5.53566713,0.698508334,0.368707056,-9.95823289
5.54562513,0.550965657,0.273238264,-9.98980643
5.55558213,0.418536378,0.12554595,-9.99683939
5.56554013,0.276530292,-0.00164601364,-9.93743327
5.57549713,0.178218386,-0.0543184502,-9.86306338
5.58545513,0.111031102,-0.154426007,-9.74784242
5.59541313,0.0576104774,-0.303016148,-9.61765771
5.60537013,0.0234931038,-0.475997218,-9.50198784
5.61532813,-0.040402153,-0.612167437,-9.32736076
5.62528513,-0.160411511,-0.722450351,-9.20196444
5.63524313,-0.205003517,-0.807294872,-9.13776991
5.64520113,-0.257825591,-0.807893423,-9.1023058
5.65515813,-0.333691856,-0.741454327,-8.99501564
5.66511613,-0.372447996,-0.715417384,-8.88458309
5.67507313,-0.353144745,-0.705391664,-8.83310775
5.68503113,-0.305709624,-0.724844553,-8.84118818
5.69498913,-0.275931741,-0.739808313,-8.86183817
5.70494613,-0.270245512,-0.766743082,-8.88278743
5.71490413,-0.24226328,-0.719158324,-8.89760156
5.72486113,-0.178368024,-0.671872841,-8.9188501
5.73481913,-0.113874216,-0.668730451,-8.94548559
5.74477713,-0.109085813,-0.701650724,-8.98513956
5.75473413,-0.0481833084,-0.757016637,-9.0672906
5.76469213,0.0384568642,-0.827495949,-9.17547859
5.77464912,0.105943423,-0.888697729,-9.26600934
5.78460713,0.137068045,-0.955885013,-9.29459012
5.79456513,0.19482816,-1.04761286,-9.23144305
5.80452213,0.19797055,-1.14876788,-9.15946736
5.81448013,0.214131411,-1.18752402,-9.12968948
5.82443713,0.167444479,-1.14233347,-9.1548286
5.83439513,0.0863408974,-1.05344873,-9.31224736
5.84435313,0.10429741,-1.02920744,-9.56393781
5.85431013,0.157269122,-1.00257195,-9.90166988
5.86426813,0.18360534,-0.930745895,-10.2622965
5.87422513,0.143352824,-0.846948837,-10.5720463
5.88418313,0.183006789,-0.723198539,-10.8319669
5.89414113,0.2697966,-0.631620325,-10.9967179
5.90409813,0.370652345,-0.544830515,-11.069741
5.91405613,0.452204839,-0.518045384,-11.0453501
5.92401413,0.582988104,-0.640748219,-10.8791027
5.93397113,0.733972446,-0.584185205,-10.7933604
5.94392913,0.73621701,-0.30286651,-10.817452
5.95388613,0.581192453,-0.125845225,-10.9145668
5.96384413,0.418835653,-0.157119484,-10.9841483
5.97380213,0.397587113,-0.172532157,-11.0139262
5.98375913,0.335038595,0.015861586,-11.0660001
5.99371713,0.158765498,0.252438638,-11.0652519
6.00367413,-0.0127191963,0.359579162,-10.897957
6.01363213,-0.106841249,0.338629897,-10.6356423
6.02359013,-0.115071317,0.330848742,-10.3416044
6.03354713,-0.0764648155,0.310946941,-9.96975499
6.04350513,-0.0571615646,0.257825591,-9.5893762
6.05346213,-0.0659901833,0.210989021,-9.4071176
6.06342013,-0.113126028,0.115071317,-9.29623613
6.07337813,-0.0659901833,-0.0441430931,-9.17024127
6.08333513,0.00254383926,-0.192284321,-9.04783771
6.09329313,0.0275333191,-0.263811095,-8.96643485
6.10325013,0.0306757088,-0.248248785,-8.88218888
6.11320813,0.0356137497,-0.228945534,-8.86258636
6.12316613,-0.0299275208,-0.16549919,-8.89535699
6.13312313,-0.1436521,0.0752677147,-8.9797526
6.14308113,-0.266803848,0.457292517,-9.19328546
6.15303913,-0.260967981,0.856376006,-9.61466495
6.16299613,-0.196773449,1.10731827,-10.1149035
6.17295413,-0.0914285759,1.196203,-10.5748895
6.18291113,-0.0133177467,1.16268418,-10.954969
6.19286913,-0.0142155724,1.0151415,-11.1526402
6.20282713,-0.0276829567,0.82989015,-11.0621095
6.21278413,-0.00972644424,0.664989511,-10.7441296
6.22274213,0.0692822105,0.579696077,-10.2706762
6.23269913,0.197072724,0.518643935,-9.74006127
6.24265713,0.223408942,0.38905777,-9.33304698
6.25261513,0.263062907,0.238073428,-9.16889453
6.26257213,0.336983884,0.178068748,-9.2049572
6.27253013,0.364517203,0.116118781,-9.40083282
6.28248696,0.314388605,0.00508767853,-9.74245547
6.29244496,0.245555308,-0.161309337,-10.0924578
6.30240296,0.17357962,-0.277428117,-10.3173631
6.31235996,0.166696291,-0.302567235,-10.3981674
6.32231796,0.154276369,-0.263212545,-10.281899
6.33227496,0.173280345,-0.218321264,-9.92261914
6.34223296,0.239270528,-0.184503165,-9.5495726
6.35219096,0.291793327,-0.170437231,-9.22740284
6.36214796,0.319177009,-0.148889416,-9.08330182
6.37210596,0.280869782,-0.153528181,-9.10574746
6.38206296,0.208744457,-0.160561149,-9.33858358
6.39202096,0.134973119,-0.17612346,-9.73512323
6.40197896,0.025288755,-0.207996269,-10.1463274
6.41193596,-0.0489314964,-0.245106395,-10.4515881
6.42189396,-0.0909796631,-0.263811095,-10.577134
6.43185196,-0.13991116,-0.249745161,-10.4858551
6.44180896,-0.164751002,-0.186747729,-10.2962642
6.45176696,-0.161907887,-0.103249947,-10.1090676
6.46172396,-0.166845928,-0.0671872841,-9.95868181
6.47168196,-0.168940855,-0.0392050522,-9.90870285
6.48163996,-0.139312609,-0.0420481667,-9.93189667
6.49159696,-0.108786538,-0.0873883606,-9.89493619
6.50155496,-0.0574608398,-0.173130708,-9.85079309
6.51151196,0.00942716904,-0.23732524,-9.81278514
6.52146996,0.0692822105,-0.260967981,-9.81009166
6.53142796,0.0755669899,-0.245704945,-9.81637644
6.54138496,0.0080804306,-0.25662849,-9.82834745
6.55134296,-0.0124199211,-0.298377382,-9.89089597
6.56129996,-0.0234931038,-0.368258143,-9.97304702
6.57125796,-0.0730231506,-0.51146133,-9.99264954
6.58121596,-0.131232178,-0.723497814,-9.9399771
6.59117296,-0.118812257,-0.734122084,-9.91349125
6.60113096,-0.0330699104,-0.488866051,-9.91947675
6.61108896,-0.0329202728,-0.250792624,-9.94072529
6.62104596,-0.0347159241,-0.136469495,-9.98561657
6.63100396,-0.0745195267,-0.0915782135,-10.129119
6.64096096,-0.0366612129,0.0106242699,-10.1921165
6.65091896,0.0296282455,0.0620996056,-10.2685813
6.66087696,0.0487818588,0.00478840332,-10.268282
6.67083396,0.136469495,-0.0591068535,-10.1198415
6.68079196,0.213233585,-0.0820014069,-9.91543654
6.69074896,0.324414325,-0.0456394691,-9.68469535
6.70070696,0.404470443,0.0420481667,-9.46158569
6.71066496,0.412101961,0.086490535,-9.35160205
6.72062196,0.387860669,0.0603039543,-9.3756937
6.73057996,0.386962843,0.0671872841,-9.52757587
6.74053696,0.37155017,0.0104746323,-9.69142905
6.75049496,0.370053794,-0.109385088,-9.81368297
6.76045296,0.367659592,-0.229693722,-9.80769746
6.77040996,0.41524435,-0.259022692,-9.67347253
6.78036796,0.464325484,-0.228496621,-9.49166284
6.79032596,0.493504817,-0.190039757,-9.30461584
6.80028296,0.527622191,-0.185700266,-9.20420901
6.81024096,0.550516744,-0.140808985,-9.214534
6.82019796,0.564283404,-0.0929249519,-9.30506475
6.83015596,0.537498273,-0.105045598,-9.45530091
6.84011396,0.559644638,-0.144998838,-9.61212112
6.85007096,0.546925442,-0.124498486,-9.70070658
6.86002896,0.458938531,-0.081552494,-9.76280618
6.86998596,0.318578458,0.00508767853,-9.81293478
6.87994396,0.230292272,0.0438438179,-9.91498763
6.88990196,0.197671275,0.0112228203,-10.05026
6.89985896,0.156072021,-0.0794575676,-10.1265752
6.90981696,0.107290162,-0.11118074,-10.0978448
6.91977496,0.0516249733,-0.111928928,-9.97514194
6.92973196,0,-0.108337625,-9.81832173
6.93968996,-0.087238723,-0.132429279,-9.65177508
6.94964696,-0.168940855,-0.122553197,-9.54942296
6.95960496,-0.224007493,-0.152480718,-9.55959832
6.96956296,-0.273387902,-0.215777425,-9.719112
6.97951996,-0.317082082,-0.294337167,-9.96945571
6.98947796,-0.309450565,-0.345213952,-10.1517143
6.99943496,-0.234033212,-0.3971382,-10.2248871
7.00939296,-0.198419463,-0.375440748,-10.1668277
7.01935096,-0.1798644,-0.295534267,-10.0560959
7.02930796,-0.201112939,-0.318728096,-9.90840357
7.03926596,-0.16983868,-0.36406829,-9.80724855
7.04922396,-0.0674865593,-0.400729503,-9.73676924
7.05918096,0.0170586868,-0.386962843,-9.65521674
7.06913896,0.127491238,-0.391302334,-9.68110405
7.07909596,0.163553901,-0.42841246,-9.7390138
7.08905396,0.194379247,-0.457442155,-9.8054529
7.09901196,0.25169045,-0.53704936,-9.82325977
7.10896896,0.248099147,-0.589272884,-9.83493151
7.11892696,0.267552036,-0.586280132,-9.85782606
7.12888396,0.263062907,-0.563984129,-9.8814688
7.13884196,0.259321967,-0.519092847,-9.92231987
7.14879996,0.245106395,-0.468664975,-10.0215296
7.15875696,0.259621243,-0.378882413,-10.1357031
7.16871496,0.28476036,-0.32157121,-10.2766617
7.17867196,0.313041867,-0.283413622,-10.3505827
7.18862996,0.337732072,-0.298975932,-10.3758714
7.19858796,0.36466684,-0.291942965,-10.3267903
7.20854496,0.405667544,-0.276380654,-10.2195001
7.21850296,0.394295086,-0.276081379,-10.1354038
7.22846096,0.395492187,-0.255132114,-10.0631289
7.23841796,0.382922628,-0.2709937,-10.0165916
7.24837596,0.396390012,-0.405368269,-9.9093014
7.25833296,0.402375517,-0.671723203,-9.7227033
7.26829096,0.34281975,-0.900818375,-9.61346785
7.27824896,0.367061042,-1.08322661,-9.62124901
7.28820558,0.338629897,-1.11315413,-9.67661492
7.29816358,0.294486804,-1.00960491,-9.86007062
7.30812158,0.153378544,-0.741753602,-10.1428857
7.31807858,0.0673369217,-0.426467171,-10.4396171
7.32803658,0.0172083244,-0.210240833,-10.7748053
7.33799358,-0.00897825623,-0.109385088,-11.0568722
7.34795158,-0.0248398422,-0.069880761,-11.1688011
7.35790958,-0.10489596,-0.0965162544,-11.095778
7.36786658,-0.136918407,-0.200364751,-10.8023386
7.37782458,-0.07930793,-0.294486804,-10.2078284
7.38778158,-0.0181061501,-0.361674088,-9.51710124
7.39773958,-0.00733224258,-0.455796141,-8.88682765
7.40769758,-0.0236427414,-0.586729044,-8.48190829
7.41765458,0.0275333191,-0.704194563,-8.36100111
7.42761258,0.160261874,-0.873883606,-8.45587135
7.43757058,0.202758953,-0.996287166,-8.66850639
7.44752758,0.265606747,-1.16657476,-8.85420665
7.45748558,0.322917949,-1.30439099,-8.98917977
7.46744258,0.332644393,-1.40225398,-9.03407105
7.47740058,0.340425549,-1.39596921,-9.01820947
7.48735858,0.326209976,-1.31351889,-8.96972688
7.49731558,0.31349078,-1.10806646,-8.94189429
7.50727358,0.348206704,-0.882113674,-8.99411781
7.51723058,0.384419004,-0.662595309,-9.08270327
7.52718858,0.407014282,-0.486022937,-9.27992563
7.53714658,0.406565369,-0.352695832,-9.60389105
7.54710358,0.387561394,-0.217573076,-9.94745899
7.55706158,0.401926604,-0.156072021,-10.2524204
7.56701958,0.365564666,-0.258424142,-10.4960304
7.57697658,0.304362886,-0.355239671,-10.6497083
7.58693458,0.272789352,-0.3959411,-10.6182844
7.59689158,0.214281049,-0.488866051,-10.4753805
7.60684958,0.153079269,-0.597502952,-10.2205476
7.61680758,0.125994862,-0.639700756,-9.8790746
7.62676458,0.1086369,-0.661248571,-9.62184756
7.63672258,0.0924760391,-0.712274994,-9.43734439
7.64667958,0.0647930824,-0.727986942,-9.41115781
7.65663758,0.00418985291,-0.799812992,-9.47475379
7.66659558,-0.000448912811,-0.880617298,-9.58174468
7.67655258,0.0287304199,-0.898124898,-9.68484499
7.68651058,0.0275333191,-0.843207897,-9.76490111
7.69646858,-0.0133177467,-0.797269153,-9.78614965
7.70642558,-0.0450409187,-0.777666627,-9.78585037
7.71638358,-0.0471358452,-0.724545277,-9.76400328
7.72634058,-0.0917278511,-0.675164868,-9.82281086
7.73629858,-0.137068045,-0.656011255,-9.8917938
7.74625658,-0.181959326,-0.644638797,-9.88999815
7.75621358,-0.183306065,-0.625784459,-9.88700539
7.76617158,-0.186598092,-0.640000031,-9.86560722
7.77612958,-0.22355858,-0.619200404,-9.81757355
7.78608658,-0.254084651,-0.618601854,-9.79018986
7.79604458,-0.23852234,-0.661847121,-9.80769746
7.80600158,-0.232985749,-0.740406863,-9.76475147
7.81595958,-0.193481422,-0.76808982,-9.72090765
7.82591758,-0.156969846,-0.764049605,-9.71507179
7.83587458,-0.129735802,-0.767341632,-9.69472107
7.84583258,-0.114173492,-0.73501991,-9.74754315
7.85578958,-0.105045598,-0.741454327,-9.80096377
7.86574758,-0.0825999573,-0.784549957,-9.8265518
7.87570558,-0.0606032295,-0.805648859,-9.88715503
7.88566258,-0.0963666168,-0.784998869,-9.92785646
7.89562058,-0.15861586,-0.780509741,-9.91109705
7.90557858,-0.257376678,-0.799064804,-9.88101989
7.91553558,-0.336834246,-0.805798496,-9.83283658
7.92549358,-0.390254871,-0.803553932,-9.76355437
7.93545058,-0.446219334,-0.748636932,-9.68275006
7.94540858,-0.531812044,-0.693420656,-9.66120225
7.95536658,-0.613813451,-0.646883361,-9.70654244
7.96532358,-0.697909784,-0.61635729,-9.76699604
7.97528158,-0.723048901,-0.604685557,-9.77387936
7.98523958,-0.758812289,-0.596904401,-9.78345617
7.99519658,-0.801907919,-0.638354018,-9.75801778
8.00515458,-0.89109193,-0.683394936,-9.67841057
8.01511158,-0.959326678,-0.702698187,-9.59087258
8.02506958,-1.01992991,-0.71062898,-9.46397989
8.03502758,-1.09355161,-0.71436992,-9.28965208
8.04498458,-1.14442839,-0.707187315,-9.16410613
8.05494258,-1.18004214,-0.698209059,-9.14240868
8.06489958,-1.20802438,-0.657208356,-9.17278511
8.07485758,-1.22702835,-0.619200404,-9.25718072
8.08481558,-1.2427403,-0.591517448,-9.44737011
8.09477258,-1.28209499,-0.557699349,-9.66210007
8.10473058,-1.28478847,-0.487519313,-9.89762966
8.11468858,-1.26114572,-0.409558121,-10.1303161
8.12464558,-1.2113164,-0.271592251,-10.3023994
8.13460358,-1.14772042,-0.182408239,-10.4104377
8.14456058,-1.06721539,-0.0950198784,-10.4601174
8.15451858,-0.992246951,-0.0368108505,-10.4658036
8.16447658,-0.94107089,-0.0489314964,-10.4550297
8.17443358,-0.911891557,-0.0992097313,-10.4674497
8.18439158,-0.927603506,-0.230890823,-10.4794207
8.19434858,-0.879569835,-0.348954892,-10.3876928
8.20430658,-0.803254657,-0.417638552,-10.2200987
8.21426458,-0.734720634,-0.493055904,-10.0299093
8.22422158,-0.665588062,-0.561889202,-9.79991631
8.23417958,-0.59136781,-0.618452216,-9.63965443
8.24413758,-0.497993945,-0.614412001,-9.57635773
8.25409458,-0.452204839,-0.59136781,-9.58713164
8.26405258,-0.445770422,-0.597054039,-9.67526818
8.27400958,-0.410755222,-0.570418546,-9.82116485
8.28396813,-0.350151993,-0.543483777,-9.92246951
8.29392613,-0.274884278,-0.50517655,-10.0128506
8.30388313,-0.225354231,-0.470011713,-10.137798
8.31384113,-0.202010765,-0.375440748,-10.2245878
8.32379813,-0.196773449,-0.297629194,-10.3196077
8.33375613,-0.188393743,-0.28790275,-10.3202063
8.34371413,-0.154426007,-0.28101942,-10.2311719
8.35367113,-0.0860416222,-0.303016148,-10.1285205
8.36362913,-0.0407014282,-0.327706352,-9.95194811
8.37358713,0.0435445427,-0.309151289,-9.80590181
8.38354413,0.147841953,-0.251091899,-9.71133085
8.39350213,0.215178874,-0.261716169,-9.67377181
8.40345913,0.249445885,-0.376937124,-9.7143236
8.41341713,0.272340439,-0.476745406,-9.71447324
8.42337513,0.33907881,-0.502782349,-9.69546926
8.43333213,0.40402153,-0.448463898,-9.741408
8.44329013,0.453401939,-0.296731368,-9.79782138
8.45324813,0.489165327,-0.0532709869,-9.93937855
8.46320513,0.54393269,0.141856448,-10.1276227
8.47316313,0.595557663,0.292541515,-10.2899795
8.48312013,0.643740971,0.417937827,-10.4523363
8.49307813,0.650773939,0.448763174,-10.523863
8.50303613,0.670975015,0.326958164,-10.4069961
8.51299313,0.742950703,0.107888712,-10.1078705
8.52295113,0.889745192,-0.0282815071,-9.66030442
8.53290813,1.00376905,-0.0725742378,-9.18116482
8.54286613,1.03085345,-0.194977798,-8.77953749
8.55282413,1.03653968,-0.339527723,-8.61912598
8.56278113,1.04761286,-0.454299765,-8.66910494
8.57273913,1.05000707,-0.493504817,-8.86812295
8.58269713,0.98416652,-0.501884523,-9.18131445
8.59265413,0.910844094,-0.445620784,-9.499444
8.60261213,0.869993028,-0.375740023,-9.72434932
8.61256913,0.8292916,-0.387561394,-9.80560254
8.62252713,0.765246706,-0.404171168,-9.81293478
8.63248513,0.735169547,-0.400430228,-9.75876597
8.64244213,0.694019206,-0.33533787,-9.68963339
8.65240012,0.606780483,-0.189441206,-9.74200656
8.66235713,0.473902291,-0.0471358452,-9.9375829
8.67231513,0.398634576,0.0567126518,-10.2024415
8.68227313,0.374991835,0.102501759,-10.4746323
8.69223013,0.421678767,0.0760159027,-10.6905593
8.70218813,0.434098689,-0.0534206245,-10.8553103
8.71214613,0.469862076,-0.265157834,-10.8960118
8.72210313,0.591068535,-0.494851556,-10.7930611
8.73206113,0.755370624,-0.756118812,-10.4442558
8.74201813,0.923114378,-1.00167412,-10.0029745
8.75197613,1.03294838,-1.1540052,-9.5253313
8.76193413,1.1364976,-1.0954969,-9.14076266
8.77189113,1.14382984,-0.952742623,-8.96882906
8.78184913,0.988954923,-0.871040491,-9.04948372
8.79180713,0.858171658,-0.757914463,-9.41863969
8.80176413,0.779761553,-0.638354018,-9.85423476
8.81172213,0.711676443,-0.57011927,-10.2516722
8.82167913,0.603488456,-0.558597175,-10.57055
8.83163713,0.487968226,-0.580593903,-10.7278191
8.84159513,0.429759198,-0.59136781,-10.6696101
8.85155213,0.413598337,-0.611419249,-10.3582142
8.86151013,0.422875868,-0.681599285,-9.90122097
8.87146712,0.440383468,-0.763451054,-9.40083282
8.88142513,0.438887092,-0.864456437,-8.99142433
8.89138313,0.456993242,-0.914285759,-8.81664761
8.90134013,0.543783052,-0.941819078,-8.77115778
8.91129813,0.632518151,-0.978480291,-8.76262844
8.92125613,0.690577541,-1.06691611,-8.83355666
8.93121313,0.725892016,-1.15804542,-9.01431889
8.94117113,0.732027158,-1.17345809,-9.22755247
8.95112813,0.730081869,-1.13440267,-9.51949544
8.96108613,0.701650724,-1.11764326,-9.74784242
8.97104413,0.704793114,-1.03354693,-9.84091701
8.98100113,0.720953975,-0.984465795,-9.92995139
8.99095913,0.718260498,-0.964713631,-9.9690068
9.00091713,0.701201811,-0.933289735,-9.99668976
9.01087413,0.665139149,-0.897077435,-9.98486839
9.02083213,0.668131901,-0.943764367,-9.93788218
9.03078913,0.715118108,-1.06841249,-9.86770214
9.04074713,0.779013365,-1.12751934,-9.75203227
9.05070513,0.785298145,-1.0942998,-9.7179149
9.06066213,0.701800362,-1.09040922,-9.76116017
9.07062013,0.650773939,-1.13215811,-9.80126305
9.08057813,0.617704028,-1.14353057,-9.83852281
9.09053513,0.577601151,-1.17001642,-9.82984383
9.10049313,0.590170709,-1.11090957,-9.91034886
9.11045013,0.545728341,-1.00287122,-10.0388876
9.12040813,0.547224717,-0.861613322,-10.1641342
9.13036613,0.560392826,-0.711676443,-10.3052425
9.14032313,0.571316371,-0.587177957,-10.422708
9.15028113,0.629076486,-0.47898997,-10.5177279
9.16023913,0.67755907,-0.383820454,-10.5956891
9.17019613,0.687884064,-0.339378085,-10.5886561
9.18015413,0.721103613,-0.404470443,-10.5820721
9.19011113,0.795174226,-0.517446834,-10.4731359
9.20006913,0.834678554,-0.651073214,-10.2186023
9.21002713,0.865803175,-0.853682529,-9.83867245
9.21998413,0.83991587,-1.05988315,-9.5670802
9.22994212,0.769137283,-1.09160632,-9.48747299
9.23989913,0.675763419,-0.924910029,-9.56917512
9.24985713,0.498143583,-0.690577541,-9.8428623
9.25981513,0.337283159,-0.448912811,-10.1131078
9.26977213,0.280420869,-0.243011469,-10.3676414
9.27973013,0.347308878,-0.0930745895,-10.5724953
9.28968846,0.341024099,0.00598550415,-10.6610807
9.29964546,0.264409646,0.0401028778,-10.7309615
9.30960346,0.204554604,0.0583586655,-10.6634749
9.31956046,0.182857152,0.0897825623,-10.4653547
9.32951846,0.131082541,0.124498486,-10.1662292
9.33947646,0.118363345,0.216226337,-9.83717607
9.34943346,0.205602068,0.389506683,-9.53311246
9.35939146,0.287004924,0.489464602,-9.30267055
9.36934946,0.341921925,0.573560935,-9.27394013
9.37930646,0.272190801,0.427065721,-9.44138461
9.38926446,0.0860416222,0.0740706139,-9.72853917
9.39922146,-0.0182557877,-0.300621946,-9.8826659
9.40917946,-0.0977133553,-0.569221445,-9.80006595
9.41913746,-0.199317288,-0.765246706,-9.61376713
9.42909446,-0.186598092,-0.801758281,-9.27693288
9.43905246,-0.122253922,-0.734720634,-9.00578954
9.44901046,-0.154126732,-0.671573566,-8.8265237
9.45896746,-0.203656779,-0.59076926,-8.84672477
9.46892546,-0.196324536,-0.473004465,-9.04903481
9.47888246,-0.147841953,-0.345064314,-9.36312414
9.48884046,-0.0616506927,-0.246602771,-9.76819314
9.49879846,-0.0254383926,-0.101005383,-10.1984012
9.50875546,-0.0362123001,-0.0203507141,-10.5256587
9.51871346,-0.00149637604,-0.00673369217,-10.7565495
9.52867146,0.00418985291,-0.0365115753,-10.9380599
9.53862846,0.00583586655,-0.0971148048,-10.9717284
9.54858646,0.0327706352,-0.198120187,-10.8840407
9.55854346,0.073621701,-0.319177009,-10.5895539
9.56850146,0.134224931,-0.408061745,-10.0941038
9.57845946,0.193780697,-0.542885226,-9.54343745
9.58841646,0.230890823,-0.69566522,-9.05487068
9.59837446,0.210540108,-0.870441941,-8.70187557
9.60833246,0.21293431,-0.955286462,-8.52231045
9.61828946,0.206799168,-0.970998411,-8.47951409
9.62824746,0.122553197,-1.00062666,-8.60176801
9.63820446,0.0320224472,-1.07290162,-8.78627118
9.64816246,0.0438438179,-1.12033674,-9.00100114
9.65812046,0.101454295,-1.10612117,-9.19912133
9.66807746,0.115819505,-1.13470195,-9.42282955
9.67803546,0.117914432,-1.11120885,-9.61571242
9.68799246,0.0890343742,-1.04132808,-9.69906056
9.69795046,0.0797568428,-0.932840822,-9.80410616
9.70790846,0.016609774,-0.852485429,-9.88401264
9.71786546,-0.0525227989,-0.781108292,-9.95868181
9.72782346,-0.0908300255,-0.710180067,-10.04203
9.73778146,-0.124947399,-0.621744244,-10.1472252
9.74773846,-0.14799159,-0.537348635,-10.2337157
9.75769646,-0.190189394,-0.448164623,-10.2010947
9.76765346,-0.171783969,-0.51205988,-10.1172977
9.77761146,-0.130932903,-0.657208356,-9.98397056
9.78756946,-0.167743754,-0.812981101,-9.85273838
9.79752646,-0.228346983,-0.90545714,-9.73811598
9.80748446,-0.239719441,-0.944961468,-9.68768811
9.81744246,-0.227598795,-1.02801034,-9.66105261
9.82739946,-0.130184715,-1.13140992,-9.65297218
9.83735746,-0.0365115753,-1.10417588,-9.84615433
9.84731446,-0.0523731613,-1.064073,-10.2590045
9.85727246,-0.0846948837,-1.09953711,-10.7933604
9.86723046,-0.0142155724,-1.19291098,-11.1192711
9.87718746,0.100855745,-1.15370592,-11.0526823
9.88714546,0.1448492,-0.905606778,-10.7960538
9.89710346,0.113126028,-0.626233372,-10.4508399
9.90706046,0.0589572159,-0.527173278,-10.0728553
9.91701846,0.0471358452,-0.716764122,-9.77073698
9.92697546,0.131381816,-0.814178202,-9.65925696
9.93693346,0.150236154,-0.615908377,-9.95793362
9.94689146,-0.0077811554,-0.478840332,-10.5220674
9.95684846,-0.0293289703,-0.522384875,-10.920253
9.96680646,0.217722713,-0.504877275,-11.1022124
9.97676446,0.462829108,-0.222361479,-11.1813707
9.98672146,0.51520227,0.225803144,-11.2331453
9.99667946,0.470759901,0.586729044,-11.3018289
10.0066365,0.469263525,0.78559742,-11.3966992
10.0165945,0.431105936,0.845302824,-11.4739122
10.0265525,0.452653751,0.847697025,-11.3398369
10.0365095,0.451007738,0.731129332,-10.8924205
10.0464675,0.372447996,0.546775804,-10.2192009
10.0564255,0.355389309,0.378583138,-9.53864905
10.0663825,0.399083489,0.278325943,-8.9224414
10.0763405,0.376188936,0.21293431,-8.39661486
10.0862975,0.367061042,0.158915135,-8.11245305
10.0962555,0.287603474,0.0242412918,-8.10571936
10.1062135,0.213981773,-0.134224931,-8.25176566
10.1161705,0.182258601,-0.292092603,-8.59204157
10.1261285,0.127640876,-0.444722958,-8.86453165
10.1360865,0.0849941589,-0.592265636,-8.9586537
10.1460435,0.149787241,-0.711526806,-8.87455737
10.1560015,0.280121594,-0.693121381,-8.78417625
10.1659585,0.394444724,-0.554257684,-8.78043531
10.1759165,0.481533809,-0.293888254,-8.90957257
10.1858745,0.428262822,0.0234931038,-9.13776991
10.1958315,0.460135632,0.188094468,-9.43240635
10.2057895,0.405667544,0.15861586,-9.86126773
10.2157475,0.291494052,0.10429741,-10.2329675
10.2257045,0.231938286,-0.0104746323,-10.4581721
10.2356625,0.193481422,-0.180612588,-10.4876507
10.2456195,0.196474174,-0.36032735,-10.2958153
10.2555775,0.210839384,-0.437689991,-9.93533834
10.2655355,0.247949509,-0.404769718,-9.60254431
10.2754925,0.25662849,-0.336086058,-9.31524011
10.2854503,0.268749136,-0.318129546,-9.12609818
10.2954083,0.278475581,-0.313191505,-9.08150617
10.3053653,0.214281049,-0.370053794,-9.2284503
10.3153233,0.105494511,-0.478690694,-9.48163712
10.3252803,0.0296282455,-0.593612374,-9.65057798
10.3352383,0.00448912811,-0.673219579,-9.68110405
10.3451963,-0.0407014282,-0.68130001,-9.52428384
10.3551533,-0.078559742,-0.683544574,-9.29623613
10.3651113,-0.0989104561,-0.706738403,-9.16290903
10.3750693,-0.120308633,-0.728286217,-9.1047
10.3850263,-0.0978629929,-0.627430473,-9.15782135
10.3949843,-0.0960673416,-0.547075079,-9.31015243
10.4049413,-0.0656909081,-0.505326188,-9.45709656
10.4148993,-0.00688332977,-0.539742837,-9.63486603
10.4248573,0.0200514389,-0.597203677,-9.8301431
10.4348143,0.00463876572,-0.659153645,-10.0011789
10.4447723,0.0209492645,-0.689829353,-10.1093669
10.4547303,0.0818517693,-0.675913056,-10.0305079
10.4646873,0.138564421,-0.635959816,-9.91842929
10.4746453,0.214879599,-0.545728341,-9.77372973
10.4846023,0.244058932,-0.424072969,-9.73467431
10.4945603,0.215478149,-0.394444724,-9.87847605
10.5045183,0.168342304,-0.418686015,-10.1223853
10.5144753,0.186448454,-0.363619377,-10.3550718
10.5244333,0.19168577,-0.321870486,-10.544513
10.5343913,0.148889416,-0.307056363,-10.5864116
10.5443483,0.132279642,-0.322319398,-10.5509474
10.5543063,0.145148476,-0.435744702,-10.4301899
10.5642633,0.155772746,-0.659602557,-10.1339074
10.5742213,0.261416894,-0.754323161,-9.87772786
10.5841793,0.355987859,-0.553958409,-9.82999347
10.5941363,0.296731368,-0.302118322,-9.83957027
10.6040943,0.20919337,-0.226252057,-9.87832641
10.6140523,0.251091899,-0.195725986,-9.93429088
10.6240093,0.336534971,-0.00643441696,-10.165481
10.6339673,0.319326646,0.264708921,-10.4040033
10.6439243,0.218919814,0.381875165,-10.5229652
10.6538823,0.12300211,0.36466684,-10.5304471
10.6638403,0.118064069,0.366013579,-10.4628109
10.6737973,0.214580324,0.478391419,-10.3528273
10.6837553,0.190189394,0.607229396,-10.2881838
10.6937133,0.0833481453,0.626532647,-10.2726215
10.7036703,0.0225952782,0.551713845,-10.3113776
10.7136283,-0.0243909294,0.465522585,-10.3088338
10.7235853,-0.0623988808,0.234931038,-10.1303161
10.7335433,-0.0740706139,-0.0731727882,-9.79662428
10.7435013,-0.0227449158,-0.29224224,-9.38093102
10.7534583,0.022296003,-0.389955595,-8.97690949
10.7634163,0.0716764122,-0.392050522,-8.610447
10.7733743,0.0962169792,-0.327107802,-8.30398918
10.7833313,0.00119710083,-0.238971253,-8.22752437
10.7932893,-0.0893336494,-0.114023854,-8.46724381
10.8032473,-0.213832136,0.0984615433,-9.03930837
10.8132043,-0.432602312,0.322169761,-9.86710359
10.8231623,-0.468216062,0.455047953,-10.5739916
10.8331193,-0.374243647,0.518494297,-10.9937251
10.8430773,-0.205153155,0.571316371,-11.1445598
10.8530353,-0.0568622894,0.699106885,-11.1292968
10.8629923,0.00478840332,0.787542709,-11.0347258
10.8729503,0.0273836815,0.802356831,-10.9531733
10.8829083,0.0191536133,0.666635525,-10.7661263
10.8928653,0.0984615433,0.413598337,-10.4690957
10.9028233,0.228047708,0.233434662,-10.0658223
10.9127803,0.297928469,0.0653916328,-9.64863269
10.9227383,0.375590385,-0.0764648155,-9.34621509
10.9326963,0.436193615,-0.173429983,-9.05591814
10.9426533,0.462829108,-0.236726689,-8.83505304
10.9526113,0.463577296,-0.346111777,-8.7588875
10.9625693,0.390703783,-0.447416435,-8.87455737
10.9725263,0.298826295,-0.537198997,-9.04514423
10.9824843,0.198120187,-0.595707301,-9.19388401
10.9924413,0.167743754,-0.604087006,-9.31000279
11.0023993,0.171484694,-0.625185909,-9.34920785
11.0123573,0.137816233,-0.529866755,-9.38676688
11.0223143,0.116717331,-0.430058473,-9.43869113
11.0322723,0.101005383,-0.388758495,-9.59162076
11.0422303,0.0993593689,-0.358830974,-9.82565398
11.0521873,0.123301385,-0.276081379,-10.0293108
11.0621453,0.112677116,-0.152929631,-10.2667856
11.0721023,0.0888847366,-0.106093061,-10.3844008
11.0820603,0.0445920059,-0.146046301,-10.3411555
11.0920183,0.0353144745,-0.259022692,-10.1686234
11.1019753,0.0523731613,-0.324264687,-9.97155064
11.1119333,0.063446344,-0.221463654,-9.88221699
11.1218913,-0.0224456406,-0.0869394478,-10.119243
11.1318483,-0.033219548,-0.0585083031,-10.5065051
11.1418063,0.0336684608,-0.0691325729,-10.803835
11.1517633,0.0846948837,-0.0598550415,-10.8837415
11.1617213,0.0932242271,-0.0492307716,-10.736947
11.1716793,0.0206499893,-0.0924760391,-10.4780739
11.1816363,-0.00553659134,-0.119859721,-10.1642839
11.1915943,0.00344166489,-0.121954647,-9.86785178
11.2015523,0.0336684608,-0.121056821,-9.63711059
11.2115093,0.0797568428,-0.202609315,-9.33753611
11.2214673,0.09741408,-0.4870704,-9.12789383
11.2314243,0.157418759,-0.929099882,-8.852411
11.2413823,0.36721068,-1.20263742,-8.78163241
11.2513403,0.426467171,-1.35511814,-8.62376474
11.2612973,0.503530537,-0.953490811,-8.8161987
11.2712553,0.25288755,-0.420481667,-9.45619873
11.2812133,0.0480336708,0.0357633873,-10.2721726
11.2911702,-0.0481833084,0.50772039,-11.0167693
11.3011282,0.00987608185,0.866252088,-11.4996498
11.3110852,0.104147772,0.912789383,-11.7175222
11.3210432,0.282366158,0.696712683,-11.6539262
11.3310012,0.440533105,0.465372948,-11.2234188
11.3409582,0.52702364,0.354491483,-10.5810246
11.3509162,0.607079758,0.30660745,-9.9315974
11.3608742,0.76120649,0.369305606,-9.37719008
11.3708312,0.968903484,0.406864645,-9.03691417
11.3807892,1.05838677,0.448463898,-8.96314283
11.3907472,1.0031705,0.378732775,-9.10859058
11.4007042,0.89049338,0.184503165,-9.34052886
11.4106622,0.744746354,-0.0275333191,-9.53011971
11.4206192,0.523581976,-0.221912566,-9.51470704
11.4305772,0.268449861,-0.371400533,-9.23772783
11.4405352,0.0909796631,-0.512359155,-8.95910261
11.4504922,-0.007930793,-0.543483777,-8.77295343
11.4604502,-0.0790086548,-0.530315668,-8.80946501
11.4704082,-0.110432552,-0.506224014,-9.0521772
11.4803652,-0.0725742378,-0.463726934,-9.36581762
11.4903232,-0.06494272,-0.386065018,-9.66030442
11.5002802,-0.0933738647,-0.356287135,-9.96212347
11.5102382,-0.0652419952,-0.38277299,-10.18239
11.5201962,0.0727238754,-0.37469256,-10.2564606
11.5301532,0.257077403,-0.32157121,-10.2385041
11.5401112,0.403572617,-0.282066883,-10.2048357
11.5500692,0.485873299,-0.217573076,-10.2192009
11.5600262,0.564881954,-0.0779611916,-10.3350204
11.5699842,0.640598582,0.0179565125,-10.5103957
11.5799412,0.642843146,0.046088382,-10.6767927
11.5898992,0.526724365,-0.0311246216,-10.7724111
11.5998572,0.39968204,-0.0833481453,-10.7858785
11.6098142,0.330100554,-0.096665892,-10.5605242
11.6197722,0.316782807,-0.137068045,-10.0249713
11.6297302,0.337732072,-0.269198049,-9.44407809
11.6396872,0.398185664,-0.391451971,-9.00384426
11.6496452,0.451905563,-0.435445427,-8.78492444
11.6596022,0.448613536,-0.485574024,-8.79001212
11.6695602,0.364966116,-0.541688126,-8.9212443
11.6795182,0.301819047,-0.559046088,-9.24012203
11.6894752,0.264559283,-0.521487049,-9.69187796
11.6994332,0.118812257,-0.49021279,-10.1199911
11.7093912,0.0335188232,-0.445620784,-10.3972696
11.7193482,0.0469862076,-0.329950916,-10.5160819
11.7293062,0.110881464,-0.190638307,-10.3879921
11.7392632,0.223408942,-0.0589572159,-10.1318125
11.7492212,0.344166489,0.0175075996,-9.89329017
11.7591792,0.45400049,0.0981622681,-9.71357541
11.7691362,0.460584544,0.157418759,-9.61391677
11.7790942,0.445471146,0.100406832,-9.68664064
11.7890522,0.488716414,-0.00912789383,-9.76759459
11.7990092,0.526574728,-0.11866262,-9.79901848
11.8089672,0.50083706,-0.248697697,-9.82460651
11.8189252,0.413598337,-0.429310285,-9.79288334
11.8288822,0.381276614,-0.592265636,-9.68110405
11.8388402,0.467318237,-0.733523534,-9.58129577
11.8487972,0.545728341,-0.79682024,-9.49749871
11.8587552,0.584933393,-0.756118812,-9.54059434
11.8687132,0.5232827,-0.716315209,-9.68993267
11.8786702,0.416142176,-0.715417384,-9.82879637
11.8886282,0.355090034,-0.769586196,-9.94715971
11.8985862,0.336834246,-0.783951406,-10.0867716
11.9085432,0.318279183,-0.703895288,-10.3101805
11.9185012,0.281917245,-0.498293221,-10.429741
11.9284582,0.233135387,-0.315136794,-10.465654
11.9384162,0.20231004,-0.194379247,-10.4391682
11.9483742,0.169389767,-0.0902314751,-10.4075946
11.9583312,0.174327808,-0.0207996269,-10.3722801
11.9682892,0.187645555,-0.0418985291,-10.2777092
11.9782472,0.16609774,-0.167743754,-10.1380973
11.9882042,0.146495214,-0.307804551,-9.93713399
11.9981622,0.209492645,-0.320074834,-9.78121161
12.0081192,0.213083948,-0.285957461,-9.72240403
12.0180772,0.152331081,-0.30660745,-9.68304934
12.0280352,0.0818517693,-0.371250895,-9.66045406
12.0379922,-0.0200514389,-0.45459904,-9.62259575
12.0479502,-0.0421978043,-0.486172575,-9.54523311
12.0579082,-0.017357962,-0.405068993,-9.48612625
12.0678652,-0.0481833084,-0.380528426,-9.42402665
12.0778232,-0.0757166275,-0.440982018,-9.38108065
12.0877802,-0.040402153,-0.495001193,-9.37943464
12.0977382,0.022296003,-0.518045384,-9.31733504
12.1076962,0.0450409187,-0.545578703,-9.24161841
12.1176532,0.0761655403,-0.515501545,-9.26047275
12.1276112,0.109235451,-0.411204135,-9.36791255
12.1375692,0.156520934,-0.326359614,-9.49256067
12.1475262,0.207996269,-0.25917233,-9.62469067
12.1574842,0.267851311,-0.272639714,-9.74470003
12.1674422,0.294037891,-0.32411505,-9.82625253
12.1773992,0.318877734,-0.370652345,-9.88281554
12.1873572,0.306906725,-0.388159944,-9.87054526
12.1973142,0.275482829,-0.4146458,-9.7927337
12.2072722,0.291045139,-0.499789597,-9.5567552
12.2172302,0.394444724,-0.564433041,-9.23338834
12.2271872,0.511311692,-0.597652589,-9.00938085
12.2371452,0.476895043,-0.617704028,-9.03511852
12.2471032,0.46208092,-0.746392368,-9.2984807
12.2570602,0.463278021,-0.832284352,-9.66943232
12.2670182,0.415693263,-0.856824919,-10.0221281
12.2769752,0.30346506,-0.833331815,-10.2328179
12.2869337,0.204404967,-0.816871679,-10.2721726
12.2968917,0.215178874,-0.790535461,-10.1313636
12.3068487,0.243909294,-0.79682024,-9.90795466
12.3168067,0.213682498,-0.809988349,-9.72584569
12.3267647,0.179714762,-0.77497315,-9.60239467
12.3367217,0.205003517,-0.74310034,-9.65461819
12.3466797,0.215178874,-0.760757578,-9.86530794
12.3566367,0.20485388,-0.777965902,-10.1306154
12.3665947,0.209642283,-0.747888744,-10.3419037
12.3765527,0.280570507,-0.678007983,-10.4442558
12.3865097,0.262165082,-0.696712683,-10.4946837
12.3964677,0.198718738,-0.752228234,-10.5376297
12.4064257,0.211587572,-0.747439831,-10.4741834
12.4163827,0.233584299,-0.775122787,-10.2232411
12.4263407,0.224306768,-0.76120649,-9.97723687
12.4362977,0.251091899,-0.754323161,-9.73347721
12.4462557,0.277577755,-0.744895992,-9.58069722
12.4562137,0.374393285,-0.710778618,-9.53146645
12.4661707,0.427664272,-0.674865593,-9.55181716
12.4761287,0.480785621,-0.727238754,-9.68664064
12.4860867,0.439934555,-0.73876085,-9.84241339
12.4960437,0.370053794,-0.70688804,-9.96122564
12.5060017,0.260818343,-0.675015231,-9.98786114
12.5159597,0.273238264,-0.446967522,-9.91663364
12.5259167,0.196923087,-0.369305606,-9.85004491
12.5358747,0.160860424,-0.443825133,-9.59715735
12.5458317,0.206350256,-0.454299765,-9.33334626
12.5557897,0.254683202,-0.461183095,-9.17398221
12.5657477,0.215627787,-0.448014986,-9.1874496
12.5757047,0.15173253,-0.343418301,-9.31972924
12.5856627,0.0592564911,-0.116268418,-9.55062006
12.5956207,-0.0341173737,0.0972644424,-9.80201123
12.6055777,-0.105045598,0.281468333,-10.1102647
12.6155357,-0.15487492,0.435595065,-10.3680903
12.6254927,-0.209941558,0.52268415,-10.4876507
12.6354507,-0.305709624,0.506523289,-10.4647562
12.6454087,-0.38531683,0.450109912,-10.2531686
12.6553657,-0.38591538,0.450409187,-9.97693759
12.6653237,-0.394444724,0.472555553,-9.65910732
12.6752817,-0.39279871,0.482880547,-9.3884129
12.6852387,-0.467467874,0.389506683,-9.25358942
12.6951967,-0.521935962,0.2697966,-9.25762963
12.7051547,-0.514902995,0.186448454,-9.28381621
12.7151117,-0.499490321,0.0875379982,-9.32526583
12.7250697,-0.485574024,-0.0673369217,-9.37554406
12.7350267,-0.436642528,-0.19482816,-9.42686976
12.7449847,-0.383521178,-0.243610019,-9.48448024
12.7549427,-0.322768311,-0.248697697,-9.56064578
12.7648997,-0.234931038,-0.203806416,-9.56857657
12.7748577,-0.130035078,-0.14050971,-9.52383493
12.7848157,0.0127191963,-0.069880761,-9.53415992
12.7947727,0.117016606,0.04683657,-9.6020954
12.8047307,0.157269122,0.108936176,-9.76220763
12.8146877,0.273238264,0.112826753,-9.95733507
12.8246457,0.355838222,0.106990887,-10.1879266
12.8346037,0.374243647,0.0600046791,-10.3820066
12.8445607,0.350002355,0.0501285973,-10.580875
12.8545187,0.280570507,0.0327706352,-10.7596919
12.8644767,0.24226328,-0.0282815071,-10.8030868
12.8744337,0.20545243,-0.0746691643,-10.7543049
12.8843917,0.181211138,-0.148440503,-10.5973351
12.8943487,0.0784101044,-0.254533564,-10.2866874
12.9043067,0.0622492432,-0.305260712,-9.96227311
12.9142647,0.0510264229,-0.359429524,-9.69965911
12.9242217,0.00673369217,-0.459387444,-9.48941828
12.9341797,-0.0386065018,-0.500088872,-9.38063174
12.9441377,-0.0948702408,-0.494701918,-9.38003319
12.9540947,-0.11237784,-0.501136335,-9.47415524
12.9640527,-0.0734720634,-0.531662406,-9.57246715
12.9740107,-0.0673369217,-0.593313099,-9.66524246
12.9839677,-0.0623988808,-0.654664516,-9.7577185
12.9939257,-0.0275333191,-0.566677605,-9.86171664
13.0038827,-0.0703296738,-0.33907881,-10.0233253
13.0138407,-0.128688339,-0.247799872,-10.1527618
13.0237987,-0.107589437,-0.246602771,-10.173711
13.0337557,-0.0345662865,-0.191985046,-10.2211462
13.0437137,0.0906803879,-0.116567693,-10.206332
13.0536717,0.24914661,-0.00299275208,-10.1710176
13.0636287,0.421828405,0.0451905563,-10.0756984
13.0735867,0.521038136,0.0670376465,-9.99399628
13.0835437,0.639251843,0.128987614,-9.98367129
13.0935017,0.688033702,0.148440503,-10.026318
13.1034597,0.687285514,0.125994862,-10.0022263
13.1134167,0.740556501,0.025288755,-9.85722751
13.1233747,0.79996263,-0.0667383713,-9.61735843
13.1333327,0.83991587,-0.0828992325,-9.35010567
13.1432897,0.900369462,-0.0692822105,-9.11996304
13.1532477,0.896927797,-0.0300771584,-8.99082578
13.1632047,0.898424173,0.0212485397,-9.06040727
13.1731627,0.875230344,0.0134673843,-9.28306802
13.1831207,0.836923118,-0.087986911,-9.59670844
13.1930777,0.800710818,-0.186149179,-9.86695395
13.2030357,0.807594147,-0.246602771,-10.0507089
13.2129937,0.947654945,-0.258274504,-10.1686234
13.2229507,1.03175128,-0.187645555,-10.1835871
13.2329087,1.01948099,-0.0297778831,-10.2169563
13.2428667,1.01110129,0.0817021317,-10.2850414
13.2528237,1.10342769,0.134973119,-10.2985088
13.2627817,1.13844289,0.154276369,-10.2199491
13.2727387,1.18243634,0.199616563,-10.0791401
13.2826967,1.18153852,0.219668002,-9.85094273
13.2926546,1.20952075,0.172831432,-9.61810662
13.3026116,1.29690911,0.111480015,-9.47999111
13.3125696,1.33371996,-0.0329202728,-9.34082814
13.3225276,1.41317753,-0.18360534,-9.24820246
13.3324846,1.46285721,-0.329053091,-9.22141733
13.3424426,1.45328041,-0.429759198,-9.30491511
13.3523996,1.42649528,-0.478840332,-9.43001215
13.3623576,1.39985978,-0.466869324,-9.67047978
13.3723156,1.34449387,-0.386513931,-9.8778775
13.3822726,1.283741,-0.29912557,-10.0412818
13.3922306,1.26009826,-0.31408933,-10.1635357
13.4021886,1.27326637,-0.382623353,-10.1759556
13.4121456,1.35107792,-0.468066425,-10.0722567
13.4221036,1.38444711,-0.528968929,-9.86022026
13.4320606,1.36963299,-0.59884969,-9.69068086
13.4420186,1.37217683,-0.633415977,-9.5380505
13.4519766,1.37157828,-0.630872137,-9.47191068
13.4619336,1.26129536,-0.614412001,-9.52473275
13.4718916,1.12722007,-0.571765284,-9.7342254
13.4818496,1.02337157,-0.5407903,-10.0264676
13.4918066,0.970100585,-0.60633157,-10.2810012
13.5017646,0.899022723,-0.726041653,-10.3869446
13.5117226,0.862960061,-0.850839415,-10.3326262
13.5216796,0.864157162,-0.924012203,-10.1398929
13.5316376,0.892588306,-0.940771615,-9.8464536
13.5415946,0.950797334,-0.903362214,-9.62244611
13.5515526,0.938676688,-0.914435397,-9.46592518
13.5615106,0.846200649,-1.02696287,-9.4958527
13.5714676,0.732176795,-1.12168348,-9.58009867
13.5814256,0.675913056,-1.1667244,-9.63366893
13.5913836,0.649876113,-1.19410808,-9.58787982
13.6013406,0.622941344,-1.20323597,-9.49600233
13.6112986,0.62383917,-1.12602297,-9.43749403
13.6212556,0.635959816,-1.09025958,-9.42372737
13.6312136,0.647182636,-1.12542442,-9.46487771
13.6411716,0.644189884,-1.13799398,-9.63307038
13.6511286,0.576104774,-1.14158528,-9.88356373
13.6610866,0.536899722,-1.10642044,-10.1177466
13.6710446,0.550217469,-1.07095633,-10.3226005
13.6810016,0.572812747,-1.03788642,-10.4435076
13.6909596,0.641496407,-0.960823054,-10.5002203
13.7009166,0.706588765,-0.849343039,-10.4580225
13.7108746,0.744297441,-0.792780025,-10.2757639
13.7208326,0.748936207,-0.812382551,-10.1630868
13.7307896,0.661398209,-0.815674578,-10.0373912
13.7407476,0.635959816,-0.814477477,-9.90152024
13.7507056,0.600794979,-0.866401726,-9.82311014
13.7606626,0.542585951,-0.882263312,-9.82071593
13.7706206,0.43589434,-0.849343039,-9.9140898
13.7805786,0.319476284,-0.867598827,-10.0924578
13.7905356,0.272041164,-0.8467992,-10.2453875
13.8004936,0.266953485,-0.765097068,-10.3194581
13.8104506,0.322319398,-0.666635525,-10.3353197
13.8204086,0.38591538,-0.565031592,-10.2741179
13.8303666,0.469263525,-0.474800117,-10.1141553
13.8403236,0.574309123,-0.408660296,-9.86590649
13.8502816,0.643890609,-0.337732072,-9.61271967
13.8602396,0.60259063,-0.282964709,-9.37883609
13.8701966,0.574458761,-0.377086761,-9.23024595
13.8801546,0.615309827,-0.665288786,-9.05053119
13.8901116,0.729034406,-0.827795224,-9.00563991
13.9000696,0.703446375,-0.798615891,-9.19089126
13.9100276,0.480785621,-0.719906512,-9.43031143
13.9199846,0.262464357,-0.608725772,-9.70489643
13.9299426,0.240766904,-0.344615401,-10.036643
13.9399006,0.216824888,0.0908300255,-10.3950251
13.9498576,0.112677116,0.444722958,-10.7127057
13.9598156,-0.0369604881,0.572962385,-11.0579196
13.9697736,-0.179116212,0.604835194,-11.3265191
13.9797306,-0.249445885,0.760458302,-11.4293202
13.9896886,-0.272490076,1.08606973,-11.303475
13.9996456,-0.306158537,1.34643916,-10.9747211
14.0096036,-0.351049818,1.348983,-10.597784
14.0195616,-0.359429524,1.13739543,-10.1126589
14.0295186,-0.334440044,0.848445213,-9.56842693
14.0394766,-0.267103123,0.657507631,-9.09347718
14.0494346,-0.199317288,0.505475826,-8.69723681
14.0593916,-0.194977798,0.376637849,-8.39033008
14.0693496,-0.155772746,0.320823022,-8.28244137
14.0793066,-0.162805713,0.336534971,-8.42878694
14.0892646,-0.226252057,0.373944372,-8.72207665
14.0992226,-0.229693722,0.427364996,-8.92767872
14.1091796,-0.21667525,0.443226582,-9.05756416
14.1191376,-0.213832136,0.399831677,-9.10784239
14.1290956,-0.237624515,0.278325943,-9.14420433
14.1390526,-0.231489373,0.176422735,-9.1584199
14.1490106,-0.177170923,0.154575645,-9.19433293
14.1589676,-0.108786538,0.184652803,-9.24655645
14.1689256,-0.0160112236,0.235978501,-9.39828898
14.1788836,0.0646434448,0.278924493,-9.73856489
14.1888406,0.118512982,0.313939693,-10.1470755
14.1987986,0.135122756,0.253785376,-10.4997714
14.2087566,0.0745195267,0.0917278511,-10.666318
14.2187136,-0.00179565125,-0.111928928,-10.6799351
14.2286716,-0.118512982,-0.231339735,-10.5394253
14.2386286,-0.168641579,-0.222511117,-10.2477817
14.2485866,-0.202010765,-0.210989021,-9.91543654
14.2585446,-0.189291569,-0.267402398,-9.5917704
14.2685016,-0.0766144531,-0.297329919,-9.3442698
14.2784596,0.114173492,-0.322319398,-9.20780031
14.2884175,0.225354231,-0.44397477,-9.15467896
14.2983745,0.130783266,-0.673219579,-9.24910029
14.3083325,-0.0410007034,-0.896778159,-9.43794294
14.3182905,-0.176871648,-1.00616325,-9.64878233
14.3282475,-0.207696994,-1.01678752,-9.82610289
14.3382055,-0.0647930824,-0.959326678,-9.87338837
14.3481625,0.211138659,-0.855178905,-9.77148516
14.3581205,0.390853421,-0.807594147,-9.60269395
14.3680785,0.483628735,-0.775870975,-9.47430488
14.3780355,0.58074354,-0.762852504,-9.34082814
14.3879935,0.567575431,-0.69566522,-9.24386297
14.3979515,0.430806661,-0.622193156,-9.3068604
14.4079085,0.389955595,-0.598101502,-9.53281319
14.4178665,0.362123001,-0.521038136,-9.80231051
14.4278235,0.277577755,-0.362422276,-9.95344449
14.4377815,0.145447751,-0.278774856,-10.0930564
14.4477395,0.00553659134,-0.275033916,-10.3357686
14.4576965,-0.0794575676,-0.250792624,-10.6172369
14.4676545,-0.122104285,-0.265457109,-10.9031944
14.4776125,-0.156969846,-0.405068993,-11.1254062
14.4875695,-0.203207866,-0.529866755,-11.2098018
14.4975275,-0.273986452,-0.607827946,-11.2012725
14.5074855,-0.321720848,-0.765396343,-11.2168348
14.5174425,-0.276829567,-0.852186153,-11.2596311
14.5274005,-0.19048867,-0.811484725,-11.2729489
14.5373575,-0.141557173,-0.826598123,-11.2144406
14.5473155,-0.177170923,-0.877025996,-10.9002016
14.5572735,-0.169539405,-0.946308206,-10.4548801
14.5672305,-0.173878896,-1.05000707,-9.98277346
14.5771885,-0.141856448,-1.06197807,-9.6594066
14.5871465,-0.117764794,-0.833930366,-9.64698668
14.5971035,-0.102651396,-0.484227286,-9.90945103
14.6070615,0.0267851311,-0.187196642,-10.2919247
14.6170185,0.29912557,0.00239420166,-10.6504564
14.6269765,0.614711276,0.105793786,-10.8829933
14.6369345,0.874931069,0.164302089,-10.9997106
14.6468915,0.939424876,0.397886388,-10.9712795
14.6568495,0.866102451,0.817619867,-10.7697176
14.6668075,0.707636228,1.23585697,-10.4282446
14.6767645,0.490362428,1.48844524,-10.0857241
14.6867225,0.332794031,1.61414083,-9.75622213
14.6966805,0.167294841,1.74522337,-9.49480523
14.7066375,0.07930793,1.78876792,-9.47191068
14.7165955,0.0207996269,1.64152451,-9.70848773
14.7265525,0.0246902046,1.28359137,-9.95224739
14.7365105,0.113425304,0.852485429,-9.92725791
14.7464685,0.248847335,0.534505521,-9.63322002
14.7564255,0.248847335,0.378732775,-9.20750103
14.7663835,0.218171626,0.272789352,-8.72357302
14.7763415,0.244956757,0.156072021,-8.41083043
14.7862985,0.347458516,0.0438438179,-8.39197609
14.7962565,0.460285269,-0.0996586441,-8.40260036
14.8062135,0.584634118,-0.0152630356,-8.57632962
14.8161715,0.595258388,0.215328512,-8.8500168
14.8261295,0.411353773,0.381276614,-9.18101518
14.8360865,0.227598795,0.415842901,-9.51500631
14.8460445,0.185251353,0.373944372,-9.83448259
14.8560025,0.217273801,0.374842197,-10.082881
14.8659595,0.177021285,0.380528426,-10.2322193
14.8759175,0.0558148262,0.324414325,-10.3000052
14.8858745,0.0128688339,0.253186826,-10.2920744
14.8958325,0.0290296951,0.15487492,-10.2581067
14.9057905,0.016609774,0.0184054253,-10.1645831
14.9157475,0.0369604881,-0.108187988,-10.0354459
14.9257055,0.0897825623,-0.308403101,-9.83163948
14.9356635,0.196923087,-0.476146855,-9.64578958
14.9456205,0.308253464,-0.530764581,-9.50213748
14.9555785,0.384119729,-0.463876572,-9.4234281
14.9655365,0.425718983,-0.423773694,-9.43554874
14.9754935,0.421678767,-0.497545033,-9.532065
14.9854515,0.461183095,-0.577900426,-9.66344681
14.9954085,0.496946482,-0.561440289,-9.74529858
15.0053665,0.471508089,-0.50891749,-9.87862569
15.0153245,0.496647207,-0.488417139,-10.0138981
15.0252815,0.604386282,-0.455945779,-10.033351
15.0352395,0.716165572,-0.421828405,-9.9654155
15.0451975,0.794874951,-0.381126977,-9.7764232
15.0551545,0.822108995,-0.343418301,-9.59625953
15.0651125,0.78619597,-0.324264687,-9.46173532
15.0750695,0.785747057,-0.340575186,-9.40517231
15.0850275,0.782006117,-0.367509955,-9.48163712
15.0949855,0.701949999,-0.344316126,-9.56887585
15.1049425,0.55515551,-0.327257439,-9.61017583
15.1149005,0.431704487,-0.364517203,-9.71971055
15.1248585,0.325611426,-0.459686719,-9.83702643
15.1348155,0.199317288,-0.547224717,-9.86321301
15.1447735,0.15861586,-0.62758011,-9.79482863
15.1547305,0.160261874,-0.645237347,-9.64878233
15.1646885,0.177919111,-0.650025751,-9.44392845
15.1746465,0.141257898,-0.648230099,-9.29069954
15.1846035,0.09741408,-0.672920304,-9.27753143
15.1945615,0.0185550629,-0.729782594,-9.39305166
15.2045195,-0.0529717117,-0.783652131,-9.60643489
15.2144765,-0.0517746109,-0.808192698,-9.88865141
15.2244345,-0.000299275208,-0.773776049,-10.1158013
15.2343925,0.0709282242,-0.718559773,-10.1491705
15.2443495,0.142903912,-0.733822809,-10.096498
15.2543075,0.22670097,-0.715267746,-10.0825817
15.2642645,0.362123001,-0.566976881,-10.0581908
15.2742225,0.474800117,-0.481384171,-10.043676
15.2841805,0.577601151,-0.435445427,-10.0911111
15.2941375,0.626233372,-0.440533105,-10.1146042
15.3040955,0.644638797,-0.631620325,-10.0978448
15.3140535,0.671124653,-0.725143828,-10.0557966
15.3240105,0.60199208,-0.600794979,-10.0599865
15.3339685,0.36780923,-0.442029482,-10.0608843
15.3439255,0.139611884,-0.429908836,-10.0765962
15.3538835,-0.0441430931,-0.547972905,-10.0851256
15.3638415,-0.181510413,-0.541688126,-10.1544078
15.3737985,-0.347757791,-0.449960275,-10.2977606
15.3837565,-0.513256981,-0.294187529,-10.4397667
15.3937145,-0.587926145,-0.133925655,-10.5350859
15.4036715,-0.543184502,-0.0221463654,-10.5344873
15.4136295,-0.404919356,0.159064773,-10.4595189
15.4235865,-0.356287135,0.400729503,-10.4237555
15.4335445,-0.3959411,0.585382306,-10.5219177
15.4435025,-0.445171871,0.658854369,-10.575488
15.4534595,-0.471807365,0.621893881,-10.4333323
15.4634175,-0.487369675,0.503680174,-10.0674683
15.4733755,-0.548571455,0.282665434,-9.57994903
15.4833325,-0.557699349,0.054019175,-9.01805983
15.4932905,-0.570867458,-0.0848445213,-8.55627818
15.5032485,-0.561290652,-0.228646259,-8.34080003
15.5132055,-0.523133063,-0.396390012,-8.31341635
15.5231635,-0.489763877,-0.478840332,-8.35785872
15.5331205,-0.424671519,-0.373046546,-8.54729993
15.5430785,-0.455646503,-0.171783969,-8.93336494
15.5530365,-0.5232827,0.0632967064,-9.45829366
15.5629935,-0.527472553,0.284610722,-9.94386768
15.5729515,-0.474051929,0.41090486,-10.2539168
15.5829095,-0.397437476,0.41090486,-10.3505827
15.5928665,-0.271741888,0.307206001,-10.2709755
15.6028245,-0.136170219,0.271292976,-10.1276227
15.6127815,-0.0767640907,0.313041867,-9.93967783
15.6227395,-0.0454898315,0.376488211,-9.81981811
15.6326975,-0.0216974525,0.40028059,-9.7831569
15.6426545,0.0338180984,0.353593658,-9.83193876
15.6526125,0.0294786079,0.20979192,-9.99953287
15.6625705,-0.0710778618,0.00329202728,-10.2153103
15.6725275,-0.144549925,-0.237025964,-10.3803606
15.6824855,-0.206948806,-0.434547601,-10.3646486
15.6924425,-0.193780697,-0.498592496,-10.1021843
15.7024005,-0.173280345,-0.546476529,-9.69157868
15.7123585,-0.13676877,-0.616656565,-9.25448724
15.7223155,-0.0423474419,-0.639850394,-8.96688377
15.7322735,0.0709282242,-0.622642069,-8.89116714
15.7422315,0.150086517,-0.678307258,-8.99396817
15.7521885,0.20545243,-0.805948134,-9.23772783
15.7621465,0.2347814,-0.880916573,-9.52877297
15.7721045,0.233733937,-0.878223096,-9.8006645
15.7820615,0.210390471,-0.864306799,-10.0035731
15.7920195,0.164451727,-0.855627818,-10.1853828
15.8019765,0.10489596,-0.827944862,-10.2685813
15.8119345,0.0764648155,-0.724694915,-10.2793552
15.8218925,0.0187047005,-0.621295331,-10.2440407
15.8318495,-0.0194528885,-0.549469281,-10.1660795
15.8418075,-0.0140659348,-0.562338115,-10.1190933
15.8517655,0.0941220528,-0.581042815,-10.0867716
15.8617225,0.204105692,-0.586429769,-10.1352542
15.8716805,0.226401694,-0.600944617,-10.2144125
15.8816375,0.242861831,-0.554257684,-10.2738186
15.8915955,0.238971253,-0.339976636,-10.3944265
15.9015535,0.106841249,-0.287004924,-10.2697784
15.9115105,0.0179565125,-0.225952782,-10.1792476
15.9214685,-0.0510264229,-0.254982477,-10.2151607
15.9314265,0.0278325943,-0.314987156,-10.1666781
15.9413835,0.12300211,-0.334888957,-10.0730049
15.9513415,0.149637604,-0.415842901,-9.80275942
15.9612985,0.102651396,-0.675314506,-9.46233387
15.9712565,0.222810392,-0.888248816,-9.25119521
15.9812145,0.310198753,-0.725592741,-9.18340938
15.9911715,0.223259305,-0.449660999,-9.25388869
16.0011295,0.100706107,-0.391451971,-9.39933644
16.0110875,0.152331081,-0.392499435,-9.60793126
16.0210445,0.170287593,-0.313790055,-9.90855321
16.0310025,0.227748433,-0.155174195,-10.1874777
16.0409605,0.28476036,0.0371101257,-10.3595609
16.0509175,0.344016851,0.223708218,-10.3691378
16.0608755,0.415393988,0.340724824,-10.2082773
16.0708325,0.492457354,0.478391419,-10.0352963
16.0807905,0.499041409,0.701800362,-9.97080245
16.0907485,0.411054498,0.936581762,-10.0167412
16.1007055,0.293289703,1.03833533,-10.1490208
16.1106635,0.202160403,0.943315454,-10.3812584
16.1206215,0.153228906,0.807594147,-10.5549877
16.1305785,0.0912789383,0.644189884,-10.6489601
16.1405365,0.0851437965,0.473752654,-10.6218757
16.1504935,0.0589572159,0.37469256,-10.4780739
16.1604515,0.056263739,0.29852702,-10.218303
16.1704095,0.0906803879,0.201412215,-9.84001919
16.1803665,0.133925655,0.0629974312,-9.53700304
16.1903245,0.158166947,-0.0469862076,-9.36866073
16.2002825,0.191536133,-0.0179565125,-9.26406405
16.2102395,0.195426711,0.0900818375,-9.31823286
16.2201975,0.164152451,0.12928689,-9.47984147
16.2301545,0.0745195267,0.106242699,-9.76220763
16.2401125,-0.00508767853,0.0462380196,-10.0918593
16.2500705,-0.0175075996,-0.0516249733,-10.3131733
16.2600275,0.0351648369,-0.159513686,-10.3336736
16.2699855,0.0978629929,-0.255281752,-10.1271737
16.2799435,0.188094468,-0.282366158,-9.67167688
16.2898999,0.340425549,-0.289997676,-9.15991628
16.2998579,0.524629439,-0.205302792,-8.84163709
16.3098159,0.590170709,-0.0679354721,-8.91136822
16.3197729,0.537348635,0.136020582,-9.3697082
16.3297309,0.414346525,0.350750543,-10.0631289
16.3396879,0.304063611,0.36346974,-10.6589858
16.3496459,0.401627328,0.249445885,-10.9432972
16.3596039,0.680551822,0.0998082817,-10.8837415
16.3695609,0.755819537,-0.0576104774,-10.5497503
16.3795189,0.778414815,-0.253935014,-10.0543002
16.3894769,0.607827946,-0.448164623,-9.6219972
16.3994339,0.398484939,-0.614711276,-9.31823286
16.4093919,0.163703539,-0.619649317,-9.24880101
16.4193489,-0.139312609,-0.315585706,-9.36910965
16.4293069,-0.3959411,0.0311246216,-9.71327614
16.4392649,-0.615459464,0.0840963333,-10.0188361
16.4492219,-0.603488456,0.238671978,-10.2302741
16.4591799,-0.594659837,0.301819047,-10.2679827
16.4691379,-0.553210221,0.310797303,-10.0718078
16.4790949,-0.4321534,0.426766446,-9.85303766
16.4890529,-0.310498028,0.506074376,-9.62379285
16.4990099,-0.142155724,0.483030185,-9.32945568
16.5089679,0.00912789383,0.389506683,-9.00279679
16.5189259,0.0977133553,0.239719441,-8.78971284
16.5288829,0.151283617,0.0263362183,-8.86602802
16.5388409,0.27787703,-0.175973822,-8.83415521
16.5487989,0.436193615,-0.40776247,-8.75694221
16.5587559,0.609174685,-0.6669348,-8.67583863
16.5687139,0.747739106,-0.847996301,-8.70112738
16.5786709,0.747290193,-0.818816968,-8.83520268
16.5886289,0.676810882,-0.565031592,-9.09796631
16.5985869,0.628178661,-0.212036485,-9.46966612
16.6085439,0.576703325,0.141557173,-9.88760394
16.6185019,0.530016393,0.440832381,-10.2874356
16.6284599,0.451157375,0.513107343,-10.7629839
16.6384169,0.407313557,0.406415732,-11.1641623
16.6483749,0.371250895,0.303315423,-11.4772042
16.6583319,0.41150341,0.222361479,-11.5925748
16.6682899,0.439485642,0.121356097,-11.4154039
16.6782479,0.473453378,-0.0299275208,-11.0169189
16.6882049,0.510713142,-0.209492645,-10.4453033
16.6981629,0.561589927,-0.335038595,-9.85154128
16.7081209,0.632817426,-0.413897612,-9.40098246
16.7180779,0.643890609,-0.51580082,-9.06684169
16.7280359,0.53390697,-0.564433041,-8.87276171
16.7379939,0.304662161,-0.602141718,-8.85300955
16.7479509,0.0543184502,-0.612017799,-9.05232684
16.7579089,-0.136619132,-0.620547143,-9.23129341
16.7678659,-0.234033212,-0.636109454,-9.34486835
16.7778239,-0.249445885,-0.568922169,-9.41220528
16.7877819,-0.235080676,-0.436343253,-9.40277811
16.7977389,-0.253635738,-0.283263984,-9.39140565
16.8076969,-0.28476036,-0.187196642,-9.40651905
16.8176549,-0.336235696,-0.133776018,-9.51530559
16.8276119,-0.338779535,-0.0770633659,-9.62783306
16.8375699,-0.27413609,-0.0350151993,-9.71118121
16.8475269,-0.232387199,0.0246902046,-9.75607249
16.8574849,-0.222511117,0.00194528885,-9.77028806
16.8674429,-0.196324536,-0.0377086761,-9.78809494
16.8773999,-0.205901343,-0.0600046791,-9.81413188
16.8873579,-0.229095171,-0.102202483,-9.80679964
16.8973159,-0.281169057,-0.150535429,-9.76071126
16.9072729,-0.350002355,-0.173878896,-9.74859061
16.9172309,-0.375141473,-0.192433958,-9.719112
16.9271879,-0.407463195,-0.182108964,-9.68454572
16.9371459,-0.453551577,-0.236128139,-9.68275006
16.9471039,-0.537947186,-0.306906725,-9.73138229
16.9570609,-0.579995352,-0.221014741,-9.80096377
16.9670189,-0.593462737,-0.116567693,-9.90271734
16.9769769,-0.582539191,-0.0612017799,-9.96077673
16.9869339,-0.570568183,0.0136170219,-10.0332013
16.9968919,-0.629675037,0.0878372734,-10.1316629
17.0068489,-0.708683691,0.133177467,-10.2432925
17.0168069,-0.771980398,0.137217683,-10.2845925
17.0267649,-0.842160434,0.154276369,-10.2462853
17.0367219,-0.828244137,0.164152451,-10.0189858
17.0466799,-0.830339063,0.0876876358,-9.7589156
17.0566379,-0.842908622,0.0535702621,-9.50243675
17.0665949,-0.852186153,0.0670376465,-9.35848538
17.0765529,-0.896179609,0.109235451,-9.25673181
17.0865099,-0.970848773,0.168192667,-9.28112274
17.0964679,-1.03309802,0.178667299,-9.43495019
17.1064259,-1.0791864,0.190787945,-9.68454572
17.1163829,-1.06901104,0.255581027,-9.96092637
17.1263409,-1.05569329,0.366761767,-10.1970545
17.1362989,-1.04821141,0.428562097,-10.3173631
17.1462559,-0.965910732,0.446668247,-10.3155675
17.1562139,-0.881215849,0.583137742,-10.3065892
17.1661719,-0.845302824,0.71691376,-10.2503255
17.1761289,-0.732176795,0.786495245,-10.2654389
17.1860869,-0.596006576,0.839167682,-10.407445
17.1960439,-0.507870027,0.906205328,-10.6043681
17.2060019,-0.445920059,0.903511852,-10.8722194
17.2159599,-0.427664272,0.909347718,-11.0492407
17.2259169,-0.436941803,0.919373438,-11.1493482
17.2358749,-0.409558121,0.866551363,-11.2074076
17.2458319,-0.377685312,0.798765529,-11.1373772
17.2557899,-0.331447292,0.746392368,-10.951228
17.2657479,-0.228346983,0.713023182,-10.6094557
17.2757049,-0.114323129,0.645536623,-10.2301244
17.2856629,-0.0130184715,0.577451513,-9.89433764
17.2956217,0.0658405457,0.49709612,-9.60254431
17.3055787,0.113724579,0.436343253,-9.45589946
17.3155367,0.0746691643,0.453701215,-9.4143002
17.3254947,0.0423474419,0.490063152,-9.49734907
17.3354517,0.0178068748,0.508019665,-9.67960767
17.3454097,-0.0212485397,0.376637849,-9.72375077
17.3553667,-0.00748188019,0.118363345,-9.57950012
17.3653247,0.057011927,-0.0791582924,-9.30177272
17.3752827,0.0567126518,-0.129586165,-9.03287395
17.3852397,0.0580593903,-0.171484694,-8.86094034
17.3951977,0.0986111809,-0.131232178,-8.81515124
17.4051557,0.179565125,-0.0335188232,-8.87171425
17.4151127,0.275931741,0.0839466957,-9.04409677
17.4250707,0.294486804,0.141257898,-9.31299555
17.4350277,0.330399829,0.152181443,-9.58952584
17.4449857,0.359130249,0.175075996,-9.86007062
17.4549437,0.407612833,0.153228906,-10.1395937
17.4649007,0.533009145,0.130783266,-10.3055418
17.4748587,0.738611212,0.17612346,-10.318261
17.4848167,0.908150617,0.193631059,-10.2247375
17.4947737,1.07409872,0.204554604,-10.0981441
17.5047317,1.08187988,0.154575645,-10.0611836
17.5146887,0.949300958,0.0625485184,-10.1454295
17.5246467,0.833780728,0.0532709869,-10.3103302
17.5346047,0.757315913,0.0260369431,-10.3957732
17.5445617,0.727837305,-0.139761522,-10.2361099
17.5545197,0.838569131,-0.348954892,-9.95972927
17.5644777,1.03309802,-0.475548305,-9.64803414
17.5744347,1.15131172,-0.530614943,-9.29369229
17.5843927,1.1902175,-0.498742133,-9.04918445
17.5943497,1.14308166,-0.466869324,-8.92782835
17.6043077,1.07110597,-0.431405212,-8.96239464
17.6142657,0.99913028,-0.444274046,-9.21707784
17.6242227,0.882412949,-0.540640662,-9.51620341
17.6341807,0.793228938,-0.584035567,-9.74170728
17.6441387,0.806995597,-0.621145693,-9.88865141
17.6540957,0.8467992,-0.650175388,-9.95314521
17.6640537,0.870142666,-0.658405457,-9.9013706
17.6740107,0.929249519,-0.675015231,-9.8006645
17.6839687,0.978480291,-0.672920304,-9.66314754
17.6939267,0.975786814,-0.689829353,-9.55825158
17.7038837,0.915931773,-0.701800362,-9.56274071
17.7138417,0.806696322,-0.718410136,-9.66643957
17.7237997,0.694168844,-0.689081165,-9.7891424
17.7337567,0.60513447,-0.673518855,-9.95868181
17.7437147,0.582688829,-0.656460168,-10.0685158
17.7536717,0.606930121,-0.612317075,-10.1095165
17.7636297,0.622043519,-0.618751492,-10.0228763
17.7735877,0.603937369,-0.612167437,-9.92935284
17.7835447,0.526574728,-0.596904401,-9.89957495
17.7935027,0.453102664,-0.546626167,-9.90241807
17.8034607,0.397587113,-0.511012417,-9.91274306
17.8134177,0.381426252,-0.554108047,-9.87922424
17.8233757,0.420780942,-0.615758739,-9.88865141
17.8333337,0.493654455,-0.590918897,-9.92172132
17.8432907,0.513705894,-0.533458057,-9.89718075
17.8532487,0.541837763,-0.53764791,-9.83418332
17.8632057,0.589871434,-0.513107343,-9.74215619
17.8731637,0.658405457,-0.504877275,-9.63112509
17.8831217,0.648978288,-0.563684853,-9.56812766
17.8930787,0.628777211,-0.642394233,-9.52278747
17.9030367,0.675015231,-0.586729044,-9.50378349
17.9129947,0.654215604,-0.484376923,-9.48597662
17.9229517,0.568473257,-0.409707759,-9.5483755
17.9329097,0.522235237,-0.344316126,-9.72105729
17.9428667,0.488417139,-0.303165785,-9.90451299
17.9528247,0.48273091,-0.294636442,-10.1072719
17.9627827,0.497245757,-0.338929173,-10.2057335
17.9727397,0.486621487,-0.419134928,-10.2060328
17.9826977,0.508767853,-0.538695374,-10.0926075
17.9926557,0.558597175,-0.692672468,-9.89867713
18.0026127,0.565630142,-0.756268449,-9.70803882
18.0125707,0.572812747,-0.590170709,-9.62618705
18.0225277,0.481384171,-0.345064314,-9.74155764
18.0324857,0.356287135,-0.144101012,-9.93054994
18.0424437,0.308702377,0.0851437965,-10.2073795
18.0524007,0.296881006,0.248248785,-10.4675993
18.0623587,0.187645555,0.278026668,-10.7929114
18.0723167,0.154426007,0.356287135,-11.0411602
18.0822737,0.134673843,0.451606288,-11.1248077
18.0922317,0.0983119057,0.477643231,-10.9412023
18.1021887,0.0712274994,0.457891068,-10.5578308
18.1121467,0.0297778831,0.337133521,-10.0604354
18.1221047,0.0567126518,0.0834977829,-9.50153893
18.1320617,0.0577601151,-0.121356097,-9.13672245
18.1420197,-0.0318728096,-0.248398422,-8.97810659
18.1519777,-0.132279642,-0.316932445,-9.09257935
18.1619347,-0.233285024,-0.297030643,-9.38078138
18.1718927,-0.339826998,-0.196773449,-9.71626889
18.1818497,-0.500986697,-0.163703539,-10.0287122
18.1918077,-0.654814154,-0.200215114,-10.2260842
18.2017657,-0.6856395,-0.22041619,-10.245986
18.2117227,-0.645386985,-0.183006789,-10.0718078
18.2216807,-0.576553687,-0.150834705,-9.74200656
18.2316387,-0.489913515,-0.142604636,-9.44916576
18.2415957,-0.36466684,-0.113874216,-9.27453868
18.2515537,-0.193631059,-0.0287304199,-9.20331118
18.2615107,0.00433949051,0.10055647,-9.26675753
18.2714687,0.0977133553,0.20545243,-9.49106429
18.2814267,0.0679354721,0.127940151,-9.82520506
18.2913834,0.0347159241,-0.0707785866,-10.1954085
18.3013414,0.0924760391,-0.271592251,-10.5374801
18.3112994,0.144998838,-0.413448699,-10.6544967
18.3212564,0.165050277,-0.536001897,-10.5121913
18.3312144,0.139162971,-0.618452216,-10.2221936
18.3411714,0.118512982,-0.673069942,-9.76041198
18.3511294,0.152181443,-0.72125325,-9.32287163
18.3610874,0.190189394,-0.81806878,-8.97586202
18.3710444,0.219967278,-0.902763663,-8.78821647
18.3810024,0.235679226,-0.912939021,-8.83415521
18.3909604,0.247500597,-0.963217255,-9.04679025
18.4009174,0.170586868,-0.964563994,-9.26032311
18.4108754,0.0884358238,-0.920420901,-9.5567552
18.4208334,0.0511760605,-0.912939021,-9.76983915
18.4307904,0.0664390961,-0.951395885,-9.861567
18.4407484,0.131980367,-0.957830302,-9.92860465
18.4507054,0.144699563,-0.934786111,-9.94745899
18.4606634,0.104746323,-0.909796631,-9.95075101
18.4706214,0.115669868,-0.974739351,-9.86231519
18.4805784,0.136469495,-1.03579149,-9.69995839
18.4905364,0.148440503,-0.986859997,-9.58892729
18.5004944,0.11237784,-0.9192238,-9.54134253
18.5104514,0.119111533,-0.85802202,-9.66808558
18.5204094,0.100257195,-0.809389799,-9.96212347
18.5303664,0.17298107,-0.717213035,-10.3122755
18.5403244,0.347608154,-0.577152238,-10.6462666
18.5502824,0.430507386,-0.510264229,-10.8027875
18.5602394,0.496647207,-0.585681581,-10.8457335
18.5701974,0.43275195,-0.571765284,-10.8581534
18.5801554,0.376787486,-0.471657727,-10.7411368
18.5901124,0.355239671,-0.50831894,-10.5091985
18.6000704,0.366163216,-0.636708004,-10.1717658
18.6100274,0.48961424,-0.802506469,-9.828946
18.6199854,0.677110157,-0.773027861,-9.74829133
18.6299434,0.743249978,-0.516848283,-9.92052422
18.6399004,0.668431176,-0.278924493,-10.1912186
18.6498584,0.607528671,-0.132728555,-10.5193739
18.6598164,0.644788435,0.00972644424,-10.8731172
18.6697734,0.637755467,0.275931741,-11.1767319
18.6797314,0.494103368,0.560692101,-11.388918
18.6896884,0.39279871,0.735768098,-11.4086702
18.6996464,0.347907429,0.810287624,-11.2108493
18.7096044,0.365265391,0.767790545,-10.9198041
18.7195614,0.372747271,0.774673875,-10.5413706
18.7295194,0.441580569,0.839167682,-9.96002854
18.7394774,0.508767853,0.744447079,-9.42432592
18.7494344,0.533607695,0.614112726,-9.00279679
18.7593924,0.527173278,0.499639959,-8.74063171
18.7693494,0.513107343,0.348954892,-8.63334155
18.7793074,0.546177254,0.180313313,-8.63842923
18.7892654,0.594959113,0.0291793327,-8.63483792
18.7992224,0.627879385,0.00927753143,-8.62391438
18.8091804,0.65197104,0.0796072052,-8.6490535
18.8191384,0.600346066,0.160860424,-8.75035816
18.8290954,0.597353314,0.224606043,-8.87575447
18.8390534,0.609174685,0.254533564,-9.04544351
18.8490104,0.610072511,0.209642283,-9.20331118
18.8589684,0.645835898,0.134973119,-9.34322234
18.8689264,0.746691643,0.0632967064,-9.43480055
18.8788834,0.860715497,0.0152630356,-9.54059434
18.8888414,0.892139394,0.0924760391,-9.64010335
18.8987994,0.852784704,0.18794483,-9.7764232
18.9087564,0.797269153,0.25602994,-9.99459483
18.9187144,0.743998166,0.275333191,-10.2245878
18.9286714,0.731428607,0.245256033,-10.4019084
18.9386294,0.700902536,0.135721307,-10.4804681
18.9485874,0.686387688,-0.0185550629,-10.4028062
18.9585444,0.626532647,-0.146944127,-10.1386958
18.9685024,0.548571455,-0.22296003,-9.80141268
18.9784604,0.476595768,-0.253037188,-9.52024363
18.9884174,0.429759198,-0.260219793,-9.26660789
18.9983754,0.412550874,-0.282964709,-9.08449892
19.0083324,0.373944372,-0.331746568,-9.09048443
19.0182904,0.305859262,-0.394295086,-9.15423005
19.0282484,0.252289,-0.487519313,-9.23892493
19.0382054,0.229544084,-0.536899722,-9.28800607
19.0481634,0.181211138,-0.582539191,-9.33334626
19.0581214,0.142305361,-0.568622894,-9.37359877
19.0680784,0.100855745,-0.493654455,-9.41684404
19.0780364,0.0731727882,-0.41150341,-9.499444
19.0879934,0.0755669899,-0.398933852,-9.65042834
19.0979514,0.133925655,-0.383820454,-9.78600001
19.1079094,0.217722713,-0.359130249,-9.88042134
19.1178664,0.268599499,-0.312742592,-9.97199955
19.1278244,0.282366158,-0.29164369,-10.0979944
19.1377824,0.291344415,-0.302716872,-10.2162081
19.1477394,0.310049115,-0.315136794,-10.2477817
19.1576974,0.30974984,-0.261566531,-10.2018429
19.1676544,0.316184257,-0.229544084,-10.1163998
19.1776124,0.313640417,-0.278325943,-9.97948143
19.1875704,0.320523747,-0.343418301,-9.80605145
19.1975274,0.300322671,-0.322469036,-9.71118121
19.2074854,0.230142635,-0.305709624,-9.63651204
19.2174434,0.171933607,-0.310797303,-9.6769142
19.2274004,0.127341601,-0.307804551,-9.84016882
19.2373584,0.0745195267,-0.284012172,-10.0405336
19.2473154,0.0124199211,-0.222361479,-10.1976531
19.2572734,-0.0999579193,-0.223109667,-10.2106715
19.2672314,-0.161309337,-0.427514634,-10.0439752
19.2771884,-0.0362123001,-0.602740268,-9.84031846
19.2871464,0.0351648369,-0.474949754,-9.7342254
19.2971043,-0.143801737,-0.243610019,-9.6490816
19.3070613,-0.336684608,-0.180612588,-9.58787982
19.3170193,-0.316483532,-0.0918774887,-9.62992799
19.3269763,-0.230890823,0.341921925,-9.92471407
19.3369343,-0.196773449,0.930296983,-10.4973772
19.3468923,-0.290147314,1.32593881,-11.1804728
19.3568493,-0.399382764,1.40569565,-11.6901385
19.3668073,-0.55575406,1.22433487,-11.8001222
19.3767653,-0.658704732,1.06661684,-11.5984107
19.3867223,-0.674715955,1.08906248,-11.1071504
19.3966803,-0.728585493,1.11090957,-10.4132808
19.4066373,-0.683394936,1.05509474,-9.73841525
19.4165953,-0.574009848,0.985812534,-9.28531259
19.4265533,-0.545578703,0.936282487,-9.19074162
19.4365103,-0.660799658,0.90111765,-9.34591582
19.4464683,-0.693420656,0.821959357,-9.68379753
19.4564263,-0.692223555,0.710778618,-10.0529535
19.4663833,-0.645536623,0.641496407,-10.2524204
19.4763413,-0.600196429,0.604685557,-10.2498766
19.4862983,-0.521935962,0.629525399,-10.09156
19.4962563,-0.441879844,0.672022478,-9.87264018
19.5062143,-0.338629897,0.672022478,-9.67736311
19.5161713,-0.193780697,0.671723203,-9.57201824
19.5261293,-0.00583586655,0.709431879,-9.59147113
19.5360873,0.148889416,0.747589468,-9.70474679
19.5460443,0.260967981,0.676361969,-9.8766804
19.5560023,0.375141473,0.551564207,-10.1252285
19.5659593,0.457142879,0.474201566,-10.3769189
19.5759173,0.483179823,0.34281975,-10.5008188
19.5858753,0.470759901,0.190039757,-10.4188174
19.5958323,0.47958852,0.0858919846,-10.170419
19.6057903,0.471657727,-0.000299275208,-9.79123733
19.6157483,0.395043274,-0.13048399,-9.39604442
19.6257053,0.32845454,-0.21981764,-9.07941125
19.6356633,0.256329215,-0.190787945,-8.84926861
19.6456203,0.222660754,-0.0686836601,-8.75604438
19.6555783,0.183754977,-0.0496796844,-8.83744724
19.6655363,0.230591547,-0.163553901,-9.08764131
19.6754933,0.240018716,-0.303764336,-9.40921252
19.6854513,0.132578917,-0.393546898,-9.6828997
19.6954093,0.00733224258,-0.396240375,-9.87293946
19.7053663,-0.195725986,-0.391900884,-10.0203325
19.7153243,-0.30286651,-0.415543626,-10.0559462
19.7252813,-0.293588979,-0.418536378,-9.89718075
19.7352393,-0.230142635,-0.440982018,-9.60748235
19.7451973,-0.171185419,-0.43963528,-9.28142201
19.7551543,-0.161010062,-0.451456651,-9.03796163
19.7651123,-0.143352824,-0.416890364,-8.9351606
19.7750703,-0.170287593,-0.399831677,-8.98080006
19.7850272,-0.196623811,-0.461183095,-9.13477716
19.7949853,-0.15173253,-0.575506224,-9.36072994
19.8049423,-0.129735802,-0.629226124,-9.5941646
19.8149003,-0.167145203,-0.695964495,-9.76864205
19.8248583,-0.198718738,-0.802057556,-9.85782606
19.8348153,-0.174926359,-0.855627818,-9.85767642
19.8447733,-0.1261445,-0.905606778,-9.70729063
19.8547313,-0.106990887,-0.911592282,-9.55256535
19.8646883,-0.145148476,-0.866551363,-9.46008931
19.8746463,-0.162506438,-0.811035812,-9.45679728
19.8846033,-0.156670571,-0.791433286,-9.499444
19.8945613,-0.171933607,-0.84739775,-9.62648633
19.9045193,-0.200813664,-0.877175633,-9.86949779
19.9144763,-0.246004221,-0.838718769,-10.1395937
19.9244343,-0.285807823,-0.743249978,-10.3763204
19.9343923,-0.374094009,-0.665588062,-10.5159322
19.9443493,-0.427664272,-0.605583382,-10.5008188
19.9543073,-0.40402153,-0.600944617,-10.3240968
19.9642643,-0.342370837,-0.63446344,-10.004022
19.9742223,-0.273238264,-0.700453623,-9.6231943
19.9841803,-0.246752409,-0.735468822,-9.38152957
19.9941373,-0.171484694,-0.738012662,-9.32017815
20.0040953,-0.0766144531,-0.802506469,-9.45604909
20.0140533,-0.00359130249,-0.874332519,-9.78405472
20.0240103,0.0511760605,-0.854729993,-10.0774941
20.0339683,0.123750298,-0.785747057,-10.2043868
20.0439253,0.197521637,-0.659752195,-10.129119
20.0538833,0.249296248,-0.428711735,-10.0270662
20.0638413,0.258124866,-0.192284321,-9.89209307
20.0737983,0.225054956,0.0254383926,-9.70669208
20.0837563,0.318279183,0.203058228,-9.7529301
20.0937143,0.249595523,0.0671872841,-9.5404447
20.1036713,0.42901101,0.295234992,-9.39484731
20.1136293,0.659004007,0.503979449,-9.40382557
20.1235863,0.784998869,0.565630142,-9.5682773
20.1335443,0.793228938,0.680551822,-9.8476507
20.1435022,0.848295576,0.813579652,-10.2144125
20.1534593,0.859817671,0.802656107,-10.5952402
20.1634173,0.833331815,0.693869569,-10.7987473
20.1733753,0.765396343,0.710778618,-10.7050742
20.1833323,0.669628277,0.789787273,-10.4521866
20.1932903,0.615010551,0.808641611,-10.1591962
20.2032473,0.555604423,0.751779321,-9.88939959
20.2132053,0.497395395,0.708384416,-9.71148048
20.2231633,0.472854828,0.654215604,-9.6044896
20.2331203,0.487668951,0.570867458,-9.50946972
20.2430783,0.582239916,0.532560232,-9.51156465
20.2530363,0.635810178,0.582090279,-9.59491279
20.2629933,0.564283404,0.652270315,-9.87129344
20.2729513,0.439485642,0.729932231,-10.1502179
20.2829083,0.383221903,0.729184043,-10.3544733
20.292866,0.266504572,0.608725772,-10.41777
20.302824,0.181809689,0.519841035,-10.3275385
20.312781,0.113724579,0.45025955,-10.0525046
20.322739,0.0899321999,0.3609259,-9.6781113
20.332697,0.0932242271,0.310647665,-9.29593686
20.342654,0.0986111809,0.254234289,-8.9888805
20.352612,0.0564133766,0.19797055,-8.86363382
20.362569,0.0329202728,0.164601364,-8.92588306
20.372527,0.00718260498,0.178368024,-9.09377646
20.382485,-0.0154126732,0.12554595,-9.35788683
20.392442,-0.0279822319,0.10055647,-9.62603741
20.4024,-0.0175075996,0.0489314964,-9.82879637
20.412358,0.0278325943,-0.00104746323,-9.94775826
20.422315,0.0769137283,0.00448912811,-10.0124017
20.432273,0.0650923576,0.0219967278,-9.97349593
20.44223,0.0643441696,0.0876876358,-9.91004958
20.452188,0.128538702,0.213233585,-9.94745899
20.462146,0.216824888,0.269946237,-10.002376
20.472103,0.272938989,0.272190801,-10.1874777
20.482061,0.348505979,0.265906022,-10.4249526
20.492019,0.380827702,0.229992997,-10.6194815
20.501976,0.388459219,0.195426711,-10.7372463
20.511934,0.321271935,0.178068748,-10.7553524
20.521891,0.243759657,0.132878192,-10.6133463
20.531849,0.241515092,0.101454295,-10.3704845
20.541807,0.282066883,0.087238723,-10.1442324
20.551764,0.289997676,0.064194532,-9.89867713
20.561722,0.286406374,0.0116717331,-9.76205799
20.571679,0.270095875,-0.0760159027,-9.77028806
20.581637,0.284909998,-0.120607909,-9.82011738
20.591595,0.2885013,-0.109085813,-9.94296986
20.601552,0.280570507,-0.12240356,-10.0454716
20.61151,0.240317992,-0.169389767,-10.0890162
20.621468,0.200514389,-0.172831432,-10.1066734
20.631425,0.145148476,-0.131381816,-10.0715086
20.641383,0.163104988,-0.116866969,-9.88535938
20.65134,0.192433958,-0.115071317,-9.61705916
20.661298,0.277577755,-0.057011927,-9.40158101
20.671256,0.385466467,0.0480336708,-9.27783071
20.681213,0.412251598,0.111480015,-9.35848538
20.691171,0.414795438,0.11237784,-9.6689834
20.701129,0.37469256,0.101753571,-9.96317093
20.711086,0.311844766,0.0399532402,-10.213365
20.721044,0.301519772,-0.0935235023,-10.3416044
20.731001,0.340275911,-0.246602771,-10.2672345
20.740959,0.433799413,-0.307505276,-10.0459205
20.750917,0.44337622,-0.30346506,-9.77268226
20.760874,0.418087465,-0.247949509,-9.55136825
20.770832,0.415693263,-0.177769473,-9.51291138
20.78079,0.332345118,-0.0597054039,-9.62424176
20.790747,0.233883575,0.100706107,-9.84555578
20.800705,0.181660051,0.252289,-10.1608422
20.810662,0.112078565,0.36346974,-10.4300403
20.82062,0.0519242485,0.389805958,-10.5958387
20.830578,0.00344166489,0.373345821,-10.6109521
20.840535,-0.000748188019,0.273836815,-10.4439566
20.850493,0.0312742592,0.183006789,-10.1080201
20.860451,0.0369604881,0.122702835,-9.69846201
20.870408,-0.0285807823,0.0647930824,-9.38347486
20.880366,-0.0623988808,0.0589572159,-9.2356329
20.890323,-0.0559644638,0.0718260498,-9.17532895
20.900281,-0.0637456192,0.0383072266,-9.13702172
20.910239,-0.157269122,-0.0834977829,-9.13911665
20.920196,-0.237624515,-0.13362638,-9.05771379
20.930154,-0.286107098,-0.161907887,-9.05247648
20.940112,-0.347458516,-0.287004924,-9.07177973
20.950069,-0.342969388,-0.360177712,-8.99112506
20.960027,-0.320224472,-0.351947644,-8.97197145
20.969984,-0.339677361,-0.280121594,-9.06938553
20.979942,-0.414496162,-0.0893336494,-9.2881557
20.9899,-0.403572617,0.139761522,-9.62229647
20.999857,-0.38591538,0.260818343,-9.99594157
21.009815,-0.401926604,0.258124866,-10.3176624
21.019773,-0.481384171,0.253785376,-10.4875011
21.02973,-0.640299306,0.280720145,-10.5063554
21.039688,-0.735169547,0.32037411,-10.3544733
21.049645,-0.750432583,0.384269366,-10.0626799
21.059603,-0.805199946,0.471059177,-9.82550434
21.069561,-0.856974557,0.510563504,-9.75996307
21.079518,-0.89109193,0.526125815,-9.83388404
21.089476,-0.960523779,0.517147559,-10.0197339
21.099434,-1.08232879,0.416142176,-10.2313215
21.109391,-1.18587801,0.276380654,-10.3317284
21.119349,-1.1679215,0.128239426,-10.2756143
21.129306,-1.12422732,-0.0347159241,-10.023026
21.139264,-1.03683896,-0.133776018,-9.6502787
21.149222,-0.911442645,-0.210689746,-9.36896001
21.159179,-0.827645586,-0.253037188,-9.22785175
21.169137,-0.766743082,-0.258124866,-9.24146877
21.179095,-0.745793817,-0.233434662,-9.42432592
21.189052,-0.751031133,-0.150834705,-9.71477251
21.19901,-0.723348177,-0.12300211,-10.1116114
21.208967,-0.730081869,-0.0752677147,-10.4128319
21.218925,-0.762553229,0.0260369431,-10.6313028
21.228883,-0.781257929,0.181061501,-10.7731593
21.23884,-0.74310034,0.304811799,-10.8687777
21.248798,-0.657357993,0.392200159,-10.8785042
21.258756,-0.527921466,0.414945075,-10.8274777
21.268713,-0.451307013,0.424521882,-10.7040267
21.278671,-0.424222607,0.4333505,-10.5247609
21.288628,-0.42960956,0.449660999,-10.3423526
21.2985858,-0.401776966,0.379929876,-10.1125093
21.3085438,-0.318877734,0.265606747,-9.83642788
21.3185008,-0.245106395,0.145298113,-9.61137293
21.3284588,-0.253935014,0.0837970581,-9.45485199
21.3384158,-0.32157121,0.0628477936,-9.41415057
21.3483738,-0.314687881,0.0930745895,-9.45485199
21.3583318,-0.284311447,0.127341601,-9.51665232
21.3682888,-0.252139362,0.140659348,-9.61780734
21.3782468,-0.234631763,0.149637604,-9.70474679
21.3882048,-0.242412918,0.0854430717,-9.73676924
21.3981618,-0.203207866,0.0185550629,-9.72539678
21.4081198,-0.171335056,-0.000748188019,-9.65626421
21.4180768,-0.150984342,0.0435445427,-9.57112041
21.4280348,-0.164451727,0.102801034,-9.54238999
21.4379928,-0.179415487,0.133327105,-9.54059434
21.4479498,-0.115071317,0.185999541,-9.56887585
21.4579078,0.0100257195,0.317530995,-9.64982979
21.4678658,0.0481833084,0.367958868,-9.84989527
21.4778228,0.121655372,0.307804551,-10.0358948
21.4877808,0.242562556,0.239869079,-10.2051349
21.4977378,0.38905777,0.196324536,-10.2937204
21.5076958,0.500986697,0.203207866,-10.3712327
21.5176538,0.563086303,0.320823022,-10.4083428
21.5276108,0.549918194,0.482431635,-10.4242044
21.5375688,0.514603719,0.494851556,-10.3610573
21.5475268,0.481533809,0.393097985,-10.2060328
21.5574838,0.456693967,0.254234289,-10.0288618
21.5674418,0.424671519,0.138564421,-9.80590181
21.5773988,0.426766446,0.0834977829,-9.62708488
21.5873568,0.371400533,0.0472854828,-9.53056862
21.5973148,0.323067587,-0.0620996056,-9.42686976
21.6072718,0.312592954,-0.209642283,-9.37479588
21.6172298,0.32411505,-0.339378085,-9.29907925
21.6271878,0.323366862,-0.361973363,-9.22575682
21.6371448,0.35344402,-0.441281293,-9.247155
21.6471028,0.379630601,-0.516549008,-9.30970352
21.6570598,0.395192912,-0.533607695,-9.41085854
21.6670178,0.412999786,-0.533757333,-9.47639981
21.6769758,0.48332946,-0.549020368,-9.5483755
21.6869328,0.602141718,-0.48961424,-9.62903016
21.6968908,0.651821402,-0.382922628,-9.71282722
21.7068478,0.708384416,-0.246004221,-9.84690252
21.7168058,0.715866296,-0.0650923576,-10.0113542
21.7267638,0.709132604,0.177619836,-10.1880763
21.7367208,0.697011958,0.416890364,-10.4342301
21.7466788,0.672022478,0.552462033,-10.7046253
21.7566368,0.635660541,0.554257684,-10.9350672
21.7665938,0.616656565,0.454449403,-11.0757265
21.7765518,0.600794979,0.406864645,-11.0483428
21.7865088,0.637306554,0.393846173,-10.858752
21.7964668,0.645237347,0.323067587,-10.5820721
21.8064248,0.628328298,0.164451727,-10.2911766
21.8163818,0.655412704,0.0941220528,-10.0525046
21.8263398,0.805050308,0.0278325943,-9.82191304
21.8362978,0.773776049,-0.173280345,-9.57441244
21.8462548,0.770783297,-0.2347814,-9.44961468
21.8562128,0.738461575,-0.209343008,-9.35130277
21.8661698,0.707037678,-0.17732056,-9.34322234
21.8761278,0.689829353,-0.185849904,-9.39125601
21.8860858,0.671872841,-0.207547356,-9.32721112
21.8960428,0.727538029,-0.230591547,-9.26675753
21.9060008,0.760308665,-0.250642986,-9.14899273
21.9159588,0.808491973,-0.310946941,-9.02314751
21.9259158,0.930745895,-0.348954892,-8.97197145
21.9358738,0.999579193,-0.343418301,-8.91480988
21.9458308,1.05509474,-0.3609259,-8.90119286
21.9557888,1.0851719,-0.401178416,-8.94578487
21.9657468,1.0887632,-0.453102664,-9.1524344
21.9757038,1.07604401,-0.454150127,-9.41220528
21.9856618,0.998831005,-0.384119729,-9.69741455
21.9956198,0.90919808,-0.395043274,-9.98112745
22.0055768,0.850989053,-0.498143583,-10.1759556
22.0155348,0.765545981,-0.496198294,-10.2935708
22.0254918,0.598999328,-0.453850852,-10.3504331
22.0354498,0.44651861,-0.362721552,-10.362853
22.0454078,0.339378085,-0.290446589,-10.404153
22.0553648,0.283712897,-0.211288297,-10.4381207
22.0653228,0.239869079,-0.0945709656,-10.5337391
22.0752808,0.219967278,-0.0207996269,-10.7333557
22.0852378,0.171783969,0.0469862076,-10.9682867
22.0951958,0.0831985077,0.0487818588,-11.0788689
22.1051528,0.0517746109,-0.0508767853,-10.9452425
22.1151108,0.10115502,-0.22041619,-10.5802764
22.1250688,0.0917278511,-0.265307471,-10.1337578
22.1350258,0.0323217224,-0.303764336,-9.73437504
22.1449838,-0.00433949051,-0.379630601,-9.3967926
22.1549408,0.0445920059,-0.443525858,-9.11547391
22.1648988,0.104447047,-0.539144286,-8.917653
22.1748568,0.235529588,-0.640897857,-8.88338598
22.1848138,0.345213952,-0.636259091,-9.00982976
22.1947718,0.33593642,-0.578947889,-9.26630861
22.2047298,0.290296951,-0.539593199,-9.6020954
22.2146868,0.307804551,-0.451157375,-9.80126305
22.2246448,0.329801279,-0.323217224,-9.94626188
22.2346018,0.320224472,-0.268898774,-9.99624084
22.2445598,0.37469256,-0.257376678,-9.94356841
22.2545178,0.458639256,-0.260519068,-9.82325977
22.2644748,0.485424387,-0.275931741,-9.60523779
22.2744328,0.38591538,-0.353294382,-9.3056633
22.2843908,0.27727848,-0.470310989,-9.04933409
22.2943478,0.259471605,-0.549319643,-8.93560951
22.3043057,0.310647665,-0.541089575,-8.95117182
22.3142627,0.319625922,-0.532111319,-9.08045871
22.3242207,0.374243647,-0.539593199,-9.35728828
22.3341787,0.36780923,-0.586130494,-9.74395184
22.3441357,0.283413622,-0.699256522,-10.2383545
22.3540937,0.229544084,-0.797718066,-10.6257662
22.3640507,0.22729952,-0.85862057,-10.7390419
22.3740087,0.146944127,-0.825401022,-10.5762362
22.3839667,0.073621701,-0.718559773,-10.2953664
22.3939237,0.0187047005,-0.643591334,-9.96092637
22.4038817,0.0371101257,-0.580593903,-9.70100585
22.4138397,0.116717331,-0.476595768,-9.60778162
22.4237967,0.129436527,-0.476745406,-9.58982511
22.4337547,0.14799159,-0.640000031,-9.72674352
22.4437117,0.168940855,-0.77871409,-9.87383728
22.4536697,0.25543139,-0.77183076,-9.83193876
22.4636277,0.333691856,-0.74938512,-9.65177508
22.4735847,0.380229151,-0.771531485,-9.47909329
22.4835427,0.434397964,-0.756118812,-9.39649333
22.4935007,0.495450106,-0.759859752,-9.4656259
22.5034577,0.441131656,-0.806845959,-9.6291798
22.5134157,0.346411053,-0.88989483,-9.81667572
22.5233727,0.371999083,-0.937479588,-9.87817677
22.5333307,0.413448699,-0.949151321,-9.79467899
22.5432887,0.383221903,-1.0055647,-9.62214683
22.5532457,0.339228448,-0.960074866,-9.45410381
22.5632037,0.365265391,-0.919074162,-9.379285
22.5731607,0.428262822,-0.922515827,-9.40607013
22.5831187,0.459387444,-0.871938317,-9.46772083
22.5930767,0.496497569,-0.798615891,-9.55361281
22.6030337,0.559046088,-0.784250681,-9.71402432
22.6129917,0.579995352,-0.818966605,-9.91483799
22.6229497,0.568323619,-0.841711521,-10.1288198
22.6329067,0.545877979,-0.812681826,-10.2245878
22.6428647,0.509815316,-0.754023885,-10.2025911
22.6528217,0.492756629,-0.673069942,-10.0626799
22.6627797,0.561739565,-0.558746812,-9.95838253
22.6727377,0.574907674,-0.437839629,-9.93189667
22.6826947,0.538545736,-0.318428821,-9.97903252
22.6926527,0.504578,-0.228646259,-10.0941038
22.7026107,0.410156672,-0.238671978,-10.1954085
22.7125677,0.308103826,-0.292990428,-10.1734118
22.7225257,0.218620539,-0.356287135,-10.0731546
22.7324827,0.115969143,-0.485873299,-9.94880572
22.7424407,0.0921767639,-0.545429066,-9.79423008
22.7523987,0.0917278511,-0.54827218,-9.64968015
22.7623557,0.0543184502,-0.629974312,-9.5066266
22.7723137,0.126294138,-0.693420656,-9.422231
22.7822717,0.274285728,-0.669628277,-9.42776759
22.7922287,0.386813206,-0.642394233,-9.49884545
22.8021867,0.40716392,-0.697460871,-9.66958195
22.8121437,0.420332029,-0.765545981,-9.91678328
22.8221017,0.458639256,-0.759111564,-10.134506
22.8320597,0.408061745,-0.71691376,-10.2515226
22.8420167,0.360476987,-0.681150372,-10.2169563
22.8519747,0.355239671,-0.677409432,-10.15351
22.8619317,0.412251598,-0.655113429,-9.98471875
22.8718897,0.453401939,-0.618003304,-9.81188732
22.8818477,0.474500842,-0.582539191,-9.68619173
22.8918047,0.443076945,-0.558148262,-9.64055226
22.9017627,0.408361021,-0.496946482,-9.7051957
22.9117207,0.337881709,-0.469263525,-9.82206267
22.9216777,0.288052387,-0.491110616,-9.92710827
22.9316357,0.248099147,-0.560093551,-9.99788686
22.9415927,0.184353528,-0.606930121,-9.92725791
22.9515507,0.147841953,-0.636259091,-9.76310546
22.9615087,0.154426007,-0.649576838,-9.56229179
22.9714657,0.124199211,-0.586729044,-9.422231
22.9814237,0.0990600937,-0.528968929,-9.3744966
22.9913817,0.0848445213,-0.559644638,-9.47639981
23.0013387,0.137068045,-0.624736996,-9.64219827
23.0112967,0.160561149,-0.67007719,-9.77926632
23.0212537,0.161608612,-0.682946024,-9.82834745
23.0312117,0.203357504,-0.686387688,-9.80739819
23.0411697,0.255730665,-0.6307225,-9.72719243
23.0511267,0.321421573,-0.580294627,-9.65372037
23.0610847,0.391302334,-0.540939938,-9.65611457
23.0710417,0.418686015,-0.580444265,-9.78989059
23.0809997,0.410605585,-0.62443772,-9.95733507
23.0909577,0.420182391,-0.629076486,-10.0945527
23.1009147,0.396838925,-0.680252547,-10.120889
23.1108727,0.41404725,-0.707336953,-10.0532528
23.1208307,0.427813909,-0.73127897,-9.90960067
23.1307877,0.409707759,-0.729932231,-9.77253263
23.1407457,0.374243647,-0.69566522,-9.71013375
23.1507027,0.330250191,-0.697011958,-9.68155296
23.1606607,0.267851311,-0.727388392,-9.73527286
23.1706187,0.255730665,-0.745344904,-9.81233623
23.1805757,0.263212545,-0.750282945,-9.86051954
23.1905337,0.268300224,-0.728286217,-9.89673184
23.2004917,0.272490076,-0.696413408,-9.93698435
23.2104487,0.312592954,-0.630572862,-9.96017818
23.2204067,0.329202728,-0.582539191,-9.97723687
23.2303637,0.304512524,-0.562936665,-9.96646296
23.2403217,0.323516499,-0.606032295,-9.93653544
23.2502797,0.339677361,-0.605583382,-9.90286698
23.2602367,0.319775559,-0.58388593,-9.84824925
23.2701947,0.291045139,-0.569221445,-9.77507647
23.2801517,0.261416894,-0.588075783,-9.70070658
23.2901097,0.241365455,-0.608426497,-9.65252327
23.3000686,0.236876327,-0.594061287,-9.63621277
23.3100256,0.228197346,-0.587477232,-9.63935516
23.3199836,0.242712193,-0.59510875,-9.6944218
23.3299416,0.254383926,-0.622342794,-9.75218191
23.3398986,0.23852234,-0.651073214,-9.84869817
23.3498566,0.199915839,-0.675763419,-9.96391912
23.3598136,0.185999541,-0.675613781,-10.0130003
23.3697716,0.163404263,-0.640000031,-9.98007998
23.3797296,0.139462247,-0.628477936,-9.91573581
23.3896866,0.130035078,-0.631470688,-9.86336265
23.3996446,0.179265849,-0.625634821,-9.83508114
23.4096016,0.245555308,-0.631919601,-9.79602573
23.4195596,0.27413609,-0.660350745,-9.7994674
23.4295176,0.317979908,-0.668580814,-9.81772318
23.4394746,0.326958164,-0.675164868,-9.8102413
23.4494326,0.31723172,-0.684143124,-9.78629929
23.4593906,0.280420869,-0.67815762,-9.79048914
23.4693476,0.266055659,-0.613813451,-9.82325977
23.4793056,0.238671978,-0.559195725,-9.80231051
23.4892626,0.19048867,-0.584783755,-9.87458547
23.4992206,0.185999541,-0.637156917,-9.93578725
23.5091786,0.227598795,-0.668281538,-9.96317093
23.5191356,0.257975229,-0.699106885,-9.91304234
23.5290936,0.265906022,-0.695515582,-9.84780034
23.5390506,0.263661458,-0.663642773,-9.784354
23.5490086,0.24226328,-0.653467416,-9.71043302
23.5589666,0.209043732,-0.686836601,-9.67511855
23.5689236,0.213682498,-0.691774642,-9.631574
23.5788816,0.26665421,-0.69626377,-9.58069722
23.5888396,0.298377382,-0.682347473,-9.53236427
23.5987966,0.27039515,-0.646883361,-9.56004723
23.6087546,0.297180281,-0.634762715,-9.69711527
23.6187116,0.313640417,-0.637306554,-9.84944635
23.6286696,0.310647665,-0.62758011,-9.92396588
23.6386276,0.263062907,-0.626083734,-9.94775826
23.6485846,0.244208569,-0.619948592,-9.92980175
23.6585426,0.24166473,-0.568323619,-9.89733039
23.6685006,0.259471605,-0.546775804,-9.80754783
23.6784576,0.255281752,-0.543633414,-9.74948844
23.6884156,0.247051684,-0.525976177,-9.73826562
23.6983726,0.223708218,-0.514154807,-9.75203227
23.7083306,0.233883575,-0.524479801,-9.77717139
23.7182886,0.240617267,-0.555454785,-9.7879453
23.7282456,0.24166473,-0.564283404,-9.81966847
23.7382036,0.261716169,-0.604236644,-9.87219127
23.7481606,0.268749136,-0.60259063,-9.89643256
23.7581186,0.284610722,-0.582389554,-9.88281554
23.7680766,0.285508548,-0.559644638,-9.89134488
23.7780336,0.24540567,-0.569371082,-9.90286698
23.7879916,0.225204594,-0.627879385,-9.90361517
23.7979496,0.211737209,-0.68130001,-9.89583401
23.8079066,0.197521637,-0.68878189,-9.86770214
23.8178646,0.175674547,-0.672321754,-9.7903395
23.8278216,0.163404263,-0.685938776,-9.76280618
23.8377796,0.159663323,-0.707636228,-9.77088661
23.8477376,0.203956054,-0.670975015,-9.77507647
23.8576946,0.249595523,-0.658255819,-9.77567502
23.8676526,0.243161106,-0.653916328,-9.78136124
23.8776096,0.208295544,-0.643292059,-9.78510219
23.8875676,0.166995566,-0.632967064,-9.82939492
23.8975256,0.12554595,-0.614412001,-9.85154128
23.9074826,0.123899936,-0.626831922,-9.82370869
23.9174406,0.166845928,-0.643441696,-9.78899276
23.9273986,0.188393743,-0.621444968,-9.75442648
23.9373556,0.210091196,-0.564133766,-9.71746599
23.9473136,0.23044191,-0.551713845,-9.71821418
23.9572706,0.225503869,-0.560692101,-9.81158804
23.9672286,0.210240833,-0.517596471,-9.87877533
23.9771866,0.191985046,-0.493804092,-9.94880572
23.9871436,0.1985691,-0.518793572,-9.97304702
23.9971016,0.222361479,-0.575955137,-9.90496191
24.0070586,0.228945534,-0.580444265,-9.78585037
24.0170166,0.211288297,-0.586130494,-9.69083049
24.0269746,0.203507141,-0.575655862,-9.70549498
24.0369316,0.209492645,-0.587926145,-9.75906524
24.0468896,0.218021989,-0.622043519,-9.81398224
24.0568476,0.26291327,-0.656909081,-9.86919852
24.0668046,0.282066883,-0.671124653,-9.89269162
24.0767626,0.285508548,-0.677110157,-9.8555815
24.0867196,0.221613291,-0.677110157,-9.85902316
24.0966776,0.122702835,-0.65571198,-9.82625253
24.1066356,0.126593413,-0.602440993,-9.81443116
24.1165926,0.176422735,-0.601543167,-9.80395652
24.1265506,0.189590844,-0.570268908,-9.79557682
24.1365086,0.197072724,-0.559794276,-9.86470939
24.1464656,0.201412215,-0.573710573,-9.93773254
24.1564236,0.210540108,-0.570418546,-9.97065281
24.1663806,0.215927062,-0.555454785,-9.95778398
24.1763386,0.214580324,-0.529717117,-9.90885248
24.1862966,0.226252057,-0.537947186,-9.83747535
24.1962536,0.229244809,-0.50831894,-9.7927337
24.2062116,0.229843359,-0.523731613,-9.76774422
24.2161686,0.265307471,-0.55455696,-9.80590181
24.2261266,0.225803144,-0.547823267,-9.85228947
24.2360846,0.190039757,-0.566677605,-9.9025677
24.2460416,0.18734628,-0.559943913,-9.96616369
24.2559996,0.205003517,-0.565181229,-9.9200753
24.2659566,0.215777425,-0.611269611,-9.8428623
24.2759146,0.19482816,-0.643292059,-9.78600001
24.2858726,0.177170923,-0.648529375,-9.70788918
24.2958296,0.216226337,-0.574009848,-9.70908628
24.3057867,0.212635035,-0.555903698,-9.72689316
24.3157447,0.183754977,-0.580593903,-9.75846669
24.3257017,0.181809689,-0.597652589,-9.85184056
24.3356597,0.190787945,-0.609922873,-9.90705683
24.3456167,0.176422735,-0.614262363,-9.93069957
24.3555747,0.182557877,-0.568772532,-9.8730891
24.3655327,0.182557877,-0.543783052,-9.81248587
24.3754897,0.183754977,-0.519841035,-9.76759459
24.3854477,0.197371999,-0.531512769,-9.73452467
24.3954057,0.231489373,-0.549170006,-9.76056162
24.4053627,0.265008196,-0.595557663,-9.79961703
24.4153207,0.251391174,-0.601543167,-9.80799674
24.4252777,0.204255329,-0.575506224,-9.81592753
24.4352357,0.180762225,-0.557400074,-9.76789386
24.4451937,0.196623811,-0.564881954,-9.69711527
24.4551507,0.20979192,-0.55455696,-9.66763667
24.4651087,0.203656779,-0.502483073,-9.72883845
24.4750657,0.188992294,-0.513705894,-9.84555578
24.4850237,0.207547356,-0.531363131,-9.92980175
24.4949817,0.237175602,-0.537947186,-9.99384664
24.5049387,0.228197346,-0.574608398,-9.96002854
24.5148967,0.226850607,-0.600196429,-9.87069489
24.5248537,0.253785376,-0.614262363,-9.74948844
24.5348117,0.287603474,-0.582688829,-9.65267291
24.5447697,0.271891526,-0.582539191,-9.63247183
24.5547267,0.206799168,-0.577900426,-9.71776526
24.5646847,0.145597388,-0.567725069,-9.83882208
24.5746427,0.106093061,-0.541239213,-9.92456443
24.5845997,0.111480015,-0.521935962,-9.96242275
24.5945577,0.162656075,-0.549319643,-9.95344449
24.6045147,0.202908591,-0.554108047,-9.84839889
24.6144727,0.238073428,-0.55141457,-9.77896704
24.6244307,0.267552036,-0.557549712,-9.76250691
24.6343877,0.232387199,-0.561589927,-9.75577321
24.6443457,0.171783969,-0.536301172,-9.78031378
24.6543027,0.112826753,-0.509964954,-9.81517934
24.6642607,0.135122756,-0.491409891,-9.79482863
24.6742187,0.227598795,-0.483928011,-9.71267758
24.6841757,0.279822319,-0.520589223,-9.64234791
24.6941337,0.311844766,-0.563535216,-9.66838485
24.7040917,0.29598318,-0.567126518,-9.72240403
24.7140487,0.268749136,-0.531213493,-9.82251159
24.7240067,0.246453133,-0.568024344,-9.93788218
24.7339637,0.211587572,-0.641047495,-9.97693759
24.7439217,0.177919111,-0.675763419,-9.91992567
24.7538797,0.183754977,-0.641496407,-9.81398224
24.7638367,0.215029237,-0.584035567,-9.72659388
24.7737947,0.200065476,-0.597353314,-9.63262147
24.7837517,0.202758953,-0.604386282,-9.66374609
24.7937097,0.238821616,-0.57640405,-9.77073698
24.8036677,0.236726689,-0.56263739,-9.90900212
24.8136247,0.219069452,-0.604236644,-10.0670194
24.8235827,0.189141931,-0.595856938,-10.1371995
24.8335407,0.140060797,-0.546027616,-10.1219364
24.8434977,0.147243402,-0.486920763,-10.0736035
24.8534557,0.191236858,-0.43589434,-9.95688615
24.8634127,0.232087923,-0.442628032,-9.84076737
24.8733707,0.205751705,-0.524180526,-9.8006645
24.8833287,0.19797055,-0.521487049,-9.80365725
24.8932857,0.170287593,-0.501734885,-9.81039094
24.9032437,0.132130004,-0.46896425,-9.80395652
24.9132007,0.150834705,-0.467168599,-9.82236195
24.9231587,0.1798644,-0.505326188,-9.78629929
24.9331167,0.233434662,-0.528819292,-9.69472107
24.9430737,0.275333191,-0.521487049,-9.60269395
24.9530317,0.248248785,-0.534954433,-9.51994435
24.9629897,0.238821616,-0.525377627,-9.51829834
24.9729467,0.200514389,-0.531063856,-9.58159504
24.9829047,0.183904615,-0.530914218,-9.67676456
24.9928617,0.220116915,-0.49769467,-9.72629461
25.0028197,0.249894798,-0.527771828,-9.73916344
25.0127777,0.240916542,-0.518643935,-9.70803882
25.0227347,0.25917233,-0.51205988,-9.74320366
25.0326927,0.240467629,-0.495599744,-9.82744963
25.0426507,0.152331081,-0.511760605,-9.95598833
25.0526077,0.116567693,-0.494851556,-10.027964
25.0625657,0.125246674,-0.476296493,-10.0278144
25.0725227,0.166845928,-0.459088168,-9.98202527
25.0824807,0.21233576,-0.447416435,-9.92306806
25.0924387,0.269048412,-0.430357748,-9.92695863
25.1023957,0.275333191,-0.439934555,-9.93339305
25.1123537,0.214131411,-0.45774143,-10.0064162
25.1223107,0.134973119,-0.477343956,-10.096498
25.1322687,0.0885854614,-0.489913515,-10.1146042
25.1422267,0.0957680664,-0.516997921,-9.99205099
25.1521837,0.136020582,-0.517596471,-9.85962171
25.1621417,0.175225634,-0.490063152,-9.72165584
25.1720987,0.216375975,-0.451307013,-9.62888053
25.1820567,0.222810392,-0.45459904,-9.65267291
25.1920147,0.236726689,-0.464175847,-9.76071126
25.2019717,0.232985749,-0.491409891,-9.91902784
25.2119297,0.189141931,-0.514154807,-10.0174894
25.2218877,0.143801737,-0.514154807,-10.0649245
25.2318447,0.11492168,-0.482281997,-9.95673652
25.2418027,0.114173492,-0.477343956,-9.79752211
25.2517597,0.148290865,-0.487369675,-9.69651672
25.2617177,0.161159699,-0.502183798,-9.70758991
25.2716757,0.157718034,-0.502483073,-9.76370401
25.2816327,0.13736732,-0.528819292,-9.86441012
25.2915907,0.139462247,-0.557549712,-9.90705683
25.3015481,0.179714762,-0.554108047,-9.87054526
25.3115061,0.185251353,-0.588823971,-9.80081413
25.3214641,0.184353528,-0.58388593,-9.68005659
25.3314211,0.158765498,-0.541987401,-9.58219359
25.3413791,0.118213707,-0.50891749,-9.56932476
25.3513361,0.0908300255,-0.481384171,-9.61391677
25.3612941,0.152031805,-0.421828405,-9.74903952
25.3712521,0.174178171,-0.400579865,-9.85348657
25.3812091,0.170137955,-0.428113184,-9.9690068
25.3911671,0.180014037,-0.475398667,-10.0794394
25.4011251,0.205901343,-0.500388147,-10.0988922
25.4110821,0.197820912,-0.49455228,-10.0448731
25.4210401,0.155922383,-0.503680174,-9.94611225
25.4309971,0.138564421,-0.524479801,-9.79767174
25.4409551,0.174627084,-0.499340684,-9.66210007
25.4509131,0.130783266,-0.465073672,-9.56932476
25.4608701,0.105793786,-0.451456651,-9.5754599
25.4708281,0.0700303986,-0.491858804,-9.65776058
25.4807851,0.0834977829,-0.543483777,-9.6956189
25.4907431,0.125396312,-0.581641366,-9.71716671
25.5007011,0.146195939,-0.554856235,-9.69965911
25.5106581,0.17612346,-0.503081624,-9.72524714
25.5206161,0.17238252,-0.481533809,-9.77507647
25.5305741,0.146046301,-0.508468578,-9.89643256
25.5405311,0.085742347,-0.5232827,-10.0001314
25.5504891,0.0442927307,-0.489314964,-10.0575923
25.5604461,0.0532709869,-0.45833998,-10.0432271
25.5704041,0.0830488701,-0.422277318,-9.95314521
25.5803621,0.138564421,-0.395641824,-9.85872389
25.5903191,0.181061501,-0.3971382,-9.82251159
25.6002771,0.194379247,-0.475548305,-9.84780034
25.6102341,0.167594116,-0.483778373,-9.88221699
25.6201921,0.171933607,-0.457142879,-9.92950247
25.6301501,0.110582189,-0.485424387,-9.91977603
25.6401071,0.106541974,-0.49455228,-9.88191771
25.6500651,0.121505734,-0.533158782,-9.82849709
25.6600221,0.110731827,-0.575805499,-9.77552538
25.6699801,0.120009358,-0.547972905,-9.78136124
25.6799381,0.188244106,-0.500687422,-9.76639748
25.6898951,0.192284321,-0.522235237,-9.75562358
25.6998531,0.170586868,-0.548870731,-9.79138696
25.7098111,0.16295535,-0.566228693,-9.84914708
25.7197681,0.139761522,-0.577152238,-9.83762498
25.7297261,0.123301385,-0.566677605,-9.76744495
25.7396831,0.102801034,-0.5407903,-9.7469446
25.7496411,0.095169516,-0.525227989,-9.71716671
25.7595991,0.0691325729,-0.549170006,-9.70923592
25.7695561,0.141407536,-0.569071807,-9.72300258
25.7795141,0.21981764,-0.608725772,-9.7179149
25.7894711,0.220865103,-0.589871434,-9.64833342
25.7994291,0.229394447,-0.528520016,-9.59461352
25.8093871,0.255581027,-0.468664975,-9.63711059
25.8193441,0.233434662,-0.432602312,-9.68933412
25.8293021,0.131381816,-0.384419004,-9.80679964
25.8392591,0.0704793114,-0.36780923,-9.9992336
25.8492171,0.108936176,-0.406565369,-10.0869212
25.8591751,0.143203187,-0.457442155,-10.0125513
25.8691321,0.170437231,-0.491409891,-9.88999815
25.8790901,0.195576348,-0.50143561,-9.83478187
25.8890481,0.225803144,-0.505475826,-9.78854385
25.8990051,0.289997676,-0.509516041,-9.75996307
25.9089631,0.276530292,-0.482431635,-9.74859061
25.9189201,0.227748433,-0.440682743,-9.81667572
25.9288781,0.188244106,-0.42901101,-9.96152492
25.9388361,0.134224931,-0.426916084,-10.0644756
25.9487931,0.0980126305,-0.455047953,-10.1083194
25.9587511,0.136619132,-0.538845011,-10.0568441
25.9687081,0.183754977,-0.606930121,-9.88206735
25.9786661,0.219668002,-0.598101502,-9.74335329
25.9886241,0.200963302,-0.515651183,-9.65746131
25.9985811,0.143502462,-0.481683447,-9.64893197
26.0085391,0.128239426,-0.49769467,-9.75966379
26.0184971,0.138714059,-0.520140311,-9.96152492
26.0284541,0.153977094,-0.525377627,-10.1110129
26.0384121,0.15113398,-0.550367107,-10.1773023
26.0483691,0.145298113,-0.546925442,-10.1294183
26.0583271,0.128389064,-0.519841035,-10.0216792
26.0682851,0.14050971,-0.482132359,-9.87383728
26.0782421,0.178667299,-0.442029482,-9.75143372
26.0882001,0.219967278,-0.431105936,-9.70744027
26.0981571,0.212186122,-0.470610264,-9.73228011
26.1081151,0.160860424,-0.503081624,-9.82041666
26.1180731,0.150984342,-0.476296493,-9.91917748
26.1280301,0.145298113,-0.47524903,-9.93264486
26.1379881,0.172681795,-0.503081624,-9.86575685
26.1479451,0.185400991,-0.52582654,-9.77821886
26.1579031,0.189441206,-0.528220741,-9.68140333
26.1678611,0.236128139,-0.534056608,-9.64623849
26.1778181,0.243460381,-0.551115295,-9.66973159
26.1877761,0.221014741,-0.560243188,-9.66359645
26.1977331,0.168192667,-0.543483777,-9.66509283
26.2076911,0.138564421,-0.512808068,-9.71477251
26.2176491,0.140060797,-0.511311692,-9.80021558
26.2276061,0.166546653,-0.502782349,-9.8802717
26.2375641,0.206948806,-0.515351907,-9.89388872
26.2475221,0.210240833,-0.529417842,-9.91678328
26.2574791,0.206200618,-0.513107343,-9.9574847
26.2674371,0.176273097,-0.523731613,-9.93668508
26.2773941,0.142754274,-0.529268204,-9.89807858
26.2873521,0.113874216,-0.523133063,-9.85707787
26.2973101,0.0999579193,-0.549918194,-9.76849241
26.3072677,0.124199211,-0.557250436,-9.6793084
26.3172257,0.175524909,-0.561141014,-9.63097545
26.3271827,0.149338329,-0.564133766,-9.68993267
26.3371407,0.159513686,-0.54393269,-9.75457611
26.3470987,0.160710786,-0.507271477,-9.81188732
26.3570557,0.13362638,-0.531961681,-9.82864673
26.3670137,0.130035078,-0.53704936,-9.87832641
26.3769707,0.123750298,-0.5582979,-9.894188
26.3869287,0.1261445,-0.570568183,-9.82460651
26.3968867,0.127640876,-0.537348635,-9.72390041
26.4068437,0.151582893,-0.530315668,-9.68200188
26.4168017,0.15921441,-0.533607695,-9.67392145
26.4267597,0.189590844,-0.53764791,-9.75023662
26.4367167,0.190638307,-0.556502248,-9.84495723
26.4466747,0.153827457,-0.544980153,-9.91947675
26.4566317,0.136469495,-0.542885226,-9.94506478
26.4665897,0.0827495949,-0.535852259,-9.90152024
26.4765477,0.0891840118,-0.524330164,-9.86874961
26.4865047,0.112527478,-0.495150831,-9.8368768
26.4964627,0.120757546,-0.505326188,-9.78420436
26.5064197,0.197521637,-0.540939938,-9.7867482
26.5163777,0.27413609,-0.565929417,-9.82625253
26.5263357,0.271592251,-0.631470688,-9.84226375
26.5362927,0.255132114,-0.635510903,-9.85992099
26.5462507,0.193182146,-0.558447537,-9.85752679
26.5562077,0.157568397,-0.488566776,-9.82221231
26.5661657,0.16549919,-0.443076945,-9.77911668
26.5761237,0.175973822,-0.477343956,-9.80380689
26.5860807,0.179116212,-0.548122543,-9.86246483
26.5960387,0.21293431,-0.549319643,-9.93803182
26.6059967,0.199018013,-0.551863483,-9.98112745
26.6159537,0.156371296,-0.581940641,-9.9327945
26.6259117,0.133177467,-0.589422521,-9.83328549
26.6358687,0.118961895,-0.570568183,-9.72135657
26.6458267,0.152031805,-0.564732317,-9.58758055
26.6557847,0.16924013,-0.549618919,-9.50079074
26.6657417,0.203207866,-0.532709869,-9.51231283
26.6756997,0.20485388,-0.516698646,-9.65057798
26.6856567,0.198120187,-0.563984129,-9.86485903
26.6956147,0.198419463,-0.598999328,-10.079589
26.7055727,0.21667525,-0.631171413,-10.2018429
26.7155297,0.20171149,-0.644040247,-10.156802
26.7254877,0.20545243,-0.629375761,-10.0284129
26.7354447,0.228496621,-0.627879385,-9.86545758
26.7454027,0.174327808,-0.559943913,-9.75248119
26.7553607,0.070628949,-0.462978746,-9.78959131
26.7653177,-0.0447416435,-0.424072969,-9.89074633
26.7752757,-0.0679354721,-0.455197591,-9.8850601
26.7852337,0.0285807823,-0.509964954,-9.77328081
26.7951907,0.157269122,-0.595707301,-9.7095352
26.8051487,0.327257439,-0.680252547,-9.73602105
26.8151057,0.452204839,-0.762253954,-9.85932244
26.8250637,0.430357748,-0.791283649,-9.89673184
26.8350217,0.330250191,-0.71811086,-9.88790322
26.8449787,0.162057525,-0.619649317,-9.76460183
26.8549367,0.0543184502,-0.562338115,-9.61601169
26.8648937,0.10115502,-0.564732317,-9.53131681
26.8748517,0.16295535,-0.561889202,-9.44048678
26.8848097,0.161010062,-0.562936665,-9.34905821
26.8947667,0.193331784,-0.540640662,-9.37614261
26.9047247,0.248099147,-0.517297196,-9.56603273
26.9146817,0.272639714,-0.535552984,-9.84136592
26.9246397,0.299873758,-0.557699349,-10.0617821
26.9345977,0.332045843,-0.528220741,-10.1582984
26.9445547,0.343268663,-0.516100095,-10.1455792
26.9545127,0.345213952,-0.491409891,-10.0670194
26.9644697,0.334888957,-0.525078352,-9.9913028
26.9744277,0.34596214,-0.569371082,-9.93204631
26.9843857,0.316184257,-0.595557663,-9.91334161
26.9943427,0.249745161,-0.651222852,-9.94356841
27.0043007,0.225204594,-0.695515582,-9.98037926
27.0142577,0.194379247,-0.694019206,-9.95045174
27.0242157,0.170137955,-0.686238051,-9.82610289
27.0341737,0.165199915,-0.660500383,-9.67496891
27.0441307,0.131681091,-0.616806203,-9.5742628
27.0540887,0.150984342,-0.557100799,-9.5694744
27.0640467,0.184952078,-0.55515551,-9.63127473
27.0740037,0.203656779,-0.60947396,-9.77806922
27.0839617,0.247500597,-0.625185909,-10.0173397
27.0939187,0.257675954,-0.645835898,-10.1404915
27.1038767,0.255281752,-0.620397505,-10.105177
27.1138347,0.239719441,-0.597353314,-10.0345481
27.1237917,0.231190098,-0.609773235,-9.94087493
27.1337497,0.213383223,-0.570268908,-9.8126355
27.1437067,0.202609315,-0.539892474,-9.71716671
27.1536647,0.186448454,-0.561889202,-9.66883377
27.1636227,0.204105692,-0.575655862,-9.6490816
27.1735797,0.183156427,-0.579696077,-9.67945804
27.1835377,0.155922383,-0.580593903,-9.79497827
27.1934947,0.156670571,-0.594809475,-9.86126773
27.2034527,0.138714059,-0.602740268,-9.83762498
27.2134107,0.136469495,-0.581342091,-9.82924528
27.2233677,0.193331784,-0.596305851,-9.7879453
27.2333257,0.232836111,-0.61695584,-9.70594389
27.2432837,0.238971253,-0.614860914,-9.67242507
27.2532407,0.200065476,-0.597054039,-9.66075334
27.2631987,0.130334353,-0.534206245,-9.70609353
27.2731557,0.127790514,-0.514454082,-9.74874025
27.2831137,0.179714762,-0.534954433,-9.82445687
27.2930717,0.191985046,-0.535702621,-9.90406408
27.3030286,0.182857152,-0.599298603,-9.93863037
27.3129866,0.209492645,-0.60139353,-9.93503906
27.3229436,0.203058228,-0.563235941,-9.96122564
27.3329016,0.158765498,-0.498442858,-9.96915644
27.3428596,0.136918407,-0.470759901,-9.96526586
27.3528166,0.145148476,-0.490063152,-9.91154596
27.3627746,0.143352824,-0.506822564,-9.86560722
27.3727316,0.156520934,-0.551264932,-9.86321301
27.3826896,0.182707514,-0.59196636,-9.84031846
27.3926476,0.22296003,-0.635810178,-9.78510219
27.4026046,0.250493349,-0.637306554,-9.78420436
27.4125626,0.28161797,-0.608725772,-9.76190836
27.4225196,0.299574483,-0.528968929,-9.75816742
27.4324776,0.273387902,-0.541688126,-9.74200656
27.4424356,0.267402398,-0.579396802,-9.75487539
27.4523926,0.257825591,-0.589721796,-9.7855511
27.4623506,0.23418285,-0.596305851,-9.7891424
27.4723076,0.237624515,-0.611868162,-9.84600469
27.4822656,0.233883575,-0.660799658,-9.89134488
27.4922236,0.276679929,-0.705541302,-9.91094741
27.5021806,0.28101942,-0.677858345,-9.87249055
27.5121386,0.263811095,-0.610521423,-9.82550434
27.5220966,0.318578458,-0.553808772,-9.80440544
27.5320536,0.454898315,-0.622791707,-9.7752261
27.5420116,0.217573076,-0.520140311,-9.69711527
27.5519686,0.124797762,-0.470011713,-9.84630396
27.5619266,0.134224931,-0.495450106,-9.92650972
27.5718846,0.0573112022,-0.549170006,-9.92471407
27.5818416,0.0559644638,-0.612765987,-9.88416228
27.5917996,0.140659348,-0.589422521,-9.77462755
27.6017566,0.19168577,-0.509964954,-9.72135657
27.6117146,0.1448492,-0.440533105,-9.71103157
27.6216726,0.0453401939,-0.448613536,-9.75756887
27.6316296,-0.0496796844,-0.409857397,-9.83612861
27.6415876,-0.0926256767,-0.4146458,-9.96436803
27.6515446,-0.00568622894,-0.57266311,-9.9642184
27.6615026,0.108337625,-0.691475367,-9.86186628
27.6714606,-0.393696535,-0.529118567,-9.25254195
27.6814176,-0.195127435,-0.480635983,-9.03975728
27.6913756,0.528819292,-0.53704936,-9.67092869
27.7013326,0.594360562,-0.77183076,-9.84510686
27.7112906,0.257975229,-0.89109193,-9.82969419
27.7212486,0.0505775101,-0.739209763,-9.89373909
27.7312056,0.00299275208,-0.577900426,-10.1050274
27.7411636,0.0287304199,-0.50772039,-10.2214454
27.7511206,0.0550666382,-0.543483777,-10.1506669
27.7610786,0.154575645,-0.610222148,-10.0275151
27.7710366,0.226102419,-0.664540598,-9.89867713
27.7809936,0.254533564,-0.659004007,-9.78405472
27.7909516,0.235828864,-0.596006576,-9.73856489
27.8009096,0.156670571,-0.575356586,-9.74440076
27.8108666,0.113126028,-0.555903698,-9.81398224
27.8208246,0.134823481,-0.550965657,-9.87353801
27.8307816,0.141557173,-0.573112022,-9.88221699
27.8407396,0.163404263,-0.577750788,-9.86665468
27.8506976,0.157867672,-0.58448448,-9.89927568
27.8606546,0.160710786,-0.611419249,-9.95239703
27.8706126,0.159064773,-0.647631549,-9.93309378
27.8805696,0.149936879,-0.63880293,-9.90615901
27.8905276,0.134224931,-0.645237347,-9.87293946
27.9004856,0.0770633659,-0.605433745,-9.80006595
27.9104426,0.0341173737,-0.59136781,-9.76280618
27.9204006,0.0368108505,-0.583287379,-9.75203227
27.9303576,0.128239426,-0.595258388,-9.68200188
27.9403156,0.168641579,-0.589422521,-9.60838018
27.9502736,0.23044191,-0.664540598,-9.62244611
27.9602306,0.258573779,-0.710479343,-9.70444752
27.9701886,0.251241537,-0.701501086,-9.77956559
27.9801456,0.22296003,-0.667383713,-9.84660324
27.9901036,0.205602068,-0.614860914,-9.916484
28.0000616,0.149787241,-0.585681581,-9.93054994
28.0100186,0.0694318481,-0.567126518,-9.89718075
28.0199766,0.0897825623,-0.545877979,-9.80246015
28.0299336,0.121206459,-0.510563504,-9.72973627
28.0398916,0.16609774,-0.50517655,-9.72345149
28.0498496,0.254683202,-0.532111319,-9.72105729
28.0598066,0.294636442,-0.578648614,-9.78570074
28.0697646,0.29852702,-0.581342091,-9.871892
28.0797216,0.249296248,-0.562787028,-9.89598365
28.0896796,0.246153858,-0.506822564,-9.94117421
28.0996376,0.242712193,-0.455347228,-9.98711295
28.1095946,0.212036485,-0.501884523,-9.9503021
28.1195526,0.207547356,-0.601094254,-9.86979707
28.1295096,0.227149883,-0.659901833,-9.79123733
28.1394676,0.274285728,-0.682497111,-9.72075802
28.1494256,0.308403101,-0.666036974,-9.6407019
28.1593826,0.299873758,-0.655412704,-9.64758523
28.1693406,0.258723417,-0.621744244,-9.66988123
28.1792986,0.246453133,-0.579396802,-9.74679496
28.1892556,0.224306768,-0.571017096,-9.84899744
28.1992136,0.174028533,-0.593911649,-9.91977603
28.2091706,0.171783969,-0.594959113,-9.9526963
28.2191286,0.160710786,-0.559943913,-9.92890392
28.2290866,0.184952078,-0.535702621,-9.86455975
28.2390436,0.191985046,-0.530764581,-9.80530326
28.2490016,0.1798644,-0.533009145,-9.78225907
28.2589586,0.149487966,-0.554257684,-9.8030587
28.2689166,0.147093764,-0.588075783,-9.82954455
28.2788746,0.156221658,-0.600645341,-9.87727895
28.2888316,0.167294841,-0.620547143,-9.9001735
28.2987896,0.204105692,-0.639251843,-9.9140898
28.3087458,0.239569804,-0.5945102,-9.89583401
28.3187038,0.216226337,-0.589123246,-9.78854385
28.3286618,0.221762929,-0.592115998,-9.81981811
28.3386188,0.244956757,-0.592564911,-9.93369233
28.3485768,0.153228906,-0.578648614,-9.94296986
28.3585338,0.0811035812,-0.585980856,-9.82879637
