Time (s),Quaternion X,Quaternion Y,Quaternion Z,Quaternion W,Roll (rad),Pitch (rad),Yaw (rad),Gravity X (m/s^2),Gravity Y (m/s^2),Gravity Z (m/s^2),User Acceleration X (m/s^2),User Acceleration Y (m/s^2),User Acceleration Z (m/s^2),Rotation Rate X (rad/s),Rotation Rate Y (rad/s),Rotation Rate Z (rad/s),Magnetic Field X (µT),Magnetic Field Y (µT),Magnetic Field Z (µT),Magnetic Accuracy
0.0166795833,0.045453622,0.00945310481,-2.4683943E-17,0.998921642,0.018965313,0.0909344857,-0.000862921136,0.185206638,-0.89053415,-9.76437562,-0.0366168806,-0.0176146402,-0.0463145919,-0.0492160022,-0.103940979,0.00843143649,-2.53853607,19.72789,-46.266571,2
0.0266375833,0.0450423342,0.00890125161,2.49243202E-05,0.998945403,0.0178548716,0.0901120138,-0.000755134138,0.17437678,-0.882501504,-9.76530443,-0.0343163668,0.0360034797,0.00878302591,-0.114519201,-0.117534682,0.00941045955,-2.59349823,19.5834198,-46.2545471,2
0.0365955833,0.0443978665,0.00822520467,6.81156662E-05,0.998980106,0.0164933477,0.0888230406,-0.000596622712,0.161099567,-0.869911561,-9.76666169,0.0314836824,0.173499906,-0.0895183584,-0.13787432,-0.15210171,0.0176699869,-2.63010406,19.6058502,-46.2642517,2
0.0465525833,0.0437718025,0.00744165639,0.000150112992,0.999013787,0.0149131901,0.0875713868,-0.000352891792,0.145682619,-0.857684751,-9.76798563,0.0088926329,0.317494755,-0.235737678,-0.103397079,-0.152000338,0.0260981154,-2.68945312,19.5484619,-46.307312,2
0.0565105833,0.0434752956,0.00683677641,0.00026588223,0.999031013,0.0136893611,0.0869796046,-6.3452436E-05,0.133735101,-0.851903391,-9.76866192,-0.0728329801,0.366780106,-0.449491488,-0.0111553036,-0.0970169827,0.0279910881,-2.72618103,19.6228485,-46.3638,2
0.0664675833,0.0437034665,0.00638641231,0.000315914342,0.999024087,0.0127819223,0.0874370368,7.32752867E-05,0.124865584,-0.85637228,-9.76838895,-0.184122459,0.341022199,-0.536703907,0.104641296,-0.0815038159,-0.000725620892,-2.76655579,19.6530914,-46.2043762,2
0.0764255833,0.0444666491,0.00607725253,0.00024763069,0.998992388,0.0121686578,0.0889640037,-4.58892402E-05,0.11885891,-0.871288475,-9.7671445,-0.328501558,0.22799817,-0.401029947,0.195825532,-0.0386013612,-0.0157146901,-2.75204468,19.5548859,-46.193573,2
0.0863825833,0.0455159053,0.00600012767,0.000171461098,0.998945553,0.0120220944,0.0910636867,-0.00020448917,0.117405149,-0.891795987,-9.76531086,-0.115310615,0.233093009,-0.264299171,0.218271092,0.00392697891,-0.0076488629,-2.87992096,19.5240326,-46.2876282,2
0.0963405833,0.0465276188,0.00608652099,0.000161539618,0.998898448,0.0121977138,0.0930890859,-0.000244718863,0.119097851,-0.911574235,-9.76346435,0.079321237,0.153511961,0.053779521,0.183600992,0.0273907594,0.00463976106,-2.80747223,19.4065094,-46.4347839,2
0.106297583,0.047284345,0.00624708395,0.000223449028,0.998861943,0.0125151067,0.0946049146,-0.000145037653,0.122179259,-0.926373964,-9.76203286,0.174402079,0.0257070535,0.300297536,0.121812738,0.0410543717,0.0202576034,-2.8644104,19.325943,-46.3558044,2
0.116255583,0.0477336443,0.00629734957,0.000368692732,0.998840128,0.0126026585,0.095506329,0.000135958904,0.123023372,-0.935173941,-9.76118355,0.247927846,-0.0573704581,0.368131302,0.0589168593,-0.0267584957,0.0351228341,-2.93212891,19.1618958,-46.4511108,2
0.126212583,0.0478986137,0.00601891985,0.000549155513,0.998833871,0.0120266737,0.0958387731,0.00052283374,0.117397313,-0.938419206,-9.76094097,0.251758291,-0.10754589,0.501066777,0.00907020736,-0.0755916312,0.0456536412,-2.94291687,19.1379089,-46.4020691,2
0.136170583,0.0478298056,0.00561601957,0.000801749862,0.998839417,0.0111937648,0.0957036232,0.00106930593,0.109268714,-0.937099868,-9.76116251,0.217838723,-0.0882151668,0.412552627,-0.0375116765,-0.075289093,0.0628467426,-2.93054199,19.1026001,-46.4150391,2
0.146128583,0.0475755576,0.0052351893,0.00111581778,0.998853247,0.0103994742,0.0951974068,0.0017388163,0.101520401,-0.932158173,-9.76171897,0.163038499,-0.0651746291,0.297290171,-0.0622931905,-0.0714894831,0.0664389431,-2.87213898,19.2727814,-46.493103,2
0.156085583,0.0472440795,0.00483710542,0.00140462372,0.998870643,0.0095734577,0.0945357851,0.00235956367,0.093462913,-0.92569906,-9.76241397,0.0017062194,-0.0997656116,0.165406251,-0.0698328614,-0.0854242072,0.0533178188,-2.93412781,19.2358856,-46.5170898,2
0.166043583,0.0469024223,0.00436686263,0.00161714692,0.998888631,0.00861032181,0.0938524356,0.0028335404,0.0840657646,-0.919027401,-9.76313001,-0.120727334,-0.0721702601,0.100132107,-0.0668458119,-0.0951242819,0.0412173197,-2.94931793,19.3414154,-46.3985291,2
0.176000583,0.0465830405,0.00386758829,0.00177044724,0.998905311,0.00759480631,0.0932127106,0.00319054632,0.0741555659,-0.912781273,-9.76379636,-0.146580527,0.00912168328,0.0451332732,-0.0627927482,-0.100948088,0.0294626635,-3.07145691,19.3224945,-46.236145,2
0.185958583,0.046273651,0.00339787916,0.00188146821,0.9989212,0.00664280618,0.0925924961,0.00345923735,0.0648641475,-0.906725261,-9.76442648,-0.151355057,0.0686068686,0.030949265,-0.0624958985,-0.0814893171,0.0245828647,-3.13511658,19.262619,-46.2713928,2
0.195915583,0.0459661268,0.0030500071,0.00200878955,0.998936343,0.00593396995,0.0919763493,0.00374876593,0.0579460569,-0.900708631,-9.76502678,-0.113761258,0.0765065358,-0.00376490549,-0.0612878911,-0.0580772012,0.0337153785,-3.05226898,19.3562317,-46.3484497,2
0.205873583,0.0456724173,0.00277011836,0.00219340763,0.99895019,0.00535644201,0.0913882484,0.00414648908,0.0523092977,-0.894965557,-9.76558675,-0.0434810581,0.0867746857,-0.0238549228,-0.0567727238,-0.0515362807,0.0439655967,-3.04877472,19.4118652,-46.125061,2
0.215830583,0.0453989353,0.00252410487,0.00241664484,0.998962776,0.00484353709,0.0908407782,0.00461815097,0.0473028403,-0.889619008,-9.76610055,-0.0312919638,0.0850193664,-0.0160088855,-0.0558174476,-0.0410484858,0.0493129566,-3.04447174,19.3789215,-46.1387634,2
0.225788583,0.0450901353,0.0023366934,0.00267023848,0.998976658,0.00444589897,0.0902228194,0.00514523812,0.0434218981,-0.883583747,-9.76666695,-0.0510537767,0.0942471404,-0.0115524906,-0.0695301443,-0.0306110308,0.0554043166,-3.04112244,19.315506,-46.1755676,2
0.235745583,0.0447087643,0.00220067501,0.00294596773,0.99899325,0.00415010534,0.0894597512,0.00571209764,0.0405357665,-0.876130727,-9.76735026,-0.0827339224,0.0882906432,0.0175631292,-0.0829546079,-0.0184257366,0.0559201688,-3.15299225,19.4875183,-46.2166748,2
0.245703583,0.0443001949,0.00210573998,0.00320254472,0.999010883,0.00393904304,0.0886422794,0.00623671125,0.038477053,-0.868145866,-9.76807156,-0.066908563,0.0714770902,-0.065662851,-0.0755765438,-0.0169540811,0.0456928089,-3.25547028,19.3562775,-46.2485046,2
0.255661583,0.0439892404,0.00196344393,0.00337652247,0.999024295,0.00364009467,0.0880195092,0.00659931023,0.035558864,-0.862062381,-9.76862159,-0.101399752,0.0561160742,-0.225075414,-0.0458250456,-0.0411209352,0.0229984168,-3.17900085,19.58358,-46.0147095,2
0.265618583,0.0438695115,0.00168323176,0.00342943048,0.999029918,0.00307414325,0.0877781324,0.00673048537,0.0300309332,-0.85970442,-9.7688478,-0.140014912,0.0759044782,-0.323460385,-0.00323763653,-0.0690142736,0.0033574719,-3.055336,19.3758774,-46.1019287,2
0.275576583,0.0439526522,0.00133269051,0.00340633901,0.999026857,0.00237252259,0.0879421501,0.0067148972,0.0231765646,-0.861306668,-9.76872564,-0.131065645,0.101897728,-0.323432913,0.0338692516,-0.06821879,-0.0060080667,-3.09432983,19.5275497,-46.1529236,2
0.28553325,0.0441708731,0.00102874954,0.00335918102,0.999017849,0.00176561396,0.0883768921,0.00664687154,0.0172471746,-0.865553511,-9.76836265,-0.103139499,0.0878886383,-0.259452316,0.0484921373,-0.0530034266,-0.00837788172,-3.03975677,19.3255539,-46.2258911,2
0.29549125,0.0443652556,0.000803956119,0.00332153787,0.999009486,0.00131678235,0.0887644817,0.00659115704,0.0128623813,-0.869339533,-9.76803298,-0.105488428,0.0397504842,-0.0839572171,0.0273607541,-0.0373757333,-0.00264542713,-3.12528229,19.3657913,-46.2937317,2
0.30544825,0.0444140265,0.000617478983,0.00330600761,0.999007512,0.000943789958,0.0888608735,0.00657659881,0.00921889886,-0.870281124,-9.76795348,-0.0988521866,-0.00569558129,0.11752514,-0.00831907988,-0.0397988036,-0.00214681774,-3.25360107,19.4647293,-46.2486877,2
0.31540625,0.0442881598,0.000376173645,0.00326046499,0.999013429,0.000464627836,0.0886072867,0.00650674863,0.00453856731,-0.867804067,-9.76817677,-0.0461381942,0.0178642311,0.214563957,-0.0419185869,-0.0564334393,-0.0116729448,-3.25360107,19.4647293,-46.2486877,2
0.32536325,0.0440021202,0.000103678504,0.00316710089,0.999026447,-7.18413712E-05,0.0880328823,0.00634351791,-0.000701795019,-0.862193022,-9.76867478,-0.0470329739,0.0282644098,0.248281518,-0.0716023073,-0.0502164289,-0.0216265749,-3.16832733,19.5492477,-46.1958923,2
0.33532125,0.0436079673,-9.42227823E-05,0.00301947623,0.999044086,-0.000453336023,0.0872426239,0.00606449915,-0.00442879963,-0.854472949,-9.76935224,-0.107350861,-0.00893412482,0.148402509,-0.0841718987,-0.0352662429,-0.0343636759,-3.24274445,19.6405869,-46.2720337,2
0.34527925,0.0431961095,-0.000289568977,0.00282288322,0.999062487,-0.000825550899,0.0864171094,0.00568674135,-0.00806567713,-0.846407935,-9.77005192,-0.200080582,-0.0888252615,-0.0241781634,-0.0827563405,-0.0494426712,-0.0383721739,-3.18971252,19.6057816,-46.2136841,2
0.35523625,0.0427615581,-0.00057109948,0.00264933617,0.999081627,-0.0013727498,0.0855458486,0.00536228288,-0.0134128446,-0.837895324,-9.77077965,-0.15433126,-0.0738447692,-0.053527592,-0.0943714529,-0.0636551604,-0.0265996736,-3.28462219,19.6459274,-46.110321,2
0.36519425,0.0422791153,-0.000878141475,0.0025340095,0.999102235,-0.00197604251,0.0845786703,0.00515617747,-0.0193090733,-0.828444847,-9.77157576,-0.081995927,-0.0271811447,-0.050187634,-0.0977542922,-0.060548082,-0.0154678812,-2.99871826,19.7648087,-46.0443115,2
0.37515125,0.0418152147,-0.00115582605,0.00244378333,0.999121656,-0.00252282009,0.08364884,0.00499743028,-0.0246538821,-0.8193586,-9.7723298,-0.053457285,0.0454346673,-0.0561672929,-0.0858206674,-0.0471497178,-0.0163794812,-3.09238434,19.8038101,-45.9534607,2
0.38510925,0.0414664256,-0.0013340707,0.00232053341,0.999136301,-0.00286815112,0.0829501241,0.0047640954,-0.0280302038,-0.812530289,-9.77289094,-0.0532233621,0.0820013338,-0.153918058,-0.0544374399,-0.0223431699,-0.0303064827,-3.14035797,19.716774,-46.1063843,2
0.39506625,0.041296098,-0.00133623634,0.00214185177,0.999143778,-0.00285683105,0.0826096824,0.00440543622,-0.0279203639,-0.809203117,-9.77316683,-0.0569245319,0.0869042303,-0.229059516,-0.0151558155,0.0217023175,-0.0390437804,-3.19359589,19.7833023,-46.0097656,2
0.40502425,0.0412711741,-0.00113327187,0.00197541119,0.999145359,-0.00243596158,0.0825610887,0.00405481147,-0.0238072295,-0.808728193,-9.7732171,-0.0399387413,0.0579981616,-0.236491127,0.00103931269,0.0532384776,-0.0310651734,-3.29208374,19.9982224,-46.0443115,2
0.41498125,0.0412470469,-0.00086115504,0.00188313786,0.999146886,-0.00188259487,0.0825140755,0.00384720187,-0.0183991245,-0.808268759,-9.77326679,-0.00060520506,-0.0494521593,-0.171647776,-0.0167330261,0.0536334254,-0.0100879865,-3.31369019,19.8326797,-46.0066223,2
0.42493925,0.0410376326,-0.000608888218,0.00190035056,0.999155582,-0.00137735924,0.0820958313,0.00386047793,-0.0134617834,-0.804181051,-9.77361224,0.0181001895,-0.179235527,-0.0131359604,-0.071059078,0.0509664491,0.0153501071,-3.19551086,19.896019,-45.7788086,2
0.43489625,0.0405078155,-0.000352066107,0.00205400034,0.999176969,-0.000872823222,0.0810361695,0.00414676252,-0.00853138182,-0.793823835,-9.77446447,0.0715284368,-0.217425265,0.18643501,-0.143708244,0.0527086891,0.0410807692,-3.29951477,19.9262466,-46.0811462,2
0.44485425,0.0396323815,-0.00012245259,0.00228378586,0.999211722,-0.000427077501,0.0792847598,0.00458810645,-0.00417504264,-0.776703554,-9.77584277,0.0908148462,-0.187559411,0.269814135,-0.204443276,0.0418272503,0.0453993753,-3.15688324,19.8872452,-45.9975586,2
0.45481225,0.0385593967,1.79344853E-05,0.00248477772,0.999253134,-0.000156245497,0.0771377603,0.0049792879,-0.00152768849,-0.755713081,-9.7774882,0.0904120467,-0.0927303061,0.217740834,-0.219780684,0.0197770745,0.0308875442,-3.13873291,20.0189438,-46.0860291,2
0.46476925,0.037521919,9.01808644E-05,0.00256655957,0.999292452,-1.24052969E-05,0.0750616701,0.00513720759,-0.000121311847,-0.735412489,-9.7790366,0.0719470139,0.0455849625,0.0147340433,-0.191684827,0.0108110402,0.000249185134,-3.08140564,20.0606155,-46.0675049,2
0.47472725,0.0367017814,0.000115994543,0.00249052023,0.999323075,4.91514048E-05,0.0734203969,0.00498259828,0.000480712065,-0.719361445,-9.7802302,-0.0129009975,0.114976917,-0.168725166,-0.135846853,-0.0025503058,-0.0314333774,-3.20948792,20.1918869,-46.2409668,2
0.48468425,0.0361601723,4.8649951E-05,0.00227897515,0.999343305,-6.77574562E-05,0.0723361408,0.00456338833,-0.000662736013,-0.708756757,-9.78100469,-0.0400390553,0.135347213,-0.185458859,-0.0835539177,-0.0257295221,-0.0510837324,-3.16326141,20.2082443,-46.0528259,2
0.49464225,0.0358364321,-0.000116594611,0.00198579071,0.999355733,-0.000376332898,0.0716876107,0.00398763194,-0.00368108597,-0.702413306,-9.7814612,-0.0373199828,0.132744775,-0.158515907,-0.0471943095,-0.0464976504,-0.0619190708,-3.22537231,20.3989334,-45.99646,2
0.50459925,0.0356847901,-0.000392475063,0.00166333707,0.999361587,-0.000905466754,0.0713833191,0.00336112725,-0.00885698049,-0.699436847,-9.78167104,-0.034388642,0.0901143515,-0.118652098,-0.0116783455,-0.0638038367,-0.062035203,-3.14636993,20.4316635,-45.7590942,2
0.51455725,0.0357046088,-0.000654235173,0.00135682326,0.99936127,-0.00140811474,0.0714225388,0.00276568631,-0.0137736784,-0.699820513,-9.78163831,-0.0134607354,0.101870402,-0.10132687,0.0184800886,-0.0368097723,-0.0556683838,-3.20302582,20.4029922,-45.9216309,2
0.52451425,0.035845958,-0.000706579625,0.00107579385,0.999356399,-0.0014932132,0.0717056872,0.00220653101,-0.0146057841,-0.702590124,-9.7814384,-0.0971738781,0.128133117,-0.0699532417,0.0382580534,0.0144584905,-0.0579050444,-3.25286865,20.4490433,-45.9279175,2
0.53447225,0.0360505787,-0.000481102403,0.000777074953,0.999349502,-0.00102025896,0.0721160009,0.00159196553,-0.00997931504,-0.706603524,-9.78115491,-0.219864402,0.11837993,-0.00708908148,0.0413036421,0.0724216625,-0.066455923,-3.25041962,20.2903519,-46.0232239,2
0.54443025,0.0362222267,-2.99455366E-06,0.000437604144,0.999343602,-3.77863241E-05,0.0724602904,0.000877152589,-0.000369584871,-0.709971028,-9.78091642,-0.295165051,0.13865641,0.0209533562,0.0242984295,0.108995073,-0.0752289742,-3.21230316,20.3874435,-45.9350891,2
0.55438725,0.0362058436,0.000545937908,0.000110865379,0.99934411,0.00108597908,0.0724276205,0.000182531592,0.0106218941,-0.709651514,-9.78093396,-0.270393159,0.0632188188,0.0639168841,-0.0333414339,0.103562228,-0.0610223375,-3.21266174,20.3674393,-45.7590027,2
0.56434525,0.0358896154,0.00103644705,-0.000106855345,0.999355162,0.00208459907,0.071794384,-0.00028871201,0.0203902561,-0.7034577,-9.78136592,-0.110322808,-0.0679223204,0.144853292,-0.0900210068,0.0906534195,-0.031400241,-3.26396942,20.3245621,-45.9953918,2
0.57430225,0.0353839427,0.00145519983,-0.000165611077,0.999372669,0.00292762879,0.070782098,-0.000435085253,0.0286382984,-0.693555827,-9.78205215,0.0173000624,-0.140372786,0.124890116,-0.107873239,0.0753205344,-0.000636737095,-3.26599121,20.2304001,-46.0728149,2
0.58426025,0.0348560712,0.00175974381,-0.000107977839,0.999390704,0.00353346372,0.0697257707,-0.000339324123,0.0345671724,-0.683222283,-9.78276001,0.10863564,-0.126165689,0.067837857,-0.101861104,0.0456072129,0.0175427776,-3.1995163,20.3428574,-45.8676147,2
0.59421725,0.0344157287,0.00192257491,1.05899516E-05,0.999405779,0.00385126872,0.0688449674,-0.000111430281,0.0376784842,-0.674605335,-9.78334687,0.115250793,-0.0837562146,0.0554062454,-0.0743770152,0.0265834555,0.0262007136,-2.97888184,20.5079117,-45.6624451,2
0.60417525,0.0341641376,0.00209410229,0.000138576305,0.999413942,0.00418606554,0.0683419988,0.000134217103,0.0409553299,-0.669684464,-9.78367186,0.0664840997,-0.0449829049,-0.038091538,-0.0261218678,0.0439845659,0.0222095661,-2.91047668,20.6639328,-45.9847107,2
0.61413225,0.0341633377,0.00232933481,0.000233723513,0.999413555,0.00465084133,0.0683408793,0.000308737892,0.0455025403,-0.669673504,-9.78365199,-0.0357764614,0.0281789235,-0.141211136,0.0255850013,0.0518840365,0.0124581363,-2.97364044,20.834877,-45.8666077,2
0.62409025,0.034417438,0.0026487594,0.000271679538,0.999403932,0.00528821354,0.0688496665,0.0003615648,0.051736553,-0.674651293,-9.78327906,-0.13403761,0.102289285,-0.12856559,0.0752107501,0.0792065933,-0.00235736137,-2.8948288,20.707634,-46.0702209,2
0.63404825,0.0348800402,0.00312639356,0.000230659755,0.999386523,0.00624810447,0.0697753308,0.000243531626,0.0611234814,-0.683707144,-9.78259634,-0.179337563,0.110147962,-0.09213877,0.106707424,0.110985562,-0.0215662085,-2.88591766,20.5834274,-45.941925,2
0.64400525,0.0354055807,0.0036828854,0.000102654083,0.999366147,0.00737238307,0.0708262337,-5.57511375E-05,0.0721164659,-0.693987496,-9.78179788,-0.171326562,0.123720415,-0.0493932687,0.0977172926,0.105189599,-0.035623394,-2.93406677,20.6373672,-45.894928,2
0.65396325,0.0357724629,0.00414643103,-6.29347321E-05,0.99935131,0.00831335676,0.0715590498,-0.000423527844,0.0813165938,-0.70115578,-9.78121453,-0.097328201,0.0868952433,0.0127221189,0.0469366722,0.0806411058,-0.0350348353,-2.85604095,20.6279373,-46.0958557,2
0.66392025,0.03592523,0.00451269092,-0.000206394838,0.999344211,0.00905779488,0.0718633169,-0.000738664494,0.0885961472,-0.704131946,-9.78093747,-0.00150744542,-0.0201121561,-0.0209241301,0.0197344813,0.0611321703,-0.0279137418,-2.85404205,20.6230621,-46.103241,2
0.67387825,0.0360372678,0.00476781165,-0.00032562255,0.999339033,0.0095778101,0.0720862072,-0.000997042027,0.0936808666,-0.70631214,-9.78073288,0.00687522866,-0.0798820036,-0.1468243,0.0277300887,0.0397254117,-0.0233472195,-2.79190826,20.367218,-46.0285645,2
0.68383525,0.0362078399,0.004947547,-0.000425469315,0.999331908,0.00994553099,0.0724263926,-0.00121182738,0.097275046,-0.709639458,-9.78045699,-0.046847548,-0.0400431104,-0.143659114,0.0418120436,0.0348385125,-0.0199458096,-2.71535492,20.4198608,-45.9928589,2
0.69379325,0.0364064279,0.00519591202,-0.000509149698,0.999323371,0.0104497509,0.0728226452,-0.00139964966,0.102203588,-0.71351513,-9.7801244,-0.115970622,0.0196473881,-0.0337082083,0.0364401825,0.066130124,-0.0172341801,-2.73469543,20.4026642,-46.097229,2
0.70375025,0.0365252283,0.00556515066,-0.000590760805,0.99931709,0.0111959555,0.0730589704,-0.00159149771,0.109499636,-0.715826549,-9.77987656,-0.0870543885,-0.00333002121,-0.0403904626,0.00815274846,0.0754599124,-0.0194623787,-2.81208801,20.46875,-46.103302,2
0.71370825,0.0364676355,0.00590178252,-0.000653724291,0.999317201,0.0118750406,0.0729424202,-0.00174163606,0.11614197,-0.714686658,-9.77988357,-0.052396734,-0.0349959101,0.00720130968,-0.030546179,0.0583357923,-0.0105852634,-2.78124237,20.3057709,-46.015625,2
0.72366625,0.0362671501,0.00623950614,-0.000680639263,0.999322411,0.0125532689,0.0725402603,-0.00181771574,0.12277854,-0.710753191,-9.78008874,-0.000225716781,0.00940356897,0.0294032046,-0.0484008528,0.0827409029,-0.00784937665,-2.77462769,20.427002,-46.2300415,2
0.73362325,0.0360400427,0.00667625869,-0.000720264915,0.999327762,0.0134307399,0.0720844239,-0.00192578913,0.131364573,-0.706294677,-9.78030034,0.0271012752,0.0616576339,0.0507137037,-0.0400851332,0.0867995545,-0.0168298222,-2.75535583,20.3319397,-45.7068787,2
0.74358125,0.0358997493,0.00706077518,-0.000807956664,0.99933009,0.0142071845,0.0718016692,-0.00212727373,0.13896122,-0.703528939,-9.78039445,0.0145665686,0.0695163116,-0.0162292503,-0.015160474,0.0662555248,-0.0246574506,-2.61491394,20.4429626,-45.8323975,2
0.75353825,0.0358811975,0.0073815847,-0.00092912658,0.999328352,0.0148587187,0.0717620566,-0.00239288633,0.14533387,-0.703141474,-9.78033015,0.0267489912,0.0737676123,-0.158749131,0.0068052779,0.0613936633,-0.0283898711,-2.65744781,20.4900665,-45.9047852,2
0.76349625,0.0359550498,0.00766751006,-0.00107195894,0.999323446,0.0154422477,0.0719069612,-0.00270082152,0.151039369,-0.704558867,-9.78014135,-0.01322352,0.00500482255,-0.171956403,0.0210461766,0.056451872,-0.0334152095,-2.63890076,20.3066101,-45.8108521,2
0.77345325,0.0360742971,0.00797131934,-0.00123657963,0.999316524,0.0160634316,0.0721421289,-0.00305453834,0.15711194,-0.706859106,-9.77988007,-0.0517674688,-0.0438709251,-0.115804308,0.0259141698,0.06081466,-0.0352525264,-2.67952728,20.1614532,-45.8736572,2
0.78341125,0.0362046075,0.00823225025,-0.00139955798,0.999309523,0.0165987168,0.0723994075,-0.00340219326,0.162343922,-0.709375546,-9.77961236,-0.0388932828,-0.107344669,-0.0873415988,0.0266555939,0.0389559679,-0.0337614231,-2.54855347,20.3368988,-45.9508667,2
0.79336825,0.0363245089,0.00834167382,-0.00155608809,0.999303986,0.0168299547,0.0726363476,-0.00372585763,0.164602497,-0.711693029,-9.77940602,-0.01900551,-0.107271823,-0.00255377614,0.0217055753,0.00165866502,-0.0284500141,-2.46712494,20.3149719,-45.781311,2
0.80332625,0.0364014324,0.00831312736,-0.00168933213,0.999301285,0.0167828508,0.0727881655,-0.00399210426,0.16414003,-0.713177934,-9.77930548,0.00644643619,-0.0570049858,0.0459784918,0.00853735302,-0.00978767127,-0.0238425024,-2.62862396,20.4384155,-46.0068054,2
0.81328425,0.0363703718,0.00830875286,-0.00178697627,0.999302196,0.016781038,0.0727243773,-0.00418692277,0.164123079,-0.71255403,-9.77935166,0.0292083031,-0.0140843472,0.113510644,-0.021133991,0.0095002735,-0.0155494185,-2.55670166,20.3569183,-45.8651733,2
0.82324125,0.0361943334,0.00840877612,-0.00183550479,0.999307743,0.0169840522,0.0723708442,-0.00428840695,0.166112682,-0.709096145,-9.7795691,0.0224303151,-0.0245751999,0.183309572,-0.048500672,0.0290769599,-0.00369260088,-2.5289917,20.3731995,-45.6845093,2
0.83319925,0.0359323289,0.00861549863,-0.00182369412,0.999315404,0.0173960135,0.0718458288,-0.00427508297,0.170147929,-0.703960901,-9.77987071,0.0786990226,0.0184727914,0.14081483,-0.0524035357,0.0546560884,0.00554936705,-2.46261597,20.4860382,-45.9014893,2
0.84315625,0.035705611,0.00891489805,-0.00178237136,0.999320957,0.0179917688,0.0713915801,-0.00420968158,0.175980051,-0.699517658,-9.7800864,0.105637554,0.0491944582,-0.00247194307,-0.0378776379,0.0650800541,0.0071857674,-2.55000305,20.3786316,-45.7616577,2
0.85311425,0.03556752,0.00926993068,-0.00173452188,0.999322772,0.0186990412,0.0711146336,-0.00413657863,0.18290079,-0.696808618,-9.78015304,0.0653475745,0.0574090366,-0.148900522,-0.017531354,0.0841996819,0.00608641375,-2.57578278,20.3398285,-45.9273987,2
0.86307125,0.0355437937,0.00971082235,-0.00168438335,0.999319556,0.0195788356,0.0710663068,-0.00406707044,0.191505902,-0.696335886,-9.78002152,0.0423772707,0.0109974871,-0.274428351,0.00839798059,0.0866685286,0.00545204803,-2.36224365,20.5039215,-45.8066406,2
0.87302925,0.0356398436,0.0100546227,-0.00165932591,0.999312666,0.020266515,0.0712576147,-0.00404333312,0.198228671,-0.698207233,-9.77975439,-0.0300364062,-0.0243909294,-0.286217573,0.0294244364,0.0521161482,0.00197395962,-2.40979767,20.4898834,-45.7982788,2
0.88298625,0.0358067438,0.0102498732,-0.00165082913,0.999304724,0.0206580972,0.071590993,-0.00404376111,0.202053417,-0.70146828,-9.77944284,-0.0233865199,0.0198707486,-0.228469733,0.036013674,0.0273735318,0.00130907912,-2.45773315,20.3118134,-45.809967,2
0.89294425,0.0359610478,0.010335738,-0.00163223822,0.999298399,0.0208296865,0.0718998269,-0.00401594069,0.20372694,-0.704489089,-9.77919092,0.0145939407,0.0230411953,-0.176797413,0.0226110481,0.00630313484,0.00608119741,-2.41187286,20.4339447,-45.8681641,2
0.90290225,0.0360146104,0.0102933368,-0.00158298355,0.999296939,0.0207414553,0.0720082046,-0.00391531869,0.202862523,-0.705549193,-9.77913246,0.0214438431,0.0076411624,-0.0525070168,-0.0032600956,-0.023114983,0.0141449152,-2.48583221,20.3857574,-45.8485718,2
0.91285925,0.0359358252,0.0101148485,-0.00151382032,0.999301778,0.0203783619,0.0718526548,-0.003762214,0.199314019,-0.704027682,-9.77931483,0.0332224158,0.0297624664,0.0512251603,-0.0263928454,-0.0461164415,0.0133241294,-2.53600311,20.4680176,-45.9444885,2
0.92281725,0.0358046537,0.00985916427,-0.00147968464,0.999309006,0.0198628458,0.0715917892,-0.00367274863,0.194276225,-0.701476025,-9.77960008,-0.0332665655,0.0541455778,0.0230780932,-0.022245327,-0.05469504,0.000739939278,-2.51028442,20.4450989,-45.8467102,2
0.93277425,0.0357709927,0.00960137081,-0.00151698477,0.999312663,0.019348746,0.0715246501,-0.00372832649,0.189249428,-0.700819315,-9.77974563,-0.0818100307,0.04271496,-0.13329671,0.0111488486,-0.0431536995,-0.0124805253,-2.44288635,20.3035889,-45.8700256,2
0.94273225,0.0358993143,0.00946697381,-0.00159690316,0.999309257,0.0190858284,0.0717804232,-0.0038813205,0.186674719,-0.703321141,-9.77961528,-0.110210305,0.0392312826,-0.161259652,0.0415700935,-0.0137052936,-0.0176409073,-2.5238266,20.395401,-45.68396,2
0.95268925,0.0361382579,0.00946297243,-0.00168968575,0.999300509,0.0190857889,0.0722568399,-0.00407159394,0.186667924,-0.707981096,-9.77927918,-0.091349154,0.0441904394,-0.0501157378,0.0519015603,0.0105382605,-0.0193679687,-2.56044006,20.2307281,-45.6963196,2
0.96264725,0.0363682658,0.0095725058,-0.00177077122,0.999291061,0.0193124708,0.0727151275,-0.00424653711,0.188878421,-0.712463575,-9.77891151,-0.0316097017,0.0126103291,0.0306201792,0.0373103209,0.0310407728,-0.0134480065,-2.52841949,20.3222046,-45.651947,2
0.97260425,0.0364854413,0.00971693459,-0.00180932621,0.999285218,0.0196054003,0.0729482432,-0.00433666627,0.191739674,-0.714743576,-9.7786894,0.0375047145,-0.016533567,0.0920487536,0.00870504323,0.0239008404,-0.00120891677,-2.45445251,20.3401794,-45.8550415,2
0.98256225,0.0364568118,0.00980884637,-0.00177930309,0.99928544,0.0197872407,0.072891146,-0.00428264701,0.193518648,-0.714185138,-9.77869466,0.0505398815,-0.0133510645,0.139788994,-0.0151516423,0.0150156245,0.0116181085,-2.54834747,20.364502,-45.7217712,2
0.99252025,0.0363552276,0.00985952482,-0.00169562207,0.999288862,0.0198821254,0.0726893069,-0.00411660538,0.194449353,-0.712210989,-9.77882033,0.0147436331,0.0184928844,0.113577864,-0.0226252712,0.00890153833,0.0198600609,-2.44939423,20.3473663,-45.8568115,2
1.00247725,0.0362634328,0.00992506969,-0.00160323749,0.999291681,0.0200062543,0.0725071841,-0.00393438566,0.19566578,-0.710429731,-9.77892554,-0.0539593528,-0.00543481147,-0.000191138658,-0.0119004967,0.019970756,0.0138199013,-2.32566071,20.5108185,-45.966217,2
1.01243525,0.0362453783,0.0100352305,-0.00154612427,0.999291329,0.0202227754,0.0724717753,-0.00382757505,0.197783631,-0.710083402,-9.77890801,-0.139575005,-0.0176024383,-0.0814613086,0.00733977696,0.0239444599,0.00735561084,-2.32566071,20.5108185,-45.966217,2
1.02239225,0.0362975989,0.0101061196,-0.00150134072,0.999288849,0.0203618623,0.0725769248,-0.003744067,0.199142224,-0.711111795,-9.77880572,-0.087662611,-0.0285449804,-0.0452016623,0.0118464204,0.00807878934,0.011776302,-2.33094025,20.3908691,-45.8809509,2
1.03235025,0.0363287862,0.0101401298,-0.00142715037,0.999287397,0.0204247812,0.0726407202,-0.00359852166,0.199756575,-0.711735772,-9.77874785,0.0396632077,-0.0309138284,0.0804354727,-6.13720622E-05,0.0133212218,0.0172911752,-2.25696564,20.3827972,-45.8189392,2
1.04230725,0.0362950982,0.0102157514,-0.00133552899,0.999287906,0.0205694937,0.0725749118,-0.00341972808,0.201172634,-0.711092141,-9.77876597,0.057400762,-0.0370941244,0.10185177,-0.0138585893,0.0166313928,0.0171736851,-2.29576874,20.4284515,-45.7226562,2
1.05226525,0.0362073041,0.0102781264,-0.00125045636,0.999290718,0.0206878937,0.0724007772,-0.00325195051,0.202333001,-0.709388917,-9.77886534,0.0439701112,-0.0287715556,0.0198000945,-0.0218528658,0.00830128975,0.0150567386,-2.3315506,20.4303284,-45.7103271,2
1.06222225,0.0361250262,0.0103528516,-0.0011714722,0.999292926,0.0208315329,0.0722375194,-0.00309736469,0.203740037,-0.707792149,-9.77895185,0.0210152607,0.0049460781,-0.0254535902,-0.0132286176,0.0227086674,0.0162536297,-2.26409149,20.5112305,-45.6203003,2
1.07218025,0.0360734032,0.0105041907,-0.00108264984,0.999293304,0.0211281592,0.0721356197,-0.00292923537,0.206642243,-0.706795393,-9.77896354,-0.0394974227,-0.0083208883,-0.0276870483,-0.00604154356,0.0362572335,0.0166666862,-2.38759613,20.3886414,-45.8108521,2
1.08213825,0.0360461187,0.0107135637,-0.000983201514,0.999292217,0.0215404409,0.0720825506,-0.00274450645,0.210674713,-0.706276338,-9.77891502,-0.0462234065,-0.0217087777,-0.0359650474,-0.00615472905,0.0527612939,0.01993718,-2.21586609,20.308197,-45.8917236,2
1.09209525,0.0359901879,0.0109709282,-0.00084031569,0.999291582,0.0220456546,0.0719730676,-0.00247554389,0.215616845,-0.705205494,-9.77888463,-0.0119604686,0.0129837655,0.00410743532,-0.0202449821,0.0568359271,0.033103317,-2.35020447,20.2797852,-45.6870728,2
1.10205325,0.0358456493,0.0112413803,-0.000655033389,0.999293884,0.0225737368,0.0716873346,-0.00212049882,0.220785407,-0.702410602,-9.77896997,-0.00321271497,0.0471493623,0.103252869,-0.0410492867,0.0573667102,0.0379314721,-2.15420532,20.5112,-45.5927124,2
1.11201025,0.0356015961,0.0115267754,-0.000454256403,0.99929939,0.0231304103,0.0712029839,-0.00173301158,0.226236896,-0.697672906,-9.77918449,-0.0355989723,0.0846093974,0.139081138,-0.0575398467,0.0608370751,0.0354776345,-2.33712006,20.4629822,-45.6107788,2
1.12196825,0.03531708,0.0118033313,-0.000294659317,0.999306389,0.02367234,0.0706369382,-0.0014261853,0.231545816,-0.692135804,-9.77945395,-0.10600025,0.107054527,0.0304144275,-0.0571419224,0.0492019057,0.0222847145,-2.1368103,20.6521759,-45.6356201,2
1.13192525,0.03506227,0.011979435,-0.000211524117,0.999313275,0.0240185915,0.0701287844,-0.00126592207,0.234940372,-0.687164883,-9.77972341,-0.111340095,0.0941528132,-0.0806464851,-0.0452248082,0.0182748847,0.00614835601,-2.30152893,20.5083313,-45.5549011,2
1.14188325,0.0348801004,0.0119775061,-0.000199302682,0.999319637,0.0240133335,0.0697645422,-0.00123689654,0.234894944,-0.683601638,-9.77997417,-0.065056647,0.105254053,-0.121845341,-0.0293480661,-0.017498266,-0.00135086337,-2.39000702,20.5097198,-45.5976562,2
1.15184125,0.0347685916,0.0118207214,-0.000225966882,0.999325378,0.023700705,0.0695409656,-0.00127669467,0.231841036,-0.681414357,-9.7801998,0.00488525129,0.126111036,-0.146160283,-0.0138098523,-0.0413380861,-0.00800903235,-2.24829865,20.5208282,-45.6815491,2
1.16179825,0.0347370979,0.0116074147,-0.000275272519,0.999328997,0.0232766296,0.0694770695,-0.00135987262,0.227694493,-0.680789284,-9.78034067,0.0600582359,0.115759446,-0.233407774,0.000323054846,-0.0424707122,-0.0078589851,-2.24501038,20.5801086,-45.5794678,2
1.17175625,0.0347729925,0.0114198429,-0.000308001021,0.999329906,0.0229031674,0.0695484019,-0.00141321041,0.224040774,-0.68148713,-9.78037633,0.0759822196,0.083537092,-0.322854821,0.0163611434,-0.0279799215,-0.0033273506,-2.24238586,20.4184723,-45.6527405,2
1.18171325,0.0348898997,0.0113399574,-0.000317327943,0.999326668,0.0227440973,0.0697822385,-0.0014290069,0.222481379,-0.683774729,-9.78025241,0.0552456297,0.0735543349,-0.323128961,0.0314316638,-0.00395707274,0.00125251058,-2.24389648,20.4538574,-45.7738953,2
1.19167125,0.0350632037,0.0113768688,-0.000301529812,0.999320296,0.0228174787,0.0701293513,-0.00140392003,0.223193637,-0.687170436,-9.77999814,0.0308906302,0.0928116278,-0.295849909,0.0380080715,0.0207613222,0.00461182185,-2.31334686,20.4136353,-45.8862305,2
1.20162825,0.0352618465,0.011517041,-0.0002742372,0.999311635,0.0230970345,0.0705272839,-0.00136371175,0.225921345,-0.691063133,-9.77966146,0.00332308001,0.120047791,-0.237827928,0.0422918089,0.0380300879,0.00561580947,-2.15225983,20.5474396,-45.7520142,2
1.21158625,0.0354774676,0.011756319,-0.000244961631,0.99930122,0.0235750951,0.0709591275,-0.00132708983,0.230589538,-0.695287473,-9.77925287,0.0315751601,0.088508816,-0.141869892,0.045257505,0.0594533533,0.00511247246,-2.05594635,20.6156769,-45.840271,2
1.22154325,0.0357209207,0.0120530596,-0.000208168931,0.999289021,0.0241678567,0.0714467992,-0.00128040158,0.23637804,-0.700057829,-9.77877415,0.054816335,0.0154675452,-0.0331131651,0.0510031842,0.0617199428,0.00559481513,-2.02435303,20.552948,-45.730011,2
1.23150125,0.0359733214,0.0123686402,-0.000164786706,0.999276206,0.0247979302,0.071952561,-0.00122238018,0.242530535,-0.705004857,-9.77826854,0.0667700085,0.0100896515,-0.0012976386,0.0467948578,0.0641428828,0.00906384829,-2.03044128,20.5803833,-45.6954041,2
1.24145925,0.0361698828,0.0126446729,-0.000113587747,0.999265643,0.0253480063,0.0723468647,-0.00114471605,0.247902218,-0.708861605,-9.7778547,0.0431425378,-0.0197221339,0.0597901596,0.0327566713,0.0455186442,0.00872409623,-2.02410126,20.635788,-45.8032837,2
1.25141625,0.0362956503,0.0127834703,-7.49679741E-05,0.999259267,0.0256237382,0.0725993709,-0.00108064043,0.250593686,-0.711331356,-9.77760686,-0.00129782126,-0.0293730287,0.118050625,0.0184538998,0.0100693079,0.00378313311,-2.10372162,20.559021,-45.7567749,2
1.26137425,0.0363328495,0.012741332,-5.96047557E-05,0.999258422,0.0255382775,0.0726742481,-0.00104774473,0.249756723,-0.712063762,-9.77757471,-0.0163224632,0.00158624628,0.153483173,-0.00297487085,-0.0262041651,0.00247587706,-2.09578705,20.6125031,-45.7019043,2
1.27133125,0.0362566762,0.0125607158,-3.41201859E-05,0.999263546,0.0251742302,0.0725226484,-0.000981590104,0.246199926,-0.710580976,-9.77777287,0.0203042629,0.0283848944,0.149341251,-0.0268343966,-0.0443046056,0.00966827665,-2.22042847,20.460083,-45.6170959,2
1.28128938,0.0360887616,0.0123000806,2.56567603E-05,0.999272885,0.0246471031,0.0721883542,-0.000838697583,0.241051603,-0.707311234,-9.77813819,0.0431098228,0.00611117636,0.116337392,-0.0389050879,-0.0583636723,0.0168278739,-2.13646698,20.5484009,-45.7343445,2
1.29124638,0.035895957,0.0120010756,0.000118189054,0.999283384,0.0240407254,0.0718049916,-0.000626987174,0.235128807,-0.703561453,-9.7785532,0.019105098,-0.0245733733,0.0272691152,-0.0368248932,-0.0580832437,0.0227629952,-2.16497803,20.4509277,-45.8612976,2
1.30120438,0.0357504495,0.0117342168,0.000228822627,0.999291779,0.0234976737,0.0715165784,-0.000382664092,0.229823266,-0.700740331,-9.7788817,0.0146841945,-0.0290405088,-0.107076227,-0.019844709,-0.0463119261,0.0259716362,-2.14976501,20.4354858,-45.6647339,2
1.31116238,0.0357093349,0.0115319303,0.000356904764,0.99929554,0.0230830427,0.0714373353,-0.000110570461,0.225769899,-0.699965255,-9.77903193,0.0245733916,-0.0239796452,-0.166631409,0.00180812157,-0.0331271514,0.0282829944,-2.17608643,20.4283752,-45.7271423,2
1.32111938,0.0357510894,0.0114117221,0.000488585371,0.999295398,0.0228327842,0.0715239159,0.000160930696,0.223321228,-0.700812154,-9.77902725,0.0187920317,0.0136780314,-0.133117262,0.0120865926,-0.0112826722,0.0268616676,-2.18018341,20.53302,-45.7539368,2
1.33107738,0.035809359,0.0114204954,0.000621416013,0.999293101,0.0228409143,0.0716435575,0.00042512281,0.223398823,-0.70198244,-9.77894132,0.014823877,0.0654258274,-0.0594318477,0.00962343439,0.0154088605,0.0253551155,-2.23220825,20.3361664,-45.838623,2
1.34103438,0.0358413942,0.0115762064,0.000754403744,0.999290073,0.0231434405,0.0717108108,0.000679668473,0.226356102,-0.702640247,-9.77882617,0.0214433865,0.0580032031,-0.0203419463,0.00250396272,0.0510843694,0.0250779055,-2.20143127,20.4240875,-45.7250366,2
1.35099238,0.0358692321,0.0118595446,0.000882688357,0.999285746,0.0237020558,0.0717697585,0.000915687694,0.231817692,-0.703216804,-9.77865666,0.0264564288,-7.81067375E-05,-0.0460994879,0.00886465702,0.0605812036,0.0219225921,-2.08436584,20.4766083,-45.6836548,2
1.36094938,0.0359535954,0.0121495496,0.000991952447,0.999279113,0.0242754243,0.0719414978,0.0011117106,0.237421485,-0.704896647,-9.77840123,-0.00668070161,-0.0280264364,-0.113242348,0.0246459711,0.0596818402,0.0186049808,-1.9910965,20.6198425,-45.8300476,2
1.37090738,0.0361102693,0.0124439291,0.00108680696,0.999269661,0.0248586127,0.0722577034,0.00127665089,0.243118546,-0.707989572,-9.77803824,-0.0331773894,-0.0143093151,-0.135752286,0.03799906,0.0579465255,0.015496539,-1.9910965,20.6198425,-45.8300476,2
1.38086438,0.0363165629,0.0127146634,0.00116608458,0.999258745,0.025395535,0.0726728904,0.00141065861,0.248361068,-0.712050464,-9.77761154,-0.0472485118,-0.000372413509,-0.07168518,0.0439026281,0.0506597087,0.0132074859,-2.00097656,20.4237976,-45.9344177,2
1.39082238,0.036531464,0.0129390021,0.00123992459,0.999248022,0.0258398378,0.0731051724,0.00153672821,0.252697288,-0.716278457,-9.77719127,-0.000707965606,0.0442578055,-0.0376882179,0.0427337661,0.0421567634,0.0147169661,-2.10044861,20.4825897,-45.7930908,2
1.40078038,0.0367128011,0.0131558789,0.00132609719,0.999238327,0.0262682253,0.0734706483,0.00168875258,0.256878794,-0.719852882,-9.77682009,0.0419471174,0.0960155384,-0.00843172826,0.0289632659,0.0476083271,0.0186672751,-2.07395935,20.3278961,-45.9276123,2
1.41073738,0.0368091447,0.013407214,0.00144982478,0.999231253,0.0267628532,0.0736671838,0.00191560096,0.261710872,-0.721775082,-9.77655005,0.0999628512,0.119036568,0.0131453128,0.0100225983,0.0545171015,0.0275792759,-2.11481476,20.2884064,-45.9862671,2
1.42069538,0.0368258701,0.0137224254,0.00161570582,0.999226121,0.0273823691,0.0737058025,0.00222427122,0.267766774,-0.722152756,-9.77635832,0.120093511,0.0941254868,0.0433300232,-0.00121172238,0.0745415613,0.0343369357,-2.05930328,20.2779541,-45.9613342,2
1.43065238,0.0368020776,0.0141151167,0.00181355589,0.999221236,0.0281548291,0.0736646372,0.00259238936,0.275319382,-0.721750167,-9.77617829,0.0692956545,0.00423961033,0.0275876796,-0.00703179464,0.0862549394,0.0405468978,-2.0304718,20.3121796,-45.9447632,2
1.44061038,0.0367744599,0.014581167,0.00205137631,0.999215073,0.0290713919,0.0736174897,0.00303532915,0.284280723,-0.721289052,-9.77595559,0.0308556867,-0.0218095346,0.0228758487,-0.00532608572,0.107945226,0.0476722084,-1.87677765,20.4493103,-45.946228,2
1.45056737,0.0367510553,0.0151311564,0.00231687194,0.999207109,0.0301541717,0.0735803223,0.0035274498,0.294866579,-0.720925553,-9.77566917,-0.0603848558,-0.0133443425,0.0719698422,-0.00539213233,0.11091385,0.0476125516,-1.8986969,20.4301147,-46.0125427,2
1.46052538,0.0367214313,0.0156296371,0.00253476295,0.99920006,0.0311372614,0.0735295871,0.00392820972,0.304477927,-0.720429367,-9.77541081,-0.204819667,-0.0407753702,0.10567922,-0.00658784853,0.0911517888,0.0330988355,-1.85978699,20.4264832,-46.1694641,2
1.47048238,0.0366496018,0.0160326792,0.00268309515,0.999195935,0.031934287,0.0733921696,0.00419800623,0.312272234,-0.719085331,-9.7752641,-0.299254165,-0.090153003,0.18888065,-0.0262137465,0.0696465075,0.0199207142,-1.74617767,20.356781,-46.32724,2
1.48044038,0.0364205071,0.0162497511,0.0027680918,0.99920057,0.0323635716,0.0729373968,0.00435971464,0.316479148,-0.714637485,-9.77545465,-0.277573736,-0.090560634,0.264189281,-0.0674154609,0.0164526105,0.00925406907,-1.69828033,20.3865433,-46.2185364,2
1.49039838,0.0359957831,0.0161794286,0.00279800723,0.999216987,0.0322213337,0.0720881567,0.00443839233,0.315108115,-0.70633121,-9.77610289,-0.147664039,-0.0571180908,0.319006328,-0.103644304,-0.0459388606,7.41526019E-05,-1.69885254,20.4930649,-46.2166443,2
1.50035538,0.035403015,0.015784544,0.00276637155,0.999244567,0.0314334974,0.0708992559,0.00442204647,0.307432247,-0.694701855,-9.77718074,-0.0524501355,0.0131043232,0.279681449,-0.132063478,-0.108269617,-0.0107401256,-1.80935669,20.6370926,-46.0611267,2
1.51031338,0.0347250486,0.0151257347,0.00268632744,0.999278741,0.030120421,0.069537298,0.00432877108,0.294622011,-0.681378482,-9.77851229,0.0315875812,0.0644244683,0.209935713,-0.138505667,-0.153620318,-0.0176771283,-1.8068924,20.5725632,-45.9526672,2
1.52027038,0.0340462723,0.0143541567,0.00258281269,0.999313856,0.0285830223,0.0681727649,0.00419442531,0.279614503,-0.668028733,-9.77987422,0.130990698,0.0860898452,-0.0230348386,-0.132855773,-0.153247133,-0.0165243782,-1.83908844,20.7385483,-45.872467,2
1.53022838,0.0334350327,0.0136803828,0.00249136174,0.999344102,0.0272406008,0.0669443622,0.00407378349,0.266507696,-0.656009647,-9.78105379,0.151280092,0.0993596612,-0.209051916,-0.111309201,-0.114323698,-0.0148082366,-2.02666473,20.5799637,-45.8696289,2
1.54018538,0.0329860853,0.0132930732,0.00242762037,0.999364472,0.0264698841,0.0660427833,0.00398387771,0.258984753,-0.647187751,-9.78184348,0.112265777,0.0879937791,-0.416857046,-0.0658069104,-0.0408722833,-0.00595457852,-1.98320007,20.7600784,-45.670929,2
1.55014338,0.0328313908,0.0132476342,0.00241397041,0.999370177,0.0263800969,0.0657327103,0.00396359377,0.258111751,-0.644153571,-9.78206676,0.0724373501,0.0119364484,-0.672962974,0.00404593674,0.0195926577,0.00132117723,-2.00402832,20.6733932,-45.7072144,2
1.56010138,0.033008733,0.0134608426,0.00246880464,0.99936133,0.0268032242,0.0660898686,0.00405466806,0.262244595,-0.6476485,-9.78172599,0.0332892888,0.00241290636,-0.794659847,0.0673526451,0.0666559264,0.0185421519,-1.8587265,20.794838,-45.7294922,2
1.57005838,0.0334738594,0.0138709353,0.00259510455,0.999339949,0.027615332,0.0670256965,0.00426775148,0.270171479,-0.656805547,-9.78089947,-0.0121966155,-0.0149159026,-0.718422995,0.118275747,0.0946279094,0.0280493703,-1.88428497,20.6081161,-46.0046387,2
1.58001638,0.0341395724,0.0143334404,0.00273948914,0.999310548,0.0285305723,0.0683638408,0.00450706901,0.279097914,-0.66989818,-9.77976082,-0.0739451426,0.010297376,-0.537602318,0.143244162,0.089346759,0.0273774788,-1.85276794,20.5695572,-45.8425598,2
1.58997338,0.0348362124,0.0147125776,0.00286874066,0.999280539,0.0292795076,0.0697632863,0.00471979071,0.286394519,-0.68358929,-9.7786023,-0.118202236,0.0823472246,-0.236941209,0.132153168,0.0646438152,0.0240330789,-1.70080566,20.5429001,-46.0614014,2
1.59993138,0.03540738,0.0149552058,0.00297494744,0.999256635,0.0297566686,0.0709105123,0.00489875322,0.291036919,-0.694811964,-9.77767467,-0.11012544,0.143997771,0.0605079525,0.0971008688,0.0301080924,0.0182254147,-1.79347229,20.5225449,-46.122345,2
1.60988838,0.035749327,0.0149672905,0.0030448813,0.999243962,0.0297749147,0.0715968988,0.00502791986,0.291201061,-0.701526002,-9.7771901,-0.115526897,0.112254872,0.265026901,0.0395603441,-0.0231516659,0.0124681927,-1.77671814,20.5172195,-46.082428,2
1.61984638,0.0357986946,0.0147485504,0.0031044856,0.999245284,0.0293321174,0.0716963352,0.00516161096,0.28686968,-0.702498646,-9.77724855,-0.117480296,0.0791102155,0.391678766,-0.0192175787,-0.060590297,0.0149235344,-1.65039062,20.6186142,-45.8649292,2
1.62980438,0.0355994818,0.0143602885,0.00315524811,0.999257871,0.0285510168,0.0712971339,0.00529685707,0.279240555,-0.698593821,-9.7777489,-0.0939895855,0.0545553277,0.404000487,-0.059068054,-0.093070738,0.00868294947,-1.49678802,20.6533279,-45.9307861,2
1.63976138,0.0352724591,0.0138565388,0.00316598196,0.999276642,0.0275418495,0.0706403634,0.00536327687,0.269385608,-0.692169341,-9.77848247,-0.0808425922,0.0199989781,0.30432723,-0.0700631812,-0.106186926,8.42711888E-05,-1.66868591,20.6032028,-45.9717712,2
1.64971938,0.034957916,0.0133398561,0.00314361652,0.999294742,0.0265091397,0.0700075653,0.00536329499,0.259298696,-0.685979035,-9.7791915,-0.0351419492,-0.0119289958,0.148814012,-0.0543457344,-0.0989148989,-0.00463591516,-1.74962616,20.6288071,-45.9277649,2
1.65967638,0.0347632389,0.0128862387,0.00311368136,0.999307658,0.0256029547,0.0696148034,0.00534007615,0.250443701,-0.682136753,-9.77969068,0.0211481664,-0.0552756048,0.00581131663,-0.0244669802,-0.0798403695,-0.00356556964,-1.7869873,20.6080093,-45.9996033,2
1.66963437,0.0347142871,0.0125540525,0.00308660935,0.999313598,0.0249393832,0.0695143888,0.00531022131,0.243955837,-0.681154391,-9.77992332,0.0508298774,-0.0567068797,-0.0728150608,0.00374202174,-0.051853478,-0.00410619145,-1.85140228,20.6270523,-45.9730835,2
1.67959138,0.0347720989,0.012357286,0.0030576185,0.999314187,0.0245469209,0.0696283184,0.00526444593,0.240115656,-0.682268928,-9.77994086,0.0394069862,-0.0485592291,-0.102725046,0.0169968382,-0.0298857633,-0.00390645536,-1.83251953,20.6187515,-45.8865051,2
1.68954938,0.0348346436,0.0122716089,0.00303425025,0.99931309,0.0243766502,0.0697524495,0.00522210008,0.238448344,-0.683483272,-9.77989643,0.0264098315,-0.0437536554,-0.0765828889,0.00782651082,-0.00543607958,-0.00444121799,-1.86214447,20.6246567,-45.7664185,2
1.69950638,0.0348288307,0.0122887257,0.00302474019,0.999313078,0.024411633,0.0697406724,0.00520198986,0.238790672,-0.683368121,-9.77989643,0.0238229568,-0.0206750507,-0.0360310983,-0.00916436315,0.00985322706,0.000119669596,-1.88382721,20.6384506,-45.8739014,2
1.70946438,0.034747568,0.012328452,0.003032518,0.999315374,0.0244909789,0.0695784568,0.00521676239,0.239569383,-0.681781144,-9.7799882,0.0366612312,0.0381917104,0.0073059391,-0.0234908368,0.00760099106,0.000306091039,-1.80736542,20.6656723,-45.9751892,2
1.71942238,0.0346059611,0.0123671727,0.00302922164,0.99931993,0.024569297,0.0692952231,0.00521089676,0.240340057,-0.679010292,-9.78016181,0.0156894991,0.0786659788,0.0175052616,-0.0319005661,0.0108569721,-0.00563835073,-1.80736542,20.6656723,-45.9751892,2
1.72937938,0.0344437424,0.0124138205,0.00298522625,0.999325056,0.0246663778,0.0689697723,0.00512346917,0.241294965,-0.675826328,-9.78035879,-0.0261164563,0.0518392736,-0.0137216514,-0.0321660861,0.00460173935,-0.0145881698,-1.93217468,20.5739059,-45.9345398,2
1.73933738,0.0342794932,0.012409264,0.00289813917,0.999330973,0.0246638013,0.06863893,0.00495331783,0.241275274,-0.672589538,-9.78058266,-0.0784699265,-0.0516547108,-0.0450718984,-0.03168552,-0.00441824785,-0.0193194766,-1.92325592,20.5982285,-45.9114685,2
1.74929438,0.034146621,0.0123621871,0.00278266507,0.999336504,0.0245778226,0.0683699822,0.00472844847,0.240438787,-0.669958239,-9.78078374,-0.1288095,-0.117582643,-0.0424760367,-0.020307431,-0.0184483118,-0.0277776755,-1.97583008,20.6224594,-45.7745361,2
1.75925238,0.0340978674,0.0122171754,0.0026269181,0.999340376,0.0242980727,0.0682679533,0.00442753913,0.237704265,-0.668960022,-9.78091876,-0.165878581,-0.17245047,-0.0354576824,0.00171549025,-0.0367613025,-0.0316938087,-2.14196777,20.5953293,-45.725647,2
1.76920938,0.0341457324,0.0120171782,0.00246965908,0.999341529,0.0239079848,0.0683590811,0.00412504107,0.233887356,-0.669851564,-9.78094974,-0.118816422,-0.158390746,0.0256254396,0.0144829508,-0.0490664355,-0.0268750861,-2.15985107,20.6008682,-45.8678284,2
1.77916738,0.0341977935,0.011725823,0.00234398625,0.999343465,0.0233326978,0.0684591147,0.00389202665,0.228258903,-0.670830273,-9.78101579,-0.0274456225,-0.100849096,0.193285607,0.00317880791,-0.0670502558,-0.0168809965,-2.04476166,20.5987015,-45.6169434,2
1.78912538,0.0341056,0.0113764741,0.00229947443,0.999350742,0.0226359882,0.0682722581,0.00382888929,0.221447159,-0.669002108,-9.78129753,0.116583822,-0.0182815797,0.336022345,-0.0428621881,-0.0725174621,0.00601925841,-2.11747742,20.590065,-45.5505676,2
1.79908238,0.0337404738,0.0110060174,0.00237419256,0.999367213,0.0218895471,0.0675418489,0.004011842,0.214156582,-0.661855816,-9.78194577,0.257949674,0.13932313,0.401763522,-0.10519848,-0.0738712326,0.0255485978,-2.13505554,20.6419296,-45.5623474,2
1.80904038,0.0330822046,0.0106815923,0.00251599479,0.999392397,0.0212318704,0.0662263572,0.00433170019,0.207741472,-0.64898406,-9.78294705,0.25837928,0.252895149,0.306247969,-0.153939128,-0.0510418117,0.0326003805,-1.99353027,20.7726517,-45.5566406,2
1.81899738,0.0322916015,0.010522389,0.00268059408,0.999419522,0.0209046276,0.0646471465,0.00468831708,0.204561235,-0.63353047,-9.78402666,0.165941107,0.204221938,-0.00930558848,-0.157335982,-0.00965397991,0.0327033103,-2.07446289,20.8196182,-45.4202271,2
1.82895538,0.0316161768,0.0105429973,0.00284899223,0.999440321,0.0209375037,0.0632993004,0.00503824842,0.204900586,-0.620339638,-9.78486487,0.0273366092,0.0813467423,-0.301906725,-0.108391352,0.0215667896,0.0335496627,-2.18674469,20.854393,-45.4436035,2
1.83891238,0.0312650392,0.0107034288,0.00303147047,0.999449256,0.0212487282,0.0626014151,0.00540092126,0.207955006,-0.61350928,-9.78523078,-0.0294377097,-0.00524045794,-0.529588522,-0.0302485637,0.0423786938,0.034747269,-2.01573944,20.8975296,-45.5298462,2
1.84887038,0.0313268319,0.010908405,0.00318462066,0.999444562,0.0216494328,0.0627294737,0.00569348099,0.21187428,-0.614762641,-9.78506828,-0.0875258146,-0.03376498,-0.651705667,0.0540852249,0.0387836918,0.022895135,-2.04154205,20.9092941,-45.4583435,2
1.85882838,0.0317491451,0.0110282364,0.0032649951,0.999429635,0.0218825237,0.0635769085,0.00583781898,0.214143613,-0.623056568,-9.78449428,-0.160424097,-0.0353471346,-0.472415267,0.107387811,0.0108773941,0.011297089,-2.02306366,20.9496536,-45.3062744,2
1.86878538,0.0323128372,0.011033405,0.0032996961,0.999411463,0.0218881266,0.0647055958,0.00589483703,0.214182904,-0.634102425,-9.7837835,-0.107641313,0.0318128961,-0.182678873,0.111706659,-0.00911495648,0.00492760725,-2.0969162,20.8435898,-45.5589905,2
1.87874338,0.03277077,0.0109369239,0.00331518469,0.999397508,0.0216917718,0.0656216542,0.00592233314,0.212249123,-0.643066798,-9.78324048,-0.0195162543,0.0481095125,0.106625561,0.0674933046,-0.0265775137,0.00541700749,-2.03791809,20.837471,-45.4802551,2
1.88870038,0.0329300253,0.0107943993,0.00334888412,0.999393738,0.0214032981,0.065940196,0.00599585439,0.209422503,-0.646183908,-9.78309611,0.0985313206,0.068434873,0.3464999,-0.004823233,-0.0283988491,0.00991162471,-2.05786896,20.7731857,-45.4831238,2
1.89865838,0.0327485068,0.010667142,0.00340680504,0.999400848,0.0211453889,0.065577444,0.0061240632,0.206904291,-0.642634179,-9.78338369,0.149981029,0.111422439,0.417266796,-0.066063419,-0.019308148,0.0144070406,-1.93296814,20.9053726,-45.5127258,2
1.90861538,0.0323307187,0.0106180103,0.00349510671,0.999414704,0.02104323,0.0647430342,0.00631281407,0.205916047,-0.634468847,-9.78393723,0.114158422,0.105501671,0.232120072,-0.0959225148,0.00256492523,0.0196710452,-1.99507141,20.8427658,-45.5437622,2
1.91857338,0.0318794554,0.0107042466,0.0036066393,0.999427808,0.0212110881,0.0638430023,0.00654003046,0.207570372,-0.625660759,-9.78446973,0.0402291163,0.052400853,-0.0790425571,-0.079638347,0.0377909094,0.0226107761,-1.95909882,21.0341568,-45.319397,2
1.92853138,0.0316006554,0.010966946,0.00374001147,0.999433373,0.0217303036,0.0632897761,0.00679631853,0.212658087,-0.620246406,-9.78470529,-0.038330644,-0.0354638198,-0.305657602,-0.0290151201,0.069788523,0.0268257596,-1.91062164,20.8719559,-45.6197205,2
1.93848838,0.031601704,0.0113540896,0.00389064748,0.999428401,0.0224962427,0.0632978906,0.0070734545,0.220152407,-0.620325828,-9.78453461,-0.0717122872,-0.0702498865,-0.426136916,0.0276011974,0.085183695,0.0288751069,-1.90995789,21.0217056,-45.389801,2
1.94844638,0.0318355256,0.0117900818,0.0040449902,0.999415293,0.0233584294,0.0637724213,0.00734956926,0.228581504,-0.624970001,-9.78404537,-0.0704149226,-0.0524376779,-0.364077642,0.0618627667,0.0898751169,0.0268668178,-1.96490479,20.9430313,-45.3287354,2
1.95840338,0.0321755661,0.012211144,0.00417229195,0.999398868,0.0241917103,0.0644589738,0.00756955906,0.236723858,-0.631688934,-9.78342052,-0.0815500281,-0.0626277211,-0.166133396,0.0734341145,0.0779772401,0.0180061273,-1.96881104,20.9526749,-45.4944153,2
1.96836138,0.0325184237,0.0125328282,0.00425132283,0.999383491,0.0248289299,0.0651493912,0.00769871656,0.242947116,-0.638445422,-9.78282898,-0.0647291138,-0.0694882545,0.0201730195,0.0604512021,0.0506729111,0.0113490233,-1.98851776,20.9249344,-45.4822388,2
1.97831838,0.0327482208,0.0126985806,0.00429784552,0.999373697,0.0251565375,0.065611639,0.00777540398,0.246144579,-0.642968818,-9.78245313,-0.0411414271,-0.0157341602,0.183200851,0.0331659131,0.0139321787,0.00722012203,-2.03491974,20.8388748,-45.5842285,2
1.98827638,0.0328357387,0.0127081217,0.00431713908,0.999370574,0.0251738421,0.0657873115,0.007811259,0.246311003,-0.644687897,-9.78233564,-0.0118292435,0.0634971974,0.232014858,0.00107908272,-0.0100535806,0.00435216352,-1.88082886,20.7905655,-45.755249,2
1.99823338,0.0327718043,0.0126190232,0.00433727592,0.999373685,0.0249944132,0.0656591895,0.00785903783,0.244557839,-0.64343417,-9.78246248,0.0141651939,0.0698750619,0.196827225,-0.0237473454,-0.0239257887,0.00631140918,-1.92596436,20.7816849,-45.6084595,2
2.00819138,0.0326408357,0.0124782707,0.00436971455,0.999379687,0.0247111305,0.0653968337,0.00793645374,0.241790786,-0.640866804,-9.7826998,0.0262097606,0.0343874228,0.0694236648,-0.0247758571,-0.0295423977,0.00736362394,-2.02757263,20.7782669,-45.719635,2
2.01814938,0.0325660021,0.0123677307,0.00440949741,0.999383284,0.0244875549,0.0652471923,0.0080251832,0.239605953,-0.639402504,-9.78284944,0.0200149246,-0.0142127959,-0.113134796,-0.00258963997,-0.0118813924,0.0112424064,-1.98931885,20.8259506,-45.6194763,2
2.02810638,0.0326063393,0.0123530929,0.00448710789,0.99938179,0.024452891,0.0653296836,0.00818063173,0.239265542,-0.640209729,-9.78280443,-0.0017910664,-0.0273217952,-0.206851775,0.0165321231,0.00919353403,0.0203986205,-1.96631622,20.8595352,-45.7216492,2
2.03806438,0.03268923,0.0124560453,0.00461228991,0.999377229,0.0246503811,0.06549947,0.0084226382,0.241194866,-0.641871159,-9.78264836,-0.0276623888,-0.0045614627,-0.173938517,0.0146398973,0.0322574899,0.028651908,-1.90770721,20.8489914,-45.5598755,2
2.04802138,0.0327536251,0.0125926036,0.00474804838,0.999372812,0.0249145944,0.065632856,0.00868404029,0.24377743,-0.643176469,-9.78249872,-0.0601724734,-0.0312384572,-0.0992693525,0.0103119947,0.0222972669,0.0228962861,-1.91995239,20.7399063,-45.5498657,2
2.05797938,0.0328003804,0.0126398371,0.00484383504,0.999370222,0.0250025839,0.065729216,0.00887165954,0.24463664,-0.644119376,-9.78241514,-0.0831780312,-0.0273027983,-0.036355508,0.0101513229,-0.000507520745,0.014315228,-1.82735443,20.7820053,-45.6952515,2
2.06793638,0.0328631748,0.0125704709,0.00488299121,0.999368794,0.0248605762,0.0658552167,0.00895313371,0.243245442,-0.645352352,-9.78236838,-0.13625492,-0.0215806943,-0.0182961197,0.0169871245,-0.0247880928,0.00384740788,-1.82735443,20.7820053,-45.6952515,2
2.07789438,0.0329783314,0.0124050726,0.00488015767,0.99936706,0.024528557,0.0660840824,0.00895560785,0.239993856,-0.647591875,-9.78230116,-0.148565664,-0.0482211562,0.0432873531,0.0269011408,-0.0417996086,-0.00253678905,-1.91550446,20.7626724,-45.6679382,2
2.08785238,0.0331285594,0.0121569813,0.00483786108,0.999365467,0.024033232,0.066381445,0.00888377863,0.235143767,-0.650501625,-9.78222575,-0.133540218,-0.0337893838,0.0921434462,0.0321361162,-0.0583756566,-0.010176599,-1.99489594,20.7946548,-45.6123047,2
2.09780937,0.0332670158,0.0118349857,0.00475039622,0.999365157,0.0233929552,0.0666535774,0.00872682029,0.22887625,-0.653164414,-9.78219711,-0.131761828,0.0386046021,0.174714762,0.0211730357,-0.0697899386,-0.0181328375,-1.97003937,20.8652267,-45.7843628,2
2.10776738,0.0333149751,0.0114615184,0.00463538722,0.999368413,0.0226520716,0.0667436678,0.00852031236,0.221627374,-0.654045946,-9.78230466,-0.119126,0.0227267225,0.243805834,-0.00472886767,-0.0824886858,-0.0237830002,-2.11675262,20.7278976,-45.5960388,2
2.11772438,0.0331928364,0.0110033551,0.00451240267,0.999378094,0.0217432233,0.0664926766,0.00830718036,0.212740212,-0.651590004,-9.7826659,-0.0868953894,-0.00786108876,0.277835529,-0.044810731,-0.10381908,-0.0195691027,-2.22137451,20.7816544,-45.4972839,2
2.12768238,0.0328597173,0.0104324752,0.00440286344,0.999395821,0.0206090709,0.0658191067,0.00813248896,0.201654042,-0.644999009,-9.78333751,0.000805251968,-0.00382788773,0.290327931,-0.0900077671,-0.12511611,-0.0183240753,-2.12586212,20.8762894,-45.3324585,2
2.13763938,0.0323390862,0.00980502658,0.00430484818,0.999419624,0.019362049,0.0647703309,0.00798736147,0.189466852,-0.634735973,-9.78425229,0.0366352017,0.0387311511,0.239019184,-0.117525995,-0.12401145,-0.0152634149,-2.10812378,20.836586,-45.466217,2
2.14759738,0.0317375452,0.00922140894,0.00421061759,0.999444878,0.0182030708,0.0635602974,0.00784715654,0.178140846,-0.622893998,-9.7852261,0.0377858513,0.0578641599,0.0689572164,-0.120418184,-0.109560072,-0.0182347037,-2.2217865,20.966713,-45.3582764,2
2.15755538,0.0311753956,0.00869069459,0.004112269,0.999467606,0.0171499811,0.062429618,0.00769335075,0.167848,-0.611827793,-9.78610639,0.000793232737,0.0372211484,-0.0358066419,-0.103910007,-0.105388567,-0.0164602622,-2.23756409,21.031395,-45.3024597,2
2.16751238,0.0306941848,0.00814080391,0.0040354697,0.999487424,0.0160565371,0.061461295,0.00758143916,0.157156784,-0.602350027,-9.78687212,0.0408133824,0.0424079033,-0.00825578717,-0.0934262052,-0.115854792,-0.0102604236,-2.36270142,21.1313095,-45.3218384,2
2.17747038,0.0302058414,0.00753773996,0.00400540653,0.999507153,0.0148537791,0.0604791551,0.00756540131,0.145394148,-0.592736395,-9.78764076,0.145201722,0.0736453377,0.0715215139,-0.106967978,-0.12160141,0.00409674644,-2.3216629,21.0747604,-45.3877563,2
2.18742738,0.0296031005,0.00695738653,0.00403963826,0.999529335,0.013693524,0.0592692399,0.00767710903,0.13404761,-0.580892447,-9.78851287,0.24273952,0.107740171,0.108755558,-0.138266504,-0.110859819,0.0147067802,-2.48703003,21.0689926,-45.6869507,2
2.19738538,0.0288589934,0.0064194511,0.00410717671,0.999554412,0.0126175116,0.0577771398,0.00785336038,0.123525769,-0.566284989,-9.78950714,0.152106332,0.0787674664,0.0525882654,-0.16046378,-0.102916956,0.016059842,-2.45068359,21.1213303,-45.5929565,2
2.20734238,0.0280575299,0.00588084402,0.00416784078,0.999580252,0.0115413304,0.0561700587,0.00801490492,0.113000776,-0.5505505,-9.79053181,0.115196195,0.103285493,-0.0862982273,-0.15887548,-0.112418048,0.0101329759,-2.57792664,21.2665176,-45.472168,2
2.21730038,0.0273508269,0.00527734281,0.00415969847,0.999603213,0.0103386313,0.0547512037,0.00803955006,0.101233611,-0.536657657,-9.79143197,0.108258669,0.150444828,-0.30731063,-0.121630505,-0.123920463,-0.00753063895,-2.62037659,21.3075333,-45.4194641,2
2.22725838,0.0268787307,0.00470391491,0.00405578809,0.999619339,0.00919966061,0.0538011054,0.00786708205,0.0900860387,-0.527354115,-9.79204631,0.0849895832,0.1417398,-0.404708928,-0.0698770285,-0.10326419,-0.0260031223,-2.70163727,21.2790146,-45.4804077,2
2.23721538,0.0266426868,0.00428527707,0.00389757771,0.99962817,0.00837168062,0.0533242323,0.00757475345,0.0819804919,-0.522684296,-9.79236779,0.0356343084,0.0257395675,-0.364134925,-0.0277827475,-0.0670174807,-0.0290362407,-2.82121277,21.3796921,-45.632782,2
2.24717338,0.0265415546,0.00403095021,0.00377769162,0.999632338,0.0078695858,0.0531190247,0.00734906183,0.0770646263,-0.520674746,-9.79251451,0.0326193719,-0.1287507,-0.253555659,-0.0159295499,-0.0365945883,-0.014555037,-2.88290405,21.3229141,-45.3745422,2
2.25713038,0.02643966,0.00392815838,0.00376289082,0.999635635,0.00766527864,0.0529143043,0.00732563982,0.0750647577,-0.518669946,-9.79263667,0.0172612739,-0.198391698,-0.124445879,-0.0268469546,-0.00449570362,0.0106067974,-2.84830475,21.5415726,-45.6698303,2
2.26708838,0.0262574445,0.00395175023,0.0038730504,0.999639923,0.00770797866,0.0525507742,0.00754627485,0.0754843531,-0.515109879,-9.79282138,0.011454743,-0.147633278,0.0125075994,-0.0466917679,0.0159933269,0.0325168893,-2.84780121,21.4591904,-45.7468872,2
2.27704538,0.0259984276,0.00409215963,0.00409231818,0.999645154,0.00797951252,0.0520353766,0.00797983822,0.0781455443,-0.510062459,-9.79306454,0.030042087,-0.0271347482,0.0149953246,-0.0561806485,0.0427089855,0.0537658781,-2.73744202,21.4343948,-45.4231873,2
2.28700325,0.0257057168,0.00435558533,0.00440789611,0.999650292,0.00849285023,0.0514545545,0.00860027067,0.0831751816,-0.504374184,-9.79331764,0.0561370713,0.154822496,-0.0800707311,-0.0599964261,0.0689333975,0.0680955499,-2.70235443,21.5035477,-45.3156128,2
2.29696125,0.0254302524,0.00476590961,0.00478327392,0.999653695,0.00929741863,0.0509104742,0.00933306612,0.0910570848,-0.499045573,-9.79352047,0.00964865717,0.210845302,-0.135383453,-0.0476297736,0.102960609,0.0768970251,-2.57725525,21.657341,-45.1730652,2
2.30691825,0.0252663233,0.00533684132,0.00517103637,0.999653135,0.0104221978,0.0505918918,0.010081871,0.102074226,-0.495925359,-9.79357074,-0.0320442024,0.130362483,-0.239181681,-0.0135975024,0.128624409,0.0717880204,-2.46911621,21.5391235,-45.3648987,2
2.31687625,0.0253154668,0.00597243303,0.00553322687,0.999646275,0.0116757568,0.0507008368,0.0107742026,0.114350328,-0.496992367,-9.79338077,-0.0637731739,-0.0138686586,-0.355789706,0.036502637,0.127314925,0.0664498657,-2.38466644,21.7559357,-45.4683533,2
2.32683325,0.0256086608,0.00655450001,0.00586072927,0.999633284,0.0128212383,0.0512978629,0.0113966943,0.125564563,-0.502839595,-9.79294472,-0.0788779867,-0.0520148859,-0.366700392,0.0804937929,0.108733527,0.0608308613,-2.35596466,21.5690918,-45.0697327,2
2.33679125,0.0260559074,0.00704479418,0.00613873174,0.999616742,0.0137834999,0.0522020405,0.0119221637,0.134981558,-0.511694663,-9.79236078,-0.0784188905,-0.0187688517,-0.27795068,0.0948312804,0.0910536274,0.0469235294,-2.25991058,21.5650177,-45.1608582,2
2.34674825,0.0264996118,0.00747039692,0.00633436153,0.999600738,0.0146202374,0.0530976501,0.0122853626,0.14316838,-0.520465414,-9.79178269,-0.133891214,-0.018228169,-0.138618197,0.081412673,0.0812137797,0.0281104259,-2.21916962,21.4958038,-45.0552979,2
2.35670625,0.0268317424,0.00782441147,0.00643573358,0.999588562,0.0153197583,0.0537680208,0.0124646217,0.150012529,-0.527030143,-9.79132851,-0.158841522,-0.0492224787,-0.0424053095,0.0506181456,0.0576231889,0.0087473141,-2.12737274,21.6243439,-44.9616089,2
2.36666425,0.0270179067,0.00802926495,0.00643913231,0.99958197,0.0157275675,0.0541430771,0.0124575901,0.154002393,-0.53070284,-9.7910684,-0.0929505978,-0.0468965565,0.0351455477,0.021633897,0.0229925066,-0.00779038388,-2.12520599,21.4669189,-45.223175,2
2.37662125,0.0270637119,0.00805360393,0.00636991372,0.999580939,0.0157795254,0.0542339254,0.0123169885,0.154510343,-0.531592446,-9.79101229,-0.0154973741,-0.0117399395,0.10960896,-0.0050095655,-0.0142798061,-0.0200085007,-2.07752228,21.4833984,-44.9964905,2
2.38657925,0.0269992746,0.00789980124,0.00623744763,0.999584731,0.0154794937,0.0541010622,0.0120610756,0.151573823,-0.53029141,-9.79112861,0.0553746264,-0.0342895154,0.111969844,-0.020652974,-0.0444323793,-0.0297881607,-2.32585907,21.3049927,-44.966095,2
2.39653625,0.0268825087,0.00765288832,0.00608845102,0.999590723,0.014994473,0.0538622409,0.0117778129,0.146826802,-0.527952775,-9.79132734,0.0831658384,0.0163435608,0.126084879,-0.0244490467,-0.052926518,-0.0259671919,-2.31768036,21.3997498,-45.0551147,2
2.40649425,0.0267646226,0.00741638268,0.00597936421,0.999596329,0.0145280987,0.0536220206,0.0115738009,0.142262198,-0.525600439,-9.7915214,0.0983547219,0.0922516923,0.113859019,-0.0213736296,-0.0407446921,-0.0148277227,-2.34571075,21.4505463,-45.1669006,2
2.41645225,0.0266608889,0.00728822666,0.00594922038,0.999600173,0.014274243,0.0534125701,0.0115217481,0.139778126,-0.523549352,-9.79166695,0.0733054656,0.166515783,0.0665694445,-0.0210868474,-0.00661391113,0.00378380227,-2.34571075,21.4505463,-45.1669006,2
2.42640925,0.0265440682,0.00736738355,0.00600927472,0.999602434,0.0144307896,0.0531806395,0.0116393683,0.141312724,-0.521278119,-9.79176632,0.0126640138,0.126535874,0.0446720854,-0.0239545386,0.0368502103,0.0192724802,-2.33631897,21.4734955,-45.2002563,2
2.43636725,0.026431321,0.0075775395,0.00612115696,0.999603171,0.0148468446,0.0529591832,0.0118537834,0.14538834,-0.519109433,-9.79182185,-0.0454307674,0.0142339483,0.00252981074,-0.0188109092,0.0467648916,0.021632839,-2.3330307,21.5359039,-45.2816162,2
2.44632425,0.0263789134,0.00780864629,0.00622399275,0.99960217,0.0153046878,0.0528586515,0.0120481848,0.149872244,-0.518124952,-9.79180607,-0.0481190293,-0.00665233403,-0.0872679491,-0.00185030163,0.0458354503,0.0190146863,-2.32990265,21.5812073,-45.0414734,2
2.45628225,0.0264059409,0.00801580167,0.00631083904,0.999599272,0.0157145341,0.0529165839,0.0122106856,0.153884886,-0.518692267,-9.79171371,-0.0775700733,-0.0322716362,-0.0798790079,0.0120551381,0.0350038297,0.0138173979,-2.38039398,21.5300446,-45.0960388,2
2.46623925,0.0264812142,0.00814619428,0.00636755319,0.999595822,0.0159717266,0.0530696722,0.0123161673,0.156401965,-0.520191456,-9.79159447,-0.115401627,-0.0783572051,-0.0286725523,0.0175348576,0.0182120688,0.00776323304,-2.20183563,21.6178589,-44.9692688,2
2.47619725,0.0265678242,0.00824167556,0.00639317638,0.999592567,0.0161605341,0.0532445344,0.0123610483,0.158249219,-0.52190385,-9.79147347,-0.102434758,-0.0767944128,0.00741933635,0.0161138736,0.021216331,0.000389957801,-2.17664337,21.6269684,-45.1155396,2
2.48615525,0.0266387859,0.00835436215,0.00637395651,0.999589852,0.0163863615,0.0533875784,0.012315442,0.160459168,-0.52330462,-9.791363,-0.106440358,-0.110558516,0.0493564438,0.0104384096,0.0225351285,-0.00818515383,-2.2829361,21.5317535,-45.1398621,2
2.49611225,0.0266635438,0.00845393858,0.00634009587,0.999588605,0.0165872596,0.0534377759,0.0122419314,0.16242581,-0.523796203,-9.79130455,-0.0687530356,-0.0913622327,0.0416664739,-6.34994358E-05,0.0187089648,-0.00602985825,-2.20337677,21.4818573,-45.0724792,2
2.50607025,0.0266021878,0.00856085384,0.00633955735,0.999589321,0.0168020488,0.0533163259,0.012236125,0.164529925,-0.522606883,-9.7913326,0.00979751845,-0.0530472247,0.0487274983,-0.0215075389,0.0256848503,0.00517166359,-2.28728485,21.5520172,-45.2912903,2
2.51602725,0.0264379732,0.00870195494,0.00637400203,0.999592173,0.0170845914,0.0529901103,0.0123002559,0.167299298,-0.519412289,-9.79145594,0.0408462435,-0.0372378072,0.0126385323,-0.0394003876,0.0332829878,0.00543777924,-2.17740631,21.3479919,-45.160675,2
2.52598525,0.0262475386,0.00884631018,0.00639020665,0.99959583,0.0173749289,0.0526111872,0.0123282299,0.170145518,-0.515701525,-9.79160265,0.00657612699,-0.0354120166,-0.104680272,-0.0344224088,0.0282109976,-0.000926643377,-2.26839447,21.5487976,-45.504364,2
2.53594225,0.0261567135,0.00898107966,0.0063891109,0.999597011,0.0176458478,0.0524311266,0.0123204833,0.172799886,-0.513938168,-9.79164883,-0.0334876427,0.014000724,-0.281804433,-0.00212757918,0.0291300416,-0.00244317809,-2.27441406,21.5218048,-45.310791,2
2.54590025,0.0262520002,0.0091293404,0.00638946361,0.999593223,0.017941579,0.0526235908,0.0123117559,0.1756938,-0.515822995,-9.79149861,-0.0214177771,0.0769376572,-0.423213137,0.0374677666,0.0325370245,0.00178618776,-2.21012115,21.4022064,-45.1114502,2
2.55585825,0.0265134368,0.0093128733,0.00641636858,0.999584463,0.0183046356,0.0531493684,0.012351327,0.179243656,-0.520971903,-9.79116134,-0.0222741747,0.0913640958,-0.423999319,0.0637268424,0.042043373,0.00643418077,-2.24573517,21.2544861,-45.0819397,2
2.56581525,0.0268684766,0.00952398381,0.00646532097,0.999572672,0.0187206431,0.0538631823,0.0124316755,0.183309827,-0.527962017,-9.79071184,0.00672956398,0.0467292371,-0.379707173,0.0752452835,0.0439294241,0.0111186812,-2.11355591,21.3046722,-45.1102905,2
2.57577325,0.0272467173,0.00973288787,0.00653073563,0.999560039,0.0191310286,0.0546237454,0.0125443848,0.187320049,-0.535409593,-9.79023136,0.0178327399,0.052381162,-0.363877151,0.0733544305,0.0388519354,0.0132209789,-2.0450058,21.4168243,-45.0222778,2
2.58573025,0.0275895937,0.00991275843,0.0065998975,0.999548353,0.0194834143,0.0553133136,0.0126665657,0.190762737,-0.542161734,-9.78979356,-0.0210740417,0.0687101463,-0.263758488,0.0632948801,0.0331343971,0.0131874233,-2.04953003,21.4923553,-45.2397766,2
2.59568825,0.0278916632,0.0100428068,0.00665371967,0.999538397,0.019737307,0.0559203608,0.012761369,0.193241768,-0.548105628,-9.78941362,-0.0801160863,0.0350000382,-0.162534495,0.058723785,0.0200127102,0.00852371939,-1.9803772,21.4472046,-45.1236572,2
2.60564525,0.028189768,0.0100637201,0.0066895727,0.99952948,0.019773674,0.0565177361,0.0128262933,0.193591257,-0.553954646,-9.78907752,-0.0765750162,0.011968999,-0.08386194,0.0585770458,-0.0110687762,0.00730878487,-1.98430634,21.4401093,-45.3808899,2
2.61560325,0.0284529371,0.009942113,0.00673803257,0.999523008,0.0195243034,0.0570436426,0.0129252554,0.19114443,-0.5591037,-9.78883319,-0.00768911146,0.00305215411,0.0116617962,0.0432159305,-0.0344018787,0.0140706841,-2.0644989,21.4710083,-45.4107666,2
2.62556125,0.0285743849,0.00972497068,0.00681278641,0.999521177,0.0190837464,0.0572852401,0.0130851154,0.186829289,-0.561469114,-9.78878117,-0.00906016236,-0.0230136132,0.151969262,0.0017017778,-0.0494303629,0.0194792971,-2.0230484,21.2688293,-45.3801575,2
2.63551825,0.0284733412,0.00945908228,0.0069223374,0.999525806,0.0185462575,0.0570816298,0.0133215367,0.181570016,-0.559475638,-9.78899393,-0.0325313283,-0.0938403863,0.261717338,-0.0411309078,-0.05739801,0.025862895,-1.92989349,21.3034058,-45.2454224,2
2.64547625,0.0282092752,0.0091016135,0.00705573686,0.999535723,0.0178261403,0.0565509306,0.0136136045,0.174526016,-0.55427964,-9.78941771,0.0102760592,-0.0885617518,0.217249835,-0.0640945435,-0.0824991092,0.029996654,-1.87885284,21.3695831,-45.230896,2
2.65543325,0.0278727195,0.00864194145,0.00718738389,0.99954822,0.0169025909,0.0558735473,0.0139086773,0.165491244,-0.54764729,-9.78994787,-0.0384492836,0.0288554345,0.203714062,-0.0706261247,-0.0951214731,0.0264510084,-2.09661102,21.4985809,-45.4217224,2
2.66539125,0.0275520123,0.00819351262,0.00727475281,0.999560329,0.0160040345,0.0552270783,0.0141135989,0.156699998,-0.541317356,-9.79044472,-0.0911590748,0.0594860621,0.102906248,-0.0581968874,-0.0805481225,0.0128494464,-2.16844177,21.6082001,-45.6114197,2
2.67534825,0.0273251941,0.00783756008,0.00731580844,0.999569114,0.0152920789,0.0547688933,0.0142187852,0.149733365,-0.536830895,-9.79080069,-0.101700041,-0.00710000473,-0.0315612594,-0.0348104276,-0.0610713921,0.0075021293,-2.24578094,21.437851,-45.3658752,2
2.68530625,0.0272331059,0.00758209803,0.00735182723,0.999573244,0.0147798459,0.0545815496,0.0143062035,0.144719665,-0.534996409,-9.79097663,-0.0467073906,-0.0180623474,-0.0795686268,-0.00319977244,-0.0401400141,0.0106380014,-2.12562561,21.4026184,-45.5417786,2
2.69526425,0.0273023495,0.00743859162,0.00740938242,0.999572013,0.0144884199,0.0547188616,0.0144283353,0.141865244,-0.536340992,-9.79094448,0.0264767136,0.0127607704,-0.172825003,0.0302371457,-0.0150140123,0.0130929686,-2.09702301,21.508606,-45.3240356,2
2.70522125,0.0275349593,0.00745119945,0.00747593918,0.999565085,0.0145068104,0.0551853835,0.0145577136,0.14204166,-0.540909104,-9.7906908,0.0376727555,0.0379788714,-0.194776138,0.0600363202,0.0202837922,0.0132799223,-2.17589569,21.3769836,-45.5185547,2
2.71517925,0.0278628488,0.00763932309,0.00755021969,0.999554033,0.0148748278,0.0558452258,0.0146914292,0.145639456,-0.547369971,-9.79027871,0.0173155477,0.0402498851,-0.183516492,0.0704975277,0.0532073006,0.0149285318,-2.15688324,21.4969101,-45.5158081,2
2.72513625,0.0282225901,0.00794792059,0.00761750389,0.999540965,0.0154839602,0.0565705247,0.0148036135,0.151596812,-0.554471473,-9.78978888,-0.033682736,0.0626144597,-0.11292846,0.0737085044,0.0681854561,0.00877050497,-2.21261597,21.1869888,-45.2904053,2
2.73509425,0.0285714747,0.00828487599,0.0076488417,0.999528157,0.0161520421,0.057274034,0.0148419235,0.158130816,-0.56135937,-9.78929262,-0.0515892079,0.0701009065,-0.0824497351,0.0675548762,0.0655490533,0.00128695625,-2.07324219,21.4424057,-45.6149292,2
2.74505125,0.0288778284,0.00859511325,0.00765399245,0.999516702,0.0167687336,0.0578916489,0.0148295561,0.164161913,-0.567406066,-9.78884488,-0.0487916678,0.0788410797,-0.0519224949,0.0531935096,0.0606317893,-0.000292564509,-2.12947845,21.2313004,-45.6442566,2
2.75500925,0.0290910194,0.00890006162,0.00766334525,0.999507766,0.0173759094,0.0583228673,0.0148270752,0.170101167,-0.571627739,-9.78849767,-0.0361758954,0.0546316078,0.0113268652,0.0319962129,0.0602019131,0.00155719998,-2.08043671,21.3504105,-45.5655212,2
2.76496725,0.0291929108,0.00916744727,0.00767426629,0.999502307,0.0179093255,0.0585308844,0.0148315859,0.175320363,-0.573664213,-9.78828666,-0.0624939569,0.00728767279,0.0842880565,0.011400125,0.0452541225,-0.00138133205,-2.03151703,21.1325455,-45.5340271,2
2.77492425,0.0292243733,0.0093489264,0.00765561467,0.999499846,0.0182734171,0.0585961828,0.0147830475,0.178883499,-0.574303461,-9.78818495,-0.0873056507,-0.0468404059,0.118303723,0.00436125509,0.0293358341,-0.00965344347,-2.03151703,21.1325455,-45.5340271,2
2.78488225,0.0292623408,0.00942189655,0.00758055208,0.999498657,0.0184234381,0.058671843,0.0146277805,0.180351124,-0.57504416,-9.78811423,-0.0676743552,-0.0191649749,0.0630167204,0.011761114,0.000861848472,-0.0216714907,-2.00041962,21.1736679,-45.3650818,2
2.79483925,0.0293480675,0.00937889872,0.00745569594,0.999497362,0.0183435207,0.0588404314,0.0143787702,0.179567097,-0.576694594,-9.78803181,-0.0649450581,0.0104676545,0.0421346759,0.0186089929,-0.0176081248,-0.02574737,-1.96984863,21.227272,-45.5289612,2
2.80479725,0.0294330134,0.00928503106,0.00733540267,0.999496615,0.0181615132,0.0590068493,0.0141419306,0.177783849,-0.578323766,-9.7879681,-0.0303911745,-0.00122088356,0.108958972,0.0151210502,-0.020325616,-0.0209036097,-2.06571198,21.1667557,-45.4482117,2
2.81475525,0.0294910346,0.0091851255,0.00723878895,0.999496604,0.0179663981,0.059119789,0.0139533617,0.175872901,-0.579429425,-9.78793712,0.00369187679,-0.0271996667,0.12778233,0.00815834291,-0.019182533,-0.0166514106,-2.08896637,21.0416183,-45.4686584,2
2.82471225,0.0294968474,0.00909538398,0.00716639658,0.999497795,0.0177908885,0.0591288787,0.0138136041,0.174154936,-0.579518382,-9.78796284,0.0274065509,-0.0293552008,0.0990776293,-0.00544268638,-0.016629627,-0.00990109611,-2.09856415,21.1565475,-45.4818115,2
2.83467025,0.0294241309,0.00902957794,0.00714442073,0.999500653,0.0176613299,0.058982091,0.0137747197,0.172888314,-0.578081408,-9.7880698,0.0147568762,0.00347479997,0.0900572875,-0.0228981022,-0.00505181076,0.000468856189,-2.12806702,21.0959396,-45.4885559,2
2.84462725,0.0292946576,0.00908199324,0.00715809871,0.999503863,0.017767146,0.0587240124,0.0138012142,0.173926698,-0.575554886,-9.78820074,-0.0311727716,0.0326714492,0.0442488916,-0.0270020328,0.028204415,0.00310405437,-2.13340759,21.0353317,-45.4937439,2
2.85458525,0.0291868868,0.00927961859,0.00717382498,0.999505062,0.0181633683,0.0585114036,0.0138229571,0.177807193,-0.573473513,-9.78825276,-0.05271054,0.0522875289,-0.0610433745,-0.0146373324,0.0480912738,-0.000126316212,-2.04375458,21.2474442,-45.5446167,2
2.86454225,0.0291475565,0.0095096552,0.00716463389,0.999504223,0.0186250837,0.0584357294,0.0137917746,0.182327374,-0.572732668,-9.78821301,-0.0668075093,0.0690542835,-0.15236206,9.31443647E-05,0.0447540656,-0.0068939412,-2.04666138,21.1337967,-45.26651,2
2.87450025,0.0291772858,0.00972377917,0.00712513295,0.999501578,0.0190558272,0.0584974097,0.013699597,0.186542891,-0.573336515,-9.78809844,-0.0463328217,0.0280588408,-0.235226806,0.0124515016,0.0367934145,-0.00928623602,-2.05062103,21.0515976,-45.3878174,2
2.88445825,0.0292440267,0.00985667097,0.00708024102,0.999498614,0.0193237541,0.0586318908,0.0136006741,0.189163887,-0.574653041,-9.78797102,-0.0591291566,-0.0614546222,-0.191809689,0.0147868274,0.0172338318,-0.00873442926,-2.01555634,21.1955795,-45.3940735,2
2.89441525,0.0293100464,0.00991770198,0.00705132903,0.999496281,0.0194468541,0.0587642459,0.0135379586,0.190367308,-0.57594878,-9.78787165,0.00640579366,-0.0902360782,-0.091203535,0.0120738689,0.00839382038,-0.00105134165,-2.06635284,21.3025284,-45.5734558,2
2.90437325,0.0293457615,0.0099422975,0.0070749755,0.999494863,0.0194942743,0.0588364989,0.0135831956,0.190830633,-0.576656125,-9.7878208,0.0538264837,-0.038801586,0.0187298349,0.000662490493,0.00389201241,0.00907426327,-2.03813934,21.0907516,-45.5846863,2
2.91433025,0.0293120661,0.00998269243,0.00714712525,0.999494958,0.0195713451,0.0587710467,0.013725933,0.191585726,-0.576015343,-9.78784359,0.0517246708,0.0555775103,0.134123224,-0.0138525842,0.0158231407,0.0176400766,-1.93093109,21.0332718,-45.5511169,2
2.92428825,0.0292248306,0.0101037929,0.00725501912,0.999495484,0.0198086322,0.058600312,0.0139365269,0.193910205,-0.574343902,-9.7878962,0.0502980173,0.132765124,0.137168583,-0.0207294002,0.0362115055,0.0235584192,-2.08418274,21.0495224,-45.4393921,2
2.93424625,0.0291073519,0.0103195877,0.00740078657,0.999495522,0.0202337675,0.0583712233,0.0142180475,0.19807401,-0.572101165,-9.78794413,0.0732186001,0.137854592,0.0176560682,-0.0231571402,0.0558516979,0.0328106396,-1.86426544,21.2083206,-45.4512634,2
2.94420325,0.0290051058,0.0106484638,0.00760071696,0.99949361,0.0208820655,0.0581755169,0.0146012355,0.204421808,-0.570185175,-9.78792543,0.118944688,0.132197663,-0.153548055,-0.015746627,0.0808238909,0.0431466326,-1.774086,21.4036484,-45.4933472,2
2.95416125,0.0289627754,0.0110986211,0.0078471602,0.999488032,0.0217697797,0.0581027664,0.0150693905,0.213111512,-0.569472935,-9.78778163,0.105017669,0.101109026,-0.324877266,0.0010428275,0.107212923,0.0497229993,-1.78765106,21.3432083,-45.5670471,2
2.96411825,0.0290272907,0.0116936136,0.00813360421,0.999477034,0.0229437233,0.0582473742,0.0156069337,0.224599778,-0.570888684,-9.78744203,0.0704851931,0.0639182724,-0.411706824,0.0258365907,0.134830698,0.0585918613,-1.75895691,21.4255447,-45.4337463,2
2.97407625,0.0292083508,0.0123944899,0.00846685656,0.999460658,0.0243251938,0.0586286616,0.0162291304,0.238115312,-0.574621441,-9.78690427,0.00399796533,0.0501434295,-0.442471965,0.0473538712,0.150098413,0.0647566766,-1.7080307,21.3922806,-45.4838867,2
2.98403325,0.029494602,0.0131420044,0.00879905421,0.999439754,0.025798318,0.0592220416,0.016843336,0.252523539,-0.580430419,-9.7862005,-0.0850794261,0.0360506433,-0.393645682,0.068769142,0.14762035,0.0594567209,-1.69841003,21.231514,-45.6008911,2
2.99399125,0.0298883752,0.0138101945,0.00907635654,0.999416628,0.0271138739,0.0600286159,0.0173487115,0.265384829,-0.588326141,-9.7853886,-0.129813507,0.00234703805,-0.296295315,0.0885169804,0.120798923,0.0453949869,-1.68125153,21.1742935,-45.6392822,2
3.00394925,0.0303492562,0.0142869884,0.00926918465,0.999394196,0.0280498216,0.0609643554,0.0176937318,0.274527756,-0.597485818,-9.78458138,-0.147635415,-0.0273990252,-0.133997552,0.0951367989,0.071528852,0.0279273111,-1.5085907,21.1902847,-45.7559204,2
3.01390625,0.0307959434,0.0145295773,0.00938865574,0.999375901,0.0285211761,0.06186573,0.0179058988,0.279124272,-0.606308628,-9.78390859,-0.144301156,-0.0547884788,0.0526759437,0.0796683058,0.0272776708,0.0185052007,-1.45449066,21.1617966,-45.7077332,2
3.02386425,0.0311191006,0.0145953789,0.00945723543,0.999364343,0.0286434638,0.0625154152,0.0180302538,0.280309372,-0.612667532,-9.78347838,-0.0920656134,-0.123697326,0.249617735,0.047476545,0.00299576856,0.0107258409,-1.51131439,21.1701889,-45.6759644,2
3.03382125,0.0312537865,0.0145670337,0.00949597859,0.999360198,0.0285820576,0.0627854792,0.0181059187,0.279703862,-0.615310777,-9.78332991,-0.0591383811,-0.134371865,0.382796371,0.00942423847,-0.0151614929,0.0063505359,-1.53218842,21.1975937,-45.5010376,2
3.04377925,0.0312369553,0.0144542972,0.00950943999,0.999362199,0.0283556649,0.0627501418,0.0181404292,0.277489602,-0.614964886,-9.78341467,-0.0952313657,-0.163448102,0.438396678,-0.0113923606,-0.0300988965,0.000238314504,-1.6026001,21.0814743,-45.6280823,2
3.05373625,0.0311629134,0.0142686059,0.00950216629,0.999367262,0.0279853839,0.0625984308,0.0181395268,0.273869585,-0.613480054,-9.7836099,-0.108670017,-0.124081941,0.41165714,-0.0184083227,-0.0462724976,-0.00188335893,-1.70603943,21.0108109,-45.6543274,2
3.06369425,0.0310493578,0.0140008416,0.00948100546,0.999374834,0.0274522308,0.0623657984,0.0181169328,0.268657293,-0.611203159,-9.7838969,-0.115728009,-0.0145795468,0.39383799,-0.0289967861,-0.0585480742,-0.00502242707,-1.75098419,20.9968033,-45.4925842,2
3.07365225,0.030869209,0.0137065588,0.00944126394,0.999384885,0.0268682154,0.0619989679,0.0180603714,0.262949309,-0.607612733,-9.78427567,-0.122140671,0.0144510616,0.369376918,-0.0434160307,-0.0582594164,-0.00785119273,-1.63783264,21.1081467,-45.4607239,2
3.08360925,0.0306147917,0.0134319496,0.00941005826,0.999396627,0.0263242919,0.0614841607,0.0180213542,0.257635567,-0.602573825,-9.78472868,-0.129396506,-0.0588226297,0.29501112,-0.0599454716,-0.0514830016,-0.00191846839,-1.63053894,21.1213608,-45.480072,2
3.09356725,0.0302794567,0.0132223021,0.00943007227,0.999409468,0.0259086946,0.0608099967,0.0180826857,0.253579496,-0.595974902,-9.78523838,-0.060996284,-0.0745494104,0.162044665,-0.071667105,-0.0296444613,0.00900541991,-1.62534332,21.1196518,-45.4781189,2
3.10352425,0.0299506237,0.0131370047,0.00950796814,0.999419786,0.0257386136,0.060152573,0.0182520025,0.251925245,-0.589539572,-9.78567092,-0.0084652104,-0.0805358644,0.00610533114,-0.058540117,-0.00322723575,0.0197243765,-1.61344147,21.1320877,-45.4750061,2
3.11348225,0.0297425908,0.013189334,0.00962071347,0.999424178,0.0258401558,0.0597402383,0.0184797937,0.252925161,-0.585503192,-9.78588778,-0.0387940968,-0.0815794917,-0.165012868,-0.0230563786,0.0247117337,0.0253474861,-1.5442276,21.2954025,-45.5201416,2
3.12344025,0.0297128376,0.0133665162,0.00976807917,0.999421266,0.0261867069,0.0596878486,0.0187650538,0.256317251,-0.584990347,-9.78582991,-0.0797452437,-0.0735629931,-0.245126853,0.0120560667,0.0482700579,0.0346837267,-1.54351807,21.2950974,-45.52005,2
3.13339725,0.0298313009,0.0136706027,0.00996473909,0.999411736,0.0267818851,0.0599358306,0.0191376606,0.262137628,-0.587417867,-9.78553064,-0.0468094628,-0.0940300271,-0.193202605,0.0338228792,0.0757743046,0.0426451191,-1.53623199,21.2202988,-45.7068176,2
3.14335525,0.0300012813,0.0140645524,0.0102016726,0.99939875,0.0275536075,0.0602899677,0.0195839999,0.269683513,-0.590884484,-9.7851168,-0.0423843581,-0.106275322,-0.082286069,0.0326356404,0.0800593272,0.0457343832,-1.46748352,21.2487259,-45.6124878,2
3.15331225,0.0301016445,0.0143879695,0.010422099,0.99938885,0.0281862073,0.0605033083,0.0200031887,0.275869965,-0.592972834,-9.78481811,-0.0729617393,-0.087277959,0.0716916098,0.00517401658,0.0493044592,0.0392483436,-1.4787674,21.1902542,-45.6321716,2
3.16327025,0.0300118994,0.0145358705,0.0105916157,0.999387716,0.0284738374,0.0603315574,0.0203361618,0.278687269,-0.591291603,-9.78483973,-0.0968779273,-0.0850685759,0.190375857,-0.0432417206,0.0114851743,0.0275259055,-1.5215683,21.1611252,-45.6159668,2
3.17322725,0.0296890069,0.0144867625,0.0107009153,0.999396928,0.0283749832,0.0596876824,0.0205668008,0.277730735,-0.584988703,-9.78524598,-0.134976808,-0.0767069902,0.233279179,-0.0876219571,-0.0292029604,0.015811462,-1.53785706,21.1617966,-45.654541,2
3.18318525,0.0291808279,0.0142266279,0.0107684727,0.999414861,0.0278596694,0.0586675528,0.0207312031,0.272704706,-0.575002184,-9.78597897,-0.157484098,-0.0866935467,0.159791918,-0.116171576,-0.0717570782,0.0103053767,-1.4826355,21.1736221,-45.6687317,2
3.19314325,0.0285841767,0.0137869918,0.0108078745,0.9994378,0.0269884339,0.0574658529,0.0208513448,0.264197172,-0.563237402,-9.78689667,-0.109472219,-0.0677826196,0.024539398,-0.123846717,-0.101455726,0.00549592823,-1.57170105,21.1091995,-45.7239075,2
3.20310025,0.0280005618,0.0132690907,0.0108193781,0.999461247,0.0259620153,0.0562877976,0.0209186673,0.254168621,-0.551703287,-9.78781904,-0.090166173,-0.0574696077,-0.0954454103,-0.111181259,-0.0991305187,0.00249907351,-1.51741791,21.3708115,-45.3614807,2
3.21305825,0.0275128769,0.0128078787,0.0108228111,0.999480729,0.0250478308,0.0553026,0.0209632005,0.245234131,-0.542056849,-9.78858594,-0.0607313129,-0.0651707932,-0.201819042,-0.0856723934,-0.0813609287,0.00242914585,-1.60034943,21.261467,-45.4076843,2
3.22301525,0.0271685084,0.0124885514,0.0108415113,0.99949409,0.0244141852,0.0546074523,0.0210263515,0.239040738,-0.535250055,-9.78911376,-0.0478042094,-0.0490830337,-0.278354585,-0.0495250374,-0.042073708,0.00554610929,-1.62523651,21.2604904,-45.5105286,2
3.23297325,0.0270513779,0.0123642735,0.0108679998,0.999498505,0.0241662172,0.0543711584,0.0210888828,0.236616397,-0.532936262,-9.78929905,-0.0419382217,-0.0346374155,-0.395335535,0.00225964282,-0.00967181101,0.00501545239,-1.64313507,21.3491898,-45.4498596,2
3.24293125,0.0271883353,0.0123558251,0.0108784573,0.99949477,0.0241460159,0.0546452146,0.0211071247,0.236415102,-0.535619839,-9.7891576,-0.0716644295,-0.0517060026,-0.482266799,0.0505259745,0.00534069445,0.000758656068,-1.63660431,21.2577133,-45.5084229,2
3.25288825,0.0275097638,0.0124127057,0.0108848896,0.999485206,0.0242531848,0.055289591,0.0211094533,0.237455771,-0.54192946,-9.78878526,-0.102483017,-0.0840028463,-0.365922393,0.075371474,0.018469315,0.00360912317,-1.55434418,21.3866959,-45.5381165,2
3.26284625,0.0278845008,0.0125316401,0.0109265252,0.999472775,0.0244815822,0.0560427853,0.0211774807,0.239681429,-0.549304336,-9.78831939,-0.0684963757,-0.0773761947,-0.183380883,0.0719799399,0.0260992702,0.0130087491,-1.65705109,21.3503342,-45.5912476,2
3.27280325,0.0281788994,0.0126509666,0.0110120734,0.99946207,0.0247098368,0.0566363826,0.0213351437,0.241907562,-0.55511631,-9.78793712,-0.0171522286,-0.0802432015,-0.0136252052,0.044738166,0.0222609304,0.0213210322,-1.66722107,21.2920151,-45.3857117,2
3.28276088,0.0283096597,0.0127406732,0.0111163188,0.999456147,0.0248809229,0.0569024879,0.0215356956,0.243578455,-0.557721707,-9.78774773,-0.00296155322,-0.058484155,0.144501994,0.00818121713,0.0156661421,0.0205479171,-1.628685,21.2632217,-45.637207,2
3.29271788,0.028277023,0.0127859489,0.01120473,0.999455541,0.0249672133,0.0568403828,0.0217109273,0.244423911,-0.557113622,-9.78776118,-0.0530377627,-0.0572965892,0.176687523,-0.0210203957,0.000229209429,0.0148363877,-1.53759003,21.2291336,-45.6640625,2
3.30267588,0.0281367945,0.0127174803,0.0112854486,0.99945948,0.0248283899,0.0565603689,0.0218797701,0.243068989,-0.554372068,-9.78795056,-0.0717342981,-0.0751515775,0.155029818,-0.0359058715,-0.0234263185,0.0183549561,-1.64964294,21.2077255,-45.4765625,2
3.31263388,0.0279260326,0.0125477659,0.0113788178,0.999466452,0.0244876301,0.0561373034,0.0220812505,0.23973937,-0.550229781,-9.7882662,-0.0630177068,-0.0566985868,0.117187871,-0.0500199907,-0.0418136492,0.0195703804,-1.68051147,21.2613449,-45.4742126,2
3.32259088,0.0276605699,0.0122854784,0.0114635165,0.99947618,0.0239632343,0.055602477,0.0222716341,0.234613423,-0.544993122,-9.78868355,-0.0406834359,-0.0281171469,0.0116617962,-0.0570315607,-0.0605540462,0.0156241078,-1.73101807,21.2486191,-45.3677673,2
3.33254888,0.0273870737,0.0119566062,0.0115282161,0.999486929,0.0233069081,0.055049521,0.0224255376,0.228195793,-0.539578769,-9.7891348,-0.0415980483,-0.0191662901,-0.00434708929,-0.0541271754,-0.0689445212,0.0137403421,-1.6340332,21.2626724,-45.4558105,2
3.34250588,0.0271443417,0.0116110923,0.0115953035,0.999496824,0.0226165825,0.0545576965,0.0225841071,0.221444017,-0.534762856,-9.78955449,-0.0400835886,-0.0188944874,-0.0440302804,-0.0453640409,-0.066036351,0.0168477185,-1.69132233,21.2365494,-45.4232483,2
3.35246388,0.0269601179,0.0113153765,0.0116829114,0.999504182,0.0220236869,0.0541844041,0.0227795084,0.21564419,-0.531107512,-9.78988299,-0.0356304999,-0.0123744745,-0.0321796836,-0.0306297,-0.0509372503,0.0219714418,-1.66274261,21.3175583,-45.3681335,2
3.36242088,0.0268418325,0.0110727679,0.0117807604,0.999508877,0.0215352133,0.0539443501,0.0229909886,0.210864792,-0.528756821,-9.79011446,-0.0613771913,-0.00769219847,-0.0756423932,-0.0178539846,-0.043265745,0.0202300008,-1.65184021,21.339119,-45.2616577,2
3.37237888,0.026766878,0.0108949298,0.0118780518,0.999511754,0.0211755539,0.053792378,0.023196889,0.207345368,-0.527268665,-9.79026994,-0.0895809205,-0.0129213313,-0.0624690234,-0.0148865078,-0.027765207,0.0209360495,-1.76657104,21.2402725,-45.243988,2
3.38233688,0.0266879964,0.0107886847,0.0119854183,0.999513713,0.0209588135,0.0536343613,0.0234191369,0.205225161,-0.525721289,-9.79039737,-0.0923987544,-0.0226987751,-0.0114642278,-0.0211460013,-0.0160896424,0.0224473923,-1.73495483,21.3141556,-45.4233093,2
3.39229388,0.0265607118,0.0107375547,0.0121093017,0.999516137,0.0208526674,0.0533811171,0.0236724182,0.20418873,-0.523241345,-9.79055227,-0.0657742938,-0.0592960194,0.0519873769,-0.031989295,0.000326286769,0.0284958072,-1.70840454,21.2756271,-45.3995361,2
3.40225188,0.0263716545,0.0108096965,0.0122655946,0.999518479,0.0209930812,0.0530079071,0.0239852236,0.205567526,-0.519586586,-9.79071769,-0.044707449,-0.100809129,0.0741495243,-0.0440443605,0.0319025889,0.0357412025,-1.75653839,21.3540421,-45.3269043,2
3.41220888,0.0261493737,0.0110362446,0.0124861739,0.999519176,0.0214401283,0.052573417,0.0244193214,0.209949248,-0.515331632,-9.79084979,-0.010632307,-0.0838155801,0.0531827241,-0.0436733738,0.0595602207,0.0502053648,-1.77812195,21.3473892,-45.3471375,2
3.42216688,0.0259470769,0.0113566526,0.0127812702,0.999517128,0.0220708973,0.0521830804,0.0249974801,0.216129398,-0.511508968,-9.79091584,-0.0160642507,-0.0291299041,0.0120984341,-0.035241276,0.0694093853,0.0640852302,-1.78850555,21.3848953,-45.3464661,2
3.43212488,0.0257898367,0.0116900948,0.013134552,0.999512662,0.0227238525,0.0518849012,0.0256907254,0.222525821,-0.508588806,-9.79092461,-0.0652570467,0.00491038573,-0.0344300929,-0.0272445679,0.068963781,0.0735454187,-1.68132019,21.3771286,-45.3312378,2
3.44208188,0.0256532397,0.0119713233,0.0135181043,0.999507766,0.0232703981,0.0516278159,0.0264470114,0.227880023,-0.506071051,-9.79093162,-0.130615928,-1.53436996E-06,-0.0333750309,-0.0296153128,0.047118403,0.0757281482,-1.61965179,21.4622116,-45.3284912,2
3.45203988,0.0254815468,0.0121356532,0.0139158294,0.999504776,0.023583299,0.0512981063,0.0272386005,0.230947521,-0.50284197,-9.79102631,-0.139968187,-0.0346545493,-0.0124812959,-0.0419460423,0.0243960135,0.0833659768,-1.65419006,21.5553207,-45.151947,2
3.46199688,0.0252303348,0.012173392,0.0143617513,0.999504294,0.02364272,0.0508071741,0.0281349992,0.231535112,-0.498033839,-9.79125837,-0.0317692579,-0.0411086938,0.0405728334,-0.0585535131,-0.00220843265,0.0925091431,-1.67596436,21.5897751,-45.1756287,2
3.47195488,0.0249126661,0.0121144688,0.0148210429,0.999506284,0.0235102696,0.0501808883,0.0290645166,0.230245547,-0.491899903,-9.79159856,0.00199168527,-0.0261437279,0.103012631,-0.0703135431,-0.0143345315,0.0893783569,-1.67596436,21.5897751,-45.1756287,2
3.48191288,0.0245555097,0.0119973403,0.0152551873,0.999509972,0.0232642857,0.0494731763,0.0299473347,0.227845007,-0.48496824,-9.79200071,0.00304548691,0.017801395,0.136185417,-0.0777126029,-0.0280458163,0.0823689178,-1.54963684,21.5723801,-45.1690979,2
3.49186988,0.0241617414,0.0117733954,0.0156255593,0.999516536,0.0228093297,0.0486872848,0.0307082877,0.223398677,-0.477270562,-9.79248119,0.00270341374,0.0529000713,0.133074591,-0.0848557949,-0.0584766045,0.0654754415,-1.55580139,21.4623184,-45.2006531,2
3.50182788,0.0237310505,0.0113859226,0.0158974128,0.999527033,0.0220335186,0.0478198897,0.031280241,0.215810541,-0.468774208,-9.79306162,-0.0461218458,0.101714956,0.0655704965,-0.0905429795,-0.0894148126,0.0440215468,-1.5565567,21.6643753,-44.9475403,2
3.51178488,0.0232878394,0.0108633256,0.0160580526,0.999540675,0.0209934017,0.0469203873,0.0316354741,0.205633266,-0.459963015,-9.79369875,-0.0664706055,0.0836261951,-0.0772954211,-0.0915794149,-0.117324382,0.02311638,-1.68320465,21.560936,-45.0734558,2
3.52174288,0.0228454945,0.0102062398,0.0161316405,0.999556723,0.0196884727,0.0460162602,0.031821696,0.192861116,-0.45110612,-9.79437036,-0.0557933998,0.0454403298,-0.203815769,-0.0901082903,-0.142670751,0.0105065778,-1.56646729,21.7311478,-45.0460815,2
3.53169988,0.0224289334,0.009460865,0.0161517937,0.999573146,0.0182086875,0.0451596871,0.0319033367,0.178374307,-0.442714724,-9.79502795,-0.0721319374,0.0300159662,-0.241615046,-0.0824260563,-0.147982389,0.00472547486,-1.70872498,21.6531067,-45.0226746,2
3.54165788,0.0220603012,0.00875024418,0.0161556274,0.99958778,0.0167978218,0.0443997327,0.0319487847,0.164560283,-0.435269595,-9.79560312,-0.0876469019,0.0108991413,-0.290270063,-0.0671230033,-0.132896647,0.00374543131,-1.65135956,21.925354,-45.2472839,2
3.55161588,0.0217874948,0.0081499318,0.0161705459,0.99959859,0.0156043115,0.0438351128,0.0320091853,0.152872823,-0.429737936,-9.79603684,-0.077156515,0.0323022505,-0.282803965,-0.0440342687,-0.103901699,0.00640251487,-1.66323853,21.8526306,-45.2469482,2
3.56157288,0.0216567771,0.00772941049,0.016202326,0.99960426,0.0147654657,0.0435606571,0.0320929875,0.144657139,-0.427049026,-9.79627941,-0.0960252378,0.0951545742,-0.253681331,-0.0106773749,-0.0619443953,0.0093873851,-1.70045471,21.9374542,-45.2212219,2
3.57153088,0.0217109703,0.00750644048,0.0162414529,0.999604145,0.0143158349,0.0436624545,0.0321803212,0.14025179,-0.428046366,-9.79629987,-0.11960212,0.114258065,-0.244981892,0.031275399,-0.029216541,0.0061969189,-1.84013367,21.8903046,-45.2228088,2
3.58148788,0.0219471893,0.00743751519,0.0162619604,0.999599156,0.0141695298,0.044133006,0.0322213624,0.138815674,-0.432656454,-9.7961175,-0.161710556,0.0822070124,-0.167651399,0.0620277189,0.00084894849,0.00279020309,-1.80402374,22.0793304,-45.4715271,2
3.59144588,0.0223025747,0.00751968029,0.0162903722,0.9995902,0.0143214516,0.0448468985,0.0322700172,0.140299456,-0.439650441,-9.79578549,-0.167384182,0.0449081957,-0.079548753,0.0796067417,0.0265825726,0.00997045822,-1.75731659,21.8628845,-45.4882202,2
3.60140388,0.0227182574,0.00768655653,0.0163629091,0.999578433,0.0146389548,0.045684799,0.0324022428,0.143404198,-0.447858991,-9.79536814,-0.152532421,-0.0211034322,0.0580009381,0.0843562186,0.0360594317,0.0198686272,-1.69441223,21.98909,-45.3926697,2
3.61136088,0.0231256178,0.00786870172,0.0164797985,0.999565781,0.0149851221,0.0465072652,0.0326224015,0.146789457,-0.455916078,-9.7949467,-0.102347408,-0.0767920382,0.209161806,0.0776190087,0.0357513055,0.0270887055,-1.64891815,21.9011536,-45.1911621,2
3.62131888,0.0234509108,0.00805102746,0.0166304973,0.999554254,0.0153325285,0.0471661865,0.032911096,0.150187639,-0.462370807,-9.79459248,-0.0821028488,-0.10460432,0.281980374,0.0530955568,0.0364197642,0.0329849422,-1.62640381,21.9080048,-45.2921448,2
3.63127588,0.0236451198,0.00821277848,0.016822747,0.999545093,0.0156408584,0.047562981,0.0332855862,0.153204713,-0.466257658,-9.7943616,-0.0574369749,-0.142466324,0.307038243,0.0226261094,0.0272806063,0.0433119945,-1.63593292,21.9197388,-45.2368164,2
3.64123388,0.0236804479,0.00831771143,0.017092977,0.999538848,0.015836843,0.0476414241,0.0338210697,0.15512367,-0.467026049,-9.79429438,-0.00997552363,-0.138705181,0.330913039,-0.0108729955,0.0174197201,0.0655222237,-1.56460571,22.0494537,-45.3550415,2
3.65119188,0.0235305328,0.00837907034,0.0174672935,0.999535356,0.0159468728,0.0473496092,0.0345696494,0.156203502,-0.464167554,-9.79441362,0.0594239383,-0.103106812,0.283447524,-0.0486145578,0.0117350072,0.0860869139,-1.60540009,22.0847626,-45.4398499,2
3.66114888,0.0232297768,0.00841444326,0.0179334216,0.999533796,0.0160060377,0.0467567282,0.0355054457,0.156787366,-0.458359818,-9.79467782,0.0452230521,-0.0960457143,0.186896198,-0.0698402151,0.00966732949,0.0990498513,-1.6645813,21.9142151,-45.2719727,2
3.67110688,0.0228641467,0.00845626497,0.0184458904,0.999532514,0.016078851,0.0460351408,0.0365346683,0.157505835,-0.451291085,-9.79499405,-0.0264236043,-0.0896470993,0.045355976,-0.075137116,0.0121352375,0.105458677,-1.55823517,22.0028076,-45.1906433,2
3.68106388,0.0225158425,0.00847809049,0.0189978642,0.999529947,0.0161099629,0.0453481901,0.037643666,0.157815522,-0.444561411,-9.79529683,-0.0904789288,-0.0657009911,-0.0640250207,-0.065059185,0.00439422717,0.116278835,-1.64784241,21.8922424,-44.8962097,2
3.69102188,0.0222392996,0.00845149517,0.019596516,0.999524801,0.0160401161,0.0448036909,0.038847241,0.157135211,-0.439227137,-9.79554876,-0.106109099,-0.0262936943,-0.15595044,-0.0484869555,-0.00975419767,0.12234357,-1.50214386,21.8764648,-45.1270752,2
3.70097888,0.0220364274,0.00832872505,0.0201997163,0.999518304,0.0157753696,0.0444026901,0.0400630952,0.154544628,-0.435298566,-9.79576503,-0.185370285,0.010778474,-0.148401924,-0.0362132452,-0.0327340811,0.119599707,-1.54523468,22.0119019,-45.3076782,2
3.71093688,0.0218916777,0.0080983961,0.020768678,0.999511728,0.0152950362,0.0441126685,0.0412142485,0.14984131,-0.432457205,-9.79596436,-0.239624182,0.0345726431,-0.0829606073,-0.0264572315,-0.0502564311,0.109815098,-1.42377472,22.0806427,-45.1457825,2
3.72089488,0.0217891792,0.0078132619,0.0212945307,0.999505142,0.0147055101,0.0439036557,0.042280823,0.144067631,-0.430409479,-9.79614088,-0.239985654,0.0172618082,-0.0366956997,-0.0186323319,-0.0559979379,0.102252521,-1.47064209,22.0175171,-45.0341797,2
3.73085188,0.0217246216,0.00753171942,0.0217988241,0.999497916,0.0141227283,0.0437697675,0.0433035042,0.138359409,-0.429097738,-9.79628058,-0.182652441,-0.0243024474,-0.0111176063,-0.0123314746,-0.0502631441,0.101837419,-1.49983215,21.8960114,-45.1036987,2
3.74080988,0.0216754863,0.00729239032,0.0223108403,0.999489398,0.0136235453,0.0436681134,0.0443395466,0.133469847,-0.428101823,-9.79639223,-0.135565075,-0.0769233364,0.0406190106,-0.0121897934,-0.0405641794,0.105265178,-1.48723602,22.0571289,-45.2612305,2
3.75076688,0.0216105715,0.00711469088,0.0228285664,0.999480372,0.0132482522,0.0435372732,0.045384473,0.129794063,-0.42681993,-9.79649744,-0.115279517,-0.0994537692,0.0685568189,-0.0169445537,-0.0264213607,0.105518684,-1.48812866,22.1366119,-45.2372437,2
3.76072488,0.0215248521,0.00699650665,0.0233582154,0.999470841,0.0129926256,0.0433673684,0.0464508737,0.127290757,-0.425155321,-9.79660265,-0.107538876,-0.0785230998,0.113104401,-0.0207779072,-0.01541638,0.109049506,-1.43309021,22.1371307,-45.0760193,2
3.77068288,0.0213995095,0.00689867912,0.0239202101,0.999460937,0.0127783839,0.0431193438,0.0475815367,0.125193255,-0.422725281,-9.79673476,-0.0606997396,-0.0688324575,0.120119833,-0.0314667672,-0.0191886593,0.11669451,-1.66606903,21.9862671,-45.3228455,2
3.78063988,0.021220574,0.00677765923,0.0244994005,0.999451531,0.0125198735,0.0427629996,0.0487481279,0.122662567,-0.419233968,-9.79691713,-0.0840563666,-0.0320712182,0.156364866,-0.0429117009,-0.0208241083,0.117078543,-1.48769379,22.0098419,-45.1657104,2
3.79059788,0.0209994116,0.00666360878,0.0250679991,0.999442911,0.0122782694,0.042322146,0.0498935608,0.120297847,-0.41491457,-9.79712989,-0.134214437,-0.0425257941,0.124555185,-0.047156997,-0.017982766,0.112753943,-1.32034302,22.1423798,-45.0323486,2
3.80055488,0.0207950124,0.00653840479,0.0256174747,0.999434021,0.0120148178,0.0419137516,0.0510008982,0.1177188,-0.410913153,-9.7973298,-0.142259668,-0.0770532829,0.00833762023,-0.0377624296,-0.0257733129,0.110492386,-1.4724884,22.1335449,-44.9536438,2
3.81051288,0.0206521478,0.00633716983,0.026161813,0.999424245,0.0115967514,0.0416241166,0.0521004224,0.113624233,-0.408075299,-9.79749697,-0.12963574,-0.115355285,-0.0218722246,-0.0245988816,-0.0477747172,0.110585153,-1.51900482,22.1727295,-45.0059204,2
3.82047088,0.0205441142,0.00608598239,0.0267190782,0.999413255,0.0110767013,0.0414011701,0.0532274591,0.108530033,-0.405890795,-9.79764544,-0.0907234416,-0.149412563,0.0138899937,-0.0234710332,-0.0447144769,0.114903733,-1.40158844,22.0087433,-45.0792236,2
3.83042788,0.0204468646,0.00586698508,0.027280632,0.999401397,0.0106205519,0.0412010159,0.0543615621,0.104061692,-0.403929651,-9.7977752,-0.0693460513,-0.151972294,0.0942255131,-0.0212991368,-0.0376003459,0.110939577,-1.40158844,22.0087433,-45.0792236,2
3.84038588,0.0203614719,0.00571435114,0.02781921,0.999389174,0.0102976887,0.0410275156,0.0554467705,0.100899063,-0.402229605,-9.79787808,-0.0795011693,-0.124193695,0.186804428,-0.0157877244,-0.017498007,0.106235363,-1.43170166,22.0071411,-44.8592529,2
3.85034288,0.0202812639,0.00566106464,0.028336758,0.999376611,0.010174332,0.0408694504,0.0564857348,0.0996910759,-0.400680841,-9.79795407,-0.0516576791,-0.0994062768,0.254516613,-0.0183385406,0.00234447839,0.10267102,-1.24370575,22.195816,-45.0076904,2
3.86030088,0.0201493038,0.00571337062,0.0288499223,0.999364204,0.0102655098,0.040613811,0.0575120178,0.100585477,-0.398175946,-9.79804701,0.00161673275,-0.0745274908,0.325687414,-0.0378762931,0.0249509886,0.103681423,-1.33783722,22.2412109,-45.0836487,2
3.87025788,0.0199066084,0.00588289729,0.0293689277,0.999353055,0.0105976475,0.0401437898,0.0585462195,0.103841748,-0.393570352,-9.79819898,0.046992683,-0.0614758111,0.322996275,-0.0594177097,0.0485785827,0.102712244,-1.47192383,22.1437988,-44.9992065,2
3.88021588,0.0195687634,0.00611154077,0.0298743461,0.999343336,0.0110546894,0.039487244,0.0595518544,0.108322756,-0.387136958,-9.79840649,0.0971293905,-0.0893073825,0.182096104,-0.0765266567,0.0492489003,0.0965046808,-1.41143036,22.2036438,-44.8641663,2
3.89017388,0.0191745368,0.00631150462,0.030342514,0.999335665,0.0114598545,0.0387162824,0.0604848441,0.112296108,-0.379582195,-9.79865783,0.155854213,-0.0347625762,0.0509650481,-0.08118736,0.0387600698,0.0888110325,-1.26256561,22.2015839,-45.0574646,2
3.90013088,0.0187825411,0.00645903861,0.0307639039,0.999329228,0.0117625022,0.0379464011,0.0613264559,0.11526505,-0.372037771,-9.79891268,0.202714602,0.0166502522,-0.0870452462,-0.072598666,0.0285178162,0.0780811608,-1.18215179,22.3694305,-44.8416748,2
3.91008888,0.0184473467,0.00656678984,0.0311181772,0.999323885,0.0119852217,0.0372870811,0.0620348682,0.117450367,-0.365576612,-9.79912954,0.206065867,0.00794452926,-0.212972889,-0.0608599074,0.0210275315,0.0627836511,-1.1678009,22.2165375,-44.9839172,2
3.92004588,0.0181878632,0.0066380034,0.0313944663,0.999319557,0.0121334784,0.0367760571,0.0625878921,0.118905406,-0.360568648,-9.79929788,0.174982582,-0.0331261341,-0.265476983,-0.0426774397,0.0131139494,0.046508275,-1.25211334,22.320816,-44.8089905,2
3.93000388,0.0180226934,0.00667829079,0.0315790067,0.999316421,0.0122175931,0.0364506056,0.0629574921,0.119731098,-0.357379168,-9.79940427,0.158444924,-0.0580129938,-0.291257321,-0.0245226584,0.00656549633,0.0255474709,-1.24445343,22.3901215,-45.0014038,2
3.93996188,0.0179176411,0.00669244888,0.0316569707,0.999315704,0.0122496523,0.0362424193,0.0631141016,0.120046165,-0.35533893,-9.79947499,0.115034237,-0.0718746747,-0.241956406,-0.0165086742,0.00155182974,0.00453273207,-1.21181488,22.6505661,-45.1659546,2
3.94991888,0.0178494764,0.00669498374,0.0316368658,0.999317577,0.0122597241,0.036106052,0.0630744441,0.120145451,-0.354002494,-9.79952176,0.104460318,-0.148628463,-0.144046652,-0.0117151737,0.000220017275,-0.0130890515,-1.22100067,22.6349411,-45.14505,2
3.95987688,0.0177791582,0.00667347027,0.0315498999,0.99932171,0.0122242346,0.0359630438,0.0629018197,0.119798291,-0.352600957,-9.7995767,0.12650494,-0.282758519,-0.0194932205,-0.0183294006,-0.0113673965,-0.0206423085,-1.21891785,22.5820389,-45.0763855,2
3.96983388,0.0176444464,0.00656270333,0.0314490607,0.999327971,0.0120147217,0.0356855328,0.0627052416,0.117746327,-0.34988125,-9.79969887,0.228065901,-0.464145488,0.156902626,-0.0368024632,-0.0310423113,-0.019598728,-1.34481049,22.4658737,-45.1487427,2
3.97979188,0.0174197906,0.00637557387,0.0313698759,0.999335584,0.0116572571,0.0352237184,0.0625555122,0.114245141,-0.34535526,-9.79990111,0.329130796,-0.56803092,0.322753114,-0.0547756031,-0.038924735,-0.0107016396,-1.13231659,22.5741501,-45.1402588,2
3.98974988,0.0171120442,0.00619176888,0.0313517677,0.999342718,0.0113094212,0.0345967406,0.062528545,0.110838803,-0.339210437,-9.80015479,0.378176603,-0.625950317,0.398873061,-0.0696454942,-0.0287354384,0.00337483222,-1.14172363,22.4984512,-45.2983093,2
3.99970688,0.016752697,0.00610742035,0.0314076194,0.999347573,0.011161181,0.0338736507,0.0626465079,0.109388732,-0.332123511,-9.80041374,0.381871256,-0.675384721,0.408259898,-0.0734721869,0.000543087488,0.01766349,-1.17276001,22.5911789,-45.1647644,2
4.00966488,0.0163872999,0.00615540462,0.031524295,0.999349687,0.0112760403,0.0331474455,0.0628817998,0.110517097,-0.325005861,-9.80063995,0.305624832,-0.74939038,0.329028541,-0.0741849318,0.0196655281,0.0279164389,-1.21095276,22.5714645,-45.2194824,2
4.01962188,0.0159984541,0.00625222724,0.0316990255,0.999349899,0.0114883284,0.0323781429,0.0632320316,0.112600488,-0.317465638,-9.80086323,0.236803042,-0.828158066,0.288700037,-0.0848098844,0.0267926808,0.0426498465,-1.21901703,22.4084549,-44.9377441,2
4.02957988,0.0155204084,0.00637739467,0.0319516575,0.999348553,0.0117607554,0.0314333081,0.0637383385,0.115273982,-0.308204693,-9.80112802,0.233680636,-0.879766527,0.271906139,-0.10802225,0.0288094003,0.0554793589,-1.24475861,22.5860977,-45.1963196,2
4.03953688,0.0148928322,0.00648678348,0.0322429743,0.99934797,0.0120104907,0.0301891351,0.0643243275,0.117726179,-0.296009319,-9.80147464,0.215516509,-0.94283863,0.199678523,-0.14538534,0.0238407403,0.056964606,-1.23607635,22.7036667,-45.1021729,2
4.04949488,0.0140698773,0.00652358305,0.0325296542,0.999350393,0.0121285539,0.028549773,0.0649054668,0.118889095,-0.279939607,-9.80193291,0.158089827,-1.01876335,0.18128245,-0.186167344,0.00309961522,0.0557274111,-1.12832642,22.8067093,-44.7662048,2
4.05945288,0.0130633661,0.00648464994,0.032798865,0.999355466,0.012108573,0.0265383859,0.0654557898,0.118699828,-0.260222113,-9.80247827,0.132242168,-1.02710842,0.0929430721,-0.218797728,-0.0058288984,0.0510234684,-1.16618347,22.9686508,-44.9962463,2
4.06940988,0.0119075211,0.00639430572,0.0330427341,0.999362463,0.0119973519,0.0242247992,0.0659582087,0.11761649,-0.237540892,-9.80306688,0.11566826,-1.01567225,-0.0402437476,-0.246386454,-0.0148990713,0.044622805,-1.1484375,22.961998,-45.0402527,2
4.07936788,0.0106301231,0.00625207604,0.0332421837,0.999371152,0.0117925924,0.0216642367,0.0663739265,0.115616009,-0.212436973,-9.80366718,0.126946281,-0.971194737,-0.119400871,-0.269407094,-0.0251530409,0.0353872254,-1.15803528,23.3138657,-44.8471069,2
4.08932488,0.00925341408,0.00604476984,0.0333857066,0.999381373,0.0114664964,0.0189001224,0.0666795378,0.112425369,-0.185335853,-9.80425404,0.080457237,-0.902976722,-0.21129005,-0.287565619,-0.0351826139,0.020701915,-1.14585114,23.2971573,-44.8344727,2
4.09928288,0.00781520286,0.00581165389,0.033461719,0.999392508,0.011094876,0.0160105302,0.0668502863,0.108787387,-0.157002963,-9.80478947,0.0733213116,-0.854395865,-0.277492999,-0.292983532,-0.0381554998,0.00806175265,-1.40278625,23.3886032,-44.8406372,2
4.10924088,0.00638251476,0.00557094203,0.0334832318,0.999403335,0.0107089495,0.0131308567,0.0669110744,0.10500786,-0.128766017,-9.80524247,0.102090328,-0.833551669,-0.392709863,-0.282371074,-0.0384579301,9.66135412E-05,-1.28829956,23.4575882,-44.928894,2
4.11919788,0.00504588013,0.00534766613,0.0334754559,0.99941245,0.0103519714,0.0104440518,0.0669111709,0.101510811,-0.102419295,-9.80558968,0.109926867,-0.802287931,-0.503094483,-0.255241454,-0.0314487554,-0.00540600996,-1.28908539,23.7825089,-44.9039612,2
4.12915588,0.00388821298,0.00519460469,0.0334384631,0.999419676,0.0101236552,0.00811940151,0.0668497017,0.0992741748,-0.0796232522,-9.80582407,0.0768490199,-0.793510385,-0.525604421,-0.210093111,-0.0130734611,-0.011690693,-1.44884491,23.8356247,-45.096283,2
4.13911288,0.00297580684,0.00518160191,0.0333703197,0.999425158,0.0101590153,0.00629405743,0.0667222512,0.0996222211,-0.06172321,-9.80594974,-0.00325585999,-0.885630742,-0.505128619,-0.156808585,0.0184692852,-0.0177893322,-1.37714386,24.0594406,-44.7843323,2
4.14907088,0.00230894093,0.00531297839,0.0332807229,0.999429148,0.0104665248,0.00496890571,0.0665488457,0.102638409,-0.0487281193,-9.80599183,-0.0608897731,-0.97374391,-0.410216293,-0.110239819,0.0438572541,-0.017855864,-1.24552155,24.0728073,-44.901947,2
4.15902888,0.00183562734,0.00557392347,0.0331989467,0.999431459,0.0110199401,0.00403927518,0.0663889788,0.108065631,-0.0396116511,-9.80597429,-0.0752952603,-1.06037261,-0.247128256,-0.0750602633,0.0678627193,-0.0173128434,-1.23126984,24.2679367,-44.8746033,2
4.16898588,0.00150677832,0.00592422667,0.0331186087,0.999432648,0.0117422642,0.00340425776,0.0662305775,0.115148958,-0.0333842987,-9.80591701,-0.0991379995,-1.10819922,-0.0731575907,-0.0517774075,0.0769248083,-0.016555531,-1.17974091,24.2506485,-44.8717957,2
4.17894388,0.00124181826,0.00631502884,0.0330387828,0.999433335,0.0125412258,0.00289951492,0.0660727793,0.12298367,-0.0284344874,-9.80583751,-0.13390748,-1.13364937,0.152715696,-0.0512543656,0.0821949393,-0.016429564,-1.17974091,24.2506485,-44.8717957,2
4.18890088,0.000937918979,0.0067242556,0.03294893,0.999433878,0.013379526,0.00231789213,0.0658957962,0.131204058,-0.0227307365,-9.80574574,-0.109506879,-1.13067416,0.373489614,-0.0666446388,0.0832927376,-0.0212881677,-1.01331329,24.1723099,-44.5783386,2
4.19885888,0.000534225805,0.0070880072,0.0328214015,0.999435866,0.0141334363,0.00153312612,0.0656454133,0.138596889,-0.0150348255,-9.80565924,-0.116450789,-1.18760089,0.500744121,-0.0914996564,0.0660580918,-0.0297735315,-1.19651031,24.2292709,-44.8647461,2
4.20881688,-8.2545722E-06,0.00736994443,0.0326772878,0.999438748,0.0147326901,0.000465159728,0.0653645592,0.144473097,-0.00456165849,-9.80558442,-0.0814759308,-1.25942548,0.608857874,-0.124607362,0.0544881374,-0.027836971,-1.1192627,24.2809219,-44.8751831,2
4.21877388,-0.000708475018,0.00759573831,0.0325550023,0.99944077,0.0152297051,-0.000921599209,0.0651304207,0.149346548,0.00903779983,-9.80550843,-0.00225305789,-1.28843764,0.615066666,-0.151886657,0.045451764,-0.0235940218,-1.22498322,24.1632614,-44.7631226,2
4.22873188,-0.00152585182,0.00778929325,0.0324559166,0.999441618,0.0156696255,-0.00254438506,0.0649452139,0.153659754,0.0249518672,-9.80541432,0.0407192379,-1.29432596,0.53461658,-0.170817643,0.0467610024,-0.0189804062,-1.15488434,24.2266006,-44.8965759,2
4.23868888,-0.00239543687,0.00803354333,0.0323762118,0.999440521,0.0162140659,-0.0042680149,0.064800615,0.158997261,0.0418547995,-9.8052717,0.0596230228,-1.27935607,0.385584541,-0.173377484,0.0634478331,-0.0153531814,-1.19865417,24.369545,-44.8179321,2
4.24864688,-0.00322032982,0.00836989519,0.0323054268,0.999437747,0.0169395512,-0.00589628645,0.0646746346,0.166109412,0.0578224808,-9.80507238,0.0866282081,-1.30639692,0.140279408,-0.15157707,0.0828741938,-0.0179151651,-1.01633453,24.5569534,-44.9521484,2
4.25860388,-0.00393276031,0.00879798135,0.0322250304,0.999434165,0.0178408939,-0.00729410428,0.0645292831,0.174945465,0.0715300945,-9.80482863,0.100836364,-1.30738535,-0.0410264224,-0.129367635,0.0966376811,-0.0169545636,-0.908355713,24.5576248,-44.6487427,2
4.26856188,-0.00455093902,0.00927314674,0.0321417135,0.999429954,0.0188300643,-0.00850068229,0.06437797,0.184642263,0.0833622104,-9.80455741,0.113285932,-1.27297937,-0.0776595783,-0.11353185,0.101326019,-0.0169619303,-1.00689697,24.6373367,-44.8778687,2
4.27851988,-0.00510090036,0.00974183093,0.0320610351,0.999425421,0.0198017483,-0.00957141876,0.0642317093,0.19416723,0.0938621232,-9.80427859,0.157331227,-1.22482142,-0.0970920085,-0.104082957,0.0934806168,-0.0168079995,-1.07475281,24.6320877,-44.7638855,2
4.28847663,-0.00561194609,0.0101469416,0.031976121,0.999421329,0.0206436553,-0.0105686743,0.0640765376,0.202419419,0.103641357,-9.80401264,0.192025012,-1.17908513,-0.137609897,-0.0971492752,0.0782088488,-0.0169976819,-1.10256958,24.5335007,-44.9199524,2
4.29843463,-0.00611148772,0.0104839976,0.0319058635,0.999417121,0.0213488027,-0.0115471055,0.0639505191,0.209330386,0.113235909,-9.80376188,0.221176726,-1.10787532,-0.126189508,-0.099320285,0.0636022091,-0.0127613917,-1.03450012,24.8705063,-44.8258667,2
4.30839163,-0.0066110455,0.0107011126,0.0318614399,0.999413066,0.0218143814,-0.0125327529,0.0638754099,0.213892232,0.122901107,-9.80354677,0.261356524,-1.04765977,-0.143164024,-0.0983841047,0.031936992,-0.00534413476,-1.05667114,24.6397934,-44.5245972,2
4.31834963,-0.00708788507,0.0107889562,0.0318618066,0.999408897,0.0220206034,-0.0134802878,0.0638881416,0.21591128,0.132192457,-9.80338135,0.310812793,-1.02657468,-0.179541159,-0.091717951,0.00595386047,0.00283390027,-0.963577271,24.8606491,-44.7276306,2
4.32830762,-0.00750701499,0.0107093307,0.0318992936,0.999405479,0.0218888573,-0.0143223533,0.0639716281,0.214617203,0.140449504,-9.80329543,0.311508337,-1.02914548,-0.241278361,-0.0766842663,-0.0338533409,0.00998522155,-1.12059021,24.7405624,-44.7883911,2
4.33826463,-0.00785690715,0.0104681851,0.0319622754,0.999403339,0.02143019,-0.015035831,0.0641020364,0.21011854,0.147445574,-9.80329017,0.313313524,-1.04377307,-0.225870949,-0.0688175559,-0.0547181442,0.0123658208,-0.880523682,24.980217,-44.6787415,2
4.34822263,-0.00819063186,0.0101694292,0.032039383,0.999401333,0.0208556165,-0.0157204598,0.0642591412,0.20448364,0.154158698,-9.80330595,0.303535751,-1.10256011,-0.24934827,-0.0724968463,-0.0618616715,0.0157358516,-0.941444397,24.8005447,-44.7088318,2
4.35817963,-0.00855382626,0.00980220424,0.0321398569,0.99939869,0.0201465521,-0.016468027,0.0644621239,0.197530039,0.161488876,-9.8033305,0.327099107,-1.20251599,-0.257853064,-0.0784202516,-0.0799277574,0.0235381145,-0.952651978,25.0902634,-44.4621277,2
4.36813763,-0.00893984731,0.00937581942,0.0322973381,0.999394267,0.0193218283,-0.0172640939,0.0647781265,0.189442375,0.169294509,-9.80335856,0.403571156,-1.25356681,-0.302117737,-0.0799491853,-0.0833174214,0.0359491035,-0.91709137,25.0329666,-44.3450623,2
4.37809563,-0.00928655227,0.00898839071,0.0325187131,0.999387465,0.0185738128,-0.0179781145,0.0652212934,0.182106973,0.176295583,-9.80337375,0.486323893,-1.29528385,-0.393081618,-0.0646924675,-0.0654505417,0.050434038,-0.829574585,25.1527634,-44.4678345,2
4.38805263,-0.00952699811,0.00875192308,0.032798778,0.999378208,0.0181219926,-0.0184690938,0.065782171,0.177676005,0.181109651,-9.80336733,0.533850527,-1.30982442,-0.543922753,-0.0360088758,-0.0276892334,0.0609410107,-0.803634644,25.1505051,-44.4796753,2
4.39801063,-0.00960138031,0.00871120759,0.0331127623,0.999367574,0.0180513608,-0.018614787,0.0664112248,0.17698309,0.182538167,-9.8033533,0.532598153,-1.27683619,-0.743403707,0.00460992288,0.00961499475,0.0641778186,-0.697059631,25.2647171,-44.3704834,2
4.40796763,-0.00947523585,0.0088325394,0.0334387395,0.99935681,0.0182914955,-0.0183486145,0.0670633835,0.179338093,0.17992835,-9.80335914,0.47637365,-1.29637281,-0.852933172,0.0435100868,0.0381774604,0.0650982484,-0.769882202,25.2345047,-44.5144043,2
4.41792563,-0.00916837919,0.00907577022,0.0337381934,0.999347423,0.0187623883,-0.0177133183,0.0676609935,0.18395651,0.173699228,-9.80338603,0.405016825,-1.25767235,-0.934758054,0.0805655718,0.0521020629,0.0555106029,-0.76133728,25.2531204,-44.4015198,2
4.42788363,-0.00868044135,0.00933209161,0.0339442801,0.999342476,0.0192450905,-0.0167167038,0.0680679889,0.188691849,0.163927228,-9.80346377,0.31678372,-1.14928913,-1.02925069,0.117076516,0.0400178879,0.0287101325,-0.727729797,25.2135849,-44.6799316,2
4.43784063,-0.00803010127,0.00950098633,0.0340049695,0.999344182,0.0195391988,-0.0154041177,0.0681788148,0.191579168,0.151056814,-9.80361458,0.212292469,-1.0409499,-1.0873095,0.147255719,0.0195038281,-0.00187227922,-0.605155945,25.3310623,-44.412384,2
4.44779863,-0.00721904093,0.00957802881,0.0339190333,0.999352507,0.019636506,-0.0137794144,0.0679912531,0.192537693,0.135125615,-9.80382851,0.153873086,-0.932991628,-1.1520377,0.180356726,0.0046168617,-0.0282587707,-0.526237488,25.2275925,-44.5868225,2
4.45775563,-0.00621593205,0.00961433845,0.0337098206,0.999366013,0.0196381859,-0.0117760594,0.0675524682,0.192559083,0.115481021,-9.80407927,0.126168739,-0.81757895,-1.23438748,0.223234415,-0.00104262179,-0.0513454489,-0.708580017,25.0351944,-44.6920166,2
4.46771363,-0.00499424265,0.00961983433,0.0333832624,0.999383751,0.0195633616,-0.0093401828,0.0668742166,0.19183044,0.091594571,-9.80434581,0.0502829476,-0.731293583,-1.23292384,0.266525239,-0.011334911,-0.0741964802,-0.536231995,24.9807816,-44.6758118,2
4.47767163,-0.00357308321,0.00960434287,0.0329386953,0.999404758,0.0194342723,-0.00650924964,0.065956018,0.190569078,0.0638334801,-9.80459014,0.00904721154,-0.619286548,-1.17282388,0.300756186,-0.0148316417,-0.0985391065,-0.572807312,24.6882858,-44.7140808,2
4.48762863,-0.00202424033,0.00953970834,0.0323491086,0.999428967,0.0192007791,-0.00342897344,0.0647454999,0.188282647,0.0336266767,-9.80478479,-0.0808431219,-0.560947866,-1.03182084,0.319918513,-0.0330063552,-0.133049443,-0.729248047,24.4960098,-44.8452759,2
4.49758663,-0.000407229361,0.00937663748,0.0315782959,0.999457123,0.018769916,-0.000221820107,0.0631719523,0.184059185,0.0021753122,-9.80492215,-0.254838045,-0.618081922,-0.80647888,0.325449884,-0.0513779037,-0.170731053,-0.77986908,24.3334274,-44.9971313,2
4.50754363,0.00118248212,0.00919181243,0.0306574444,0.99948691,0.0183027889,0.00292734994,0.0613003375,0.17947825,-0.0287074546,-9.80496541,-0.337645489,-0.7724505,-0.56731415,0.311020344,-0.0370895974,-0.190264538,-0.927337646,24.1030502,-45.1634216,2
4.51750163,0.00267864278,0.00916641132,0.0296802901,0.999513736,0.0181662174,0.00589883821,0.0593184206,0.178136845,-0.0578475056,-9.80486136,-0.256846499,-0.7780264,-0.360469973,0.292105526,0.0108752679,-0.197048411,-0.867225647,23.8991623,-44.9708252,2
4.52745963,0.00409990726,0.00937517189,0.028656164,0.999536906,0.0185084479,0.00873344118,0.0572423499,0.181488585,-0.0856447135,-9.80459657,-0.146024747,-0.60882167,-0.185209852,0.281935602,0.0500449874,-0.209872529,-0.867225647,23.8991623,-44.9708252,2
4.53741663,0.00543691226,0.00969413038,0.0275636878,0.999558221,0.0190823715,0.0114036798,0.0550289542,0.187110608,-0.111829477,-9.80422716,-0.0341812692,-0.475346718,0.134495564,0.262449503,0.055983305,-0.224393144,-0.895942688,23.6449661,-45.1104431,2
4.54737462,0.00660653736,0.00995308695,0.0264126116,0.999579787,0.0195519067,0.0137337282,0.0527008739,0.191708402,-0.134677634,-9.80385072,0.142282419,-0.361219623,0.470205775,0.20848538,0.0288609788,-0.233768821,-0.906646729,23.708046,-45.2456665,2
4.55733163,0.00741927092,0.0100289394,0.0252344083,0.999603705,0.0196790734,0.0153394117,0.0503271619,0.192950621,-0.150422343,-9.80359763,0.279305364,-0.272601428,0.648020841,0.117531247,-0.0110182613,-0.236627728,-0.994407654,23.5356216,-45.5217896,2
4.56728963,0.0076792986,0.00989673211,0.0240585145,0.999631974,0.0194203284,0.0158298073,0.047971726,0.190412536,-0.155230894,-9.80357249,0.39048035,-0.07161796,0.647097881,-0.012042189,-0.0447449759,-0.236702174,-1.03196716,23.5460281,-45.4098816,2
4.57724763,0.00729514047,0.00961275992,0.022862739,0.999665692,0.0188887741,0.0150255167,0.0455908752,0.185203678,-0.147344442,-9.80379403,0.385064937,0.101257814,0.483615876,-0.135868266,-0.0707624629,-0.246865332,-1.26377106,23.534996,-45.5296936,2
4.58720463,0.00640386748,0.00915685361,0.0215692361,0.999704891,0.0180345981,0.0131993512,0.0430254834,0.176834001,-0.12943766,-9.80420085,0.239906397,0.17088903,0.153174546,-0.212217763,-0.108127102,-0.276671231,-1.37112427,23.6826859,-45.4763489,2
4.59716263,0.00531138891,0.00848615036,0.0200939515,0.999747951,0.01675636,0.0109613605,0.0401007823,0.164306199,-0.107492069,-9.80468425,0.0846904633,0.214185424,-0.258743875,-0.217030093,-0.155266911,-0.317854881,-1.22328949,23.6278152,-45.035614,2
4.60711963,0.00435557977,0.00761615175,0.018418274,0.999791817,0.0150698672,0.00899001985,0.0367723061,0.147773344,-0.088160788,-9.80514018,-0.0180378615,0.227475132,-0.580906622,-0.162041947,-0.186380267,-0.35740748,-1.58467102,23.7597427,-45.1422424,2
4.61707763,0.00377231475,0.00667471535,0.0165696434,0.999833225,0.0132229765,0.00776464458,0.0330904377,0.129665413,-0.0761443879,-9.80549732,-0.0198317317,0.250623569,-0.680507398,-0.0709871426,-0.18743062,-0.384950429,-1.66165161,23.7813644,-45.3265991,2
4.62703563,0.00369219946,0.00579607211,0.0145994828,0.999869753,0.0114834059,0.00755274823,0.0291573248,0.11260806,-0.0740664537,-9.80572353,-0.0189352487,0.281166628,-0.578676671,0.0389082842,-0.164790705,-0.403482348,-1.87194824,24.0324783,-45.65802,2
4.63699263,0.00415917267,0.00512252144,0.0125765089,0.999899087,0.0101399287,0.00844645322,0.0251114034,0.0994334844,-0.0828304233,-9.80579601,-0.0656157148,0.337216085,-0.298632818,0.144468531,-0.107347116,-0.406265348,-2.13502502,23.9025192,-45.4518738,2
4.64695063,0.00507955972,0.0048401116,0.0105781842,0.999919448,0.00957262852,0.0102608803,0.0211081716,0.0938690461,-0.100623096,-9.80568437,-0.136067188,0.429079363,0.0232756616,0.223311335,-0.0102414619,-0.391677827,-2.19417572,23.7360611,-45.3187256,2
4.65690763,0.00629930397,0.00510953322,0.00869365303,0.99992929,0.0101098017,0.0126868985,0.0173239642,0.0991336156,-0.124412635,-9.80535996,-0.181434645,0.661912661,0.304868497,0.269150734,0.109721959,-0.363486409,-2.27984619,23.7025986,-45.6481628,2
4.66686563,0.00766741168,0.00597913059,0.00694273711,0.999928618,0.011852628,0.0154173626,0.0137948711,0.11621804,-0.151186687,-9.8047959,-0.26585599,0.933493806,0.449602547,0.285934955,0.227887467,-0.340198636,-2.43793488,23.5666885,-45.6853333,2
4.67682263,0.00909656642,0.00735930917,0.00526210413,0.999917699,0.0146246348,0.0182701028,0.0103913745,0.143389631,-0.179158535,-9.80396471,-0.398222817,1.02850331,0.463286205,0.292631745,0.30782488,-0.337460369,-2.42417908,23.4764633,-45.7906799,2
4.68678063,0.0105353482,0.00904928054,0.00356951688,0.999897187,0.01802649,0.0211347066,0.00694923301,0.176730431,-0.20724525,-9.80286697,-0.50757952,0.842757888,0.418494292,0.292441666,0.361544907,-0.341980189,-2.31993103,23.1701889,-46.0241089,2
4.69673863,0.0119612028,0.0109325617,0.001894754,0.999866856,0.021824883,0.0239629427,0.00352849061,0.213950556,-0.234973708,-9.80149978,-0.61483008,0.614606062,0.317618089,0.288549721,0.378882349,-0.331339508,-2.26754761,23.1299973,-45.89151,2
4.70669563,0.0133590053,0.0127731004,0.000299272486,0.999829075,0.0255457373,0.0267242701,0.000257262699,0.250401414,-0.26204436,-9.79994963,-0.594418649,0.446998173,0.303498378,0.281017125,0.348607659,-0.312326372,-2.24544525,23.0169601,-46.1713257,2
4.71665363,0.0147348243,0.0144174287,-0.00121426514,0.999786688,0.0288810122,0.0294325984,-0.00285412882,0.28306395,-0.288593527,-9.79831472,-0.595956599,0.257919553,0.448508322,0.27865544,0.303745627,-0.299337327,-2.1931839,22.9513626,-46.4452209,2
4.72661063,0.0160606249,0.0158314826,-0.00267531335,0.999742011,0.0317623637,0.0320337328,-0.00586081364,0.311270254,-0.314089878,-9.79667513,-0.61204224,0.124800063,0.586480623,0.261100024,0.25684005,-0.287687957,-2.13047028,22.6094666,-46.241394,2
4.73656863,0.0172351533,0.0169964439,-0.00404018497,0.999698856,0.0341486704,0.0343293309,-0.00866902547,0.334621685,-0.336589624,-9.79515772,-0.611751002,0.115127724,0.804332515,0.213499501,0.203016758,-0.280619115,-2.00720215,22.5523834,-46.2720337,2
4.74652663,0.0180810435,0.0178841637,-0.00536087235,0.999662225,0.0359811334,0.0359658763,-0.0113724514,0.352550103,-0.352628722,-9.79396471,-0.622496742,0.175609153,1.06709965,0.128792629,0.147245765,-0.273926497,-1.92628479,22.3453674,-46.2406006,2
4.75648363,0.0184284086,0.0185140196,-0.00664181604,0.999636632,0.0372930015,0.0366056658,-0.0139709866,0.365389711,-0.358898778,-9.7932662,-0.604660678,0.273457497,1.26736504,0.0147166587,0.0958376974,-0.266479224,-1.88851166,22.3163452,-46.2608643,2
4.76644163,0.0181597136,0.0188853647,-0.00784419055,0.999625872,0.0380753821,0.036017345,-0.0163797724,0.373059625,-0.353133128,-9.79318671,-0.528683171,0.378423636,1.27057699,-0.115900546,0.0403357856,-0.258416325,-1.71542358,22.3109589,-46.4674988,2
4.77639863,0.0172271097,0.0189370613,-0.00899059615,0.999631792,0.0382014448,0.0341076348,-0.0186389523,0.37431927,-0.334416773,-9.79379578,-0.463503683,0.456073899,1.12693541,-0.24878189,-0.0328537412,-0.249892339,-1.74207306,22.3857422,-46.3748779,2
4.78635663,0.0156631807,0.0186282387,-0.0100793611,0.999653,0.0375861387,0.0309449081,-0.0207467023,0.368330916,-0.303417458,-9.79503204,-0.396163912,0.482236112,0.765450119,-0.365446568,-0.101772644,-0.234969944,-1.82450867,22.4770813,-46.4664307,2
4.79631463,0.0135891383,0.0180369795,-0.0110840533,0.999683476,0.0363848503,0.0267730267,-0.0226613641,0.356606941,-0.262522334,-9.79664708,-0.317402327,0.516608739,0.25485622,-0.450072229,-0.152292803,-0.219332129,-1.93896484,22.6837311,-46.1438293,2
4.80627163,0.0112165023,0.0172011033,-0.0120069513,0.999717007,0.034677174,0.0220153688,-0.0244013133,0.339916357,-0.21587957,-9.7983796,-0.263302379,0.575460485,-0.249037305,-0.486149371,-0.197374836,-0.20746769,-1.99349976,22.9936981,-46.2498779,2
4.81622963,0.00877879983,0.0161757475,-0.0128842112,0.999747615,0.0325800923,0.0171371837,-0.0260526982,0.319398141,-0.168050135,-9.80000632,-0.259693175,0.594219765,-0.70515201,-0.474291116,-0.229425713,-0.199553579,-2.18012238,23.2804413,-46.3674316,2
4.82618663,0.006544715,0.0150516107,-0.013714445,0.999771223,0.0302829087,0.0126739258,-0.0276253639,0.296904642,-0.124285428,-9.80136651,-0.258148941,0.551502504,-1.03883042,-0.407287568,-0.235248625,-0.184179813,-2.34198761,23.4864502,-46.0123901,2
4.83614463,0.00473896242,0.0139333248,-0.0144668188,0.999787021,0.028002642,0.00907288894,-0.0290648224,0.274564928,-0.0889734287,-9.80240169,-0.197053106,0.519482541,-1.24160107,-0.305603832,-0.226597339,-0.164549917,-2.48625946,23.5916138,-46.0434265,2
4.84610263,0.0034460888,0.0128416099,-0.0151293843,0.999797123,0.0257856861,0.00650225385,-0.0303464353,0.252837829,-0.0637648765,-9.80318262,-0.165599545,0.463448629,-1.20730191,-0.20306772,-0.217331275,-0.141562909,-2.65868378,23.7006378,-45.9725952,2
4.85605963,0.00263757938,0.0118580905,-0.0156973481,0.999802906,0.0237968445,0.00490185754,-0.0314566273,0.23334249,-0.0480706099,-9.80375545,-0.152688278,0.390293522,-0.95758188,-0.115136005,-0.181560218,-0.123481117,-2.78591919,23.7978516,-45.8972778,2
4.86601763,0.00220981526,0.0110808989,-0.0161911095,0.999805123,0.022231052,0.0040599563,-0.0324308338,0.217992397,-0.0398144619,-9.80414591,-0.14152802,0.311258783,-0.690537794,-0.0541214682,-0.131849796,-0.108768433,-2.92243958,23.8138123,-45.8973083,2
4.87597463,0.00201517035,0.0105416288,-0.0166367748,0.999803939,0.0211478953,0.0036788014,-0.0333159006,0.207373151,-0.0360766362,-9.80439082,-0.11863849,0.20801196,-0.371564783,-0.0220474191,-0.0880349278,-0.0961410552,-3.10361481,23.7325134,-45.8365173,2
4.88593263,0.00193457165,0.0101916008,-0.0171045431,0.999799916,0.0204468545,0.00351973107,-0.0342485814,0.20049994,-0.0345167003,-9.80453929,-0.142440989,0.0801578796,-0.0380237334,-0.00904952083,-0.0540937036,-0.0933369324,-3.10361481,23.7325134,-45.8365173,2
4.89589062,0.00190022987,0.00997913786,-0.017495518,0.999795346,0.0200221391,0.00345050844,-0.035029172,0.196335825,-0.0338378603,-9.8046258,-0.160273601,-0.0957465852,0.182030053,-0.00103633525,-0.0342425033,-0.0995423645,-3.04298401,23.7646027,-46.124054,2
4.90584763,0.00189605428,0.00981830615,-0.017902543,0.999789771,0.0197017636,0.00343977284,-0.0358426768,0.193194659,-0.0337325824,-9.80468893,-0.168355255,-0.261949612,0.399815895,-0.00056744297,-0.0303785522,-0.0988965034,-3.10470581,23.8843231,-45.872406,2
4.91580563,0.00188375409,0.00969012184,-0.0182935788,0.999783812,0.0194463139,0.0034121663,-0.0366241557,0.190690074,-0.0334618552,-9.80473861,-0.135623874,-0.393901447,0.579281066,-0.00350490957,-0.0195429474,-0.0954884589,-3.12095642,23.894577,-46.0402222,2
4.92576263,0.00181847374,0.00961227191,-0.0186853573,0.999777528,0.0192895243,0.00327692675,-0.0374062836,0.189152873,-0.0321356161,-9.8047731,-0.116579073,-0.547109822,0.730599171,-0.0209630001,-0.0113857724,-0.0985576138,-3.14199829,23.9148102,-46.0968628,2
4.93572063,0.0016479185,0.00958264887,-0.0190524197,0.999771141,0.019224972,0.00292994162,-0.0381371092,0.188520146,-0.0287328699,-9.8047959,-0.204232551,-0.704340036,0.857365017,-0.0460566357,-0.00150970579,-0.0940281078,-3.08352661,23.9497375,-46.0609436,2
4.94567863,0.00133953558,0.00962487222,-0.0193921863,0.999764671,0.0192984166,0.00230514811,-0.038810877,0.189240569,-0.0226057607,-9.80479765,-0.223059106,-0.809078322,0.920364202,-0.0740000233,0.016246859,-0.079462789,-3.2188797,24.0329895,-45.9034424,2
4.95563563,0.000918132863,0.00973520329,-0.019619381,0.999759691,0.019503011,0.00145382764,-0.0392573331,0.191246868,-0.0142571739,-9.80477485,-0.158925602,-0.86127072,0.906275471,-0.0943937078,0.0226435028,-0.0567303114,-3.14808655,24.035553,-45.7946472,2
4.96559363,0.000398280707,0.00988793157,-0.0197164778,0.999756588,0.0197880478,0.000406457165,-0.0394414621,0.194041777,-0.00398598292,-9.80472926,-0.161870149,-0.921221623,0.850115777,-0.113089181,0.0348779485,-0.0341629088,-3.06900787,24.0900269,-45.9523621,2
4.97555063,-0.000199951413,0.0101181264,-0.0197148624,0.999754439,0.0202247848,-0.000798759649,-0.0394262221,0.198323802,0.00783315558,-9.804641,-0.168995307,-0.947256301,0.724332511,-0.129014611,0.0532993004,-0.0047440324,-3.20197296,24.0812225,-45.7965698,2
4.98550863,-0.00082718302,0.0104546307,-0.0195706892,0.999753497,0.0208732903,-0.00206316835,-0.0391244981,0.204681756,0.0202327549,-9.80449311,-0.170864114,-0.940951209,0.546713845,-0.125090316,0.0766788796,0.0160935372,-3.12985992,24.1049652,-45.7426758,2
4.99546663,-0.0013947045,0.0108733979,-0.0193539133,0.999752489,0.0216892394,-0.00320960971,-0.0386777576,0.212681011,0.0314754649,-9.80429321,-0.177516613,-0.871240033,0.322656083,-0.106057234,0.0872012973,0.0310461204,-3.16496277,24.1077423,-45.5343323,2
5.00542363,-0.00184500245,0.0113371556,-0.0190912684,0.999751668,0.0226003494,-0.00412198159,-0.0381407912,0.221612962,0.0404227163,-9.80406232,-0.206799296,-0.758831139,0.153484342,-0.0771287829,0.0927761346,0.0357013941,-3.12476349,24.2189636,-45.5187073,2
5.01538163,-0.00213099105,0.0117689904,-0.0188534424,0.999750703,0.0234541697,-0.00470470893,-0.037656641,0.229983206,0.0461372626,-9.80384429,-0.230881489,-0.738359137,-0.0382698172,-0.0403963327,0.0776259452,0.0296461657,-3.161026,24.2306519,-45.5780945,2
5.02533863,-0.00222653298,0.0121055163,-0.0186632258,0.999750019,0.0241245018,-0.00490382839,-0.0372722913,0.236554748,0.0480899356,-9.80367829,-0.231467527,-0.740461443,-0.225183551,-0.00185489561,0.0593493506,0.0214914754,-3.14295197,24.2395172,-45.5656433,2
5.03529663,-0.00214005343,0.0123438701,-0.0184869058,0.999750578,0.0246052152,-0.00473545694,-0.0369205577,0.241267675,0.0464387937,-9.80357191,-0.278078982,-0.728634958,-0.298911635,0.0341499783,0.0360208564,0.0113373753,-2.95371246,24.3234558,-45.6129761,2
5.04525463,-0.00189457772,0.0124480184,-0.0183590312,0.999752114,0.0248230731,-0.00424529604,-0.0366703413,0.243403993,0.0416320053,-9.80354034,-0.305952968,-0.72083539,-0.308669643,0.0607716478,0.00824734196,0.00703708082,-2.92127228,24.1868744,-45.911438,2
5.05521163,-0.00155520428,0.0124507667,-0.0182073506,0.999755517,0.0248415257,-0.00356304661,-0.0363753236,0.243585542,0.0349414765,-9.80356197,-0.296856986,-0.680027506,-0.257771231,0.0726133958,-0.00174377393,0.0121873673,-2.83982086,24.3191681,-45.5737915,2
5.06516963,-0.00116032767,0.0124494755,-0.0180444212,0.999759015,0.0248537297,-0.0027693868,-0.0360592067,0.243705807,0.0271583734,-9.8035836,-0.28964499,-0.651444751,-0.18367899,0.0838188082,0.004004722,0.0201452021,-2.90923309,24.2201385,-45.8130188,2
5.07512663,-0.000715125067,0.0124765351,-0.0178218595,0.999763072,0.0249242926,-0.00187462248,-0.0356250271,0.244398082,0.0183837557,-9.80358711,-0.280910096,-0.686962858,-0.132499422,0.0938123241,0.00992599409,0.0331422277,-2.86170197,24.1680603,-45.618988,2
5.08508463,-0.000220546092,0.0125291444,-0.0175474556,0.999767506,0.0250473515,-0.000880698957,-0.0350884387,0.245604828,0.00863670536,-9.80357015,-0.251740426,-0.755476276,-0.0472229389,0.101917654,0.0155022088,0.0535283275,-2.96352386,23.9493866,-45.8123169,2
5.09504263,0.000318228763,0.0126408771,-0.0171379352,0.999773107,0.0252896218,0.000203036053,-0.0342828547,0.247980032,-0.00199110346,-9.80351404,-0.200246075,-0.844507143,-0.0350087695,0.112205178,0.0316390991,0.0786800161,-2.87569427,24.0721436,-45.90802,2
5.10499963,0.000928343268,0.0127955006,-0.0165930725,0.99978007,0.0256190098,0.00143164534,-0.0332087411,0.251208931,-0.0140396404,-9.80342169,-0.157985161,-0.873908156,-0.0891197144,0.126680598,0.0326911509,0.0997108519,-2.72459412,24.026825,-45.9587708,2
5.11495762,0.00160595292,0.0129372146,-0.0159253572,0.999788096,0.0259231019,0.00279916935,-0.0318910486,0.254189317,-0.027450438,-9.80331647,-0.15138874,-0.809470974,-0.131123457,0.141260609,0.0288860239,0.125725672,-2.66503143,24.0300903,-45.8527527,2
5.12491463,0.00234883328,0.0130472089,-0.0151766046,0.999796952,0.0261636408,0.00430070131,-0.0304133071,0.256546018,-0.0421753413,-9.80320307,-0.120226599,-0.739679426,-0.191242118,0.151575416,0.0209407955,0.153078675,-2.87137604,23.961319,-45.8937073,2
5.13487263,0.00312519176,0.0131265691,-0.0142922826,0.999806815,0.026340899,0.00587399256,-0.0286655092,0.258281646,-0.0576038559,-9.80307916,-0.0878448539,-0.736072268,-0.254513106,0.153904885,0.0173433963,0.180254102,-2.81375122,24.0084839,-46.0655518,2
5.14483063,0.00390251169,0.0132213292,-0.0132691952,0.999816898,0.0265452376,0.00745279046,-0.0266406148,0.260282063,-0.0730862288,-9.80292309,-0.0766771431,-0.798551082,-0.318115517,0.15205811,0.0300189368,0.215309739,-2.78961945,23.6514587,-46.2358093,2
5.15478763,0.00467099079,0.0133969993,-0.0120435119,0.999826815,0.0269062086,0.00901779206,-0.0242113565,0.263817215,-0.0884331295,-9.80270214,0.0176506979,-0.829142912,-0.411710331,0.149208263,0.0482674465,0.255472362,-2.65747833,23.5702972,-46.0247803,2
5.16474563,0.00543425818,0.0137059704,-0.0106367954,0.999834743,0.0275280327,0.0105753422,-0.021421875,0.26990859,-0.10370675,-9.8023865,0.081140808,-0.763890323,-0.52649874,0.148848698,0.0819991231,0.291391492,-2.62435913,23.4924927,-46.176239,2
5.17470263,0.00622980367,0.0141538545,-0.0090689285,0.999839286,0.0284220965,0.012201187,-0.0183136802,0.278667286,-0.119649804,-9.8019598,0.03946184,-0.675971581,-0.632419951,0.159158587,0.101866834,0.313237131,-2.46216583,23.5686035,-46.0969543,2
5.18466063,0.00709921687,0.0146472591,-0.00742553286,0.999839911,0.0294023679,0.0139790886,-0.0150586967,0.288269026,-0.137083562,-9.8014536,0.0232760635,-0.636840398,-0.717022481,0.178165764,0.101285189,0.326058924,-2.39962769,23.4938812,-46.26474,2
5.19461863,0.00804676482,0.0150987349,-0.00573530826,0.999837143,0.0302933237,0.0159183892,-0.0117134923,0.29699296,-0.156099475,-9.80090883,-0.0093898875,-0.606900968,-0.760812523,0.188740119,0.084582381,0.330430239,-2.21807098,23.4680634,-46.4154968,2
5.20457563,0.00901680918,0.0154211295,-0.00403640838,0.999832252,0.0309197592,0.0179070583,-0.00835099726,0.30312233,-0.175598869,-9.80039094,-0.056819254,-0.549243948,-0.702522831,0.189795986,0.0509515889,0.333533436,-2.13002014,23.3187256,-46.5928345,2
5.21453363,0.00998090097,0.0155314996,-0.00232292825,0.999826786,0.031115161,0.0198874981,-0.00495608884,0.305025935,-0.195016869,-9.79996482,-0.0720405876,-0.441689363,-0.640550066,0.186420694,-0.00195237249,0.334255129,-2.01280212,23.2980499,-46.6280823,2
5.22449063,0.0109190744,0.015347878,-0.000578431631,0.999822397,0.0307150749,0.0218182459,-0.00149218275,0.301092943,-0.213946921,-9.79969127,-0.0727463795,-0.268632579,-0.593537555,0.179566234,-0.064104706,0.328985304,-1.75072479,23.3417358,-46.4095764,2
5.23444863,0.0118041631,0.0148737884,0.00101988055,0.999819185,0.0297308036,0.0236365972,0.00168871955,0.291435198,-0.231774254,-9.79957787,-0.122345089,-0.193045167,-0.473043628,0.164677829,-0.11812453,0.320134014,-1.75072479,23.3417358,-46.4095764,2
5.24440663,0.0125922762,0.0141843281,0.00272100545,0.999816369,0.0283077294,0.0252598052,0.00508542984,0.277478368,-0.247687735,-9.79959365,-0.224207765,-0.334700084,-0.373069927,0.140653431,-0.150652125,0.321519643,-1.58335114,23.1620331,-46.2659607,2
5.25436363,0.0132683723,0.0133914826,0.00442420217,0.999812426,0.0266731729,0.026653416,0.00849449745,0.261450559,-0.261349783,-9.79967958,-0.179449535,-0.475613662,-0.337818581,0.122071236,-0.157056227,0.327079266,-1.65118408,23.0347977,-46.574707,2
5.26432163,0.0138760685,0.012613455,0.00613401443,0.999805373,0.0250641494,0.0279050993,0.011920514,0.245673929,-0.27362003,-9.79975323,-0.154096081,-0.438204297,-0.326971608,0.111662209,-0.149121344,0.330549926,-1.74954224,23.1211319,-46.6399841,2
5.27427863,0.0144398434,0.011907325,0.00787911227,0.999793713,0.0235943447,0.0290654599,0.0154182168,0.231262286,-0.284994662,-9.79977953,-0.178141302,-0.338992374,-0.354628261,0.103700154,-0.129083455,0.341415614,-1.71646881,22.9857254,-46.7013245,2
5.28423713,0.0149067222,0.0113258825,0.009686066,0.99977784,0.0223699088,0.0300307412,0.0190398995,0.219256663,-0.294456701,-9.79977602,-0.168529863,-0.299902107,-0.350441916,0.0698968694,-0.0916159898,0.361818224,-1.75197601,22.935463,-46.7137146,2
5.29419513,0.0151392203,0.0110101397,0.0116650234,0.999756761,0.0216735221,0.0305326866,0.0230037517,0.212428954,-0.29937686,-9.79977719,-0.123694202,-0.180060269,-0.25407413,0.00951662101,-0.0225256011,0.401785105,-1.66937256,22.9666519,-46.7811584,2
5.30415213,0.0150146709,0.0110617592,0.0138834171,0.999729654,0.0217123205,0.0303330249,0.0274432173,0.212810465,-0.297419752,-9.79982863,-0.0250156006,0.059497716,-0.322706352,-0.0704585835,0.054367952,0.442802846,-1.50449371,23.0023727,-46.7365417,2
5.31411013,0.0144985986,0.0114752276,0.0163253839,0.999695751,0.0224816689,0.0293672708,0.0323276518,0.22035624,-0.287953146,-9.79994436,-8.99981047E-05,0.339879167,-0.490035095,-0.141066179,0.126219496,0.475978106,-1.27790833,23.2388535,-46.6460571,2
5.32406713,0.0137053723,0.0121564338,0.0189191474,0.999653155,0.0237973303,0.0278648218,0.0375153131,0.23325947,-0.273225186,-9.8000677,0.0185802704,0.672310429,-0.862359757,-0.178390518,0.161886021,0.499839783,-1.13148499,23.2330093,-46.2583923,2
5.33402513,0.012861745,0.0129128743,0.0215515053,0.999601565,0.0252724899,0.026272847,0.0427814816,0.247726551,-0.257618981,-9.80013492,0.0757896197,0.968249697,-1.32811381,-0.15911749,0.157949075,0.495154232,-1.02027893,23.194191,-46.2823181,2
5.34398313,0.0122730985,0.0135513855,0.0240207264,0.999544253,0.0265123166,0.0251887019,0.0477201645,0.259884095,-0.246990656,-9.800094,0.0579458834,1.14227421,-1.74609314,-0.0751138255,0.110836186,0.446564972,-0.934127808,23.3425827,-46.4043884,2
5.35394013,0.0122363904,0.0138886335,0.0262150458,0.999484911,0.0271333411,0.0251910217,0.0521032871,0.265970118,-0.247013398,-9.79992975,0.0493160022,1.17132663,-1.9479683,0.0568900146,0.0310196467,0.378920943,-0.592330933,23.2906723,-46.1170349,2
5.36389813,0.0129126504,0.0138098149,0.0280531549,0.99942759,0.0268920841,0.0265884686,0.0557661515,0.263596265,-0.260713093,-9.79963924,0.15493982,1.11589379,-1.74759536,0.202600822,-0.0596122667,0.317785174,-0.501907349,23.1751175,-46.1348877,2
5.37385513,0.0142698085,0.0133446247,0.0296304324,0.999369899,0.0258407696,0.0293166475,0.0589020233,0.253274303,-0.287456924,-9.79916344,0.373407708,1.02083256,-1.20069681,0.326233,-0.133398861,0.278132051,-0.416824341,23.0664902,-46.0827332,2
5.38381313,0.0161492363,0.0125683335,0.0310591411,0.999308025,0.0241316396,0.0330628697,0.061742303,0.236498251,-0.324176936,-9.79843688,0.57363948,0.986474724,-0.529849804,0.406342,-0.190483794,0.256072521,-0.317001343,22.9625015,-46.0854187,2
5.39377113,0.0183172862,0.0115830016,0.0324114569,0.999239566,0.0219781169,0.037366253,0.0644388179,0.215363912,-0.366352492,-9.79743794,0.61033613,0.937371305,0.20028058,0.437704444,-0.220749021,0.251656443,-0.349998474,22.7061539,-46.1655273,2
5.40372813,0.0205331529,0.0105201531,0.0337176349,0.999165024,0.0196564757,0.0417535766,0.0670555787,0.192583779,-0.409343748,-9.79621044,0.606031857,0.877860912,0.773960758,0.426507175,-0.2221843,0.256586492,-0.575431824,22.4055557,-46.1352539,2
5.41368613,0.0225791121,0.00949584711,0.0351284579,0.999082543,0.0174070632,0.0457999527,0.0698937688,0.170517365,-0.448987082,-9.79488241,0.623609161,0.826524546,1.22902742,0.370141655,-0.204986677,0.273608357,-0.411102295,22.2603226,-46.1644287,2
5.42364313,0.0242553676,0.0085486589,0.0366199955,0.998998253,0.0153227991,0.0491079792,0.0729042979,0.150078306,-0.481391222,-9.79367771,0.612923589,0.803712411,1.55193777,0.282431901,-0.183267295,0.285803467,-0.448043823,22.0752487,-46.2782288,2
5.43360113,0.0254427945,0.0077461778,0.0381958505,0.998916282,0.013550289,0.0514448762,0.0760887111,0.132703073,-0.504279382,-9.79277696,0.618926337,0.788143743,1.55462832,0.176268458,-0.142360359,0.303429037,-0.466194153,21.8844833,-46.3451843,2
5.44355913,0.0261022346,0.00713272441,0.039854006,0.998839062,0.0121855726,0.05273684,0.0794369561,0.119330555,-0.516932053,-9.79228888,0.631550694,0.661483695,1.37562258,0.0754281357,-0.0979477912,0.314836562,-0.447128296,21.8561401,-46.4646301,2
5.45351613,0.0262773974,0.00676857526,0.0415697256,0.998766992,0.0113520011,0.0530776485,0.0828927178,0.111165935,-0.520269563,-9.79220822,0.578513553,0.530297073,1.07267599,-0.0104324445,-0.032614056,0.325348854,-0.449806213,21.9256439,-46.4189148,2
5.46347413,0.0261130698,0.0067614998,0.043350585,0.998695664,0.0112572343,0.0527687352,0.0864628472,0.11023976,-0.517244407,-9.7923789,0.542928152,0.498092583,0.594305033,-0.0526653789,0.0495509394,0.332142979,-0.33706665,21.8189545,-46.4439392,2
5.47343113,0.0258380338,0.00714038735,0.0451677387,0.998619655,0.0119435691,0.0522735703,0.0900864847,0.116963634,-0.512395176,-9.79255601,0.425322823,0.529605291,0.0692541535,-0.048292201,0.118870631,0.324686378,-0.0820617676,21.8700104,-46.5660095,2
5.48338913,0.0256532571,0.00780875023,0.0469378423,0.998537799,0.0132046711,0.0519879609,0.0936006703,0.129314874,-0.50959813,-9.79254666,0.373018343,0.583969772,-0.306046309,-0.0151496567,0.166910514,0.322846681,-0.0920257568,21.868042,-46.581543,2
5.49334713,0.0256182655,0.00868571382,0.0487268381,0.998445707,0.0148684987,0.0520268169,0.097141118,0.145607508,-0.509978653,-9.79229823,0.453690912,0.629840164,-0.489002245,0.0116252322,0.200233042,0.330681145,0.0626144409,21.9837341,-46.5834961,2
5.50330413,0.0256459817,0.00970114696,0.0505705731,0.998344057,0.0167999839,0.0522119312,0.10078371,0.164519312,-0.511791548,-9.79190427,0.571847117,0.657540364,-0.436723776,0.0112004476,0.220316842,0.344008654,0.223014832,22.0193176,-46.8106384,2
5.51326213,0.0255971134,0.0107770701,0.0524427799,0.998237673,0.0188582476,0.0522581471,0.104481355,0.184672823,-0.512244151,-9.7915214,0.671852602,0.768724757,-0.326075536,-0.0176860616,0.22357735,0.344917327,0.332298279,22.0889893,-46.7382507,2
5.52322013,0.0253719185,0.0117783933,0.0542799715,0.998133846,0.0207879935,0.0519511684,0.108115759,0.203570872,-0.509237772,-9.79130338,0.621829949,0.89276074,-0.208678406,-0.0586668253,0.196451008,0.333792806,0.49067688,22.0202026,-46.831604,2
5.53317713,0.0249626509,0.0125805871,0.0560480082,0.998036676,0.0223447678,0.0512599612,0.111625834,0.218821286,-0.502468387,-9.79132384,0.519939381,0.884495016,-0.14670798,-0.0936423913,0.144158751,0.320053309,0.636703491,22.2376862,-46.811554,2
5.54313513,0.0244452738,0.0130125591,0.0577195231,0.997948701,0.0231812022,0.050313641,0.114964294,0.227021927,-0.493200135,-9.7916085,0.405795335,0.825846282,-0.188321847,-0.107571065,0.051077351,0.299982041,0.752258301,22.2008743,-46.8553772,2
5.55309213,0.0239713371,0.0129133174,0.0592671024,0.997870688,0.0229602334,0.0493913384,0.118080584,0.224868621,-0.484166642,-9.79210885,0.260405945,0.690219449,-0.198296128,-0.0889555737,-0.0672492906,0.274535,0.876953125,22.4122696,-46.826416,2
5.56305013,0.0236638045,0.0122348469,0.0606517921,0.997803376,0.0215727152,0.0487270588,0.120895506,0.211288571,-0.477660146,-9.79273136,0.136917933,0.535571725,-0.183308403,-0.0558378361,-0.187041819,0.245347664,0.867202759,22.3037796,-46.9650574,2
5.57300813,0.0235666501,0.0109731499,0.0618456365,0.997747064,0.0190052691,0.048403293,0.123352087,0.186148521,-0.474488822,-9.79339538,0.0326214725,0.44650838,-0.10558102,-0.0209056884,-0.303081095,0.211383045,0.725585938,22.2828293,-46.8544922,2
5.58296513,0.0236573093,0.00921686415,0.0627699731,0.997705015,0.0154401664,0.0483819903,0.1252895,0.151233111,-0.474280148,-9.79400679,-0.00907754275,0.385696513,-0.0171323366,0.00788147841,-0.389879912,0.177508339,0.725585938,22.2828293,-46.8544922,2
5.59292313,0.0238838293,0.00716474434,0.0636398007,0.997661393,0.0112695911,0.0485869889,0.127131509,0.110384173,-0.476288163,-9.79445512,-0.0283829217,0.253030649,0.113351069,0.0273507852,-0.423744649,0.144062772,0.757003784,22.3038406,-46.9325256,2
5.60288013,0.0241985185,0.00506161566,0.0643254773,0.997622738,0.00699443915,0.0489527154,0.128608028,0.0685092899,-0.479870442,-9.79466263,-0.017782293,0.0935079395,0.228180979,0.0413860567,-0.417832285,0.113039106,0.498504639,22.2905655,-46.6950073,2
5.61283813,0.0245458065,0.00307410983,0.0648653777,0.997587342,0.00295264522,0.0493920585,0.129788763,0.0289202046,-0.484173729,-9.79464743,-0.0256283212,-0.0652937254,0.387081501,0.0443871729,-0.380066007,0.0755207539,0.456642151,22.3228683,-46.660553,2
5.62279613,0.0249100752,0.00137458003,0.0652338864,0.997557993,-0.000508147926,0.0498985318,0.130613859,-0.00497702636,-0.489134384,-9.79444284,-0.0945321131,-0.185430144,0.541003066,0.0587689877,-0.303218037,0.0371061414,0.34651947,22.2376022,-46.6368103,2
5.63275313,0.0253257372,0.000131576759,0.0654304835,0.997535662,-0.00305555567,0.0505654156,0.131073864,-0.0299264179,-0.49566605,-9.79406992,-0.156522176,-0.278407484,0.625923575,0.0770212263,-0.205731153,0.00601054169,0.158973694,22.1189957,-46.7061462,2
5.64271113,0.0258219712,-0.00061244376,0.0654926642,0.997518747,-0.00461026649,0.0514582864,0.131241608,-0.0451512655,-0.504410717,-9.79356489,-0.176911066,-0.318594314,0.673452219,0.100056015,-0.10719943,-0.0243477561,0.0904159546,22.1191483,-46.5474243,2
5.65266813,0.0263654705,-0.000878189657,0.0654484028,0.997507199,-0.00521036167,0.0525086668,0.131172931,-0.051025537,-0.514697535,-9.79300083,-0.24750162,-0.253390495,0.734688486,0.104507752,-0.0226675048,-0.0484139435,0.099609375,22.2695541,-46.8250427,2
5.66262613,0.0268532007,-0.000800025866,0.0652856059,0.997504917,-0.00510964563,0.0534934478,0.130848088,-0.0500366127,-0.524341379,-9.79249463,-0.308794512,-0.199902796,0.854939836,0.0889929906,0.0321089402,-0.0745998994,0.057723999,22.1904526,-46.6026917,2
5.67258413,0.0272153757,-0.000542474251,0.065009196,0.997513311,-0.00462757478,0.0542514759,0.130284002,-0.0453140777,-0.531764296,-9.79211703,-0.329528234,-0.172428478,0.942399508,0.058523491,0.0526373833,-0.0917224288,-0.00503540039,22.058403,-46.7380676,2
5.68254113,0.0274101414,-0.000228453744,0.0646621574,0.997530711,-0.00400657642,0.0546826188,0.129572899,-0.0392322599,-0.535986078,-9.79191303,-0.291466981,-0.18122513,0.966436802,0.0259041414,0.0611901544,-0.102245823,-0.0203704834,21.9950027,-46.6750793,2
5.69249913,0.0274485115,0.00010067509,0.064261911,0.997555527,-0.00333193808,0.0548031963,0.128752317,-0.0326260346,-0.537166776,-9.7918727,-0.256025045,-0.192165115,0.941257353,-0.00336506497,0.064553991,-0.114715271,0.0134353638,22.0500107,-46.6048584,2
5.70245613,0.0273653334,0.000435836438,0.0637997236,0.997587393,-0.00262615977,0.0546814818,0.127805907,-0.0257153076,-0.535974972,-9.79195863,-0.25006694,-0.226875742,0.920094738,-0.0224613715,0.0638820529,-0.127957404,0.0159378052,22.1347885,-46.781189,2
5.71241413,0.0272083173,0.000767432988,0.0632460875,0.997626767,-0.0019132485,0.05441141,0.126675706,-0.0187347794,-0.533330412,-9.79211879,-0.248218846,-0.216202555,0.909181714,-0.0329656787,0.0643704757,-0.142397583,-0.065284729,22.1906052,-46.7958374,2
5.72237213,0.0270008566,0.00110365339,0.0626220912,0.997671366,-0.00118125816,0.0540404885,0.125403953,-0.0115672715,-0.529698266,-9.79232688,-0.204659215,-0.152797091,0.881557209,-0.0426486246,0.0678791106,-0.157243937,-0.0907211304,22.1968155,-46.8420715,2
5.73232913,0.0267218523,0.00145425352,0.0619179369,0.997722424,-0.000407825356,0.0535276289,0.123970511,-0.00399367218,-0.524676091,-9.79260335,-0.135019816,-0.153928615,0.86013682,-0.0619301796,0.0695798099,-0.169920579,-0.1457901,22.1314468,-46.7510986,2
5.74228713,0.0263487401,0.00180793527,0.0611564368,0.99777867,0.000385586282,0.0528261214,0.122421814,0.00377603481,-0.517806388,-9.79296927,-0.114508021,-0.157955241,0.838655056,-0.0786296204,0.0699705556,-0.184581652,-0.068901062,22.154335,-46.5946655,2
5.75224413,0.025896686,0.00216033847,0.0603244785,0.997840527,0.00118854309,0.0519655532,0.120732199,0.0116398892,-0.509378678,-9.79340532,-0.0982802228,-0.219653974,0.775045631,-0.0921315774,0.070186533,-0.197914764,-0.0947113037,22.3812637,-47.0094299,2
5.76220213,0.0254083409,0.00248224204,0.0594410957,0.997905357,0.00193600717,0.0510274747,0.118941738,0.0189610202,-0.500191455,-9.79386709,-0.0237495902,-0.28944439,0.685875063,-0.0948262438,0.0597896129,-0.203729063,-0.0983276367,22.3005295,-46.6202393,2
5.77216013,0.0249427379,0.00274650376,0.0585276307,0.997970308,0.00256540487,0.0501267059,0.117094811,0.0251263995,-0.49136923,-9.79429964,0.0543310083,-0.366800638,0.562258035,-0.0856354088,0.0434934646,-0.214332178,-0.0567779541,22.2074661,-46.5436096,2
5.78211713,0.0245606965,0.00291889497,0.0575767605,0.998034655,0.00300172959,0.0493810402,0.115178408,0.029400983,-0.484065775,-9.79465152,0.0933016854,-0.436502937,0.510835307,-0.0635767132,0.0238566473,-0.218801215,-0.0581207275,22.330574,-46.4144592,2
5.79207513,0.0242759556,0.00300087824,0.0566111757,0.998096629,0.00324562465,0.0488186544,0.113237619,0.0317907277,-0.478557314,-9.79491455,0.141040529,-0.522217153,0.523069934,-0.0501370691,0.00375457387,-0.216969505,-0.112472534,22.2613297,-46.5046387,2
5.80203213,0.0240424388,0.0030215999,0.0556613477,0.998155659,0.00335951756,0.0483514029,0.111331776,0.032907048,-0.473980544,-9.79513375,0.161472017,-0.629295682,0.600501549,-0.0456122644,0.00104891974,-0.211049199,-0.150108337,22.4375839,-46.520874,2
5.81199013,0.0237752463,0.00308282492,0.0547688673,0.998211233,0.00355440526,0.0478213464,0.10953911,0.0348168865,-0.468788492,-9.79537691,0.171682829,-0.708558385,0.656409899,-0.0640543923,0.018620722,-0.205259219,-0.0947494507,22.5068741,-46.6460266,2
5.82194813,0.0233757903,0.00317260671,0.0538532203,0.998270133,0.00382074774,0.0470297515,0.10769873,0.0374272152,-0.461034334,-9.79573522,0.160992069,-0.714516928,0.649286331,-0.0989468098,0.0142087676,-0.212582931,-0.242172241,22.6585464,-46.6299744,2
5.83190513,0.0227907642,0.00320068911,0.0528478682,0.998337257,0.00398604921,0.0458601107,0.105681615,0.0390485875,-0.449576426,-9.79626129,0.0776685562,-0.636341874,0.585019318,-0.135319993,-0.00494841579,-0.237248063,-0.312431335,22.623024,-46.5198669,2
5.84186313,0.0220612215,0.00308074626,0.051729692,0.99841259,0.00387309555,0.0443857072,0.103445317,0.0379445901,-0.435132196,-9.7969183,0.0473486568,-0.596916603,0.364811217,-0.158769488,-0.0384618379,-0.266023487,-0.237518311,22.7325821,-46.8189392,2
5.85182013,0.0212539032,0.00284131571,0.0504650103,0.998495589,0.00353215902,0.0427436457,0.100920649,0.0346069381,-0.419044327,-9.797632,0.082858389,-0.603277955,0.0776221689,-0.168364599,-0.0497560389,-0.283968151,-0.443473816,22.7622452,-46.7504883,2
5.86177813,0.0204421581,0.00263694236,0.0491364841,0.998579355,0.00326023944,0.0410969418,0.0982664586,0.0319449752,-0.402909879,-9.79831764,0.148368141,-0.573922608,-0.287256853,-0.159941688,-0.0287349541,-0.292061538,-0.518363953,22.9069138,-46.8141174,2
5.87173613,0.0197121091,0.00255111228,0.0477606719,0.998660927,0.00321499442,0.039625481,0.0955128772,0.0315035219,-0.388491551,-9.79890099,0.129356685,-0.502897865,-0.626499914,-0.133192897,-0.00265834667,-0.301822305,-0.624603271,22.9449234,-46.5643921,2
5.88169313,0.0191363688,0.00262367439,0.0463426203,0.998738831,0.00346964706,0.0384771386,0.0926690011,0.034000362,-0.377238737,-9.79933237,0.111447172,-0.411798557,-0.914270561,-0.0946418718,0.0291047934,-0.307343662,-0.713928223,22.8711014,-46.5953064,2
5.89165113,0.0187487634,0.00282189965,0.0449307151,0.99881015,0.00395511629,0.037715431,0.0898332699,0.038758756,-0.369774356,-9.7995995,0.180011206,-0.299852167,-1.1236463,-0.0566774495,0.0479322784,-0.30347994,-0.73046875,22.9821167,-46.5542908,2
5.90160813,0.0185435379,0.00314365111,0.0435638275,0.998873605,0.00466783383,0.0373278681,0.0870835373,0.0457437606,-0.365976316,-9.79971173,0.275378327,-0.22090054,-1.24010118,-0.0202023461,0.0736582801,-0.291599363,-0.729675293,22.9532471,-46.706665,2
5.91156613,0.0184909519,0.00355403945,0.0422375911,0.998930153,0.00554232113,0.0372511817,0.0844120718,0.0543136187,-0.365224803,-9.79969594,0.357788114,-0.149826002,-1.28725281,0.00503696455,0.0801342875,-0.277619362,-0.892555237,23.0112,-46.6292725,2
5.92152413,0.0185214972,0.00401763557,0.041011571,0.99897888,0.00651246115,0.0373433869,0.081939284,0.0638204517,-0.366128401,-9.79960534,0.450633388,-0.210124221,-1.16733464,0.0125909857,0.0997573435,-0.252388448,-0.897796631,22.8590698,-46.5803223,2
5.93148113,0.01854951,0.00461371273,0.039830345,0.999023563,0.00774625438,0.0374390723,0.0795513087,0.0759108121,-0.36706612,-9.79948376,0.588330269,-0.28400534,-1.02006318,0.0066627888,0.128940791,-0.228109211,-0.897796631,22.8590698,-46.5803223,2
5.94143913,0.0185112126,0.00528761509,0.0388416382,0.999059867,0.00913379301,0.0374071018,0.0775463745,0.0895080014,-0.366752816,-9.79938089,0.665862348,-0.0799136773,-0.999665702,-0.00794726796,0.129588485,-0.222036555,-0.803726196,23.0957794,-46.4901428,2
5.95139713,0.0184000765,0.00586544741,0.0378106121,0.999098258,0.0103362225,0.0372191135,0.0754609917,0.101291716,-0.364910549,-9.79933471,0.571628323,0.185646527,-1.06330728,-0.0259747375,0.0916304588,-0.24212718,-0.803352356,23.1106567,-46.4960022,2
5.96135413,0.0182244139,0.00618638996,0.0366437579,0.999142972,0.0110342808,0.0368793345,0.0731140134,0.108133554,-0.361580747,-9.79938498,0.382976806,0.242022129,-1.15663087,-0.0376888365,0.0305019729,-0.271544755,-0.785636902,23.039917,-46.5466614,2
5.97131213,0.0180236282,0.006226484,0.0353573384,0.99919276,0.0111760431,0.0364665432,0.0705384843,0.109524396,-0.357535381,-9.79951825,0.279533127,0.175877084,-1.20004273,-0.0391320065,-0.0225002579,-0.285184145,-0.839439392,22.9949951,-46.7649231,2
5.98126913,0.0178460333,0.00601146718,0.0339952918,0.999244571,0.0108077344,0.0360816554,0.0678207488,0.105916618,-0.353763388,-9.79969477,0.273564081,0.252909433,-1.23712597,-0.0301534534,-0.0704637989,-0.29947412,-0.924537659,23.2818604,-46.887146,2
5.99122713,0.0177785448,0.00560619764,0.0325437816,0.999296474,0.010053994,0.035904682,0.0649298637,0.0985307909,-0.352029002,-9.79983447,0.154805398,0.497179268,-1.28980834,0.0032907913,-0.103868097,-0.321948528,-0.995819092,23.0643463,-46.6304321,2
6.00118513,0.0179325821,0.00504782038,0.0309545754,0.99934719,0.00898485421,0.0361621383,0.0617673197,0.0880525327,-0.354552164,-9.79984324,-0.0238582656,0.66998995,-1.19627607,0.0549630299,-0.132463977,-0.340461493,-1.25954437,23.2190094,-46.84375,2
6.01114213,0.0183416842,0.00442190459,0.029296388,0.999392674,0.00776912285,0.0369285742,0.0584681273,0.0761363599,-0.362063307,-9.79966847,-0.14197718,0.721344947,-0.974089947,0.103747077,-0.131461293,-0.343873024,-1.38700867,23.0100555,-47.0888062,2
6.02110012,0.018980503,0.0038843295,0.0277179999,0.999428006,0.00671695365,0.0381638876,0.0553253222,0.0658223524,-0.374169047,-9.79928795,-0.191069319,0.696789548,-0.701530313,0.146078512,-0.104418412,-0.32688573,-1.31596375,23.0700989,-46.7849121,2
6.03105713,0.0197882605,0.00350181246,0.0262633544,0.999453051,0.0059651293,0.0397492798,0.0524247915,0.0584513807,-0.389704616,-9.79872914,-0.15571612,0.720704822,-0.368846172,0.171473622,-0.0697730854,-0.295047641,-1.45674133,22.9191132,-46.8560791,2
6.04101513,0.0206568684,0.0033528737,0.0249720145,0.999469014,0.00567540969,0.0414711422,0.0498424611,0.0556086041,-0.406576402,-9.79806045,-0.115314296,0.688794677,0.0297176774,0.174910158,-0.00895651709,-0.266184986,-1.53704071,22.9870758,-46.8403625,2
6.05097313,0.021516935,0.00353892007,0.0238016779,0.999478782,0.00605555765,0.0431933339,0.0474883727,0.0593289855,-0.423450198,-9.79732395,-0.116490829,0.658831865,0.328256387,0.174492583,0.0625826493,-0.245731637,-1.68258667,22.8892212,-46.9586182,2
6.06093013,0.0224094702,0.00402529546,0.0227287994,0.999482285,0.00703492,0.0449938971,0.0453150079,0.0689186105,-0.44109052,-9.79648283,-0.159898575,0.607040413,0.447723894,0.190929919,0.110309884,-0.227176219,-1.71724701,22.8874359,-47.2498474,2
6.07088813,0.0233863221,0.00469279595,0.0217000281,0.999479894,0.00837507697,0.0469692531,0.043219092,0.0820399122,-0.460441702,-9.79549089,-0.177808271,0.502790897,0.556565961,0.208313435,0.135163844,-0.214269206,-1.88780212,22.6201324,-47.3564453,2
6.08084513,0.0244324905,0.00544192181,0.0207813039,0.999470599,0.00987465727,0.0490850004,0.0413362282,0.0967191018,-0.481166145,-9.79436101,-0.123654181,0.3596622,0.68412442,0.216507256,0.14753902,-0.191196799,-1.80525208,22.4682159,-47.3227844,2
6.09080313,0.0254737577,0.00627122557,0.0199784213,0.999456169,0.0115331437,0.051192744,0.0396779868,0.112950827,-0.50181007,-9.79315105,-0.0887098459,0.261793143,0.796040488,0.207699373,0.167421117,-0.170957044,-1.76213074,22.385498,-47.5085144,2
6.10076113,0.0264199383,0.00721533413,0.0192752888,0.999439023,0.0134234011,0.0531133587,0.0382108631,0.131449018,-0.520619253,-9.79193875,-0.103616734,0.260550888,0.868599528,0.17781496,0.19678548,-0.149325117,-1.75107574,22.1457977,-47.3562927,2
6.11071813,0.0271656969,0.00830419946,0.0186711875,0.999422005,0.0156082919,0.0546372691,0.0369331092,0.152830436,-0.535542024,-9.79082349,-0.115570992,0.29477691,0.932726256,0.128710002,0.228403062,-0.132233486,-1.70241547,22.0708923,-47.197998,2
6.12067613,0.0276028589,0.00955996195,0.0181608985,0.999408248,0.0181349888,0.0555488479,0.0358354706,0.177559447,-0.544468002,-9.78991397,-0.16858152,0.344105041,0.907126535,0.056025587,0.266523868,-0.116237298,-1.60509491,22.1807251,-47.1992188,2
6.13063313,0.0276159819,0.0110348709,0.0177111315,0.999400775,0.0211125089,0.0556184182,0.0348524966,0.206707472,-0.545149189,-9.78930373,-0.281376965,0.473624205,0.858183348,-0.040198151,0.317764699,-0.115757659,-1.47621155,22.102066,-47.2402344,2
6.14059113,0.027125328,0.0127212129,0.0172329713,0.999402511,0.0245314505,0.0546839403,0.0338121904,0.240187643,-0.535999047,-9.78904479,-0.452224457,0.796968782,0.725046213,-0.142002106,0.353544861,-0.124367483,-1.41027069,21.9940033,-47.3295288,2
6.15054912,0.0261460944,0.0144997993,0.0166860692,0.999413619,0.0281529455,0.0527699026,0.0326455764,0.275665345,-0.517255841,-9.78911843,-0.555936906,1.18494058,0.402201914,-0.233522967,0.354828775,-0.143589914,-1.31230164,22.1450958,-47.3519287,2
6.16050613,0.0247604164,0.0161519311,0.0160393668,0.999434165,0.031535983,0.0500318162,0.0313050046,0.308824176,-0.49043984,-9.7895089,-0.538069351,1.49540778,-0.0716091922,-0.30377847,0.303943038,-0.170176104,-1.10955811,22.3521118,-47.3507385,2
6.17046413,0.0231078095,0.0174585597,0.0152428308,0.999464231,0.0342380287,0.0467401104,0.0296992665,0.335328152,-0.458197028,-9.79019863,-0.485714309,1.61923699,-0.563076951,-0.343775421,0.217494965,-0.192821234,-1.12189484,22.4878235,-47.4485779,2
6.18042213,0.0213755344,0.0182566068,0.0143633677,0.999501595,0.0359223037,0.0432677132,0.027961738,0.351872058,-0.42417895,-9.7911514,-0.392723489,1.61484708,-0.983055344,-0.336964309,0.102129258,-0.21106872,-0.936523438,22.865181,-47.1968079,2
6.19037913,0.0197926144,0.0184872427,0.0133992006,0.999543389,0.0364645407,0.0400733069,0.0260782328,0.357228726,-0.392879739,-9.79226316,-0.36067072,1.49077252,-1.29034668,-0.284484863,-0.0110164732,-0.224554703,-0.878410339,22.8628159,-47.0970764,2
6.20033713,0.0185577428,0.0182059599,0.0123462348,0.999585691,0.0359717179,0.0375584881,0.0240257698,0.352437254,-0.368236369,-9.79339421,-0.38071909,1.29464453,-1.34009242,-0.201978803,-0.0999085233,-0.233660996,-0.991577148,23.0295639,-46.980835,2
6.21029413,0.0177687312,0.0175710859,0.0112532277,0.99962433,0.034758483,0.0359273034,0.021889441,0.340575734,-0.352250682,-9.79440193,-0.356736924,1.09505354,-1.13348264,-0.111490451,-0.157399505,-0.240070432,-1.05038452,23.0819626,-46.9729919,2
6.22025213,0.0173754194,0.0167266405,0.0101273789,0.9996578,0.0331163276,0.0350849386,0.0196799427,0.324501053,-0.343995114,-9.7952413,-0.305347805,0.967985712,-0.726077894,-0.0460499264,-0.186042696,-0.24327594,-1.14852142,23.1399002,-46.9630432,2
6.23021013,0.0172004407,0.0157914339,0.00897923705,0.999687009,0.0312880043,0.034680656,0.0174209701,0.306595979,-0.340032896,-9.79595617,-0.172820326,0.891598857,-0.196094819,-0.0274994131,-0.195872426,-0.243647709,-1.31756592,23.3217545,-46.8963623,2
6.24016713,0.0169934094,0.0148443573,0.00783073067,0.999714724,0.0294355808,0.0342162837,0.0151619362,0.288453826,-0.335481662,-9.79666403,-0.0716293034,0.802652015,0.283005041,-0.0559420101,-0.191262081,-0.238295659,-1.53278351,23.1804733,-46.9560852,2
6.25012513,0.0165755754,0.0139792191,0.0067203361,0.999742313,0.0277474221,0.0333366726,0.0129813585,0.271923182,-0.326860513,-9.79742858,-0.0299595233,0.630477001,0.573317774,-0.109677404,-0.162403002,-0.228225991,-1.69017792,23.273674,-47.0827026,2
6.26008213,0.0158694306,0.0133041437,0.00572648903,0.999769152,0.0264369116,0.0318893111,0.0110339094,0.259095538,-0.312674312,-9.79823931,0.0409274738,0.516332881,0.631589346,-0.168522581,-0.114801548,-0.201779887,-1.69954681,23.3575974,-46.940918,2
6.27004013,0.0149076989,0.0129029394,0.00481782426,0.999794019,0.0256712398,0.0299380565,0.00925323594,0.251608416,-0.29354819,-9.79902608,0.106473987,0.442439377,0.520896097,-0.21152252,-0.0479394197,-0.164580315,-1.769104,23.4515762,-47.0102844,2
6.27999813,0.0138102014,0.012852942,0.00411652732,0.999813548,0.0256000241,0.0277246235,0.00787962581,0.250926589,-0.271850847,-9.79966906,0.0944366351,0.34382827,0.231541395,-0.220970839,0.0265574642,-0.123732656,-1.769104,23.4515762,-47.0102844,2
6.28995496,0.0127735146,0.0131879145,0.00360564805,0.999824855,0.0262907651,0.0256404662,0.00687543513,0.257709892,-0.251419524,-9.80003847,0.0234587814,0.170168058,-0.119139005,-0.186519384,0.108223297,-0.0906711072,-1.7501297,23.4886856,-47.077179,2
6.29991296,0.0120299612,0.0139466803,0.00325652809,0.999825039,0.0278218287,0.0241488954,0.00617820129,0.272724196,-0.23679674,-9.79999639,-0.068169975,0.00441129537,-0.419803037,-0.106066346,0.193935275,-0.0572849177,-1.83441162,23.7889481,-47.0247803,2
6.30986996,0.0117529547,0.0150891629,0.003068655,0.999812321,0.0301134631,0.0235962944,0.00578311578,0.295185363,-0.231379136,-9.79947499,-0.137916625,-0.0779200558,-0.573403699,-0.000921286643,0.258291364,-0.0251815785,-1.83353424,23.7196426,-47.0133667,2
6.31982796,0.0120031207,0.016412913,0.00301740477,0.999788613,0.032761825,0.0241025493,0.00564118991,0.321132965,-0.236342384,-9.79854093,-0.1517436,-0.0448249196,-0.580772182,0.099910818,0.265320152,-0.00364844967,-1.72486115,23.7915192,-46.852478,2
6.32978596,0.0126716857,0.0176438667,0.00304253451,0.999759361,0.0352208163,0.0254473834,0.005638305,0.345215011,-0.249526641,-9.79739468,-0.191387957,-0.00171314233,-0.318256387,0.16367808,0.225962892,0.0131555637,-1.57801819,23.8187103,-46.8876038,2
6.33974296,0.0135166651,0.018606275,0.00321314689,0.999730295,0.0371378703,0.0271489435,0.0059237886,0.36398021,-0.266207489,-9.79627649,-0.160174159,0.071081789,0.0572626869,0.168092027,0.155304804,0.0263839904,-1.54341125,23.6995697,-46.836853,2
6.34970096,0.0142481744,0.0191582854,0.00336335355,0.999709295,0.0382345589,0.0286208442,0.00618138135,0.37470805,-0.280636284,-9.79546927,-0.103265838,0.107806605,0.425312155,0.120300792,0.0665251315,0.0373162664,-1.50270844,23.5878601,-47.1076355,2
6.35965796,0.0146615454,0.0192758006,0.0035623845,0.999700392,0.0384617532,0.0294559003,0.00656030117,0.376924374,-0.288821929,-9.79514661,-0.0691202249,0.141131367,0.675033935,0.0426798537,-0.0191783756,0.0441151373,-1.32644653,23.5388184,-47.0301819,2
6.36961596,0.0146818509,0.0189686435,0.00378465361,0.999705062,0.0378404599,0.0295029006,0.0070131946,0.370838149,-0.289282641,-9.79536522,-0.0628843262,0.135905869,0.71999419,-0.0370466672,-0.101685762,0.0461718962,-1.48725891,23.4098206,-47.2341309,2
6.37957396,0.0143631377,0.0183037101,0.00400760347,0.999721177,0.036505405,0.0288689837,0.00749036579,0.357767071,-0.283068699,-9.79603274,-0.109668326,0.123407111,0.60663786,-0.0884168595,-0.161267862,0.0434583835,-1.40142822,23.5916901,-47.0596924,2
6.38953096,0.0138983931,0.0173960089,0.00420525286,0.999743186,0.0346866803,0.0279395918,0.00792796982,0.33995921,-0.273958158,-9.79692589,-0.165033253,0.110406011,0.267405321,-0.0937040299,-0.19646287,0.0351176299,-1.47812653,23.4838562,-47.0040283,2
6.39948896,0.0135292767,0.0163908308,0.0044209228,0.999764279,0.0326722065,0.0272004543,0.00839945498,0.320229404,-0.266712443,-9.7977904,-0.240622564,0.0685940091,-0.152212423,-0.0513470694,-0.20325388,0.0254249685,-1.55255127,23.6424255,-46.8798218,2
6.40944696,0.0134690611,0.0154072355,0.0045799471,0.999780069,0.0307003925,0.0270766347,0.00874615503,0.300910371,-0.265498628,-9.79843571,-0.316473084,0.0434381597,-0.516084313,0.027942691,-0.186390474,0.0204416588,-1.6674118,23.5813446,-46.8560791,2
6.41940396,0.0138483962,0.0145767465,0.00466958641,0.999786895,0.0290332679,0.0278306174,0.00893703323,0.284568856,-0.272889889,-9.79872096,-0.353851432,0.0093798045,-0.742350399,0.119341277,-0.142353699,0.0248201862,-1.79241943,23.5563202,-46.9793091,2
6.42936196,0.0146484869,0.0140283268,0.00484186583,0.999782556,0.0279244209,0.0294306984,0.00927478785,0.273690867,-0.288574895,-9.79858184,-0.394897691,0.0317985205,-0.760446027,0.196456566,-0.0768947899,0.0367178582,-1.88277435,23.3866119,-46.8258362,2
6.43931896,0.0157401725,0.0138406113,0.00510677338,0.99976724,0.0275312545,0.0316196481,0.00978050696,0.269820328,-0.310031141,-9.79803356,-0.425294181,0.0848283008,-0.587265051,0.236078113,-0.000343262218,0.0555716641,-1.87512207,23.3394318,-46.8630371,2
6.44927696,0.0169367829,0.0140071429,0.00543150456,0.999743678,0.0278428299,0.0340236069,0.0103919541,0.272851603,-0.333593218,-9.79717548,-0.438500796,0.183508455,-0.40631344,0.240110666,0.0639853999,0.0779603273,-1.74199677,23.2753296,-47.0991821,2
6.45923496,0.0180929811,0.0144081744,0.00592768362,0.999714825,0.0286164434,0.0363544645,0.0113383473,0.280407736,-0.356436991,-9.79615783,-0.441268507,0.280123567,-0.217141699,0.222642124,0.0920977071,0.0946434513,-1.72236633,23.1782532,-47.0823975,2
6.46919196,0.0191560245,0.0148716492,0.00647715711,0.999684846,0.0295119239,0.0385021387,0.0123899674,0.28915664,-0.377483725,-9.79511505,-0.463634433,0.331247459,-0.125109896,0.204358995,0.089661181,0.104717396,-1.74477386,23.0010223,-47.0276794,2
6.47914996,0.0201502752,0.015238181,0.00706207594,0.999655827,0.0302106478,0.0405129879,0.0135166859,0.295977134,-0.397188031,-9.79413188,-0.45713718,0.358284044,-0.135968559,0.194986731,0.0545036942,0.111986935,-1.72509003,22.980835,-46.8982239,2
6.48910696,0.0211191588,0.0153971815,0.00767444651,0.999628828,0.0304909938,0.0424717372,0.0147066368,0.298698577,-0.416380259,-9.79325217,-0.417361562,0.349194729,-0.115749947,0.192211181,0.0122909956,0.121862203,-1.71520996,22.9468842,-46.9767456,2
6.49906496,0.0220829737,0.0153775124,0.00838662228,0.999602701,0.0304070787,0.0444209384,0.0161039993,0.297851531,-0.435477356,-9.79244729,-0.384641707,0.309035371,-0.0849807149,0.192486092,-0.0152813913,0.136980921,-1.47055817,22.8856354,-46.9514465,2
6.50902296,0.0230676558,0.0152801106,0.00918167803,0.999574901,0.0301606778,0.0464129552,0.0176705449,0.295411901,-0.454992204,-9.79163422,-0.318007527,0.242209322,-0.0401549003,0.199038804,-0.0192601532,0.161911845,-1.50590515,22.7884674,-46.9400635,2
6.51897996,0.0240904227,0.0151991641,0.0101295338,0.999542813,0.0299360277,0.0484857337,0.0195417046,0.293183339,-0.475296339,-9.79073639,-0.249938436,0.216873951,-0.0204027366,0.206169978,-0.00912121497,0.193579465,-1.38851929,22.6349182,-46.9610291,2
6.52893796,0.0251509554,0.0151892445,0.0112265015,0.999505147,0.029841419,0.0506397035,0.0217073736,0.292225837,-0.496393634,-9.78971815,-0.210972965,0.237671971,-0.0191764096,0.212014541,0.00995633937,0.22518453,-1.4413681,22.6265717,-47.3623962,2
6.53889496,0.0262143505,0.0152466628,0.0124681709,0.999462274,0.0298693076,0.0528052416,0.0241595924,0.292466057,-0.517601915,-9.78861282,-0.251016806,0.270103108,-0.029559272,0.20986113,0.0191106852,0.24506329,-1.30290985,22.4071198,-47.1459656,2
6.54885296,0.0272635538,0.0153140071,0.0138151601,0.999415427,0.0299063936,0.0549460069,0.0268228309,0.292795271,-0.538565171,-9.78747184,-0.310602511,0.2690696,-0.0706534989,0.204232007,0.0137324315,0.259786069,-1.1450882,22.390976,-47.1722412,2
6.55881096,0.0282881922,0.0153407638,0.0151843231,0.99936668,0.029856002,0.0570373529,0.0295338019,0.292267813,-0.559042106,-9.78633903,-0.305585889,0.230738993,-0.146156191,0.200515851,0.00173171423,0.260700017,-1.16298676,22.1695862,-46.8434753,2
6.56876796,0.0292996665,0.0152696621,0.0165220867,0.99931739,0.0296062985,0.0590983011,0.0321885683,0.289789404,-0.579219071,-9.78523955,-0.339170142,0.148713438,-0.205614343,0.200429305,-0.0215187464,0.257376671,-1.19684601,22.0542908,-47.03125,2
6.57872596,0.0303320731,0.0151280815,0.0178327863,0.99926618,0.0292109782,0.0611973728,0.0347938081,0.285884925,-0.599766695,-9.78411668,-0.397066012,-0.0273627483,-0.180850488,0.20458363,-0.0249280259,0.248785287,-1.09218597,21.9918365,-47.0358276,2
6.58868296,0.0313880219,0.0150078147,0.0191264468,0.999211459,0.0288531382,0.0633429849,0.0373642081,0.282345992,-0.620767142,-9.78290906,-0.425250269,-0.148817154,-0.142253339,0.210554972,-0.016370222,0.247934669,-1.01863098,21.6421967,-46.9017944,2
6.59864096,0.0324373422,0.0149038723,0.0204118002,0.999154143,0.0285232992,0.0654750111,0.0399182972,0.279080816,-0.64163187,-9.78165643,-0.34746553,0.0121082248,-0.128842068,0.201836541,-0.0221682079,0.246624157,-1.0196991,21.7598419,-47.3262939,2
6.60859896,0.0334021025,0.0147044477,0.0216596633,0.99909906,0.0280027357,0.0674320969,0.0424070378,0.273953116,-0.660781903,-9.78052655,-0.298493994,0.310182824,-0.153315415,0.175181761,-0.0525064059,0.238105759,-1.00814056,21.5339966,-47.1852112,2
6.61855596,0.0342130967,0.0143262317,0.0228528988,0.999050486,0.0271295295,0.069070921,0.0448038949,0.265382857,-0.676815923,-9.77966672,-0.306084614,0.497851176,-0.162255678,0.139087588,-0.0909180045,0.225089878,-0.950553894,21.4268188,-47.0577087,2
6.62851396,0.0348300355,0.013729677,0.023950173,0.999011826,0.0258305282,0.0703067983,0.0470300822,0.252657048,-0.68890632,-9.77915935,-0.307424685,0.576081321,-0.282473126,0.0991343185,-0.145050496,0.201953664,-0.982650757,21.3495941,-47.2044983,2
6.63847196,0.0352965576,0.0128208546,0.0248342087,0.998985955,0.0239255103,0.0712185111,0.0488562207,0.234012005,-0.697824736,-9.77899101,-0.306137622,0.646351227,-0.3830483,0.0788770318,-0.210125253,0.166717634,-0.982650757,21.3495941,-47.2044983,2
6.64842896,0.035731896,0.0116489417,0.0255795984,0.998966026,0.0215032186,0.0720481675,0.0504259567,0.21031125,-0.705940019,-9.77894659,-0.2029793,0.755172617,-0.450579283,0.0840872377,-0.250817806,0.126025066,-1.01356506,21.3934937,-47.2340698,2
6.65838696,0.0362638189,0.0103567949,0.026122914,0.998947028,0.0188485372,0.0730573393,0.0516001382,0.184337033,-0.715810621,-9.77875369,-0.140493526,0.752324023,-0.504043162,0.115859084,-0.263914257,0.0933360383,-1.14620209,21.3846283,-47.4098206,2
6.66834396,0.03698888,0.00903253106,0.0265137066,0.998922957,0.0161295539,0.0744458007,0.0524714377,0.157731935,-0.729389722,-9.77821535,-0.0715409493,0.702007867,-0.429313792,0.161572516,-0.265134513,0.0735905617,-1.33519745,21.4254608,-47.3048401,2
6.67830196,0.0379363481,0.00781009911,0.0268663964,0.998888317,0.0136043884,0.0762819668,0.0532604739,0.1330214,-0.747345284,-9.77722692,0.0408572307,0.674473525,-0.235474059,0.204234645,-0.22841613,0.0711529106,-1.38320923,21.4720764,-47.1556091,2
6.68825996,0.0390532619,0.00682033634,0.0272571835,0.998841973,0.011531651,0.0784683813,0.0541113508,0.11273639,-0.768722492,-9.77582407,0.143592524,0.688967476,-0.0284317292,0.229826033,-0.176022425,0.0799490586,-1.43513489,21.2573547,-47.2366943,2
6.69821696,0.0402124526,0.00610311859,0.0277105529,0.998788109,0.00999556528,0.0807534191,0.0550703017,0.0977019479,-0.791060069,-9.77420377,0.275493971,0.780886539,0.212809807,0.222286448,-0.117183581,0.0902884752,-1.50320435,21.2886353,-47.4295044,2
6.70817496,0.0412443626,0.00566883797,0.0281916291,0.998735146,0.00902889776,0.08279859,0.0560656658,0.0882387029,-0.811049329,-9.77265538,0.327155002,0.887216696,0.387684143,0.184035197,-0.0640599132,0.0969045684,-1.65512848,21.0779343,-47.6363525,2
6.71813196,0.042076329,0.00540102188,0.0286808293,0.998688004,0.0084043551,0.0844524144,0.0570661305,0.0821238642,-0.827211141,-9.77135423,0.309327815,0.907717998,0.425288775,0.145622045,-0.0514708646,0.0882242322,-1.64898682,21.0211868,-47.5585022,2
6.72808996,0.0427461276,0.00512916441,0.0291244637,0.998648175,0.00778324178,0.0857806144,0.0579772133,0.0760461106,-0.840189207,-9.77029625,0.312861761,0.900345277,0.326816125,0.119111344,-0.0637054294,0.0771273747,-1.64366913,20.7874527,-47.4377441,2
6.73804796,0.0433114024,0.00476861794,0.0295154833,0.99861407,0.00699374729,0.0868935547,0.0587916309,0.0683259099,-0.851062775,-9.76941186,0.316242453,0.899247837,0.163725166,0.104873009,-0.0823500529,0.0633279681,-1.59396362,20.8945236,-47.4862671,2
6.74800496,0.0438471215,0.00434642894,0.0298063421,0.998583979,0.00609027708,0.0879424808,0.0594115172,0.0594940444,-0.861309883,-9.76857132,0.310559476,0.813726951,0.00726151544,0.106974244,-0.088175185,0.0464933254,-1.72484589,20.7409744,-47.5219116,2
6.75796296,0.0444308815,0.00393069934,0.0300102201,0.998553838,0.00520392895,0.0890869697,0.0598573192,0.050830503,-0.872489594,-9.76762849,0.313836086,0.698013902,-0.0674532415,0.122946702,-0.0814014673,0.0333409458,-1.77967072,20.7750015,-47.5453491,2
6.76792096,0.0450815596,0.00359234261,0.0301731946,0.998520944,0.0044718116,0.0903695003,0.0602151813,0.0436743979,-0.885016337,-9.76653602,0.337003392,0.628240035,0.0148030169,0.133012384,-0.0567933284,0.0272034258,-1.78587341,20.7095261,-47.6346741,2
6.77787796,0.0457377161,0.00339879298,0.0303603277,0.998486129,0.004026991,0.09167167,0.060609264,0.0393253632,-0.897733341,-9.76539386,0.402554234,0.652179933,0.178411863,0.125892684,-0.0255687367,0.026937373,-1.66130829,20.6970291,-47.7381897,2
6.78783596,0.0462905816,0.00338098956,0.0305548215,0.998454825,0.00393968359,0.0927777636,0.0610022232,0.0384688377,-0.908534356,-9.76439784,0.444860358,0.704131216,0.368802917,0.0918622762,0.0145624373,0.031227991,-1.71787262,20.4478989,-47.6403503,2
6.79779296,0.0466162043,0.00357322799,0.0307755338,0.998432267,0.00428468023,0.0934421023,0.0614278687,0.0418349258,-0.915021088,-9.76377824,0.463341369,0.727526997,0.519017444,0.0405087397,0.0608410425,0.0363863185,-1.73415375,20.4773331,-47.7939758,2
6.80775096,0.046677802,0.00393983326,0.0309962931,0.998421159,0.00499543008,0.0935890137,0.0618367462,0.0487738445,-0.916455504,-9.76361165,0.495008938,0.750509155,0.561347935,-0.0109390048,0.0858318806,0.0387370922,-1.85098267,20.3323441,-47.7437439,2
6.81770896,0.0464915694,0.0043462569,0.0312726527,0.998419488,0.00579615651,0.0932430705,0.0623534068,0.0565936468,-0.913077698,-9.76388579,0.50514568,0.797559295,0.505507974,-0.0551213808,0.0812453777,0.0417629741,-1.59841156,20.389061,-47.4565735,2
6.82766596,0.0461435433,0.00469616194,0.0315998764,0.998423804,0.00648908821,0.0925705746,0.0629778323,0.0633633054,-0.906511253,-9.76445629,0.487602096,0.813887329,0.398339393,-0.0795598775,0.06640172,0.0482879877,-1.4305954,20.474678,-47.7057495,2
6.83762396,0.0457184966,0.00495850617,0.0319799016,0.998430031,0.00700681829,0.0917392116,0.0637168559,0.0684239086,-0.898392974,-9.76517233,0.475209246,0.770454576,0.222183785,-0.088365458,0.048899401,0.0636314228,-1.33325958,20.6749496,-47.9590454,2
6.84758096,0.045237442,0.00515760173,0.0324266778,0.9984365,0.00739580485,0.0907926014,0.0645961121,0.0722286804,-0.889148468,-9.76599124,0.49115661,0.749688121,0.10059914,-0.1037082,0.0459693931,0.0813582242,-1.38344574,20.7025528,-47.834137,2
6.85753896,0.0446641444,0.00537025725,0.0329063995,0.998445553,0.00781582224,0.0896629562,0.0655407841,0.0763383624,-0.878115544,-9.76695804,0.445298055,0.772772425,0.030188802,-0.125664294,0.0517380759,0.0905152261,-1.51113892,20.5740585,-47.6008606,2
6.86749696,0.0439641455,0.00557060228,0.0333901104,0.998459381,0.0082202074,0.0882794524,0.0664952648,0.0802978817,-0.864601691,-9.76813176,0.301726656,0.830336433,-0.0135287591,-0.153386205,0.0425491072,0.0801227689,-1.4571228,20.7711563,-47.7887573,2
6.87745396,0.0431399949,0.00570619035,0.0338044702,0.99848064,0.00851041815,0.0866430534,0.0673170452,0.0831446221,-0.848615382,-9.76951006,0.182012974,0.884230959,-0.080535426,-0.174469411,0.0275156517,0.0635592341,-1.40385437,20.7726364,-47.6444397,2
6.88741196,0.0422557518,0.00573382668,0.0341260033,0.998507355,0.00859755331,0.0848785825,0.0679623404,0.0840086276,-0.831375421,-9.77098481,0.127578697,0.870133387,-0.209992996,-0.178088114,-0.00313333771,0.0365760885,-1.28156281,20.9919815,-47.5549011,2
6.89736896,0.041412633,0.00557748876,0.0342445321,0.998539549,0.00833127637,0.0831821943,0.0682156581,0.0814184741,-0.814798307,-9.77240286,0.10024133,0.782478338,-0.324693726,-0.160058647,-0.0460224375,-0.00442986749,-1.40277863,20.9799271,-47.4960632,2
6.90732696,0.0406834467,0.00521501663,0.0341399495,0.998575081,0.00766294353,0.0816978853,0.0680375143,0.0748964246,-0.800291642,-9.77365374,0.0582808008,0.692853597,-0.348581967,-0.136995926,-0.0910362452,-0.0486005247,-1.43276978,21.0267715,-47.6740723,2
6.91728496,0.0400587695,0.00464029173,0.0337806634,0.998615366,0.00658262468,0.0804067234,0.0673644302,0.0643444664,-0.78767123,-9.77475439,0.00972587799,0.666915511,-0.277002001,-0.124065123,-0.134923518,-0.0900918245,-1.64365387,21.0319748,-48.0351868,2
6.92724196,0.0394460677,0.00388605032,0.0331790473,0.998663121,0.00516031341,0.0791270817,0.0662182252,0.0504468238,-0.775162097,-9.77583576,-0.0202202927,0.671614701,-0.126731944,-0.13181679,-0.168684676,-0.132392943,-1.83557129,21.1195908,-47.9956055,2
6.93719996,0.03875062,0.0029619466,0.0323751545,0.998719894,0.00341750559,0.0776718916,0.0646778156,0.0334131732,-0.760935418,-9.77702643,-0.0685782635,0.636887598,0.0442974069,-0.159416646,-0.202766985,-0.17310366,-1.90233612,21.1474991,-47.9161682,2
6.94715796,0.0379136995,0.00191038395,0.0313551459,0.998787135,0.00144271185,0.0759281657,0.0627110309,0.0141074016,-0.743885718,-9.77838544,-0.145938384,0.619089711,0.194246561,-0.190093845,-0.221369967,-0.212364778,-2.10585022,21.3874283,-47.8965759,2
6.95711496,0.0369267999,0.000837637352,0.0301764067,0.998861893,-0.000556787388,0.0738873112,0.060423786,-0.00544532087,-0.723927876,-9.77989176,-0.196864981,0.595839914,0.240644155,-0.217535436,-0.210265055,-0.245474756,-2.3326416,21.5853043,-48.1433411,2
6.96707296,0.0358613655,-0.00010672153,0.0288555372,0.998940061,-0.00228869752,0.0717019732,0.0578383326,-0.022386766,-0.70255381,-9.78142613,-0.226161566,0.527629278,0.153443426,-0.219376743,-0.171608478,-0.27257055,-2.37663269,21.6583786,-47.9850464,2
6.97702996,0.034861183,-0.000806298617,0.0274123488,0.999015817,-0.00353083597,0.0696658796,0.0549879802,-0.0345416087,-0.682636373,-9.78280092,-0.264584235,0.429002534,-0.0623053573,-0.188319787,-0.118320584,-0.297509044,-2.40734863,21.8676224,-47.9136963,2
6.98698796,0.0340845885,-0.00121763502,0.0258735321,0.999083204,-0.00420657656,0.0680962868,0.0519262529,-0.0411566931,-0.667280472,-9.78383494,-0.282360094,0.350499418,-0.293210208,-0.125812203,-0.0584170409,-0.31363979,-2.40734863,21.8676224,-47.9136963,2
6.99694596,0.033634907,-0.00132351537,0.0242824974,0.999138324,-0.00428791966,0.0671981346,0.0487414405,-0.0419550952,-0.65849277,-9.78442706,-0.227243242,0.285447977,-0.418313675,-0.0571873374,-0.00401851395,-0.322278559,-2.53767395,21.770256,-47.8621521,2
7.00690296,0.0334984505,-0.00117000559,0.0226690623,0.999180908,-0.00386551815,0.0669389575,0.0454969285,-0.0378227926,-0.655956821,-9.78461411,-0.173166528,0.256126898,-0.42171793,-0.00211849157,0.0451373123,-0.327851504,-2.67237854,21.9905777,-47.9454346,2
7.01686096,0.0335630989,-0.000804591088,0.021025503,0.999215077,-0.00302609355,0.0670899932,0.0421793765,-0.029609034,-0.657434639,-9.78454338,-0.158485731,0.330777503,-0.340535439,0.0272431653,0.0758637264,-0.337270319,-2.85475922,21.8223801,-47.86026,2
7.02681796,0.0336995091,-0.000273212409,0.0193125969,0.999245352,-0.00185186687,0.0673885957,0.0387119727,-0.0181193794,-0.660356298,-9.78437446,-0.169227197,0.351057125,-0.200194656,0.0275872461,0.113640137,-0.357874662,-2.8139801,21.8545914,-47.8639832,2
7.03677596,0.0338005589,0.000421822679,0.0174944403,0.999275411,-0.00034038754,0.0676184102,0.0350221897,-0.00333043305,-0.662604881,-9.78423885,-0.197932446,0.325473113,-0.0683498981,0.0168900415,0.134373426,-0.381559312,-2.92311859,21.7250443,-47.9777832,2
7.04673396,0.0338257161,0.00114089391,0.0155520755,0.999306071,0.00123090356,0.0676916573,0.0310815598,0.012043392,-0.663321578,-9.78418332,-0.127713567,0.275761938,0.0144938048,-0.00121332891,0.12392319,-0.407109141,-2.81406403,21.8453751,-48.1109009,2
7.05669096,0.0337633673,0.00177952232,0.0134811904,0.999337315,0.00265240323,0.0675813975,0.0268889614,0.0259517832,-0.66224277,-9.78422949,-0.0533357867,0.273486029,0.105370007,-0.0211592801,0.106520161,-0.433052212,-2.80892944,21.9167709,-47.8362427,2
7.06664896,0.0336087547,0.00232519351,0.011296527,0.999368469,0.00389695179,0.0672783357,0.0224752263,0.0381294885,-0.65927749,-9.78438965,0.0366889777,0.270371185,0.124684364,-0.0369728655,0.0848244578,-0.453035504,-3.05067444,21.6800766,-47.8058167,2
7.07660696,0.0334096789,0.0027615984,0.00899733463,0.999397392,0.00492971286,0.06687863,0.0178401238,0.0482356962,-0.655366527,-9.78460768,0.109930922,0.25014965,0.0746235716,-0.0364641771,0.0603564084,-0.475974679,-3.07051849,21.8101501,-47.7675781,2
7.08656396,0.0332541584,0.00309742118,0.0065864288,0.999420451,0.00576599927,0.0665597084,0.0129883432,0.0564196191,-0.652245911,-9.78477251,0.10713393,0.209021155,0.0108937345,-0.0212751031,0.0451505557,-0.49411267,-3.1563797,21.8230133,-47.9310608,2
7.09652196,0.0331800011,0.00338300555,0.00411387504,0.999435156,0.0065035697,0.0663991334,0.00801635704,0.0636372406,-0.650674716,-9.78483272,0.167851763,0.160314115,-0.0352840793,-0.00206384482,0.0367495269,-0.502150655,-3.31938171,21.6826172,-47.9517822,2
7.10647896,0.0332047025,0.00364054824,0.0016160415,0.999440665,0.00718561566,0.0664328807,0.0029951198,0.0703107727,-0.651004898,-9.7847655,0.179733302,0.0771464411,-0.0405892,0.0163346045,0.0347465612,-0.503538907,-3.44245148,21.5877838,-48.07547,2
7.11643696,0.0333005148,0.00391065465,-0.000882828811,0.999437333,0.00789328979,0.0666058873,-0.00202961954,0.0772342929,-0.652697746,-9.78460067,0.176550709,0.0694121205,-0.0543716417,0.026299471,0.03897864,-0.502809823,-3.33880615,21.8258514,-47.9742432,2
7.12639496,0.0334211115,0.0041948496,-0.00338561088,0.999426853,0.00863056254,0.0668252331,-0.00706355822,0.084446946,-0.654844038,-9.78439725,0.181608321,0.076795728,-0.0882429316,0.0245287344,0.0407392532,-0.505969107,-3.42789459,21.5844727,-47.8764648,2
7.13635196,0.0335089625,0.00449773802,-0.00590182538,0.999410778,0.00940693271,0.0669754076,-0.0121256071,0.0920423147,-0.656313453,-9.78423066,0.158749916,0.106097737,-0.0984358243,0.0164436642,0.0491124988,-0.507494211,-3.42949677,21.613678,-47.9203796,2
7.14630996,0.0335857157,0.00483988083,-0.00842576234,0.999388599,0.0102630888,0.067099142,-0.0172058888,0.100418276,-0.657524144,-9.784067,0.157257267,0.167163543,-0.185388716,0.0189662091,0.0560737327,-0.51040715,-3.62830353,21.4494171,-48.0897522,2
7.15626696,0.0336834816,0.00520439829,-0.0109643743,0.999358888,0.0111662398,0.0672603498,-0.0223176057,0.109253534,-0.659101476,-9.78386592,0.132859698,0.235628884,-0.285996624,0.0259833205,0.0576448962,-0.513473213,-3.64845276,21.6309662,-48.1721802,2
7.16622496,0.033841829,0.00558125633,-0.0135005968,0.999320377,0.0120965688,0.0675382915,-0.0274265615,0.118353481,-0.661820964,-9.78357658,0.156081446,0.313915289,-0.42066053,0.0435750969,0.0604438744,-0.508875787,-3.76058197,21.3953705,-48.0706177,2
7.17618296,0.0341080222,0.0059493779,-0.0160470066,0.999271593,0.0130152228,0.0680278736,-0.0325575226,0.127336915,-0.666611121,-9.78313878,0.178222624,0.372874331,-0.538414219,0.0696273372,0.0535191707,-0.510868549,-3.90027618,21.4001465,-47.9324341,2
7.18613996,0.0345072304,0.0062747493,-0.0186101891,0.999211501,0.0138571827,0.0687807127,-0.0377221956,0.135566892,-0.673976681,-9.78252327,0.187051352,0.392809377,-0.5815268,0.0972893238,0.0458790921,-0.509887993,-4.02341461,21.1463928,-48.1571045,2
7.19609796,0.0350441316,0.00657524511,-0.02114626,0.999140311,0.0146575113,0.0698066057,-0.0428343975,0.143385868,-0.684013141,-9.78171488,0.198385962,0.386535412,-0.577097293,0.125660479,0.0450491495,-0.50510323,-4.06402588,21.2586365,-47.9931946,2
7.20605596,0.035708399,0.00684256254,-0.0236415681,0.999059162,0.0154001556,0.071085922,-0.0478664433,0.150636561,-0.696527828,-9.78072295,0.24051567,0.411619584,-0.492048189,0.146807045,0.0333240516,-0.500789702,-4.06612396,21.0987549,-48.1445923,2
7.21601296,0.036492334,0.00706682951,-0.0261149904,0.998967682,0.0160680836,0.0726039941,-0.0528556242,0.157152181,-0.711376584,-9.77955157,0.24402576,0.428263991,-0.392962376,0.174366146,0.0289325565,-0.502394199,-4.08873749,21.0966644,-48.135498,2
7.22597096,0.0374058037,0.00724329767,-0.0286559179,0.998862958,0.016660753,0.0743799807,-0.0579812577,0.162926892,-0.72874609,-9.77817794,0.234510091,0.467779936,-0.315925314,0.199945539,0.0105378367,-0.513524115,-4.37688446,20.9747467,-48.1714172,2
7.23592796,0.0384490349,0.00725726,-0.0312746874,0.998744656,0.016951549,0.0764219655,-0.0632556018,0.165744762,-0.748714162,-9.77662194,0.217177373,0.502711695,-0.269448225,0.228727058,-0.0313782915,-0.538194537,-4.38981628,20.9848785,-48.3503418,2
7.24588596,0.0395829116,0.00704591508,-0.0340438846,0.998611363,0.0168201706,0.078657233,-0.0688179312,0.164431761,-0.770568777,-9.77494612,0.232556308,0.447951857,-0.20857553,0.237771943,-0.0804110765,-0.558720589,-4.62161255,20.8918304,-48.2505798,2
7.25584396,0.0407068109,0.00662856651,-0.0369063567,0.998467245,0.0162954923,0.080887739,-0.0745518036,0.159274634,-0.792373051,-9.77328841,0.248636944,0.270289278,-0.038598903,0.226042286,-0.109567292,-0.572932005,-4.809021,20.7907867,-48.1634827,2
7.26580096,0.041718712,0.00614570986,-0.039826253,0.998316445,0.0156481052,0.0829023606,-0.0803935689,0.152922215,-0.812063475,-9.77177333,0.218328169,0.00910984672,0.124786656,0.195973858,-0.112022728,-0.58280462,-4.92459869,20.617569,-48.191803,2
7.27575896,0.0425649483,0.00575952343,-0.0427583642,0.998161649,0.015192781,0.0845816767,-0.0862647835,0.148451947,-0.828474219,-9.77046459,0.202447732,-0.173198147,0.154602533,0.157391593,-0.0764275342,-0.584128678,-4.98040771,20.5460205,-48.4144592,2
7.28571558,0.0431988267,0.00557953138,-0.0456564764,0.998007118,0.0151377252,0.0858213008,-0.0920815238,0.147898368,-0.840586682,-9.76943817,0.214523369,-0.282441781,0.121703303,0.110006504,-0.0361642726,-0.572952986,-5.17993927,20.4011993,-48.4718933,2
7.29567358,0.0436109227,0.00560704933,-0.0484934942,0.997855194,0.0154783574,0.0865991605,-0.0977896803,0.151215977,-0.848186562,-9.76873031,0.171102873,-0.220373813,0.0193915137,0.0634145439,0.00835465081,-0.567503691,-5.17720795,20.3688812,-48.6037292,2
7.30563158,0.0438131846,0.0058296807,-0.0513096456,0.997704256,0.0161905221,0.0869364324,-0.103469123,0.158168244,-0.851481658,-9.76833401,0.0641926506,-0.0434990961,-0.231647778,0.0247646179,0.0289030708,-0.568857133,-5.37636566,20.3463974,-48.6182861,2
7.31558858,0.043841412,0.00608359963,-0.0541173984,0.997553159,0.0169473806,0.0869192246,-0.109131042,0.165561697,-0.851313535,-9.76822587,-0.0575238951,0.279699642,-0.519808302,-0.00957405753,0.0219853744,-0.581401825,-5.32680511,20.282341,-48.3776855,2
7.32554658,0.0437112659,0.00627864282,-0.057050035,0.997394133,0.0175787783,0.0865864791,-0.115035182,0.171734266,-0.848062717,-9.76840239,-0.139562766,0.544898685,-0.832224731,-0.0347739533,-0.00171196449,-0.602636814,-5.46150208,20.2587814,-48.4628906,2
7.33550458,0.0435131133,0.00631477592,-0.0601103691,0.997222867,0.0178929378,0.0861318343,-0.121180915,0.174809966,-0.843620789,-9.76873207,-0.17481055,0.699072544,-1.16064888,-0.0313858017,-0.0454750359,-0.630526006,-5.46150208,20.2587814,-48.4628906,2
7.34546158,0.0434127975,0.00609988124,-0.0633258834,0.997029523,0.0177281232,0.0859007246,-0.127620607,0.173203389,-0.841362708,-9.76895535,-0.188467028,0.757268128,-1.37036715,0.0128615573,-0.0982311964,-0.659261823,-5.63140869,20.3158646,-48.5881042,2
7.35541958,0.0436168975,0.00565723342,-0.0666752445,0.996804869,0.0171593598,0.0863077884,-0.134319915,0.167641243,-0.845339868,-9.76870927,-0.225701236,0.778752815,-1.38707337,0.0948777869,-0.127402782,-0.678714514,-5.83612823,20.1630173,-48.5266113,2
7.36537658,0.0442797061,0.00509091705,-0.0700959739,0.996543969,0.0164180667,0.0876518354,-0.141166822,0.160380933,-0.858470641,-9.76768577,-0.295055398,0.717962684,-1.2234955,0.19850564,-0.138955042,-0.685794532,-6.07649994,20.2900848,-48.4661255,2
7.37533458,0.0454152713,0.00448822312,-0.0734910556,0.996251117,0.0156820685,0.0899515961,-0.147974253,0.153160526,-0.880934694,-9.76580127,-0.264491552,0.634333749,-0.767338709,0.280848861,-0.127025276,-0.665413201,-6.2964859,20.073822,-48.4654236,2
7.38529258,0.0468397059,0.00394323135,-0.0767463972,0.995942014,0.0151096417,0.0928272609,-0.154516042,0.147531407,-0.909017682,-9.76331413,-0.196912456,0.583557575,-0.0961579425,0.312300503,-0.103702113,-0.633411586,-6.35314178,19.9430695,-48.6746216,2
7.39524958,0.0482977063,0.00351899922,-0.0798371913,0.995630879,0.0147874367,0.095757757,-0.160741202,0.144345598,-0.937628348,-9.76065573,-0.146441182,0.537798352,0.56946519,0.288467884,-0.0795978457,-0.604820967,-6.61811829,19.6002655,-48.6945801,2
7.40520758,0.049532598,0.00319078955,-0.0828010434,0.99532921,0.0146255004,0.0982319876,-0.166715907,0.142730628,-0.961778163,-9.75832933,-0.164728023,0.444632357,1.11436351,0.223165333,-0.0707881004,-0.581971347,-6.75154114,19.4244537,-48.6652222,2
7.41516458,0.0503985125,0.00291243723,-0.0856402667,0.995046265,0.0145012047,0.0999652693,-0.172435485,0.141493323,-0.978692472,-9.75666578,-0.153614636,0.339292818,1.37007664,0.144185558,-0.0698077977,-0.557011902,-6.95291138,19.2095032,-48.6911621,2
7.42512258,0.050923146,0.00266521858,-0.0883365396,0.994784614,0.0143731493,0.101015962,-0.177861309,0.140229075,-0.988944256,-9.75564988,-0.0495493543,0.200056562,1.36906074,0.0857323706,-0.0633086115,-0.524441183,-7.24652863,19.1624527,-48.7927856,2
7.43508058,0.0512448272,0.00246084143,-0.0909002467,0.994537591,0.0142853675,0.101657433,-0.183019265,0.139363609,-0.995202659,-9.7550262,0.0505258164,0.0536846823,1.20114221,0.0618962646,-0.0555893555,-0.499500126,-7.37917328,18.9653702,-48.6427917,2
7.44503758,0.0515274391,0.00236418381,-0.0933219194,0.994298956,0.0143942979,0.102203935,-0.187901942,0.140418378,-1.00053423,-9.75446564,0.0931652087,-0.0747599113,0.982559669,0.0652166903,-0.020848684,-0.476745546,-7.52207947,19.0532913,-48.795929,2
7.45499558,0.0518952623,0.00246665369,-0.0956419193,0.994059026,0.0149101155,0.102883485,-0.19260423,0.145439714,-1.00716329,-9.75370985,0.154283694,-0.231534966,0.827377875,0.0873282477,0.0286889952,-0.461281955,-7.67853546,18.8083115,-48.7450562,2
7.46495358,0.0524185291,0.00280892436,-0.0978729905,0.993813507,0.0159302647,0.103825081,-0.197159152,0.155374704,-1.01634796,-9.75260394,0.176670426,-0.353432987,0.723320704,0.114066385,0.0834095031,-0.446564525,-7.72219086,18.7965775,-49.0328674,2
7.47491058,0.0530460614,0.00340263235,-0.100024608,0.993563991,0.0174702445,0.104921016,-0.201586295,0.170373774,-1.02703689,-9.75123323,0.167058329,-0.380602368,0.71476798,0.117135741,0.133817822,-0.434226125,-7.7084198,18.7687454,-48.8010864,2
7.48486858,0.0536465461,0.00425147519,-0.102082987,0.993319132,0.0195094813,0.105906139,-0.205854157,0.19023864,-1.03664402,-9.74984909,0.144948861,-0.327749972,0.74974577,0.0911211893,0.183845833,-0.416215956,-7.75319672,18.5178757,-48.9149475,2
7.49482558,0.0540856648,0.00531733797,-0.104044468,0.993086647,0.0219418941,0.106518338,-0.209945623,0.213939743,-1.04261381,-9.74872154,0.0998495818,-0.179624453,0.806228704,0.0447444916,0.214168459,-0.396541536,-7.62719727,18.6427231,-48.8981018,2
7.50478358,0.0542579218,0.00647912051,-0.105882266,0.992876083,0.0244972514,0.106572359,-0.213787536,0.238849106,-1.04314061,-9.74808675,0.0888564969,0.046705564,0.784495011,-0.0188054554,0.211635262,-0.375076473,-7.65273285,18.3926468,-48.8011475,2
7.51474158,0.0540634496,0.00757709755,-0.10762754,0.992691276,0.0268344124,0.105903471,-0.217418529,0.261649954,-1.03661801,-9.74819723,0.111695119,0.260150235,0.718615303,-0.0966933742,0.176631719,-0.353773683,-7.70139313,18.5492477,-48.9684448,2
7.52469858,0.0534595791,0.0084808078,-0.109287028,0.992535389,0.0286801176,0.104457221,-0.220833732,0.279684481,-1.02251357,-9.74918624,0.115657319,0.450600326,0.585827712,-0.174126387,0.121790312,-0.338110834,-7.65229797,18.4287262,-48.9612122,2
7.53465658,0.05248131,0.00916512556,-0.110884363,0.992404344,0.0299910363,0.10231122,-0.22407873,0.29252977,-1.00158082,-9.75098189,0.12271385,0.583794306,0.320221549,-0.234968588,0.0736102015,-0.323161483,-7.75379181,18.6162872,-48.982666,2
7.54461458,0.0512134775,0.00961606366,-0.112418394,0.992293703,0.0307559666,0.0996403706,-0.227154559,0.300069682,-0.975522172,-9.75339421,0.0886880268,0.690015304,-0.0237771814,-0.278723776,0.0159186814,-0.306568652,-7.68743134,18.5247421,-49.1238098,2
7.55457158,0.0497858731,0.00976838253,-0.113896415,0.992196315,0.0308743525,0.0967202818,-0.230078269,0.301311006,-0.947023807,-9.75616426,0.0943300512,0.781227023,-0.350958048,-0.283592463,-0.0493276566,-0.296528876,-7.78831482,18.7170258,-49.0461426,2
7.56452958,0.0483978481,0.00962115954,-0.11535814,0.992097549,0.0303951303,0.09394916,-0.23294333,0.296714216,-0.919971769,-9.75889339,0.0918938553,0.727838839,-0.614284575,-0.249205217,-0.0995375589,-0.292743713,-7.7897644,18.7913132,-48.869751,2
7.57448658,0.0472430675,0.00925152808,-0.116821744,0.99198544,0.0295210885,0.091695755,-0.23580581,0.288244878,-0.897968538,-9.76119641,0.0461943813,0.581935673,-0.83359485,-0.183266267,-0.127803072,-0.293585628,-8.0231781,19.0524063,-48.9687195,2
7.58444458,0.0464401299,0.00874469346,-0.118296782,0.991853091,0.0284537747,0.0901768023,-0.238699254,0.277864938,-0.883134249,-9.76285061,0.00854063199,0.502158664,-0.892992796,-0.10329394,-0.135933176,-0.295379013,-8.10195923,18.999382,-49.1075134,2
7.59440258,0.0460394202,0.00821510433,-0.119800595,0.991695788,0.0274380314,0.0894651483,-0.241670661,0.26796542,-0.87618348,-9.76375369,-0.0230094667,0.442385748,-0.790785052,-0.0216693208,-0.117662087,-0.302060753,-8.09853363,19.0481339,-48.7886047,2
7.60435958,0.0460283354,0.00778646341,-0.121329433,0.991513929,0.0267200832,0.0895054774,-0.244721673,0.260954537,-0.876577375,-9.76390801,-0.0833354867,0.327558687,-0.602985183,0.0435184687,-0.081062004,-0.307354301,-8.31586456,18.9116592,-48.7632446,2
7.61431758,0.0462827098,0.00748822982,-0.12287478,0.991314067,0.0263300265,0.0900427974,-0.247831088,0.257133609,-0.881825505,-9.76353683,-0.11812106,0.256491566,-0.290314487,0.077119723,-0.0540775657,-0.314937055,-8.39240265,18.9782639,-48.7954712,2
7.62427458,0.0466336652,0.00730280605,-0.124472177,0.991099642,0.0261955668,0.0907437112,-0.251061087,0.255804552,-0.88867106,-9.76295114,-0.136993098,0.241041191,0.0231891524,0.0780680776,-0.0327927805,-0.326201975,-8.55178833,18.8122101,-48.7584229,2
7.63423258,0.0469334263,0.00719453694,-0.126107826,0.990879478,0.0262073777,0.0913230477,-0.254373624,0.255906332,-0.894328866,-9.7624315,-0.157744868,0.200460905,0.240392226,0.0537015609,-0.0266756508,-0.339251757,-8.43169403,18.7959061,-48.6125183,2
7.64419058,0.0470701142,0.00711512688,-0.127804697,0.990656126,0.0262417929,0.0915698164,-0.257805309,0.256236495,-0.896738704,-9.76220179,-0.179173952,0.183567565,0.351193611,0.013105398,-0.0299223103,-0.346979976,-8.5739212,18.8971939,-48.6730652,2
7.65414758,0.0470104064,0.00701713137,-0.129535903,0.990434816,0.0261914742,0.09143088,-0.261295735,0.255748548,-0.895381883,-9.76233915,-0.21908812,0.133279247,0.325892581,-0.0204705559,-0.0436998643,-0.350415528,-8.73946381,18.7849045,-48.7884521,2
7.66410558,0.046819746,0.00689348349,-0.131265456,0.990216975,0.0260545526,0.0910393682,-0.264774666,0.25442097,-0.891558452,-9.76272376,-0.262502223,0.0443120199,0.236943547,-0.0350116789,-0.0450218581,-0.344835937,-8.73200989,18.6792374,-48.6965637,2
7.67406358,0.0466261375,0.00680468565,-0.132937709,0.990003587,0.0259796148,0.0906349267,-0.26814131,0.253698721,-0.887608618,-9.76310253,-0.236940149,-0.0100657592,0.120904261,-0.0265897457,-0.028180575,-0.33019346,-8.83804321,18.5420761,-48.6478882,2
7.68402058,0.0465310803,0.00682850451,-0.134522208,0.989793825,0.0261462763,0.0903982507,-0.271345945,0.255331345,-0.885297127,-9.76326971,-0.228247761,0.00752455029,0.0314385098,-0.00399735197,0.00598644977,-0.313182265,-8.83804321,18.5420761,-48.6478882,2
7.69397858,0.0465715569,0.00702333959,-0.136042345,0.989582877,0.026683836,0.0903849026,-0.274442947,0.26057995,-0.885166705,-9.76314287,-0.242474622,0.0672492434,-0.0210614927,0.0180118177,0.0450098366,-0.308126122,-8.90837097,18.4788971,-48.7426453,2
7.70393558,0.0466988894,0.00737153208,-0.137546666,0.989366359,0.0275490556,0.0905002477,-0.277526657,0.2690243,-0.886293298,-9.76281203,-0.305686371,0.0909711145,-0.0245347218,0.0193958618,0.069160983,-0.311876923,-8.94880676,18.5541611,-48.5976868,2
7.71389358,0.0467882978,0.00776000891,-0.139077067,0.989145228,0.0284863893,0.0905259564,-0.280665526,0.278174552,-0.88654435,-9.76253263,-0.320672472,0.130427146,-0.0125438398,0.00386358518,0.0589822307,-0.316364378,-9.00662231,18.5787201,-48.6653137,2
7.72385158,0.0467817062,0.00805510187,-0.140652423,0.988920291,0.0292150178,0.0903838287,-0.283882649,0.285291416,-0.885156257,-9.76245313,-0.353826297,0.190540108,-0.0233972422,-0.0117470659,0.030910382,-0.327928364,-9.11339569,18.6083527,-48.8434753,2
7.73380858,0.0467065043,0.00823637929,-0.142298866,0.988686813,0.0297038925,0.0901341495,-0.287230639,0.290070559,-0.882717704,-9.76253321,-0.398857937,0.220124002,-0.107712771,-0.0179327838,0.00706692366,-0.342722118,-9.23917389,18.5680161,-48.8494263,2
7.74376658,0.0466011784,0.00829874543,-0.144025236,0.988441265,0.0299544424,0.0898554648,-0.290729166,0.292523907,-0.879995805,-9.76270564,-0.450392455,0.226529997,-0.12923779,-0.0163945407,-0.0182413626,-0.358360976,-9.19100189,18.5180359,-48.9682007,2
7.75372358,0.0464973331,0.00828784523,-0.145829143,0.988181696,0.0300662407,0.0895982402,-0.294379346,0.29362215,-0.877483457,-9.76289854,-0.477826917,0.243769813,-0.120814829,-0.00949352421,-0.0232577957,-0.372848421,-9.14176178,18.5178299,-48.862793,2
7.76368158,0.0464221584,0.00827755897,-0.147699349,0.987907481,0.0301931034,0.0893954354,-0.298166561,0.294866049,-0.875502585,-9.76303941,-0.466800569,0.247924083,-0.113641577,-0.00605618209,-0.0186214987,-0.385670215,-9.22789001,18.492981,-48.9904175,2
7.77363958,0.0463601763,0.00827024389,-0.149613379,0.987622489,0.0303332354,0.0892163339,-0.302044724,0.296238927,-0.873753185,-9.76315456,-0.495706748,0.236747513,-0.0910802009,-0.00629423745,-0.024732817,-0.390610814,-9.33157349,18.5361328,-48.7966003,2
7.78359658,0.0462793615,0.008235902,-0.151567074,0.987328651,0.0304170158,0.089006771,-0.306000994,0.297062445,-0.871706189,-9.76331238,-0.542917923,0.266872602,-0.036155017,-0.0112083023,-0.0284268875,-0.399894327,-9.37467194,18.4842911,-48.6830444,2
7.79355458,0.046175226,0.00818769516,-0.153549378,0.98702747,0.0304679343,0.0887544813,-0.310013863,0.297566266,-0.869241845,-9.76351638,-0.551951088,0.233732549,-0.0338560924,-0.014234582,-0.0308055785,-0.404066056,-9.53914642,18.3673172,-48.5584717,2
7.80351258,0.0460583821,0.00814328476,-0.155546561,0.986720548,0.0305228467,0.088475569,-0.314057728,0.298109799,-0.866517388,-9.763742,-0.529749704,0.1693574,-0.0254003987,-0.0166412797,-0.0294497646,-0.405498326,-9.7004776,18.3789597,-48.712616,2
7.81346958,0.0459501768,0.00813196176,-0.157533243,0.986410479,0.0306441695,0.0882036878,-0.318084789,0.299301566,-0.86386154,-9.76394132,-0.513733184,0.104302744,0.0367488912,-0.0133787934,-0.0148713216,-0.400983125,-9.8341217,18.2631683,-48.7570496,2
7.82342758,0.0458615797,0.0082037822,-0.159488484,0.986099808,0.0309327414,0.0879446932,-0.322057385,0.302126049,-0.86133151,-9.76407752,-0.484235907,0.0966849621,0.0323959567,-0.0129090119,0.00548827928,-0.394002169,-10.0049438,18.2653275,-48.9373474,2
7.83338458,0.0457983142,0.00841448387,-0.161405057,0.985789098,0.0315001973,0.0876910204,-0.325965777,0.307673545,-0.858853429,-9.76412253,-0.454169672,0.0918126798,0.0649123249,-0.0134782512,0.0410251133,-0.389872104,-9.97441864,18.2008667,-48.8738098,2
7.84334258,0.0457553326,0.00876553967,-0.163305356,0.985475024,0.0323498051,0.0874298988,-0.329855177,0.315976386,-0.856302503,-9.76408161,-0.436136295,0.100334936,0.0502069232,-0.0138084833,0.0586685538,-0.391248167,-10.0406036,18.1912384,-48.9049988,2
7.85330058,0.0457007275,0.00917831712,-0.165229231,0.985153065,0.0333187952,0.0871215403,-0.333797932,0.325446298,-0.853290096,-9.76403426,-0.440368891,0.120516285,-0.0176262576,-0.0222898386,0.0662161261,-0.399203539,-9.95811462,18.0775986,-48.8237915,2
7.86325758,0.0456076607,0.00962716553,-0.167189086,0.984822366,0.0343481057,0.0867204296,-0.337815344,0.335508075,-0.849371388,-9.76403543,-0.427536152,0.0926555604,-0.0566805031,-0.0298745185,0.0692100525,-0.406640142,-9.94558716,18.0517273,-48.9294434,2
7.87321558,0.0454860788,0.0100630946,-0.169203268,0.984479472,0.0353453605,0.0862617451,-0.341941201,0.34525885,-0.844890005,-9.76408453,-0.406760892,0.0512137621,-0.0891027633,-0.0321609862,0.060153041,-0.421614796,-10.0733337,18.1768951,-48.935791,2
7.88317358,0.0453744396,0.0104406044,-0.171309516,0.984116408,0.0362369985,0.0858356752,-0.346251249,0.353977762,-0.840727186,-9.76413129,-0.425954399,0.0433099302,-0.150706694,-0.021326717,0.0417857543,-0.443689466,-10.2494507,18.0639648,-48.7308655,2
7.89313058,0.0452892119,0.0106992959,-0.173549774,0.983724962,0.0369133697,0.0854946492,-0.350827339,0.360592431,-0.837395119,-9.76417572,-0.483146578,0.0535948851,-0.158443426,-0.0126367835,0.0149830971,-0.473328322,-10.3449631,18.1845398,-48.7539673,2
7.90308858,0.0452189603,0.0108311037,-0.175944616,0.983301251,0.0373567645,0.0852194834,-0.355710509,0.36493035,-0.834706465,-9.76424469,-0.569635578,0.0438732632,-0.133833885,-0.00644946098,-0.00974461995,-0.504229486,-10.3633575,18.051445,-48.8461914,2
7.91304558,0.0451483303,0.0108123324,-0.178488659,0.98284606,0.0375148233,0.0849902417,-0.360887392,0.366480868,-0.832466504,-9.76437796,-0.666505176,0.0263702667,-0.0846194804,-0.00138136768,-0.0470460691,-0.531766474,-10.6669006,18.0420151,-48.7398682,2
7.92300358,0.0450399429,0.0105943714,-0.181169215,0.982362926,0.0372771439,0.0847538233,-0.366326269,0.364167366,-0.8301564,-9.76466087,-0.730630881,0.0206184982,-0.0460293452,-0.00546585768,-0.092491582,-0.556914747,-10.6206589,17.9968338,-48.6441345,2
7.93296158,0.0448670443,0.0101864522,-0.18397723,0.981853122,0.0366510454,0.084457917,-0.372008133,0.358062656,-0.827264917,-9.76513199,-0.773607268,0.0448114208,0.0484141946,-0.0139541067,-0.126895875,-0.583199739,-10.8039474,18.1418152,-48.6027222,2
7.94291858,0.0446013114,0.00965238353,-0.186920126,0.981314577,0.0357515396,0.0840262263,-0.37795207,0.34929143,-0.823046495,-9.76580653,-0.835165753,0.104488329,0.109691962,-0.0281327758,-0.151415601,-0.609686196,-10.8413544,17.9602203,-48.5952454,2
7.95287658,0.0442560314,0.00907011919,-0.190007354,0.98074269,0.0347367135,0.0834576289,-0.384185349,0.339396863,-0.817489957,-9.76662194,-0.907571867,0.15250198,0.0967407108,-0.0386468284,-0.153626084,-0.64286685,-10.9861526,17.8702927,-48.7393799,2
7.96283358,0.0438861279,0.00852890751,-0.193238725,0.980132586,0.033802214,0.082826888,-0.390719063,0.330287163,-0.811325881,-9.76744845,-0.999916462,0.18180209,0.0306792159,-0.0432058945,-0.14162083,-0.667821467,-11.1522141,17.7684326,-48.5789795,2
7.97279158,0.0435272916,0.00806932813,-0.196577486,0.979488319,0.0330381099,0.0821889511,-0.39748417,0.322840755,-0.805091152,-9.76821301,-1.03167514,0.193074887,-0.00252396552,-0.0391964503,-0.123123728,-0.68880266,-11.378624,17.8408966,-48.7895508,2
7.98274958,0.0432242987,0.00770422405,-0.200013576,0.978808806,0.0324866772,0.0816253602,-0.404464333,0.31746889,-0.799582764,-9.76884137,-1.06655576,0.208066777,-0.00803074624,-0.0279682986,-0.101159304,-0.71130693,-11.6640472,17.4945068,-48.7208557,2
7.99270658,0.0430159048,0.00746597633,-0.203563567,0.97808771,0.0322294456,0.0811962435,-0.411698797,0.314967063,-0.795388527,-9.76926515,-1.08649964,0.181875886,-0.0180816001,-0.01048565,-0.0641068071,-0.738621414,-11.8965378,17.5264206,-48.6474609,2
8.00266458,0.0429606505,0.00742080973,-0.207238896,0.977318401,0.0324231525,0.0809852035,-0.419220403,0.316864859,-0.793325676,-9.76937153,-1.15767965,0.127739222,0.0531026446,0.0194887612,-0.0196823534,-0.768017113,-11.9064102,17.3572769,-48.8643494,2
8.01262258,0.043109022,0.00753041996,-0.211055615,0.976493892,0.0330181282,0.0811015965,-0.427063408,0.322674276,-0.794463375,-9.76908862,-1.25596511,0.101642731,0.132426941,0.0596886091,0.00914191175,-0.800376117,-12.0298462,17.3538818,-48.8787231,2
8.02257958,0.0434692281,0.00768951635,-0.215028866,0.975609476,0.0338171601,0.0816015773,-0.435253133,0.330466538,-0.79935027,-9.76842928,-1.31628017,0.0855803613,0.230229144,0.0947043821,0.0152312294,-0.833899438,-12.1278152,17.1445084,-48.5939941,2
8.03253758,0.043965941,0.00782724535,-0.219169948,0.974664068,0.034654292,0.0823661515,-0.44380404,0.338622591,-0.806823017,-9.76753555,-1.39536452,0.0893121683,0.383013229,0.114933267,0.0133726243,-0.870792091,-12.2007751,16.8783417,-48.6104736,2
8.04249458,0.0444783436,0.00798811995,-0.223480538,0.973660161,0.0355658346,0.0831389479,-0.452716103,0.347503707,-0.814375624,-9.76659681,-1.4651481,0.100156803,0.561789249,0.101261929,0.0219735689,-0.906798601,-12.213974,16.8731689,-48.6108704,2
8.05245258,0.0448677019,0.00821736992,-0.227963376,0.972600661,0.036576778,0.0836276363,-0.461989325,0.357362399,-0.819151387,-9.7658416,-1.53067198,0.112115171,0.617297786,0.0627321601,0.0266394429,-0.94328618,-12.4101791,16.7953186,-48.7033386,2
8.06241058,0.0450388138,0.00852014839,-0.232608222,0.971489754,0.0376477509,0.0836432758,-0.471596138,0.367820665,-0.81930424,-9.76544062,-1.56058314,0.138753806,0.620787381,0.0121025359,0.0290266983,-0.977357328,-12.5524216,16.7639923,-48.6385193,2
8.07236758,0.0449627579,0.0088847024,-0.237412436,0.970327117,0.0387350007,0.0831342165,-0.48152795,0.378454031,-0.814329374,-9.76545056,-1.5956074,0.171038704,0.55884735,-0.0357010476,0.0254053026,-1.01297832,-12.7212753,16.557251,-48.7981873,2
8.08232558,0.0446592571,0.0092662159,-0.242395722,0.969104661,0.0397548272,0.0821592061,-0.491823714,0.388444278,-0.804800425,-9.76584803,-1.61996296,0.201163793,0.42277533,-0.0781811327,0.0111097209,-1.05565786,-12.8393097,16.5677643,-48.7171631,2
8.09228258,0.0441503164,0.0096536386,-0.247576717,0.967813564,0.0406908621,0.0807662981,-0.502523632,0.397630477,-0.79118596,-9.76659096,-1.6607227,0.214184822,0.206394095,-0.112163633,0.00457928004,-1.09722817,-13.013382,16.4332275,-48.717041,2
8.10224058,0.043510238,0.010032023,-0.252951715,0.966447971,0.0415446747,0.0791080126,-0.5136264,0.406023116,-0.774975707,-9.76754549,-1.6843783,0.243314689,-0.00783025523,-0.126845628,-0.0151411612,-1.13866675,-13.2283554,16.3468475,-48.818634,2
8.11219858,0.0427943596,0.0103014108,-0.258523815,0.965001436,0.042146915,0.077344007,-0.52513771,0.411962406,-0.757729608,-9.76864965,-1.68852197,0.303880144,-0.258715818,-0.128011808,-0.0434082039,-1.1794107,-13.505394,16.3008728,-48.8988647,2
8.12215558,0.0420379893,0.0104439936,-0.264277246,0.963473463,0.0424783192,0.0755566237,-0.537029501,0.415256625,-0.74025255,-9.76985026,-1.64692491,0.399978027,-0.450248444,-0.129158035,-0.0700283647,-1.21462595,-13.6424789,16.0943222,-48.5101929,2
8.13211358,0.0412293117,0.0104770302,-0.27019564,0.961865098,0.0425633585,0.0737191292,-0.549270757,0.416144587,-0.722283105,-9.77115725,-1.60082674,0.500970404,-0.605911299,-0.136675537,-0.0951619297,-1.25111246,-13.8346863,16.0849152,-48.5408936,2
8.14207158,0.0403467978,0.010426612,-0.276259365,0.960179174,0.0424371788,0.0717810379,-0.561823415,0.414970283,-0.703327133,-9.77258991,-1.52468399,0.568504967,-0.670917732,-0.144122794,-0.109430879,-1.27725828,-14.1272964,15.7815552,-48.6763,2
8.15202858,0.0394105813,0.0103577459,-0.282423806,0.958423767,0.0422303985,0.0697500704,-0.57460272,0.413008956,-0.683460037,-9.77408278,-1.44416304,0.626000586,-0.691421591,-0.152759299,-0.110519007,-1.2961123,-14.3109818,15.7572403,-48.6365356,2
8.16198658,0.0384803426,0.0103325269,-0.288642294,0.956607543,0.0420912987,0.0677080849,-0.587521801,0.411707226,-0.663482248,-9.77551369,-1.37702076,0.622931773,-0.683556264,-0.145684615,-0.094111532,-1.30765605,-14.6997681,15.600441,-48.5626221,2
8.17194358,0.0376570739,0.0103850911,-0.294883821,0.954734325,0.0421426509,0.0658277429,-0.600527109,0.41226106,-0.645083545,-9.77672189,-1.3370228,0.584182282,-0.683096246,-0.117718011,-0.0667070895,-1.31137562,-14.8649216,15.4778366,-48.5295715,2
8.18190158,0.0370670766,0.0105425271,-0.301125747,0.952805372,0.0425143757,0.0643305287,-0.613583606,0.415935876,-0.630431919,-9.77752211,-1.32872654,0.464185784,-0.708033703,-0.0671083629,-0.0249617752,-1.31410456,-15.1392212,15.4302826,-48.4802246,2
8.19185958,0.0368064162,0.0108027098,-0.30734636,0.950824205,0.0432679803,0.0633949706,-0.626654217,0.423329457,-0.621275969,-9.77779099,-1.33537211,0.325892654,-0.663921005,-0.00861531217,0.00918444712,-1.31106794,-15.3622284,15.1298981,-48.4468079,2
8.20181658,0.0368500309,0.0111139475,-0.313521189,0.94880082,0.0442987145,0.0629994281,-0.639683617,0.433418378,-0.617404753,-9.777594,-1.27333564,0.228198515,-0.53288581,0.0421253629,0.0340375975,-1.30161798,-15.5741653,14.8880005,-48.5575256,2
8.21177458,0.0371031122,0.0114455535,-0.319648424,0.946740239,0.0454976978,0.0629785359,-0.652659406,0.445141841,-0.617200244,-9.77708021,-1.20814537,0.163350633,-0.356228682,0.067724362,0.0412558764,-1.29770207,-15.6601105,14.6429291,-48.4891052,2
8.22173258,0.0374148894,0.0117363439,-0.325747972,0.94464301,0.0466586608,0.0630830783,-0.665608271,0.456489347,-0.618223449,-9.77649218,-1.16023635,0.0909017025,-0.134455232,0.0703134835,0.0284181107,-1.29564559,-15.832695,14.4742355,-48.6821594,2
8.23168958,0.0376641218,0.0119684322,-0.331837208,0.942508479,0.0476702879,0.0630962236,-0.678555712,0.466378873,-0.618352117,-9.77601755,-1.09470867,0.022047435,0.0672305387,0.0541210473,0.0140309576,-1.29593301,-16.0566788,14.1128311,-48.6089478,2
8.24164758,0.0377959864,0.0121843861,-0.337911643,0.940339651,0.0485734142,0.0628890841,-0.691489313,0.475213885,-0.616324776,-9.77572002,-1.01061862,-0.00811177559,0.179909408,0.030129429,0.00476555387,-1.29481745,-16.2992096,13.9157791,-48.5195312,2
8.25160458,0.037800529,0.0123464787,-0.343990867,0.938130502,0.049287345,0.0624701304,-0.704448008,0.482205644,-0.612224318,-9.77563527,-0.950872007,0.0202590903,0.209153623,0.0153261032,-0.026266532,-1.30547583,-16.4173508,13.7081909,-48.4473572,2
8.26156258,0.0376955521,0.0123629518,-0.350131202,0.935860192,0.049652337,0.0619378172,-0.71754981,0.485789749,-0.607014219,-9.77578257,-0.927222105,0.0102605511,0.149146605,0.00978193432,-0.0622828566,-1.32278693,-16.6234665,13.3098984,-48.5763855,2
8.27152058,0.0375175733,0.0122363715,-0.356335944,0.933524148,0.0496975761,0.0613651095,-0.730807213,0.486249184,-0.601408544,-9.77610639,-0.920349297,0.00929364232,0.0303588979,0.00844083354,-0.0917544439,-1.33878732,-17.0492554,13.1650085,-48.5321655,2
8.28147758,0.037277534,0.0119649313,-0.362608615,0.931118787,0.0494272092,0.0607798653,-0.744230946,0.483623329,-0.595679938,-9.77658745,-0.866996331,0.0330436069,-0.0985971524,0.00763709191,-0.12559177,-1.35384429,-17.3250732,12.8609009,-48.6894531,2
8.29143613,0.0369815633,0.0115657839,-0.368928357,0.928649808,0.0488761465,0.0601882854,-0.75777984,0.478252888,-0.589889152,-9.77720237,-0.796982445,0.070348415,-0.190756965,0.0100383731,-0.144907445,-1.36402464,-17.4834366,12.7691956,-48.5497131,2
8.30139313,0.0367112538,0.0111028549,-0.37526754,0.926122766,0.0482228633,0.0597006313,-0.771407218,0.471879297,-0.585115472,-9.77779917,-0.72387052,0.091013127,-0.298497793,0.0270317383,-0.147683531,-1.37102211,-17.5304489,12.4093552,-48.537262,2
8.31135113,0.0365624025,0.0105878624,-0.381629364,0.923531284,0.0475650529,0.0594868448,-0.78513119,0.46545321,-0.583022664,-9.7782323,-0.667465546,0.154012714,-0.41687692,0.0625012666,-0.146144494,-1.3791213,-17.8355484,12.3133926,-48.6073303,2
8.32130913,0.0366150615,0.0100169162,-0.388010989,0.920872617,0.0469635912,0.0596977202,-0.798954851,0.459566088,-0.585086976,-9.7783872,-0.662775488,0.248552992,-0.4930372,0.109975316,-0.138342768,-1.38640487,-18.0736771,11.9259415,-48.4909058,2
8.33126613,0.0368724175,0.00935470998,-0.39439409,0.918153666,0.0463636807,0.0603668636,-0.812838656,0.453681597,-0.591637202,-9.77826796,-0.644471039,0.299246274,-0.557350974,0.154715076,-0.148901403,-1.38655615,-18.3529358,11.6817932,-48.590271,2
8.34122413,0.0372706818,0.00855456277,-0.400732007,0.915396937,0.0456346009,0.0614173664,-0.826673727,0.446523761,-0.601920038,-9.77796985,-0.621601328,0.320003742,-0.502881717,0.181484371,-0.163534403,-1.37345064,-18.5354691,11.3853683,-48.6850586,2
8.35118213,0.0377345077,0.00766362812,-0.4069773,0.912626315,0.0448051747,0.0626781952,-0.840351124,0.438379142,-0.614260756,-9.77757062,-0.560484998,0.322318668,-0.404819403,0.193890616,-0.171595827,-1.35391557,-18.8884125,11.0273209,-48.5721741,2
8.36113913,0.0382031255,0.00673035585,-0.413116416,0.909851592,0.0439159249,0.0640011923,-0.853836447,0.429648212,-0.627208866,-9.77713632,-0.500877282,0.309529183,-0.270579859,0.188956857,-0.177212164,-1.33426571,-19.0225296,10.6213837,-48.6830444,2
8.37109713,0.0386172809,0.00578783482,-0.419128841,0.90708667,0.0429760303,0.0652530421,-0.867078839,0.420424493,-0.639459714,-9.77674352,-0.426860517,0.316393004,-0.0938017348,0.17608428,-0.182542548,-1.30583668,-19.1959686,10.2366333,-48.6645203,2
8.38105413,0.0389209131,0.00482748078,-0.425000355,0.904343173,0.0419186615,0.0663410138,-0.880038812,0.41005723,-0.650105976,-9.77648224,-0.320276275,0.366992507,0.0214566295,0.153772578,-0.200175866,-1.27998161,-19.3847427,10.0702438,-48.5778809,2
8.39101213,0.0390850381,0.00385188302,-0.430741056,0.901620583,0.040720103,0.0672120145,-0.892733777,0.398316085,-0.658628525,-9.7763969,-0.203938409,0.419358873,0.0969388638,0.126502156,-0.208540738,-1.25677323,-19.3847427,10.0702438,-48.5778809,2
8.40097013,0.0391209267,0.00291743294,-0.436357889,0.898917555,0.0394875793,0.0678389076,-0.90518108,0.386249763,-0.664762278,-9.77646587,-0.151320333,0.351272302,0.0739636464,0.0994859859,-0.206939638,-1.23184288,-19.669075,9.78174591,-48.4554138,2
8.41092713,0.0390363037,0.00205454564,-0.441838818,0.896242262,0.0382765804,0.0682092926,-0.917354323,0.374400737,-0.668386095,-9.77667981,-0.111339437,0.234737123,0.0595130962,0.0684969276,-0.201526597,-1.20203781,-19.8720932,9.34950256,-48.325531,2
8.42088513,0.0388307979,0.00130255088,-0.44715869,0.893610396,0.0371501132,0.0682873756,-0.929197093,0.363385459,-0.669150065,-9.77704338,-0.0632140696,0.16532113,0.0712491267,0.035562411,-0.183963045,-1.16825402,-20.1553192,9.07840729,-48.2758179,2
8.43084213,0.0385146473,0.000720664957,-0.452305797,0.891030554,0.0362167535,0.0680360097,-0.940684102,0.354265858,-0.666690689,-9.77754607,0.0232681359,0.18306283,0.0648684858,-0.000601555221,-0.159867764,-1.13370264,-20.2633972,8.67301178,-48.406189,2
8.44080013,0.0380822018,0.000334325311,-0.457282138,0.888505812,0.0355108379,0.0674178126,-0.951817596,0.347378217,-0.660642203,-9.77820366,0.0822296992,0.264252921,0.0191384157,-0.0432219878,-0.134571463,-1.10012662,-20.4708862,8.37503052,-48.3935242,2
8.45075812,0.0375034262,0.000113714733,-0.462109177,0.886029713,0.0349469776,0.0664019888,-0.962638758,0.341887913,-0.650702627,-9.77906349,0.13350911,0.479966852,-0.0771165574,-0.0855168924,-0.123959623,-1.07545769,-20.6797791,8.15248108,-48.6188354,2
8.46071513,0.0367596176,-6.81878651E-06,-0.466820831,0.883587583,0.0343876702,0.065012838,-0.973217277,0.336449119,-0.637109132,-9.78014719,0.173813466,0.688435561,-0.256495804,-0.118283361,-0.131071866,-1.05269837,-20.7982941,7.82510376,-48.2845764,2
8.47067313,0.035871933,-0.000167693058,-0.471436058,0.881170403,0.0336009715,0.0634191878,-0.98359145,0.328788668,-0.621512992,-9.78141093,0.239533271,0.838937161,-0.415493357,-0.128786847,-0.16208598,-1.03729928,-20.97789,7.7170639,-48.3767395,2
8.48063113,0.0348861237,-0.000507604081,-0.475997825,0.878754051,0.032386868,0.06183528,-0.993857806,0.316944245,-0.606010595,-9.78277462,0.308239947,0.969480992,-0.595340805,-0.116840973,-0.214255974,-1.03299558,-21.1896973,7.6088562,-48.4382935,2
8.49058813,0.0338869186,-0.00117925233,-0.480560027,0.876306086,0.030563405,0.0605610416,-1.00414285,0.299128566,-0.593537957,-9.78410031,0.35493572,1.05247711,-0.719262369,-0.0698924661,-0.274321198,-1.03682625,-21.3080368,7.41437531,-48.0625305,2
8.50054613,0.0330263453,-0.00223221489,-0.485133146,0.873813542,0.0281976045,0.0599194271,-1.0144844,0.275991198,-0.587257306,-9.78515947,0.381365096,1.00055695,-0.698301414,0.00520361681,-0.319532365,-1.03965473,-21.5625381,7.33435059,-48.2315674,2
8.51050313,0.03245484,-0.00362378586,-0.489685143,0.871287426,0.0255194888,0.0601402627,-1.02482426,0.249781145,-0.589419051,-9.78573347,0.450371522,0.813127889,-0.496165561,0.0939332992,-0.336161286,-1.02862823,-21.7568741,7.08517456,-48.3282471,2
8.52046113,0.0322414528,-0.00522688214,-0.494139381,0.868768917,0.0228263846,0.0612246032,-1.03499519,0.223411554,-0.600033237,-9.78572587,0.592111687,0.623227614,-0.102775899,0.169474125,-0.323752284,-1.00052583,-22.1072617,6.83014679,-48.1141357,2
8.53041913,0.0323295702,-0.00685201528,-0.498423312,0.86630362,0.0203975028,0.0628862967,-1.0448283,0.199621934,-0.616297523,-9.78522903,0.757308825,0.571257261,0.364644629,0.202056229,-0.279748976,-0.963164806,-22.4439163,6.46520233,-48.1348877,2
8.54037613,0.0326100753,-0.00828851278,-0.502526541,0.863906704,0.0184936232,0.0647196925,-1.05429457,0.18097048,-0.634240372,-9.78444518,0.847935949,0.518421524,0.822799315,0.198361352,-0.220031068,-0.926554322,-22.5683746,6.15679932,-47.9425964,2
8.55033413,0.0329734386,-0.00943397001,-0.506434209,0.861596171,0.017179939,0.0664237814,-1.06335113,0.168097846,-0.650915905,-9.78358009,0.856020179,0.37962344,1.11881464,0.174273685,-0.1613947,-0.882573783,-22.7420959,5.85749054,-48.0858459,2
8.56029213,0.0333517868,-0.010247712,-0.510119392,0.859395538,0.0164516849,0.0678318724,-1.07192809,0.160957637,-0.664693451,-9.78277345,0.881865106,0.253190625,1.16230132,0.134737998,-0.0984607488,-0.829310298,-22.8996429,5.48261261,-47.8161926,2
8.57024913,0.0337350395,-0.0106891271,-0.513558536,0.857324471,0.0163612569,0.0688771814,-1.07996775,0.160061547,-0.674920465,-9.78208781,0.894432911,0.194883617,1.03173024,0.101819851,-0.026500579,-0.77851212,-23.1136932,5.0357666,-48.0010071,2
8.58020713,0.0341798901,-0.0108009036,-0.516790356,0.855361176,0.0168921353,0.06969231,-1.08756053,0.16524527,-0.682894951,-9.78144834,0.852588012,0.181609563,0.766979813,0.091597572,0.0288148746,-0.74261111,-23.0942383,4.86865234,-48.0504761,2
8.59016413,0.0347549878,-0.0107167378,-0.519902248,0.853451186,0.0178913953,0.0705251316,-1.09491017,0.17500916,-0.69104209,-9.78070658,0.764264417,0.209359155,0.430750547,0.104940504,0.0690377355,-0.727423608,-23.065918,4.65509033,-47.8989868,2
8.60012213,0.0354874339,-0.0105543564,-0.522970326,0.851546301,0.0191929704,0.0715386207,-1.102193,0.187725799,-0.700955947,-9.77976492,0.69498469,0.302022607,0.15208149,0.125100106,0.0892167687,-0.727773309,-23.0895081,4.42729187,-47.9525146,2
8.61008013,0.0363432914,-0.0103778955,-0.526052815,0.849611528,0.0206587146,0.0727381249,-1.10954153,0.202042713,-0.71268847,-9.77863153,0.652685545,0.341138811,0.0022083237,0.143619165,0.0976887196,-0.74141115,-23.0903625,4.24661255,-48.2291565,2
8.62003713,0.0372342709,-0.0102421798,-0.529208765,0.84761235,0.0221089584,0.0740285554,-1.11708558,0.216203377,-0.725309248,-9.77740111,0.574180711,0.324280981,-0.0361322206,0.146067411,0.0826852694,-0.764171302,-23.0336609,4.16270447,-48.0430908,2
8.62999513,0.0380320038,-0.0102026733,-0.532476456,0.845528363,0.023317088,0.0752506422,-1.12490162,0.227994754,-0.737260455,-9.77623908,0.524830295,0.339224868,-0.0130529583,0.130583584,0.0455023274,-0.794674575,-23.0310516,3.74951172,-48.0473633,2
8.63995213,0.0386142891,-0.0102477525,-0.535882454,0.843346748,0.0241730924,0.0761873353,-1.13304091,0.236346366,-0.746419913,-9.77534535,0.486700763,0.369483374,0.0495002362,0.0938466042,0.00551922806,-0.829383075,-23.0145721,3.59697723,-48.0514526,2
8.64991013,0.0388927445,-0.0103299624,-0.539437752,0.841063302,0.0246590049,0.076642275,-1.14152278,0.241087898,-0.750868344,-9.77488942,0.413275608,0.484513921,0.0886976896,0.0381796211,-0.0354623832,-0.868070722,-23.0166779,3.28936768,-48.0908203,2
8.65986813,0.0388162287,-0.010429778,-0.543148041,0.838674382,0.0247464603,0.0765128119,-1.15035743,0.241945173,-0.749602489,-9.77496482,0.29285787,0.638122985,-0.0586193622,-0.0200956669,-0.0826005936,-0.900550127,-23.0956268,3.00592804,-48.122467,2
8.66982512,0.0383723835,-0.0105679934,-0.546977993,0.836200279,0.0243761964,0.0758075026,-1.15946102,0.238338673,-0.742705788,-9.77558032,0.192166978,0.754078684,-0.282760126,-0.0738310963,-0.126164421,-0.924248695,-23.1776886,2.83250427,-47.9309082,2
8.67978313,0.0376232841,-0.0107034145,-0.550858281,0.833681618,0.0236717455,0.0745929646,-1.16867906,0.231473372,-0.730828888,-9.77664006,0.140075045,0.8186666,-0.572296614,-0.122763753,-0.151756078,-0.925396502,-23.2647095,2.58547211,-48.0425415,2
8.68974113,0.0366539317,-0.0108142156,-0.554715757,0.831161766,0.0227508405,0.0729931253,-1.17784822,0.22249623,-0.715182552,-9.7780055,0.176735144,0.814093373,-0.814092277,-0.152580619,-0.164524093,-0.91822201,-23.514267,2.48882294,-48.0518494,2
8.69969813,0.035628227,-0.0108760658,-0.558512098,0.828659503,0.0218296066,0.0712564517,-1.18689551,0.213515106,-0.698195907,-9.77943349,0.22417315,0.724532491,-1.00913846,-0.152153984,-0.146744043,-0.900902152,-23.371521,2.22115326,-47.9417419,2
8.70965613,0.0347755954,-0.0108511773,-0.562204759,0.826195287,0.0212247825,0.0697205041,-1.19574217,0.207622741,-0.683170772,-9.78062124,0.230065496,0.522759626,-1.10701081,-0.114229314,-0.0941861272,-0.876370132,-23.5317841,2.32023621,-47.9842224,2
8.71961313,0.0343263228,-0.0107034688,-0.565724045,0.823810373,0.0212549614,0.0687212587,-1.20424075,0.207932319,-0.673395009,-9.78129286,0.320137013,0.301845131,-1.09391927,-0.0478383005,-0.0153166186,-0.828726709,-23.3939896,2.06018829,-47.8660278,2
8.72957113,0.0343560921,-0.0104339738,-0.568998209,0.821554471,0.0220061514,0.0683778983,-1.21221995,0.215284947,-0.670035689,-9.78136417,0.448655329,0.0481420996,-0.854427795,0.0118022766,0.0563960709,-0.77011025,-23.6634445,1.91745758,-47.9733276,2
8.73952913,0.0347625428,-0.0100559637,-0.572013915,0.819445292,0.0233456058,0.068529934,-1.21963264,0.228384046,-0.671523151,-9.78096552,0.616318419,-0.21358291,-0.44197629,0.0457605086,0.112057999,-0.713670135,-23.6634445,1.91745758,-47.9733276,2
8.74948613,0.0353434239,-0.00954775383,-0.574795293,0.817477776,0.0250823036,0.068815235,-1.22651388,0.245365466,-0.674314389,-9.78036171,0.736255443,-0.424324606,0.0132160399,0.0384197272,0.143056184,-0.662759602,-23.4538193,1.71489716,-47.7695618,2
8.75944413,0.0358422452,-0.00887180242,-0.577349909,0.815661534,0.0269812979,0.06876874,-1.2328519,0.263938704,-0.673859558,-9.77990988,0.820632858,-0.473710933,0.466914332,-0.0208667666,0.149859756,-0.606311262,-23.4584427,1.64588928,-48.3357849,2
8.76940213,0.0359850311,-0.00802481071,-0.579699746,0.813995641,0.0287269198,0.067939532,-1.23866483,0.28102627,-0.665746759,-9.77998937,0.888539469,-0.35268648,0.753849113,-0.115512773,0.117379695,-0.568989754,-23.237236,1.33547211,-47.989563,2
8.77935913,0.0355594928,-0.00708399533,-0.581971258,0.81240055,0.0299489337,0.0660705257,-1.24423298,0.293014101,-0.647459188,-9.78086499,0.774199535,-0.261888238,0.81951781,-0.223745227,0.0528989807,-0.563958764,-23.3101044,1.2718277,-47.843689,2
8.78931713,0.0345003199,-0.00616917512,-0.584286588,0.810790201,0.0303776378,0.0631962318,-1.24984697,0.297262461,-0.619330899,-9.78255835,0.628693259,-0.194697446,0.569371082,-0.313865811,-0.0396522582,-0.578358769,-23.3798065,1.02676392,-47.8587036,2
8.79927413,0.0328809884,-0.00541158051,-0.586669852,0.809140351,0.029880598,0.059595562,-1.25557698,0.292464833,-0.584086932,-9.78487071,0.521113028,-0.112775169,0.145365918,-0.370895296,-0.126291811,-0.591192007,-23.3295746,1.17651367,-47.9182129,2
8.80923213,0.0309181508,-0.00482543546,-0.589096481,0.807456514,0.0286832099,0.055644129,-1.26139326,0.280812335,-0.545400936,-9.78744436,0.469169563,-0.0482112193,-0.272392461,-0.383514434,-0.176205248,-0.598537087,-23.282196,1.21904755,-47.8002625,2
8.81919013,0.0289293324,-0.00440344615,-0.591565254,0.805725893,0.0271710906,0.051851307,-1.26733107,0.266066528,-0.508259794,-9.78985493,0.395329909,-0.0409099564,-0.642130029,-0.340088934,-0.184945464,-0.612041712,-23.4108582,1.4887619,-47.9523315,2
8.82914713,0.027229076,-0.00413814204,-0.594085747,0.803930087,0.0257326243,0.048716637,-1.27344478,0.252023627,-0.477558074,-9.79177216,0.285023961,-0.0931595644,-0.8826263,-0.2542108,-0.159649983,-0.631544828,-23.5521393,1.34338379,-47.9185486,2
8.83910513,0.0260421226,-0.00398834016,-0.59666179,0.802060208,0.0247081786,0.0465508916,-1.27976129,0.242017343,-0.456343436,-9.79303649,0.211083549,-0.134575278,-0.937625718,-0.147280633,-0.100923017,-0.644999921,-23.7131958,1.32029724,-47.8339539,2
8.84906213,0.0254724321,-0.00387692256,-0.599252668,0.800145206,0.0243521688,0.045425422,-1.286185,0.238543274,-0.445318038,-9.79362919,0.190914877,-0.152484043,-0.751781659,-0.0516799465,-0.0291100312,-0.647808194,-23.7241364,1.27883148,-47.7088623,2
8.85902013,0.0254328147,-0.00371662008,-0.601822726,0.798216043,0.0247063827,0.045090532,-1.29261822,0.242015955,-0.442037226,-9.7936929,0.172328762,-0.198561136,-0.347247504,0.00567415915,0.0420538932,-0.643049896,-23.7030945,1.15526581,-47.6553955,2
8.86897813,0.0257211302,-0.00339440228,-0.604343683,0.796301183,0.0257118254,0.0450815727,-1.29897424,0.251862938,-0.441949475,-9.79344857,0.180288671,-0.273916639,0.137932553,0.019128304,0.102856129,-0.631998241,-23.650116,0.88671875,-47.8138428,2
8.87893513,0.0261268513,-0.00285133462,-0.606806267,0.794415146,0.0272084686,0.0449867207,-1.30521254,0.266521085,-0.441020231,-9.79310254,0.17026929,-0.379592205,0.621813802,-0.0067528272,0.140290037,-0.621387184,-23.4571838,0.766998291,-47.3300476,2
8.88889313,0.0264680094,-0.00212679312,-0.609226157,0.792551738,0.0289115431,0.0445606752,-1.31135506,0.283204472,-0.436846343,-9.7928208,0.146852193,-0.457537468,0.918413653,-0.0444381982,0.143432558,-0.611337304,-23.443222,0.574333191,-47.3751831,2
8.89885113,0.02663925,-0.00131683331,-0.611580168,0.79073267,0.0305355121,0.0437537078,-1.31733095,0.299118008,-0.428940392,-9.79269746,0.200071267,-0.497765178,1.00478027,-0.0838718936,0.126379266,-0.589469552,-23.3502655,0.441604614,-47.3867188,2
8.90880813,0.026565843,-0.000469451013,-0.61383219,0.788989218,0.0319073894,0.0425094573,-1.32303924,0.312568879,-0.416749823,-9.79280385,0.279545329,-0.539583993,1.0369091,-0.132384688,0.10125266,-0.562467396,-23.3508301,0.315544128,-47.5213318,2
8.91876613,0.0262173322,0.00045070239,-0.615969698,0.787333276,0.0330412929,0.0407395865,-1.32844376,0.323696642,-0.399408374,-9.79316508,0.344732708,-0.614984832,1.00824064,-0.188230917,0.0854177773,-0.533708215,-23.2576141,0.198570251,-47.481781,2
8.92872313,0.0256435708,0.00149108245,-0.618023369,0.785739827,0.0340716468,0.0384647865,-1.33362624,0.333816981,-0.377117705,-9.79370869,0.380251874,-0.739328421,0.873212575,-0.232286304,0.0828660131,-0.506736219,-23.2864838,0.274101257,-47.2936707,2
8.93868113,0.0249506234,0.00264862101,-0.619930254,0.784255561,0.0351194755,0.0358590942,-1.33843508,0.344112238,-0.351582208,-9.79430256,0.381179438,-0.828609463,0.686759444,-0.252708763,0.0954798013,-0.476949304,-23.36203,0.294555664,-47.6095276,2
8.94863913,0.0243023607,0.00389431749,-0.621721329,0.782851661,0.0363439789,0.0332140329,-1.34296178,0.35613768,-0.325658516,-9.79476901,0.382471742,-0.831189762,0.42012277,-0.241988197,0.121189162,-0.450015426,-23.3378906,0.258842468,-47.6211548,2
8.95859613,0.0238004745,0.00517688202,-0.623414563,0.781511935,0.0377935749,0.0307508687,-1.34725885,0.370364942,-0.301515479,-9.79501392,0.343404637,-0.828996563,0.147877608,-0.220519125,0.146499574,-0.430112273,-23.1029663,0.137588501,-47.52948,2
8.96855413,0.0234715455,0.00650398179,-0.625056685,0.780199181,0.0395172212,0.0284981038,-1.35144674,0.387273407,-0.279433101,-9.79501509,0.308090784,-0.797508661,-0.0125327338,-0.200859293,0.175112158,-0.411737442,-22.957962,0.232467651,-47.4552917,2
8.97851113,0.0232803949,0.00787201757,-0.626595241,0.778957184,0.0414650319,0.0264067931,-1.35538691,0.406374815,-0.258932073,-9.79480466,0.309788966,-0.735409786,-0.0936971054,-0.186124027,0.192963868,-0.395495892,-22.9143677,0.202987671,-47.6807861,2
8.98846913,0.0231679146,0.00922014928,-0.628065778,0.777760587,0.0434707741,0.0244588998,-1.35916399,0.426040945,-0.239835962,-9.79445512,0.287878273,-0.738793948,-0.165124511,-0.170394987,0.187361881,-0.379583329,-22.7077866,0.297866821,-47.6851196,2
8.99842713,0.0230690972,0.0104306574,-0.629483876,0.776600917,0.0452712885,0.0227010526,-1.36281112,0.443693688,-0.222602156,-9.7940781,0.269178066,-0.725352064,-0.191688109,-0.149537891,0.154402062,-0.367527455,-22.7165146,0.209342957,-47.8204651,2
9.00838413,0.0229149414,0.0113979664,-0.630914232,0.77543029,0.046618696,0.0211571792,-1.36648823,0.456905381,-0.207465578,-9.79380338,0.222447514,-0.707867626,-0.20408348,-0.128355771,0.0998282582,-0.360745668,-22.6495132,0.124938965,-47.6858826,2
9.01834213,0.022632176,0.0120721159,-0.632279305,0.774315765,0.047341916,0.0197842939,-1.36998913,0.464001367,-0.194004989,-9.79374551,0.199789253,-0.712798872,-0.165534846,-0.116458625,0.03370969,-0.355416685,-22.7040329,0.0260467529,-47.7631226,2
9.02830012,0.022187654,0.0124791358,-0.633626611,0.773220091,0.0474415211,0.0184987097,-1.37343395,0.464988332,-0.18140003,-9.79394016,0.222594667,-0.823117222,-0.118054717,-0.108737066,-0.0253598429,-0.345324486,-22.7089157,-0.155929565,-47.7763977,2
9.03825713,0.0215791301,0.0126575366,-0.634926952,0.772166935,0.0469740669,0.0172530152,-1.37674788,0.460420294,-0.169185879,-9.79437446,0.281930068,-0.946811333,-0.0149690211,-0.110205531,-0.0766033232,-0.332369804,-22.7921524,0.0347213745,-47.9657593,2
9.04821513,0.0208368172,0.0126676862,-0.636186972,0.771149393,0.0460717864,0.0160192491,-1.37995167,0.451592113,-0.157088449,-9.79498703,0.347171625,-0.957711717,0.0757253953,-0.10693717,-0.111813724,-0.323680371,-22.8500137,-0.0594177246,-47.9460449,2
9.05817313,0.020048532,0.012546287,-0.637443409,0.770133993,0.0449043157,0.0148855658,-1.38314842,0.440164163,-0.14597214,-9.79567911,0.309518442,-0.940546501,0.0565156679,-0.0915768519,-0.129166618,-0.328960359,-22.8891678,-0.0591430664,-47.8861084,2
9.06813013,0.0193009783,0.0123149612,-0.638725652,0.769093837,0.0436168567,0.0139572167,-1.38642161,0.427557998,-0.136869098,-9.79636884,0.237579324,-0.975536858,0.0208440506,-0.0666673854,-0.135712013,-0.336192667,-22.9404068,-0.000831604004,-47.8348389,2
9.07808813,0.0186320563,0.0119989098,-0.640024191,0.768035074,0.0422974299,0.013261349,-1.38974928,0.414635973,-0.130045599,-9.79701766,0.223865856,-1.01273678,-0.0319283392,-0.0479395017,-0.141172826,-0.336587608,-23.0937271,-0.16381073,-47.9949036,2
9.08804513,0.0179813673,0.0116126355,-0.641330452,0.766966195,0.0408916798,0.0126874685,-1.39310466,0.400866391,-0.124418224,-9.79766356,0.189601804,-1.03347759,-0.0329284561,-0.041125901,-0.14737013,-0.339622468,-23.0600433,-0.158500671,-47.7553406,2
9.09800313,0.0173462385,0.0112286345,-0.64263332,0.765895125,0.0395076415,0.0121393079,-1.3964587,0.387308296,-0.119043025,-9.79827555,0.2055541,-1.03361546,-0.0591015928,-0.0429938436,-0.136481524,-0.337242126,-23.0600433,-0.158500671,-47.7553406,2
9.10796113,0.0167448738,0.0108949064,-0.643920471,0.764831463,0.0382421539,0.0115833652,-1.39978043,0.374910879,-0.113591472,-9.79882267,0.194907363,-0.946591042,-0.170184133,-0.0432635173,-0.123802796,-0.333234519,-23.084259,-0.210884094,-47.7939758,2
9.11791813,0.0161953758,0.0106223401,-0.645177051,0.763787456,0.037134984,0.0110332934,-1.40303173,0.364063943,-0.108197449,-9.79929262,0.176874205,-0.826289423,-0.308428236,-0.0404608063,-0.104991287,-0.323773116,-23.131424,-0.312202454,-47.6303406,2
9.12787613,0.0157302672,0.0103841876,-0.646392418,0.762772278,0.0361873114,0.0105729003,-1.40618597,0.354779032,-0.103682803,-9.79968191,0.209502619,-0.684608185,-0.43193888,-0.0296230279,-0.0925274193,-0.311599195,-23.0016937,-0.363708496,-47.9356995,2
9.13783313,0.0153268184,0.0101434259,-0.647562707,0.761790438,0.0353136629,0.0102148164,-1.40923068,0.346218708,-0.100171389,-9.80002444,0.211029974,-0.546562417,-0.566419831,-0.0207413845,-0.0888378769,-0.301554263,-23.3475952,-0.348182678,-47.6006775,2
9.14779113,0.014969565,0.00987716528,-0.648693296,0.760838562,0.0344596993,0.00996450767,-1.41217835,0.337850547,-0.0977168259,-9.80034126,0.258004601,-0.443073547,-0.665612027,-0.00794815086,-0.0896806866,-0.291092157,-23.2501221,-0.4712677,-47.6148376,2
9.15774913,0.01465607,0.0095183085,-0.649794372,0.759909129,0.0335208839,0.0099048382,-1.41505494,0.32864988,-0.097131692,-9.8006604,0.32720991,-0.331729763,-0.759115656,0.0170610622,-0.105191998,-0.286017239,-23.2782135,-0.570327759,-47.6173706,2
9.16770613,0.0143909207,0.00897509181,-0.650876806,0.758993873,0.0323648332,0.010162058,-1.41788874,0.317318814,-0.0996540319,-9.80100819,0.369516034,-0.26246907,-0.800516756,0.0546924695,-0.127046034,-0.282990634,-23.3465729,-0.846565247,-47.8331909,2
9.17766413,0.0142764616,0.00826768387,-0.651946287,0.758085609,0.0311570762,0.0108656023,-1.4207001,0.305479067,-0.106553062,-9.80131156,0.385844872,-0.2474896,-0.784500857,0.10765449,-0.11914897,-0.276435792,-23.4976959,-0.695396423,-47.5956116,2
9.18762213,0.0144115424,0.0073938996,-0.652974588,0.757206537,0.030024894,0.0121692714,-1.42341953,0.29437759,-0.119336838,-9.80150445,0.460841588,-0.348580031,-0.753333565,0.171188459,-0.117524162,-0.260679185,-23.6107483,-0.857086182,-47.5700073,2
9.19757913,0.0147465998,0.00630386496,-0.653933708,0.756381733,0.0288296982,0.0140639615,-1.42596979,0.282655643,-0.137915803,-9.80160558,0.534214283,-0.445820581,-0.562444498,0.22088784,-0.130661011,-0.239499331,-23.8442688,-1.13142395,-47.6624451,2
9.20753713,0.0151606108,0.00506209142,-0.654818919,0.755616687,0.027512028,0.016282434,-1.42833138,0.269731042,-0.159669077,-9.80163948,0.586044642,-0.584628492,-0.235602069,0.231652245,-0.138859406,-0.223280087,-23.8121796,-1.20185089,-47.5493774,2
9.21749413,0.0155488012,0.00385903977,-0.655638772,0.754904659,0.0262226595,0.0184164939,-1.43052095,0.257083376,-0.180593901,-9.8016161,0.606323826,-0.791452064,0.116920745,0.204409704,-0.122971781,-0.20486033,-23.8674011,-1.33276367,-47.506012,2
9.22745213,0.015879175,0.00285365626,-0.656378613,0.754259065,0.0251580845,0.0202092411,-1.43249779,0.246640126,-0.198171461,-9.80154479,0.557660223,-0.913336788,0.295516732,0.163835928,-0.0967286304,-0.18240045,-23.9414062,-1.50389862,-47.6914062,2
9.23741013,0.0161725938,0.00210638714,-0.65704282,0.753676761,0.0244353805,0.0216115254,-1.43427448,0.239549418,-0.211920165,-9.80143314,0.492775261,-0.807710613,0.291813786,0.127246231,-0.0556176864,-0.169944033,-24.1796417,-1.6721344,-47.3864136,2
9.24736712,0.0164863436,0.00158176278,-0.65769184,0.753105027,0.024076892,0.0227532348,-1.43601455,0.236029738,-0.223113759,-9.80127006,0.358628327,-0.589268902,0.114479781,0.110557526,-0.0277629755,-0.175219625,-24.1329193,-1.7452774,-47.5037537,2
9.25732513,0.0167732075,0.00116053911,-0.658391737,0.75248756,0.0238422286,0.0237173048,-1.43789015,0.233724493,-0.232565496,-9.80110581,0.174036205,-0.338002778,-0.183164026,0.0898690224,-0.0300881807,-0.197625592,-24.1531372,-1.74304199,-47.5794983,2
9.26728313,0.0169290696,0.000803324715,-0.659172239,0.751800868,0.0235354025,0.0243979402,-1.43997391,0.230713457,-0.239238325,-9.80101638,0.0570378835,-0.0944536593,-0.443622888,0.0559823066,-0.0398328155,-0.215285078,-24.1964264,-1.89372253,-47.5727234,2
9.27724013,0.0169071765,0.000527154222,-0.660000839,0.751074378,0.023118478,0.0247037622,-1.44217677,0.226625457,-0.242236502,-9.80103801,0.0856664504,0.081525606,-0.679430124,0.0155616477,-0.0532665998,-0.224814937,-24.2018127,-2.06350708,-47.5786438,2
9.28719846,0.0167173944,0.00034186324,-0.660854517,0.750327614,0.022617342,0.0246376942,-1.44443841,0.221714139,-0.241588797,-9.8011666,0.130231733,0.20971586,-0.823701817,-0.0163344536,-0.0540508851,-0.229557127,-24.2129669,-2.07527161,-47.7348938,2
9.29715546,0.0165081513,0.000227878172,-0.66173585,0.749555288,0.022198142,0.0244483894,-1.44677538,0.217606485,-0.239732922,-9.80130396,0.0884006429,0.266817182,-0.893594853,-0.00891195703,-0.0395619571,-0.24053973,-24.2774048,-2.1164093,-47.448761,2
9.30711346,0.0164547492,0.000103185814,-0.662646958,0.748751007,0.021970264,0.0245067215,-1.44920399,0.215372661,-0.240304785,-9.80133903,0.0164141966,0.288487984,-0.922289617,0.0334425233,-0.0155752711,-0.245285287,-24.2446289,-2.03408813,-47.4659424,2
9.31707146,0.0166883748,-8.9822391E-05,-0.663560397,0.747936535,0.0220218344,0.0250855266,-1.4516591,0.215875022,-0.245979177,-9.80118764,-0.0226946469,0.313914485,-0.76651921,0.0934619159,0.0129514448,-0.245613649,-24.236969,-2.3378067,-47.2256165,2
9.32702846,0.0171935277,-0.000408998287,-0.664484013,0.747104481,0.0222480116,0.0262372789,-1.45416124,0.218085373,-0.257270295,-9.80084862,-0.0612669359,0.365308499,-0.535219222,0.147843108,0.0162906796,-0.251772851,-24.116684,-2.40668488,-47.3373108,2
9.33698646,0.0178471015,-0.000904311069,-0.665433374,0.746243237,0.0224130052,0.0278436728,-1.4567453,0.219692899,-0.273017881,-9.80038685,-0.111357046,0.425348834,-0.194806533,0.18269749,0.00196180772,-0.257859528,-24.2887115,-2.67317963,-47.4271545,2
9.34694446,0.0184915154,-0.0015182986,-0.666383676,0.745378113,0.022393151,0.0295942001,-1.45933525,0.219487294,-0.290177599,-9.79989819,-0.0652126961,0.597383454,0.110414431,0.175516009,-0.021942636,-0.254330158,-24.3982697,-2.62650299,-47.5794373,2
9.35690146,0.0189347957,-0.00214315579,-0.66733796,0.744511211,0.022093061,0.0310597475,-1.46192594,0.21653681,-0.304543101,-9.79952819,0.0361993493,0.751360804,0.393757326,0.125418484,-0.0515351482,-0.256382376,-24.3709335,-2.80057526,-47.5174561,2
9.36685946,0.0190504268,-0.00266130888,-0.668290927,0.743651187,0.0215168875,0.0318962102,-1.46449361,0.210884976,-0.312741934,-9.79939316,0.112629751,0.865353459,0.548197946,0.0533677675,-0.0809336752,-0.257588685,-24.3705368,-2.86152649,-47.5969849,2
9.37681646,0.0188035572,-0.00309796742,-0.669290405,0.742756353,0.0205800552,0.0320853078,-1.46716411,0.201703288,-0.314595417,-9.79952702,0.125552398,0.85314097,0.468275683,0.00385560887,-0.123879284,-0.281397074,-24.3472061,-2.94967651,-47.3889771,2
9.38677446,0.0183533765,-0.00359109585,-0.670411242,0.741754026,0.0192923028,0.0320478895,-1.47015107,0.18908399,-0.314228629,-9.79979064,-0.0164039492,0.580882693,0.220889069,0.00927075837,-0.149454549,-0.31829074,-24.2524338,-3.06085968,-47.278717,2
9.39673246,0.0179899339,-0.00424395761,-0.671650511,0.740637442,0.0178897454,0.0323545945,-1.47346796,0.175337296,-0.317234825,-9.79994904,-0.15708328,0.193484344,-0.0408183326,0.0677284747,-0.149631128,-0.344947368,-24.3656082,-3.13326263,-47.1203918,2
9.40668946,0.0179534938,-0.00506958149,-0.672956807,0.739446416,0.0166765468,0.0333807109,-1.47699302,0.163442367,-0.327292145,-9.79982395,-0.218361139,-0.110547666,-0.0563560935,0.15010874,-0.109821692,-0.357708126,-24.3754349,-3.34159088,-47.0509644,2
9.41664746,0.0184037621,-0.00595103062,-0.674283824,0.738218885,0.0160430201,0.0352046483,-1.48061307,0.157224059,-0.345168359,-9.7993125,-0.318086218,-0.339573498,0.0709229635,0.223554999,-0.0406924151,-0.364238709,-24.4062881,-3.4491272,-47.2622681,2
9.42660446,0.0193018347,-0.00675406351,-0.675600425,0.736984279,0.0161374751,0.0375852424,-1.48424424,0.158135949,-0.368498527,-9.79844799,-0.367929642,-0.445230944,0.34643911,0.256861776,0.0356318913,-0.354652226,-24.5001297,-3.68251038,-47.1360474,2
9.43656246,0.0204808592,-0.0072809667,-0.676842985,0.735806318,0.0170243331,0.0400067049,-1.48770611,0.166810035,-0.392227121,-9.79738299,-0.313007746,-0.382895886,0.666346771,0.2321596,0.113999933,-0.331517071,-24.6758957,-4.02926636,-47.2176819,2
9.44652046,0.0217179554,-0.00736005715,-0.677982392,0.73472032,0.0186510699,0.0419054883,-1.49090489,0.182733343,-0.410832197,-9.7963367,-0.312620536,-0.293362586,0.903224267,0.156085774,0.182777807,-0.306007534,-24.6758957,-4.02926636,-47.2176819,2
9.45647746,0.0227794488,-0.00695983097,-0.679048277,0.733707043,0.0207443024,0.042892157,-1.49390084,0.203230443,-0.420499421,-9.79552246,-0.386388624,-0.212617499,0.98096977,0.0500613414,0.208770797,-0.292281598,-24.401001,-4.25260925,-47.0940552,2
9.46643546,0.0234804297,-0.00614708467,-0.680083365,0.732732739,0.0229519753,0.0427838704,-1.49679054,0.224856273,-0.419438441,-9.79509576,-0.428065911,-0.118508891,0.867267403,-0.0603438802,0.208736211,-0.285994768,-24.2747803,-4.35713196,-47.0798035,2
9.47639346,0.0237736691,-0.00499596871,-0.681089559,0.731796947,0.0250962835,0.0416124094,-1.49957086,0.245871607,-0.407960587,-9.7950753,-0.429478701,0.016508396,0.603435849,-0.15865767,0.19683747,-0.276934415,-24.1877747,-4.507164,-47.2532654,2
9.48635046,0.0236941809,-0.0036048275,-0.682054607,0.730908415,0.0270763476,0.0395642519,-1.50220873,0.265288054,-0.387891539,-9.79538393,-0.374824516,0.0856233967,0.234289233,-0.234231681,0.180140197,-0.263565123,-23.9684906,-4.50468445,-47.2326965,2
9.49630846,0.0233373751,-0.00210259658,-0.682981179,0.730060043,0.0288316099,0.0369558494,-1.50471902,0.282509311,-0.362330579,-9.79588135,-0.314383856,0.192042767,-0.189735221,-0.272165209,0.152043313,-0.255062193,-23.8930359,-4.50653839,-47.1612854,2
9.50626546,0.0228027459,-0.000662802635,-0.6838906,0.729227868,0.0302447621,0.0341700136,-1.50716893,0.296381477,-0.335028146,-9.79644308,-0.334391164,0.290585559,-0.580176554,-0.272923708,0.114106938,-0.253522098,-23.7737427,-4.47803497,-47.4549866,2
9.51622346,0.0221921439,0.000637361192,-0.684796173,0.728396334,0.0313433337,0.0314616175,-1.50960446,0.30717071,-0.308482158,-9.79698259,-0.320789486,0.291722527,-0.851977479,-0.25466001,0.0942815691,-0.253983617,-23.7505188,-4.29655457,-47.3970337,2
9.52618146,0.021648606,0.00179514184,-0.685709613,0.727550938,0.0323206836,0.029043118,-1.51207049,0.316768815,-0.284775649,-9.79739468,-0.307792313,0.265172885,-1.0633026,-0.213642418,0.0883197635,-0.25757733,-23.6654663,-4.38238525,-47.3712158,2
9.53613846,0.0212672104,0.00273839561,-0.686645034,0.726676528,0.0332042417,0.0271514897,-1.51461347,0.325442535,-0.266232441,-9.797632,-0.321853023,0.202037671,-1.18142863,-0.147740111,0.0742422938,-0.265821695,-23.7055206,-4.3453064,-47.3352051,2
9.54609646,0.0210685238,0.00335467255,-0.6876145,0.725762315,0.033861322,0.0259709577,-1.51726788,0.331890725,-0.254659455,-9.79772318,-0.304808073,0.11789043,-1.13854109,-0.0707284287,0.0422815196,-0.27681306,-23.5276184,-4.40481567,-47.4297485,2
9.55605446,0.0210232819,0.00356984993,-0.688631237,0.72479816,0.0341472072,0.0255614353,-1.52006793,0.334695261,-0.250644758,-9.79773137,-0.290404284,-0.0136155241,-0.974230817,0.00440280419,-0.00165291585,-0.286495239,-23.4631653,-4.20909882,-47.3903809,2
9.56601146,0.0210294068,0.00339326547,-0.689673361,0.723807248,0.0339367588,0.0257648351,-1.52294536,0.332631607,-0.252638763,-9.79775065,-0.232675441,-0.112776521,-0.557021888,0.0498544946,-0.0548204258,-0.28701514,-23.5692291,-4.39994049,-47.7003784,2
9.57596946,0.0209413973,0.00295944651,-0.690699974,0.722832064,0.0332243139,0.0261890412,-1.52577568,0.325647557,-0.256797399,-9.79787691,-0.161646533,-0.212167107,-0.023138299,0.0483990796,-0.104180515,-0.274835944,-23.723877,-4.42150879,-47.6299133,2
9.58592646,0.0206222998,0.00240998161,-0.691668478,0.721916477,0.0320238682,0.0264444214,-1.52842996,0.313883396,-0.259300961,-9.79819489,-0.0921222938,-0.355260933,0.504503181,0.0167142097,-0.15103668,-0.254467636,-23.5434799,-4.4562912,-47.5777893,2
9.59588446,0.0200018309,0.00186114015,-0.69255698,0.721083287,0.0304040632,0.0262711026,-1.53084239,0.298013206,-0.257601866,-9.79873557,-0.0744563983,-0.523057769,0.948718774,-0.037795905,-0.184805557,-0.228878111,-23.7758713,-4.54252625,-47.4767456,2
9.60584246,0.0190734058,0.00140052354,-0.693328421,0.720367893,0.0284791896,0.0255404695,-1.5329111,0.279156622,-0.250439207,-9.79947616,-0.0747534085,-0.684197558,1.20863169,-0.0973461494,-0.21248658,-0.190322548,-23.6706619,-4.71202087,-47.5754089,2
9.61579946,0.0178585063,0.00104183183,-0.693944273,0.719806408,0.026296222,0.0242657694,-1.53453287,0.257772217,-0.237942549,-9.8003734,-0.0288284369,-0.730512296,1.31337743,-0.150426671,-0.230475694,-0.142499894,-23.8024979,-4.61254883,-47.54599,2
9.62575746,0.0164643808,0.000830407064,-0.694398148,0.719402057,0.0240689,0.0225376605,-1.53569993,0.235952545,-0.221000237,-9.80131974,-0.0655170676,-0.752093356,1.2814035,-0.188566759,-0.219099894,-0.10090363,-23.7029343,-4.64603424,-47.5142517,2
9.63571546,0.0150343313,0.000787649934,-0.694705186,0.719136912,0.0220281354,0.0205305584,-1.536465,0.215959229,-0.201321851,-9.80220471,-0.14817513,-0.822798219,1.10766138,-0.209147945,-0.189265296,-0.0615258589,-23.8629532,-4.53278351,-47.3123474,2
9.64567246,0.0137096889,0.000926151567,-0.694860067,0.71901367,0.0203893367,0.0184288591,-1.53682096,0.19990329,-0.180715135,-9.80294647,-0.170276798,-0.921216435,0.916269042,-0.209941268,-0.137814522,-0.0171465706,-23.9105453,-4.46640015,-47.3262939,2
9.65563046,0.0126282752,0.00125729225,-0.694841218,0.719051157,0.0193612247,0.0164142519,-1.53671272,0.18983132,-0.160961601,-9.80349124,-0.118455918,-0.958776935,0.701783995,-0.191433638,-0.0657017082,0.0297120158,-24.0248184,-4.34272766,-47.4586487,2
9.66558746,0.0119170797,0.00175846899,-0.694669875,0.71922777,0.0190895737,0.0146996078,-1.53620219,0.18717317,-0.144148715,-9.80380396,-0.0656691894,-0.974243019,0.496793922,-0.153224066,0.0134991538,0.0653537065,-23.9612656,-4.37638855,-47.1814575,2
9.67554546,0.0116079183,0.00237448144,-0.694391746,0.719499633,0.0195407619,0.0134065469,-1.53541505,0.191599992,-0.131469376,-9.8038969,-0.0756326025,-1.00517818,0.272580093,-0.109875254,0.077815026,0.0861721635,-24.0876389,-4.28604126,-47.4245911,2
9.68550346,0.0116583271,0.00304337481,-0.694059996,0.71981621,0.0205675701,0.0125594665,-1.53449588,0.201668838,-0.123163055,-9.80380279,-0.0960264433,-0.960961658,0.138261054,-0.0667566508,0.1306988,0.0957662463,-24.1075974,-4.16665649,-47.4711304,2
9.69546046,0.0119995578,0.00374567614,-0.693698361,0.720155944,0.0220464851,0.0120866612,-1.53350777,0.216168853,-0.118526773,-9.80355086,-0.130877173,-0.865939296,0.0615443098,-0.0356562585,0.167007536,0.0989766866,-24.0139999,-4.21041107,-47.4138794,2
9.70541846,0.0125335248,0.00446305778,-0.693350959,0.720477197,0.0238152547,0.0118715857,-1.53256961,0.233509335,-0.116417754,-9.80317852,-0.170064744,-0.771980982,-0.0419283397,-0.0146746878,0.186920911,0.08696872,-24.0036697,-4.39134216,-47.3876343,2
9.71537646,0.0131436306,0.00511965252,-0.693061931,0.720739962,0.0256031709,0.0118500844,-1.53179889,0.251036278,-0.116206906,-9.80274773,-0.278720988,-0.698570148,-0.120170686,0.00576454028,0.170499593,0.067642428,-24.0154495,-4.22098541,-47.3806763,2
9.72533346,0.0137120599,0.00559606939,-0.692842394,0.720936862,0.0270746805,0.0120169599,-1.53122034,0.265460306,-0.117843284,-9.80234792,-0.334295375,-0.630793958,-0.190749951,0.0239374116,0.126040429,0.0504028462,-23.8307419,-4.24849701,-47.5031433,2
9.73529146,0.0141766041,0.00580948659,-0.692687903,0.72107456,0.0280238913,0.0123967725,-1.53081761,0.27476341,-0.121567694,-9.80204631,-0.388938673,-0.550455077,-0.301335063,0.0485583358,0.0626225844,0.0321340933,-23.8364029,-4.24499512,-47.7893066,2
9.74524846,0.0145061306,0.00567447137,-0.69259718,0.721156362,0.0282843564,0.0130625025,-1.53058462,0.277314136,-0.128095744,-9.80189141,-0.410493357,-0.449505699,-0.393517087,0.0799647495,-0.0117785018,0.0162624568,-23.9903488,-4.27509308,-47.680481,2
9.75520646,0.0146555362,0.00516727605,-0.692580847,0.721172876,0.0277595639,0.013981293,-1.53054756,0.272166763,-0.13710518,-9.80191362,-0.445748137,-0.342184338,-0.427462611,0.101346202,-0.0894493237,-0.00376611226,-23.9436569,-4.396492,-47.467804,2
9.76516446,0.0146401043,0.00434909922,-0.692640381,0.721121414,0.026559258,0.0150904347,-1.53071109,0.260397067,-0.147980996,-9.80207553,-0.453281711,-0.304523392,-0.355474649,0.121236481,-0.14680478,-0.0199935324,-23.835289,-4.41095734,-47.4619446,2
9.77512146,0.0145368553,0.00332349817,-0.692728648,0.721044169,0.024938892,0.0163595944,-1.53094905,0.244508904,-0.160425668,-9.80228888,-0.393400073,-0.415230468,-0.255004104,0.135065213,-0.174474493,-0.0200420022,-24.0372849,-4.53317261,-47.5349121,2
9.78507946,0.0144335149,0.00216636169,-0.692794548,0.7209873,0.0231284898,0.0178120165,-1.53112485,0.22675681,-0.174666977,-9.80247184,-0.358888549,-0.560802138,-0.113862526,0.159546316,-0.187790215,-0.00760970032,-24.1424179,-4.6660614,-47.3150024,2
9.79503646,0.0144166926,0.000899074992,-0.692818018,0.720967782,0.0212783658,0.0195433951,-1.5311877,0.20861389,-0.191643027,-9.80255776,-0.41242206,-0.676554642,0.0146124627,0.188222438,-0.181289971,0.00196436374,-24.1424179,-4.6660614,-47.3150024,2
9.80499446,0.0145466392,-0.000434529696,-0.692778777,0.72100333,0.0195344016,0.0215800915,-1.53108472,0.191510249,-0.211611976,-9.8024958,-0.426293422,-0.713447983,0.0974503204,0.217105165,-0.164485887,0.0270200688,-24.3214493,-4.77124023,-47.2922668,2
9.81495246,0.0148596728,-0.0017294149,-0.69261734,0.721150003,0.0180959241,0.023830007,-1.53065333,0.177400329,-0.233670425,-9.80226024,-0.419066831,-0.744660502,0.128788292,0.227100551,-0.118486166,0.0693970844,-24.2936935,-4.89058685,-47.4180298,2
9.82490946,0.0153890433,-0.00277672572,-0.692259734,0.721479027,0.0173064681,0.0260531221,-1.52969153,0.169652419,-0.255464945,-9.801854,-0.361339924,-0.841528566,0.160254275,0.213458732,-0.0268435199,0.132815763,-24.3065567,-4.96077728,-47.3761292,2
9.83486746,0.0162240127,-0.00338093464,-0.691657887,0.72203513,0.0175684691,0.0281092159,-1.52807416,0.172210908,-0.27562094,-9.80126305,-0.240148151,-0.853544655,0.0785603265,0.194987044,0.0907222629,0.196319625,-24.2885056,-4.99694061,-47.1412048,2
9.84482546,0.0174601204,-0.00356020783,-0.690852561,0.722776026,0.0189880498,0.030163244,-1.5259251,0.186113268,-0.295755527,-9.80042192,-0.220830963,-0.781934733,-0.226494049,0.214119196,0.209699333,0.239707455,-24.3445969,-5.06751251,-47.2580261,2
9.85478246,0.0192731159,-0.00345858634,-0.689891905,0.723647477,0.0216003451,0.0326717971,-1.52339788,0.211697517,-0.320343897,-9.79913013,-0.282627494,-0.754353702,-0.731466601,0.28574574,0.3268888,0.276644975,-24.3040543,-5.19750214,-47.1210938,2
9.86474046,0.0217319831,-0.00334464772,-0.688780312,0.724636487,0.0251088224,0.0361108784,-1.52052358,0.246047055,-0.354049804,-9.79716789,-0.309644772,-0.799357065,-1.20029816,0.393164724,0.390518159,0.315644592,-24.3136826,-5.39176178,-47.0217285,2
9.87469846,0.0246947832,-0.00346135487,-0.687514973,0.725741861,0.0289598929,0.0406147076,-1.51730006,0.283725665,-0.398184714,-9.79445395,-0.229259349,-0.803255826,-1.32586399,0.489047319,0.404966891,0.356725454,-24.1126328,-5.4876709,-47.0916748,2
9.88465546,0.0279208073,-0.00385653623,-0.686115226,0.726946618,0.0327471295,0.0459020469,-1.51377274,0.320744039,-0.449987236,-9.7910684,-0.18352811,-0.599870412,-1.14175421,0.542537808,0.3803294,0.382729083,-23.859581,-5.7233429,-47.2692261,2
9.89461346,0.0310651064,-0.00451621119,-0.684646433,0.728198916,0.0360152608,0.0514498652,-1.51009032,0.352645454,-0.504328263,-9.7873222,-0.210790759,-0.260020836,-0.842035346,0.535954475,0.303429276,0.390655428,-23.8689651,-5.91918182,-47.5473938,2
9.90457046,0.0337367674,-0.00542660004,-0.683197878,0.729433302,0.0382517932,0.0566626425,-1.50644372,0.374428575,-0.55537339,-9.78374902,-0.297666311,0.0181742469,-0.474207412,0.474938124,0.180426791,0.377427042,-23.5216141,-6.03325653,-47.5174561,2
9.91452846,0.035632723,-0.00652733662,-0.681832056,0.730611106,0.039135952,0.0610062557,-1.50294744,0.382980824,-0.59789597,-9.78091175,-0.335248219,-0.00843581991,-0.128838561,0.364370078,0.0423197933,0.356292993,-23.3806992,-6.1190567,-47.6506042,2
9.92448646,0.0366509417,-0.00764973287,-0.680555941,0.731738905,0.0387801451,0.0640938564,-1.49958944,0.379427297,-0.628115751,-9.77915584,-0.29742768,-0.168704708,0.10703005,0.226355448,-0.0671799928,0.339199275,-23.2774887,-6.3738327,-47.5515137,2
9.93444346,0.0368903663,-0.00864794821,-0.679363295,0.73282318,0.0375392843,0.0658660428,-1.4963571,0.367250098,-0.645458297,-9.77849124,-0.202051974,-0.0967443641,0.0290033916,0.110730045,-0.133491904,0.320421845,-23.5069656,-6.33157349,-47.3757629,2
9.94440146,0.0366271452,-0.00955990968,-0.678269596,0.733837371,0.035742569,0.0667747403,-1.49332877,0.349659241,-0.654349971,-9.7785456,-0.2702035,0.139446903,-0.460407434,0.0546926521,-0.187953278,0.292103469,-23.6744003,-6.40606689,-47.4785156,2
9.95435946,0.0360844052,-0.0105669321,-0.677258519,0.734783745,0.0334302213,0.0673925602,-1.49049031,0.327033348,-0.660395096,-9.77892204,-0.382251414,0.176167664,-0.967452116,0.0506033674,-0.234349802,0.285128653,-23.7753372,-6.23229218,-47.272644,2
9.96431646,0.0354350321,-0.0116729261,-0.676220753,0.735753748,0.0308230774,0.0679822173,-1.48756854,0.30152516,-0.6661644,-9.77935049,-0.220872264,0.122680477,-1.25642279,0.0479610711,-0.242388517,0.309071243,-23.9105606,-6.39478302,-47.1253662,2
9.97427446,0.034799258,-0.012683573,-0.675058422,0.736833929,0.0283619214,0.0684603178,-1.48431596,0.277446712,-0.670842037,-9.77974329,0.081681783,0.277145355,-1.36317051,0.0245654676,-0.202268004,0.34539783,-24.1267929,-6.26974487,-47.3627319,2
9.98423146,0.0342398709,-0.0133860649,-0.673797567,0.738000824,0.0264489715,0.0686309669,-1.48081446,0.258735016,-0.67251165,-9.78014135,0.256764757,0.670566215,-1.41963474,-0.0109854341,-0.134431541,0.352311045,-24.086647,-6.1807251,-47.4310608,2
9.99418946,0.0337557237,-0.0137373987,-0.672563169,0.739141772,0.0251594785,0.0684324667,-1.47740367,0.246126733,-0.670569576,-9.7806002,0.238547676,1.10362073,-1.49324592,-0.0428909026,-0.0785605609,0.32742539,-24.2066574,-6.05812836,-47.1952209,2
10.0041475,0.0333565244,-0.0138932262,-0.67144539,0.740172544,0.0242860562,0.0680888513,-1.47432672,0.237589626,-0.667207699,-9.78104151,0.231372852,1.37244951,-1.55640117,-0.0363792926,-0.0611388944,0.28382057,-24.3353195,-6.10134125,-47.1268005,2
10.0141045,0.0330404843,-0.0141889554,-0.670520882,0.741018665,0.0233362292,0.0680477165,-1.47178571,0.228299875,-0.666805255,-9.78128993,0.225848499,1.49609664,-1.66643567,0.0197625421,-0.098939538,0.224041924,-24.5685501,-5.85935211,-47.0655518,2
10.0240625,0.0328359497,-0.0148956477,-0.669812773,0.741653989,0.0219465935,0.0687144781,-1.46984178,0.214697411,-0.673328666,-9.7811514,0.219100231,1.5297046,-1.65415428,0.108529516,-0.151197121,0.169026569,-24.6256332,-5.97328949,-47.0891418,2
10.0340205,0.0328237706,-0.0160761977,-0.669284445,0.742106843,0.0201274287,0.0702944645,-1.46840321,0.196881896,-0.688785616,-9.78044998,0.262952689,1.49862425,-1.37892396,0.198638365,-0.19197464,0.127711087,-24.7847672,-5.99980164,-46.8907166,2
10.0439775,0.0330160438,-0.0176482436,-0.668868789,0.742437186,0.0180099184,0.0726974122,-1.46728973,0.17614094,-0.712290265,-9.77916169,0.230721932,1.35468442,-0.789891902,0.275260985,-0.212366566,0.106781162,-24.7960129,-6.15429688,-46.9078369,2
10.0539355,0.0334307934,-0.0194376483,-0.668486562,0.742718107,0.0158688191,0.0757192586,-1.4662911,0.155167546,-0.741842888,-9.77731928,0.19528195,1.19255135,-0.0933750338,0.320713133,-0.19612661,0.105062097,-25.0377808,-6.23952484,-46.6318665,2
10.0638925,0.0340159007,-0.0212125091,-0.668068675,0.743018899,0.0139713243,0.0789738057,-1.46521749,0.136580408,-0.773663675,-9.77513024,0.240654238,1.09927503,0.552217118,0.32321766,-0.168057829,0.121464856,-25.1818237,-6.5113678,-46.5995483,2
10.0738505,0.0346096296,-0.0228292114,-0.667581247,0.743381587,0.0123095491,0.0820289907,-1.46395973,0.120306496,-0.803527775,-9.77293478,0.268899139,1.04160106,1.13300917,0.283334166,-0.146203667,0.139719501,-25.1856537,-6.62336731,-46.34198,2
10.0838085,0.035083541,-0.0241836535,-0.667024954,0.743815737,0.0108658628,0.0845542971,-1.46250494,0.10617494,-0.828206727,-9.771038,0.26073472,1.02438148,1.55398827,0.219059557,-0.116428368,0.156679571,-25.1896057,-6.72356415,-46.3302002,2
10.0937655,0.0354014117,-0.0252212173,-0.666424097,0.744304736,0.00967642844,0.0864224699,-1.46091475,0.0945377209,-0.846460323,-9.76959307,0.243491872,0.946268459,1.67943602,0.151159078,-0.0953726172,0.16510421,-25.1007538,-6.77392578,-46.2014771,2
10.1037235,0.0355591543,-0.0259741914,-0.665808591,0.744821938,0.00869237865,0.0876704201,-1.45926888,0.084914664,-0.858652208,-9.7686175,0.153306648,0.799844556,1.61576288,0.0975864232,-0.0724747553,0.167020753,-25.2578278,-6.84651947,-46.1634216,2
10.1136815,0.0356412174,-0.026498698,-0.665191114,0.745351067,0.00794595633,0.0884993135,-1.45761184,0.077617447,-0.86674937,-9.76796342,0.114216207,0.650522887,1.35907828,0.0692216232,-0.0509460308,0.164266244,-25.2839355,-6.85701752,-46.2824707,2
10.1236385,0.0357052881,-0.0269405146,-0.6645911,0.745867194,0.00729982109,0.0891898599,-1.45600147,0.0713016149,-0.873494607,-9.76741046,0.0900059592,0.503141391,1.0201947,0.0683428198,-0.0506867133,0.15708448,-25.2892151,-6.78540039,-46.1230774,2
10.1335965,0.0357699894,-0.0274042147,-0.66403235,0.74634477,0.00662568575,0.0899091426,-1.45450261,0.0647128659,-0.880520048,-9.76682535,0.036290763,0.356189812,0.824482154,0.0726779103,-0.0589702092,0.144531935,-25.3114014,-6.71395874,-46.2592468,2
10.1435535,0.0357977141,-0.0278667679,-0.663498774,0.746800731,0.00590587417,0.090570425,-1.45306734,0.0576791222,-0.88697865,-9.76628526,0.0392842914,0.22109124,0.838905816,0.0558078103,-0.0556212962,0.143754721,-25.3394623,-6.83854675,-46.2534485,2
10.1535115,0.0357665084,-0.0281375479,-0.662947047,0.747281855,0.00539152359,0.0908878136,-1.45157928,0.0526542981,-0.890078369,-9.76603157,0.163420648,0.170620697,0.944745195,0.00289452705,-0.0185825862,0.155327231,-25.3394623,-6.83854675,-46.2534485,2
10.1634695,0.0356131842,-0.0280784615,-0.662342936,0.747826926,0.00520197396,0.090583967,-1.44994097,0.0508045557,-0.887110898,-9.76631156,0.284830831,0.248008619,0.995303415,-0.0691147223,0.0178822894,0.172886804,-25.5337067,-7.02824402,-46.0119629,2
10.1734265,0.0353622614,-0.0275437513,-0.661677718,0.748447398,0.00558914366,0.0895032093,-1.44813501,0.0545910977,-0.876555236,-9.76724387,0.404345684,0.44589814,0.945807855,-0.153000563,0.0921037942,0.186990634,-25.4953613,-7.0725174,-45.8891296,2
10.1833845,0.0350025756,-0.0264708062,-0.660964596,0.749132756,0.00663609416,0.087547476,-1.44619697,0.06482814,-0.857451161,-9.76887703,0.378546313,0.727116735,0.748422997,-0.243921474,0.153668061,0.199423224,-25.4932709,-7.01673889,-45.8558044,2
10.1933415,0.0345068474,-0.0249200484,-0.660201365,0.749881597,0.00821835881,0.0847580457,-1.44411737,0.080304348,-0.830197609,-9.77111575,0.356486055,0.969809493,0.505106992,-0.315892607,0.199093342,0.212742224,-25.4529419,-6.8052063,-46.0365906,2
10.2032995,0.0339470356,-0.0230836034,-0.659406204,0.750665113,0.0101475154,0.0814988434,-1.44195153,0.0991811263,-0.798346134,-9.77359646,0.349580294,0.980903938,0.128106155,-0.337007403,0.219950691,0.213241145,-25.3228607,-6.46318817,-46.1798096,2
10.2132575,0.0334046618,-0.0212422341,-0.658619683,0.751433867,0.0121150475,0.0782637679,-1.43981382,0.11844146,-0.766722112,-9.77591409,0.228716018,0.897505305,-0.291703895,-0.313449621,0.208114803,0.207300693,-25.1034851,-6.38280487,-46.1810608,2
10.2232145,0.0329492172,-0.0196088421,-0.657843232,0.752178128,0.0138921109,0.0754379803,-1.43771316,0.135843234,-0.73909242,-9.77781554,0.122429507,0.801640865,-0.588928016,-0.258540541,0.182274699,0.204713136,-25.0129852,-6.1299057,-46.2359619,2
10.2331725,0.0326114132,-0.0183068948,-0.657386418,0.752624905,0.015361917,0.0732231465,-1.43647472,0.150239351,-0.717432231,-9.7792178,0.0598500639,0.625405104,-0.716662415,-0.193478465,0.142974436,0.202529609,-24.9981384,-5.95346832,-46.0119934,2
10.2431305,0.0323530148,-0.0173964876,-0.656638657,0.753310214,0.0163211774,0.0716514185,-1.43446779,0.159638298,-0.702059305,-9.7801846,0.0378815668,0.431963357,-0.644917614,-0.133734956,0.0781446695,0.194761574,-25.0150452,-5.87944031,-46.3349609,2
10.2530875,0.0320384661,-0.0168997037,-0.655932279,0.753950025,0.0165890779,0.0705394109,-1.43256103,0.162271259,-0.691181791,-9.78091584,0.0365953446,0.274590629,-0.337878202,-0.102145344,0.00350504974,0.183964595,-24.9995117,-5.86058044,-46.3737793,2
10.2630455,0.0315386856,-0.0167245834,-0.655296646,0.754527455,0.016135805,0.0695688385,-1.43081891,0.157848565,-0.681687036,-9.78165467,0.0715441093,0.24474516,0.0178010296,-0.105057046,-0.0685065836,0.160530806,-25.0133362,-5.79862213,-46.6195068,2
10.2730025,0.0307496557,-0.0167200885,-0.654757551,0.755027986,0.0150546213,0.0683821912,-1.42930102,0.147284794,-0.670077701,-9.78262147,0.109491572,0.297031082,0.330762233,-0.141126901,-0.124518722,0.136220947,-25.1575851,-5.78339386,-46.5623779,2
10.2829605,0.029636939,-0.0167306564,-0.65432949,0.755443297,0.0135370557,0.0667222729,-1.4280463,0.132453729,-0.653836614,-9.78393256,0.124322627,0.333312794,0.584511953,-0.198381737,-0.158733621,0.110037707,-25.0547409,-5.67562103,-46.3848877,2
10.2929183,0.0282299961,-0.0166177045,-0.654003303,0.755782068,0.0118311359,0.0644521309,-1.42703872,0.115780205,-0.631622006,-9.78560312,0.168978374,0.32351818,0.703050069,-0.258412063,-0.166698068,0.0837557688,-25.3248825,-5.59265137,-46.2059631,2
10.3028753,0.0266726606,-0.0163205519,-0.653785253,0.756033788,0.0102182347,0.0617102972,-1.42631328,0.10001417,-0.604787264,-9.78747242,0.158557846,0.276931201,0.657782941,-0.28818661,-0.144648835,0.0547066256,-25.3581924,-5.60372925,-46.4056396,2
10.3128333,0.0251942912,-0.0158834201,-0.653672806,0.756190962,0.00893145655,0.0589025648,-1.42588502,0.0874346109,-0.577302862,-9.78925229,0.0716284083,0.15487587,0.431215827,-0.272193789,-0.105762415,0.0264430307,-25.4662704,-5.40106964,-46.2649841,2
10.3227913,0.0240092177,-0.0153981982,-0.653631898,0.756274841,0.00810885774,0.0564746568,-1.42567916,0.0793930784,-0.553532841,-9.79069372,-0.012207557,0.0137899308,0.210744691,-0.213325292,-0.0544187613,0.0140367616,-25.3535538,-5.28910065,-46.3507385,2
10.3327483,0.0232442742,-0.0149338601,-0.653616903,0.756321046,0.007807877,0.0547096025,-1.42558067,0.0764537781,-0.536250318,-9.79167864,-0.0647838123,-0.107041777,0.100699093,-0.141386375,-0.00552045973,0.00344137638,-25.5140152,-5.36032867,-46.123291,2
10.3427063,0.0228664575,-0.0145200062,-0.653633753,0.756326039,0.00794034445,0.0535961826,-1.42559882,0.0777555495,-0.525347414,-9.79225966,-0.100053315,-0.153857742,0.166521519,-0.0857241526,0.0313557237,-0.00957830902,-25.5793991,-5.38270569,-46.2073669,2
10.3526643,0.0227538519,-0.0140908517,-0.653697543,0.756282398,0.00844684812,0.0528636039,-1.42576292,0.0827185787,-0.518173431,-9.79260102,-0.142425754,-0.163276253,0.378600673,-0.0669829547,0.0678839087,-0.0261359811,-25.5515671,-5.35068512,-46.2357788,2
10.3626213,0.0227513685,-0.0135779365,-0.653829562,0.756177834,0.009229061,0.0521871591,-1.42611727,0.0903816698,-0.511548935,-9.79288159,-0.174629422,-0.179776831,0.574906505,-0.0696669817,0.0827062279,-0.0465525277,-25.4766312,-5.30657196,-46.262207,2
10.3725793,0.02273413,-0.0130118355,-0.654025012,0.75601916,0.0100764726,0.0514176606,-1.42663878,0.098684173,-0.50401284,-9.79319255,-0.205527176,-0.225919464,0.663503072,-0.0856635273,0.0809378922,-0.0595495515,-25.4529037,-5.25936127,-46.2913513,2
10.3825363,0.022630019,-0.012386958,-0.654275555,0.755815997,0.0109020949,0.0504386121,-1.42729973,0.106774942,-0.494424124,-9.79359646,-0.215862509,-0.191514725,0.689495007,-0.108833916,0.0791918933,-0.0746919811,-25.4670029,-5.31558228,-46.3243713,2
10.3924943,0.022447056,-0.0116972183,-0.654600518,0.755551063,0.0117265068,0.0492537162,-1.42815209,0.114855656,-0.482818698,-9.79408395,-0.205837082,-0.0943336132,0.566082562,-0.12834689,0.0767439157,-0.0987163559,-25.4461288,-5.22286987,-46.0268555,2
10.4024523,0.0221630847,-0.0109507362,-0.655020554,0.755206559,0.0125090538,0.0478395742,-1.42924899,0.122528364,-0.468967027,-9.79466379,-0.206925754,-0.0514726323,0.414480965,-0.154393256,0.0737290904,-0.124944821,-25.4359818,-5.37220764,-46.1410828,2
10.4124093,0.021803724,-0.010092997,-0.655527168,0.754789333,0.0133643288,0.0461632984,-1.43057088,0.130915779,-0.452546528,-9.79532781,-0.16907513,-0.068192406,0.255332021,-0.177807778,0.0863705873,-0.144870862,-25.4376602,-5.29531097,-46.2521057,2
10.4223673,0.0214250327,-0.00915910542,-0.656536642,0.75393404,0.0143365013,0.0443472342,-1.43322675,0.140450006,-0.434755253,-9.79600176,-0.137159751,-0.135513728,0.0575865121,-0.179490224,0.0969081372,-0.170304924,-25.2718277,-5.20864868,-46.0533142,2
10.4323253,0.0211525595,-0.00821882779,-0.657218835,0.753358111,0.0154349526,0.042687004,-1.43502433,0.151221284,-0.418489397,-9.79654946,-0.140449148,-0.205649158,-0.122179103,-0.145187378,0.109098226,-0.194585755,-25.248848,-5.2289505,-46.3525085,2
10.4422823,0.0210978261,-0.00740063307,-0.657980607,0.752702902,0.0166380653,0.0415116572,-1.43705026,0.163015593,-0.406973402,-9.79684581,-0.164962653,-0.284053162,-0.281396436,-0.0835529193,0.112188771,-0.214421034,-25.2105179,-5.28292084,-46.5474548,2
10.4522403,0.0212587303,-0.00679747275,-0.658796055,0.751990422,0.017802924,0.0409404555,-1.43923557,0.174431543,-0.401376569,-9.79687972,-0.120264484,-0.282317753,-0.283008548,-0.0267349146,0.103999287,-0.225026011,-25.2155685,-5.34122467,-46.5863037,2
10.4621973,0.0215370075,-0.00639994088,-0.659647302,0.751239301,0.0188146608,0.0408136303,-1.44152604,0.184344267,-0.400133875,-9.79674937,-0.0748113127,-0.261563718,-0.184527715,0.00581478234,0.0795105472,-0.236173883,-25.033989,-5.27238464,-46.6038208,2
10.4721553,0.021784091,-0.00616296128,-0.660541672,0.75044795,0.0195461853,0.0408487976,-1.44393042,0.191510505,-0.400478451,-9.79659739,-0.015538455,-0.198221712,-0.0399801282,0.00578229222,0.0490551665,-0.24574396,-24.9209518,-5.3143692,-46.677063,2
10.4821133,0.0218915861,-0.00598435871,-0.661477039,0.749621977,0.020007492,0.0407491362,-1.44643528,0.196030522,-0.399501934,-9.79654829,0.0391980379,-0.0829298103,0.0614250673,-0.01768139,0.0259244014,-0.257813275,-24.8575821,-5.38832855,-46.5735168,2
10.4920703,0.0218469208,-0.00581141856,-0.662470176,0.748747008,0.0202612416,0.0404264266,-1.44908488,0.198518977,-0.396339853,-9.79662662,0.0352131878,0.00159570823,0.00883095671,-0.0344632976,0.00480180699,-0.275936902,-24.995903,-5.48223877,-46.62146,2
10.5020283,0.0217123371,-0.00569699687,-0.663545558,0.747798958,0.0203115113,0.0400440611,-1.45194995,0.199014524,-0.392593141,-9.79676749,-0.00957508961,-0.0154686777,-0.20291502,-0.0277142022,-0.0168073084,-0.300717145,-24.995903,-5.48223877,-46.62146,2
10.5119853,0.0215752204,-0.00568850098,-0.664710928,0.746767382,0.0202039659,0.0397962629,-1.45505889,0.197962878,-0.390165,-9.79688556,-0.0381516889,-0.00757186003,-0.439972549,-0.00761479326,-0.0283105653,-0.323177993,-25.0897598,-5.67057037,-46.5553894,2
10.5219433,0.0215186715,-0.00578770147,-0.665960643,0.745653913,0.0200471576,0.0398102408,-1.45840424,0.196426535,-0.390301998,-9.79691128,0.00528318283,0.0525697799,-0.667097297,0.0270178355,-0.0284810681,-0.347648352,-25.1425781,-5.73621368,-46.518219,2
10.5319013,0.0216237161,-0.00599375212,-0.667300574,0.744450346,0.0199523816,0.0402056655,-1.46200941,0.195494935,-0.394176684,-9.7967745,-0.0264061965,0.0886165507,-0.792629803,0.0666129142,-0.0166867264,-0.371300966,-25.1081543,-5.82646942,-46.4661865,2
10.5418583,0.0219195631,-0.00625386976,-0.668716209,0.743168164,0.020038724,0.0409554196,-1.46583954,0.19633482,-0.401523211,-9.79645945,-0.0661518766,0.0889300736,-0.777083274,0.096330896,0.0042978432,-0.394197792,-24.9498901,-6.07563019,-46.4339905,2
10.5518163,0.022370912,-0.00651191753,-0.670202492,0.741812353,0.0203441242,0.0419309305,-1.46988023,0.199318585,-0.411081459,-9.79600293,-0.0520769731,0.0467137838,-0.711549602,0.112602815,0.0252803564,-0.411795139,-25.003067,-6.21015167,-46.3270264,2
10.5617743,0.0229435641,-0.00669793074,-0.671739357,0.740401859,0.0209267271,0.0429866801,-1.47407673,0.205016541,-0.421425523,-9.7954453,-0.0661546348,-0.118766372,-0.502314731,0.111126818,0.0599770583,-0.425060958,-25.0482635,-6.26460266,-46.5543823,2
10.5717313,0.0236129543,-0.00668578714,-0.673289823,0.738971302,0.0219384237,0.0439156506,-1.47832911,0.214917776,-0.430527004,-9.7948374,-0.0159015344,-0.315715909,-0.188833888,0.0901360512,0.108584546,-0.424311817,-24.9338074,-6.42498779,-46.6114502,2
10.5816893,0.0243202144,-0.00638701279,-0.674823695,0.737550405,0.0234275694,0.044509678,-1.48255153,0.229497432,-0.436346723,-9.79424937,0.0958129467,-0.250639698,-0.0423281526,0.0475265272,0.150423422,-0.422925115,-25.0425262,-6.73799133,-46.7296143,2
10.5916473,0.0249328126,-0.00585526551,-0.676379058,0.736108232,0.0251355328,0.0446420817,-1.4868347,0.246223855,-0.437643887,-9.79378526,0.0992876006,0.0294323211,-0.0395002357,-0.00241466705,0.150307834,-0.438010335,-25.009964,-6.86737061,-46.7658997,2
10.6016043,0.025277232,-0.00519665949,-0.678008541,0.734600848,0.0266706225,0.0441985001,-1.49130412,0.261263055,-0.433298113,-9.79358886,-0.0128664045,0.180709655,-0.0678285046,-0.0644645393,0.117302015,-0.458784133,-24.84935,-6.88794708,-46.7084961,2
10.6115623,0.0252561251,-0.00444061342,-0.679685471,0.73305533,0.0278514474,0.0430780373,-1.49587725,0.272840735,-0.422320572,-9.79375252,-0.0632002055,0.206393328,-0.0935521439,-0.134793296,0.0812742412,-0.463073164,-24.7298279,-7.03462219,-46.5076294,2
10.6215193,0.0248984849,-0.00360547603,-0.681350745,0.731524499,0.0286826646,0.0413526758,-1.50039559,0.281001848,-0.405415651,-9.79423592,0.0124357215,0.278971657,-0.246596926,-0.183573842,0.0500933379,-0.453419775,-24.6668167,-7.16371155,-46.6441345,2
10.6314773,0.0243395548,-0.00277599713,-0.682989266,0.730017509,0.0292210188,0.0393387004,-1.504831,0.286297853,-0.385681389,-9.79487948,0.0565201067,0.520803962,-0.498092145,-0.190897807,0.0228377506,-0.4486157,-24.8342972,-7.27414703,-46.398468,2
10.6414353,0.0237116632,-0.00209346291,-0.684624646,0.728506932,0.0294418383,0.0374234293,-1.50926073,0.288481956,-0.366912829,-9.79553649,-0.0180885779,0.722750795,-0.689271135,-0.164283112,-0.0123670641,-0.45361039,-24.8063126,-7.39640045,-46.3606262,2
10.6513923,0.0230983012,-0.00163914835,-0.686282382,0.726966388,0.0293437561,0.0358408874,-1.51376287,0.287537862,-0.351403783,-9.7961327,-0.131317994,0.731034201,-0.751671769,-0.125489637,-0.0348121859,-0.457640558,-24.521904,-7.46590424,-46.5637817,2
10.6613503,0.022600335,-0.00133731162,-0.687911589,0.725441223,0.0291754189,0.0346372592,-1.51820681,0.285900945,-0.339607547,-9.79659681,-0.180707463,0.683624215,-0.702276747,-0.0925056413,-0.0261532888,-0.438356578,-24.5806503,-7.371521,-46.6732178,2
10.6713083,0.0222407625,-0.00108317984,-0.689447248,0.723993527,0.0291198858,0.0337043078,-1.5224143,0.285366016,-0.330463761,-9.79692531,-0.113434163,0.748700644,-0.608424743,-0.0700860843,-0.0139634665,-0.411289811,-24.7119217,-7.612854,-46.4999084,2
10.6812653,0.0219937447,-0.000881496572,-0.690911202,0.722604398,0.0291374963,0.0330096195,-1.52644165,0.285545154,-0.323654994,-9.79714743,-0.0582473871,0.878211698,-0.508543981,-0.0446619056,-0.00665254239,-0.402719885,-24.6709518,-7.64212036,-46.3656006,2
10.6912233,0.0219212633,-0.000745297166,-0.692370646,0.721208534,0.029300062,0.0326574527,-1.53047922,0.287141154,-0.320203283,-9.79721406,-0.15710783,0.947932739,-0.474958522,-0.00145131769,0.0141486097,-0.409490973,-24.6011276,-7.73105621,-46.5508423,2
10.7011803,0.0221205272,-0.000720424894,-0.693857007,0.719772635,0.0296802484,0.0328491514,-1.53462266,0.290864084,-0.322082192,-9.7970428,-0.238642314,0.909559169,-0.491889199,0.0668556169,0.0366557986,-0.419468135,-24.6541824,-7.91623688,-46.6801758,2
10.7111383,0.0226898444,-0.000874872999,-0.695367702,0.718295309,0.0303207164,0.0338191808,-1.53887479,0.297129099,-0.33158966,-9.79653777,-0.3040142,0.857266306,-0.535040943,0.155966312,0.0616000257,-0.428292781,-24.6165009,-8.03676605,-46.4059448,2
10.7210963,0.0236459988,-0.00128868528,-0.696909914,0.71676761,0.0311357537,0.0357011506,-1.54326043,0.305093575,-0.350034321,-9.79565105,-0.346395307,0.713054892,-0.454824081,0.24763374,0.0701259971,-0.439647347,-24.4619751,-8.23262787,-46.516571,2
10.7310533,0.0249297759,-0.00194519299,-0.698478769,0.715193818,0.0320725789,0.0383860213,-1.5477655,0.314238968,-0.376345843,-9.79438615,-0.379482717,0.457898045,-0.178361594,0.315014124,0.0860298574,-0.445486844,-24.4952087,-8.43893433,-46.4047546,2
10.7410113,0.0264617969,-0.00269199577,-0.700032503,0.713615432,0.0332409391,0.0415480149,-1.55227074,0.325640944,-0.407329632,-9.79277403,-0.379961148,0.211453716,0.197412331,0.344841003,0.113093168,-0.43529281,-24.2926025,-8.78913116,-46.3217773,2
10.7509693,0.0281229293,-0.0033780416,-0.701518448,0.712088146,0.0346883447,0.0448065171,-1.55661969,0.339766902,-0.439254829,-9.79091409,-0.337224816,0.0808724394,0.620523177,0.334338307,0.141987398,-0.412939817,-24.2545624,-9.04377747,-46.3450623,2
10.7609263,0.0297561303,-0.00386301495,-0.702892781,0.710662631,0.0363896225,0.0477418445,-1.560672,0.356374995,-0.468009726,-9.78899101,-0.307594927,0.0623418899,1.00002694,0.278190702,0.161029294,-0.380080193,-24.0504913,-9.4263382,-46.5763855,2
10.7708843,0.03114168,-0.00401093249,-0.704139227,0.709367309,0.0382224867,0.0498509344,-1.56435199,0.374277732,-0.488668191,-9.78731343,-0.277613593,0.124001058,1.34161744,0.167701453,0.173707798,-0.343119532,-24.0456085,-9.58023834,-46.4985962,2
10.7808413,0.0321266536,-0.00364037208,-0.705271408,0.708199727,0.0402222344,0.0506607428,-1.56767208,0.393833094,-0.496599678,-9.78614673,-0.333680531,0.211539714,1.56326112,0.0173478313,0.194945067,-0.31902799,-23.8862457,-9.63328552,-46.2991638,2
10.7907993,0.0326398802,-0.00267493594,-0.706329211,0.707125433,0.0423915457,0.0499605311,-1.57072888,0.415075972,-0.489741629,-9.78561423,-0.461615056,0.309727336,1.47339556,-0.130903155,0.209389791,-0.30102396,-23.8490753,-9.79098511,-46.3908386,2
10.8007573,0.0327403591,-0.00121647637,-0.707345856,0.706107774,0.0446658141,0.0479757852,-1.57361976,0.437372559,-0.470301271,-9.78559669,-0.578033697,0.451895553,1.08761228,-0.23491478,0.216682315,-0.297589034,-23.6578979,-9.81504059,-46.3537292,2
10.8107143,0.0325799682,0.000471861525,-0.708373788,0.705084873,0.0468882376,0.0452902585,-1.57651197,0.459176723,-0.443993877,-9.78582699,-0.792421421,0.656927858,0.344592021,-0.268945187,0.197845787,-0.306273311,-23.6918945,-9.93461609,-46.4492798,2
10.8206723,0.0322892315,0.00204478483,-0.709440248,0.704022474,0.0487571934,0.042576246,-1.57950045,0.477522162,-0.417404195,-9.78611925,-0.95187512,0.825315974,-0.471688122,-0.240958557,0.149767995,-0.319772363,-23.4928436,-9.97384644,-46.4397278,2
10.8306303,0.0319629658,0.00327162358,-0.710551623,0.702911062,0.0500835699,0.0402958338,-1.58261668,0.490548196,-0.395060189,-9.78640275,-0.924498964,0.887966127,-1.0340426,-0.186984807,0.0958459228,-0.326788992,-23.3704224,-10.0121307,-46.3139648,2
10.8405873,0.0316728621,0.00418904004,-0.711674251,0.701782715,0.0510210414,0.0385019823,-1.58577481,0.499757777,-0.377482191,-9.78663013,-0.792001734,0.913483722,-1.3221663,-0.142864063,0.0714385509,-0.323250771,-23.3908844,-9.86257935,-46.5113831,2
10.8505453,0.0314592337,0.00493551035,-0.712784344,0.700659897,0.0518222807,0.0370570186,-1.58891216,0.507626793,-0.363322038,-9.78676106,-0.624645153,0.990452907,-1.36348499,-0.115825251,0.0670832098,-0.320012927,-23.3908844,-9.86257935,-46.5113831,2
10.8605023,0.0313008454,0.00556357143,-0.713897379,0.699528328,0.0525328435,0.0358557003,-1.59207002,0.514603317,-0.351548964,-9.78682711,-0.534806148,1.10153223,-1.29668056,-0.0918822736,0.0512129329,-0.326548636,-23.4113007,-9.94725037,-46.5252075,2
10.8704603,0.0311502938,0.00601315983,-0.715046288,0.698356795,0.0530035705,0.0349157573,-1.59533682,0.51922747,-0.342337045,-9.78690953,-0.49364123,1.15097825,-1.21010761,-0.0616948158,0.0175846647,-0.338898242,-23.3287506,-10.149559,-46.3747253,2
10.8804183,0.0309338619,0.00616815787,-0.716250596,0.697129811,0.0529687151,0.0343006667,-1.59876006,0.518897398,-0.336308688,-9.78713574,-0.493161447,1.08868619,-1.09226624,-0.0238089431,-0.0480123647,-0.352728963,-23.3026733,-10.1408691,-46.3900452,2
10.8903753,0.0306376548,0.00600447815,-0.717486563,0.695872239,0.0523751625,0.0340300898,-1.60227102,0.51309284,-0.333656785,-9.78753263,-0.468203312,0.868161867,-0.833744488,0.00385570736,-0.0908871293,-0.351421088,-23.0676117,-10.2703171,-46.519104,2
10.9003333,0.0303131135,0.00566813094,-0.718677028,0.69465978,0.0514979856,0.0339740257,-1.60565461,0.504508223,-0.333107298,-9.78799732,-0.333923108,0.650039341,-0.501084313,0.0155994948,-0.106093764,-0.327254385,-23.0873413,-10.3184586,-46.4406738,2
10.9102913,0.0299643507,0.00529497447,-0.719778404,0.693536685,0.0505305042,0.033946856,-1.60878497,0.495038749,-0.332841012,-9.78849007,-0.222550426,0.491755745,-0.0611059183,0.0100872833,-0.105987236,-0.300673395,-23.2054749,-10.4718475,-46.35495,2
10.9202483,0.0296379653,0.00497467702,-0.720780892,0.692511239,0.0496639076,0.0338844275,-1.61163812,0.486556934,-0.332229127,-9.78893606,-0.155260997,0.3138233,0.305802563,0.00400077412,-0.0867175311,-0.271876931,-23.2501831,-10.6518936,-46.3374329,2
10.9302063,0.0293291805,0.00475328328,-0.721682866,0.691585868,0.048954699,0.0337129531,-1.61420734,0.479617162,-0.330548517,-9.78933529,-0.0696119174,0.194228258,0.584977232,-0.0155047504,-0.0746885613,-0.244381934,-23.2874908,-10.7614212,-46.4921265,2
10.9401633,0.02897156,0.00465307101,-0.722480698,0.690768025,0.0483367915,0.033307905,-1.61647296,0.47357463,-0.32657859,-9.78976316,-0.0260103108,0.118731557,0.861485897,-0.0449619442,-0.0620773323,-0.213152274,-23.2727661,-10.829567,-46.4083252,2
10.9501213,0.0285743709,0.00473503743,-0.723171158,0.690061202,0.0479070105,0.0325934149,-1.61842566,0.469378165,-0.319575616,-9.79019629,-0.00266023219,0.0336177536,1.01365156,-0.0797231272,-0.0352020413,-0.188697264,-23.3240814,-10.8318787,-46.2217407,2
10.9600793,0.0281570459,0.00500194215,-0.723789294,0.689428193,0.0476983687,0.0315890716,-1.62016853,0.467350568,-0.309731464,-9.79060955,-0.0365456603,-0.0972832567,0.997006128,-0.103306882,-0.0196481608,-0.171050161,-23.3255157,-10.7939453,-46.3734131,2
10.9700363,0.0277050374,0.00534640334,-0.724359008,0.688845411,0.0475423847,0.0304282402,-1.62176906,0.465840163,-0.298353051,-9.79103508,-0.124368905,-0.193805448,0.829986597,-0.111585051,-0.0214146357,-0.160509646,-23.3668365,-10.7866745,-46.2354431,2
10.9799943,0.0272532675,0.00568832798,-0.724900728,0.688290371,0.0473802869,0.0292735577,-1.62329054,0.464269078,-0.287034534,-9.79144775,-0.219762951,-0.285928289,0.672831457,-0.107552528,-0.0222714767,-0.15608038,-23.4972229,-10.7134247,-46.1591492,2
10.9899523,0.0267980195,0.00601192172,-0.725417872,0.687760524,0.0471852341,0.0281426436,-1.62474229,0.462374241,-0.275948619,-9.79185634,-0.295978942,-0.317813831,0.523303159,-0.106495783,-0.0177073516,-0.144298017,-23.428833,-10.7219467,-46.2126465,2
10.9999093,0.0263802965,0.00640097885,-0.725887573,0.687277462,0.0471313391,0.0269716545,-1.62606193,0.461861396,-0.264469505,-9.79219711,-0.290677731,-0.351588967,0.455708463,-0.116716161,0.00059798779,-0.131254822,-23.2969208,-10.7753448,-46.3401794,2
11.0098673,0.0259631884,0.00687288846,-0.726320154,0.686831583,0.0471892771,0.0256836644,-1.62727508,0.46244442,-0.25184301,-9.79250223,-0.30592524,-0.330397345,0.42683425,-0.126287833,0.00330402609,-0.125354573,-23.3857727,-10.8911743,-46.2782593,2
11.0198243,0.0255249439,0.00736015299,-0.726733553,0.686405617,0.0472353227,0.0243455944,-1.62843166,0.462910832,-0.238725133,-9.79280911,-0.347841232,-0.241312738,0.386290059,-0.128853202,0.00270775892,-0.119106688,-23.4116058,-11.019516,-46.3178406,2
11.0297823,0.0251461504,0.00784672917,-0.727122728,0.686001942,0.0473647484,0.0230915979,-1.62952531,0.464192067,-0.226431085,-9.79304058,-0.360794237,-0.177740503,0.299881357,-0.110869415,0.0189639609,-0.111735858,-23.468277,-10.9109268,-46.2611694,2
11.0397403,0.0249139097,0.0083016282,-0.727480493,0.685625572,0.0476620474,0.0220864777,-1.63054358,0.467114129,-0.21657674,-9.79312416,-0.374490169,-0.165448501,0.0861328076,-0.080085583,0.0384804346,-0.102618575,-23.6285858,-11.0047302,-46.3128967,2
11.0496973,0.0248749388,0.00868918932,-0.727804417,0.685278365,0.0481468746,0.021446098,-1.63148358,0.47186863,-0.210298263,-9.79303298,-0.353507039,-0.104838969,-0.13332652,-0.0392380133,0.0550740585,-0.0930722058,-23.5606995,-10.9699402,-46.4966431,2
11.0596553,0.0250373032,0.0089546345,-0.728111719,0.684942492,0.0487570567,0.0212598786,-1.63239628,0.477845951,-0.20847249,-9.79278222,-0.354247044,-0.00850249194,-0.362673036,0.01153393,0.0625308529,-0.09089192,-23.4333954,-11.0078659,-46.5036621,2
11.0696133,0.0253542478,0.00899631818,-0.728426178,0.684595888,0.0492865355,0.0216102021,-1.63334677,0.483027335,-0.211907196,-9.7924543,-0.388607724,0.0965361464,-0.554836361,0.0671167597,0.0395001024,-0.0960800201,-23.2843018,-11.0396881,-46.2803345,2
11.0795703,0.0257415587,0.00875060177,-0.728758774,0.684230428,0.0495263757,0.0224740516,-1.63435913,0.485366702,-0.220376607,-9.7921521,-0.409352516,0.107549397,-0.58342065,0.115241893,0.00491299108,-0.0974722952,-23.2661285,-11.0163116,-46.1324768,2
11.0895283,0.0261334526,0.00825454346,-0.729082696,0.683876692,0.0494310914,0.02370985,-1.63534835,0.484419849,-0.232492413,-9.79191829,-0.452249481,0.036466695,-0.469929296,0.139330983,-0.0246835183,-0.0875272527,-23.2996368,-11.0960312,-46.1101074,2
11.0994853,0.0264772128,0.00764528069,-0.72935025,0.683585144,0.0491098625,0.0250493034,-1.63616904,0.481258645,-0.245624062,-9.79175404,-0.439212196,-0.0572429045,-0.280203427,0.135800883,-0.0417161435,-0.0623859055,-23.3498383,-11.3026962,-46.3924255,2
11.1094433,0.0267455846,0.00704366645,-0.7295413,0.683377306,0.0486870187,0.026280385,-1.63675858,0.477103133,-0.257692868,-9.79164708,-0.41066579,-0.0308088884,-0.104336573,0.11860726,-0.0402165167,-0.042996496,-23.3636627,-11.2709503,-46.1142273,2
11.1194013,0.027063141,0.00655026448,-0.729662063,0.683240662,0.0484819243,0.0274257557,-1.63714823,0.475080285,-0.268921077,-9.79144366,-0.450092596,0.118235572,-0.173223647,0.116882756,-0.00271782465,-0.0235857368,-23.3348083,-11.3307724,-46.0379028,2
11.1293583,0.027580984,0.00611884764,-0.72969777,0.683185814,0.0486514867,0.0287600196,-1.63731195,0.476722682,-0.282000558,-9.79099533,-0.521765355,0.223491817,-0.526816135,0.157976925,0.0354745686,0.0039683925,-23.419342,-11.3922119,-45.9908447,2
11.1393163,0.0284443334,0.00557251176,-0.729633752,0.683223593,0.0491654589,0.0307407355,-1.63722552,0.481726518,-0.301416147,-9.79017233,-0.481877873,0.232732048,-0.877642082,0.24372071,0.0676020086,0.0333852023,-23.265274,-11.6047592,-46.1682739,2
11.1492743,0.0297147772,0.00475755133,-0.729458963,0.68336226,0.0499026772,0.0336774033,-1.63686852,0.488897616,-0.330200069,-9.78888813,-0.432186717,0.265406548,-1.09649935,0.34213385,0.0821426064,0.0667037442,-23.4293518,-11.7408295,-45.9859009,2
11.1592313,0.0313623666,0.00364599004,-0.729175576,0.683597817,0.0507797644,0.0375701948,-1.63625046,0.497414136,-0.368351082,-9.78709774,-0.389527141,0.314032193,-1.04247492,0.429880887,0.0996972322,0.0955185443,-23.324707,-11.946228,-46.0316772,2
11.1691893,0.0333175885,0.00230114957,-0.728809099,0.683901911,0.051781127,0.0422302784,-1.63544448,0.507119976,-0.41401448,-9.78477427,-0.452653605,0.342636904,-0.833510095,0.491757035,0.105048314,0.113375045,-23.4533997,-12.1728745,-45.908844,2
11.1791473,0.0354057571,0.000736764353,-0.728396656,0.684239872,0.0526705887,0.0473964914,-1.63454154,0.515703461,-0.464626806,-9.78205273,-0.517201554,0.354792366,-0.543540475,0.531063318,0.0794378296,0.119997442,-23.2410583,-12.4057541,-45.8965454,2
11.1891043,0.0374551551,-0.00106089031,-0.727981694,0.684571898,0.0531801053,0.0528507111,-1.63364586,0.520545056,-0.518047174,-9.77911259,-0.530871767,0.397438827,-0.221467745,0.549079597,0.0308074392,0.115556888,-23.3856506,-12.7866211,-45.976593,2
11.1990623,0.0393116392,-0.00306050539,-0.727600454,0.684866997,0.0531295721,0.0583332156,-1.63283723,0.519892254,-0.571729044,-9.77615608,-0.506875536,0.453066059,0.0194850372,0.536660969,-0.0305433031,0.102919288,-23.2994843,-12.9767761,-45.621582,2
11.2090193,0.0408644892,-0.00516762026,-0.727262035,0.685122834,0.0524874862,0.0635535914,-1.63211842,0.513451407,-0.622828386,-9.77337375,-0.456441234,0.476931284,0.285002937,0.499804378,-0.087282747,0.0974582136,-23.2994843,-12.9767761,-45.621582,2
11.2189773,0.042081453,-0.00727879944,-0.726941218,0.685370346,0.0513464261,0.0683184113,-1.6314035,0.502141055,-0.669453724,-9.77087843,-0.405327316,0.363893372,0.548414219,0.447836548,-0.133157298,0.0970154703,-23.4435425,-13.2427444,-45.6772156,2
11.2289353,0.042906193,-0.00937902944,-0.726600135,0.685655309,0.0496405754,0.0725309037,-1.63056637,0.485328452,-0.710661713,-9.76881799,-0.384923337,-0.0122379887,0.754948014,0.386761993,-0.193942085,0.12022838,-23.4443817,-13.5675583,-45.5669556,2
11.2388923,0.0435123014,-0.0112987829,-0.726143553,0.68607183,0.0478457963,0.0761878905,-1.62935512,0.467667379,-0.746425393,-9.76701182,-0.191587753,-0.323932825,0.99989425,0.33136344,-0.160084888,0.153252259,-23.5841675,-13.7989655,-45.4545288,2
11.2488503,0.0439785358,-0.0128543595,-0.725553317,0.686638936,0.0463264178,0.0791303511,-1.62772859,0.452723383,-0.775194099,-9.76547511,-0.0811749294,-0.554186811,1.04983288,0.238161296,-0.103351563,0.206275269,-23.7632751,-14.0383377,-45.1820068,2
11.2588083,0.0444224275,-0.0137345822,-0.724746514,0.687444838,0.0456723039,0.0810729017,-1.62546476,0.44626595,-0.794182877,-9.76424644,0.0717776806,-0.422071931,1.11115273,0.129102811,0.0100988643,0.261266828,-23.8580627,-14.0930405,-45.237854,2
11.2687653,0.0448850097,-0.0139121454,-0.723784161,0.688424445,0.0459899992,0.0820306234,-1.62275067,0.449332827,-0.803543703,-9.76333985,-0.0566854716,0.128827382,0.672107234,0.0422467515,0.0952339992,0.284800917,-23.7944946,-14.1550751,-45.161499,2
11.2787233,0.045335829,-0.0136341126,-0.722810678,0.689422455,0.0469151143,0.0823137636,-1.62000396,0.458354155,-0.806311049,-9.7626922,-0.321138189,0.614924115,-0.0972287866,-0.00548790209,0.126934707,0.260782331,-23.7546997,-14.071701,-45.201355,2
11.2886802,0.0456522781,-0.0132520303,-0.721988968,0.690269609,0.0478057057,0.0822531167,-1.61767634,0.467050891,-0.805718271,-9.76232863,-0.494885202,1.07282103,-0.905036869,-0.0279822927,0.0816519111,0.202544063,-23.8402557,-14.093895,-45.1165771,2
11.2986382,0.0456388256,-0.0130489021,-0.721411629,0.69087769,0.0479979369,0.0819807514,-1.61599877,0.468937983,-0.803056285,-9.76245781,-0.497520519,1.52490772,-1.5300936,-0.0440787859,-0.0180892646,0.129639685,-23.8519897,-14.0956726,-45.0905457,2
11.3085962,0.0451951924,-0.0131750354,-0.721120453,0.6912084,0.04714312,0.0815705968,-1.61507259,0.460608218,-0.799047488,-9.7631832,-0.408984961,1.72829664,-1.88326114,-0.0440023541,-0.138187453,0.0541257486,-23.940155,-14.0457153,-45.1954651,2
11.3185532,0.0443727002,-0.013724577,-0.721078583,0.691294603,0.0451812588,0.0812315192,-1.61480211,0.441465527,-0.795733322,-9.76433821,-0.256814478,1.61903898,-1.96814775,-0.0220372006,-0.24644123,0.00160972425,-23.9667816,-14.0627594,-45.1256409,2
11.3285112,0.0433213151,-0.0146977091,-0.721163445,0.691252867,0.0423157744,0.0811800034,-1.61486256,0.413485926,-0.795229756,-9.76560429,-0.0369994684,1.36430127,-1.71923144,0.0126097267,-0.324120581,-0.0107337609,-24.1645966,-14.1280441,-45.1498413,2
11.3384682,0.0422192718,-0.0159351247,-0.721258153,0.691194777,0.0390126046,0.0814401529,-1.61494854,0.381218199,-0.797772499,-9.76670962,0.109591388,1.19775345,-1.14621119,0.0395790376,-0.329657882,-0.00131245679,-24.3469543,-14.2268677,-44.8721619,2
11.3484262,0.0412843765,-0.0171497144,-0.721276946,0.691202581,0.0359754127,0.0819026594,-1.61484786,0.351539794,-0.802293045,-9.76745255,0.213490044,1.11608274,-0.489905916,0.0493163541,-0.270944774,0.0262435377,-24.5038605,-14.1946945,-44.6878967,2
11.3583842,0.0406339567,-0.0180991765,-0.721166073,0.691332511,0.0337032242,0.0823813257,-1.61442132,0.329332456,-0.806971339,-9.76784125,0.343885407,1.14081247,0.134172324,0.0414569825,-0.174281761,0.0623445921,-24.6407623,-14.2849731,-44.6720581,2
11.3683412,0.0402980764,-0.0186554588,-0.720926961,0.691586723,0.0324167383,0.0827320212,-1.61367532,0.316756796,-0.810398757,-9.76797336,0.55667618,1.19526631,0.588604191,0.0214364026,-0.0686195046,0.0861457884,-24.592453,-14.2528229,-44.4886475,2
11.3782992,0.0402592779,-0.0187865988,-0.720631425,0.691893337,0.0321434113,0.082881537,-1.61281381,0.314083047,-0.811859988,-9.76793828,0.72125778,1.24685621,0.800306913,0.00431931857,0.0287021063,0.0846916661,-24.766571,-14.2695847,-44.3805237,2
11.3882572,0.0404782037,-0.0185784985,-0.720366623,0.692161977,0.0327178014,0.0828965168,-1.61208291,0.319693178,-0.812006411,-9.76774422,0.718341162,1.24116677,0.751629684,0.000306999777,0.0932065248,0.0589793809,-24.6699677,-14.4457169,-44.4222717,2
11.3982142,0.0408602733,-0.0183053909,-0.720206994,0.692312916,0.0336317968,0.08303893,-1.61168392,0.328616855,-0.813398158,-9.76733214,0.62547079,1.09456685,0.54486734,0.0282209162,0.0889264792,0.0193258412,-24.7015076,-14.3495941,-44.5280151,2
11.4081722,0.0412888591,-0.0182456181,-0.720203242,0.692292937,0.0343366031,0.0835462357,-1.61174552,0.335486631,-0.818355926,-9.76668448,0.483478257,0.892276537,0.310785028,0.0762052238,0.048912745,-0.0284954756,-24.7844543,-14.4597015,-44.480957,2
11.4181302,0.0416858604,-0.0185355761,-0.720372726,0.692085115,0.0345323884,0.0845059178,-1.61230548,0.337371531,-0.827733995,-9.76582933,0.303225333,0.702786158,0.205931738,0.116379581,-0.0203720387,-0.0759156123,-24.743515,-14.4186096,-44.544281,2
11.4280872,0.0419444643,-0.019113765,-0.720711932,0.691700426,0.0341496419,0.0856818434,-1.61333522,0.333600196,-0.839224161,-9.76497827,0.0665290394,0.543689455,0.366838924,0.121100299,-0.069010675,-0.119075596,-24.6330719,-14.4942703,-44.3135071,2
11.4380452,0.042032156,-0.0197271657,-0.721181918,0.69118777,0.0334872291,0.0866664269,-1.61471536,0.327103856,-0.848843784,-9.76436627,-0.166694062,0.398284594,0.679717709,0.0811487809,-0.0830207989,-0.147421315,-24.651474,-14.6194077,-44.5012817,2
11.4480022,0.041907455,-0.020142664,-0.721733914,0.690607037,0.0328008427,0.0870684221,-1.61629648,0.32039044,-0.852771114,-9.76424703,-0.281935293,0.317666677,0.911237477,0.00838083308,-0.0773080513,-0.165329471,-24.7384796,-14.601738,-44.4617004,2
11.4579602,0.0415747624,-0.0202146402,-0.722336518,0.689994809,0.0322927881,0.0866848072,-1.61798798,0.31544016,-0.849023305,-9.76473452,-0.365271236,0.31466713,1.00465051,-0.0737250224,-0.0509581454,-0.174792439,-24.7708282,-14.5948257,-44.5428772,2
11.4679182,0.0411032915,-0.0199119745,-0.722964889,0.689373438,0.0321018415,0.0855667285,-1.61973024,0.313605894,-0.838099395,-9.76573756,-0.411769879,0.316312632,0.851675866,-0.137912795,-0.018324038,-0.178952023,-24.7044067,-14.7274628,-44.4460754,2
11.4778752,0.0405446202,-0.0193335211,-0.723580032,0.688777393,0.0321602998,0.0839296364,-1.62141993,0.314220482,-0.822102565,-9.76707728,-0.411486642,0.338323827,0.559426611,-0.176464081,0.0025091921,-0.169210896,-24.7242737,-14.7516479,-44.3421021,2
11.4878332,0.0399692286,-0.0185931837,-0.724167449,0.688213897,0.0324113102,0.0820358983,-1.62302771,0.31672198,-0.803595287,-9.76853625,-0.380618991,0.378474563,0.25068741,-0.191154078,0.022261858,-0.166772231,-24.8180695,-14.7799149,-44.1552124,2
11.4977912,0.039447249,-0.0177779924,-0.724766627,0.687634364,0.0328417828,0.0801060046,-1.62468062,0.320977373,-0.78473167,-9.76993092,-0.399089956,0.428294532,-0.0386637849,-0.18205975,0.0366758294,-0.177854538,-24.7479095,-14.8956375,-44.2756958,2
11.5077482,0.0390168768,-0.0170117519,-0.725409748,0.686999967,0.033340793,0.0783703668,-1.62647916,0.325897513,-0.767764241,-9.77111633,-0.423612622,0.395914431,-0.314907076,-0.152453661,0.0321516544,-0.193362921,-24.8640137,-14.8189392,-44.2669678,2
11.5177062,0.0386232106,-0.0164068875,-0.726096903,0.686310627,0.0336738511,0.0769168402,-1.6284154,0.329189102,-0.75355298,-9.77211236,-0.333081396,0.363896294,-0.46699032,-0.128713414,0.00482673477,-0.200692743,-24.8411407,-14.8750992,-44.3468933,2
11.5276632,0.0381593785,-0.0159320813,-0.726792467,0.685611129,0.0337240604,0.0755554884,-1.63036828,0.329714002,-0.740241444,-9.77311189,-0.161523089,0.389340898,-0.474071218,-0.134306327,-0.0208349526,-0.197608262,-24.9112244,-14.8101196,-44.3083496,2
11.5376212,0.0375546309,-0.0154543685,-0.727471318,0.684935162,0.0335674994,0.0739977066,-1.63225283,0.328222229,-0.725007561,-9.77430373,0.013398703,0.420195324,-0.444597871,-0.167029157,-0.0371305831,-0.190373376,-24.8224182,-14.6828308,-44.3236084,2
11.5475792,0.036759193,-0.0148839706,-0.728133507,0.684287008,0.0332537615,0.0720450203,-1.63406182,0.325202078,-0.705909258,-9.77580303,0.124906117,0.446437215,-0.432175027,-0.210811526,-0.0515542664,-0.184637994,-24.9486237,-14.6026688,-44.219696,2
11.5575362,0.0357684552,-0.0142437501,-0.728779319,0.68366532,0.0327441031,0.0697248872,-1.63579729,0.320272476,-0.683213662,-9.77757763,0.202709196,0.533426055,-0.481426257,-0.240767404,-0.0741858482,-0.18127808,-24.9486237,-14.6026688,-44.219696,2
11.5674942,0.0346530302,-0.0136029456,-0.729428097,0.683043752,0.0320488583,0.0672344568,-1.63752887,0.313528153,-0.658848159,-9.77946856,0.29848793,0.636701355,-0.642790539,-0.24326998,-0.0858739316,-0.181373149,-24.8209229,-14.5697784,-44.2505188,2
11.5774522,0.0335944816,-0.0130337667,-0.730081582,0.682409157,0.0313358443,0.0649273977,-1.6392895,0.30660197,-0.636272974,-9.78118297,0.3423746,0.684904756,-0.810765179,-0.202969536,-0.0791323483,-0.188201711,-24.7234802,-14.5912018,-44.0561218,2
11.5874092,0.032782668,-0.0126765145,-0.730781289,0.68170609,0.0306968306,0.0632660042,-1.64122733,0.300383644,-0.620013767,-9.78241981,0.299811068,0.630188685,-0.954377531,-0.111153066,-0.0756204352,-0.211575747,-24.7633667,-14.6151352,-44.43396,2
11.5973672,0.0323717556,-0.0127354096,-0.731569107,0.680879252,0.0300855562,0.0627573646,-1.64348587,0.294413282,-0.615035613,-9.78291549,0.160932229,0.550242092,-1.00805067,0.0267687384,-0.0769583583,-0.245446861,-24.9693451,-14.4943924,-44.3058167,2
11.6073242,0.0323971448,-0.0133555724,-0.732457876,0.679909946,0.0293616039,0.0636620639,-1.64610815,0.287314392,-0.62388995,-9.78256594,0.0638833472,0.537099702,-0.936424526,0.168715492,-0.103592888,-0.274798095,-24.7201843,-14.6896591,-44.374054,2
11.6172822,0.0327085874,-0.0145283602,-0.733430515,0.678821626,0.0283196187,0.0657650743,-1.64902537,0.277083195,-0.644470235,-9.78152666,0.0408949963,0.530595654,-0.535087704,0.264929891,-0.140058234,-0.29542321,-24.7960663,-14.9237976,-44.2156982,2
11.6272402,0.0331321643,-0.0159900482,-0.734443749,0.677671726,0.0270620772,0.0684464758,-1.65208668,0.264734585,-0.670706647,-9.78010511,0.0566852889,0.473334209,0.0565039775,0.282001823,-0.149648532,-0.301840633,-24.6893234,-15.0880508,-44.2015076,2
11.6371972,0.0334852931,-0.0174064681,-0.735470796,0.676504574,0.025771519,0.0709693655,-1.65518575,0.25206816,-0.695387645,-9.7787157,0.111699137,0.358852236,0.574656329,0.234364539,-0.153291389,-0.305230677,-24.8285294,-15.23452,-44.1967163,2
11.6471552,0.033578769,-0.0186035016,-0.736502798,0.675344245,0.0244012658,0.0728218644,-1.65826718,0.238636779,-0.713507531,-9.77774715,0.197704775,0.298262743,0.911719123,0.150923982,-0.165044457,-0.301209301,-24.8299637,-15.4309387,-43.9547729,2
11.6571132,0.0333006561,-0.0195046848,-0.737532189,0.674208278,0.0228843543,0.0737406333,-1.66129072,0.22378943,-0.722493386,-9.77743852,0.229311536,0.264901156,1.00628074,0.0521635562,-0.18343927,-0.301828593,-24.8892441,-15.6142273,-43.6643066,2
11.6670702,0.0326696296,-0.0201361054,-0.738582361,0.673070059,0.0212117124,0.0737891871,-1.66432921,0.207434233,-0.722968237,-9.7777641,0.209005519,0.213451758,0.943010334,-0.0270625576,-0.194774747,-0.308773309,-24.9331589,-15.692482,-43.6381226,2
11.6770282,0.0318197967,-0.0205169589,-0.739664548,0.671909838,0.0195544328,0.0731766937,-1.66743721,0.191238081,-0.716977911,-9.77853567,0.132426357,0.160624862,0.717679483,-0.0785310864,-0.179513335,-0.31600529,-24.9944839,-15.7491608,-43.4674683,2
11.6869862,0.0310058444,-0.0206554474,-0.740749063,0.670747925,0.018274605,0.0722580812,-1.67056273,0.178735049,-0.707993225,-9.77942648,0.111709823,0.162264519,0.326819633,-0.0886447057,-0.118102692,-0.317744881,-25.0012894,-15.7888794,-43.7709045,2
11.6969432,0.0304662615,-0.0206038044,-0.741845077,0.669561861,0.0176573892,0.0714284781,-1.67376492,0.172709322,-0.6998786,-9.78011914,0.0292997625,0.200537405,-0.136813778,-0.0607712157,-0.051450152,-0.328391522,-25.139534,-15.9974365,-43.4971924,2
11.7069012,0.0303174506,-0.0204835509,-0.742962344,0.668332382,0.0177153911,0.0710209716,-1.6770882,0.173281624,-0.695892453,-9.78039328,-0.106395295,0.219595449,-0.4973159,-0.00429275865,0.015321156,-0.338986129,-25.1080093,-16.0476151,-43.6047668,2
11.7168582,0.0305803493,-0.0204102017,-0.744093369,0.667063114,0.0183269847,0.0712324621,-1.68051422,0.179260516,-0.697961222,-9.78013784,-0.14215207,0.314289894,-0.703023766,0.0592646003,0.054057084,-0.346302748,-25.016716,-16.160408,-43.3180237,2
11.7268162,0.0310969156,-0.0204767928,-0.745237201,0.665758969,0.019134664,0.0719883982,-1.68402176,0.187149515,-0.705355424,-9.7794598,-0.112930944,0.440645991,-0.713577893,0.102079973,0.0552360676,-0.352621883,-24.9652634,-16.3622742,-43.4895935,2
11.7367742,0.0316538556,-0.0206573505,-0.74639236,0.664431765,0.0198557253,0.0729653581,-1.68757869,0.194187287,-0.714910968,-9.77862861,-0.0357227448,0.594601824,-0.482021885,0.10096889,0.0390521251,-0.354423791,-24.9034958,-16.3424454,-43.5647583,2
11.7467312,0.0320792276,-0.0208187334,-0.747551373,0.663102027,0.0204087224,0.0737365476,-1.69113708,0.199583501,-0.72245342,-9.77796576,0.0796385867,0.70988335,-0.232341021,0.0665459335,0.0210544821,-0.353666395,-24.7359238,-16.4132538,-43.6194458,2
11.7566892,0.0322817008,-0.0208663938,-0.748689648,0.661805266,0.0207773881,0.0740409363,-1.69460736,0.2031837,-0.725430317,-9.77767116,0.212358246,0.781543907,-0.0211976863,0.00733278412,-9.56007279E-05,-0.340244353,-24.7452469,-16.7102356,-43.4761658,2
11.7666472,0.032214867,-0.0207622286,-0.749798622,0.66055508,0.0209385951,0.0737612365,-1.69795512,0.204764174,-0.7226949,-9.77784067,0.268537886,0.863204099,0.12726269,-0.0473096892,-0.0119456025,-0.330136836,-24.6467667,-16.8438873,-43.341217,2
11.7766042,0.0320024463,-0.0205066314,-0.750862686,0.659363739,0.0210740063,0.0730628204,-1.70114982,0.206098783,-0.715864177,-9.7783153,0.234432642,0.85427845,0.14225217,-0.0749773607,-0.00674660923,-0.311002016,-24.6277695,-16.9560623,-43.4519348,2
11.7865622,0.0317646392,-0.0201877782,-0.751840435,0.658269914,0.0212428621,0.0722381995,-1.7040833,0.207762369,-0.707798798,-9.77886709,0.254316871,0.755233334,0.0365612597,-0.0738268793,-0.000756627531,-0.278002501,-24.5851974,-16.9812012,-43.4320984,2
11.7965192,0.0315988939,-0.0198844096,-0.752691269,0.657314257,0.0214844076,0.071535446,-1.70664543,0.210135053,-0.700924894,-9.77931133,0.307010843,0.633737171,-0.00878302591,-0.053784214,0.0162268803,-0.23857215,-24.5360794,-17.1469574,-43.4920349,2
11.8064772,0.0316128052,-0.0196090003,-0.753425344,0.656480228,0.0219471652,0.0711141235,-1.70888088,0.214666943,-0.696803649,-9.77950773,0.305172431,0.517387651,-0.037317631,-0.019210523,0.0464961044,-0.212512851,-24.44944,-16.9995499,-43.4723206,2
11.8164352,0.0318497552,-0.0193999293,-0.754097842,0.655702411,0.0226536491,0.0710866676,-1.71096363,0.221576375,-0.696535062,-9.7793727,0.238707214,0.359251391,-0.0361059171,0.0229604598,0.0621669665,-0.206161097,-24.4561539,-17.1985397,-43.5308838,2
11.8263922,0.0322383042,-0.0193387891,-0.754748412,0.654936173,0.0233941419,0.0714807602,-1.71300608,0.228811441,-0.700389983,-9.7789308,0.145430544,0.184289377,0.036475335,0.063450627,0.0588683747,-0.202114955,-24.3023911,-17.1234894,-43.4459229,2
11.8363502,0.0327133495,-0.0193964785,-0.755381157,0.654181047,0.0241095629,0.0721670008,-1.71501151,0.235795783,-0.70710234,-9.7782814,0.182589276,0.042860579,0.150748195,0.0803032368,0.0594200455,-0.195511848,-24.2906418,-17.4780884,-43.3686523,2
11.8463082,0.0332251454,-0.0194272437,-0.755983276,0.653458451,0.0249141867,0.0728602943,-1.71693149,0.243651283,-0.713883379,-9.77759634,0.274392439,-0.0675246993,0.239096925,0.0651485175,0.0776951909,-0.184471712,-24.3383713,-17.5408096,-43.1648254,2
11.8562652,0.0337513272,-0.0192546136,-0.756551632,0.652778485,0.0260039294,0.0732640236,-1.71875003,0.254298678,-0.717832044,-9.77703578,0.323600086,-0.0578897328,0.281931859,0.0247569866,0.114521861,-0.178309634,-24.1938705,-17.4722595,-43.2283936,2
11.8662232,0.0342397369,-0.0188262822,-0.757116948,0.652109714,0.0273701283,0.0732289554,-1.72055219,0.267656501,-0.717489075,-9.77670436,0.296924498,-0.00705671358,0.164434191,-0.0196688008,0.129514396,-0.184696153,-24.0358963,-17.5835724,-43.1689758,2
11.8761802,0.0345936366,-0.0182453579,-0.757732576,0.651392157,0.0287357058,0.0727824926,-1.72248822,0.281016278,-0.713122405,-9.77664941,0.187497397,0.00922660496,0.0132446815,-0.0585251041,0.115194492,-0.205613151,-23.9724045,-17.8339233,-43.5368652,2
11.8861382,0.0347771604,-0.0175747795,-0.758416385,0.650604593,0.02996472,0.0719724827,-1.72460845,0.293048899,-0.705199722,-9.77687095,0.0865800399,-0.0346091027,-0.111032271,-0.092041254,0.1058966,-0.222945541,-23.895668,-17.8090439,-43.3534546,2
11.8960962,0.0349219011,-0.0167532703,-0.759144638,0.649768579,0.0313338375,0.0708779486,-1.72685956,0.306458324,-0.6944934,-9.77722575,0.0398014106,-0.09245127,-0.23128479,-0.110257752,0.14092046,-0.233020037,-23.8258438,-17.8367386,-43.4356995,2
11.9060532,0.0352084048,-0.0157943298,-0.759882842,0.648913524,0.0330967313,0.0697546544,-1.72916418,0.323719657,-0.6835049,-9.77744378,-0.00469392997,-0.0824905786,-0.416468339,-0.0968585908,0.178481147,-0.237398803,-23.8258438,-17.8367386,-43.4356995,2
11.9160112,0.0356905831,-0.0148408864,-0.760631744,0.648031782,0.035150643,0.0688886368,-1.73153618,0.343821621,-0.675032547,-9.77734616,-0.0420042544,0.0618170623,-0.610945202,-0.0578006469,0.200915366,-0.245087638,-23.7110519,-17.7625351,-43.4967346,2
11.9259692,0.0363756712,-0.0139896307,-0.761405136,0.647103678,0.0373839555,0.0684346186,-1.73402251,0.365668053,-0.670590619,-9.77685926,-0.111734684,0.269710894,-0.674279902,-0.0154691711,0.21166335,-0.255965292,-23.6703415,-17.7925568,-43.532196,2
11.9359262,0.0371653633,-0.0132844185,-0.762213625,0.646121094,0.0395919188,0.0683309417,-1.73664259,0.387256821,-0.669576254,-9.77609763,-0.164897023,0.42417,-0.675191172,0.0135911908,0.192205399,-0.26833567,-23.4255295,-17.8813858,-43.5911255,2
11.9458842,0.0378752292,-0.012799385,-0.763073334,0.645074228,0.0413987969,0.0684518517,-1.73941819,0.404917054,-0.670759254,-9.77530092,-0.225503211,0.527555482,-0.652644409,0.032131318,0.128230408,-0.285457671,-23.2210464,-17.8348846,-43.7697449,2
11.9558412,0.0383150356,-0.0126070908,-0.763995849,0.643959153,0.0424208077,0.0686641088,-1.74235432,0.414901236,-0.672835914,-9.77473978,-0.251797928,0.627195787,-0.620285277,0.0332899168,0.0361525416,-0.3001706,-23.362236,-17.9597549,-43.7176514,2
11.9657992,0.0383863641,-0.0126987305,-0.764977778,0.642786268,0.04251775,0.0688312867,-1.74542294,0.415844033,-0.674471479,-9.77458664,-0.236280626,0.661901409,-0.557739681,0.0264466591,-0.0571507737,-0.310984105,-23.2230606,-18.1226196,-43.863678,2
11.9757572,0.0381396055,-0.0130351472,-0.765985452,0.641593086,0.0418137951,0.0689643341,-1.74852752,0.408959315,-0.675773136,-9.77478713,-0.230443371,0.578059196,-0.440821859,0.0286520571,-0.121418521,-0.309147626,-23.231636,-18.282608,-43.5856628,2
11.9857142,0.0377467689,-0.0135450231,-0.76698329,0.640412549,0.0406619157,0.0691797892,-1.75158606,0.397693752,-0.677880995,-9.77510628,-0.24820743,0.431726479,-0.260040345,0.0423484296,-0.146916956,-0.29853946,-23.1071854,-18.403389,-43.6653442,2
11.9956722,0.0374130162,-0.0141451571,-0.767923807,0.639291246,0.0394808053,0.0696166522,-1.75448338,0.386136256,-0.6821548,-9.77527228,-0.220189834,0.354447863,-0.06444763,0.0699303299,-0.122484729,-0.279011071,-23.2325058,-18.4601974,-43.7044983,2
12.0056302,0.0373593708,-0.0147314652,-0.768782348,0.638248297,0.0387434161,0.0703978228,-1.75717656,0.378907218,-0.689796693,-9.7750186,-0.146671301,0.386480686,0.0249316122,0.109084398,-0.0595036373,-0.254687339,-23.0843887,-18.6541824,-43.6344299,2
12.0155872,0.0376885394,-0.015263596,-0.769555118,0.637284298,0.0386609514,0.0715901216,-1.75966926,0.378069087,-0.701459732,-9.77422131,-0.195363217,0.410563572,0.0754600224,0.148779571,0.00900252536,-0.23461403,-23.2478867,-18.7264481,-43.7217102,2
12.0255452,0.038355463,-0.0157337749,-0.770259759,0.636381371,0.039176656,0.0731207326,-1.76200971,0.383067151,-0.716430652,-9.77294062,-0.264106937,0.380493647,0.106052729,0.174030602,0.0591317378,-0.224034891,-23.1165085,-18.811264,-43.466156,2
12.0355032,0.0391952981,-0.0161690757,-0.770951224,0.635481301,0.0400075974,0.0748166741,-1.76434468,0.391138595,-0.733016607,-9.77139106,-0.359267429,0.316873846,0.124853291,0.18143259,0.0733879134,-0.231784686,-23.0599136,-18.7870789,-43.4986877,2
12.0454602,0.0400638286,-0.0166005468,-0.7716755,0.634536196,0.0408963517,0.076539078,-1.76679537,0.399770595,-0.749859313,-9.76976375,-0.442269318,0.267127746,0.180387547,0.18065533,0.0680863112,-0.244586036,-22.9134293,-18.9359283,-43.1365967,2
12.0554182,0.0408480177,-0.0170225194,-0.772453497,0.633527564,0.0416770995,0.0781343769,-1.76940743,0.407347825,-0.76545706,-9.76824048,-0.433236811,0.314299174,0.250840555,0.161715269,0.0489185005,-0.265206546,-22.9186935,-19.0511322,-43.1508789,2
12.0653752,0.0414741586,-0.0174337895,-0.773316171,0.632422278,0.0422401948,0.0795057615,-1.77226464,0.412803497,-0.77886402,-9.76695161,-0.445276537,0.4038716,0.317038243,0.140347928,0.0202666149,-0.296660602,-22.9413834,-19.1507874,-43.4503784,2
12.0753332,0.041929122,-0.0178493243,-0.774288133,0.631190236,0.0425489343,0.0806589757,-1.77544284,0.41578043,-0.790136963,-9.76591993,-0.479078817,0.376388404,0.369277549,0.117782056,-0.00817412324,-0.329373747,-22.8820724,-19.489975,-43.4979248,2
12.0852912,0.0422318146,-0.0182479659,-0.775355491,0.629846951,0.0426572739,0.0815869633,-1.7789018,0.416807033,-0.799207427,-9.76513842,-0.484145599,0.327848391,0.38151393,0.0975036845,-0.0258071795,-0.351846814,-22.919838,-19.6986313,-43.3585205,2
12.0952482,0.0424186504,-0.0185747222,-0.776467373,0.628453572,0.0426839248,0.0822543574,-1.78248612,0.417044422,-0.805730399,-9.7645919,-0.420637369,0.301002104,0.412092024,0.0663008094,-0.0252904221,-0.35955137,-22.6814804,-19.7271118,-43.2727051,2
12.1052062,0.0425306467,-0.0187263629,-0.777583042,0.627060549,0.0428159478,0.0825549269,-1.78607128,0.418323173,-0.808667987,-9.76429437,-0.380616141,0.275059635,0.487062217,0.0242074169,-0.00389192207,-0.354375243,-22.7222366,-19.7768097,-43.2157593,2
12.1151642,0.0426104137,-0.0186391021,-0.778670576,0.625706802,0.0431938206,0.0824440561,-1.78956129,0.422016694,-0.80758443,-9.7642254,-0.356776306,0.265596371,0.535176552,-0.0152755054,0.0220005866,-0.345054984,-22.7355423,-20.0248489,-43.265625,2
12.1251212,0.0426658655,-0.0183418589,-0.779735387,0.624384438,0.0437924355,0.0819751782,-1.79297501,0.427878133,-0.803001851,-9.76434815,-0.338995041,0.336131797,0.451951156,-0.0467761718,0.042042736,-0.34151113,-22.6410599,-20.152565,-43.2963257,2
12.1350792,0.0426796927,-0.0179180452,-0.780788105,0.623078948,0.0444802552,0.0812554136,-1.79634494,0.434619753,-0.795966838,-9.76462638,-0.301144618,0.42441601,0.340450098,-0.0662717223,0.0382987298,-0.339652717,-22.470253,-20.146637,-43.2039795,2
12.1450362,0.0426000229,-0.0174794188,-0.781841686,0.621774208,0.0450370818,0.08039404,-1.79970552,0.44008759,-0.787547239,-9.76506419,-0.256932771,0.506078248,0.196786893,-0.0733064637,0.0197990835,-0.341366738,-22.3490067,-20.2579651,-43.206543,2
12.1549942,0.0424324358,-0.0170888283,-0.782901307,0.620461982,0.0453937844,0.0794968655,-1.80307637,0.443602649,-0.778777072,-9.76560838,-0.203435939,0.520651475,0.0831575912,-0.071408838,-0.000575397164,-0.340371132,-22.3030319,-20.353508,-43.2704163,2
12.1649522,0.0422138658,-0.0167943604,-0.783963932,0.619141738,0.0455487524,0.0786862511,-1.80645691,0.445144618,-0.77085249,-9.76616718,-0.157842026,0.483248285,-0.0264168823,-0.0568639897,-0.0178089775,-0.343558133,-22.2949066,-20.4347839,-43.2262878,2
12.1749092,0.0420289281,-0.0166428991,-0.785030763,0.617805123,0.0455786798,0.0781412481,-1.80986932,0.445455949,-0.76552428,-9.76657167,-0.142740757,0.412378878,-0.0866150381,-0.0199389961,-0.0302672461,-0.344405025,-22.0847015,-20.5150986,-43.3208008,2
12.1848672,0.0418988844,-0.0167389007,-0.786831897,0.615515864,0.0454825571,0.0779993239,-1.81569404,0.444522102,-0.764136699,-9.76672306,-0.128788366,0.377771675,-0.104720019,0.0252343416,-0.0425686538,-0.353911459,-22.0977936,-20.6332626,-43.2257996,2
12.1948252,0.0418625881,-0.0170572235,-0.788645768,0.61318384,0.0452652564,0.0783231939,-1.8216078,0.442388561,-0.767303054,-9.76657167,-0.143863149,0.369116732,-0.0878127235,0.0712331906,-0.0581002273,-0.371208936,-22.0099335,-20.5686417,-43.2366028,2
12.2047822,0.0418624321,-0.0175506238,-0.790505617,0.610770334,0.0449011361,0.0789664396,-1.8277082,0.438810081,-0.773591632,-9.76623733,-0.163777809,0.314802155,0.0734615421,0.0880073756,-0.073110342,-0.38832134,-21.944809,-20.6928329,-43.2962341,2
12.2147402,0.0418136305,-0.0180063372,-0.791705786,0.609203778,0.0444241512,0.0795413336,-1.831653,0.43413186,-0.779211737,-9.76599943,-0.0992445103,0.247997513,0.372947762,0.0565058701,-0.0812558085,-0.394660681,-22.0054321,-20.8757095,-43.2379761,2
12.2246972,0.0416411779,-0.0182166224,-0.792906671,0.607645653,0.0440502372,0.0795782887,-1.83557755,0.430478927,-0.779573045,-9.76613211,0.0323485739,0.197631746,0.670560589,-0.0170256067,-0.0501889661,-0.389325052,-21.9983215,-21.1103363,-43.1211243,2
12.2346552,0.0413571927,-0.0180616744,-0.794783069,0.605213322,0.044028646,0.07885176,-1.84171076,0.430292866,-0.772470519,-9.76670494,0.0835610574,0.174517924,0.776178434,-0.0907332897,-0.0130586131,-0.396348655,-21.9513092,-21.0912628,-42.9868469,2
12.2446132,0.041083222,-0.0175522888,-0.796671893,0.602758638,0.0444483616,0.0775711353,-1.84789956,0.434435665,-0.75995028,-9.7675034,0.0228552443,0.085532942,0.618361615,-0.124716289,0.0353262313,-0.408536613,-21.7853699,-21.0702744,-42.9120178,2
12.2545702,0.0409589502,-0.0168277099,-0.797922936,0.601130616,0.0452795889,0.0761714267,-1.85201022,0.44260224,-0.746264357,-9.76819197,0.0203749352,-0.0598341448,0.292241071,-0.113769785,0.067903392,-0.428174317,-21.7853699,-21.0702744,-42.9120178,2
12.2645282,0.041018197,-0.0161717364,-0.799901563,0.598509237,0.0464103973,0.0750415436,-1.85860206,0.453686748,-0.735215651,-9.76852164,-0.00103456721,-0.111135366,-0.0970855787,-0.0698161796,0.0895232037,-0.466861784,-21.6510162,-21.0802765,-43.0789795,2
12.2744862,0.0412793771,-0.0156719267,-0.801987213,0.595706953,0.0476892187,0.0743867765,-1.86562778,0.466201398,-0.728812506,-9.76841175,-0.106324605,-0.124272203,-0.378214304,-0.0150881764,0.0925804377,-0.514756858,-21.4928589,-21.0841141,-42.8701172,2
12.2844432,0.0416567792,-0.0154101364,-0.804201536,0.592694721,0.0488879357,0.0742333764,-1.87315311,0.477916093,-0.727312331,-9.76795757,-0.231015618,-0.093600367,-0.512295442,0.0338460766,0.0620425008,-0.562764049,-21.3022308,-21.1344833,-43.1176147,2
12.2944017,0.0419587578,-0.0154261481,-0.806526386,0.589505488,0.0496518722,0.0744217065,-1.88108744,0.485371232,-0.729154086,-9.76745255,-0.287851202,-0.0824810071,-0.456386508,0.0569260307,0.00455982611,-0.597913742,-21.2060242,-21.3292465,-43.0964661,2
12.3043597,0.0420538576,-0.0156111031,-0.808931597,0.586188936,0.0498947978,0.0746288959,-1.88930367,0.487736463,-0.731180332,-9.76718367,-0.247569643,-0.0487317361,-0.249108616,0.0414232388,-0.0436985157,-0.619608939,-21.093399,-21.5158539,-42.987793,2
12.3143167,0.0419008216,-0.0157857151,-0.811390389,0.582787103,0.0497549968,0.0745242357,-1.89769909,0.486374783,-0.730156761,-9.76732804,-0.249799302,-0.0796827547,-0.0417161582,-0.00154634728,-0.0763764828,-0.640621603,-20.9496613,-21.7086487,-42.9456177,2
12.3242747,0.0415025539,-0.0158136054,-0.813878992,0.579334401,0.0493881853,0.0738956706,-1.90619032,0.482814533,-0.724009636,-9.76796225,-0.289185045,-0.0669756141,0.118282096,-0.0621425845,-0.0869974345,-0.656329691,-20.9009552,-21.7905273,-43.2458496,2
12.3342317,0.0409680675,-0.0155792191,-0.81639081,0.575833997,0.0490991266,0.0726830532,-1.91477476,0.480033743,-0.712149833,-9.76897113,-0.297776676,-0.0457655067,0.171364867,-0.116467372,-0.0635302886,-0.662346125,-20.9405212,-22.12146,-43.0905457,2
12.3441897,0.0404358597,-0.0150581215,-0.818906332,0.572302783,0.0491342799,0.0710051418,-1.92341397,0.480435163,-0.695737628,-9.77013375,-0.26361181,-0.0491592408,0.0204956755,-0.151677027,-0.0230523758,-0.665789843,-20.5427399,-22.1829147,-43.0136719,2
12.3541477,0.0400005413,-0.0143385771,-0.821409825,0.568753137,0.0495419383,0.0691115673,-1.93207663,0.484482393,-0.677213544,-9.77123557,-0.272896319,-0.0988079456,-0.225154909,-0.159669623,0.0111055346,-0.675492764,-20.5351868,-22.3562851,-43.0530701,2
12.3641047,0.0396937832,-0.0135433278,-0.82391938,0.565152867,0.0502354316,0.067233974,-1.94083836,0.491321518,-0.65884341,-9.77214976,-0.291107939,-0.111192576,-0.475033341,-0.148572758,0.0365046337,-0.690341771,-20.2986908,-22.3119125,-43.0851135,2
12.3740627,0.0395079034,-0.0127622985,-0.826447545,0.561480694,0.0511026501,0.0655074317,-1.94974764,0.499853309,-0.64194912,-9.77284184,-0.261931054,-0.0662865359,-0.635500966,-0.128009841,0.0494908653,-0.707166016,-20.1154785,-22.4214325,-43.2479248,2
12.3840207,0.0394408433,-0.0120256346,-0.829014753,0.557704453,0.0521107189,0.0639751557,-1.95888105,0.509755366,-0.626954087,-9.77330361,-0.215569335,-0.0354925345,-0.705368868,-0.105327159,0.0594185963,-0.732155263,-19.8720627,-22.5425186,-43.2341003,2
12.3939777,0.0394699495,-0.0113896799,-0.831617693,0.55382692,0.0531614567,0.0627038411,-1.96822907,0.520066223,-0.614511735,-9.77355028,-0.301147906,-0.123651441,-0.744027392,-0.0703606457,0.0543203391,-0.76168865,-19.769165,-22.5170975,-43.2253723,2
12.4039357,0.0395214914,-0.0109729475,-0.834297702,0.549786269,0.0540091531,0.0618054976,-1.97793695,0.528380608,-0.605719065,-9.77365374,-0.328316593,-0.140075702,-0.759486827,-0.0270744283,0.0155082271,-0.793505192,-19.3634033,-22.6418152,-43.3067627,2
12.4138927,0.0394801337,-0.0108432603,-0.837046485,0.545597754,0.0543901237,0.0612715007,-1.98796253,0.532121548,-0.60049227,-9.77377298,-0.306918416,-0.162361221,-0.595364771,0.00554897031,-0.0376476012,-0.825786412,-19.262413,-22.8350525,-43.2763977,2
12.4238507,0.0392834405,-0.0109439069,-0.839880778,0.541236879,0.0542676531,0.0609441669,-1.99836064,0.530935188,-0.597288213,-9.77403368,-0.306779519,-0.176189547,-0.32560675,0.0174855236,-0.0899089426,-0.862419486,-18.9615936,-23.0489502,-43.3721008,2
12.4338087,0.0389000018,-0.0111763868,-0.842777732,0.536737893,0.0536949538,0.0606337759,-2.00904562,0.525347451,-0.594249941,-9.77452117,-0.290717113,-0.166957572,-0.0788157626,0.0137356389,-0.129301593,-0.894390523,-18.9239655,-23.1317596,-43.2496338,2
12.4437657,0.0383742557,-0.0114296026,-0.845733373,0.532101388,0.0528657268,0.0602071498,-2.020015,0.517255293,-0.590073788,-9.77520564,-0.259580801,-0.168290611,0.12432839,-0.0025999241,-0.141644269,-0.924461663,-18.736908,-23.3938522,-43.3111572,2
12.4537237,0.0378137167,-0.0115785481,-0.84870449,0.52738679,0.0520885095,0.0595736725,-2.03112927,0.50967704,-0.583872632,-9.77597604,-0.190501456,-0.149502287,0.225505622,-0.0266664308,-0.118511364,-0.936096668,-18.5960159,-23.5220032,-43.3310547,2
12.4636817,0.0373388326,-0.0115335578,-0.851678919,0.522604816,0.0516583338,0.0587063992,-2.04236573,0.505497562,-0.575382488,-9.77669618,-0.0936963016,-0.111455173,0.243134803,-0.047032956,-0.0765005201,-0.947368264,-18.3631592,-23.741478,-43.2417908,2
12.4736387,0.0370257792,-0.0113273532,-0.854645215,0.517766748,0.0516669908,0.057735241,-2.05369955,0.50561085,-0.565874801,-9.77724563,-0.0510131981,-0.120962896,0.166171974,-0.0460836515,-0.0324271172,-0.958004057,-18.1017685,-23.9545898,-43.3638,2
12.4835967,0.0369196225,-0.0110881377,-0.857616288,0.512843283,0.0520605655,0.0569174224,-2.06519902,0.509482796,-0.557867911,-9.77750457,-0.02226411,-0.187927002,0.0106581721,-0.0132109243,-0.00309718959,-0.982173324,-18.0175323,-24.2355499,-43.215332,2
12.4935537,0.0370199818,-0.0109839439,-0.860611907,0.507795275,0.0526729474,0.0565330779,-2.07695504,0.515481489,-0.554104832,-9.77740403,-0.122235254,-0.160415822,-0.14341946,0.0421451218,0.0164523181,-1.01035523,-17.8399963,-24.3510056,-43.0673523,2
12.5035117,0.0372992814,-0.0110863231,-0.863657708,0.502574587,0.053395263,0.0566712484,-2.08907665,0.522539663,-0.555457671,-9.77695278,-0.191991548,-0.147241649,-0.223178641,0.0947393551,0.00764604378,-1.0462743,-17.4805756,-24.577858,-42.933075,2
12.5134697,0.0377190474,-0.01141831,-0.866742872,0.497195737,0.0541465373,0.0573323802,-2.10152694,0.529864673,-0.56193063,-9.77618823,-0.281467639,-0.0171679924,-0.146280695,0.154003829,0.0227365196,-1.07237136,-17.1737595,-24.8199081,-43.084259,2
12.5234267,0.0383184841,-0.0119464467,-0.869411762,0.492455022,0.0549847691,0.0585464631,-2.11247347,0.53802131,-0.573816737,-9.7750525,-0.282591272,0.210046553,-0.137989836,0.206156522,0.0184094161,-1.10793972,-17.0524216,-25.2706909,-43.1676025,2
12.5333847,0.0389824531,-0.0126757718,-0.872591494,0.486727467,0.0558219581,0.0601053862,-2.12565425,0.546154129,-0.589077653,-9.77369349,-0.377813176,0.179368762,0.040067222,0.226036713,0.0167837199,-1.13832998,-16.6362534,-25.5902328,-42.7253113,2
12.5433427,0.0396570177,-0.0133558348,-0.87578607,0.480882235,0.0567549192,0.0615733182,-2.13905792,0.555222693,-0.603446517,-9.77230583,-0.380746563,0.150342647,0.310121596,0.19417119,0.0313663892,-1.15531063,-16.3528595,-25.9181213,-42.9520874,2
12.5532997,0.0403005272,-0.0137772013,-0.878960162,0.474989584,0.0579025637,0.0625446529,-2.15251956,0.566403282,-0.612953692,-9.77107249,-0.324440555,0.160747684,0.53274611,0.131784797,0.0544464216,-1.16616559,-16.0581284,-26.092926,-42.9663391,2
12.5632577,0.0409054829,-0.013842488,-0.882130047,0.469022112,0.0593348792,0.0628342393,-2.16609967,0.58038742,-0.615788039,-9.77007354,-0.333785928,0.148468633,0.605369447,0.0679634809,0.0895825773,-1.18619633,-15.6456299,-26.2915955,-42.8484802,2
12.5732157,0.0415838531,-0.0135465284,-0.885293846,0.462970972,0.0612424518,0.0625302915,-2.17981985,0.599034911,-0.612813151,-9.76913539,-0.407200745,0.19996176,0.523626399,0.0207418911,0.146222755,-1.20425487,-15.2292862,-26.4281235,-42.8065186,2
12.5831727,0.0424291254,-0.0129439779,-0.888431336,0.456860908,0.0637282668,0.0618074335,-2.19362483,0.623345322,-0.605738025,-9.76805519,-0.508574595,0.370356869,0.340138548,-0.0120046027,0.202333957,-1.22553456,-14.9248123,-26.4672165,-42.9276733,2
12.5931307,0.04341593,-0.0121367208,-0.891596888,0.45058039,0.0666543107,0.0608043187,-2.20776226,0.651964537,-0.595919299,-9.76679087,-0.641790422,0.586341287,0.0847895763,-0.0249769296,0.232560828,-1.26839626,-14.4929504,-26.8044434,-42.752594,2
12.6030877,0.0444826826,-0.0112440984,-0.894822954,0.444056916,0.0698029877,0.0596640328,-2.22238826,0.682760657,-0.584757196,-9.76536113,-0.74890172,0.772251908,-0.179104521,-0.0252554957,0.241849124,-1.32046235,-13.9485779,-27.0248337,-42.7721863,2
12.6130457,0.0455428299,-0.0103446405,-0.897734337,0.438054443,0.0728968584,0.0585073297,-2.23579515,0.713018871,-0.573433619,-9.76387001,-0.844551567,0.934807153,-0.499922283,-0.0119358096,0.214235038,-1.37812161,-13.9485779,-27.0248337,-42.7721863,2
12.6230037,0.0463998609,-0.00969120414,-0.901104853,0.431002526,0.075464594,0.0574941667,-2.25148152,0.738130954,-0.563514575,-9.76258173,-0.909916093,1.05746703,-0.679130265,0.021648515,0.132789984,-1.44477999,-13.584549,-27.2569275,-42.9543457,2
12.6329607,0.0468906577,-0.00941882631,-0.904592101,0.423586581,0.0770548113,0.0567954279,-2.26790878,0.75368479,-0.556673477,-9.76178561,-1.01315756,1.07471758,-0.729606068,0.0658021197,0.0171639603,-1.51397669,-12.9190063,-27.3756485,-42.7951965,2
12.6429187,0.0469545937,-0.00955108757,-0.908175826,0.415837203,0.0775436495,0.05642901,-2.28500391,0.758472389,-0.553085901,-9.76161843,-1.10653062,1.03506727,-0.615150252,0.0984617919,-0.0865070373,-1.57586801,-12.5592957,-27.6616364,-42.8779907,2
12.6528767,0.0466853921,-0.0099451169,-0.911819595,0.407806797,0.0772246609,0.0562431931,-2.30264474,0.755366386,-0.551266576,-9.76196272,-1.14891445,0.992845793,-0.353688935,0.109460741,-0.152991235,-1.62315655,-12.1784286,-27.9590225,-42.7320557,2
12.6628337,0.0462128667,-0.0104316791,-0.915472024,0.399582922,0.0764710605,0.0560609258,-2.32063402,0.748017265,-0.549481958,-9.76262907,-1.13707606,1.0133571,-0.0541962851,0.10279166,-0.174862713,-1.64909518,-11.6867599,-28.0235443,-42.70755,2
12.6727917,0.0457082866,-0.0108331862,-0.919088668,0.391240779,0.0757329128,0.055708018,-2.33880494,0.740825381,-0.54602652,-9.76337141,-1.13751569,1.0262122,0.248963655,0.0763672367,-0.151293203,-1.65962267,-11.2446518,-28.3690948,-42.710144,2
12.6827487,0.0453206893,-0.0110408008,-0.922638988,0.38283336,0.0753612784,0.0551017692,-2.35704439,0.737221731,-0.540090372,-9.76397406,-1.16234319,0.997381391,0.46354807,0.0530235656,-0.102794632,-1.66939139,-10.7714386,-28.5108414,-42.7579651,2
12.6927067,0.0451593675,-0.0110486268,-0.926108901,0.374380434,0.0755553436,0.0543047173,-2.37531426,0.739148826,-0.532285653,-9.76425697,-1.23804162,0.854005039,0.522937832,0.0405772366,-0.0402125008,-1.67176175,-10.3880463,-28.7474442,-42.559967,2
12.7026647,0.0452139948,-0.0108979386,-0.929484109,0.36591832,0.0762582468,0.0533735171,-2.39353853,0.746049399,-0.523166928,-9.76422482,-1.26619073,0.743880969,0.493128385,0.024378825,0.00145238964,-1.66473067,-9.89074707,-28.8516922,-42.54422,2
12.7126217,0.045393718,-0.0106127821,-0.932759143,0.357473134,0.077277597,0.0522762151,-2.41165894,0.756046039,-0.512421078,-9.76402608,-1.26421622,0.658316317,0.465246106,0.00815958902,0.0279539339,-1.6528616,-9.39272308,-29.1652222,-42.5509644,2
12.7225797,0.0456403362,-0.0102092092,-0.935929146,0.349069047,0.0784872909,0.05099555,-2.42962409,0.767907815,-0.499878773,-9.76375018,-1.2551288,0.512746145,0.417236401,-0.00717036519,0.0468008593,-1.64075136,-8.86539459,-29.1890717,-42.528717,2
12.7325377,0.0459440185,-0.00973288454,-0.938998082,0.340700754,0.0798335601,0.0496049842,-2.44744923,0.781106392,-0.48625923,-9.76339129,-1.2514184,0.347992586,0.358967167,-0.0136043262,0.0623802505,-1.6244117,-8.29250336,-29.3218079,-42.5733337,2
12.7424947,0.0463330187,-0.00921388559,-0.941953794,0.332402494,0.0813456598,0.048179168,-2.46506625,0.795924241,-0.472293468,-9.76287983,-1.20278984,0.238857308,0.315809578,-0.0110389031,0.0862853155,-1.60429204,-7.74692535,-29.427475,-42.5547791,2
12.7524527,0.0468326152,-0.0086907189,-0.944805206,0.324151706,0.0830474322,0.0468009001,-2.48252895,0.812590568,-0.45879251,-9.76215093,-1.16753177,0.212786755,0.23173195,-0.00326325465,0.106333256,-1.58810043,-7.23986816,-29.6799393,-42.345459,2
12.7624097,0.0474106848,-0.00816376739,-0.94755687,0.315945411,0.0848794425,0.0454452856,-2.4998448,0.830525453,-0.445512611,-9.76125661,-1.11498734,0.220007208,0.181307584,-0.00391333224,0.116186678,-1.57059646,-6.53258514,-29.6790237,-42.561615,2
12.7723677,0.0479957691,-0.00759818583,-0.950202338,0.307821504,0.0867261306,0.0440020855,-2.51693174,0.848604861,-0.43137383,-9.76033658,-1.04178781,0.254051662,0.220640062,-0.0228563305,0.116661802,-1.54866111,-6.04883575,-29.8048859,-42.6234131,2
12.7823257,0.0485237853,-0.00689690523,-0.952740739,0.299804814,0.0885201744,0.0422498226,-2.5337317,0.866179461,-0.414205984,-9.75953637,-0.925436683,0.298534509,0.249767373,-0.0636604875,0.113546699,-1.52162409,-5.45569611,-29.7883759,-42.6920166,2
12.7922827,0.0489404169,-0.00597865896,-0.955163875,0.291943715,0.0901956935,0.0400075642,-2.55013811,0.882611979,-0.392235523,-9.75897172,-0.809290284,0.383704572,0.199373402,-0.117648304,0.100556709,-1.5047195,-5.04125977,-29.9019852,-42.8552551,2
12.8022407,0.0491779849,-0.00484531433,-0.957512237,0.284127144,0.0916151871,0.0372330985,-2.56638262,0.896559987,-0.36504762,-9.75875545,-0.760390425,0.457522015,0.0839361743,-0.166702658,0.070233956,-1.49587548,-4.416008,-29.7805939,-43.0483704,2
12.8121987,0.049171762,-0.00357268954,-0.959788756,0.276360055,0.0926001683,0.0340428513,-2.58246066,0.906274813,-0.333781836,-9.75897756,-0.690498046,0.437928001,-0.0924140798,-0.200442478,0.023491852,-1.48151815,-4.00557709,-29.931778,-42.8290405,2
12.8221557,0.0488786836,-0.00224995535,-0.961996544,0.268641494,0.0930109019,0.0305953567,-2.59838271,0.910384514,-0.299991156,-9.75969185,-0.595398015,0.412666609,-0.317054025,-0.218950391,-0.032293383,-1.46795368,-3.44007111,-29.7927933,-42.8502502,2
12.8321137,0.0483171864,-0.000961808524,-0.964127693,0.261002275,0.0928330749,0.0270797131,-2.61409725,0.90874113,-0.265528804,-9.76084336,-0.536892416,0.34348837,-0.527489504,-0.216633111,-0.0838867798,-1.45103061,-3.12726593,-29.7427292,-42.9469299,2
12.8420707,0.047550725,0.000194923253,-0.96618687,0.253419965,0.0921407866,0.0237261676,-2.62966507,0.902060484,-0.232652389,-9.76230232,-0.533653288,0.277242733,-0.719213269,-0.189867809,-0.121246934,-1.43745112,-2.69400024,-29.6139374,-43.0473938,2
12.8520287,0.0467077248,0.00112443141,-0.96817394,0.245878706,0.0911411542,0.0207930778,-2.64513399,0.892359539,-0.203895739,-9.76383669,-0.581562821,0.248635702,-0.92118604,-0.136369035,-0.137235627,-1.42441261,-2.28983307,-29.5277328,-42.9926758,2
12.8619867,0.045905468,0.00173567849,-0.970084459,0.238381465,0.0900288545,0.0185195745,-2.66051013,0.881538066,-0.181604613,-9.76525942,-0.622216683,0.188486262,-1.03633101,-0.0648517087,-0.138716355,-1.405563,-1.85652161,-29.4220505,-43.0335693,2
12.8719437,0.0451767844,0.00199138823,-0.971918084,0.230933413,0.0888657586,0.0169955437,-2.67578832,0.870203091,-0.166661329,-9.76654245,-0.646794733,0.114885037,-1.01634328,0.00769179454,-0.144232079,-1.38371813,-1.34616089,-29.3938904,-43.0744019,2
12.8819017,0.0444898682,0.00189743503,-0.973675198,0.223547597,0.0876092026,0.0161969436,-2.69094172,0.857941575,-0.158830818,-9.76775767,-0.658624798,0.0557288284,-0.935071942,0.0719701201,-0.153242618,-1.36439025,-0.88722229,-29.4037018,-43.0648193,2
12.8918597,0.0437896202,0.00152312383,-0.975351273,0.216263957,0.0861969948,0.0159697503,-2.70588305,0.844149708,-0.156603095,-9.7689951,-0.714115215,-0.0457086437,-0.685285865,0.112466402,-0.172245711,-1.34303164,-0.659111023,-29.3252945,-43.1531067,2
12.9018167,0.0430433825,0.00100450012,-0.976953822,0.209063271,0.0846346744,0.0160355675,-2.72064084,0.828885503,-0.157248462,-9.77029215,-0.772023725,-0.132451637,-0.351644277,0.125412032,-0.182451203,-1.31707597,-0.222846985,-29.3203506,-43.1674194,2
12.9117747,0.0422594428,0.000477438904,-0.978475449,0.201989367,0.0829985855,0.0161382922,-2.73511645,0.812898026,-0.158255721,-9.77161902,-0.743765892,-0.170200554,-0.0516407554,0.109966166,-0.185008213,-1.29194164,0.0583114624,-29.4639587,-43.2205505,2
12.9217327,0.0414818892,5.57984816E-05,-0.97991699,0.195043489,0.0814198153,0.0160728811,-2.74930114,0.79747074,-0.157614337,-9.77290029,-0.773828364,-0.246109617,0.191454884,0.0841180608,-0.168095276,-1.26435387,0.315788269,-29.5122223,-43.0643921,2
12.9316897,0.0407932328,-0.000219771218,-0.981280623,0.188212826,0.0800719948,0.0157875896,-2.76322142,0.784301462,-0.154816943,-9.77401088,-0.798667037,-0.334350101,0.356717927,0.0608445182,-0.139850378,-1.24564981,0.708084106,-29.3284607,-43.1773376,2
12.9416477,0.0402259091,-0.000382070793,-0.982579684,0.181435606,0.0790031324,0.015348257,-2.77700814,0.773859197,-0.150509071,-9.77491046,-0.843441048,-0.346289472,0.409392117,0.0482733324,-0.11345233,-1.23667681,1.13737488,-29.1962433,-43.1419067,2
12.9516047,0.0397234945,-0.000486471347,-0.983822066,0.174688031,0.0780796341,0.0148361848,-2.79071397,0.764837686,-0.145487937,-9.77569664,-0.882004222,-0.346821533,0.360498615,0.0447717309,-0.108366869,-1.23244798,1.38977051,-29.2612152,-42.8002014,2
12.9615627,0.0392461583,-0.000545523977,-0.984893158,0.168655926,0.0772071163,0.0143132488,-2.80294972,0.756313677,-0.140360228,-9.77643431,-0.855074861,-0.366464063,0.255293442,0.0419383943,-0.0965781212,-1.22464788,1.39785767,-29.2638474,-42.7998352,2
12.9715207,0.0388712534,-0.000615861267,-0.986028162,0.161978776,0.0765387849,0.0138075879,-2.81648181,0.749784933,-0.135401884,-9.77700714,-0.813530917,-0.425291953,0.157853643,0.0438387655,-0.0718607157,-1.21255779,1.8341217,-29.3626556,-42.6060486,2
12.9814777,0.038596236,-0.000694796896,-0.987104312,0.15535431,0.0760612468,0.0133642551,-2.82989435,0.745120448,-0.131054667,-9.77742332,-0.820538092,-0.503260853,0.060256608,0.0519954935,-0.0536952987,-1.20252347,2.1395874,-29.2893906,-42.5996094,2
12.9914357,0.0384522793,-0.000787512628,-0.988122412,0.148777982,0.0758358578,0.0129983888,-2.84319819,0.742920308,-0.127467063,-9.77763784,-0.787961519,-0.511786506,-0.0288619373,0.0560441539,-0.0195292067,-1.18975234,2.52655029,-29.3672943,-42.4333801,2
13.0013937,0.0384701038,-0.000876692452,-0.989084856,0.142234037,0.0759300391,0.0126781024,-2.85642518,0.743844217,-0.124326381,-9.77760803,-0.780356085,-0.337008068,-0.158328275,0.0602431595,0.00850801915,-1.18847454,2.87195587,-29.3475571,-42.5145264,2
13.0113507,0.0385729026,-0.000989790127,-0.990002075,0.135672492,0.0761854874,0.012426672,-2.86967774,0.746344218,-0.121860886,-9.77744904,-0.851539672,-0.147189261,-0.322789939,0.070088625,0.0134527134,-1.19172525,3.23448944,-29.1019135,-42.2808533,2
13.0213087,0.0386575034,-0.00114563283,-0.990876295,0.129106063,0.076393804,0.0122525035,-2.88293102,0.748382665,-0.120153004,-9.77731402,-0.879764627,-0.1240573,-0.386072032,0.0782861039,-0.000335536664,-1.19445133,3.53245544,-29.184227,-42.5287781,2
13.0312667,0.0386466763,-0.00135236916,-0.991709479,0.122543603,0.0764010451,0.0121544198,-2.89616755,0.748454342,-0.11919121,-9.77732045,-0.826116331,-0.110354628,-0.418237687,0.0829560682,-0.024181705,-1.19265187,3.8918457,-29.1043472,-42.6203918,2
13.0412237,0.0385246912,-0.00159233235,-0.992499302,0.116010719,0.07618124,0.012099627,-2.90933488,0.746305712,-0.118653916,-9.77749113,-0.731342025,-0.0463981055,-0.445001775,0.0841289237,-0.0448286608,-1.18012571,4.27401733,-29.11026,-42.6167297,2
13.0511817,0.0383163279,-0.00181572471,-0.993238373,0.109571695,0.0757945962,0.0120039532,-2.92230108,0.742526121,-0.11771574,-9.7777904,-0.57792483,0.0656401094,-0.412530415,0.0720850229,-0.0571119711,-1.15707231,4.5521698,-28.9066696,-42.5354614,2
13.0611387,0.0380748715,-0.00195350635,-0.993924697,0.103247681,0.0753602241,0.0117458309,-2.93502037,0.738281103,-0.115184605,-9.7781417,-0.398304541,0.146457111,-0.351575888,0.0458512865,-0.0545622595,-1.13195276,4.9282608,-28.8638382,-42.6524048,2
13.0710967,0.0378127192,-0.00194978467,-0.994557914,0.0970611783,0.0749101316,0.011218877,-2.94744462,0.733884403,-0.110017294,-9.77853216,-0.264770515,0.167476372,-0.255118086,0.0166855175,-0.0600806437,-1.10655689,5.2208786,-28.71138,-42.7304077,2
13.0810547,0.0374857866,-0.00186284597,-0.995143112,0.0910022939,0.0743409723,0.0105303764,-2.95959863,0.728324211,-0.103265811,-9.7790214,-0.143989442,0.205466568,-0.205247847,0.0105698342,-0.0772780031,-1.08439302,5.50122833,-28.5464935,-42.724884,2
13.0910117,0.0370537854,-0.00182869479,-0.995684708,0.085062185,0.073546589,0.00994552273,-2.97151072,0.720560007,-0.0975306556,-9.77965561,-0.0435994878,0.233848759,-0.220026899,0.032846652,-0.1026344,-1.06906366,5.65416718,-28.5119629,-42.7453308,2
13.1009697,0.0364819356,-0.00197294074,-0.996189049,0.0791986374,0.0724400517,0.00970963565,-2.98327497,0.70973963,-0.0952175016,-9.78046985,-0.0272425195,0.23737149,-0.252432208,0.0773920119,-0.138098389,-1.05433536,5.86080933,-28.3923569,-42.8172607,2
13.1109277,0.0357457828,-0.00235687926,-0.996657524,0.0734185583,0.0709695976,0.0099469746,-2.99488181,0.695355496,-0.0975448942,-9.7814799,0.00599595248,0.174307241,-0.164632344,0.121203698,-0.175572261,-1.03883183,5.99887848,-28.3032913,-42.7330627,2
13.1208847,0.0348228241,-0.00294072925,-0.997093095,0.0677053895,0.0691038389,0.0105799448,-3.00636095,0.677100001,-0.103751877,-9.78269688,0.102212639,0.0790599283,0.0382961206,0.14627257,-0.217349797,-1.0147481,6.39546967,-28.1846085,-42.8399658,2
13.1308427,0.0337087809,-0.00358442303,-0.997490904,0.0621501848,0.0668569516,0.0113411158,-3.01751974,0.65511226,-0.111215966,-9.784112,0.154726524,0.0317566633,0.29185061,0.139291778,-0.252501875,-0.983488977,6.46276093,-28.2322693,-42.7120667,2
13.1407997,0.0324368552,-0.00414187823,-0.997852825,0.0567481808,0.0643132403,0.0119477191,-3.02835878,0.630217765,-0.117164308,-9.78567735,0.250998229,0.0321684133,0.555281767,0.106678709,-0.278743863,-0.949359179,6.83476257,-28.1038437,-42.7427063,2
13.1507577,0.0310135617,-0.0045087686,-0.998179514,0.0515298133,0.0614928508,0.0121976695,-3.03881178,0.602614048,-0.119615308,-9.7873865,0.294912446,0.0615541736,0.744486826,0.0606661215,-0.308410436,-0.919496,6.89867401,-28.1735916,-42.7622375,2
13.1607157,0.0294312659,-0.00465256657,-0.998475299,0.0464664113,0.0583777798,0.0120263661,-3.04893615,0.572123961,-0.11793552,-9.78923651,0.325402532,0.108656244,0.792724495,0.0148720024,-0.335076928,-0.895582199,6.98345184,-27.9320145,-43.0782166,2
13.1706727,0.027794927,-0.00459420048,-0.99873963,0.0415386198,0.0551697366,0.0114861985,-3.05877541,0.54072023,-0.112638656,-9.7910836,0.352616483,0.143312629,0.638200288,-0.0232178494,-0.320568204,-0.873854101,7.0214386,-27.8637543,-43.0373535,2
13.1806307,0.0263528411,-0.00438777658,-0.998968077,0.0367292471,0.0523558876,0.0107025418,-3.06837162,0.513171933,-0.104954074,-9.79265129,0.338715091,0.0843023681,0.356354939,-0.0412581041,-0.254162282,-0.842698038,7.21775818,-27.7330475,-43.0601501,2
13.1905887,0.0253292094,-0.00411631701,-0.999154929,0.0321072647,0.0503750283,0.00985233951,-3.07759413,0.493777387,-0.0966168835,-9.7937344,0.329379254,-0.047934777,0.0452934322,-0.0443658829,-0.158116236,-0.80131048,7.34872437,-27.7958908,-43.0928345,2
13.2005457,0.0248014903,-0.00386835693,-0.999301174,0.0276969204,0.0493761402,0.00910528287,-3.0863991,0.483997751,-0.0892910889,-9.79429204,0.297709346,-0.126039149,-0.16483868,-0.0277498886,-0.054789044,-0.757037818,7.52254486,-27.6059113,-43.0354919,2
13.2105037,0.0248053163,-0.00371063042,-0.999408698,0.0235194856,0.0494286987,0.00858379461,-3.09474672,0.484514724,-0.0841772348,-9.79431191,0.389518738,-0.171555147,-0.32567923,-0.00669765379,0.0539061725,-0.704309106,7.79289246,-27.613884,-43.0421448,2
13.2204607,0.0253095674,-0.00362619279,-0.999480968,0.0195925878,0.0504739105,0.00824047447,-3.10260015,0.494753027,-0.0808105348,-9.79382851,0.505424972,-0.152476216,-0.382875282,0.00423329091,0.144414231,-0.655493915,8.06855011,-27.3284225,-43.2842102,2
13.2304187,0.0261977586,-0.00358898664,-0.999524331,0.0158671663,0.05228219,0.00800601285,-3.11005522,0.512463164,-0.0785113271,-9.79293653,0.518091269,-0.0259374373,-0.402771238,0.0137828235,0.206568047,-0.626702011,8.28692627,-27.455452,-43.1341248,2
13.2403767,0.0273022976,-0.00360262011,-0.999545402,0.0122678079,0.0545200735,0.00787192472,-3.11726175,0.534377876,-0.0771964177,-9.79177567,0.468643238,0.112209891,-0.444783164,0.026806213,0.231121853,-0.602711976,8.55173492,-27.1689758,-43.0601196,2
13.2503337,0.028430103,-0.00370841103,-0.999549916,0.00882883339,0.0568014498,0.00791557581,-3.12415237,0.556715014,-0.0776244704,-9.79052713,0.485062312,0.194788997,-0.515911879,0.046747759,0.216335922,-0.57421124,8.67645264,-27.2614517,-43.050415,2
13.2602917,0.0294087219,-0.00390564979,-0.999544426,0.00554223442,0.0587831474,0.00813381071,-3.13074238,0.576114748,-0.0797645512,-9.7893879,0.554696916,0.223265296,-0.48188686,0.0608974025,0.172476575,-0.546842992,8.83929443,-27.1436157,-42.9609985,2
13.2702497,0.0301299178,-0.00417805863,-0.99953444,0.00238107588,0.0602505037,0.00849581242,-3.13708431,0.590476889,-0.0833144531,-9.78850235,0.563827879,0.259436205,-0.358572615,0.0723671168,0.110681579,-0.525779188,9.05285645,-27.1475372,-42.813324,2
13.2802067,0.0304840826,-0.00448219277,-0.9995249,-0.000699581027,0.0609856905,0.00891759257,3.13992082,0.597670892,-0.0874505482,-9.78802947,0.588506685,0.305470811,-0.192199565,0.0718038604,0.0271701794,-0.513771236,9.25994873,-27.1555023,-42.6713562,2
13.2901646,0.0303947287,-0.00474749316,-0.999519678,-0.0037444589,0.0608359395,0.00926293451,3.13381832,0.596203267,-0.090837058,-9.78808851,0.580547177,0.283269299,0.0712210696,0.0586045831,-0.0632835925,-0.511719763,9.39783478,-27.050766,-42.8825684,2
13.3001216,0.0298954402,-0.00495163171,-0.999517937,-0.00675881809,0.059867444,0.00949451638,3.12778441,0.586721994,-0.0931079986,-9.78863971,0.663650225,0.243043179,0.252086171,0.0475775003,-0.139867857,-0.502717972,9.48984528,-26.9077988,-42.9197388,2
13.3100796,0.0290540307,-0.00507768748,-0.999522318,-0.00923577302,0.0582096526,0.00961399915,3.12283291,0.570492999,-0.0942796727,-9.78958781,0.746767119,0.131388109,0.372295436,0.0332484096,-0.196288511,-0.487080604,9.48984528,-26.9077988,-42.9197388,2
13.3200376,0.0280014213,-0.00515198321,-0.999521781,-0.0120671292,0.056132471,0.00962339386,3.11717786,0.550157008,-0.0943717989,-9.790751,0.815136891,-0.0165113643,0.509777907,0.0198503099,-0.224898577,-0.456228942,9.57222748,-26.9004593,-42.4637146,2
13.3299946,0.0269102579,-0.00514873117,-0.999515849,-0.0147393013,0.0539748737,0.00949934288,3.11184548,0.529031838,-0.0931553266,-9.79192706,0.915420316,-0.169310747,0.57933835,0.0042432053,-0.20935297,-0.418401331,9.69393921,-26.8094788,-42.7367249,2
13.3399526,0.0259987881,-0.0050819306,-0.999501197,-0.0171944249,0.0521723048,0.00926485556,3.1069483,0.511381506,-0.0908558997,-9.79288626,0.949979734,-0.29805394,0.540643585,-0.00906487741,-0.157185644,-0.381743163,9.61129761,-26.8029327,-42.6605835,2
13.3499106,0.0253953456,-0.00497173313,-0.999475905,-0.0194493363,0.0509815888,0.00895052922,3.10245029,0.499722048,-0.0877735331,-9.79351638,0.938744639,-0.372363788,0.438472666,-0.0169169325,-0.0872442722,-0.348187476,9.52952576,-26.6806564,-43.0598145,2
13.3598676,0.0251047488,-0.00485981208,-0.999440903,-0.0215364666,0.0504139821,0.00863296202,3.09828463,0.49416445,-0.0846593832,-9.79382559,0.922604821,-0.406303284,0.249191034,-0.0132841133,-0.0361059904,-0.321650684,9.53643036,-26.6424637,-42.7381287,2
13.3698256,0.0249785491,-0.00476842572,-0.999400381,-0.0234991622,0.0501740514,0.00835728029,3.09436509,0.491815768,-0.0819559694,-9.79396646,0.886496565,-0.352742959,0.00841594617,-0.0132212043,-0.0170751046,-0.299333453,9.61516571,-26.6638565,-42.6921082,2
13.3797836,0.0249215167,-0.00467085967,-0.999355929,-0.0253907253,0.050070673,0.00807023943,3.09058731,0.490804436,-0.0791411586,-9.79404069,0.820919201,-0.250811475,-0.171973354,-0.0175547004,-0.00858334824,-0.279067308,9.86575317,-26.4300766,-42.9552612,2
13.3897406,0.0248866987,-0.00453121778,-0.999309857,-0.0272012641,0.0500078797,0.00770235802,3.08697336,0.49019087,-0.0755335808,-9.79409973,0.783225576,-0.226736078,-0.321551337,-0.0294413846,-0.0078538917,-0.260429472,9.99237061,-26.2786713,-42.9931335,2
13.3996986,0.0248148535,-0.00434841911,-0.999264602,-0.0289061272,0.0498665779,0.00725590363,3.08357303,0.488808549,-0.0711554845,-9.79420144,0.766052761,-0.277202565,-0.385644162,-0.0373051688,-0.0244837329,-0.237776354,10.045311,-26.3350067,-42.7346497,2
13.4096556,0.0246524259,-0.00413185242,-0.999223957,-0.030440836,0.0495395339,0.00675646235,3.08051514,0.485607086,-0.0662577573,-9.7943955,0.820430321,-0.355123425,-0.342654331,-0.0438987017,-0.039817892,-0.205737814,10.0111847,-26.3238754,-42.9700012,2
13.4196136,0.0244772519,-0.00385655896,-0.999186993,-0.0318014441,0.0491807449,0.00615006196,3.07780823,0.48209484,-0.0603111238,-9.7946071,0.890680938,-0.438582337,-0.181881,-0.0612931363,-0.0297916196,-0.164235368,10.1083679,-26.2089386,-43.0677185,2
13.4295716,0.0243961759,-0.00348723836,-0.999153805,-0.0329288613,0.0490010367,0.00536192405,3.07557161,0.480336818,-0.0525822603,-9.79473803,0.899920841,-0.513049549,0.0235521405,-0.0835312232,-0.00499976985,-0.119872905,10.0598068,-26.1030579,-43.084259,2
13.4395286,0.0244548643,-0.00301127866,-0.999124946,-0.0337969702,0.0490906562,0.00436430046,3.07385815,0.481216962,-0.0427990307,-9.7947427,0.880934547,-0.58283748,0.18755963,-0.108352415,0.024786355,-0.0711660832,9.99191284,-26.1536713,-43.0921326,2
13.4494866,0.0246958088,-0.00241421623,-0.999099866,-0.0344057694,0.0495337796,0.0031247347,3.07266892,0.485559448,-0.0306431285,-9.79457378,0.897990239,-0.594245192,0.299619491,-0.138147414,0.0655342042,-0.0159619059,10.0946274,-26.1298218,-43.0400085,2
13.4594446,0.0251451009,-0.00167372921,-0.999077694,-0.0347668613,0.0503815749,0.00159593924,3.07198261,0.493864846,-0.0156508111,-9.79419384,0.830278711,-0.608638971,0.320039179,-0.170992985,0.102595016,0.0213143602,10.0513382,-25.9449081,-43.0278015,2
13.4694016,0.0257194549,-0.000817490915,-0.999056136,-0.0349922015,0.0514702935,-0.000166522067,3.07157503,0.504528316,0.00163302358,-9.79366309,0.686886724,-0.602878617,0.176903212,-0.186563507,0.113333389,0.0480080657,10.2210388,-25.7288132,-43.0726318,2
13.4793596,0.0262619007,6.46844206E-05,-0.999037309,-0.0351382229,0.0524928979,-0.00197483863,3.07132931,0.514542089,0.0193665391,-9.79312299,0.560305257,-0.565545496,-0.0859516058,-0.182320565,0.0903028995,0.0578425899,10.3194199,-25.6888275,-43.0899963,2
13.4893166,0.0266267193,0.000879522956,-0.999022629,-0.0352689331,0.0531647432,-0.00363552664,3.07111174,0.52111902,0.0356522596,-9.79272961,0.466340003,-0.598590601,-0.372452087,-0.158429205,0.0440807641,0.0574390516,10.4332504,-25.5831451,-43.0897217,2
13.4992746,0.0267479983,0.00154515814,-0.999014886,-0.0353752497,0.0533599557,-0.00497972679,3.07093486,0.52302763,0.0488342375,-9.79257062,0.413853846,-0.715172177,-0.567738513,-0.117762476,-0.00379568036,0.0567452982,10.3348541,-25.6416473,-43.2652283,2
13.5092326,0.0266499758,0.00201430663,-0.999012358,-0.0354943228,0.0531302396,-0.00591651463,3.0707209,0.520775467,0.0580208483,-9.79264076,0.350714412,-0.854842805,-0.574402062,-0.0785477012,-0.039278131,0.054365363,10.264946,-25.3791046,-43.1528015,2
13.5191896,0.0263998623,0.00231351549,-0.999012888,-0.0356500221,0.0526080272,-0.0065048208,3.07042357,0.515659658,0.063790052,-9.79287574,0.341614612,-0.960869158,-0.465530184,-0.0497208461,-0.0610886216,0.0521762446,10.3161316,-25.1978149,-43.0317688,2
13.5291476,0.0260946053,0.00252467344,-0.999015426,-0.0357900619,0.0519817581,-0.00691228554,3.07015232,0.50952521,0.0677858254,-9.79316976,0.357026628,-1.01215043,-0.190651167,-0.0446454771,-0.0615684614,0.055760771,10.2984772,-25.4443283,-43.1131897,2
13.5391056,0.0258147816,0.00277611562,-0.999018132,-0.0358953913,0.0514036117,-0.0074001106,3.06995244,0.503861449,0.0725696301,-9.7934287,0.418205904,-0.994039679,0.0720721335,-0.0615821183,-0.0545078889,0.0625142828,10.2797165,-25.4402161,-43.2190247,2
13.5490626,0.0255791137,0.00313073786,-0.999020812,-0.0359622213,0.050906609,-0.00809519648,3.06983488,0.498991359,0.0793858906,-9.7936251,0.46138322,-0.976315368,0.27353111,-0.0823031813,-0.0438415147,0.0641622916,10.1646805,-25.5135803,-43.1300659,2
13.5590206,0.0254131316,0.00353582818,-0.999020363,-0.0360535002,0.0505450331,-0.00889731078,3.06967115,0.495446818,0.0872516647,-9.79373791,0.402080004,-1.05481008,0.337539179,-0.0839990824,-0.0276897084,0.0587917641,10.2075043,-25.3232574,-43.2283325,2
13.5689786,0.0252760324,0.00388440484,-0.999019007,-0.036152496,0.0502450593,-0.00958891879,3.06948918,0.49250576,0.094033726,-9.79382384,0.294738112,-1.18234969,0.251882757,-0.0606705546,-0.0355523266,0.0509974919,10.0341415,-25.2818375,-43.211731,2
13.5789356,0.0250629166,0.00408803621,-0.999018544,-0.036290265,0.0498029933,-0.00998729377,3.06922149,0.488174306,0.0979402685,-9.79400212,0.210633778,-1.24326812,0.176942959,-0.0241562221,-0.0516466089,0.0551898405,10.0735703,-25.0488815,-43.3297729,2
13.5888936,0.0247972013,0.00414156822,-0.999021207,-0.036395006,0.049266825,-0.0100801883,3.0690119,0.48292256,0.0988512002,-9.79425346,0.175034459,-1.27769792,0.168365685,-0.00346275046,-0.0540415235,0.0669056326,10.1246872,-25.1260986,-43.3548584,2
13.5988506,0.0245371999,0.00413328317,-0.999025759,-0.0364483419,0.0487470501,-0.0100473623,3.06890218,0.477831849,0.0985293113,-9.79450597,0.150048011,-1.30461004,0.256605694,-0.000190524617,-0.0504566431,0.0831959173,10.2011871,-25.054245,-43.4458008,2
13.6088086,0.0243197541,0.00415944031,-0.999033095,-0.0363883334,0.0483110124,-0.0100809184,3.0690213,0.473560857,0.0988583606,-9.79471056,0.143545059,-1.26723045,0.333573783,-0.0215990972,-0.0384934433,0.100617364,10.0196609,-25.1180878,-43.4258118,2
13.6187666,0.0241801713,0.00433511347,-0.999040765,-0.0362485923,0.0480207275,-0.0104150928,3.06930779,0.470715953,0.102135327,-9.79481402,0.160156623,-1.19060095,0.369440631,-0.0616602339,-0.0197852701,0.119836599,10.0302505,-24.9160385,-43.588562,2
13.6287236,0.024180289,0.0047068776,-0.99904793,-0.0360047107,0.0479970026,-0.0111462321,3.06981333,0.470479879,0.109304936,-9.79474797,0.173560806,-1.21423068,0.358002122,-0.100551166,0.0147509594,0.138941988,10.0298462,-25.0627899,-43.4312744,2
13.6386816,0.0243882628,0.00525991122,-0.999053485,-0.0356321314,0.0483780102,-0.0122481831,3.07058743,0.474205621,0.120110645,-9.79444168,0.183152847,-1.25571216,0.260281752,-0.132231325,0.0584675483,0.159761518,9.88602448,-24.9617767,-43.341095,2
13.6486396,0.0248376308,0.00589377201,-0.999054444,-0.0351936675,0.0492378382,-0.0135250652,3.07150087,0.48261901,0.132631533,-9.79386884,0.133140131,-1.27990479,0.0348041869,-0.14075242,0.111894362,0.169549987,9.97937775,-24.9518127,-43.3821411,2
13.6585966,0.0255435062,0.00651369361,-0.99904792,-0.0347585907,0.0506126998,-0.014791236,3.07241166,0.496074887,0.145047189,-9.7930207,0.0529458832,-1.27226903,-0.214442377,-0.129239574,0.15992713,0.175700039,10.1412582,-24.760994,-43.3491821,2
13.6685546,0.0264587197,0.00703016019,-0.999051587,-0.0338602746,0.0524217446,-0.0158394467,3.07424903,0.513781808,0.155325422,-9.79194986,0.0282059942,-1.24438967,-0.425904276,-0.101013221,0.197543412,0.180165589,10.1412582,-24.760994,-43.3491821,2
13.6785116,0.0275205338,0.00736719756,-0.999036394,-0.0333835787,0.0545306359,-0.0165584214,3.07523754,0.534424601,0.162375231,-9.79073055,0.0265671775,-1.2146286,-0.613571459,-0.0648565516,0.216623619,0.180722982,10.2054977,-24.8182907,-43.4641724,2
13.6884696,0.0286100452,0.00751812595,-0.999020339,-0.0329129058,0.0567076343,-0.0169056062,3.07620559,0.555734479,0.165779468,-9.78948727,0.0429659756,-1.16820346,-0.679458766,-0.0264227353,0.212172195,0.180203483,10.238266,-24.7060928,-43.5165405,2
13.6984276,0.0295634104,0.00748851651,-0.999007854,-0.0324533365,0.0586240263,-0.0168818381,3.07713935,0.574494197,0.165546408,-9.78840824,0.114886681,-1.06457087,-0.717498282,0.00749901123,0.161830202,0.174835876,10.2824631,-24.7543716,-43.397522,2
13.7083846,0.0301903626,0.00731902256,-0.999003765,-0.0320385342,0.0598956026,-0.0165587288,3.07796972,0.5869436,0.162378245,-9.7877226,0.134459689,-0.965484981,-0.577224718,0.0353420787,0.0884351581,0.165989384,10.4100266,-24.7735596,-43.5584412,2
13.7183426,0.0304338077,0.00702837074,-0.999009325,-0.0316979053,0.0604061764,-0.0159728709,3.07863785,0.591946523,0.156633691,-9.78751509,0.177041561,-0.95450313,-0.428393755,0.061949987,0.00680102222,0.141580716,10.3889771,-24.7008133,-43.4350891,2
13.7283006,0.0302370631,0.00665181535,-0.999024361,-0.0314917294,0.0600391626,-0.0151956708,3.07902486,0.588361468,0.149012887,-9.78785002,0.108950204,-0.978755089,-0.313885332,0.0773765817,-0.0834441036,0.116640233,10.4277115,-24.7892761,-43.4474487,2
13.7382576,0.0296019336,0.00625382899,-0.999049887,-0.0313670606,0.05879521,-0.0143533184,3.07924157,0.576192562,0.140753136,-9.78869641,0.0659028338,-0.946702978,-0.187044082,0.077073507,-0.166509435,0.100011192,10.2823029,-24.8340683,-43.246521,2
13.7482156,0.0286225796,0.00589287661,-0.999082149,-0.0313154712,0.0568594038,-0.0135680111,3.07931052,0.557248573,0.133052654,-9.78990053,0.0665910352,-0.971922759,-0.0535603253,0.0683001354,-0.219441488,0.09053161,10.2592773,-24.7876968,-43.3363953,2
13.7581726,0.0274317337,0.00557229189,-0.999117734,-0.0313052218,0.0544976508,-0.0128526182,3.07929772,0.534130769,0.12603766,-9.79128175,0.0491570123,-1.0080034,-0.0328752646,0.0639607832,-0.25268653,0.0792206302,10.1427536,-24.8430634,-43.1524658,2
13.7681306,0.0261418369,0.00524743784,-0.999152674,-0.0313505961,0.0519375153,-0.0121254045,3.07917382,0.509066653,0.118906685,-9.79270623,-0.0124190078,-0.985609412,-0.0600321516,0.0737056434,-0.260158539,0.0640501454,10.0484619,-25.0235901,-43.1290283,2
13.7780886,0.0248593311,0.00484118487,-0.999183271,-0.0314849179,0.0493964114,-0.0112400865,3.07886986,0.484185748,0.110225275,-9.79406934,-0.109941699,-0.961814549,-0.210102302,0.0991846398,-0.248170853,0.0447904393,9.8833847,-25.0149155,-43.1978455,2
13.7880456,0.0236833825,0.00426588915,-0.999205981,-0.031753207,0.0470779986,-0.0100292187,3.07829328,0.461483722,0.0983513883,-9.79529216,-0.174478359,-0.97103962,-0.380064901,0.141146585,-0.214819953,0.0254980307,9.92786407,-24.8429031,-43.171051,2
13.7980036,0.0226931511,0.0034598348,-0.999220935,-0.0321008922,0.045145731,-0.00837131729,3.07755189,0.442562492,0.0820936243,-9.79631507,-0.186382476,-0.893131108,-0.499350621,0.189463779,-0.170384303,0.0139969029,9.81634521,-24.9303589,-43.0701599,2
13.8079616,0.0219353553,0.00238286217,-0.999227815,-0.0325088943,0.0436966467,-0.00618827211,3.07668278,0.42837315,0.0606858298,-9.79710125,-0.136280146,-0.775356742,-0.541809122,0.246946543,-0.117944516,0.0107853711,9.81100464,-24.8970566,-43.0944519,2
13.8179186,0.0214076376,0.00100444288,-0.999228676,-0.0329024245,0.0427294041,-0.00341606926,3.07583378,0.418902361,0.03350013,-9.79764193,-0.0653082654,-0.648661988,-0.518673745,0.307626933,-0.0762865543,0.0185330398,9.71809387,-25.0334244,-42.9235229,2
13.8278766,0.0210328029,-0.000651467094,-0.9992254,-0.0332521817,0.0420887728,-9.68482361E-05,3.07506332,0.412627994,0.000949756739,-9.79796517,0.0171316425,-0.516602638,-0.406421577,0.354528427,-0.0544995852,0.0361779518,9.7449646,-25.0746994,-42.8458862,2
13.8378346,0.0207025994,-0.00250626065,-0.99922188,-0.0334745767,0.0415530021,0.00362260738,3.07454112,0.407375809,-0.0355255645,-9.79812066,0.111567839,-0.407403428,-0.19168577,0.382068187,-0.0518334918,0.0656056181,9.69812012,-25.3016815,-42.6985779,2
13.8477916,0.020322559,-0.00443714363,-0.999220483,-0.0335525287,0.0409237629,0.00750369353,3.07430691,0.401201723,-0.0735854059,-9.79816333,0.226229224,-0.296320431,0.0592991612,0.384052157,-0.0778432786,0.0984000713,9.67218018,-25.4447937,-42.389679,2
13.8577496,0.0197435742,-0.00630201077,-0.999223322,-0.0335156338,0.0398920241,0.0112710341,3.07430958,0.391078535,-0.110528742,-9.79822587,0.232461835,-0.189945247,0.310902517,0.359489053,-0.125186026,0.125047654,9.74487305,-25.361351,-42.6581116,2
13.8677066,0.0189478923,-0.007973745,-0.999233454,-0.0333156967,0.0384116166,0.0146732676,3.07465299,0.376556125,-0.143890438,-9.79836148,0.209125894,-0.15912739,0.499431869,0.30996117,-0.168832481,0.15593408,9.62049103,-25.6075745,-42.4031372,2
13.8776646,0.0179731781,-0.00934248073,-0.999251555,-0.0329561328,0.0365489601,0.0174872152,3.07533531,0.358288282,-0.171482264,-9.7986023,0.217068743,-0.340130365,0.666668842,0.239011899,-0.193076044,0.19559893,9.60987091,-25.7175064,-42.1214905,2
13.8876226,0.0169675578,-0.0103225342,-0.999279069,-0.0323556478,0.0345921317,0.0195334342,3.07651939,0.339100584,-0.191545376,-9.79891327,0.335017223,-0.582830868,0.800606188,0.154637843,-0.187642142,0.252560616,9.53272247,-25.8019333,-42.187561,2
13.8975796,0.0160615313,-0.0108858564,-0.999315985,-0.0314822073,0.0327994497,0.0207470041,3.07826569,0.321525837,-0.203444013,-9.79926632,0.432199212,-0.616122824,0.715365946,0.0722292662,-0.158994511,0.291690469,9.30667877,-25.8083801,-42.3259583,2
13.9075376,0.0153146937,-0.0111024447,-0.999356572,-0.0304732108,0.0312985147,0.0212588276,3.08029316,0.306814115,-0.208462188,-9.79963223,0.300565357,-0.550651038,0.489030887,0.0119589986,-0.12787202,0.300103903,9.13405609,-25.8280106,-42.2275085,2
13.9174956,0.0147669172,-0.011068093,-0.999408922,-0.0290005202,0.0301697373,0.0212682086,3.08325271,0.295752276,-0.208554159,-9.79997067,0.063228774,-0.471849706,0.250846984,-0.0283777695,-0.0809774697,0.290610015,9.02064514,-25.7765121,-42.1444092,2
13.9274526,0.0144415233,-0.0108464421,-0.999443565,-0.0280435257,0.0294860142,0.0208723466,3.08518135,0.289054148,-0.204672933,-9.80025182,-0.0590607128,-0.305443338,-0.0664022712,-0.0697800294,-0.0484735817,0.277545989,8.90653229,-25.8758392,-42.2294312,2
13.9374106,0.0141903263,-0.0104167401,-0.999475688,-0.0271732726,0.0289417442,0.0200527057,3.08694078,0.283724879,-0.196636689,-9.80057214,-0.0396655458,0.0640561099,-0.418328872,-0.114947505,-0.0547975227,0.252274185,8.78578186,-25.8304214,-42.2304382,2
13.9473676,0.0138664575,-0.00972648767,-0.999518543,-0.0259944645,0.0282339318,0.0187238013,3.08932605,0.276794971,-0.183607039,-9.80102339,-0.107704058,0.471807365,-0.75231825,-0.166834965,-0.0785602108,0.215763479,8.73077393,-25.7055817,-42.1970215,2
13.9573256,0.013392659,-0.00883372994,-0.999558333,-0.0250151534,0.0272227329,0.0169904353,3.0913194,0.266892311,-0.166611243,-9.80160148,-0.223796261,0.702761096,-1.08154085,-0.189520046,-0.117390431,0.17441231,8.8318634,-25.5428009,-42.27948,2
13.9672836,0.0127396035,-0.00792414356,-0.999593325,-0.0242501332,0.0258590467,0.015224556,3.09288531,0.253532972,-0.149296124,-9.80223511,-0.37533758,0.725848104,-1.4011317,-0.166761249,-0.149636537,0.130423427,8.62532043,-25.6515045,-42.2767944,2
13.9772406,0.0119430534,-0.00728243996,-0.999609646,-0.0241807936,0.0242337136,0.013982065,3.09305218,0.237605061,-0.137112752,-9.80281203,-0.461911409,0.788034657,-1.59882519,-0.0825395733,-0.172689393,0.0844559371,8.52140808,-25.5789795,-42.4440613,2
13.9871986,0.0109834984,-0.00715376826,-0.99962864,-0.0238890375,0.0223045986,0.0137778888,3.09365226,0.218694499,-0.135110655,-9.80328023,-0.483552601,1.05163927,-1.59012692,0.0370949246,-0.214639246,0.0336283036,8.48973846,-25.4373016,-42.2452393,2
13.9971566,0.00978677101,-0.00759877609,-0.999637757,-0.0238888679,0.0199329847,0.0147249893,3.09365993,0.195441671,-0.144397602,-9.80363913,-0.48020161,1.37845722,-1.3528917,0.148007333,-0.257216513,-0.0295242984,8.41254425,-25.4622421,-42.1217651,2
14.0071136,0.00841796543,-0.00850051631,-0.999635169,-0.0242154563,0.0172447034,0.0165879011,3.0930105,0.169081122,-0.162664277,-9.80384313,-0.501575457,1.54277027,-0.988170495,0.221147925,-0.283964127,-0.0928023905,8.38955688,-25.5106277,-42.1478882,2
14.0170716,0.0069134524,-0.00965816553,-0.999621196,-0.0248241494,0.0143042392,0.01896691,3.09180008,0.140246657,-0.185990701,-9.80388287,-0.50910293,1.45147424,-0.568546322,0.253633171,-0.307222039,-0.13794297,8.38955688,-25.5106277,-42.1478882,2
14.0270286,0.0053439391,-0.0108926969,-0.999599236,-0.025575143,0.0112435961,0.0215049766,3.09031212,0.110234198,-0.210875533,-9.80376305,-0.45185639,1.19713532,-0.027277883,0.256003529,-0.311009645,-0.150978804,8.32578278,-25.4945755,-42.0226746,2
14.0369866,0.00379683491,-0.0120995497,-0.999572767,-0.02633429,0.00823015295,0.0239910882,3.08881502,0.0806860956,-0.235249639,-9.80349592,-0.386095997,0.98119145,0.482719219,0.242676005,-0.298818231,-0.143781081,8.27658844,-25.4354019,-41.9514465,2
14.0469446,0.00234266579,-0.0131975838,-0.999544722,-0.0270272435,0.00539847447,0.0262595367,3.08745582,0.0529224384,-0.257488487,-9.80312592,-0.276480571,0.837482213,0.918693054,0.211820289,-0.274474919,-0.12710245,8.05939484,-25.5182419,-41.9513245,2
14.0569016,0.00107260064,-0.0141015396,-0.999518707,-0.0276086414,0.0029239788,0.0281339904,3.08632168,0.0286630492,-0.275863809,-9.80272727,-0.225884941,0.701581093,1.28415777,0.164295644,-0.223227978,-0.0981387049,7.9763031,-25.5148392,-41.8872375,2
14.0668596,0.000134280013,-0.0147631799,-0.99949808,-0.0280258284,0.00109640345,0.0295082954,3.08551135,0.010747362,-0.289335541,-9.80237481,-0.195100438,0.630956528,1.48970723,0.112394042,-0.146524519,-0.0626443401,7.91299438,-25.655899,-41.8210144,2
14.0768176,-0.000368102336,-0.0152298097,-0.999484739,-0.0282508544,0.000124742841,0.0304694376,3.08507496,0.00122274159,-0.298756883,-9.80209833,-0.136793941,0.620924963,1.48164901,0.0825826153,-0.0502914526,-0.0252991039,7.80926514,-25.6423798,-41.696106,2
14.0867746,-0.000419553452,-0.0155953849,-0.999477895,-0.028291301,4.37799669E-05,0.0312032876,3.08499492,0.000429125832,-0.305950064,-9.80187621,-0.197202104,0.654005468,1.2236013,0.0657983869,0.0329087451,0.0105379429,7.84761047,-25.505455,-41.7009888,2
14.0967326,-9.4834383E-05,-0.015892047,-0.99947748,-0.0281434118,0.00070529934,0.0317781725,3.08528006,0.00691313126,-0.311584983,-9.80169618,-0.243040804,0.715754507,0.963501333,0.0481054075,0.0995881706,0.0469974168,7.79550171,-25.4648132,-41.4051514,2
14.1066896,0.000506771687,-0.0160702966,-0.99948367,-0.027816387,0.00190803941,0.032101318,3.08591487,0.0187018235,-0.314752324,-9.80157986,-0.240913199,0.75214136,0.795191762,0.0126224924,0.145119429,0.0787010491,7.93706512,-25.5182877,-41.5503845,2
14.1166476,0.00128977616,-0.0160309206,-0.999496725,-0.0273438908,0.00345672402,0.0319806215,3.0868357,0.0338814803,-0.313569288,-9.80157693,-0.241129107,0.744523943,0.714385118,-0.0404340662,0.170898825,0.103051126,7.97100067,-25.4292908,-41.4456177,2
14.1266056,0.00217399088,-0.0157038323,-0.999515506,-0.0267817525,0.00518958958,0.0312811024,3.08793482,0.0508673644,-0.30671281,-9.80172073,-0.272180937,0.651625806,0.676071462,-0.103332803,0.181845859,0.114900544,8.09677124,-25.391922,-41.5336304,2
14.1365626,0.00309053692,-0.0150700745,-0.999539038,-0.0261714621,0.00697022267,0.0299689736,3.08913309,0.0683232887,-0.293851246,-9.80200831,-0.312381796,0.50842989,0.654511956,-0.163547143,0.183972657,0.12236619,8.07863617,-25.2830505,-41.4459229,2
14.1465206,0.00401583138,-0.0141365721,-0.999566222,-0.0255204128,0.00875327852,0.0280595906,3.09041795,0.0858054571,-0.275134472,-9.80241397,-0.298739311,0.421927299,0.618855536,-0.224634588,0.182673618,0.13195391,8.23929596,-25.2651215,-41.3522339,2
14.1564786,0.00495376556,-0.0129005303,-0.999596223,-0.0248259193,0.0105477032,0.025547458,3.09179622,0.103401959,-0.250507724,-9.80290438,-0.246754345,0.415107426,0.590465893,-0.281968176,0.188274518,0.138899699,8.07116699,-25.3211441,-41.2422791,2
14.1664356,0.00598106349,-0.0114091491,-0.999626262,-0.0241125739,0.0125113639,0.0225232367,3.09321792,0.122660247,-0.22085882,-9.80339538,-0.18760252,0.425411743,0.499378093,-0.327895492,0.21843107,0.138312086,8.16308594,-25.1593475,-41.7583313,2
14.1763936,0.00718985889,-0.00975890065,-0.999652387,-0.0234119865,0.0148349411,0.019175534,3.09461872,0.145448993,-0.188036235,-9.80376831,-0.1201598,0.445560871,0.25359716,-0.346374363,0.254627407,0.133403614,8.18720245,-25.080864,-41.6595154,2
14.1863516,0.0085472709,-0.00808598634,-0.999671671,-0.0227581427,0.0174600336,0.0157782776,3.09593152,0.171194424,-0.154725629,-9.8039349,-0.0752762816,0.453550225,-0.139483874,-0.338001132,0.275821209,0.118443973,8.35298157,-24.8110962,-41.7023621,2
14.1963086,0.00998058506,-0.00652358877,-0.99968262,-0.0221878375,0.0202473141,0.0126004748,3.0970826,0.198528987,-0.123565178,-9.80386183,-0.0660992879,0.425981068,-0.538640428,-0.303459138,0.287261367,0.10043861,8.5007019,-24.7914429,-41.7236633,2
14.2062666,0.0114312084,-0.00516876766,-0.999685416,-0.0217172017,0.0230828937,0.00983793428,3.09803786,0.226334803,-0.096475621,-9.80356314,-0.119942047,0.280677803,-0.801852389,-0.254771322,0.284751564,0.0791445524,8.45228577,-24.6701355,-41.7212524,2
14.2162236,0.0128568987,-0.00406949843,-0.99968165,-0.0213243943,0.0258828055,0.00758814748,3.09883854,0.25378797,-0.0744135912,-9.80308325,-0.217874525,0.0739629796,-0.895855784,-0.200303003,0.279545069,0.0705808848,8.65607452,-24.4723969,-41.6296692,2
14.2261816,0.014238374,-0.00324198306,-0.999673461,-0.0209659369,0.028607789,0.00588484113,3.09956904,0.280503451,-0.0577102435,-9.80246775,-0.33990916,-0.138915262,-0.834670955,-0.149093345,0.268426061,0.067982018,8.70363617,-24.3756104,-41.6729736,2
14.2361396,0.0155343464,-0.0026338865,-0.999663564,-0.0206032532,0.031172155,0.00462590109,3.10030601,0.305641637,-0.0453644333,-9.80178093,-0.455578114,-0.188071927,-0.600127455,-0.11149589,0.244856,0.0712763444,8.81105042,-24.2378922,-41.5987854,2
14.2460966,0.0166775458,-0.00217104256,-0.999653964,-0.0202286294,0.0334378394,0.00366586302,3.10106562,0.327849889,-0.0359497562,-9.8011023,-0.506816025,-0.171150384,-0.278785962,-0.0906603336,0.210211575,0.0757588521,8.78271484,-24.1519623,-41.5630493,2
14.2560546,0.0176303406,-0.00174285808,-0.999645819,-0.0198559685,0.0353248878,0.00278435021,3.10182268,0.34634544,-0.0273051135,-9.80049382,-0.558830436,-0.21690515,0.0595347235,-0.0944502801,0.168900356,0.0700290576,8.84086609,-24.1057892,-41.6707153,2
14.2660126,0.0183535502,-0.00124950911,-0.999640215,-0.0195175208,0.0367509989,0.00178168846,3.10251578,0.360322491,-0.0174723856,-9.80001275,-0.50576984,-0.274771557,0.342467284,-0.114592232,0.118400984,0.0601655953,9.09241486,-23.905014,-41.5436401,2
14.2759696,0.0188510873,-0.000621536006,-0.999637282,-0.0192224479,0.0377213442,0.000517893064,3.10312878,0.36983226,-0.00507879596,-9.79967256,-0.347236617,-0.300782178,0.540996052,-0.147394389,0.0777598172,0.0533175431,9.03310394,-23.9347534,-41.4008484,2
14.2859276,0.0191409567,0.000185589413,-0.999637176,-0.018948381,0.0382703549,-0.00109642466,3.10370766,0.375212127,0.0107522505,-9.7994633,-0.178288711,-0.377066815,0.634908846,-0.182640135,0.0323937945,0.0479918234,9.10115814,-23.8282394,-41.473114,2
14.2958855,0.0191990385,0.00115783916,-0.999639882,-0.0187110431,0.0383504969,-0.00303331713,3.10421963,0.375995971,0.0297466341,-9.79939433,-0.176678317,-0.586699489,0.612393647,-0.209242716,-0.0143952826,0.0404028781,9.18550873,-23.7880707,-41.5611267,2
14.3058425,0.0190671575,0.00220887531,-0.999644913,-0.0184822388,0.0380488029,-0.00512101184,3.10471669,0.37303639,0.0502197507,-9.79942356,-0.327546193,-0.84913663,0.452909772,-0.212763175,-0.0396799706,0.0441836566,9.0739975,-23.6735153,-41.7097473,2
14.3158005,0.0188919181,0.00321546138,-0.999650947,-0.0181821471,0.0376635769,-0.00711572934,3.10535369,0.369256835,0.0697808762,-9.79944694,-0.478791196,-1.03569329,0.263641584,-0.191911697,-0.0329421721,0.0708387047,9.08050537,-23.595726,-41.7764587,2
14.3257575,0.0188085972,0.00406897611,-0.999657781,-0.0177152267,0.0374703741,-0.00880167803,3.1063187,0.367358637,0.0863138632,-9.79938673,-0.572960302,-1.10744255,0.0437631539,-0.153187305,-0.0047745686,0.11281509,8.83878326,-23.7315063,-41.7102051,2
14.3357155,0.0189013221,0.00468846447,-0.99966599,-0.016990781,0.0376414724,-0.0100162609,3.10779155,0.369031063,0.0982243187,-9.79921196,-0.531537136,-1.10094764,-0.0634025049,-0.10518036,0.0405401811,0.17713736,8.92836761,-23.5760117,-41.8143311,2
14.3456735,0.0192300776,0.00509269092,-0.999675433,-0.0159141095,0.0382971726,-0.0107943448,3.10996351,0.375453279,0.105854302,-9.79888813,-0.292703318,-1.01999216,-0.0469669184,-0.0717152581,0.0892835185,0.253697872,8.74398804,-23.5847778,-41.7866821,2
14.3556305,0.0198320125,0.00535821066,-0.999684188,-0.0144712814,0.0395092124,-0.0112872659,3.11286597,0.387327548,0.110687915,-9.79837259,-0.0708436877,-0.92860881,0.107393038,-0.0522400923,0.147371843,0.322271585,8.7069397,-23.3808746,-41.835907,2
14.3655885,0.0207312315,0.00552534862,-0.999688722,-0.0127365189,0.0413233367,-0.0115756033,3.11635227,0.405101032,0.113515357,-9.79762147,0.0385747915,-0.905399273,0.263162861,-0.0343929902,0.210529134,0.372424573,8.7069397,-23.3808746,-41.835907,2
14.3755465,0.0219664529,0.00560179694,-0.999684881,-0.0107785541,0.0438153057,-0.0116738618,3.12028538,0.429514612,0.114478877,-9.7965705,0.101699247,-0.878679827,0.384664503,-0.0229288824,0.280318081,0.415052205,8.72807312,-23.4670181,-41.8754883,2
14.3855035,0.0235354395,0.00567235437,-0.999669524,-0.00864385571,0.0469777793,-0.0117481037,3.12457566,0.460493432,0.11520689,-9.79515479,0.133717858,-0.854717645,0.5225614,-0.0343888737,0.343542427,0.441528857,8.81945038,-23.3773193,-41.7155762,2
14.3954615,0.0254129191,0.00583018044,-0.999639172,-0.00645177891,0.0507577042,-0.0119843574,3.12898883,0.497513614,0.117523588,-9.79331647,0.00496978777,-0.765905023,0.5371838,-0.0595488213,0.404303253,0.441144586,8.91015625,-23.4393692,-41.7120056,2
14.4054185,0.0274925007,0.00608904261,-0.999594253,-0.00428436635,0.054942382,-0.0124090384,3.13336148,0.538488197,0.121687977,-9.79109821,-0.150776873,-0.730864397,0.392809816,-0.073966071,0.417765468,0.428740054,8.89336395,-23.454834,-41.4496155,2
14.4153765,0.0294443016,0.00642450983,-0.999543238,-0.00223122034,0.0588719904,-0.0129749082,3.13751023,0.576954998,0.127236816,-9.78883611,-0.191637876,-0.698405312,0.111623223,-0.08811225,0.351870894,0.392632663,8.89086151,-23.2969818,-41.4395752,2
14.4253345,0.0308593932,0.00686319808,-0.999500046,-0.000421181213,0.0617271682,-0.0137459613,3.14117426,0.604895254,0.134797588,-9.78704864,-0.274794371,-0.581467544,-0.098909287,-0.113596894,0.205311954,0.329762369,9.02020264,-23.2539825,-41.4093933,2
14.4352915,0.0314633031,0.00747207725,-0.999476446,0.00102254107,0.0629574818,-0.0148725337,-3.13907817,0.616925957,0.145844358,-9.78613913,-0.407433019,-0.450358626,-0.22491584,-0.150643066,0.0345037282,0.242469817,8.94194794,-23.3325882,-41.6331787,2
14.4452495,0.0312337903,0.00827329652,-0.999475835,0.0020160534,0.0625173268,-0.0164127188,-3.13704522,0.612603746,0.160946568,-9.78617361,-0.542423418,-0.430595283,-0.410581035,-0.185440302,-0.122454949,0.144084603,8.85103607,-23.2094269,-41.5453491,2
14.4552075,0.0303427019,0.009240945,-0.999493627,0.00253175574,0.0607490118,-0.0183199154,-3.13596994,0.595278042,0.179646958,-9.78691771,-0.644209173,-0.443310132,-0.696543172,-0.208589032,-0.227105737,0.0489309207,8.77275085,-23.1580429,-41.3433228,2
14.4651645,0.0290891674,0.0102757366,-0.999520558,0.00262838188,0.0582494949,-0.0203901179,-3.13573934,0.57079074,0.1999449,-9.78798271,-0.675836045,-0.44340698,-0.973205565,-0.207495824,-0.265684545,-0.0237255767,8.82006836,-23.1527176,-41.2944946,2
14.4751225,0.0277830073,0.0112473721,-0.999547809,0.00241448415,0.0556377931,-0.0223522703,-3.13613951,0.545202673,0.219182648,-9.78902959,-0.676883509,-0.549584213,-1.24075819,-0.179978177,-0.251260877,-0.0768769383,8.5552063,-22.9458313,-41.4429626,2
14.4850795,0.0266355871,0.0120302482,-0.999570891,0.0019749736,0.0533364041,-0.0239472515,-3.1370022,0.522653572,0.234819869,-9.78989643,-0.700123514,-0.717103583,-1.3944664,-0.131342843,-0.199907005,-0.113610521,8.57652283,-22.7916107,-41.5232239,2
14.4950375,0.025842188,0.0125412855,-0.999586456,0.00134129869,0.0517358882,-0.0250054799,-3.13826193,0.506970923,0.245194439,-9.79046693,-0.738759242,-0.803643729,-1.42157945,-0.0692219585,-0.110771529,-0.150410086,8.33829498,-22.6243591,-41.7402649,2
14.5049955,0.0255316884,0.0127189498,-0.999592906,0.000528132889,0.0510947313,-0.0254033079,-3.13988679,0.500688555,0.249094551,-9.79069197,-0.815825019,-0.928301352,-1.41671564,0.00850520749,-0.00771744689,-0.17909798,8.51889801,-22.5000687,-41.9839783,2
14.5149525,0.0257508302,0.0124447643,-0.99959084,-0.000414524667,0.0515090091,-0.0249032674,3.14140481,0.504750945,0.244192385,-9.79060663,-0.813153681,-1.0675002,-1.4383488,0.113428965,0.0996830463,-0.192101404,8.37136078,-22.4487686,-41.9409485,2
14.5249105,0.0264473206,0.0115977067,-0.999581917,-0.00139289632,0.0528791571,-0.0232614902,3.13942089,0.518185523,0.228096717,-9.79029332,-0.749524966,-1.06292668,-1.47577223,0.2384765,0.183692604,-0.187263206,8.46074677,-22.5062103,-41.7643127,2
14.5348685,0.0274891301,0.0101073966,-0.999568193,-0.00235784667,0.0549458566,-0.0203370964,3.13743381,0.538452322,0.199425041,-9.78982571,-0.702454807,-1.00357922,-1.47085289,0.366542071,0.235753939,-0.17747049,8.4076004,-22.6707153,-41.420929,2
14.5448255,0.0286715764,0.00803792083,-0.999551095,-0.00328873015,0.057303467,-0.0162579275,3.13547822,0.561573305,0.159428784,-9.7892593,-0.712706956,-1.01565691,-1.29828858,0.464982748,0.241139501,-0.166674078,8.43895721,-22.840416,-41.6054382,2
14.5547835,0.0297868733,0.00563338891,-0.999531772,-0.00414184606,0.0595382968,-0.0115085017,3.13364783,0.583487688,0.112857358,-9.78862568,-0.764698497,-1.01577242,-0.896097776,0.497102052,0.212455928,-0.142378584,8.54653931,-23.048439,-41.2037048,2
14.5647405,0.0307094037,0.00322925156,-0.999511349,-0.0048543506,0.0613974096,-0.00675354693,3.13208667,0.601710961,0.0662291659,-9.78794881,-0.778731918,-1.06820425,-0.429755691,0.465447456,0.163333043,-0.11400649,8.69404602,-23.0704803,-41.0141907,2
14.5746985,0.0313510335,0.00109492021,-0.999493067,-0.00542321381,0.0626996788,-0.00252877972,3.13082013,0.614469065,0.0247988321,-9.78734909,-0.777124775,-1.101892,-0.00134440035,0.391414255,0.10135597,-0.0892020762,8.7137146,-23.190361,-40.9295959,2
14.5846565,0.0317376537,-0.000645944548,-0.99947877,-0.00587158549,0.0634924853,0.000918515161,3.12981432,0.622230054,-0.00900755539,-9.78688556,-0.752713826,-0.964386738,0.169078802,0.311065882,0.06294626,-0.0686195716,8.75012207,-23.1987839,-40.9865417,2
14.5946135,0.0320076781,-0.00203197948,-0.999466284,-0.00620545942,0.0640506241,0.00366455346,3.12905787,0.627688466,-0.0359369127,-9.78647523,-0.744854417,-0.620076018,0.0386333898,0.25070703,0.0492395312,-0.0453116298,8.78805542,-23.1963959,-40.9248962,2
14.6045715,0.0322477332,-0.00318066464,-0.999454445,-0.00638866051,0.0645468721,0.00594585422,3.12861657,0.632537952,-0.0583085655,-9.78605554,-0.684012922,-0.254735005,-0.316128727,0.213547722,0.0575018153,-0.0114119798,8.63784027,-23.318512,-40.746521,2
14.6145295,0.0326398773,-0.00417407555,-0.999438188,-0.00635356376,0.0653446655,0.00792878501,3.12861941,0.640336204,-0.0777540059,-9.78541315,-0.48980041,-0.000957081529,-0.697299543,0.182224408,0.106782548,0.0379936509,8.69824219,-23.3808746,-40.9162292,2
14.6244865,0.0332920834,-0.00506067557,-0.999414389,-0.00607402911,0.0666591477,0.00971114243,3.12911384,0.653188087,-0.095232279,-9.78440894,-0.200085204,0.169001919,-0.995782723,0.170528531,0.156110033,0.081385754,8.5304184,-23.4226837,-40.7937012,2
14.6344445,0.0341484133,-0.00596854206,-0.999383085,-0.00562908548,0.0683797178,0.0115455278,3.12993275,0.670008874,-0.113220438,-9.78307974,0.0911979089,0.246994748,-1.1712901,0.188472107,0.18726635,0.103594914,8.64935303,-23.3793945,-40.7634277,2
14.6444025,0.03508279,-0.00703367297,-0.999346414,-0.00513348682,0.0702563041,0.013698386,3.13083765,0.688347736,-0.134331076,-9.78153952,0.23955541,0.3827278,-1.22580261,0.232206821,0.190294281,0.106321201,8.75461578,-23.4277267,-40.701416,2
14.6543595,0.0359500625,-0.00834437698,-0.999307923,-0.00463616362,0.0719995358,0.016344591,3.1317253,0.70537011,-0.160278551,-9.77993618,0.205923189,0.76301712,-1.11038935,0.283013523,0.158903077,0.109295152,8.67658997,-23.5849457,-40.5340576,2
14.6643175,0.0365160887,-0.009852673,-0.999275897,-0.00414677086,0.0731399361,0.0193894445,3.13258374,0.716483771,-0.190133591,-9.77859295,0.0746505326,1.23131027,-0.828916922,0.308750927,0.0669287071,0.106087863,8.6282959,-23.6281204,-40.4161987,2
14.6742745,0.0364429823,-0.0113922425,-0.999263885,-0.00371349631,0.073000201,0.0224989494,3.13333861,0.715070762,-0.2206207,-9.77805636,-0.113078317,1.60760997,-0.468228922,0.296022624,-0.103339694,0.085998036,8.55988312,-23.7472229,-40.2948914,2
14.6842325,0.0353059991,-0.0127155129,-0.999289727,-0.0034308677,0.0707304462,0.0251733611,3.13383539,0.692830946,-0.24684027,-9.77903076,-0.288360211,1.8133947,-0.146581139,0.223569199,-0.343718827,0.0490944795,8.21018982,-23.889473,-40.1489868,2
14.6941905,0.0329398294,-0.0135075163,-0.999360323,-0.00337588279,0.0660002684,0.0267785501,3.13395252,0.646539881,-0.262576476,-9.78179028,-0.392006025,1.93896491,0.169669753,0.0902822539,-0.604214609,-0.00413438631,8.06781006,-23.9557724,-40.3303223,2
14.7041475,0.0293332644,-0.0135730811,-0.99947098,-0.0035991828,0.0587883482,0.0269239026,3.13359883,0.575975924,-0.264001394,-9.78616075,-0.465842319,2.04977491,0.344327232,-0.0562166311,-0.837481618,-0.0652447417,7.84012604,-23.8992004,-40.1299438,2
14.7141055,0.0247296579,-0.0129989036,-0.999601139,-0.00411586069,0.0495833839,0.0257867278,3.13271823,0.485886086,-0.252853392,-9.79134137,-0.435308247,1.98999469,0.217976396,-0.153385788,-1.00776947,-0.122570083,7.36039734,-23.9781342,-40.2485352,2
14.7240635,0.0194185028,-0.0121347606,-0.999725764,-0.00488530107,0.0389660685,0.024075461,3.1313503,0.381919187,-0.23607681,-9.79636592,-0.367852923,1.72706418,-0.0506856466,-0.168622717,-1.12386143,-0.165152609,7.36039734,-23.9781342,-40.2485352,2
14.7340205,0.0137054533,-0.0113779256,-0.999824298,-0.00583612681,0.0275494117,0.0225938016,3.12960723,0.270064311,-0.221550656,-9.8004266,-0.212004573,1.28412562,-0.1760615,-0.1123906,-1.16161942,-0.192852676,6.94670868,-23.9146271,-40.1126099,2
14.7439785,0.00809473323,-0.0109815998,-0.999883205,-0.00688333815,0.0163433846,0.0218509356,3.12764602,0.160228465,-0.214267422,-9.80299966,0.038789932,0.892423325,-0.00589490326,-0.0272689052,-1.08235013,-0.206414357,6.4391098,-23.7619171,-40.3930664,2
14.7539355,0.00312270768,-0.0110001606,-0.999902802,-0.00797716791,0.0064218997,0.0219501246,3.12556662,0.0629617205,-0.215239902,-9.8040857,0.201747584,0.65756696,0.375719565,0.0517335013,-0.911993802,-0.212517783,6.03444672,-23.9151688,-40.3630066,2
14.7638935,-0.000895962434,-0.0113977591,-0.999893282,-0.00908752893,-0.00158499173,0.0228113479,3.12343423,-0.0155394083,-0.223683503,-9.80408629,0.246879542,0.554081634,0.834359405,0.120649792,-0.701275349,-0.216365039,5.71208954,-23.5533218,-40.8463745,2
14.7738515,-0.00378344435,-0.0121247244,-0.999867268,-0.0101937472,-0.0073209229,0.0243257642,3.1212922,-0.0717718445,-0.238530725,-9.80348598,0.288447506,0.449518084,1.2810259,0.178728536,-0.458786547,-0.214360744,5.28473663,-23.553215,-40.72052,2
14.7838085,-0.00547059056,-0.013116424,-0.999835849,-0.0112294495,-0.0106487037,0.026354456,3.11927134,-0.104389874,-0.258419009,-9.8026887,0.395435415,0.361667293,1.42313252,0.221993551,-0.227703512,-0.192431524,5.03910065,-23.6060257,-40.8061218,2
14.7937665,-0.00616708403,-0.0142599918,-0.999805864,-0.0121102788,-0.0119916031,0.0286677437,3.11754047,-0.11754632,-0.281096029,-9.80191596,0.523812825,0.24548058,1.40604929,0.233001992,-0.0536038801,-0.158785149,5.04187012,-23.7154999,-40.6971741,2
14.8037245,-0.00607040173,-0.0153755467,-0.999777435,-0.0131031579,-0.0117410423,0.0309082531,3.11556347,-0.115082652,-0.30305816,-9.80129052,0.628788975,0.207438051,1.34631699,0.207323074,0.0944472253,-0.103178121,5.07885742,-23.7740707,-40.6571045,2
14.8136815,-0.00532027365,-0.0162708952,-0.999758674,-0.0137646123,-0.0101956769,0.0326862203,3.11422517,-0.0999303007,-0.320485242,-9.8009024,0.717036217,0.418196917,1.08915074,0.142511323,0.210247323,-0.0498885363,4.91952515,-23.8503494,-40.5545044,2
14.8236395,-0.00405771471,-0.0168049804,-0.99974964,-0.0142081556,-0.00764028045,0.033723243,3.11329998,-0.0748822271,-0.330649347,-9.80078841,0.594424421,0.652069239,0.789761554,0.0622557253,0.298802346,-0.0138233881,5.0509491,-23.7980957,-40.3797607,2
14.8335975,-0.00243794727,-0.0169421232,-0.999748735,-0.0144708864,-0.00438687673,0.0339528141,3.11272011,-0.042995631,-0.332899391,-9.80090357,0.347059653,0.740211268,0.453341734,-0.0140291918,0.350280702,0.00621583406,5.04698944,-24.0508957,-40.3171997,2
14.8435545,-0.000643497721,-0.016749796,-0.999751756,-0.0146743689,-0.00079553746,0.0335164366,3.11225207,-0.00779717495,-0.328622444,-9.80113913,0.20292503,0.720521721,0.126021166,-0.0710581243,0.370932192,0.0198850408,5.25128937,-23.8910294,-40.3551636,2
14.8535125,0.00120910517,-0.0163225634,-0.99975655,-0.0147924333,0.0029020692,0.0326071859,3.11195542,0.0284444083,-0.319710604,-9.80139573,0.174763862,0.680485186,-0.173297296,-0.111128576,0.369020849,0.0276524164,5.34259796,-23.9985504,-40.1434021,2
14.8634695,0.00298222993,-0.0157439487,-0.999760385,-0.0149158095,0.00643591439,0.0313965457,3.11165506,0.0630832189,-0.307844335,-9.80161376,0.145661631,0.69196242,-0.365961556,-0.131932631,0.342142612,0.0156696606,5.45429993,-23.9310303,-39.9760437,2
14.8734275,0.00456284078,-0.0151024206,-0.999760758,-0.0151502138,0.00958558643,0.0300638875,3.11114319,0.0939585784,-0.294781604,-9.80176807,0.0288943052,0.65211454,-0.481327473,-0.133571535,0.284850031,-0.0196811389,5.55608368,-23.8731079,-39.9229431,2
14.8833855,0.00576364144,-0.0144819513,-0.999756854,-0.0155973911,0.01198149,0.0287810378,3.11022038,0.117446805,-0.282206602,-9.80188498,-0.0921576482,0.567713451,-0.492433973,-0.120638944,0.192047149,-0.066830039,5.65382385,-23.7494278,-40.1707153,2
14.8933425,0.00643911554,-0.0139647537,-0.999749501,-0.0162576604,0.0133345901,0.0277166897,3.10888724,0.130713561,-0.271773069,-9.80201182,-0.104227295,0.483059703,-0.475846995,-0.0911218002,0.0744797736,-0.116263628,5.61136627,-23.7573547,-40.1838684,2
14.9033005,0.00647972803,-0.0135808761,-0.999739352,-0.0171666006,0.0134276272,0.0269354598,3.10707302,0.13162832,-0.264114681,-9.8022088,-0.1052917,0.346563321,-0.413998734,-0.064657934,-0.0593236387,-0.16947867,5.63394928,-23.7169418,-40.1713867,2
14.9132585,0.00588107877,-0.0132942431,-0.999726422,-0.0183198156,0.0122506009,0.0263687874,3.10478556,0.120092589,-0.258559495,-9.80250516,-0.10123784,0.214265084,-0.298631649,-0.0483801588,-0.182387248,-0.215423271,5.59041595,-23.6250305,-40.1168823,2
14.9232155,0.00477720294,-0.013022119,-0.999710547,-0.0196587831,0.0100671722,0.0258517508,3.10213864,0.0986905754,-0.253490832,-9.80287633,-0.0326999811,0.0543215189,-0.129169401,-0.0538959503,-0.259715974,-0.24455671,5.48284912,-23.5657654,-40.2266235,2
14.9331735,0.00342732321,-0.0126663536,-0.999692094,-0.0210580822,0.00738840398,0.0251832232,3.09937671,0.0724318565,-0.246936953,-9.80327263,0.0552094579,-0.155140969,0.0675514412,-0.0773735866,-0.284779519,-0.244787619,5.38708496,-23.5460815,-40.1513672,2
14.9431305,0.00203507429,-0.0121782678,-0.99967334,-0.0223759208,0.00461519337,0.0242598856,3.09677767,0.0452461087,-0.237884864,-9.80366017,0.210036086,-0.274027058,0.2374778,-0.105145194,-0.276596576,-0.223879203,5.2180481,-23.5221786,-40.4612427,2
14.9530885,0.000769081511,-0.0115632394,-0.999654971,-0.0235685905,0.00208324737,0.0230842974,3.09442388,0.02042422,-0.226359518,-9.80401614,0.331224589,-0.276723787,0.354102192,-0.131026864,-0.236885116,-0.195051819,5.18942261,-23.4788666,-40.5907288,2
14.9630465,-0.000231396636,-0.0108330043,-0.999639308,-0.0245723132,6.97739907E-05,0.0216712621,3.09243943,0.000684088401,-0.212505856,-9.80434698,0.422042596,-0.211119881,0.386904976,-0.1519223,-0.171194449,-0.162610352,5.00347137,-23.3952637,-40.5733643,2
14.9730035,-0.000871468385,-0.0100458928,-0.999625527,-0.0254397253,-0.00123140437,0.0201299612,3.09071752,-0.0120735017,-0.197394156,-9.80465561,0.435548376,-0.24433773,0.331398192,-0.156613991,-0.0933675468,-0.12306641,5.17527008,-23.2383423,-40.4577637,2
14.9829615,-0.0011444538,-0.00928710351,-0.999615758,-0.0260919328,-0.00180370506,0.0186278693,3.08941738,-0.0176852258,-0.182666433,-9.80493267,0.456273513,-0.360819006,0.199395614,-0.145440578,-0.0268965159,-0.0808824077,5.14582825,-23.2180099,-40.4172974,2
14.9929195,-0.00109702344,-0.00864178286,-0.999609533,-0.0265465517,-0.00173463262,0.0173359298,3.08850632,-0.01700837,-0.169998876,-9.80516181,0.501984294,-0.409249969,0.105951607,-0.11459478,0.0443518311,-0.0458048433,5.17726898,-23.2127457,-40.4584961,2
15.0028765,-0.00066635183,-0.00818571944,-0.999606362,-0.0268271589,-0.000893100106,0.0164014825,3.08793741,-0.00875714084,-0.160836386,-9.80532723,0.491488509,-0.37217444,0.00226852945,-0.0742899328,0.123525932,-0.0215005949,5.06562805,-23.13414,-40.5968933,2
15.0128345,8.91783224E-05,-0.00797910777,-0.999603844,-0.0269913257,0.000609096874,0.0159477555,3.08759687,0.00597243974,-0.156387425,-9.80540088,0.456707484,-0.348940425,-0.152981069,-0.016163243,0.173629314,-0.00576291187,5.07167053,-23.0454102,-40.5626526,2
15.0227915,0.00100992538,-0.00809363192,-0.999600322,-0.0270662657,0.00245749428,0.0161268233,3.08743189,0.0240966272,-0.158143256,-9.80534535,0.519237955,-0.310523381,-0.232494751,0.0506679639,0.194481313,0.00892524701,5.09120178,-23.0014801,-40.4614868,2
15.0327495,0.00197359295,-0.00851324942,-0.999595584,-0.0270587988,0.0044069508,0.0169136133,3.0874291,0.0432111049,-0.165857977,-9.80515187,0.621928514,-0.276472442,-0.209942727,0.103957012,0.196822509,0.0204535369,5.07627106,-23.072731,-40.5601196,2
15.0427075,0.00289973353,-0.00911445131,-0.999588838,-0.0270305608,0.00629088802,0.0180656274,3.08746564,0.0616820651,-0.177153643,-9.80485552,0.696981052,-0.227168843,-0.0713759679,0.122719049,0.180944502,0.0261578467,5.26772308,-23.1036453,-40.6849976,2
15.0526645,0.00371377244,-0.00972047718,-0.999582445,-0.0269524265,0.00794997856,0.0192338322,3.08760188,0.0779474188,-0.188607824,-9.80452643,0.736680171,-0.165137152,0.12162673,0.107009597,0.153447092,0.0219900012,5.18769073,-23.3058624,-40.5110474,2
15.0626225,0.00437367494,-0.0101883688,-0.999575203,-0.0269527951,0.00929486172,0.0201336764,3.08758364,0.0911316662,-0.197430579,-9.80423885,0.71631331,-0.131923467,0.283845583,0.0688821226,0.117645487,0.00705477688,5.3154068,-23.2391739,-40.6669006,2
15.0725805,0.00486942423,-0.0104127694,-0.999570286,-0.0269639795,0.0102985606,0.0205554392,3.08754874,0.100971261,-0.201565798,-9.80405823,0.676396529,-0.120755263,0.387514047,0.0161571316,0.0843104348,-0.0133021604,5.3154068,-23.2391739,-40.6669006,2
15.0825375,0.00516418852,-0.0103835704,-0.999563507,-0.027172078,0.010890654,0.0204788639,3.08712663,0.106776331,-0.200815016,-9.80401205,0.689445834,-0.160711097,0.364722954,-0.030993877,0.0319403484,-0.0396617278,5.38227081,-23.2136993,-40.3401184,2
15.0924955,0.00518794773,-0.010174424,-0.999556311,-0.0275077568,0.0109334596,0.0200557463,3.08645696,0.107196912,-0.1966665,-9.80409155,0.649670508,-0.165458164,0.272476048,-0.0553745851,-0.0226392746,-0.0702577233,5.36623383,-23.2190857,-40.1829224,2
15.1024535,0.00497305161,-0.00986622978,-0.999547171,-0.0279863017,0.0104960151,0.0194463951,3.08550725,0.102909399,-0.190691974,-9.8042558,0.535893979,-0.144497939,0.21293431,-0.0672676563,-0.0665267259,-0.107212059,5.22392273,-23.2146606,-40.2967834,2
15.1124105,0.00456619182,-0.00952021308,-0.99953171,-0.028719527,0.00967679471,0.0187703342,3.08405167,0.0948787438,-0.184063294,-9.8044633,0.379173651,-0.15666321,0.151940035,-0.0642385706,-0.0996218175,-0.154375315,5.42323303,-23.0558853,-40.2887878,2
15.1223685,0.00399131524,-0.00925938752,-0.999509515,-0.0296489295,0.00852930448,0.0182740325,3.08220515,0.0836289259,-0.179197058,-9.8046562,0.306327135,-0.223629051,0.02209785,-0.0312784836,-0.134934992,-0.200388208,5.2539978,-23.1167984,-40.3564758,2
15.1323255,0.00327771816,-0.00919282824,-0.99947881,-0.0307688087,0.00711896038,0.0181753718,3.07997768,0.0698010331,-0.178229693,-9.80478187,0.186827919,-0.326050694,-0.0521463668,0.0109928045,-0.154430121,-0.239608854,5.07363892,-22.9359665,-40.5640259,2
15.1422835,0.00247869127,-0.00932663433,-0.999438148,-0.0320955431,0.00555426145,0.0184847311,3.0773362,0.0544591144,-0.18126296,-9.80482337,0.114033307,-0.406215935,-0.0362432798,0.0533754677,-0.169083536,-0.264735252,5.25032806,-22.7505264,-40.6052246,2
15.1522415,0.00159491573,-0.00965008022,-0.99939263,-0.0334445303,0.00383409367,0.0191829322,3.07465112,0.0375926052,-0.18810877,-9.80477368,0.121921567,-0.45144401,0.0724935738,0.0873020142,-0.186516047,-0.275275528,4.99356842,-22.9560242,-40.426239,2
15.1621985,0.000653306784,-0.0100893714,-0.999342802,-0.0348100242,0.00200858533,0.0201213559,3.07193477,0.0196934923,-0.197309784,-9.80464509,0.151642039,-0.456159312,0.255521406,0.0982716531,-0.187517732,-0.267305672,5.02146149,-23.0265274,-40.5148926,2
15.1721565,-0.000241544023,-0.0105090907,-0.999293754,-0.0360761847,0.000275569817,0.0210223137,3.06941774,0.00270181972,-0.20614328,-9.80448259,0.158458368,-0.450019275,0.449887794,0.0794508234,-0.16763404,-0.254811168,4.86235809,-23.2340622,-40.6973877,2
15.1821145,-0.00100104593,-0.0107925907,-0.999244622,-0.0373184307,-0.00119533471,0.0216452816,3.066947,-0.0117194801,-0.212251132,-9.80434581,0.132776796,-0.44346251,0.537139376,0.0455160141,-0.136127412,-0.238294512,5.01980591,-23.0032654,-40.6255798,2
15.1920715,-0.00159260872,-0.0109294252,-0.999200359,-0.0384264686,-0.00234327939,0.0219655341,3.06474183,-0.0229741557,-0.215390983,-9.80425755,0.088366284,-0.488805261,0.48482759,0.01888627,-0.103170261,-0.218003616,4.82195282,-23.0324478,-40.7469788,2
15.2020295,-0.00201382811,-0.0109664048,-0.999159332,-0.0394500362,-0.00315979529,0.0220750555,3.06270207,-0.0309794044,-0.216464768,-9.80421196,0.0059904292,-0.54234922,0.320180633,0.00432690419,-0.0685525835,-0.198587775,4.89025879,-23.0458603,-40.5086975,2
15.2119865,-0.00227215339,-0.011021601,-0.999122256,-0.0403497762,-0.00365178845,0.0222090412,3.06090663,-0.0358028996,-0.217778389,-9.80416637,-0.036770829,-0.579342807,0.0630576369,0.0238582622,-0.0373826846,-0.176463306,4.84159851,-23.1673965,-40.4208069,2
15.2219445,-0.00240594784,-0.0112492818,-0.999086731,-0.0411497452,-0.00388269909,0.0226779684,3.05930849,-0.0380663853,-0.222375837,-9.80405472,0.0148730636,-0.575044598,-0.214332487,0.0683496073,-0.0180627666,-0.152335748,4.91386414,-22.9560623,-40.2381287,2
15.2319025,-0.00247764139,-0.0116965514,-0.999053121,-0.0418326307,-0.00397311069,0.0235804302,3.05794384,-0.0389519725,-0.231223598,-9.80384605,0.0696281927,-0.516517188,-0.354302098,0.106310569,-0.0065845428,-0.132243529,4.96216583,-23.0931854,-40.2823792,2
15.2418595,-0.00247564027,-0.0122738087,-0.9990205,-0.0424400457,-0.00390583358,0.0247362281,3.0567287,-0.038291328,-0.242554793,-9.80357483,0.155009177,-0.474360629,-0.312674787,0.120909311,0.0167168155,-0.121682547,4.97803497,-23.0987473,-40.0909424,2
15.2518175,-0.00236599355,-0.012862149,-0.998990039,-0.0429866109,-0.00362263092,0.0259046267,3.05563249,-0.0355138764,-0.254009193,-9.80329543,0.209692552,-0.487147521,-0.286169642,0.110889435,0.0339951366,-0.114139408,4.95275879,-23.1272736,-40.0951233,2
15.2617755,-0.00220730649,-0.0133662201,-0.998962431,-0.0434811077,-0.00324885749,0.0268998997,3.05463873,-0.0318488259,-0.263766087,-9.80305051,0.328281449,-0.382370766,-0.2762392,0.0849309042,0.037089318,-0.106619343,4.92288971,-23.2290268,-40.0414734,2
15.2717325,-0.00199862477,-0.013723514,-0.998939575,-0.0439024327,-0.00278908508,0.0275969143,3.0537896,-0.0273411301,-0.270598929,-9.8028775,0.444531308,-0.24415609,-0.230323252,0.0516155623,0.0529313982,-0.0920835435,4.8764267,-23.2279816,-39.9440613,2
15.2816905,-0.00169399526,-0.0139102827,-0.998921796,-0.0442577888,-0.00215390344,0.0279441508,3.05306953,-0.0211143143,-0.274002837,-9.80279859,0.553675062,-0.176407994,-0.26392157,0.0171707142,0.0699132085,-0.0842666179,4.89430237,-23.3048325,-40.1270447,2
15.2916475,-0.00130275431,-0.0139493354,-0.998905938,-0.0446151154,-0.00135848807,0.0279880467,3.05234302,-0.0133169955,-0.274433155,-9.80280034,0.633415758,-0.146050174,-0.306117621,-0.00839217007,0.0864221454,-0.0851169676,5.02905273,-23.3354721,-39.8920593,2
15.3016055,-0.000820062506,-0.0139021228,-0.998889925,-0.0449988255,-0.000387296158,0.0278507849,3.05156125,-0.00379660496,-0.273087586,-9.80284593,0.640056218,-0.255434075,-0.30592239,-0.017216051,0.102080628,-0.0958954245,5.08447266,-23.3301468,-39.9801636,2
15.3115635,-0.000271378774,-0.0138543826,-0.998870875,-0.0454406613,0.000717235229,0.0277056862,3.05066134,0.00703097464,-0.271665206,-9.80288393,0.648531859,-0.441808532,-0.266080209,-0.0130452756,0.113565244,-0.111083165,5.14074707,-23.3390427,-39.672821,2
15.3215205,0.000324235428,-0.0138364656,-0.998846607,-0.0459750175,0.00192071989,0.0276147096,3.04957483,0.0188286351,-0.270773372,-9.80289328,0.640325537,-0.408433355,-0.244074714,-0.00607530354,0.121084042,-0.139549941,5.13600922,-23.2927017,-39.9812622,2
15.3314785,0.000920900599,-0.0138303015,-0.998812501,-0.0467058658,0.00313271998,0.0275452163,3.04809479,0.0307097846,-0.27009213,-9.80288159,0.464291948,-0.242268651,-0.26593291,-0.00862128474,0.112606935,-0.1857398,5.1987381,-23.1437836,-39.8548584,2
15.3414365,0.00145053832,-0.0137862517,-0.998766156,-0.0476851142,0.00421388972,0.0274035748,3.04611931,0.0413085044,-0.268703635,-9.802881,0.214273048,-0.136965553,-0.26683132,-0.0214632396,0.0913960338,-0.235830709,5.28840637,-23.1371002,-40.0153809,2
15.3513935,0.00187847073,-0.0136356412,-0.998711374,-0.0488467193,0.00508609622,0.0270559264,3.04378223,0.0498590961,-0.265295635,-9.80293419,-0.0170879358,-0.222524616,-0.275158419,-0.0490282848,0.0725813359,-0.271729857,5.27394104,-23.37117,-39.700592,2
15.3613515,0.00227287336,-0.0133432361,-0.998651097,-0.0501272798,0.00587942179,0.0264256842,3.04120917,0.0576369682,-0.259117275,-9.80305694,-0.174204145,-0.302474296,-0.310948694,-0.0738964677,0.0777667388,-0.291822821,5.25997162,-23.2505112,-39.9114685,2
15.3713095,0.00277019348,-0.0129707185,-0.998585357,-0.0514907853,0.00687060343,0.0256222636,3.03846842,0.0673549597,-0.25124108,-9.80319957,-0.324132549,-0.25483494,-0.417497098,-0.0801764652,0.106104635,-0.308021218,5.29922485,-23.104599,-39.6169434,2
15.3812665,0.00343550781,-0.0126473515,-0.998511745,-0.0529383868,0.00820248435,0.0248958892,3.03555514,0.08041306,-0.244120051,-9.8032814,-0.520347085,-0.135512194,-0.562564325,-0.0584693141,0.145228505,-0.330590039,5.40272522,-23.1369171,-39.6141052,2
15.3912245,0.00429073021,-0.0125124049,-0.998425534,-0.0545117258,0.00993524472,0.0245200758,3.03238378,0.0974005812,-0.2404357,-9.80321827,-0.661683455,0.0289961217,-0.69460782,-0.0101790149,0.1885584,-0.351071328,5.66018677,-23.2683945,-39.6090088,2
15.4011815,0.00535863079,-0.0126604053,-0.998325527,-0.0561872666,0.0121260124,0.0246787429,3.02899861,0.118876436,-0.241991222,-9.80294296,-0.700666901,0.161484566,-0.744262954,0.0478250831,0.235516921,-0.361332059,5.92443848,-23.2111511,-39.6906738,2
15.4111395,0.0066110767,-0.0130852921,-0.998215552,-0.0578845099,0.0147186951,0.0253612449,3.02555974,0.144289466,-0.248682189,-9.80243443,-0.623578181,0.301652257,-0.691501086,0.0968671888,0.265156329,-0.356195092,6.16771698,-23.2572861,-39.5028076,2
15.4210975,0.00795125534,-0.0137177176,-0.998094296,-0.0596347431,0.0175153265,0.0264378889,3.02200577,0.17169788,-0.259236919,-9.80171897,-0.535466328,0.540404333,-0.629817075,0.127513871,0.277076662,-0.354991138,6.16771698,-23.2572861,-39.5028076,2
15.4310545,0.00929195675,-0.0145173282,-0.997963189,-0.0614185037,0.0203386084,0.0278377174,3.01837686,0.199362589,-0.272959502,-9.8008229,-0.579441591,0.782773156,-0.662137044,0.168207243,0.267716974,-0.36956954,6.25331879,-23.2340546,-39.1463928,2
15.4410125,0.0104841169,-0.0155639282,-0.997826446,-0.0631673511,0.0229010502,0.0297400743,3.01481089,0.224463657,-0.291607504,-9.79974329,-0.642849868,0.924872181,-0.768412476,0.230757356,0.22055608,-0.389826,6.36980438,-23.3266373,-39.1913147,2
15.4509705,0.0112995009,-0.0169009244,-0.997675616,-0.0650378204,0.0247602825,0.0322590854,3.01099874,0.242664299,-0.316298677,-9.79854327,-0.699956268,0.964078256,-0.746418087,0.292456925,0.125347808,-0.407195687,6.64611053,-23.4086456,-39.1090393,2
15.4609275,0.0115958816,-0.0184833456,-0.997515947,-0.0669747917,0.0256287863,0.0353289493,3.00705792,0.251148214,-0.346386576,-9.79731226,-0.729688705,0.928624812,-0.472466121,0.340975761,0.0239265598,-0.419078737,6.70137787,-23.4652405,-38.9806213,2
15.4708855,0.011427713,-0.0202009836,-0.997346467,-0.0690027649,0.0256046199,0.0387273515,3.00294422,0.250879864,-0.37969066,-9.79608477,-0.763088797,0.782513482,-0.042138183,0.359532386,-0.058133956,-0.428212047,6.90409088,-23.4107285,-38.9993896,2
15.4808425,0.0109244027,-0.0218983822,-0.99717674,-0.070989846,0.0249209412,0.0421345374,2.99892565,0.244148765,-0.413076395,-9.79490403,-0.80349358,0.575581226,0.489988918,0.339726806,-0.109385028,-0.422780037,6.82290649,-23.7907104,-39.0125122,2
15.4908005,0.0102511043,-0.0234084767,-0.997008604,-0.0729425761,0.0238824843,0.0451968075,2.99499018,0.233945753,-0.44307837,-9.79384196,-0.792691981,0.418685833,1.02971714,0.29297474,-0.129780054,-0.410575032,6.89793396,-23.86689,-39.1378174,2
15.5007585,0.00958385636,-0.0246228148,-0.996848791,-0.0747950746,0.0228185468,0.0476748537,2.99126621,0.223499854,-0.467353527,-9.79295757,-0.788830118,0.325046558,1.38003222,0.220995709,-0.112527095,-0.39262417,6.88420105,-24.06987,-38.8955994,2
15.5107155,0.00916644225,-0.0254598755,-0.996700775,-0.0765190211,0.0221975959,0.0493689929,2.98780054,0.217400971,-0.483947775,-9.7922883,-0.76567253,0.165816622,1.47752579,0.133574262,-0.0460753739,-0.371336192,6.79369354,-24.0274582,-38.7807312,2
15.5206735,0.00912940762,-0.0258514483,-0.996569512,-0.0780866611,0.0222632798,0.0501207424,2.9846432,0.218035999,-0.491310814,-9.79190777,-0.728299662,0.0326699513,1.46532331,0.0304030944,0.0258828718,-0.34030062,6.79618073,-24.1743088,-38.7704773,2
15.5306315,0.00949403736,-0.0257423865,-0.996459377,-0.0794715515,0.0230430406,0.0498140723,2.9818476,0.22567475,-0.488307175,-9.79188498,-0.68221844,0.0456775361,1.36683897,-0.0772333518,0.0988598764,-0.30406484,6.82558441,-24.02565,-38.7377014,2
15.5405885,0.0102571461,-0.0251714335,-0.996367734,-0.0807002176,0.0245337944,0.04852354,2.97936128,0.240287049,-0.47566667,-9.7921597,-0.666454323,0.19045579,1.07576928,-0.166522771,0.172936499,-0.278314352,6.98006439,-23.8770676,-38.7489929,2
15.5505465,0.011394368,-0.024276461,-0.996289455,-0.0817804363,0.0267069282,0.0465258751,2.97716841,0.26159099,-0.456098375,-9.79254432,-0.756741181,0.403424331,0.60928516,-0.218911424,0.236461401,-0.256347805,6.99412537,-23.9103699,-38.6483154,2
15.5605045,0.0127745844,-0.0232211023,-0.996215133,-0.0827824707,0.0293298709,0.0441657606,2.97513179,0.287306099,-0.432977356,-9.7928734,-0.82839509,0.619873189,0.0827402425,-0.237799585,0.265620828,-0.24368608,7.21305084,-23.7442322,-38.7528992,2
15.5704615,0.014231189,-0.0221534387,-0.996139674,-0.0837401712,0.0320962634,0.0417645345,2.97318725,0.314428353,-0.409451117,-9.79305227,-0.826936561,0.777408414,-0.336216406,-0.230556577,0.26642856,-0.235122412,7.44467926,-23.6977615,-39.0520325,2
15.5804195,0.0156004615,-0.0211444225,-0.996062365,-0.0846718061,0.0346927399,0.0394907522,2.97130216,0.339886108,-0.387171335,-9.7931078,-0.781017106,0.811990921,-0.536076715,-0.212379575,0.235868469,-0.237242356,7.49299622,-23.6048279,-38.816803,2
15.5903765,0.0167686804,-0.0202091067,-0.995982915,-0.085606474,0.0368968575,0.0373935486,2.96942061,0.361499572,-0.366619984,-9.79312475,-0.706114352,0.729788877,-0.530822448,-0.194026396,0.191090345,-0.239965171,7.55703735,-23.5509109,-38.7971497,2
15.6003345,0.0176724868,-0.0193325163,-0.995896242,-0.0866288663,0.0385832443,0.0354518914,2.9673737,0.378040811,-0.347591458,-9.79319431,-0.581996244,0.621426702,-0.405206941,-0.179051772,0.12971893,-0.243942827,7.93126678,-23.1535416,-38.934967,2
15.6102925,0.0182113042,-0.0184772837,-0.995815818,-0.0876232817,0.0395409246,0.0336148044,2.96539711,0.387443978,-0.32958654,-9.79344916,-0.485156712,0.614943843,-0.235562322,-0.172642618,0.0448133573,-0.242741466,7.92802429,-23.1670837,-38.9879761,2
15.6202495,0.0183129254,-0.0176022307,-0.995742681,-0.0886076891,0.0396197173,0.0318146195,2.96345676,0.388238489,-0.311942199,-9.79399569,-0.454676964,0.656107116,-0.075502108,-0.171881497,-0.0420365892,-0.232879668,8.02680969,-23.0645142,-38.8557739,2
15.6302075,0.0180317965,-0.0166616054,-0.995683042,-0.0895120628,0.0389180166,0.0299557093,2.96169134,0.381387856,-0.293721227,-9.79482804,-0.407424142,0.689511081,0.0086783965,-0.185960576,-0.107088298,-0.22009863,7.94061279,-23.161026,-38.9451294,2
15.6401655,0.0175427658,-0.0156008345,-0.995634834,-0.0903335978,0.0377746166,0.0278996856,2.96010179,0.370210227,-0.273566967,-9.79584044,-0.371705982,0.657834744,0.00400514399,-0.211737603,-0.128188357,-0.199850991,7.96039581,-23.0956802,-38.8653564,2
15.6501225,0.0170075762,-0.0144345276,-0.995593899,-0.0910772094,0.0365147105,0.0256466615,2.95867158,0.357889674,-0.251480259,-9.79689024,-0.311800671,0.542374135,-0.0999912371,-0.224545807,-0.133267269,-0.187429741,8.00180054,-23.0015717,-39.1463623,2
15.6600805,0.016463182,-0.0132938759,-0.995555197,-0.0917712077,0.0352369804,0.0234500315,2.95733709,0.345390258,-0.229945176,-9.79786814,-0.368284118,0.338730106,-0.308505977,-0.199264184,-0.128317431,-0.187809095,7.87969971,-22.945488,-38.992218,2
15.6700375,0.0159889663,-0.012386985,-0.995509947,-0.0924697917,0.034139867,0.0217074455,2.95597984,0.334653833,-0.212860606,-9.79862627,-0.447479965,0.0946452912,-0.513498973,-0.135096386,-0.0970673636,-0.187997386,7.86839294,-22.8802338,-38.9469299,2
15.6799955,0.0156465415,-0.0118912144,-0.995457063,-0.0931606168,0.0333798964,0.020760595,2.95461813,0.327213637,-0.203577265,-9.79907518,-0.511416869,-0.13939373,-0.611063275,-0.0428584814,-0.0640700534,-0.18604441,7.82024384,-22.8554077,-38.8623352,2
15.6899535,0.0154192515,-0.0118486439,-0.995397456,-0.0938388817,0.0329332988,0.0206958468,2.95326186,0.322837796,-0.202942438,-9.79923359,-0.522603376,-0.277545515,-0.456478863,0.0391658135,-0.0323973484,-0.178118035,7.85345459,-22.7790527,-38.8194885,2
15.6999105,0.0153194165,-0.0121209991,-0.995334937,-0.0944819044,0.0327996057,0.0212356885,2.95196206,0.321524083,-0.20823532,-9.79916578,-0.506475504,-0.306818901,-0.114325467,0.0743232742,-0.00209181593,-0.170525759,7.87862396,-22.7842484,-38.8505249,2
15.7098685,0.0153263011,-0.0124733003,-0.995275654,-0.095057531,0.0328929802,0.021916738,2.95079232,0.32243433,-0.21491257,-9.79899159,-0.48119917,-0.370621,0.329475115,0.066210486,0.0116602154,-0.169872493,7.74975586,-22.9280319,-38.6771545,2
15.7198265,0.0153711927,-0.0127009408,-0.995212468,-0.0956790491,0.0330398875,0.0223407254,2.94953402,0.323870829,-0.219069452,-9.79885189,-0.421134614,-0.415545233,0.715849345,0.025910683,0.00863582455,-0.172191545,7.94435883,-22.8662415,-38.7094116,2
15.7297835,0.0153733945,-0.0126745096,-0.995150752,-0.096321505,0.0330535563,0.0222663583,2.94824399,0.324005306,-0.218340334,-9.79886358,-0.310836503,-0.416723264,0.893631093,-0.0320207924,-0.0133525655,-0.177084833,7.98910522,-22.8557968,-38.7370605,2
15.7397415,0.0153016454,-0.0123394993,-0.995092501,-0.0969759175,0.032859945,0.0215917818,2.94694302,0.32211288,-0.211726597,-9.79907109,-0.208088368,-0.424384446,0.865706729,-0.0924917534,-0.0301198829,-0.180324093,7.98280334,-22.8851013,-38.8028259,2
15.7496985,0.0152205129,-0.0117384518,-0.995038417,-0.0976170037,0.0325942804,0.0203902722,2.94567865,0.319517675,-0.199946416,-9.79940368,-0.137408091,-0.53657144,0.70383216,-0.134840533,-0.0272511244,-0.179081187,7.94342804,-22.8088531,-38.7947083,2
15.7596565,0.015183256,-0.0110156323,-0.99498681,-0.0982311113,0.0323899053,0.0189390136,2.94447159,0.317523981,-0.185717181,-9.79974855,-0.100997711,-0.667667644,0.411336237,-0.140490919,-0.0167608224,-0.172268212,7.99111176,-22.8599091,-38.8655396,2
15.7696145,0.0152232418,-0.0103584095,-0.994935114,-0.0988178391,0.032350121,0.0176041443,2.94331541,0.31714185,-0.172628768,-9.80000048,-0.0778706272,-0.713227472,0.12129063,-0.113431603,0.00456097815,-0.159434438,8.08984375,-22.6991959,-38.7178345,2
15.7795715,0.0153626938,-0.00993510442,-0.994861395,-0.099578677,0.032556446,0.0167092878,2.9417991,0.319168716,-0.16385451,-9.80008523,-0.0968065426,-0.706289782,-0.106672322,-0.0566315055,0.0342147164,-0.15038456,8.08984375,-22.6991959,-38.7178345,2
15.7895295,0.0156520694,-0.00985732118,-0.994813773,-0.100016506,0.0331241335,0.0164822134,2.94091719,0.324733255,-0.161627974,-9.7999391,-0.127809511,-0.695497827,-0.300898425,0.0208848566,0.0737083331,-0.138522834,7.95895386,-22.841423,-38.8010254,2
15.7994875,0.0160479569,-0.0101988608,-0.9947664,-0.10038995,0.0339871561,0.0170696898,2.94014733,0.333187451,-0.167388346,-9.79955858,-0.203002041,-0.674025489,-0.44732525,0.102307528,0.0957551301,-0.127048343,7.90436554,-22.7162018,-38.8900452,2
15.8094445,0.0165093297,-0.0109016707,-0.994716995,-0.100730327,0.0350535665,0.0183632059,2.93942819,0.343629715,-0.180071412,-9.79897347,-0.255941421,-0.606425423,-0.48517012,0.162540779,0.112444356,-0.116521403,8.04524994,-22.6248932,-38.8438416,2
15.8194025,0.0169729643,-0.0118613196,-0.994669003,-0.101018024,0.0361766235,0.0201683906,2.93880294,0.354621978,-0.197770936,-9.79824048,-0.299704283,-0.465125257,-0.472735001,0.202298775,0.108365349,-0.110112995,8.03964233,-22.7501755,-38.7130127,2
15.8293605,0.0173836925,-0.012946689,-0.994616414,-0.101332603,0.0372218463,0.0222327408,2.93811727,0.364847165,-0.218010755,-9.7974356,-0.367839223,-0.354354705,-0.402611663,0.21618849,0.0973750204,-0.115384988,8.20775604,-22.7866287,-38.6759949,2
15.8393175,0.0177303138,-0.0140493973,-0.994562514,-0.101653999,0.0381447145,0.0243436976,2.93741615,0.373870357,-0.238706538,-9.79661317,-0.398260629,-0.314056378,-0.353155851,0.21377629,0.0842493922,-0.11595308,8.19522095,-22.8460159,-38.6335449,2
15.8492755,0.0180058645,-0.0151270847,-0.994514123,-0.101923806,0.0389211996,0.0264208201,2.93681944,0.381457049,-0.2590696,-9.79580303,-0.34868572,-0.318233883,-0.307279066,0.211219922,0.0688163713,-0.100354679,8.17044067,-22.9565277,-38.5106812,2
15.8592325,0.0182450911,-0.0162169094,-0.994475775,-0.102088097,0.0396262043,0.0285333053,2.93643348,0.388340488,-0.279778169,-9.79496307,-0.226581581,-0.304408625,-0.310962138,0.220981419,0.069006063,-0.069653742,8.29407501,-23.114975,-38.5168457,2
15.8691905,0.0184831542,-0.0174067166,-0.994451445,-0.102086565,0.0403453208,0.0308513993,2.93637453,0.39535687,-0.302500873,-9.79400679,-0.173294008,-0.294105824,-0.38658758,0.250003219,0.0739448965,-0.0290945955,8.33126831,-23.1004791,-38.4677734,2
15.8791485,0.018770553,-0.0187718995,-0.99444518,-0.101853063,0.0411912996,0.0335178489,2.93676998,0.403607616,-0.328636253,-9.7928284,-0.162540742,-0.275003411,-0.453307247,0.285642236,0.0993614122,0.0204428434,8.27616119,-23.210701,-38.2126465,2
15.8891055,0.0191875468,-0.0203852744,-0.994457333,-0.10134509,0.0423353758,0.0366636574,2.9376977,0.414765298,-0.359467116,-9.79127883,-0.174147337,-0.0869034632,-0.540299886,0.340902805,0.128211975,0.0795786008,8.32421112,-23.2651672,-38.1658936,2
15.8990635,0.0195858873,-0.0222582732,-0.994484933,-0.100600609,0.0434831998,0.0403412713,2.93908416,0.42594333,-0.395505448,-9.78940894,-0.231563425,0.107152178,-0.596487637,0.38488695,0.109741226,0.109473288,8.30628967,-23.5752869,-38.2435608,2
15.9090215,0.0199723685,-0.024295824,-0.994515673,-0.099747026,0.044631237,0.0443553295,2.94067695,0.437107296,-0.434834565,-9.78724913,-0.386978041,0.173715376,-0.382272055,0.407634079,0.129170582,0.125704467,8.31573486,-23.696846,-38.0072021,2
15.9189785,0.0203832388,-0.0264296023,-0.994544152,-0.0988322448,0.0458383237,0.0485608537,2.94238079,0.44883328,-0.476032143,-9.78480057,-0.466938772,0.251574166,-0.423925085,0.425771117,0.11979124,0.132243261,8.24310303,-23.858139,-37.7391357,2
15.9289365,0.0206511752,-0.0286499496,-0.994576897,-0.097822943,0.046766232,0.0529736109,2.94427141,0.457809819,-0.519250741,-9.78218659,-0.489382732,0.226258779,-0.412922045,0.449223191,0.0757050067,0.150402814,8.09685516,-24.2067337,-37.8878479,2
15.9388935,0.0206483226,-0.0309629829,-0.994612291,-0.0967536849,0.0471614594,0.0576286169,2.94628774,0.461557006,-0.564830918,-9.77948435,-0.376412552,0.239966109,-0.344547012,0.471471637,0.016585907,0.168690518,8.16461182,-24.1986923,-37.8010559,2
15.9488515,0.020314717,-0.033327469,-0.994653337,-0.0956103005,0.0468936785,0.0624545576,2.94846791,0.458805114,-0.612071904,-9.77677099,-0.304228811,0.258327038,-0.18445465,0.476905555,-0.0464417934,0.180594578,8.14544678,-24.560936,-37.249115,2
15.9588095,0.0197661985,-0.0356183732,-0.994692799,-0.094481995,0.0461736859,0.0671740864,2.950637,0.451627441,-0.658257426,-9.77410441,-0.33505909,0.13198044,0.147618081,0.452871054,-0.0690072998,0.182975069,8.17827606,-24.6609726,-37.1125793,2
15.9687665,0.0192512029,-0.037735839,-0.994738403,-0.0932781745,0.0454716355,0.0715441606,2.95296874,0.444630385,-0.701010161,-9.77145185,-0.29349582,-0.11391769,0.440799647,0.406429529,-0.0459448621,0.191287339,7.99119568,-25.0665207,-37.0163269,2
15.9787245,0.018843085,-0.0395977747,-0.994786725,-0.0920659955,0.0449235703,0.0753844455,2.95532708,0.439150784,-0.738568907,-9.76893256,-0.159776757,-0.114516679,0.562180294,0.34498015,-0.0326212794,0.194862664,8.00541687,-25.1198273,-36.9577026,2
15.9886825,0.0185624152,-0.0411515665,-0.994841299,-0.0908440967,0.0445623051,0.0785868498,2.9577152,0.435513999,-0.769880722,-9.76667806,-0.138183459,0.200657743,0.568304914,0.279868275,-0.0176186264,0.183124512,7.85873413,-25.3686142,-36.9600525,2
15.9986395,0.0182936757,-0.0423531717,-0.994900531,-0.0896912053,0.0441575627,0.0810816348,2.95998543,0.431474843,-0.794268291,-9.76490403,-0.297698241,0.403413335,0.429613068,0.206087366,-0.0371992216,0.166531116,7.78452301,-25.4617081,-36.8843384,2
16.0085975,0.0179448574,-0.0431714249,-0.99497231,-0.0885684033,0.0435193944,0.0828247129,2.96222522,0.425182209,-0.811304619,-9.76377941,-0.302628354,0.41760655,0.286781052,0.129129738,-0.0635874197,0.156720817,7.61656952,-25.7235107,-36.6806946,2
16.0185545,0.0174823354,-0.0436316778,-0.995052261,-0.0875306192,0.0425924333,0.0838694095,2.96432522,0.416095086,-0.821514025,-9.76331705,-0.248500348,0.458790939,-0.0014338322,0.0674039647,-0.0959022492,0.151421979,7.70057678,-25.5679932,-36.6311035,2
16.0285125,0.0168864312,-0.0438268537,-0.995143468,-0.0865072561,0.0413504789,0.0844066064,2.96642333,0.403950876,-0.826763543,-9.76338427,-0.215107563,0.584049742,-0.290467047,0.0323703401,-0.126849249,0.14331238,7.5618515,-25.7318726,-36.6724243,2
16.0384705,0.0161900588,-0.0439201605,-0.995235188,-0.0855317811,0.0398927064,0.0847536797,2.96843962,0.389706187,-0.830155012,-9.76367537,-0.12424853,0.769849523,-0.522263294,0.0282760952,-0.139893562,0.13655071,7.44432068,-25.6672821,-36.7462158,2
16.0484275,0.0154657724,-0.0440246819,-0.995322271,-0.0845934613,0.0383836269,0.0851236506,2.97038323,0.374959759,-0.833770061,-9.76394483,-0.0580267301,0.968143094,-0.627339287,0.034994185,-0.139188349,0.13162306,7.43825531,-25.8271561,-36.787262,2
16.0583855,0.0147487937,-0.0441296315,-0.995406578,-0.0836706891,0.0368898647,0.0854898634,2.97229533,0.360363079,-0.837348358,-9.76418799,0.0234580325,1.12509986,-0.539108631,0.0255470797,-0.135224357,0.131820187,7.30355072,-25.6549377,-36.6021423,2
16.0683435,0.0140973878,-0.0441409761,-0.995491903,-0.0827565051,0.0355112029,0.085655369,2.97418957,0.346896279,-0.838965437,-9.76453695,0.10994791,1.24118985,-0.350814841,-0.00366353709,-0.118074656,0.126403317,7.24458313,-25.7686157,-36.3656311,2
16.0783005,0.013509855,-0.0439930598,-0.995577856,-0.0818951876,0.034237561,0.0854883385,2.97597984,0.334464266,-0.837333452,-9.76511095,0.165176278,1.41642952,-0.227837865,-0.0393707305,-0.119723618,0.108443379,7.151474,-25.711647,-36.4463806,2
16.0882585,0.0128292445,-0.0436498703,-0.995660885,-0.0811760483,0.0327577388,0.0849401836,2.9775007,0.320028255,-0.831977405,-9.76605262,0.139808686,1.66590609,-0.21627193,-0.0760571063,-0.165168598,0.0736859366,7.11700439,-25.7330246,-36.6385498,2
16.0982155,0.011860745,-0.0431063984,-0.995736277,-0.0806859067,0.0306895929,0.0840300746,2.97859284,0.299853099,-0.823084124,-9.76744612,0.0456607129,1.83642837,-0.301817293,-0.109302633,-0.242613137,0.0256289002,7.05237579,-25.7641754,-36.47995,2
16.1081735,0.0104977388,-0.0424000638,-0.995802553,-0.0804321421,0.0278270349,0.0828502227,2.97924677,0.271918852,-0.811553918,-9.76922832,-0.0272607858,1.81292737,-0.490074843,-0.128145292,-0.331517965,-0.0262420196,6.81575012,-25.7296143,-36.6918335,2
16.1181315,0.00875543386,-0.0416014655,-0.99585298,-0.080432244,0.0242132554,0.0815397743,2.97942037,0.236638865,-0.79874624,-9.77120225,-0.0536314543,1.67831447,-0.707320586,-0.131061599,-0.394813627,-0.0697352365,6.66810608,-25.6103821,-36.7072754,2
16.1280885,0.00677056602,-0.0408041585,-0.995859118,-0.0809543265,0.0201578576,0.0802603146,2.97855805,0.197031351,-0.786240028,-9.77309494,-0.0747767894,1.52888992,-0.839801888,-0.118122898,-0.42722854,-0.106977418,6.66810608,-25.6103821,-36.7072754,2
16.1380465,0.00475009004,-0.0401179115,-0.995866487,-0.0813512618,0.0160391776,0.0792141327,2.97794117,0.156790654,-0.776013087,-9.774641,-0.0694016539,1.32398446,-0.871326323,-0.0860320106,-0.411026508,-0.13747476,6.52806091,-25.4754791,-36.7730408,2
16.1480045,0.00292479603,-0.0396400283,-0.995849237,-0.0818793916,0.0123551273,0.0785527835,2.97703482,0.120785713,-0.769547691,-9.77566333,-0.0419260472,1.18613717,-0.796383018,-0.043710921,-0.345382512,-0.159246102,6.43740082,-25.4365082,-36.8552246,2
16.1579615,0.00151443546,-0.0394125997,-0.995813138,-0.0824650038,0.00954592093,0.078325455,2.97597221,0.0933250846,-0.767325192,-9.77613854,-0.0387067381,1.09996805,-0.586564209,-0.000711164437,-0.240608662,-0.168794379,6.28984833,-25.3666458,-36.9184875,2
16.1679195,0.000673858992,-0.0393876287,-0.995767431,-0.0830384814,0.00790777028,0.0784102452,2.97488459,0.0773096597,-0.768154118,-9.77621336,-0.00353767261,1.01595245,-0.260429636,0.0167988539,-0.112959079,-0.164341301,6.21234131,-25.449234,-36.849884,2
16.1778765,0.000481481277,-0.0394425762,-0.995720746,-0.0835714592,0.00757481672,0.0785478521,2.97382626,0.0740538317,-0.769499468,-9.7761327,0.0339851438,0.901328662,0.108945528,0.0106959911,0.0211589672,-0.156959832,6.23509216,-25.3611526,-36.7489319,2
16.1878345,0.000889642602,-0.0394580832,-0.995679853,-0.0840464026,0.00843028347,0.0785063119,2.97283867,0.0824172303,-0.769093371,-9.77609763,0.06183405,0.772683139,0.332469037,-0.0198382158,0.123446718,-0.146613196,6.34036255,-25.4689102,-36.5136719,2
16.1977925,0.00172769822,-0.0393308692,-0.995650929,-0.084435509,0.0101132179,0.0781072693,2.97199369,0.098872727,-0.765192053,-9.77625135,0.076503193,0.712368371,0.471485878,-0.0615537763,0.189347327,-0.13521935,6.36689758,-25.6562881,-36.5336609,2
16.2077495,0.00281955814,-0.0389930161,-0.99563547,-0.0847447107,0.0122602728,0.0772445677,2.97129582,0.11987068,-0.756757329,-9.77667279,0.0721149863,0.798654397,0.511112955,-0.109456323,0.217354462,-0.121650271,6.41506195,-25.6441956,-36.523468,2
16.2177075,0.00398954257,-0.0384421091,-0.99563147,-0.0849947812,0.0145213492,0.075943144,2.97071848,0.14199034,-0.744032141,-9.77735318,0.0422141983,0.861496126,0.382656086,-0.151283219,0.216795698,-0.11404264,6.48685455,-25.5115356,-36.5349731,2
16.2276655,0.00511217351,-0.0377137115,-0.995632468,-0.0852490026,0.0166565209,0.0742947045,2.97014431,0.162886541,-0.727912123,-9.77824107,-0.0419787364,0.844627847,0.175397483,-0.172294497,0.191949993,-0.120906137,6.59208679,-25.3417664,-36.9151001,2
16.2376225,0.00606316996,-0.0369609311,-0.995627792,-0.0855708011,0.0184485485,0.0726248247,2.96945064,0.180431313,-0.711580363,-9.7791348,-0.150652772,0.790737048,-0.158148242,-0.154803693,0.151134208,-0.137692824,6.70696259,-25.3976669,-36.763031,2
16.2475805,0.00680311747,-0.03634835,-0.995611691,-0.0859635619,0.0198474767,0.0712683596,2.96862735,0.194130424,-0.698312373,-9.77982921,-0.213433053,0.695168522,-0.445206942,-0.111274064,0.108500458,-0.148443729,6.68380737,-25.1547241,-36.8093567,2
16.2575385,0.00727611128,-0.0359690111,-0.995581478,-0.0864337819,0.0207587363,0.0704205476,2.96766091,0.20305452,-0.690019031,-9.78023662,-0.199013666,0.580782046,-0.568849689,-0.0522315912,0.0562661774,-0.147171929,7.00418854,-25.1797028,-36.7533264,2
16.2674955,0.00751261562,-0.0358282768,-0.995545029,-0.0868906027,0.0212383132,0.0700891457,2.9667304,0.207749711,-0.686777126,-9.78036639,-0.14475164,0.477582149,-0.489411995,-0.0126671363,0.0245415363,-0.143302888,7.01545715,-25.1938629,-36.7168579,2
16.2774535,0.00768066442,-0.0357844983,-0.995506803,-0.0873303123,0.02159696,0.0699629753,2.96583585,0.211259271,-0.685542835,-9.78037749,-0.0747891374,0.405718982,-0.140295775,-0.0124837961,0.0370741375,-0.133814216,7.09207916,-25.169632,-36.6924438,2
16.2874105,0.00804372651,-0.0356464715,-0.995477543,-0.0876875774,0.022322122,0.0696160715,2.96509697,0.218356865,-0.682149174,-9.78045874,0.0394693839,0.389007501,0.366009487,-0.0567977317,0.0960362628,-0.102905832,7.21685028,-25.1146622,-36.8023376,2
16.2973679,0.00878180249,-0.0352423404,-0.99547177,-0.0878454774,0.0237340047,0.0686765991,2.96474316,0.232180607,-0.672958079,-9.78077731,0.199823813,0.413185591,0.822273246,-0.129636884,0.179656193,-0.06639985,7.28334808,-25.2596741,-36.7770386,2
16.3073259,0.00994085749,-0.0345243675,-0.995487501,-0.0878279535,0.0259175244,0.0670411907,2.96472704,0.253564737,-0.656957084,-9.78133436,0.321642851,0.517194028,0.954361749,-0.195418835,0.248635277,-0.0486911573,7.30428314,-25.1541901,-36.7699585,2
16.3172829,0.0113721412,-0.033577423,-0.995508276,-0.0877855849,0.0286014577,0.0649021395,2.96475575,0.279855801,-0.636025794,-9.78200071,0.293107223,0.658320262,0.689570995,-0.22621201,0.279134482,-0.0631630048,7.30891418,-24.9945908,-36.7028809,2
16.3272409,0.0128116795,-0.0326026416,-0.995511484,-0.0879187282,0.0313077395,0.0627009108,2.96443753,0.306370664,-0.614483094,-9.7825829,0.178306156,0.877095481,0.0709533586,-0.206342965,0.248700932,-0.0994648188,7.62425232,-24.8747711,-36.6722412,2
16.3371989,0.0140357797,-0.0318153414,-0.99549329,-0.0882258085,0.0336275931,0.0609049283,2.96377964,0.329100547,-0.596904146,-9.78293302,0.0207527921,0.978777666,-0.60266428,-0.143888339,0.209235013,-0.129255995,7.73973083,-24.8652954,-36.6444702,2
16.3471559,0.0151208532,-0.0313755318,-0.995459985,-0.0885798239,0.0357344018,0.0598230438,2.96302324,0.349733439,-0.586313778,-9.78285762,-0.0339974736,0.905489216,-1.06826227,-0.0637428984,0.206499949,-0.123833261,7.70777893,-24.9153519,-36.6054688,2
16.3571139,0.0162726027,-0.0313362473,-0.995417592,-0.0888649493,0.0380420003,0.0595283271,2.96238388,0.372313958,-0.583428761,-9.78219711,0.171769027,0.7623938,-1.1729215,0.00997342262,0.249218136,-0.0971489474,7.86291504,-24.7112808,-36.6549072,2
16.3670709,0.0176648903,-0.0316300525,-0.995368585,-0.0890433449,0.0408836312,0.0598569761,2.96192817,0.400101946,-0.586645969,-9.78090766,0.346739956,0.611633842,-0.977138229,0.0604062378,0.308144838,-0.0838086456,8.00144196,-24.7444382,-36.7572632,2
16.3770289,0.0192516658,-0.0321540126,-0.995305766,-0.0892298239,0.0441561773,0.0606076008,2.96143066,0.432088664,-0.593993738,-9.77910324,0.333009025,0.454529884,-0.522248681,0.095194459,0.33639738,-0.0983120203,8.13563538,-24.6814499,-36.6549377,2
16.3869869,0.0209386136,-0.0328332562,-0.995217897,-0.0895809594,0.0476679797,0.0616401124,2.96058378,0.466398747,-0.604100304,-9.77690719,0.257698239,0.233745664,-0.0520382303,0.123542473,0.358588189,-0.163566113,8.14503479,-24.8271255,-36.5726929,2
16.3969439,0.0228058599,-0.0336568244,-0.995082059,-0.0903254048,0.0515924166,0.0629041837,2.95892158,0.50472413,-0.616472587,-9.77423125,-0.000295183554,0.0836115455,0.319828751,0.149698049,0.40434432,-0.238776788,8.45849609,-24.6837311,-36.3461304,2
16.4069019,0.0248776562,-0.0346021167,-0.994900528,-0.0914146846,0.0559728717,0.0643473589,2.95653876,0.547484391,-0.630596608,-9.77102807,-0.256438594,-0.0276607449,0.521778726,0.169135407,0.436373115,-0.314268619,8.55953217,-24.7873535,-36.3465576,2
16.4168599,0.0270256839,-0.0355812183,-0.994670391,-0.0929205661,0.0605437012,0.0658081741,2.95330294,0.592083849,-0.644892041,-9.76749405,-0.569188638,0.137768595,0.476644868,0.163761139,0.431805164,-0.397628605,8.85649872,-24.6690598,-36.3633118,2
16.4268169,0.0290348987,-0.0364699798,-0.994396525,-0.0948808505,0.0648561933,0.0670718078,2.949161,0.634147141,-0.657256725,-9.76402842,-0.902745982,0.547570754,0.251716168,0.14270699,0.356634229,-0.495903552,9.17720795,-24.8092346,-36.3017273,2
16.4367749,0.0304319875,-0.0371286443,-0.994088775,-0.0973791637,0.0679442176,0.0679437172,2.9439893,0.664256448,-0.665787749,-9.76144834,-1.19681609,0.729382196,-0.119122054,0.103906967,0.183275819,-0.585334897,9.52554321,-24.5738297,-36.1934204,2
16.4467319,0.0309411314,-0.0374604099,-0.993779599,-0.100207191,0.0692214984,0.0683068401,2.93823715,0.676707275,-0.669340473,-9.76035002,-1.30398753,0.814487487,-0.374753935,0.0541471355,-0.00724379439,-0.638852477,9.54053497,-24.7496109,-36.2354126,2
16.4566899,0.0305837595,-0.0374839341,-0.993476382,-0.103266883,0.0687239769,0.0682151193,2.93210071,0.671855378,-0.668443086,-9.76074691,-1.26456927,0.972954075,-0.525192333,0.0166110024,-0.175905153,-0.67300272,9.66569519,-24.6422577,-36.3172302,2
16.4666479,0.0294942757,-0.0372719842,-0.993172825,-0.106529759,0.0667297027,0.0678029466,2.92562167,0.652406801,-0.664410396,-9.76234149,-1.24796373,0.952760524,-0.421095999,-0.00430093845,-0.315358102,-0.705936968,9.8168335,-24.5804596,-36.0683289,2
16.4766049,0.0277560749,-0.0369297088,-0.992834862,-0.110203533,0.063439873,0.0672632786,2.9183649,0.620309535,-0.659130118,-9.76479122,-1.11336471,1.02783564,-0.195985513,-0.0101852389,-0.438746363,-0.754697442,9.8168335,-24.5804596,-36.0683289,2
16.4865629,0.0255285851,-0.0365046604,-0.992485306,-0.113967638,0.0591601327,0.0666912395,2.91095904,0.578535399,-0.653532955,-9.76773136,-0.95352654,1.13955443,0.0318605346,-0.0079830708,-0.516114414,-0.810374558,9.9135437,-24.4810028,-36.1701965,2
16.4965209,0.0230787533,-0.0360749466,-0.992087979,-0.118014436,0.054453087,0.0661800883,2.90299121,0.532570096,-0.648531347,-9.77067852,-0.756726568,1.15430491,0.285599733,-0.00220362935,-0.53403157,-0.853454351,10.0562973,-24.4758911,-36.04953,2
16.5064779,0.0205986352,-0.035643975,-0.991650135,-0.122209416,0.0496929711,0.0657052777,2.89471884,0.486069918,-0.643885129,-9.77340941,-0.553855022,1.08052612,0.605861615,-0.00429367786,-0.531985223,-0.874053061,10.0393677,-24.423233,-36.2120667,2
16.5164359,0.0182202457,-0.0352089454,-0.991174153,-0.126499783,0.0451380193,0.0652329338,2.88623976,0.441561279,-0.639262949,-9.77582465,-0.373625077,0.954547846,0.922217136,-0.00437624427,-0.49413085,-0.887102664,10.1357651,-24.2534485,-36.133606,2
16.5263929,0.0160645475,-0.0348794446,-0.990664061,-0.130804897,0.0410520097,0.0649506385,2.87770236,0.401621008,-0.636500426,-9.77772727,-0.284005121,0.779851789,0.952401262,0.0225240793,-0.440993071,-0.89483279,10.0710831,-24.2762909,-36.4459229,2
16.5363509,0.0141435642,-0.0347268225,-0.99012001,-0.135116547,0.037479871,0.0649911269,2.86912009,0.366690126,-0.636896658,-9.77907401,-0.149565196,0.550554227,0.909454686,0.0550730005,-0.390653372,-0.884835124,10.2244492,-24.226944,-36.205719,2
16.5463089,0.0125209892,-0.0347723823,-0.98955993,-0.139302261,0.0345489465,0.0653768698,2.86075685,0.338018378,-0.640671501,-9.77986019,0.0184191615,0.359351344,0.988053006,0.0839006454,-0.307911366,-0.847886443,10.2640839,-24.2211761,-36.1042786,2
16.5562659,0.0113717619,-0.0349944947,-0.989001774,-0.143253188,0.0325962793,0.0660090777,2.85282467,0.318907654,-0.646857934,-9.78009517,0.191207741,0.108909288,1.06295656,0.0941345468,-0.18392694,-0.786614358,10.4686356,-24.0301208,-36.072937,2
16.5662239,0.0109422318,-0.0353337756,-0.988468799,-0.146836884,0.032085527,0.0666886436,2.84557945,0.313898228,-0.653507528,-9.77981518,0.385957648,-0.122664184,1.11235626,0.0870470777,-0.0140899662,-0.715757012,10.4828873,-23.9614944,-36.2675476,2
16.5761819,0.0113378288,-0.0357069787,-0.987965373,-0.150068913,0.0332008063,0.0672021767,2.83898724,0.324794082,-0.658532298,-9.77912194,0.430876621,-0.206673715,1.02741763,0.0590073951,0.14402011,-0.658313811,10.6092758,-23.8636246,-36.1795349,2
16.5861389,0.0124118419,-0.0359883377,-0.987492951,-0.152997898,0.0356136958,0.0673293467,2.83296613,0.348386079,-0.659776599,-9.77822587,0.364937218,-0.059832099,0.830346662,0.00559690082,0.251031518,-0.608226717,10.7819595,-23.9048309,-35.9866333,2
16.5960969,0.0139554155,-0.0360165507,-0.987050432,-0.155690399,0.038860701,0.0668045341,2.82740588,0.380147537,-0.654641501,-9.77738825,0.275565283,0.263636981,0.509283986,-0.0700623989,0.320526183,-0.568115413,11.0466461,-23.8840637,-35.9790955,2
16.6060549,0.0158076852,-0.0356383234,-0.986640679,-0.158177606,0.0425711362,0.065370143,2.82226722,0.416462713,-0.640605669,-9.77683821,0.181041042,0.60693582,0.0893003317,-0.174479619,0.346298128,-0.53803581,11.2133408,-23.7981949,-36.1078491,2
16.6160119,0.0177278824,-0.0347220874,-0.986254162,-0.160570193,0.0462267249,0.0628378128,2.81735533,0.452273483,-0.615822964,-9.77683997,0.111561884,0.921830402,-0.298708806,-0.287782341,0.317469001,-0.532113969,11.4623489,-23.6291275,-35.9855957,2
16.6259699,0.0194927631,-0.033244074,-0.985878106,-0.162969907,0.0493771589,0.0592303681,2.81248389,0.483178982,-0.580511923,-9.77752152,-0.00329038331,1.09511418,-0.746191292,-0.381024152,0.249083281,-0.542771161,11.7025299,-23.5651093,-36.0611877,2
16.6359269,0.0208905464,-0.0313696475,-0.985494143,-0.16547147,0.0516574737,0.0549432683,2.80746216,0.505597406,-0.538538356,-9.77878993,-0.0726949781,1.00076753,-1.20161685,-0.416563123,0.150113598,-0.557495832,12.0025635,-23.2534561,-36.1029358,2
16.6458849,0.0218420218,-0.029414074,-0.985098524,-0.168043717,0.0530115177,0.0506323237,2.80233133,0.518956033,-0.496321336,-9.78032372,-0.132890175,0.841683537,-1.55218034,-0.381752938,0.07172212,-0.566668272,12.116951,-22.917511,-36.2140808,2
16.6558429,0.0224393441,-0.027736506,-0.98468493,-0.170653349,0.0537431653,0.0469820225,2.79712347,0.526205456,-0.46056679,-9.78168565,-0.148219956,0.720186571,-1.78964061,-0.284557164,0.0267948527,-0.567995071,12.3580246,-22.8116684,-36.2846069,2
16.6657999,0.0227669469,-0.0266142357,-0.984248136,-0.173288074,0.0541205111,0.0445142426,2.7918369,0.529956369,-0.436391439,-9.78259108,-0.101393359,0.608173947,-1.75342012,-0.148432881,0.000202125404,-0.579775572,12.5773849,-22.8020554,-36.259552,2
16.6757579,0.0228452541,-0.0261651717,-0.983776062,-0.176006015,0.0542374431,0.0434532082,2.78634257,0.531125048,-0.425996302,-9.78298622,-0.0813134977,0.476422749,-1.45898768,-0.00455357367,-0.0284543168,-0.602773786,12.6013031,-22.7305756,-36.2526855,2
16.6857159,0.022646734,-0.026294285,-0.983247593,-0.178940598,0.0540225499,0.0436165726,2.78037559,0.529018979,-0.427596869,-9.78303064,-0.0365607482,0.300553082,-0.960201122,0.0991083756,-0.0703847185,-0.63998878,12.9336166,-22.5121384,-36.2477417,2
16.6956729,0.0221388513,-0.0267849481,-0.982668533,-0.182084631,0.0533428592,0.0445939407,2.77396665,0.522346881,-0.437172251,-9.78296576,0.00437839775,0.152709705,-0.354682622,0.159374416,-0.122877657,-0.681514561,13.0355835,-22.4492264,-36.4011841,2
16.7056309,0.0213648546,-0.027386018,-0.982050724,-0.185390957,0.0521955874,0.0458833139,2.76722743,0.511093008,-0.449803732,-9.78298738,0.093892701,0.0806463755,0.163235336,0.167945534,-0.166948453,-0.712036014,13.0445328,-22.4447479,-36.3791199,2
16.7155879,0.0204220116,-0.0278923547,-0.981403871,-0.18881526,0.050695283,0.0470527151,2.76025828,0.496387971,-0.461259265,-9.78321126,0.159923472,-0.00800568487,0.567330516,0.137811974,-0.200396478,-0.732746899,13.0916367,-22.4110641,-36.2746887,2
16.7255459,0.0193718609,-0.0281691311,-0.980737054,-0.192317331,0.0489076102,0.0478201557,2.75314747,0.478880554,-0.468776801,-9.78372681,0.135682034,-0.0703688733,0.825222743,0.0889091343,-0.227536485,-0.756634951,13.1216812,-22.5434113,-36.0695801,2
16.7355039,0.0182742725,-0.0282065071,-0.980037535,-0.195951301,0.0469447648,0.0481437324,2.74578137,0.459668562,-0.471946371,-9.78449545,-0.0330508039,-0.114185511,0.956924877,0.0494566746,-0.2320766,-0.785210311,13.1206436,-22.2510605,-36.3484192,2
16.7454609,0.0172939594,-0.0281030135,-0.979291324,-0.199748746,0.0451664207,0.0481517865,2.73807965,0.442267492,-0.472025245,-9.78529391,-0.265993408,-0.134756626,0.847888748,0.0275463127,-0.196864009,-0.819959223,13.2630234,-22.1442032,-36.2190247,2
16.7554189,0.0165614205,-0.0279742286,-0.978493626,-0.20369916,0.0438717639,0.0480165627,2.73004926,0.429601304,-0.470700719,-9.78592168,-0.475987975,-0.139073905,0.639174102,0.0207992885,-0.138182014,-0.842046142,13.43367,-22.0017471,-36.2683716,2
16.7653769,0.0161782399,-0.0278932062,-0.97765755,-0.207715838,0.0432842938,0.0478372971,2.7218574,0.423855965,-0.468944742,-9.78625662,-0.621526217,-0.160731683,0.496005986,0.0163488816,-0.0592922568,-0.848519981,13.6478119,-21.9286118,-36.2327576,2
16.7753339,0.0161663835,-0.0278533173,-0.976796043,-0.21173637,0.0434404597,0.0475859546,2.71363127,0.425389312,-0.466482699,-9.78630805,-0.67887439,-0.147332103,0.395052042,0.00520520797,0.0105554573,-0.836066365,13.93293,-21.6975098,-36.1982727,2
16.7852919,0.0164965355,-0.027804528,-0.975935337,-0.21565015,0.0442548648,0.0471733762,2.70560225,0.433367671,-0.462441242,-9.78614965,-0.671140873,-0.0445323116,0.373196768,-0.0152444076,0.0754742771,-0.817405879,14.079071,-21.6873856,-36.3132629,2
16.7952489,0.0171464316,-0.0277060642,-0.975076541,-0.219463287,0.0456643519,0.0465218212,2.69776247,0.44717437,-0.456058664,-9.78582816,-0.683002211,0.0963285133,0.397115989,-0.0425637774,0.13148272,-0.801634073,14.2698364,-21.5771255,-36.2255554,2
16.8052069,0.0180591393,-0.0275464557,-0.9742179,-0.223191421,0.047550725,0.0456270401,2.69008423,0.465652495,-0.447293174,-9.78537048,-0.736645173,0.216101725,0.395761067,-0.063175045,0.173945487,-0.793441355,14.5596619,-21.652771,-36.3575439,2
16.8151649,0.0191761826,-0.027365839,-0.973345499,-0.226895896,0.049818588,0.0445856085,2.68244264,0.487866081,-0.4370906,-9.78474972,-0.799410549,0.273984297,0.330945188,-0.0667819232,0.21060358,-0.788734794,14.726265,-21.2995071,-36.296936,2
16.8251219,0.020404407,-0.0272351305,-0.972460279,-0.230570598,0.0523176935,0.0435746408,2.67484953,0.512340487,-0.427186023,-9.78393606,-0.85755338,0.327077151,0.205633047,-0.0556003749,0.221104681,-0.777730882,15.0831985,-21.2396927,-36.221344,2
16.8350799,0.0216100994,-0.0271569441,-0.971551104,-0.234273006,0.054792138,0.042656327,2.66719157,0.536569979,-0.418188806,-9.78302596,-0.855446617,0.357733899,0.105363578,-0.0465273596,0.206610754,-0.767481685,15.0831985,-21.2396927,-36.221344,2
16.8450379,0.0226738455,-0.0270672604,-0.970663345,-0.237835519,0.0569729449,0.0417732515,2.65982284,0.55792439,-0.409536531,-9.78219711,-0.800934763,0.41237833,0.0466255576,-0.0476275124,0.164603919,-0.76439774,15.3199005,-21.0428391,-36.2849731,2
16.8549949,0.0234755787,-0.0268717677,-0.969769405,-0.241400456,0.0585877413,0.040796121,2.65246264,0.57374305,-0.399962318,-9.78167864,-0.808523391,0.417917515,0.0137847797,-0.0623779446,0.0981987193,-0.766423821,15.5981979,-20.9880981,-36.3353882,2
16.8649529,0.0239544172,-0.0265175664,-0.968860189,-0.245016081,0.0594932569,0.0396555866,2.64501689,0.582627016,-0.388786552,-9.78160382,-0.786881322,0.371576949,0.00203881235,-0.0778037757,0.0232333932,-0.775182188,15.8667679,-20.7844086,-36.3980103,2
16.8749099,0.0240900283,-0.0259766577,-0.967936436,-0.248684367,0.0596342911,0.0383152542,2.63748372,0.584037102,-0.375652345,-9.78203286,-0.778415253,0.320734102,-0.0171346747,-0.0979201943,-0.0543814041,-0.794364274,15.9217606,-20.6199799,-36.1727905,2
16.8848679,0.023904243,-0.0252516882,-0.966983,-0.252457492,0.059054171,0.0367745841,2.62975224,0.578395698,-0.360554181,-9.78293653,-0.785193807,0.281095335,-0.0388268665,-0.11556071,-0.116192847,-0.817308247,15.9834595,-20.3659744,-36.063324,2
16.8948259,0.0235222516,-0.0243864156,-0.965988294,-0.256356392,0.0580158413,0.0350610077,2.621769,0.568272473,-0.343760575,-9.78413422,-0.822356029,0.21297603,-0.00381108272,-0.131395489,-0.145820469,-0.850107014,16.1668549,-20.2788467,-36.2242432,2
16.9047829,0.0230568206,-0.0234383186,-0.964928705,-0.260444989,0.0567669647,0.0332286606,2.61339117,0.556087676,-0.32580187,-9.78544881,-0.873018952,0.165987631,0.0235404501,-0.136893585,-0.161004752,-0.893979907,16.4058762,-20.2309113,-36.0233459,2
16.9147409,0.0225657722,-0.0224493068,-0.963789158,-0.264759035,0.0554401939,0.0313289376,2.60453752,0.543137448,-0.30718167,-9.78677801,-0.91543471,0.124323276,0.0500093548,-0.141671538,-0.16087833,-0.940159917,16.5312805,-19.9924088,-36.1468201,2
16.9246989,0.02210881,-0.0214320686,-0.962580134,-0.269241903,0.0541536152,0.0293591483,2.59532051,0.530577278,-0.287873524,-9.78805402,-0.92367413,0.1080079,0.0882458542,-0.150459707,-0.151452869,-0.977175772,16.5404434,-19.812767,-36.2544861,2
16.9346559,0.0217653388,-0.0204102308,-0.961300694,-0.27388035,0.0530706996,0.0273219401,2.58576286,0.520007368,-0.26790337,-9.78918799,-0.93375421,0.0666395688,0.105690325,-0.152628362,-0.116179943,-1.01518977,16.6717224,-19.6973038,-36.1612549,2
16.9446139,0.0216401493,-0.0194525934,-0.959939618,-0.27869205,0.0524298115,0.02528745,2.57581985,0.513760985,-0.247958752,-9.79004315,-1.01459688,-0.0306677081,0.0878407805,-0.147232518,-0.0641268566,-1.05647588,16.7824707,-19.5075684,-36.2792053,2
16.9545719,0.0217249386,-0.0185901134,-0.958483642,-0.283710383,0.052232345,0.0233115692,2.5654191,0.511852338,-0.228587697,-9.79061481,-1.07179505,-0.0545278734,0.0215238495,-0.136867881,-0.0266806372,-1.0980618,17.0153427,-19.2474899,-36.2254639,2
16.9645289,0.0219396475,-0.0178055956,-0.956934771,-0.288924803,0.0523144131,0.0214014041,2.55458457,0.51267772,-0.209860054,-9.79099124,-1.10808458,0.0452574841,-0.0696779319,-0.132157817,-0.00706512341,-1.13860226,17.2421341,-18.9931107,-36.3776855,2
16.9744869,0.0222265052,-0.0170294539,-0.955291028,-0.294337971,0.0525244728,0.019453187,2.5433144,0.514754891,-0.190758573,-9.79127298,-1.11240624,0.108905598,-0.146459558,-0.140451252,0.00582197309,-1.17541146,17.4956818,-18.6192017,-36.3681641,2
16.9844439,0.0225827361,-0.0161942617,-0.953563393,-0.299907381,0.0528141836,0.0173399207,2.53170043,0.517611632,-0.17003802,-9.79150387,-1.08832825,0.140857519,-0.205484579,-0.159418821,0.00923454762,-1.2084229,17.6568146,-18.2941208,-36.4776306,2
16.9944019,0.0229296351,-0.0152893217,-0.951743306,-0.3056552,0.0530236486,0.0150864671,2.5196956,0.519681607,-0.147942088,-9.79175288,-1.111946,0.206149947,-0.281251475,-0.161816642,-0.00952109043,-1.24863446,17.9622421,-17.9886017,-36.328186,2
17.0043599,0.0231370994,-0.0143978609,-0.949825328,-0.311591299,0.0529540735,0.0129326287,2.50727193,0.519015983,-0.126822226,-9.79208488,-1.18969048,0.237552911,-0.404969625,-0.134977311,-0.0389122702,-1.29660678,18.1929626,-17.8281097,-36.1601257,2
17.0143169,0.0231379897,-0.0136397516,-0.947794881,-0.317747571,0.052555589,0.0111515246,2.49435172,0.515125003,-0.10935683,-9.79250106,-1.25852327,0.247770463,-0.479970797,-0.08438766,-0.0689572543,-1.34693253,18.4924622,-17.4305191,-36.0681763,2
17.0242749,0.022934131,-0.0130712086,-0.945635193,-0.324155985,0.0518746431,0.00985287744,2.48085919,0.508463646,-0.0966221534,-9.79298271,-1.31336311,0.234886176,-0.498493127,-0.0342541859,-0.0946623459,-1.39026439,18.7913742,-17.0283585,-36.2926331,2
17.0342329,0.0225222149,-0.0126620228,-0.943370191,-0.330734086,0.0508931212,0.00899234266,2.46696697,0.498855421,-0.0881835661,-9.79355671,-1.33906921,0.265203755,-0.352770651,0.00244456856,-0.127730072,-1.42449117,19.0176773,-16.8038788,-36.3742371,2
17.0441899,0.0219242963,-0.012316756,-0.941021749,-0.337410198,0.0495961507,0.00838580651,2.45282903,0.486155623,-0.0822357088,-9.79424703,-1.31155533,0.208229475,-0.0942547392,0.016825106,-0.154578462,-1.44867074,19.0309525,-16.5617142,-36.2831116,2
17.0541479,0.0212120584,-0.011938499,-0.938598286,-0.344152274,0.0480564868,0.00781063254,2.43851617,0.471077406,-0.0765953603,-9.7950297,-1.30126555,0.137796067,0.166149178,0.00625450816,-0.175071225,-1.462767,19.1822968,-16.3356094,-36.421936,2
17.0641049,0.0204927024,-0.0114642286,-0.936114826,-0.350909645,0.0464307064,0.00708155403,2.42413674,0.455154701,-0.0694457397,-9.79583576,-1.306292,0.129449368,0.375998966,-0.0181307271,-0.168492153,-1.46216536,19.2989807,-15.9807434,-36.4914856,2
17.0740629,0.01992054,-0.0108609195,-0.933597415,-0.357604516,0.0449793402,0.00603213925,2.40985662,0.440939896,-0.0591547203,-9.79655355,-1.30943512,0.139658719,0.495080104,-0.0622839965,-0.137099221,-1.45135975,19.4887314,-15.7544937,-36.2068176,2
17.0840209,0.0196212569,-0.0101116135,-0.93103906,-0.36425112,0.0439172136,0.00453450029,2.39564515,0.430537891,-0.0444681055,-9.79709365,-1.36038454,0.190363765,0.54320496,-0.111748748,-0.0886366069,-1.44239342,19.7393112,-15.3356323,-36.32901,2
17.0939779,0.0195996887,-0.00923831622,-0.928440032,-0.37084969,0.0432599645,0.00261737125,2.38150078,0.424101574,-0.0256676143,-9.79744144,-1.42323043,0.209122332,0.44643853,-0.147631422,-0.0547190495,-1.44381094,19.8987961,-15.0347748,-36.4099121,2
17.1039359,0.0197273216,-0.00832219107,-0.925782765,-0.377449098,0.0428219274,0.000516962638,2.36731447,0.419811256,-0.00506967137,-9.79765888,-1.48208711,0.180443971,0.247038824,-0.147552326,-0.0389837623,-1.45460093,20.1366119,-14.8404007,-36.4316711,2
17.1138939,0.0198652999,-0.00748590823,-0.923052213,-0.384088349,0.0424366985,-0.00144029269,2.35299512,0.416036524,0.0141244417,-9.79781086,-1.49103161,0.198060731,-0.0233539876,-0.118589751,-0.0326396972,-1.46291125,20.3234634,-14.3878479,-36.455658,2
17.1238509,0.0199771898,-0.00685523316,-0.92026104,-0.390734489,0.042138269,-0.00299435056,2.33860747,0.413111138,0.0293645052,-9.79790088,-1.47433956,0.285771364,-0.291564195,-0.0705300793,-0.0185049716,-1.46323907,20.4581909,-14.0051804,-36.2528076,2
17.1338089,0.0200442847,-0.00646983439,-0.917434121,-0.397329799,0.04193257,-0.00405710071,2.32427501,0.411094172,0.0397864597,-9.79794881,-1.46184804,0.370818203,-0.475420294,-0.0232013855,-0.0121350288,-1.45750773,20.4754868,-13.7158279,-36.3961792,2
17.1437659,0.0200083882,-0.00624826515,-0.914557643,-0.403911948,0.0416576608,-0.0047344745,2.30991887,0.40839938,0.0464291628,-9.79803239,-1.42832775,0.382132062,-0.520527849,0.00243526883,-0.0304855406,-1.44239783,21.0208054,-13.2977219,-36.2957153,2
17.1537239,0.0198545947,-0.00602878411,-0.911668122,-0.410402953,0.0411622654,-0.00530429287,2.29571608,0.403544268,0.0520171007,-9.79820541,-1.32007313,0.459592976,-0.52259881,-0.00241395948,-0.0501017198,-1.43103814,21.0526123,-12.9869614,-36.1930542,2
17.1636819,0.0196545374,-0.00568721413,-0.908760662,-0.416815709,0.040475372,-0.00604804385,2.28164416,0.396812183,0.0593106872,-9.79843922,-1.26036933,0.595053695,-0.479569231,-0.0339503139,-0.0685390532,-1.42712724,21.2169876,-12.7972717,-36.1267395,2
17.1736389,0.0194562165,-0.00514506642,-0.905823678,-0.423176624,0.0396137177,-0.00714584684,2.26764802,0.388366353,0.0700762242,-9.79870635,-1.18862672,0.692476215,-0.444137267,-0.0733821392,-0.0825514495,-1.41338539,21.4066467,-12.4380493,-36.1474915,2
17.1835969,0.0192718598,-0.00440625828,-0.902854627,-0.429491297,0.0385952821,-0.00859787672,2.25371396,0.378382464,0.0843153281,-9.79898458,-1.04187417,0.72163202,-0.529301522,-0.106728643,-0.0985413343,-1.39464343,21.4066467,-12.4380493,-36.1474915,2
17.1935549,0.0190778528,-0.00354213882,-0.89992291,-0.435616924,0.0374339314,-0.0102461466,2.24015494,0.366996452,0.100478619,-9.79926515,-0.912723259,0.783130664,-0.69990768,-0.115794912,-0.108261444,-1.37923753,21.545784,-12.1757736,-36.0412903,2
17.2035119,0.0188303428,-0.00268600362,-0.896975382,-0.441671054,0.0361637737,-0.0118153513,2.22670732,0.354543433,0.115866322,-9.7995539,-0.826648538,0.797371225,-0.926469533,-0.0961357206,-0.112135276,-1.36198556,21.6674728,-11.6583786,-36.4543457,2
17.2134699,0.0185325046,-0.00197491118,-0.89402693,-0.447625365,0.0349152277,-0.013060362,2.21343065,0.342302668,0.128074756,-9.7998374,-0.778494748,0.778279498,-1.17054425,-0.0560771339,-0.102334991,-1.34224474,21.8259354,-11.3999176,-36.1710815,2
17.2234269,0.0182003553,-0.00151034986,-0.891091208,-0.453456706,0.0338157804,-0.0138148668,2.2003768,0.331524668,0.13547325,-9.80010803,-0.774001528,0.786742571,-1.29716572,-0.00649626646,-0.0819130689,-1.32136905,21.9464569,-11.149437,-35.9119263,2
17.2333849,0.0178253688,-0.0013307166,-0.888162261,-0.459182215,0.0328948808,-0.0140068581,2.18750908,0.322498774,0.137355867,-9.80038334,-0.751208901,0.761516506,-1.38338153,0.0537915304,-0.0686063319,-1.30237317,22.1238632,-10.8962402,-36.1989136,2
17.2433429,0.017325806,-0.00143212692,-0.885208827,-0.464868938,0.0320138321,-0.0135734121,2.17467811,0.313865897,0.133105617,-9.80072236,-0.702772422,0.701272977,-1.38947692,0.117547601,-0.0746216178,-1.28753829,22.3126068,-10.3711014,-36.4158325,2
17.2532999,0.0166120955,-0.00175621274,-0.882270428,-0.470446363,0.0309725123,-0.0125316187,2.16204476,0.303664181,0.122889983,-9.80117712,-0.670274685,0.653878188,-1.25419868,0.168652952,-0.0978368968,-1.26985013,22.3233871,-10.2160568,-36.480896,2
17.2632579,0.0157204934,-0.00222200197,-0.879334245,-0.475940228,0.0297684323,-0.0110564908,2.14955504,0.291867635,0.108424929,-9.80170611,-0.569743057,0.621057723,-1.00452308,0.202542216,-0.108460516,-1.24106693,22.3652191,-9.79985809,-36.1679688,2
17.2732159,0.0147858233,-0.00278422353,-0.876431215,-0.481291899,0.0286027131,-0.00935236944,2.13734612,0.280446278,0.0917140783,-9.80220997,-0.446542429,0.590632774,-0.615559418,0.209642947,-0.097385332,-1.20852363,22.4371719,-9.54479218,-36.2156372,2
17.2831729,0.0139162422,-0.00338370109,-0.873573817,-0.486480778,0.0276102519,-0.00762821732,2.12546912,0.270721806,0.0748065315,-9.80262732,-0.335513227,0.53960489,-0.264092835,0.20210807,-0.0814526975,-1.17660856,22.5392227,-9.34472656,-36.1638794,2
17.2931317,0.0131445344,-0.00398234312,-0.870749768,-0.491534358,0.0268098095,-0.00598676767,2.11386463,0.262878217,0.058709785,-9.80294998,-0.240131675,0.472203853,0.0766559542,0.191088438,-0.0615841001,-1.14808059,22.5598984,-9.05717468,-36.2564392,2
17.3030887,0.0124889718,-0.00460313271,-0.867953078,-0.496467624,0.0262535667,-0.00441014816,2.1024995,0.257427459,0.0432486376,-9.80317502,-0.159113927,0.413744029,0.284129076,0.186583176,-0.0378902219,-1.13070905,22.5850143,-8.85072327,-36.41745,2
17.3130467,0.0118990681,-0.00527516429,-0.865155929,-0.501333948,0.0258813276,-0.00280313797,2.0912511,0.253779786,0.0274893567,-9.80332699,-0.151575659,0.407805871,0.379151293,0.195912108,-0.028578613,-1.1246897,22.76931,-8.68674469,-36.297821,2
17.3230047,0.0112845288,-0.00603694784,-0.862335287,-0.506175856,0.0255764107,-0.00101216595,2.08001967,0.250791437,0.00992595572,-9.80343747,-0.199314439,0.46218018,0.362950684,0.222341582,-0.0274417065,-1.12404943,22.7853928,-8.43416595,-36.3466492,2
17.3329617,0.010568711,-0.00693334284,-0.859497071,-0.510984286,0.0252559115,0.00111748542,2.06882451,0.247649394,-0.0109587865,-9.80351638,-0.216672748,0.522569255,0.21159634,0.265859187,-0.0364228822,-1.12144876,22.9389648,-8.37922668,-36.1897583,2
17.3429197,0.00965226546,-0.00799146881,-0.856626437,-0.515784864,0.0247832386,0.00373443073,2.05760464,0.243013971,-0.036622171,-9.80357015,-0.238972075,0.510823251,0.0804179371,0.317808926,-0.0665922314,-1.11841035,23.1195374,-8.17141724,-36.1885681,2
17.3528777,0.00845421302,-0.00916162035,-0.853756236,-0.520523674,0.023976213,0.00684239834,2.0464876,0.235098302,-0.0671004826,-9.80360172,-0.252155309,0.323578897,0.132673025,0.35699001,-0.104611039,-1.10970747,22.9441299,-8.06140137,-36.0422058,2
17.3628347,0.00707729673,-0.0103422752,-0.850891417,-0.52519196,0.0229105698,0.0101666028,2.03549768,0.224644676,-0.0996986017,-9.80356957,-0.197857865,0.0986507,0.351710328,0.357717335,-0.123837724,-1.08934736,23.0379181,-7.82532501,-36.2462769,2
17.3727927,0.00570031574,-0.0114393596,-0.848038713,-0.529780083,0.0217925369,0.0133626097,2.02466241,0.213675794,-0.131038537,-9.80344624,-0.151424853,0.0259925285,0.645624885,0.328151375,-0.123424061,-1.07529736,23.241188,-7.67473602,-36.0207825,2
17.3827497,0.0044400933,-0.0123796607,-0.845192822,-0.534299582,0.0207385667,0.0161824269,2.01395753,0.203334652,-0.158688469,-9.80325743,-0.155897833,-0.00456654073,0.865104087,0.279367864,-0.115800761,-1.06226468,23.3299789,-7.5174408,-36.2286682,2
17.3927077,0.00338253776,-0.0130992639,-0.842376679,-0.538719277,0.0198170546,0.0184255949,2.00346056,0.194293213,-0.180683132,-9.80305987,-0.121866914,0.0189245172,0.975339655,0.211805612,-0.104163811,-1.04255021,23.2086792,-7.43083191,-36.0074768,2
17.4026657,0.00258405809,-0.0135225185,-0.839619031,-0.543001248,0.0190296547,0.0199025482,1.9932666,0.186568939,-0.195164443,-9.80293244,-0.0550358047,0.108523923,0.967131798,0.120412588,-0.0919992924,-1.00701559,23.1836243,-7.28269196,-36.1710815,2
17.4126227,0.00209113096,-0.0135620804,-0.836957284,-0.547096058,0.0183447474,0.0204150831,1.9834999,0.179852947,-0.200189669,-9.80295699,0.0579229227,0.229368655,0.858668501,0.0194284506,-0.0850409865,-0.96883601,23.346138,-7.19558716,-36.2946777,2
17.4225807,0.00186065681,-0.0132160459,-0.834373973,-0.551037123,0.0176744876,0.0200050018,1.97408502,0.173283816,-0.196168962,-9.80315631,0.105792051,0.316926198,0.626181349,-0.064993754,-0.0877129287,-0.940468848,23.4689789,-7.00493622,-36.09021,2
17.4325387,0.00178696332,-0.0125610346,-0.831840273,-0.554870037,0.0169162524,0.018915612,1.96491175,0.165854177,-0.185487719,-9.803493,0.145543393,0.327493513,0.344151876,-0.119946189,-0.0996408612,-0.922694266,23.4990845,-6.74488068,-36.1915283,2
17.4424957,0.00178688919,-0.0117228097,-0.829315745,-0.558654233,0.0160649214,0.0174482002,1.95583274,0.157512301,-0.171099713,-9.80389223,0.192641409,0.33914245,0.0916635537,-0.140871435,-0.100934625,-0.919251621,23.3729706,-6.44317627,-36.1254883,2
17.4524537,0.00181510968,-0.0108859095,-0.826763534,-0.562441334,0.0152492367,0.0159590381,1.94671717,0.149519092,-0.156498064,-9.80426106,0.235051267,0.332471594,-0.20350188,-0.124305807,-0.091234073,-0.931686401,23.487175,-6.22302246,-36.0656433,2
17.4624107,0.00177075879,-0.0101982312,-0.824155393,-0.566269051,0.014470737,0.0148049435,1.93746746,0.141888953,-0.145181592,-9.80454864,0.316153496,0.277760235,-0.436349682,-0.0795947984,-0.0945052356,-0.935739219,23.619751,-5.89783478,-36.0087585,2
17.4723687,0.00155783479,-0.00970826328,-0.821551809,-0.570048931,0.0136298457,0.0141760732,1.92829787,0.13364556,-0.139015133,-9.80475381,0.502465611,0.292991981,-0.516948821,-0.0219847765,-0.100556388,-0.927802205,23.6035233,-5.81735992,-36.0862732,2
17.4823267,0.00118108507,-0.00943319408,-0.818963324,-0.573766916,0.0127610541,0.0140960117,1.91924345,0.125127359,-0.138230075,-9.80487715,0.701622156,0.332459465,-0.48166065,0.027108999,-0.098301217,-0.908233047,23.6844406,-5.56769562,-36.0245361,2
17.4922837,0.000736486262,-0.00935214108,-0.816435946,-0.577359757,0.0120032238,0.0144209131,1.91046112,0.11769635,-0.141415947,-9.80492391,0.875899037,0.346568874,-0.3535241,0.0566947274,-0.0758190304,-0.875321627,23.6773987,-5.3794632,-36.0206909,2
17.5022417,0.000370181741,-0.00946835078,-0.81396921,-0.58083064,0.0116032125,0.014984427,1.90194401,0.113773313,-0.146941533,-9.80488884,0.999083299,0.338477447,-0.2518056,0.0756207481,-0.0282528494,-0.845663607,23.7590866,-5.08008575,-35.7739258,2
17.5121997,0.000108127186,-0.00983094325,-0.811572518,-0.584169022,0.0116630971,0.0158313789,1.89371916,0.114358986,-0.15524631,-9.8047544,0.909313597,0.259543538,-0.287404152,0.114473388,0.0158846211,-0.825509608,23.8378067,-5.05202484,-36.0275269,2
17.5221567,-0.000134706021,-0.010492929,-0.809196767,-0.587444024,0.0121120849,0.0171407923,1.88561529,0.118758628,-0.168085516,-9.80449019,0.767397016,0.225246917,-0.427579516,0.167904645,0.0451263972,-0.809709847,23.9235535,-4.77187347,-36.0267334,2
17.5321147,-0.000463011895,-0.0114232159,-0.806833053,-0.590668812,0.0127501704,0.0189813695,1.87760094,0.125010546,-0.186132465,-9.80408629,0.664628861,0.239104049,-0.578368628,0.21875523,0.0522314161,-0.796303213,23.9261246,-4.77414703,-36.0266113,2
17.5420727,-0.000909214759,-0.0125058508,-0.804510404,-0.593806045,0.0133925648,0.0212035573,1.86977245,0.13130275,-0.207920281,-9.80356606,0.595788111,0.168415808,-0.531902645,0.244288549,0.0453487411,-0.787333429,23.95681,-4.67710876,-36.0231628,2
17.5520297,-0.0014409769,-0.0136104119,-0.80221952,-0.59687218,0.0139397125,0.0235594136,1.86209478,0.136659519,-0.231017554,-9.80297628,0.626493995,-0.0244139632,-0.302948928,0.246878132,0.0321380123,-0.775447667,23.974884,-4.6656723,-35.7374573,2
17.5619877,-0.00201323385,-0.0146558071,-0.799935406,-0.599903706,0.0143685324,0.025865775,1.85448112,0.14085519,-0.253628322,-9.80235786,0.80530516,-0.16775128,-0.00518996986,0.232838482,0.0189929176,-0.761923611,23.8528061,-4.4226532,-36.1109009,2
17.5719447,-0.0025141904,-0.0155828535,-0.797706995,-0.602838545,0.0147830047,0.0278960221,1.84708993,0.144910073,-0.273531037,-9.8017634,0.949241848,-0.246160452,0.328505978,0.193074793,0.0261790995,-0.747720182,23.9934692,-4.5319519,-36.0115662,2
17.5819027,-0.00282169005,-0.0163433735,-0.795498264,-0.605728818,0.0153172347,0.0294248543,1.83979469,0.150139863,-0.288517612,-9.80125486,1.04112686,-0.226385437,0.643134822,0.132790938,0.0395633467,-0.736728549,23.9787369,-4.31598663,-36.1265869,2
17.5918607,-0.00288020284,-0.0168564947,-0.793316412,-0.608569364,0.0159548466,0.0302552899,1.83261419,0.156385361,-0.296657773,-9.80091409,1.01243568,-0.189963769,0.829841051,0.0546539314,0.0447423533,-0.731349528,24.0455246,-4.27457428,-36.1129456,2
17.6018177,-0.00269373556,-0.0170593422,-0.791135977,-0.611396305,0.0166061962,0.0302910307,1.82546253,0.162768961,-0.297008121,-9.80079952,0.947394175,-0.148014186,0.875365953,-0.0257314555,0.0436853431,-0.728205383,23.8456879,-4.06699371,-36.2150574,2
17.6117757,-0.00230431833,-0.0169526047,-0.78894492,-0.614225619,0.0171978607,0.0295844008,1.81830161,0.168571291,-0.290081537,-9.80090941,0.870065071,-0.134739657,0.727034756,-0.0908068717,0.0316078067,-0.731350005,24.1026764,-3.85774231,-36.0949707,2
17.6217337,-0.00181479184,-0.016581872,-0.786737824,-0.617061859,0.0176165328,0.0283346408,1.81111786,0.1726809,-0.277830725,-9.80119232,0.78245766,-0.209239675,0.431335069,-0.131999314,0.0121960286,-0.73206532,23.991394,-3.63021851,-36.3289795,2
17.6316907,-0.00132232198,-0.0160242404,-0.784550468,-0.619856383,0.0177979227,0.0267861532,1.80403048,0.174466176,-0.26265102,-9.80157927,0.646297816,-0.304176223,0.158034845,-0.151309028,-0.0154283829,-0.722247541,24.1252289,-3.50360107,-36.1229248,2
17.6416487,-0.000918570545,-0.0153275901,-0.782361034,-0.622635788,0.0176561965,0.0251299331,1.79696979,0.173084476,-0.246414518,-9.80202585,0.609970877,-0.357672488,-0.0239274036,-0.155049175,-0.0490209647,-0.707305312,24.0871582,-3.07665253,-36.5018311,2
17.6516057,-0.000619041447,-0.0145752991,-0.78023186,-0.625320158,0.0172680992,0.0235205922,1.79013531,0.169286946,-0.230636957,-9.80247593,0.657761825,-0.397092827,-0.127774732,-0.146372765,-0.0600629337,-0.679867625,24.2433014,-2.88726044,-36.5233459,2
17.6615637,-0.000356904236,-0.0138523955,-0.778191601,-0.627873958,0.0168445132,0.0220095944,1.78361496,0.165140421,-0.215822963,-9.80288393,0.690339495,-0.440936462,-0.138439333,-0.1367971,-0.050652653,-0.637315869,24.0666122,-2.61081696,-36.6641541,2
17.6715217,-2.69477204E-05,-0.0132324896,-0.776305484,-0.630217938,0.0166411572,0.0205803271,1.77761142,0.163151914,-0.201809817,-9.80321593,0.736471131,-0.46916518,-0.0468289712,-0.132381096,-0.013211553,-0.582153141,24.0992432,-2.46500397,-36.5583496,2
17.6814787,0.000487392226,-0.0127432829,-0.774580311,-0.632346944,0.0168752881,0.0191261562,1.77214035,0.165451917,-0.187552086,-9.80346026,0.791332675,-0.488660227,0.0684866762,-0.145130709,0.0428096391,-0.513966382,24.0335999,-2.05162811,-36.5837097,2
17.6914367,0.00128103456,-0.0123617657,-0.773085153,-0.634180459,0.0176634978,0.0174894725,1.7674152,0.173184246,-0.171504385,-9.80362042,0.816819876,-0.506802836,0.207360894,-0.170082778,0.0964711532,-0.452475578,24.0387268,-2.05774689,-36.413147,2
17.7013947,0.00233609206,-0.0120164577,-0.771742273,-0.635817637,0.0188896884,0.0155771896,1.76318737,0.185211076,-0.152753873,-9.80371102,0.769777846,-0.543360224,0.264762697,-0.199508578,0.133324504,-0.408989877,24.0784988,-1.80812836,-36.5664368,2
17.7113517,0.00357160539,-0.0116475057,-0.770531395,-0.637285571,0.0203528744,0.0133976733,1.75939196,0.199561819,-0.131382364,-9.80373908,0.669235843,-0.577750204,0.194610718,-0.222611547,0.144894332,-0.384790361,24.1944733,-1.77539825,-36.5791626,2
17.7213097,0.0048332695,-0.0112145721,-0.769351781,-0.638708551,0.0217657102,0.0110820278,1.75571069,0.213418751,-0.108675342,-9.80372505,0.537314842,-0.59536952,0.0757850166,-0.228384212,0.127494842,-0.379298657,24.2978058,-1.52896118,-36.511261,2
17.7312667,0.00597720787,-0.0106764542,-0.768188328,-0.640106843,0.02285425,0.00875106343,1.75209287,0.224095536,-0.0858175219,-9.80371336,0.416355161,-0.592040741,-0.0705722504,-0.223431557,0.0822944939,-0.386575997,24.1974258,-1.507164,-36.4540405,2
17.7412247,0.0069025534,-0.0100059684,-0.766994465,-0.641538506,0.0234295059,0.00649258283,1.74838841,0.229739095,-0.0636700423,-9.80375194,0.350557286,-0.608352372,-0.221967511,-0.214259103,0.0282938424,-0.393848807,24.2139893,-1.33341217,-36.6087646,2
17.7511827,0.00762921632,-0.00921269939,-0.765774907,-0.642997428,0.0235343987,0.00429858832,1.74461063,0.230770174,-0.0421546227,-9.80384371,0.363442486,-0.584377951,-0.297591784,-0.209039599,-0.00711484905,-0.395322978,24.3211823,-1.09698486,-36.4810486,2
17.7611397,0.00826444362,-0.00834349929,-0.764569679,-0.644434062,0.0233933418,0.00210659676,1.74088584,0.229388875,-0.0206586407,-9.80394483,0.388466526,-0.592256904,-0.274745746,-0.21626848,-0.018230617,-0.387669861,24.2239304,-0.970939636,-36.4276123,2
17.7710977,0.00894911537,-0.00746076407,-0.763380325,-0.64584424,0.0233022493,-0.000168668229,1.73722274,0.228496329,0.00165407023,-9.8039875,0.396691333,-0.620255832,-0.167862412,-0.221574202,0.00232618675,-0.381722033,24.2176132,-0.759078979,-36.1205139,2
17.7810557,0.00971158078,-0.00665923302,-0.762182548,-0.647255062,0.0234266507,-0.00242063964,1.73354744,0.229715276,0.0237383427,-9.80393022,0.335617308,-0.636354587,-0.0975894366,-0.211611584,0.0210780352,-0.394169122,24.2339706,-0.637741089,-36.1759338,2
17.7910127,0.0104628746,-0.0059615327,-0.760887161,-0.648772394,0.023659937,-0.00450395631,1.72958183,0.23200072,0.0441685746,-9.80380572,0.249385168,-0.616831629,-0.0951701005,-0.189583987,0.0286329947,-0.417841971,24.3454208,-0.213432312,-36.1507263,2
17.8009707,0.0111658108,-0.00537472456,-0.75951753,-0.650368759,0.0239551393,-0.00635943686,1.72539769,0.234892441,0.0623643529,-9.80363796,0.185441323,-0.576519054,-0.110601478,-0.164902598,0.0355486907,-0.439936101,24.2641144,-0.10761261,-36.2570801,2
17.8109277,0.0118245818,-0.00489351836,-0.758094384,-0.652019188,0.024312807,-0.00800029618,1.7210598,0.238396065,0.0784552678,-9.80343805,0.146024674,-0.606077376,-0.0943412485,-0.144353047,0.0449520648,-0.450103521,24.3123932,0.0188827515,-36.3350525,2
17.8208857,0.0124715039,-0.00452998834,-0.756646619,-0.653689329,0.0247991016,-0.00944991797,1.7166588,0.243160321,0.0926706575,-9.80319664,0.148143748,-0.690173491,-0.0728846189,-0.12580201,0.0595155619,-0.446640879,24.4378128,0.232299805,-36.3660889,2
17.8308437,0.0130810983,-0.00427766057,-0.755226443,-0.65531942,0.0253690196,-0.010683594,1.71235286,0.248744222,0.104768279,-9.80293478,0.214685172,-0.718731257,-0.105468207,-0.103269741,0.0643139854,-0.438304156,24.6112518,0.318183899,-36.2926331,2
17.8408007,0.0136375951,-0.00412531172,-0.753827083,-0.656918326,0.025985465,-0.0116982957,1.7081194,0.254784251,0.114718476,-9.80266824,0.247401264,-0.673016239,-0.116658294,-0.0808312744,0.0710712224,-0.431277961,24.5221329,0.43396759,-36.1473999,2
17.8507587,0.0141579615,-0.00408072424,-0.752423567,-0.658514658,0.0266852547,-0.0125059101,1.70388259,0.261641442,0.122637889,-9.80239176,0.261194063,-0.651906012,-0.0680032766,-0.061225526,0.0797648728,-0.421803504,24.5046539,0.761276245,-36.3334961,2
17.8607167,0.0146527288,-0.00413064601,-0.751070919,-0.660045936,0.0274691341,-0.01313851,1.69980949,0.269323064,0.128841064,-9.80210417,0.287929108,-0.659306205,0.017450901,-0.0457664095,0.0899738371,-0.406371027,24.5365906,0.772659302,-36.0621643,2
17.8706737,0.0151619708,-0.00427474825,-0.749782142,-0.661497073,0.0283982787,-0.0136493627,1.69594067,0.278428618,0.133850362,-9.80178269,0.34795609,-0.637979339,0.119332482,-0.0353309885,0.108342484,-0.387760907,24.4478683,0.821876526,-36.1260376,2
17.8806317,0.0157017067,-0.00450276097,-0.748520577,-0.662910239,0.0294831459,-0.0140772908,1.69216529,0.289060359,0.138046507,-9.80141678,0.378025796,-0.660281626,0.199770293,-0.0295287594,0.119526431,-0.375800133,24.4849777,1.0817337,-36.0686035,2
17.8905887,0.0162504116,-0.00477338425,-0.747281461,-0.664291604,0.0306370943,-0.0144564045,1.68846731,0.300368866,0.141763957,-9.80102398,0.327661856,-0.759617468,0.267163328,-0.0261913314,0.122311555,-0.36794126,24.4849777,1.0817337,-36.0686035,2
17.9005467,0.0167810503,-0.00507101936,-0.746092172,-0.665611772,0.0317999095,-0.0147729709,1.68492664,0.311763993,0.144868088,-9.80062241,0.339460539,-0.774991855,0.292500014,-0.0188045204,0.118647307,-0.347340912,24.6424789,1.2071991,-35.9831848,2
17.9105047,0.0172731381,-0.00535481711,-0.744995256,-0.666824474,0.0328879143,-0.0150582448,1.68166849,0.322425562,0.147665354,-9.80023604,0.355584137,-0.682470004,0.309471023,-0.0202291291,0.109721512,-0.331149518,24.7567215,1.08554077,-35.561554,2
17.9204617,0.0177285007,-0.00557144519,-0.743936683,-0.667991588,0.0338315833,-0.015395982,1.67852954,0.331671895,0.150977045,-9.79987656,0.281843961,-0.582531739,0.302677709,-0.0276420396,0.0894101113,-0.326141983,24.7356567,1.17579651,-35.6522217,2
17.9304197,0.0181145625,-0.00568004253,-0.742874621,-0.669161289,0.0345265973,-0.0158046671,1.67538161,0.338480698,0.15498439,-9.79958138,0.203658057,-0.531023524,0.165014621,-0.0341727734,0.0584623665,-0.330806702,24.7680588,1.25840759,-35.5392456,2
17.9403777,0.0183737059,-0.00566229013,-0.741774845,-0.670373201,0.0348616552,-0.0162349046,1.67211798,0.341761766,0.15920303,-9.79939959,0.167755992,-0.479277701,-0.00305997209,-0.0289756134,0.0185924489,-0.33691439,24.8116837,1.49713898,-35.428833,2
17.9503347,0.0184624476,-0.00555027128,-0.740655387,-0.671608409,0.0348156566,-0.0165781529,1.66878906,0.34130909,0.162568689,-9.79936043,0.14037611,-0.459299911,-0.215734755,-0.0157642961,-0.017605532,-0.347651124,24.7284317,1.54644012,-35.4801941,2
17.9602927,0.0183553295,-0.00539032223,-0.739490954,-0.672894529,0.0344130444,-0.0167309931,1.66531781,0.337362837,0.16406733,-9.79947207,0.155545147,-0.476211226,-0.372742595,0.00782279018,-0.0501685366,-0.358946681,24.6916046,1.69541931,-35.6252136,2
17.9702497,0.0180934183,-0.0052449227,-0.738304824,-0.674204,0.0338003334,-0.0166533763,1.66177717,0.331358956,0.163306283,-9.79968951,0.161848266,-0.54712659,-0.426244468,0.0317354128,-0.0608743243,-0.368058324,24.6937332,1.65991211,-35.811615,2
17.9802077,0.0177396853,-0.00518412673,-0.737086062,-0.675546133,0.0331660824,-0.0163263818,1.65814009,0.325145197,0.160099998,-9.79995079,0.164021847,-0.629512978,-0.364183441,0.0550870746,-0.0494562872,-0.372502595,24.6363831,1.80381012,-35.6632385,2
17.9901657,0.0174011848,-0.00524932049,-0.735868016,-0.676881044,0.0327262238,-0.0158321115,1.65451364,0.320837124,0.155253489,-9.80017057,0.212024063,-0.773256628,-0.198912799,0.0660115704,-0.0237952359,-0.367974401,24.6438065,1.84266663,-35.6976013,2
18.0001227,0.0171943464,-0.00542952442,-0.73464825,-0.678208455,0.0326379282,-0.0153457234,1.65089879,0.319974224,0.150484229,-9.80027345,0.241767058,-0.900018749,0.0015542437,0.0519652627,0.018501088,-0.36590752,24.66185,1.92967224,-35.5346985,2
18.0100807,0.0172317996,-0.00566866133,-0.733462046,-0.679488246,0.0329910655,-0.0151026888,1.647407,0.323436274,0.148101151,-9.80019571,0.249078879,-0.85304372,0.15739947,0.0165122692,0.0624800287,-0.366765529,24.5611115,1.7457962,-35.5287476,2
18.0200387,0.0175353376,-0.00584170252,-0.7322217,-0.680815434,0.0336440472,-0.0153224138,1.64378189,0.32983445,0.150255672,-9.79994963,0.206019489,-0.616526217,0.134558108,-0.0401297025,0.0745026022,-0.37978676,24.5611496,2.04754639,-35.7732544,2
18.0299957,0.0180322057,-0.00576239653,-0.73094725,-0.682171331,0.0342342318,-0.0161787975,1.64007889,0.335613618,0.158652886,-9.79962112,0.0863661049,-0.401963392,-0.0257335762,-0.109608896,0.0546239689,-0.398133427,24.6485443,2.0103302,-35.8068848,2
18.0399537,0.0186702543,-0.00531447136,-0.729615377,-0.683582176,0.034522272,-0.0177712015,1.63622768,0.338427141,0.174266781,-9.79925931,-0.0226901168,-0.19880711,-0.26057752,-0.184324414,0.0138831958,-0.410250813,24.6369934,2.1372757,-35.8649902,2
18.0499107,0.0193566997,-0.00448185031,-0.728254764,-0.685018335,0.0343471327,-0.0199928626,1.63230676,0.336696774,0.196049939,-9.79890742,-0.0229050017,-0.0146889255,-0.537758969,-0.231302753,-0.0296592806,-0.419515312,24.6876831,2.26934814,-35.7997742,2
18.0598687,0.0200323893,-0.00346246263,-0.726855843,-0.686489087,0.0338902466,-0.0224725023,1.62828392,0.332202275,0.22036141,-9.79854385,-0.0890394523,0.0548223994,-0.828718184,-0.234014913,-0.0401595905,-0.42378065,24.6339569,2.53912354,-35.769043,2
18.0698267,0.0206397393,-0.0025593355,-0.725458038,-0.68795206,0.033484388,-0.0246874289,1.62426882,0.328208274,0.24207638,-9.79816625,-0.166149032,0.0664765968,-1.12762339,-0.173518479,-0.0183411688,-0.423356712,24.593811,2.74514771,-35.6691284,2
18.0797837,0.0210163411,-0.00206391039,-0.723991202,-0.689485826,0.033294764,-0.0259953603,1.62004276,0.326339484,0.254898689,-9.7979038,-0.175951976,0.156754614,-1.32406074,-0.0571505986,-0.00010011415,-0.434276998,24.427597,2.70545959,-35.418335,2
18.0897417,0.0210016715,-0.00208026823,-0.722466758,-0.691083335,0.03323867,-0.0260248988,1.6156251,0.325789632,0.255188265,-9.79791432,-0.213858987,0.222904153,-1.27137778,0.0782312304,0.00910900719,-0.452325106,24.4254074,2.84702301,-35.4777527,2
18.0996997,0.0205459705,-0.00255969511,-0.720867159,-0.692763856,0.033184635,-0.0247791469,1.61096265,0.325270503,0.242975557,-9.79824224,-0.229051807,0.231675196,-0.961748936,0.198260963,0.000607931055,-0.475348949,24.4066849,2.97874451,-35.4882812,2
18.1096567,0.0196574448,-0.0033451873,-0.719253811,-0.694461061,0.0329378741,-0.0224924789,1.60623763,0.322870128,0.220557279,-9.79885189,-0.279024593,0.191544992,-0.532876458,0.28290382,-0.0263117757,-0.493061304,24.2929764,3.01937866,-35.6203003,2
18.1196147,0.0184979562,-0.00426495112,-0.717531215,-0.696267507,0.0324968012,-0.0196398431,1.60119331,0.318567206,0.192588692,-9.79958196,-0.278911561,0.0263314142,0.0337830271,0.314541906,-0.0389175825,-0.499444902,24.2349472,2.93199921,-35.4828796,2
18.1295727,0.0173232413,-0.0051955643,-0.715792222,-0.698079012,0.0320635016,-0.0167488764,1.59611979,0.314337569,0.164242687,-9.80023487,-0.245502591,-0.197312287,0.506692216,0.29237482,-0.0279651694,-0.500902057,24.2675171,2.99629211,-35.4389648,2
18.1395297,0.0163572727,-0.00605753714,-0.714036946,-0.699890603,0.0318472353,-0.0142464742,1.59103241,0.312230222,0.139705463,-9.80068262,-0.292775616,-0.330941973,0.766312289,0.238618106,0.0019690278,-0.504020631,24.2796173,2.88259888,-35.5366211,2
18.1494877,0.0157233977,-0.00683790317,-0.712255293,-0.70171098,0.0320025029,-0.0123262083,1.58590771,0.313759952,0.120875748,-9.80088428,-0.400099133,-0.417606769,0.791952342,0.179442659,0.0410122126,-0.51219213,24.1617737,2.99332428,-35.3902283,2
18.1594447,0.0153949747,-0.00754515626,-0.710428941,-0.703560034,0.0324986774,-0.0109422014,1.58068965,0.318627997,0.1073042,-9.80088486,-0.497293578,-0.42588232,0.582011368,0.132347047,0.0701301545,-0.526369452,24.2442932,3.1770401,-35.4777832,2
18.1694027,0.0152716878,-0.00818522189,-0.708531632,-0.705466319,0.0331974844,-0.00994850966,1.57529716,0.325480201,0.0975599457,-9.80076153,-0.608293628,-0.341019971,0.250890239,0.10212972,0.0830843747,-0.550643325,24.2316666,3.23397064,-35.1300659,2
18.1793607,0.0152495389,-0.00878053653,-0.706526445,-0.707467839,0.0339802666,-0.00916988262,1.56962061,0.333154462,0.0899245737,-9.80057682,-0.752586984,-0.25213138,-0.079694299,0.0935130641,0.0832851678,-0.586092353,24.2890396,3.33969116,-35.1653137,2
18.1893177,0.0152157071,-0.00933724425,-0.704375913,-0.709602592,0.0346948163,-0.00844045069,1.56354989,0.340159555,0.0827715601,-9.80039912,-0.933620574,-0.264730512,-0.344731137,0.0934631154,0.0721138716,-0.625753701,24.1668396,3.4158783,-35.038147,2
18.1992757,0.0151394419,-0.00986933198,-0.702094935,-0.711853929,0.0353180841,-0.00769580237,1.5571285,0.346269818,0.0754692971,-9.80024422,-1.0353493,-0.296184384,-0.45322366,0.0984341726,0.0615198202,-0.655120134,24.1997986,3.6306839,-35.2529297,2
18.2092337,0.0150124929,-0.0103441192,-0.699740142,-0.714164716,0.0357930083,-0.00696645094,1.55051773,0.350926046,0.0683169914,-9.80013083,-1.02683749,-0.270626639,-0.38046296,0.0901559368,0.0450247079,-0.665346205,23.9923782,3.71020508,-35.0652161,2
18.2191907,0.0149108275,-0.0107058404,-0.697372014,-0.71647427,0.0361463248,-0.00643458603,1.54389264,0.35438985,0.063101298,-9.8000414,-0.968500895,-0.237279062,-0.111354927,0.0584978759,0.0369398855,-0.658579648,24.1437759,3.77826691,-34.8987732,2
18.2291487,0.0149613235,-0.0109211197,-0.695044761,-0.718727717,0.0365050393,-0.00632494394,1.53741158,0.357905493,0.0620260974,-9.7999204,-0.893756035,-0.206126694,0.213985865,0.00786245801,0.0433974564,-0.639831066,24.0980835,3.9148941,-34.9654846,2
18.2391057,0.0152336251,-0.0109485567,-0.692803446,-0.720882354,0.0369022846,-0.00679295966,1.53120242,0.361797313,0.0666156673,-9.79974738,-0.790058491,-0.195453215,0.450390483,-0.0586891398,0.0441308916,-0.607337534,24.0980835,3.9148941,-34.9654846,2
18.2490637,0.0157532526,-0.0107431522,-0.690703386,-0.722886681,0.0373036384,-0.00793505308,1.52541799,0.365727382,0.0778154721,-9.79951883,-0.646894759,-0.163856665,0.575109334,-0.129414916,0.0434739068,-0.55968219,24.1426086,4.00318146,-35.0970764,2
18.2590217,0.0165111932,-0.0102858249,-0.688794745,-0.724695272,0.0376645224,-0.00976167799,1.52019396,0.369257858,0.0957278349,-9.79922774,-0.459188414,-0.0660991509,0.577960631,-0.198775351,0.0376631543,-0.502045512,24.0852356,4.14376068,-35.2108765,2
18.2689787,0.0174596647,-0.00958331341,-0.687071312,-0.726316975,0.0379250254,-0.0121939644,1.51550771,0.371800674,0.119578977,-9.79887001,-0.303414609,0.0508587108,0.4414321,-0.252585679,0.0229027309,-0.459174842,24.0374527,4.41741943,-35.1124268,2
18.2789367,0.0184967389,-0.00868324584,-0.685470903,-0.727813268,0.0380109552,-0.015020684,1.51117928,0.372628321,0.14729705,-9.79846085,-0.282844115,0.0452870024,0.149528883,-0.278528333,0.00827851426,-0.432813555,24.0563431,4.54576874,-35.1225281,2
18.2888937,0.0195231203,-0.0077389058,-0.683949737,-0.729226738,0.0380077298,-0.0178884715,1.50707982,0.372579148,0.175416627,-9.79799966,-0.330678975,-0.133218366,-0.20781799,-0.260778457,0.00574439811,-0.412840486,24.033226,4.79111481,-35.1145935,2
18.2988514,0.0204002893,-0.0069511129,-0.682484116,-0.7305826,0.0380194781,-0.0203215432,1.50313223,0.372676946,0.199272554,-9.79753964,-0.320002865,-0.376891933,-0.585663461,-0.190745845,0.0100821555,-0.397779226,24.0938263,4.85030365,-35.0007324,2
18.3088094,0.0209460197,-0.00646231206,-0.681057905,-0.731901314,0.0380086839,-0.0218601623,1.4992755,0.372559091,0.214357895,-9.79722575,-0.24686186,-0.559721028,-0.840959826,-0.0867866725,0.00363242347,-0.387498885,24.0792389,5.05499268,-34.9489746,2
18.3187664,0.0210699138,-0.0063220279,-0.679648441,-0.733208081,0.037929519,-0.0223055989,1.49543818,0.371779814,0.218725059,-9.79715912,-0.207027168,-0.701006581,-0.804216195,0.0234170668,-0.00122012233,-0.385353714,24.0051956,5.14730072,-34.9873352,2
18.3287244,0.0208037026,-0.0064986552,-0.678221996,-0.734533822,0.0377839446,-0.0217486991,1.49153036,0.370358147,0.213265058,-9.79733331,-0.226105853,-0.784431299,-0.597093202,0.110595442,-0.011109476,-0.394902408,24.0438385,5.1608429,-35.0695496,2
18.3386824,0.0202617455,-0.0068482483,-0.676759058,-0.735893875,0.0375205332,-0.0205532077,1.48750923,0.367786726,0.201543915,-9.79767817,-0.240443445,-0.848277163,-0.197814482,0.151534349,-0.0255217031,-0.400906235,24.0057755,5.26931,-34.7687378,2
18.3486394,0.0196059013,-0.00718505877,-0.675298294,-0.737249123,0.0370893616,-0.0192059319,1.48349375,0.363571921,0.188334268,-9.79809844,-0.232188498,-0.885345715,0.266631998,0.141171351,-0.0451274067,-0.393924415,23.9216156,5.43549347,-35.0352173,2
18.3585974,0.0190083824,-0.00734779178,-0.673884888,-0.738555169,0.0364865425,-0.0181753471,1.47961932,0.357672269,0.178229455,-9.79850469,-0.174663835,-0.938088659,0.663128978,0.0897377208,-0.0597612113,-0.375029296,23.9433289,5.4499054,-35.1963501,2
18.3685554,0.0186001497,-0.00727279672,-0.672550337,-0.739781853,0.0357929119,-0.0177383929,1.47597927,0.350878407,0.173945093,-9.79882734,-0.143479045,-1.05007275,0.937737362,0.0230768435,-0.061403878,-0.35278517,24.0052032,5.37874603,-34.998291,2
18.3785124,0.0184505726,-0.00703288933,-0.671308273,-0.740915185,0.0352065041,-0.017899101,1.4726134,0.345131242,0.175520854,-9.79900328,-0.119775367,-1.08172563,1.01841833,-0.0297197886,-0.0428515002,-0.322212368,23.8294373,5.51602936,-34.9975281,2
18.3884704,0.018496168,-0.00676361816,-0.670176992,-0.74193996,0.0348407425,-0.0183814848,1.46956506,0.341544141,0.180250641,-9.79904303,-0.08656002,-1.11787934,0.862834973,-0.0439025089,-0.0201598741,-0.294327438,23.9150696,5.59310913,-35.0570679,2
18.3984274,0.0186095162,-0.00656851368,-0.669137503,-0.742876478,0.0346769541,-0.018859784,1.46677298,0.339936121,0.184940333,-9.79901147,-0.130890745,-1.16551502,0.650916562,-0.0326221585,-0.00325892074,-0.270619184,23.8295517,5.82515717,-34.9884644,2
18.4083854,0.0186940048,-0.00651352542,-0.668179417,-0.743736706,0.0346838752,-0.0191035897,1.46420155,0.340002391,0.187330827,-9.79896354,-0.212359908,-1.12735378,0.395886739,0.00192471943,0.0133716613,-0.248158529,23.8202362,5.7869873,-34.9849243,2
18.4183434,0.0186729133,-0.00661497602,-0.667291824,-0.744532753,0.0347839739,-0.0189780915,1.46181524,0.340984059,0.186100335,-9.79895302,-0.282324511,-1.09754243,0.120393389,0.0363990702,0.0144752748,-0.228041813,23.7544327,5.67762756,-35.4160767,2
18.4283004,0.0185403268,-0.00682299469,-0.666488423,-0.745253566,0.0348966275,-0.0185406576,1.45964968,0.342090742,0.181811314,-9.7989951,-0.298394918,-1.11061139,-0.0190273566,0.0649823323,0.0169450324,-0.201500118,23.7720566,5.61000824,-35.0570374,2
18.4382584,0.0183147101,-0.00712496553,-0.665780508,-0.745888775,0.0350287505,-0.0178350925,1.45773589,0.343389842,0.174893242,-9.79907518,-0.250014296,-1.14050413,-0.100349549,0.087439701,0.0170832518,-0.178455785,23.589798,5.64142609,-35.2279053,2
18.4482164,0.0180159105,-0.0075019405,-0.665139841,-0.746463754,0.0351783411,-0.0169175762,1.45599912,0.344861156,0.165896829,-9.79918039,-0.189386079,-1.12223022,-0.142891637,0.106525965,0.0206599273,-0.167903736,23.6108627,5.50057983,-35.3465576,2
18.4581734,0.0176674725,-0.00795103954,-0.664490487,-0.747045526,0.0353711181,-0.0158306935,1.4542375,0.346756396,0.155239588,-9.79928795,-0.22300449,-1.0705723,-0.155353059,0.121253245,0.0224000365,-0.181752443,23.6961365,5.54560852,-35.2264099,2
18.4681314,0.0172384569,-0.00840178589,-0.663751567,-0.747707127,0.0354594782,-0.0146257586,1.45223269,0.347628648,0.143424584,-9.799437,-0.241384342,-1.08195111,-0.123331196,0.131829113,-0.00240839506,-0.214045122,23.732399,5.65101624,-35.2929688,2
18.4780884,0.0166779129,-0.00873644533,-0.66288954,-0.748480357,0.0351997639,-0.0133839835,1.44989256,0.345089558,0.131248125,-9.7996977,-0.221487254,-1.15132707,0.0190846397,0.131954283,-0.0400380604,-0.245167091,23.4282227,5.66791534,-35.293457,2
18.4880464,0.0160323917,-0.0089279086,-0.661930277,-0.749340672,0.0346142318,-0.0122084436,1.44729085,0.339356568,0.119720961,-9.80004549,-0.190465544,-1.14548616,0.156949388,0.118500881,-0.0713885874,-0.267469376,23.4642868,5.61000824,-35.5257568,2
18.4980044,0.0153775307,-0.00894690349,-0.660914086,-0.75025052,0.0337598389,-0.0112479689,1.44454097,0.330987091,0.110302569,-9.80044238,-0.196461278,-1.06005186,0.245632465,0.0911566094,-0.0895385593,-0.275145382,23.4507904,5.60560608,-35.3726807,2
18.5079614,0.0148318011,-0.00887491294,-0.659906878,-0.751148575,0.0329157529,-0.010568737,1.44182605,0.322716946,0.103641978,-9.80079075,-0.211983476,-0.989196769,0.229969616,0.0624744929,-0.0696589053,-0.266041726,23.4173584,5.50968933,-35.6238403,2
18.5179194,0.0144536331,-0.00888868616,-0.65894932,-0.751995863,0.0324242437,-0.010023925,1.43925695,0.317901509,0.0982994754,-9.80100293,-0.203427135,-0.933875279,3.91629666E-05,0.0658553764,-0.022110831,-0.244682908,23.3249741,5.52030182,-35.5618896,2
18.5278774,0.0141661003,-0.00915989806,-0.658100657,-0.752740893,0.0324425842,-0.00927066886,1.43698593,0.318083588,0.0909128997,-9.8010684,-0.206153053,-0.86259342,-0.339272871,0.100001447,0.0314458124,-0.201063693,23.3899307,5.56430817,-35.5245972,2
18.5378344,0.0138734785,-0.00978581797,-0.657449848,-0.753306915,0.0329927313,-0.00803469191,1.43524275,0.323479017,0.0787925643,-9.8009965,-0.0637065293,-0.728817694,-0.688748572,0.161008075,0.0833598822,-0.140442967,23.4745026,5.53484344,-35.4237366,2
18.5477924,0.0135183577,-0.010826243,-0.657028093,-0.753667035,0.0340898934,-0.00615042833,1.43410579,0.334236594,0.0603147177,-9.80076679,0.0639506768,-0.576414206,-0.950544821,0.222998172,0.142004356,-0.0729885325,23.3806,5.28540802,-35.4718323,2
18.5577494,0.0131717269,-0.0123254795,-0.65687724,-0.753781643,0.0358938035,-0.00366456624,1.43368863,0.351920025,0.0359370382,-9.80026761,0.10821725,-0.573584353,-1.02481593,0.278601229,0.21414192,0.00598538015,23.4472122,5.36556244,-35.5983887,2
18.5677074,0.0127724527,-0.014209866,-0.656992007,-0.753655314,0.0382107849,-0.000580517042,1.43397305,0.374628555,0.00569292697,-9.79949019,0.104213421,-0.606786584,-1.05836398,0.333961308,0.249850973,0.072717078,23.5987778,5.11603546,-35.4519043,2
18.5776654,0.0123002929,-0.0163826884,-0.657343136,-0.753312778,0.0408651608,0.00300616447,1.4348802,0.400637002,-0.0294803592,-9.79841876,0.00203943341,-0.483626397,-1.02456984,0.373774767,0.282673389,0.138324842,23.8222656,5.04821014,-35.3254395,2
18.5876224,0.0118129241,-0.0187036745,-0.657933339,-0.752751161,0.0437176015,0.0068272104,1.43642082,0.428576674,-0.0669515437,-9.79705157,-0.0655542761,-0.406800493,-0.840385826,0.371785313,0.288802803,0.202729955,23.8222656,5.04821014,-35.3254395,2
18.5975804,0.0113935251,-0.0209232439,-0.658743824,-0.75198999,0.0464982508,0.0104306709,1.43855049,0.455802973,-0.102288088,-9.79551778,-0.0954740154,-0.458104126,-0.560451863,0.323077977,0.273405731,0.258774847,23.8036118,4.76591492,-35.4909973,2
18.6075384,0.0112010003,-0.0228653339,-0.659781826,-0.751025705,0.0491495025,0.0133481815,1.44129822,0.481755014,-0.130897056,-9.7939349,-0.0711478583,-0.594096504,-0.186144503,0.229356557,0.268689632,0.321953684,24.0718918,4.57309723,-35.5223694,2
18.6174954,0.0114116983,-0.0244728684,-0.661073158,-0.749835384,0.0518183846,0.0152435128,1.44474407,0.507878357,-0.149482002,-9.79234909,0.0803486712,-0.670681147,0.0412146384,0.113885358,0.274804503,0.387906879,24.1649475,4.41352844,-35.3014526,2
18.6274534,0.0119948891,-0.0256864464,-0.662593877,-0.748442064,0.0543789417,0.0160850987,1.44882743,0.532943532,-0.157734127,-9.7908872,0.195942843,-0.502915291,-0.0266857624,0.0124579305,0.246952325,0.434162974,24.2242737,4.27899933,-35.4553833,2
18.6374104,0.0127440112,-0.026415548,-0.664233159,-0.746949784,0.0564293767,0.0160545826,1.45324687,0.553018242,-0.157434907,-9.78977894,0.167039551,-0.23027554,-0.26197745,-0.0647052974,0.173407003,0.44683668,24.3781052,4.04107666,-35.2285461,2
18.6473684,0.0134471841,-0.0265953013,-0.665896146,-0.745448897,0.0575983758,0.0153716454,1.4577393,0.564468149,-0.150738414,-9.78923066,0.0595223024,-0.0511221475,-0.5592571,-0.122114979,0.0759648085,0.443909705,24.4479828,3.87232971,-35.286377,2
18.6573264,0.0140037186,-0.0262810591,-0.66756138,-0.743958916,0.057838854,0.0142525401,1.46224083,0.566831627,-0.139764938,-9.78925697,0.057607701,0.0595597484,-0.905941124,-0.15285264,-0.0151251527,0.446054637,24.3827896,3.89858246,-35.3259888,2
18.6672834,0.0142951283,-0.0255550229,-0.669226704,-0.742480974,0.057117458,0.0129768502,1.46673733,0.559779261,-0.127255859,-9.78983331,0.09758034,0.253849838,-1.2392057,-0.153393134,-0.114779264,0.437554419,24.4038391,3.73745728,-35.3625793,2
18.6772414,0.0141951924,-0.0245003465,-0.670812949,-0.741085847,0.0553905521,0.0118308629,1.47100685,0.542880039,-0.116018425,-9.79092461,0.0408578609,0.540690493,-1.50970664,-0.123103663,-0.223237574,0.404398859,24.3106689,3.45584869,-35.5339355,2
18.6871994,0.0135903111,-0.0231934357,-0.672245459,-0.739840082,0.052618419,0.0110742762,1.47484057,0.515740724,-0.108599327,-9.79247651,-0.0820893043,0.771644079,-1.62861301,-0.0690510869,-0.322104931,0.355655402,24.3824081,3.43090057,-35.302002,2
18.6971564,0.0124518418,-0.021727227,-0.673775022,-0.738512009,0.0488934908,0.0108870714,1.47891732,0.479261918,-0.10676359,-9.79434991,-0.120130062,0.895952887,-1.54279292,-0.0036057625,-0.416341424,0.305639654,24.1858139,3.36438751,-35.7335205,2
18.7071144,0.0108111023,-0.0202037461,-0.674850792,-0.737598308,0.0444137049,0.0113207683,1.48175395,0.435378572,-0.111016443,-9.79635189,-0.0870205867,0.906191227,-1.26530869,0.0623491295,-0.46927765,0.269884378,24.0870743,3.23835754,-35.6017761,2
18.7170714,0.00879977991,-0.0187277533,-0.675815535,-0.736780209,0.0395038158,0.0123463196,1.48429003,0.387269827,-0.12107296,-9.79825217,-0.0184115262,0.864622733,-0.96577863,0.120390862,-0.50884074,0.247872293,23.9084091,3.11517334,-35.7489014,2
18.7270294,0.00653090922,-0.0173317811,-0.67671709,-0.736010051,0.0343619398,0.0138442374,1.4866664,0.336876916,-0.135761255,-9.79992157,0.0629563685,0.956224766,-0.46117725,0.157530442,-0.51036936,0.24121657,23.9455185,3.1492157,-35.78125,2
18.7369874,0.00425426223,-0.0161133461,-0.677912485,-0.734953701,0.0294610048,0.0155941375,1.48986505,0.288836852,-0.15292005,-9.80120284,0.191501518,0.957372329,0.127730308,0.175630078,-0.462897718,0.244940996,23.699173,2.85801697,-36.182251,2
18.7469444,0.00213879015,-0.0151394016,-0.679116498,-0.733871189,0.025132177,0.0174245236,1.49311402,0.246399102,-0.170867548,-9.80206501,0.279129825,0.838251809,0.605637158,0.175311729,-0.395489395,0.245743304,23.6256104,2.69826508,-36.1519775,2
18.7569024,0.000289479614,-0.0144222885,-0.680332458,-0.732761667,0.0215357191,0.0192008427,1.49641875,0.211138001,-0.188284383,-9.80256887,0.319029709,0.756608495,0.962577788,0.168153152,-0.314460337,0.242618084,23.4358215,2.42741394,-36.4423523,2
18.7668604,-0.0012389478,-0.014006463,-0.68151535,-0.731668694,0.0188126774,0.0209057605,1.4996502,0.184438156,-0.20500054,-9.80277228,0.334955666,0.638650809,1.13920394,0.163858995,-0.222473994,0.236814976,23.3944244,2.33085632,-36.6975098,2
18.7768174,-0.00243915046,-0.0139391388,-0.682673193,-0.73058671,0.0170423898,0.0225976978,1.50282393,0.167078002,-0.221588851,-9.8027226,0.351118719,0.489889586,1.17387018,0.168747231,-0.124135971,0.237711132,23.2075119,2.22780609,-36.7817688,2
18.7867754,-0.00337680074,-0.0142309373,-0.683846545,-0.729479152,0.016149423,0.0243925849,1.50604683,0.158317736,-0.239185828,-9.8024543,0.410157183,0.331961635,1.16207979,0.183103621,-0.0465718172,0.241843387,23.2594376,2.06845093,-36.9411926,2
18.7967324,-0.00411926958,-0.0147983022,-0.685027056,-0.728355615,0.0159193991,0.0262780853,1.50929441,0.15605549,-0.257670328,-9.80202234,0.458058898,0.260364298,1.16449094,0.182715863,0.0113005377,0.249571353,23.1976013,1.97911072,-36.7522278,2
18.8066904,-0.00463422145,-0.0155066829,-0.686225751,-0.727208514,0.0162000095,0.0280259295,1.51259514,0.158798487,-0.274804509,-9.80151264,0.494820247,0.311466215,1.18193775,0.155376479,0.0565171354,0.249294862,23.392334,1.85598755,-36.7449341,2
18.8166484,-0.00488163702,-0.0161840397,-0.687390327,-0.726091417,0.0167990256,0.0293427446,1.51580353,0.164663506,-0.287712743,-9.8010456,0.469651977,0.415054819,1.10964466,0.0981280953,0.0758306384,0.240941331,23.3331833,1.80690002,-36.9975891,2
18.8266054,-0.00485816981,-0.0166619587,-0.68854278,-0.72498793,0.0174780731,0.0299936687,1.51897936,0.17131553,-0.294093311,-9.80074224,0.417959016,0.498349115,0.987237013,0.0212220903,0.0713241249,0.236693069,23.4411011,1.64668274,-37.0227966,2
18.8365634,-0.00462704848,-0.0168157798,-0.689707875,-0.723877535,0.0179715062,0.029899239,1.52219219,0.17615201,-0.293167684,-9.80068379,0.430031585,0.544110457,0.84143212,-0.0503050908,0.0421803482,0.241258785,23.4120789,1.51778412,-36.9567566,2
18.8465214,-0.0042438513,-0.0166481137,-0.69089771,-0.722748292,0.0182093952,0.0291428848,1.52547689,0.178487467,-0.285753627,-9.8008609,0.428294678,0.530561203,0.671321052,-0.109476708,0.0243175812,0.246996939,23.5435104,1.47385406,-36.8471375,2
18.8564784,-0.00369573572,-0.0162902351,-0.692116967,-0.72159203,0.018402238,0.0278867374,1.52884683,0.180383967,-0.273440034,-9.80117712,0.434478628,0.445374116,0.52005497,-0.154694244,0.0333140045,0.264870197,23.4919357,1.50345612,-36.6912231,2
18.8664364,-0.00293519129,-0.0158761239,-0.69343776,-0.720335658,0.0188091199,0.026249868,1.53250287,0.184380032,-0.257393703,-9.80153719,0.508443772,0.355556409,0.406690457,-0.185691118,0.0674400032,0.297506988,23.6037674,1.42897034,-36.6972351,2
18.8763934,-0.00194343912,-0.015544086,-0.694926572,-0.718910062,0.0196556211,0.024400734,1.53663295,0.192686015,-0.239265706,-9.80183705,0.614610592,0.266350569,0.317656083,-0.199457794,0.12194106,0.338592649,23.6715622,1.17638397,-37.0507507,2
18.8863514,-0.000693455012,-0.0154019984,-0.696538563,-0.717353672,0.0211382257,0.0224529632,1.54111739,0.207227495,-0.220169851,-9.80198785,0.679526644,0.259375341,0.215903681,-0.208961695,0.192562714,0.373466402,23.6575165,1.22923279,-36.8303223,2
18.8963094,0.000809692458,-0.0154452497,-0.698256117,-0.715680902,0.0232454212,0.0204119346,1.5459131,0.227891696,-0.200158799,-9.80195804,0.646292848,0.347552259,0.104095165,-0.219077706,0.245589182,0.397422343,23.8055344,1.17915344,-36.886261,2
18.9062664,0.00247120053,-0.0155937712,-0.700016543,-0.713952084,0.0257333236,0.0183041801,1.5508502,0.252287575,-0.179492662,-9.80176106,0.575808641,0.413376657,-0.0779120917,-0.223889932,0.264778435,0.400588125,23.760704,1.13457489,-36.8648071,2
18.9162244,0.00409360377,-0.0157016423,-0.701759918,-0.712228625,0.0281191703,0.0162071124,1.55576127,0.275682315,-0.158930515,-9.80148575,0.494354493,0.427081503,-0.310424963,-0.220616639,0.222985983,0.386518657,23.8901062,1.04819489,-36.7861633,2
18.9261824,0.00545335219,-0.0156015384,-0.703410873,-0.71059123,0.0298519694,0.0141988521,1.56042828,0.292674841,-0.139238494,-9.80129286,0.44653662,0.407090197,-0.517117748,-0.206848547,0.133280545,0.356653243,24.1753387,1.08410645,-36.9267883,2
18.9361394,0.00638945606,-0.0152086007,-0.704613735,-0.7093993,0.0305892476,0.0123673419,1.56383842,0.299908336,-0.121279104,-9.80131273,0.417456035,0.317903299,-0.65162208,-0.183629781,0.0227657557,0.314799815,24.1753387,1.08410645,-36.9267883,2
18.9460974,0.00686988211,-0.0145217272,-0.705969171,-0.708060362,0.0302707486,0.0107754094,1.56767547,0.296792067,-0.105668625,-9.80158804,0.39543315,0.162082385,-0.655386401,-0.157129362,-0.0769951567,0.268961966,24.1235809,1.08785248,-36.9052734,2
18.9560544,0.00696799089,-0.0135817547,-0.70716899,-0.706879816,0.0290617938,0.00935826393,1.57106941,0.284946238,-0.091771882,-9.80207962,0.384683719,0.00692773517,-0.493436428,-0.145193085,-0.159834921,0.224661097,24.2076492,1.03134918,-36.8813171,2
18.9660124,0.00678410788,-0.0123898715,-0.708184291,-0.705886269,0.0271046572,0.00797109186,1.57393846,0.265764896,-0.0781688795,-9.80273663,0.320217677,-0.111870503,-0.17464988,-0.148544937,-0.227307975,0.171625838,24.1064835,1.06790924,-36.9737549,2
18.9759704,0.00642177914,-0.0109649235,-0.709012383,-0.705081475,0.0245715611,0.00649282365,1.57627607,0.240935375,-0.0636724033,-9.80348306,0.264093237,-0.176944494,0.155000008,-0.1593896,-0.276891232,0.119674481,24.0848236,1.07588196,-36.8549805,2
18.9859274,0.0059878425,-0.0093546629,-0.709680259,-0.704436301,0.021680388,0.00484155085,1.57816033,0.212592822,-0.0474792107,-9.80423066,0.230336184,-0.209597841,0.414171753,-0.179604694,-0.297713101,0.0772093534,23.9984741,1.03382111,-37.1419983,2
18.9958854,0.00560179395,-0.00762591325,-0.710222427,-0.703913625,0.0186941778,0.00294583533,1.57969104,0.183315782,-0.028888734,-9.8048941,0.246445114,-0.239860055,0.651861149,-0.205415785,-0.296018004,0.0505295396,23.8740845,1.06059265,-37.1723328,2
19.0058434,0.00535133868,-0.00587466317,-0.710684876,-0.703465561,0.0158721492,0.000821103688,1.58099977,0.155646032,-0.00805227537,-9.8054114,0.237304014,-0.296160619,0.734978993,-0.221640781,-0.266523123,0.0323646292,23.748085,1.09267426,-37.2914124,2
19.0158004,0.00527430714,-0.00425162073,-0.711089124,-0.703069238,0.0134797932,-0.00136984411,1.5821477,0.132187488,0.013433578,-9.80574984,0.221108593,-0.376902966,0.68204586,-0.219486013,-0.214056715,0.0271578841,23.7649078,1.22888947,-37.2753906,2
19.0257584,0.00536538389,-0.00288375853,-0.711495647,-0.702664065,0.0116878567,-0.0034365684,1.58330641,0.114615436,0.0337011575,-9.80592227,0.161018756,-0.480369076,0.607698767,-0.196567878,-0.143426836,0.0279855728,23.7554398,1.22132874,-37.2302856,2
19.0357154,0.00560708128,-0.00188435019,-0.711924306,-0.70223129,0.0106304777,-0.00519192977,1.58453226,0.104246008,0.0509152085,-9.80596377,0.145051956,-0.566416397,0.541750085,-0.158217818,-0.0690758973,0.0305211693,23.6787796,1.14247894,-37.3476562,2
19.0456734,0.00595950768,-0.00127615886,-0.712329833,-0.701818325,0.0102819351,-0.00654693811,1.58569581,0.100827405,0.0642030715,-9.80592169,0.103429651,-0.628785394,0.494123241,-0.115999341,-0.00203333399,0.0280572567,23.7812805,1.34660339,-37.4575806,2
19.0556314,0.00640596127,-0.0010379868,-0.712713598,-0.701425044,0.0105878675,-0.00750709924,1.58680088,0.103826641,0.0736188013,-9.80582407,0.0550902017,-0.658701517,0.449283983,-0.0810709149,0.0620875917,0.0266987793,23.7378845,1.43741608,-37.6077271,2
19.0655884,0.00693430937,-0.00109173894,-0.713055535,-0.701072266,0.0114205002,-0.00816605374,1.58779028,0.111990677,0.080080741,-9.80568379,0.0023341603,-0.609947167,0.420562915,-0.0557252616,0.101761982,0.0209530983,23.8354797,1.6368866,-37.4442139,2
19.0755464,0.00749501277,-0.00129908227,-0.71339255,-0.700723282,0.0125151619,-0.00865045655,1.58876818,0.122724015,0.0848309403,-9.80551486,-0.0356332307,-0.530900336,0.352758376,-0.0466414876,0.11727836,0.0143878721,23.881012,1.51763153,-37.6789551,2
19.0855044,0.00809224888,-0.00155231401,-0.713699494,-0.700403531,0.0137263622,-0.00912003435,1.58966314,0.134599801,0.089435749,-9.80531846,-0.0675604374,-0.486124717,0.236592249,-0.0521366969,0.123862736,0.00514153298,23.9471817,1.53294373,-37.5548706,2
19.0954614,0.00871861292,-0.00178596047,-0.713982999,-0.700106415,0.0149518619,-0.00965777297,1.590494,0.146615379,0.094708931,-9.80509634,-0.0442615501,-0.487357693,0.0789519562,-0.059567716,0.122365244,0.000414688606,24.1005554,1.52281189,-37.7403564,2
19.1054194,0.00934948411,-0.0019879304,-0.714276318,-0.699798458,0.0161400793,-0.0102458252,1.591355,0.158264928,0.100475468,-9.80485786,0.0172616986,-0.479956111,-0.0366577058,-0.0613799244,0.117632285,-0.00201945892,24.1375961,1.3717804,-37.5602112,2
19.1153764,0.00997735773,-0.00219748819,-0.71458156,-0.699477486,0.0173353412,-0.0108175161,1.59225194,0.169983167,0.106081526,-9.804603,0.0767709589,-0.450546952,-0.115771575,-0.0541102961,0.123170868,0.000363271218,24.1611023,1.29763031,-37.8725281,2
19.1253344,0.0105879514,-0.00248816093,-0.714846733,-0.699196438,0.0186192052,-0.0112490457,1.59303548,0.182569932,0.110313126,-9.80433003,0.09186715,-0.405248515,-0.226776373,-0.0313989222,0.13451387,-0.00755308848,24.1540375,1.48852539,-37.6608582,2
19.1352924,0.0111103917,-0.00291488501,-0.715088893,-0.698939081,0.0199671051,-0.0113624147,1.59375096,0.195784767,0.111424823,-9.80406232,0.0927182504,-0.404714225,-0.358575538,0.00933519285,0.135866761,-0.0229839757,24.1305771,1.36435699,-37.7587891,2
19.1452494,0.0114439758,-0.00348195636,-0.71527748,-0.698738047,0.0212400718,-0.0110117752,1.5943056,0.208265661,0.107986446,-9.80384371,0.0895148878,-0.42387109,-0.444386858,0.0602494702,0.117963195,-0.0398382992,24.273056,1.32055664,-37.7065735,2
19.1552074,0.0115177806,-0.00411053261,-0.71538304,-0.698625416,0.0222256836,-0.0102121955,1.59461093,0.2179302,0.100145688,-9.80371687,0.0891278795,-0.395978911,-0.424013348,0.0993633121,0.0800112933,-0.0604586229,24.4199448,1.43362427,-37.6447754,2
19.1651654,0.0113349746,-0.00469977852,-0.715403768,-0.698603553,0.0227876493,-0.00911295469,1.59466165,0.223441877,0.0893663187,-9.803697,0.0922951844,-0.331629298,-0.359689052,0.122352012,0.0323559046,-0.0846627876,24.500885,1.42012024,-37.5489807,2
19.1751224,0.0108783036,-0.00514310998,-0.715342314,-0.698670483,0.0227527627,-0.00784261122,1.59446519,0.223102269,0.0769089517,-9.80381039,0.0873974572,-0.31258784,-0.246748901,0.132651255,-0.0407065898,-0.11608436,24.4656372,1.30609131,-37.6473389,2
19.1850804,0.0101093759,-0.00532711061,-0.715182082,-0.698844731,0.021907952,-0.00651010599,1.59397411,0.214821877,0.0638418781,-9.80408921,0.106601412,-0.385412764,-0.0917448022,0.135597482,-0.124766439,-0.144218102,24.5954056,1.26203156,-37.7198181,2
19.1950374,0.00907594957,-0.0052287748,-0.714924284,-0.69912343,0.0202900194,-0.00521408545,1.59319671,0.198960766,0.0511324816,-9.80449837,0.120217959,-0.395597912,0.0521668251,0.126029536,-0.194711715,-0.169619069,24.5195007,1.28700256,-37.8717346,2
19.2049954,0.00788360433,-0.00488385427,-0.714592999,-0.699479004,0.0181005807,-0.00404890634,1.59220875,0.177494912,0.039706097,-9.80496307,0.085120781,-0.349455608,0.136728438,0.11103937,-0.238712028,-0.192586005,24.5393906,1.19135284,-37.8329468,2
19.2149534,0.00666265142,-0.004379147,-0.714171505,-0.699925379,0.0156474162,-0.00307179847,1.59096845,0.153441745,0.0301240046,-9.80540321,0.0395924623,-0.330446335,0.168591895,0.0918925703,-0.247987553,-0.213554144,24.3606033,1.25313568,-37.9039001,2
19.2249104,0.00550027153,-0.00384782577,-0.713675788,-0.700443915,0.0132416129,-0.00221306507,1.58952424,0.129851748,0.0217027361,-9.8057662,0.0149991605,-0.330554435,0.065555299,0.0865550563,-0.231476128,-0.230552047,24.3813934,1.32909393,-38.1006775,2
19.2348684,0.00440182792,-0.00339811018,-0.713123896,-0.701015857,0.0110425897,-0.00132495559,1.58792732,0.108288516,0.0129933713,-9.80604327,-0.0111720034,-0.311669702,-0.137674194,0.0952297673,-0.208117813,-0.245735779,24.2799072,1.32076263,-38.1410828,2
19.2448264,0.00331914257,-0.00307166716,-0.712519883,-0.701637234,0.00904042574,-0.000280420179,1.58618814,0.0886550835,0.00274998255,-9.80624902,-0.0427146129,-0.25039988,-0.321672917,0.117097735,-0.193910122,-0.264949024,24.2933884,1.24893951,-38.2348938,2
19.2547834,0.00219887064,-0.00287762282,-0.711819811,-0.70235282,0.00717267752,0.00100793204,1.58418129,0.0703393001,-0.00988443526,-9.80639281,-0.100564379,-0.1913778,-0.420140306,0.14213784,-0.18562077,-0.295105577,24.1417618,1.32056427,-38.178009,2
19.2647414,0.0010332498,-0.00276751663,-0.71101945,-0.703166159,0.0053614117,0.00248242626,1.58189604,0.0525770727,-0.0243442613,-9.80647874,-0.196676364,-0.276426978,-0.341045726,0.152761444,-0.175431877,-0.318665892,24.238327,1.3035965,-38.3146667,2
19.2746994,-5.46237292E-05,-0.00273123114,-0.710154521,-0.704040543,0.00376825075,0.00395611725,1.5794354,0.0369535401,-0.0387961563,-9.80650387,-0.158906459,-0.505285819,-0.126589906,0.141520783,-0.145241752,-0.318976939,24.1593628,1.43141937,-38.509613,2
19.2846564,-0.000952996982,-0.00274621936,-0.709305394,-0.704895222,0.00251969926,0.00523936641,1.57702655,0.0247094436,-0.0513803966,-9.806484,0.000431393138,-0.515296853,0.0387403573,0.111956283,-0.107129671,-0.315782249,24.2202988,1.41363525,-38.8127136,2
19.2946143,-0.00156850745,-0.00279969006,-0.708180952,-0.706023635,0.00173175444,0.00618022034,1.57384183,0.016982377,-0.0606068737,-9.80644776,-0.0478060041,-0.288048369,0.116216396,0.074249655,-0.052681081,-0.324560553,24.2202988,1.41363525,-38.8127136,2
19.3045713,-0.00181400017,-0.00289479522,-0.707258709,-0.706946539,0.00152703055,0.00665958977,1.57123268,0.0149747167,-0.0653077814,-9.80642087,-0.276389897,-0.123833775,0.19474925,0.0191685967,0.0077995006,-0.332521588,24.2226486,1.65231323,-38.7906799,2
19.3145293,-0.00159334539,-0.00296265025,-0.706346857,-0.707857843,0.00194340294,0.00644108598,1.56865312,0.0190578647,-0.0631650383,-9.80642788,-0.3702556,-0.114903331,0.212114226,-0.0669732168,0.0723816901,-0.3202492,24.1163635,1.66550446,-38.9465942,2
19.3244873,-0.000840908416,-0.00291472687,-0.705484499,-0.708718745,0.00294499312,0.00530454924,1.56621442,0.0288800689,-0.0520196123,-9.80646938,-0.304361187,0.133273219,0.0719447077,-0.162244871,0.124799542,-0.307875216,24.3163528,1.76144409,-38.9803772,2
19.3344443,0.000326444918,-0.00268529231,-0.704390891,-0.709807085,0.00427200519,0.00331957115,1.56312948,0.0418937022,-0.0325538119,-9.80650621,-0.241807828,0.673900986,-0.387255689,-0.229831114,0.130106404,-0.317183226,24.4726562,1.81404114,-38.9493713,2
19.3444023,0.00156290825,-0.00223633567,-0.70320787,-0.710979003,0.00537810239,0.000922827922,1.5598036,0.0527408895,-0.00904984931,-9.80650387,-0.283480367,1.18101194,-1.03189741,-0.241737396,0.0838452354,-0.355541617,24.5147171,1.85614014,-38.9397888,2
19.3543593,0.00248979353,-0.0016125572,-0.701849696,-0.712318836,0.00579226855,-0.00128350845,1.55599416,0.0568023851,0.0125869151,-9.80647757,-0.399770083,1.39445588,-1.67716106,-0.192395672,-0.00248752115,-0.41040808,24.5430908,2.04924774,-38.9084167,2
19.3643173,0.0028585317,-0.000940504634,-0.700299157,-0.713843087,0.00534644603,-0.0027638205,1.55164924,0.0524302755,0.0271037868,-9.80647231,-0.522440295,1.31335025,-1.9846716,-0.0968382508,-0.0842217058,-0.463697255,24.5766373,2.33602905,-39.1167297,2
19.3742753,0.00258614405,-0.000373892579,-0.69856537,-0.715541358,0.00414828542,-0.00317861459,1.54679443,0.0406804631,0.0311715089,-9.80651614,-0.654941141,1.09155985,-1.9322546,0.0174395889,-0.148466751,-0.511040807,24.5691299,2.42964172,-39.1125183,2
19.3842323,0.00175100923,-2.6006207E-05,-0.696673841,-0.71738588,0.00247708775,-0.00247606543,1.54150706,0.0242918324,0.0242818818,-9.80658979,-0.68434157,1.03979152,-1.57634272,0.121471636,-0.182212844,-0.551020384,24.5740662,2.62306976,-39.495575,2
19.3941903,0.000529116608,0.000128595727,-0.694636627,-0.719360558,0.000550074435,-0.000939905981,1.53582983,0.0053943847,0.00921732739,-9.80664415,-0.703152799,1.10274015,-0.96890933,0.181080103,-0.198440552,-0.584567666,24.4742279,2.79330444,-39.5384827,2
19.4041483,-0.000809766105,0.00019402861,-0.692517647,-0.721400355,-0.00140150028,0.000899594759,1.52994764,-0.0137440127,-0.00882200964,-9.80663656,-0.714839803,1.09264765,-0.250955706,0.177008227,-0.191209242,-0.59324348,24.4295807,2.88694763,-39.9515686,2
19.4141053,-0.001987973,0.000317657265,-0.690407648,-0.723417676,-0.0032046363,0.00243764603,1.52411257,-0.0314266002,-0.0239051187,-9.80657051,-0.59570288,1.03665286,0.327327582,0.121781714,-0.16597791,-0.577687442,24.3429565,2.85671234,-39.9147339,2
19.4240633,-0.00276144627,0.0005053798,-0.688360967,-0.725362893,-0.00453495155,0.0033103399,1.51846906,-0.0444722885,-0.0324632863,-9.80649569,-0.488235864,0.984907109,0.61530515,0.0471747555,-0.101816177,-0.558459163,24.2053146,2.78588104,-39.8329468,2
19.4340203,-0.0030593334,0.000674449441,-0.686363135,-0.727252156,-0.00518067229,0.00352398645,1.51297117,-0.0508044964,-0.0345584297,-9.80645769,-0.547744211,0.959768211,0.565437835,-0.00728795351,-0.0283925626,-0.545804918,24.0822678,2.84947205,-39.8656616,2
19.4439783,-0.00295982836,0.000670728033,-0.684405162,-0.72909553,-0.00502954348,0.00339790233,1.50759226,-0.0493224776,-0.0333219741,-9.80646938,-0.634220425,0.902417627,0.311215236,-0.0194108374,0.0550493635,-0.534490466,23.9415207,3.06125641,-39.8139648,2
19.4539363,-0.00262600431,0.000331919864,-0.682489466,-0.730890576,-0.00406966932,0.00338558645,1.50234001,-0.0399094833,-0.0332011972,-9.80651264,-0.659046093,0.789170894,-0.0724123253,0.0162454266,0.129325449,-0.520045757,24.0791931,3.36114502,-40.0463562,2
19.4638933,-0.00227147561,-0.000384202338,-0.680625164,-0.732628085,-0.00252911352,0.00385129873,1.49724101,-0.0248019214,-0.0377682449,-9.80654596,-0.646171413,0.705900637,-0.378387907,0.0743108243,0.177280888,-0.504682064,24.1435394,3.57447815,-40.0653381,2
19.4738513,-0.0019768672,-0.00144346535,-0.678813426,-0.734306606,-0.00056396241,0.00486295976,1.49229795,-0.00553051608,-0.0476891545,-9.80653251,-0.613219284,0.659258566,-0.471027028,0.123759866,0.211341396,-0.489430964,24.1721878,3.50266266,-40.1473999,2
19.4838093,-0.00171139612,-0.00271547949,-0.677056062,-0.735924405,0.00167938605,0.00619601969,1.48751416,0.0164688278,-0.0607618085,-9.80644776,-0.578954903,0.672181542,-0.379981898,0.139878258,0.23215954,-0.47234872,24.3130264,3.70045471,-40.0443115,2
19.4937663,-0.0013987345,-0.00402181353,-0.675357496,-0.737478174,0.00404283231,0.00749546635,1.48290013,0.0396454209,-0.0735047282,-9.80629461,-0.52581631,0.726074825,-0.176478849,0.119800411,0.232579529,-0.453629076,24.4839249,3.7218399,-40.0020447,2
19.5037243,-0.000990965674,-0.0052023183,-0.67373934,-0.738950046,0.00635347248,0.00847466271,1.47851345,0.0623036265,-0.0831070574,-9.80609996,-0.453753931,0.766502551,0.0323702377,0.077920422,0.223192349,-0.425885797,24.4138565,3.81404877,-39.9281616,2
19.5136823,-0.000443897667,-0.00616628522,-0.67223941,-0.740308012,0.00853353486,0.00894780127,1.47445556,0.0836810214,-0.0877467821,-9.80590064,-0.352129211,0.756926694,0.195126266,0.0220363848,0.208052546,-0.386459827,24.5706482,4.01363373,-40.1195679,2
19.5236393,0.000263230961,-0.00689358748,-0.670900715,-0.741514946,0.0105772123,0.00885956205,1.47084171,0.103721016,-0.0868814888,-9.80571652,-0.204425462,0.771324418,0.243724001,-0.0333352126,0.198026568,-0.339670897,24.6452179,4.14862823,-40.055603,2
19.5335973,0.00113745387,-0.00745475712,-0.669735447,-0.742561536,0.0125955847,0.00829626636,1.467704,0.123512973,-0.0813576473,-9.80553473,-0.0473457707,0.813235734,0.166478848,-0.0712351948,0.204824552,-0.291294843,24.8119736,4.23708344,-40.1931763,2
19.5435543,0.00217064343,-0.00796089026,-0.668741225,-0.743449361,0.0147411747,0.00742009215,1.46503543,0.144552327,-0.0727655774,-9.80531437,0.0653908839,0.793570444,0.0230558814,-0.0935452208,0.223158836,-0.247338742,24.9239655,4.3429718,-40.2814941,2
19.5535123,0.00329964429,-0.008553836,-0.667905307,-0.744189736,0.0171402568,0.00651522817,1.462801,0.168076694,-0.0638921104,-9.80500165,0.151401252,0.67127166,-0.187348618,-0.076129213,0.258701682,-0.205002204,25.0681763,4.44072723,-40.4152832,2
19.5634703,0.00440387873,-0.00939857084,-0.667212989,-0.74479452,0.019878323,0.00598176327,1.46095876,0.194923437,-0.058660708,-9.80453695,0.227205905,0.55919905,-0.46150049,-0.0217676517,0.287158161,-0.165910751,25.1728287,4.44017792,-40.0246887,2
19.5734273,0.00531533734,-0.0105457669,-0.666644462,-0.745282226,0.0228084327,0.00613773978,1.45945047,0.223650715,-0.0601902876,-9.80391444,0.25833365,0.476183388,-0.665031012,0.0601261482,0.297631592,-0.13724342,25.1045685,4.45343018,-40.0410461,2
19.5833852,0.00591792832,-0.011961957,-0.666160975,-0.745688506,0.0257278622,0.00711137553,1.45816643,0.25226993,-0.0697381833,-9.8031569,0.224776395,0.332951304,-0.67746087,0.13748917,0.283259958,-0.117155753,25.2443771,4.48967743,-40.1198425,2
19.5933423,0.00617245696,-0.0134846372,-0.665735338,-0.746040441,0.0283434932,0.00874470539,1.45703,0.277906877,-0.0857551699,-9.80233623,0.197942328,0.214593731,-0.511734301,0.191694081,0.237429604,-0.103221029,25.456459,4.50136566,-39.9602356,2
19.6033003,0.00607657147,-0.0149187653,-0.665341872,-0.746364904,0.0303621097,0.0107816879,1.45597096,0.297687536,-0.105730192,-9.80156057,0.183399004,0.157954291,-0.192286074,0.217654228,0.163112015,-0.0976444557,25.748024,4.40924835,-39.957428,2
19.6132583,0.00566888277,-0.0161063241,-0.664956627,-0.746686676,0.0315997874,0.0129546178,1.45492641,0.309810484,-0.12703785,-9.80093162,0.123392023,0.0567087428,0.212602886,0.22002764,0.0815998465,-0.0976636261,25.7461853,4.36071777,-40.1213989,2
19.6232153,0.00501190613,-0.0169460178,-0.66457329,-0.747014085,0.0319884565,0.0150363793,1.45388253,0.313610643,-0.147450953,-9.8005248,0.0444737864,-0.036303449,0.573870147,0.201245561,-0.00559075456,-0.0986136422,25.696846,4.14053345,-40.1474915,2
19.6331733,0.00416991629,-0.0173647692,-0.664202729,-0.747339088,0.0315037558,0.0168355666,1.45287183,0.30885143,-0.16509271,-9.80039503,-0.0170564583,-0.0557718273,0.846978648,0.162879258,-0.0935128853,-0.0935813338,25.5377426,4.22145081,-40.2094727,2
19.6431313,0.00323760992,-0.0173143137,-0.66386382,-0.747645986,0.0301981803,0.0181485169,1.45194852,0.296049213,-0.177966384,-9.80056454,-0.0647078701,0.0522713997,1.01983054,0.103715919,-0.168414429,-0.0832615197,25.5377426,4.22145081,-40.2094727,2
19.6530883,0.00235718285,-0.0168339495,-0.66357262,-0.747918797,0.0283179754,0.0188162436,1.45115837,0.277618215,-0.184513431,-9.80098306,-0.0784489203,0.150995192,1.0283289,0.0348116942,-0.205901355,-0.0699728802,25.6931229,4.29943848,-40.3059387,2
19.6630463,0.00166061903,-0.016066514,-0.663349537,-0.748135392,0.026250666,0.0188318065,1.45055627,0.257355891,-0.184666028,-9.8015331,-0.06746411,0.0882999773,0.849014538,-0.0276892297,-0.203943565,-0.0496991649,25.5722809,4.32332611,-40.0709534,2
19.6730043,0.00121847186,-0.0152226035,-0.663215649,-0.748272586,0.0244040721,0.0183692726,1.45019688,0.239258071,-0.180130905,-9.80207612,0.0166238756,-0.0546499106,0.549534163,-0.0628679916,-0.163986042,-0.0258723982,25.4473495,4.36131287,-40.3148499,2
19.6829613,0.000956320427,-0.0144575737,-0.66315734,-0.748339792,0.0229123488,0.0177449182,1.45004125,0.224638356,-0.174009061,-9.80253263,-0.0368415197,-0.192452846,0.253708219,-0.0584706776,-0.139278412,-0.00981256086,25.2749481,4.36672211,-40.5575867,2
19.6929193,0.000698082882,-0.0138786173,-0.663122158,-0.748382079,0.0217038204,0.0173624442,1.44994716,0.212792984,-0.17025886,-9.80286288,-0.137673263,-0.228524769,0.0155161336,-0.0159857981,-0.0972009897,-0.0112791639,25.3264618,4.33570862,-40.7872009,2
19.7028763,0.000446681889,-0.0137228307,-0.663084564,-0.74841849,0.0211380382,0.0175310824,1.44984577,0.207246054,-0.171912381,-9.80295231,-0.295979509,-0.220436831,-0.148995214,0.0513878316,-0.0131134894,-0.00957163237,25.3206787,4.52593994,-40.5742188,2
19.7128343,0.000215253145,-0.0141518817,-0.663047732,-0.748443244,0.0214745101,0.0184455826,1.44974504,0.210541004,-0.180879111,-9.80272084,-0.47330301,-0.222543284,-0.264448224,0.13212502,0.0775610209,-0.00548048504,25.2954636,4.39567566,-40.5570679,2
19.7227923,-8.06457748E-05,-0.0151097237,-0.663028532,-0.748441511,0.0225170252,0.0201584384,1.44968962,0.220753058,-0.197673357,-9.80217198,-0.530202015,-0.226099716,-0.188980603,0.208619595,0.127230585,0.00173266884,25.2369919,4.42972565,-40.5854492,2
19.7327493,-0.000482963111,-0.0164170992,-0.663029875,-0.748412651,0.0239414352,0.022494863,1.44968761,0.234703458,-0.220580642,-9.80135949,-0.504049519,-0.205586651,0.0322685309,0.253805995,0.155571416,0.00871094968,25.2077942,4.25569916,-40.401062,2
19.7427073,-0.000881921106,-0.0178587711,-0.663060075,-0.748352498,0.025570558,0.0250054577,1.44976215,0.250655809,-0.245194219,-9.80037925,-0.453263481,-0.194141201,0.355552975,0.242997795,0.172021851,0.017728677,25.295929,4.29109192,-40.5184937,2
19.7526643,-0.00112649329,-0.0192373451,-0.663124354,-0.748261108,0.0273086004,0.0272026812,1.44992799,0.267673525,-0.266734271,-9.79936686,-0.428382685,-0.174247144,0.658903469,0.192382023,0.174812302,0.0266944747,25.3635941,4.25524902,-40.4664612,2
19.7626223,-0.00117994458,-0.0203818229,-0.663221257,-0.748144917,0.0289480355,0.0288048387,1.45018184,0.283725866,-0.282439918,-9.79847488,-0.444584646,-0.160337149,0.838773714,0.126428768,0.15366599,0.0322282761,25.5072327,4.15866852,-40.6167908,2
19.7725803,-0.001072558,-0.0211838833,-0.663342689,-0.748015145,0.030286781,0.0297132996,1.4505028,0.296835377,-0.291345054,-9.79782606,-0.444675685,-0.117015382,0.84590605,0.0533052944,0.116744734,0.0363061056,25.6113968,3.9963913,-40.8717651,2
19.7825373,-0.00084663251,-0.0216050461,-0.663485155,-0.747876943,0.0312114285,0.0299400815,1.45088207,0.305892708,-0.293568045,-9.79748061,-0.505956522,-0.131252509,0.749643478,-0.00812707655,0.0700306073,0.0417273305,25.5707703,3.93326569,-40.8895264,2
19.7924953,-0.000590317002,-0.0216789415,-0.66366403,-0.747716397,0.0316550646,0.0296621963,1.45136076,0.310241751,-0.290844119,-9.79742566,-0.48411904,-0.227948851,0.558800004,-0.0478111058,0.0241555274,0.0515400134,25.5704575,3.9847641,-40.6621094,2
19.8024533,-0.000348170781,-0.0215237796,-0.663895425,-0.747515541,0.0317351852,0.0291037121,1.45198129,0.311031842,-0.285369633,-9.79756127,-0.445853716,-0.323205899,0.316074367,-0.0669703409,-0.000345522771,0.0678913742,25.5278397,4.08255005,-41.0036926,2
19.8124103,-0.000125657903,-0.0213259688,-0.664166622,-0.747280276,0.031724256,0.0285196627,1.45270879,0.310929989,-0.279644442,-9.79772961,-0.447397877,-0.370979275,0.11108897,-0.0539088696,0.00113333063,0.0731308758,25.4971695,3.99160004,-40.9771423,2
19.8223683,7.26478563E-07,-0.0212216182,-0.664449567,-0.747031746,0.0317253473,0.0282040437,1.45346722,0.31094347,-0.276550513,-9.79781729,-0.492003327,-0.48061516,-0.0272381355,-0.0130425058,0.00621557096,0.0746098012,25.6495819,4.03322601,-40.8374939,2
19.8323253,-2.51979815E-05,-0.0212714745,-0.664723966,-0.7467861,0.0317550519,0.0283207384,1.45420158,0.311233502,-0.27769444,-9.7977752,-0.508005344,-0.563717221,-0.0793535227,0.031976901,0.00317477342,0.0746984854,25.6533508,3.95532227,-40.9691772,2
19.8422833,-0.000198118825,-0.0214407617,-0.665000471,-0.746535089,0.0317675928,0.0288160264,1.45494066,0.311351941,-0.28254957,-9.79763317,-0.456349172,-0.598216763,-0.00557516978,0.0575139001,0.0042655007,0.0765976086,25.8089066,4.08815002,-40.8621216,2
19.8522413,-0.000405297581,-0.0216714259,-0.665293919,-0.746266792,0.0318252119,0.0294449106,1.45572509,0.311910781,-0.288714212,-9.7974356,-0.420845312,-0.62886299,0.17229601,0.059687838,0.0115231471,0.0839793608,25.7456741,4.08924866,-41.0185242,2
19.8621983,-0.000574842443,-0.021902163,-0.665602813,-0.745984405,0.0319319203,0.0300184377,1.45655147,0.312950901,-0.294336107,-9.79723511,-0.434754266,-0.60378817,0.301831322,0.0469128974,0.0142336991,0.0869621187,25.643486,3.94879913,-40.8633423,2
19.8721563,-0.000690634291,-0.0220850777,-0.665935527,-0.745681865,0.0320373763,0.0304491676,1.45744249,0.313979988,-0.298558182,-9.79707436,-0.476035869,-0.535221962,0.345065483,0.0291629285,0.0124256788,0.0961316526,25.8236847,4.10045624,-41.0174866,2
19.8821143,-0.000726375399,-0.0221604976,-0.666309674,-0.745345396,0.032087011,0.0306190932,1.45844578,0.31446463,-0.300223813,-9.79700773,-0.468290479,-0.498840406,0.329736397,-0.00241144584,0.0049522561,0.107732333,25.605835,4.0785141,-41.1263428,2
19.8920713,-0.000644469258,-0.0221405856,-0.66673053,-0.74496961,0.0321492285,0.030488552,1.45957561,0.315075419,-0.29894424,-9.79702702,-0.476981662,-0.51807651,0.249400293,-0.0314577445,0.0185125396,0.119031057,25.5694199,3.95607758,-41.0828552,2
19.9020293,-0.000417227552,-0.0221427768,-0.667189617,-0.744558591,0.0324368989,0.0301727402,1.46080906,0.31789676,-0.295848612,-9.79702994,-0.495514988,-0.57309635,0.0578670826,-0.038852375,0.0487515517,0.125384465,25.6208725,3.91021729,-41.0072021,2
19.9119873,-0.000100770145,-0.0223033842,-0.667664209,-0.7441283,0.0330794494,0.029936786,1.46208471,0.324194106,-0.293535732,-9.79689316,-0.546404304,-0.579000569,-0.210720141,-0.0152799357,0.0886089504,0.128852442,25.6640091,4.0858078,-41.3658447,2
19.9219443,0.000205441339,-0.0227696796,-0.66813725,-0.743689493,0.0341638129,0.0301255296,1.46335593,0.334815381,-0.295385835,-9.79648049,-0.599522694,-0.499937481,-0.469407318,0.046566397,0.136266127,0.125200987,25.861908,4.06337738,-41.2903137,2
19.9319023,0.000371523087,-0.0236296735,-0.668567069,-0.743276188,0.0356482511,0.0310487429,1.46450931,0.349347435,-0.304435239,-9.79569606,-0.68288801,-0.396167456,-0.65918404,0.127624497,0.167078093,0.110935234,25.8470764,3.98839569,-41.3776855,2
19.9418593,0.000309214313,-0.0248276012,-0.668908086,-0.74293023,0.0373327223,0.0327611771,1.46542121,0.365827482,-0.321219913,-9.79455858,-0.776730661,-0.314140768,-0.724964964,0.20604682,0.173761994,0.0852866098,25.89608,3.87234497,-41.0542603,2
19.9518173,-2.91061868E-05,-0.0261961695,-0.669138802,-0.742675561,0.0389053401,0.0351081918,1.46603383,0.38119975,-0.344223041,-9.7931908,-0.807665313,-0.251184436,-0.644480976,0.255105704,0.141711116,0.0560112819,25.8863144,3.81062317,-41.106842,2
19.9617753,-0.000635378135,-0.027471555,-0.669265744,-0.742514834,0.0399846944,0.0377240436,1.46636653,0.391732505,-0.369858746,-9.79183997,-0.77106226,-0.238866441,-0.384414328,0.25965324,0.0768864751,0.0331909657,26.0371475,3.70233917,-41.2458801,2
19.9717323,-0.0014116331,-0.0284571775,-0.66932502,-0.742423224,0.0404084914,0.0402010876,1.4665193,0.395844032,-0.394131822,-9.79072762,-0.694818394,-0.272054206,-0.0195130942,0.229476422,0.0131282639,0.0174042806,26.1329727,3.70606995,-41.4077759,2
19.9816903,-0.00220644463,-0.0291039604,-0.669344132,-0.74237895,0.0403054639,0.0422497347,1.46656774,0.394801939,-0.414205107,-9.78994144,-0.657713529,-0.317222916,0.309651056,0.179244652,-0.030646041,0.0112745063,26.0089264,3.59309387,-41.5198059,2
19.9916473,-0.00292719321,-0.0294876308,-0.669350925,-0.74235518,0.0399108752,0.043835217,1.46658634,0.390912202,-0.429738959,-9.78942765,-0.610428923,-0.299594137,0.454136099,0.139908969,-0.0426526368,0.0064206291,25.9898605,3.63169098,-41.5021667,2
20.0016053,-0.00350163147,-0.0298092441,-0.669367313,-0.742325024,0.039619217,0.0451206731,1.46663195,0.38803482,-0.44233252,-9.78898107,-0.512831011,-0.315880598,0.432441569,0.120412849,-0.0066413423,0.0150431022,25.9488144,3.622612,-41.4589539,2
20.0115633,-0.003885255,-0.0303063375,-0.669439446,-0.742237942,0.0398404758,0.0463606884,1.46682612,0.390178554,-0.4544802,-9.78833985,-0.424593595,-0.38393871,0.175021636,0.129299015,0.0541157462,0.0333113223,25.9717407,3.50479126,-41.5376282,2
20.0215203,-0.00417804318,-0.03108713,-0.669583907,-0.742073686,0.0406003927,0.0478499734,1.46721296,0.397588867,-0.46906888,-9.78735318,-0.377984697,-0.407208343,-0.151576463,0.164141729,0.0983338207,0.0540015325,25.9080734,3.50205231,-41.5255737,2
20.0314783,-0.00451546267,-0.0321116936,-0.669788709,-0.741843245,0.0416584216,0.0497361332,1.46776153,0.407906372,-0.48754379,-9.78602573,-0.327699009,-0.339502662,-0.380203432,0.204333365,0.117295802,0.0729898736,25.8829117,3.4171524,-41.7150269,2
20.0414363,-0.00494163943,-0.0332413635,-0.670057466,-0.741548085,0.0427483347,0.0518994699,1.46848325,0.418526002,-0.508731466,-9.78449837,-0.257065384,-0.224192932,-0.392953608,0.218166187,0.107106864,0.0908469632,25.9706116,3.46829987,-41.7547302,2
20.0513933,-0.00543986131,-0.0342977473,-0.670370612,-0.741213377,0.0436280416,0.0540749492,1.46932693,0.427084024,-0.530035682,-9.78299791,-0.204421626,-0.0180862763,-0.297039996,0.206046939,0.0760208443,0.0956462398,26.0629349,3.40979767,-41.471283,2
20.0613513,-0.0059800148,-0.0351225537,-0.670684394,-0.740886605,0.044105676,0.0560025917,1.47017576,0.431710844,-0.54891077,-9.78175404,-0.165204627,0.245296657,-0.177526312,0.169958368,0.0272371899,0.0897432864,25.9405136,3.36896515,-41.775177,2
20.0713083,-0.00655982092,-0.0355559903,-0.670975949,-0.740596947,0.0439490133,0.057462413,1.47096961,0.430142717,-0.563203719,-9.78101053,-0.196556811,0.477013044,-0.0337198988,0.113255665,-0.0475917794,0.0861456245,26.1087036,3.06446838,-41.8431091,2
20.0812663,-0.00713278173,-0.0356032806,-0.67126261,-0.740329677,0.0432275052,0.0583927002,1.47175469,0.423062733,-0.57231141,-9.78079017,-0.145483334,0.734219845,0.0875660553,0.0612419732,-0.108607456,0.0721175447,26.049881,3.07792664,-41.7596436,2
20.0912243,-0.00771023823,-0.0351632851,-0.671471787,-0.740155243,0.0417821884,0.0586695062,1.4723358,0.408919312,-0.57502129,-9.78123323,-0.140018858,0.679468995,0.106713239,-0.0137523748,-0.169742987,0.0494900011,26.0563736,3.00130463,-41.6980286,2
20.1011813,-0.00811580099,-0.0343157635,-0.671658699,-0.740020979,0.0399648228,0.0581414397,1.47285714,0.391154632,-0.569851559,-9.78226199,-0.0582093201,0.727869453,0.333994054,-0.0985879004,-0.184940323,0.0544197783,25.8609009,3.00465393,-41.7042847,2
20.1111393,-0.0082302234,-0.0332001596,-0.671928569,-0.739825603,0.038135193,0.056824708,1.47359818,0.373284374,-0.556960185,-9.78370284,0.16750757,0.977292762,0.407410588,-0.169887125,-0.16732724,0.0840389207,25.799675,3.05657196,-41.9902039,2
20.1210973,-0.00798513305,-0.0320458645,-0.672331367,-0.739513136,0.0367229913,0.0549287187,1.47469017,0.359505549,-0.538395879,-9.78525767,0.395268169,1.08621966,0.319482129,-0.215874881,-0.0999001861,0.119705595,25.6879501,3.16072845,-42.2279053,2
20.1310543,-0.00741448637,-0.0310501825,-0.672855066,-0.739085211,0.0359775412,0.0527689058,1.47610108,0.352252034,-0.517246051,-9.78666227,0.429157177,1.12731915,0.0994230818,-0.224483281,-0.0355137363,0.146302313,25.6293106,3.3103714,-42.2758789,2
20.1410123,-0.00674420333,-0.0302832601,-0.673458221,-0.73857394,0.0357025586,0.0507730184,1.47772517,0.349597026,-0.49769931,-9.78777111,0.477152379,1.26534084,-0.241539642,-0.183924034,-0.00420956546,0.162442878,25.4921951,3.26940155,-42.5284729,2
20.1509693,-0.00621959267,-0.0298034236,-0.674095831,-0.738016205,0.0356566275,0.0493811143,1.47944587,0.349171823,-0.484066506,-9.78846962,0.50765474,1.31021634,-0.618974779,-0.104054764,0.0119803231,0.172558889,25.5042572,3.29470825,-42.4923401,2
20.1609272,-0.00600262188,-0.0296347618,-0.674749361,-0.737427212,0.0356565358,0.0488645103,1.48121523,0.349179787,-0.479006482,-9.78871862,0.500763447,1.22614762,-0.951221113,-0.0130582638,0.00266130082,0.178716391,25.514679,3.26665497,-42.4039307,2
20.1708853,-0.0061704417,-0.0296425187,-0.675400639,-0.736829147,0.0353980405,0.0491540661,1.48298579,0.346644496,-0.481842619,-9.78866952,0.460502383,1.16209571,-0.988081063,0.0521100834,-0.0430507921,0.176881999,25.4800797,3.25123596,-42.319397,2
20.1808423,-0.00669799978,-0.0295768576,-0.676014501,-0.736263998,0.0345466781,0.0498724332,1.48466384,0.338298656,-0.488878765,-9.78861282,0.37263128,1.23961121,-0.796900904,0.0729061663,-0.110345319,0.163491637,25.5953751,3.28372192,-42.43573,2
20.1908003,-0.00745393856,-0.0292588184,-0.676575922,-0.735753586,0.0330164684,0.0505817143,1.48620851,0.323308081,-0.495825661,-9.78876948,0.311306604,1.31209937,-0.508392005,0.0530568287,-0.181093007,0.150359318,25.4320526,2.9471817,-42.6359253,2
20.2007583,-0.00829752868,-0.0285742409,-0.677104916,-0.735284638,0.0308286403,0.05091961,1.48767285,0.301886011,-0.499135042,-9.78928561,0.287987085,1.28488257,-0.231795078,0.00177575182,-0.239447936,0.146986842,25.2057495,2.96764374,-42.5776672,2
20.2107153,-0.00907329494,-0.0275490953,-0.677641522,-0.734820095,0.0282303849,0.0506930096,1.48916164,0.276453135,-0.496915722,-9.79014953,0.25491164,1.22639955,0.00459901823,-0.0569312349,-0.262147397,0.152054831,25.08358,2.85199738,-42.5891418,2
20.2206733,-0.00964024673,-0.0263100951,-0.678208745,-0.734334816,0.0255992526,0.0498664751,1.49073146,0.250703466,-0.488820422,-9.79125077,0.230083835,1.18119416,0.133789462,-0.117315166,-0.246301383,0.157680601,24.9893723,2.81926727,-42.7763977,2
20.2306303,-0.00988452002,-0.0250134129,-0.678803749,-0.733826886,0.0233212485,0.0484844435,1.49236833,0.228413856,-0.475283699,-9.79246248,0.243993721,1.08879842,0.24648119,-0.167912021,-0.189238638,0.165153176,24.8809509,2.88206482,-42.7285767,2
20.2405883,-0.00972813097,-0.0238411155,-0.679436726,-0.733282105,0.0217706617,0.0466809396,1.49409547,0.213247833,-0.457617402,-9.79364556,0.322306831,0.991375282,0.290011705,-0.203242332,-0.104214989,0.174139753,24.9125366,3.07620239,-42.7848511,2
20.2505463,-0.00918343537,-0.0228648704,-0.680098835,-0.732706259,0.021037625,0.0445730224,1.49588949,0.206088518,-0.436967303,-9.79474212,0.416405576,0.989130572,0.25474633,-0.225608096,-0.0240772795,0.174945891,24.8876114,2.97949982,-42.9184265,2
20.2605033,-0.00831568213,-0.0221577795,-0.68072945,-0.732152439,0.021144824,0.0423562637,1.49758882,0.207158467,-0.41524888,-9.7956645,0.413689632,1.04088421,0.077599957,-0.224978253,0.0556075163,0.153162152,24.7900238,3.08482361,-43.0138245,2
20.2704613,-0.00727179233,-0.0216916472,-0.681248209,-0.731694912,0.0218549461,0.0402070908,1.49898062,0.214133548,-0.394190639,-9.79638404,0.276529817,1.08701329,-0.220655844,-0.213260338,0.0916459486,0.117109351,24.786293,3.22796631,-42.8779907,2
20.2804193,-0.00626688697,-0.0213207809,-0.681624882,-0.731364278,0.0226616895,0.0382416242,1.49998896,0.222053765,-0.374930826,-9.79696389,0.196184982,1.12416682,-0.46293783,-0.186957121,0.0729394481,0.0770365149,24.8010406,3.39581299,-42.7811584,2
20.2903763,-0.00551494601,-0.020907002,-0.681845947,-0.731176139,0.0230701963,0.0365836628,1.50058032,0.226069905,-0.358683163,-9.79748061,0.0975978939,1.03025724,-0.602931407,-0.150387928,0.0103543606,0.0318466686,24.9016953,3.39459991,-42.7770996,2
20.300334,-0.00513618935,-0.0203534687,-0.681883786,-0.731159256,0.0227748217,0.0352754608,1.50067906,0.223186459,-0.345862369,-9.79800726,-0.00172116124,0.896978212,-0.597316489,-0.113613509,-0.0677325651,-0.0174557231,24.8359299,3.33021545,-42.6190491,2
20.310291,-0.00509356113,-0.0196621188,-0.681750858,-0.73130246,0.0218273776,0.0342659055,1.50031701,0.213910809,-0.335967985,-9.79855846,-0.0756440189,0.820644768,-0.410316831,-0.0913151279,-0.121521495,-0.0573259071,24.7984009,3.48404694,-42.6592102,2
20.320249,-0.00522376228,-0.0188945318,-0.681501509,-0.731554006,0.0205376362,0.0334024433,1.49963982,0.201278907,-0.327505167,-9.79911259,-0.107304848,0.726439567,-0.0663444035,-0.0844610333,-0.138350755,-0.0789396763,24.5900421,3.60598755,-42.9232483,2
20.330207,-0.00536206443,-0.0180777574,-0.681193772,-0.73186016,0.0191668551,0.0324831863,1.49880361,0.187851983,-0.318495237,-9.79967607,-0.105100707,0.647249564,0.30801381,-0.0988623425,-0.141821921,-0.091274105,24.5845871,3.53835297,-42.9026489,2
20.340164,-0.00539955589,-0.0171792392,-0.680857472,-0.732194436,0.017814101,0.0313053894,1.49788816,0.174601821,-0.306950857,-9.80028982,-0.078682455,0.592459916,0.677334029,-0.138307944,-0.131819412,-0.0973707959,24.4986801,3.62129974,-42.8614807,2
20.350122,-0.00519754275,-0.0161879679,-0.680504368,-0.732546659,0.0166510708,0.0296511955,1.49692312,0.163211901,-0.290736293,-9.80098072,-0.0776175292,0.508758793,0.903229527,-0.191249713,-0.104594447,-0.101096019,24.4986801,3.62129974,-42.8614807,2
20.36008,-0.00473507123,-0.0151326387,-0.680139614,-0.732911031,0.0157473538,0.0275288629,1.49592267,0.154363902,-0.269931825,-9.80171897,-0.116803183,0.449198204,0.930303997,-0.231835693,-0.0829784423,-0.105008893,24.3702774,3.79696655,-42.9294128,2
20.370037,-0.00406527195,-0.0140514333,-0.679769406,-0.733279998,0.0150856867,0.0250680596,1.49490562,0.147887956,-0.245807949,-9.80245313,-0.130079419,0.419687374,0.799208012,-0.256027848,-0.0524479635,-0.105500512,24.3562088,3.81386566,-43.1815796,2
20.379995,-0.00321690846,-0.013100347,-0.679403767,-0.733640558,0.0148550461,0.0225228634,1.49390073,0.14563593,-0.220855166,-9.80308091,-0.157006726,0.369445818,0.591839519,-0.250616938,0.00552706933,-0.102718934,24.1897049,4.08937073,-43.2266846,2
20.389952,-0.00221200076,-0.0124548071,-0.679052784,-0.733980368,0.0152827387,0.0201634395,1.49293702,0.149836168,-0.197722402,-9.8035117,-0.170035573,0.311896423,0.298082198,-0.219256625,0.078352809,-0.0969212353,24.1787872,4.09283447,-42.9649048,2
20.39991,-0.00111724269,-0.0122036699,-0.67873632,-0.734279757,0.0164086452,0.0182078914,1.49207047,0.160879951,-0.17854855,-9.80370459,-0.19334963,0.254564964,0.0679828184,-0.171573982,0.142350465,-0.0847880468,24.231575,4.26346588,-42.8828735,2
20.409868,-1.1029501E-05,-0.0123075371,-0.67845798,-0.734536092,0.0180692022,0.0167172752,1.49131203,0.177163945,-0.163932835,-9.80367888,-0.177611177,0.183236598,-0.099936292,-0.126699448,0.189300135,-0.0727694631,24.486969,4.34857178,-42.7516479,2
20.419825,0.00107033151,-0.012696488,-0.678206025,-0.734761354,0.0201134068,0.0156494316,1.4906298,0.197207694,-0.15346224,-9.80346611,-0.138697729,0.13864861,-0.186789231,-0.0888446942,0.21747683,-0.0688750148,24.4914093,4.48324585,-42.977417,2
20.429783,0.00210450715,-0.013233383,-0.677952137,-0.734983928,0.0223104685,0.0148501886,1.48994643,0.218748677,-0.145625245,-9.80312826,-0.141982943,0.162534824,-0.206878663,-0.0744353905,0.219030783,-0.0706436187,24.6351776,4.54788208,-42.9325867,2
20.439741,0.00308628281,-0.0137386614,-0.677680956,-0.735221183,0.0243897763,0.0140831228,1.4892198,0.239134572,-0.13810369,-9.80276118,-0.179577144,0.173867589,-0.12344927,-0.0807497203,0.195376679,-0.0773081705,24.6642761,4.73036194,-42.8695679,2
20.449698,0.00402761929,-0.0141003033,-0.677385282,-0.735482202,0.0262028178,0.0131785728,1.48843016,0.256910157,-0.129233908,-9.80243209,-0.17101651,0.286353913,-0.119887193,-0.100017957,0.168321088,-0.0857578516,24.8899689,4.67853546,-42.7608337,2
20.459656,0.00496889995,-0.014281594,-0.677071953,-0.735761426,0.0277498659,0.0120277737,1.4875966,0.27207861,-0.11794932,-9.80216555,-0.09819807,0.366647529,-0.161304661,-0.126372054,0.142940283,-0.0877077132,24.8619232,4.65333557,-42.8671265,2
20.469613,0.00592995118,-0.0143142726,-0.676742647,-0.736056634,0.0291040896,0.0106447987,1.48672412,0.285357157,-0.104387846,-9.80194168,-0.0368074347,0.37642954,-0.271961084,-0.143840522,0.129241258,-0.0935815796,25.0978317,4.83960724,-42.8042603,2
20.479571,0.00687819375,-0.0142800479,-0.67639535,-0.736368245,0.0303414399,0.00918827836,1.48580643,0.297489676,-0.0901049626,-9.80172248,0.0185465873,0.359752473,-0.518932104,-0.140652925,0.118109085,-0.098347865,25.0379257,4.97393036,-42.945282,2
20.489529,0.0077360486,-0.0142413451,-0.676021502,-0.736703634,0.0314489259,0.00785664155,1.48481762,0.308348266,-0.0770465427,-9.80149861,0.0600611951,0.323799481,-0.722514064,-0.119115949,0.100953266,-0.110072963,25.0820923,4.99459076,-42.6900024,2
20.499486,0.00842636869,-0.0142136064,-0.675596549,-0.737086275,0.0323453434,0.00678345748,1.4836876,0.317136845,-0.0665224818,-9.80129519,0.0660867024,0.273172524,-0.892556158,-0.0886801928,0.0780585483,-0.126697659,25.0199509,5.12879944,-42.7095032,2
20.509444,0.00889731491,-0.0141983916,-0.675091351,-0.737543863,0.0329634455,0.0060461395,1.48233437,0.32319651,-0.0592920145,-9.80114322,0.040574112,0.253372521,-0.960643021,-0.0501788706,0.0429405011,-0.151760399,25.1018982,5.10848999,-42.9481201,2
20.519402,0.00907401835,-0.014146573,-0.674483336,-0.738098756,0.0331302805,0.00568824288,1.48069322,0.324832368,-0.0557823076,-9.8011099,-0.0520414086,0.217541073,-0.902916224,-0.0116787646,-0.0145720122,-0.180486917,25.1611176,5.17047882,-42.7978821,2
20.529359,0.0089338181,-0.0139705464,-0.673777911,-0.738747786,0.0326865765,0.00562644421,1.47877804,0.320483671,-0.0551762771,-9.80125662,-0.0874962779,0.173689784,-0.693576723,0.00773141906,-0.0755392238,-0.204670548,25.1811295,5.37939453,-42.7402039,2
20.539317,0.00859285533,-0.0136243204,-0.672996279,-0.739470363,0.0317213039,0.00562993992,1.47665147,0.311022636,-0.0552105584,-9.80156115,-0.0506515617,0.153822269,-0.464775566,0.00177286775,-0.117473803,-0.22086136,25.0368805,5.44138336,-42.721344,2
20.549274,0.00821248737,-0.0130993084,-0.672174888,-0.74023086,0.0304386325,0.00545180611,1.4744188,0.298450484,-0.0534636874,-9.80196155,-0.0039620355,0.130976505,-0.209392107,-0.0270832814,-0.139751419,-0.228386402,24.9662323,5.50236511,-42.8510437,2
20.559232,0.00790408303,-0.0124280509,-0.671324911,-0.741016676,0.0290356402,0.0049724262,1.47211423,0.284698839,-0.0487626427,-9.80239527,-0.00726905942,0.0912602519,-0.0069482117,-0.0569795221,-0.142219588,-0.238466665,25.0012512,5.63907623,-43.0875854,2
20.56919,0.00771714563,-0.0116778839,-0.670438354,-0.74183307,0.0276776004,0.00420894723,1.46971767,0.271387485,-0.041275552,-9.80280735,0.0096335966,0.00446524035,0.0411982718,-0.0794582069,-0.129133359,-0.246872932,24.8275681,5.56964874,-42.8769226,2
20.579147,0.00764651068,-0.0109818083,-0.669530305,-0.742664178,0.0265540019,0.00334773411,1.46726951,0.260373741,-0.0328299962,-9.80313761,0.00777850678,-0.0807444017,0.0154921682,-0.0780130848,-0.0958573818,-0.24986583,24.6190567,5.61659241,-43.006897,2
20.589105,0.00766810387,-0.0104903191,-0.668605861,-0.743503354,0.0258560231,0.00262525875,1.46478268,0.25353184,-0.0257449652,-9.8033381,0.0322776275,-0.088577616,-0.0731920775,-0.0530382209,-0.0414780341,-0.253673643,24.4796066,5.73064423,-43.0108032,2
20.599063,0.00776020479,-0.0103359355,-0.667669727,-0.744345322,0.0257524297,0.00224944015,1.46226929,0.252516507,-0.0220594543,-9.80337375,0.03643535,-0.0882229117,-0.190023975,-0.00745311519,0.018020995,-0.25320214,24.4975281,5.85839081,-42.903595,2
20.60902,0.0078511487,-0.0105637269,-0.666717524,-0.745194156,0.0262161294,0.00238478571,1.45971549,0.257062224,-0.0233867368,-9.80325217,0.00585267155,-0.129691972,-0.279179345,0.0469296984,0.073903434,-0.259733021,24.4414749,5.94374084,-43.2044983,2
20.618978,0.00789812686,-0.0111530297,-0.665720604,-0.7460758,0.0271613697,0.00306440551,1.45704321,0.266328047,-0.0300515056,-9.8029868,-0.0474066067,-0.148764867,-0.290368263,0.105477035,0.113561675,-0.274535596,24.4654541,5.93943787,-43.2668152,2
20.628935,0.00781825653,-0.0120369637,-0.664653137,-0.747014105,0.0283804954,0.00432012907,1.45418093,0.278277629,-0.0423658634,-9.8026092,-0.114572464,-0.111760293,-0.305260712,0.158527464,0.128231689,-0.294672281,24.5050125,5.8245163,-43.0974731,2
20.638893,0.00760727779,-0.0130954399,-0.663495684,-0.748026701,0.0296911654,0.00599667785,1.45107717,0.291122862,-0.0588069664,-9.80215152,-0.151958247,-0.0586579726,-0.1955857,0.192247763,0.130974621,-0.318380862,24.5335846,5.89450073,-43.1670532,2
20.648851,0.00731548009,-0.0141976355,-0.662253117,-0.749109941,0.0309664803,0.00784473949,1.44774769,0.303619557,-0.076929821,-9.80164708,-0.124202426,-0.0475680809,0.0497644401,0.194227561,0.119573101,-0.337640315,24.6246872,6.0123291,-43.1512756,2
20.658808,0.00702875526,-0.0152148785,-0.660956497,-0.750237007,0.0321279294,0.0095664269,1.44427909,0.314998737,-0.0938131695,-9.80114088,-0.0921867373,-0.0104836558,0.30678456,0.168248311,0.109983467,-0.343809754,24.5690765,5.8523407,-43.005127,2
20.668766,0.0068669906,-0.0160568902,-0.659657065,-0.751363774,0.033196905,0.0108650799,1.44081214,0.325471433,-0.106547938,-9.80066859,0.0142075717,0.104752889,0.473158195,0.111105122,0.100712471,-0.34119907,24.6467285,5.87635803,-43.1219177,2
20.678724,0.00688542791,-0.0166737182,-0.658364253,-0.752483224,0.0341685693,0.0115926817,1.43737367,0.334991504,-0.113682822,-9.80026761,0.0667871058,0.198677584,0.52348436,0.0582707003,0.0886693001,-0.345748127,24.7493134,6.02172852,-42.9847107,2
20.688681,0.00702559378,-0.0171208181,-0.657052319,-0.753617649,0.0350471261,0.0119096051,1.4338936,0.34360016,-0.11679057,-9.79993267,0.075536339,0.239045104,0.293755567,0.0330100842,0.0793245286,-0.351388961,24.7040482,6.00814819,-42.8683167,2
20.698639,0.00712981702,-0.0174915916,-0.655704997,-0.754780905,0.0357650268,0.0121760494,1.43032419,0.350634333,-0.1194033,-9.7996521,0.06116996,0.22564662,-0.0222609316,0.0493334606,0.0578111932,-0.364119738,24.7040482,6.00814819,-42.8683167,2
20.708596,0.00705881244,-0.0178945954,-0.654301961,-0.755988543,0.0363043299,0.0127445201,1.42660729,0.35591673,-0.124977666,-9.79939199,-0.0141428724,0.202640204,-0.293364522,0.0928031728,0.0435137451,-0.377623558,24.6539459,6.20126343,-42.9734192,2
20.718554,0.00677002517,-0.0183972777,-0.65283942,-0.757242587,0.036713609,0.0137682685,1.42273221,0.359922532,-0.135016328,-9.79911259,-0.06648162,0.120801395,-0.500892005,0.139983222,0.0310660452,-0.391546547,24.7636337,6.13418579,-42.8912964,2
20.728512,0.0062958189,-0.0190116392,-0.651328933,-0.758531085,0.0370559047,0.0152150997,1.41873143,0.363269066,-0.149203404,-9.7987835,-0.0556125451,-0.0329049291,-0.524864417,0.176367059,0.0272428095,-0.399301142,24.7500458,6.14931488,-42.8645935,2
20.738469,0.00572973355,-0.0196962929,-0.649805942,-0.759823227,0.037391877,0.0168911703,1.41470221,0.366551302,-0.165637922,-9.79839714,0.0231066252,-0.113884482,-0.377857746,0.186670884,0.028677471,-0.396327376,24.5809937,6.19786072,-42.9491577,2
20.748427,0.00519060972,-0.0203646685,-0.648288103,-0.761104918,0.0377447417,0.0185042034,1.41069473,0.369998228,-0.181453897,-9.79798739,0.0846023831,-0.134131151,-0.100988431,0.162796974,0.0269261748,-0.39750582,24.5943909,6.21990967,-42.9244385,2
20.758385,0.00476259013,-0.0208740839,-0.646758817,-0.762393956,0.0380055968,0.0197403378,1.40666789,0.372545282,-0.193574014,-9.79765888,0.0557191107,-0.0890907623,0.146632577,0.111896671,0.009395089,-0.398669302,24.5372696,6.34815216,-42.8422546,2
20.768342,0.00449791588,-0.0211183339,-0.645228092,-0.763684665,0.0380769674,0.0203837173,1.40264934,0.373239731,-0.199882137,-9.79750574,0.0445500299,-0.0188873636,0.294471022,0.0456982143,-0.0126042198,-0.404067516,24.537674,6.2681427,-42.9797058,2
20.7783,0.00439638918,-0.0210395066,-0.643663497,-0.765006733,0.0378672141,0.0203595966,1.39855446,0.371184844,-0.199645643,-9.79758874,0.0207176477,0.0767938648,0.245023977,-0.0191372465,-0.0475788042,-0.419103086,24.5005188,6.36579895,-43.0016479,2
20.788257,0.00440050397,-0.02062916,-0.642081896,-0.766345796,0.0372850143,0.0197478884,1.39442621,0.365485098,-0.193648047,-9.79792367,-0.0991285558,0.205619731,0.083300799,-0.0696672723,-0.0859789178,-0.441282153,24.45961,6.34819031,-42.9422607,2
20.798215,0.00442403314,-0.0199569454,-0.640393226,-0.767775137,0.0363255193,0.0187683618,1.39002788,0.356090589,-0.18404395,-9.79845442,-0.14824235,0.364956507,-0.20062954,-0.092562288,-0.125018582,-0.465450406,24.4283066,6.61543274,-42.9647522,2
20.808173,0.00435992453,-0.0190705109,-0.638609132,-0.769282523,0.0349223329,0.0176500937,1.38538842,0.342348151,-0.173079306,-9.79914415,-0.192559302,0.498092876,-0.511036382,-0.0939117149,-0.174162969,-0.490979731,24.6125793,6.81125641,-43.1443787,2
20.81813,0.00410899952,-0.0180328832,-0.636724511,-0.770869399,0.0330451792,0.01662972,1.38049355,0.323958727,-0.163074319,-9.79994086,-0.238962997,0.542256719,-0.728860218,-0.0747715309,-0.21898067,-0.51562649,24.3960037,6.93199158,-43.2049255,2
20.828088,0.00363795777,-0.0169420999,-0.634741428,-0.772530266,0.030803653,0.0158875088,1.37534969,0.30199475,-0.155796674,-9.80076094,-0.284485562,0.545304051,-0.830541892,-0.0404598899,-0.246571809,-0.538364828,24.2240906,7.07850647,-43.1602478,2
20.838046,0.00296972509,-0.0159169567,-0.63267573,-0.774247465,0.0284123266,0.015542566,1.37000042,0.278558601,-0.152414366,-9.80150796,-0.278706649,0.490895365,-0.74943948,0.00343575142,-0.246227443,-0.547104836,23.8575363,7.22412872,-43.3354492,2
20.848003,0.00220634007,-0.0150972295,-0.630585096,-0.775970045,0.0262187665,0.0156167029,1.36459813,0.257057456,-0.153141319,-9.8020843,-0.241643212,0.382237203,-0.495077766,0.0389316939,-0.204958826,-0.546566367,23.8808289,7.38933563,-43.3340454,2
20.857961,0.00153541927,-0.0146426913,-0.628506359,-0.777665031,0.0247099439,0.0160186505,1.35924003,0.24226602,-0.157082586,-9.80239877,-0.207847782,0.306271989,-0.0988221933,0.0665468723,-0.110290706,-0.539504588,23.6156158,7.45114136,-43.4341736,2
20.867918,0.00108523394,-0.0146656804,-0.62645273,-0.779320655,0.0242239709,0.0166839946,1.35395956,0.237499719,-0.163606508,-9.80240871,-0.222983283,0.25159415,0.278274505,0.0897419378,-0.00701998454,-0.544421852,23.5875702,7.4302063,-43.3862,2
20.877876,0.000847917654,-0.015118372,-0.624375805,-0.780977291,0.0246793567,0.0175555843,1.34863102,0.24195995,-0.17215262,-9.80215327,-0.294331541,0.225873287,0.510705543,0.111803897,0.0756276995,-0.554488122,23.4571915,7.45639801,-43.3143616,2
20.887834,0.000749274283,-0.0158698903,-0.622244176,-0.782661887,0.0257812842,0.0185781055,1.3431736,0.252756398,-0.182178504,-9.8016991,-0.315303382,0.24772056,0.598687778,0.118629314,0.123295613,-0.560676813,23.3540497,7.57845306,-43.4586792,2
20.897791,0.000803102612,-0.0167751162,-0.620078188,-0.78436015,0.0273200541,0.0195451683,1.33764066,0.26783372,-0.191660417,-9.80111808,-0.324544819,0.256753542,0.646139849,0.105720185,0.164227247,-0.567299843,23.3247986,7.68955231,-43.5968628,2
20.907749,0.00101315567,-0.017758545,-0.617876179,-0.78607419,0.0291812621,0.0203537382,1.33202912,0.286070548,-0.199588214,-9.80044472,-0.373906268,0.18282957,0.666565382,0.0900197849,0.182246462,-0.586516678,23.5488205,7.76076508,-43.3201294,2
20.917707,0.00130567184,-0.0187114461,-0.615574213,-0.787855738,0.0311031752,0.0209807446,1.32617736,0.304901651,-0.205735722,-9.79974972,-0.527860128,0.0664238985,0.689213852,0.0735800564,0.180475622,-0.61886698,23.5325089,7.78858948,-43.4111328,2
20.927664,0.00163346458,-0.0195823689,-0.613126017,-0.789740593,0.0329465494,0.0214345344,1.31996983,0.322962628,-0.210184884,-9.79907635,-0.572257342,0.0820959167,0.760516754,0.0591566414,0.158738628,-0.654643595,23.6545792,7.97720337,-43.3811035,2
20.937622,0.00192308026,-0.0202710974,-0.610529052,-0.791731978,0.034461684,0.0217087646,1.31340244,0.337807183,-0.212873538,-9.79851813,-0.667906129,-0.00544692203,0.721201812,0.0400667042,0.117225766,-0.685447395,23.6010666,8.1346283,-43.3952332,2
20.947579,0.00220974181,-0.0207201269,-0.607821524,-0.793800164,0.0355974202,0.0216817902,1.30657508,0.348935676,-0.21260906,-9.79813352,-0.692202804,-0.126169653,0.758526457,-0.00180271803,0.0853754282,-0.701672733,23.4902954,8.30625916,-43.515564,2
20.957537,0.00264492359,-0.0209457011,-0.605085534,-0.795880469,0.0365576675,0.0211393698,1.299699,0.358348305,-0.207290971,-9.79790789,-0.685005733,-0.156477204,0.83521456,-0.0569327697,0.0825247914,-0.705394626,23.4075928,8.37915802,-43.5244751,2
20.967495,0.00332237147,-0.0210524221,-0.602329772,-0.797962717,0.0376168599,0.0200600894,1.29279855,0.368734199,-0.196709078,-9.79774072,-0.690303839,-0.135784837,0.785516756,-0.106093392,0.104789883,-0.714258432,23.3812332,8.53650665,-43.4371033,2
20.977452,0.0042458653,-0.0211700395,-0.599507504,-0.800077766,0.038982819,0.018590221,1.28575818,0.382128007,-0.182297289,-9.79750632,-0.762505298,-0.0185155346,0.632352731,-0.130877137,0.143331647,-0.739729226,23.5778885,8.80288696,-43.3996277,2
20.98741,0.00533190392,-0.021398559,-0.59656469,-0.802261937,0.040713262,0.0169768978,1.2784437,0.399092915,-0.166478501,-9.79711177,-0.814335731,0.202691642,0.350340209,-0.130852908,0.17641823,-0.770386994,23.6026611,9.03330994,-43.3066101,2
20.997367,0.00642691149,-0.0217646994,-0.593461062,-0.80454269,0.0426675666,0.0154921736,1.27075384,0.418248756,-0.151920244,-9.79654888,-0.804312203,0.371589114,-0.0159369893,-0.101001926,0.189050809,-0.809535086,23.5132751,9.27546692,-43.1566467,2
21.007325,0.00738238397,-0.0222568062,-0.590191429,-0.806922672,0.0446525205,0.0143580199,1.26267349,0.437701024,-0.14079924,-9.79586557,-0.826308346,0.413140547,-0.374852719,-0.0549137965,0.182200089,-0.84772557,23.5617599,9.52397156,-43.2036743,2
21.017283,0.008082344,-0.0228331222,-0.586761676,-0.809397336,0.0464680439,0.0137119764,1.25421449,0.455489048,-0.134464338,-9.7951431,-0.894374605,0.382564389,-0.62247665,0.00474333158,0.155509502,-0.887108326,23.5358963,9.6789093,-43.1313782,2
21.02724,0.00844349912,-0.0234463555,-0.58313193,-0.811995148,0.0479468241,0.0136328986,1.24527641,0.469973902,-0.133688924,-9.79446973,-1.02767175,0.401092235,-0.711137514,0.0652804449,0.114292026,-0.929875016,23.7030182,10.0804825,-43.2163086,2
21.037198,0.00845075884,-0.0240098635,-0.579307133,-0.814711832,0.0489377681,0.0140487661,1.2358737,0.479676673,-0.137766804,-9.79394249,-1.18925669,0.435097636,-0.666772887,0.106319383,0.059160661,-0.964841723,23.5690155,10.335083,-43.2314758,2
21.047156,0.0082154601,-0.0244364531,-0.575298794,-0.817536865,0.0494335492,0.0146841687,1.22604348,0.48452784,-0.143997324,-9.79361458,-1.22852458,0.494898427,-0.419451154,0.11240311,0.0151484646,-1.00073028,23.5690155,10.335083,-43.2314758,2
21.057113,0.00792081659,-0.0247086688,-0.571185658,-0.820410643,0.0496171316,0.0152304188,1.21599005,0.48632181,-0.149353608,-9.79344507,-1.26219143,0.58016121,-0.138750299,0.0945472568,-0.00624476792,-1.03456843,23.4370651,10.447197,-43.2796936,2
21.067071,0.00769554795,-0.0248483287,-0.566922922,-0.823359959,0.0496701899,0.015502383,1.20561219,0.486839404,-0.152020352,-9.79337843,-1.31747625,0.649716027,0.0241378314,0.0651672632,-0.0133127971,-1.0706811,23.2926331,10.5784302,-43.3781433,2
21.077028,0.00755219607,-0.0249133182,-0.562524573,-0.826370587,0.0496983185,0.0155475083,1.1949472,0.487114532,-0.152462826,-9.79335797,-1.36413907,0.665122271,0.0103507136,0.0533505641,-0.0138039719,-1.10237968,23.2736588,10.7321777,-43.3329163,2
21.086986,0.00742768185,-0.0249874635,-0.557946641,-0.829467348,0.0497676357,0.0155619316,1.18388872,0.487793271,-0.152604253,-9.79332173,-1.39953377,0.684267701,-0.116278355,0.0640559345,-0.00564404577,-1.13939285,23.0400696,11.0673294,-43.2206116,2
21.096944,0.00723807113,-0.025176109,-0.55317884,-0.832650581,0.049960715,0.0158008708,1.1724117,0.4896823,-0.154947163,-9.7931908,-1.50302673,0.630496509,-0.340267728,0.100159802,0.00880829059,-1.17976987,22.9645767,11.3544998,-43.3764648,2
21.106901,0.00688249185,-0.0255159879,-0.548239705,-0.835903527,0.0502322533,0.0164723018,1.16056023,0.492336175,-0.161530798,-9.79295114,-1.63227402,0.508990336,-0.51453533,0.156667814,0.00621943222,-1.22121823,23.0225525,11.5580292,-43.2535706,2
21.116859,0.00625890712,-0.0259545586,-0.54310472,-0.83924039,0.050391915,0.0176875535,1.14827612,0.493889469,-0.173446605,-9.79266941,-1.68784656,0.385334511,-0.532175616,0.209877551,-0.0193402395,-1.25195837,22.7940674,11.83284,-43.2665405,2
21.126817,0.00537079202,-0.0263903746,-0.537828699,-0.842623859,0.0502820325,0.0193370918,1.13569565,0.492798386,-0.189620271,-9.79242449,-1.62899543,0.2375054,-0.380238504,0.243617401,-0.0474786647,-1.27605808,22.5418396,11.9305344,-43.1443176,2
21.136774,0.00437867227,-0.0267858707,-0.532473043,-0.84601172,0.0500173717,0.0211182617,1.12297456,0.490189044,-0.207084013,-9.79220179,-1.58478673,0.120145643,-0.0445253704,0.237098888,-0.0535660945,-1.27706254,22.3616028,12.1109161,-43.3012085,2
21.146732,0.00348981276,-0.0271396397,-0.527130582,-0.849343638,0.0498143472,0.0226861135,1.1103403,0.488184207,-0.222455697,-9.79196447,-1.46112659,0.059052566,0.298057648,0.203029066,-0.040317934,-1.26156926,22.1931534,12.3392715,-43.3320007,2
21.156689,0.00283077032,-0.0274564048,-0.52183195,-0.852601596,0.0498078496,0.0238304754,1.09786687,0.488107598,-0.23367501,-9.79170728,-1.34538,-0.00334984015,0.516869326,0.151220679,-0.0172527507,-1.24417603,21.9661407,12.5451736,-43.4747314,2
21.166647,0.00247318068,-0.0277670648,-0.516587642,-0.855780356,0.0501162048,0.0244576844,1.08557778,0.491119456,-0.239824034,-9.79140801,-1.288537,-0.0178507871,0.571337414,0.0978738293,0.0238845665,-1.23003149,21.9195099,12.8223495,-43.6069946,2
21.176605,0.00244475643,-0.0281374692,-0.511389458,-0.858884774,0.050871434,0.0245813576,1.07345136,0.498512562,-0.241036497,-9.79100469,-1.24221014,-0.0146929989,0.476063853,0.05116871,0.0689623952,-1.21948159,21.7357254,12.9863205,-43.8178406,2
21.186562,0.00269597194,-0.0285779149,-0.506203518,-0.861936089,0.0520329081,0.0242873588,1.0614057,0.50988787,-0.238154219,-9.79048914,-1.26196522,0.0472178244,0.238372703,0.0189918671,0.104910016,-1.2196666,21.7637329,13.2978516,-43.5754089,2
21.19652,0.00308469413,-0.0290698795,-0.500958171,-0.864977635,0.0534207125,0.0237914489,1.0492704,0.52348089,-0.233292404,-9.78988883,-1.25715286,0.0993679723,-0.134525375,0.0137451077,0.112617984,-1.22894645,21.4545746,13.5699844,-43.6870117,2
21.206478,0.00344085242,-0.0295293238,-0.495662218,-0.868006414,0.0547164312,0.023301885,1.03706135,0.536171591,-0.228492748,-9.78931542,-1.2632595,0.123448374,-0.484203905,0.0220144894,0.0888079926,-1.23924589,21.3664856,13.7724609,-43.5046692,2
21.216435,0.0036747362,-0.0298881788,-0.49031457,-0.871025148,0.0557136949,0.0229096478,1.02477345,0.545938805,-0.224647252,-9.78886475,-1.29741765,0.188136901,-0.740534874,0.0367045365,0.054207243,-1.25205326,21.2751923,13.9098969,-43.4900513,2
21.226393,0.00375809031,-0.0301095207,-0.484907308,-0.87403901,0.0563226333,0.0226331505,1.01238766,0.551902974,-0.22193644,-9.78859178,-1.33046622,0.325935799,-0.926358474,0.046704974,0.011130346,-1.27060616,21.2092209,14.2340012,-43.5298462,2
21.23635,0.00369432207,-0.0301200634,-0.479385699,-0.877079557,0.0564214711,0.0223996997,0.999780521,0.552873354,-0.219647654,-9.78858886,-1.32395465,0.463408552,-1.0445751,0.0485730059,-0.0502512269,-1.28666353,20.886467,14.4670334,-43.6309509,2
21.246308,0.00347318791,-0.0298363827,-0.473793515,-0.880123569,0.0558532975,0.022160714,0.987053775,0.547314587,-0.217304579,-9.7889536,-1.2488145,0.56551258,-1.08580962,0.0496707633,-0.118884616,-1.29858088,20.8309937,14.7710648,-43.5011597,2
21.256266,0.00306038446,-0.0292760289,-0.468145737,-0.883160784,0.0546166611,0.0220070495,0.974240563,0.5352106,-0.215798011,-9.7896562,-1.12912108,0.617875585,-1.07208855,0.0635440275,-0.182431981,-1.3020432,20.4362793,14.9088974,-43.4998169,2
21.266223,0.00243562491,-0.0285186985,-0.462484935,-0.886164902,0.0528348512,0.0220639964,0.961436211,0.5177658,-0.216356339,-9.79058208,-0.997652463,0.633696913,-0.991256186,0.0890512466,-0.2299449,-1.30530822,20.2115021,15.0153275,-43.6459351,2
21.276181,0.00160422233,-0.0276773395,-0.456767417,-0.889153938,0.0507188421,0.0224332941,0.948541776,0.497043622,-0.219977013,-9.79157518,-0.931290816,0.65108432,-0.826409907,0.122532651,-0.24889189,-1.30868149,19.7982864,15.2747345,-43.915741,2
21.286139,0.000580155961,-0.0268519102,-0.450995532,-0.892121971,0.048465648,0.023187121,0.935563546,0.474971893,-0.227367599,-9.79250165,-0.902635069,0.665507836,-0.648911067,0.158851251,-0.262757361,-1.31561613,19.5016785,15.4928894,-44.1394348,2
21.2960958,-0.000638484722,-0.0260496752,-0.445178198,-0.895062758,0.0460936765,0.0243388656,0.922523197,0.451730682,-0.238659173,-9.79333284,-0.876101793,0.660638549,-0.44247781,0.196013808,-0.271480113,-1.31528556,19.1970901,15.7331314,-43.901947,2
21.3060538,-0.00198259324,-0.0253153265,-0.439367017,-0.897948654,0.0437500754,0.0258088379,0.90953866,0.428761967,-0.25307014,-9.79400328,-0.780858189,0.581226757,-0.187423437,0.214839429,-0.259869516,-1.3018862,18.9227142,15.9208832,-44.0992126,2
21.3160108,-0.00332548276,-0.024711893,-0.433639159,-0.900741513,0.041661651,0.0274263279,0.896782912,0.408289453,-0.268926685,-9.7944557,-0.684220135,0.472285577,0.0814788443,0.217173547,-0.228165612,-1.27513564,18.7326889,16.1196365,-44.2817688,2
21.3259688,-0.004588502,-0.0242498792,-0.427994668,-0.903444206,0.0399165564,0.0290526359,0.884254196,0.391178598,-0.284868953,-9.79470354,-0.620571985,0.395003636,0.279996507,0.211567864,-0.19242467,-1.25472748,18.3056412,16.2082138,-44.2668152,2
21.3359268,-0.00575676338,-0.0239337031,-0.422393165,-0.90607839,0.0385360261,0.0306558243,0.871859642,0.377638258,-0.300583861,-9.79476492,-0.67272259,0.370017115,0.379267613,0.208187729,-0.159332156,-1.24582958,17.9936371,16.354187,-44.5853577,2
21.3458838,-0.00686174281,-0.0237381601,-0.416825437,-0.908650644,0.0374473278,0.0322647897,0.85957608,0.366955938,-0.316354608,-9.79467432,-0.703340211,0.386386432,0.367505279,0.207914487,-0.137091562,-1.23759401,17.7201996,16.3797836,-44.549408,2
21.3558418,-0.0079133573,-0.0236226357,-0.41129574,-0.911161329,0.0365677076,0.0338589383,0.847411236,0.358321307,-0.331979317,-9.79447675,-0.653704951,0.448099595,0.311493469,0.202359229,-0.119270548,-1.21891737,17.5007401,16.5879898,-44.7678833,2
21.3657998,-0.00889805206,-0.0235971217,-0.40583667,-0.913597543,0.0359244865,0.0354190367,0.835434367,0.352002187,-0.34726946,-9.79417572,-0.621498525,0.482992264,0.235326175,0.197248355,-0.0928887427,-1.19529855,17.2799835,16.8413391,-44.822937,2
21.3757568,-0.00980021183,-0.0236614552,-0.400474593,-0.915949786,0.035527608,0.0369130093,0.823700359,0.348096229,-0.361910747,-9.79378526,-0.581978854,0.504666555,0.126149176,0.186429307,-0.0743635148,-1.17815554,17.1264191,16.9254761,-45.0136414,2
21.3857148,-0.0106432985,-0.0237478436,-0.395178791,-0.91823553,0.0352333718,0.038324779,0.812141148,0.345196197,-0.375745686,-9.79336732,-0.589852693,0.508774977,0.0715618459,0.179067791,-0.07179676,-1.16239309,16.840126,16.9882507,-44.7022095,2
21.3956718,-0.0114426763,-0.0238320847,-0.389870549,-0.920490057,0.0349867112,0.0396589909,0.800584126,0.342762723,-0.388819906,-9.79294238,-0.576495673,0.436256488,0.0455488683,0.169268891,-0.0659808069,-1.14504111,16.840126,16.9882507,-44.7022095,2
21.4056298,-0.0121647234,-0.0239302759,-0.384761036,-0.922625735,0.034832483,0.0408732289,0.789486352,0.341235659,-0.400717849,-9.79251568,-0.527234288,0.399372645,0.101685766,0.153822035,-0.0562424213,-1.12213337,16.6914368,16.9756775,-45.0059509,2
21.4155878,-0.0128017134,-0.0240417504,-0.379737838,-0.924693026,0.0347774832,0.0419467349,0.778600886,0.340681934,-0.41123632,-9.79209891,-0.493610616,0.425303753,0.18042671,0.137581035,-0.0467062481,-1.09862173,16.5058823,17.2114716,-45.0074463,2
21.4255448,-0.0133576866,-0.0241479414,-0.374777462,-0.926703943,0.0347826303,0.0428705807,0.7678757,0.340718979,-0.420288007,-9.79171371,-0.4984361,0.501393123,0.243487854,0.123144567,-0.0445703901,-1.08066678,16.2434082,17.5070877,-45.0090027,2
21.4355028,-0.0138475899,-0.0242030661,-0.369895622,-0.928654679,0.0347483216,0.0436383235,0.757344676,0.340371699,-0.427809964,-9.79139982,-0.520085585,0.54258354,0.253199685,0.105032638,-0.0539064743,-1.06664956,16.1302795,17.5810928,-45.1369934,2
21.4454598,-0.0142580019,-0.0241520827,-0.365087967,-0.930550375,0.0345792431,0.0441852235,0.746999055,0.338708041,-0.433168057,-9.79122213,-0.497023749,0.584303571,0.231324538,0.0741396993,-0.0742327794,-1.04763675,15.8815002,17.606781,-45.0069885,2
21.4554178,-0.0145644329,-0.0238912172,-0.360371937,-0.932388869,0.034094774,0.044393459,0.736878798,0.333961394,-0.435208148,-9.79129461,-0.377205785,0.679119013,0.202666599,0.0371059552,-0.113550745,-1.02910876,15.7864532,17.7999725,-45.0847778,2
21.4653758,-0.0147756953,-0.0233939622,-0.355715752,-0.934184397,0.03323532,0.0442641028,0.726915352,0.325547969,-0.433940831,-9.79163422,-0.294721782,0.793521564,0.0499269372,0.00623911899,-0.147437617,-1.01786625,15.5615387,17.9123001,-45.167572,2
21.4753328,-0.0149381359,-0.0227233643,-0.351109967,-0.935939245,0.0320819742,0.0439333062,0.717085108,0.314259207,-0.430699986,-9.79214626,-0.245874018,0.771426417,-0.15695874,-0.00418879371,-0.16928798,-1.0069083,15.405571,18.1115112,-45.0183411,2
21.4852908,-0.0150997002,-0.0219939459,-0.346590986,-0.937636827,0.0308119466,0.043575666,0.70746035,0.301827376,-0.42719607,-9.79269045,-0.12151326,0.696096451,-0.334932212,-0.00490438472,-0.169527933,-0.980057299,15.1167984,18.1431808,-44.9685364,2
21.4952488,-0.0152473506,-0.0212786253,-0.342179955,-0.939269677,0.0295699761,0.043218439,0.698082373,0.289669412,-0.423696172,-9.7932095,0.0212783321,0.634986003,-0.462951858,-0.00652710069,-0.158183485,-0.95372045,14.8495941,18.3737106,-44.9381104,2
21.5052058,-0.0153804347,-0.0206894541,-0.337906735,-0.940826428,0.0285662738,0.0429360416,0.689009163,0.279843197,-0.420929374,-9.79361458,0.179245756,0.612018165,-0.541405802,0.007680065,-0.120727725,-0.925400913,14.6345139,18.4190903,-44.812439,2
21.5151638,-0.0155411444,-0.0203343713,-0.333746705,-0.942315289,0.0279785258,0.0428755099,0.680182872,0.274087684,-0.420336303,-9.79380279,0.264009906,0.675619626,-0.606459581,0.0338009335,-0.0764669552,-0.90320164,14.3914719,18.5523605,-44.9508972,2
21.5251208,-0.0158102332,-0.0201997178,-0.329617913,-0.943765802,0.0277343276,0.0431721022,0.671428679,0.271692588,-0.423242181,-9.79374434,0.296332505,0.830557382,-0.638689533,0.0749630183,-0.0523688123,-0.899518251,14.1555557,18.8447495,-45.1356506,2
21.5350788,-0.0162599517,-0.0201821899,-0.325467925,-0.945197813,0.0275982143,0.0438891416,0.662638668,0.270351073,-0.430267294,-9.79347546,0.266848655,0.942328781,-0.613370383,0.119261727,-0.0560374148,-0.90831995,13.8606186,18.7506638,-45.072937,2
21.5450368,-0.0169260693,-0.0201667593,-0.321241892,-0.946631055,0.0273373335,0.0450175052,0.653700965,0.267782702,-0.441321808,-9.79305402,0.227817754,0.897119666,-0.490041525,0.155059129,-0.0807675272,-0.924590528,13.704277,18.9086075,-45.1243286,2
21.5549938,-0.0177884491,-0.0200358616,-0.316936814,-0.948068095,0.0267471241,0.0464462239,0.644614797,0.261985579,-0.455318112,-9.79257004,0.210720342,0.781529732,-0.336399362,0.180179045,-0.123200856,-0.949163437,13.6075974,18.8486557,-45.2877197,2
21.5649518,-0.0188119144,-0.0197474539,-0.312505403,-0.949524362,0.025776373,0.0480856428,0.635283746,0.252459717,-0.471377376,-9.79206092,0.188672615,0.662615914,-0.128164023,0.196820617,-0.161381811,-0.97139895,13.4778137,19.0437393,-45.0626831,2
21.5749098,-0.0199554077,-0.0193290841,-0.307939408,-0.951000301,0.0245067473,0.0498802523,0.625691495,0.240006149,-0.488955374,-9.79151205,0.19244722,0.593553666,0.0911047508,0.210114896,-0.185309768,-0.994471133,13.1474762,19.1195374,-45.3105774,2
21.5848668,-0.0211672992,-0.0188671809,-0.303252259,-0.952488362,0.0231365601,0.0517893908,0.615864333,0.226567717,-0.507653425,-9.79088018,0.181195411,0.57858333,0.208387899,0.217937395,-0.189828083,-1.01999974,12.7421722,19.148056,-45.3426208,2
21.5948248,-0.022389294,-0.0184263799,-0.298469006,-0.953978742,0.0218249701,0.053743095,0.605852758,0.213703851,-0.526786032,-9.79015888,0.11579881,0.530827928,0.319295667,0.220028281,-0.178007096,-1.04478085,12.5951843,19.0212402,-45.3737488,2
21.6047818,-0.0235733855,-0.0180796501,-0.293581969,-0.955472136,0.0207414041,0.0556919289,0.595637054,0.203073773,-0.545868991,-9.78933997,0.114906774,0.412393966,0.380875632,0.2154053,-0.154311612,-1.05959415,12.3668823,19.1373749,-45.5370178,2
21.6147398,-0.024678865,-0.0178557436,-0.288633826,-0.95695481,0.0199623671,0.0575724599,0.585304322,0.195426619,-0.564281102,-9.7884515,0.110882195,0.274883657,0.452561397,0.203247309,-0.120840512,-1.060848,11.8762894,18.9481659,-45.8252869,2
21.6246978,-0.0256598002,-0.0177713785,-0.283710294,-0.958401804,0.0195399347,0.0593033982,0.575031212,0.191272276,-0.58122683,-9.78754198,0.140774188,0.227485215,0.531408724,0.183271468,-0.0857504383,-1.04887068,11.7153625,19.1430359,-45.6712341,2
21.6346548,-0.0264651919,-0.0178263479,-0.278838688,-0.959807625,0.0194979293,0.0607817555,0.564872321,0.190844187,-0.59569846,-9.78667981,0.140304433,0.205594907,0.561072625,0.151666313,-0.0446342789,-1.03743601,11.4051819,19.1032715,-45.6455688,2
21.6446128,-0.0270581778,-0.0180403083,-0.274043946,-0.961167166,0.0198886957,0.0619421413,0.55487632,0.194654594,-0.607056524,-9.78590707,0.178242899,0.117144726,0.517503532,0.121729717,-0.00202183682,-1.02394259,11.3536377,19.2650757,-45.7085876,2
21.6545708,-0.0274595441,-0.01838591,-0.269288085,-0.962492546,0.0206457122,0.0628027021,0.544964554,0.202051773,-0.615479338,-9.78523078,0.192543154,0.0880084653,0.421657725,0.0916874856,0.0257690772,-1.01398695,11.0709152,19.3176804,-45.8047791,2
21.6645278,-0.0277000511,-0.0188039814,-0.26458179,-0.963781957,0.0216331464,0.0633864386,0.535162389,0.211706138,-0.621192455,-9.78466555,0.188724619,0.0908785408,0.336398193,0.0675059855,0.0460455865,-1.00401986,10.9394226,19.4616013,-45.8599854,2
21.6744858,-0.0277823251,-0.0192819811,-0.259935572,-0.965033519,0.0228205313,0.0636889434,0.525492069,0.223319858,-0.624152985,-9.78421897,0.209133347,0.0785760355,0.273851428,0.0372592211,0.0662749857,-0.996008754,10.771347,19.3332596,-45.8202209,2
21.6844428,-0.0276828257,-0.0198158527,-0.255338718,-0.966252085,0.0242086201,0.0636596736,0.51593153,0.236901443,-0.62386657,-9.78391794,0.309126666,0.0943007703,0.189603703,0.00288313953,0.0887880176,-0.985706866,10.6634903,19.5024185,-45.8615112,2
21.6944008,-0.0273813916,-0.0203825075,-0.250733284,-0.96745413,0.025761777,0.0632437785,0.5063624,0.252103761,-0.619796251,-9.78379695,0.380414883,0.177618813,0.123791799,-0.0384861529,0.0969956219,-0.977106273,10.251503,19.5951996,-45.9069824,2
21.7043588,-0.0268781362,-0.0209335264,-0.246191925,-0.968622087,0.027375714,0.062417364,0.496938909,0.26790779,-0.611707857,-9.7838858,0.407856103,0.300613032,0.0171890352,-0.075914219,0.105688982,-0.973637283,10.2720413,19.68927,-45.9362183,2
21.7143158,-0.0261913302,-0.021451438,-0.241665097,-0.96976889,0.0290051842,0.0612054086,0.487560579,0.283871266,-0.59984535,-9.78417046,0.438130611,0.426566795,-0.148624043,-0.113717966,0.0994266644,-0.974897087,10.1505661,19.7822266,-45.8688354,2
21.7242738,-0.0253239564,-0.0218431663,-0.23709487,-0.970910632,0.030465904,0.0595676235,0.478114147,0.298192417,-0.583813449,-9.78471406,0.407050048,0.635140901,-0.304751009,-0.156752244,0.0747167915,-0.98616308,10.0009995,19.9321442,-45.8997192,2
21.7342318,-0.0242993013,-0.0220163781,-0.232406168,-0.972065862,0.0315655358,0.0575062165,0.468450879,0.308989158,-0.563632575,-9.7855622,0.402238811,0.866351165,-0.519381017,-0.194414526,0.0271152314,-1.01247609,9.65893555,19.9711304,-45.7153625,2
21.7441888,-0.0232045593,-0.0218555085,-0.227544414,-0.973245774,0.0320355892,0.055141616,0.45846446,0.313630663,-0.54048054,-9.78672073,0.372308514,1.04296533,-0.781584677,-0.213684902,-0.0508237742,-1.04702449,9.44367218,20.3033447,-45.6571045,2
21.7541468,-0.0221922487,-0.0212520344,-0.222375603,-0.974476675,0.0315983602,0.0527279548,0.447882969,0.309391893,-0.516845032,-9.78813235,0.348265741,1.09130558,-1.03814829,-0.200182498,-0.15042381,-1.08899045,9.44367218,20.3033447,-45.6571045,2
21.7641038,-0.0213967895,-0.0202453503,-0.217114132,-0.975701608,0.0302590398,0.0505664138,0.437142036,0.296315298,-0.495675805,-9.78963165,0.328871012,1.00235048,-1.22309744,-0.159995928,-0.227382243,-1.12863588,9.16674805,20.4415131,-45.9252625,2
21.7740618,-0.0209082214,-0.0189896475,-0.211669093,-0.976933113,0.0282895819,0.048910409,0.426045713,0.277057311,-0.479456053,-9.79100352,0.327778248,0.891709478,-1.28936177,-0.105118975,-0.277350187,-1.16021395,8.8998642,20.6635513,-45.7333069,2
21.7840198,-0.020722647,-0.0176270206,-0.206083366,-0.97815613,0.0259753868,0.0478234673,0.414676095,0.254411673,-0.468809242,-9.7921334,0.35910285,0.876872705,-1.18168991,-0.0507294983,-0.294915348,-1.18480074,8.62371826,20.8356552,-45.6347656,2
21.7939768,-0.0207832629,-0.0163405323,-0.200360828,-0.979365427,0.0237071055,0.0472744302,0.403034936,0.232205796,-0.463431129,-9.79294121,0.418568453,0.834234902,-0.930837665,-0.00243922067,-0.269257575,-1.20910442,8.21779633,21.0419998,-45.6056519,2
21.8039348,-0.0210275179,-0.0153031027,-0.194484395,-0.980560836,0.0218582883,0.0472074824,0.39108169,0.214100724,-0.462775332,-9.79338486,0.431286554,0.714916448,-0.642640901,0.043215882,-0.213842794,-1.23496985,7.68178558,21.1262131,-45.4935303,2
21.8138928,-0.0214282545,-0.0146506404,-0.188537278,-0.981722949,0.0207106427,0.0476155928,0.378981249,0.202857317,-0.466773024,-9.79343454,0.412602421,0.570324036,-0.36202071,0.0926295146,-0.134587362,-1.24980903,7.56755829,21.2517242,-45.4440002,2
21.8238498,-0.0220030716,-0.0143704284,-0.182540428,-0.982847083,0.020240164,0.0485167092,0.366776545,0.19824111,-0.475599743,-9.79310429,0.546206261,0.561792756,-0.160489837,0.140102223,-0.0829223022,-1.25630665,7.1866684,21.3223724,-45.4765625,2
21.8338078,-0.0227480667,-0.014371707,-0.176473374,-0.983937548,0.0202794572,0.0498584554,0.35442907,0.198612793,-0.488741877,-9.79244963,0.610328312,0.40883715,0.108652098,0.177956462,-0.0329199359,-1.27198613,6.8346405,21.2205048,-45.4710693,2
21.8437648,-0.0235854031,-0.0146562949,-0.170349237,-0.984992355,0.0208663209,0.0514789951,0.341964285,0.204342788,-0.504613546,-9.79152667,0.550130229,0.277615055,0.292531578,0.196785808,0.0201235767,-1.28007686,6.55329132,21.2177887,-45.7427368,2
21.8537228,-0.0244510494,-0.0151584627,-0.164209145,-0.986005873,0.0218952433,0.0532211943,0.329467472,0.214397825,-0.521675265,-9.79041724,0.54740738,0.29033732,0.399011593,0.205594793,0.0498891175,-1.28462148,6.4196701,21.2707214,-45.7075195,2
21.8636808,-0.0253230317,-0.0158019888,-0.158074573,-0.986975916,0.023223724,0.0550099702,0.316984575,0.227381992,-0.539191486,-9.78917513,0.483696065,0.351098845,0.458074023,0.212160811,0.0770717412,-1.28350103,6.22000885,21.153656,-45.734314,2
21.8736378,-0.0262070942,-0.0165505555,-0.151944873,-0.987902868,0.0247791646,0.056840273,0.30451475,0.242583324,-0.557112562,-9.78780677,0.460863215,0.382187994,0.409269952,0.217254624,0.0886269361,-1.28458905,6.05291748,21.2342682,-45.7672424,2
21.8835958,-0.0271209864,-0.0173338154,-0.145755208,-0.988796871,0.0264218039,0.0587210214,0.291929284,0.258632688,-0.575525623,-9.78633027,0.409050428,0.380399978,0.426797426,0.225633457,0.0915159285,-1.29314554,5.65901184,21.1173859,-45.8366394,2
21.8935528,-0.0280689512,-0.0181445641,-0.139526507,-0.989654087,0.0281364099,0.0606575896,0.279270324,0.275380135,-0.594483056,-9.78474037,0.420584469,0.380054196,0.48925242,0.232233733,0.0995344818,-1.300354,5.46611786,21.0049591,-46.0707092,2
21.9035108,-0.0290372517,-0.0189632816,-0.133266448,-0.990473186,0.0298888777,0.0626164867,0.266553918,0.292491776,-0.613656799,-9.78305987,0.454948146,0.376782299,0.571069703,0.236905977,0.0892597437,-1.30608642,5.29826355,21.0927048,-45.9133301,2
21.9134688,-0.0300260565,-0.0196826262,-0.126981818,-0.991255058,0.0314662347,0.0645704922,0.25379997,0.307884484,-0.632780309,-9.78136884,0.463796675,0.366127926,0.70525021,0.234324038,0.0609789193,-1.29823112,4.99297333,20.9504166,-46.0703125,2
21.9234258,-0.0309946403,-0.0202399934,-0.120747797,-0.991992812,0.0327488595,0.066429637,0.241164936,0.320390988,-0.650973188,-9.77977368,0.553642256,0.313691855,0.78326167,0.218629763,0.0315888077,-1.27672589,4.66261292,20.8863297,-46.1102905,2
21.9333838,-0.031850882,-0.0206309964,-0.114666651,-0.992678896,0.0337398483,0.0680192088,0.228857235,0.330047143,-0.666526365,-9.77840473,0.642298006,0.314879823,0.840999573,0.183191165,-0.00429929886,-1.2451998,4.43418884,20.7346573,-46.2436218,2
21.9433418,-0.0325079517,-0.0207813224,-0.108763371,-0.993318639,0.0343023077,0.0691571152,0.216934258,0.335520825,-0.677659169,-9.77745313,0.695631902,0.33334487,0.875063171,0.127183571,-0.0508699939,-1.20627058,4.24313354,20.9371796,-46.1688232,2
21.9532988,-0.0328899908,-0.0206610088,-0.103030949,-0.993919535,0.0343836156,0.0696938616,0.205385905,0.336303244,-0.682910149,-9.77706092,0.734802687,0.307620865,0.872725668,0.0611214191,-0.0986579508,-1.16639876,3.86751556,20.895813,-46.1373291,2
21.9632568,-0.0329590279,-0.0202751011,-0.0975172027,-0.994481246,0.0339870008,0.0695647059,0.194308992,0.332428485,-0.681646631,-9.77728128,0.748403854,0.252936796,0.745605017,-0.00637293747,-0.140308991,-1.12509549,3.6944809,20.9273224,-45.9933777,2
21.9732138,-0.0327687141,-0.0196617676,-0.0922032388,-0.995006611,0.0331691592,0.0688904097,0.183661067,0.324447277,-0.675049863,-9.77800726,0.767308607,0.205788165,0.5007751,-0.0528430678,-0.175751343,-1.09233963,3.49572754,20.9968719,-46.0292664,2
21.9831718,-0.0324168723,-0.018892393,-0.0870469654,-0.995497361,0.0320503655,0.0678829959,0.173349327,0.313529139,-0.665193655,-9.77903894,0.726003221,0.241870628,0.226623228,-0.0777300447,-0.194956452,-1.06958771,3.31628418,21.1229401,-46.2215576,2
21.9931298,-0.032010546,-0.0179991345,-0.0819388914,-0.995960485,0.0306801856,0.0667617193,0.163148111,0.300152484,-0.654222545,-9.78019863,0.649447659,0.278185073,-0.0626636692,-0.0783120468,-0.224356309,-1.0620743,2.8925705,21.0204315,-46.1114502,2
22.0030868,-0.0316432832,-0.0169486253,-0.076861259,-0.996395314,0.0289773619,0.0657111029,0.153021218,0.283517867,-0.64394212,-9.78137703,0.592310863,0.191589544,-0.311229849,-0.0697819442,-0.25783518,-1.05995715,2.63219452,21.0736084,-45.9286194,2
22.0130448,-0.0313181727,-0.0157254668,-0.0717738599,-0.996805047,0.0269144205,0.0647387919,0.142888143,0.263355588,-0.634427273,-9.78256244,0.560099981,0.130150375,-0.456839513,-0.0660035089,-0.291035652,-1.05752468,2.25261688,21.1306763,-46.0670166,2
22.0230028,-0.0310164554,-0.0143265154,-0.0666404321,-0.997191951,0.0244909604,0.0638114665,0.132676034,0.2396615,-0.625352132,-9.78375603,0.444631115,0.154145144,-0.542735004,-0.0670535937,-0.332820654,-1.06771314,1.81648254,21.2531967,-46.1956177,2
22.0329598,-0.0306944562,-0.0127109883,-0.0614090906,-0.997559627,0.0216344884,0.0628415937,0.122283445,0.21172656,-0.615860008,-9.78500223,0.304822284,0.203610163,-0.578299654,-0.0793500692,-0.373406112,-1.07534993,1.23825836,21.210762,-46.1877441,2
22.0429178,-0.0302995965,-0.0109662349,-0.0561940042,-0.997899766,0.018517437,0.061743617,0.111933864,0.181237624,-0.60511339,-9.78628526,0.213057242,0.276511039,-0.603502484,-0.0976739526,-0.380995065,-1.07135499,1.03642273,21.4393082,-46.1272888,2
22.0528748,-0.0297890412,-0.00925706186,-0.0510276989,-0.998209869,0.0154697234,0.0604529778,0.101681739,0.151422998,-0.592480155,-9.78756478,0.16027192,0.329867951,-0.633048312,-0.125195563,-0.35667035,-1.05465126,0.598464966,21.375206,-46.0188904,2
22.0628328,-0.0291507247,-0.00776655729,-0.0460041817,-0.998485575,0.0128501638,0.0589619021,0.0917038352,0.125794609,-0.577883767,-9.78880046,0.132030763,0.422860999,-0.682989278,-0.143108785,-0.290501177,-1.02450264,0.309066772,21.6692886,-45.9032898,2
22.0727908,-0.0284665977,-0.00666221983,-0.0411452309,-0.998725354,0.0109832608,0.0574404442,0.082033387,0.107529195,-0.562988615,-9.78988591,0.117525524,0.511814381,-0.837526344,-0.133221433,-0.199104667,-0.984295487,-0.141563416,21.5503616,-45.9886475,2
22.0827478,-0.0279473467,-0.00604663562,-0.0365246797,-0.99892351,0.0100548208,0.0563059732,0.0728123565,0.0984461813,-0.551881238,-9.79061364,0.107305259,0.557120344,-1.05796299,-0.0717721805,-0.100565836,-0.945581615,-0.292633057,21.6669998,-45.8576355,2
22.0927058,-0.0278199524,-0.00586272565,-0.0320653192,-0.999081255,0.00994631946,0.0559940216,0.0638890345,0.0973855937,-0.548826891,-9.79079601,0.025915536,0.612574264,-1.25979139,0.0291996989,-0.027587859,-0.917150736,-0.604598999,21.6677017,-45.7472839,2
22.1026638,-0.0282087735,-0.00601662196,-0.0275627298,-0.999203793,0.0104857045,0.0567347276,0.0548578571,0.102662301,-0.556079201,-9.79033307,-0.043106818,0.562665009,-1.25561556,0.135660097,0.0323497802,-0.890964925,-0.601852417,21.6663513,-45.7474365,2
22.1126208,-0.0290790341,-0.00640323787,-0.0234337773,-0.99928181,0.0114542254,0.058449679,0.046557791,0.112133309,-0.572869227,-9.78926106,-0.0416542902,0.434605871,-0.999610173,0.223284081,0.0574682243,-0.852066457,-0.776985168,21.5213776,-45.7611389,2
22.1225788,-0.03031138,-0.00682084735,-0.0195148592,-0.999326651,0.0124728991,0.0608857665,0.0386712156,0.122087544,-0.596716551,-9.78771734,-0.0106078393,0.329315943,-0.565109918,0.281518102,0.0459308773,-0.819951653,-0.761520386,21.4999237,-45.6998596,2
22.1325358,-0.0317557634,-0.00713567045,-0.015722684,-0.999346401,0.0132908197,0.0637375461,0.0310396194,0.13006993,-0.624628713,-9.78587258,-0.0709634051,0.356180605,-0.136746558,0.308700889,0.0177530982,-0.792021394,-1.0014267,21.3385925,-45.8437195,2
22.1424938,-0.0332647398,-0.00731408804,-0.0120382281,-0.99934725,0.0138489778,0.0667116215,0.0236288916,0.135505645,-0.65373235,-9.78389807,-0.130567952,0.302085881,0.221755915,0.302709043,-0.00476845726,-0.763516307,-1.27505493,21.1238327,-45.958252,2
22.1524518,-0.0346426669,-0.00741918811,-0.00854108499,-0.999335627,0.0142716058,0.0694217866,0.0165975192,0.139614789,-0.680248455,-9.78203228,-0.123454275,0.269495059,0.53592474,0.258482695,-0.0115018329,-0.723824263,-1.32949066,21.0156021,-45.893158,2
22.1624088,-0.0357358241,-0.00751464747,-0.00522760712,-0.999319328,0.0146835482,0.0715626323,0.0099366094,0.1436227,-0.701190851,-9.78049557,-0.0800270928,0.216666117,0.773957835,0.190526292,-0.00493687484,-0.690405846,-1.47956085,20.9693222,-46.0245361,2
22.1723668,-0.0364728894,-0.00763318986,-0.00207386062,-0.999303297,0.0151453691,0.0729914135,0.00359760959,0.148124194,-0.71516582,-9.77941596,0.0229112122,0.11796397,0.912490692,0.117672972,-0.000872934703,-0.656335652,-1.68561554,20.8529587,-45.9635315,2
22.1823248,-0.0368735738,-0.00775601908,0.000880082435,-0.999289336,0.0156089775,0.0737479177,-0.00233725339,0.152649508,-0.722564625,-9.77880279,0.15440648,0.0690989629,0.851124077,0.054036472,0.00120299938,-0.619020522,-1.72212219,20.7653885,-45.8907776,2
22.1922818,-0.0370028483,-0.00792641974,0.00362439445,-0.99927718,0.0161544729,0.0739621622,-0.00785169618,0.15798127,-0.724659917,-9.77856314,0.199951476,0.122220678,0.655457713,0.0124625433,0.0222832058,-0.5876652,-1.69759369,20.7845078,-45.8479004,2
22.2022398,-0.0369947243,-0.00820853243,0.00623045694,-0.999262282,0.0169129071,0.0738998244,-0.0130951806,0.165398396,-0.72405026,-9.7784854,0.138964088,0.169046142,0.343535205,-0.002978998,0.0437757149,-0.55800128,-1.85313416,20.6340179,-45.9721985,2
22.2121968,-0.0369721886,-0.00856688177,0.00868255212,-0.999241742,0.0178122301,0.0738065343,-0.0180354858,0.174193533,-0.723137895,-9.77840006,0.10547871,0.216466795,0.0619821167,0.0034752572,0.058520779,-0.5178352,-2.04767609,20.5726166,-45.9411316,2
22.2221548,-0.0370109408,-0.00899890662,0.0109370186,-0.999214473,0.0188457116,0.0738339584,-0.0225864221,0.184298875,-0.723406117,-9.77819547,0.145501965,0.345722632,-0.0987841994,0.0203631595,0.0781006068,-0.473006159,-2.19615173,20.5674744,-45.9833069,2
22.2321128,-0.0371319698,-0.00952253172,0.0129341213,-0.999181281,0.0200462463,0.0740243928,-0.026630312,0.196035033,-0.72526855,-9.77782898,0.125086844,0.436469728,-0.212875273,0.0374717861,0.0944792107,-0.429369181,-2.11508179,20.5708923,-46.1641235,2
22.2420698,-0.0373562815,-0.0100998195,0.0147207911,-0.999142481,0.0213428356,0.0744198152,-0.0302592775,0.208706555,-0.729135601,-9.77727894,0.133514188,0.474005313,-0.202501179,0.0583160818,0.106259704,-0.385910928,-2.18985748,20.4234314,-46.1748047,2
22.2520278,-0.0376753541,-0.0106987767,0.0163229176,-0.999099445,0.0226739116,0.075003884,-0.0335231063,0.221710979,-0.734847403,-9.77656524,0.194730052,0.478968854,-0.125703186,0.072845757,0.103622645,-0.343508601,-2.35873413,20.396347,-45.9411316,2
22.2619848,-0.0380190426,-0.0112124923,0.0177262512,-0.999056822,0.0238220679,0.0756409668,-0.0363836806,0.232924648,-0.74107731,-9.77583401,0.252798557,0.475771665,0.0505868624,0.0658235326,0.0762453452,-0.303791285,-2.38137054,20.2657928,-46.1759949,2
22.2719428,-0.0382676694,-0.011535392,0.0189716223,-0.999020811,0.0245737732,0.0760961255,-0.0389113522,0.240264818,-0.745528079,-9.77531787,0.211191357,0.448050349,0.309692557,0.0336321294,0.0290918909,-0.274409622,-2.42484283,20.2447815,-46.1233826,2
22.2819008,-0.0382977658,-0.011632512,0.0200677803,-0.998997093,0.0248533233,0.07612534,-0.0411169378,0.242996965,-0.745813764,-9.77522903,0.0799205272,0.337304932,0.616809125,-0.0162289049,-0.0117764492,-0.247129798,-2.41383362,20.2764893,-46.2728577,2
22.2918578,-0.0380592152,-0.0115438494,0.0210136382,-0.998987784,0.0247370797,0.0756282993,-0.0429995594,0.241869788,-0.740953464,-9.7756265,0.00772529702,0.214679766,0.799764477,-0.0734846443,-0.043120224,-0.21003601,-2.43559265,20.1792145,-46.1018372,2
22.3018157,-0.0375469273,-0.0113250629,0.0217599861,-0.998993669,0.0243314305,0.0745945779,-0.044464881,0.237922804,-0.73084467,-9.77648399,0.0517751406,0.175990189,0.84745854,-0.125938803,-0.0637693107,-0.166184396,-2.5267868,20.2769165,-46.0340271,2
22.3117737,-0.0367916342,-0.011050659,0.0223045562,-0.999012845,0.0237864743,0.0730827096,-0.0455153884,0.232621026,-0.71605875,-9.77770565,0.0877526273,0.183051359,0.784186384,-0.167696923,-0.0635558292,-0.12630713,-2.62917328,20.3804703,-45.9187317,2
22.3217307,-0.0358950217,-0.0108490636,0.0226391502,-0.999040182,0.0233640332,0.0712902819,-0.0461472493,0.228520111,-0.69852682,-9.7790705,0.111007137,0.154895159,0.575759322,-0.183762997,-0.0303696487,-0.0895893276,-2.57624054,20.4064865,-45.7635803,2
22.3316887,-0.0349984303,-0.0108803237,0.0227953164,-0.999068006,0.0233945602,0.0694914994,-0.0464384622,0.228847663,-0.680930446,-9.78030384,0.159012549,0.128769442,0.239110954,-0.16937083,0.0318419412,-0.0582336225,-2.6206665,20.4548264,-45.8933411,2
22.3416457,-0.0342997529,-0.0112793243,0.0228075489,-0.999087679,0.0241609615,0.0680749803,-0.0464715622,0.236366295,-0.667072016,-9.78108009,0.0901424999,0.0246795371,-0.20169337,-0.105630465,0.115447626,-0.0380830802,-2.58410645,20.4378586,-45.7515564,2
22.3516037,-0.034039223,-0.0120701763,0.0227130926,-0.999089371,0.0257260917,0.0675194403,-0.0463286341,0.251684166,-0.661636547,-9.78106723,-0.00672786522,-0.0944805108,-0.677254534,-0.000594019657,0.193894684,-0.0138906827,-2.56719208,20.5097885,-45.6903076,2
22.3615617,-0.0343412038,-0.0131755659,0.0224755422,-0.999070466,0.027938657,0.0680788847,-0.0459367584,0.273314398,-0.66711023,-9.78011504,-0.0478109862,-0.16592063,-0.945908393,0.110151939,0.244721904,0.00628116447,-2.37714386,20.5761795,-45.9022827,2
22.3715187,-0.0351021489,-0.014413078,0.022164922,-0.999033878,0.0304326477,0.0695536087,-0.0454242882,0.297674768,-0.681538056,-9.77840882,-0.104044184,-0.174536921,-0.904219708,0.17973128,0.255089343,0.0188230537,-2.27555847,20.4666977,-46.0515137,2
22.3814767,-0.0360906053,-0.0156618699,0.0217924391,-0.998988048,0.0329551656,0.0714864167,-0.0448006356,0.322296018,-0.700445367,-9.77629227,-0.211115753,-0.0722814654,-0.672004358,0.199920967,0.251676768,0.0206523798,-1.97885895,20.3558578,-46.296936,2
22.3914347,-0.0370485221,-0.0168355912,0.0214543475,-0.998941222,0.0353275875,0.0733619865,-0.0442441337,0.34544155,-0.718790148,-9.77416987,-0.306985161,0.0472183358,-0.356295902,0.171418428,0.223742411,0.0171989463,-1.98978424,20.3927689,-46.3798828,2
22.4013917,-0.037773985,-0.0178190087,0.0211328444,-0.998903784,0.0373083955,0.0747817013,-0.0437015559,0.364763177,-0.732674662,-9.77243676,-0.34740569,0.116169488,-0.0270306303,0.110585712,0.17378737,0.0120633077,-1.84275818,20.4817123,-46.3832092,2
22.4113497,-0.0381604783,-0.0185306381,0.0208665293,-0.998881812,0.0387324839,0.0755340801,-0.043237386,0.378658176,-0.740032112,-9.77135365,-0.296657244,0.213459138,0.130951023,0.0394548588,0.112865791,0.0080597559,-1.87812805,20.3653488,-46.42453,2
22.4213067,-0.0381991904,-0.0189421587,0.0205926732,-0.998878299,0.0395382884,0.0756045513,-0.0427212963,0.386529786,-0.740721263,-9.77099358,-0.253801706,0.293905059,0.181467159,-0.0223208927,0.0542645305,0.00582296681,-1.7420578,20.5735092,-46.3493958,2
22.4312647,-0.0380089278,-0.0191254469,0.0203670457,-0.998886651,0.0398798897,0.0752250908,-0.0422747267,0.389878731,-0.737010572,-9.77114088,-0.254307537,0.195174562,0.135077748,-0.0476269461,0.0184926242,0.000450263731,-1.79484558,20.3982925,-46.3887939,2
22.4412227,-0.037796122,-0.0191600842,0.0201559605,-0.998898364,0.0399238177,0.0748063387,-0.0418450699,0.390320227,-0.732915558,-9.77143139,-0.239635635,0.0059778323,-0.0489852724,-0.0301787145,-0.00901676342,0.000889419112,-1.71865845,20.4316788,-46.5422668,2
22.4511797,-0.0377346621,-0.0190571711,0.0201386208,-0.998903078,0.0397135077,0.0746883904,-0.0417999631,0.388268629,-0.73176215,-9.77159973,-0.174287367,-0.0601182225,-0.104033206,0.00495535787,-0.0268891342,0.00935425516,-1.71865845,20.4316788,-46.5422668,2
22.4611377,-0.0378039938,-0.0189556476,0.0198357535,-0.998908357,0.0394904372,0.0748433048,-0.0411883152,0.38608438,-0.733277085,-9.77157226,-0.0847147209,-0.012514979,0.0181932438,0.0224832185,-0.0139403129,0.0167679638,-1.57633209,20.5675278,-46.402771,2
22.4710947,-0.0379044603,-0.0189232428,0.0195042474,-0.99891172,0.0394050103,0.07505871,-0.0405257575,0.385243399,-0.735383555,-9.77144717,-0.0256647122,-0.0235766174,0.212297766,0.0146466633,-0.000949023874,0.0271415934,-1.67128754,20.4916763,-46.3843384,2
22.4810527,-0.037932645,-0.0189526902,0.0191716653,-0.998916483,0.039440218,0.0751270298,-0.0398626037,0.385585454,-0.736051664,-9.77138346,0.020231289,-0.0341313291,0.358280354,-0.0059198644,0.012240814,0.0380208716,-1.86382294,20.2695541,-46.4989624,2
22.4910107,-0.0378672904,-0.0190249291,0.0187951627,-0.998924789,0.0395538921,0.0750083131,-0.0391106665,0.386699662,-0.73489073,-9.77142671,0.0869029152,-0.0243687176,0.353834481,-0.022147553,0.0148325991,0.0473066531,-1.91602325,20.432579,-46.4788208,2
22.5009677,-0.0377554794,-0.0190980624,0.0183982743,-0.998935005,0.0396659966,0.0747975222,-0.0383159545,0.387801194,-0.732829341,-9.77153777,0.0974730802,-0.0422916931,0.233337631,-0.020181343,0.0181516968,0.0424554385,-1.85012054,20.3454208,-46.4118958,2
22.5109257,-0.0377274844,-0.0191941287,0.0180350961,-0.998940878,0.0398301702,0.0747523156,-0.0375940992,0.389406729,-0.732387296,-9.77150737,-0.00424001219,-0.111567035,0.0468587818,0.0103742545,0.0182278026,0.0297863353,-1.7556839,20.4015274,-46.3641968,2
22.5208837,-0.037907473,-0.0192331333,0.0177357842,-0.998938686,0.0398931445,0.0751228919,-0.0370048704,0.390011235,-0.736011186,-9.77121102,-0.0436006568,-0.187999264,-0.100680973,0.0615154691,-0.0058839242,0.0209164117,-1.7538681,20.4055405,-46.525177,2
22.5308407,-0.0383356651,-0.019139279,0.0174917593,-0.998928428,0.0397036437,0.0759927326,-0.0365269827,0.388134043,-0.744517075,-9.77064111,0.0139417604,-0.199395176,-0.0794037916,0.105774097,-0.0295320544,0.014989634,-1.78077698,20.2602768,-46.4649353,2
22.5407987,-0.0388887117,-0.0189402197,0.0172615867,-0.998914888,0.039308812,0.0771155589,-0.0360738426,0.384243136,-0.755496004,-9.76995255,0.0235188593,-0.227172387,0.0572743774,0.114047475,-0.0486751236,0.00596764404,-1.67069244,20.4014053,-46.4003601,2
22.5507557,-0.0393965813,-0.0186391406,0.0170860114,-0.998903711,0.0387114643,0.0781493683,-0.03571979,0.378376582,-0.765603629,-9.76939433,-0.015655469,-0.231429971,0.226555424,0.0869559422,-0.072763592,-0.000373208662,-1.72173309,20.3953476,-46.5110779,2
22.5607137,-0.03970194,-0.0182205099,0.0169485198,-0.998901575,0.0378732627,0.0787805043,-0.0354238405,0.370169383,-0.771773915,-9.76922306,-0.028098296,-0.155528488,0.373628145,0.0361753143,-0.0947676897,-0.00317831617,-1.79811096,20.3564835,-46.5014038,2
22.5706717,-0.039723978,-0.0177062157,0.0168351242,-0.998911878,0.0368341542,0.0788470054,-0.0351567787,0.360015982,-0.77242405,-9.76955156,0.0353260553,-0.15323234,0.392660763,-0.0207064729,-0.112157293,0.00183302118,-1.98384857,20.2932663,-46.4710693,2
22.5806287,-0.0394668794,-0.0171340888,0.0166897529,-0.998934472,0.0356660247,0.0783578862,-0.0348102171,0.348617075,-0.767642222,-9.77034184,0.101193087,-0.138112366,0.336439109,-0.078518644,-0.117825031,0.0107578067,-2.04934692,20.2051315,-46.4755249,2
22.5905867,-0.0389491086,-0.016617691,0.0164782187,-0.998967029,0.0345949864,0.0773471904,-0.0343262321,0.338179121,-0.757760734,-9.7714799,0.134076718,-0.0724269383,0.276525031,-0.124381863,-0.0898806155,0.0221920237,-2.0478363,20.1676407,-46.4689026,2
22.6005447,-0.0382557294,-0.0162996003,0.0161698631,-0.999004105,0.0339082251,0.0759812241,-0.0336580715,0.331503151,-0.744404555,-9.77273487,0.189235235,-0.0431364003,0.139365216,-0.14989467,-0.0388248898,0.0365187638,-2.00130463,20.391777,-46.3295898,2
22.6105017,-0.037526023,-0.016284032,0.0157819342,-0.99903823,0.0338215408,0.0745348694,-0.0328527678,0.33069209,-0.730260806,-9.77382968,0.249153186,-0.0686526074,-0.0376087229,-0.138428181,0.0324599445,0.0512831919,-2.05587006,20.4284134,-46.2572021,2
22.6204597,-0.036926977,-0.0166279368,0.0152924196,-0.999062489,0.0344535209,0.073341886,-0.031875278,0.336898653,-0.718593602,-9.77448259,0.241450247,-0.120422688,-0.253781284,-0.10307499,0.101955131,0.0669556335,-1.96282959,20.4004745,-46.4206238,2
22.6304167,-0.036557448,-0.0172590472,0.0146921194,-0.999074422,0.0356618478,0.072603848,-0.0307046378,0.348727988,-0.711375196,-9.7745954,0.208073097,-0.117016825,-0.424105118,-0.0522667617,0.14993462,0.0804557726,-1.75710297,20.4765091,-46.5062561,2
22.6403747,-0.0364139666,-0.0180482436,0.0140734985,-0.999074683,0.0371937937,0.0723155533,-0.029516789,0.36370932,-0.708555389,-9.77425463,0.166605872,-0.0789854931,-0.454971965,-0.0160139501,0.169798076,0.0893169045,-1.81873322,20.4552383,-46.4172363,2
22.6503327,-0.0363896536,-0.0188642579,0.0134285434,-0.999069311,0.0387816449,0.0722678216,-0.0282826022,0.37923024,-0.708088502,-9.77369816,0.118015043,-0.0149585727,-0.370084774,-0.00459527737,0.160730198,0.0963521376,-1.7668457,20.487236,-46.4701233,2
22.6602897,-0.0363414538,-0.0196203786,0.0127530513,-0.999065392,0.0402466352,0.0721771902,-0.0269818469,0.39355077,-0.707202001,-9.77319664,0.136764422,0.0814193692,-0.231274269,-0.0244629923,0.147572324,0.0993364751,-1.63032532,20.5650558,-46.6499634,2
22.6702477,-0.0361632473,-0.0202867899,0.0120759704,-0.999066933,0.0415281287,0.0718307983,-0.0256656728,0.406084892,-0.703813893,-9.77292835,0.170169045,0.208515252,-0.163008542,-0.0561179966,0.121590666,0.099873431,-1.59017944,20.6706009,-46.5477905,2
22.6802047,-0.0358151793,-0.0207997829,0.0114633211,-0.999076132,0.0425025455,0.0711473211,-0.0244596702,0.415627943,-0.697128424,-9.77300609,0.142968794,0.316302476,-0.178642749,-0.087654084,0.0866316184,0.0944504365,-1.71607971,20.4959335,-46.5530701,2
22.6901627,-0.0353433212,-0.0211017298,0.0108802701,-0.999093107,0.0430536472,0.0702210479,-0.0232919195,0.421041419,-0.688067458,-9.77341642,0.108076746,0.419619351,-0.266668238,-0.101577699,0.0357920155,0.0808771551,-1.54197693,20.5810165,-46.4165649,2
22.7001207,-0.0348457328,-0.0211257957,0.0103786024,-0.999115406,0.0430539666,0.0692466319,-0.0222663295,0.421073203,-0.678534929,-9.77408161,0.0321786607,0.459018318,-0.378829806,-0.0994093567,-0.0248122104,0.0603319295,-1.47058105,20.7863083,-46.4329529,2
22.7100777,-0.0343699395,-0.0208673076,0.00996662806,-0.999141534,0.0424957846,0.0683180465,-0.0214021166,0.415643981,-0.669450144,-9.77494027,-0.0604047843,0.399505733,-0.431989734,-0.0916867182,-0.0762647465,0.0373270102,-1.34873199,21.0045242,-46.2469788,2
22.7200357,-0.0339385166,-0.0204072309,0.00968826921,-0.999168496,0.0415445995,0.067476364,-0.0207944254,0.406369299,-0.661215034,-9.7758907,-0.139116977,0.338149201,-0.339760947,-0.0791152716,-0.109290868,0.0178630315,-1.44791412,21.0017166,-46.4589233,2
22.7299937,-0.0335998299,-0.0198042464,0.00956039819,-0.999193319,0.0403198656,0.0668164835,-0.0204833461,0.394413634,-0.654758405,-9.77681483,-0.229663107,0.237570593,-0.250101135,-0.0529672764,-0.133792847,-0.010108945,-1.55408478,20.8545761,-46.2154541,2
22.7399507,-0.0334005946,-0.0191035863,0.00955753642,-0.999213646,0.0389112107,0.0664323464,-0.0204226491,0.380650847,-0.65099971,-9.77761154,-0.291018324,0.114999567,-0.0968242975,-0.0209925678,-0.148309469,-0.0342070907,-1.59911346,20.940239,-46.1209717,2
22.7499087,-0.0333676938,-0.018377679,0.00965176899,-0.99922749,0.0374623209,0.0663778125,-0.0205617941,0.366485105,-0.650466042,-9.77818846,-0.274308743,0.110874596,0.0571311695,0.0104195233,-0.146257088,-0.0487232544,-1.64685059,20.8042831,-46.2234802,2
22.7598657,-0.0334687129,-0.0176670233,0.0097900004,-0.999235598,0.0360500417,0.0665895391,-0.020795202,0.352670223,-0.652537807,-9.77855846,-0.281443198,0.0694018914,0.207737326,0.0335349627,-0.146222472,-0.0617128201,-1.62277222,20.9894028,-46.1038818,2
22.7698237,-0.0336452204,-0.0169809103,0.00998947737,-0.999239632,0.0346928598,0.0669500184,-0.0211553855,0.339390433,-0.656065031,-9.77879227,-0.268462648,-0.0146089556,0.322892814,0.0411554873,-0.134498134,-0.0629587099,-1.76055908,20.7516251,-46.198822,2
22.7797817,-0.0338072576,-0.0163742172,0.010167151,-0.99924247,0.0334930997,0.0672810861,-0.0214762705,0.327650713,-0.659304378,-9.77897464,-0.130578427,-0.028877208,0.363626976,0.0270756185,-0.114024021,-0.0512083136,-1.83290863,20.7963638,-46.2930603,2
22.7897387,-0.0338781341,-0.0159153146,0.0102513693,-0.99924661,0.0325810355,0.0674300008,-0.0216164583,0.318728315,-0.660761445,-9.77917104,0.0257370468,0.0102885351,0.325665786,0.00372544676,-0.0728017762,-0.0283821858,-1.90732574,20.7185593,-46.144104,2
22.7996967,-0.0338355443,-0.0157357702,0.0101767824,-0.999251638,0.032215261,0.0673510748,-0.0214534714,0.315153014,-0.659989219,-9.77933938,0.0842293486,-0.00290361249,0.208218972,-0.0177305769,0.00226713996,0.00173363904,-1.89338684,20.9277878,-46.0673523,2
22.8096547,-0.0337480273,-0.0159567586,0.0100756058,-0.999252198,0.0326491385,0.0671745414,-0.0212627143,0.319399821,-0.658261883,-9.77931776,0.0892600728,-0.0806468504,-0.0174561617,-0.015368484,0.0843223706,0.0368642621,-1.89338684,20.9277878,-46.0673523,2
22.8196117,-0.0337585098,-0.0165236883,0.00965350743,-0.999246764,0.0337568429,0.067197701,-0.0204556924,0.330231669,-0.658488532,-9.77894308,0.10850531,-0.113789315,-0.254856805,0.0188773703,0.141668752,0.0694429725,-1.88181305,20.6924667,-46.1932068,2
22.8295697,-0.0339749751,-0.0173056023,0.00909153088,-0.999231494,0.0352903689,0.0676346147,-0.0193905486,0.345217386,-0.662763433,-9.77813644,0.103246111,-0.0752474756,-0.448247041,0.0612313561,0.176705599,0.0858518481,-1.79104614,20.8622665,-46.0761108,2
22.8395267,-0.0343841955,-0.0182445158,0.00846715302,-0.999206265,0.0371378478,0.0684583084,-0.0182191921,0.363261284,-0.670822382,-9.77693291,0.00813880973,-0.0303775295,-0.462767734,0.0930484086,0.202283934,0.0978062451,-1.70878601,20.7201309,-46.1830139,2
22.8494847,-0.0349037621,-0.019202659,0.00780417079,-0.999175592,0.0390225485,0.0695062046,-0.0169777719,0.381659586,-0.681074311,-9.77552362,-0.0292634674,0.00127257722,-0.416892118,0.107291661,0.185513705,0.10733097,-1.64215851,20.7492905,-46.1871948,2
22.8594427,-0.0354356982,-0.0199927167,0.00708898174,-0.999146791,0.0405658362,0.0705860722,-0.0156223144,0.396715518,-0.691638229,-9.77418215,-0.0128954662,0.0143801883,-0.305406842,0.0966896117,0.137439385,0.118055254,-1.50070953,20.6612473,-46.2736816,2
22.8693997,-0.0358527841,-0.020494709,0.0063296018,-0.99912688,0.0415253331,0.071444277,-0.0141543152,0.406068818,-0.700033133,-9.77320015,0.0314710604,0.0687139091,-0.123231827,0.061368987,0.0716016367,0.123935997,-1.34506989,20.7932053,-46.4698181,2
22.8793577,-0.036031568,-0.020657311,0.00556795267,-0.999121592,0.0417995063,0.0718315538,-0.012647706,0.408737014,-0.703821273,-9.77281729,0.0600771598,0.105272685,0.0266208804,0.00279728509,0.00175278215,0.12461856,-1.31156158,20.602623,-46.4708557,2
22.8893157,-0.0359113068,-0.0204774562,0.0048148703,-0.99913355,0.0413831276,0.0716244142,-0.0111208832,0.404673784,-0.701795174,-9.77313176,0.0566585105,0.132575483,0.118363929,-0.0536126308,-0.0669761002,0.12092033,-1.258255,20.7587051,-46.5221863,2
22.8992727,-0.0355474183,-0.0199904623,0.00413234578,-0.999159453,0.0403534969,0.070929322,-0.00970351405,0.394630455,-0.694995942,-9.77402842,0.0345297904,0.166627317,0.112975806,-0.0901738331,-0.120797254,0.114159629,-1.41950226,20.7221146,-46.5144043,2
22.9092307,-0.0350793661,-0.0192675671,0.0034958976,-0.999192623,0.0388542618,0.0700245857,-0.00835851974,0.380000713,-0.68614555,-9.77523312,-0.00620641689,0.210898347,0.0164677352,-0.0970874205,-0.162214994,0.104706332,-1.41454315,20.742775,-46.5129089,2
22.9191877,-0.034643468,-0.0183965473,0.00289577096,-0.999226123,0.037062382,0.0691819446,-0.0070786924,0.362505388,-0.677902038,-9.77647289,-0.0600881561,0.199662083,-0.0961672949,-0.0786002874,-0.179138049,0.100560859,-1.44013214,20.8151321,-46.4448547,2
22.9291457,-0.0343534922,-0.0174995869,0.00231965943,-0.999253799,0.0352226139,0.0686283879,-0.00585200983,0.344531486,-0.67248637,-9.77749697,-0.0705454354,0.151300349,-0.195250769,-0.039992068,-0.175277963,0.0971594304,-1.51738739,20.7603531,-46.3582153,2
22.9391037,-0.0342403281,-0.0166523452,0.00175751009,-0.999273298,0.0334854463,0.0684257411,-0.00466376001,0.327550394,-0.670503818,-9.77821652,-0.107733156,0.08482399,-0.204856218,-0.00921444502,-0.158627614,0.0941532552,-1.54475403,20.8514328,-46.1645203,2
22.9490607,-0.0342538028,-0.0159273199,0.00122142791,-0.99928552,0.0319959823,0.0684732446,-0.00354055724,0.312984694,-0.670968512,-9.77866192,-0.151376483,0.0441384169,-0.0779670368,0.00858980604,-0.128183961,0.0933470055,-1.67394257,20.7905807,-46.2685547,2
22.9590187,-0.0343074706,-0.0153562915,0.000678551434,-0.999293053,0.0308147713,0.0685993847,-0.00241549814,0.301431217,-0.672202657,-9.77894016,-0.15957517,0.0226276461,0.116989718,0.00833733846,-0.0945152119,0.0934367478,-1.69976044,20.7598648,-46.2772522,2
22.9689757,-0.0343102643,-0.0149577422,0.000140048074,-0.999299177,0.0299791671,0.0686220922,-0.00130939014,0.293259326,-0.672424776,-9.77917338,-0.147063789,0.0502335189,0.300379369,-0.0108844619,-0.0607712455,0.0888609961,-1.73733521,20.7548447,-46.3017578,2
22.9789337,-0.0342152794,-0.0147122636,-0.000359507603,-0.999306123,0.0294527232,0.068447088,-0.000288928679,0.288114566,-0.670712638,-9.77944343,-0.177981691,0.122591922,0.399410821,-0.0284088589,-0.033758536,0.07933034,-1.78733826,20.7397232,-46.11203,2
22.9888917,-0.0340609519,-0.0145924918,-0.000828199525,-0.99931291,0.0291803844,0.0681520142,0.000662731179,0.285457,-0.667825684,-9.77971932,-0.19776973,0.127934964,0.363773106,-0.0337248184,-0.010963561,0.0679418594,-1.68258667,20.8422623,-46.2571411,2
22.9988487,-0.0339143316,-0.0145605966,-0.0012567742,-0.999317857,0.0290871441,0.067871089,0.00152772596,0.284550571,-0.665077116,-9.77993267,-0.179206082,0.0752074359,0.224224935,-0.0253510401,0.000648621004,0.059832003,-1.65317535,20.8463211,-46.2650757,2
23.0088067,-0.0338402049,-0.0145525253,-0.00163653246,-0.99931992,0.0290451722,0.0677337934,0.00229117388,0.28414274,-0.663733812,-9.78003613,-0.128370378,0.0165529293,0.0553875407,-0.00398289738,-0.000831743237,0.0493613891,-1.68997192,20.8923569,-46.2869873,2
23.0187647,-0.0338737882,-0.0145449815,-0.00195237388,-0.999318361,0.0290085927,0.0678101471,0.00292342174,0.283783514,-0.664480904,-9.7799958,-0.127861515,-0.0114303986,-0.0356324544,0.0142344553,-0.000807508477,0.0354796648,-1.64933777,20.8172989,-46.1912842,2
23.0287217,-0.0339644162,-0.0145414341,-0.00216368684,-0.999314927,0.0289870049,0.06799761,0.00334436133,0.283568776,-0.666314988,-9.77987714,-0.106547874,-0.0245600754,-0.0430833549,0.0202479139,0.000704828184,0.02496255,-1.86050415,20.7830429,-46.0582275,2
23.0386797,-0.0340461336,-0.0145687968,-0.00232224532,-0.999311353,0.0290308905,0.0681658178,0.00365777273,0.283994709,-0.667960782,-9.77975264,-0.0590897745,0.00880889101,0.0161982706,0.0100613236,0.011266659,0.0161594711,-1.88832092,20.6931534,-45.9995422,2
23.0486367,-0.0340379666,-0.0146465419,-0.00247265162,-0.999310117,0.0291764124,0.0681541507,0.00395400443,0.285418111,-0.667846581,-9.77971874,0.00517773143,0.0613671266,0.0927788215,-0.0150608439,0.0214411579,0.0124549055,-1.78785706,20.84095,-46.0475159,2
23.0585947,-0.0338811182,-0.0147795788,-0.00260414907,-0.999313201,0.0294343496,0.067844709,0.00421292834,0.287946717,-0.66481905,-9.77985084,0.0716320616,0.115650871,0.138102064,-0.0471468717,0.0328064673,0.00891236775,-1.76918793,20.8848495,-46.0726929,2
23.0685527,-0.0335904751,-0.0149699403,-0.00273886957,-0.99931985,0.0298073341,0.0672679781,0.00447846223,0.291605805,-0.659176149,-9.7801244,0.115707387,0.110007896,0.0683446374,-0.0656343251,0.0440717153,0.00790824369,-1.70709991,20.890007,-46.0787659,2
23.0785097,-0.0332624319,-0.0151939923,-0.00287210815,-0.999327031,0.0302481625,0.0666166329,0.00474010392,0.295930062,-0.652802887,-9.78042192,0.117667891,0.0470716208,-0.0988023195,-0.0634188429,0.0471806899,0.00585068483,-1.65930176,20.8927689,-46.0114136,2
23.0884677,-0.0329976603,-0.0154161929,-0.00300923816,-0.999331979,0.0306849923,0.0660921228,0.00500801409,0.300212872,-0.647670566,-9.78063293,0.123560438,0.0190447461,-0.252269126,-0.0424264185,0.0412311107,0.00735761411,-1.62670135,20.9566574,-46.0423889,2
23.0984257,-0.0328560799,-0.0155792746,-0.00313945263,-0.999333722,0.0310035655,0.065813699,0.00526239098,0.303334292,-0.644946109,-9.78071652,0.0961977448,-0.00447933737,-0.349898895,-0.0152089149,0.0243330859,0.00350774871,-1.58240509,21.0311203,-45.8600769,2
23.1083827,-0.0328334849,-0.0156627896,-0.00326853645,-0.999332759,0.0311624565,0.0657729558,0.00551613841,0.304889175,-0.644547392,-9.78069431,0.0891062704,-0.05261245,-0.319245398,0.0045259879,0.00920378789,0.000531886471,-1.472229,21.0275345,-46.0776672,2
23.1183407,-0.0328636912,-0.0156706125,-0.00340623978,-0.999331199,0.0311689445,0.0658377327,0.00579051258,0.304951317,-0.645181233,-9.78065105,0.114482485,-0.0714314245,-0.211848853,0.0071840887,-0.00806494709,-0.0019493805,-1.33411407,21.0381241,-46.1852417,2
23.1282977,-0.0328742664,-0.0156015227,-0.00349843714,-0.999331495,0.0310243979,0.0658613458,0.00597941899,0.303537084,-0.645412339,-9.78067969,0.118889506,-0.101726463,-0.0521568882,-0.00442355964,-0.0193060618,-0.00197534543,-1.46981812,20.9857635,-46.0400085,2
23.1382557,-0.0328016512,-0.0155091573,-0.00359416882,-0.999334995,0.030833332,0.0657184561,0.00617948421,0.301671163,-0.644014089,-9.78082933,0.0869373106,-0.0618247341,0.0458557422,-0.0238435958,-0.0229141135,-0.00366591988,-1.45280457,21.0348206,-46.0525208,2
23.1482137,-0.0326349352,-0.0153866753,-0.00369472699,-0.999342025,0.0305820581,0.0653872074,0.00639401297,0.299219988,-0.640772623,-9.7811175,0.0543732856,-0.0514491783,0.0862467893,-0.0405286998,-0.0302567575,-0.00551901478,-1.38923645,21.0541534,-46.1358032,2
23.1581707,-0.0324241622,-0.0152363119,-0.00365387539,-0.999351355,0.0302844105,0.0649632878,0.00632835235,0.296316851,-0.636624198,-9.78147698,-0.00422463196,-0.0769957075,0.0849602567,-0.0424270034,-0.0332091376,-0.00847991742,-1.38923645,21.0541534,-46.1358032,2
23.1681287,-0.0322241806,-0.0150684215,-0.00375806258,-0.999360017,0.0299422074,0.0645652206,0.00655388245,0.292977149,-0.632728725,-9.78183003,-0.0369476104,-0.108723775,0.00495849919,-0.0360410064,-0.0385122038,-0.00571142696,-1.33377838,21.129776,-46.1578064,2
23.1780857,-0.0320754004,-0.0149088107,-0.0038771956,-0.999366767,0.0296154791,0.064270024,0.00680717531,0.289786645,-0.629839799,-9.78211177,-0.0255270025,-0.124780883,-0.0617979923,-0.0235254783,-0.0263356976,-9.10917297E-05,-1.38777924,21.063446,-46.1427917,2
23.1880437,-0.0319906938,-0.0148225328,-0.00397694833,-0.999370348,0.0294366508,0.0641028911,0.00701498767,0.288040423,-0.62820416,-9.78226842,-0.0231822477,-0.108310299,-0.0980032781,-0.00936519075,-0.0120785534,0.000408116961,-1.56671143,21.0475769,-46.0932007,2
23.1980017,-0.0319836845,-0.0147891134,-0.00409576262,-0.999370528,0.0293621094,0.0640921193,0.00725530833,0.287311433,-0.628098727,-9.78229648,-0.0212561751,-0.0808823397,-0.134486212,0.00502546597,-0.00376016973,0.000125555554,-1.46757507,21.1322632,-46.2560425,2
23.2079587,-0.0320329115,-0.0147737535,-0.00420910622,-0.999368748,0.0293237877,0.0641938297,0.00748188596,0.28693469,-0.629094168,-9.78224387,0.00201515748,-0.0375396032,-0.162072722,0.014422928,-0.00623009074,0.00115822023,-1.51963806,21.1914673,-46.2422485,2
23.2179167,-0.032108909,-0.0147456019,-0.00431630995,-0.99936624,0.0292600545,0.0643488121,0.00769622297,0.286308375,-0.630610856,-9.78216438,0.042445057,0.020989012,-0.193127201,0.014546765,-0.00950125139,0.00305838557,-1.58796692,21.1874237,-46.0447388,2
23.2278747,-0.032184013,-0.0147078979,-0.00443405121,-0.999363922,0.0291764785,0.064502232,0.00793232192,0.285487998,-0.632112274,-9.78209131,0.0277031227,0.0720205495,-0.188560916,0.01435256,-0.00799231417,0.00411621202,-1.54045868,21.1950378,-46.1082153,2
23.2378317,-0.0322627767,-0.0147015969,-0.00454092639,-0.999360973,0.0291564553,0.0646628906,0.00814453181,0.28528917,-0.633684491,-9.78199545,0.0268545065,0.0508478514,-0.167259185,0.016783759,0.00507128937,0.00394124258,-1.63343811,21.1014862,-46.0723572,2
23.2477897,-0.0323598685,-0.0147809097,-0.00465941133,-0.999356148,0.0293070419,0.0648612766,0.00837391207,0.286758512,-0.635625908,-9.78182652,0.0434912964,0.0291465995,-0.14168986,0.0208365675,0.0260220189,0.011392503,-1.65032196,21.1492157,-46.0783691,2
23.2577467,-0.0324914402,-0.0149649003,-0.00480409394,-0.999348406,0.0296653538,0.0651303607,0.00864790805,0.290258355,-0.638259179,-9.7815518,0.0456776823,0.0424039944,-0.0913876594,0.0299051646,0.0461664349,0.0143070659,-1.63508606,20.9829865,-46.0888367,2
23.2677047,-0.0326524106,-0.0152372834,-0.00497881321,-0.999338223,0.0301985164,0.0654600707,0.0089753117,0.295467102,-0.641485667,-9.78118472,0.01577873,0.0673280077,-0.0323480259,0.0348744951,0.0611145347,0.0112146707,-1.48913574,21.1341248,-46.0086365,2
23.2776627,-0.0328240742,-0.0155435946,-0.00511251406,-0.999327155,0.0308021833,0.065810405,0.00921782435,0.301364691,-0.644913888,-9.78077965,-0.0242362138,0.0755445589,0.0371270769,0.0327897705,0.0593568496,0.00851076283,-1.56802368,20.9265137,-46.0458679,2
23.2876197,-0.0329590736,-0.0157985692,-0.00525489246,-0.999317978,0.0313026291,0.0660873251,0.00948204542,0.306253796,-0.647623585,-9.78044881,-0.0663850826,0.0457829693,0.102636783,0.0202026907,0.0400153175,0.00524421781,-1.42279053,21.0505676,-46.1574402,2
23.2975786,-0.0330185518,-0.015930626,-0.00534863479,-0.999313469,0.0315605504,0.0662105466,0.00965922754,0.308773834,-0.648829381,-9.78028982,-0.0665109557,0.0432478248,0.143628134,0.00502480287,0.0126390867,-0.00199958007,-1.50619507,20.950058,-46.118866,2
23.3075366,-0.0329840173,-0.0159110569,-0.00540349413,-0.999314636,0.0315179715,0.0661429906,0.00977148237,0.308358787,-0.648168286,-9.78034651,-0.0693878994,0.0588971563,0.151615626,-0.0159709901,-0.0198822655,-0.00580965541,-1.5348587,20.9730072,-46.2505493,2
23.3174936,-0.0328480921,-0.0157371569,-0.00544280901,-0.999321606,0.0311680187,0.0658705492,0.00986591785,0.304941599,-0.645502355,-9.78063001,-0.0746496924,0.0598226005,0.119128484,-0.0355137959,-0.0507158116,-0.0105460873,-1.48130798,21.0962067,-46.065094,2
23.3274516,-0.0326302838,-0.0154576632,-0.00547911239,-0.999332984,0.0306074032,0.0654331082,0.00996362608,0.299467004,-0.641221828,-9.78108067,-0.0452330803,0.0307021584,0.0514940404,-0.0486826375,-0.059389919,-0.0105846804,-1.47399902,21.1434021,-45.9529419,2
23.3374086,-0.03237539,-0.0151909839,-0.005523075,-0.999345061,0.0300723216,0.0649217702,0.0100766859,0.294243095,-0.636217955,-9.78156583,-0.0410566349,-0.00527669829,-0.0144599025,-0.0509516522,-0.049405992,-0.00508258957,-1.52935028,21.0265198,-45.9891968,2
23.3473666,-0.0321626335,-0.0149958277,-0.0055733606,-0.99935464,0.0296798484,0.0644956127,0.0101962926,0.290412102,-0.632047465,-9.78195103,-0.0635618784,-0.0381774627,-0.137974638,-0.031914711,-0.0288030263,-0.00300299423,-1.6368866,20.9947662,-45.8628235,2
23.3573246,-0.032076842,-0.0149216087,-0.00563172454,-0.999358041,0.0295281133,0.064324919,0.0103204692,0.288931015,-0.630377047,-9.78210242,-0.0993405363,-0.0488262825,-0.21069676,-0.00256348215,-4.1418476E-05,0.000928630354,-1.65268707,21.0831757,-45.9835205,2
23.3672816,-0.0321209773,-0.0149771094,-0.00571976645,-0.999355308,0.0296332463,0.0644164092,0.0104919517,0.289957709,-0.631272389,-9.78201416,-0.117276298,-0.0316204423,-0.224850958,0.0205034874,0.0216961019,0.00324291759,-1.60618591,21.1050568,-45.9849243,2
23.3772396,-0.0322360882,-0.0151091175,-0.00582110997,-0.999349008,0.0298901499,0.0646511377,0.0106830446,0.292466313,-0.633569487,-9.78179087,-0.146719652,0.00419555199,-0.167912681,0.0257834718,0.0282863602,0.00372628146,-1.53461456,20.9667816,-46.201355,2
23.3871966,-0.0323507624,-0.0152465721,-0.00589791169,-0.999342883,0.0301595283,0.0648843716,0.0108245843,0.295096826,-0.635851972,-9.78156407,-0.161470829,0.0085728903,-0.101251466,0.0179341771,0.0256336108,-0.00013734051,-1.60655975,21.0301056,-46.0231934,2
23.3971546,-0.0324072483,-0.0153397215,-0.00598017015,-0.9993391,0.0303402832,0.065000892,0.0109816108,0.296862648,-0.636992228,-9.78143665,-0.141688855,0.00103423842,-0.0677104312,0.00606260262,0.0102085806,0.00279586529,-1.55646515,21.0255585,-46.1836243,2
23.4071126,-0.0324045531,-0.0153450882,-0.00606618248,-0.99933863,0.0303454609,0.0649981729,0.0111536227,0.296913337,-0.636965632,-9.78143665,-0.0791910073,0.00908800021,-0.036436172,-0.0070567634,-0.00628537871,0.00531925261,-1.59183502,21.0368042,-46.0765076,2
23.4170696,-0.0323455729,-0.0152830241,-0.00616536988,-0.999340859,0.0302152205,0.0648824696,0.0113580783,0.295641619,-0.63583334,-9.78154888,-0.035122934,-0.00536203849,-0.00744388627,-0.0158510543,-0.0164517295,0.00778400805,-1.57312775,21.026825,-46.3077393,2
23.4270276,-0.0322602817,-0.0151932518,-0.0062591619,-0.999344419,0.030030101,0.0647136181,0.0115542818,0.293834094,-0.63418097,-9.78171079,0.00813424315,-0.0415806953,-0.0370604414,-0.0181542858,-0.0152796293,0.00964802131,-1.64971161,21.0464172,-46.2736206,2
23.4369856,-0.0321734018,-0.0151234278,-0.00638617286,-0.999347414,0.0298828461,0.0645427758,0.0118157431,0.292396919,-0.632509018,-9.7818616,0.0402471086,-0.0350224327,-0.024338907,-0.016916981,-0.011568781,0.0129311662,-1.57817078,21.1000519,-46.0814209,2
23.4469426,-0.0320951503,-0.0150829331,-0.00653269105,-0.999349594,0.0297930498,0.0643901003,0.0121141064,0.291521415,-0.631014907,-9.78198435,0.0357356773,-0.048188423,-0.0240671043,-0.0141352182,-0.00234782207,0.0130136795,-1.54450226,21.1818848,-45.976593,2
23.4569006,-0.0320427584,-0.0150979517,-0.00667912956,-0.999350132,0.0298142447,0.0642898297,0.0124079691,0.291730619,-0.630033641,-9.78204163,0.00320469606,-0.0587464227,-0.00141454297,-0.00471215602,0.0093461182,0.00667775376,-1.45585632,21.2004395,-45.959259,2
23.4668576,-0.0320435277,-0.0151415924,-0.0067809254,-0.999348786,0.0298951075,0.0642949575,0.0126090254,0.292521532,-0.630083837,-9.78201474,-0.0251194811,-0.0187430597,-0.0297229381,0.00570465811,0.0077193277,0.00180956,-1.51713562,21.1432037,-46.165863,2
23.4768156,-0.0320668947,-0.0151364841,-0.00683764621,-0.999347702,0.0298809675,0.0643433394,0.0127222809,0.292382306,-0.630557299,-9.78198844,-0.0296190576,0.0546039891,-0.0263075767,0.00291100191,-0.00821489748,-0.00631414633,-1.57115173,21.1367493,-46.133606,2
23.4867736,-0.0320726808,-0.0150492982,-0.00684351371,-0.999348746,0.0297058658,0.0643539773,0.0127394857,0.290669255,-0.630661417,-9.78203286,-0.0829726082,0.0762558489,-0.0440706124,8.83131288E-05,-0.0292337164,-0.0233720932,-1.49111176,21.0608368,-46.2602844,2
23.4967306,-0.0320569168,-0.0148641138,-0.00674613944,-0.999352721,0.0293413328,0.0643172192,0.0125568426,0.287104037,-0.630301717,-9.78216087,-0.116367896,0.0123001672,-0.127140525,-0.00421775226,-0.0459730178,-0.0351078436,-1.63916779,21.0868225,-46.1150208,2
23.5066886,-0.032038537,-0.0146138552,-0.00656093323,-0.999358274,0.0288521152,0.0642719559,0.0122025299,0.282319214,-0.629858723,-9.78232863,-0.0824037588,-0.0236068664,-0.173509478,-0.00235513272,-0.0562165119,-0.0354488604,-1.63916779,21.0868225,-46.1150208,2
23.5166456,-0.032033546,-0.0143443131,-0.00644870014,-0.999363057,0.028319423,0.0642554962,0.0119952282,0.277108512,-0.629697614,-9.7824882,-0.0312542758,-0.0568378856,-0.17005846,0.0027256459,-0.0536806472,-0.0337194055,-1.60648346,21.0101624,-46.2291565,2
23.5266036,-0.0320621966,-0.0141342841,-0.00635140038,-0.999365759,0.0279046526,0.0643075823,0.0118130838,0.273050085,-0.63020739,-9.78256945,-0.0128306573,-0.0711423053,-0.0908189196,0.00839489326,-0.0320126675,-0.0299659017,-1.62900543,21.0703583,-46.1089172,2
23.5365616,-0.0321127779,-0.0140725633,-0.00629820064,-0.999365314,0.0277839318,0.0644065757,0.0117091329,0.271867378,-0.631176162,-9.78254023,-0.00341790042,-0.0490745582,-0.0315916546,0.0117480792,0.00385398697,-0.0228312928,-1.59897614,21.0080338,-46.0906982,2
23.5465186,-0.0321881303,-0.0141864159,-0.00626486415,-0.99936145,0.0280134174,0.0645577385,0.0116329538,0.274109659,-0.632655514,-9.78238182,-0.026010877,-0.0221568868,0.0352875865,0.0192147382,0.0388558991,-0.0124567952,-1.77089691,21.0353317,-45.9907837,2
23.5564766,-0.0322921894,-0.0144312052,-0.00629773169,-0.999354445,0.0285006543,0.0647697304,0.0116800579,0.278872124,-0.634730055,-9.78211294,-0.0517226067,-0.0281627761,0.0881400557,0.0242435858,0.0540974364,-0.00736003648,-1.64079285,21.1135941,-46.1155396,2
23.5664346,-0.0323854273,-0.0146993503,-0.00634693706,-0.999347199,0.0290337212,0.0649608423,0.0117585698,0.284083082,-0.636600306,-9.78184114,-0.0789303106,-0.0536761337,0.125876789,0.0151848439,0.0518862121,-0.00751396734,-1.60351562,21.1409531,-46.2578735,2
23.5763916,-0.0324264725,-0.014892948,-0.00637226582,-0.999342825,0.0294195106,0.0650459872,0.0117955222,0.287855202,-0.637433542,-9.78167689,-0.0409535216,-0.0594270254,0.180180042,0.00095983455,0.0252178498,-0.00718400162,-1.68533325,20.9818039,-46.2711487,2
23.5863496,-0.0323855672,-0.0149286216,-0.00641228943,-0.999343404,0.0294887799,0.0649657481,0.0118745427,0.288534271,-0.63664831,-9.78170787,0.00535359946,-0.0557231293,0.227197229,-0.0172337666,-0.00979915354,-0.0101313433,-1.57022095,21.131218,-46.0263367,2
23.5963066,-0.0322420296,-0.0148048969,-0.00639303851,-0.999349947,0.0292435984,0.0646765192,0.0118481342,0.286141348,-0.633817909,-9.78196213,-0.00302736673,-0.0269799961,0.24840076,-0.0406629294,-0.0367767103,-0.0202090107,-1.64228058,21.0741806,-46.1776733,2
23.6062646,-0.0320121633,-0.0146014164,-0.00634362981,-0.999360715,0.0288414476,0.0642127677,0.0117688289,0.282215936,-0.629279461,-9.78236896,-0.00239398246,-0.0128137427,0.160072489,-0.0503702536,-0.0421611108,-0.0198240094,-1.70160675,21.2661362,-45.9157104,2
23.6162226,-0.0317650185,-0.0144041117,-0.00631739151,-0.999371623,0.0284503364,0.0637152103,0.0117358322,0.278398807,-0.624410102,-9.7827904,0.0276097271,-0.0103508598,0.00217734404,-0.0474988334,-0.0380001888,-0.0147112738,-1.66236115,21.1050949,-45.9726257,2
23.6261796,-0.0315593458,-0.0142352982,-0.00635569325,-0.999380317,0.0281117923,0.0633027982,0.0118289642,0.275094085,-0.620373832,-9.78314053,0.0451299853,-0.0136387954,-0.112393623,-0.0361575224,-0.0289720055,-0.00923458952,-1.51039124,21.2491837,-45.8655396,2
23.6361376,-0.0314254875,-0.0141296035,-0.00635801845,-0.999386019,0.0279012726,0.0630337916,0.0118439683,0.27303918,-0.617741072,-9.78336499,0.0163595621,-0.0135782243,-0.1652911,-0.0183737297,-0.0114814295,-0.00857226178,-1.7820282,21.1215439,-45.8721619,2
23.6460946,-0.0313766368,-0.0141137656,-0.00637369189,-0.999387645,0.0278690524,0.0629362999,0.0118776874,0.272725639,-0.616786913,-9.78343396,-0.0210355546,-0.00854687907,-0.148013802,-0.00387757178,0.00495606149,-0.0107930945,-1.70600128,21.2228928,-45.8775635,2
23.6560526,-0.0313935981,-0.0141533422,-0.00636131414,-0.999386577,0.027948937,0.0629703563,0.0118499384,0.273506597,-0.617120237,-9.78339129,-0.0301962364,0.013932883,-0.13758184,0.00686828326,0.00900886022,-0.0114967013,-1.81659698,21.1702347,-45.7514038,2
23.6660106,-0.0314383465,-0.014194459,-0.00636319432,-0.999384578,0.0280307289,0.0630604277,0.0118498861,0.274305236,-0.618001769,-9.78331296,-0.0197720557,0.0683846041,-0.068826868,0.00694235973,0.00636133878,-0.00957605243,-1.73805237,21.1935806,-45.756134,2
23.6759676,-0.0314574315,-0.0142444507,-0.00635684263,-0.999383275,0.0281310776,0.0630990242,0.011833482,0.27528632,-0.618379516,-9.78326153,-0.0218005841,0.0725032915,0.00130173025,-0.000634067226,0.0123920664,-0.00969749317,-1.80992126,21.0811386,-45.7463684,2
23.6859256,-0.0314322864,-0.0142893363,-0.00635077142,-0.999383472,0.0282216277,0.0630490754,0.0118191775,0.276173058,-0.617890637,-9.78326737,-0.0181982123,0.0805438285,0.0381190105,-0.0111051705,0.00232990319,-0.0156638622,-1.75744629,21.2503433,-45.6899109,2
23.6958836,-0.0313587523,-0.0142735154,-0.00628591238,-0.999386513,0.0281947653,0.0628999404,0.0116923008,0.275912854,-0.616431013,-9.78336674,-0.0333506453,0.0965918039,0.0467471381,-0.0178893059,-0.010423176,-0.0194562022,-1.91029358,21.1640091,-45.655304,2
23.7058406,-0.0312438202,-0.0141884674,-0.00621644426,-0.999391797,0.0280299089,0.0626670481,0.0115616749,0.274304012,-0.61415167,-9.78355554,-0.0476034079,0.0965569518,0.0252384862,-0.028718872,-0.0269917063,-0.0257144533,-1.79995728,21.2070236,-45.8678284,2
23.7157986,-0.0310791136,-0.0140247916,-0.00609900447,-0.999399883,0.027711002,0.0623323553,0.0113412002,0.271189643,-0.610875826,-9.78384722,-0.0230908614,0.0748756832,-0.0052951838,-0.0391328931,-0.0400702283,-0.0265309792,-1.93251038,21.1066513,-45.801239,2
23.7257556,-0.0308691355,-0.0138203121,-0.0060052413,-0.999409804,0.0273092604,0.0619073579,0.011171785,0.267266095,-0.606716076,-9.7842143,-0.0416129718,0.0457264533,-0.00522737926,-0.0464344434,-0.0405544601,-0.022827344,-1.86606598,21.0856552,-46.0202332,2
23.7357136,-0.0306477427,-0.0136620851,-0.00594478113,-0.999419153,0.0269981604,0.0614610054,0.0110663523,0.264229504,-0.602347177,-9.78456676,-0.00371080068,0.0222039773,-0.0654781421,-0.0418287739,-0.0217168592,-0.017173985,-1.84851837,21.1388321,-45.907196,2
23.7456716,-0.0304639739,-0.013615989,-0.00592876972,-0.999425498,0.0269085459,0.0610923919,0.0110419564,0.263358621,-0.598739106,-9.78481168,-0.000595353811,-0.0191128063,-0.10189444,-0.0301247146,0.00211861357,-0.00831990689,-1.85132599,21.0830765,-45.8063354,2
23.7556286,-0.0303371171,-0.0136730711,-0.00593051378,-0.999428496,0.0270239655,0.0608392602,0.0110453053,0.264492063,-0.596261354,-9.78493209,0.0126363951,-0.00138944506,-0.103868371,-0.0190869793,0.0216030981,-0.000729365274,-1.93647766,21.0031967,-45.8038635,2
23.7655866,-0.0302711132,-0.0138197804,-0.00598826682,-0.999428223,0.0273149271,0.0607104098,0.011153785,0.267341188,-0.595000066,-9.7849315,0.0235539489,0.0227876589,-0.1001286,-0.00750359148,0.0347055681,0.000668819062,-1.81233978,21.1779099,-45.7753601,2
23.7755436,-0.0302432137,-0.0139919449,-0.00604780203,-0.999426338,0.0276564095,0.0606581606,0.011263295,0.270683411,-0.594488645,-9.78487071,-0.0037303091,0.0351450362,-0.11769699,-0.00237141293,0.0315401331,-0.00652171578,-1.69632721,21.2334824,-45.9427795,2
23.7855016,-0.0302372156,-0.0141234303,-0.00608172281,-0.999424411,0.0279177615,0.0606485857,0.0113233984,0.273240858,-0.594394903,-9.78480525,-0.0436971577,0.00168218093,-0.124944477,0.00209430093,0.0190950502,-0.00956511125,-1.69020844,21.2508011,-45.7486572,2
23.7954596,-0.0302359683,-0.0141858266,-0.00610789593,-0.99942344,0.0280411606,0.0606475334,0.0113720565,0.274448316,-0.594384601,-9.78477251,-0.0636092977,-0.0563875481,-0.110912444,-0.000992302783,0.00399705721,-0.011842913,-1.65274048,21.1845779,-45.9273682,2
23.8054166,-0.0302238334,-0.0141424277,-0.00609474954,-0.999424543,0.0279551524,0.0606223961,0.0113486982,0.273607153,-0.594138553,-9.78481109,-0.074290248,-0.102123427,-0.100398649,-0.00184722315,-0.0241453797,-0.0161024835,-1.72158051,21.1744156,-45.7718506,2
23.8153746,-0.0301890557,-0.0139648824,-0.00605424256,-0.999428269,0.0276023345,0.0605496767,0.0112792979,0.270156081,-0.593426715,-9.78494962,-0.0804159826,-0.0935577334,-0.0451928944,-0.0106010335,-0.0483796112,-0.0207512975,-1.74443054,21.1830063,-45.8858032,2
23.8253326,-0.0301280687,-0.0137169762,-0.00597517263,-0.999434013,0.0271111744,0.0604227153,0.0111376043,0.265352096,-0.592183949,-9.78515655,-0.0824953279,-0.0819317026,0.0154670337,-0.0136754354,-0.0502700284,-0.0237907432,-1.84204865,21.1251907,-45.8074951,2
23.8352896,-0.0300621883,-0.0134933069,-0.00589671756,-0.9994395,0.0266685545,0.0602863204,0.0109957451,0.261023127,-0.590848791,-9.78535353,-0.107644967,-0.113194308,0.0135696757,-0.0110857785,-0.0424557775,-0.0268951897,-1.80272675,21.2166824,-45.8374939,2
23.8452476,-0.0300069169,-0.0133140022,-0.00579031596,-0.999444273,0.0263163649,0.0601709691,0.0107949171,0.257578594,-0.589719641,-9.7855131,-0.0857950087,-0.102651798,0.00744388627,-0.00978970341,-0.0305069163,-0.0233402234,-1.93351746,21.1415024,-45.8589478,2
23.8552046,-0.0299550092,-0.0132072908,-0.00571693543,-0.999447524,0.0261075267,0.0600640389,0.0106557217,0.255536658,-0.588672908,-9.78563001,-0.0289856916,-0.06898257,0.013097382,-0.00927544758,-0.0148784211,-0.018491406,-1.92886353,21.071785,-45.6774597,2
23.8651626,-0.0299024588,-0.0131772817,-0.00565046819,-0.999449965,0.0260518952,0.0599568543,0.0105257617,0.254993912,-0.587623655,-9.78570717,-0.00928933147,-0.074670589,0.00808627582,-0.0114779165,0.00201390311,-0.0076862718,-1.92886353,21.071785,-45.6774597,2
23.8751206,-0.0298326081,-0.0132170901,-0.00567043504,-0.999451357,0.0261310551,0.0598180418,0.0105651401,0.255770668,-0.586264824,-9.78576796,-0.0289204261,-0.0649562371,-0.00187806883,-0.0174021199,0.0153656602,0.00392910512,-1.99336243,21.2252731,-45.740387,2
23.8850776,-0.0297506646,-0.0133124103,-0.00573710679,-0.999452239,0.0263187234,0.0596568657,0.0106950518,0.257609629,-0.584687054,-9.78581413,-0.067570219,-0.0574061505,-0.0127554367,-0.0177549366,0.0249731168,0.00916379411,-1.98480225,21.1435928,-45.6917419,2
23.8950356,-0.0296949064,-0.0134267245,-0.00583043106,-0.999451776,0.0265426172,0.0595490091,0.0108765517,0.25980228,-0.583631224,-9.78581939,-0.118544747,-0.0423011185,-0.0645247869,-0.00801495742,0.0236788206,0.00952731539,-1.88745117,21.1089706,-45.7592163,2
23.9049936,-0.0296822093,-0.0135259222,-0.00591387928,-0.999450355,0.0267364369,0.0595269195,0.0110380734,0.261699291,-0.583414988,-9.78578198,-0.14393488,-0.0392252913,-0.0539379264,-0.00030119624,0.0198117048,0.00937063247,-1.89431763,21.0800705,-45.6020508,2
23.9149506,-0.0297128687,-0.0136104792,-0.00598118714,-0.999447851,0.0269014814,0.0595910017,0.0111670098,0.263313375,-0.584042289,-9.78570132,-0.121756567,-0.0529632362,-0.016609774,0.00828057341,0.0176654607,0.00950698648,-1.96346283,21.0555496,-45.6513367,2
23.9249086,-0.0297689163,-0.013675877,-0.00603806796,-0.999444938,0.027028524,0.0597054032,0.0112755305,0.264554772,-0.585162197,-9.78560078,-0.0858878381,-0.0507958655,0.0154623575,0.00972408615,0.0137134511,0.00993863959,-1.99203491,21.0068588,-45.6589355,2
23.9348656,-0.0297961724,-0.013754215,-0.00613221852,-0.999442512,0.0271795249,0.0597633798,0.0114586613,0.266031475,-0.585729731,-9.78552655,-0.0706051297,-0.0120707058,0.0412754287,-0.000392463524,0.0186642669,0.0128031354,-1.89242554,21.2185135,-45.4742737,2
23.9448236,-0.0297787308,-0.0138595373,-0.00622678022,-0.999441069,0.0273849864,0.0597322876,0.0116421866,0.268042522,-0.585425378,-9.78548972,-0.0434368628,0.0405966527,0.0773018509,-0.0104482984,0.0250296667,0.0160776246,-1.99554443,21.2803345,-45.4546814,2
23.9547816,-0.0297113799,-0.0140205549,-0.00633827921,-0.99944006,0.0277014966,0.0596025019,0.0118576533,0.271141822,-0.584154883,-9.78548037,-0.0459375936,0.0188257696,0.0285100552,-0.0200806856,0.0432305075,0.0189365279,-1.95319366,21.2114105,-45.4920044,2
23.9647386,-0.0295950281,-0.0142518553,-0.00649163245,-0.999439239,0.0281568208,0.0593767839,0.012154134,0.275601066,-0.581945244,-9.78548738,-0.048152274,0.0407078214,-0.0712906278,-0.027298037,0.0525202677,0.0168624111,-1.79393768,21.3336792,-45.5974731,2
23.9746966,-0.0294644514,-0.0144917579,-0.00656862512,-0.999439101,0.0286341102,0.0591206657,0.0122976931,0.280275798,-0.579437974,-9.78550375,-0.0852983478,0.0747121266,-0.117363228,-0.0223370995,0.0460461229,0.008789571,-1.98474884,21.1692657,-45.4781799,2
23.9846536,-0.0293990558,-0.0146809139,-0.00660763811,-0.999438021,0.029011341,0.058993293,0.0123664669,0.283969301,-0.578191079,-9.78547102,-0.0889918685,0.0827427267,-0.195207515,-0.00342881843,0.0327604339,-0.00250879768,-1.88626099,21.2218475,-45.5913086,2
23.9946116,-0.0294125376,-0.0148012554,-0.00659108659,-0.999435954,0.0292531943,0.0590212688,0.0123258268,0.286335482,-0.578464928,-9.78538568,-0.0719051429,0.0270521114,-0.160427293,0.0073274225,0.0178770944,-0.00591231743,-1.90613556,21.1591187,-45.7468567,2
24.0045696,-0.0294437095,-0.0148703644,-0.00656078924,-0.999434315,0.0293930705,0.0590835994,0.0122601782,0.287703154,-0.579075132,-9.78530969,-0.0571119533,0.00282247354,-0.0674286916,0.00152069633,0.0124376081,-0.0106144194,-1.87471771,21.0706024,-45.6959229,2
24.0145266,-0.0294018805,-0.0149201512,-0.00647933977,-0.999435334,0.0294980364,0.0589981225,0.0120953401,0.28873173,-0.578238352,-9.78532898,-0.0636771571,-0.00205444831,0.0621767624,-0.0188189298,0.00832941569,-0.0176630076,-1.96265411,21.0232849,-45.8368225,2
24.0244846,-0.0292555011,-0.0149031901,-0.00636929081,-0.999440504,0.0294720534,0.0587018187,0.011880196,0.288482522,-0.575337626,-9.78550726,-0.0762967655,-0.00465593605,0.0970709657,-0.0377335027,-0.0161986519,-0.0232259538,-1.94311523,21.0483093,-45.7939758,2
24.0344426,-0.0290639022,-0.0147780053,-0.00624603199,-0.999448768,0.02923049,0.0583134133,0.0116462234,0.2861252,-0.571535202,-9.78579894,-0.0772314708,-0.00546564499,0.0556137507,-0.0395130292,-0.0312361903,-0.0278566573,-1.86753082,21.1042786,-45.8054504,2
24.0443996,-0.0288809118,-0.0145974912,-0.0061124537,-0.999457503,0.0288785468,0.0579413556,0.0113944653,0.282687262,-0.567892717,-9.78611107,-0.0740927892,-0.035593949,0.000410334367,-0.0323538631,-0.039349325,-0.031014787,-1.89229584,21.270874,-45.7286377,2
24.0543576,-0.0287459956,-0.0143941349,-0.00595100046,-0.999465349,0.0284819285,0.0576645245,0.0110867445,0.278810347,-0.565182472,-9.78637937,-0.0437300371,-0.076012907,-0.0591764116,-0.0201342162,-0.0386840664,-0.0309902858,-1.93982697,21.1441345,-45.9447021,2
24.0643146,-0.0286717507,-0.0142342842,-0.00579595428,-0.999470691,0.0281714333,0.0575098473,0.0107875725,0.275774176,-0.563668121,-9.78655238,0.00748942417,-0.103713801,-0.0994049616,-0.00728503615,-0.0252041351,-0.028146008,-2.04541016,21.2072144,-45.753418,2
24.0742726,-0.0286596126,-0.014139842,-0.00563103018,-0.999473343,0.0279919024,0.0574799279,0.0104631149,0.274017651,-0.563375203,-9.78661902,0.0128372515,-0.0992183165,-0.0908095672,0.00271433475,-0.00926485099,-0.023900928,-2.17764282,21.1394348,-45.5428162,2
24.0842306,-0.0286930865,-0.0141452178,-0.00547248816,-0.999473154,0.0280115049,0.0575425084,0.010144434,0.274208498,-0.563987891,-9.7865781,-0.00994885482,-0.120452755,-0.0693026688,0.012141116,0.0127207004,-0.0235451329,-2.21979523,21.2567444,-45.4590149,2
24.0941876,-0.0287662444,-0.0142444059,-0.00532868014,-0.999470477,0.0282178291,0.0576858196,0.00984874185,0.276225427,-0.565390963,-9.78644074,-0.114168286,-0.100344946,-0.0556733719,0.0190773197,0.028092999,-0.0233283509,-2.13492584,21.1334229,-45.6243286,2
24.1041456,-0.0288430332,-0.0143888334,-0.00522781587,-0.999466724,0.0285122816,0.0578379898,0.009636283,0.279104599,-0.566880727,-9.7862724,-0.167176055,-0.054562415,-0.0330962139,0.0119152954,0.0290863533,-0.0208240449,-1.99058533,21.1790619,-45.6486511,2
24.1141026,-0.028873648,-0.0145131419,-0.00514823702,-0.999464476,0.0287656034,0.0578981473,0.00946887291,0.28158268,-0.567469706,-9.78616718,-0.126109593,-0.0370644234,-0.0219786076,-0.000575995073,0.0176020041,-0.0146327261,-1.98154449,21.2014313,-45.6212769,2
24.1240606,-0.0288284843,-0.0145523254,-0.00509496901,-0.999465389,0.0288475099,0.0578066209,0.00936122029,0.282385722,-0.566573634,-9.78619641,-0.0956383756,-0.0198543454,-0.00384381595,-0.0179778375,0.000638570869,-0.00964198448,-1.96522522,21.0979462,-45.736084,2
24.1340186,-0.0287111682,-0.014527774,-0.00502710723,-0.99946954,0.0288031604,0.0575697366,0.00923008451,0.281955568,-0.56425447,-9.78634254,-0.0907190759,0.00895103943,-0.0376654215,-0.0280038398,-0.00841591042,-0.005772145,-2.12211609,21.0050354,-45.6457825,2
24.1439756,-0.0285845283,-0.0144777729,-0.00500863119,-0.999473997,0.0287050477,0.0573153886,0.00919954858,0.28099951,-0.561764261,-9.78651322,-0.0842264442,0.00197173846,-0.112014268,-0.023258917,-0.00985089876,0.000228616176,-2.01916504,21.0583649,-45.6053162,2
24.1539336,-0.0285034274,-0.014434511,-0.00501826317,-0.999476789,0.0286184698,0.0571530101,0.00922359982,0.280154821,-0.560174471,-9.78662896,-0.0675201876,-0.0172752157,-0.167114808,-0.00948291831,-0.00704579055,0.0015809692,-2.00001526,21.1848755,-45.5039062,2
24.1638916,-0.0284981142,-0.0143996471,-0.00502680194,-0.999477381,0.0285482015,0.0571423015,0.00924284144,0.279467313,-0.560069659,-9.78665468,-0.0726685102,-0.00331420258,-0.184896549,0.0049393056,-0.0064729955,0.00420558359,-2.0397644,21.2190094,-45.5317078,2
24.1738486,-0.0285509502,-0.0143700557,-0.00506039751,-0.999476197,0.0284866137,0.0572486927,0.00931032323,0.278862863,-0.561111277,-9.78661201,-0.0650311107,0.0207716429,-0.152167999,0.0138241444,-0.00235947734,0.00701761525,-1.99806213,21.2343292,-45.6910706,2
24.1838066,-0.0286205372,-0.0143312712,-0.00509539717,-0.99947457,0.0284063947,0.0573885411,0.00938068293,0.278075567,-0.562480483,-9.78655589,-0.0618495946,0.0212430233,-0.0938654477,0.00957426429,-0.00922927354,0.00768606644,-2.01873016,21.2569427,-45.5307312,2
24.1937636,-0.0286403045,-0.0142590351,-0.00516227119,-0.999474761,0.0282577336,0.0574293039,0.00951818857,0.276620034,-0.562879565,-9.78657401,-0.0388462653,0.0440877827,-0.0224701905,-0.0027782761,-0.01555508,0.0111407191,-1.95847321,21.3291168,-45.6526489,2
24.2037216,-0.0285869509,-0.0141646199,-0.00526273202,-0.999477064,0.0280633085,0.0573244831,0.00972624272,0.274718931,-0.561853291,-9.78668682,-0.0523578176,0.0474009989,0.0110112234,-0.0184802506,-0.0186883882,0.0175966267,-1.8903656,21.3259583,-45.7697449,2
24.2136796,-0.028482877,-0.0140707851,-0.00535274123,-0.999480905,0.0278710931,0.0571178703,0.0099147033,0.272840991,-0.559830443,-9.78685517,-0.0208516311,0.0148520802,0.0120779758,-0.0242433306,-0.0144262649,0.0179721322,-1.8903656,21.3259583,-45.7697449,2
24.2236366,-0.0283753396,-0.0140125519,-0.00546408685,-0.99948409,0.0277490264,0.0569052395,0.0101439072,0.271649644,-0.557748632,-9.78700714,-0.0180142705,0.00439056311,-0.0429863243,-0.018052116,-0.00611154735,0.0159929134,-1.93109131,21.2309418,-45.6919556,2
24.2335946,-0.0283156892,-0.0139809478,-0.00557856589,-0.999485649,0.0276797414,0.056788756,0.0103765462,0.270973352,-0.556608156,-9.78709073,-0.0676162136,-0.000191577049,-0.0901882204,-0.00435654353,-0.00752462028,0.00754669681,-1.79708862,21.3336334,-45.7755432,2
24.2435516,-0.0283343659,-0.0139136792,-0.00563583954,-0.999485749,0.0275416067,0.0568270007,0.0104945449,0.269620823,-0.556982616,-9.78710651,-0.0806288947,-0.0114888873,-0.149877842,0.0117302062,-0.0183360223,-0.00385411526,-1.81033325,21.3739471,-45.6146545,2
24.2535096,-0.0284056005,-0.0137966306,-0.00563386867,-0.999485389,0.0273066807,0.056968231,0.0104953541,0.267319414,-0.558365375,-9.78709131,-0.071294555,0.00366056833,-0.166802089,0.0166525263,-0.0294624418,-0.0106070926,-1.86114502,21.3329315,-45.5031433,2
24.2634676,-0.0284839235,-0.013638661,-0.00563681711,-0.999485254,0.0269894572,0.0571233415,0.010508199,0.26421237,-0.559884,-9.78708897,-0.0461907646,-0.0299856076,-0.101562432,0.0150370477,-0.0323467329,-0.0113065727,-1.78047943,21.4627075,-45.6725464,2
24.2734246,-0.0285261674,-0.0134898302,-0.00562149906,-0.999486138,0.026691904,0.05720588,0.0104849376,0.261298948,-0.560692101,-9.78712054,-0.0543505075,-0.0731709981,-0.0181827224,0.00413353322,-0.0292779729,-0.0142136794,-1.85733032,21.3975983,-45.6261597,2
24.2833826,-0.0285249059,-0.0133435948,-0.00556368878,-0.999488486,0.0264023746,0.0572002961,0.0103775946,0.25846535,-0.560637448,-9.78719887,-0.0836889946,-0.093426764,0.0348673152,-0.00565987919,-0.0293633435,-0.0139872208,-2.02674103,21.2694092,-45.6682434,2
24.2933406,-0.0284784877,-0.0132162587,-0.00551912954,-0.99949171,0.0261503307,0.0571049406,0.0102968563,0.255999947,-0.559703857,-9.78731752,-0.0638656471,-0.0645824354,0.0928957258,-0.0135359112,-0.0206303056,-0.0114058191,-2.02236176,21.2891846,-45.6053162,2
24.3032967,-0.0283918618,-0.0131355788,-0.0055118727,-0.999495292,0.0259899413,0.0569306156,0.0102891453,0.254432679,-0.55799709,-9.78745547,-0.0364110558,0.00793104873,0.0596644874,-0.0190693028,-0.0130880997,-0.00919319969,-1.90161896,21.1687317,-45.7826843,2
24.3132547,-0.0282863031,-0.0131162165,-0.00552251196,-0.999498559,0.0259514974,0.0567195145,0.0103142361,0.254059462,-0.555930221,-9.7875829,-0.0539943693,-0.0168807364,0.0551531474,-0.0205577444,0.00551674422,-0.00678090844,-1.90602875,21.3169861,-45.6539307,2
24.3232117,-0.0282101406,-0.0131699817,-0.00551733608,-0.9995,0.0260601323,0.0565675609,0.0103027622,0.255124936,-0.554442466,-9.78763959,-0.0746623509,-0.0411134431,-0.0299339505,-0.00952617638,0.0149014425,-0.00409575412,-2.02572632,21.3031006,-45.906189,2
24.3331697,-0.0282165592,-0.0132786103,-0.0055375826,-0.999498328,0.0262764645,0.0565820569,0.0103369822,0.257242111,-0.554584396,-9.78757588,-0.0646588981,-0.0474058943,-0.0888046571,0.0135378642,0.0308077037,-0.00129117933,-1.97283173,21.358139,-45.6369019,2
24.3431277,-0.0283480785,-0.0134682424,-0.0055903421,-0.999491706,0.0266520471,0.056848538,0.0104284388,0.260914187,-0.557193482,-9.78733097,-0.0750646664,-0.0643993339,-0.140226217,0.0380412936,0.0459993407,0.00155948917,-1.90920258,21.4780579,-45.5288696,2
24.3530847,-0.0285814908,-0.0137114881,-0.00563429922,-0.999481511,0.0271345715,0.0573192344,0.0104963969,0.265629634,-0.561801926,-9.78694051,-0.0874116136,-0.0315094196,-0.116973936,0.0529885516,0.0509679988,0.0012705361,-1.93556213,21.3562469,-45.4781189,2
24.3630427,-0.028852181,-0.0139430913,-0.00565418916,-0.999470482,0.027594825,0.057863765,0.010515606,0.270125594,-0.567133094,-9.78650971,-0.0833782299,0.0128771634,-0.058746788,0.0492149852,0.0412389822,-0.00192545634,-1.96798706,21.1993942,-45.7276611,2
24.3729997,-0.0290482859,-0.0140793355,-0.0056304306,-0.999462991,0.0278673169,0.0582568659,0.010454779,0.2727861,-0.570981586,-9.78621219,-0.0888818506,0.0361785805,-0.00352875865,0.0265911669,0.0119503345,-0.00931519549,-2.03149414,21.0418167,-45.6773987,2
24.3829577,-0.0291058176,-0.014052956,-0.00558009667,-0.999461868,0.0278169159,0.0583702832,0.0103539603,0.272291065,-0.572091959,-9.78616134,-0.077163995,0.0485117366,0.0405634811,-0.00365613238,-0.0231200904,-0.0186004844,-1.91896057,21.1856308,-45.6916199,2
24.3929157,-0.0290331224,-0.0138754429,-0.0054948542,-0.999467014,0.0274670157,0.0582206691,0.0101956074,0.268869219,-0.57062722,-9.78634137,-0.0583294576,0.0397147553,0.0456815547,-0.0250647515,-0.0453891791,-0.0197067615,-1.9602356,21.1904068,-45.7484131,2
24.4028727,-0.0289035969,-0.0136222178,-0.00545411748,-0.999474476,0.0269633662,0.0579578515,0.0101322262,0.26394433,-0.568054228,-9.78662545,-0.0143491721,0.000929499402,0.00466565372,-0.0257561989,-0.0528476574,-0.0137228612,-1.85287476,21.3425064,-45.6593018,2
24.4128307,-0.0288040543,-0.0133766049,-0.00543307006,-0.99948073,0.0264735577,0.0577556506,0.0101069207,0.259153753,-0.566074635,-9.78686803,0.00256205077,-0.0462406864,-0.0194826991,-0.0134617165,-0.043390505,-0.0118679702,-1.87435913,21.2759628,-45.573822,2
24.4227887,-0.0287932283,-0.0131821638,-0.0054222591,-0.999483688,0.0260848776,0.0577317424,0.0100967976,0.255350123,-0.565840534,-9.78698142,-0.0282006239,-0.0231312847,-0.0240080676,0.00638491102,-0.0336327851,-0.0135577247,-1.8532486,21.378624,-45.4334717,2
24.4327457,-0.0288483716,-0.0130380298,-0.00535456175,-0.999484362,0.0257996725,0.0578388614,0.00996818321,0.252557259,-0.566889275,-9.78699311,-0.0692515597,-0.00248001678,-0.018759061,0.0134825017,-0.0229644272,-0.0118072275,-2.0918045,21.1018448,-45.486145,2
24.4427037,-0.0288911215,-0.0129739822,-0.00536319374,-0.999483932,0.0256705435,0.0579239729,0.00998810323,0.251292226,-0.567722548,-9.78697733,-0.0661908935,0.0113716907,0.0588870733,0.00215168134,-0.00110790657,-0.00746554369,-1.86212921,21.2040024,-45.5621033,2
24.4526607,-0.028857837,-0.0130121519,-0.00537311641,-0.999484379,0.0257466939,0.0578580212,0.0100065976,0.252038478,-0.56707687,-9.78699545,-0.0364110741,-0.0069311875,0.113673141,-0.0150502091,0.017561119,-0.00379277836,-1.96799469,21.2377396,-45.7622681,2
24.4626187,-0.0287556991,-0.0131197629,-0.00539020641,-0.99948573,0.0259620835,0.057655195,0.0100371789,0.25414946,-0.56509114,-9.78705624,-0.0412155335,0.0334305239,0.0983206735,-0.0227881446,0.0263993014,-0.00414025178,-1.97766113,21.3588791,-45.6213989,2
24.4725767,-0.0286478663,-0.0132660514,-0.00542105473,-0.999486821,0.0262541965,0.0574417451,0.0100932756,0.257011535,-0.563001365,-9.78710183,-0.0530558829,0.0566295401,0.00199964938,-0.0186796859,0.0320366807,-0.00561005063,-1.88939667,21.2864151,-45.6369324,2
24.4825337,-0.0285705569,-0.0134259262,-0.00545135021,-0.999486727,0.0265732919,0.0572894966,0.0101467525,0.260136827,-0.561510761,-9.78710476,-0.0681521471,0.0344889104,-0.106634328,-0.010672193,0.0312503129,0.00244738581,-1.95217133,21.3050461,-45.5743408,2
24.4924917,-0.0285641036,-0.0135662992,-0.00552245189,-0.999484659,0.0268503849,0.0572799225,0.0102812361,0.262848899,-0.561417018,-9.78703754,-0.0349511941,0.0245190493,-0.180622525,0.00572728645,0.0247005355,0.00918837916,-1.91688538,21.3594131,-45.5186157,2
24.5024487,-0.0286322425,-0.0136595149,-0.00562566391,-0.999480757,0.0270305284,0.0574199861,0.0104807452,0.264609826,-0.562788343,-9.78691128,-0.0311755481,0.00972951298,-0.206037536,0.0193649773,0.0138747562,0.0144641455,-1.88386536,21.3495712,-45.5230103,2
24.5124067,-0.0287383263,-0.0137151626,-0.00573290469,-0.999476471,0.0271348375,0.0576357218,0.0106894579,0.265627406,-0.564900476,-9.78676223,-0.045061925,-0.0225750026,-0.132864164,0.0226678289,0.0127743389,0.016308384,-1.91751099,21.2568893,-45.5843811,2
24.5223647,-0.0288301698,-0.0137732957,-0.00585016614,-0.999472245,0.0272436276,0.0578232781,0.010918449,0.266689208,-0.566736715,-9.7866272,-0.0277183203,-0.0535093988,-0.0266068519,0.0112601072,0.0111003276,0.015010939,-1.88671875,21.3355942,-45.653717,2
24.5323217,-0.0288400885,-0.0138109501,-0.00595221418,-0.99947088,0.0273130349,0.0578463241,0.0111203405,0.267368112,-0.566962341,-9.78659564,0.0109574656,-0.0380207378,0.0974111574,-0.00939430483,0.0044962205,0.011661482,-1.89348602,21.3182449,-45.6433411,2
24.5422797,-0.0287442595,-0.0138287976,-0.00602823119,-0.99947297,0.0273453066,0.057656887,0.0112740837,0.267686877,-0.565107689,-9.78669384,0.0149781725,-0.0211706522,0.151828392,-0.0262337886,0.00397467148,0.00798074808,-1.94874573,21.3538132,-45.6489258,2
24.5522377,-0.0285919444,-0.0138396445,-0.00606981679,-0.99947694,0.0273661224,0.0573534245,0.0113608032,0.267895278,-0.562136674,-9.78685926,-0.0298222337,-0.0214481905,0.123861942,-0.0317041874,0.00200126925,-0.000625256915,-1.94058228,21.2365036,-45.7365723,2
24.5621947,-0.0284442212,-0.0138305099,-0.00603786103,-0.999481426,0.0273511041,0.057056908,0.0113012946,0.267752837,-0.559233573,-9.78702994,-0.0922283114,-0.00699332949,0.00417231725,-0.024118701,-0.005396639,-0.0124122733,-1.94058228,21.2365036,-45.7365723,2
24.5721527,-0.028361678,-0.0137579888,-0.0059645631,-0.99948522,0.0272108553,0.0568889573,0.0111608728,0.266382773,-0.557589203,-9.78716087,-0.140388276,-0.00130545658,-0.102089086,-0.00655089226,-0.0249911118,-0.0231030006,-1.95280457,21.3030472,-45.7048035,2
24.5821097,-0.0283706964,-0.0135700762,-0.00581776565,-0.999488386,0.0268428202,0.056900958,0.0108774118,0.262780547,-0.557706729,-9.78725147,-0.161176997,0.0188634712,-0.158711137,0.0118418224,-0.0503868796,-0.0316591412,-2.05738831,21.3026505,-45.7520447,2
24.5920677,-0.0284548417,-0.0132911612,-0.00565256441,-0.99949072,0.0262929174,0.0570619199,0.0105603595,0.257396114,-0.559282636,-9.78730466,-0.123470824,0.0279212955,-0.186340902,0.0197141245,-0.0600882433,-0.0319430344,-2.05472565,21.3665237,-45.5836792,2
24.6020257,-0.0285371788,-0.0130182698,-0.00551506044,-0.999492689,0.0257535535,0.0572202157,0.0102985524,0.252114867,-0.56083246,-9.78735376,-0.06596609,0.00104001057,-0.115363578,0.0105450843,-0.0487913974,-0.022674812,-2.03636932,21.304924,-45.7741089,2
24.6119827,-0.0285582431,-0.0128518211,-0.00545130339,-0.999494633,0.025423693,0.0572590228,0.010179905,0.24888584,-0.561212399,-9.78741455,-0.0289189282,0.015485848,-0.0147463182,-0.00244794646,-0.0160499606,-0.0109015089,-2.02028656,21.338295,-45.5249939,2
24.6219407,-0.0285287467,-0.0128941126,-0.00545457411,-0.999494855,0.0255084551,0.0572005223,0.0101847648,0.249716282,-0.560639677,-9.78742624,0.00691184348,0.00383987042,0.0184849202,-0.00873962417,0.0344251245,0.00526891649,-2.10255432,21.3658218,-45.5186768,2
24.6318977,-0.0284982176,-0.0131822089,-0.00555022051,-0.999491515,0.0260801921,0.057144878,0.0103605545,0.255312896,-0.560094866,-9.78731285,-0.00392208708,-0.00134366969,0.0243570271,-0.00259171613,0.0819729343,0.0179333128,-2.0213089,21.2325668,-45.5506897,2
24.6418557,-0.0285318118,-0.0136558986,-0.00567265115,-0.999483481,0.0270214953,0.0572202991,0.0105776959,0.264524468,-0.5608333,-9.78702585,-0.0692477603,0.00193860338,0.0252671277,0.0172463153,0.105852388,0.0188580304,-2.05198669,21.3290482,-45.5420837,2
24.6518137,-0.0286665613,-0.014172485,-0.00577769405,-0.999471793,0.0280487689,0.0574982843,0.0107547115,0.274573897,-0.563554907,-9.78659272,-0.136159479,0.0389272216,-0.0110790279,0.0366562307,0.101245917,0.0132584684,-2.0378418,21.3028946,-45.6772766,2
24.6617707,-0.0288584504,-0.0146017428,-0.00584090912,-0.999459704,0.0289030201,0.0578886176,0.0108511283,0.28292761,-0.567376401,-9.78613387,-0.169053795,0.0677382325,-0.0335340208,0.0388565734,0.0736756548,0.00872747507,-2.02365875,21.3558426,-45.8286133,2
24.6717287,-0.0290011108,-0.014882506,-0.00590780024,-0.999451018,0.0294601043,0.0581790404,0.0109646662,0.288374404,-0.570219662,-9.78581004,-0.0998314069,0.080457575,0.0264455239,0.0173366331,0.0368795507,0.00911736209,-1.92173004,21.381279,-45.8268433,2
24.6816867,-0.0289922696,-0.0149789366,-0.00593948879,-0.999449764,0.0296514692,0.0581633571,0.011022757,0.290247322,-0.570066152,-9.78576328,-0.0244913028,0.0656395432,0.119174076,-0.0198927112,0.00446339045,0.00786858425,-2.01104736,21.1695175,-45.7533264,2
24.6916437,-0.0288260736,-0.0149512136,-0.00594954771,-0.999454892,0.0295969148,0.057830856,0.0110493356,0.28971906,-0.566810913,-9.78596786,0.00506665401,0.0162959223,0.145265965,-0.0457400233,-0.0132207982,0.00158192706,-2.03054047,21.2477951,-45.7720642,2
24.7016017,-0.0285781784,-0.0148363569,-0.00594116473,-0.999463797,0.0293697007,0.0573334049,0.0110463407,0.287503795,-0.56194064,-9.78631448,0.018953652,-0.0171550964,0.0844108061,-0.0532113016,-0.0320238806,-0.00527782226,-1.94411469,21.2491379,-45.7755432,2
24.7115587,-0.0283257774,-0.0146600192,-0.00588536398,-0.999473857,0.0290221088,0.0568248841,0.0109519181,0.28411039,-0.556961902,-9.78669793,-0.00787975693,0.011983539,0.0246405203,-0.0478743315,-0.0371017307,-0.0138103245,-1.96038818,21.2199631,-45.861969,2
24.7215167,-0.0281225616,-0.0144785178,-0.00579080826,-0.99948278,0.0286658756,0.0564136347,0.0107786356,0.280630567,-0.552935386,-9.78702702,-0.0168198548,0.00496427134,-0.0983323639,-0.0323212929,-0.0351786911,-0.0195126403,-1.98720551,21.1874313,-45.8880005,2
24.7314747,-0.028006534,-0.0143211645,-0.00568007141,-0.999488931,0.0283580619,0.0561766745,0.0105690337,0.277621685,-0.550615273,-9.78724329,-0.0531656451,-0.058408021,-0.188048291,-0.0144610694,-0.0292472988,-0.0185019709,-2.05849457,21.3250961,-45.9504089,2
24.7414317,-0.0279656686,-0.0141866531,-0.00557207554,-0.999492724,0.0280951336,0.0560904696,0.0103614996,0.275049661,-0.549771223,-9.7873637,-0.0848606505,-0.117012113,-0.173413032,-0.00454840576,-0.0251411237,-0.0140814297,-2.11293793,21.3385391,-45.9586182,2
24.7513897,-0.0279484657,-0.0140831307,-0.0054979087,-0.999495061,0.0278921397,0.0560529101,0.0102192889,0.273063456,-0.549403449,-9.78743969,-0.102476953,-0.111992969,-0.0736783997,-0.00418488402,-0.0148157822,-0.0127383973,-2.02145386,21.2378769,-45.940033,2
24.7613467,-0.0279127221,-0.0140172779,-0.00543531457,-0.9994973,0.0277640852,0.0559789892,0.0100986337,0.271811246,-0.548679702,-9.78751509,-0.06381536,-0.0631867067,0.0167781163,-0.0123085249,-0.0148729151,-0.0142888054,-2.01200867,21.3943558,-46.0710144,2
24.7713047,-0.0278267837,-0.0139168878,-0.0053133783,-0.999501747,0.0275706017,0.0558026858,0.00986244852,0.269920189,-0.546953426,-9.78766414,-0.0593804463,-0.0390256405,0.116436176,-0.0246988833,-0.0243311338,-0.0206252653,-2.19178772,21.3162155,-46.0279846,2
24.7812627,-0.0276575854,-0.013789107,-0.00520558071,-0.999508779,0.0273221215,0.0554599857,0.00965830009,0.267493236,-0.543597905,-9.78791783,-0.0776034824,-0.065425389,0.162478965,-0.0428985208,-0.0279220082,-0.0212799348,-2.04370117,21.2805405,-45.7143555,2
24.7912197,-0.0274168146,-0.0136565713,-0.00512539047,-0.999517649,0.027063108,0.0549748576,0.00951150968,0.264965143,-0.538847678,-9.78824925,-0.0378156254,-0.0517701905,0.0752723909,-0.0525945574,-0.025653528,-0.0134888571,-2.04185486,21.2114487,-45.7387085,2
24.8011777,-0.027167145,-0.0135587812,-0.00510297346,-0.999525948,0.0268705274,0.05447385,0.00947860368,0.263087329,-0.533941822,-9.7885684,-0.0194776759,-0.022558636,-0.0378337638,-0.0454054438,-0.0111358669,-0.00362925837,-2.0022049,21.3741074,-45.5650635,2
24.8111357,-0.0269974486,-0.0135576404,-0.00510753859,-0.999530512,0.0268693591,0.0541344762,0.00949228563,0.263080735,-0.530618596,-9.7887496,-0.0401210711,-0.0514698923,-0.214224934,-0.0225230306,0.0135889202,0.00429923832,-2.09197235,21.305397,-45.5944214,2
24.8210927,-0.026956663,-0.0136721452,-0.00518883239,-0.999529674,0.027094569,0.0540561764,0.00964991807,0.265286374,-0.529851886,-9.78873148,-0.0614803229,-0.0716895274,-0.318690102,0.00509363832,0.0335192047,0.00893861987,-1.88362122,21.4496536,-45.7012329,2
24.8310507,-0.0270392913,-0.0138547106,-0.00523988754,-0.999524573,0.027456682,0.0542246353,0.00974001922,0.26882854,-0.53150148,-9.7885456,-0.106322468,-0.0441526281,-0.346708574,0.0252391212,0.0395688415,0.00289857085,-1.99211884,21.2975235,-45.6088257,2
24.8410077,-0.0272022661,-0.0140093106,-0.00524510922,-0.999518057,0.0277646248,0.0545523265,0.00973763221,0.271837987,-0.534710286,-9.78828783,-0.142850757,0.0195098063,-0.322126506,0.0359708853,0.021654373,-0.00357130868,-2.03692627,21.3096695,-45.4880981,2
24.8509657,-0.0273777941,-0.0140526262,-0.00526790032,-0.999512519,0.0278486633,0.0549045324,0.00977609166,0.272655313,-0.538159038,-9.78807565,-0.102667379,0.0693462157,-0.235698515,0.0307713263,-0.00522517692,-0.00599611644,-1.80567169,21.2850723,-45.586792,2
24.8609237,-0.0274839503,-0.0139675155,-0.00528010477,-0.999510683,0.0276766813,0.0551164052,0.00980231904,0.270968785,-0.540233689,-9.78800843,-0.0566881019,0.111074795,-0.0986976901,0.0110363923,-0.0284802802,-0.00837667659,-1.83903503,21.4341354,-45.4045715,2
24.8708807,-0.0274859148,-0.0137713121,-0.00521768979,-0.999513627,0.02728722,0.0551167035,0.00968813303,0.267156698,-0.540236612,-9.78811306,-0.0461423406,0.0575074555,-0.0234749836,-0.00871068146,-0.0481533185,-0.0135496007,-2.077034,21.4349289,-45.743042,2
24.8808387,-0.0274146238,-0.0135178789,-0.00515418095,-0.999519484,0.0267838202,0.054969928,0.00957684511,0.262231462,-0.538799418,-9.78832524,-0.0642612588,0.00803659146,-0.0087479546,-0.0176119804,-0.0527607501,-0.0124875531,-2.03658295,21.3635941,-45.638855,2
24.8907957,-0.0273404064,-0.013252898,-0.00509667174,-0.999525318,0.026256977,0.0548173979,0.00947820454,0.257076654,-0.537305855,-9.78854443,-0.0640445473,0.0264448663,-0.030375849,-0.011214802,-0.054123491,-0.0120318867,-2.07224274,21.3098373,-45.5541687,2
24.9007537,-0.0273226858,-0.0129911908,-0.00503617334,-0.999529598,0.0257363956,0.0547779086,0.0093718944,0.251981432,-0.536919158,-9.78869816,-0.109077922,0.0455110935,-0.013911621,0.00460091792,-0.049632512,-0.020240413,-2.02097321,21.3347702,-45.5611267,2
24.9107117,-0.0273728115,-0.0127717753,-0.00495135995,-0.999531416,0.0253012948,0.0548739802,0.0092128782,0.247721034,-0.537859909,-9.78875486,-0.113047556,0.0780253063,-0.0228331786,0.0129344817,-0.0391484462,-0.0264359917,-1.99162292,21.4046097,-45.493927,2
24.9206687,-0.0274605035,-0.0125849642,-0.00479639704,-0.999532187,0.0249350754,0.0550438306,0.00891074086,0.244133915,-0.539523057,-9.78875369,-0.0753430632,0.0594873407,-0.0229839852,0.023701949,-0.0371660627,-0.0320944339,-1.99162292,21.4046097,-45.493927,2
24.9306267,-0.0275740263,-0.0123951533,-0.00463752503,-0.999532107,0.0245629242,0.0552653431,0.00860037818,0.240488051,-0.541692035,-9.78872388,-0.0428171417,0.0223016655,0.0383376217,0.0222438686,-0.0388169587,-0.0331485122,-2.12664032,21.2778244,-45.5375366,2
24.9405847,-0.0276365936,-0.0122209108,-0.00449260152,-0.99953319,0.0242215972,0.0553855045,0.00831837102,0.237145298,-0.542868604,-9.78874025,0.0278625328,0.0224308083,0.145344875,0.00541361934,-0.030872792,-0.0263157059,-2.18928528,21.2611465,-45.4832764,2
24.9505417,-0.0276077037,-0.0121198422,-0.00441045023,-0.99953557,0.0240239666,0.0553248908,0.0081601775,0.235211535,-0.542275095,-9.78881974,0.0215661908,0.0112130661,0.223835059,-0.014928937,-0.0110210553,-0.0137525098,-2.11009216,21.1444931,-45.4346008,2
24.9604997,-0.0275061245,-0.0121330998,-0.00437857667,-0.999538317,0.0240529679,0.0551210105,0.0080980287,0.235498079,-0.54027877,-9.78892379,0.0148452486,0.0129576447,0.284841024,-0.0241277721,0.0167479981,-0.00252822135,-2.21034241,21.2387009,-45.4368591,2
24.9704567,-0.0273877476,-0.0122755487,-0.00439271825,-0.999539803,0.0243382344,0.0548856862,0.00812131275,0.23829361,-0.537974512,-9.78898283,-0.0111440925,0.00855842338,0.242702256,-0.0196965393,0.0405164436,0.000216432614,-2.2010498,21.2354202,-45.5074768,2
24.9804147,-0.0273107197,-0.0124876971,-0.00439847337,-0.999539333,0.0247632479,0.0547334547,0.00812305178,0.242456063,-0.536483871,-9.78896237,-0.0534641532,0.00676850775,0.156490538,-0.00747797918,0.0470013954,-0.00162271992,-2.26429749,21.3596573,-45.8531494,2
24.9903727,-0.0272828627,-0.012678323,-0.0044065011,-0.999537596,0.0251447026,0.0546794712,0.0081293643,0.246190811,-0.535955281,-9.78889807,-0.0555528691,0.0212036777,0.0875929433,-0.000801967224,0.0317100585,-0.00497430796,-2.14748383,21.3278885,-45.7149048,2
25.0003297,-0.0272560648,-0.0127876879,-0.00435482695,-0.999537207,0.0253667021,0.0546254405,0.0080205884,0.248364684,-0.535426216,-9.78887235,-0.00774780112,0.0244155889,0.0498585481,-0.00840916671,0.016875498,-0.0111680906,-2.25080109,21.1955032,-45.7001953,2
25.0102877,-0.0271540082,-0.0128296978,-0.00429098436,-0.999539707,0.0254549783,0.05441998,0.00789302975,0.249231603,-0.533414328,-9.78896003,-0.00637013782,0.00788881702,0.0638625236,-0.031561356,0.00293092104,-0.0103744688,-2.25524902,21.3085098,-45.6408081,2
25.0202447,-0.0269333043,-0.0128310398,-0.00426907756,-0.999545771,0.0254602907,0.0539779023,0.00785463281,0.249289581,-0.529085395,-9.78919325,-0.00942086716,0.0183740072,0.0729243664,-0.0535251498,-0.00127782265,-0.00520651508,-2.14547729,21.3513412,-45.6784973,2
25.0302027,-0.0266452034,-0.0128173553,-0.0042698324,-0.999553661,0.0254347239,0.0534014545,0.00786410249,0.249047022,-0.523440521,-9.78950305,0.0141651573,0.0224555774,0.0112841951,-0.0572698191,-0.00340116094,-0.000919624465,-2.15444183,21.3955002,-45.8078003,2
25.0401607,-0.026393826,-0.0127816454,-0.00427517945,-0.999560786,0.0253645822,0.0528984216,0.00788299864,0.248367004,-0.51851439,-9.78978245,-0.0544370533,0.01229213,-0.105153734,-0.0427137427,-0.0118559711,-0.00253858301,-2.16187286,21.5165939,-45.9948425,2
25.0501177,-0.0262439722,-0.0126876426,-0.00426140174,-0.999565909,0.0251780739,0.0525975426,0.007864112,0.246545049,-0.515567888,-9.78998411,-0.122196566,0.0100938163,-0.208052383,-0.0177199747,-0.0257629976,-0.0110164899,-2.12104034,21.5531235,-45.9293823,2
25.0600757,-0.0261959074,-0.0125158703,-0.0042071177,-0.999569644,0.0248373188,0.0524986911,0.00776566213,0.243210316,-0.514599847,-9.79011855,-0.129037189,0.0260348242,-0.252509949,-0.00395036628,-0.0422953703,-0.0136618083,-2.16567993,21.5728226,-45.7831421,2
25.0700327,-0.0261755389,-0.0122606348,-0.00410910985,-0.999573624,0.0243315603,0.0524535672,0.00758336074,0.238259397,-0.514157912,-9.79026351,-0.0910163784,0.0505824054,-0.215254862,-0.00676932186,-0.0570407584,-0.0177372433,-2.32157898,21.5669785,-45.7759399,2
25.0799907,-0.0261110907,-0.0119603746,-0.00398922563,-0.999579525,0.0237370717,0.0523195145,0.00736063799,0.232440792,-0.512845112,-9.79047219,-0.0497336614,0.0515141333,-0.159530637,-0.019926127,-0.059966065,-0.0166328289,-2.39611053,21.4494858,-46.1511536,2
25.0899487,-0.0259759461,-0.0116882958,-0.00390809637,-0.999586563,0.0231973819,0.0520452641,0.00721556492,0.227160203,-0.510159307,-9.79073639,0.0183947395,0.0706754185,-0.128740362,-0.0342672467,-0.0502756238,-0.0122298244,-2.33100128,21.5441208,-46.0135803,2
25.0999057,-0.0257707162,-0.0114858323,-0.00388859659,-0.999594308,0.02279427,0.0516327886,0.0071916879,0.223218187,-0.506119749,-9.79103684,0.0613921514,0.0681322368,-0.138465637,-0.0454579443,-0.0309485588,-0.002722295,-2.24720764,21.5564194,-46.0598755,2
25.1098637,-0.0255647045,-0.0113768398,-0.00390044288,-0.99960074,0.0225766916,0.0512201376,0.00722561901,0.221092573,-0.502078365,-9.79129286,0.0249112818,0.0643901277,-0.174272279,-0.0350319333,-0.0126816723,0.00105087156,-2.31519318,21.7335739,-45.8586121,2
25.1198217,-0.0254705912,-0.0113676688,-0.00393307857,-0.999603135,0.0225572362,0.0510325334,0.00729351268,0.220904193,-0.500240994,-9.79139106,-0.0522629972,0.0329245106,-0.258120775,-0.00253569055,0.00950186886,0.0015079584,-2.27790833,21.6721878,-45.6169128,2
25.1297787,-0.0255477978,-0.0114454675,-0.00397774061,-0.999600157,0.0227102337,0.0511885712,0.00737721716,0.222400478,-0.50176919,-9.79127941,-0.121694736,0.0185911571,-0.321529125,0.0335291028,0.0206839517,0.00188719248,-2.18331146,21.6210098,-45.8398743,2
25.1397367,-0.0257791088,-0.0115457562,-0.00402968738,-0.999592834,0.0229068991,0.0516532423,0.00747084816,0.224320705,-0.506320058,-9.79100118,-0.13379032,0.00952496686,-0.278412452,0.0548527613,0.0199610814,0.000802618684,-2.12857056,21.6485062,-45.7049866,2
25.1496937,-0.0260450446,-0.0116297745,-0.00405238154,-0.999584852,0.0230722588,0.0521864051,0.00750589132,0.225933492,-0.511541555,-9.79069255,-0.114453861,-0.010991167,-0.130279992,0.0499871671,0.0129590975,0.00115335709,-2.27006531,21.7107315,-45.7242126,2
25.1596517,-0.0262419434,-0.0116499624,-0.00404686822,-0.999579471,0.0231117268,0.0525803323,0.00748931784,0.22631524,-0.515399363,-9.79048154,-0.0726377863,0.0102245665,-0.00120469961,0.0271053314,-0.00622283854,0.000844808063,-2.3710022,21.5186234,-45.794281,2
25.1696097,-0.0262969644,-0.0115576362,-0.0040546596,-0.999579104,0.022926115,0.0526898933,0.00750853525,0.224496701,-0.51647229,-9.79046693,-0.0232345077,0.0448163527,0.136746558,-0.00321741938,-0.0304464195,-0.00145642948,-2.25743103,21.4456253,-45.9239807,2
25.1795667,-0.0262072665,-0.0113545436,-0.00404347534,-0.999583865,0.0225206407,0.0525086709,0.0074988479,0.220529003,-0.514697572,-9.79065047,-0.00116065954,0.0617462986,0.156083711,-0.0307027586,-0.0515656956,-0.00541979168,-2.27545929,21.5320358,-45.9465027,2
25.1895247,-0.0260199875,-0.0110932683,-0.00400362293,-0.999591853,0.0220007938,0.0521311709,0.00743685592,0.21544359,-0.511000617,-9.79095734,0.012304478,0.0556551421,0.095637718,-0.0416866988,-0.0505643487,-0.00699771475,-2.38542175,21.5096512,-46.0540161,2
25.1994817,-0.0258266405,-0.010862846,-0.00397849244,-0.999599467,0.021541982,0.0517421123,0.00740267091,0.21095563,-0.507190411,-9.79125311,0.0244239366,0.0262569059,-0.0554997689,-0.0313183479,-0.0415653065,-0.00605022861,-2.3632431,21.7311783,-46.0361023,2
25.2094397,-0.0257385779,-0.0106814771,-0.00394124224,-0.999603796,0.0211813405,0.0515638037,0.00733932999,0.207426397,-0.505444115,-9.79141911,0.0144858041,0.00715268477,-0.1780366,-0.0016379517,-0.0297017191,-0.00612532999,-2.41907501,21.5166092,-45.9415894,2
25.2193977,-0.025816544,-0.0105711185,-0.0038911139,-0.999603165,0.0209624984,0.0517179174,0.00724306781,0.205281987,-0.50695346,-9.79138638,-0.0444219283,-0.0130354592,-0.269348856,0.0315220989,-0.0144831073,-0.00848539919,-2.47381592,21.5775528,-45.9771118,2
25.2293547,-0.0260237234,-0.0105221828,-0.00384386014,-0.99959856,0.0208657128,0.0521310535,0.0071467511,0.204329929,-0.510999484,-9.79119583,-0.0841713165,0.0186935215,-0.23302725,0.0497359931,-0.0052557867,-0.0105280429,-2.41403198,21.521431,-45.8552856,2
25.2393127,-0.0262583295,-0.0105078424,-0.00381324447,-0.999592634,0.0208371893,0.0525996548,0.00708139837,0.204045632,-0.515588566,-9.79096085,-0.0960076656,0.0419873398,-0.0861684634,0.042077668,0.00163723016,-0.00921410602,-2.31171417,21.5404282,-45.7641602,2
25.2492707,-0.0264060713,-0.0105368433,-0.00379379553,-0.999588541,0.0208954001,0.0528950241,0.00703789715,0.204612381,-0.518481145,-9.7907966,-0.0714352969,0.0433835069,0.0564215599,0.0193595737,0.00714278268,-0.0050712931,-2.35733032,21.5551224,-45.8339233,2
25.2592277,-0.0264444897,-0.0105695889,-0.00377531537,-0.999587251,0.0209617153,0.0529717262,0.00699837294,0.205260835,-0.519232256,-9.79074282,-0.0506855736,0.0303680311,0.105299865,-0.00120003428,0.0053392034,-0.00829385221,-2.38802338,21.540535,-45.5265808,2
25.2691857,-0.0264196079,-0.0105767942,-0.00373374305,-0.999588013,0.0209784918,0.0529211277,0.00691527647,0.205425633,-0.518736764,-9.79076562,-0.0402261206,0.0210439205,0.0584860912,-0.00768163521,-0.00404710788,-0.00913887285,-2.38802338,21.540535,-45.5265808,2
25.2791427,-0.0263958268,-0.0105452708,-0.00367816645,-0.999589139,0.0209184549,0.0528721684,0.00680617166,0.204838353,-0.51825731,-9.79080361,-0.0560989586,0.0088926603,-0.0197369661,-0.00105283712,-0.010662701,-0.0130713833,-2.41930389,21.5129318,-45.7633362,2
25.2891007,-0.0264307347,-0.0104781039,-0.00362495901,-0.999589159,0.0207865946,0.0529404431,0.00670249192,0.203546615,-0.51892593,-9.79079484,-0.0748586407,-0.0242568182,-0.105787356,0.0166191012,-0.0176212732,-0.0130277071,-2.3675766,21.4549026,-45.6145325,2
25.2990591,-0.0265498771,-0.0103923236,-0.00359424282,-0.999587003,0.0206158105,0.0531775887,0.00664312646,0.201871941,-0.521248235,-9.79070658,-0.045052116,-0.0362997227,-0.105875619,0.0309264772,-0.0160752758,-0.00466689281,-2.34198761,21.37397,-45.6256104,2
25.3090161,-0.0267279653,-0.0103282208,-0.00359841725,-0.999582889,0.0204862479,0.0535335302,0.00665130545,0.20059962,-0.524733886,-9.79054642,-0.018939934,-0.0503216721,-0.0524655158,0.0415098816,-0.009792611,-0.0033686019,-2.32507324,21.5000229,-45.5809326,2
25.3189741,-0.0269314072,-0.0102706567,-0.00361229152,-0.999577928,0.0203691073,0.0539404351,0.00667808968,0.199448386,-0.528718498,-9.79035528,-0.0147959843,-0.0611511457,0.0513420647,0.0405736491,-0.012698343,-0.00464179227,-2.29259491,21.4840164,-45.828125,2
25.3289311,-0.0271046889,-0.0101905333,-0.00359519488,-0.999574211,0.0202086389,0.0542862295,0.00664474314,0.197873629,-0.532104597,-9.79020389,-0.0219001903,-0.0317281039,0.173144736,0.0287042055,-0.0193522517,-0.00720401946,-2.41110229,21.4807816,-45.5963745,2
25.3388891,-0.0272062327,-0.0100545846,-0.00355021453,-0.999572902,0.0199383138,0.054487575,0.00656008442,0.195224941,-0.534076226,-9.79015012,-0.0515732431,0.00630618747,0.221573544,0.0126506202,-0.0353899077,-0.0191272367,-2.37284088,21.4560471,-45.6346741,2
25.3488471,-0.02721266,-0.00982363232,-0.00342201836,-0.999575574,0.0194828356,0.0544964241,0.00631589586,0.190765642,-0.534162881,-9.79023312,-0.100684169,0.0385648911,0.212977565,-0.00969756208,-0.0581143945,-0.0287095569,-2.52283478,21.6129684,-45.7874756,2
25.3588041,-0.0270909991,-0.00947358389,-0.00327563725,-0.999582639,0.0187905256,0.0542480522,0.00604417066,0.183990211,-0.531730759,-9.79049498,-0.0677221399,0.0768342334,0.116573539,-0.0370319746,-0.0823051333,-0.0256571732,-2.54146576,21.5270462,-45.8887634,2
25.3687621,-0.0268509511,-0.00901449373,-0.00315166599,-0.99959383,0.0178791985,0.0537628074,0.00582512575,0.17507238,-0.526979071,-9.79091526,-0.00583263341,0.120415491,-0.0184276371,-0.0575870536,-0.0975605249,-0.0149078565,-2.62265015,21.487587,-45.7142639,2
25.3787201,-0.0265595555,-0.0085367211,-0.00307408543,-0.999605972,0.0169281573,0.0531757226,0.00570037356,0.165765951,-0.521229969,-9.79138521,0.0117038818,0.113469289,-0.115671621,-0.0591359884,-0.0896127746,-0.00459634047,-2.7121048,21.4797897,-45.8235779,2
25.3886771,-0.0263076238,-0.00817298775,-0.00306074133,-0.999615796,0.0162018288,0.0526694113,0.00569703793,0.158658402,-0.516271726,-9.79176573,0.0194099809,0.0699045072,-0.228866039,-0.0415316969,-0.0533421189,0.0102387983,-2.74391937,21.5491867,-45.9751587,2
25.3986351,-0.0261726551,-0.00801416736,-0.00310474935,-0.999620516,0.0158821986,0.0523991851,0.00579562525,0.155530845,-0.513625339,-9.79195512,0.0340596156,0.0193741242,-0.313970088,-0.0137551064,-0.0102650132,0.0207280144,-2.83999634,21.4978561,-46.3779297,2
25.4085921,-0.0261838725,-0.00808282754,-0.0031625692,-0.999619435,0.0160165733,0.0524229485,0.00590760181,0.156846439,-0.513858089,-9.7919218,0.0486056072,0.0190082865,-0.28377661,0.0165564623,0.0383328833,0.0282149576,-3.03318024,21.4838028,-46.2971802,2
25.4185501,-0.0263410531,-0.00837107564,-0.00325871625,-0.999612592,0.0165878137,0.0527407017,0.00608239653,0.162437245,-0.516969864,-9.79166695,0.0142843998,0.0228682499,-0.210709035,0.0441241339,0.0759423822,0.0298996978,-2.95496368,21.481636,-46.3199158,2
25.4285081,-0.026600375,-0.00878773331,-0.00336356939,-0.999601763,0.0174150999,0.0532638616,0.00626587289,0.170532964,-0.522093089,-9.7912572,-0.0345127662,0.00943648485,-0.073900518,0.0578010604,0.0939269736,0.0310142301,-2.91044617,21.4883804,-46.1739197,2
25.4384651,-0.0268864201,-0.00925292706,-0.00353385313,-0.999589331,0.0183358261,0.053842165,0.00657682569,0.179542401,-0.527756193,-9.79079251,-0.0182334114,0.0136031395,0.0664431877,0.0557530448,0.0922429636,0.0329977721,-2.61888123,21.4039078,-45.894928,2
25.4484231,-0.0271255214,-0.0096626354,-0.00370746232,-0.999578427,0.0191454036,0.0543265388,0.00689782179,0.187463824,-0.532499332,-9.79038743,-0.0298957922,0.0467774237,0.182755445,0.0374227725,0.0729944333,0.0280517489,-2.5231781,21.4953995,-45.749115,2
25.4583801,-0.0272508381,-0.00995433932,-0.00381993326,-0.999571724,0.0197226071,0.0545814813,0.00710470637,0.19311215,-0.534995752,-9.79014135,-0.0784901108,0.0889278086,0.243860779,0.0134755,0.0442028567,0.0164927654,-2.57243347,21.5010757,-45.8195801,2
25.4683381,-0.0272649608,-0.0100737867,-0.0038457591,-0.99957006,0.0199602827,0.0546111008,0.00714960807,0.195438711,-0.535285784,-9.79007939,-0.114185858,0.066772237,0.170326756,-0.00728170946,0.00302346377,0.000213662162,-2.56184387,21.424614,-45.9171753,2
25.4782961,-0.0271885962,-0.00997739146,-0.00383246518,-0.999573161,0.0197684578,0.0544573706,0.00712974583,0.19356236,-0.533780458,-9.79019922,-0.126525097,0.0130433868,0.115379945,-0.0252437182,-0.0397835746,-0.00812001433,-2.46762848,21.6118851,-45.6824951,2
25.4882531,-0.0270186049,-0.00968963703,-0.0037816362,-0.999580738,0.0191960768,0.0541142465,0.00704687404,0.187962092,-0.530420516,-9.79049089,-0.0761831856,-0.0387991748,0.0797585964,-0.0430304408,-0.0732802823,-0.0129557829,-2.46903992,21.6226273,-45.9203186,2
25.4982111,-0.0267711684,-0.00927961951,-0.00373116738,-0.999591459,0.018379325,0.0536153937,0.00697250922,0.179970472,-0.525535521,-9.79090415,-0.0402093156,-0.0456294592,0.0776280141,-0.0556305647,-0.0894714743,-0.0167955719,-2.4101181,21.7494431,-45.7895203,2
25.5081681,-0.026478626,-0.00884927311,-0.0035995839,-0.999603722,0.0175264378,0.0530248178,0.00673720169,0.17162529,-0.519752188,-9.791363,0.000607226912,-0.00786824916,0.0810796158,-0.0629681051,-0.080673188,-0.0104308836,-2.86521912,21.6529312,-45.9820862,2
25.5181261,-0.026164621,-0.00852740676,-0.00354222821,-0.999615039,0.01688686,0.0523934768,0.00664466324,0.165368421,-0.513569444,-9.79179671,0.0137474251,0.0257526097,0.0514361727,-0.0642166808,-0.0450201482,-0.00199607573,-2.74583435,21.5661545,-45.7705994,2
25.5280841,-0.0258805144,-0.00843480309,-0.00353636231,-0.999623124,0.016703404,0.0518243732,0.0066424318,0.163576916,-0.507996028,-9.79211762,0.00371757748,0.0216755695,-0.0392225878,-0.0478662103,0.00902870297,0.00701606087,-2.78308105,21.7492142,-45.9205933,2
25.5380411,-0.0257153502,-0.00857703486,-0.00353350936,-0.999626252,0.0169892641,0.0514948476,0.00663209437,0.166378913,-0.50476881,-9.79223744,-0.0498115855,-0.0144719217,-0.166294724,-0.0150157157,0.0466874428,0.0147744482,-2.9547348,21.6011429,-46.0257263,2
25.5479991,-0.0257353153,-0.00887646916,-0.00360257149,-0.999622899,0.0175850714,0.0515379898,0.00675456838,0.172212789,-0.505191309,-9.79211469,-0.109963911,-0.0119544956,-0.249017431,0.0231657587,0.0716220886,0.014956343,-2.66683197,21.568367,-45.9143677,2
25.5579571,-0.0259384901,-0.0092409869,-0.00361439954,-0.999614287,0.0183130665,0.0519471319,0.00675578087,0.179337545,-0.509198244,-9.79177918,-0.128311487,0.0349984673,-0.272397137,0.0545553267,0.074260734,0.0133940224,-2.88613892,21.6196365,-46.2211914,2
25.5679141,-0.0262287139,-0.00957712361,-0.0036659876,-0.999603272,0.0189816622,0.0525309922,0.00683615834,0.185878582,-0.514916146,-9.79135832,-0.123031154,0.0790235966,-0.213262227,0.056936726,0.0595624782,0.00838861056,-2.57754517,21.5286789,-45.9812622,2
25.5778721,-0.0264595506,-0.00981861038,-0.0037115111,-0.99959482,0.0194614034,0.0529953461,0.00691017878,0.190571197,-0.51946358,-9.79102748,-0.0846281386,0.115593478,-0.110792033,0.0326201133,0.0385184214,0.0063236393,-2.46842957,21.4503555,-45.7497864,2
25.5878291,-0.0265252048,-0.00997103742,-0.00374670968,-0.999591319,0.0197643325,0.0531284363,0.00697128207,0.193535819,-0.520766918,-9.79090064,-0.0337232232,0.133207314,-0.0363993471,-0.00654247031,0.0256151371,0.00680806767,-2.46668243,21.4821472,-45.8561401,2
25.5977871,-0.0264283558,-0.0100679755,-0.00377559815,-0.999592767,0.0199574642,0.0529359313,0.00702586052,0.195428738,-0.518881725,-9.7909626,-0.00389297058,0.0844855518,-0.0394797775,-0.0290586501,0.0128877247,0.00582507439,-2.52366638,21.4384918,-45.8621826,2
25.6077451,-0.026278845,-0.0101036474,-0.00380155878,-0.999596333,0.0200284139,0.0526375974,0.00707888765,0.196126493,-0.515960139,-9.79110347,-0.0192552105,0.021409612,-0.0740548318,-0.0290618464,0.00470755901,0.00926028565,-2.56529236,21.4966125,-46.0914612,2
25.6177021,-0.0261800229,-0.0101342368,-0.00386810464,-0.999598365,0.0200867619,0.05244145,0.00721245073,0.196699817,-0.514039254,-9.7911929,-0.0205767232,0.0539054124,-0.119006319,-0.00909515843,0.00977668539,0.014771739,-2.56529236,21.4966125,-46.0914612,2
25.6276601,-0.0261862097,-0.0101951249,-0.00394114309,-0.999597338,0.0202047964,0.0524557447,0.00735535234,0.197855362,-0.514179247,-9.79116192,-0.0534554584,0.0513519285,-0.145822429,0.0104425894,0.0134619661,0.00980760809,-2.43199158,21.6266632,-45.8951416,2
25.6376171,-0.0262644339,-0.0102575369,-0.00400719148,-0.999594378,0.0203257835,0.0526140401,0.00748273968,0.199038307,-0.515729472,-9.79105671,-0.0951901752,0.0202811195,-0.103729839,0.0187551118,0.013283981,0.00865112897,-2.39297485,21.5897064,-45.8563843,2
25.6475751,-0.0263503178,-0.0103096745,-0.00408898926,-0.99959122,0.0204252977,0.0527879176,0.00764202845,0.200010823,-0.517432257,-9.79094682,-0.0808996744,0.00851652047,-0.0731640204,0.0139542306,0.007807191,0.0107193403,-2.35050964,21.7018585,-45.8253479,2
25.6575331,-0.0264143383,-0.0103322801,-0.00412272945,-0.999589138,0.0204683498,0.0529168584,0.00770709482,0.200430985,-0.518694971,-9.79087142,-0.0817687306,-0.0502254087,-0.00290916544,0.0112125995,0.00150386989,0.00597793795,-2.48376465,21.4825897,-45.5737,2
25.6674901,-0.0264461208,-0.0103073032,-0.00415175299,-0.99958842,0.0204165903,0.0529808415,0.00776588675,0.199923529,-0.519321542,-9.79084862,-0.0936811954,-0.0510952503,0.0187649062,0.00330247846,-0.0112313665,0.00244179321,-2.39001465,21.4716187,-45.8544006,2
25.6774481,-0.0264424784,-0.0102275072,-0.00416335545,-0.999589291,0.0202562322,0.0529731697,0.00779342078,0.198353558,-0.519246394,-9.79088486,-0.0356978478,0.00105316231,0.0137134681,-0.00350582926,-0.0158206951,0.00388614018,-2.45307922,21.5675964,-45.9858398,2
25.6874061,-0.0264070935,-0.0101458226,-0.00417375315,-0.999591012,0.0200923716,0.052901951,0.00781926749,0.196749958,-0.518548986,-9.79095383,-0.00162288849,0.0112792266,0.0369762702,-0.0113653503,-0.016744813,0.00405019149,-2.51217651,21.618927,-45.9924622,2
25.6973631,-0.0263462604,-0.0100773198,-0.00420654449,-0.999593227,0.019953897,0.0527803705,0.00788973606,0.19539542,-0.517358352,-9.79104385,-0.0147832162,-0.022532369,0.023898762,-0.0110876951,-0.00961412862,-0.000887669856,-2.33995819,21.6304779,-45.9967041,2
25.7073211,-0.0263150577,-0.0100555138,-0.00424405248,-0.999594076,0.0199084712,0.0527185201,0.00796658871,0.194951293,-0.516752641,-9.79108477,-0.0225691573,-0.0473793351,-0.0315758725,0.00144487503,0.000134638743,-0.00485285046,-2.20659637,21.572998,-45.9606018,2
25.7172781,-0.0263463508,-0.010060111,-0.00421990748,-0.999593333,0.019918735,0.0527806814,0.00791739653,0.195051137,-0.517361384,-9.79105086,-0.049753389,-0.0485662798,-0.0697679482,0.0118681379,0.00163334236,-0.00780278817,-2.40159607,21.3680267,-45.9646301,2
25.7272361,-0.0264267394,-0.0100694938,-0.00418387038,-0.999591233,0.0199388779,0.0529408594,0.00784318145,0.195246714,-0.518929985,-9.79096377,-0.0614710619,-0.0585197378,-0.00715688602,0.0187968835,0.00369835738,-0.0107676852,-2.4382019,21.6220245,-46.087677,2
25.7371941,-0.0265195005,-0.0100879297,-0.00413783904,-0.999588861,0.0199776095,0.0531256653,0.00774823082,0.195624005,-0.520739774,-9.79086031,-0.0904291348,-0.025884602,0.0331418066,0.0175264254,0.00330478558,-0.0123284962,-2.41897583,21.5970001,-45.7679138,2
25.7471511,-0.0265908239,-0.0100871085,-0.00409561401,-0.999587094,0.0199777385,0.0532675015,0.00766233971,0.195623804,-0.522128745,-9.79078608,-0.097162626,-0.0143202748,0.0652396572,0.0111649325,0.000301805092,-0.0119607151,-2.37654114,21.6264801,-45.7414856,2
25.7571091,-0.0266392654,-0.0101115706,-0.00409190716,-0.999585552,0.0200265946,0.0533645256,0.00765266145,0.196101121,-0.523078885,-9.79072587,-0.12143234,-0.00349405266,0.0678735128,0.0107727889,0.0107026435,0.00167007768,-2.36941528,21.5665436,-45.7708435,2
25.7670661,-0.0267111734,-0.0101641808,-0.00416886825,-0.999582711,0.0201273341,0.0535103334,0.00780250993,0.197085894,-0.524506726,-9.79063001,-0.11149355,-0.0333405075,0.0803466254,0.0182589348,0.00990555994,0.0168492962,-2.34246063,21.5852356,-45.7220154,2
25.7770241,-0.0268139123,-0.0102615339,-0.00433679031,-0.999578315,0.0203125381,0.053720049,0.00813143905,0.198896907,-0.52656037,-9.79048329,-0.00287201177,-0.0582216316,0.060896075,0.0213129129,0.0342231095,0.0347893499,-2.30713654,21.5708008,-46.0405579,2
25.7869821,-0.0269039668,-0.010498254,-0.00456745297,-0.999572515,0.020773435,0.0539069368,0.00857867825,0.203407243,-0.528390472,-9.79029157,0.0171582017,-0.0801839091,0.100658177,0.0117202057,0.0652007237,0.0434169248,-2.33409882,21.5999298,-45.960144,2
25.7969391,-0.0269454762,-0.0109191223,-0.00483918503,-0.99956544,0.0216011299,0.0539994522,0.00909911072,0.211509502,-0.529296408,-9.79007121,0.0115998004,-0.0399232835,0.17735154,0.00261271978,0.106343463,0.0466614515,-2.24614716,21.5258026,-45.7730713,2
25.8068971,-0.0269219885,-0.0115078243,-0.00508200549,-0.999558315,0.0227669526,0.0539633474,0.00955394716,0.222923278,-0.528942845,-9.78983681,0.0120073765,0.0281076118,0.178913383,-0.0136466781,0.135766074,0.0505597889,-2.40330505,21.506424,-45.7443542,2
25.8168541,-0.0268348501,-0.0122020971,-0.00533247414,-0.999551171,0.0241443268,0.0538016987,0.0100199446,0.236409385,-0.527359923,-9.78960593,0.02021874,0.0782992279,0.127206576,-0.0222301744,0.14691633,0.047165256,-2.33348846,21.4825439,-45.7323608,2
25.8268121,-0.0267137324,-0.0128524616,-0.0055530133,-0.999545066,0.0254357749,0.0535715192,0.0104294507,0.249055041,-0.525105897,-9.78941362,-0.0557236225,0.108067649,0.0578816956,-0.0246251542,0.113939464,0.0309255682,-2.17866516,21.412796,-45.7665405,2
25.8367701,-0.0266055442,-0.0132513256,-0.00566626947,-0.999542108,0.0262293462,0.0533622161,0.0106375745,0.256826424,-0.523056271,-9.78932243,-0.16928881,0.154500643,-0.119529466,-0.0200144686,0.0465934314,0.00665020943,-2.10308075,21.486969,-45.7724304,2
25.8467271,-0.0265155558,-0.0133188226,-0.00567990044,-0.999543547,0.0263646016,0.0531832721,0.0106635827,0.258152942,-0.521303911,-9.78938089,-0.178695776,0.138981624,-0.278386149,-0.0179747529,-0.0181578659,-0.00437287986,-2.06575775,21.5530396,-45.7601624,2
25.8566851,-0.0264174607,-0.0131003891,-0.00565939152,-0.999549085,0.025929239,0.0529841649,0.0106366482,0.253893677,-0.519354092,-9.78959599,-0.122362589,0.0851075196,-0.278470904,-0.0238946043,-0.0657112449,-0.00777138397,-2.0343399,21.517807,-45.5110168,2
25.8666431,-0.0262671653,-0.0127202729,-0.00562017603,-0.999558252,0.0251716274,0.0526784645,0.0105820121,0.24648088,-0.516360354,-9.78994378,-0.085321546,0.0336311976,-0.155719554,-0.0368418247,-0.0819163173,-0.0126449689,-2.07377625,21.5579376,-45.4493103,2
25.8766001,-0.026079893,-0.0123144478,-0.00555028072,-0.999568598,0.024364488,0.0522978177,0.0104679566,0.238583733,-0.512632638,-9.79033541,-0.0582707863,0.012844832,-0.0674906509,-0.038032569,-0.0802779421,-0.0179495644,-2.12805939,21.510788,-45.7324524,2
25.8865581,-0.0259031568,-0.0119468196,-0.00545902695,-0.999578163,0.0236348166,0.0519382438,0.0103086109,0.231444273,-0.509111223,-9.7906908,-0.0197074295,0.00962265508,-0.0195505036,-0.0346442312,-0.0663634613,-0.0176267885,-2.20184326,21.6412659,-45.885437,2
25.8965151,-0.0257370245,-0.0116852239,-0.00538770988,-0.999585867,0.0231162672,0.051601542,0.0101832018,0.226371245,-0.505813716,-9.79098014,0.0348956646,-0.00414948436,0.0181482356,-0.0331319161,-0.0369625501,-0.00969252363,-2.2354126,21.5402832,-45.7261658,2
25.9064731,-0.025579401,-0.0115962618,-0.00536704676,-0.999591036,0.0229406384,0.0512848333,0.0101499718,0.224655326,-0.502711987,-9.79117946,0.0729735028,0.000380304554,0.040493923,-0.0304551721,0.00159629574,0.00368879596,-2.29805756,21.5357056,-45.630188,2
25.9164311,-0.0254273725,-0.0116967748,-0.00538816737,-0.999593736,0.0231421637,0.0509822155,0.010190537,0.226631996,-0.499748205,-9.79128584,0.0171272768,0.0406618269,0.0153115509,-0.0282201041,0.0384812914,0.0105238678,-2.34179688,21.4831085,-45.7857056,2
25.9263881,-0.025322646,-0.0119487042,-0.00543524741,-0.999593156,0.0236450915,0.0507763918,0.0102743492,0.231558694,-0.497732372,-9.79127298,-0.0256577162,0.0682742025,-0.0937871217,-0.0112879928,0.0621317625,0.0140986294,-2.38909149,21.629837,-45.8231506,2
25.9363461,-0.0253265295,-0.0122897158,-0.00551777344,-0.999588424,0.0243235842,0.0507896685,0.0104221212,0.238201803,-0.497862391,-9.79110698,-0.0686627452,0.0731926255,-0.239251239,0.0135637317,0.0724932104,0.0142016029,-2.22929382,21.6551819,-45.6881104,2
25.9463031,-0.0254607108,-0.01264494,-0.005574946,-0.999580333,0.0250306187,0.0510632292,0.0105152139,0.245120971,-0.500541621,-9.79079952,-0.132893134,0.0673425477,-0.301807941,0.0404195786,0.0687775686,0.00634341314,-2.20941162,21.7325287,-45.8651123,2
25.9562611,-0.0256948306,-0.0129166593,-0.00561086581,-0.999570608,0.0255706172,0.0515353513,0.0105673565,0.250401871,-0.505165481,-9.79042835,-0.146104845,0.0161515454,-0.308164616,0.0508686677,0.040424902,0.000234298874,-2.09381866,21.7498474,-45.7448425,2
25.9662191,-0.0259331534,-0.0130335246,-0.00559703137,-0.999563013,0.0258031156,0.0520129891,0.0105276017,0.25267188,-0.509843227,-9.7901279,-0.0933081974,-0.0655115694,-0.191897367,0.0410623737,0.00483042421,-0.00360278366,-2.16004944,21.7008057,-45.9088135,2
25.9761761,-0.0260766668,-0.0129733868,-0.00556529541,-0.999560214,0.0256830489,0.0522986362,0.0104635875,0.251492662,-0.512640639,-9.79001217,-0.048434799,-0.103415622,-0.0115501525,0.0151890144,-0.0307759382,-0.00883884542,-2.16004944,21.7008057,-45.9088135,2
25.9861341,-0.02606653,-0.0127333227,-0.00550640189,-0.99956391,0.0252055699,0.0522743593,0.0103585088,0.246818423,-0.512402921,-9.79014369,-0.0307420885,-0.0387106197,0.100060795,-0.0201314259,-0.0638760999,-0.0146903433,-2.11650085,21.5955353,-45.8236389,2
25.9960911,-0.0258805785,-0.0123669675,-0.00543098012,-0.999573821,0.0244776762,0.0518967191,0.0102311553,0.239696882,-0.508704542,-9.7905131,-0.0774901034,0.0235812205,0.14367665,-0.0549840927,-0.0835536122,-0.0203112811,-2.07038116,21.5873032,-45.7600708,2
26.0060491,-0.0255509382,-0.0119451455,-0.00536101071,-0.999587722,0.0236396989,0.0512312921,0.0101206328,0.231500534,-0.502187598,-9.79104677,-0.0989219821,0.01871029,0.0978226608,-0.0736139715,-0.0866942778,-0.0202851817,-2.02909851,21.7066727,-45.8160706,2
26.0160071,-0.0252025728,-0.0115218031,-0.00528751069,-0.999601886,0.0227989851,0.0505284201,0.0100029865,0.223276968,-0.49530372,-9.79158862,-0.0914466047,-0.015856581,-0.0599526567,-0.0628364086,-0.0827520043,-0.0144937346,-2.13607788,21.5389633,-45.9245911,2
26.0259641,-0.0249772792,-0.0111562208,-0.00527527189,-0.999611797,0.0220697082,0.0500737932,0.0100018471,0.21614107,-0.490850978,-9.79197266,-0.0706936848,-0.0253970012,-0.249309107,-0.0263857245,-0.0614102371,-0.00490395864,-2.09731293,21.7419357,-45.5798035,2
26.0359221,-0.02496272,-0.0109403124,-0.00528802667,-0.999614526,0.0216369563,0.0500427846,0.010038512,0.211903889,-0.490547283,-9.79208079,-0.0627155638,-0.0535332911,-0.368162866,0.0210240409,-0.0249604657,0.00144732464,-2.19836426,21.5977554,-45.4973145,2
26.0458801,-0.0251768728,-0.0109049471,-0.00529804801,-0.999609472,0.0215637283,0.050471056,0.0100558273,0.211182279,-0.494741885,-9.79188498,-0.0609465265,-0.0590650967,-0.374792513,0.0623461828,0.0101213548,0.00391500955,-2.33622742,21.7197342,-45.6357727,2
26.0558371,-0.0255659446,-0.0110105005,-0.00529321555,-0.999598462,0.0217718109,0.0512503524,0.0100325335,0.213211337,-0.502374279,-9.79145243,-0.0798846156,-0.0261439471,-0.292625102,0.0887443274,0.0292969421,-0.000764741329,-2.39887238,21.5388107,-45.6940308,2
26.0657951,-0.0260081645,-0.0111648621,-0.00528699878,-0.999585315,0.0220772436,0.0521364323,0.0100026156,0.216192052,-0.511052128,-9.79093805,-0.085109876,0.00662555562,-0.15801731,0.0846230835,0.029883638,-0.000508012483,-2.34334564,21.5497971,-45.842926,2
26.0757521,-0.0263736789,-0.011311066,-0.0052725722,-0.999574299,0.0223675024,0.0528688055,0.00995810458,0.219025521,-0.518224394,-9.79049849,-0.0620560404,0.0561452272,-0.0121118781,0.0607508644,0.0302757695,0.00419868156,-2.41407776,21.5157394,-45.6324158,2
26.0857101,-0.0265930299,-0.0114602285,-0.00530762058,-0.999566498,0.0226623616,0.0533099038,0.0100155106,0.221907123,-0.522543974,-9.79020389,-0.0172032464,0.0881477641,0.0718400783,0.0259769056,0.0299673751,0.0166598782,-2.40100861,21.5073166,-45.8007202,2
26.0956681,-0.0266602034,-0.0116120446,-0.00537736293,-0.99956263,0.0229620126,0.0534474134,0.0101455244,0.224839103,-0.523890567,-9.79006478,0.000514744589,0.0797679122,0.0878618233,0.00282319915,0.0322263911,0.0208979882,-2.384758,21.2893295,-45.8735962,2
26.1056251,-0.0266759671,-0.0117753209,-0.00547646067,-0.999559667,0.023283485,0.0534829093,0.0103348234,0.227985895,-0.524238174,-9.78997359,-0.0527606263,0.0284905468,0.0157949505,0.00418487331,0.0348591916,0.0178316254,-2.28865051,21.4408951,-45.7206726,2
26.1155831,-0.0267229425,-0.0119544005,-0.00554520674,-0.999556042,0.0236379385,0.0535803698,0.0104617804,0.231454777,-0.525192553,-9.7898409,-0.0807700567,0.0313902502,-0.0781605135,0.0171543825,0.0372611582,0.0173979718,-2.3481369,21.3355789,-45.8034058,2
26.1255401,-0.0268563047,-0.0121014087,-0.00557006673,-0.999550477,0.0239297219,0.0538492967,0.0105005409,0.234307883,-0.527826043,-9.78963165,-0.0875137588,0.0560204318,-0.153338796,0.0349962264,0.0209732614,0.0084119346,-2.40606689,21.308754,-45.8229675,2
26.1354981,-0.0270499002,-0.0121459139,-0.00556769638,-0.999544736,0.0240171793,0.0542370075,0.0104888472,0.235159129,-0.531622622,-9.78940544,-0.0837262396,0.0319844167,-0.120195236,0.0386516899,-0.000644329237,0.00685838051,-2.37830353,21.2883377,-45.7340088,2
26.1454561,-0.0272125423,-0.0121052599,-0.00552093159,-0.999541024,0.0239368327,0.0545608357,0.0103936188,0.234368454,-0.53479358,-9.78925171,-0.0458254202,0.0249800179,-0.0311649536,0.0241867285,-0.0159764141,0.0048346445,-2.52883148,21.1752853,-45.7355042,2
26.1554131,-0.0272922584,-0.0119894148,-0.00549696721,-0.999540436,0.0237054571,0.0547185441,0.010350121,0.232101441,-0.536337887,-9.78922131,-0.04700009,0.00647288581,0.0633756168,0.0065544229,-0.0278392993,0.0026817664,-2.39320374,21.3211288,-45.7579346,2
26.1653711,-0.0272949141,-0.0118386161,-0.00547103088,-0.99954232,0.0234049003,0.0547216887,0.0103063952,0.229159177,-0.536368648,-9.78928912,-0.0238567495,0.0129380998,0.133773095,-0.00394029543,-0.0303253606,0.00235046935,-2.37956238,21.2136459,-45.6917419,2
26.1753281,-0.0272699166,-0.0116884239,-0.00544970882,-0.999544875,0.023105555,0.0546696362,0.0102725,0.226229443,-0.535858981,-9.78938498,0.0263584849,-0.00687485421,0.131624393,-0.00395148527,-0.0300697833,0.000766020734,-2.36906433,21.2083969,-45.9152222,2
26.1852861,-0.0272650562,-0.0115227274,-0.00540432436,-0.999547231,0.022776301,0.0546571778,0.0101908137,0.223006371,-0.535736962,-9.78946564,0.0210521952,-0.0213620831,0.116741296,0.00230694376,-0.0362235531,-0.00256692525,-2.44529724,21.3341751,-45.7770081,2
26.1952441,-0.0272728466,-0.0113313142,-0.00536332363,-0.99954943,0.0223951994,0.0546698924,0.0101190303,0.219275423,-0.535861465,-9.78954338,-0.0299842559,-0.0216864562,0.136870477,0.000719392207,-0.037584886,-0.000620397972,-2.41966248,21.3748093,-46.0010986,2
26.2052011,-0.0272623057,-0.0111215252,-0.00528025244,-0.999552513,0.0219797685,0.0546448526,0.00996442046,0.215208831,-0.535616295,-9.78964684,-0.0732031103,0.0217625171,0.100911275,-0.00347561901,-0.0437517017,-0.00907007512,-2.56248474,21.3004379,-45.7831421,2
26.2151591,-0.0272328128,-0.0108856996,-0.00519330668,-0.999556348,0.0215125771,0.0545816245,0.00980386568,0.210635897,-0.53499714,-9.78978011,-0.0803019095,0.0254828894,0.0410398664,-0.00814351812,-0.0492521673,-0.0130243804,-2.42942047,21.3722763,-45.9782715,2
26.2251171,-0.027183515,-0.0106374964,-0.00507522335,-0.999560889,0.0210224601,0.0544780754,0.00958202239,0.20583889,-0.533983177,-9.78993735,-0.0539570878,0.0319508067,-0.0532242252,-0.0107076094,-0.0478915572,-0.0125902854,-2.55550385,21.3057175,-46.0010071,2
26.2350741,-0.0271176563,-0.0104365331,-0.00500842797,-0.999565173,0.0206242622,0.0543430142,0.0094605785,0.201942029,-0.53266066,-9.79009049,-0.012950119,0.0304786518,-0.0963163479,-0.0138798803,-0.0312439278,-0.00143767777,-2.49214935,21.3343887,-46.0565186,2
26.2450321,-0.027059997,-0.0103415868,-0.00500680477,-0.999567787,0.0204347231,0.0542267313,0.00946364666,0.200087688,-0.531521975,-9.79019045,0.0170360914,0.0101863899,-0.104146603,-0.00668135565,-0.00499181775,0.00614407519,-2.47045898,21.4704208,-45.7584229,2
26.2549891,-0.0270766366,-0.0103985961,-0.00507718735,-0.99956628,0.0205449073,0.0542620011,0.00960113096,0.201166021,-0.531867354,-9.79014953,0.00727875883,0.0111302832,-0.154016842,0.014827664,0.0242438316,0.0118150115,-2.30506897,21.5577774,-45.8519592,2
26.2649471,-0.0272137297,-0.0105801842,-0.00515277952,-0.999560371,0.0209032142,0.0545396009,0.00973981191,0.204670796,-0.534585673,-9.78992917,-0.0114890152,0.0231260971,-0.166657712,0.0392131656,0.0453927927,0.0176135115,-2.36808014,21.3988571,-45.7603455,2
26.2749051,-0.0274575834,-0.010820311,-0.00522044261,-0.999550699,0.0213782064,0.0550312392,0.00985707631,0.209315261,-0.539399759,-9.78956676,-0.0450135375,0.0098340328,-0.121979197,0.0574261695,0.0489897132,0.014422955,-2.44919586,21.4097061,-45.7215271,2
26.2848621,-0.0277493622,-0.0110485334,-0.00528940846,-0.999539788,0.0218288272,0.0556187347,0.00997636083,0.21371967,-0.545152295,-9.78915292,-0.0881741041,0.0253130127,-0.097253921,0.0580927581,0.0404827818,0.00890888087,-2.30415344,21.4328842,-45.7884827,2
26.2948201,-0.0280017706,-0.0111865359,-0.00530892365,-0.999531112,0.0221018614,0.0561255208,0.0100022995,0.216386314,-0.550114411,-9.78881682,-0.108198692,0.0224939732,-0.0223223064,0.0438505709,0.016211221,0.00143278809,-2.3326416,21.2561722,-45.835144,2
26.3047777,-0.0281487579,-0.0111802533,-0.00533427116,-0.99952699,0.0220865604,0.0564200916,0.0100502363,0.21623295,-0.552998588,-9.78865783,-0.114330089,-0.0139765029,0.0632610506,0.0143491393,-0.0163214225,-0.00222026999,-2.18664551,21.4899979,-45.9260254,2
26.3147357,-0.0281378318,-0.0110394721,-0.00530779779,-0.99952904,0.0218062399,0.0563962409,0.0100054162,0.213489259,-0.552765071,-9.7887309,-0.0502349985,-0.00253832284,0.144138422,-0.0166238211,-0.0381848663,-0.0042157094,-2.35721588,21.4515915,-46.0649109,2
26.3246937,-0.0280188038,-0.0108217355,-0.00527614895,-0.999534813,0.0213730547,0.0561552426,0.00995682407,0.209251749,-0.550405429,-9.78895535,-0.0456981953,-0.00654397828,0.134337159,-0.028726289,-0.0483709276,-0.0066101579,-2.35721588,21.4515915,-46.0649109,2
26.3346507,-0.0278694453,-0.0105921644,-0.00521142141,-0.999541902,0.0209182878,0.0558527918,0.00984318041,0.204803501,-0.547444059,-9.78921547,-0.058159033,-0.0184835685,0.0693558603,-0.0276534706,-0.0399817638,0.000483129639,-2.57219696,21.4612808,-46.14328,2
26.3446087,-0.0277621688,-0.0104227332,-0.00515600272,-0.999546862,0.020583035,0.0556353534,0.00974384741,0.201524078,-0.545315011,-9.78940251,-0.0373719915,0.0329576092,0.0102858317,-0.0156162474,-0.0264952518,0.00280700391,-2.63988495,21.3288193,-45.8098755,2
26.3545657,-0.0277132778,-0.0103267541,-0.00514004046,-0.999549315,0.0203921557,0.0555362793,0.00971820714,0.199656585,-0.544344924,-9.78949487,-0.0536106307,0.0264509307,-0.0315203429,-0.00488785841,-0.00793269463,0.00271998043,-2.52716827,21.3212051,-45.6836853,2
26.3645237,-0.0277090976,-0.0103366634,-0.00514481182,-0.999549256,0.0204117678,0.0555281073,0.00972729217,0.199848655,-0.544264917,-9.78949545,-0.0626313561,0.00527205865,-0.0526186605,0.00455278112,0.0125395572,0.000289313262,-2.42127991,21.2899551,-45.5414734,2
26.3744817,-0.0277513334,-0.0104085419,-0.0051363927,-0.99954743,0.020555804,0.0556131351,0.00970559152,0.201257755,-0.545097459,-9.78942005,-0.0710734048,-0.00242474293,-0.105665776,0.0125361532,0.0153878871,-0.00286546373,-2.41470337,21.3766251,-45.7659302,2
26.3844387,-0.0278307326,-0.0104542661,-0.00510949197,-0.999544863,0.0206481838,0.0557718723,0.00964758308,0.202160311,-0.546651739,-9.78931483,-0.073921232,-0.0158342596,-0.0836246241,0.0177389048,0.00363402441,-0.00682238862,-2.39664459,21.4057693,-45.817749,2
26.3943967,-0.0279056237,-0.0104439775,-0.00502029112,-0.999543372,0.0206319395,0.0559197651,0.00946804678,0.201999623,-0.548099819,-9.78923709,-0.0792971346,-0.00660502429,0.0216425075,0.0103816483,-0.00440729689,-0.011720743,-2.58533478,21.1863327,-45.7779236,2
26.4043537,-0.0279238444,-0.0104301811,-0.0049549038,-0.999543282,0.0206078238,0.0559547371,0.00933752936,0.201763147,-0.54844224,-9.78922306,-0.0655932929,0.0203728894,0.0807353324,-0.00304334681,-0.00256865029,-0.00877715088,-2.47109222,21.3112564,-45.7728271,2
26.4143117,-0.0278776139,-0.010411596,-0.0048972631,-0.999545068,0.0205742119,0.0558608869,0.00922408791,0.201435175,-0.547523298,-9.78928093,-0.0375823464,0.0128699299,0.118501876,-0.0148343947,-0.00377805647,-0.00476700487,-2.49240875,21.1836777,-45.8709717,2
26.4242697,-0.0277878115,-0.0104092805,-0.00486475596,-0.99954782,0.0205721161,0.0556805368,0.00916093537,0.20141669,-0.545757421,-9.7893803,-0.0248446645,0.012151516,0.0832867705,-0.0189963821,0.00509586232,0.00155906775,-2.53422546,21.2727432,-45.6901855,2
26.4342267,-0.027707364,-0.0104607683,-0.00483218015,-0.999549647,0.0206776721,0.0555193862,0.00909446528,0.202451823,-0.544179541,-9.78944694,-0.00762402861,-0.00199595959,-0.000294599032,-0.0111733507,0.0175591037,0.00282473443,-2.60480499,21.2214432,-45.8189697,2
26.4441847,-0.0276887303,-0.0105412704,-0.0047948124,-0.999549548,0.0208410948,0.0554820628,0.00901555083,0.204052062,-0.543814068,-9.78943349,-0.0385532372,-0.00565342265,-0.0996668274,0.00474196579,0.0173505787,-0.00288241985,-2.57304382,21.253334,-45.7309875,2
26.4541427,-0.0277559365,-0.0106095874,-0.00473166793,-0.999547221,0.0209808801,0.0556158071,0.00888394568,0.205418948,-0.545123616,-9.78933237,-0.0644606904,0.00897387231,-0.144210318,0.0208494663,0.0123939682,-0.0120841311,-2.5280838,21.2482986,-45.6772461,2
26.4640997,-0.0278872865,-0.0106683967,-0.00462172016,-0.999543508,0.0211037796,0.0558767972,0.00865781575,0.206619044,-0.54767911,-9.78916461,-0.0996285412,0.00255107272,-0.147670103,0.0312879905,0.00983227324,-0.01929464,-2.50341034,21.2595596,-45.7463379,2
26.4740577,-0.0280620283,-0.0106765962,-0.00447951371,-0.999539064,0.0211268937,0.0562234554,0.00836900559,0.206841291,-0.551073319,-9.78896938,-0.135464519,0.0224054182,-0.0815758749,0.0366108045,-0.00700557698,-0.0239395704,-2.4993515,21.1611557,-45.6383362,2
26.4840147,-0.0282226177,-0.0105988686,-0.00433952119,-0.999535977,0.0209780151,0.0565411529,0.00808977522,0.205380242,-0.554183925,-9.78882442,-0.0950976929,0.0473631146,-0.0693009152,0.0268047825,-0.0232090484,-0.0253571719,-2.43068695,21.1686172,-45.6307068,2
26.4939727,-0.0283079866,-0.0104521152,-0.00418271806,-0.99953587,0.0206924557,0.0567075205,0.00778238495,0.20258303,-0.555812805,-9.78879052,-0.0957421465,0.0687441581,-0.0165127434,0.00528244255,-0.0371486507,-0.0230755098,-2.52461243,21.1434402,-45.6259155,2
26.5039307,-0.0282703276,-0.0102432757,-0.00409418906,-0.999539443,0.0202795234,0.0566287523,0.00761773002,0.198541792,-0.555041601,-9.78891677,-0.0499520168,0.0257751503,0.0120446581,-0.0196934808,-0.0463131182,-0.0079013491,-2.4286499,21.2659988,-45.6832581,2
26.5138877,-0.0281411188,-0.0100056889,-0.00404684847,-0.99954562,0.019807271,0.0563674917,0.00753892158,0.193921786,-0.552483587,-9.78915409,0.0511842255,0.00316569749,-0.009265841,-0.0305306334,-0.0451145992,0.0119514298,-2.7057724,21.2444687,-45.8801575,2
26.5238457,-0.0280195748,-0.00978663636,-0.004086051,-0.999551078,0.0193672096,0.0561234284,0.00763208933,0.189616545,-0.550093916,-9.78937329,0.0936470557,-0.0432173931,-0.0488502479,-0.0169599634,-0.0396540537,0.0261063967,-2.75491333,21.2791672,-45.818634,2
26.5338027,-0.0279950619,-0.00963176792,-0.00416632253,-0.999552978,0.0190527492,0.0560747351,0.00780197831,0.186538672,-0.549617165,-9.78945921,0.0805640858,-0.0978629929,-0.0640273588,0.00687316246,-0.0191317555,0.0313893333,-2.77754974,21.1181107,-45.9553528,2
26.5437607,-0.0280841416,-0.00954621669,-0.0042433009,-0.99955094,0.0188764993,0.0562537395,0.00795927026,0.184811428,-0.551369817,-9.78939316,0.0480243185,-0.0464306195,-0.0742687668,0.0289742053,-0.0119793043,0.0250366293,-2.76881409,21.1387863,-45.9442749,2
26.5537187,-0.0282570319,-0.00944784169,-0.004302157,-0.999546739,0.0186749752,0.0565999556,0.00807950393,0.18283505,-0.554759642,-9.78923885,-0.0203289772,0.0326757965,-0.0587111322,0.0347601436,-0.0230096001,0.0162142646,-2.64611816,21.0821915,-45.858551,2
26.5636757,-0.0283914892,-0.00930425246,-0.0043098764,-0.999544264,0.0183860528,0.0568679472,0.00810068488,0.180003973,-0.557383525,-9.7891424,-0.0222863036,0.0987460228,-0.0101753571,0.0165893938,-0.0306901559,0.00854143128,-2.68565369,20.9543839,-45.5805969,2
26.5736337,-0.0284037272,-0.00916684137,-0.00426723,-0.999545359,0.01811323,0.0568905445,0.00802290059,0.177333036,-0.557604766,-9.78917864,-0.000611409897,0.11318291,0.00736848294,-0.00910314918,-0.0196419246,0.00582618173,-2.80518341,20.945015,-45.6280212,2
26.5835917,-0.02833332,-0.00909582422,-0.00425137052,-0.999548058,0.0179724136,0.0567488237,0.00799642609,0.175955976,-0.556217184,-9.7892821,-0.00716510586,0.0377246774,-0.035474049,-0.0153882094,-0.00884387083,0.0059412308,-2.69788361,20.9614182,-45.8069458,2
26.5935487,-0.0282845988,-0.00908886923,-0.00424095782,-0.99954955,0.0179594179,0.0566511044,0.00797682616,0.175829737,-0.555260432,-9.7893388,0.0269288504,-0.0030356779,-0.108141226,-0.00227475492,0.00776237017,0.00599500537,-2.69513702,20.9887314,-45.8711243,2
26.6035067,-0.0283264847,-0.00920472602,-0.00427134321,-0.999547251,0.0181894024,0.0567363874,0.00803035129,0.178080256,-0.556095421,-9.78925054,0.0344047758,0.00707684305,-0.181701552,0.0185213387,0.0381511711,0.00966271013,-2.61096191,21.1900406,-45.7205811,2
26.6134637,-0.028478693,-0.00948386575,-0.00430808385,-0.999540044,0.0187452162,0.0570438344,0.00808526755,0.183518027,-0.559105599,-9.78897873,-0.00694600148,-0.0026322482,-0.173144736,0.0412059315,0.0717394128,0.0120468847,-2.6058197,21.012352,-45.6357727,2
26.6234217,-0.0287374187,-0.00991147013,-0.00438546986,-0.999528127,0.0195952434,0.0575664391,0.0082108341,0.191833106,-0.564222175,-9.78852573,-0.0423455056,-0.0275927942,-0.0972825626,0.0603260957,0.0966112018,0.010795733,-2.42139435,21.0007095,-45.6594849,2
26.6333797,-0.0290623256,-0.0103873033,-0.0044152211,-0.999513873,0.0205441262,0.0582210059,0.0082364396,0.201113542,-0.570630508,-9.7879681,-0.0824512878,-0.00397610056,0.0098988782,0.0683063418,0.0913222879,0.00214094552,-2.48453522,21.0398331,-45.7430725,2
26.6433367,-0.0293782789,-0.0107760361,-0.00439822083,-0.99950064,0.0213214166,0.0588559819,0.00817312899,0.208713806,-0.576846862,-9.78744436,-0.0831682404,0.017054376,0.135220956,0.0556030646,0.0642091781,-0.00213156361,-2.50790405,20.9328537,-45.8388672,2
26.6532947,-0.0295622612,-0.0109945086,-0.00435436951,-0.999492907,0.0217602828,0.0592249058,0.00806851158,0.213004526,-0.58045844,-9.78713866,-0.0497502655,0.0303923618,0.242953016,0.0175135043,0.0251180753,-0.0057461625,-2.47764587,20.9976273,-46.0224609,2
26.6632517,-0.0295412488,-0.0110329264,-0.00428923916,-0.999493432,0.0218412276,0.0591817552,0.00793625728,0.213797284,-0.580036013,-9.78714626,-0.0307908596,0.0343094622,0.300870368,-0.0284989942,-0.00882284716,-0.0076732263,-2.46816254,21.0442123,-45.961731,2
26.6732097,-0.0292940791,-0.0109174421,-0.00424449717,-0.999502164,0.0216142255,0.0586853482,0.00785874491,0.211581781,-0.575176371,-9.78748119,0.00105288832,0.0496508967,0.223842658,-0.0672269985,-0.03676413,-0.00961198471,-2.46816254,21.0442123,-45.961731,2
26.6831677,-0.02891213,-0.0106924095,-0.00417836819,-0.999515992,0.0211699335,0.0579180018,0.00774747916,0.207242547,-0.567664059,-9.78801252,-0.0101701877,0.0280726501,0.0280494519,-0.0821092725,-0.0509947278,-0.00931397639,-2.42593384,20.9462967,-45.7574463,2
26.6931247,-0.0285490002,-0.0104584793,-0.0041042562,-0.999529313,0.0207080995,0.0571881406,0.00762002132,0.202730604,-0.560518425,-9.78851872,-0.00700500166,-0.0236649898,-0.182283151,-0.0608923994,-0.0394123755,-0.00296793017,-2.57250214,21.0803299,-45.9668274,2
26.7030827,-0.0283393022,-0.0103200861,-0.00411261557,-0.999536595,0.0204318421,0.0567677092,0.00764888715,0.200031245,-0.556402112,-9.78880922,0.00721647072,-0.0630958135,-0.367543857,-0.0204765312,-0.0127650527,0.00730015384,-2.39369202,21.0585403,-45.8704529,2
26.7130397,-0.028355668,-0.0103564507,-0.00412340821,-0.999535667,0.0205039417,0.0568009492,0.00766810067,0.200736635,-0.556727545,-9.78877649,0.00576289264,-0.0920993148,-0.413515335,0.0246148258,0.0310839079,0.0165741891,-2.65293884,21.0939713,-45.9313049,2
26.7229977,-0.0285696486,-0.0106382865,-0.00419815603,-0.999526356,0.0210626574,0.0572327961,0.00779731679,0.206200655,-0.560955648,-9.78842168,-0.00523773626,-0.0676701357,-0.314061858,0.0571117811,0.0837220848,0.0302471258,-2.63918304,21.117424,-45.9156799,2
26.7329557,-0.0288769355,-0.0111435972,-0.00435548421,-0.999511336,0.0220634595,0.0578549903,0.00807672691,0.215989095,-0.567047169,-9.78785937,0.000835427911,-0.0657685033,-0.165734752,0.0632910654,0.119635068,0.0410879441,-2.54136658,21.1462936,-45.9363708,2
26.7429127,-0.0291706272,-0.0117535662,-0.00455851771,-0.999494866,0.0232711488,0.0584522215,0.00844122867,0.227801697,-0.572894105,-9.78725089,-0.0217511007,-0.0261034324,0.00140051445,0.053837914,0.123781875,0.0431247279,-2.44254303,21.0399704,-45.6361694,2
26.7528707,-0.0294262832,-0.0122735545,-0.00467554698,-0.999480682,0.0243038286,0.0589709478,0.00863903194,0.237901414,-0.577972322,-9.78671196,-0.113104054,0.0684580712,0.0291436769,0.049782224,0.0838960856,0.0205401666,-2.51905823,20.8578415,-45.9172058,2
26.7628277,-0.0296732589,-0.0125341214,-0.00468997287,-0.99947006,0.0248230484,0.0594676812,0.0086465103,0.242975685,-0.582835069,-9.78629929,-0.230256854,0.156070413,-0.0538695374,0.0493284203,0.0179652721,-0.0154447304,-2.21925354,21.0120468,-45.9780884,2
26.7727857,-0.0298918654,-0.0124675804,-0.00451971566,-0.999465204,0.0246984229,0.059900273,0.00830422738,0.241749815,-0.587069784,-9.78607658,-0.319711408,0.151326872,-0.118586047,0.0364329219,-0.0463089645,-0.0379890725,-2.31078339,21.0125656,-46.093811,2
26.7827437,-0.0300033312,-0.0120999226,-0.00427318462,-0.999467323,0.0239761364,0.0601143082,0.00782996412,0.234678378,-0.589164966,-9.78612276,-0.270891062,0.109877512,-0.0467144049,0.00618234323,-0.101791926,-0.0374623016,-2.39315033,21.0048752,-45.7388,2
26.7927007,-0.0299386828,-0.0115450897,-0.0040607566,-0.999476798,0.0228780782,0.0599757511,0.00743941908,0.223934373,-0.587808656,-9.78645594,-0.12517392,0.0366951152,0.0511830747,-0.0312183909,-0.115784377,-0.0206435956,-2.43592834,20.8919754,-45.6979675,2
26.8026587,-0.0297465752,-0.0109837606,-0.00401606353,-0.999489034,0.0217576961,0.0595862284,0.00738774276,0.212974624,-0.583995564,-9.78692882,0.0140252374,-0.0564516263,0.0922077436,-0.0453669652,-0.102054186,0.0139303599,-2.35042572,20.8896103,-45.6286316,2
26.8126167,-0.0295685796,-0.0106131089,-0.0041482314,-0.999497732,0.0210086252,0.0592301337,0.00767820639,0.205647825,-0.580509622,-9.78729297,0.205256652,-0.142387852,-0.0142693484,-0.0244079828,-0.0376199186,0.0567736067,-2.53605652,20.9230881,-45.793335,2
26.8225737,-0.0295738418,-0.0106410115,-0.00449861659,-0.999495806,0.021043685,0.059248259,0.00837810424,0.205990738,-0.580687061,-9.78727485,0.241874226,-0.208948784,-0.102872345,0.0284760054,0.0590381809,0.0915145427,-2.47853088,20.8695297,-45.8175964,2
26.8325317,-0.0298697158,-0.0111819583,-0.00501421787,-0.999478654,0.022094072,0.0598561596,0.00937212459,0.216263217,-0.586637969,-9.78669851,0.179378242,-0.180402635,-0.111230424,0.0879795551,0.159968704,0.101829238,-2.28913116,20.8733139,-45.7688293,2
26.8424887,-0.0304038626,-0.0121464233,-0.00551297305,-0.999448637,0.0239910606,0.0609458464,0.0103005765,0.234812599,-0.597304653,-9.78562592,0.0164285722,-0.0727707833,-0.0497545033,0.125728801,0.227786899,0.0826030746,-2.25532532,20.9792557,-45.8096313,2
26.8524467,-0.0310759703,-0.0133593373,-0.00587887393,-0.999410354,0.0263918158,0.0623126863,0.0109419604,0.258282998,-0.610683336,-9.78420845,-0.168051888,0.0250035084,0.104900052,0.141885296,0.252822101,0.0596393459,-2.21350861,20.9460373,-45.8224792,2
26.8624047,-0.0317604853,-0.0145482322,-0.00613264183,-0.999370803,0.0287508744,0.0637025171,0.0113567272,0.281339117,-0.624285891,-9.78271441,-0.209513432,0.0635955432,0.207853061,0.13137114,0.224272728,0.0367215127,-2.06027222,20.8659439,-45.8370972,2
26.8723617,-0.0323073176,-0.0155298529,-0.00627078477,-0.999337597,0.0307032241,0.0648119682,0.0115543217,0.300416395,-0.635143385,-9.78144834,-0.157812161,0.0704129681,0.293676072,0.0855481699,0.16564402,0.014410127,-1.93894958,20.85009,-46.0720215,2
26.8823197,-0.0325449952,-0.016155599,-0.00633934303,-0.999319489,0.0319500946,0.0652969187,0.0116435663,0.312602489,-0.639889118,-9.78075685,-0.160870324,0.0809944218,0.393541053,0.00961718615,0.0871585235,0.00147701753,-1.74166107,20.9146347,-46.0714722,2
26.8922767,-0.0323942055,-0.0164169997,-0.00635105595,-0.999320141,0.032474473,0.0649986528,0.0116547191,0.317737441,-0.636970308,-9.78078198,-0.141315071,0.0771777861,0.444891885,-0.0683881193,0.0203523282,-0.00252690888,-1.75889587,20.8618698,-46.1659851,2
26.9022347,-0.0319198247,-0.0163589306,-0.00637236103,-0.999336141,0.0323613243,0.0640495422,0.0117162042,0.316650194,-0.627682109,-9.78141794,-0.0986285704,0.097817181,0.321478271,-0.118318133,-0.0386569276,-0.00269282376,-1.67498779,21.0387344,-46.0571899,2
26.9121927,-0.0313081491,-0.0160585709,-0.0063797831,-0.999360398,0.0317651148,0.0628224641,0.0117693653,0.310842567,-0.615672742,-9.78236721,-0.0462836488,0.0973298358,0.0864490339,-0.121871151,-0.0772981793,-0.00506738853,-1.69689941,21.0908432,-45.9866333,2
26.9221497,-0.030777688,-0.0156264175,-0.00635963382,-0.99938387,0.0309059349,0.0617554522,0.0117722533,0.302457765,-0.605229235,-9.78328198,-0.0229351228,0.0526193546,-0.182582427,-0.0898820534,-0.0908621922,-0.00854707509,-1.77346802,21.1349106,-45.8961182,2
26.9321077,-0.0304473607,-0.0151914278,-0.00629662511,-0.999401016,0.0300417716,0.0610875421,0.0116826859,0.294015387,-0.598691614,-9.78394132,0.0251612562,0.0571549157,-0.339341845,-0.045100119,-0.0842315108,-0.0106900316,-1.9046402,21.0668259,-45.9128113,2
26.9420647,-0.0303162711,-0.0148042593,-0.00624218811,-0.999411229,0.0292708975,0.0608191532,0.0116011151,0.286477813,-0.596064517,-9.78432536,0.0534984573,0.0715865054,-0.375918302,-0.0101059144,-0.0720193237,-0.0114157433,-1.88292694,21.0795364,-45.9274597,2
26.9520227,-0.030294102,-0.0144524449,-0.00619239099,-0.999417335,0.0285694772,0.0607692875,0.0115234436,0.279615654,-0.595576404,-9.78455332,0.0590138597,0.093992983,-0.331397023,-0.000941403909,-0.0709546655,-0.0115001891,-1.88596344,21.0588455,-45.9157715,2
26.9619807,-0.0302818828,-0.0141171168,-0.00611069642,-0.999423021,0.027902924,0.0607386915,0.0113805869,0.27309418,-0.59527691,-9.78475615,0.0719697509,0.0926460254,-0.238269827,-0.00724750292,-0.0654847994,-0.0101044253,-2.04811859,21.0267105,-45.749054,2
26.9719377,-0.0302128941,-0.0138265748,-0.00604330677,-0.999429546,0.0273257497,0.0605955103,0.0112651503,0.267448959,-0.593875372,-9.78499697,0.0677389084,0.0400683545,-0.175630123,-0.0230937488,-0.0500236973,-0.00664249295,-2.08052063,21.0517807,-45.7226257,2
26.9818957,-0.0300852142,-0.0136337398,-0.00601341408,-0.999436203,0.0269425582,0.0603370785,0.0112203525,0.263703525,-0.591345671,-9.78525182,0.073728906,0.0126987746,-0.135571669,-0.0279209949,-0.027036624,-0.0044770767,-2.03400421,21.0858841,-45.7030029,2
26.9918527,-0.0299737471,-0.0135751137,-0.00601870456,-0.99944029,0.0268258914,0.0601135483,0.0112374116,0.262565461,-0.58915755,-9.78541432,0.0199499878,-0.0291432385,-0.140945763,-0.0131250089,0.00285620848,-0.00312725431,-1.9551239,21.1293564,-45.7399902,2
27.0018107,-0.0299892854,-0.0136660232,-0.00601739661,-0.999438612,0.0270079008,0.0601456236,0.0112289082,0.264345969,-0.589471511,-9.78534768,-0.023429811,-0.0967647493,-0.178721075,0.0199490525,0.0341315717,-0.00440157671,-1.9782486,21.0892258,-45.6403503,2
27.0117687,-0.0301833333,-0.0138988266,-0.00601195113,-0.999429592,0.0274726485,0.0605363183,0.011198765,0.268887321,-0.593295965,-9.78499288,-0.0590957658,-0.101020763,-0.196583479,0.0583023466,0.0544395223,-0.010214081,-1.93066406,21.1957016,-46.0562134,2
27.0217257,-0.0305286973,-0.0141942516,-0.00595265903,-0.999415398,0.028064721,0.0612289379,0.0110526304,0.274669101,-0.600075652,-9.78441888,-0.0936079658,-0.0872081087,-0.115754623,0.076033935,0.0604340285,-0.0130471513,-2.00595856,20.9270401,-45.9316711,2
27.0316837,-0.0308813087,-0.0144626659,-0.00587814835,-0.999401152,0.0286036969,0.0619352479,0.0108770738,0.279930437,-0.606989048,-9.78384312,-0.112935237,-0.0734113462,0.0297159238,0.0622266047,0.0414185561,-0.017911993,-2.00595856,20.9270401,-45.9316711,2
27.0416417,-0.0310960182,-0.0145558692,-0.00579437475,-0.999393637,0.0287936669,0.0623634258,0.0106974625,0.281781563,-0.61117996,-9.78352924,-0.138578742,-0.0343549087,0.165721893,0.0221662708,-0.00634204037,-0.0213032607,-1.8965683,20.9562302,-45.9700623,2
27.0515987,-0.0310810535,-0.0144013366,-0.00569233483,-0.999396818,0.0284906227,0.0623289154,0.0105031732,0.278817307,-0.61084218,-9.78363504,-0.139804338,0.0256113015,0.230321498,-0.0281178076,-0.0579624027,-0.0229180027,-1.93011475,21.1356735,-45.9052734,2
27.0615567,-0.0308341803,-0.0140160959,-0.0056165541,-0.999410432,0.0277258249,0.061828833,0.0103821602,0.271343153,-0.605947466,-9.78414941,-0.104796884,0.0669546444,0.186992644,-0.0690665767,-0.0947915241,-0.0181062035,-1.83748627,21.0773849,-45.9546509,2
27.0715137,-0.0304481553,-0.0135229752,-0.00557003303,-0.999429354,0.0267443286,0.0610501236,0.010329637,0.261752464,-0.598325374,-9.78488007,-0.069318871,0.0144412343,0.0930021088,-0.0841432065,-0.0964543,-0.0111130308,-1.87805176,21.2477341,-45.7982788,2
27.0814717,-0.0300819134,-0.0131059108,-0.00552770697,-0.999446148,0.0259147499,0.0603119541,0.0102796605,0.253646406,-0.591099697,-9.78553239,-0.0306867599,-0.0358800725,-0.111199444,-0.0601454638,-0.0677464828,-0.00346869277,-2.05755615,21.1497726,-45.7286987,2
27.0914297,-0.0298749776,-0.0128576213,-0.00555819717,-0.999455506,0.0254174501,0.059896159,0.0103608638,0.248786271,-0.587029525,-9.7859024,0.00739294153,-0.0478810741,-0.325110491,-0.0231761318,-0.0325544551,0.00708987517,-2.00091553,21.13517,-45.7324829,2
27.1013867,-0.0298580126,-0.0127653717,-0.00562701418,-0.999456821,0.0252287151,0.0598629981,0.0105046275,0.246939803,-0.586704896,-9.78596845,0.00489990087,-0.04985168,-0.344646966,0.0115134055,-0.00188469328,0.0144391339,-2.03199005,20.908226,-45.8474426,2
27.1113447,-0.0299817868,-0.01282695,-0.00569346854,-0.999451929,0.0253469309,0.0601129662,0.0106309484,0.248092936,-0.589151851,-9.78579251,0.000305120426,-0.0140355396,-0.291252645,0.0337223895,0.0269769914,0.0119049586,-2.14704132,20.9913254,-45.7843628,2
27.1213017,-0.0301762221,-0.0130032814,-0.00576911317,-0.999443312,0.0256937443,0.0605057928,0.0107669336,0.251480807,-0.592997165,-9.78547394,-0.0138566759,-0.00929240021,-0.212861829,0.0437494591,0.0439232141,0.00853339583,-2.01821136,21.1097488,-45.943512,2
27.1312597,-0.0304024725,-0.0132193347,-0.0058443092,-0.999433206,0.0261198071,0.0609627507,0.0108986537,0.255642895,-0.597470109,-9.785094,-0.0344789187,-0.0003302914,-0.0923345848,0.0445446856,0.0397369005,0.00686146598,-1.95461273,21.2548904,-46.2315369,2
27.1412177,-0.0306065074,-0.0133878925,-0.00585026685,-0.999424649,0.026455155,0.0613729623,0.010895016,0.258917789,-0.601485409,-9.78476141,-0.0482284079,0.0485762167,0.0286889189,0.0349080376,0.0259489175,0.00103952945,-2.16187286,21.0497665,-46.0611267,2
27.1511747,-0.0307392626,-0.0134558452,-0.00585357091,-0.999419628,0.0265898268,0.0616393991,0.0108940058,0.260231246,-0.604093327,-9.78456618,-0.0651041942,0.0558228999,0.10331249,0.0161558203,0.00249097496,-0.00547332317,-1.99655151,21.0060043,-46.0243835,2
27.1611327,-0.0307705341,-0.0134376894,-0.0058454073,-0.999418967,0.0265536751,0.0617015513,0.0108779663,0.259876532,-0.604701668,-9.78453812,-0.0672933017,0.0348834261,0.13785072,-0.00456437096,-0.0120131327,-0.0105298664,-1.9056015,21.0768661,-45.8112488,2
27.1710897,-0.0306955694,-0.0133303728,-0.0058144291,-0.999422957,0.0263413265,0.061549585,0.0108244891,0.257801206,-0.603214206,-9.78468484,-0.0560900812,0.0242680702,0.133358669,-0.0258873291,-0.0328306444,-0.0156128658,-1.91455078,21.0748215,-45.9972229,2
27.1810477,-0.0305461306,-0.0131147438,-0.00571798802,-0.999430963,0.0259167252,0.0612457594,0.0106484252,0.253651338,-0.600240304,-9.78497593,-0.0832144724,0.0183014169,0.0567360327,-0.0342648365,-0.0534906499,-0.0257914681,-2.03982544,21.1213303,-45.7931519,2
27.1910057,-0.0303615416,-0.0128168764,-0.00558299648,-0.999441155,0.0253300256,0.0608698431,0.0104009223,0.247916137,-0.596560703,-9.78534827,-0.0978300222,0.0132751132,-0.0563169305,-0.0406752825,-0.0656520575,-0.0297466815,-2.05122375,21.1858292,-45.9478149,2
27.2009627,-0.0301463748,-0.0125000996,-0.00544918514,-0.999452443,0.0247055726,0.0604327444,0.0101574542,0.24181203,-0.592282112,-9.78576094,-0.0879849565,-0.0147958199,-0.0650321519,-0.0464857668,-0.0635801181,-0.0313781351,-2.02911377,21.2623062,-45.7868958,2
27.2109207,-0.0299176622,-0.0122146178,-0.00533652815,-0.999463471,0.0241425562,0.059969527,0.00995452295,0.23630903,-0.58774772,-9.78616835,-0.108369244,-0.00750887779,-0.0379892467,-0.0442091599,-0.0517529771,-0.0265276507,-2.01652527,21.2419968,-45.6323547,2
27.2208777,-0.0297109744,-0.0119944086,-0.00525708677,-0.99947275,0.0237080267,0.0595519231,0.00981345227,0.232062442,-0.583659756,-9.78651497,-0.0695563696,-0.00246898393,-0.0325549466,-0.0394375734,-0.0375751033,-0.0167282838,-2.05944061,21.2912827,-45.6641541,2
27.2308357,-0.0295162356,-0.0118669727,-0.00523692219,-0.99948008,0.0234556391,0.0591605758,0.00978513684,0.229597769,-0.57982869,-9.78680081,-0.0162149112,-0.0263514889,0.0468891769,-0.0378685258,-0.0102857212,0.002542926,-2.1618576,21.2170868,-45.6747131,2
27.2407937,-0.0293321959,-0.0119226215,-0.00531310772,-0.999484439,0.0235641527,0.058794707,0.00993864007,0.230664759,-0.576246996,-9.78698727,0.0154887341,-0.0347215866,0.108127782,-0.0360951275,0.0323357768,0.015366313,-2.14328003,21.3567505,-45.8315735,2
27.2507507,-0.0291704974,-0.012149252,-0.00541528389,-0.999485939,0.0240134283,0.0584759074,0.0101336947,0.23506619,-0.573126014,-9.78706559,-0.0136028838,-0.0426309715,0.122870593,-0.0288985111,0.0529785417,0.0173690338,-2.22157288,21.2620087,-45.7441406,2
27.2607087,-0.0290353043,-0.0123982252,-0.00551927344,-0.999486248,0.0245071616,0.0582105014,0.0103305842,0.239902068,-0.570527668,-9.78710008,-0.0826333116,-0.00422857748,0.115423199,-0.024457423,0.0422726348,0.00917129032,-2.08798981,21.2878265,-45.6801147,2
27.2706667,-0.0289052853,-0.0125309351,-0.00555555022,-0.999488161,0.024771989,0.0579526471,0.010398637,0.242497601,-0.568003265,-9.78718308,-0.127127355,0.0572918765,0.0538555088,-0.0276587605,0.00711314892,0.00148298964,-2.15174866,21.2127228,-45.8555603,2
27.2806237,-0.0287347701,-0.0124445824,-0.00553618403,-0.99949429,0.024601708,0.0576101304,0.0103689719,0.240835787,-0.564649936,-9.78741806,-0.0962862268,0.0317921821,0.0090495679,-0.0390874483,-0.0412887372,-0.0121705048,-2.12573242,21.2411041,-45.8578491,2
27.2905817,-0.0285109979,-0.0121503115,-0.00546282968,-0.999504723,0.0240186152,0.0571576214,0.0102443215,0.23513489,-0.560219625,-9.78781144,-0.0359676046,0.029456798,-0.0777957719,-0.0492656231,-0.0737431869,-0.026341144,-2.07627869,21.3207092,-45.9075623,2
27.3005387,-0.0282561644,-0.0117688375,-0.00533493723,-0.999517178,0.0232642239,0.0566408964,0.0100158677,0.227757694,-0.555160478,-9.7882738,-0.0469958339,-0.012263525,-0.142425773,-0.0526933782,-0.0775917247,-0.0343300924,-2.06118011,21.3062744,-45.6665344,2
27.3104966,-0.0280147234,-0.0114343702,-0.00514824075,-0.999528842,0.0226070641,0.0561502828,0.00966635339,0.221331314,-0.550356877,-9.7886929,-0.032040129,-0.0519326875,-0.14514906,-0.0447617248,-0.0543658733,-0.0308816768,-2.32183075,21.1902924,-45.7528381,2
27.3204546,-0.0278409522,-0.0112725063,-0.00502466109,-0.999536201,0.0222913091,0.05579831,0.00943180524,0.218244783,-0.546910609,-9.78895535,-0.00411371893,-0.0383203052,-0.157307115,-0.0228183419,-0.0122684874,-0.0198918767,-2.28375244,21.2908325,-45.5103149,2
27.3304116,-0.0278188851,-0.0112994183,-0.00491940141,-0.999537001,0.0223512551,0.0557520605,0.00922002902,0.218832154,-0.546457751,-9.78896704,-0.0446543488,0.0141985482,-0.185875623,0.0155572025,0.0192450155,-0.0164033547,-2.39497375,21.2738342,-45.6926575,2
27.3403696,-0.0279699188,-0.0114670184,-0.00485506387,-0.999531128,0.0226892723,0.0560543052,0.00907849525,0.222137224,-0.549417112,-9.78872739,-0.0757920308,0.0773122992,-0.174443544,0.0444639549,0.0490204841,-0.0127380453,-2.2828064,21.3575745,-45.6674805,2
27.3503266,-0.0282220775,-0.0117868106,-0.00480956502,-0.999520559,0.0233302682,0.0565606246,0.00896367556,0.22840518,-0.554374552,-9.78830361,-0.0855016518,0.0794265879,-0.159155374,0.0543189719,0.0762029365,-0.0102996565,-2.23504639,21.2842712,-45.4263611,2
27.3602846,-0.0284910872,-0.0121971752,-0.00477601842,-0.999508173,0.024151913,0.0571016829,0.00886688509,0.236440346,-0.559671964,-9.78781144,-0.0926389929,0.0568914425,-0.098146486,0.0544694401,0.0845647231,-0.00417891378,-2.26752472,21.1601715,-45.4271851,2
27.3702426,-0.028746767,-0.0125987883,-0.00477552742,-0.999495869,0.0249543061,0.0576167545,0.00883666927,0.244286713,-0.564714781,-9.78732863,-0.0974925886,0.0402367333,-0.0770814861,0.0489952154,0.075119704,-0.00883447565,-2.09936523,21.1647339,-45.7154541,2
27.3801996,-0.0289609094,-0.0129321723,-0.00473643458,-0.999485628,0.0256226518,0.0580471227,0.00873376242,0.250821722,-0.568928197,-9.78691946,-0.0845747279,-0.00926974999,-0.0691109456,0.0369068608,0.0562120639,-0.00835004635,-2.09936523,21.1647339,-45.7154541,2
27.3901576,-0.0291082011,-0.013198659,-0.00475077534,-0.999477843,0.0261544414,0.0583445078,0.00874319921,0.25602183,-0.571839591,-9.78661493,-0.0541610676,-0.0410742436,-0.0230278244,0.0231079236,0.049876295,-0.00191569235,-2.0243988,21.2223969,-45.5939941,2
27.4001146,-0.0292157553,-0.0134239031,-0.00477557914,-0.999471522,0.0266033116,0.0585623126,0.00877689034,0.260411407,-0.573971891,-9.78637469,-0.0196448674,-0.0714133408,0.00441489383,0.0232317615,0.038682498,0.00245908229,-2.09173584,21.3215332,-45.6121826,2
27.4100726,-0.0293502277,-0.0135667113,-0.00479326409,-0.999465518,0.0268873068,0.0588330729,0.00880037172,0.263186497,-0.576622588,-9.78614439,0.00945285147,-0.0554448969,0.00927227074,0.0293525439,0.0204054173,0.00222017383,-2.11857605,21.1952972,-45.6328735,2
27.4200306,-0.0295137772,-0.0136419407,-0.00478417646,-0.999459811,0.0270373344,0.0591607036,0.00877339506,0.264649556,-0.579829932,-9.78591526,0.0275923193,0.0137526676,0.0235579857,0.0343755335,0.00910429377,-0.00421908312,-2.13923645,21.1056824,-45.6341858,2
27.4299876,-0.0296581592,-0.0136465462,-0.00473015255,-0.999455665,0.0270487351,0.0594481405,0.00866110077,0.264756614,-0.582643784,-9.78574574,0.0186566235,0.0640016398,0.0365565835,0.0229475573,-0.00941100903,-0.0114408657,-2.15696716,21.0329132,-45.5911255,2
27.4399456,-0.0297311179,-0.0135650201,-0.00466019613,-0.999454943,0.0268891109,0.0595915203,0.00852393915,0.263192306,-0.584047368,-9.78570424,0.00406008905,0.0179700661,0.0390583372,0.00816035457,-0.026334865,-0.0169980843,-2.09264374,21.0734863,-45.5816956,2
27.4499026,-0.0297385089,-0.0134026534,-0.00456000704,-0.999457437,0.0265698479,0.0596022626,0.00833280879,0.260067927,-0.584152508,-9.7857814,0.0055384545,-0.0042207595,0.0148947868,-0.00316651608,-0.0402518027,-0.0204387996,-2.1001358,21.0571289,-45.5227661,2
27.4598606,-0.0296991188,-0.0132095227,-0.00441625788,-0.999461813,0.0261918757,0.0595180769,0.00805749411,0.256370442,-0.583328406,-9.78592811,-0.0153046097,-0.00773833917,-0.000969721815,-0.012287843,-0.0342895202,-0.0200180188,-2.25718689,20.8201447,-45.615387,2
27.4698186,-0.0296493789,-0.0130876506,-0.00430916797,-0.999465285,0.0259544831,0.0594147943,0.00785158113,0.254048886,-0.582317329,-9.78604853,-0.0176218371,-0.0120414432,-0.0282329918,-0.00642667199,-0.0139752496,-0.0202964991,-2.14228058,21.0091095,-45.6491089,2
27.4797756,-0.0296687304,-0.0130645123,-0.00418807007,-0.999465655,0.0259152317,0.0594501975,0.00760996681,0.253664234,-0.582663914,-9.786038,-0.0259161845,-0.0592796528,-0.0789706609,0.0155824907,0.0045403773,-0.0168026984,-2.2673645,20.9635773,-45.7902222,2
27.4897336,-0.0298089834,-0.0131396945,-0.00412616741,-0.9994607,0.0260686581,0.0597297574,0.00747792735,0.255161414,-0.585400609,-9.78583576,-0.00347132937,-0.0996385877,-0.122867086,0.0413229652,0.0246574357,-0.00520167872,-2.20675659,21.0060577,-45.7434082,2
27.4996906,-0.0300709357,-0.0132801563,-0.00412050388,-0.999451019,0.0263487767,0.0602547504,0.00745138152,0.257894455,-0.590539762,-9.78545524,0.030307186,-0.113503374,-0.108133627,0.0624942966,0.0287576392,0.00107326126,-2.150383,21.0302582,-45.6921082,2
27.5096486,-0.030394555,-0.0133944763,-0.00412164609,-0.99943965,0.0265757847,0.0609031045,0.00743829398,0.26010561,-0.596886281,-9.78501158,0.0128330137,-0.0486485878,-0.0723655635,0.0660646707,0.0165628865,0.00236323127,-2.19178772,21.082901,-45.4906616,2
27.5196066,-0.0306773119,-0.0133483021,-0.00410643547,-0.999431735,0.0264825884,0.0614680864,0.00740327288,0.259184714,-0.602416479,-9.78469711,0.0071698551,0.0290069718,-0.00923369229,0.0467207991,-0.0563941449,-0.00763880275,-2.14309692,21.1304474,-45.4900818,2
27.5295636,-0.0308047555,-0.0130021597,-0.0040976152,-0.999432475,0.0257890671,0.0617202804,0.00740368751,0.252394817,-0.604884988,-9.78472283,0.176017278,0.0325229075,-0.0298585472,-0.000873181969,-0.0874971375,-0.00250338693,-2.05506134,21.0623169,-45.5491333,2
27.5395216,-0.0306540515,-0.0124462036,-0.00404106603,-0.999444408,0.0246798541,0.0614132295,0.00732846965,0.241545908,-0.601879523,-9.78518168,0.112197022,0.000338145913,0.089562782,-0.0573612228,-0.137883887,-0.0195761137,-2.14904022,21.0122223,-45.5737305,2
27.5494796,-0.0302747714,-0.0116796015,-0.00386439663,-0.999465893,0.0231573758,0.0606446381,0.00703045279,0.226658537,-0.594356251,-9.78599767,-0.10814592,0.138112988,0.0323193843,-0.0900887698,-0.175617486,-0.0429570936,-2.26798248,21.1421509,-45.6515808,2
27.5594366,-0.0298334331,-0.0107390442,-0.0035608155,-0.999490843,0.0212942942,0.0597485087,0.00648886412,0.208437309,-0.585584149,-9.78693174,-0.0387486502,0.0886394566,-0.129402625,-0.0820686594,-0.206156492,-0.0753131658,-2.30166626,21.0900116,-45.3883667,2
27.5693946,-0.0295030434,-0.00969139746,-0.00315616786,-0.999512732,0.0192218273,0.0590728612,0.00574746535,0.188161341,-0.578969991,-9.78773604,-0.123218986,0.0755908822,-0.140868606,-0.0486639142,-0.215893388,-0.0775778741,-2.42982483,21.0745239,-45.3999939,2
27.5793516,-0.0293470312,-0.00867089986,-0.00277607332,-0.999527768,0.0172011933,0.0587482751,0.00504932684,0.168386764,-0.575792421,-9.78828374,-0.109729207,-0.0242525804,-0.128349901,-0.0135101881,-0.194264263,-0.0663236231,-2.53785706,21.0725861,-45.3989563,2
27.5893096,-0.0293408483,-0.00774740391,-0.00249248706,-0.999536272,0.0153684571,0.0587268557,0.00453586668,0.15044734,-0.575582723,-9.78858769,-0.0585702167,-0.0238637272,-0.0343728097,0.0112062497,-0.183352336,-0.0490086377,-2.51767731,21.0367279,-45.5141907,2
27.5992676,-0.0294058655,-0.00686260865,-0.00228873395,-0.999541342,0.0136082953,0.0588501337,0.00417901325,0.133216649,-0.576789578,-9.78876655,0.0502386883,0.0159496296,0.0461614472,0.0119852237,-0.170207247,-0.0317652002,-2.649086,21.0262299,-45.1777039,2
27.6092246,-0.0294375733,-0.00609319546,-0.00216928071,-0.999545647,0.0120743747,0.0589088978,0.00398477503,0.118200902,-0.577364858,-9.78892554,0.0541812519,0.116482828,0.0819341868,-0.000698294491,-0.143669978,-0.0238541681,-2.67089844,20.9625092,-45.1613464,2
27.6191826,-0.0294027168,-0.00545441651,-0.00207002922,-0.999550523,0.0108010997,0.058835522,0.0038240744,0.10573727,-0.576646553,-9.78911025,-0.00473225269,0.137611577,0.060122168,-0.011188752,-0.110781804,-0.0258368924,-2.74723816,21.1495514,-45.3232422,2
27.6291396,-0.0293651003,-0.00502251935,-0.00192374095,-0.999554284,0.00994490538,0.0587571507,0.00355693916,0.0973563037,-0.575879332,-9.78924235,-0.101995435,0.131906315,-4.96843606E-05,-0.000552668935,-0.0646082908,-0.0350673869,-2.92189026,21.1382599,-45.3260498,2
27.6390976,-0.0294390091,-0.00477850691,-0.00174817136,-0.999553585,0.00946637677,0.0589024961,0.00321902102,0.0926710594,-0.577302204,-9.78920436,-0.177067061,0.183308147,-0.11052023,0.0320614651,-0.0407495648,-0.0417894721,-2.88070679,20.9824219,-45.6299133,2
27.6490556,-0.0296705471,-0.00458258544,-0.00160270961,-0.999547988,0.00908204434,0.0593638212,0.00293721286,0.0889063183,-0.581818366,-9.78897172,-0.15025811,0.101932325,-0.201732533,0.0576798916,-0.0442322306,-0.0333125629,-2.77651215,21.0075226,-45.5279236,2
27.6590126,-0.029966767,-0.00441149524,-0.00155765025,-0.999539922,0.00874139339,0.0599556167,0.00285460374,0.0855686709,-0.587611563,-9.78865549,-0.0273600084,-0.06331026,-0.121543728,0.0572838783,-0.00186905893,-0.00904317573,-2.77978516,21.089798,-45.3545837,2
27.6689706,-0.0302118036,-0.00549401345,-0.00156506729,-0.999527115,0.0109084038,0.0604490383,0.0028018074,0.10677739,-0.592441613,-9.78815573,-0.138800212,-0.054140719,0.11438392,0.0367305614,0.340695202,-0.019111082,-2.8184967,20.9838715,-45.2455444,2
27.6789276,-0.0303772568,-0.00702318788,-0.00154078431,-0.999512563,0.0139721767,0.0607839647,0.00265828857,0.136762751,-0.595720087,-9.78758407,-0.62847231,0.111793867,0.840302823,0.0336053409,0.2433175,-0.0267737936,-2.6697998,20.991684,-45.3833313,2
27.6888856,-0.030539014,-0.00775392989,-0.00144739117,-0.999502423,0.0154411733,0.0611081074,0.00242427453,0.151137533,-0.598892945,-9.78717899,0.0736177555,0.104941005,0.417470794,0.027112782,0.048203744,-0.0185190383,-2.76870728,20.9770966,-45.4852295,2
27.6988436,-0.0305423174,-0.00761231986,-0.00144197082,-0.999503417,0.0151578747,0.0611142908,0.00242203781,0.14836478,-0.598953443,-9.78721757,0.505551156,-0.0364060691,-0.0321516265,-0.0302173533,-0.0916204676,-0.00341731682,-2.57318878,21.0882721,-45.224823,2
27.7088006,-0.0302258095,-0.00708172156,-0.00150564812,-0.999516904,0.0140918129,0.0604806055,0.00258647193,0.137936243,-0.592750606,-9.78774773,0.286585274,-0.276043568,-0.0521218169,-0.0941201299,-0.108415313,0.0204801355,-2.62978363,21.0503235,-45.1906738,2
27.7187586,-0.0297019099,-0.00665725792,-0.00168137806,-0.999535131,0.013232195,0.0594335754,0.00297097641,0.129530608,-0.582501198,-9.7884778,-0.000393721158,-0.251577052,-0.0489975474,-0.108957402,-0.0557997748,0.0384314395,-2.70637512,21.1775513,-45.2799377,2
27.7287156,-0.0292719151,-0.00652490899,-0.00187445375,-0.999548477,0.0129567713,0.0585753479,0.00337100943,0.126841058,-0.574099499,-9.78900913,-0.11576825,-0.0699389209,-0.196457223,-0.0592699088,0.00294780685,0.0362943411,-2.70637512,21.1775513,-45.2799377,2
27.7386736,-0.0291741229,-0.00665809933,-0.00204696298,-0.99955008,0.0132136676,0.058382412,0.00370992495,0.12935727,-0.57221069,-9.78908687,-0.114094599,0.0408493488,-0.409613651,0.0191511251,0.0513787232,0.015550714,-2.7002182,21.1580048,-45.3153381,2
27.7486316,-0.02941359,-0.00704016718,-0.00215158743,-0.999540156,0.0139719411,0.0588644123,0.00389379681,0.136776168,-0.576929389,-9.78870927,-0.0968232928,0.0618785102,-0.4069985,0.0731438249,0.101689935,0.00558207929,-2.64035797,21.1794739,-45.5916443,2
27.7585886,-0.029836076,-0.00768099502,-0.00223152239,-0.999522726,0.0152492674,0.0597134329,0.00400973052,0.149271903,-0.585240779,-9.78803298,-0.0472194501,-0.00163607677,-0.306519187,0.093120195,0.15139997,0.0102079902,-2.68135071,21.0856476,-45.7767029,2
27.7685466,-0.0302913721,-0.00846884028,-0.00234691289,-0.999502409,0.0168187644,0.0606294883,0.00418612841,0.164624928,-0.594207965,-9.7872468,0.0297539543,-0.0444435374,-0.170836459,0.0890664682,0.160518408,0.0219432767,-2.6739502,21.0677338,-45.8033447,2
27.7785036,-0.0306877396,-0.0092370981,-0.0025062952,-0.999483179,0.0183464547,0.0614286869,0.00445147929,0.179567828,-0.602030841,-9.78650621,0.060899436,-0.0666978566,-0.0514186371,0.0692602694,0.148337632,0.031139439,-2.63513184,20.9639587,-45.6326904,2
27.7884616,-0.0309716717,-0.00992679182,-0.00269901545,-0.999467263,0.01971498,0.0620036498,0.00478947829,0.192953891,-0.607658581,-9.78590356,0.0621778219,-0.0211168396,0.0293821618,0.0438949503,0.129834339,0.0327144563,-2.52851868,20.9186859,-45.5044861,2
27.7984196,-0.0311336648,-0.0104921002,-0.00285785277,-0.999456061,0.0208368078,0.0623337882,0.00506914805,0.203927668,-0.610889855,-9.78547979,0.000177658122,0.032093357,0.0605319179,0.0228240229,0.0936419815,0.0223963037,-2.51556396,21.0142975,-45.5267639,2
27.8083766,-0.0311850791,-0.0107946792,-0.00295848195,-0.999450956,0.0214363969,0.0624403518,0.00525070585,0.20979351,-0.611932861,-9.7852904,-0.0866421271,0.0452570457,0.0185936413,-0.00090669631,0.0310739111,0.00847600494,-2.40074921,20.9927979,-45.6556396,2
27.8183346,-0.0311299665,-0.010823004,-0.00300890617,-0.999452157,0.0214901992,0.0623313087,0.00535109316,0.210321406,-0.610865597,-9.78534593,-0.088067849,0.0576571661,-0.062604048,-0.0209589675,-0.0168214403,0.000454563415,-2.34356689,21.0284119,-45.6012268,2
27.8282926,-0.0310061627,-0.0106734117,-0.00300648644,-0.999457704,0.021191216,0.0620827482,0.00535817719,0.207398961,-0.60843278,-9.78555987,-0.0745211341,0.0504359096,-0.103241179,-0.0283651799,-0.0383290201,0.000258664135,-2.43900299,20.9998322,-45.559906,2
27.8382496,-0.0308632258,-0.0104865004,-0.0030393252,-0.999463972,0.0208153844,0.0617964321,0.00543850534,0.203724839,-0.605630363,-9.78581063,-0.0530401373,0.0226440127,-0.084435356,-0.0261803214,-0.0331126861,-0.000786360353,-2.26526642,21.0877991,-45.6588135,2
27.8482076,-0.0307677976,-0.0103822473,-0.00308787404,-0.999467806,0.0206039713,0.0616059259,0.00554412942,0.201658353,-0.603765665,-9.78596903,-0.0385537304,0.0228742778,-0.0890659384,-0.00877412222,-0.00786270946,0.00233257865,-2.26446533,21.2064819,-45.6218872,2
27.8581646,-0.030784745,-0.01038842,-0.00309053906,-0.99946727,0.020616099,0.0616399276,0.00554874181,0.201776609,-0.604098478,-9.78594565,-0.0466027978,0.00435275185,-0.14999124,0.0141375847,0.0103309406,-0.00117720128,-2.45701599,20.9788666,-45.6646118,2
27.8681226,-0.0309088548,-0.010447924,-0.00309556806,-0.999462712,0.0207344387,0.0618886805,0.00555260186,0.202931551,-0.606533267,-9.78577146,-0.0323450668,-0.0310707725,-0.172910343,0.0348228551,0.0133397579,-0.00429360755,-2.40166473,21.0623016,-45.7461853,2
27.8780806,-0.0311182592,-0.0104949924,-0.00306484481,-0.999455907,0.0208297419,0.062307294,0.0054838514,0.203858859,-0.610630546,-9.78549732,-0.0482361346,-0.0278713189,-0.124851538,0.0481551699,0.00567597849,-0.00477537327,-2.47422028,20.8859711,-45.6175842,2
27.8880376,-0.0313577041,-0.0105298639,-0.00305728863,-0.999448058,0.0208990632,0.0627864226,0.00546160642,0.204531077,-0.615319983,-9.78518928,-0.0472623394,-0.0332075653,-0.113636901,0.0455728732,0.00713004498,0.00342760375,-2.45637512,20.9903107,-45.7624512,2
27.8979956,-0.0315573006,-0.0105677396,-0.00308133735,-0.999441243,0.0209725796,0.0631864983,0.00550326264,0.205245272,-0.619235622,-9.78492741,-0.0966087367,-0.00789382199,-0.0458142412,0.0322693177,0.00856202655,0.00490379427,-2.43052673,20.9062042,-45.7582703,2
27.9079526,-0.0316896011,-0.0106327279,-0.00309750002,-0.999436366,0.0211011794,0.0634519184,0.0055287687,0.206500131,-0.62183331,-9.78473627,-0.153678422,0.0196933462,0.0134007488,0.0211289655,0.0187959839,-0.00128334877,-2.41963196,20.8899536,-45.7112122,2
27.9179106,-0.0317828198,-0.0107488434,-0.00306629776,-0.999432216,0.0213353728,0.063638412,0.00545692959,0.208789155,-0.62365848,-9.78457144,-0.181555495,0.0373801018,0.0289478621,0.0155264745,0.0258589536,-0.00970719382,-2.44628906,20.7837372,-45.7881165,2
27.9278686,-0.0318124735,-0.010883427,-0.00301994264,-0.999430037,0.0216078026,0.0636974831,0.00535487051,0.211453972,-0.624236572,-9.78447733,-0.133493146,0.0283814604,0.0614747517,-0.00700266473,0.0273693614,-0.0204144977,-2.3210144,20.9940643,-45.7184753,2
27.9378256,-0.0317111759,-0.0109792489,-0.00293521182,-0.999432398,0.0218055395,0.0634934589,0.00518122526,0.213391498,-0.622239845,-9.78456267,-0.0568709294,0.0432937097,0.147601714,-0.0312097333,0.00976373628,-0.0227966942,-2.29460907,20.8648682,-45.5845032,2
27.9477836,-0.0315265503,-0.0110026261,-0.00287939007,-0.999438191,0.0218566012,0.0631229491,0.005071918,0.213896123,-0.618613691,-9.78478128,-0.0159259565,0.000163300803,0.18089082,-0.0399588346,0.00117483269,-0.00728147337,-2.31414032,20.8781281,-45.592926,2
27.9577406,-0.0313437434,-0.011014635,-0.00287828889,-0.999443852,0.0218814038,0.0627572163,0.00507290466,0.214143759,-0.615034152,-9.78500165,0.0370974124,-0.0688079441,0.127540338,-0.0310681406,0.00586492522,0.00799175538,-2.44700623,20.8314667,-45.5716553,2
27.9676986,-0.0312307696,-0.011026657,-0.00297884479,-0.999446866,0.0218996038,0.0625334305,0.00527598897,0.214324851,-0.612843875,-9.7851355,0.0508325991,-0.103020668,0.0304091668,-0.0139467316,0.00151198264,0.0204801355,-2.31153107,21.0340271,-45.5873108,2
27.9776566,-0.031204825,-0.0110355578,-0.00311850214,-0.999447147,0.0219087939,0.0624846276,0.00555570147,0.214415434,-0.612366211,-9.78516298,0.0203656012,-0.08135193,-0.0201402862,0.00182717037,0.00574294664,0.0276893135,-2.35979462,21.0068512,-45.6035461,2
27.9876136,-0.0312397296,-0.0110453487,-0.00328231179,-0.999445423,0.0219179951,0.0625581137,0.00588241616,0.214504482,-0.613085429,-9.78511621,-0.000523074026,-0.0291573401,-0.103385556,0.0101575451,0.00301817153,0.0297884177,-2.33795929,21.0028076,-45.6495972,2
27.9975716,-0.0313179861,-0.0110424994,-0.00343931679,-0.999442556,0.0219020727,0.062718123,0.00619536192,0.214346533,-0.614651509,-9.78502152,-0.0301430084,0.0137087188,-0.147024791,0.0184431709,0.00330126565,0.0243036393,-2.34366608,21.0990906,-45.5520325,2
28.0075286,-0.0314079853,-0.0111057454,-0.00357612146,-0.999438569,0.0220197062,0.0629016061,0.0064634366,0.215495082,-0.616447306,-9.78488299,-0.106858547,0.046180225,-0.132498837,0.017760206,0.0239211004,0.0148191238,-2.21211243,20.962326,-45.6935425,2
28.0174866,-0.0314860548,-0.0112619807,-0.00368629816,-0.999433981,0.0223253053,0.0630612841,0.00667254507,0.218483122,-0.618010172,-9.78471815,-0.146208524,0.0559730855,-0.0763999336,0.0125989998,0.0394728966,0.00606690999,-2.15547943,21.1366425,-45.5535889,2
28.0274446,-0.0315235439,-0.0114735362,-0.00371877554,-0.999430259,0.0227468228,0.0631384437,0.00672338792,0.222606449,-0.618765301,-9.78457787,-0.114568482,0.100123193,0.0273082782,0.00304472027,0.0461184978,-0.00457645999,-2.28444672,20.9726257,-45.7810669,2
28.0374016,-0.0315192864,-0.0116926872,-0.00365978132,-0.999428046,0.0231895603,0.0631300278,0.00659146395,0.226938541,-0.618682956,-9.78448318,-0.0868781095,0.112460696,0.067466101,-0.00654132757,0.0357358977,-0.0178717598,-2.38730621,21.0704498,-45.7852783,2
28.0473596,-0.0314661737,-0.0118125949,-0.00355218183,-0.99942864,0.0234368129,0.0630220213,0.0063695983,0.229359339,-0.617625849,-9.7844937,-0.0120859217,0.100779392,0.0616407559,-0.017476704,0.00738035794,-0.0274008587,-2.32645416,21.0226364,-45.8305054,2
28.0573166,-0.0313608284,-0.0117757186,-0.00346356106,-0.999432684,0.0233690384,0.0628089341,0.00619685841,0.228699267,-0.615540347,-9.78464041,0.0556117962,0.055149275,0.0323088629,-0.0256811045,-0.0236164406,-0.0230037123,-2.16428375,21.1199722,-45.8403625,2
28.0672746,-0.0312242055,-0.0116292608,-0.0033841145,-0.999439048,0.0230813007,0.0625328363,0.00605006542,0.225887772,-0.612838066,-9.78487539,0.0793725745,0.0280560643,-0.0466144517,-0.0290139634,-0.0336427651,-0.0170575846,-2.24258423,20.9988785,-45.788269,2
28.0772326,-0.0310873375,-0.0114652932,-0.00335913632,-0.999445298,0.0227550583,0.0622574239,0.00601338143,0.222699351,-0.610142434,-9.7851168,0.0484436216,0.0264079318,-0.102038233,-0.0247989781,-0.0332430229,-0.00876396894,-2.16701508,21.0817642,-45.788147,2
28.0871896,-0.0309782547,-0.0112935335,-0.00331422875,-0.999450661,0.0224143122,0.062037118,0.00593656319,0.219368106,-0.607986133,-9.78532664,0.0258875612,0.0730334894,-0.133401924,-0.0160260908,-0.0327080116,-0.00935954228,-2.16701508,21.0817642,-45.788147,2
28.0971476,-0.0309204641,-0.0111318292,-0.00325910408,-0.999454458,0.0220941015,0.0619193099,0.0058374695,0.216236311,-0.606833054,-9.78546751,0.0375486815,0.135775667,-0.186232181,-0.00555747095,-0.0279571991,-0.0115904734,-2.37878418,20.890007,-45.6082153,2
28.1071046,-0.0309086298,-0.0110201518,-0.00320079089,-0.999456294,0.0218740815,0.0618937054,0.00572786462,0.214083645,-0.60658244,-9.78553064,0.00468614852,0.145251461,-0.193352242,0.00202949578,-0.0144733256,-0.0144402497,-2.33488464,21.0775681,-45.6127625,2
28.1170626,-0.0309548772,-0.0109943252,-0.00312701421,-0.999455348,0.0218267278,0.0619844779,0.00558071242,0.213619059,-0.607470913,-9.78548563,-0.0113093843,0.048276978,-0.120823013,0.0185325723,0.00760348048,-0.00773334503,-2.46937561,20.9850693,-45.7707825,2
28.1270206,-0.0310739468,-0.0111111094,-0.0031064038,-0.999450412,0.0220614292,0.0622229126,0.00552959017,0.215912522,-0.609804653,-9.7852904,-0.00462459106,-0.0255548221,-0.0361743062,0.0305070616,0.0377501622,0.00212574098,-2.44701385,20.9596786,-45.6648865,2
28.1369776,-0.0312235774,-0.0113501339,-0.0031437204,-0.999442992,0.0225372495,0.0625244645,0.00558609941,0.220564385,-0.612756124,-9.78500223,0.0321731625,-0.0625566286,0.0283311915,0.0316799209,0.054701183,0.00923638139,-2.38543701,20.9922256,-45.5717163,2
28.1469356,-0.0313516151,-0.0116240636,-0.00321273512,-0.999435586,0.0230810776,0.0627837684,0.00570424696,0.225882036,-0.615294045,-9.78472166,0.0672576642,-0.0666027622,0.116935358,0.0202381425,0.0506698452,0.0133412685,-2.36016846,21.0497818,-45.5870667,2
28.1568936,-0.0313930382,-0.0118115401,-0.00330446473,-0.99943186,0.0234506602,0.0628698754,0.00587521556,0.22949703,-0.616136779,-9.7845843,0.0738180091,-0.0383763463,0.151962832,-0.0036480159,0.0237439573,0.0113188643,-2.26734161,21.0463486,-45.3494568,2
28.1668506,-0.0312892928,-0.0118662989,-0.00335924957,-0.999434301,0.0235573667,0.0626639116,0.00598390277,0.230544092,-0.614120982,-9.78468659,0.0534677151,-0.0291693228,0.126177818,-0.0344200507,0.000321816187,0.00879951194,-2.35404968,21.0088882,-45.4234619,2
28.1768086,-0.031048112,-0.0117952536,-0.00340829109,-0.999442493,0.0234130982,0.0621820727,0.00609215299,0.229139376,-0.609404913,-9.78501451,0.0174630116,0.00576864653,0.0813151782,-0.0580356307,-0.0270054117,0.0116315167,-2.34906769,21.0096359,-45.4938354,2
28.1867656,-0.0307214769,-0.0116016721,-0.00348289168,-0.999454535,0.0230222838,0.0615290692,0.00626103144,0.225324348,-0.603013386,-9.78549908,0.0197816638,0.0400785471,-0.0144172324,-0.066364266,-0.0471048653,0.0103446105,-2.2390213,20.9946976,-45.6187439,2
28.1967236,-0.0304163488,-0.0113589734,-0.00353416,-0.999466535,0.022534539,0.0609182055,0.00638544023,0.220559745,-0.597034092,-9.78597429,-0.021093203,0.0162923056,-0.107166828,-0.0519954488,-0.0461554453,0.00845616311,-2.32080078,21.0980759,-45.9607239,2
28.2066816,-0.0302271767,-0.0111819374,-0.00357102937,-0.999474152,0.0221786756,0.0605393986,0.00647421187,0.21708226,-0.593326105,-9.78627707,-0.0473936193,-0.0058210343,-0.152352708,-0.02283605,-0.0220140144,0.00838963035,-2.37577057,21.1501389,-45.7992554,2
28.2166386,-0.0302003146,-0.0111411608,-0.00361641132,-0.999475178,0.022094393,0.0604863876,0.00656815218,0.216258139,-0.592807195,-9.78632676,-0.0518067961,0.00832450502,-0.160383454,0.00951949321,0.00536887255,0.0114171114,-2.40746307,21.1241379,-45.8753662,2
28.2265966,-0.0303117931,-0.0112207117,-0.00368170753,-0.999470625,0.0222491687,0.0607114052,0.00669165564,0.217769859,-0.59500982,-9.78615959,-0.0486797502,0.0415021136,-0.114013333,0.0307496395,0.0240891017,0.0158377159,-2.40868378,21.0248337,-45.9057007,2
28.2365536,-0.0304896956,-0.0113773532,-0.00377543844,-0.999463116,0.0225562248,0.0610705157,0.00686589227,0.220769917,-0.598524952,-9.78587843,-0.0262414161,0.0677621979,-0.0466588753,0.035333205,0.0367183462,0.0183466803,-2.35271454,21.0569077,-45.750885,2
28.2465116,-0.0306405616,-0.0115698905,-0.00384862215,-0.999456076,0.0229365407,0.0613753729,0.00699727371,0.224487422,-0.601509009,-9.78561072,-0.0308567462,0.0747863974,-0.00817044697,0.0236868355,0.0374580696,0.0144622345,-2.42170715,21.1412125,-45.5762024,2
28.2564696,-0.0307351983,-0.0117324294,-0.00391092624,-0.99945107,0.0232577305,0.0615673111,0.00710989242,0.227627766,-0.603387699,-9.7854225,-0.061829666,0.0664897668,-0.00431844772,0.0154811032,0.0274296664,0.0106059769,-2.38066101,21.1602707,-45.5936279,2
28.2664266,-0.0307984035,-0.0118502119,-0.00396716245,-0.999447444,0.0234898109,0.061695927,0.00721379286,0.229896934,-0.604646613,-9.78529157,-0.086394856,0.0343794952,-0.0255482828,0.0107469028,0.0228336882,0.0103569292,-2.31643677,21.2568283,-45.5050659,2
28.2763846,-0.030848416,-0.0119603293,-0.00402264063,-0.999444423,0.0237066545,0.0617981059,0.00731692947,0.232017342,-0.60564673,-9.78517993,-0.0793873519,0.00874408214,-0.0787812758,0.0103026871,0.0214195494,0.00638189586,-2.26858521,21.1402817,-45.329895,2
28.2863416,-0.0309194845,-0.0120603272,-0.00408191556,-0.999440741,0.0239028563,0.0619424467,0.00742778054,0.233935122,-0.607059519,-9.78504666,-0.0775641916,0.00656560559,-0.110936994,0.0185386855,0.0211051814,0.000373980496,-2.14080811,21.1474533,-45.5409851,2
28.2962996,-0.0310283525,-0.0121471093,-0.00404296855,-0.999436448,0.0240784594,0.0621599755,0.00734181582,0.235650219,-0.60918864,-9.78487305,-0.0553372718,-0.0246744956,-0.116796826,0.024892455,0.0133764213,-0.00267187669,-2.44352722,20.8878555,-45.5150146,2
28.3062568,-0.0311621427,-0.0121899528,-0.00402787837,-0.999431863,0.0241644385,0.062427617,0.00730574611,0.236487565,-0.611808212,-9.78468951,-0.0165206527,-0.00484656325,-0.131345576,0.0314293616,0.0130458958,-0.00317410496,-2.29788971,21.0266037,-45.558075,2
28.3162138,-0.0313561328,-0.0123618386,-0.00400530437,-0.999423819,0.0245090382,0.0628164609,0.0072451071,0.239853498,-0.615613997,-9.78436861,0.00181086708,0.0378649627,-0.0622346301,0.0481255166,0.0521735922,-0.00384415616,-2.29684448,20.925972,-45.674469,2
28.3261718,-0.0316110652,-0.0125988529,-0.00398070146,-0.999412924,0.0249839192,0.0633276385,0.00717464583,0.244491989,-0.620616993,-9.78393782,-0.039039943,0.026856735,0.00242693489,0.0553639419,0.0334193297,-0.00593458209,-2.28185272,20.9470139,-45.7267761,2
28.3361288,-0.0318511673,-0.0125924837,-0.00390147202,-0.999405706,0.0249748799,0.0638060209,0.00701045917,0.24439611,-0.625298794,-9.78364205,-0.00617342794,0.0300423062,-0.0963297919,0.0404260047,-0.0336571746,-0.0113871377,-2.38781738,20.8651047,-45.4058533,2
28.3460868,-0.031994348,-0.0123597256,-0.00380581234,-0.999404313,0.0245139737,0.0640885196,0.00683028315,0.239882395,-0.62806351,-9.78357717,-0.0227586338,0.044029842,-0.174057175,0.0198054127,-0.0486445501,-0.014428203,-2.39176178,20.9897537,-45.3771973,2
28.3560448,-0.032076409,-0.0121488952,-0.00370491768,-0.999404705,0.0240976921,0.0642488426,0.00663978667,0.235807218,-0.629632513,-9.78357483,-0.139291347,0.0521828264,-0.107919692,0.017824553,-0.032172367,-0.0197452046,-2.34402466,21.0340652,-45.4151917,2
28.3660018,-0.0321746339,-0.0120402403,-0.00358816898,-0.999403315,0.0238870642,0.064441869,0.00641062539,0.233743618,-0.631521541,-9.78350293,-0.134534271,0.0495826538,-0.000102875853,0.0234958883,-0.0108542526,-0.0209012162,-2.32549286,20.8848495,-45.6247253,2
