"Time (s)","X (µT)","Y (µT)","Z (µT)"
0.0166795833,-2.53853607,19.72789,-46.266571
0.0266375833,-2.59349823,19.5834198,-46.2545471
0.0365955833,-2.63010406,19.6058502,-46.2642517
0.0465525833,-2.68945312,19.5484619,-46.307312
0.0565105833,-2.72618103,19.6228485,-46.3638
0.0664675833,-2.76655579,19.6530914,-46.2043762
0.0764255833,-2.75204468,19.5548859,-46.193573
0.0863825833,-2.87992096,19.5240326,-46.2876282
0.0963405833,-2.80747223,19.4065094,-46.4347839
0.106297583,-2.8644104,19.325943,-46.3558044
0.116255583,-2.93212891,19.1618958,-46.4511108
0.126212583,-2.94291687,19.1379089,-46.4020691
0.136170583,-2.93054199,19.1026001,-46.4150391
0.146128583,-2.87213898,19.2727814,-46.493103
0.156085583,-2.93412781,19.2358856,-46.5170898
0.166043583,-2.94931793,19.3414154,-46.3985291
0.176000583,-3.07145691,19.3224945,-46.236145
0.185958583,-3.13511658,19.262619,-46.2713928
0.195915583,-3.05226898,19.3562317,-46.3484497
0.205873583,-3.04877472,19.4118652,-46.125061
0.215830583,-3.04447174,19.3789215,-46.1387634
0.225788583,-3.04112244,19.315506,-46.1755676
0.235745583,-3.15299225,19.4875183,-46.2166748
0.245703583,-3.25547028,19.3562775,-46.2485046
0.255661583,-3.17900085,19.58358,-46.0147095
0.265618583,-3.055336,19.3758774,-46.1019287
0.275576583,-3.09432983,19.5275497,-46.1529236
0.28553325,-3.03975677,19.3255539,-46.2258911
0.29549125,-3.12528229,19.3657913,-46.2937317
0.30544825,-3.25360107,19.4647293,-46.2486877
0.31540625,-3.25360107,19.4647293,-46.2486877
0.32536325,-3.16832733,19.5492477,-46.1958923
0.33532125,-3.24274445,19.6405869,-46.2720337
0.34527925,-3.18971252,19.6057816,-46.2136841
0.35523625,-3.28462219,19.6459274,-46.110321
0.36519425,-2.99871826,19.7648087,-46.0443115
0.37515125,-3.09238434,19.8038101,-45.9534607
0.38510925,-3.14035797,19.716774,-46.1063843
0.39506625,-3.19359589,19.7833023,-46.0097656
0.40502425,-3.29208374,19.9982224,-46.0443115
0.41498125,-3.31369019,19.8326797,-46.0066223
0.42493925,-3.19551086,19.896019,-45.7788086
0.43489625,-3.29951477,19.9262466,-46.0811462
0.44485425,-3.15688324,19.8872452,-45.9975586
0.45481225,-3.13873291,20.0189438,-46.0860291
0.46476925,-3.08140564,20.0606155,-46.0675049
0.47472725,-3.20948792,20.1918869,-46.2409668
0.48468425,-3.16326141,20.2082443,-46.0528259
0.49464225,-3.22537231,20.3989334,-45.99646
0.50459925,-3.14636993,20.4316635,-45.7590942
0.51455725,-3.20302582,20.4029922,-45.9216309
0.52451425,-3.25286865,20.4490433,-45.9279175
0.53447225,-3.25041962,20.2903519,-46.0232239
0.54443025,-3.21230316,20.3874435,-45.9350891
0.55438725,-3.21266174,20.3674393,-45.7590027
0.56434525,-3.26396942,20.3245621,-45.9953918
0.57430225,-3.26599121,20.2304001,-46.0728149
0.58426025,-3.1995163,20.3428574,-45.8676147
0.59421725,-2.97888184,20.5079117,-45.6624451
0.60417525,-2.91047668,20.6639328,-45.9847107
0.61413225,-2.97364044,20.834877,-45.8666077
0.62409025,-2.8948288,20.707634,-46.0702209
0.63404825,-2.88591766,20.5834274,-45.941925
0.64400525,-2.93406677,20.6373672,-45.894928
0.65396325,-2.85604095,20.6279373,-46.0958557
0.66392025,-2.85404205,20.6230621,-46.103241
0.67387825,-2.79190826,20.367218,-46.0285645
0.68383525,-2.71535492,20.4198608,-45.9928589
0.69379325,-2.73469543,20.4026642,-46.097229
0.70375025,-2.81208801,20.46875,-46.103302
0.71370825,-2.78124237,20.3057709,-46.015625
0.72366625,-2.77462769,20.427002,-46.2300415
0.73362325,-2.75535583,20.3319397,-45.7068787
0.74358125,-2.61491394,20.4429626,-45.8323975
0.75353825,-2.65744781,20.4900665,-45.9047852
0.76349625,-2.63890076,20.3066101,-45.8108521
0.77345325,-2.67952728,20.1614532,-45.8736572
0.78341125,-2.54855347,20.3368988,-45.9508667
0.79336825,-2.46712494,20.3149719,-45.781311
0.80332625,-2.62862396,20.4384155,-46.0068054
0.81328425,-2.55670166,20.3569183,-45.8651733
0.82324125,-2.5289917,20.3731995,-45.6845093
0.83319925,-2.46261597,20.4860382,-45.9014893
0.84315625,-2.55000305,20.3786316,-45.7616577
0.85311425,-2.57578278,20.3398285,-45.9273987
0.86307125,-2.36224365,20.5039215,-45.8066406
0.87302925,-2.40979767,20.4898834,-45.7982788
0.88298625,-2.45773315,20.3118134,-45.809967
0.89294425,-2.41187286,20.4339447,-45.8681641
0.90290225,-2.48583221,20.3857574,-45.8485718
0.91285925,-2.53600311,20.4680176,-45.9444885
0.92281725,-2.51028442,20.4450989,-45.8467102
0.93277425,-2.44288635,20.3035889,-45.8700256
0.94273225,-2.5238266,20.395401,-45.68396
0.95268925,-2.56044006,20.2307281,-45.6963196
0.96264725,-2.52841949,20.3222046,-45.651947
0.97260425,-2.45445251,20.3401794,-45.8550415
0.98256225,-2.54834747,20.364502,-45.7217712
0.99252025,-2.44939423,20.3473663,-45.8568115
1.00247725,-2.32566071,20.5108185,-45.966217
1.01243525,-2.32566071,20.5108185,-45.966217
1.02239225,-2.33094025,20.3908691,-45.8809509
1.03235025,-2.25696564,20.3827972,-45.8189392
1.04230725,-2.29576874,20.4284515,-45.7226562
1.05226525,-2.3315506,20.4303284,-45.7103271
1.06222225,-2.26409149,20.5112305,-45.6203003
1.07218025,-2.38759613,20.3886414,-45.8108521
1.08213825,-2.21586609,20.308197,-45.8917236
1.09209525,-2.35020447,20.2797852,-45.6870728
1.10205325,-2.15420532,20.5112,-45.5927124
1.11201025,-2.33712006,20.4629822,-45.6107788
1.12196825,-2.1368103,20.6521759,-45.6356201
1.13192525,-2.30152893,20.5083313,-45.5549011
1.14188325,-2.39000702,20.5097198,-45.5976562
1.15184125,-2.24829865,20.5208282,-45.6815491
1.16179825,-2.24501038,20.5801086,-45.5794678
1.17175625,-2.24238586,20.4184723,-45.6527405
1.18171325,-2.24389648,20.4538574,-45.7738953
1.19167125,-2.31334686,20.4136353,-45.8862305
1.20162825,-2.15225983,20.5474396,-45.7520142
1.21158625,-2.05594635,20.6156769,-45.840271
1.22154325,-2.02435303,20.552948,-45.730011
1.23150125,-2.03044128,20.5803833,-45.6954041
1.24145925,-2.02410126,20.635788,-45.8032837
1.25141625,-2.10372162,20.559021,-45.7567749
1.26137425,-2.09578705,20.6125031,-45.7019043
1.27133125,-2.22042847,20.460083,-45.6170959
1.28128938,-2.13646698,20.5484009,-45.7343445
1.29124638,-2.16497803,20.4509277,-45.8612976
1.30120438,-2.14976501,20.4354858,-45.6647339
1.31116238,-2.17608643,20.4283752,-45.7271423
1.32111938,-2.18018341,20.53302,-45.7539368
1.33107738,-2.23220825,20.3361664,-45.838623
1.34103438,-2.20143127,20.4240875,-45.7250366
1.35099238,-2.08436584,20.4766083,-45.6836548
1.36094938,-1.9910965,20.6198425,-45.8300476
1.37090738,-1.9910965,20.6198425,-45.8300476
1.38086438,-2.00097656,20.4237976,-45.9344177
1.39082238,-2.10044861,20.4825897,-45.7930908
1.40078038,-2.07395935,20.3278961,-45.9276123
1.41073738,-2.11481476,20.2884064,-45.9862671
1.42069538,-2.05930328,20.2779541,-45.9613342
1.43065238,-2.0304718,20.3121796,-45.9447632
1.44061038,-1.87677765,20.4493103,-45.946228
1.45056737,-1.8986969,20.4301147,-46.0125427
1.46052538,-1.85978699,20.4264832,-46.1694641
1.47048238,-1.74617767,20.356781,-46.32724
1.48044038,-1.69828033,20.3865433,-46.2185364
1.49039838,-1.69885254,20.4930649,-46.2166443
1.50035538,-1.80935669,20.6370926,-46.0611267
1.51031338,-1.8068924,20.5725632,-45.9526672
1.52027038,-1.83908844,20.7385483,-45.872467
1.53022838,-2.02666473,20.5799637,-45.8696289
1.54018538,-1.98320007,20.7600784,-45.670929
1.55014338,-2.00402832,20.6733932,-45.7072144
1.56010138,-1.8587265,20.794838,-45.7294922
1.57005838,-1.88428497,20.6081161,-46.0046387
1.58001638,-1.85276794,20.5695572,-45.8425598
1.58997338,-1.70080566,20.5429001,-46.0614014
1.59993138,-1.79347229,20.5225449,-46.122345
1.60988838,-1.77671814,20.5172195,-46.082428
1.61984638,-1.65039062,20.6186142,-45.8649292
1.62980438,-1.49678802,20.6533279,-45.9307861
1.63976138,-1.66868591,20.6032028,-45.9717712
1.64971938,-1.74962616,20.6288071,-45.9277649
1.65967638,-1.7869873,20.6080093,-45.9996033
1.66963437,-1.85140228,20.6270523,-45.9730835
1.67959138,-1.83251953,20.6187515,-45.8865051
1.68954938,-1.86214447,20.6246567,-45.7664185
1.69950638,-1.88382721,20.6384506,-45.8739014
1.70946438,-1.80736542,20.6656723,-45.9751892
1.71942238,-1.80736542,20.6656723,-45.9751892
1.72937938,-1.93217468,20.5739059,-45.9345398
1.73933738,-1.92325592,20.5982285,-45.9114685
1.74929438,-1.97583008,20.6224594,-45.7745361
1.75925238,-2.14196777,20.5953293,-45.725647
1.76920938,-2.15985107,20.6008682,-45.8678284
1.77916738,-2.04476166,20.5987015,-45.6169434
1.78912538,-2.11747742,20.590065,-45.5505676
1.79908238,-2.13505554,20.6419296,-45.5623474
1.80904038,-1.99353027,20.7726517,-45.5566406
1.81899738,-2.07446289,20.8196182,-45.4202271
1.82895538,-2.18674469,20.854393,-45.4436035
1.83891238,-2.01573944,20.8975296,-45.5298462
1.84887038,-2.04154205,20.9092941,-45.4583435
1.85882838,-2.02306366,20.9496536,-45.3062744
1.86878538,-2.0969162,20.8435898,-45.5589905
1.87874338,-2.03791809,20.837471,-45.4802551
1.88870038,-2.05786896,20.7731857,-45.4831238
1.89865838,-1.93296814,20.9053726,-45.5127258
1.90861538,-1.99507141,20.8427658,-45.5437622
1.91857338,-1.95909882,21.0341568,-45.319397
1.92853138,-1.91062164,20.8719559,-45.6197205
1.93848838,-1.90995789,21.0217056,-45.389801
1.94844638,-1.96490479,20.9430313,-45.3287354
1.95840338,-1.96881104,20.9526749,-45.4944153
1.96836138,-1.98851776,20.9249344,-45.4822388
1.97831838,-2.03491974,20.8388748,-45.5842285
1.98827638,-1.88082886,20.7905655,-45.755249
1.99823338,-1.92596436,20.7816849,-45.6084595
2.00819138,-2.02757263,20.7782669,-45.719635
2.01814938,-1.98931885,20.8259506,-45.6194763
2.02810638,-1.96631622,20.8595352,-45.7216492
2.03806438,-1.90770721,20.8489914,-45.5598755
2.04802138,-1.91995239,20.7399063,-45.5498657
2.05797938,-1.82735443,20.7820053,-45.6952515
2.06793638,-1.82735443,20.7820053,-45.6952515
2.07789438,-1.91550446,20.7626724,-45.6679382
2.08785238,-1.99489594,20.7946548,-45.6123047
2.09780937,-1.97003937,20.8652267,-45.7843628
2.10776738,-2.11675262,20.7278976,-45.5960388
2.11772438,-2.22137451,20.7816544,-45.4972839
2.12768238,-2.12586212,20.8762894,-45.3324585
2.13763938,-2.10812378,20.836586,-45.466217
2.14759738,-2.2217865,20.966713,-45.3582764
2.15755538,-2.23756409,21.031395,-45.3024597
2.16751238,-2.36270142,21.1313095,-45.3218384
2.17747038,-2.3216629,21.0747604,-45.3877563
2.18742738,-2.48703003,21.0689926,-45.6869507
2.19738538,-2.45068359,21.1213303,-45.5929565
2.20734238,-2.57792664,21.2665176,-45.472168
2.21730038,-2.62037659,21.3075333,-45.4194641
2.22725838,-2.70163727,21.2790146,-45.4804077
2.23721538,-2.82121277,21.3796921,-45.632782
2.24717338,-2.88290405,21.3229141,-45.3745422
2.25713038,-2.84830475,21.5415726,-45.6698303
2.26708838,-2.84780121,21.4591904,-45.7468872
2.27704538,-2.73744202,21.4343948,-45.4231873
2.28700325,-2.70235443,21.5035477,-45.3156128
2.29696125,-2.57725525,21.657341,-45.1730652
2.30691825,-2.46911621,21.5391235,-45.3648987
2.31687625,-2.38466644,21.7559357,-45.4683533
2.32683325,-2.35596466,21.5690918,-45.0697327
2.33679125,-2.25991058,21.5650177,-45.1608582
2.34674825,-2.21916962,21.4958038,-45.0552979
2.35670625,-2.12737274,21.6243439,-44.9616089
2.36666425,-2.12520599,21.4669189,-45.223175
2.37662125,-2.07752228,21.4833984,-44.9964905
2.38657925,-2.32585907,21.3049927,-44.966095
2.39653625,-2.31768036,21.3997498,-45.0551147
2.40649425,-2.34571075,21.4505463,-45.1669006
2.41645225,-2.34571075,21.4505463,-45.1669006
2.42640925,-2.33631897,21.4734955,-45.2002563
2.43636725,-2.3330307,21.5359039,-45.2816162
2.44632425,-2.32990265,21.5812073,-45.0414734
2.45628225,-2.38039398,21.5300446,-45.0960388
2.46623925,-2.20183563,21.6178589,-44.9692688
2.47619725,-2.17664337,21.6269684,-45.1155396
2.48615525,-2.2829361,21.5317535,-45.1398621
2.49611225,-2.20337677,21.4818573,-45.0724792
2.50607025,-2.28728485,21.5520172,-45.2912903
2.51602725,-2.17740631,21.3479919,-45.160675
2.52598525,-2.26839447,21.5487976,-45.504364
2.53594225,-2.27441406,21.5218048,-45.310791
2.54590025,-2.21012115,21.4022064,-45.1114502
2.55585825,-2.24573517,21.2544861,-45.0819397
2.56581525,-2.11355591,21.3046722,-45.1102905
2.57577325,-2.0450058,21.4168243,-45.0222778
2.58573025,-2.04953003,21.4923553,-45.2397766
2.59568825,-1.9803772,21.4472046,-45.1236572
2.60564525,-1.98430634,21.4401093,-45.3808899
2.61560325,-2.0644989,21.4710083,-45.4107666
2.62556125,-2.0230484,21.2688293,-45.3801575
2.63551825,-1.92989349,21.3034058,-45.2454224
2.64547625,-1.87885284,21.3695831,-45.230896
2.65543325,-2.09661102,21.4985809,-45.4217224
2.66539125,-2.16844177,21.6082001,-45.6114197
2.67534825,-2.24578094,21.437851,-45.3658752
2.68530625,-2.12562561,21.4026184,-45.5417786
2.69526425,-2.09702301,21.508606,-45.3240356
2.70522125,-2.17589569,21.3769836,-45.5185547
2.71517925,-2.15688324,21.4969101,-45.5158081
2.72513625,-2.21261597,21.1869888,-45.2904053
2.73509425,-2.07324219,21.4424057,-45.6149292
2.74505125,-2.12947845,21.2313004,-45.6442566
2.75500925,-2.08043671,21.3504105,-45.5655212
2.76496725,-2.03151703,21.1325455,-45.5340271
2.77492425,-2.03151703,21.1325455,-45.5340271
2.78488225,-2.00041962,21.1736679,-45.3650818
2.79483925,-1.96984863,21.227272,-45.5289612
2.80479725,-2.06571198,21.1667557,-45.4482117
2.81475525,-2.08896637,21.0416183,-45.4686584
2.82471225,-2.09856415,21.1565475,-45.4818115
2.83467025,-2.12806702,21.0959396,-45.4885559
2.84462725,-2.13340759,21.0353317,-45.4937439
2.85458525,-2.04375458,21.2474442,-45.5446167
2.86454225,-2.04666138,21.1337967,-45.26651
2.87450025,-2.05062103,21.0515976,-45.3878174
2.88445825,-2.01555634,21.1955795,-45.3940735
2.89441525,-2.06635284,21.3025284,-45.5734558
2.90437325,-2.03813934,21.0907516,-45.5846863
2.91433025,-1.93093109,21.0332718,-45.5511169
2.92428825,-2.08418274,21.0495224,-45.4393921
2.93424625,-1.86426544,21.2083206,-45.4512634
2.94420325,-1.774086,21.4036484,-45.4933472
2.95416125,-1.78765106,21.3432083,-45.5670471
2.96411825,-1.75895691,21.4255447,-45.4337463
2.97407625,-1.7080307,21.3922806,-45.4838867
2.98403325,-1.69841003,21.231514,-45.6008911
2.99399125,-1.68125153,21.1742935,-45.6392822
3.00394925,-1.5085907,21.1902847,-45.7559204
3.01390625,-1.45449066,21.1617966,-45.7077332
3.02386425,-1.51131439,21.1701889,-45.6759644
3.03382125,-1.53218842,21.1975937,-45.5010376
3.04377925,-1.6026001,21.0814743,-45.6280823
3.05373625,-1.70603943,21.0108109,-45.6543274
3.06369425,-1.75098419,20.9968033,-45.4925842
3.07365225,-1.63783264,21.1081467,-45.4607239
3.08360925,-1.63053894,21.1213608,-45.480072
3.09356725,-1.62534332,21.1196518,-45.4781189
3.10352425,-1.61344147,21.1320877,-45.4750061
3.11348225,-1.5442276,21.2954025,-45.5201416
3.12344025,-1.54351807,21.2950974,-45.52005
3.13339725,-1.53623199,21.2202988,-45.7068176
3.14335525,-1.46748352,21.2487259,-45.6124878
3.15331225,-1.4787674,21.1902542,-45.6321716
3.16327025,-1.5215683,21.1611252,-45.6159668
3.17322725,-1.53785706,21.1617966,-45.654541
3.18318525,-1.4826355,21.1736221,-45.6687317
3.19314325,-1.57170105,21.1091995,-45.7239075
3.20310025,-1.51741791,21.3708115,-45.3614807
3.21305825,-1.60034943,21.261467,-45.4076843
3.22301525,-1.62523651,21.2604904,-45.5105286
3.23297325,-1.64313507,21.3491898,-45.4498596
3.24293125,-1.63660431,21.2577133,-45.5084229
3.25288825,-1.55434418,21.3866959,-45.5381165
3.26284625,-1.65705109,21.3503342,-45.5912476
3.27280325,-1.66722107,21.2920151,-45.3857117
3.28276088,-1.628685,21.2632217,-45.637207
3.29271788,-1.53759003,21.2291336,-45.6640625
3.30267588,-1.64964294,21.2077255,-45.4765625
3.31263388,-1.68051147,21.2613449,-45.4742126
3.32259088,-1.73101807,21.2486191,-45.3677673
3.33254888,-1.6340332,21.2626724,-45.4558105
3.34250588,-1.69132233,21.2365494,-45.4232483
3.35246388,-1.66274261,21.3175583,-45.3681335
3.36242088,-1.65184021,21.339119,-45.2616577
3.37237888,-1.76657104,21.2402725,-45.243988
3.38233688,-1.73495483,21.3141556,-45.4233093
3.39229388,-1.70840454,21.2756271,-45.3995361
3.40225188,-1.75653839,21.3540421,-45.3269043
3.41220888,-1.77812195,21.3473892,-45.3471375
3.42216688,-1.78850555,21.3848953,-45.3464661
3.43212488,-1.68132019,21.3771286,-45.3312378
3.44208188,-1.61965179,21.4622116,-45.3284912
3.45203988,-1.65419006,21.5553207,-45.151947
3.46199688,-1.67596436,21.5897751,-45.1756287
3.47195488,-1.67596436,21.5897751,-45.1756287
3.48191288,-1.54963684,21.5723801,-45.1690979
3.49186988,-1.55580139,21.4623184,-45.2006531
3.50182788,-1.5565567,21.6643753,-44.9475403
3.51178488,-1.68320465,21.560936,-45.0734558
3.52174288,-1.56646729,21.7311478,-45.0460815
3.53169988,-1.70872498,21.6531067,-45.0226746
3.54165788,-1.65135956,21.925354,-45.2472839
3.55161588,-1.66323853,21.8526306,-45.2469482
3.56157288,-1.70045471,21.9374542,-45.2212219
3.57153088,-1.84013367,21.8903046,-45.2228088
3.58148788,-1.80402374,22.0793304,-45.4715271
3.59144588,-1.75731659,21.8628845,-45.4882202
3.60140388,-1.69441223,21.98909,-45.3926697
3.61136088,-1.64891815,21.9011536,-45.1911621
3.62131888,-1.62640381,21.9080048,-45.2921448
3.63127588,-1.63593292,21.9197388,-45.2368164
3.64123388,-1.56460571,22.0494537,-45.3550415
3.65119188,-1.60540009,22.0847626,-45.4398499
3.66114888,-1.6645813,21.9142151,-45.2719727
3.67110688,-1.55823517,22.0028076,-45.1906433
3.68106388,-1.64784241,21.8922424,-44.8962097
3.69102188,-1.50214386,21.8764648,-45.1270752
3.70097888,-1.54523468,22.0119019,-45.3076782
3.71093688,-1.42377472,22.0806427,-45.1457825
3.72089488,-1.47064209,22.0175171,-45.0341797
3.73085188,-1.49983215,21.8960114,-45.1036987
3.74080988,-1.48723602,22.0571289,-45.2612305
3.75076688,-1.48812866,22.1366119,-45.2372437
3.76072488,-1.43309021,22.1371307,-45.0760193
3.77068288,-1.66606903,21.9862671,-45.3228455
3.78063988,-1.48769379,22.0098419,-45.1657104
3.79059788,-1.32034302,22.1423798,-45.0323486
3.80055488,-1.4724884,22.1335449,-44.9536438
3.81051288,-1.51900482,22.1727295,-45.0059204
3.82047088,-1.40158844,22.0087433,-45.0792236
3.83042788,-1.40158844,22.0087433,-45.0792236
3.84038588,-1.43170166,22.0071411,-44.8592529
3.85034288,-1.24370575,22.195816,-45.0076904
3.86030088,-1.33783722,22.2412109,-45.0836487
3.87025788,-1.47192383,22.1437988,-44.9992065
3.88021588,-1.41143036,22.2036438,-44.8641663
3.89017388,-1.26256561,22.2015839,-45.0574646
3.90013088,-1.18215179,22.3694305,-44.8416748
3.91008888,-1.1678009,22.2165375,-44.9839172
3.92004588,-1.25211334,22.320816,-44.8089905
3.93000388,-1.24445343,22.3901215,-45.0014038
3.93996188,-1.21181488,22.6505661,-45.1659546
3.94991888,-1.22100067,22.6349411,-45.14505
3.95987688,-1.21891785,22.5820389,-45.0763855
3.96983388,-1.34481049,22.4658737,-45.1487427
3.97979188,-1.13231659,22.5741501,-45.1402588
3.98974988,-1.14172363,22.4984512,-45.2983093
3.99970688,-1.17276001,22.5911789,-45.1647644
4.00966488,-1.21095276,22.5714645,-45.2194824
4.01962188,-1.21901703,22.4084549,-44.9377441
4.02957988,-1.24475861,22.5860977,-45.1963196
4.03953688,-1.23607635,22.7036667,-45.1021729
4.04949488,-1.12832642,22.8067093,-44.7662048
4.05945288,-1.16618347,22.9686508,-44.9962463
4.06940988,-1.1484375,22.961998,-45.0402527
4.07936788,-1.15803528,23.3138657,-44.8471069
4.08932488,-1.14585114,23.2971573,-44.8344727
4.09928288,-1.40278625,23.3886032,-44.8406372
4.10924088,-1.28829956,23.4575882,-44.928894
4.11919788,-1.28908539,23.7825089,-44.9039612
4.12915588,-1.44884491,23.8356247,-45.096283
4.13911288,-1.37714386,24.0594406,-44.7843323
4.14907088,-1.24552155,24.0728073,-44.901947
4.15902888,-1.23126984,24.2679367,-44.8746033
4.16898588,-1.17974091,24.2506485,-44.8717957
4.17894388,-1.17974091,24.2506485,-44.8717957
4.18890088,-1.01331329,24.1723099,-44.5783386
4.19885888,-1.19651031,24.2292709,-44.8647461
4.20881688,-1.1192627,24.2809219,-44.8751831
4.21877388,-1.22498322,24.1632614,-44.7631226
4.22873188,-1.15488434,24.2266006,-44.8965759
4.23868888,-1.19865417,24.369545,-44.8179321
4.24864688,-1.01633453,24.5569534,-44.9521484
4.25860388,-0.908355713,24.5576248,-44.6487427
4.26856188,-1.00689697,24.6373367,-44.8778687
4.27851988,-1.07475281,24.6320877,-44.7638855
4.28847663,-1.10256958,24.5335007,-44.9199524
4.29843463,-1.03450012,24.8705063,-44.8258667
4.30839163,-1.05667114,24.6397934,-44.5245972
4.31834963,-0.963577271,24.8606491,-44.7276306
4.32830762,-1.12059021,24.7405624,-44.7883911
4.33826463,-0.880523682,24.980217,-44.6787415
4.34822263,-0.941444397,24.8005447,-44.7088318
4.35817963,-0.952651978,25.0902634,-44.4621277
4.36813763,-0.91709137,25.0329666,-44.3450623
4.37809563,-0.829574585,25.1527634,-44.4678345
4.38805263,-0.803634644,25.1505051,-44.4796753
4.39801063,-0.697059631,25.2647171,-44.3704834
4.40796763,-0.769882202,25.2345047,-44.5144043
4.41792563,-0.76133728,25.2531204,-44.4015198
4.42788363,-0.727729797,25.2135849,-44.6799316
4.43784063,-0.605155945,25.3310623,-44.412384
4.44779863,-0.526237488,25.2275925,-44.5868225
4.45775563,-0.708580017,25.0351944,-44.6920166
4.46771363,-0.536231995,24.9807816,-44.6758118
4.47767163,-0.572807312,24.6882858,-44.7140808
4.48762863,-0.729248047,24.4960098,-44.8452759
4.49758663,-0.77986908,24.3334274,-44.9971313
4.50754363,-0.927337646,24.1030502,-45.1634216
4.51750163,-0.867225647,23.8991623,-44.9708252
4.52745963,-0.867225647,23.8991623,-44.9708252
4.53741663,-0.895942688,23.6449661,-45.1104431
4.54737462,-0.906646729,23.708046,-45.2456665
4.55733163,-0.994407654,23.5356216,-45.5217896
4.56728963,-1.03196716,23.5460281,-45.4098816
4.57724763,-1.26377106,23.534996,-45.5296936
4.58720463,-1.37112427,23.6826859,-45.4763489
4.59716263,-1.22328949,23.6278152,-45.035614
4.60711963,-1.58467102,23.7597427,-45.1422424
4.61707763,-1.66165161,23.7813644,-45.3265991
4.62703563,-1.87194824,24.0324783,-45.65802
4.63699263,-2.13502502,23.9025192,-45.4518738
4.64695063,-2.19417572,23.7360611,-45.3187256
4.65690763,-2.27984619,23.7025986,-45.6481628
4.66686563,-2.43793488,23.5666885,-45.6853333
4.67682263,-2.42417908,23.4764633,-45.7906799
4.68678063,-2.31993103,23.1701889,-46.0241089
4.69673863,-2.26754761,23.1299973,-45.89151
4.70669563,-2.24544525,23.0169601,-46.1713257
4.71665363,-2.1931839,22.9513626,-46.4452209
4.72661063,-2.13047028,22.6094666,-46.241394
4.73656863,-2.00720215,22.5523834,-46.2720337
4.74652663,-1.92628479,22.3453674,-46.2406006
4.75648363,-1.88851166,22.3163452,-46.2608643
4.76644163,-1.71542358,22.3109589,-46.4674988
4.77639863,-1.74207306,22.3857422,-46.3748779
4.78635663,-1.82450867,22.4770813,-46.4664307
4.79631463,-1.93896484,22.6837311,-46.1438293
4.80627163,-1.99349976,22.9936981,-46.2498779
4.81622963,-2.18012238,23.2804413,-46.3674316
4.82618663,-2.34198761,23.4864502,-46.0123901
4.83614463,-2.48625946,23.5916138,-46.0434265
4.84610263,-2.65868378,23.7006378,-45.9725952
4.85605963,-2.78591919,23.7978516,-45.8972778
4.86601763,-2.92243958,23.8138123,-45.8973083
4.87597463,-3.10361481,23.7325134,-45.8365173
4.88593263,-3.10361481,23.7325134,-45.8365173
4.89589062,-3.04298401,23.7646027,-46.124054
4.90584763,-3.10470581,23.8843231,-45.872406
4.91580563,-3.12095642,23.894577,-46.0402222
4.92576263,-3.14199829,23.9148102,-46.0968628
4.93572063,-3.08352661,23.9497375,-46.0609436
4.94567863,-3.2188797,24.0329895,-45.9034424
4.95563563,-3.14808655,24.035553,-45.7946472
4.96559363,-3.06900787,24.0900269,-45.9523621
4.97555063,-3.20197296,24.0812225,-45.7965698
4.98550863,-3.12985992,24.1049652,-45.7426758
4.99546663,-3.16496277,24.1077423,-45.5343323
5.00542363,-3.12476349,24.2189636,-45.5187073
5.01538163,-3.161026,24.2306519,-45.5780945
5.02533863,-3.14295197,24.2395172,-45.5656433
5.03529663,-2.95371246,24.3234558,-45.6129761
5.04525463,-2.92127228,24.1868744,-45.911438
5.05521163,-2.83982086,24.3191681,-45.5737915
5.06516963,-2.90923309,24.2201385,-45.8130188
5.07512663,-2.86170197,24.1680603,-45.618988
5.08508463,-2.96352386,23.9493866,-45.8123169
5.09504263,-2.87569427,24.0721436,-45.90802
5.10499963,-2.72459412,24.026825,-45.9587708
5.11495762,-2.66503143,24.0300903,-45.8527527
5.12491463,-2.87137604,23.961319,-45.8937073
5.13487263,-2.81375122,24.0084839,-46.0655518
5.14483063,-2.78961945,23.6514587,-46.2358093
5.15478763,-2.65747833,23.5702972,-46.0247803
5.16474563,-2.62435913,23.4924927,-46.176239
5.17470263,-2.46216583,23.5686035,-46.0969543
5.18466063,-2.39962769,23.4938812,-46.26474
5.19461863,-2.21807098,23.4680634,-46.4154968
5.20457563,-2.13002014,23.3187256,-46.5928345
5.21453363,-2.01280212,23.2980499,-46.6280823
5.22449063,-1.75072479,23.3417358,-46.4095764
5.23444863,-1.75072479,23.3417358,-46.4095764
5.24440663,-1.58335114,23.1620331,-46.2659607
5.25436363,-1.65118408,23.0347977,-46.574707
5.26432163,-1.74954224,23.1211319,-46.6399841
5.27427863,-1.71646881,22.9857254,-46.7013245
5.28423713,-1.75197601,22.935463,-46.7137146
5.29419513,-1.66937256,22.9666519,-46.7811584
5.30415213,-1.50449371,23.0023727,-46.7365417
5.31411013,-1.27790833,23.2388535,-46.6460571
5.32406713,-1.13148499,23.2330093,-46.2583923
5.33402513,-1.02027893,23.194191,-46.2823181
5.34398313,-0.934127808,23.3425827,-46.4043884
5.35394013,-0.592330933,23.2906723,-46.1170349
5.36389813,-0.501907349,23.1751175,-46.1348877
5.37385513,-0.416824341,23.0664902,-46.0827332
5.38381313,-0.317001343,22.9625015,-46.0854187
5.39377113,-0.349998474,22.7061539,-46.1655273
5.40372813,-0.575431824,22.4055557,-46.1352539
5.41368613,-0.411102295,22.2603226,-46.1644287
5.42364313,-0.448043823,22.0752487,-46.2782288
5.43360113,-0.466194153,21.8844833,-46.3451843
5.44355913,-0.447128296,21.8561401,-46.4646301
5.45351613,-0.449806213,21.9256439,-46.4189148
5.46347413,-0.33706665,21.8189545,-46.4439392
5.47343113,-0.0820617676,21.8700104,-46.5660095
5.48338913,-0.0920257568,21.868042,-46.581543
5.49334713,0.0626144409,21.9837341,-46.5834961
5.50330413,0.223014832,22.0193176,-46.8106384
5.51326213,0.332298279,22.0889893,-46.7382507
5.52322013,0.49067688,22.0202026,-46.831604
5.53317713,0.636703491,22.2376862,-46.811554
5.54313513,0.752258301,22.2008743,-46.8553772
5.55309213,0.876953125,22.4122696,-46.826416
5.56305013,0.867202759,22.3037796,-46.9650574
5.57300813,0.725585938,22.2828293,-46.8544922
5.58296513,0.725585938,22.2828293,-46.8544922
5.59292313,0.757003784,22.3038406,-46.9325256
5.60288013,0.498504639,22.2905655,-46.6950073
5.61283813,0.456642151,22.3228683,-46.660553
5.62279613,0.34651947,22.2376022,-46.6368103
5.63275313,0.158973694,22.1189957,-46.7061462
5.64271113,0.0904159546,22.1191483,-46.5474243
5.65266813,0.099609375,22.2695541,-46.8250427
5.66262613,0.057723999,22.1904526,-46.6026917
5.67258413,-0.00503540039,22.058403,-46.7380676
5.68254113,-0.0203704834,21.9950027,-46.6750793
5.69249913,0.0134353638,22.0500107,-46.6048584
5.70245613,0.0159378052,22.1347885,-46.781189
5.71241413,-0.065284729,22.1906052,-46.7958374
5.72237213,-0.0907211304,22.1968155,-46.8420715
5.73232913,-0.1457901,22.1314468,-46.7510986
5.74228713,-0.068901062,22.154335,-46.5946655
5.75224413,-0.0947113037,22.3812637,-47.0094299
5.76220213,-0.0983276367,22.3005295,-46.6202393
5.77216013,-0.0567779541,22.2074661,-46.5436096
5.78211713,-0.0581207275,22.330574,-46.4144592
5.79207513,-0.112472534,22.2613297,-46.5046387
5.80203213,-0.150108337,22.4375839,-46.520874
5.81199013,-0.0947494507,22.5068741,-46.6460266
5.82194813,-0.242172241,22.6585464,-46.6299744
5.83190513,-0.312431335,22.623024,-46.5198669
5.84186313,-0.237518311,22.7325821,-46.8189392
5.85182013,-0.443473816,22.7622452,-46.7504883
5.86177813,-0.518363953,22.9069138,-46.8141174
5.87173613,-0.624603271,22.9449234,-46.5643921
5.88169313,-0.713928223,22.8711014,-46.5953064
5.89165113,-0.73046875,22.9821167,-46.5542908
5.90160813,-0.729675293,22.9532471,-46.706665
5.91156613,-0.892555237,23.0112,-46.6292725
5.92152413,-0.897796631,22.8590698,-46.5803223
5.93148113,-0.897796631,22.8590698,-46.5803223
5.94143913,-0.803726196,23.0957794,-46.4901428
5.95139713,-0.803352356,23.1106567,-46.4960022
5.96135413,-0.785636902,23.039917,-46.5466614
5.97131213,-0.839439392,22.9949951,-46.7649231
5.98126913,-0.924537659,23.2818604,-46.887146
5.99122713,-0.995819092,23.0643463,-46.6304321
6.00118513,-1.25954437,23.2190094,-46.84375
6.01114213,-1.38700867,23.0100555,-47.0888062
6.02110012,-1.31596375,23.0700989,-46.7849121
6.03105713,-1.45674133,22.9191132,-46.8560791
6.04101513,-1.53704071,22.9870758,-46.8403625
6.05097313,-1.68258667,22.8892212,-46.9586182
6.06093013,-1.71724701,22.8874359,-47.2498474
6.07088813,-1.88780212,22.6201324,-47.3564453
6.08084513,-1.80525208,22.4682159,-47.3227844
6.09080313,-1.76213074,22.385498,-47.5085144
6.10076113,-1.75107574,22.1457977,-47.3562927
6.11071813,-1.70241547,22.0708923,-47.197998
6.12067613,-1.60509491,22.1807251,-47.1992188
6.13063313,-1.47621155,22.102066,-47.2402344
6.14059113,-1.41027069,21.9940033,-47.3295288
6.15054912,-1.31230164,22.1450958,-47.3519287
6.16050613,-1.10955811,22.3521118,-47.3507385
6.17046413,-1.12189484,22.4878235,-47.4485779
6.18042213,-0.936523438,22.865181,-47.1968079
6.19037913,-0.878410339,22.8628159,-47.0970764
6.20033713,-0.991577148,23.0295639,-46.980835
6.21029413,-1.05038452,23.0819626,-46.9729919
6.22025213,-1.14852142,23.1399002,-46.9630432
6.23021013,-1.31756592,23.3217545,-46.8963623
6.24016713,-1.53278351,23.1804733,-46.9560852
6.25012513,-1.69017792,23.273674,-47.0827026
6.26008213,-1.69954681,23.3575974,-46.940918
6.27004013,-1.769104,23.4515762,-47.0102844
6.27999813,-1.769104,23.4515762,-47.0102844
6.28995496,-1.7501297,23.4886856,-47.077179
6.29991296,-1.83441162,23.7889481,-47.0247803
6.30986996,-1.83353424,23.7196426,-47.0133667
6.31982796,-1.72486115,23.7915192,-46.852478
6.32978596,-1.57801819,23.8187103,-46.8876038
6.33974296,-1.54341125,23.6995697,-46.836853
6.34970096,-1.50270844,23.5878601,-47.1076355
6.35965796,-1.32644653,23.5388184,-47.0301819
6.36961596,-1.48725891,23.4098206,-47.2341309
6.37957396,-1.40142822,23.5916901,-47.0596924
6.38953096,-1.47812653,23.4838562,-47.0040283
6.39948896,-1.55255127,23.6424255,-46.8798218
6.40944696,-1.6674118,23.5813446,-46.8560791
6.41940396,-1.79241943,23.5563202,-46.9793091
6.42936196,-1.88277435,23.3866119,-46.8258362
6.43931896,-1.87512207,23.3394318,-46.8630371
6.44927696,-1.74199677,23.2753296,-47.0991821
6.45923496,-1.72236633,23.1782532,-47.0823975
6.46919196,-1.74477386,23.0010223,-47.0276794
6.47914996,-1.72509003,22.980835,-46.8982239
6.48910696,-1.71520996,22.9468842,-46.9767456
6.49906496,-1.47055817,22.8856354,-46.9514465
6.50902296,-1.50590515,22.7884674,-46.9400635
6.51897996,-1.38851929,22.6349182,-46.9610291
6.52893796,-1.4413681,22.6265717,-47.3623962
6.53889496,-1.30290985,22.4071198,-47.1459656
6.54885296,-1.1450882,22.390976,-47.1722412
6.55881096,-1.16298676,22.1695862,-46.8434753
6.56876796,-1.19684601,22.0542908,-47.03125
6.57872596,-1.09218597,21.9918365,-47.0358276
6.58868296,-1.01863098,21.6421967,-46.9017944
6.59864096,-1.0196991,21.7598419,-47.3262939
6.60859896,-1.00814056,21.5339966,-47.1852112
6.61855596,-0.950553894,21.4268188,-47.0577087
6.62851396,-0.982650757,21.3495941,-47.2044983
6.63847196,-0.982650757,21.3495941,-47.2044983
6.64842896,-1.01356506,21.3934937,-47.2340698
6.65838696,-1.14620209,21.3846283,-47.4098206
6.66834396,-1.33519745,21.4254608,-47.3048401
6.67830196,-1.38320923,21.4720764,-47.1556091
6.68825996,-1.43513489,21.2573547,-47.2366943
6.69821696,-1.50320435,21.2886353,-47.4295044
6.70817496,-1.65512848,21.0779343,-47.6363525
6.71813196,-1.64898682,21.0211868,-47.5585022
6.72808996,-1.64366913,20.7874527,-47.4377441
6.73804796,-1.59396362,20.8945236,-47.4862671
6.74800496,-1.72484589,20.7409744,-47.5219116
6.75796296,-1.77967072,20.7750015,-47.5453491
6.76792096,-1.78587341,20.7095261,-47.6346741
6.77787796,-1.66130829,20.6970291,-47.7381897
6.78783596,-1.71787262,20.4478989,-47.6403503
6.79779296,-1.73415375,20.4773331,-47.7939758
6.80775096,-1.85098267,20.3323441,-47.7437439
6.81770896,-1.59841156,20.389061,-47.4565735
6.82766596,-1.4305954,20.474678,-47.7057495
6.83762396,-1.33325958,20.6749496,-47.9590454
6.84758096,-1.38344574,20.7025528,-47.834137
6.85753896,-1.51113892,20.5740585,-47.6008606
6.86749696,-1.4571228,20.7711563,-47.7887573
6.87745396,-1.40385437,20.7726364,-47.6444397
6.88741196,-1.28156281,20.9919815,-47.5549011
6.89736896,-1.40277863,20.9799271,-47.4960632
6.90732696,-1.43276978,21.0267715,-47.6740723
6.91728496,-1.64365387,21.0319748,-48.0351868
6.92724196,-1.83557129,21.1195908,-47.9956055
6.93719996,-1.90233612,21.1474991,-47.9161682
6.94715796,-2.10585022,21.3874283,-47.8965759
6.95711496,-2.3326416,21.5853043,-48.1433411
6.96707296,-2.37663269,21.6583786,-47.9850464
6.97702996,-2.40734863,21.8676224,-47.9136963
6.98698796,-2.40734863,21.8676224,-47.9136963
6.99694596,-2.53767395,21.770256,-47.8621521
7.00690296,-2.67237854,21.9905777,-47.9454346
7.01686096,-2.85475922,21.8223801,-47.86026
7.02681796,-2.8139801,21.8545914,-47.8639832
7.03677596,-2.92311859,21.7250443,-47.9777832
7.04673396,-2.81406403,21.8453751,-48.1109009
7.05669096,-2.80892944,21.9167709,-47.8362427
7.06664896,-3.05067444,21.6800766,-47.8058167
7.07660696,-3.07051849,21.8101501,-47.7675781
7.08656396,-3.1563797,21.8230133,-47.9310608
7.09652196,-3.31938171,21.6826172,-47.9517822
7.10647896,-3.44245148,21.5877838,-48.07547
7.11643696,-3.33880615,21.8258514,-47.9742432
7.12639496,-3.42789459,21.5844727,-47.8764648
7.13635196,-3.42949677,21.613678,-47.9203796
7.14630996,-3.62830353,21.4494171,-48.0897522
7.15626696,-3.64845276,21.6309662,-48.1721802
7.16622496,-3.76058197,21.3953705,-48.0706177
7.17618296,-3.90027618,21.4001465,-47.9324341
7.18613996,-4.02341461,21.1463928,-48.1571045
7.19609796,-4.06402588,21.2586365,-47.9931946
7.20605596,-4.06612396,21.0987549,-48.1445923
7.21601296,-4.08873749,21.0966644,-48.135498
7.22597096,-4.37688446,20.9747467,-48.1714172
7.23592796,-4.38981628,20.9848785,-48.3503418
7.24588596,-4.62161255,20.8918304,-48.2505798
7.25584396,-4.809021,20.7907867,-48.1634827
7.26580096,-4.92459869,20.617569,-48.191803
7.27575896,-4.98040771,20.5460205,-48.4144592
7.28571558,-5.17993927,20.4011993,-48.4718933
7.29567358,-5.17720795,20.3688812,-48.6037292
7.30563158,-5.37636566,20.3463974,-48.6182861
7.31558858,-5.32680511,20.282341,-48.3776855
7.32554658,-5.46150208,20.2587814,-48.4628906
7.33550458,-5.46150208,20.2587814,-48.4628906
7.34546158,-5.63140869,20.3158646,-48.5881042
7.35541958,-5.83612823,20.1630173,-48.5266113
7.36537658,-6.07649994,20.2900848,-48.4661255
7.37533458,-6.2964859,20.073822,-48.4654236
7.38529258,-6.35314178,19.9430695,-48.6746216
7.39524958,-6.61811829,19.6002655,-48.6945801
7.40520758,-6.75154114,19.4244537,-48.6652222
7.41516458,-6.95291138,19.2095032,-48.6911621
7.42512258,-7.24652863,19.1624527,-48.7927856
7.43508058,-7.37917328,18.9653702,-48.6427917
7.44503758,-7.52207947,19.0532913,-48.795929
7.45499558,-7.67853546,18.8083115,-48.7450562
7.46495358,-7.72219086,18.7965775,-49.0328674
7.47491058,-7.7084198,18.7687454,-48.8010864
7.48486858,-7.75319672,18.5178757,-48.9149475
7.49482558,-7.62719727,18.6427231,-48.8981018
7.50478358,-7.65273285,18.3926468,-48.8011475
7.51474158,-7.70139313,18.5492477,-48.9684448
7.52469858,-7.65229797,18.4287262,-48.9612122
7.53465658,-7.75379181,18.6162872,-48.982666
7.54461458,-7.68743134,18.5247421,-49.1238098
7.55457158,-7.78831482,18.7170258,-49.0461426
7.56452958,-7.7897644,18.7913132,-48.869751
7.57448658,-8.0231781,19.0524063,-48.9687195
7.58444458,-8.10195923,18.999382,-49.1075134
7.59440258,-8.09853363,19.0481339,-48.7886047
7.60435958,-8.31586456,18.9116592,-48.7632446
7.61431758,-8.39240265,18.9782639,-48.7954712
7.62427458,-8.55178833,18.8122101,-48.7584229
7.63423258,-8.43169403,18.7959061,-48.6125183
7.64419058,-8.5739212,18.8971939,-48.6730652
7.65414758,-8.73946381,18.7849045,-48.7884521
7.66410558,-8.73200989,18.6792374,-48.6965637
7.67406358,-8.83804321,18.5420761,-48.6478882
7.68402058,-8.83804321,18.5420761,-48.6478882
7.69397858,-8.90837097,18.4788971,-48.7426453
7.70393558,-8.94880676,18.5541611,-48.5976868
7.71389358,-9.00662231,18.5787201,-48.6653137
7.72385158,-9.11339569,18.6083527,-48.8434753
7.73380858,-9.23917389,18.5680161,-48.8494263
7.74376658,-9.19100189,18.5180359,-48.9682007
7.75372358,-9.14176178,18.5178299,-48.862793
7.76368158,-9.22789001,18.492981,-48.9904175
7.77363958,-9.33157349,18.5361328,-48.7966003
7.78359658,-9.37467194,18.4842911,-48.6830444
7.79355458,-9.53914642,18.3673172,-48.5584717
7.80351258,-9.7004776,18.3789597,-48.712616
7.81346958,-9.8341217,18.2631683,-48.7570496
7.82342758,-10.0049438,18.2653275,-48.9373474
7.83338458,-9.97441864,18.2008667,-48.8738098
7.84334258,-10.0406036,18.1912384,-48.9049988
7.85330058,-9.95811462,18.0775986,-48.8237915
7.86325758,-9.94558716,18.0517273,-48.9294434
7.87321558,-10.0733337,18.1768951,-48.935791
7.88317358,-10.2494507,18.0639648,-48.7308655
7.89313058,-10.3449631,18.1845398,-48.7539673
7.90308858,-10.3633575,18.051445,-48.8461914
7.91304558,-10.6669006,18.0420151,-48.7398682
7.92300358,-10.6206589,17.9968338,-48.6441345
7.93296158,-10.8039474,18.1418152,-48.6027222
7.94291858,-10.8413544,17.9602203,-48.5952454
7.95287658,-10.9861526,17.8702927,-48.7393799
7.96283358,-11.1522141,17.7684326,-48.5789795
7.97279158,-11.378624,17.8408966,-48.7895508
7.98274958,-11.6640472,17.4945068,-48.7208557
7.99270658,-11.8965378,17.5264206,-48.6474609
8.00266458,-11.9064102,17.3572769,-48.8643494
8.01262258,-12.0298462,17.3538818,-48.8787231
8.02257958,-12.1278152,17.1445084,-48.5939941
8.03253758,-12.2007751,16.8783417,-48.6104736
8.04249458,-12.213974,16.8731689,-48.6108704
8.05245258,-12.4101791,16.7953186,-48.7033386
8.06241058,-12.5524216,16.7639923,-48.6385193
8.07236758,-12.7212753,16.557251,-48.7981873
8.08232558,-12.8393097,16.5677643,-48.7171631
8.09228258,-13.013382,16.4332275,-48.717041
8.10224058,-13.2283554,16.3468475,-48.818634
8.11219858,-13.505394,16.3008728,-48.8988647
8.12215558,-13.6424789,16.0943222,-48.5101929
8.13211358,-13.8346863,16.0849152,-48.5408936
8.14207158,-14.1272964,15.7815552,-48.6763
8.15202858,-14.3109818,15.7572403,-48.6365356
8.16198658,-14.6997681,15.600441,-48.5626221
8.17194358,-14.8649216,15.4778366,-48.5295715
8.18190158,-15.1392212,15.4302826,-48.4802246
8.19185958,-15.3622284,15.1298981,-48.4468079
8.20181658,-15.5741653,14.8880005,-48.5575256
8.21177458,-15.6601105,14.6429291,-48.4891052
8.22173258,-15.832695,14.4742355,-48.6821594
8.23168958,-16.0566788,14.1128311,-48.6089478
8.24164758,-16.2992096,13.9157791,-48.5195312
8.25160458,-16.4173508,13.7081909,-48.4473572
8.26156258,-16.6234665,13.3098984,-48.5763855
8.27152058,-17.0492554,13.1650085,-48.5321655
8.28147758,-17.3250732,12.8609009,-48.6894531
8.29143613,-17.4834366,12.7691956,-48.5497131
8.30139313,-17.5304489,12.4093552,-48.537262
8.31135113,-17.8355484,12.3133926,-48.6073303
8.32130913,-18.0736771,11.9259415,-48.4909058
8.33126613,-18.3529358,11.6817932,-48.590271
8.34122413,-18.5354691,11.3853683,-48.6850586
8.35118213,-18.8884125,11.0273209,-48.5721741
8.36113913,-19.0225296,10.6213837,-48.6830444
8.37109713,-19.1959686,10.2366333,-48.6645203
8.38105413,-19.3847427,10.0702438,-48.5778809
8.39101213,-19.3847427,10.0702438,-48.5778809
8.40097013,-19.669075,9.78174591,-48.4554138
8.41092713,-19.8720932,9.34950256,-48.325531
8.42088513,-20.1553192,9.07840729,-48.2758179
8.43084213,-20.2633972,8.67301178,-48.406189
8.44080013,-20.4708862,8.37503052,-48.3935242
8.45075812,-20.6797791,8.15248108,-48.6188354
8.46071513,-20.7982941,7.82510376,-48.2845764
8.47067313,-20.97789,7.7170639,-48.3767395
8.48063113,-21.1896973,7.6088562,-48.4382935
8.49058813,-21.3080368,7.41437531,-48.0625305
8.50054613,-21.5625381,7.33435059,-48.2315674
8.51050313,-21.7568741,7.08517456,-48.3282471
8.52046113,-22.1072617,6.83014679,-48.1141357
8.53041913,-22.4439163,6.46520233,-48.1348877
8.54037613,-22.5683746,6.15679932,-47.9425964
8.55033413,-22.7420959,5.85749054,-48.0858459
8.56029213,-22.8996429,5.48261261,-47.8161926
8.57024913,-23.1136932,5.0357666,-48.0010071
8.58020713,-23.0942383,4.86865234,-48.0504761
8.59016413,-23.065918,4.65509033,-47.8989868
8.60012213,-23.0895081,4.42729187,-47.9525146
8.61008013,-23.0903625,4.24661255,-48.2291565
8.62003713,-23.0336609,4.16270447,-48.0430908
8.62999513,-23.0310516,3.74951172,-48.0473633
8.63995213,-23.0145721,3.59697723,-48.0514526
8.64991013,-23.0166779,3.28936768,-48.0908203
8.65986813,-23.0956268,3.00592804,-48.122467
8.66982512,-23.1776886,2.83250427,-47.9309082
8.67978313,-23.2647095,2.58547211,-48.0425415
8.68974113,-23.514267,2.48882294,-48.0518494
8.69969813,-23.371521,2.22115326,-47.9417419
8.70965613,-23.5317841,2.32023621,-47.9842224
8.71961313,-23.3939896,2.06018829,-47.8660278
8.72957113,-23.6634445,1.91745758,-47.9733276
8.73952913,-23.6634445,1.91745758,-47.9733276
8.74948613,-23.4538193,1.71489716,-47.7695618
8.75944413,-23.4584427,1.64588928,-48.3357849
8.76940213,-23.237236,1.33547211,-47.989563
8.77935913,-23.3101044,1.2718277,-47.843689
8.78931713,-23.3798065,1.02676392,-47.8587036
8.79927413,-23.3295746,1.17651367,-47.9182129
8.80923213,-23.282196,1.21904755,-47.8002625
8.81919013,-23.4108582,1.4887619,-47.9523315
8.82914713,-23.5521393,1.34338379,-47.9185486
8.83910513,-23.7131958,1.32029724,-47.8339539
8.84906213,-23.7241364,1.27883148,-47.7088623
8.85902013,-23.7030945,1.15526581,-47.6553955
8.86897813,-23.650116,0.88671875,-47.8138428
8.87893513,-23.4571838,0.766998291,-47.3300476
8.88889313,-23.443222,0.574333191,-47.3751831
8.89885113,-23.3502655,0.441604614,-47.3867188
8.90880813,-23.3508301,0.315544128,-47.5213318
8.91876613,-23.2576141,0.198570251,-47.481781
8.92872313,-23.2864838,0.274101257,-47.2936707
8.93868113,-23.36203,0.294555664,-47.6095276
8.94863913,-23.3378906,0.258842468,-47.6211548
8.95859613,-23.1029663,0.137588501,-47.52948
8.96855413,-22.957962,0.232467651,-47.4552917
8.97851113,-22.9143677,0.202987671,-47.6807861
8.98846913,-22.7077866,0.297866821,-47.6851196
8.99842713,-22.7165146,0.209342957,-47.8204651
9.00838413,-22.6495132,0.124938965,-47.6858826
9.01834213,-22.7040329,0.0260467529,-47.7631226
9.02830012,-22.7089157,-0.155929565,-47.7763977
9.03825713,-22.7921524,0.0347213745,-47.9657593
9.04821513,-22.8500137,-0.0594177246,-47.9460449
9.05817313,-22.8891678,-0.0591430664,-47.8861084
9.06813013,-22.9404068,-0.000831604004,-47.8348389
9.07808813,-23.0937271,-0.16381073,-47.9949036
9.08804513,-23.0600433,-0.158500671,-47.7553406
9.09800313,-23.0600433,-0.158500671,-47.7553406
9.10796113,-23.084259,-0.210884094,-47.7939758
9.11791813,-23.131424,-0.312202454,-47.6303406
9.12787613,-23.0016937,-0.363708496,-47.9356995
9.13783313,-23.3475952,-0.348182678,-47.6006775
9.14779113,-23.2501221,-0.4712677,-47.6148376
9.15774913,-23.2782135,-0.570327759,-47.6173706
9.16770613,-23.3465729,-0.846565247,-47.8331909
9.17766413,-23.4976959,-0.695396423,-47.5956116
9.18762213,-23.6107483,-0.857086182,-47.5700073
9.19757913,-23.8442688,-1.13142395,-47.6624451
9.20753713,-23.8121796,-1.20185089,-47.5493774
9.21749413,-23.8674011,-1.33276367,-47.506012
9.22745213,-23.9414062,-1.50389862,-47.6914062
9.23741013,-24.1796417,-1.6721344,-47.3864136
9.24736712,-24.1329193,-1.7452774,-47.5037537
9.25732513,-24.1531372,-1.74304199,-47.5794983
9.26728313,-24.1964264,-1.89372253,-47.5727234
9.27724013,-24.2018127,-2.06350708,-47.5786438
9.28719846,-24.2129669,-2.07527161,-47.7348938
9.29715546,-24.2774048,-2.1164093,-47.448761
9.30711346,-24.2446289,-2.03408813,-47.4659424
9.31707146,-24.236969,-2.3378067,-47.2256165
9.32702846,-24.116684,-2.40668488,-47.3373108
9.33698646,-24.2887115,-2.67317963,-47.4271545
9.34694446,-24.3982697,-2.62650299,-47.5794373
9.35690146,-24.3709335,-2.80057526,-47.5174561
9.36685946,-24.3705368,-2.86152649,-47.5969849
9.37681646,-24.3472061,-2.94967651,-47.3889771
9.38677446,-24.2524338,-3.06085968,-47.278717
9.39673246,-24.3656082,-3.13326263,-47.1203918
9.40668946,-24.3754349,-3.34159088,-47.0509644
9.41664746,-24.4062881,-3.4491272,-47.2622681
9.42660446,-24.5001297,-3.68251038,-47.1360474
9.43656246,-24.6758957,-4.02926636,-47.2176819
9.44652046,-24.6758957,-4.02926636,-47.2176819
9.45647746,-24.401001,-4.25260925,-47.0940552
9.46643546,-24.2747803,-4.35713196,-47.0798035
9.47639346,-24.1877747,-4.507164,-47.2532654
9.48635046,-23.9684906,-4.50468445,-47.2326965
9.49630846,-23.8930359,-4.50653839,-47.1612854
9.50626546,-23.7737427,-4.47803497,-47.4549866
9.51622346,-23.7505188,-4.29655457,-47.3970337
9.52618146,-23.6654663,-4.38238525,-47.3712158
9.53613846,-23.7055206,-4.3453064,-47.3352051
9.54609646,-23.5276184,-4.40481567,-47.4297485
9.55605446,-23.4631653,-4.20909882,-47.3903809
9.56601146,-23.5692291,-4.39994049,-47.7003784
9.57596946,-23.723877,-4.42150879,-47.6299133
9.58592646,-23.5434799,-4.4562912,-47.5777893
9.59588446,-23.7758713,-4.54252625,-47.4767456
9.60584246,-23.6706619,-4.71202087,-47.5754089
9.61579946,-23.8024979,-4.61254883,-47.54599
9.62575746,-23.7029343,-4.64603424,-47.5142517
9.63571546,-23.8629532,-4.53278351,-47.3123474
9.64567246,-23.9105453,-4.46640015,-47.3262939
9.65563046,-24.0248184,-4.34272766,-47.4586487
9.66558746,-23.9612656,-4.37638855,-47.1814575
9.67554546,-24.0876389,-4.28604126,-47.4245911
9.68550346,-24.1075974,-4.16665649,-47.4711304
9.69546046,-24.0139999,-4.21041107,-47.4138794
9.70541846,-24.0036697,-4.39134216,-47.3876343
9.71537646,-24.0154495,-4.22098541,-47.3806763
9.72533346,-23.8307419,-4.24849701,-47.5031433
9.73529146,-23.8364029,-4.24499512,-47.7893066
9.74524846,-23.9903488,-4.27509308,-47.680481
9.75520646,-23.9436569,-4.396492,-47.467804
9.76516446,-23.835289,-4.41095734,-47.4619446
9.77512146,-24.0372849,-4.53317261,-47.5349121
9.78507946,-24.1424179,-4.6660614,-47.3150024
9.79503646,-24.1424179,-4.6660614,-47.3150024
9.80499446,-24.3214493,-4.77124023,-47.2922668
9.81495246,-24.2936935,-4.89058685,-47.4180298
9.82490946,-24.3065567,-4.96077728,-47.3761292
9.83486746,-24.2885056,-4.99694061,-47.1412048
9.84482546,-24.3445969,-5.06751251,-47.2580261
9.85478246,-24.3040543,-5.19750214,-47.1210938
9.86474046,-24.3136826,-5.39176178,-47.0217285
9.87469846,-24.1126328,-5.4876709,-47.0916748
9.88465546,-23.859581,-5.7233429,-47.2692261
9.89461346,-23.8689651,-5.91918182,-47.5473938
9.90457046,-23.5216141,-6.03325653,-47.5174561
9.91452846,-23.3806992,-6.1190567,-47.6506042
9.92448646,-23.2774887,-6.3738327,-47.5515137
9.93444346,-23.5069656,-6.33157349,-47.3757629
9.94440146,-23.6744003,-6.40606689,-47.4785156
9.95435946,-23.7753372,-6.23229218,-47.272644
9.96431646,-23.9105606,-6.39478302,-47.1253662
9.97427446,-24.1267929,-6.26974487,-47.3627319
9.98423146,-24.086647,-6.1807251,-47.4310608
9.99418946,-24.2066574,-6.05812836,-47.1952209
10.0041475,-24.3353195,-6.10134125,-47.1268005
10.0141045,-24.5685501,-5.85935211,-47.0655518
10.0240625,-24.6256332,-5.97328949,-47.0891418
10.0340205,-24.7847672,-5.99980164,-46.8907166
10.0439775,-24.7960129,-6.15429688,-46.9078369
10.0539355,-25.0377808,-6.23952484,-46.6318665
10.0638925,-25.1818237,-6.5113678,-46.5995483
10.0738505,-25.1856537,-6.62336731,-46.34198
10.0838085,-25.1896057,-6.72356415,-46.3302002
10.0937655,-25.1007538,-6.77392578,-46.2014771
10.1037235,-25.2578278,-6.84651947,-46.1634216
10.1136815,-25.2839355,-6.85701752,-46.2824707
10.1236385,-25.2892151,-6.78540039,-46.1230774
10.1335965,-25.3114014,-6.71395874,-46.2592468
10.1435535,-25.3394623,-6.83854675,-46.2534485
10.1535115,-25.3394623,-6.83854675,-46.2534485
10.1634695,-25.5337067,-7.02824402,-46.0119629
10.1734265,-25.4953613,-7.0725174,-45.8891296
10.1833845,-25.4932709,-7.01673889,-45.8558044
10.1933415,-25.4529419,-6.8052063,-46.0365906
10.2032995,-25.3228607,-6.46318817,-46.1798096
10.2132575,-25.1034851,-6.38280487,-46.1810608
10.2232145,-25.0129852,-6.1299057,-46.2359619
10.2331725,-24.9981384,-5.95346832,-46.0119934
10.2431305,-25.0150452,-5.87944031,-46.3349609
10.2530875,-24.9995117,-5.86058044,-46.3737793
10.2630455,-25.0133362,-5.79862213,-46.6195068
10.2730025,-25.1575851,-5.78339386,-46.5623779
10.2829605,-25.0547409,-5.67562103,-46.3848877
10.2929183,-25.3248825,-5.59265137,-46.2059631
10.3028753,-25.3581924,-5.60372925,-46.4056396
10.3128333,-25.4662704,-5.40106964,-46.2649841
10.3227913,-25.3535538,-5.28910065,-46.3507385
10.3327483,-25.5140152,-5.36032867,-46.123291
10.3427063,-25.5793991,-5.38270569,-46.2073669
10.3526643,-25.5515671,-5.35068512,-46.2357788
10.3626213,-25.4766312,-5.30657196,-46.262207
10.3725793,-25.4529037,-5.25936127,-46.2913513
10.3825363,-25.4670029,-5.31558228,-46.3243713
10.3924943,-25.4461288,-5.22286987,-46.0268555
10.4024523,-25.4359818,-5.37220764,-46.1410828
10.4124093,-25.4376602,-5.29531097,-46.2521057
10.4223673,-25.2718277,-5.20864868,-46.0533142
10.4323253,-25.248848,-5.2289505,-46.3525085
10.4422823,-25.2105179,-5.28292084,-46.5474548
10.4522403,-25.2155685,-5.34122467,-46.5863037
10.4621973,-25.033989,-5.27238464,-46.6038208
10.4721553,-24.9209518,-5.3143692,-46.677063
10.4821133,-24.8575821,-5.38832855,-46.5735168
10.4920703,-24.995903,-5.48223877,-46.62146
10.5020283,-24.995903,-5.48223877,-46.62146
10.5119853,-25.0897598,-5.67057037,-46.5553894
10.5219433,-25.1425781,-5.73621368,-46.518219
10.5319013,-25.1081543,-5.82646942,-46.4661865
10.5418583,-24.9498901,-6.07563019,-46.4339905
10.5518163,-25.003067,-6.21015167,-46.3270264
10.5617743,-25.0482635,-6.26460266,-46.5543823
10.5717313,-24.9338074,-6.42498779,-46.6114502
10.5816893,-25.0425262,-6.73799133,-46.7296143
10.5916473,-25.009964,-6.86737061,-46.7658997
10.6016043,-24.84935,-6.88794708,-46.7084961
10.6115623,-24.7298279,-7.03462219,-46.5076294
10.6215193,-24.6668167,-7.16371155,-46.6441345
10.6314773,-24.8342972,-7.27414703,-46.398468
10.6414353,-24.8063126,-7.39640045,-46.3606262
10.6513923,-24.521904,-7.46590424,-46.5637817
10.6613503,-24.5806503,-7.371521,-46.6732178
10.6713083,-24.7119217,-7.612854,-46.4999084
10.6812653,-24.6709518,-7.64212036,-46.3656006
10.6912233,-24.6011276,-7.73105621,-46.5508423
10.7011803,-24.6541824,-7.91623688,-46.6801758
10.7111383,-24.6165009,-8.03676605,-46.4059448
10.7210963,-24.4619751,-8.23262787,-46.516571
10.7310533,-24.4952087,-8.43893433,-46.4047546
10.7410113,-24.2926025,-8.78913116,-46.3217773
10.7509693,-24.2545624,-9.04377747,-46.3450623
10.7609263,-24.0504913,-9.4263382,-46.5763855
10.7708843,-24.0456085,-9.58023834,-46.4985962
10.7808413,-23.8862457,-9.63328552,-46.2991638
10.7907993,-23.8490753,-9.79098511,-46.3908386
10.8007573,-23.6578979,-9.81504059,-46.3537292
10.8107143,-23.6918945,-9.93461609,-46.4492798
10.8206723,-23.4928436,-9.97384644,-46.4397278
10.8306303,-23.3704224,-10.0121307,-46.3139648
10.8405873,-23.3908844,-9.86257935,-46.5113831
10.8505453,-23.3908844,-9.86257935,-46.5113831
10.8605023,-23.4113007,-9.94725037,-46.5252075
10.8704603,-23.3287506,-10.149559,-46.3747253
10.8804183,-23.3026733,-10.1408691,-46.3900452
10.8903753,-23.0676117,-10.2703171,-46.519104
10.9003333,-23.0873413,-10.3184586,-46.4406738
10.9102913,-23.2054749,-10.4718475,-46.35495
10.9202483,-23.2501831,-10.6518936,-46.3374329
10.9302063,-23.2874908,-10.7614212,-46.4921265
10.9401633,-23.2727661,-10.829567,-46.4083252
10.9501213,-23.3240814,-10.8318787,-46.2217407
10.9600793,-23.3255157,-10.7939453,-46.3734131
10.9700363,-23.3668365,-10.7866745,-46.2354431
10.9799943,-23.4972229,-10.7134247,-46.1591492
10.9899523,-23.428833,-10.7219467,-46.2126465
10.9999093,-23.2969208,-10.7753448,-46.3401794
11.0098673,-23.3857727,-10.8911743,-46.2782593
11.0198243,-23.4116058,-11.019516,-46.3178406
11.0297823,-23.468277,-10.9109268,-46.2611694
11.0397403,-23.6285858,-11.0047302,-46.3128967
11.0496973,-23.5606995,-10.9699402,-46.4966431
11.0596553,-23.4333954,-11.0078659,-46.5036621
11.0696133,-23.2843018,-11.0396881,-46.2803345
11.0795703,-23.2661285,-11.0163116,-46.1324768
11.0895283,-23.2996368,-11.0960312,-46.1101074
11.0994853,-23.3498383,-11.3026962,-46.3924255
11.1094433,-23.3636627,-11.2709503,-46.1142273
11.1194013,-23.3348083,-11.3307724,-46.0379028
11.1293583,-23.419342,-11.3922119,-45.9908447
11.1393163,-23.265274,-11.6047592,-46.1682739
11.1492743,-23.4293518,-11.7408295,-45.9859009
11.1592313,-23.324707,-11.946228,-46.0316772
11.1691893,-23.4533997,-12.1728745,-45.908844
11.1791473,-23.2410583,-12.4057541,-45.8965454
11.1891043,-23.3856506,-12.7866211,-45.976593
11.1990623,-23.2994843,-12.9767761,-45.621582
11.2090193,-23.2994843,-12.9767761,-45.621582
11.2189773,-23.4435425,-13.2427444,-45.6772156
11.2289353,-23.4443817,-13.5675583,-45.5669556
11.2388923,-23.5841675,-13.7989655,-45.4545288
11.2488503,-23.7632751,-14.0383377,-45.1820068
11.2588083,-23.8580627,-14.0930405,-45.237854
11.2687653,-23.7944946,-14.1550751,-45.161499
11.2787233,-23.7546997,-14.071701,-45.201355
11.2886802,-23.8402557,-14.093895,-45.1165771
11.2986382,-23.8519897,-14.0956726,-45.0905457
11.3085962,-23.940155,-14.0457153,-45.1954651
11.3185532,-23.9667816,-14.0627594,-45.1256409
11.3285112,-24.1645966,-14.1280441,-45.1498413
11.3384682,-24.3469543,-14.2268677,-44.8721619
11.3484262,-24.5038605,-14.1946945,-44.6878967
11.3583842,-24.6407623,-14.2849731,-44.6720581
11.3683412,-24.592453,-14.2528229,-44.4886475
11.3782992,-24.766571,-14.2695847,-44.3805237
11.3882572,-24.6699677,-14.4457169,-44.4222717
11.3982142,-24.7015076,-14.3495941,-44.5280151
11.4081722,-24.7844543,-14.4597015,-44.480957
11.4181302,-24.743515,-14.4186096,-44.544281
11.4280872,-24.6330719,-14.4942703,-44.3135071
11.4380452,-24.651474,-14.6194077,-44.5012817
11.4480022,-24.7384796,-14.601738,-44.4617004
11.4579602,-24.7708282,-14.5948257,-44.5428772
11.4679182,-24.7044067,-14.7274628,-44.4460754
11.4778752,-24.7242737,-14.7516479,-44.3421021
11.4878332,-24.8180695,-14.7799149,-44.1552124
11.4977912,-24.7479095,-14.8956375,-44.2756958
11.5077482,-24.8640137,-14.8189392,-44.2669678
11.5177062,-24.8411407,-14.8750992,-44.3468933
11.5276632,-24.9112244,-14.8101196,-44.3083496
11.5376212,-24.8224182,-14.6828308,-44.3236084
11.5475792,-24.9486237,-14.6026688,-44.219696
11.5575362,-24.9486237,-14.6026688,-44.219696
11.5674942,-24.8209229,-14.5697784,-44.2505188
11.5774522,-24.7234802,-14.5912018,-44.0561218
11.5874092,-24.7633667,-14.6151352,-44.43396
11.5973672,-24.9693451,-14.4943924,-44.3058167
11.6073242,-24.7201843,-14.6896591,-44.374054
11.6172822,-24.7960663,-14.9237976,-44.2156982
11.6272402,-24.6893234,-15.0880508,-44.2015076
11.6371972,-24.8285294,-15.23452,-44.1967163
11.6471552,-24.8299637,-15.4309387,-43.9547729
11.6571132,-24.8892441,-15.6142273,-43.6643066
11.6670702,-24.9331589,-15.692482,-43.6381226
11.6770282,-24.9944839,-15.7491608,-43.4674683
11.6869862,-25.0012894,-15.7888794,-43.7709045
11.6969432,-25.139534,-15.9974365,-43.4971924
11.7069012,-25.1080093,-16.0476151,-43.6047668
11.7168582,-25.016716,-16.160408,-43.3180237
11.7268162,-24.9652634,-16.3622742,-43.4895935
11.7367742,-24.9034958,-16.3424454,-43.5647583
11.7467312,-24.7359238,-16.4132538,-43.6194458
11.7566892,-24.7452469,-16.7102356,-43.4761658
11.7666472,-24.6467667,-16.8438873,-43.341217
11.7766042,-24.6277695,-16.9560623,-43.4519348
11.7865622,-24.5851974,-16.9812012,-43.4320984
11.7965192,-24.5360794,-17.1469574,-43.4920349
11.8064772,-24.44944,-16.9995499,-43.4723206
11.8164352,-24.4561539,-17.1985397,-43.5308838
11.8263922,-24.3023911,-17.1234894,-43.4459229
11.8363502,-24.2906418,-17.4780884,-43.3686523
11.8463082,-24.3383713,-17.5408096,-43.1648254
11.8562652,-24.1938705,-17.4722595,-43.2283936
11.8662232,-24.0358963,-17.5835724,-43.1689758
11.8761802,-23.9724045,-17.8339233,-43.5368652
11.8861382,-23.895668,-17.8090439,-43.3534546
11.8960962,-23.8258438,-17.8367386,-43.4356995
11.9060532,-23.8258438,-17.8367386,-43.4356995
11.9160112,-23.7110519,-17.7625351,-43.4967346
11.9259692,-23.6703415,-17.7925568,-43.532196
11.9359262,-23.4255295,-17.8813858,-43.5911255
11.9458842,-23.2210464,-17.8348846,-43.7697449
11.9558412,-23.362236,-17.9597549,-43.7176514
11.9657992,-23.2230606,-18.1226196,-43.863678
11.9757572,-23.231636,-18.282608,-43.5856628
11.9857142,-23.1071854,-18.403389,-43.6653442
11.9956722,-23.2325058,-18.4601974,-43.7044983
12.0056302,-23.0843887,-18.6541824,-43.6344299
12.0155872,-23.2478867,-18.7264481,-43.7217102
12.0255452,-23.1165085,-18.811264,-43.466156
12.0355032,-23.0599136,-18.7870789,-43.4986877
12.0454602,-22.9134293,-18.9359283,-43.1365967
12.0554182,-22.9186935,-19.0511322,-43.1508789
12.0653752,-22.9413834,-19.1507874,-43.4503784
12.0753332,-22.8820724,-19.489975,-43.4979248
12.0852912,-22.919838,-19.6986313,-43.3585205
12.0952482,-22.6814804,-19.7271118,-43.2727051
12.1052062,-22.7222366,-19.7768097,-43.2157593
12.1151642,-22.7355423,-20.0248489,-43.265625
12.1251212,-22.6410599,-20.152565,-43.2963257
12.1350792,-22.470253,-20.146637,-43.2039795
12.1450362,-22.3490067,-20.2579651,-43.206543
12.1549942,-22.3030319,-20.353508,-43.2704163
12.1649522,-22.2949066,-20.4347839,-43.2262878
12.1749092,-22.0847015,-20.5150986,-43.3208008
12.1848672,-22.0977936,-20.6332626,-43.2257996
12.1948252,-22.0099335,-20.5686417,-43.2366028
12.2047822,-21.944809,-20.6928329,-43.2962341
12.2147402,-22.0054321,-20.8757095,-43.2379761
12.2246972,-21.9983215,-21.1103363,-43.1211243
12.2346552,-21.9513092,-21.0912628,-42.9868469
12.2446132,-21.7853699,-21.0702744,-42.9120178
12.2545702,-21.7853699,-21.0702744,-42.9120178
12.2645282,-21.6510162,-21.0802765,-43.0789795
12.2744862,-21.4928589,-21.0841141,-42.8701172
12.2844432,-21.3022308,-21.1344833,-43.1176147
12.2944017,-21.2060242,-21.3292465,-43.0964661
12.3043597,-21.093399,-21.5158539,-42.987793
12.3143167,-20.9496613,-21.7086487,-42.9456177
12.3242747,-20.9009552,-21.7905273,-43.2458496
12.3342317,-20.9405212,-22.12146,-43.0905457
12.3441897,-20.5427399,-22.1829147,-43.0136719
12.3541477,-20.5351868,-22.3562851,-43.0530701
12.3641047,-20.2986908,-22.3119125,-43.0851135
12.3740627,-20.1154785,-22.4214325,-43.2479248
12.3840207,-19.8720627,-22.5425186,-43.2341003
12.3939777,-19.769165,-22.5170975,-43.2253723
12.4039357,-19.3634033,-22.6418152,-43.3067627
12.4138927,-19.262413,-22.8350525,-43.2763977
12.4238507,-18.9615936,-23.0489502,-43.3721008
12.4338087,-18.9239655,-23.1317596,-43.2496338
12.4437657,-18.736908,-23.3938522,-43.3111572
12.4537237,-18.5960159,-23.5220032,-43.3310547
12.4636817,-18.3631592,-23.741478,-43.2417908
12.4736387,-18.1017685,-23.9545898,-43.3638
12.4835967,-18.0175323,-24.2355499,-43.215332
12.4935537,-17.8399963,-24.3510056,-43.0673523
12.5035117,-17.4805756,-24.577858,-42.933075
12.5134697,-17.1737595,-24.8199081,-43.084259
12.5234267,-17.0524216,-25.2706909,-43.1676025
12.5333847,-16.6362534,-25.5902328,-42.7253113
12.5433427,-16.3528595,-25.9181213,-42.9520874
12.5532997,-16.0581284,-26.092926,-42.9663391
12.5632577,-15.6456299,-26.2915955,-42.8484802
12.5732157,-15.2292862,-26.4281235,-42.8065186
12.5831727,-14.9248123,-26.4672165,-42.9276733
12.5931307,-14.4929504,-26.8044434,-42.752594
12.6030877,-13.9485779,-27.0248337,-42.7721863
12.6130457,-13.9485779,-27.0248337,-42.7721863
12.6230037,-13.584549,-27.2569275,-42.9543457
12.6329607,-12.9190063,-27.3756485,-42.7951965
12.6429187,-12.5592957,-27.6616364,-42.8779907
12.6528767,-12.1784286,-27.9590225,-42.7320557
12.6628337,-11.6867599,-28.0235443,-42.70755
12.6727917,-11.2446518,-28.3690948,-42.710144
12.6827487,-10.7714386,-28.5108414,-42.7579651
12.6927067,-10.3880463,-28.7474442,-42.559967
12.7026647,-9.89074707,-28.8516922,-42.54422
12.7126217,-9.39272308,-29.1652222,-42.5509644
12.7225797,-8.86539459,-29.1890717,-42.528717
12.7325377,-8.29250336,-29.3218079,-42.5733337
12.7424947,-7.74692535,-29.427475,-42.5547791
12.7524527,-7.23986816,-29.6799393,-42.345459
12.7624097,-6.53258514,-29.6790237,-42.561615
12.7723677,-6.04883575,-29.8048859,-42.6234131
12.7823257,-5.45569611,-29.7883759,-42.6920166
12.7922827,-5.04125977,-29.9019852,-42.8552551
12.8022407,-4.416008,-29.7805939,-43.0483704
12.8121987,-4.00557709,-29.931778,-42.8290405
12.8221557,-3.44007111,-29.7927933,-42.8502502
12.8321137,-3.12726593,-29.7427292,-42.9469299
12.8420707,-2.69400024,-29.6139374,-43.0473938
12.8520287,-2.28983307,-29.5277328,-42.9926758
12.8619867,-1.85652161,-29.4220505,-43.0335693
12.8719437,-1.34616089,-29.3938904,-43.0744019
12.8819017,-0.88722229,-29.4037018,-43.0648193
12.8918597,-0.659111023,-29.3252945,-43.1531067
12.9018167,-0.222846985,-29.3203506,-43.1674194
12.9117747,0.0583114624,-29.4639587,-43.2205505
12.9217327,0.315788269,-29.5122223,-43.0643921
12.9316897,0.708084106,-29.3284607,-43.1773376
12.9416477,1.13737488,-29.1962433,-43.1419067
12.9516047,1.38977051,-29.2612152,-42.8002014
12.9615627,1.39785767,-29.2638474,-42.7998352
12.9715207,1.8341217,-29.3626556,-42.6060486
12.9814777,2.1395874,-29.2893906,-42.5996094
12.9914357,2.52655029,-29.3672943,-42.4333801
13.0013937,2.87195587,-29.3475571,-42.5145264
13.0113507,3.23448944,-29.1019135,-42.2808533
13.0213087,3.53245544,-29.184227,-42.5287781
13.0312667,3.8918457,-29.1043472,-42.6203918
13.0412237,4.27401733,-29.11026,-42.6167297
13.0511817,4.5521698,-28.9066696,-42.5354614
13.0611387,4.9282608,-28.8638382,-42.6524048
13.0710967,5.2208786,-28.71138,-42.7304077
13.0810547,5.50122833,-28.5464935,-42.724884
13.0910117,5.65416718,-28.5119629,-42.7453308
13.1009697,5.86080933,-28.3923569,-42.8172607
13.1109277,5.99887848,-28.3032913,-42.7330627
13.1208847,6.39546967,-28.1846085,-42.8399658
13.1308427,6.46276093,-28.2322693,-42.7120667
13.1407997,6.83476257,-28.1038437,-42.7427063
13.1507577,6.89867401,-28.1735916,-42.7622375
13.1607157,6.98345184,-27.9320145,-43.0782166
13.1706727,7.0214386,-27.8637543,-43.0373535
13.1806307,7.21775818,-27.7330475,-43.0601501
13.1905887,7.34872437,-27.7958908,-43.0928345
13.2005457,7.52254486,-27.6059113,-43.0354919
13.2105037,7.79289246,-27.613884,-43.0421448
13.2204607,8.06855011,-27.3284225,-43.2842102
13.2304187,8.28692627,-27.455452,-43.1341248
13.2403767,8.55173492,-27.1689758,-43.0601196
13.2503337,8.67645264,-27.2614517,-43.050415
13.2602917,8.83929443,-27.1436157,-42.9609985
13.2702497,9.05285645,-27.1475372,-42.813324
13.2802067,9.25994873,-27.1555023,-42.6713562
13.2901646,9.39783478,-27.050766,-42.8825684
13.3001216,9.48984528,-26.9077988,-42.9197388
13.3100796,9.48984528,-26.9077988,-42.9197388
13.3200376,9.57222748,-26.9004593,-42.4637146
13.3299946,9.69393921,-26.8094788,-42.7367249
13.3399526,9.61129761,-26.8029327,-42.6605835
13.3499106,9.52952576,-26.6806564,-43.0598145
13.3598676,9.53643036,-26.6424637,-42.7381287
13.3698256,9.61516571,-26.6638565,-42.6921082
13.3797836,9.86575317,-26.4300766,-42.9552612
13.3897406,9.99237061,-26.2786713,-42.9931335
13.3996986,10.045311,-26.3350067,-42.7346497
13.4096556,10.0111847,-26.3238754,-42.9700012
13.4196136,10.1083679,-26.2089386,-43.0677185
13.4295716,10.0598068,-26.1030579,-43.084259
13.4395286,9.99191284,-26.1536713,-43.0921326
13.4494866,10.0946274,-26.1298218,-43.0400085
13.4594446,10.0513382,-25.9449081,-43.0278015
13.4694016,10.2210388,-25.7288132,-43.0726318
13.4793596,10.3194199,-25.6888275,-43.0899963
13.4893166,10.4332504,-25.5831451,-43.0897217
13.4992746,10.3348541,-25.6416473,-43.2652283
13.5092326,10.264946,-25.3791046,-43.1528015
13.5191896,10.3161316,-25.1978149,-43.0317688
13.5291476,10.2984772,-25.4443283,-43.1131897
13.5391056,10.2797165,-25.4402161,-43.2190247
13.5490626,10.1646805,-25.5135803,-43.1300659
13.5590206,10.2075043,-25.3232574,-43.2283325
13.5689786,10.0341415,-25.2818375,-43.211731
13.5789356,10.0735703,-25.0488815,-43.3297729
13.5888936,10.1246872,-25.1260986,-43.3548584
13.5988506,10.2011871,-25.054245,-43.4458008
13.6088086,10.0196609,-25.1180878,-43.4258118
13.6187666,10.0302505,-24.9160385,-43.588562
13.6287236,10.0298462,-25.0627899,-43.4312744
13.6386816,9.88602448,-24.9617767,-43.341095
13.6486396,9.97937775,-24.9518127,-43.3821411
13.6585966,10.1412582,-24.760994,-43.3491821
13.6685546,10.1412582,-24.760994,-43.3491821
13.6785116,10.2054977,-24.8182907,-43.4641724
13.6884696,10.238266,-24.7060928,-43.5165405
13.6984276,10.2824631,-24.7543716,-43.397522
13.7083846,10.4100266,-24.7735596,-43.5584412
13.7183426,10.3889771,-24.7008133,-43.4350891
13.7283006,10.4277115,-24.7892761,-43.4474487
13.7382576,10.2823029,-24.8340683,-43.246521
13.7482156,10.2592773,-24.7876968,-43.3363953
13.7581726,10.1427536,-24.8430634,-43.1524658
13.7681306,10.0484619,-25.0235901,-43.1290283
13.7780886,9.8833847,-25.0149155,-43.1978455
13.7880456,9.92786407,-24.8429031,-43.171051
13.7980036,9.81634521,-24.9303589,-43.0701599
13.8079616,9.81100464,-24.8970566,-43.0944519
13.8179186,9.71809387,-25.0334244,-42.9235229
13.8278766,9.7449646,-25.0746994,-42.8458862
13.8378346,9.69812012,-25.3016815,-42.6985779
13.8477916,9.67218018,-25.4447937,-42.389679
13.8577496,9.74487305,-25.361351,-42.6581116
13.8677066,9.62049103,-25.6075745,-42.4031372
13.8776646,9.60987091,-25.7175064,-42.1214905
13.8876226,9.53272247,-25.8019333,-42.187561
13.8975796,9.30667877,-25.8083801,-42.3259583
13.9075376,9.13405609,-25.8280106,-42.2275085
13.9174956,9.02064514,-25.7765121,-42.1444092
13.9274526,8.90653229,-25.8758392,-42.2294312
13.9374106,8.78578186,-25.8304214,-42.2304382
13.9473676,8.73077393,-25.7055817,-42.1970215
13.9573256,8.8318634,-25.5428009,-42.27948
13.9672836,8.62532043,-25.6515045,-42.2767944
13.9772406,8.52140808,-25.5789795,-42.4440613
13.9871986,8.48973846,-25.4373016,-42.2452393
13.9971566,8.41254425,-25.4622421,-42.1217651
14.0071136,8.38955688,-25.5106277,-42.1478882
14.0170716,8.38955688,-25.5106277,-42.1478882
14.0270286,8.32578278,-25.4945755,-42.0226746
14.0369866,8.27658844,-25.4354019,-41.9514465
14.0469446,8.05939484,-25.5182419,-41.9513245
14.0569016,7.9763031,-25.5148392,-41.8872375
14.0668596,7.91299438,-25.655899,-41.8210144
14.0768176,7.80926514,-25.6423798,-41.696106
14.0867746,7.84761047,-25.505455,-41.7009888
14.0967326,7.79550171,-25.4648132,-41.4051514
14.1066896,7.93706512,-25.5182877,-41.5503845
14.1166476,7.97100067,-25.4292908,-41.4456177
14.1266056,8.09677124,-25.391922,-41.5336304
14.1365626,8.07863617,-25.2830505,-41.4459229
14.1465206,8.23929596,-25.2651215,-41.3522339
14.1564786,8.07116699,-25.3211441,-41.2422791
14.1664356,8.16308594,-25.1593475,-41.7583313
14.1763936,8.18720245,-25.080864,-41.6595154
14.1863516,8.35298157,-24.8110962,-41.7023621
14.1963086,8.5007019,-24.7914429,-41.7236633
14.2062666,8.45228577,-24.6701355,-41.7212524
14.2162236,8.65607452,-24.4723969,-41.6296692
14.2261816,8.70363617,-24.3756104,-41.6729736
14.2361396,8.81105042,-24.2378922,-41.5987854
14.2460966,8.78271484,-24.1519623,-41.5630493
14.2560546,8.84086609,-24.1057892,-41.6707153
14.2660126,9.09241486,-23.905014,-41.5436401
14.2759696,9.03310394,-23.9347534,-41.4008484
14.2859276,9.10115814,-23.8282394,-41.473114
14.2958855,9.18550873,-23.7880707,-41.5611267
14.3058425,9.0739975,-23.6735153,-41.7097473
14.3158005,9.08050537,-23.595726,-41.7764587
14.3257575,8.83878326,-23.7315063,-41.7102051
14.3357155,8.92836761,-23.5760117,-41.8143311
14.3456735,8.74398804,-23.5847778,-41.7866821
14.3556305,8.7069397,-23.3808746,-41.835907
14.3655885,8.7069397,-23.3808746,-41.835907
14.3755465,8.72807312,-23.4670181,-41.8754883
14.3855035,8.81945038,-23.3773193,-41.7155762
14.3954615,8.91015625,-23.4393692,-41.7120056
14.4054185,8.89336395,-23.454834,-41.4496155
14.4153765,8.89086151,-23.2969818,-41.4395752
14.4253345,9.02020264,-23.2539825,-41.4093933
14.4352915,8.94194794,-23.3325882,-41.6331787
14.4452495,8.85103607,-23.2094269,-41.5453491
14.4552075,8.77275085,-23.1580429,-41.3433228
14.4651645,8.82006836,-23.1527176,-41.2944946
14.4751225,8.5552063,-22.9458313,-41.4429626
14.4850795,8.57652283,-22.7916107,-41.5232239
14.4950375,8.33829498,-22.6243591,-41.7402649
14.5049955,8.51889801,-22.5000687,-41.9839783
14.5149525,8.37136078,-22.4487686,-41.9409485
14.5249105,8.46074677,-22.5062103,-41.7643127
14.5348685,8.4076004,-22.6707153,-41.420929
14.5448255,8.43895721,-22.840416,-41.6054382
14.5547835,8.54653931,-23.048439,-41.2037048
14.5647405,8.69404602,-23.0704803,-41.0141907
14.5746985,8.7137146,-23.190361,-40.9295959
14.5846565,8.75012207,-23.1987839,-40.9865417
14.5946135,8.78805542,-23.1963959,-40.9248962
14.6045715,8.63784027,-23.318512,-40.746521
14.6145295,8.69824219,-23.3808746,-40.9162292
14.6244865,8.5304184,-23.4226837,-40.7937012
14.6344445,8.64935303,-23.3793945,-40.7634277
14.6444025,8.75461578,-23.4277267,-40.701416
14.6543595,8.67658997,-23.5849457,-40.5340576
14.6643175,8.6282959,-23.6281204,-40.4161987
14.6742745,8.55988312,-23.7472229,-40.2948914
14.6842325,8.21018982,-23.889473,-40.1489868
14.6941905,8.06781006,-23.9557724,-40.3303223
14.7041475,7.84012604,-23.8992004,-40.1299438
14.7141055,7.36039734,-23.9781342,-40.2485352
14.7240635,7.36039734,-23.9781342,-40.2485352
14.7340205,6.94670868,-23.9146271,-40.1126099
14.7439785,6.4391098,-23.7619171,-40.3930664
14.7539355,6.03444672,-23.9151688,-40.3630066
14.7638935,5.71208954,-23.5533218,-40.8463745
14.7738515,5.28473663,-23.553215,-40.72052
14.7838085,5.03910065,-23.6060257,-40.8061218
14.7937665,5.04187012,-23.7154999,-40.6971741
14.8037245,5.07885742,-23.7740707,-40.6571045
14.8136815,4.91952515,-23.8503494,-40.5545044
14.8236395,5.0509491,-23.7980957,-40.3797607
14.8335975,5.04698944,-24.0508957,-40.3171997
14.8435545,5.25128937,-23.8910294,-40.3551636
14.8535125,5.34259796,-23.9985504,-40.1434021
14.8634695,5.45429993,-23.9310303,-39.9760437
14.8734275,5.55608368,-23.8731079,-39.9229431
14.8833855,5.65382385,-23.7494278,-40.1707153
14.8933425,5.61136627,-23.7573547,-40.1838684
14.9033005,5.63394928,-23.7169418,-40.1713867
14.9132585,5.59041595,-23.6250305,-40.1168823
14.9232155,5.48284912,-23.5657654,-40.2266235
14.9331735,5.38708496,-23.5460815,-40.1513672
14.9431305,5.2180481,-23.5221786,-40.4612427
14.9530885,5.18942261,-23.4788666,-40.5907288
14.9630465,5.00347137,-23.3952637,-40.5733643
14.9730035,5.17527008,-23.2383423,-40.4577637
14.9829615,5.14582825,-23.2180099,-40.4172974
14.9929195,5.17726898,-23.2127457,-40.4584961
15.0028765,5.06562805,-23.13414,-40.5968933
15.0128345,5.07167053,-23.0454102,-40.5626526
15.0227915,5.09120178,-23.0014801,-40.4614868
15.0327495,5.07627106,-23.072731,-40.5601196
15.0427075,5.26772308,-23.1036453,-40.6849976
15.0526645,5.18769073,-23.3058624,-40.5110474
15.0626225,5.3154068,-23.2391739,-40.6669006
15.0725805,5.3154068,-23.2391739,-40.6669006
15.0825375,5.38227081,-23.2136993,-40.3401184
15.0924955,5.36623383,-23.2190857,-40.1829224
15.1024535,5.22392273,-23.2146606,-40.2967834
15.1124105,5.42323303,-23.0558853,-40.2887878
15.1223685,5.2539978,-23.1167984,-40.3564758
15.1323255,5.07363892,-22.9359665,-40.5640259
15.1422835,5.25032806,-22.7505264,-40.6052246
15.1522415,4.99356842,-22.9560242,-40.426239
15.1621985,5.02146149,-23.0265274,-40.5148926
15.1721565,4.86235809,-23.2340622,-40.6973877
15.1821145,5.01980591,-23.0032654,-40.6255798
15.1920715,4.82195282,-23.0324478,-40.7469788
15.2020295,4.89025879,-23.0458603,-40.5086975
15.2119865,4.84159851,-23.1673965,-40.4208069
15.2219445,4.91386414,-22.9560623,-40.2381287
15.2319025,4.96216583,-23.0931854,-40.2823792
15.2418595,4.97803497,-23.0987473,-40.0909424
15.2518175,4.95275879,-23.1272736,-40.0951233
15.2617755,4.92288971,-23.2290268,-40.0414734
15.2717325,4.8764267,-23.2279816,-39.9440613
15.2816905,4.89430237,-23.3048325,-40.1270447
15.2916475,5.02905273,-23.3354721,-39.8920593
15.3016055,5.08447266,-23.3301468,-39.9801636
15.3115635,5.14074707,-23.3390427,-39.672821
15.3215205,5.13600922,-23.2927017,-39.9812622
15.3314785,5.1987381,-23.1437836,-39.8548584
15.3414365,5.28840637,-23.1371002,-40.0153809
15.3513935,5.27394104,-23.37117,-39.700592
15.3613515,5.25997162,-23.2505112,-39.9114685
15.3713095,5.29922485,-23.104599,-39.6169434
15.3812665,5.40272522,-23.1369171,-39.6141052
15.3912245,5.66018677,-23.2683945,-39.6090088
15.4011815,5.92443848,-23.2111511,-39.6906738
15.4111395,6.16771698,-23.2572861,-39.5028076
15.4210975,6.16771698,-23.2572861,-39.5028076
15.4310545,6.25331879,-23.2340546,-39.1463928
15.4410125,6.36980438,-23.3266373,-39.1913147
15.4509705,6.64611053,-23.4086456,-39.1090393
15.4609275,6.70137787,-23.4652405,-38.9806213
15.4708855,6.90409088,-23.4107285,-38.9993896
15.4808425,6.82290649,-23.7907104,-39.0125122
15.4908005,6.89793396,-23.86689,-39.1378174
15.5007585,6.88420105,-24.06987,-38.8955994
15.5107155,6.79369354,-24.0274582,-38.7807312
15.5206735,6.79618073,-24.1743088,-38.7704773
15.5306315,6.82558441,-24.02565,-38.7377014
15.5405885,6.98006439,-23.8770676,-38.7489929
15.5505465,6.99412537,-23.9103699,-38.6483154
15.5605045,7.21305084,-23.7442322,-38.7528992
15.5704615,7.44467926,-23.6977615,-39.0520325
15.5804195,7.49299622,-23.6048279,-38.816803
15.5903765,7.55703735,-23.5509109,-38.7971497
15.6003345,7.93126678,-23.1535416,-38.934967
15.6102925,7.92802429,-23.1670837,-38.9879761
15.6202495,8.02680969,-23.0645142,-38.8557739
15.6302075,7.94061279,-23.161026,-38.9451294
15.6401655,7.96039581,-23.0956802,-38.8653564
15.6501225,8.00180054,-23.0015717,-39.1463623
15.6600805,7.87969971,-22.945488,-38.992218
15.6700375,7.86839294,-22.8802338,-38.9469299
15.6799955,7.82024384,-22.8554077,-38.8623352
15.6899535,7.85345459,-22.7790527,-38.8194885
15.6999105,7.87862396,-22.7842484,-38.8505249
15.7098685,7.74975586,-22.9280319,-38.6771545
15.7198265,7.94435883,-22.8662415,-38.7094116
15.7297835,7.98910522,-22.8557968,-38.7370605
15.7397415,7.98280334,-22.8851013,-38.8028259
15.7496985,7.94342804,-22.8088531,-38.7947083
15.7596565,7.99111176,-22.8599091,-38.8655396
15.7696145,8.08984375,-22.6991959,-38.7178345
15.7795715,8.08984375,-22.6991959,-38.7178345
15.7895295,7.95895386,-22.841423,-38.8010254
15.7994875,7.90436554,-22.7162018,-38.8900452
15.8094445,8.04524994,-22.6248932,-38.8438416
15.8194025,8.03964233,-22.7501755,-38.7130127
15.8293605,8.20775604,-22.7866287,-38.6759949
15.8393175,8.19522095,-22.8460159,-38.6335449
15.8492755,8.17044067,-22.9565277,-38.5106812
15.8592325,8.29407501,-23.114975,-38.5168457
15.8691905,8.33126831,-23.1004791,-38.4677734
15.8791485,8.27616119,-23.210701,-38.2126465
15.8891055,8.32421112,-23.2651672,-38.1658936
15.8990635,8.30628967,-23.5752869,-38.2435608
15.9090215,8.31573486,-23.696846,-38.0072021
15.9189785,8.24310303,-23.858139,-37.7391357
15.9289365,8.09685516,-24.2067337,-37.8878479
15.9388935,8.16461182,-24.1986923,-37.8010559
15.9488515,8.14544678,-24.560936,-37.249115
15.9588095,8.17827606,-24.6609726,-37.1125793
15.9687665,7.99119568,-25.0665207,-37.0163269
15.9787245,8.00541687,-25.1198273,-36.9577026
15.9886825,7.85873413,-25.3686142,-36.9600525
15.9986395,7.78452301,-25.4617081,-36.8843384
16.0085975,7.61656952,-25.7235107,-36.6806946
16.0185545,7.70057678,-25.5679932,-36.6311035
16.0285125,7.5618515,-25.7318726,-36.6724243
16.0384705,7.44432068,-25.6672821,-36.7462158
16.0484275,7.43825531,-25.8271561,-36.787262
16.0583855,7.30355072,-25.6549377,-36.6021423
16.0683435,7.24458313,-25.7686157,-36.3656311
16.0783005,7.151474,-25.711647,-36.4463806
16.0882585,7.11700439,-25.7330246,-36.6385498
16.0982155,7.05237579,-25.7641754,-36.47995
16.1081735,6.81575012,-25.7296143,-36.6918335
16.1181315,6.66810608,-25.6103821,-36.7072754
16.1280885,6.66810608,-25.6103821,-36.7072754
16.1380465,6.52806091,-25.4754791,-36.7730408
16.1480045,6.43740082,-25.4365082,-36.8552246
16.1579615,6.28984833,-25.3666458,-36.9184875
16.1679195,6.21234131,-25.449234,-36.849884
16.1778765,6.23509216,-25.3611526,-36.7489319
16.1878345,6.34036255,-25.4689102,-36.5136719
16.1977925,6.36689758,-25.6562881,-36.5336609
16.2077495,6.41506195,-25.6441956,-36.523468
16.2177075,6.48685455,-25.5115356,-36.5349731
16.2276655,6.59208679,-25.3417664,-36.9151001
16.2376225,6.70696259,-25.3976669,-36.763031
16.2475805,6.68380737,-25.1547241,-36.8093567
16.2575385,7.00418854,-25.1797028,-36.7533264
16.2674955,7.01545715,-25.1938629,-36.7168579
16.2774535,7.09207916,-25.169632,-36.6924438
16.2874105,7.21685028,-25.1146622,-36.8023376
16.2973679,7.28334808,-25.2596741,-36.7770386
16.3073259,7.30428314,-25.1541901,-36.7699585
16.3172829,7.30891418,-24.9945908,-36.7028809
16.3272409,7.62425232,-24.8747711,-36.6722412
16.3371989,7.73973083,-24.8652954,-36.6444702
16.3471559,7.70777893,-24.9153519,-36.6054688
16.3571139,7.86291504,-24.7112808,-36.6549072
16.3670709,8.00144196,-24.7444382,-36.7572632
16.3770289,8.13563538,-24.6814499,-36.6549377
16.3869869,8.14503479,-24.8271255,-36.5726929
16.3969439,8.45849609,-24.6837311,-36.3461304
16.4069019,8.55953217,-24.7873535,-36.3465576
16.4168599,8.85649872,-24.6690598,-36.3633118
16.4268169,9.17720795,-24.8092346,-36.3017273
16.4367749,9.52554321,-24.5738297,-36.1934204
16.4467319,9.54053497,-24.7496109,-36.2354126
16.4566899,9.66569519,-24.6422577,-36.3172302
16.4666479,9.8168335,-24.5804596,-36.0683289
16.4766049,9.8168335,-24.5804596,-36.0683289
16.4865629,9.9135437,-24.4810028,-36.1701965
16.4965209,10.0562973,-24.4758911,-36.04953
16.5064779,10.0393677,-24.423233,-36.2120667
16.5164359,10.1357651,-24.2534485,-36.133606
16.5263929,10.0710831,-24.2762909,-36.4459229
16.5363509,10.2244492,-24.226944,-36.205719
16.5463089,10.2640839,-24.2211761,-36.1042786
16.5562659,10.4686356,-24.0301208,-36.072937
16.5662239,10.4828873,-23.9614944,-36.2675476
16.5761819,10.6092758,-23.8636246,-36.1795349
16.5861389,10.7819595,-23.9048309,-35.9866333
16.5960969,11.0466461,-23.8840637,-35.9790955
16.6060549,11.2133408,-23.7981949,-36.1078491
16.6160119,11.4623489,-23.6291275,-35.9855957
16.6259699,11.7025299,-23.5651093,-36.0611877
16.6359269,12.0025635,-23.2534561,-36.1029358
16.6458849,12.116951,-22.917511,-36.2140808
16.6558429,12.3580246,-22.8116684,-36.2846069
16.6657999,12.5773849,-22.8020554,-36.259552
16.6757579,12.6013031,-22.7305756,-36.2526855
16.6857159,12.9336166,-22.5121384,-36.2477417
16.6956729,13.0355835,-22.4492264,-36.4011841
16.7056309,13.0445328,-22.4447479,-36.3791199
16.7155879,13.0916367,-22.4110641,-36.2746887
16.7255459,13.1216812,-22.5434113,-36.0695801
16.7355039,13.1206436,-22.2510605,-36.3484192
16.7454609,13.2630234,-22.1442032,-36.2190247
16.7554189,13.43367,-22.0017471,-36.2683716
16.7653769,13.6478119,-21.9286118,-36.2327576
16.7753339,13.93293,-21.6975098,-36.1982727
16.7852919,14.079071,-21.6873856,-36.3132629
16.7952489,14.2698364,-21.5771255,-36.2255554
16.8052069,14.5596619,-21.652771,-36.3575439
16.8151649,14.726265,-21.2995071,-36.296936
16.8251219,15.0831985,-21.2396927,-36.221344
16.8350799,15.0831985,-21.2396927,-36.221344
16.8450379,15.3199005,-21.0428391,-36.2849731
16.8549949,15.5981979,-20.9880981,-36.3353882
16.8649529,15.8667679,-20.7844086,-36.3980103
16.8749099,15.9217606,-20.6199799,-36.1727905
16.8848679,15.9834595,-20.3659744,-36.063324
16.8948259,16.1668549,-20.2788467,-36.2242432
16.9047829,16.4058762,-20.2309113,-36.0233459
16.9147409,16.5312805,-19.9924088,-36.1468201
16.9246989,16.5404434,-19.812767,-36.2544861
16.9346559,16.6717224,-19.6973038,-36.1612549
16.9446139,16.7824707,-19.5075684,-36.2792053
16.9545719,17.0153427,-19.2474899,-36.2254639
16.9645289,17.2421341,-18.9931107,-36.3776855
16.9744869,17.4956818,-18.6192017,-36.3681641
16.9844439,17.6568146,-18.2941208,-36.4776306
16.9944019,17.9622421,-17.9886017,-36.328186
17.0043599,18.1929626,-17.8281097,-36.1601257
17.0143169,18.4924622,-17.4305191,-36.0681763
17.0242749,18.7913742,-17.0283585,-36.2926331
17.0342329,19.0176773,-16.8038788,-36.3742371
17.0441899,19.0309525,-16.5617142,-36.2831116
17.0541479,19.1822968,-16.3356094,-36.421936
17.0641049,19.2989807,-15.9807434,-36.4914856
17.0740629,19.4887314,-15.7544937,-36.2068176
17.0840209,19.7393112,-15.3356323,-36.32901
17.0939779,19.8987961,-15.0347748,-36.4099121
17.1039359,20.1366119,-14.8404007,-36.4316711
17.1138939,20.3234634,-14.3878479,-36.455658
17.1238509,20.4581909,-14.0051804,-36.2528076
17.1338089,20.4754868,-13.7158279,-36.3961792
17.1437659,21.0208054,-13.2977219,-36.2957153
17.1537239,21.0526123,-12.9869614,-36.1930542
17.1636819,21.2169876,-12.7972717,-36.1267395
17.1736389,21.4066467,-12.4380493,-36.1474915
17.1835969,21.4066467,-12.4380493,-36.1474915
17.1935549,21.545784,-12.1757736,-36.0412903
17.2035119,21.6674728,-11.6583786,-36.4543457
17.2134699,21.8259354,-11.3999176,-36.1710815
17.2234269,21.9464569,-11.149437,-35.9119263
17.2333849,22.1238632,-10.8962402,-36.1989136
17.2433429,22.3126068,-10.3711014,-36.4158325
17.2532999,22.3233871,-10.2160568,-36.480896
17.2632579,22.3652191,-9.79985809,-36.1679688
17.2732159,22.4371719,-9.54479218,-36.2156372
17.2831729,22.5392227,-9.34472656,-36.1638794
17.2931317,22.5598984,-9.05717468,-36.2564392
17.3030887,22.5850143,-8.85072327,-36.41745
17.3130467,22.76931,-8.68674469,-36.297821
17.3230047,22.7853928,-8.43416595,-36.3466492
17.3329617,22.9389648,-8.37922668,-36.1897583
17.3429197,23.1195374,-8.17141724,-36.1885681
17.3528777,22.9441299,-8.06140137,-36.0422058
17.3628347,23.0379181,-7.82532501,-36.2462769
17.3727927,23.241188,-7.67473602,-36.0207825
17.3827497,23.3299789,-7.5174408,-36.2286682
17.3927077,23.2086792,-7.43083191,-36.0074768
17.4026657,23.1836243,-7.28269196,-36.1710815
17.4126227,23.346138,-7.19558716,-36.2946777
17.4225807,23.4689789,-7.00493622,-36.09021
17.4325387,23.4990845,-6.74488068,-36.1915283
17.4424957,23.3729706,-6.44317627,-36.1254883
17.4524537,23.487175,-6.22302246,-36.0656433
17.4624107,23.619751,-5.89783478,-36.0087585
17.4723687,23.6035233,-5.81735992,-36.0862732
17.4823267,23.6844406,-5.56769562,-36.0245361
17.4922837,23.6773987,-5.3794632,-36.0206909
17.5022417,23.7590866,-5.08008575,-35.7739258
17.5121997,23.8378067,-5.05202484,-36.0275269
17.5221567,23.9235535,-4.77187347,-36.0267334
17.5321147,23.9261246,-4.77414703,-36.0266113
17.5420727,23.95681,-4.67710876,-36.0231628
17.5520297,23.974884,-4.6656723,-35.7374573
17.5619877,23.8528061,-4.4226532,-36.1109009
17.5719447,23.9934692,-4.5319519,-36.0115662
17.5819027,23.9787369,-4.31598663,-36.1265869
17.5918607,24.0455246,-4.27457428,-36.1129456
17.6018177,23.8456879,-4.06699371,-36.2150574
17.6117757,24.1026764,-3.85774231,-36.0949707
17.6217337,23.991394,-3.63021851,-36.3289795
17.6316907,24.1252289,-3.50360107,-36.1229248
17.6416487,24.0871582,-3.07665253,-36.5018311
17.6516057,24.2433014,-2.88726044,-36.5233459
17.6615637,24.0666122,-2.61081696,-36.6641541
17.6715217,24.0992432,-2.46500397,-36.5583496
17.6814787,24.0335999,-2.05162811,-36.5837097
17.6914367,24.0387268,-2.05774689,-36.413147
17.7013947,24.0784988,-1.80812836,-36.5664368
17.7113517,24.1944733,-1.77539825,-36.5791626
17.7213097,24.2978058,-1.52896118,-36.511261
17.7312667,24.1974258,-1.507164,-36.4540405
17.7412247,24.2139893,-1.33341217,-36.6087646
17.7511827,24.3211823,-1.09698486,-36.4810486
17.7611397,24.2239304,-0.970939636,-36.4276123
17.7710977,24.2176132,-0.759078979,-36.1205139
17.7810557,24.2339706,-0.637741089,-36.1759338
17.7910127,24.3454208,-0.213432312,-36.1507263
17.8009707,24.2641144,-0.10761261,-36.2570801
17.8109277,24.3123932,0.0188827515,-36.3350525
17.8208857,24.4378128,0.232299805,-36.3660889
17.8308437,24.6112518,0.318183899,-36.2926331
17.8408007,24.5221329,0.43396759,-36.1473999
17.8507587,24.5046539,0.761276245,-36.3334961
17.8607167,24.5365906,0.772659302,-36.0621643
17.8706737,24.4478683,0.821876526,-36.1260376
17.8806317,24.4849777,1.0817337,-36.0686035
17.8905887,24.4849777,1.0817337,-36.0686035
17.9005467,24.6424789,1.2071991,-35.9831848
17.9105047,24.7567215,1.08554077,-35.561554
17.9204617,24.7356567,1.17579651,-35.6522217
17.9304197,24.7680588,1.25840759,-35.5392456
17.9403777,24.8116837,1.49713898,-35.428833
17.9503347,24.7284317,1.54644012,-35.4801941
17.9602927,24.6916046,1.69541931,-35.6252136
17.9702497,24.6937332,1.65991211,-35.811615
17.9802077,24.6363831,1.80381012,-35.6632385
17.9901657,24.6438065,1.84266663,-35.6976013
18.0001227,24.66185,1.92967224,-35.5346985
18.0100807,24.5611115,1.7457962,-35.5287476
18.0200387,24.5611496,2.04754639,-35.7732544
18.0299957,24.6485443,2.0103302,-35.8068848
18.0399537,24.6369934,2.1372757,-35.8649902
18.0499107,24.6876831,2.26934814,-35.7997742
18.0598687,24.6339569,2.53912354,-35.769043
18.0698267,24.593811,2.74514771,-35.6691284
18.0797837,24.427597,2.70545959,-35.418335
18.0897417,24.4254074,2.84702301,-35.4777527
18.0996997,24.4066849,2.97874451,-35.4882812
18.1096567,24.2929764,3.01937866,-35.6203003
18.1196147,24.2349472,2.93199921,-35.4828796
18.1295727,24.2675171,2.99629211,-35.4389648
18.1395297,24.2796173,2.88259888,-35.5366211
18.1494877,24.1617737,2.99332428,-35.3902283
18.1594447,24.2442932,3.1770401,-35.4777832
18.1694027,24.2316666,3.23397064,-35.1300659
18.1793607,24.2890396,3.33969116,-35.1653137
18.1893177,24.1668396,3.4158783,-35.038147
18.1992757,24.1997986,3.6306839,-35.2529297
18.2092337,23.9923782,3.71020508,-35.0652161
18.2191907,24.1437759,3.77826691,-34.8987732
18.2291487,24.0980835,3.9148941,-34.9654846
18.2391057,24.0980835,3.9148941,-34.9654846
18.2490637,24.1426086,4.00318146,-35.0970764
18.2590217,24.0852356,4.14376068,-35.2108765
18.2689787,24.0374527,4.41741943,-35.1124268
18.2789367,24.0563431,4.54576874,-35.1225281
18.2888937,24.033226,4.79111481,-35.1145935
18.2988514,24.0938263,4.85030365,-35.0007324
18.3088094,24.0792389,5.05499268,-34.9489746
18.3187664,24.0051956,5.14730072,-34.9873352
18.3287244,24.0438385,5.1608429,-35.0695496
18.3386824,24.0057755,5.26931,-34.7687378
18.3486394,23.9216156,5.43549347,-35.0352173
18.3585974,23.9433289,5.4499054,-35.1963501
18.3685554,24.0052032,5.37874603,-34.998291
18.3785124,23.8294373,5.51602936,-34.9975281
18.3884704,23.9150696,5.59310913,-35.0570679
18.3984274,23.8295517,5.82515717,-34.9884644
18.4083854,23.8202362,5.7869873,-34.9849243
18.4183434,23.7544327,5.67762756,-35.4160767
18.4283004,23.7720566,5.61000824,-35.0570374
18.4382584,23.589798,5.64142609,-35.2279053
18.4482164,23.6108627,5.50057983,-35.3465576
18.4581734,23.6961365,5.54560852,-35.2264099
18.4681314,23.732399,5.65101624,-35.2929688
18.4780884,23.4282227,5.66791534,-35.293457
18.4880464,23.4642868,5.61000824,-35.5257568
18.4980044,23.4507904,5.60560608,-35.3726807
18.5079614,23.4173584,5.50968933,-35.6238403
18.5179194,23.3249741,5.52030182,-35.5618896
18.5278774,23.3899307,5.56430817,-35.5245972
18.5378344,23.4745026,5.53484344,-35.4237366
18.5477924,23.3806,5.28540802,-35.4718323
18.5577494,23.4472122,5.36556244,-35.5983887
18.5677074,23.5987778,5.11603546,-35.4519043
18.5776654,23.8222656,5.04821014,-35.3254395
18.5876224,23.8222656,5.04821014,-35.3254395
18.5975804,23.8036118,4.76591492,-35.4909973
18.6075384,24.0718918,4.57309723,-35.5223694
18.6174954,24.1649475,4.41352844,-35.3014526
18.6274534,24.2242737,4.27899933,-35.4553833
18.6374104,24.3781052,4.04107666,-35.2285461
18.6473684,24.4479828,3.87232971,-35.286377
18.6573264,24.3827896,3.89858246,-35.3259888
18.6672834,24.4038391,3.73745728,-35.3625793
18.6772414,24.3106689,3.45584869,-35.5339355
18.6871994,24.3824081,3.43090057,-35.302002
18.6971564,24.1858139,3.36438751,-35.7335205
18.7071144,24.0870743,3.23835754,-35.6017761
18.7170714,23.9084091,3.11517334,-35.7489014
18.7270294,23.9455185,3.1492157,-35.78125
18.7369874,23.699173,2.85801697,-36.182251
18.7469444,23.6256104,2.69826508,-36.1519775
18.7569024,23.4358215,2.42741394,-36.4423523
18.7668604,23.3944244,2.33085632,-36.6975098
18.7768174,23.2075119,2.22780609,-36.7817688
18.7867754,23.2594376,2.06845093,-36.9411926
18.7967324,23.1976013,1.97911072,-36.7522278
18.8066904,23.392334,1.85598755,-36.7449341
18.8166484,23.3331833,1.80690002,-36.9975891
18.8266054,23.4411011,1.64668274,-37.0227966
18.8365634,23.4120789,1.51778412,-36.9567566
18.8465214,23.5435104,1.47385406,-36.8471375
18.8564784,23.4919357,1.50345612,-36.6912231
18.8664364,23.6037674,1.42897034,-36.6972351
18.8763934,23.6715622,1.17638397,-37.0507507
18.8863514,23.6575165,1.22923279,-36.8303223
18.8963094,23.8055344,1.17915344,-36.886261
18.9062664,23.760704,1.13457489,-36.8648071
18.9162244,23.8901062,1.04819489,-36.7861633
18.9261824,24.1753387,1.08410645,-36.9267883
18.9361394,24.1753387,1.08410645,-36.9267883
18.9460974,24.1235809,1.08785248,-36.9052734
18.9560544,24.2076492,1.03134918,-36.8813171
18.9660124,24.1064835,1.06790924,-36.9737549
18.9759704,24.0848236,1.07588196,-36.8549805
18.9859274,23.9984741,1.03382111,-37.1419983
18.9958854,23.8740845,1.06059265,-37.1723328
19.0058434,23.748085,1.09267426,-37.2914124
19.0158004,23.7649078,1.22888947,-37.2753906
19.0257584,23.7554398,1.22132874,-37.2302856
19.0357154,23.6787796,1.14247894,-37.3476562
19.0456734,23.7812805,1.34660339,-37.4575806
19.0556314,23.7378845,1.43741608,-37.6077271
19.0655884,23.8354797,1.6368866,-37.4442139
19.0755464,23.881012,1.51763153,-37.6789551
19.0855044,23.9471817,1.53294373,-37.5548706
19.0954614,24.1005554,1.52281189,-37.7403564
19.1054194,24.1375961,1.3717804,-37.5602112
19.1153764,24.1611023,1.29763031,-37.8725281
19.1253344,24.1540375,1.48852539,-37.6608582
19.1352924,24.1305771,1.36435699,-37.7587891
19.1452494,24.273056,1.32055664,-37.7065735
19.1552074,24.4199448,1.43362427,-37.6447754
19.1651654,24.500885,1.42012024,-37.5489807
19.1751224,24.4656372,1.30609131,-37.6473389
19.1850804,24.5954056,1.26203156,-37.7198181
19.1950374,24.5195007,1.28700256,-37.8717346
19.2049954,24.5393906,1.19135284,-37.8329468
19.2149534,24.3606033,1.25313568,-37.9039001
19.2249104,24.3813934,1.32909393,-38.1006775
19.2348684,24.2799072,1.32076263,-38.1410828
19.2448264,24.2933884,1.24893951,-38.2348938
19.2547834,24.1417618,1.32056427,-38.178009
19.2647414,24.238327,1.3035965,-38.3146667
19.2746994,24.1593628,1.43141937,-38.509613
19.2846564,24.2202988,1.41363525,-38.8127136
19.2946143,24.2202988,1.41363525,-38.8127136
19.3045713,24.2226486,1.65231323,-38.7906799
19.3145293,24.1163635,1.66550446,-38.9465942
19.3244873,24.3163528,1.76144409,-38.9803772
19.3344443,24.4726562,1.81404114,-38.9493713
19.3444023,24.5147171,1.85614014,-38.9397888
19.3543593,24.5430908,2.04924774,-38.9084167
19.3643173,24.5766373,2.33602905,-39.1167297
19.3742753,24.5691299,2.42964172,-39.1125183
19.3842323,24.5740662,2.62306976,-39.495575
19.3941903,24.4742279,2.79330444,-39.5384827
19.4041483,24.4295807,2.88694763,-39.9515686
19.4141053,24.3429565,2.85671234,-39.9147339
19.4240633,24.2053146,2.78588104,-39.8329468
19.4340203,24.0822678,2.84947205,-39.8656616
19.4439783,23.9415207,3.06125641,-39.8139648
19.4539363,24.0791931,3.36114502,-40.0463562
19.4638933,24.1435394,3.57447815,-40.0653381
19.4738513,24.1721878,3.50266266,-40.1473999
19.4838093,24.3130264,3.70045471,-40.0443115
19.4937663,24.4839249,3.7218399,-40.0020447
19.5037243,24.4138565,3.81404877,-39.9281616
19.5136823,24.5706482,4.01363373,-40.1195679
19.5236393,24.6452179,4.14862823,-40.055603
19.5335973,24.8119736,4.23708344,-40.1931763
19.5435543,24.9239655,4.3429718,-40.2814941
19.5535123,25.0681763,4.44072723,-40.4152832
19.5634703,25.1728287,4.44017792,-40.0246887
19.5734273,25.1045685,4.45343018,-40.0410461
19.5833852,25.2443771,4.48967743,-40.1198425
19.5933423,25.456459,4.50136566,-39.9602356
19.6033003,25.748024,4.40924835,-39.957428
19.6132583,25.7461853,4.36071777,-40.1213989
19.6232153,25.696846,4.14053345,-40.1474915
19.6331733,25.5377426,4.22145081,-40.2094727
19.6431313,25.5377426,4.22145081,-40.2094727
19.6530883,25.6931229,4.29943848,-40.3059387
19.6630463,25.5722809,4.32332611,-40.0709534
19.6730043,25.4473495,4.36131287,-40.3148499
19.6829613,25.2749481,4.36672211,-40.5575867
19.6929193,25.3264618,4.33570862,-40.7872009
19.7028763,25.3206787,4.52593994,-40.5742188
19.7128343,25.2954636,4.39567566,-40.5570679
19.7227923,25.2369919,4.42972565,-40.5854492
19.7327493,25.2077942,4.25569916,-40.401062
19.7427073,25.295929,4.29109192,-40.5184937
19.7526643,25.3635941,4.25524902,-40.4664612
19.7626223,25.5072327,4.15866852,-40.6167908
19.7725803,25.6113968,3.9963913,-40.8717651
19.7825373,25.5707703,3.93326569,-40.8895264
19.7924953,25.5704575,3.9847641,-40.6621094
19.8024533,25.5278397,4.08255005,-41.0036926
19.8124103,25.4971695,3.99160004,-40.9771423
19.8223683,25.6495819,4.03322601,-40.8374939
19.8323253,25.6533508,3.95532227,-40.9691772
19.8422833,25.8089066,4.08815002,-40.8621216
19.8522413,25.7456741,4.08924866,-41.0185242
19.8621983,25.643486,3.94879913,-40.8633423
19.8721563,25.8236847,4.10045624,-41.0174866
19.8821143,25.605835,4.0785141,-41.1263428
19.8920713,25.5694199,3.95607758,-41.0828552
19.9020293,25.6208725,3.91021729,-41.0072021
19.9119873,25.6640091,4.0858078,-41.3658447
19.9219443,25.861908,4.06337738,-41.2903137
19.9319023,25.8470764,3.98839569,-41.3776855
19.9418593,25.89608,3.87234497,-41.0542603
19.9518173,25.8863144,3.81062317,-41.106842
19.9617753,26.0371475,3.70233917,-41.2458801
19.9717323,26.1329727,3.70606995,-41.4077759
19.9816903,26.0089264,3.59309387,-41.5198059
19.9916473,25.9898605,3.63169098,-41.5021667
20.0016053,25.9488144,3.622612,-41.4589539
20.0115633,25.9717407,3.50479126,-41.5376282
20.0215203,25.9080734,3.50205231,-41.5255737
20.0314783,25.8829117,3.4171524,-41.7150269
20.0414363,25.9706116,3.46829987,-41.7547302
20.0513933,26.0629349,3.40979767,-41.471283
20.0613513,25.9405136,3.36896515,-41.775177
20.0713083,26.1087036,3.06446838,-41.8431091
20.0812663,26.049881,3.07792664,-41.7596436
20.0912243,26.0563736,3.00130463,-41.6980286
20.1011813,25.8609009,3.00465393,-41.7042847
20.1111393,25.799675,3.05657196,-41.9902039
20.1210973,25.6879501,3.16072845,-42.2279053
20.1310543,25.6293106,3.3103714,-42.2758789
20.1410123,25.4921951,3.26940155,-42.5284729
20.1509693,25.5042572,3.29470825,-42.4923401
20.1609272,25.514679,3.26665497,-42.4039307
20.1708853,25.4800797,3.25123596,-42.319397
20.1808423,25.5953751,3.28372192,-42.43573
20.1908003,25.4320526,2.9471817,-42.6359253
20.2007583,25.2057495,2.96764374,-42.5776672
20.2107153,25.08358,2.85199738,-42.5891418
20.2206733,24.9893723,2.81926727,-42.7763977
20.2306303,24.8809509,2.88206482,-42.7285767
20.2405883,24.9125366,3.07620239,-42.7848511
20.2505463,24.8876114,2.97949982,-42.9184265
20.2605033,24.7900238,3.08482361,-43.0138245
20.2704613,24.786293,3.22796631,-42.8779907
20.2804193,24.8010406,3.39581299,-42.7811584
20.2903763,24.9016953,3.39459991,-42.7770996
20.300334,24.8359299,3.33021545,-42.6190491
20.310291,24.7984009,3.48404694,-42.6592102
20.320249,24.5900421,3.60598755,-42.9232483
20.330207,24.5845871,3.53835297,-42.9026489
20.340164,24.4986801,3.62129974,-42.8614807
20.350122,24.4986801,3.62129974,-42.8614807
20.36008,24.3702774,3.79696655,-42.9294128
20.370037,24.3562088,3.81386566,-43.1815796
20.379995,24.1897049,4.08937073,-43.2266846
20.389952,24.1787872,4.09283447,-42.9649048
20.39991,24.231575,4.26346588,-42.8828735
20.409868,24.486969,4.34857178,-42.7516479
20.419825,24.4914093,4.48324585,-42.977417
20.429783,24.6351776,4.54788208,-42.9325867
20.439741,24.6642761,4.73036194,-42.8695679
20.449698,24.8899689,4.67853546,-42.7608337
20.459656,24.8619232,4.65333557,-42.8671265
20.469613,25.0978317,4.83960724,-42.8042603
20.479571,25.0379257,4.97393036,-42.945282
20.489529,25.0820923,4.99459076,-42.6900024
20.499486,25.0199509,5.12879944,-42.7095032
20.509444,25.1018982,5.10848999,-42.9481201
20.519402,25.1611176,5.17047882,-42.7978821
20.529359,25.1811295,5.37939453,-42.7402039
20.539317,25.0368805,5.44138336,-42.721344
20.549274,24.9662323,5.50236511,-42.8510437
20.559232,25.0012512,5.63907623,-43.0875854
20.56919,24.8275681,5.56964874,-42.8769226
20.579147,24.6190567,5.61659241,-43.006897
20.589105,24.4796066,5.73064423,-43.0108032
20.599063,24.4975281,5.85839081,-42.903595
20.60902,24.4414749,5.94374084,-43.2044983
20.618978,24.4654541,5.93943787,-43.2668152
20.628935,24.5050125,5.8245163,-43.0974731
20.638893,24.5335846,5.89450073,-43.1670532
20.648851,24.6246872,6.0123291,-43.1512756
20.658808,24.5690765,5.8523407,-43.005127
20.668766,24.6467285,5.87635803,-43.1219177
20.678724,24.7493134,6.02172852,-42.9847107
20.688681,24.7040482,6.00814819,-42.8683167
20.698639,24.7040482,6.00814819,-42.8683167
20.708596,24.6539459,6.20126343,-42.9734192
20.718554,24.7636337,6.13418579,-42.8912964
20.728512,24.7500458,6.14931488,-42.8645935
20.738469,24.5809937,6.19786072,-42.9491577
20.748427,24.5943909,6.21990967,-42.9244385
20.758385,24.5372696,6.34815216,-42.8422546
20.768342,24.537674,6.2681427,-42.9797058
20.7783,24.5005188,6.36579895,-43.0016479
20.788257,24.45961,6.34819031,-42.9422607
20.798215,24.4283066,6.61543274,-42.9647522
20.808173,24.6125793,6.81125641,-43.1443787
20.81813,24.3960037,6.93199158,-43.2049255
20.828088,24.2240906,7.07850647,-43.1602478
20.838046,23.8575363,7.22412872,-43.3354492
20.848003,23.8808289,7.38933563,-43.3340454
20.857961,23.6156158,7.45114136,-43.4341736
20.867918,23.5875702,7.4302063,-43.3862
20.877876,23.4571915,7.45639801,-43.3143616
20.887834,23.3540497,7.57845306,-43.4586792
20.897791,23.3247986,7.68955231,-43.5968628
20.907749,23.5488205,7.76076508,-43.3201294
20.917707,23.5325089,7.78858948,-43.4111328
20.927664,23.6545792,7.97720337,-43.3811035
20.937622,23.6010666,8.1346283,-43.3952332
20.947579,23.4902954,8.30625916,-43.515564
20.957537,23.4075928,8.37915802,-43.5244751
20.967495,23.3812332,8.53650665,-43.4371033
20.977452,23.5778885,8.80288696,-43.3996277
20.98741,23.6026611,9.03330994,-43.3066101
20.997367,23.5132751,9.27546692,-43.1566467
21.007325,23.5617599,9.52397156,-43.2036743
21.017283,23.5358963,9.6789093,-43.1313782
21.02724,23.7030182,10.0804825,-43.2163086
21.037198,23.5690155,10.335083,-43.2314758
21.047156,23.5690155,10.335083,-43.2314758
21.057113,23.4370651,10.447197,-43.2796936
21.067071,23.2926331,10.5784302,-43.3781433
21.077028,23.2736588,10.7321777,-43.3329163
21.086986,23.0400696,11.0673294,-43.2206116
21.096944,22.9645767,11.3544998,-43.3764648
21.106901,23.0225525,11.5580292,-43.2535706
21.116859,22.7940674,11.83284,-43.2665405
21.126817,22.5418396,11.9305344,-43.1443176
21.136774,22.3616028,12.1109161,-43.3012085
21.146732,22.1931534,12.3392715,-43.3320007
21.156689,21.9661407,12.5451736,-43.4747314
21.166647,21.9195099,12.8223495,-43.6069946
21.176605,21.7357254,12.9863205,-43.8178406
21.186562,21.7637329,13.2978516,-43.5754089
21.19652,21.4545746,13.5699844,-43.6870117
21.206478,21.3664856,13.7724609,-43.5046692
21.216435,21.2751923,13.9098969,-43.4900513
21.226393,21.2092209,14.2340012,-43.5298462
21.23635,20.886467,14.4670334,-43.6309509
21.246308,20.8309937,14.7710648,-43.5011597
21.256266,20.4362793,14.9088974,-43.4998169
21.266223,20.2115021,15.0153275,-43.6459351
21.276181,19.7982864,15.2747345,-43.915741
21.286139,19.5016785,15.4928894,-44.1394348
21.2960958,19.1970901,15.7331314,-43.901947
21.3060538,18.9227142,15.9208832,-44.0992126
21.3160108,18.7326889,16.1196365,-44.2817688
21.3259688,18.3056412,16.2082138,-44.2668152
21.3359268,17.9936371,16.354187,-44.5853577
21.3458838,17.7201996,16.3797836,-44.549408
21.3558418,17.5007401,16.5879898,-44.7678833
21.3657998,17.2799835,16.8413391,-44.822937
21.3757568,17.1264191,16.9254761,-45.0136414
21.3857148,16.840126,16.9882507,-44.7022095
21.3956718,16.840126,16.9882507,-44.7022095
21.4056298,16.6914368,16.9756775,-45.0059509
21.4155878,16.5058823,17.2114716,-45.0074463
21.4255448,16.2434082,17.5070877,-45.0090027
21.4355028,16.1302795,17.5810928,-45.1369934
21.4454598,15.8815002,17.606781,-45.0069885
21.4554178,15.7864532,17.7999725,-45.0847778
21.4653758,15.5615387,17.9123001,-45.167572
21.4753328,15.405571,18.1115112,-45.0183411
21.4852908,15.1167984,18.1431808,-44.9685364
21.4952488,14.8495941,18.3737106,-44.9381104
21.5052058,14.6345139,18.4190903,-44.812439
21.5151638,14.3914719,18.5523605,-44.9508972
21.5251208,14.1555557,18.8447495,-45.1356506
21.5350788,13.8606186,18.7506638,-45.072937
21.5450368,13.704277,18.9086075,-45.1243286
21.5549938,13.6075974,18.8486557,-45.2877197
21.5649518,13.4778137,19.0437393,-45.0626831
21.5749098,13.1474762,19.1195374,-45.3105774
21.5848668,12.7421722,19.148056,-45.3426208
21.5948248,12.5951843,19.0212402,-45.3737488
21.6047818,12.3668823,19.1373749,-45.5370178
21.6147398,11.8762894,18.9481659,-45.8252869
21.6246978,11.7153625,19.1430359,-45.6712341
21.6346548,11.4051819,19.1032715,-45.6455688
21.6446128,11.3536377,19.2650757,-45.7085876
21.6545708,11.0709152,19.3176804,-45.8047791
21.6645278,10.9394226,19.4616013,-45.8599854
21.6744858,10.771347,19.3332596,-45.8202209
21.6844428,10.6634903,19.5024185,-45.8615112
21.6944008,10.251503,19.5951996,-45.9069824
21.7043588,10.2720413,19.68927,-45.9362183
21.7143158,10.1505661,19.7822266,-45.8688354
21.7242738,10.0009995,19.9321442,-45.8997192
21.7342318,9.65893555,19.9711304,-45.7153625
21.7441888,9.44367218,20.3033447,-45.6571045
21.7541468,9.44367218,20.3033447,-45.6571045
21.7641038,9.16674805,20.4415131,-45.9252625
21.7740618,8.8998642,20.6635513,-45.7333069
21.7840198,8.62371826,20.8356552,-45.6347656
21.7939768,8.21779633,21.0419998,-45.6056519
21.8039348,7.68178558,21.1262131,-45.4935303
21.8138928,7.56755829,21.2517242,-45.4440002
21.8238498,7.1866684,21.3223724,-45.4765625
21.8338078,6.8346405,21.2205048,-45.4710693
21.8437648,6.55329132,21.2177887,-45.7427368
21.8537228,6.4196701,21.2707214,-45.7075195
21.8636808,6.22000885,21.153656,-45.734314
21.8736378,6.05291748,21.2342682,-45.7672424
21.8835958,5.65901184,21.1173859,-45.8366394
21.8935528,5.46611786,21.0049591,-46.0707092
21.9035108,5.29826355,21.0927048,-45.9133301
21.9134688,4.99297333,20.9504166,-46.0703125
21.9234258,4.66261292,20.8863297,-46.1102905
21.9333838,4.43418884,20.7346573,-46.2436218
21.9433418,4.24313354,20.9371796,-46.1688232
21.9532988,3.86751556,20.895813,-46.1373291
21.9632568,3.6944809,20.9273224,-45.9933777
21.9732138,3.49572754,20.9968719,-46.0292664
21.9831718,3.31628418,21.1229401,-46.2215576
21.9931298,2.8925705,21.0204315,-46.1114502
22.0030868,2.63219452,21.0736084,-45.9286194
22.0130448,2.25261688,21.1306763,-46.0670166
22.0230028,1.81648254,21.2531967,-46.1956177
22.0329598,1.23825836,21.210762,-46.1877441
22.0429178,1.03642273,21.4393082,-46.1272888
22.0528748,0.598464966,21.375206,-46.0188904
22.0628328,0.309066772,21.6692886,-45.9032898
22.0727908,-0.141563416,21.5503616,-45.9886475
22.0827478,-0.292633057,21.6669998,-45.8576355
22.0927058,-0.604598999,21.6677017,-45.7472839
22.1026638,-0.601852417,21.6663513,-45.7474365
22.1126208,-0.776985168,21.5213776,-45.7611389
22.1225788,-0.761520386,21.4999237,-45.6998596
22.1325358,-1.0014267,21.3385925,-45.8437195
22.1424938,-1.27505493,21.1238327,-45.958252
22.1524518,-1.32949066,21.0156021,-45.893158
22.1624088,-1.47956085,20.9693222,-46.0245361
22.1723668,-1.68561554,20.8529587,-45.9635315
22.1823248,-1.72212219,20.7653885,-45.8907776
22.1922818,-1.69759369,20.7845078,-45.8479004
22.2022398,-1.85313416,20.6340179,-45.9721985
22.2121968,-2.04767609,20.5726166,-45.9411316
22.2221548,-2.19615173,20.5674744,-45.9833069
22.2321128,-2.11508179,20.5708923,-46.1641235
22.2420698,-2.18985748,20.4234314,-46.1748047
22.2520278,-2.35873413,20.396347,-45.9411316
22.2619848,-2.38137054,20.2657928,-46.1759949
22.2719428,-2.42484283,20.2447815,-46.1233826
22.2819008,-2.41383362,20.2764893,-46.2728577
22.2918578,-2.43559265,20.1792145,-46.1018372
22.3018157,-2.5267868,20.2769165,-46.0340271
22.3117737,-2.62917328,20.3804703,-45.9187317
22.3217307,-2.57624054,20.4064865,-45.7635803
22.3316887,-2.6206665,20.4548264,-45.8933411
22.3416457,-2.58410645,20.4378586,-45.7515564
22.3516037,-2.56719208,20.5097885,-45.6903076
22.3615617,-2.37714386,20.5761795,-45.9022827
22.3715187,-2.27555847,20.4666977,-46.0515137
22.3814767,-1.97885895,20.3558578,-46.296936
22.3914347,-1.98978424,20.3927689,-46.3798828
22.4013917,-1.84275818,20.4817123,-46.3832092
22.4113497,-1.87812805,20.3653488,-46.42453
22.4213067,-1.7420578,20.5735092,-46.3493958
22.4312647,-1.79484558,20.3982925,-46.3887939
22.4412227,-1.71865845,20.4316788,-46.5422668
22.4511797,-1.71865845,20.4316788,-46.5422668
22.4611377,-1.57633209,20.5675278,-46.402771
22.4710947,-1.67128754,20.4916763,-46.3843384
22.4810527,-1.86382294,20.2695541,-46.4989624
22.4910107,-1.91602325,20.432579,-46.4788208
22.5009677,-1.85012054,20.3454208,-46.4118958
22.5109257,-1.7556839,20.4015274,-46.3641968
22.5208837,-1.7538681,20.4055405,-46.525177
22.5308407,-1.78077698,20.2602768,-46.4649353
22.5407987,-1.67069244,20.4014053,-46.4003601
22.5507557,-1.72173309,20.3953476,-46.5110779
22.5607137,-1.79811096,20.3564835,-46.5014038
22.5706717,-1.98384857,20.2932663,-46.4710693
22.5806287,-2.04934692,20.2051315,-46.4755249
22.5905867,-2.0478363,20.1676407,-46.4689026
22.6005447,-2.00130463,20.391777,-46.3295898
22.6105017,-2.05587006,20.4284134,-46.2572021
22.6204597,-1.96282959,20.4004745,-46.4206238
22.6304167,-1.75710297,20.4765091,-46.5062561
22.6403747,-1.81873322,20.4552383,-46.4172363
22.6503327,-1.7668457,20.487236,-46.4701233
22.6602897,-1.63032532,20.5650558,-46.6499634
22.6702477,-1.59017944,20.6706009,-46.5477905
22.6802047,-1.71607971,20.4959335,-46.5530701
22.6901627,-1.54197693,20.5810165,-46.4165649
22.7001207,-1.47058105,20.7863083,-46.4329529
22.7100777,-1.34873199,21.0045242,-46.2469788
22.7200357,-1.44791412,21.0017166,-46.4589233
22.7299937,-1.55408478,20.8545761,-46.2154541
22.7399507,-1.59911346,20.940239,-46.1209717
22.7499087,-1.64685059,20.8042831,-46.2234802
22.7598657,-1.62277222,20.9894028,-46.1038818
22.7698237,-1.76055908,20.7516251,-46.198822
22.7797817,-1.83290863,20.7963638,-46.2930603
22.7897387,-1.90732574,20.7185593,-46.144104
22.7996967,-1.89338684,20.9277878,-46.0673523
22.8096547,-1.89338684,20.9277878,-46.0673523
22.8196117,-1.88181305,20.6924667,-46.1932068
22.8295697,-1.79104614,20.8622665,-46.0761108
22.8395267,-1.70878601,20.7201309,-46.1830139
22.8494847,-1.64215851,20.7492905,-46.1871948
22.8594427,-1.50070953,20.6612473,-46.2736816
22.8693997,-1.34506989,20.7932053,-46.4698181
22.8793577,-1.31156158,20.602623,-46.4708557
22.8893157,-1.258255,20.7587051,-46.5221863
22.8992727,-1.41950226,20.7221146,-46.5144043
22.9092307,-1.41454315,20.742775,-46.5129089
22.9191877,-1.44013214,20.8151321,-46.4448547
22.9291457,-1.51738739,20.7603531,-46.3582153
22.9391037,-1.54475403,20.8514328,-46.1645203
22.9490607,-1.67394257,20.7905807,-46.2685547
22.9590187,-1.69976044,20.7598648,-46.2772522
22.9689757,-1.73733521,20.7548447,-46.3017578
22.9789337,-1.78733826,20.7397232,-46.11203
22.9888917,-1.68258667,20.8422623,-46.2571411
22.9988487,-1.65317535,20.8463211,-46.2650757
23.0088067,-1.68997192,20.8923569,-46.2869873
23.0187647,-1.64933777,20.8172989,-46.1912842
23.0287217,-1.86050415,20.7830429,-46.0582275
23.0386797,-1.88832092,20.6931534,-45.9995422
23.0486367,-1.78785706,20.84095,-46.0475159
23.0585947,-1.76918793,20.8848495,-46.0726929
23.0685527,-1.70709991,20.890007,-46.0787659
23.0785097,-1.65930176,20.8927689,-46.0114136
23.0884677,-1.62670135,20.9566574,-46.0423889
23.0984257,-1.58240509,21.0311203,-45.8600769
23.1083827,-1.472229,21.0275345,-46.0776672
23.1183407,-1.33411407,21.0381241,-46.1852417
23.1282977,-1.46981812,20.9857635,-46.0400085
23.1382557,-1.45280457,21.0348206,-46.0525208
23.1482137,-1.38923645,21.0541534,-46.1358032
23.1581707,-1.38923645,21.0541534,-46.1358032
23.1681287,-1.33377838,21.129776,-46.1578064
23.1780857,-1.38777924,21.063446,-46.1427917
23.1880437,-1.56671143,21.0475769,-46.0932007
23.1980017,-1.46757507,21.1322632,-46.2560425
23.2079587,-1.51963806,21.1914673,-46.2422485
23.2179167,-1.58796692,21.1874237,-46.0447388
23.2278747,-1.54045868,21.1950378,-46.1082153
23.2378317,-1.63343811,21.1014862,-46.0723572
23.2477897,-1.65032196,21.1492157,-46.0783691
23.2577467,-1.63508606,20.9829865,-46.0888367
23.2677047,-1.48913574,21.1341248,-46.0086365
23.2776627,-1.56802368,20.9265137,-46.0458679
23.2876197,-1.42279053,21.0505676,-46.1574402
23.2975786,-1.50619507,20.950058,-46.118866
23.3075366,-1.5348587,20.9730072,-46.2505493
23.3174936,-1.48130798,21.0962067,-46.065094
23.3274516,-1.47399902,21.1434021,-45.9529419
23.3374086,-1.52935028,21.0265198,-45.9891968
23.3473666,-1.6368866,20.9947662,-45.8628235
23.3573246,-1.65268707,21.0831757,-45.9835205
23.3672816,-1.60618591,21.1050568,-45.9849243
23.3772396,-1.53461456,20.9667816,-46.201355
23.3871966,-1.60655975,21.0301056,-46.0231934
23.3971546,-1.55646515,21.0255585,-46.1836243
23.4071126,-1.59183502,21.0368042,-46.0765076
23.4170696,-1.57312775,21.026825,-46.3077393
23.4270276,-1.64971161,21.0464172,-46.2736206
23.4369856,-1.57817078,21.1000519,-46.0814209
23.4469426,-1.54450226,21.1818848,-45.976593
23.4569006,-1.45585632,21.2004395,-45.959259
23.4668576,-1.51713562,21.1432037,-46.165863
23.4768156,-1.57115173,21.1367493,-46.133606
23.4867736,-1.49111176,21.0608368,-46.2602844
23.4967306,-1.63916779,21.0868225,-46.1150208
23.5066886,-1.63916779,21.0868225,-46.1150208
23.5166456,-1.60648346,21.0101624,-46.2291565
23.5266036,-1.62900543,21.0703583,-46.1089172
23.5365616,-1.59897614,21.0080338,-46.0906982
23.5465186,-1.77089691,21.0353317,-45.9907837
23.5564766,-1.64079285,21.1135941,-46.1155396
23.5664346,-1.60351562,21.1409531,-46.2578735
23.5763916,-1.68533325,20.9818039,-46.2711487
23.5863496,-1.57022095,21.131218,-46.0263367
23.5963066,-1.64228058,21.0741806,-46.1776733
23.6062646,-1.70160675,21.2661362,-45.9157104
23.6162226,-1.66236115,21.1050949,-45.9726257
23.6261796,-1.51039124,21.2491837,-45.8655396
23.6361376,-1.7820282,21.1215439,-45.8721619
23.6460946,-1.70600128,21.2228928,-45.8775635
23.6560526,-1.81659698,21.1702347,-45.7514038
23.6660106,-1.73805237,21.1935806,-45.756134
23.6759676,-1.80992126,21.0811386,-45.7463684
23.6859256,-1.75744629,21.2503433,-45.6899109
23.6958836,-1.91029358,21.1640091,-45.655304
23.7058406,-1.79995728,21.2070236,-45.8678284
23.7157986,-1.93251038,21.1066513,-45.801239
23.7257556,-1.86606598,21.0856552,-46.0202332
23.7357136,-1.84851837,21.1388321,-45.907196
23.7456716,-1.85132599,21.0830765,-45.8063354
23.7556286,-1.93647766,21.0031967,-45.8038635
23.7655866,-1.81233978,21.1779099,-45.7753601
23.7755436,-1.69632721,21.2334824,-45.9427795
23.7855016,-1.69020844,21.2508011,-45.7486572
23.7954596,-1.65274048,21.1845779,-45.9273682
23.8054166,-1.72158051,21.1744156,-45.7718506
23.8153746,-1.74443054,21.1830063,-45.8858032
23.8253326,-1.84204865,21.1251907,-45.8074951
23.8352896,-1.80272675,21.2166824,-45.8374939
23.8452476,-1.93351746,21.1415024,-45.8589478
23.8552046,-1.92886353,21.071785,-45.6774597
23.8651626,-1.92886353,21.071785,-45.6774597
23.8751206,-1.99336243,21.2252731,-45.740387
23.8850776,-1.98480225,21.1435928,-45.6917419
23.8950356,-1.88745117,21.1089706,-45.7592163
23.9049936,-1.89431763,21.0800705,-45.6020508
23.9149506,-1.96346283,21.0555496,-45.6513367
23.9249086,-1.99203491,21.0068588,-45.6589355
23.9348656,-1.89242554,21.2185135,-45.4742737
23.9448236,-1.99554443,21.2803345,-45.4546814
23.9547816,-1.95319366,21.2114105,-45.4920044
23.9647386,-1.79393768,21.3336792,-45.5974731
23.9746966,-1.98474884,21.1692657,-45.4781799
23.9846536,-1.88626099,21.2218475,-45.5913086
23.9946116,-1.90613556,21.1591187,-45.7468567
24.0045696,-1.87471771,21.0706024,-45.6959229
24.0145266,-1.96265411,21.0232849,-45.8368225
24.0244846,-1.94311523,21.0483093,-45.7939758
24.0344426,-1.86753082,21.1042786,-45.8054504
24.0443996,-1.89229584,21.270874,-45.7286377
24.0543576,-1.93982697,21.1441345,-45.9447021
24.0643146,-2.04541016,21.2072144,-45.753418
24.0742726,-2.17764282,21.1394348,-45.5428162
24.0842306,-2.21979523,21.2567444,-45.4590149
24.0941876,-2.13492584,21.1334229,-45.6243286
24.1041456,-1.99058533,21.1790619,-45.6486511
24.1141026,-1.98154449,21.2014313,-45.6212769
24.1240606,-1.96522522,21.0979462,-45.736084
24.1340186,-2.12211609,21.0050354,-45.6457825
24.1439756,-2.01916504,21.0583649,-45.6053162
24.1539336,-2.00001526,21.1848755,-45.5039062
24.1638916,-2.0397644,21.2190094,-45.5317078
24.1738486,-1.99806213,21.2343292,-45.6910706
24.1838066,-2.01873016,21.2569427,-45.5307312
24.1937636,-1.95847321,21.3291168,-45.6526489
24.2037216,-1.8903656,21.3259583,-45.7697449
24.2136796,-1.8903656,21.3259583,-45.7697449
24.2236366,-1.93109131,21.2309418,-45.6919556
24.2335946,-1.79708862,21.3336334,-45.7755432
24.2435516,-1.81033325,21.3739471,-45.6146545
24.2535096,-1.86114502,21.3329315,-45.5031433
24.2634676,-1.78047943,21.4627075,-45.6725464
24.2734246,-1.85733032,21.3975983,-45.6261597
24.2833826,-2.02674103,21.2694092,-45.6682434
24.2933406,-2.02236176,21.2891846,-45.6053162
24.3032967,-1.90161896,21.1687317,-45.7826843
24.3132547,-1.90602875,21.3169861,-45.6539307
24.3232117,-2.02572632,21.3031006,-45.906189
24.3331697,-1.97283173,21.358139,-45.6369019
24.3431277,-1.90920258,21.4780579,-45.5288696
24.3530847,-1.93556213,21.3562469,-45.4781189
24.3630427,-1.96798706,21.1993942,-45.7276611
24.3729997,-2.03149414,21.0418167,-45.6773987
24.3829577,-1.91896057,21.1856308,-45.6916199
24.3929157,-1.9602356,21.1904068,-45.7484131
24.4028727,-1.85287476,21.3425064,-45.6593018
24.4128307,-1.87435913,21.2759628,-45.573822
24.4227887,-1.8532486,21.378624,-45.4334717
24.4327457,-2.0918045,21.1018448,-45.486145
24.4427037,-1.86212921,21.2040024,-45.5621033
24.4526607,-1.96799469,21.2377396,-45.7622681
24.4626187,-1.97766113,21.3588791,-45.6213989
24.4725767,-1.88939667,21.2864151,-45.6369324
24.4825337,-1.95217133,21.3050461,-45.5743408
24.4924917,-1.91688538,21.3594131,-45.5186157
24.5024487,-1.88386536,21.3495712,-45.5230103
24.5124067,-1.91751099,21.2568893,-45.5843811
24.5223647,-1.88671875,21.3355942,-45.653717
24.5323217,-1.89348602,21.3182449,-45.6433411
24.5422797,-1.94874573,21.3538132,-45.6489258
24.5522377,-1.94058228,21.2365036,-45.7365723
24.5621947,-1.94058228,21.2365036,-45.7365723
24.5721527,-1.95280457,21.3030472,-45.7048035
24.5821097,-2.05738831,21.3026505,-45.7520447
24.5920677,-2.05472565,21.3665237,-45.5836792
24.6020257,-2.03636932,21.304924,-45.7741089
24.6119827,-2.02028656,21.338295,-45.5249939
24.6219407,-2.10255432,21.3658218,-45.5186768
24.6318977,-2.0213089,21.2325668,-45.5506897
24.6418557,-2.05198669,21.3290482,-45.5420837
24.6518137,-2.0378418,21.3028946,-45.6772766
24.6617707,-2.02365875,21.3558426,-45.8286133
24.6717287,-1.92173004,21.381279,-45.8268433
24.6816867,-2.01104736,21.1695175,-45.7533264
24.6916437,-2.03054047,21.2477951,-45.7720642
24.7016017,-1.94411469,21.2491379,-45.7755432
24.7115587,-1.96038818,21.2199631,-45.861969
24.7215167,-1.98720551,21.1874313,-45.8880005
24.7314747,-2.05849457,21.3250961,-45.9504089
24.7414317,-2.11293793,21.3385391,-45.9586182
24.7513897,-2.02145386,21.2378769,-45.940033
24.7613467,-2.01200867,21.3943558,-46.0710144
24.7713047,-2.19178772,21.3162155,-46.0279846
24.7812627,-2.04370117,21.2805405,-45.7143555
24.7912197,-2.04185486,21.2114487,-45.7387085
24.8011777,-2.0022049,21.3741074,-45.5650635
24.8111357,-2.09197235,21.305397,-45.5944214
24.8210927,-1.88362122,21.4496536,-45.7012329
24.8310507,-1.99211884,21.2975235,-45.6088257
24.8410077,-2.03692627,21.3096695,-45.4880981
24.8509657,-1.80567169,21.2850723,-45.586792
24.8609237,-1.83903503,21.4341354,-45.4045715
24.8708807,-2.077034,21.4349289,-45.743042
24.8808387,-2.03658295,21.3635941,-45.638855
24.8907957,-2.07224274,21.3098373,-45.5541687
24.9007537,-2.02097321,21.3347702,-45.5611267
24.9107117,-1.99162292,21.4046097,-45.493927
24.9206687,-1.99162292,21.4046097,-45.493927
24.9306267,-2.12664032,21.2778244,-45.5375366
24.9405847,-2.18928528,21.2611465,-45.4832764
24.9505417,-2.11009216,21.1444931,-45.4346008
24.9604997,-2.21034241,21.2387009,-45.4368591
24.9704567,-2.2010498,21.2354202,-45.5074768
24.9804147,-2.26429749,21.3596573,-45.8531494
24.9903727,-2.14748383,21.3278885,-45.7149048
25.0003297,-2.25080109,21.1955032,-45.7001953
25.0102877,-2.25524902,21.3085098,-45.6408081
25.0202447,-2.14547729,21.3513412,-45.6784973
25.0302027,-2.15444183,21.3955002,-45.8078003
25.0401607,-2.16187286,21.5165939,-45.9948425
25.0501177,-2.12104034,21.5531235,-45.9293823
25.0600757,-2.16567993,21.5728226,-45.7831421
25.0700327,-2.32157898,21.5669785,-45.7759399
25.0799907,-2.39611053,21.4494858,-46.1511536
25.0899487,-2.33100128,21.5441208,-46.0135803
25.0999057,-2.24720764,21.5564194,-46.0598755
25.1098637,-2.31519318,21.7335739,-45.8586121
25.1198217,-2.27790833,21.6721878,-45.6169128
25.1297787,-2.18331146,21.6210098,-45.8398743
25.1397367,-2.12857056,21.6485062,-45.7049866
25.1496937,-2.27006531,21.7107315,-45.7242126
25.1596517,-2.3710022,21.5186234,-45.794281
25.1696097,-2.25743103,21.4456253,-45.9239807
25.1795667,-2.27545929,21.5320358,-45.9465027
25.1895247,-2.38542175,21.5096512,-46.0540161
25.1994817,-2.3632431,21.7311783,-46.0361023
25.2094397,-2.41907501,21.5166092,-45.9415894
25.2193977,-2.47381592,21.5775528,-45.9771118
25.2293547,-2.41403198,21.521431,-45.8552856
25.2393127,-2.31171417,21.5404282,-45.7641602
25.2492707,-2.35733032,21.5551224,-45.8339233
25.2592277,-2.38802338,21.540535,-45.5265808
25.2691857,-2.38802338,21.540535,-45.5265808
25.2791427,-2.41930389,21.5129318,-45.7633362
25.2891007,-2.3675766,21.4549026,-45.6145325
25.2990591,-2.34198761,21.37397,-45.6256104
25.3090161,-2.32507324,21.5000229,-45.5809326
25.3189741,-2.29259491,21.4840164,-45.828125
25.3289311,-2.41110229,21.4807816,-45.5963745
25.3388891,-2.37284088,21.4560471,-45.6346741
25.3488471,-2.52283478,21.6129684,-45.7874756
25.3588041,-2.54146576,21.5270462,-45.8887634
25.3687621,-2.62265015,21.487587,-45.7142639
25.3787201,-2.7121048,21.4797897,-45.8235779
25.3886771,-2.74391937,21.5491867,-45.9751587
25.3986351,-2.83999634,21.4978561,-46.3779297
25.4085921,-3.03318024,21.4838028,-46.2971802
25.4185501,-2.95496368,21.481636,-46.3199158
25.4285081,-2.91044617,21.4883804,-46.1739197
25.4384651,-2.61888123,21.4039078,-45.894928
25.4484231,-2.5231781,21.4953995,-45.749115
25.4583801,-2.57243347,21.5010757,-45.8195801
25.4683381,-2.56184387,21.424614,-45.9171753
25.4782961,-2.46762848,21.6118851,-45.6824951
25.4882531,-2.46903992,21.6226273,-45.9203186
25.4982111,-2.4101181,21.7494431,-45.7895203
25.5081681,-2.86521912,21.6529312,-45.9820862
25.5181261,-2.74583435,21.5661545,-45.7705994
25.5280841,-2.78308105,21.7492142,-45.9205933
25.5380411,-2.9547348,21.6011429,-46.0257263
25.5479991,-2.66683197,21.568367,-45.9143677
25.5579571,-2.88613892,21.6196365,-46.2211914
25.5679141,-2.57754517,21.5286789,-45.9812622
25.5778721,-2.46842957,21.4503555,-45.7497864
25.5878291,-2.46668243,21.4821472,-45.8561401
25.5977871,-2.52366638,21.4384918,-45.8621826
25.6077451,-2.56529236,21.4966125,-46.0914612
25.6177021,-2.56529236,21.4966125,-46.0914612
25.6276601,-2.43199158,21.6266632,-45.8951416
25.6376171,-2.39297485,21.5897064,-45.8563843
25.6475751,-2.35050964,21.7018585,-45.8253479
25.6575331,-2.48376465,21.4825897,-45.5737
25.6674901,-2.39001465,21.4716187,-45.8544006
25.6774481,-2.45307922,21.5675964,-45.9858398
25.6874061,-2.51217651,21.618927,-45.9924622
25.6973631,-2.33995819,21.6304779,-45.9967041
25.7073211,-2.20659637,21.572998,-45.9606018
25.7172781,-2.40159607,21.3680267,-45.9646301
25.7272361,-2.4382019,21.6220245,-46.087677
25.7371941,-2.41897583,21.5970001,-45.7679138
25.7471511,-2.37654114,21.6264801,-45.7414856
25.7571091,-2.36941528,21.5665436,-45.7708435
25.7670661,-2.34246063,21.5852356,-45.7220154
25.7770241,-2.30713654,21.5708008,-46.0405579
25.7869821,-2.33409882,21.5999298,-45.960144
25.7969391,-2.24614716,21.5258026,-45.7730713
25.8068971,-2.40330505,21.506424,-45.7443542
25.8168541,-2.33348846,21.4825439,-45.7323608
25.8268121,-2.17866516,21.412796,-45.7665405
25.8367701,-2.10308075,21.486969,-45.7724304
25.8467271,-2.06575775,21.5530396,-45.7601624
25.8566851,-2.0343399,21.517807,-45.5110168
25.8666431,-2.07377625,21.5579376,-45.4493103
25.8766001,-2.12805939,21.510788,-45.7324524
25.8865581,-2.20184326,21.6412659,-45.885437
25.8965151,-2.2354126,21.5402832,-45.7261658
25.9064731,-2.29805756,21.5357056,-45.630188
25.9164311,-2.34179688,21.4831085,-45.7857056
25.9263881,-2.38909149,21.629837,-45.8231506
25.9363461,-2.22929382,21.6551819,-45.6881104
25.9463031,-2.20941162,21.7325287,-45.8651123
25.9562611,-2.09381866,21.7498474,-45.7448425
25.9662191,-2.16004944,21.7008057,-45.9088135
25.9761761,-2.16004944,21.7008057,-45.9088135
25.9861341,-2.11650085,21.5955353,-45.8236389
25.9960911,-2.07038116,21.5873032,-45.7600708
26.0060491,-2.02909851,21.7066727,-45.8160706
26.0160071,-2.13607788,21.5389633,-45.9245911
26.0259641,-2.09731293,21.7419357,-45.5798035
26.0359221,-2.19836426,21.5977554,-45.4973145
26.0458801,-2.33622742,21.7197342,-45.6357727
26.0558371,-2.39887238,21.5388107,-45.6940308
26.0657951,-2.34334564,21.5497971,-45.842926
26.0757521,-2.41407776,21.5157394,-45.6324158
26.0857101,-2.40100861,21.5073166,-45.8007202
26.0956681,-2.384758,21.2893295,-45.8735962
26.1056251,-2.28865051,21.4408951,-45.7206726
26.1155831,-2.3481369,21.3355789,-45.8034058
26.1255401,-2.40606689,21.308754,-45.8229675
26.1354981,-2.37830353,21.2883377,-45.7340088
26.1454561,-2.52883148,21.1752853,-45.7355042
26.1554131,-2.39320374,21.3211288,-45.7579346
26.1653711,-2.37956238,21.2136459,-45.6917419
26.1753281,-2.36906433,21.2083969,-45.9152222
26.1852861,-2.44529724,21.3341751,-45.7770081
26.1952441,-2.41966248,21.3748093,-46.0010986
26.2052011,-2.56248474,21.3004379,-45.7831421
26.2151591,-2.42942047,21.3722763,-45.9782715
26.2251171,-2.55550385,21.3057175,-46.0010071
26.2350741,-2.49214935,21.3343887,-46.0565186
26.2450321,-2.47045898,21.4704208,-45.7584229
26.2549891,-2.30506897,21.5577774,-45.8519592
26.2649471,-2.36808014,21.3988571,-45.7603455
26.2749051,-2.44919586,21.4097061,-45.7215271
26.2848621,-2.30415344,21.4328842,-45.7884827
26.2948201,-2.3326416,21.2561722,-45.835144
26.3047777,-2.18664551,21.4899979,-45.9260254
26.3147357,-2.35721588,21.4515915,-46.0649109
26.3246937,-2.35721588,21.4515915,-46.0649109
26.3346507,-2.57219696,21.4612808,-46.14328
26.3446087,-2.63988495,21.3288193,-45.8098755
26.3545657,-2.52716827,21.3212051,-45.6836853
26.3645237,-2.42127991,21.2899551,-45.5414734
26.3744817,-2.41470337,21.3766251,-45.7659302
26.3844387,-2.39664459,21.4057693,-45.817749
26.3943967,-2.58533478,21.1863327,-45.7779236
26.4043537,-2.47109222,21.3112564,-45.7728271
26.4143117,-2.49240875,21.1836777,-45.8709717
26.4242697,-2.53422546,21.2727432,-45.6901855
26.4342267,-2.60480499,21.2214432,-45.8189697
26.4441847,-2.57304382,21.253334,-45.7309875
26.4541427,-2.5280838,21.2482986,-45.6772461
26.4640997,-2.50341034,21.2595596,-45.7463379
26.4740577,-2.4993515,21.1611557,-45.6383362
26.4840147,-2.43068695,21.1686172,-45.6307068
26.4939727,-2.52461243,21.1434402,-45.6259155
26.5039307,-2.4286499,21.2659988,-45.6832581
26.5138877,-2.7057724,21.2444687,-45.8801575
26.5238457,-2.75491333,21.2791672,-45.818634
26.5338027,-2.77754974,21.1181107,-45.9553528
26.5437607,-2.76881409,21.1387863,-45.9442749
26.5537187,-2.64611816,21.0821915,-45.858551
26.5636757,-2.68565369,20.9543839,-45.5805969
26.5736337,-2.80518341,20.945015,-45.6280212
26.5835917,-2.69788361,20.9614182,-45.8069458
26.5935487,-2.69513702,20.9887314,-45.8711243
26.6035067,-2.61096191,21.1900406,-45.7205811
26.6134637,-2.6058197,21.012352,-45.6357727
26.6234217,-2.42139435,21.0007095,-45.6594849
26.6333797,-2.48453522,21.0398331,-45.7430725
26.6433367,-2.50790405,20.9328537,-45.8388672
26.6532947,-2.47764587,20.9976273,-46.0224609
26.6632517,-2.46816254,21.0442123,-45.961731
26.6732097,-2.46816254,21.0442123,-45.961731
26.6831677,-2.42593384,20.9462967,-45.7574463
26.6931247,-2.57250214,21.0803299,-45.9668274
26.7030827,-2.39369202,21.0585403,-45.8704529
26.7130397,-2.65293884,21.0939713,-45.9313049
26.7229977,-2.63918304,21.117424,-45.9156799
26.7329557,-2.54136658,21.1462936,-45.9363708
26.7429127,-2.44254303,21.0399704,-45.6361694
26.7528707,-2.51905823,20.8578415,-45.9172058
26.7628277,-2.21925354,21.0120468,-45.9780884
26.7727857,-2.31078339,21.0125656,-46.093811
26.7827437,-2.39315033,21.0048752,-45.7388
26.7927007,-2.43592834,20.8919754,-45.6979675
26.8026587,-2.35042572,20.8896103,-45.6286316
26.8126167,-2.53605652,20.9230881,-45.793335
26.8225737,-2.47853088,20.8695297,-45.8175964
26.8325317,-2.28913116,20.8733139,-45.7688293
26.8424887,-2.25532532,20.9792557,-45.8096313
26.8524467,-2.21350861,20.9460373,-45.8224792
26.8624047,-2.06027222,20.8659439,-45.8370972
26.8723617,-1.93894958,20.85009,-46.0720215
26.8823197,-1.74166107,20.9146347,-46.0714722
26.8922767,-1.75889587,20.8618698,-46.1659851
26.9022347,-1.67498779,21.0387344,-46.0571899
26.9121927,-1.69689941,21.0908432,-45.9866333
26.9221497,-1.77346802,21.1349106,-45.8961182
26.9321077,-1.9046402,21.0668259,-45.9128113
26.9420647,-1.88292694,21.0795364,-45.9274597
26.9520227,-1.88596344,21.0588455,-45.9157715
26.9619807,-2.04811859,21.0267105,-45.749054
26.9719377,-2.08052063,21.0517807,-45.7226257
26.9818957,-2.03400421,21.0858841,-45.7030029
26.9918527,-1.9551239,21.1293564,-45.7399902
27.0018107,-1.9782486,21.0892258,-45.6403503
27.0117687,-1.93066406,21.1957016,-46.0562134
27.0217257,-2.00595856,20.9270401,-45.9316711
27.0316837,-2.00595856,20.9270401,-45.9316711
27.0416417,-1.8965683,20.9562302,-45.9700623
27.0515987,-1.93011475,21.1356735,-45.9052734
27.0615567,-1.83748627,21.0773849,-45.9546509
27.0715137,-1.87805176,21.2477341,-45.7982788
27.0814717,-2.05755615,21.1497726,-45.7286987
27.0914297,-2.00091553,21.13517,-45.7324829
27.1013867,-2.03199005,20.908226,-45.8474426
27.1113447,-2.14704132,20.9913254,-45.7843628
27.1213017,-2.01821136,21.1097488,-45.943512
27.1312597,-1.95461273,21.2548904,-46.2315369
27.1412177,-2.16187286,21.0497665,-46.0611267
27.1511747,-1.99655151,21.0060043,-46.0243835
27.1611327,-1.9056015,21.0768661,-45.8112488
27.1710897,-1.91455078,21.0748215,-45.9972229
27.1810477,-2.03982544,21.1213303,-45.7931519
27.1910057,-2.05122375,21.1858292,-45.9478149
27.2009627,-2.02911377,21.2623062,-45.7868958
27.2109207,-2.01652527,21.2419968,-45.6323547
27.2208777,-2.05944061,21.2912827,-45.6641541
27.2308357,-2.1618576,21.2170868,-45.6747131
27.2407937,-2.14328003,21.3567505,-45.8315735
27.2507507,-2.22157288,21.2620087,-45.7441406
27.2607087,-2.08798981,21.2878265,-45.6801147
27.2706667,-2.15174866,21.2127228,-45.8555603
27.2806237,-2.12573242,21.2411041,-45.8578491
27.2905817,-2.07627869,21.3207092,-45.9075623
27.3005387,-2.06118011,21.3062744,-45.6665344
27.3104966,-2.32183075,21.1902924,-45.7528381
27.3204546,-2.28375244,21.2908325,-45.5103149
27.3304116,-2.39497375,21.2738342,-45.6926575
27.3403696,-2.2828064,21.3575745,-45.6674805
27.3503266,-2.23504639,21.2842712,-45.4263611
27.3602846,-2.26752472,21.1601715,-45.4271851
27.3702426,-2.09936523,21.1647339,-45.7154541
27.3801996,-2.09936523,21.1647339,-45.7154541
27.3901576,-2.0243988,21.2223969,-45.5939941
27.4001146,-2.09173584,21.3215332,-45.6121826
27.4100726,-2.11857605,21.1952972,-45.6328735
27.4200306,-2.13923645,21.1056824,-45.6341858
27.4299876,-2.15696716,21.0329132,-45.5911255
27.4399456,-2.09264374,21.0734863,-45.5816956
27.4499026,-2.1001358,21.0571289,-45.5227661
27.4598606,-2.25718689,20.8201447,-45.615387
27.4698186,-2.14228058,21.0091095,-45.6491089
27.4797756,-2.2673645,20.9635773,-45.7902222
27.4897336,-2.20675659,21.0060577,-45.7434082
27.4996906,-2.150383,21.0302582,-45.6921082
27.5096486,-2.19178772,21.082901,-45.4906616
27.5196066,-2.14309692,21.1304474,-45.4900818
27.5295636,-2.05506134,21.0623169,-45.5491333
27.5395216,-2.14904022,21.0122223,-45.5737305
27.5494796,-2.26798248,21.1421509,-45.6515808
27.5594366,-2.30166626,21.0900116,-45.3883667
27.5693946,-2.42982483,21.0745239,-45.3999939
27.5793516,-2.53785706,21.0725861,-45.3989563
27.5893096,-2.51767731,21.0367279,-45.5141907
27.5992676,-2.649086,21.0262299,-45.1777039
27.6092246,-2.67089844,20.9625092,-45.1613464
27.6191826,-2.74723816,21.1495514,-45.3232422
27.6291396,-2.92189026,21.1382599,-45.3260498
27.6390976,-2.88070679,20.9824219,-45.6299133
27.6490556,-2.77651215,21.0075226,-45.5279236
27.6590126,-2.77978516,21.089798,-45.3545837
27.6689706,-2.8184967,20.9838715,-45.2455444
27.6789276,-2.6697998,20.991684,-45.3833313
27.6888856,-2.76870728,20.9770966,-45.4852295
27.6988436,-2.57318878,21.0882721,-45.224823
27.7088006,-2.62978363,21.0503235,-45.1906738
27.7187586,-2.70637512,21.1775513,-45.2799377
27.7287156,-2.70637512,21.1775513,-45.2799377
27.7386736,-2.7002182,21.1580048,-45.3153381
27.7486316,-2.64035797,21.1794739,-45.5916443
27.7585886,-2.68135071,21.0856476,-45.7767029
27.7685466,-2.6739502,21.0677338,-45.8033447
27.7785036,-2.63513184,20.9639587,-45.6326904
27.7884616,-2.52851868,20.9186859,-45.5044861
27.7984196,-2.51556396,21.0142975,-45.5267639
27.8083766,-2.40074921,20.9927979,-45.6556396
27.8183346,-2.34356689,21.0284119,-45.6012268
27.8282926,-2.43900299,20.9998322,-45.559906
27.8382496,-2.26526642,21.0877991,-45.6588135
27.8482076,-2.26446533,21.2064819,-45.6218872
27.8581646,-2.45701599,20.9788666,-45.6646118
27.8681226,-2.40166473,21.0623016,-45.7461853
27.8780806,-2.47422028,20.8859711,-45.6175842
27.8880376,-2.45637512,20.9903107,-45.7624512
27.8979956,-2.43052673,20.9062042,-45.7582703
27.9079526,-2.41963196,20.8899536,-45.7112122
27.9179106,-2.44628906,20.7837372,-45.7881165
27.9278686,-2.3210144,20.9940643,-45.7184753
27.9378256,-2.29460907,20.8648682,-45.5845032
27.9477836,-2.31414032,20.8781281,-45.592926
27.9577406,-2.44700623,20.8314667,-45.5716553
27.9676986,-2.31153107,21.0340271,-45.5873108
27.9776566,-2.35979462,21.0068512,-45.6035461
27.9876136,-2.33795929,21.0028076,-45.6495972
27.9975716,-2.34366608,21.0990906,-45.5520325
28.0075286,-2.21211243,20.962326,-45.6935425
28.0174866,-2.15547943,21.1366425,-45.5535889
28.0274446,-2.28444672,20.9726257,-45.7810669
28.0374016,-2.38730621,21.0704498,-45.7852783
28.0473596,-2.32645416,21.0226364,-45.8305054
28.0573166,-2.16428375,21.1199722,-45.8403625
28.0672746,-2.24258423,20.9988785,-45.788269
28.0772326,-2.16701508,21.0817642,-45.788147
28.0871896,-2.16701508,21.0817642,-45.788147
28.0971476,-2.37878418,20.890007,-45.6082153
28.1071046,-2.33488464,21.0775681,-45.6127625
28.1170626,-2.46937561,20.9850693,-45.7707825
28.1270206,-2.44701385,20.9596786,-45.6648865
28.1369776,-2.38543701,20.9922256,-45.5717163
28.1469356,-2.36016846,21.0497818,-45.5870667
28.1568936,-2.26734161,21.0463486,-45.3494568
28.1668506,-2.35404968,21.0088882,-45.4234619
28.1768086,-2.34906769,21.0096359,-45.4938354
28.1867656,-2.2390213,20.9946976,-45.6187439
28.1967236,-2.32080078,21.0980759,-45.9607239
28.2066816,-2.37577057,21.1501389,-45.7992554
28.2166386,-2.40746307,21.1241379,-45.8753662
28.2265966,-2.40868378,21.0248337,-45.9057007
28.2365536,-2.35271454,21.0569077,-45.750885
28.2465116,-2.42170715,21.1412125,-45.5762024
28.2564696,-2.38066101,21.1602707,-45.5936279
28.2664266,-2.31643677,21.2568283,-45.5050659
28.2763846,-2.26858521,21.1402817,-45.329895
28.2863416,-2.14080811,21.1474533,-45.5409851
28.2962996,-2.44352722,20.8878555,-45.5150146
28.3062568,-2.29788971,21.0266037,-45.558075
28.3162138,-2.29684448,20.925972,-45.674469
28.3261718,-2.28185272,20.9470139,-45.7267761
28.3361288,-2.38781738,20.8651047,-45.4058533
28.3460868,-2.39176178,20.9897537,-45.3771973
28.3560448,-2.34402466,21.0340652,-45.4151917
28.3660018,-2.32549286,20.8848495,-45.6247253
