"Time (s)","X (µT)","Y (µT)","Z (µT)"
0.00973158333,-110.620453,128.795532,-310.644592
0.0199795833,-110.730377,128.506592,-310.620544
0.0302285833,-110.785217,128.718307,-310.661652
0.0404755833,-110.794983,128.593277,-310.702484
0.0507235833,-110.822708,128.720093,-310.764282
0.0609715833,-110.864532,128.732773,-310.518951
0.0712185833,-110.828186,128.58345,-310.567291
0.0814665833,-111.012711,128.579407,-310.703064
0.0917145833,-110.860565,128.427399,-310.871338
0.101963583,-110.968979,128.361526,-310.702393
0.112211583,-111.040985,128.164276,-310.867065
0.122459583,-111.029129,128.195999,-310.76059
0.132707583,-111.007538,128.156189,-310.798218
0.142955583,-110.930817,128.408127,-310.902191
0.153203583,-111.04071,128.288849,-310.904663
0.163452583,-111.037277,128.451035,-310.729401
0.173700583,-111.201965,128.382614,-310.549561
0.183948583,-111.242355,128.306442,-310.663422
0.194196583,-111.101227,128.461121,-310.757141
0.204444583,-111.129303,128.501633,-310.414215
0.214692583,-111.12468,128.433456,-310.522217
0.224940583,-111.121704,128.357925,-310.568237
0.235189583,-111.279419,128.623596,-310.611053
0.245436583,-111.378159,128.371704,-310.639191
0.255685583,-111.232285,128.744308,-310.289398
0.265933583,-111.08934,128.362778,-310.507263
0.276181583,-111.193039,128.657425,-310.543854
0.28642825,-111.101242,128.314743,-310.625549
0.29667625,-111.242508,128.45134,-310.691376
0.30692425,-111.387848,128.573624,-310.60141
0.31717125,-111.217606,128.652405,-310.545532
0.32741925,-111.355545,128.746475,-310.672974
0.33766725,-111.251816,128.661469,-310.561096
0.34791625,-111.405579,128.731445,-310.439819
0.35816425,-110.96817,128.881653,-310.388672
0.36841125,-111.212845,128.88887,-310.287964
0.37866025,-111.242645,128.751694,-310.537842
0.38890825,-111.297974,128.879318,-310.341949
0.39915725,-111.414459,129.153275,-310.428711
0.40940525,-111.405487,128.836365,-310.362244
0.41965325,-111.231689,128.990753,-310.058807
0.42990125,-111.424088,129.007812,-310.572083
0.44014825,-111.183334,128.941269,-310.33493
0.45039625,-111.214706,129.140884,-310.491882
0.46064425,-111.1418,129.146744,-310.430786
0.47089125,-111.343643,129.313644,-310.680603
0.48113925,-111.228073,129.284302,-310.348633
0.49138625,-111.333282,129.544342,-310.344666
0.50163425,-111.198135,129.514221,-310.035278
0.51188225,-111.308762,129.461136,-310.356934
0.52212925,-111.355896,129.536896,-310.301056
0.53237725,-111.332642,129.296768,-310.431763
0.54262425,-111.280334,129.495605,-310.27066
0.55287225,-111.296005,129.429016,-310.05957
0.56311925,-111.367584,129.377045,-310.460083
0.57336625,-111.349991,129.262482,-310.474243
0.58361325,-111.256271,129.457138,-310.156616
0.59386125,-110.974304,129.643127,-309.951477
0.60410825,-110.966461,129.795547,-310.483551
0.61435525,-111.08197,129.972427,-310.190247
0.62460325,-110.946671,129.726562,-310.521851
0.63485125,-110.965576,129.603561,-310.261505
0.64509925,-111.036423,129.728378,-310.246887
0.65534725,-110.908203,129.693726,-310.546448
0.66559525,-110.852386,129.339859,-310.362122
0.67584325,-110.770096,129.515213,-310.341919
0.68609225,-110.827591,129.470245,-310.502014
0.69634025,-110.92807,129.569458,-310.468964
0.70658725,-110.854172,129.315338,-310.343994
0.71683525,-110.857193,129.549652,-310.678589
0.72708325,-110.832886,129.368546,-309.862
0.73733125,-110.644241,129.561554,-310.245605
0.74757925,-110.759567,129.583221,-310.296814
0.75782725,-110.716721,129.308044,-310.136749
0.76807525,-110.780884,129.178116,-310.261902
0.77832325,-110.58165,129.48111,-310.344849
0.78857025,-110.519928,129.380661,-310.077118
0.79881825,-110.778076,129.561951,-310.459747
0.80906525,-110.613281,129.398911,-310.172058
0.81931325,-110.603165,129.454086,-309.975891
0.82956125,-110.521408,129.605347,-310.351044
0.83981025,-110.669968,129.410309,-310.069275
0.85005825,-110.671234,129.398804,-310.356598
0.86030525,-110.362488,129.643616,-310.121857
0.87055225,-110.513916,129.558716,-310.158203
0.88080025,-110.561996,129.315384,-310.177856
0.89104725,-110.478821,129.556946,-310.254578
0.90129625,-110.600449,129.440994,-310.204041
0.91154325,-110.641159,129.575165,-310.345886
0.92179125,-110.585251,129.510391,-310.171051
0.93203825,-110.501266,129.321701,-310.242554
0.94228625,-110.64122,129.506348,-309.973206
0.95253325,-110.660202,129.239639,-310.064484
0.96278025,-110.600876,129.433014,-309.997528
0.97302825,-110.510223,129.421753,-310.299072
0.98327625,-110.670898,129.448593,-310.031982
0.99352325,-110.495224,129.414963,-310.273773
1.00377125,-110.361633,129.650253,-310.372986
1.01401925,-110.418243,129.417557,-310.210266
1.02426825,-110.312729,129.45401,-310.157501
1.03451525,-110.396408,129.521027,-310.047607
1.04476325,-110.430984,129.505493,-310.068665
1.05501125,-110.322449,129.617828,-309.947754
1.06525925,-110.525085,129.414093,-310.25116
1.07550725,-110.235001,129.350464,-310.288025
1.08575525,-110.491104,129.342758,-309.969788
1.09600225,-110.163681,129.677536,-309.919312
1.10625025,-110.497345,129.518082,-309.982117
1.11649725,-110.144577,129.801727,-310.009644
1.12674525,-110.454514,129.525391,-309.886932
1.13699225,-110.512665,129.584549,-309.978821
1.14724025,-110.279373,129.599533,-310.079071
1.15748825,-110.331161,129.677963,-309.902985
1.16773725,-110.328796,129.428452,-310.046021
1.17798625,-110.331955,129.542206,-310.186218
1.18823425,-110.428436,129.471909,-310.295044
1.19848125,-110.175629,129.674957,-310.062744
1.20872925,-110.105087,129.717102,-310.239502
1.21897625,-110.099243,129.60228,-310.050262
1.22922425,-110.120316,129.665588,-310.045776
1.23947225,-110.109039,129.732117,-310.210327
1.24972025,-110.222855,129.602768,-310.102417
1.25996725,-110.180084,129.708069,-310.044189
1.27021425,-110.357468,129.473724,-309.94751
1.28046138,-110.190521,129.657822,-310.145142
1.29070838,-110.263779,129.486435,-310.27594
1.30095538,-110.231171,129.503632,-309.950684
1.31120237,-110.274017,129.499832,-310.116089
1.32144938,-110.269272,129.648941,-310.128723
1.33169738,-110.340363,129.332123,-310.23645
1.34194438,-110.276642,129.533356,-310.043976
1.35219238,-110.125244,129.571793,-310.031311
1.36244038,-110.041443,129.751114,-310.252441
1.37268838,-110.092361,129.420074,-310.340088
1.38293738,-110.227478,129.580261,-310.101013
1.39318538,-110.150879,129.340637,-310.345276
1.40343238,-110.218521,129.34697,-310.373718
1.41367938,-110.12468,129.348083,-310.315552
1.42392638,-110.106461,129.400085,-310.302307
1.43417338,-109.903091,129.578156,-310.310944
1.44442138,-109.994873,129.496765,-310.403076
1.45466838,-109.931763,129.499329,-310.596008
1.46491638,-109.788437,129.40332,-310.75415
1.47516338,-109.76358,129.472092,-310.53894
1.48540938,-109.784317,129.609314,-310.579712
1.49565638,-109.938553,129.768265,-310.363037
1.50590338,-109.891144,129.620758,-310.273315
1.51615038,-109.937134,129.878448,-310.204346
1.52639738,-110.186523,129.590744,-310.2323
1.53664438,-110.051147,129.905609,-309.955688
1.54689238,-110.097549,129.712784,-310.085449
1.55714038,-109.886154,129.917023,-310.102173
1.56738738,-109.979691,129.607712,-310.477905
1.57763538,-109.925461,129.628082,-310.141876
1.58788338,-109.725586,129.606171,-310.512268
1.59813138,-109.915573,129.588318,-310.510406
1.60837838,-109.855286,129.588974,-310.430359
1.61862538,-109.685364,129.732819,-310.142212
1.62887338,-109.52092,129.741013,-310.32077
1.63912238,-109.822311,129.657135,-310.351868
1.64937038,-109.867065,129.712875,-310.274048
1.65961838,-109.887085,129.673615,-310.391968
1.66986638,-109.962265,129.708496,-310.326324
1.68011438,-109.910248,129.689316,-310.215851
1.69036338,-109.959167,129.700882,-310.082458
1.70061238,-109.977692,129.717804,-310.280457
1.71086138,-109.862183,129.750381,-310.379272
1.72110938,-110.067062,129.611282,-310.282166
1.73135838,-110.004944,129.681778,-310.266083
1.74160638,-110.081985,129.705978,-310.083862
1.75185438,-110.293304,129.658417,-310.070007
1.76210138,-110.252197,129.676956,-310.288208
1.77234937,-110.084213,129.671722,-309.88092
1.78259838,-110.231644,129.660507,-309.88797
1.79284638,-110.22728,129.736435,-309.930847
1.80309538,-110.022461,129.898529,-309.918152
1.81334338,-110.191895,129.912186,-309.729736
1.82359138,-110.31665,129.942093,-309.816711
1.83383938,-110.032944,129.988571,-309.927948
1.84408838,-110.137039,129.987854,-309.793701
1.85433638,-110.100952,130.039581,-309.609558
1.86458538,-110.211533,129.875259,-310.023315
1.87483337,-110.099686,129.90892,-309.812744
1.88508138,-110.151047,129.821487,-309.848083
1.89532938,-109.963623,130.028336,-309.889252
1.90557838,-110.101517,129.889221,-309.920593
1.91582638,-110.02652,130.181671,-309.594604
1.92607438,-109.973068,129.878799,-310.103668
1.93632338,-109.991425,130.152664,-309.662781
1.94657238,-110.068497,129.983109,-309.668915
1.95682138,-110.052094,130.027893,-309.924805
1.96707038,-110.078094,129.985275,-309.841858
1.97732038,-110.135117,129.876007,-309.989258
1.98756938,-109.90126,129.842712,-310.187775
1.99781738,-110.02565,129.849518,-309.914551
2.00806638,-110.149734,129.848282,-310.128357
2.01831438,-110.055832,129.91629,-309.944092
2.02856337,-110.038895,129.944275,-310.12677
2.03881138,-109.966125,129.916168,-309.859985
2.04906038,-110.006561,129.767883,-309.910339
2.05930938,-109.872253,129.870117,-310.117554
2.06955738,-110.032303,129.826355,-310.021545
2.07980538,-110.108215,129.878754,-309.954651
2.09005338,-110.041885,129.964676,-310.217285
2.10030138,-110.256851,129.744629,-309.88559
2.11055038,-110.344727,129.874405,-309.822449
2.12079838,-110.169601,129.985321,-309.631348
2.13104638,-110.1828,129.892166,-309.883911
2.14129538,-110.34874,130.089859,-309.67981
2.15154338,-110.325577,130.128494,-309.644714
2.16179138,-110.494217,130.242432,-309.694031
2.17203938,-110.38707,130.123642,-309.778442
2.18228738,-110.634552,130.138077,-310.170441
2.19253538,-110.51796,130.213516,-309.920044
2.20278238,-110.710281,130.395645,-309.788574
2.21303038,-110.718994,130.395218,-309.76297
2.22327738,-110.815704,130.339035,-309.869141
2.23352438,-110.950516,130.491119,-310.057861
2.24377238,-110.989182,130.371704,-309.636292
2.25401938,-110.916275,130.699936,-310.151794
2.26426738,-110.929337,130.497787,-310.142029
2.27451438,-110.775269,130.495911,-309.658875
2.28476225,-110.770126,130.602432,-309.637299
2.29501025,-110.609222,130.789902,-309.480835
2.30525825,-110.506897,130.563339,-309.802307
2.31550625,-110.432144,130.913483,-309.871582
2.32575425,-110.425613,130.566055,-309.273193
2.33600125,-110.302765,130.634689,-309.559174
2.34625025,-110.284027,130.539566,-309.375366
2.35649925,-110.171921,130.746765,-309.286407
2.36674725,-110.205414,130.475586,-309.689301
2.37699525,-110.139618,130.561249,-309.268372
2.38724325,-110.505722,130.305313,-309.316071
2.39749125,-110.395493,130.508743,-309.452576
2.40773925,-110.437927,130.542038,-309.573425
2.41798825,-110.413651,130.553925,-309.575592
2.42823725,-110.412796,130.632019,-309.676025
2.43848525,-110.409729,130.670517,-309.308014
2.44873325,-110.481552,130.580978,-309.479797
2.45898125,-110.211868,130.724075,-309.280884
2.46923025,-110.247696,130.701889,-309.535797
2.47947725,-110.406296,130.565155,-309.511597
2.48972525,-110.252792,130.533295,-309.407715
2.49997325,-110.401733,130.651215,-309.740387
2.51022025,-110.214767,130.33812,-309.470764
2.52046925,-110.385666,130.699966,-310.003174
2.53071725,-110.35788,130.582352,-309.595825
2.54096525,-110.26561,130.425919,-309.394196
2.55121325,-110.340973,130.266998,-309.432251
2.56146025,-110.142044,130.39592,-309.483643
2.57170825,-110.098801,130.53273,-309.349304
2.58195625,-110.132401,130.593689,-309.688354
2.59220425,-110.033936,130.500534,-309.439514
2.60245225,-110.06694,130.508575,-309.845276
2.61270025,-110.177475,130.554581,-309.784729
2.62294725,-110.087631,130.259689,-309.730042
2.63319525,-109.973907,130.388443,-309.553894
2.64344225,-109.939621,130.467194,-309.587189
2.65368925,-110.264313,130.621185,-309.859711
2.66393625,-110.278091,130.723099,-310.04895
2.67418425,-110.35762,130.441376,-309.630249
2.68443225,-110.15889,130.459885,-309.973816
2.69468025,-110.166718,130.622055,-309.599487
2.70492725,-110.288345,130.395905,-309.958008
2.71517525,-110.229538,130.614868,-309.876373
2.72542225,-110.315247,130.134232,-309.5625
2.73566825,-110.098251,130.614563,-310.105835
2.74591625,-110.232315,130.217865,-310.017731
2.75616425,-110.141388,130.468353,-309.895996
2.76641125,-110.092514,130.116425,-309.883301
2.77665925,-110.068512,130.260574,-309.659668
2.78690625,-110.038147,130.319153,-309.955933
2.79715425,-110.184311,130.213226,-309.777893
2.80740225,-110.17868,130.062378,-309.838562
2.81765025,-110.182846,130.272812,-309.848816
2.82789825,-110.220261,130.14238,-309.853027
2.83814525,-110.215988,130.081772,-309.857605
2.84839325,-110.088547,130.40239,-309.926636
2.85864025,-110.128281,130.159134,-309.517639
2.86888825,-110.13266,130.089447,-309.797852
2.87913625,-110.082062,130.32341,-309.758331
2.88938325,-110.167023,130.415619,-310.006592
2.89963025,-110.107376,130.077057,-309.950928
2.90987825,-109.968735,130.080948,-309.899567
2.92012525,-110.225616,130.126526,-309.756714
2.93037325,-109.857239,130.342041,-309.81778
2.94062225,-109.818665,130.55191,-309.871887
2.95087025,-109.873505,130.389709,-309.95816
2.96111825,-109.828003,130.528854,-309.742493
2.97136625,-109.768234,130.4496,-309.865601
2.98161425,-109.77504,130.238113,-310.009216
2.99186125,-109.754883,130.222076,-310.016357
3.00210825,-109.520355,130.267197,-310.164124
3.01235625,-109.513428,130.221008,-310.050354
3.02260425,-109.61438,130.24408,-310.025116
3.03285225,-109.620956,130.279037,-309.793213
3.04310025,-109.711075,130.10582,-310.040405
3.05334725,-109.827652,130.053253,-310.02655
3.06359425,-109.849319,130.061783,-309.790039
3.07384225,-109.673279,130.222992,-309.809845
3.08409025,-109.708099,130.197159,-309.849548
3.09433825,-109.703735,130.189514,-309.839142
3.10458725,-109.689163,130.207581,-309.835571
3.11483525,-109.597153,130.430923,-309.899902
3.12508325,-109.614502,130.261398,-310.143005
3.13533125,-109.521301,130.330887,-309.936829
3.14557825,-109.564423,130.237854,-310.001892
3.15582725,-109.619766,130.220383,-309.971405
3.16607525,-109.625504,130.232925,-310.031769
3.17632225,-109.54184,130.249176,-310.036255
3.18657025,-109.688309,130.154434,-310.107727
3.19681825,-109.576996,130.545746,-309.579163
3.20706725,-109.714508,130.288818,-309.787964
3.21731525,-109.716309,130.330963,-309.91333
3.22756225,-109.73143,130.455338,-309.787598
3.23781025,-109.715179,130.292175,-309.893616
3.24805925,-109.602783,130.508865,-309.911804
3.25830725,-109.779083,130.406723,-309.974243
3.26855625,-109.752441,130.339676,-309.665833
3.27880425,-109.694519,130.322617,-310.099121
3.28905288,-109.58252,130.286423,-310.036621
3.29930188,-109.775391,130.270065,-309.763855
3.30954988,-109.773956,130.353531,-309.835144
3.31979788,-109.832275,130.314407,-309.687317
3.33004688,-109.67662,130.339111,-309.852722
3.34029488,-109.795288,130.297012,-309.772186
3.35054288,-109.732544,130.420639,-309.708099
3.36079088,-109.728668,130.418549,-309.581177
3.37103788,-109.893387,130.271805,-309.598816
3.38128588,-109.803543,130.414398,-309.856537
3.39153388,-109.779007,130.331146,-309.751953
3.40178188,-109.856857,130.456085,-309.659882
3.41202988,-109.867874,130.415604,-309.717072
3.42227888,-109.87381,130.470673,-309.708069
3.43252688,-109.719849,130.444885,-309.687073
3.44277488,-109.676285,130.56691,-309.68927
3.45302287,-109.7491,130.663208,-309.443604
3.46327188,-109.765793,130.674347,-309.546936
3.47351988,-109.580551,130.636307,-309.528381
3.48376888,-109.63942,130.48938,-309.575073
3.49401688,-109.638031,130.815613,-309.20874
3.50426488,-109.814758,130.590637,-309.485413
3.51451288,-109.601196,130.86972,-309.397064
3.52476088,-109.849976,130.6931,-309.378784
3.53500788,-109.712204,131.104645,-309.70105
3.54525488,-109.751633,130.894684,-309.611206
3.55550288,-109.79892,131.042191,-309.575378
3.56575188,-109.97937,130.942535,-309.58783
3.57599888,-109.873322,131.225525,-309.934875
3.58624688,-109.822403,130.847763,-309.859253
3.59649588,-109.753052,131.110275,-309.719086
3.60674288,-109.714478,130.937149,-309.475403
3.61698988,-109.701111,130.981705,-309.696716
3.62723888,-109.723389,130.995392,-309.579224
3.63748788,-109.619888,131.172043,-309.766479
3.64773588,-109.705292,131.1698,-309.838013
3.65798388,-109.77179,130.917343,-309.56958
3.66823088,-109.599594,131.109039,-309.522705
3.67847788,-109.767151,130.919235,-309.143494
3.68872588,-109.527847,130.941177,-309.583344
3.69897388,-109.646042,131.136765,-309.743958
3.70922088,-109.459122,131.17897,-309.445801
3.71946888,-109.572952,131.063385,-309.354187
3.72971688,-109.595108,130.918655,-309.495758
3.73996488,-109.565887,131.192215,-309.688293
3.75021188,-109.572144,131.239227,-309.592102
3.76045988,-109.494858,131.208328,-309.376282
3.77070788,-109.842422,130.997238,-309.785461
3.78095588,-109.500397,131.090195,-309.467621
3.79120388,-109.337433,131.266083,-309.343689
3.80145287,-109.616684,131.201004,-309.286743
3.81170088,-109.62117,131.259308,-309.391113
3.82194888,-109.438538,131.014496,-309.472778
3.83219788,-109.527344,131.077484,-309.136169
3.84244588,-109.252579,131.341858,-309.431152
3.85269288,-109.458954,131.330261,-309.478271
3.86294088,-109.608932,131.176025,-309.330017
3.87318788,-109.471024,131.298447,-309.174866
3.88343688,-109.287003,131.271744,-309.498779
3.89368488,-109.233826,131.507187,-309.120239
3.90393388,-109.245758,131.2267,-309.404907
3.91418188,-109.369324,131.433289,-309.103821
3.92442987,-109.325073,131.488678,-309.442383
3.93467888,-109.267227,131.825195,-309.591431
3.94492688,-109.297394,131.699738,-309.497986
3.95517488,-109.290833,131.632004,-309.410339
3.96542288,-109.467636,131.490662,-309.538788
3.97567088,-109.120514,131.688232,-309.498138
3.98591888,-109.218201,131.539352,-309.722473
3.99616688,-109.257843,131.699081,-309.4729
4.00641488,-109.298889,131.634628,-309.602509
4.01666188,-109.294968,131.414612,-309.18692
4.02691088,-109.327744,131.727783,-309.660461
4.03715788,-109.305359,131.821457,-309.425964
4.04740588,-109.158203,131.918701,-308.993805
4.05765388,-109.253983,132.10408,-309.449036
4.06790188,-109.214111,132.030365,-309.419006
4.07814888,-109.234589,132.524857,-309.131531
4.08839688,-109.213745,132.361526,-309.190704
4.09864588,-109.577744,132.495987,-309.204346
4.10889388,-109.315491,132.556046,-309.325256
4.11914188,-109.362137,132.982788,-309.25531
4.12939088,-109.585144,132.927765,-309.534058
4.13963888,-109.421356,133.219498,-309.021484
4.14988688,-109.2659,133.149124,-309.309998
4.16013588,-109.29834,133.416565,-309.225006
4.17038388,-109.231979,133.314774,-309.231934
4.18063188,-109.019836,133.212143,-308.822876
4.19088088,-109.342133,133.322937,-309.339966
4.20112887,-109.160477,133.387039,-309.240143
4.21137688,-109.339218,133.197876,-309.079468
4.22162488,-109.199173,133.333221,-309.310608
4.23187288,-109.288239,133.507843,-309.147583
4.24211988,-109.015976,133.712936,-309.366486
4.25236888,-108.937576,133.639313,-308.888977
4.26261588,-109.118271,133.750473,-309.329956
4.27286188,-109.17392,133.711426,-309.079468
4.28310963,-109.185806,133.575699,-309.342957
4.29335763,-109.07959,134.085999,-309.149353
4.30360663,-109.137665,133.629425,-308.765686
4.31385463,-108.998718,134.029953,-309.169342
4.32410263,-109.255234,133.774216,-309.173492
4.33435163,-108.857193,134.156998,-308.996063
4.34460063,-109.037857,133.810486,-309.081726
4.35484963,-109.029282,134.286957,-308.724915
4.36509763,-108.975113,134.091599,-308.659424
4.37534563,-108.866928,134.28186,-308.877594
4.38559363,-108.865494,134.231033,-308.845337
4.39584263,-108.726837,134.391586,-308.687988
4.40609063,-108.871033,134.303909,-308.932587
4.41633963,-108.830109,134.341949,-308.717529
4.42658663,-108.78653,134.279282,-309.151642
4.43683563,-108.628571,134.459229,-308.66687
4.44708263,-108.567017,134.267853,-309.017151
4.45733063,-108.853302,134.040085,-309.094788
4.46757963,-108.539841,134.040573,-309.030304
4.47782863,-108.659531,133.653351,-309.09024
4.48807763,-108.863663,133.500946,-309.258423
4.49832763,-108.872177,133.350174,-309.418457
4.50857663,-109.058182,133.092834,-309.590515
4.51882563,-108.915482,132.899475,-309.255127
4.52907563,-108.979538,132.625275,-309.526917
4.53932463,-108.983078,132.81456,-309.6604
4.54957363,-109.101501,132.548447,-309.992584
4.55982263,-109.11908,132.631607,-309.726288
4.57007263,-109.428162,132.612045,-309.938293
4.58032263,-109.486008,132.822861,-309.816071
4.59057163,-109.236649,132.687424,-309.221191
4.60081963,-109.800613,132.893661,-309.545593
4.61106863,-109.760757,132.87262,-309.759979
4.62131863,-110.025146,133.214676,-310.150146
4.63156763,-110.309219,132.933105,-309.730164
4.64181563,-110.287247,132.752136,-309.626038
4.65206463,-110.383469,132.771576,-310.139526
4.66231363,-110.570358,132.594925,-310.060425
4.67256163,-110.488235,132.522858,-310.192902
4.68281063,-110.347992,132.13063,-310.477264
4.69305863,-110.316238,132.196304,-310.199036
4.70330762,-110.306183,132.054291,-310.642944
4.71355563,-110.241928,132.007553,-310.91449
4.72380463,-110.172989,131.536636,-310.527618
4.73405263,-110.026215,131.598297,-310.649567
4.74430063,-109.962143,131.331635,-310.593414
4.75454863,-109.941544,131.373444,-310.634247
4.76479763,-109.714615,131.377457,-310.915039
4.77504663,-109.820724,131.484131,-310.703369
4.78529463,-109.925354,131.582062,-310.868164
4.79554263,-110.052551,131.834579,-310.380798
4.80579162,-110.083252,132.185654,-310.65741
4.81603963,-110.322418,132.46315,-310.77951
4.82628863,-110.474442,132.637039,-310.236481
4.83653663,-110.61171,132.702087,-310.421082
4.84678563,-110.79245,132.820602,-310.311127
4.85703363,-110.902527,132.910843,-310.233612
4.86728263,-111.04274,132.894485,-310.263611
4.87753063,-111.241684,132.77449,-310.17865
4.88777963,-111.084854,132.8517,-310.604736
4.89802863,-111.195251,133.006271,-310.138611
4.90827663,-111.193405,132.972977,-310.473297
4.91852563,-111.216354,132.997177,-310.485718
4.92877463,-111.126251,133.037949,-310.412964
4.93902263,-111.338715,133.140442,-310.207092
4.94927163,-111.185913,133.110901,-310.117676
4.95951963,-111.103531,133.18602,-310.381409
4.96976963,-111.320862,133.152054,-310.100891
4.98001863,-111.16716,133.188736,-310.087524
4.99026663,-111.244919,133.183167,-309.817749
5.00051463,-111.174759,133.33754,-309.878784
5.01076263,-111.24144,133.309631,-309.968018
5.02101063,-111.201752,133.317368,-309.926971
5.03125863,-110.944412,133.431168,-309.998108
5.04150663,-110.97435,133.206863,-310.396484
5.05175463,-110.873398,133.446121,-309.805756
5.06200363,-111.002838,133.255066,-310.274475
5.07225163,-110.908783,133.221664,-309.908081
5.08249863,-111.070023,132.936722,-310.255554
5.09274763,-110.906738,133.195297,-310.312378
5.10299463,-110.730469,133.083115,-310.345245
5.11324263,-110.707321,133.105713,-310.17688
5.12349063,-111.019455,133.008286,-310.276306
5.13373763,-110.856812,133.101578,-310.500214
5.14398663,-110.846008,132.583755,-310.66983
5.15423463,-110.670898,132.612335,-310.307129
5.16448363,-110.67717,132.535873,-310.602783
5.17473163,-110.463623,132.673218,-310.431732
5.18497963,-110.440735,132.538483,-310.697815
5.19522863,-110.211823,132.53212,-310.841797
5.20547763,-110.16098,132.333633,-311.029694
5.21572563,-110.03215,132.364151,-311.008423
5.22597463,-109.712448,132.433441,-310.688965
5.23622263,-109.582748,132.164856,-310.575134
5.24647163,-109.743713,132.050339,-311.064575
5.25671963,-109.85434,132.223969,-311.032776
5.26696863,-109.768982,132.000351,-311.092529
5.27721763,-109.831772,131.983948,-311.085449
5.28746613,-109.702179,132.047546,-311.174805
5.29771513,-109.504562,132.085068,-311.085602
5.30796313,-109.253433,132.401413,-310.976868
5.31821113,-109.138901,132.299164,-310.470978
5.32845913,-109.041702,132.247238,-310.658661
5.33870713,-108.965515,132.470108,-310.819763
5.34895613,-108.516327,132.328064,-310.3703
5.35920413,-108.527527,132.190155,-310.509369
5.36945213,-108.444565,132.08429,-310.429352
5.37970013,-108.338882,131.982147,-310.453857
5.38994913,-108.424713,131.665192,-310.564758
5.40019712,-108.726715,131.34697,-310.490601
5.41044613,-108.407318,131.26355,-310.543396
5.42069413,-108.524338,131.062637,-310.690887
5.43094313,-108.535004,130.869598,-310.739197
5.44119113,-108.505463,130.910736,-310.872467
5.45144013,-108.515564,131.017776,-310.763062
5.46168813,-108.356903,130.840988,-310.816223
5.47193613,-108.045303,130.954803,-310.976929
5.48218513,-108.160675,130.931747,-310.950073
5.49243313,-107.940552,131.094238,-310.946594
5.50268213,-107.777863,131.097961,-311.263336
5.51293013,-107.688919,131.181183,-311.071777
5.52317913,-107.511002,131.057327,-311.231079
5.53342713,-107.369888,131.388702,-311.165894
5.54367513,-107.247513,131.25209,-311.235779
5.55392313,-107.124573,131.561829,-311.177704
5.56417113,-107.187805,131.32608,-311.382996
5.57441913,-107.381882,131.339966,-311.173309
5.58466713,-107.281631,131.37767,-311.326355
5.59491413,-107.655472,131.350754,-310.963287
5.60516313,-107.611145,131.401184,-311.009644
5.61541113,-107.748428,131.26915,-310.990143
5.62566013,-107.966766,131.137283,-311.096527
5.63590813,-107.987991,131.184677,-310.847076
5.64615613,-107.947861,131.394867,-311.298279
5.65640513,-108.010071,131.224457,-310.877014
5.66665213,-108.081131,131.071335,-311.154724
5.67690113,-108.077606,131.035248,-311.012817
5.68714813,-108.024246,131.13736,-310.939697
5.69739713,-108.034195,131.233994,-311.214142
5.70764413,-108.148727,131.278275,-311.164459
5.71789213,-108.151978,131.264755,-311.223267
5.72814113,-108.218826,131.170898,-311.077698
5.73838913,-108.089447,131.228912,-310.895203
5.74863813,-108.156113,131.537018,-311.537231
5.75888613,-108.150894,131.333878,-310.828217
5.76913413,-108.091385,131.235916,-310.875916
5.77938313,-108.109787,131.445023,-310.725891
5.78963313,-108.185226,131.299255,-310.90332
5.79988213,-108.216217,131.573166,-310.890106
5.81013013,-108.123856,131.599915,-311.058594
5.82037913,-108.351959,131.784348,-310.986389
5.83062713,-108.39151,131.674362,-310.838867
5.84087613,-108.25885,131.841629,-311.30072
5.85112413,-108.576538,131.839508,-311.08606
5.86137213,-108.599289,132.029938,-311.202209
5.87162013,-108.718002,132.025513,-310.82782
5.88186813,-108.800598,131.907196,-310.970398
5.89211613,-108.788086,132.095428,-310.903381
5.90236313,-108.780426,132.009857,-311.131958
5.91261113,-109.008423,132.102356,-310.963135
5.92286013,-108.950943,131.866653,-310.925507
5.93310913,-108.817368,132.258057,-310.818909
5.94335713,-108.854263,132.184677,-310.863007
5.95360513,-108.829651,132.079865,-310.931458
5.96385213,-108.911911,132.045227,-311.216431
5.97409913,-109.00946,132.464081,-311.300446
5.98434713,-109.075241,132.045914,-310.892944
5.99459413,-109.415527,132.348648,-311.293274
6.00484213,-109.488785,131.995026,-311.550964
6.01508913,-109.33876,132.162079,-311.028656
6.02533713,-109.566895,131.931122,-311.248566
6.03558513,-109.622253,132.085052,-311.198425
6.04583313,-109.793762,131.921219,-311.369965
6.05608013,-109.784302,131.957657,-311.730042
6.06632813,-110.008926,131.584717,-311.763184
6.07657613,-109.825684,131.478714,-311.673706
6.08682413,-109.798248,131.423523,-311.946716
6.09707313,-109.799942,131.121368,-311.660065
6.10732113,-109.736328,131.11203,-311.499329
6.11756913,-109.619644,131.295364,-311.564026
6.12781613,-109.47821,131.141708,-311.62085
6.13806413,-109.437302,131.021957,-311.72937
6.14831213,-109.326599,131.276154,-311.725159
6.15855913,-109.082169,131.505417,-311.7146
6.16880713,-109.180069,131.612747,-311.851807
6.17905513,-108.910599,132.076813,-311.468933
6.18930313,-108.904663,131.926071,-311.427429
6.19955013,-109.085968,132.160095,-311.304626
6.20979813,-109.123154,132.166992,-311.339905
6.22004613,-109.236938,132.227142,-311.329102
6.23029313,-109.434189,132.458282,-311.239868
6.24054213,-109.66777,132.188446,-311.349884
6.25079113,-109.80217,132.374939,-311.503113
6.26103913,-109.75264,132.45517,-311.254547
6.27128813,-109.846146,132.553146,-311.407898
6.28153613,-109.791946,132.567627,-311.473816
6.29178496,-109.917313,132.97258,-311.373962
6.30203396,-109.882553,132.756256,-311.378845
6.31228296,-109.735992,132.887024,-311.154297
6.32253196,-109.57254,132.89566,-311.268616
6.33278096,-109.582581,132.718292,-311.183716
6.34302996,-109.539459,132.609558,-311.582397
6.35327896,-109.309265,132.585449,-311.366394
6.36352796,-109.604172,132.424637,-311.682312
6.37377696,-109.420227,132.730179,-311.35733
6.38402496,-109.561584,132.507095,-311.348938
6.39427296,-109.635101,132.771637,-311.197449
6.40452196,-109.766052,132.623169,-311.213684
6.41476996,-109.895096,132.612503,-311.395386
6.42501796,-109.971664,132.385223,-311.131805
6.43526596,-109.925018,132.386795,-311.244873
6.44551496,-109.741974,132.315964,-311.56015
6.45576296,-109.767502,132.205765,-311.442749
6.46601196,-109.806625,131.996643,-311.372925
6.47625996,-109.770203,132.03894,-311.213745
6.48650896,-109.764221,131.999512,-311.375031
6.49675696,-109.426163,131.927399,-311.308411
6.50700496,-109.572906,131.815948,-311.302551
6.51725196,-109.39476,131.639969,-311.336426
6.52749996,-109.515335,131.689377,-311.889099
6.53774796,-109.300766,131.385941,-311.42691
6.54799596,-109.135239,131.450684,-311.549744
6.55824396,-109.223053,131.147644,-311.079712
6.56849196,-109.268448,131.098602,-311.463867
6.57873996,-109.107208,131.050323,-311.398163
6.58898896,-109.046021,130.586441,-311.208984
6.59923696,-109.076782,130.889984,-311.855682
6.60948496,-109.060196,130.527481,-311.489594
6.61973396,-108.984299,130.467514,-311.367493
6.62998296,-109.052078,130.402206,-311.623413
6.64023096,-109.08252,130.494293,-311.606323
6.65047996,-109.25563,130.464447,-311.84024
6.66072796,-109.467041,130.52504,-311.623596
6.67097596,-109.458969,130.573975,-311.456726
6.68122496,-109.512451,130.25528,-311.629456
6.69147296,-109.586945,130.384415,-311.86673
6.70172096,-109.779922,130.071793,-312.076477
6.71196996,-109.70871,130.077896,-311.886108
6.72221796,-109.70372,129.773758,-311.748291
6.73246596,-109.636353,130.016418,-311.864136
6.74271496,-109.839081,129.759186,-311.894653
6.75296296,-109.863647,129.867828,-311.913269
6.76321096,-109.85051,129.762772,-312.028778
6.77345996,-109.67392,129.771347,-312.137939
6.78370796,-109.802536,129.42807,-311.960022
6.79395596,-109.802795,129.568329,-312.213684
6.80420396,-109.959625,129.353958,-312.082336
6.81445096,-109.560089,129.490921,-311.700928
6.82469896,-109.425995,129.588028,-312.163483
6.83494696,-109.356705,129.833923,-312.418396
6.84519596,-109.465576,129.792816,-312.143005
6.85544496,-109.6241,129.602234,-311.866638
6.86569196,-109.497803,129.928864,-312.222107
6.87593996,-109.444824,129.852509,-311.945618
6.88618796,-109.295074,130.158539,-311.877869
6.89643596,-109.513168,130.054428,-311.831238
6.90668396,-109.506866,130.124695,-312.103455
6.91693196,-109.789719,130.113342,-312.537415
6.92717996,-109.974091,130.233734,-312.33844
6.93742696,-109.991058,130.2379,-312.243164
6.94767596,-110.248978,130.562164,-312.247375
6.95792396,-110.485031,130.743317,-312.600098
6.96817196,-110.456299,130.766739,-312.28064
6.97841996,-110.481735,131.030167,-312.243896
6.98866796,-110.651688,130.810806,-312.200226
6.99891596,-110.788132,131.157516,-312.337158
7.00916396,-110.989487,130.834747,-312.184937
7.01941196,-110.859924,130.946701,-312.22403
7.02965996,-111.028702,130.752808,-312.381653
7.03990796,-110.83284,130.972534,-312.522461
7.05015696,-110.869049,131.02446,-312.085541
7.06040496,-111.209015,130.665207,-312.152313
7.07065396,-111.152283,130.939377,-312.105896
7.08090196,-111.261078,130.906113,-312.351074
7.09114996,-111.454773,130.704742,-312.315002
7.10139796,-111.561951,130.628036,-312.479675
7.11164496,-111.368118,130.99855,-312.28894
7.12189296,-111.533875,130.566437,-312.192566
7.13214096,-111.500671,130.703278,-312.292847
7.14238796,-111.777939,130.462051,-312.512115
7.15263696,-111.727005,130.781189,-312.559967
7.16288596,-111.874329,130.384476,-312.384369
7.17313396,-112.025391,130.483505,-312.231842
7.18338296,-112.141937,130.126892,-312.600891
7.19363096,-112.149719,130.38475,-312.282379
7.20387896,-112.13649,130.116608,-312.559235
7.21412796,-112.167267,130.177292,-312.486298
7.22437596,-112.56105,130.00769,-312.5401
7.23462396,-112.464493,130.070358,-312.77594
7.24487196,-112.780396,129.936447,-312.564636
7.25512096,-112.950989,129.832169,-312.482788
7.26536896,-113.037994,129.630249,-312.557007
7.27561696,-113.070023,129.599152,-312.856995
7.28586358,-113.326736,129.425171,-312.848694
7.29611058,-113.24353,129.437622,-313.010101
7.30635858,-113.525314,129.423447,-312.978882
7.31660658,-113.376144,129.341599,-312.636536
7.32685458,-113.584152,129.334152,-312.851349
7.33710258,-113.768066,129.423309,-312.992493
7.34735058,-113.986633,129.186951,-312.856689
7.35759858,-114.24823,129.420517,-312.796692
7.36784558,-114.458099,129.069061,-312.819763
7.37809358,-114.449783,128.972321,-313.112457
7.38834158,-114.797638,128.545151,-313.057129
7.39859058,-114.878723,128.435776,-313.008148
7.40883858,-115.107117,128.205246,-313.056091
7.41908658,-115.430359,128.219284,-313.184814
7.42933358,-115.500977,127.964127,-312.935577
7.43958058,-115.647964,128.165451,-313.20929
7.44982858,-115.809814,127.788025,-313.077271
7.46007558,-115.808594,127.86908,-313.499817
7.47032358,-115.771973,127.834839,-313.06134
7.48057258,-115.840042,127.495239,-313.312683
7.49082058,-115.646103,127.769562,-313.243866
7.50106858,-115.731918,127.370331,-313.115021
7.51131658,-115.783386,127.695053,-313.385071
7.52156458,-115.69722,127.462479,-313.309082
7.53181258,-115.858627,127.772614,-313.341919
7.54206058,-115.725479,127.570023,-313.530701
7.55230858,-115.892899,127.875229,-313.365967
7.56255658,-115.854797,127.902573,-313.15033
7.57280458,-116.180496,128.237991,-313.358826
7.58305258,-116.197754,128.059982,-313.513489
7.59329958,-116.161621,128.149231,-313.012451
7.60354658,-116.466782,127.939072,-313.103882
7.61379458,-116.488297,128.086746,-313.158508
7.62404258,-116.680359,127.828049,-313.094055
7.63428958,-116.449081,127.871323,-312.904846
7.64453858,-116.695663,128.019394,-313.047546
7.65478658,-116.870483,127.822128,-313.184723
7.66503358,-116.794205,127.719101,-313.010376
7.67528058,-116.945389,127.569412,-312.978912
7.68552858,-117.001511,127.53566,-313.130707
7.69577658,-117.03006,127.666,-312.890381
7.70602458,-117.094788,127.670395,-313.042603
7.71627258,-117.221039,127.702042,-313.264709
7.72652158,-117.359497,127.630508,-313.202454
7.73676958,-117.240662,127.577652,-313.366028
7.74701758,-117.190994,127.597244,-313.171448
7.75726458,-117.330978,127.562592,-313.391785
7.76751358,-117.44165,127.632797,-313.070068
7.77776158,-117.460648,127.543167,-312.988434
7.78800958,-117.673401,127.400284,-312.859497
7.79825758,-117.833481,127.463089,-313.124542
7.80850558,-117.956116,127.2966,-313.125305
7.81875358,-118.141724,127.345688,-313.35968
7.82900158,-118.031097,127.254715,-313.199127
7.83924958,-118.133774,127.271484,-313.267944
7.84949658,-117.992706,127.115158,-313.142029
7.85974458,-118.008011,127.124207,-313.322021
7.86999058,-118.191559,127.309464,-313.288879
7.88023858,-118.386917,127.101807,-312.999878
7.89048558,-118.450363,127.315277,-313.113708
7.90073358,-118.43808,127.081268,-313.233429
7.91098058,-118.855072,127.121033,-313.048126
7.92122858,-118.675018,127.050827,-312.958099
7.93147658,-118.948105,127.274536,-312.937866
7.94172358,-118.927475,126.963013,-312.943909
7.95197158,-119.11499,126.909561,-313.148346
7.96221958,-119.28952,126.802948,-312.866791
7.97246658,-119.539932,126.944763,-313.224945
7.98271458,-119.856247,126.443634,-313.046173
7.99296258,-120.065567,126.622665,-312.970612
8.00321058,-119.986877,126.373535,-313.302979
8.01345758,-120.155487,126.436081,-313.236786
8.02370558,-120.243332,126.14476,-312.833069
8.03395358,-120.306335,125.856003,-312.969391
8.04420058,-120.551575,125.853073,-313.092102
8.05444758,-120.672348,125.840256,-312.964691
8.06469558,-120.851791,125.563721,-313.213684
8.07494358,-120.962646,125.658691,-313.037445
8.08519158,-121.155304,125.46701,-313.069336
8.09543858,-121.386551,125.399796,-313.211395
8.10568658,-121.688278,125.369888,-313.283142
8.11593458,-121.762817,125.096634,-312.708923
8.12618158,-121.978912,125.166458,-312.906189
8.13642958,-122.311462,124.746155,-313.083252
8.14667658,-122.451813,124.832855,-312.973816
8.15692458,-122.922287,124.617813,-312.886292
8.16717258,-122.998444,124.510391,-312.869507
8.17742058,-123.316162,124.492691,-312.81366
8.18766758,-123.518768,124.091721,-312.786591
8.19791458,-123.726303,123.873093,-312.954651
8.20816258,-123.758347,123.631683,-312.815063
8.21840958,-123.966476,123.491974,-313.112122
8.22865758,-124.210907,123.053909,-312.932983
8.23890558,-124.460815,122.922241,-312.837097
8.24915258,-124.530304,122.709503,-312.771942
8.25940058,-124.771179,122.235611,-312.980957
8.26964958,-125.284363,122.191528,-312.867798
8.27989758,-125.500519,121.824081,-313.105286
8.29014713,-125.605316,121.806549,-312.847839
8.30039513,-125.60997,121.342972,-312.885864
8.31064313,-126.017746,121.35199,-312.98877
8.32089113,-126.229233,120.848572,-312.798157
8.33113913,-126.528625,120.67363,-312.983704
8.34138713,-126.6716,120.352936,-313.076599
8.35163513,-127.092346,119.970367,-312.881104
8.36188213,-127.139404,119.54538,-313.080994
8.37212813,-127.334305,119.168686,-313.011566
8.38237513,-127.527527,119.089279,-312.897644
8.39262313,-127.849869,118.752197,-312.760925
8.40287013,-128.019592,118.265701,-312.628235
8.41311713,-128.335007,118.057877,-312.610382
8.42336513,-128.373398,117.59906,-312.812378
8.43361213,-128.620438,117.343811,-312.742828
8.44385913,-128.829208,117.148483,-313.062592
8.45410613,-128.911957,116.780197,-312.505798
8.46435213,-129.115845,116.759415,-312.767609
8.47459813,-129.340469,116.651138,-312.816986
8.48484613,-129.41687,116.421829,-312.267761
8.49509313,-129.726898,116.387482,-312.653412
8.50534113,-129.897293,116.071014,-312.721313
8.51558913,-130.309769,115.81366,-312.383545
8.52583613,-130.640945,115.404984,-312.497742
8.53608313,-130.6866,115.106644,-312.217957
8.54633113,-130.878326,114.814484,-312.495483
8.55657913,-131.029419,114.409546,-312.061554
8.56682613,-131.265961,113.934067,-312.427185
8.57707313,-131.144836,113.876114,-312.42099
8.58732113,-131.115494,113.644684,-312.190063
8.59756813,-131.159729,113.411224,-312.325165
8.60781513,-131.151535,113.249283,-312.690552
8.61806313,-131.07193,113.203873,-312.320435
8.62831113,-131.090851,112.659683,-312.400391
8.63855813,-131.075241,112.619812,-312.4039
8.64880613,-131.082932,112.247955,-312.457458
8.65905413,-131.192444,111.974136,-312.486053
8.66930113,-131.275742,111.844482,-312.205688
8.67954913,-131.366974,111.568161,-312.437988
8.68979713,-131.680557,111.531342,-312.406586
8.70004513,-131.381744,111.195633,-312.248962
8.71029313,-131.662552,111.440628,-312.352142
8.72054013,-131.414734,111.03891,-312.168701
8.73078813,-131.843765,110.942505,-312.366089
8.74103613,-131.443542,110.716141,-312.038544
8.75128412,-131.533401,110.700272,-312.911102
8.76153213,-131.222351,110.293808,-312.201904
8.77178013,-131.408615,110.331802,-312.135193
8.78202713,-131.478073,110.01358,-312.214386
8.79227513,-131.380127,110.320404,-312.291595
8.80252313,-131.333893,110.320282,-312.103027
8.81277013,-131.532578,110.680374,-312.362549
8.82301713,-131.678879,110.369858,-312.254822
8.83326413,-131.849411,110.394745,-312.149048
8.84351213,-131.800171,110.346161,-312.008118
8.85376013,-131.766403,110.189926,-311.983154
8.86400813,-131.700729,109.863708,-312.225891
8.87425713,-131.452118,109.803192,-311.486603
8.88450513,-131.509354,109.581512,-311.742188
8.89475313,-131.384979,109.472626,-311.740356
8.90500113,-131.419724,109.360474,-311.922485
8.91524913,-131.29007,109.243912,-311.814026
8.92549713,-131.367508,109.396027,-311.566833
8.93574513,-131.461624,109.394577,-312.083191
8.94599313,-131.397827,109.336517,-311.973755
8.95624213,-131.079041,109.181229,-311.841003
8.96649013,-130.969803,109.362091,-311.773773
8.97673712,-130.966568,109.283142,-312.118469
8.98698513,-130.693115,109.428177,-312.035431
8.99723213,-130.788086,109.266495,-312.222717
9.00748013,-130.690948,109.183731,-311.980774
9.01772713,-130.793808,109.079071,-312.142273
9.02797513,-130.778961,108.864044,-312.130096
9.03822413,-130.893356,109.202942,-312.389496
9.04847213,-130.941132,108.995499,-312.286621
9.05872013,-130.972839,109.03334,-312.210693
9.06896813,-131.028885,109.114731,-312.162842
9.07921613,-131.222809,108.863724,-312.407013
9.08946413,-131.10907,108.93013,-312.010956
9.09971213,-131.157928,108.856461,-312.159546
9.10996013,-131.214233,108.735672,-311.915466
9.12020813,-131.01413,108.703979,-312.40741
9.13045613,-131.549255,108.74617,-311.817627
9.14070413,-131.275375,108.567947,-311.970673
9.15095213,-131.353424,108.478439,-311.968597
9.16120013,-131.437805,108.131714,-312.269287
9.17144913,-131.621857,108.452927,-311.851318
9.18169713,-131.719772,108.166763,-311.910034
9.19194513,-132.001221,107.84761,-312.049438
9.20219313,-131.86113,107.859558,-311.854858
9.21244113,-131.951752,107.704224,-311.839142
9.22268913,-132.033218,107.51709,-312.11557
9.23293713,-132.336807,107.350006,-311.615479
9.24318513,-132.176712,107.314697,-311.900818
9.25343313,-132.223557,107.346924,-311.960022
9.26368013,-132.276016,107.135406,-311.920441
9.27392813,-132.266342,106.958023,-311.931396
9.28417613,-132.279785,107.009125,-312.147461
9.29442346,-132.365417,106.956299,-311.685333
9.30467246,-132.293961,107.087738,-311.823181
9.31492046,-132.296295,106.630432,-311.480408
9.32516846,-132.13121,106.654984,-311.732147
9.33541646,-132.419525,106.309875,-311.813293
9.34566446,-132.504242,106.48114,-311.990417
9.35591246,-132.42691,106.204193,-311.843323
9.36615946,-132.435944,106.192535,-311.979126
9.37640646,-132.403503,106.093567,-311.656738
9.38665446,-132.280304,105.973221,-311.585327
9.39690146,-132.476212,105.916245,-311.407898
9.40714946,-132.444916,105.653839,-311.37384
9.41739746,-132.484131,105.586395,-311.696838
9.42764546,-132.603043,105.302948,-311.43631
9.43789446,-132.811386,104.911087,-311.600647
9.44814246,-132.34668,104.749527,-311.391968
9.45839046,-132.282608,104.68866,-311.42218
9.46863846,-132.211197,104.520523,-311.670349
9.47888646,-131.939301,104.583679,-311.572571
9.48913546,-131.921051,104.580109,-311.480927
9.49938346,-131.784332,104.620682,-311.919891
9.50963146,-131.799332,104.863022,-311.722046
9.51987946,-131.689682,104.670853,-311.708984
9.53012746,-131.77951,104.756821,-311.668945
9.54037446,-131.514893,104.65889,-311.815399
9.55062246,-131.495575,104.956146,-311.722778
9.56086846,-131.669479,104.611511,-312.171753
9.57111646,-131.843445,104.657288,-311.949921
9.58136346,-131.527283,104.610809,-311.90918
9.59161146,-131.924606,104.505936,-311.787537
9.60185946,-131.685089,104.303314,-311.965637
9.61210846,-131.91124,104.509796,-311.885254
9.62235646,-131.719604,104.423416,-311.8526
9.63260346,-131.982895,104.595047,-311.583008
9.64285046,-131.985764,104.642776,-311.682831
9.65309846,-132.126556,104.789246,-311.862305
9.66334646,-131.992264,104.692993,-311.42215
9.67359346,-132.194199,104.832672,-311.872314
9.68384146,-132.171829,104.963608,-311.840637
9.69408946,-132.033035,104.85495,-311.742096
9.70433646,-132.055832,104.619446,-311.72818
9.71458346,-132.076416,104.929565,-311.728882
9.72483146,-131.813538,104.823334,-311.902832
9.73507846,-131.894943,104.839172,-312.25415
9.74532646,-132.10788,104.7957,-311.988159
9.75557446,-131.981354,104.637985,-311.734192
9.76582146,-131.848465,104.666061,-311.810608
9.77606946,-132.17392,104.500977,-311.914917
9.78631646,-132.240524,104.363846,-311.578491
9.79656446,-132.448959,104.269684,-311.634216
9.80681246,-132.338943,104.144699,-311.819031
9.81706046,-132.36795,104.09407,-311.710449
9.82730846,-132.337601,104.071442,-311.398743
9.83755646,-132.423187,103.987183,-311.655487
9.84780346,-132.344208,103.833557,-311.417603
9.85805146,-132.373795,103.613724,-311.33316
9.86829946,-132.088928,103.556946,-311.47049
9.87854646,-131.815186,103.265671,-311.690826
9.88879446,-131.92897,103.085678,-312.009033
9.89904146,-131.439697,103.004135,-311.856537
9.90928946,-131.38092,102.929581,-312.054565
9.91953746,-131.292709,102.607574,-311.863068
9.92978546,-131.675339,102.764206,-311.625732
9.94003246,-131.81218,102.644348,-311.848145
9.95028046,-131.886658,102.916885,-311.51947
9.96052946,-132.035522,102.620621,-311.395508
9.97077646,-132.283981,102.860046,-311.785889
9.98102446,-132.14183,102.934738,-311.786987
9.99127246,-132.325562,103.070694,-311.430115
10.0015205,-132.457657,102.961517,-311.428314
10.0117695,-132.732498,103.316971,-311.369934
10.0220175,-132.719513,103.061432,-311.427277
10.0322665,-132.919235,103.069702,-311.140503
10.0425155,-132.871643,102.864288,-311.243378
10.0527635,-133.208038,102.822906,-310.840393
10.0630105,-133.312363,102.472183,-310.907959
10.0732585,-133.260422,102.423782,-310.560791
10.0835065,-133.26442,102.328278,-310.64679
10.0937555,-133.138657,102.297745,-310.471558
10.1040035,-133.39357,102.216309,-310.469574
10.1142525,-133.367569,102.230515,-310.651123
10.1245005,-133.364563,102.334793,-310.380951
10.1347485,-133.393463,102.406174,-310.634705
10.1449965,-133.423859,102.203598,-310.572449
10.1552445,-133.684235,101.987991,-310.237183
10.1654935,-133.553345,102.001572,-310.16156
10.1757405,-133.565689,102.097153,-310.163849
10.1859885,-133.510132,102.370651,-310.42981
10.1962355,-133.34436,102.764587,-310.558075
10.2064835,-133.089447,102.740875,-310.502869
10.2167315,-133.050217,103.062408,-310.579102
10.2269795,-133.065475,103.208435,-310.244171
10.2372285,-133.095016,103.241714,-310.784729
10.2474765,-133.066574,103.238632,-310.71051
10.2577255,-133.092087,103.317734,-311.038574
10.2679745,-133.311035,103.320099,-310.862427
10.2782235,-133.103378,103.463058,-310.636627
10.2884723,-133.521927,103.536163,-310.457123
10.2987203,-133.461014,103.487671,-310.807434
10.3089673,-133.598831,103.77536,-310.531372
10.3192153,-133.39827,103.851242,-310.707214
10.3294633,-133.667419,103.707138,-310.355164
10.3397113,-133.694977,103.704193,-310.563171
10.3499603,-133.630066,103.757858,-310.569458
10.3602083,-133.536377,103.806778,-310.595093
10.3704563,-133.533035,103.855225,-310.625305
10.3807043,-133.562164,103.757858,-310.659851
10.3909523,-133.52739,103.909821,-310.230835
10.4012013,-133.521515,103.664185,-310.508881
10.4114503,-133.527893,103.831085,-310.618652
10.4216983,-133.29541,103.921631,-310.29657
10.4319473,-133.329269,103.85878,-310.793884
10.4421953,-133.284836,103.791412,-310.947357
10.4524433,-133.307129,103.731384,-310.924133
10.4626913,-133.051315,103.8508,-310.933167
10.4729393,-132.965546,103.764725,-311.028564
10.4831873,-132.921936,103.678055,-310.854675
10.4934353,-133.140503,103.576202,-310.962891
10.5036823,-133.21666,103.350311,-310.851471
10.5139313,-133.237808,103.320282,-310.845703
10.5241793,-133.17305,103.223984,-310.782074
10.5344273,-132.965515,102.911606,-310.757782
10.5446763,-133.102798,102.822693,-310.621094
10.5549243,-133.144821,102.800095,-310.981445
10.5651723,-132.966858,102.597565,-310.970764
10.5754203,-133.164352,102.223846,-311.11322
10.5856693,-133.075592,102.167526,-311.116943
10.5959183,-132.864029,102.190231,-311.022278
10.6061673,-132.760864,101.993393,-310.764343
10.6164163,-132.711365,101.869354,-311.034912
10.6266643,-132.973099,101.766891,-310.637268
10.6369133,-132.867355,101.639938,-310.682068
10.6471613,-132.480911,101.591415,-310.98114
10.6574103,-132.676178,101.751007,-311.053284
10.6676583,-132.836319,101.376114,-310.767487
10.6779073,-132.726822,101.431213,-310.648682
10.6881563,-132.645508,101.318542,-310.96106
10.6984043,-132.747452,101.095062,-311.068146
10.7086523,-132.664368,100.990295,-310.636536
10.7189013,-132.466003,100.767303,-310.899353
10.7291493,-132.573929,100.556839,-310.699066
10.7393983,-132.277496,100.149399,-310.627533
10.7496473,-132.304932,99.9327698,-310.693115
10.7598963,-132.034805,99.4993134,-311.007202
10.7701443,-132.109161,99.4363861,-310.806427
10.7803923,-131.888351,99.4234619,-310.558594
10.7906403,-131.905106,99.2376404,-310.764221
10.8008893,-131.651154,99.2629089,-310.676392
10.8111373,-131.774719,99.1053314,-310.824738
10.8213853,-131.482956,99.0980682,-310.773376
10.8316333,-131.391022,99.0601501,-310.601379
10.8418813,-131.468338,99.2844391,-310.927368
10.8521303,-131.488724,99.1065826,-310.868134
10.8623783,-131.365204,98.8574677,-310.652283
10.8726263,-131.361603,98.9501038,-310.733582
10.8828753,-131.027023,98.764389,-310.915894
10.8931233,-131.152771,98.7489624,-310.752655
10.9033713,-131.310059,98.5537109,-310.664001
10.9136193,-131.325562,98.3630524,-310.673615
10.9238673,-131.359924,98.2815857,-310.896851
10.9341153,-131.324493,98.2299042,-310.71814
10.9443633,-131.402084,98.2537842,-310.490662
10.9546103,-131.383667,98.307724,-310.776917
10.9648583,-131.440857,98.3027954,-310.523743
10.9751063,-131.606674,98.402298,-310.471985
10.9853543,-131.459213,98.3612366,-310.577087
10.9956023,-131.302032,98.2899933,-310.73407
11.0058493,-131.478699,98.1493225,-310.596802
11.0160973,-131.479477,98.0160065,-310.676758
11.0263453,-131.548401,98.2188568,-310.581787
11.0365923,-131.749954,98.0445251,-310.676636
11.0468403,-131.591278,98.1304779,-310.912903
11.0570883,-131.440338,98.0636292,-310.84964
11.0673363,-131.282578,98.0342255,-310.534637
11.0775833,-131.301239,98.0632019,-310.421112
11.0878313,-131.35965,97.9471283,-310.447449
11.0980793,-131.416489,97.6899567,-310.850983
11.1083273,-131.415848,97.8165588,-310.349792
11.1185763,-131.37001,97.7203064,-310.35379
11.1288253,-131.499649,97.6582184,-310.31839
11.1390733,-131.250656,97.3855591,-310.585114
11.1493223,-131.541306,97.2799072,-310.259583
11.1595713,-131.329758,97.046936,-310.396149
11.1698203,-131.551285,96.8118286,-310.206238
11.1800683,-131.203262,96.5764771,-310.237915
11.1903163,-131.489853,96.136734,-310.354675
11.2005643,-131.311874,96.0224457,-309.826599
11.2108133,-131.54921,95.7306976,-310.030884
11.2210613,-131.492599,95.3812256,-309.858826
11.2313093,-131.687668,95.1869812,-309.745544
11.2415583,-131.882416,94.9444427,-309.409302
11.2518073,-131.943649,94.9632111,-309.595795
11.2620553,-131.817078,94.8982544,-309.466858
11.2723043,-131.786758,95.0394745,-309.552917
11.2825523,-131.922165,94.9752808,-309.418579
11.2928002,-131.904541,94.9816284,-309.415894
11.3030492,-132.023117,95.0521698,-309.572937
11.3132962,-132.025253,95.0084686,-309.433594
11.3235442,-132.291183,94.923996,-309.495178
11.3337922,-132.467377,94.8118286,-309.097412
11.3440402,-132.614166,94.8961182,-308.950317
11.3542882,-132.743103,94.7571259,-309.001495
11.3645362,-132.621124,94.8379822,-308.751404
11.3747842,-132.883728,94.8017578,-308.673248
11.3850322,-132.679413,94.5622253,-308.774597
11.3952802,-132.761948,94.7666626,-308.905792
11.4055292,-132.865341,94.5745087,-308.797974
11.4157782,-132.775116,94.6757507,-308.905182
11.4260262,-132.637024,94.5536346,-308.557434
11.4362742,-132.70668,94.4088135,-308.911713
11.4465222,-132.820969,94.4833069,-308.781677
11.4567692,-132.831589,94.4859314,-308.910889
11.4670172,-132.725861,94.2977753,-308.743286
11.4772662,-132.78006,94.3167419,-308.636475
11.4875152,-132.903259,94.28685,-308.416565
11.4977632,-132.767883,94.1363373,-308.659363
11.5080122,-132.958084,94.2895813,-308.599213
11.5182612,-132.879913,94.1805725,-308.714417
11.5285092,-132.986984,94.2937469,-308.628754
11.5387582,-132.834961,94.445816,-308.665405
11.5490062,-133.046707,94.5072327,-308.514099
11.5592532,-132.818008,94.5213165,-308.598511
11.5695012,-132.732605,94.4782867,-308.314514
11.5797492,-132.827118,94.4533539,-308.919983
11.5899962,-133.099182,94.6316528,-308.590576
11.6002442,-132.668945,94.3106689,-308.736938
11.6104912,-132.87413,94.0610657,-308.488403
11.6207392,-132.656387,93.9237823,-308.524231
11.6309872,-132.904343,93.7846222,-308.525269
11.6412362,-132.850967,93.5683289,-308.188995
11.6514842,-132.933273,93.390274,-307.879242
11.6617332,-132.971069,93.3538055,-307.958191
11.6719822,-133.039322,93.3057098,-307.730042
11.6822302,-133.024429,93.2727356,-308.222107
11.6924792,-133.214981,92.9970093,-307.718781
11.7027272,-133.115906,93.0098419,-307.978027
11.7129752,-133.000839,92.8721313,-307.534424
11.7232232,-132.96524,92.6348267,-307.888336
11.7334712,-132.899353,92.7428589,-307.92514
11.7437192,-132.689697,92.6359863,-307.97168
11.7539672,-132.769058,92.2432098,-307.748474
11.7642142,-132.627777,92.1761932,-307.617188
11.7744632,-132.640396,92.0725555,-307.825623
11.7847102,-132.588455,92.0820465,-307.753845
11.7949592,-132.536728,91.8603516,-307.84552
11.8052082,-132.435165,92.1323395,-307.794128
11.8154562,-132.479019,91.7955475,-307.88385
11.8257052,-132.261414,91.9796143,-307.741791
11.8359532,-132.306152,91.4540863,-307.667542
11.8462012,-132.377548,91.5074921,-307.413391
11.8564492,-132.15657,91.6282654,-307.583313
11.8666972,-131.99324,91.4453888,-307.475006
11.8769462,-131.967331,91.1397247,-308.012878
11.8871962,-131.88533,91.2741089,-307.610138
11.8974442,-131.805038,91.2215881,-307.799744
11.9076932,-131.676117,91.3374481,-307.851868
11.9179422,-131.664886,91.2659607,-307.877136
11.9281902,-131.338867,91.1537323,-307.945404
11.9384392,-131.150421,91.2540741,-308.171631
11.9486872,-131.429138,91.0610199,-308.027771
11.9589362,-131.178436,90.8830414,-308.252625
11.9691842,-131.245789,90.7241974,-307.805908
11.9794322,-131.068405,90.6190186,-308.027893
11.9896812,-131.293091,90.5876617,-308.050903
11.9999292,-131.036194,90.3390961,-307.937408
12.0101772,-131.323669,90.3152618,-308.08728
12.0204242,-131.074966,90.2254486,-307.695312
12.0306722,-131.048126,90.2929993,-307.842468
12.0409202,-130.867203,90.0696564,-307.32489
12.0511672,-130.932465,89.9694519,-307.488464
12.0614162,-130.962082,89.8759766,-307.901459
12.0716632,-130.870163,89.4414978,-307.848755
12.0819112,-130.946533,89.2847748,-307.634949
12.0921582,-130.598343,89.3279724,-307.570465
12.1024052,-130.750137,89.2698364,-307.525024
12.1126522,-130.752518,88.9428864,-307.617371
12.1228992,-130.615143,88.8630371,-307.640442
12.1331472,-130.413971,88.9221344,-307.499146
12.1433952,-130.312454,88.7641602,-307.53949
12.1536432,-130.296432,88.6748962,-307.627716
12.1638902,-130.28952,88.5956726,-307.538879
12.1741382,-130.002869,88.5167694,-307.689056
12.1843852,-130.104782,88.3835449,-307.518677
12.1946332,-129.976761,88.5208893,-307.571564
12.2048812,-129.920685,88.321579,-307.650635
12.2151292,-130.031342,88.1153564,-307.545441
12.2253772,-129.997284,87.8601379,-307.405304
12.2356252,-129.934387,87.9801483,-307.264069
12.2458732,-129.72113,88.0018921,-307.212921
12.2561212,-129.601593,87.9798889,-307.475891
12.2663682,-129.433319,87.9784088,-307.117554
12.2766162,-129.229782,87.9095306,-307.5466
12.2868622,-129.171143,87.6573181,-307.418579
12.2971097,-129.051971,87.4739532,-307.275085
12.3073567,-128.895859,87.2787018,-307.259369
12.3176027,-128.884964,87.2409515,-307.695831
12.3278497,-128.959656,86.8109283,-307.359283
12.3380957,-128.380264,86.8638916,-307.313446
12.3483417,-128.530121,86.6439514,-307.399139
12.3585887,-128.202545,86.7749481,-307.428284
12.3688347,-128.040527,86.6042023,-307.643097
12.3790817,-127.773163,86.4785156,-307.559021
12.3893287,-127.726166,86.5622253,-307.552307
12.3995757,-127.199921,86.3777771,-307.669556
12.4098227,-127.221558,86.1632843,-307.59375
12.4200687,-126.840851,85.9394531,-307.739868
12.4303157,-126.907928,85.9087982,-307.53064
12.4405627,-126.661423,85.5753784,-307.665344
12.4508097,-126.538895,85.5005188,-307.668701
12.4610567,-126.269455,85.2447052,-307.536011
12.4713037,-125.989944,85.0294037,-307.742126
12.4815507,-125.978119,84.7227936,-307.486053
12.4917977,-125.763458,84.6731873,-307.338257
12.5020457,-125.33168,84.4020081,-307.209412
12.5122937,-125.040863,84.1536255,-307.474304
12.5225417,-124.99472,83.6198883,-307.53064
12.5327897,-124.461258,83.3525543,-306.879211
12.5430377,-124.230682,83.021347,-307.372162
12.5532857,-123.919205,82.9022675,-307.300598
12.5635337,-123.463333,82.6955719,-307.130554
12.5737817,-123.045456,82.5837708,-307.118774
12.5840287,-122.785492,82.5834351,-307.30484
12.5942757,-122.322403,82.1270142,-307.012817
12.6045217,-121.727737,81.9532776,-307.109619
12.6147687,-121.435455,81.7165222,-307.356445
12.6250157,-120.643356,81.6570892,-307.058441
12.6352637,-120.407196,81.3005219,-307.238373
12.6455107,-120.017914,80.9985962,-307.001404
12.6557577,-119.482162,81.0267181,-307.025208
12.6660047,-119.050308,80.5646973,-307.038391
12.6762517,-118.567413,80.5053558,-307.104248
12.6864997,-118.219757,80.2310181,-306.808472
12.6967477,-117.677139,80.1794281,-306.865234
12.7069957,-117.17894,79.7848663,-306.880859
12.7172437,-116.639923,79.8756256,-306.847107
12.7274907,-116.048904,79.6995697,-306.918304
12.7377387,-115.514191,79.6046753,-306.874634
12.7479857,-115.022461,79.293808,-306.589417
12.7582337,-114.238724,79.4004211,-306.974274
12.7684807,-113.842987,79.2227325,-306.974792
12.7787287,-113.206329,79.2958832,-307.046143
12.7889757,-112.862991,79.1305084,-307.247009
12.7992237,-112.160782,79.3492584,-307.451172
12.8094717,-111.833847,79.0885315,-307.067993
12.8197197,-111.20665,79.3429565,-307.184875
12.8299667,-110.99437,79.3576508,-307.311584
12.8402147,-110.521179,79.5167847,-307.412537
12.8504627,-110.126312,79.586319,-307.296356
12.8607097,-109.681412,79.6997528,-307.375305
12.8709577,-109.140396,79.6970673,-307.416138
12.8812057,-108.713333,79.6898651,-307.385437
12.8914537,-108.573807,79.7983246,-307.51297
12.9017017,-108.054733,79.7740479,-307.497833
12.9119497,-107.835281,79.5713348,-307.566437
12.9221987,-107.591797,79.5593109,-307.327148
12.9324467,-107.144562,79.8358612,-307.547119
12.9426937,-106.700562,79.9475708,-307.452637
12.9529427,-106.518539,79.8041534,-306.989075
12.9631907,-106.009125,79.6918793,-306.854156
12.9734387,-105.755692,79.8336029,-306.922241
12.9836867,-105.336304,79.6955566,-306.692444
12.9939347,-105.004242,79.7618866,-306.871796
13.0041827,-104.635803,80.0951996,-306.512939
13.0144307,-104.363525,79.8824158,-306.952454
13.0246777,-103.979691,80.026825,-306.981903
13.0349247,-103.595581,79.9856567,-306.940704
13.0451727,-103.356781,80.2729187,-306.828461
13.0554207,-102.941727,80.2517853,-307.024231
13.0656687,-102.682327,80.4478607,-307.086761
13.0759157,-102.427277,80.6136627,-307.048676
13.0861637,-102.319214,80.5974731,-307.079285
13.0964117,-102.091202,80.7509308,-307.171692
13.1066597,-101.980423,80.8278503,-307.025391
13.1169077,-101.480972,80.958313,-307.208282
13.1271557,-101.55278,80.8416595,-306.987152
13.1374037,-101.057251,81.0409393,-307.080811
13.1476517,-101.115906,80.8923492,-307.095917
13.1578997,-101.022827,81.257782,-307.529846
13.1681487,-101.014542,81.2498627,-307.346527
13.1783967,-100.752075,81.4074707,-307.394775
13.1886437,-100.64711,81.2676239,-307.431396
13.1988917,-100.456238,81.5581818,-307.338257
13.2091407,-100.144989,81.4725189,-307.370728
13.2193887,-99.8679352,81.8744202,-307.70636
13.2296377,-99.672348,81.5832825,-307.400269
13.2398857,-99.3890686,82.0342712,-307.356506
13.2501337,-99.3200836,81.7910309,-307.372375
13.2603817,-99.1420746,81.9925385,-307.251282
13.2706297,-98.9134521,81.9350281,-307.082001
13.2808767,-98.7074738,81.9269104,-306.941833
13.2911246,-98.5971222,82.0764923,-307.293579
13.3013716,-98.5233612,82.2346649,-307.261475
13.3116186,-98.444809,82.1880493,-306.609253
13.3218666,-98.3074493,82.3123016,-307.172302
13.3321136,-98.4713898,82.2852631,-306.957245
13.3423616,-98.5626984,82.4468231,-307.545502
13.3526106,-98.5177002,82.4534912,-306.937012
13.3628586,-98.4103851,82.4083862,-307.000671
13.3731076,-98.0914307,82.7436829,-307.38681
13.3833556,-98.0141296,82.8623199,-307.335083
13.3936036,-97.990509,82.7233429,-306.958679
13.4038516,-98.0592651,82.7613068,-307.390503
13.4141006,-97.9098511,82.9175415,-307.433472
13.4243486,-98.0163879,83.0198212,-307.417725
13.4345966,-98.09198,82.9069519,-307.42215
13.4448456,-97.9213867,82.9604187,-307.34613
13.4550936,-98.0227661,83.2094116,-307.349823
13.4653416,-97.7683258,83.437912,-307.417358
13.4755896,-97.6983185,83.4078369,-307.423767
13.4858376,-97.5783386,83.5396576,-307.416473
13.4960856,-97.7611694,83.4158325,-307.661926
13.5063336,-97.8197479,83.8061066,-307.434937
13.5165816,-97.7203827,83.9550629,-307.310486
13.5268296,-97.7654266,83.5383606,-307.472443
13.5370776,-97.7846222,83.6421814,-307.588013
13.5473256,-97.9379578,83.5379944,-307.42157
13.5575736,-97.8323364,83.8332214,-307.594299
13.5678216,-98.0917053,83.8153992,-307.532013
13.5780696,-97.9676208,84.1245575,-307.703613
13.5883176,-97.91185,83.9239349,-307.691711
13.5985656,-97.8252563,84.0550995,-307.808838
13.6088136,-98.109436,83.9372711,-307.744751
13.6190626,-98.0224152,84.2451019,-307.980194
13.6293096,-98.0271912,83.9595795,-307.695557
13.6395566,-98.2280731,84.1591644,-307.63208
13.6498046,-98.0403595,84.1329041,-307.725342
13.6600526,-97.8512115,84.3956757,-307.662964
13.6702996,-97.8258209,84.2396698,-307.836792
13.6805476,-97.8055725,84.4192963,-307.864258
13.6907946,-97.7568359,84.3071747,-307.677032
13.7010426,-97.5960999,84.2995605,-307.949341
13.7112906,-97.6762695,84.4088898,-307.712891
13.7215386,-97.6137543,84.2562866,-307.779236
13.7317866,-97.832428,84.2288666,-307.493439
13.7420346,-97.8067627,84.3115082,-307.699036
13.7522826,-97.9591827,84.1996765,-307.388794
13.7625306,-98.0449982,83.9739075,-307.434174
13.7727786,-98.2382355,84.0578613,-307.539673
13.7830246,-98.1103821,84.2948456,-307.474823
13.7932726,-98.2839661,84.1041718,-307.344482
13.8035206,-98.2470703,84.1855164,-307.418579
13.8137676,-98.3748169,83.9816437,-307.169983
13.8240156,-98.300293,83.9781952,-307.129456
13.8342636,-98.3764648,83.6773376,-306.954407
13.8445116,-98.3940887,83.5675964,-306.581238
13.8547596,-98.2821503,83.7411652,-307.079346
13.8650066,-98.4849396,83.3637848,-306.61615
13.8752546,-98.4503021,83.308075,-306.323914
13.8855036,-98.5421143,83.2415619,-306.548035
13.8957516,-98.8307495,83.2639313,-306.709595
13.9059996,-98.9821167,83.2390594,-306.516937
13.9162486,-99.0719757,83.3188477,-306.439941
13.9264956,-99.1863708,83.1595154,-306.591827
13.9367436,-99.3097534,83.2625275,-306.559418
13.9469926,-99.3386078,83.4189606,-306.512329
13.9572406,-99.175415,83.5968323,-306.640869
13.9674886,-99.5043488,83.380127,-306.604309
13.9777356,-99.5674286,83.5247498,-306.839172
13.9879846,-99.5703583,83.6939392,-306.49472
13.9982316,-99.6656647,83.6027069,-306.401245
14.0084796,-99.6670837,83.5449982,-306.486877
14.0187276,-99.7470856,83.5866852,-306.301453
14.0289746,-99.7904816,83.6630096,-306.251678
14.0392216,-100.060043,83.522049,-306.287048
14.0494696,-100.093903,83.5602264,-306.195496
14.0597176,-100.149338,83.3616943,-306.128387
14.0699646,-100.26915,83.4367065,-305.980164
14.0802116,-100.174286,83.6227264,-306.036682
14.0904596,-100.262375,83.625061,-305.621216
14.1007076,-100.043762,83.5341492,-305.941895
14.1109546,-100.052643,83.6798248,-305.737671
14.1212026,-99.8903351,83.6966553,-305.902405
14.1314496,-99.9657288,83.8339691,-305.744751
14.1416976,-99.7339325,83.8157196,-305.648682
14.1519456,-100.032867,83.7302704,-305.532257
14.1621936,-99.8374939,83.9787292,-306.297363
14.1724416,-99.8403473,84.0240631,-305.953949
14.1826906,-99.6182098,84.3699341,-306.053162
14.1929376,-99.4776764,84.2900848,-306.065857
14.2031856,-99.604126,84.451828,-306.054016
14.2134346,-99.3000031,84.6799774,-305.926971
14.2236826,-99.3145905,84.7366028,-306.023956
14.2339296,-99.1833649,84.8906097,-305.903015
14.2441776,-99.2657013,84.9559326,-305.882568
14.2544256,-99.1825256,84.973938,-306.035645
14.2646726,-98.8513641,85.2397308,-305.818512
14.2749206,-99.0343475,85.1182861,-305.669464
14.2851686,-98.9156189,85.279007,-305.827271
14.2954155,-98.8247833,85.2927856,-305.921539
14.3056625,-99.0142212,85.4369354,-306.094299
14.3159105,-98.9607544,85.5000916,-306.128387
14.3261585,-99.301239,85.2793427,-306.009247
14.3364065,-99.0798492,85.5507202,-306.181152
14.3466545,-99.3732147,85.4766083,-306.101074
14.3569025,-99.3516541,85.7651215,-306.180908
14.3671495,-99.307373,85.5635834,-306.216644
14.3773975,-99.1880493,85.7232361,-305.977356
14.3876455,-99.0976105,85.6008148,-306.036011
14.3978935,-99.1571655,85.6038818,-305.670654
14.4081415,-99.1491852,85.8273315,-305.756073
14.4183905,-98.9687653,85.825592,-305.719299
14.4286405,-99.1296082,85.6986084,-306.044128
14.4388885,-99.2255554,85.9020386,-305.832306
14.4491365,-99.2988129,85.9248657,-305.584839
14.4593845,-99.2015228,85.9118652,-305.596954
14.4696325,-99.5905914,86.1989441,-305.823914
14.4798795,-99.4554138,86.3322144,-305.877075
14.4901275,-99.7969055,86.5046539,-306.148499
14.5003745,-99.4496765,86.6118469,-306.402832
14.5106215,-99.7277527,86.6341095,-306.245728
14.5208695,-99.5441132,86.5334015,-306.01593
14.5311175,-99.6539612,86.3263092,-305.606201
14.5413645,-99.5889893,86.154541,-306.000732
14.5516115,-99.4510803,85.9312744,-305.365784
14.5618595,-99.2876892,85.9832153,-305.260681
14.5721075,-99.3188782,85.8244171,-305.217834
14.5823555,-99.2758179,85.8603363,-305.331116
14.5926035,-99.2372742,85.8670197,-305.22229
14.6028515,-99.4623413,85.6953735,-304.997437
14.6130995,-99.3181458,85.6567841,-305.305664
14.6233475,-99.576767,85.6231537,-305.066864
14.6335945,-99.34375,85.7003021,-305.073303
14.6438425,-99.243927,85.615509,-304.998627
14.6540905,-99.3948669,85.414978,-304.789368
14.6643375,-99.4313354,85.4171753,-304.691223
14.6745855,-99.5077515,85.267868,-304.568542
14.6848325,-99.9709167,85.1208801,-304.454468
14.6950805,-100.03038,85.0835266,-304.75415
14.7053285,-100.291992,85.1889801,-304.401917
14.7155755,-100.871994,85.0561371,-304.6474
14.7258235,-101.259415,85.1763153,-304.410217
14.7360715,-101.801437,85.3642578,-304.837158
14.7463195,-102.165985,85.0893555,-304.689026
14.7565665,-102.455597,85.6561279,-305.376648
14.7668155,-102.924728,85.5123138,-305.008423
14.7770635,-103.105347,85.4373322,-305.174683
14.7873105,-103.001678,85.3056335,-304.989319
14.7975575,-102.95108,85.2673187,-304.976624
14.8078055,-103.188522,85.1839905,-304.849152
14.8180525,-102.941422,85.287384,-304.645721
14.8282995,-102.999237,84.9132233,-304.627777
14.8385475,-102.712082,85.2372589,-304.70575
14.8487935,-102.665726,85.0233612,-304.394653
14.8590405,-102.545914,85.1605225,-304.244934
14.8692875,-102.448074,85.2146301,-304.237305
14.8795345,-102.351944,85.3644714,-304.604767
14.8897825,-102.45018,85.304184,-304.524597
14.9000305,-102.401718,85.3638306,-304.501892
14.9102785,-102.471558,85.4762268,-304.430664
14.9205255,-102.604599,85.5225067,-304.605774
14.9307725,-102.695663,85.5264435,-304.456909
14.9410195,-102.89386,85.5520172,-304.920013
14.9512675,-102.866623,85.6030579,-304.977722
14.9615155,-103.115158,85.7026825,-304.901917
14.9717625,-102.801041,85.8887787,-304.747253
14.9820105,-102.910538,85.8547668,-304.736694
14.9922585,-102.854874,85.8540344,-304.810364
15.0025045,-103.023438,85.9618225,-304.987427
15.0127525,-102.970581,86.0545807,-304.884521
15.0229995,-102.945679,86.0806885,-304.756714
15.0332465,-102.974319,85.9636078,-304.934845
15.0434935,-102.70076,85.9487457,-305.07016
15.0537415,-102.888809,85.6783752,-304.777344
15.0639895,-102.678436,85.8520508,-305.064392
15.0742365,-102.635788,85.8611298,-304.545593
15.0844835,-102.684799,85.8434601,-304.455872
15.0947305,-102.87735,85.8517914,-304.677582
15.1049785,-102.54213,86.0719757,-304.621094
15.1152255,-102.857986,85.9236603,-304.718903
15.1254725,-103.04277,86.2006683,-304.982056
15.1357205,-102.72403,86.3879395,-304.957092
15.1459685,-103.162415,85.9823761,-304.708527
15.1562165,-103.018661,85.9782562,-304.898529
15.1664635,-103.252167,85.7162018,-305.118347
15.1767115,-102.968781,86.1213837,-304.945374
15.1869585,-103.307983,85.9887695,-305.143646
15.1972065,-103.133789,85.9816284,-304.762268
15.2074545,-103.228989,85.8170776,-304.734192
15.2177015,-103.108612,86.1608429,-304.513794
15.2279485,-103.069839,85.8850861,-304.648346
15.2381955,-103.066879,85.9318695,-304.363159
15.2484425,-103.108521,85.8942108,-304.445129
15.2586905,-103.140213,85.7633209,-304.368469
15.2689375,-103.193283,85.8052673,-304.253662
15.2791855,-103.149811,85.6974182,-304.548218
15.2894345,-102.968567,85.6851654,-304.146912
15.2996805,-102.944702,85.7048035,-304.363586
15.3099275,-102.888092,85.6902466,-303.898926
15.3201745,-102.917099,85.7585602,-304.452332
15.3304215,-102.82753,85.948288,-304.152924
15.3406685,-102.727142,85.8983917,-304.427612
15.3509155,-102.783035,85.5685425,-303.923706
15.3611615,-102.788971,85.8230286,-304.342407
15.3714085,-102.730774,85.9810638,-303.847198
15.3816565,-102.601715,85.8778381,-303.960388
15.3919025,-102.283005,85.7069092,-303.954407
15.4021495,-102.016052,85.8392334,-304.070587
15.4123975,-101.781113,85.7519684,-303.775482
15.4226445,-101.75824,85.8027954,-303.35202
15.4328925,-101.629471,85.6641388,-303.55658
15.4431395,-101.289581,85.5863342,-303.423737
15.4533865,-101.32872,85.5379639,-303.279053
15.4636335,-101.065506,85.6372223,-303.355774
15.4738805,-101.259644,85.0843811,-303.366638
15.4841285,-101.122467,85.1290588,-303.53656
15.4943755,-101.171509,84.8756409,-303.148132
15.5046235,-101.292557,85.0156708,-303.083923
15.5148715,-101.253082,84.7935333,-303.115295
15.5251185,-101.212967,85.0597534,-303.073578
15.5353675,-101.011978,85.1959381,-303.104004
15.5456145,-101.052856,85.0937958,-302.958313
15.5558625,-100.752426,85.3392792,-303.144562
15.5661105,-100.515747,85.3381348,-303.521118
15.5763585,-100.540359,85.4495544,-303.073273
15.5866075,-100.470062,85.4879456,-303.139404
15.5968555,-99.9724274,86.0219574,-303.339844
15.6071035,-100.125839,85.8449402,-303.359131
15.6173515,-99.9864655,85.9936981,-303.153259
15.6275995,-100.146255,85.8179932,-303.33075
15.6378485,-100.084305,85.9477234,-303.183685
15.6480965,-100.034302,86.0532837,-303.608215
15.6583455,-100.221451,86.0942383,-303.280945
15.6685935,-100.184555,86.147995,-303.28891
15.6788425,-100.248535,86.1610413,-303.185852
15.6890905,-100.182953,86.2579041,-303.159607
15.6993375,-100.16098,86.2202606,-303.220032
15.7095865,-100.351135,86.021347,-302.965363
15.7198345,-100.027847,86.164917,-303.079407
15.7300825,-100.042709,86.1549377,-303.105225
15.7403295,-100.069321,86.1098175,-303.186157
15.7505775,-100.121857,86.2280579,-303.148651
15.7608255,-100.039536,86.126358,-303.250916
15.7710745,-99.9205017,86.3713226,-303.016235
15.7813215,-100.142746,86.1085663,-303.191284
15.7915695,-100.166977,86.3401947,-303.282654
15.8018175,-99.9483185,86.4180145,-303.182617
15.8120655,-100.012207,86.2065582,-303.018127
15.8223135,-99.7749786,86.2054443,-303.018463
15.8325615,-99.8593903,86.1369324,-302.973846
15.8428095,-99.8890381,86.0060883,-302.81897
15.8530575,-99.7063599,85.8285675,-302.876495
15.8633055,-99.7035522,85.9118652,-302.80542
15.8735535,-99.7953796,85.7520294,-302.468323
15.8838015,-99.7062988,85.7197418,-302.504456
15.8940495,-99.7504578,85.3079071,-302.631653
15.9042965,-99.7301331,85.2613678,-302.270355
15.9145445,-99.83078,85.0804291,-301.987976
15.9247915,-100.007629,84.6584167,-302.302979
15.9350405,-99.8547363,84.8083344,-302.122467
15.9452875,-99.9084778,84.2987823,-301.385498
15.9555355,-99.8549652,84.3030548,-301.414215
15.9657845,-100.129532,83.7759705,-301.333984
15.9760325,-100.035233,83.862793,-301.290344
15.9862805,-100.245926,83.5362396,-301.316956
15.9965295,-100.295334,83.5111694,-301.200439
16.0067775,-100.499435,83.1805115,-300.948669
16.0170255,-100.315186,83.5020599,-300.960388
16.0272725,-100.542526,83.2111053,-301.037842
16.0375205,-100.651627,83.3665924,-301.124573
16.0477685,-100.613342,83.1174164,-301.152588
16.0580175,-100.799225,83.4217529,-300.877502
16.0682665,-100.828064,83.1943359,-300.620544
16.0785145,-100.934753,83.3191986,-300.827515
16.0887625,-100.945892,83.2666473,-301.063995
16.0990115,-101.022522,83.2316132,-300.765869
16.1092605,-101.327576,83.2923126,-301.125122
16.1195085,-101.439819,83.4452362,-301.062439
16.1297565,-101.576843,83.5863647,-301.148193
16.1400045,-101.647858,83.5871735,-301.236938
16.1502515,-101.818039,83.6693268,-301.292664
16.1605005,-101.867676,83.5260925,-301.1716
16.1707485,-101.78775,83.6823883,-301.057068
16.1809965,-101.654572,83.4966278,-300.768585
16.1912445,-101.659363,83.2775726,-300.890137
16.2014915,-101.602585,83.3690186,-300.86792
16.2117385,-101.521393,83.5496521,-300.888062
16.2219865,-101.402863,83.7341766,-301.414856
16.2322345,-101.284149,83.588501,-301.051025
16.2424825,-101.362213,83.9503326,-301.1763
16.2527315,-100.905167,83.8187714,-301.079529
16.2629785,-101.016876,83.8089142,-301.050873
16.2732265,-100.914246,83.8484192,-301.03125
16.2834735,-100.770325,83.9156189,-301.19455
16.2937209,-100.727005,83.69104,-301.115479
16.3039689,-100.724197,83.8961792,-301.115662
16.3142169,-100.726059,84.0773163,-301.024689
16.3244629,-100.287109,84.1813049,-301.008545
16.3347099,-100.251144,84.1468811,-300.981934
16.3449569,-100.343719,84.0710754,-300.939331
16.3552049,-100.113586,84.3768311,-301.023682
16.3654529,-99.9816742,84.2492981,-301.147125
16.3756999,-99.8491974,84.3505402,-300.963348
16.3859479,-99.8894501,84.1218414,-300.889099
16.3961959,-99.4550171,84.380249,-300.605133
16.4064429,-99.4384918,84.1783447,-300.695862
16.4166909,-99.0635834,84.3849335,-300.719116
16.4269379,-98.733429,84.141922,-300.626343
16.4371859,-98.3740997,84.5267487,-300.499451
16.4474339,-98.5012665,84.1886597,-300.602234
16.4576799,-98.3295593,84.4082947,-300.699615
16.4679269,-98.1680908,84.4519653,-300.319122
16.4781739,-98.0930328,84.5664062,-300.560547
16.4884219,-97.9319611,84.5339813,-300.351349
16.4986699,-97.9990387,84.6026001,-300.62561
16.5089169,-97.8613586,84.8198242,-300.451538
16.5191639,-97.9901276,84.7203522,-300.919312
16.5294109,-97.7500153,84.7984161,-300.45932
16.5396569,-97.7439575,84.7892761,-300.414307
16.5499039,-97.4771118,85.05336,-300.410522
16.5601509,-97.5385742,85.0732727,-300.695007
16.5703979,-97.367569,85.182785,-300.494568
16.5806459,-97.1764679,85.0862427,-300.259918
16.5908939,-96.8751831,85.1316681,-300.326141
16.6011409,-96.747467,85.2434387,-300.509094
16.6113879,-96.468811,85.4416504,-300.287567
16.6216349,-96.2312622,85.4649963,-300.441681
16.6318819,-95.9074097,85.8751678,-300.469971
16.6421289,-95.8668823,86.2207794,-300.608734
16.6523769,-95.5754089,86.2350769,-300.663086
16.6626249,-95.3646851,86.2064056,-300.600006
16.6728719,-95.4164276,86.3038788,-300.601013
16.6831199,-94.9620209,86.5803833,-300.59668
16.6933669,-94.9516907,86.5814209,-300.81311
16.7036139,-94.9797516,86.5626526,-300.721252
16.7138629,-94.9174652,86.6079559,-300.584015
16.7241099,-94.8942108,86.4095612,-300.338867
16.7343579,-94.9005585,86.8642426,-300.80896
16.7446049,-94.703125,86.8991852,-300.517517
16.7548519,-94.5212402,87.0558014,-300.638
16.7650989,-94.2897949,87.1013641,-300.568573
16.7753469,-93.9764404,87.3953094,-300.534546
16.7855949,-93.8855896,87.3175201,-300.708984
16.7958429,-93.6916199,87.4739838,-300.541321
16.8060899,-93.3582458,87.3225708,-300.760498
16.8163379,-93.2406616,87.8464661,-300.623291
16.8265849,-92.8080139,87.7895355,-300.541748
16.8368319,-92.6191406,88.0409088,-300.660736
16.8470789,-92.318924,88.0452576,-300.704529
16.8573269,-92.0557556,88.3064575,-300.7724
16.8675749,-92.0857239,88.4552612,-300.432678
16.8778219,-92.0213623,88.7449036,-300.369263
16.8880709,-91.7895508,88.7656403,-300.637756
16.8983179,-91.5283966,88.7979889,-300.292908
16.9085659,-91.4486389,89.1084442,-300.54541
16.9188139,-91.4855957,89.2657623,-300.64679
16.9290609,-91.3057404,89.3556976,-300.473633
16.9393089,-91.2031555,89.5749817,-300.675598
16.9495559,-90.9152985,89.8591614,-300.554443
16.9598039,-90.692749,90.112381,-300.78833
16.9700509,-90.4285583,90.533844,-300.714478
16.9802989,-90.304184,90.8394928,-300.871277
16.9905469,-89.9413605,91.1372375,-300.618835
17.0007939,-89.7499847,91.2442474,-300.441711
17.0110419,-89.4203796,91.7349701,-300.380493
17.0212889,-89.1217041,92.1389465,-300.730835
17.0315359,-88.9242859,92.2927399,-300.755615
17.0417839,-88.9958038,92.5497742,-300.595551
17.0520319,-88.7895203,92.7672577,-300.825928
17.0622789,-88.6866302,93.1733551,-300.867889
17.0725269,-88.467804,93.3484344,-300.442322
17.0827749,-88.1853333,93.8296509,-300.726044
17.0930239,-88.0642853,94.0876312,-300.790588
17.1032729,-87.7953033,94.2396393,-300.788849
17.1135219,-87.6287231,94.7949066,-300.813721
17.1237699,-87.5194092,95.1537018,-300.520081
17.1340189,-87.5475006,95.4048157,-300.801331
17.1442679,-86.7921143,95.8741455,-300.603882
17.1545159,-86.9645996,96.1421967,-300.500305
17.1647639,-86.7500763,96.2779388,-300.448669
17.1750119,-86.5496216,96.7062531,-300.504028
17.1852599,-86.4305878,96.9299622,-300.347321
17.1955069,-86.3203583,97.5531921,-300.966553
17.2057539,-86.1459808,97.7073975,-300.406372
17.2160019,-86.0405579,97.9547119,-300.15683
17.2262499,-85.8405151,98.2089844,-300.661072
17.2364969,-85.648407,98.8525848,-300.850098
17.2467449,-85.7080994,98.8574677,-300.854736
17.2569919,-85.6539154,99.3775635,-300.391418
17.2672389,-85.5699768,99.5685272,-300.582581
17.2774869,-85.4538422,99.7415924,-300.490997
17.2877339,-85.4661407,100.065399,-300.641052
17.2979827,-85.4392548,100.239594,-300.829285
17.3082307,-85.1916351,100.386673,-300.597992
17.3184777,-85.2424774,100.6745,-300.713867
17.3287257,-85.0410614,100.643997,-300.476349
17.3389727,-84.8477936,100.914566,-300.536774
17.3492207,-85.1648254,100.985672,-300.332642
17.3594687,-84.9639435,101.271896,-300.676147
17.3697157,-84.7164459,101.388641,-300.279572
17.3799627,-84.6733856,101.548553,-300.659912
17.3902107,-84.8782654,101.60704,-300.268005
17.4004577,-84.865036,101.779663,-300.584717
17.4107057,-84.6242981,101.841507,-300.691467
17.4209537,-84.5182648,102.073624,-300.35672
17.4312017,-84.5250549,102.361298,-300.579712
17.4414487,-84.7133179,102.679565,-300.447083
17.4516967,-84.5007935,102.867752,-300.389893
17.4619457,-84.3616791,103.234589,-300.334106
17.4721927,-84.4371033,103.217712,-300.465088
17.4824417,-84.3175354,103.534683,-300.347961
17.4926897,-84.3539734,103.708267,-300.368042
17.5029377,-84.2385864,104.049072,-300.024384
17.5131857,-84.1610413,103.969193,-300.477051
17.5234337,-84.0724945,104.34964,-300.375061
17.5336817,-84.0637207,104.373825,-300.370544
17.5439307,-84.0506592,104.351212,-299.972534
17.5541777,-84.2285004,104.686356,-300.608215
17.5644267,-83.9833069,104.43689,-300.320801
17.5746737,-84.0598602,104.782257,-300.521118
17.5849217,-83.9488678,104.745193,-300.454346
17.5951697,-84.2581329,105.021454,-300.603058
17.6054177,-83.819397,105.231369,-300.394592
17.6156657,-84.0771942,105.466171,-300.76944
17.6259127,-83.8458405,105.552643,-300.388336
17.6361607,-83.952301,106.099075,-300.999939
17.6464077,-83.726532,106.197159,-300.878052
17.6566557,-84.0334625,106.507324,-301.06665
17.6669037,-83.9175568,106.601166,-300.862732
17.6771517,-84.0222931,107.120987,-300.940308
17.6873987,-83.9890137,106.947983,-300.691772
17.6976467,-83.9354553,107.299347,-300.973938
17.7078947,-83.7891693,107.245789,-300.930725
17.7181437,-83.6908569,107.57724,-300.83075
17.7283907,-83.8722839,107.509674,-300.777771
17.7386387,-83.8017883,107.728958,-301.022064
17.7488877,-83.6606445,107.994568,-300.780487
17.7591357,-83.8392334,108.076691,-300.756592
17.7693837,-83.8093719,108.322693,-300.348572
17.7796317,-83.7839966,108.40802,-300.548248
17.7898797,-83.6347198,108.952866,-300.490967
17.8001277,-83.7927094,108.931976,-300.649628
17.8103757,-83.6928711,109.066696,-300.716309
17.8206237,-83.5412445,109.317108,-300.726074
17.8308727,-83.3474274,109.351562,-300.611786
17.8411207,-83.5410004,109.479248,-300.437988
17.8513697,-83.5299835,109.890701,-300.75592
17.8616187,-83.4783783,109.776398,-300.302612
17.8718657,-83.6151123,109.840668,-300.499847
17.8821137,-83.5279388,110.184326,-300.394135
17.8923607,-83.3286438,110.259262,-300.295654
17.9026077,-83.2298737,110.038452,-299.740845
17.9128557,-83.3047638,110.213013,-300.035309
17.9231037,-83.2510986,110.292587,-299.841309
17.9333517,-83.2030029,110.59343,-299.731934
17.9435997,-83.336731,110.567368,-299.847656
17.9538467,-83.3550873,110.755997,-300.029907
17.9640947,-83.3374634,110.647095,-300.232788
17.9743417,-83.4184723,110.862366,-299.951233
17.9845897,-83.3852844,110.859436,-300.058289
17.9948367,-83.3582306,110.963776,-299.817261
18.0050837,-83.5075836,110.672653,-299.873657
18.0153307,-83.467453,111.167603,-300.217773
18.0255777,-83.3453064,110.995529,-300.167542
18.0358257,-83.396225,111.18779,-300.235352
18.0460727,-83.3207703,111.321899,-300.121094
18.0563207,-83.4160309,111.646454,-300.104065
18.0665687,-83.4507751,111.827118,-299.976624
18.0768167,-83.6671448,111.689682,-299.665833
18.0870647,-83.6040802,111.903351,-299.848633
18.0973117,-83.6293793,112.031158,-299.839722
18.1075597,-83.771347,112.027939,-300.022888
18.1178077,-83.8099365,111.8918,-299.777496
18.1280567,-83.7413177,112.016434,-299.770752
18.1383047,-83.7373657,111.831924,-299.924744
18.1485527,-83.9069061,112.031937,-299.681274
18.1588017,-83.7446747,112.24469,-299.861877
18.1690497,-83.7951508,112.251175,-299.341003
18.1792977,-83.7099304,112.376312,-299.528625
18.1895457,-83.9016113,112.445831,-299.33551
18.1997937,-83.8074799,112.71434,-299.686707
18.2100417,-84.1105347,112.740036,-299.338867
18.2202907,-83.816391,112.803543,-299.180878
18.2305387,-83.9404907,112.967453,-299.340332
18.2407867,-83.8540039,113.03241,-299.497986
18.2510347,-83.9536438,113.194962,-299.604614
18.2612817,-83.9976044,113.521561,-299.421753
18.2715297,-83.9521942,113.592102,-299.475037
18.2817787,-83.9920197,113.883987,-299.45993
18.2920267,-83.8981171,113.869125,-299.303894
18.3022734,-83.9426117,114.131699,-299.276855
18.3125214,-84.0403137,114.179291,-299.351074
18.3227704,-83.9487305,114.162689,-299.453766
18.3330184,-84.0196228,114.308578,-298.999695
18.3432664,-84.1221161,114.497726,-299.491882
18.3535144,-84.0582886,114.451752,-299.611084
18.3637624,-83.9804382,114.346558,-299.270142
18.3740104,-84.2507477,114.566757,-299.34787
18.3842584,-84.0611115,114.619888,-299.431396
18.3945064,-84.2147217,114.913589,-299.311798
18.4047544,-84.1937256,114.767914,-299.334167
18.4150034,-84.2819977,114.630234,-299.938263
18.4252504,-84.2311859,114.579224,-299.264832
18.4354994,-84.4929657,114.65004,-299.646515
18.4457474,-84.3910065,114.440659,-299.744415
18.4559954,-84.2678375,114.552872,-299.527557
18.4662444,-84.2545929,114.684219,-299.668884
18.4764924,-84.6942139,114.665909,-299.643066
18.4867414,-84.5227814,114.578247,-299.96759
18.4969904,-84.5559998,114.595123,-299.661224
18.5072384,-84.5973663,114.462799,-300.073181
18.5174874,-84.7131958,114.515793,-299.886658
18.5277364,-84.5856476,114.57309,-299.859192
18.5379834,-84.4932709,114.514389,-299.733032
18.5482314,-84.6581726,114.177444,-299.840393
18.5584794,-84.52771,114.388718,-299.998169
18.5687284,-84.3423462,114.008041,-299.743042
18.5789764,-84.0902405,114.012497,-299.624542
18.5892234,-84.2052307,113.644882,-299.906281
18.5994714,-83.8227997,113.487656,-299.884277
18.6097194,-83.7961273,113.343491,-299.552826
18.6199674,-83.7511597,113.218307,-299.858765
18.6302144,-83.5597382,112.939255,-299.480469
18.6404624,-83.5232544,112.798019,-299.65155
18.6507094,-83.6421814,112.901855,-299.683899
18.6609564,-83.5868225,112.666183,-299.719299
18.6712044,-83.7254333,112.336639,-299.944275
18.6814534,-83.588089,112.413803,-299.55188
18.6917024,-83.8914337,112.33075,-300.247375
18.7019504,-83.9512482,112.181046,-299.891541
18.7121984,-84.1617126,112.05899,-300.149597
18.7224474,-84.0578003,112.16626,-300.135193
18.7326954,-84.411499,111.74263,-300.683167
18.7429434,-84.4163208,111.635178,-300.481323
18.7531914,-84.6523438,111.320129,-300.899261
18.7634394,-84.6347046,111.292908,-301.140381
18.7736874,-84.8795166,111.187271,-301.156647
18.7839354,-84.7325745,111.005524,-301.346008
18.7941834,-84.8396606,110.944031,-301.018433
18.8044314,-84.5508118,110.801086,-301.086304
18.8146794,-84.7087097,110.783264,-301.441559
18.8249274,-84.534317,110.578842,-301.376282
18.8351754,-84.6178284,110.462402,-301.273926
18.8454234,-84.4225616,110.452271,-301.146973
18.8556724,-84.546936,110.511124,-300.972656
18.8659214,-84.3701019,110.395233,-301.043091
18.8761704,-84.3198242,110.071793,-301.534851
18.8864194,-84.3664246,110.246155,-301.08609
18.8966674,-84.1539307,110.155121,-301.251953
18.9069164,-84.2754822,110.112732,-301.199707
18.9171644,-84.076767,110.00972,-301.098328
18.9274134,-83.7395935,110.090775,-301.327911
18.9376624,-83.9225616,110.082718,-301.241394
18.9479114,-83.7844543,110.002243,-301.216492
18.9581604,-83.9593201,110.075836,-301.355225
18.9684104,-83.9493408,110.072433,-301.152405
18.9786594,-84.0614319,110.010468,-301.600891
18.9889094,-84.2009583,110.064621,-301.529083
18.9991584,-84.3275909,110.098816,-301.683472
19.0094074,-84.253952,110.276459,-301.613708
19.0196564,-84.27388,110.2117,-301.557037
19.0299044,-84.3772736,110.104492,-301.739044
19.0401544,-84.2034912,110.421188,-301.846008
19.0504034,-84.3049316,110.466919,-302.012146
19.0606514,-84.1512451,110.709625,-301.723877
19.0709004,-84.1259003,110.459686,-302.120056
19.0811494,-84.0516663,110.529633,-301.852356
19.0913974,-83.8636017,110.509384,-302.161011
19.1016454,-83.8728485,110.302292,-301.835419
19.1118944,-83.8547211,110.258728,-302.343628
19.1221424,-83.8739471,110.555069,-301.923523
19.1323914,-83.9039307,110.305557,-302.144592
19.1426394,-83.6954346,110.293732,-302.032654
19.1528874,-83.5467987,110.469208,-301.967041
19.1631364,-83.4920959,110.40535,-301.857727
19.1733844,-83.5735626,110.251328,-302.033325
19.1836324,-83.3781433,110.235107,-302.09552
19.1938804,-83.5358734,110.287537,-302.279053
19.2041284,-83.4778748,110.143906,-302.164398
19.2143764,-83.7357025,110.268311,-302.278992
19.2246254,-83.6355133,110.349915,-302.525818
19.2348734,-83.7856445,110.308044,-302.504028
19.2451214,-83.7264252,110.210968,-302.61908
19.2553694,-83.9437408,110.339661,-302.502258
19.2656164,-83.7484283,110.287445,-302.715881
19.2758644,-83.8972321,110.47287,-302.934052
19.2861124,-83.7806396,110.397156,-303.280182
19.2963613,-83.80159,110.737869,-303.128784
19.3066093,-83.9515839,110.662918,-303.356018
19.3168573,-83.6296082,110.791336,-303.341064
19.3271053,-83.4906921,110.826691,-303.284271
19.3373543,-83.4940796,110.864609,-303.283203
19.3476013,-83.4711456,111.117798,-303.243164
19.3578493,-83.4355469,111.441849,-303.546814
19.3680963,-83.4593811,111.458603,-303.458069
19.3783443,-83.4494934,111.691742,-303.995178
19.3885923,-83.5910187,111.852753,-303.902771
19.3988403,-83.6137085,111.915924,-304.463135
19.4090883,-83.716507,111.859344,-304.247925
19.4193353,-83.8746033,111.765839,-304.148071
19.4295833,-83.9918365,111.882904,-304.226318
19.4398303,-84.1396332,112.153641,-304.141052
19.4500783,-83.8911896,112.488586,-304.48645
19.4603263,-83.8560181,112.66748,-304.420532
19.4705743,-83.841568,112.482224,-304.52771
19.4808223,-83.6560974,112.787277,-304.350952
19.4910703,-83.4732361,112.73848,-304.332886
19.5013193,-83.6399689,112.864059,-304.245483
19.5115673,-83.3927002,113.104889,-304.542694
19.5218153,-83.3508453,113.214188,-304.377136
19.5320643,-83.1474152,113.284119,-304.59491
19.5423133,-83.0572052,113.396942,-304.663635
19.5525613,-82.900177,113.49147,-304.815491
19.5628103,-82.811264,113.451813,-304.216278
19.5730583,-82.9483185,113.470551,-304.394531
19.5833063,-82.7257233,113.515945,-304.498169
19.5935543,-82.4848938,113.517868,-304.243713
19.6038033,-82.1546631,113.386246,-304.30127
19.6140522,-82.275238,113.354538,-304.532135
19.6243003,-82.3434753,113.066071,-304.503387
19.6345493,-82.5462494,113.266769,-304.579651
19.6447973,-82.2657471,113.343597,-304.689819
19.6550463,-82.4964905,113.345963,-304.322998
19.6652953,-82.6230469,113.389557,-304.757385
19.6755433,-82.8143311,113.382004,-304.999695
19.6857923,-82.6737366,113.336502,-305.22406
19.6960403,-82.7023163,113.614746,-304.834991
19.7062893,-82.73526,113.356979,-304.895752
19.7165373,-82.8069611,113.456406,-304.942261
19.7267853,-82.8245087,113.1996,-304.673218
19.7370343,-82.6896973,113.318298,-304.910736
19.7472823,-82.6301727,113.25412,-304.79126
19.7575313,-82.4563141,113.133377,-305.022125
19.7677793,-82.3678589,112.944962,-305.318726
19.7780283,-82.4660797,112.92128,-305.242126
19.7882763,-82.4503632,113.018387,-304.917145
19.7985253,-82.5098114,113.134583,-305.485107
19.8087733,-82.5357208,112.968552,-305.312103
19.8190213,-82.3104706,113.062912,-305.127472
19.8292693,-82.3658447,112.937454,-305.367096
19.8395183,-82.1499023,113.154129,-305.165039
19.8497663,-82.3001709,113.102814,-305.42627
19.8600143,-82.4178619,112.906052,-305.147125
19.8702623,-82.1253204,113.17392,-305.424347
19.8805113,-82.5015259,113.082916,-305.515167
19.8907593,-82.4657593,112.920502,-305.411072
19.9010073,-82.3793488,112.905106,-305.322632
19.9112553,-82.3395233,113.168793,-305.854034
19.9215033,-82.0800476,113.067581,-305.605774
19.9317523,-82.1795197,112.971695,-305.757965
19.9420003,-82.1051178,112.83931,-305.271118
19.9522483,-82.1382599,112.799194,-305.473267
19.9624963,-81.9235382,112.672394,-305.646729
19.9727443,-81.8495941,112.720688,-305.817688
19.9829923,-82.0611115,112.561279,-305.909912
19.9932403,-82.0691376,112.593536,-305.804932
20.0034883,-82.0207672,112.432449,-305.932068
20.0137363,-82.1188812,112.475494,-305.883942
20.0239853,-82.1287231,112.35791,-306.153564
20.0342333,-81.9961243,112.463181,-306.133698
20.0444823,-81.9019623,112.361053,-305.72168
20.0547303,-82.1098175,112.327255,-306.259247
20.0649783,-81.826004,111.917862,-306.233307
20.0752263,-81.9751434,112.057816,-306.0896
20.0854743,-81.9426727,111.945358,-306.036682
20.0957223,-82.2184906,111.980515,-306.069946
20.1059703,-82.2263031,112.051758,-306.467102
20.1162183,-82.3581238,112.176697,-306.685638
20.1264663,-82.3956451,112.344437,-306.658142
20.1367153,-82.5639801,112.227631,-306.992126
20.1469633,-82.492569,112.279312,-306.841125
20.1572113,-82.4828033,112.230026,-306.731934
20.1674593,-82.5353088,112.219635,-306.648926
20.1777073,-82.3603821,112.271179,-306.845184
20.1879543,-82.634552,111.787827,-307.078735
20.1982023,-82.88591,111.950317,-306.917664
20.2084503,-82.9666443,111.780518,-306.956879
20.2186983,-83.0497284,111.780777,-307.21405
20.2289453,-83.1638031,111.881577,-307.072723
20.2391933,-83.0765228,112.127975,-307.17038
20.2494413,-83.1239319,111.915558,-307.334717
20.2596893,-83.2504272,112.101257,-307.414917
20.2699363,-83.2168121,112.259445,-307.187103
20.2801843,-83.1971893,112.45578,-307.095276
20.2904323,-83.0616608,112.382004,-307.131104
20.300679,-83.193634,112.29248,-306.911774
20.310927,-83.2199249,112.533127,-307.030792
20.321175,-83.4962463,112.64238,-307.383911
20.331423,-83.4209747,112.499329,-307.250061
20.341671,-83.5388947,112.642181,-307.200745
20.351918,-83.6842041,112.854736,-307.312073
20.362165,-83.6527863,112.808472,-307.637543
20.372413,-83.8799286,113.186859,-307.60025
20.382661,-83.828949,113.082092,-307.21637
20.392909,-83.750824,113.319229,-307.205872
20.403157,-83.4148254,113.370316,-307.055054
20.413405,-83.5102234,113.524704,-307.422852
20.423653,-83.3110199,113.561478,-307.270386
20.433902,-83.3275452,113.790848,-307.200134
20.44415,-83.0236359,113.645798,-307.073181
20.454398,-83.1526337,113.631195,-307.265015
20.464646,-82.8117065,113.901596,-307.134888
20.474893,-82.9893036,114.015259,-307.356995
20.485141,-82.9037323,113.990692,-306.944061
20.495389,-83.0081635,114.170074,-307.072876
20.505638,-82.8682404,114.094177,-307.396179
20.515887,-82.8182526,114.187241,-307.09198
20.526135,-82.8138428,114.454605,-307.071106
20.536383,-83.0234375,114.458145,-307.067688
20.546631,-83.0648041,114.518723,-307.2565
20.556879,-82.9877472,114.685562,-307.535522
20.567128,-83.2444611,114.534119,-307.146973
20.577376,-83.4668274,114.627365,-307.412476
20.587625,-83.5787964,114.768112,-307.366211
20.597874,-83.4982758,114.901306,-307.214783
20.608122,-83.5837555,114.969788,-307.67807
20.618369,-83.5279388,114.929825,-307.645447
20.628617,-83.4821777,114.770889,-307.383972
20.638865,-83.4579773,114.914444,-307.548584
20.649113,-83.3419952,115.0513,-307.498871
20.65936,-83.4559784,114.780792,-307.300842
20.669608,-83.3175354,114.869522,-307.522217
20.679856,-83.2072449,115.065582,-307.283966
20.690103,-83.3113251,114.98877,-307.175842
20.700351,-83.3633575,115.264114,-307.36908
20.710599,-83.190094,115.093521,-307.212463
20.720846,-83.2527313,115.141357,-307.207825
20.731093,-83.4836273,115.203201,-307.33667
20.741341,-83.397644,115.214706,-307.268463
20.751588,-83.4828186,115.385193,-307.163391
20.761836,-83.4588318,115.220795,-307.388367
20.772083,-83.5111237,115.389572,-307.364319
20.782332,-83.5535278,115.326111,-307.272583
20.792579,-83.5810089,115.70668,-307.327637
20.802827,-83.3109741,115.874084,-307.569794
20.813075,-83.687027,115.964951,-307.582947
20.823322,-83.8411713,116.121719,-307.496399
20.833571,-84.2851562,116.266983,-307.759094
20.84382,-84.1067657,116.439987,-307.687439
20.854068,-84.4917297,116.464905,-307.82843
20.864315,-84.4240112,116.409851,-307.721375
20.874562,-84.5950928,116.454788,-307.640076
20.88481,-84.6874084,116.614975,-307.870361
20.895059,-84.6872559,116.721725,-308.006134
20.905306,-84.3624725,116.777069,-307.564331
20.915554,-84.4743958,116.787628,-307.801636
20.925801,-84.2972717,117.040207,-307.72345
20.936049,-84.4122467,117.18338,-307.754303
20.946296,-84.5481873,117.361191,-307.917114
20.956544,-84.6197205,117.394806,-307.881714
20.966791,-84.6236725,117.585754,-307.756042
20.977038,-84.3382874,117.895508,-307.738434
20.987286,-84.381897,118.111633,-307.623291
20.997534,-84.5130615,118.357681,-307.451172
21.007782,-84.4107666,118.608932,-307.576416
21.01803,-84.4662018,118.726639,-307.456665
21.028278,-84.2223053,119.226334,-307.604126
21.038526,-84.4816437,119.42897,-307.589447
21.048774,-84.6112061,119.482544,-307.651398
21.059022,-84.7606049,119.621384,-307.769836
21.06927,-84.7206116,119.780014,-307.667175
21.079518,-85.04216,120.188492,-307.528259
21.089766,-85.0547485,120.456573,-307.790802
21.100014,-84.9436798,120.626831,-307.557007
21.110262,-85.2953033,120.928925,-307.624634
21.12051,-85.5543671,120.956467,-307.448425
21.130758,-85.7059631,121.169739,-307.71637
21.141006,-85.8697205,121.417175,-307.696991
21.151254,-86.1163025,121.608002,-307.883911
21.161502,-86.0922241,121.915283,-308.012115
21.17175,-86.3305817,122.03421,-308.254211
21.181997,-86.2183075,122.404449,-307.831451
21.192244,-86.6616058,122.660904,-308.083923
21.202492,-86.6662445,122.8367,-307.784729
21.212738,-86.7575378,122.947968,-307.836823
21.222985,-86.8134308,123.346329,-307.898254
21.233232,-87.2383423,123.543137,-308.023743
21.243479,-87.1812134,123.877182,-307.80188
21.253727,-87.712677,123.948395,-307.851685
21.263975,-87.8698425,124.042328,-308.056488
21.274222,-88.3580322,124.362595,-308.375488
21.284469,-88.6029053,124.562119,-308.580536
21.294716,-88.9121857,124.811783,-308.159668
21.3049628,-89.1745453,124.978653,-308.529907
21.3152088,-89.3310089,125.181778,-308.706604
21.3254558,-89.858139,125.242294,-308.615906
21.3357028,-90.1227264,125.406616,-309.066284
21.3459498,-90.3808289,125.384323,-308.889343
21.3561968,-90.5788116,125.665176,-309.209015
21.3664448,-90.7990875,125.930115,-309.198486
21.3766918,-90.9262085,125.948746,-309.443329
21.3869388,-91.2653046,126.003021,-308.932129
21.3971858,-91.3521576,125.967911,-309.479645
21.4074338,-91.5543976,126.3004,-309.361145
21.4176808,-91.8474731,126.619812,-309.362732
21.4279278,-91.9011841,126.605652,-309.541046
21.4381758,-92.2098694,126.614166,-309.30896
21.4484228,-92.2420654,126.873413,-309.469238
21.4586698,-92.5186462,126.953568,-309.554047
21.4689178,-92.6471863,127.187347,-309.3125
21.4791648,-92.9868164,127.15979,-309.302582
21.4894118,-93.2460022,127.467316,-309.279785
21.4996588,-93.4403534,127.439041,-309.116211
21.5099058,-93.694519,127.607269,-309.359741
21.5201538,-93.927597,127.962967,-309.562927
21.5304008,-94.2555084,127.71582,-309.401672
21.5406488,-94.3540039,127.973831,-309.498474
21.5508968,-94.4269562,127.827194,-309.706421
21.5611438,-94.5699005,128.123734,-309.326874
21.5713918,-94.975235,128.161453,-309.762512
21.5816398,-95.4117279,128.168488,-309.708801
21.5918878,-95.4559479,127.979889,-309.739563
21.6021348,-95.7165985,128.192673,-309.955383
21.6123828,-96.3113556,127.878403,-310.292969
21.6226308,-96.3411865,128.227097,-309.963074
21.6328768,-96.7107391,128.093979,-309.988464
21.6431248,-96.6593933,128.335983,-310.086792
21.6533718,-97.0330505,128.347549,-310.196045
21.6636188,-97.1046753,128.527115,-310.234985
21.6738668,-97.2873077,128.290451,-310.15741
21.6841148,-97.3712006,128.577972,-310.230957
21.6943628,-97.9010162,128.640396,-310.277924
21.7046098,-97.7093048,128.73497,-310.300751
21.7148578,-97.8872833,128.827484,-310.194946
21.7251058,-98.0480194,129.000061,-310.264893
21.7353538,-98.4613953,128.992935,-309.995789
21.7456018,-98.6277161,129.442368,-309.987457
21.7558488,-98.9291687,129.503342,-310.385468
21.7660968,-99.1911621,129.753235,-310.01062
21.7763438,-99.4712524,129.907043,-309.949219
21.7865918,-99.9288025,130.127014,-309.947693
21.7968388,-100.516571,130.162643,-309.802551
21.8070868,-100.464035,130.314529,-309.779419
21.8173338,-100.950714,130.360519,-309.844208
21.8275808,-101.29126,130.190018,-309.823608
21.8378278,-101.544495,130.226746,-310.205505
21.8480748,-101.615341,130.304596,-310.047791
21.8583228,-101.842422,130.11911,-310.099365
21.8685708,-101.996552,130.278366,-310.134735
21.8788188,-102.480698,130.082901,-310.218628
21.8890668,-102.593613,129.97226,-310.51825
21.8993148,-102.739777,130.137054,-310.203735
21.9095638,-103.103088,129.903976,-310.486206
21.9198108,-103.44342,129.871002,-310.479614
21.9300588,-103.631287,129.684494,-310.650085
21.9403068,-103.802322,130.02562,-310.491974
21.9505548,-104.252838,129.887878,-310.477844
21.9608028,-104.345276,129.948395,-310.289154
21.9710518,-104.55426,130.033066,-310.396606
21.9812998,-104.738007,130.192596,-310.651672
21.9915478,-105.255493,129.996017,-310.421082
22.0017958,-105.450882,130.11113,-310.209351
22.0120438,-105.877884,130.169754,-310.475525
22.0222918,-106.332901,130.319366,-310.600708
22.0325398,-106.968689,130.210999,-310.538391
22.0427878,-107.020782,130.547363,-310.457031
22.0530348,-107.552673,130.366837,-310.329559
22.0632818,-107.781113,130.80014,-310.210419
22.0735288,-108.296417,130.517838,-310.375916
22.0837758,-108.328308,130.728195,-310.158813
22.0940228,-108.704285,130.68277,-310.056702
22.1042708,-108.824982,130.479843,-310.11972
22.1145188,-108.733688,130.507538,-310.028625
22.1247658,-109.075195,130.290543,-310.254089
22.1350138,-109.356445,130.054642,-310.355591
22.1452618,-109.325333,129.988754,-310.219421
22.1555098,-109.513443,129.967133,-310.428986
22.1657578,-109.741776,129.822876,-310.291443
22.1760058,-109.710831,129.746765,-310.213989
22.1862528,-109.662018,129.808319,-310.183014
22.1965008,-109.892273,129.604019,-310.373535
22.2067478,-110.101456,129.574173,-310.280731
22.2169958,-110.231598,129.591415,-310.352051
22.2272428,-110.059204,129.598236,-310.588013
22.2374908,-110.195984,129.390747,-310.531006
22.2477388,-110.402298,129.41156,-310.200134
22.2579858,-110.36676,129.239838,-310.621399
22.2682328,-110.418518,129.262405,-310.454407
22.2784798,-110.385834,129.315094,-310.684296
22.2887278,-110.420624,129.166504,-310.385773
22.2989757,-110.539444,129.341782,-310.359009
22.3092227,-110.643311,129.444138,-310.225464
22.3194717,-110.529434,129.440308,-310.05426
22.3297197,-110.612595,129.497543,-310.297363
22.3399677,-110.543808,129.454575,-310.047546
22.3502157,-110.534714,129.561874,-310.018341
22.3604637,-110.275787,129.626068,-310.33905
22.3707107,-110.209396,129.446625,-310.463318
22.3809587,-109.835068,129.335236,-310.747009
22.3912067,-109.968384,129.430939,-310.76532
22.4014547,-109.758514,129.540573,-310.736938
22.4117027,-109.866455,129.342529,-310.793365
22.4219497,-109.66217,129.67981,-310.671936
22.4321977,-109.7901,129.352051,-310.756897
22.4424457,-109.662598,129.468445,-310.95575
22.4526947,-109.493958,129.64505,-310.699707
22.4629427,-109.683319,129.48497,-310.729431
22.4731907,-109.914673,129.204651,-310.896973
22.4834377,-109.911041,129.52092,-310.823242
22.4936857,-109.798157,129.334229,-310.737671
22.5039337,-109.692368,129.447327,-310.697632
22.5141817,-109.727402,129.430603,-310.94162
22.5244297,-109.765732,129.225952,-310.793396
22.5346767,-109.601151,129.481018,-310.727081
22.5449257,-109.716293,129.416412,-310.907562
22.5551737,-109.80275,129.364502,-310.849976
22.5654217,-110.031998,129.291595,-310.811401
22.5756697,-110.049652,129.193542,-310.829712
22.5859167,-110.021484,129.176208,-310.818665
22.5961647,-109.957047,129.504425,-310.626587
22.6064127,-110.051834,129.466461,-310.580811
22.6166617,-109.90007,129.412827,-310.838043
22.6269097,-109.649506,129.530228,-310.892761
22.6371567,-109.817505,129.470245,-310.734222
22.6474057,-109.720459,129.523438,-310.843567
22.6576527,-109.550262,129.619492,-311.073944
22.6679007,-109.548462,129.736069,-310.859558
22.6781487,-109.740417,129.449921,-310.907593
22.6883967,-109.44696,129.638351,-310.714691
22.6986447,-109.416428,129.891449,-310.79187
22.7088907,-109.274506,130.114807,-310.525421
22.7191377,-109.454239,130.02449,-310.889282
22.7293857,-109.565292,129.819809,-310.466431
22.7396327,-109.585999,129.998093,-310.431213
22.7498807,-109.634811,129.773956,-310.612091
22.7601287,-109.582169,130.086807,-310.404144
22.7703767,-109.784348,129.680786,-310.584412
22.7806247,-109.830658,129.837921,-310.678406
22.7908727,-109.905899,129.71138,-310.432678
22.8011207,-109.856812,130.03479,-310.384644
22.8113697,-109.846176,129.622604,-310.591125
22.8216177,-109.723907,129.953583,-310.37738
22.8318657,-109.645035,129.687347,-310.573364
22.8421137,-109.584625,129.784653,-310.536682
22.8523607,-109.413406,129.649979,-310.655914
22.8626087,-109.252121,129.869461,-310.895691
22.8728557,-109.267197,129.550568,-310.819122
22.8831037,-109.206024,129.844559,-310.890442
22.8933517,-109.452621,129.731323,-310.859131
22.9035987,-109.381546,129.774765,-310.860138
22.9138467,-109.419281,129.867676,-310.765625
22.9240947,-109.51709,129.762329,-310.67157
22.9343437,-109.524612,129.911438,-310.435303
22.9445927,-109.694305,129.790131,-310.657776
22.9548407,-109.679001,129.771408,-310.62854
22.9650887,-109.721252,129.776611,-310.659332
22.9753357,-109.776199,129.757477,-310.384399
22.9855827,-109.609879,129.90683,-310.66272
22.9958307,-109.610443,129.871704,-310.616089
23.0060787,-109.673584,129.934433,-310.643555
23.0163267,-109.602142,129.811203,-310.501038
23.0265737,-109.913483,129.793182,-310.353149
23.0368217,-109.868362,129.681168,-310.324036
23.0470687,-109.716858,129.923523,-310.414429
23.0573167,-109.730728,129.926086,-310.430542
23.0675637,-109.651367,129.915817,-310.429016
23.0778117,-109.609253,129.917633,-310.332458
23.0880597,-109.582703,130.005844,-310.402557
23.0983077,-109.533752,130.084518,-310.135376
23.1085557,-109.397369,130.049866,-310.512085
23.1188047,-109.248138,130.066101,-310.575897
23.1290527,-109.497452,129.987122,-310.331787
23.1393017,-109.41835,130.076981,-310.406555
23.1495497,-109.336258,130.084488,-310.518005
23.1597977,-109.284027,130.18251,-310.515625
23.1700457,-109.381577,130.059692,-310.48587
23.1802937,-109.610214,130.063904,-310.422546
23.1905407,-109.400452,130.188599,-310.669891
23.2007897,-109.512665,130.237656,-310.585815
23.2110367,-109.587463,130.208466,-310.315216
23.2212847,-109.493866,130.220718,-310.482513
23.2315327,-109.642746,130.086914,-310.407166
23.2417797,-109.629349,130.190842,-310.42981
23.2520277,-109.601334,129.939499,-310.442047
23.2622757,-109.403381,130.216904,-310.325806
23.2725227,-109.571716,129.866562,-310.40976
23.2827697,-109.337326,130.122574,-310.550873
23.2930167,-109.511688,129.932709,-310.452576
23.3032656,-109.51857,130.004791,-310.651978
23.3135126,-109.432312,130.167862,-310.340393
23.3237606,-109.443405,130.184814,-310.257385
23.3340076,-109.523682,130.002655,-310.352692
23.3442556,-109.651978,130.004776,-310.161621
23.3545026,-109.631287,130.140991,-310.380615
23.3647496,-109.559998,130.136398,-310.334534
23.3749976,-109.478455,129.934418,-310.636536
23.3852456,-109.607498,130.077942,-310.301392
23.3954926,-109.50885,130.046387,-310.596527
23.4057396,-109.578217,130.063919,-310.382935
23.4159866,-109.537994,130.045502,-310.74881
23.4262336,-109.652496,130.076859,-310.6091
23.4364816,-109.522018,130.144043,-310.354004
23.4467286,-109.503418,130.237076,-310.283936
23.4569756,-109.392899,130.230469,-310.301422
23.4672236,-109.513824,130.143082,-310.597107
23.4774706,-109.564957,130.15683,-310.469849
23.4877176,-109.43158,130.053284,-310.659729
23.4979646,-109.67038,130.119812,-310.406281
23.5082116,-109.565796,130.002304,-310.623627
23.5184606,-109.610275,130.116943,-310.410156
23.5287076,-109.558929,130.005661,-310.432312
23.5389566,-109.81131,130.06868,-310.299927
23.5492046,-109.56105,130.167206,-310.514099
23.5594516,-109.560699,130.174316,-310.663422
23.5697006,-109.689896,129.940979,-310.625336
23.5799496,-109.496445,130.213135,-310.277832
23.5901976,-109.64296,130.073975,-310.586792
23.6004456,-109.69722,130.36499,-310.1604
23.6106936,-109.618759,130.063507,-310.344177
23.6209416,-109.421951,130.328995,-310.171844
23.6311896,-109.862106,130.093246,-310.223694
23.6414366,-109.647766,130.285706,-310.228607
23.6516846,-109.832611,130.171768,-310.05011
23.6619316,-109.678818,130.225342,-310.106934
23.6721796,-109.810532,130.058899,-310.0914
23.6824266,-109.708588,130.340149,-310.016357
23.6926746,-109.943115,130.152145,-309.990448
23.7029216,-109.728073,130.246628,-310.30127
23.7131696,-109.95726,130.089203,-310.123657
23.7234166,-109.811646,130.099777,-310.456268
23.7336646,-109.813553,130.182465,-310.211121
23.7439126,-109.824463,130.083374,-310.115112
23.7541606,-109.942368,129.993912,-310.151794
23.7644076,-109.73497,130.269897,-310.112915
23.7746556,-109.622192,130.278076,-310.358276
23.7849036,-109.65979,130.280182,-310.020355
23.7951526,-109.609848,130.18071,-310.347382
23.8054006,-109.720978,130.192856,-310.058899
23.8156486,-109.72554,130.208908,-310.280029
23.8258966,-109.852905,130.124664,-310.125244
23.8361446,-109.759094,130.275574,-310.198334
23.8463936,-109.957565,130.134079,-310.21637
23.8566416,-109.899033,130.066528,-309.954163
23.8668896,-109.991043,130.308823,-310.114319
23.8771376,-109.953415,130.133575,-310.021301
23.8873856,-109.82074,130.117691,-310.134979
23.8976336,-109.869064,130.091049,-309.888428
23.9078816,-109.962982,130.068283,-310.019867
23.9181296,-109.975418,130.009979,-310.010864
23.9283776,-109.824814,130.325211,-309.749695
23.9386256,-110.008698,130.324036,-309.795349
23.9488736,-109.908447,130.204056,-309.855469
23.9591206,-109.702682,130.40239,-309.988037
23.9693696,-110.032761,130.123917,-309.779327
23.9796176,-109.819183,130.262833,-309.984924
23.9898656,-109.886139,130.154236,-310.157349
24.0001136,-109.83432,130.05545,-310.024261
24.0103616,-109.969742,130.024521,-310.241486
24.0206086,-109.90744,130.078339,-310.125549
24.0308566,-109.809555,130.146606,-310.15863
24.0411046,-109.874252,130.357224,-310.046692
24.0513516,-109.930832,130.11377,-310.379242
24.0615996,-110.059509,130.252365,-310.02594
24.0718476,-110.202347,130.132538,-309.807617
24.0820946,-110.208664,130.323486,-309.774292
24.0923426,-110.073257,130.104431,-310.038696
24.1025906,-109.905258,130.217285,-310.006927
24.1128386,-109.950043,130.230392,-309.958984
24.1230876,-109.930832,130.076843,-310.130341
24.1333356,-110.156631,129.988129,-309.958466
24.1435836,-109.950302,130.09964,-309.937836
24.1538316,-109.964493,130.25528,-309.812164
24.1640796,-110.027679,130.252655,-309.891357
24.1743276,-109.953568,130.260483,-310.103088
24.1845766,-109.999054,130.285995,-309.815552
24.1948246,-109.906601,130.377899,-310.049744
24.2050716,-109.835373,130.344757,-310.164948
24.2153196,-109.919388,130.213211,-310.009613
24.2255676,-109.715881,130.394547,-310.15741
24.2358156,-109.787704,130.410049,-309.899231
24.2460636,-109.853455,130.336685,-309.807373
24.2563106,-109.72049,130.534409,-310.088562
24.2665586,-109.860001,130.391769,-309.956299
24.2768056,-110.066238,130.23848,-310.033569
24.2870536,-109.992722,130.317123,-309.928894
24.2973006,-109.825684,130.140884,-310.201843
24.3075487,-109.879883,130.396027,-309.951294
24.3177967,-110.045441,130.317642,-310.355164
24.3280447,-109.923889,130.400101,-309.878357
24.3382917,-109.855988,130.545822,-309.834473
24.3485397,-109.918152,130.32785,-309.806549
24.3587867,-109.952759,130.157501,-310.175781
24.3690347,-110.028702,129.999496,-310.006195
24.3792827,-109.84613,130.263214,-310.046082
24.3895297,-109.948593,130.212692,-310.119781
24.3997777,-109.782104,130.423401,-309.972656
24.4100247,-109.854843,130.269867,-309.888611
24.4202717,-109.816788,130.439835,-309.72644
24.4305197,-110.158646,130.0121,-309.855865
24.4407667,-109.742691,130.265015,-309.941101
24.4510147,-109.982056,130.27153,-310.190674
24.4612637,-109.953445,130.42746,-309.914154
24.4715117,-109.826218,130.277954,-309.991882
24.4817597,-109.949081,130.33284,-309.898224
24.4920077,-109.874786,130.401428,-309.845215
24.5022547,-109.842667,130.366043,-309.873535
24.5125027,-109.902832,130.240387,-309.957581
24.5227497,-109.846405,130.387283,-310.03009
24.5329967,-109.868118,130.331711,-309.988007
24.5432447,-109.942673,130.388336,-309.999939
24.5534927,-109.909271,130.210205,-310.120239
24.5637407,-109.929611,130.349899,-310.040955
24.5739887,-110.070938,130.322876,-310.119629
24.5842367,-110.025604,130.412308,-309.865479
24.5944847,-110.001007,130.300797,-310.198669
24.6047337,-109.985825,130.371948,-309.774689
24.6149817,-110.107224,130.397156,-309.864929
24.6252287,-109.960922,130.199921,-309.912231
24.6354747,-110.036133,130.387817,-309.887451
24.6457227,-110.00415,130.312866,-310.079865
24.6559697,-109.98996,130.397293,-310.23761
24.6662167,-109.853119,130.411774,-310.174927
24.6764637,-110.018524,130.105652,-310.072845
24.6867117,-110.010239,130.299316,-310.128296
24.6969587,-109.881668,130.27005,-310.125732
24.7072047,-109.938797,130.228729,-310.245117
24.7174517,-109.969818,130.19487,-310.247131
24.7276997,-110.058792,130.400238,-310.324036
24.7379467,-110.106537,130.364273,-310.310669
24.7481937,-109.957001,130.218201,-310.281433
24.7584407,-109.980194,130.47699,-310.471924
24.7686897,-110.234802,130.306015,-310.359619
24.7789377,-109.956406,130.287094,-309.938354
24.7891857,-110.012741,130.204697,-310.097168
24.7994337,-109.958054,130.459564,-309.844757
24.8096807,-110.099304,130.298813,-309.954865
24.8199287,-109.772354,130.527786,-310.092468
24.8301757,-110.006897,130.257736,-309.920837
24.8404237,-110.026367,130.335251,-309.788818
24.8506717,-109.685287,130.296021,-309.974823
24.8609187,-109.823929,130.514191,-309.680847
24.8711667,-110.143341,130.455978,-310.226471
24.8814137,-109.992111,130.355957,-309.946167
24.8916597,-110.058044,130.309189,-309.869232
24.9019067,-109.972198,130.365433,-309.912659
24.9121537,-109.951569,130.45314,-309.815948
24.9224007,-110.151978,130.248138,-309.903656
24.9326487,-110.185822,130.275253,-309.810425
24.9428957,-110.050201,130.118835,-309.763977
24.9531427,-110.221848,130.296921,-309.786499
24.9633897,-110.168976,130.254868,-309.884308
24.9736377,-110.261078,130.429825,-310.339417
24.9838847,-110.072632,130.335999,-310.008667
24.9941317,-110.263519,130.163589,-310.043091
25.0043787,-110.228638,130.374222,-309.965942
25.0146247,-110.073425,130.38913,-310.042267
25.0248727,-110.129623,130.433823,-310.208008
25.0351207,-110.136444,130.58551,-310.41803
25.0453687,-110.076416,130.588409,-310.252075
25.0556157,-110.15506,130.60141,-310.0737
25.0658627,-110.355225,130.585388,-310.121826
25.0761097,-110.397385,130.423492,-310.64917
25.0863577,-110.276718,130.602509,-310.307617
25.0966047,-110.185486,130.582062,-310.427063
25.1068517,-110.313858,130.824799,-310.127289
25.1170987,-110.234695,130.668503,-309.869507
25.1273467,-110.117294,130.621399,-310.277344
25.1375937,-110.078415,130.680191,-310.000061
25.1478417,-110.297974,130.756241,-310.080627
25.1580887,-110.382782,130.462936,-310.170929
25.1683357,-110.183868,130.437332,-310.324341
25.1785827,-110.253357,130.587219,-310.305176
25.1888287,-110.400146,130.52153,-310.446228
25.1990757,-110.325394,130.840103,-310.378418
25.2093227,-110.412262,130.452026,-310.253418
25.2195687,-110.466568,130.622589,-310.340668
25.2298157,-110.361221,130.519897,-310.15625
25.2400627,-110.241989,130.568787,-310.077332
25.2503097,-110.346451,130.581757,-310.211121
25.2605567,-110.371216,130.555527,-309.753754
25.2708037,-110.402725,130.522751,-310.20697
25.2810507,-110.317978,130.452606,-309.904755
25.2912977,-110.30278,130.362564,-309.979431
25.3015451,-110.289322,130.570953,-309.912598
25.3117921,-110.250656,130.498428,-310.275879
25.3220391,-110.42923,130.50029,-309.853607
25.3322861,-110.328598,130.466995,-309.999329
25.3425331,-110.553482,130.696198,-310.197693
25.3527801,-110.519852,130.513657,-310.278503
25.3630271,-110.625931,130.492676,-309.994263
25.3732741,-110.718674,130.497482,-310.216492
25.3835221,-110.727554,130.59758,-310.384888
25.3937691,-110.849197,130.498215,-310.887573
25.4040171,-111.081009,130.499008,-310.614471
25.4142651,-110.894821,130.501572,-310.678406
25.4245121,-110.863708,130.511856,-310.465271
25.4347591,-110.473862,130.391098,-310.133362
25.4450061,-110.456085,130.552582,-310.040527
25.4552531,-110.563004,130.524124,-310.197021
25.4655011,-110.52861,130.414993,-310.30542
25.4757481,-110.401123,130.707169,-309.938568
25.4859951,-110.440582,130.64769,-310.36438
25.4962421,-110.357651,130.820694,-310.086914
25.5064891,-111.017258,130.63533,-310.408142
25.5167361,-110.669312,130.552414,-310.035889
25.5269841,-110.768875,130.842834,-310.329712
25.5372311,-110.994003,130.563034,-310.416992
25.5474791,-110.52327,130.576126,-310.219482
25.5577261,-110.944366,130.660828,-310.692688
25.5679741,-110.425751,130.51329,-310.235229
25.5782221,-110.395996,130.439987,-310.007141
25.5884711,-110.436035,130.515671,-310.247742
25.5987191,-110.516647,130.441986,-310.213928
25.6089681,-110.55217,130.540604,-310.532013
25.6192161,-110.349274,130.699265,-310.166382
25.6294651,-110.347763,130.595871,-310.190308
25.6397131,-110.303925,130.767334,-310.162323
25.6499621,-110.507095,130.416214,-309.822906
25.6602091,-110.323029,130.488113,-310.31543
25.6704571,-110.448486,130.626648,-310.387451
25.6807051,-110.505997,130.660202,-310.344421
25.6909521,-110.24176,130.65593,-310.347717
25.7012001,-110.123856,130.570999,-310.295593
25.7114481,-110.449493,130.307343,-310.315582
25.7216961,-110.42308,130.743927,-310.485962
25.7319441,-110.381638,130.60791,-309.990051
25.7421931,-110.329971,130.659073,-310.080322
25.7524411,-110.336899,130.563553,-310.131866
25.7626891,-110.302048,130.613525,-310.05191
25.7729381,-110.263397,130.585907,-310.516602
25.7831861,-110.31514,130.63237,-310.277466
25.7934341,-110.181473,130.517181,-310.047974
25.8036831,-110.436142,130.519577,-310.082275
25.8139321,-110.276031,130.493912,-310.076904
25.8241801,-110.087387,130.405914,-310.129456
25.8344291,-110.04332,130.537338,-310.124115
25.8446781,-110.021225,130.600174,-310.104614
25.8549261,-109.992157,130.524643,-309.76123
25.8651741,-110.059784,130.594757,-309.774109
25.8754221,-110.119965,130.512878,-310.194427
25.8856701,-110.201508,130.714035,-310.295654
25.8959181,-110.219086,130.520966,-310.012146
25.9061661,-110.293289,130.554749,-309.941345
25.9164141,-110.329514,130.483047,-310.19693
25.9266621,-110.37822,130.709076,-310.187378
25.9369101,-110.136032,130.686127,-309.983734
25.9471581,-110.171814,130.784164,-310.284851
25.9574061,-110.018143,130.777603,-310.046326
25.9676541,-110.156708,130.702164,-310.323364
25.9779021,-110.069489,130.574509,-310.139099
25.9881511,-110.021622,130.604858,-310.083801
25.9984001,-109.982468,130.774994,-310.187469
26.0086481,-110.148438,130.493073,-310.316895
26.0188961,-110.051682,130.843521,-309.791748
26.0291451,-110.208359,130.561234,-309.813629
26.0393931,-110.36087,130.789108,-310.039978
26.0496411,-110.393585,130.487671,-310.066345
26.0598901,-110.291046,130.574997,-310.251282
26.0701391,-110.412018,130.523026,-309.897797
26.0803881,-110.365601,130.524811,-310.216797
26.0906361,-110.348083,130.22345,-310.251709
26.1008851,-110.220215,130.522034,-310.008972
26.1111331,-110.341599,130.314514,-310.185455
26.1213821,-110.398911,130.318909,-310.179871
26.1316311,-110.337051,130.301041,-310.047729
26.1418781,-110.558517,130.151138,-310.085205
26.1521271,-110.309036,130.399979,-310.115967
26.1623741,-110.343933,130.191711,-310.014526
26.1726221,-110.334686,130.227142,-310.353241
26.1828711,-110.445419,130.405045,-310.071136
26.1931191,-110.379257,130.411804,-310.439392
26.2033661,-110.589096,130.291687,-310.045532
26.2136131,-110.346283,130.421692,-310.405029
26.2238621,-110.575455,130.300064,-310.359192
26.2341101,-110.436737,130.366623,-310.427734
26.2443581,-110.431625,130.54538,-309.988953
26.2546051,-110.209061,130.613373,-310.238312
26.2648541,-110.362946,130.356461,-310.072998
26.2751021,-110.451263,130.43486,-310.055206
26.2853501,-110.216248,130.462952,-310.164246
26.2955981,-110.313766,130.206711,-310.20282
26.3058457,-110.098358,130.603851,-310.31131
26.3160937,-110.394867,130.457153,-310.469269
26.3263417,-110.627518,130.485962,-310.52356
26.3365897,-110.636612,130.296967,-310.026367
26.3468367,-110.452118,130.339005,-309.982605
26.3570847,-110.348953,130.298355,-309.834015
26.3673327,-110.381882,130.431946,-310.204346
26.3775797,-110.359253,130.438202,-310.187469
26.3878277,-110.630203,130.119858,-310.111206
26.3980747,-110.39534,130.382034,-310.119019
26.4083227,-110.470612,130.153931,-310.258484
26.4185707,-110.520584,130.329178,-309.966736
26.4288187,-110.602615,130.222031,-310.218689
26.4390657,-110.530136,130.287033,-310.044464
26.4493127,-110.479919,130.267303,-310.004333
26.4595607,-110.463318,130.285034,-310.122314
26.4698087,-110.467468,130.143021,-309.943848
26.4800557,-110.373093,130.192596,-309.976135
26.4903027,-110.531708,130.154434,-309.972473
26.5005507,-110.360199,130.33577,-310.054565
26.5107987,-110.785751,130.256897,-310.306976
26.5210467,-110.744186,130.31398,-310.142639
26.5312947,-110.756287,130.075043,-310.358246
26.5415427,-110.735062,130.168015,-310.28833
26.5517907,-110.567032,130.080688,-310.172913
26.5620397,-110.671112,129.924545,-309.818481
26.5722877,-110.822464,129.962296,-309.995361
26.5825357,-110.624924,129.988953,-310.226624
26.5927837,-110.663773,130.020599,-310.245117
26.6030327,-110.547195,130.291138,-310.009155
26.6132817,-110.573502,129.962662,-309.9505
26.6235297,-110.317749,130.017075,-310.017395
26.6337777,-110.479385,130.076401,-310.124817
26.6440257,-110.486923,129.911301,-310.225464
26.6542737,-110.435333,130.044403,-310.444
26.6645207,-110.434113,130.083755,-310.286072
26.6747687,-110.37886,129.928345,-310.024658
26.6850167,-110.60054,130.154663,-310.398621
26.6952637,-110.292282,130.070877,-310.180603
26.7055107,-110.7258,130.129074,-310.303986
26.7157587,-110.603439,130.147751,-310.257935
26.7260057,-110.472183,130.178787,-310.293091
26.7362537,-110.372955,130.018677,-309.865234
26.7465017,-110.519226,129.806396,-310.377502
26.7567487,-110.069702,130.094406,-310.350769
26.7669967,-110.316925,130.033783,-310.488342
26.7772437,-110.395645,130.022827,-309.946045
26.7874917,-110.422668,129.868057,-310.030182
26.7977397,-110.286133,129.909668,-309.949524
26.8079877,-110.579636,129.957413,-310.207336
26.8182367,-110.425552,129.869385,-310.17511
26.8284837,-110.18364,129.89592,-310.097443
26.8387317,-110.211731,130.042511,-310.173889
26.8489797,-110.166733,129.953934,-310.175598
26.8592277,-109.969162,129.855194,-310.190948
26.8694767,-109.860535,129.864883,-310.513489
26.8797237,-109.633026,129.961426,-310.419281
26.8899717,-109.735611,129.861984,-310.551605
26.9002197,-109.611465,130.130219,-310.361938
26.9104677,-109.675476,130.132675,-310.30658
26.9207157,-109.773788,130.173553,-310.20813
26.9309627,-109.926682,130.060852,-310.267456
26.9412107,-109.844147,130.105713,-310.281311
26.9514587,-109.857025,130.071732,-310.259125
26.9617067,-110.082489,130.035034,-310.030731
26.9719547,-110.063263,130.08287,-310.06012
26.9822027,-109.985352,130.12056,-310.043213
26.9924497,-109.8936,130.167755,-310.102722
27.0026977,-109.957306,130.09436,-309.94873
27.0129467,-109.881592,130.259171,-310.569672
27.0231947,-110.005768,129.841263,-310.230164
27.0334427,-109.822906,129.988953,-310.333344
27.0436907,-109.913315,130.228165,-310.227539
27.0539387,-109.770493,130.075302,-310.322327
27.0641877,-109.864044,130.336609,-310.084076
27.0744357,-110.098831,130.131912,-310.049042
27.0846827,-109.948242,130.150467,-310.082031
27.0949297,-110.014206,129.83905,-310.24118
27.1051777,-110.162674,130.045486,-310.1073
27.1154247,-109.936813,130.177979,-310.354858
27.1256727,-109.89917,130.33374,-310.694153
27.1359197,-110.214188,129.989273,-310.34137
27.1461667,-109.900635,130.009705,-310.357788
27.1564147,-109.839279,130.12616,-310.074463
27.1666607,-109.88797,130.095108,-310.41925
27.1769087,-110.059525,130.160934,-310.059998
27.1871557,-110.02562,130.232605,-310.357361
27.1974027,-109.990173,130.313843,-310.070892
27.2076507,-109.981369,130.255035,-309.918884
27.2178977,-110.046371,130.332001,-310.024841
27.2281457,-110.172455,130.208298,-310.026184
27.2383937,-110.105743,130.433167,-310.241455
27.2486407,-110.22258,130.245163,-310.056824
27.2588887,-110.0047,130.318939,-310.002136
27.2691367,-110.146973,130.20369,-310.272827
27.2793847,-110.085236,130.273239,-310.206238
27.2896327,-110.026459,130.373215,-310.274811
27.2998807,-110.025024,130.321365,-309.918121
27.3101286,-110.395386,130.164993,-310.134644
27.3203766,-110.238464,130.351685,-309.761292
27.3306246,-110.409073,130.287918,-310.112671
27.3408726,-110.208038,130.411728,-310.004944
27.3511206,-110.185898,130.275955,-309.677917
27.3613686,-110.250305,130.131653,-309.774994
27.3716166,-110.002319,130.187393,-310.177612
27.3818646,-109.964432,130.266174,-309.893127
27.3921126,-110.088379,130.381821,-309.966888
27.4023606,-110.099106,130.165909,-309.988586
27.4126076,-110.11731,130.090881,-309.982178
27.4228556,-110.133881,130.024811,-309.921478
27.4331046,-110.036911,130.110474,-309.925415
27.4433516,-110.072968,130.071457,-309.846802
27.4535996,-110.28952,129.746704,-309.999695
27.4638486,-110.066422,130.105133,-310.01001
27.4740956,-110.286987,129.966309,-310.193848
27.4843436,-110.152496,130.043808,-310.072266
27.4945916,-110.097809,130.06073,-310.019165
27.5048386,-110.178116,130.124695,-309.757996
27.5150856,-110.093582,130.170212,-309.837341
27.5253326,-109.989899,130.056046,-309.920105
27.5355786,-110.156281,130.013138,-309.931
27.5458256,-110.285156,130.214691,-310.030029
27.5560726,-110.284927,130.090103,-309.631104
27.5663196,-110.450668,130.089203,-309.752106
27.5765676,-110.55069,130.092667,-309.746033
27.5868156,-110.479507,130.043304,-309.907501
27.5970626,-110.671219,130.042892,-309.391296
27.6073106,-110.649429,129.958008,-309.502319
27.6175586,-110.747467,130.244812,-309.735107
27.6278066,-110.961227,130.154617,-309.674622
27.6380546,-110.829285,129.940369,-310.097046
27.6483016,-110.701416,130.037704,-309.833923
27.6585506,-110.747437,130.142731,-309.632202
27.6687976,-110.800247,129.961929,-309.548767
27.6790456,-110.576996,130.014984,-309.784729
27.6892936,-110.774414,129.991486,-309.872375
27.6995406,-110.461761,130.152695,-309.467804
27.7097886,-110.618652,130.055435,-309.523682
27.7200366,-110.703201,130.248367,-309.662048
27.7302836,-110.664124,130.170425,-309.676025
27.7405316,-110.582901,130.208221,-310.048157
27.7507806,-110.664017,130.068527,-310.19693
27.7610286,-110.63736,130.080811,-310.160522
27.7712756,-110.586044,129.942886,-309.911377
27.7815246,-110.452454,129.920883,-309.800079
27.7917726,-110.476761,130.07254,-309.882202
27.8020196,-110.321426,130.004456,-310.053497
27.8122676,-110.28717,130.06279,-309.926147
27.8225156,-110.443329,130.008667,-309.890045
27.8327636,-110.162506,130.14299,-310.044769
27.8430116,-110.230499,130.273911,-309.953796
27.8532596,-110.499969,129.908508,-310.028198
27.8635066,-110.345993,130.115692,-310.125214
27.8737546,-110.469437,129.836014,-309.912994
27.8840026,-110.415634,130.052017,-310.166687
27.8942506,-110.386597,129.892944,-310.10318
27.9044986,-110.381653,129.903687,-310.039062
27.9147466,-110.423248,129.761688,-310.165283
27.9249936,-110.237534,130.097946,-310.037354
27.9352426,-110.250458,129.833679,-309.877777
27.9454896,-110.288269,129.90361,-309.942871
27.9557386,-110.466217,129.833115,-309.90979
27.9659876,-110.223984,130.134827,-309.940125
27.9762366,-110.345352,130.016251,-309.956604
27.9864846,-110.295624,130.021408,-310.014526
27.9967336,-110.312286,130.157608,-309.859802
28.0069826,-110.126129,129.928116,-310.096436
28.0172306,-110.099304,130.226196,-309.844482
28.0274786,-110.302109,129.927582,-310.21814
28.0377266,-110.394577,130.129578,-310.133545
28.0479736,-110.26445,130.022507,-310.196716
28.0582206,-110.063156,130.177963,-310.192017
28.0684686,-110.237122,129.969971,-310.115295
28.0787166,-110.100342,130.134003,-310.135864
28.0889646,-110.426422,129.832977,-309.884369
28.0992116,-110.280807,130.171448,-309.962311
28.1094596,-110.486267,129.967529,-310.181396
28.1197086,-110.401505,129.968842,-309.97049
28.1299566,-110.324326,130.024429,-309.882385
28.1402046,-110.313507,130.091949,-309.940918
28.1504516,-110.193802,130.064255,-309.602661
28.1606996,-110.351929,130.013245,-309.800659
28.1709466,-110.310471,130.02919,-309.869568
28.1811956,-110.15863,130.008011,-310.016205
28.1914436,-110.316727,130.158463,-310.444519
28.2016926,-110.361023,130.190125,-310.082764
28.2119416,-110.383453,130.133057,-310.253387
28.2221906,-110.372559,130.004593,-310.265533
28.2324386,-110.293839,130.088928,-310.037048
28.2426876,-110.412537,130.194016,-309.854462
28.2529346,-110.327713,130.187119,-309.948303
28.2631826,-110.254272,130.314499,-309.817566
28.2734296,-110.212936,130.11319,-309.607941
28.2836776,-110.05336,130.169571,-309.972717
28.2939246,-110.527344,129.803848,-309.852417
28.3041718,-110.203339,130.101059,-309.922974
28.3144198,-110.259811,129.905197,-310.068542
28.3246678,-110.239273,129.974655,-310.095337
28.3349158,-110.393356,129.851791,-309.625916
28.3451638,-110.35672,130.058609,-309.713562
28.3554118,-110.288422,130.070969,-309.778076
28.3656608,-110.281509,129.844757,-310.055847
