east_cell,north_cell,east_m,north_m,b_total_uT,b_mean_uT,sample_count,session_count,b_q25_uT,b_q75_uT,b_iqr_uT
0,34,-3.871138089,-2.903520637,21.421032620,21.421034745,9,1,21.402835184,21.436732276,0.033897091
0,35,-3.879521437,-2.803389159,21.408188725,21.379099418,35,1,21.326926540,21.431188665,0.104262125
0,36,-3.885209400,-2.661594789,21.364206106,21.371058597,35,1,21.336643809,21.406386673,0.069742864
0,37,-3.893897143,-2.513143057,21.427035771,21.389357222,40,1,21.339105332,21.465288081,0.126182749
0,38,-3.903353729,-2.361860054,21.505718321,21.468686539,39,1,21.377086895,21.575620574,0.198533679
0,39,-3.910204719,-2.210063213,21.525645739,21.526605268,34,1,21.468068138,21.599080119,0.131011980
0,40,-3.921375558,-2.057460986,21.611818099,21.610026526,32,1,21.536533204,21.693044515,0.156511311
0,41,-3.930228796,-1.909847311,21.463655018,21.470015674,33,1,21.422567998,21.529001180,0.106433182
0,42,-3.937321885,-1.766241168,21.267392932,21.273659967,37,1,21.209426997,21.334277353,0.124850356
0,43,-3.943038035,-1.611784183,21.496309912,21.494520122,37,1,21.458903944,21.527232384,0.068328441
0,44,-3.952541091,-1.463342848,21.494267073,21.483104448,39,1,21.439208630,21.531577413,0.092368783
0,45,-3.960790501,-1.307738417,21.398881533,21.430096662,37,1,21.351859442,21.512784304,0.160924861
0,46,-3.962301671,-1.160732366,21.701922217,21.636604491,40,1,21.473684012,21.763863437,0.290179425
0,47,-3.972140363,-1.016213026,21.476287766,21.474445648,38,1,21.375869113,21.547064511,0.171195399
0,48,-3.979755079,-0.862871709,21.297307811,21.284923414,34,1,21.170249596,21.390450406,0.220200809
0,49,-3.982932196,-0.711313297,21.208587226,21.215799886,33,1,21.153003371,21.257204580,0.104201208
0,50,-3.987368269,-0.557303436,21.389314358,21.373974773,32,1,21.320086553,21.432578472,0.112491919
0,51,-3.997654166,-0.411911140,21.312397342,21.335650438,34,1,21.271741538,21.393027072,0.121285534
0,52,-3.999290731,-0.256138544,21.421040498,21.407310537,33,1,21.357241218,21.478479183,0.121237965
0,53,-4.003168522,-0.108264514,21.443814313,21.452689322,31,1,21.419580976,21.496184641,0.076603665
0,54,-4.006628194,0.044131191,21.391121161,21.408038967,35,1,21.355641471,21.425521698,0.069880227
0,55,-4.010645205,0.187387638,21.269891455,21.285739819,36,1,21.225037921,21.343848674,0.118810753
0,56,-4.010393196,0.339699303,21.247897822,21.253685742,40,1,21.181128123,21.310355757,0.129227634
0,57,-4.007580031,0.493520207,21.531958459,21.534524708,44,1,21.489023470,21.587505402,0.098481931
0,58,-4.013595152,0.648641652,21.161682007,21.176252656,64,1,21.081342997,21.254614503,0.173271505
0,59,-4.016451808,0.791401187,21.236638685,21.248311310,67,1,21.141898975,21.344667205,0.202768230
0,60,-4.004017299,0.965785878,21.081887352,20.937080645,194,1,20.852706286,21.190434165,0.337727880
1,20,-3.718968759,-4.987134714,20.651585387,20.651585387,1,1,20.651585387,20.651585387,0.000000000
1,21,-3.726760875,-4.911529559,20.872336659,20.844558785,38,1,20.801003995,20.905911607,0.104907612
1,22,-3.739134715,-4.753936492,20.982074852,20.986000164,45,1,20.826216086,21.193242413,0.367026327
1,23,-3.753676620,-4.606278716,20.631558492,20.628984493,45,1,20.588409131,20.696928925,0.108519794
1,24,-3.767119992,-4.462015923,20.633037612,20.614808938,54,1,20.536350111,20.671834442,0.135484331
1,25,-3.776980741,-4.311696692,20.683763041,20.687859882,47,1,20.624766173,20.739154067,0.114387893
1,26,-3.790379514,-4.153719596,20.796890946,20.791150142,43,1,20.679023058,20.874881404,0.195858346
1,27,-3.798005728,-4.000768707,20.961518150,20.960813205,54,1,20.895189682,21.007126496,0.111936813
1,28,-3.806436836,-3.869695417,21.138923443,21.148394607,59,1,21.092641670,21.194795125,0.102153454
1,29,-3.818390074,-3.715496119,21.012186451,21.017407887,50,1,20.944534305,21.107566672,0.163032366
1,30,-3.827840072,-3.562373256,21.022713855,21.086419412,39,1,20.892797423,21.281190963,0.388393540
1,31,-3.839551892,-3.413571734,21.189516613,21.218691014,38,1,21.152046508,21.267777348,0.115730840
1,32,-3.851734646,-3.258241572,21.387007883,21.357367417,36,1,21.309646407,21.422064387,0.112417980
1,33,-3.861182114,-3.102740756,21.416460426,21.414494366,38,1,21.354639998,21.493418639,0.138778641
1,34,-3.866121677,-2.980919950,21.446907042,21.476410041,28,1,21.394195004,21.555191559,0.160996555
2,4,-3.568943310,-7.437593244,20.486206970,20.523988858,15,1,20.461705211,20.587537756,0.125832545
2,5,-3.572773955,-7.284739935,20.242811402,20.241348333,37,1,20.149728265,20.332247748,0.182519483
2,6,-3.586190342,-7.164437801,20.073605502,20.065084160,48,1,20.017497375,20.121248308,0.103750933
2,7,-3.592201850,-7.016692353,20.132550884,20.121505606,43,1,20.044785362,20.194780330,0.149994968
2,8,-3.597076825,-6.862118458,20.082852782,20.083068604,42,1,20.017868565,20.131300620,0.113432055
2,9,-3.605317023,-6.711275427,20.258247145,20.239165514,42,1,20.131989974,20.350263000,0.218273025
2,10,-3.619394752,-6.552923920,20.401343198,20.374246681,44,1,20.292790780,20.450535882,0.157745103
2,11,-3.629678458,-6.404641449,20.384156410,20.382193306,49,1,20.334998224,20.426797439,0.091799215
2,12,-3.639161750,-6.262865961,20.457143878,20.488061144,45,1,20.417517138,20.541187901,0.123670762
2,13,-3.647725825,-6.110830122,20.307825669,20.323946813,44,1,20.253657051,20.366317769,0.112660718
2,14,-3.657638382,-5.962355051,20.300815149,20.329453647,39,1,20.229869140,20.428941488,0.199072348
2,15,-3.667289695,-5.808794221,20.663269353,20.684069445,39,1,20.611183471,20.770767413,0.159583942
2,16,-3.677905382,-5.656212147,20.627140576,20.624566920,40,1,20.569920956,20.693347490,0.123426534
2,17,-3.681636893,-5.504474489,20.552922862,20.572094970,39,1,20.515653518,20.641205173,0.125551655
2,18,-3.687111622,-5.360908456,20.556460070,20.598279430,41,1,20.392925120,20.781567372,0.388642253
2,19,-3.703903785,-5.210978543,20.700182764,20.706022472,36,1,20.639368893,20.771998720,0.132629826
2,20,-3.715778310,-5.066267353,20.625222873,20.622422928,32,1,20.581928799,20.678228856,0.096300058
3,1,-3.546580800,-7.847178224,21.012581964,21.005828343,176,1,20.924131559,21.091945974,0.167814415
3,2,-3.550679621,-7.795219990,20.968526082,20.892185639,259,1,20.735882422,21.098831708,0.362949286
3,3,-3.560345214,-7.617415896,20.753520674,20.770683517,99,1,20.680606854,20.875705476,0.195098622
3,4,-3.567348794,-7.463743648,20.519341251,20.535454922,55,1,20.464698826,20.608975835,0.144277009
3,5,-3.566625922,-7.350486398,20.413056776,20.417125719,28,1,20.339031400,20.524794204,0.185762805
5,37,-3.123239750,-2.476409283,52.746193116,52.767745656,19,1,52.693497235,52.871177906,0.177680671
5,38,-3.121912699,-2.363981438,52.653379037,52.658017467,40,1,52.578064605,52.775304816,0.197240211
5,39,-3.128341272,-2.214867652,52.779126874,52.773967908,32,1,52.666815600,52.877195841,0.210380241
5,40,-3.132921560,-2.061138398,52.831507213,52.838810700,33,1,52.777247258,52.923329213,0.146081955
5,41,-3.138250131,-1.902301371,52.433154085,52.460855095,34,1,52.381853959,52.500724619,0.118870659
5,42,-3.142090677,-1.756373628,52.697375979,52.678972081,33,1,52.649133803,52.722424355,0.073290552
5,43,-3.142339762,-1.609332352,52.513170355,52.557417661,32,1,52.432096934,52.673137023,0.241040089
5,44,-3.147784578,-1.459021325,52.579555995,52.583272421,36,1,52.508609140,52.662798709,0.154189568
5,45,-3.151735749,-1.305559937,52.790430258,52.778788477,39,1,52.667127131,52.876408864,0.209281733
5,46,-3.151974017,-1.156094434,52.974465210,52.976277008,42,1,52.909417710,53.049133656,0.139715946
5,47,-3.151559787,-1.004634217,52.944671198,52.945910962,44,1,52.837160705,53.050700880,0.213540175
5,48,-3.151432055,-0.851535585,52.743726542,52.730553325,61,1,52.635244144,52.847519730,0.212275586
5,49,-3.152134215,-0.712662395,52.729684581,52.725373135,52,1,52.621836584,52.828738046,0.206901462
5,50,-3.151613027,-0.564691074,52.625408948,52.636567506,42,1,52.537752095,52.736744894,0.198992799
5,51,-3.151050925,-0.417551270,52.713635846,52.706742104,40,1,52.637124750,52.782059078,0.144934328
5,52,-3.146686701,-0.253254601,52.907305165,52.908814444,38,1,52.827517610,53.005918961,0.178401352
5,53,-3.133417270,-0.114253277,52.878668034,52.897747842,36,1,52.790624234,53.005467993,0.214843758
5,54,-3.127963533,0.039986859,53.089396752,53.077066655,38,1,52.969305738,53.158341814,0.189036076
5,55,-3.122912580,0.181659398,53.061937794,53.082610717,38,1,52.973872147,53.201260630,0.227388482
5,56,-3.122673260,0.349604688,53.118649289,53.098871295,38,1,52.999708765,53.208736012,0.209027247
5,57,-3.122724511,0.496641260,53.054020164,53.043578300,39,1,52.987102251,53.119508914,0.132406662
5,58,-3.121546017,0.649226334,52.889453370,52.877059928,39,1,52.790386484,52.947851727,0.157465242
5,59,-3.132270055,0.795737611,52.915948837,52.913873611,43,1,52.812501204,53.019656185,0.207154981
5,60,-3.145948055,0.961512200,52.879773311,52.877957839,41,1,52.766027625,52.945154990,0.179127365
5,61,-3.164601591,1.112769727,52.838772535,52.837457651,63,1,52.744557083,52.921561775,0.177004692
5,62,-3.170257342,1.180718955,52.922928852,52.908190067,143,1,52.830843174,53.024506975,0.193663801
6,20,-2.968252054,-4.987262284,52.925481254,52.925481254,1,1,52.925481254,52.925481254,0.000000000
6,21,-2.979317470,-4.907299169,53.164580798,53.190443013,38,1,53.064166411,53.287193853,0.223027442
6,22,-2.986060553,-4.762093196,53.240354423,53.248233778,39,1,53.150005160,53.350492736,0.200487576
6,23,-2.996312053,-4.614726974,53.066706784,53.115015979,39,1,52.990707919,53.205920726,0.215212807
6,24,-3.010051606,-4.456517406,52.992241150,52.960334688,41,1,52.873309013,53.065536122,0.192227109
6,25,-3.025566780,-4.307137055,52.941861229,52.945858893,37,1,52.878236373,53.002214933,0.123978560
6,26,-3.030454513,-4.166630019,52.924878894,52.963376983,36,1,52.877294627,53.053948326,0.176653700
6,27,-3.042497555,-4.009066004,52.916494325,52.893892672,36,1,52.846433363,52.959522717,0.113089354
6,28,-3.053040517,-3.859155602,52.792964384,52.809495077,37,1,52.690170926,52.868502599,0.178331673
6,29,-3.065816775,-3.706279014,52.827917309,52.839531049,35,1,52.774782858,52.898912312,0.124129454
6,30,-3.070718801,-3.561502634,52.702778573,52.698917704,34,1,52.651495991,52.770936015,0.119440024
6,31,-3.079412229,-3.410982888,52.603801646,52.610537707,36,1,52.550634120,52.671911516,0.121277395
6,32,-3.085936791,-3.261149431,52.766819290,52.786205853,36,1,52.733065520,52.865916440,0.132850919
6,33,-3.094788471,-3.112625383,52.671495156,52.686582662,35,1,52.621012447,52.754932378,0.133919932
6,34,-3.102897085,-2.962517220,52.767511059,52.782039909,36,1,52.711983409,52.825031610,0.113048200
6,35,-3.108945704,-2.806399057,52.862897798,52.864984607,35,1,52.745284657,52.969339262,0.224054605
6,36,-3.113456762,-2.658031341,52.767519344,52.767274700,38,1,52.703744449,52.832229434,0.128484985
6,37,-3.115989896,-2.546499145,52.644912076,52.648610279,20,1,52.584578948,52.718477328,0.133898380
7,10,-2.820283079,-6.513741015,53.585035735,53.582683791,15,1,53.511189925,53.655017174,0.143827248
7,11,-2.834599924,-6.405467464,53.527544051,53.526056645,40,1,53.447771763,53.597651019,0.149879256
7,12,-2.848860191,-6.258562482,53.426326319,53.437901878,37,1,53.343872065,53.550808047,0.206935982
7,13,-2.863760809,-6.101959650,53.401846356,53.421501475,35,1,53.318919892,53.527888591,0.208968699
7,14,-2.878931219,-5.956208645,53.323989355,53.310830063,34,1,53.203586211,53.384793019,0.181206809
7,15,-2.894274733,-5.815761285,53.295830050,53.306085431,34,1,53.217608657,53.379787889,0.162179232
7,16,-2.910172265,-5.660060598,53.269166698,53.269282167,35,1,53.189573622,53.349666797,0.160093175
7,17,-2.924327771,-5.515486608,53.096210387,53.109028809,32,1,53.027546675,53.187346463,0.159799788
7,18,-2.937435673,-5.360451131,52.941709107,52.944142644,33,1,52.868766628,52.982316367,0.113549739
7,19,-2.953875989,-5.208895447,53.188880134,53.151393590,35,1,53.027933514,53.287890044,0.259956530
7,20,-2.965125645,-5.055397710,53.219084678,53.222992997,36,1,53.088985614,53.358237841,0.269252226
8,1,-2.668931603,-7.838891173,53.349012846,53.333499934,3,1,53.296708953,53.378047371,0.081338418
8,2,-2.678644939,-7.765903941,53.045247228,53.050622913,55,1,52.956070378,53.130551114,0.174480736
8,3,-2.700887541,-7.604293824,53.225641278,53.222248945,53,1,53.167968002,53.276969222,0.109001219
8,4,-2.715649380,-7.460085242,53.259950088,53.260681341,53,1,53.187501341,53.340129708,0.152628366
8,5,-2.730786033,-7.313257939,53.283467772,53.271853088,51,1,53.208780721,53.344783727,0.136003006
8,6,-2.745870573,-7.163580222,53.252701052,53.232649677,45,1,53.202195549,53.298114599,0.095919049
8,7,-2.760929272,-7.005170064,53.414090136,53.376199039,48,1,53.293241186,53.452242208,0.159001023
8,8,-2.782772624,-6.859706631,53.312598155,53.329934595,46,1,53.240744693,53.405394038,0.164649345
8,9,-2.798713259,-6.706865279,53.397277810,53.395032524,40,1,53.321048396,53.481254477,0.160206081
8,10,-2.813963681,-6.590590821,53.366686097,53.432616912,28,1,53.339005062,53.508829829,0.169824767
8,43,-2.669582494,-1.551591578,56.068607812,56.095314284,9,1,56.049862762,56.143152313,0.093289551
8,44,-2.677742034,-1.461425521,56.212647018,56.199809950,41,1,56.117513714,56.263239099,0.145725385
8,45,-2.684890509,-1.308252827,56.192011873,56.207519263,43,1,56.136106814,56.272901538,0.136794724
8,46,-2.692516800,-1.157961638,56.277628464,56.264169201,50,1,56.173431190,56.347960836,0.174529646
8,47,-2.699916140,-1.009311804,56.441150349,56.427689499,43,1,56.356034553,56.528689827,0.172655274
8,48,-2.711316374,-0.868849544,56.266541824,56.285790516,47,1,56.185106055,56.418570321,0.233464266
8,49,-2.718266764,-0.709870452,56.109280738,56.092491240,43,1,56.002735805,56.179359975,0.176624169
8,50,-2.721918934,-0.555747666,56.233614885,56.241520907,44,1,56.136801749,56.307772239,0.170970490
8,51,-2.727438361,-0.401367732,56.221245380,56.212724809,47,1,56.147619684,56.283555743,0.135936058
8,52,-2.732900116,-0.254973436,56.174339637,56.207101711,43,1,56.107877969,56.292168597,0.184290628
8,53,-2.734649865,-0.110862549,56.072846603,56.056591993,43,1,55.974858263,56.159744149,0.184885886
8,54,-2.738901827,0.045819197,56.296775154,56.285508920,39,1,56.169198155,56.392032528,0.222834373
8,55,-2.741626968,0.192807051,56.246460838,56.241145436,37,1,56.186192970,56.268796843,0.082603873
8,56,-2.750455962,0.354303805,56.425250706,56.422071614,47,1,56.343097314,56.489319259,0.146221945
8,57,-2.746322420,0.479836304,56.451979531,56.457213409,54,1,56.359764912,56.551762714,0.191997801
8,58,-2.749006094,0.646858240,56.341972573,56.323855665,49,1,56.217454348,56.428971120,0.211516772
8,59,-2.747709736,0.794996475,56.401731922,56.439756001,52,1,56.300504320,56.507195267,0.206690947
8,60,-2.742220660,0.933557814,56.421578369,56.420676016,63,1,56.337438558,56.497204221,0.159765662
8,61,-2.743411134,1.091546776,56.279720876,56.262777332,217,1,56.109117746,56.398825993,0.289708247
9,1,-2.656159837,-7.939706311,52.952300607,52.910581883,268,1,52.655823316,53.141762886,0.485939570
9,29,-2.523876446,-3.679592082,56.237823821,56.321823901,18,1,56.198332093,56.431275048,0.232942955
9,30,-2.529651373,-3.566508396,56.393329233,56.385766616,33,1,56.261119079,56.470918420,0.209799340
9,31,-2.539546763,-3.411282112,56.157003228,56.142331951,33,1,56.052672073,56.259455758,0.206783685
9,32,-2.546776602,-3.255949667,56.209842305,56.207145724,34,1,56.094296432,56.281815686,0.187519253
9,33,-2.560908486,-3.106542125,56.136088240,56.113862774,37,1,56.018381882,56.210293808,0.191911926
9,34,-2.573869874,-2.954863803,56.105439252,56.095687169,39,1,55.993766885,56.209687242,0.215920357
9,35,-2.579894531,-2.811259461,56.157277200,56.158360111,36,1,56.073045519,56.241908892,0.168863372
9,36,-2.592170017,-2.653680790,56.333738445,56.308831188,38,1,56.201795248,56.440984111,0.239188864
9,37,-2.596814351,-2.506500031,56.187432175,56.242554451,37,1,56.115287869,56.350518977,0.235231108
9,38,-2.614120159,-2.360285261,56.332916164,56.390256341,44,1,56.251835750,56.470434954,0.218599203
9,39,-2.623419587,-2.210397480,56.060943998,56.051431646,43,1,55.926077004,56.184823192,0.258746187
9,40,-2.636057715,-2.059871598,56.270881213,56.355557968,43,1,56.158325633,56.395077215,0.236751582
9,41,-2.645462005,-1.905286331,56.116468482,56.090963089,46,1,55.961140930,56.193639211,0.232498282
9,42,-2.656377676,-1.760361766,55.876928349,55.863119028,43,1,55.790979213,55.927126398,0.136147185
9,43,-2.664355630,-1.627260367,56.066946751,56.049865702,32,1,55.938841044,56.116203515,0.177362470
10,18,-2.369341110,-5.327218356,56.525027680,56.532173125,22,1,56.480672279,56.612930212,0.132257932
10,19,-2.378740481,-5.214570986,56.327572927,56.343550176,35,1,56.278040449,56.396547941,0.118507493
10,20,-2.392076727,-5.061464260,56.642516517,56.641622725,39,1,56.563922017,56.714478956,0.150556939
10,21,-2.408342386,-4.913701822,56.485911545,56.474011856,40,1,56.412565636,56.562059593,0.149493957
10,22,-2.418118184,-4.771364184,56.308001654,56.311301656,44,1,56.256315197,56.362408190,0.106092993
10,23,-2.434878844,-4.607062860,56.375761035,56.378579485,39,1,56.312043686,56.453873362,0.141829677
10,24,-2.452202818,-4.452710244,56.299276471,56.315959898,37,1,56.240008928,56.377385244,0.137376316
10,25,-2.464559965,-4.311168450,56.356160428,56.352026651,34,1,56.226941349,56.486112669,0.259171319
10,26,-2.478254613,-4.164518465,56.228750416,56.234464507,36,1,56.173238246,56.358774717,0.185536471
10,27,-2.492502732,-4.010577959,56.216820556,56.198472390,34,1,56.127794640,56.276345409,0.148550769
10,28,-2.505198313,-3.854294082,56.335101343,56.317470314,34,1,56.262274969,56.373098046,0.110823077
10,29,-2.513291380,-3.752620114,56.214190279,56.198726468,13,1,56.156859858,56.236096756,0.079236897
11,8,-2.218606903,-6.823470126,56.285897027,56.270307410,13,1,56.209416504,56.338640222,0.129223718
11,9,-2.230071094,-6.713436060,56.289359762,56.279406430,55,1,56.185490127,56.351196816,0.165706689
11,10,-2.245945366,-6.559591432,56.344675702,56.364105316,46,1,56.269485065,56.462929328,0.193444263
11,11,-2.264698916,-6.404060497,56.274786211,56.316383638,39,1,56.214018888,56.396468725,0.182449837
11,12,-2.277821815,-6.255393629,56.221291961,56.232248830,36,1,56.167713696,56.317815809,0.150102113
11,13,-2.294742867,-6.112985189,56.291274676,56.290603325,34,1,56.245112995,56.363883198,0.118770203
11,14,-2.308199129,-5.963053732,56.335755905,56.344265962,37,1,56.266827878,56.432673916,0.165846038
11,15,-2.321453270,-5.807451749,56.388391396,56.400177132,39,1,56.333077579,56.467482343,0.134404764
11,16,-2.338093008,-5.654945348,56.391362483,56.416939556,34,1,56.346164291,56.532019786,0.185855495
11,17,-2.354558517,-5.503901368,56.548989519,56.546837313,39,1,56.477735282,56.608851010,0.131115728
11,18,-2.362806614,-5.403850919,56.629261711,56.627352307,15,1,56.602590117,56.670236913,0.067646796
11,42,-2.218433328,-1.736519279,56.249702700,56.249702700,2,1,56.218480043,56.280925358,0.062445315
11,44,-2.223320416,-1.440682879,56.175559286,56.157763941,23,1,56.088160597,56.209736197,0.121575600
11,45,-2.229629711,-1.324510397,56.006123129,56.043783593,30,1,55.966884471,56.098665646,0.131781175
11,46,-2.230494936,-1.158536444,55.844165223,55.860246840,40,1,55.773370775,55.948579987,0.175209212
11,47,-2.234843741,-1.003364963,55.848639080,55.850598230,33,1,55.789527758,55.918730233,0.129202475
11,48,-2.236375772,-0.853227303,55.920854331,55.953853782,33,1,55.876063617,56.034712732,0.158649115
11,49,-2.245956294,-0.705337590,55.998572351,55.997540723,37,1,55.918987613,56.071080167,0.152092554
11,50,-2.250339963,-0.571087803,56.011000089,56.005992259,37,1,55.937085989,56.076453647,0.139367658
11,51,-2.253201256,-0.414831811,55.885309304,55.858844372,35,1,55.778337411,55.921648918,0.143311507
11,52,-2.251273841,-0.261821435,55.869116122,55.885882939,33,1,55.784459355,55.972916299,0.188456944
11,53,-2.251984348,-0.111574102,56.179655587,56.200856738,30,1,56.158806785,56.241542089,0.082735304
11,54,-2.255067714,0.037447649,56.212619492,56.210080033,35,1,56.143248142,56.284370289,0.141122147
11,55,-2.256474500,0.188141070,56.138896538,56.107659084,33,1,56.010826118,56.239452874,0.228626756
11,56,-2.252998573,0.336464163,55.987569556,55.981702820,37,1,55.901278403,56.049275403,0.147997000
11,57,-2.250570719,0.491474696,55.956088623,55.953936519,39,1,55.868414699,56.058016783,0.189602084
11,58,-2.243337762,0.644079666,55.850971852,55.867983768,38,1,55.774845948,55.981859522,0.207013574
11,59,-2.245575973,0.791856332,55.782938755,55.757090879,42,1,55.655809569,55.826973019,0.171163450
11,60,-2.248754363,1.003008398,56.036249670,56.046598775,141,1,55.924263258,56.161128154,0.236864896
11,61,-2.258005701,1.036271155,55.891860731,55.472026223,245,1,54.569984962,56.108302237,1.538317275
12,1,-2.202824825,-7.885193349,56.539385270,56.505832466,236,1,56.374772845,56.660870227,0.286097382
12,2,-2.195421464,-7.814626843,56.259349550,56.069715348,162,1,55.540260886,56.606292669,1.066031784
12,3,-2.193252912,-7.604015747,56.401373139,56.393870547,65,1,56.275201750,56.507039680,0.231837930
12,4,-2.180382063,-7.456705776,56.508127122,56.502225756,82,1,56.416011467,56.600706425,0.184694957
12,5,-2.176253810,-7.322516191,56.370244072,56.386502842,79,1,56.294676133,56.488918609,0.194242476
12,6,-2.182998332,-7.160907343,56.219261794,56.164492447,63,1,56.031072692,56.297316091,0.266243399
12,7,-2.199493309,-7.004646475,56.321939409,56.310617584,55,1,56.244557522,56.374225651,0.129668129
12,8,-2.211679969,-6.875739953,56.159492217,56.165077869,43,1,56.085491732,56.227625313,0.142133581
12,19,-2.074791844,-5.177081253,56.005851225,56.005022738,23,1,55.969530943,56.058028652,0.088497709
12,20,-2.081806902,-5.051616622,55.963817953,55.954877621,41,1,55.886227843,56.020035524,0.133807682
12,21,-2.093188355,-4.908138645,55.848227988,55.853946681,46,1,55.760839796,55.933405509,0.172565713
12,22,-2.098604030,-4.766208583,55.887764778,55.907438916,46,1,55.770581884,56.013072844,0.242490961
12,23,-2.108324392,-4.614336758,55.962591876,55.968636831,43,1,55.825207929,56.088094093,0.262886164
12,24,-2.116160013,-4.458731382,55.760000944,55.780962408,41,1,55.668182244,55.909046581,0.240864338
12,25,-2.121608382,-4.302519296,55.889350333,55.879386960,43,1,55.805276554,55.953232181,0.147955626
12,26,-2.127437730,-4.158470469,55.888796870,55.874568223,40,1,55.782020365,55.945192473,0.163172108
12,27,-2.129703847,-4.009775343,55.977859894,55.966480114,36,1,55.888076781,56.038663784,0.150587002
12,28,-2.135483234,-3.863897554,56.081599164,56.099602305,35,1,56.034394264,56.180292687,0.145898424
12,29,-2.130602198,-3.712380953,55.885072745,55.918685749,46,1,55.793156936,56.025591728,0.232434792
12,30,-2.136348594,-3.550675316,56.282774341,56.254433743,45,1,56.143235582,56.380050041,0.236814459
12,31,-2.141965165,-3.408453846,56.414325330,56.396870056,44,1,56.339178759,56.484361323,0.145182563
12,32,-2.149298020,-3.257350301,56.208516869,56.241363817,45,1,56.166423765,56.323562965,0.157139200
12,33,-2.158729663,-3.107474825,56.187687213,56.198381915,42,1,56.123038753,56.237546425,0.114507673
12,34,-2.163197118,-2.962768411,56.193004691,56.211946631,36,1,56.138562470,56.300353225,0.161790755
12,35,-2.172158485,-2.817266484,56.172461789,56.177911563,37,1,56.091238804,56.254880800,0.163641996
12,36,-2.177847267,-2.661198053,56.077592263,56.098656055,37,1,56.008915199,56.164020236,0.155105037
12,37,-2.185586836,-2.512424653,56.085107568,56.089939226,33,1,56.015340468,56.169818332,0.154477864
12,38,-2.193513477,-2.362680599,56.163891803,56.157678117,32,1,56.058064489,56.224020502,0.165956013
12,39,-2.204777931,-2.204219107,56.031943168,56.022657974,34,1,55.983303585,56.079506272,0.096202687
12,40,-2.216074144,-2.051969032,56.000656122,56.002629270,35,1,55.930106077,56.060079682,0.129973605
12,41,-2.215343126,-1.909660188,55.995776568,56.019005858,33,1,55.929297876,56.051479341,0.122181465
12,42,-2.213519194,-1.766317733,56.144310072,56.163339995,34,1,56.105525517,56.242055156,0.136529639
12,43,-2.213532256,-1.603059362,56.171645614,56.151468881,25,1,56.038368996,56.284332243,0.245963247
12,44,-2.214703366,-1.517103227,56.188943775,56.207134436,8,1,56.152751341,56.256827597,0.104076256
13,1,-1.976715943,-7.903844194,55.535335193,55.648561987,101,1,55.373683432,55.994962216,0.621278784
13,2,-1.975391370,-7.757894901,56.223344273,56.199576979,61,1,56.114299620,56.291125519,0.176825899
13,3,-1.973704629,-7.607725268,56.326809305,56.318787813,57,1,56.256892836,56.378194147,0.121301311
13,4,-1.958580439,-7.456982887,56.281219043,56.285903440,63,1,56.202273565,56.406844511,0.204570946
13,5,-1.951030747,-7.306855501,56.243625033,56.222714222,53,1,56.170976512,56.310243610,0.139267098
13,6,-1.952520429,-7.161211427,56.029502521,56.020415776,48,1,55.941221091,56.116260668,0.175039576
13,7,-1.954902455,-7.011742910,56.107487641,56.117193482,57,1,55.990855988,56.234123850,0.243267862
13,8,-1.947722162,-6.863129144,56.068769273,56.083561030,51,1,56.030682783,56.162433013,0.131750229
13,9,-1.953145361,-6.702660949,56.031634026,56.043481471,37,1,55.971546542,56.135960757,0.164414215
13,10,-1.973382316,-6.556208638,55.925319934,55.947970994,31,1,55.886140904,56.024011377,0.137870473
13,11,-1.985379033,-6.406654663,56.092248759,56.067049835,35,1,55.993875815,56.146856105,0.152980291
13,12,-1.997176961,-6.254891993,56.176468420,56.191808406,33,1,56.125367568,56.245616015,0.120248447
13,13,-2.006894246,-6.105088155,56.197696212,56.172886438,36,1,56.104340030,56.262802848,0.158462817
13,14,-2.017369878,-5.957857862,56.148700828,56.159815195,36,1,56.084127379,56.236138513,0.152011133
13,15,-2.030500996,-5.810360191,56.024268145,56.023757398,40,1,55.936488386,56.104067060,0.167578674
13,16,-2.043782060,-5.657404900,56.047701546,56.047363247,43,1,55.964523767,56.140153626,0.175629859
13,17,-2.056009072,-5.509865067,55.939512055,55.922084545,50,1,55.861776710,56.012324955,0.150548245
13,18,-2.063820148,-5.357282714,55.804721178,55.789359536,41,1,55.717544543,55.881647267,0.164102724
13,19,-2.066168327,-5.255041672,55.789752816,55.752201693,15,1,55.634026481,55.909595174,0.275568693
14,54,-1.770933514,0.067903313,26.172580180,26.157639285,39,1,26.083084470,26.223839905,0.140755435
14,55,-1.775449561,0.187999842,26.096272734,26.082692401,49,1,26.007341649,26.131220516,0.123878867
14,56,-1.784555299,0.354459210,26.041192243,26.039249952,46,1,25.961677705,26.111980019,0.150302314
14,57,-1.791825074,0.496130434,26.022880850,26.042950417,48,1,25.961613079,26.108048768,0.146435689
14,58,-1.796558404,0.640679552,25.881204688,25.886596980,54,1,25.826760410,25.954700478,0.127940068
14,59,-1.799210195,0.791375201,25.929238818,25.898670293,56,1,25.779198892,25.998250783,0.219051892
14,60,-1.808041316,0.993805591,25.967744272,25.962626617,193,1,25.889801669,26.049021759,0.159220090
14,61,-1.790071643,1.036679771,25.759019518,25.763468035,71,1,25.692511605,25.828469937,0.135958332
15,40,-1.621493324,-2.054339128,26.066427812,26.094487877,40,1,26.002866380,26.219553839,0.216687460
15,41,-1.632538880,-1.914545580,26.187933575,26.172279842,41,1,26.084028522,26.259353004,0.175324482
15,42,-1.647997104,-1.756762271,26.221011216,26.221938082,45,1,26.181025732,26.253534001,0.072508269
15,43,-1.659186025,-1.606734815,26.218767026,26.181888949,39,1,26.116693432,26.277978767,0.161285335
15,44,-1.669573806,-1.465948786,26.145521356,26.150223832,45,1,26.079785284,26.213026022,0.133240737
15,45,-1.680693396,-1.311639598,26.129288213,26.134489184,44,1,26.070419144,26.215060999,0.144641855
15,46,-1.696992225,-1.154825988,26.134568716,26.134843272,39,1,26.056708373,26.205087527,0.148379154
15,47,-1.707375060,-1.011101606,26.139880100,26.104855257,46,1,25.997218161,26.194359908,0.197141747
15,48,-1.718534343,-0.860923199,26.233489110,26.237418271,48,1,26.178592867,26.300716511,0.122123644
15,49,-1.729994126,-0.707871073,26.039399372,26.079686211,55,1,25.947152533,26.248815742,0.301663209
15,50,-1.737524992,-0.564537025,26.073604199,26.103828160,69,1,25.990884964,26.203242028,0.212357064
15,51,-1.743957972,-0.407936195,26.138222667,26.151757248,58,1,26.044562948,26.292230563,0.247667615
15,52,-1.753146954,-0.258428107,26.169834768,26.167267999,56,1,26.095233465,26.232290510,0.137057045
15,53,-1.761118274,-0.102821430,26.201391384,26.217430503,55,1,26.140368933,26.271296621,0.130927688
15,54,-1.767432809,-0.010807391,25.989127279,25.987275066,14,1,25.920979423,26.034324158,0.113344735
16,30,-1.477114290,-3.548346768,26.365893184,26.417075287,33,1,26.296478433,26.529338792,0.232860359
16,31,-1.488873182,-3.406066506,26.354079200,26.328931825,45,1,26.290955186,26.392302012,0.101346826
16,32,-1.508729203,-3.257941193,26.412561697,26.459542583,47,1,26.346423583,26.576446226,0.230022643
16,33,-1.523336236,-3.109219907,26.391676345,26.363742676,41,1,26.259117885,26.452779175,0.193661290
16,34,-1.536941340,-2.959636607,26.281509001,26.287480118,40,1,26.226386897,26.375634219,0.149247322
16,35,-1.548079093,-2.814894670,26.159955251,26.180191614,40,1,26.085606095,26.260800021,0.175193926
16,36,-1.568109524,-2.662126827,26.231087258,26.251066184,36,1,26.155230653,26.350492445,0.195261792
16,37,-1.584801085,-2.508952519,26.141602847,26.144333536,46,1,26.048498213,26.241100337,0.192602123
16,38,-1.596768770,-2.362024167,26.166480431,26.167004439,41,1,26.109204382,26.264459744,0.155255362
16,39,-1.609971585,-2.217815881,26.058650654,26.066836606,43,1,26.001553567,26.131153723,0.129600155
16,40,-1.617739987,-2.130062009,26.178862131,26.178862131,2,1,26.153752681,26.203971582,0.050218901
17,22,-1.322449459,-4.729344306,49.310278632,39.448992767,37,2,26.409871983,49.453692102,23.043820119
17,23,-1.332580638,-4.610754050,26.527339633,36.874318705,68,2,26.357604923,49.376485922,23.018880998
17,24,-1.343044220,-4.458191887,26.834387844,37.532711369,64,2,26.322286018,49.436678153,23.114392135
17,25,-1.363382116,-4.308938858,26.453109866,37.224588418,65,2,26.255684104,49.228096343,22.972412238
17,26,-1.375943354,-4.159985394,37.909311357,37.823595536,68,2,26.210900061,49.357384337,23.146484276
17,27,-1.410229920,-4.009783330,26.607202181,36.662635662,74,2,26.327648272,49.451264497,23.123616226
17,28,-1.429897753,-3.857845433,26.609485212,36.872024920,68,2,26.433425301,49.320468369,22.887043067
17,29,-1.451183090,-3.708252022,26.470326570,36.723358947,66,2,26.270385511,49.225464895,22.955079384
17,30,-1.388933843,-3.577145765,49.245435783,45.672866769,38,2,49.122419001,49.362398438,0.239979438
17,31,-1.397508400,-3.409754049,49.353690125,49.369961991,34,1,49.251146795,49.468625589,0.217478794
17,32,-1.401927048,-3.264444678,49.501286113,49.509708789,33,1,49.444830252,49.568918782,0.124088530
17,33,-1.408670565,-3.111758205,49.451590565,49.437312363,35,1,49.328105937,49.568503689,0.240397751
17,34,-1.413414727,-2.962853545,49.471805501,49.466500268,34,1,49.429501731,49.539883119,0.110381388
17,35,-1.423137593,-2.805457844,49.327657495,49.353203942,37,1,49.270326226,49.410357563,0.140031337
17,36,-1.424171002,-2.654886020,49.375471297,49.405088257,41,1,49.281033544,49.528342153,0.247308609
17,37,-1.425848940,-2.509172254,49.419499671,49.397941017,42,1,49.259617930,49.489088291,0.229470362
17,38,-1.431392503,-2.364206516,49.335334977,49.335751725,39,1,49.259845536,49.391851665,0.132006130
17,39,-1.432278023,-2.211324863,49.409010016,49.413081170,39,1,49.270003386,49.534705496,0.264702110
17,40,-1.438829143,-2.055722241,49.393388771,49.390561157,34,1,49.316649720,49.445850770,0.129201050
17,41,-1.441035297,-1.916848569,49.555083545,49.534964437,37,1,49.442005536,49.621354748,0.179349212
17,42,-1.442207654,-1.757287250,49.383264844,49.387555927,36,1,49.317345291,49.456818660,0.139473369
17,43,-1.442602741,-1.607410466,49.306505145,49.329315185,34,1,49.234314906,49.430245877,0.195930971
17,44,-1.437939017,-1.460203656,49.371502320,49.353704443,35,1,49.307089297,49.421326569,0.114237272
17,45,-1.441631652,-1.301721997,49.510563701,49.520199135,35,1,49.449598527,49.575255137,0.125656610
17,46,-1.442124691,-1.155659974,49.545118729,49.512066267,38,1,49.342510443,49.671340343,0.328829900
17,47,-1.439710029,-1.008969524,49.504142494,49.496115689,38,1,49.396125715,49.619976336,0.223850621
17,48,-1.434303336,-0.850360979,49.455780480,49.440616861,35,1,49.375910079,49.504253807,0.128343728
17,49,-1.431857230,-0.708839558,49.601291205,49.604864891,34,1,49.527998022,49.681582733,0.153584710
17,50,-1.428681273,-0.562509146,49.637014880,49.641873030,32,1,49.545301034,49.759833348,0.214532314
17,51,-1.432509094,-0.412290655,49.620020228,49.575596677,33,1,49.404021940,49.701938886,0.297916946
17,52,-1.431225565,-0.259611127,49.491855802,49.473282698,33,1,49.412317201,49.544477338,0.132160138
17,53,-1.429630812,-0.108596638,49.474191689,49.484164747,32,1,49.416223890,49.572764044,0.156540154
17,54,-1.423458727,0.041533536,49.480322004,49.461711705,33,1,49.428641532,49.524535465,0.095893934
17,55,-1.418728337,0.188402892,49.556931133,49.585034707,32,1,49.445371171,49.746233131,0.300861960
17,56,-1.416582033,0.333458679,49.715458756,49.684475219,35,1,49.617706972,49.748253174,0.130546202
17,57,-1.413123461,0.499171592,49.564912111,49.566619882,37,1,49.496385039,49.648048233,0.151663194
17,58,-1.394309278,0.633969710,49.557777501,49.567953203,47,1,49.474667356,49.681723710,0.207056354
17,59,-1.387039697,0.796907092,49.646081409,49.660430307,49,1,49.585439138,49.746966197,0.161527060
17,60,-1.369776006,0.989990764,49.441804520,49.360578829,255,1,49.189207245,49.580336398,0.391129153
18,2,-1.168408951,-7.706003709,25.241310202,25.410891996,14,1,25.169909794,25.809474851,0.639565056
18,3,-1.170454790,-7.642650997,25.578863296,25.133184169,84,1,24.320847625,25.734037955,1.413190330
18,4,-1.172759709,-7.407319239,25.782434994,25.781153808,15,1,25.699960387,25.838612953,0.138652566
18,5,-1.174033921,-7.313971893,25.651351899,25.689103057,43,1,25.608357700,25.746288641,0.137930941
18,6,-1.181120675,-7.154609350,25.690954498,25.717218096,48,1,25.608497334,25.813627730,0.205130396
18,7,-1.181539223,-7.009583459,25.813463842,25.795064560,49,1,25.703608667,25.893382825,0.189774158
18,8,-1.189031644,-6.849011819,25.782215145,25.779231905,56,1,25.692589768,25.854533153,0.161943385
18,9,-1.195718273,-6.705809113,25.819305812,28.522932422,62,2,25.688153061,25.941070032,0.252916971
18,10,-1.199114554,-6.562783438,25.930066359,36.193077690,74,2,25.842450946,49.768513646,23.926062700
18,11,-1.210428808,-6.413682496,25.942935814,35.598829303,73,2,25.815610159,49.559044928,23.743434769
18,12,-1.211809749,-6.260936491,26.145355365,36.327639622,64,2,25.954479970,49.639962391,23.685482421
18,13,-1.216543345,-6.112726681,26.158599071,37.025429382,62,2,25.964081719,49.609472764,23.645391045
18,14,-1.215284664,-5.961622264,25.987803280,36.994403230,64,2,25.819370232,49.619877782,23.800507550
18,15,-1.240061667,-5.810282031,49.623080483,38.423063488,65,2,25.960332046,49.817596485,23.857264439
18,16,-1.229065364,-5.654217750,26.271881461,37.785147849,69,2,26.030956464,49.863975831,23.833019367
18,17,-1.241336349,-5.509534565,26.216644483,37.607517655,69,2,26.000017661,49.554996564,23.554978903
18,18,-1.272578374,-5.365427644,49.299944626,38.496823048,68,2,26.055650568,49.579357324,23.523706756
18,19,-1.285446452,-5.208733765,49.320253583,38.677141072,61,2,25.929991536,49.500421753,23.570430216
18,20,-1.295733099,-5.064471436,49.234347773,37.965381983,61,2,26.137622200,49.440051836,23.302429636
18,21,-1.306019355,-4.911557860,49.298621480,38.144247017,62,2,26.060485589,49.415197677,23.354712088
18,22,-1.314469114,-4.807659702,26.291699815,36.867239043,26,2,26.168324756,49.292673524,23.124348768
19,1,-1.059324515,-7.849903924,48.433512139,48.556297358,158,1,47.824402648,49.347378587,1.522975939
19,2,-1.064028177,-7.723978231,49.637893572,40.649223688,132,2,25.664945444,49.795746311,24.130800867
19,3,-1.166288548,-7.639965136,25.775705580,35.055058564,166,2,24.512995843,49.636705848,25.123710004
19,4,-1.093467124,-7.473718882,49.682235694,39.758477694,91,2,25.724914558,49.863332086,24.138417529
19,5,-1.105611800,-7.302290097,49.918220552,49.929875231,53,1,49.855289162,50.018319781,0.163030618
19,6,-1.116313976,-7.166751379,49.879333999,49.873622607,50,1,49.745932908,49.975851884,0.229918975
19,7,-1.131301308,-7.018656530,49.729184742,49.746896678,38,1,49.620078105,49.832264939,0.212186834
19,8,-1.143301441,-6.857856850,49.831635229,49.833010186,39,1,49.756573894,49.908134633,0.151560739
19,9,-1.163979221,-6.717297059,49.996940728,49.992320562,23,1,49.945244563,50.048099199,0.102854637
21,30,-0.718169355,-3.486722245,51.664334049,51.664334049,1,1,51.664334049,51.664334049,0.000000000
21,31,-0.719036852,-3.385819057,51.754368897,51.711360478,31,1,51.592914051,51.784264578,0.191350528
21,32,-0.726233491,-3.260035757,51.675362238,51.682217581,42,1,51.580644470,51.795530466,0.214885995
21,33,-0.735264854,-3.111531248,51.772746342,51.797389099,40,1,51.717077625,51.864923411,0.147845787
21,34,-0.745542219,-2.963613253,51.605884181,51.631307979,38,1,51.536586017,51.704194780,0.167608763
21,35,-0.752414302,-2.812956446,51.641963166,51.672774759,37,1,51.591630559,51.766390623,0.174760065
21,36,-0.760900470,-2.655870846,51.623900616,51.629127733,35,1,51.553149219,51.720131437,0.166982217
21,37,-0.772902926,-2.505482190,51.538833899,51.524103900,35,1,51.440463567,51.591118835,0.150655268
21,38,-0.779725667,-2.358398211,51.648874049,51.659998216,41,1,51.573506180,51.730748013,0.157241833
21,39,-0.788693451,-2.190918766,51.645694467,51.645774803,68,1,51.576604651,51.733961245,0.157356594
21,40,-0.796179085,-2.064633478,51.473452207,51.472202333,62,1,51.354061770,51.552339500,0.198277730
21,41,-0.803865937,-1.911299327,51.412978913,51.424758507,50,1,51.356323646,51.515680380,0.159356734
21,42,-0.815953021,-1.760023159,51.359262173,51.360043601,51,1,51.298914569,51.416653110,0.117738541
21,43,-0.819699358,-1.608470567,51.421664849,51.434484101,51,1,51.222485262,51.574602676,0.352117414
21,44,-0.823467142,-1.463186315,51.590744787,51.634701407,45,1,51.523705371,51.778385554,0.254680183
21,45,-0.828545731,-1.304611978,51.511117475,51.505865093,38,1,51.467542476,51.582600841,0.115058365
21,46,-0.833179404,-1.165212248,51.435451941,51.472111592,37,1,51.387159473,51.558200505,0.171041032
21,47,-0.837852480,-1.016408380,51.432766611,51.455399076,35,1,51.364940783,51.558510280,0.193569497
21,48,-0.844128827,-0.856052116,51.172021287,51.182195654,33,1,51.086137939,51.303433155,0.217295216
21,49,-0.846100282,-0.704440607,51.266339206,51.268833173,30,1,51.190357498,51.308186406,0.117828908
21,50,-0.848532031,-0.559268390,51.186201765,51.201880346,32,1,51.135710385,51.255578855,0.119868470
21,51,-0.851883502,-0.410413892,51.321298558,51.303210549,31,1,51.210754767,51.413979693,0.203224926
21,52,-0.855593214,-0.262064417,51.211800283,51.249113006,31,1,51.121445037,51.372696453,0.251251416
21,53,-0.856562325,-0.113900400,51.112147927,51.095333986,31,1,50.986107103,51.208755164,0.222648061
21,54,-0.858440436,0.039128345,51.045889726,51.051010447,31,1,50.970689793,51.138799801,0.168110008
21,55,-0.860710816,0.195507481,51.053946063,51.027071410,36,1,50.917851929,51.112309644,0.194457715
21,56,-0.856929035,0.345039088,51.175888095,51.197185853,39,1,51.039817401,51.354938041,0.315120641
21,57,-0.856194269,0.490516609,51.198408704,51.203060992,51,1,51.068959908,51.326800538,0.257840630
21,58,-0.857678196,0.629486770,51.148622044,51.136353944,47,1,51.058915326,51.245224438,0.186309112
21,59,-0.855035602,0.792527527,51.330739813,51.332285691,49,1,51.214152884,51.436712680,0.222559796
21,60,-0.846840844,0.978326384,51.176182796,50.682979523,181,1,50.118504914,51.298128828,1.179623915
22,15,-0.573778106,-5.800295296,51.545222331,51.558202203,30,1,51.492482713,51.659952050,0.167469337
22,16,-0.584308898,-5.662530383,51.413514354,51.429612491,37,1,51.366194084,51.499649803,0.133455719
22,17,-0.590191130,-5.507537505,51.470144923,51.479046535,32,1,51.431726648,51.538199060,0.106472412
22,18,-0.602860096,-5.358214562,51.529205800,51.576464892,31,1,51.448357397,51.701893064,0.253535668
22,19,-0.614547589,-5.205064469,51.636427778,51.611885716,33,1,51.501584595,51.676230456,0.174645861
22,20,-0.625819650,-5.062473690,51.614509991,51.650591522,32,1,51.566110533,51.714167212,0.148056680
22,21,-0.637175829,-4.917568721,51.688095024,51.685446228,32,1,51.629466282,51.751437125,0.121970843
22,22,-0.646837121,-4.759873942,51.599470641,51.604368421,34,1,51.543321083,51.688332410,0.145011327
22,23,-0.653157109,-4.612631543,51.397846805,51.424844428,32,1,51.295398274,51.564027088,0.268628814
22,24,-0.663785018,-4.465420706,51.303408936,51.325669009,33,1,51.236127017,51.373984871,0.137857854
22,25,-0.672845621,-4.316433611,51.543740397,51.539821249,37,1,51.462071651,51.622922968,0.160851317
22,26,-0.681898233,-4.153869239,51.476699484,51.494069363,42,1,51.388719964,51.589447973,0.200728009
22,27,-0.686005377,-4.002442675,51.424534588,51.413475072,41,1,51.324680819,51.510289811,0.185608992
22,28,-0.696231370,-3.861189405,51.431641368,51.462844511,42,1,51.331471483,51.521700893,0.190229410
22,29,-0.706145030,-3.719297207,51.590597928,51.587938803,42,1,51.506217822,51.675358144,0.169140322
22,30,-0.712016706,-3.566858284,51.667643759,51.668438928,46,1,51.555894827,51.762890669,0.206995842
22,31,-0.717601041,-3.422710497,51.501443002,51.504058267,16,1,51.434736769,51.571999144,0.137262375
23,3,-0.421210665,-7.596973388,50.827212705,51.081481259,89,1,50.550564430,51.809591960,1.259027530
23,4,-0.435078998,-7.463071841,51.811209668,51.809687171,54,1,51.728373399,51.889993366,0.161619967
23,5,-0.449969130,-7.311311248,51.848954636,51.869014002,38,1,51.790738166,51.911469439,0.120731274
23,6,-0.466220194,-7.163919816,51.903244664,51.915885693,35,1,51.825199455,52.008748187,0.183548732
23,7,-0.481135972,-7.006217077,51.798777288,51.774977917,32,1,51.663873582,51.865774572,0.201900991
23,8,-0.493891244,-6.855894285,51.848584168,51.859375950,36,1,51.810024000,51.940156243,0.130132244
23,9,-0.503074064,-6.709244703,51.762522269,51.752008228,35,1,51.670489160,51.858426585,0.187937424
23,10,-0.513321527,-6.561014006,51.822212416,51.825748728,37,1,51.647146877,51.941172464,0.294025587
23,11,-0.527558248,-6.406913496,51.883168291,51.896054271,39,1,51.820269271,51.975701679,0.155432407
23,12,-0.538284115,-6.258592501,51.832310057,51.853007190,45,1,51.775073906,51.904544511,0.129470605
23,13,-0.551652482,-6.109594292,51.779621413,51.793921404,44,1,51.687162185,51.875844554,0.188682369
23,14,-0.563619365,-5.959730970,51.650601203,51.614227522,36,1,51.511950152,51.729642678,0.217692525
23,15,-0.567168614,-5.877382899,51.516422010,51.491290351,4,1,51.426378389,51.581333971,0.154955582
24,2,-0.412579057,-7.699080034,51.435560992,51.457747935,31,1,51.294414296,51.637389524,0.342975229
24,3,-0.414751088,-7.661864872,51.814547669,51.728545248,48,1,51.666016706,51.922359681,0.256342976
24,46,-0.268773221,-1.094215266,52.483604265,52.491800474,3,1,52.456007437,52.523495407,0.067487970
24,47,-0.270911660,-1.010913924,52.574512838,52.555221390,33,1,52.473554486,52.635151743,0.161597257
24,48,-0.275883731,-0.863121960,52.551838903,52.539394516,32,1,52.467661786,52.625248948,0.157587162
24,49,-0.277865077,-0.712239105,52.616910313,52.626613886,35,1,52.569985393,52.720869866,0.150884473
24,50,-0.282420645,-0.550835293,52.573605211,52.569614319,45,1,52.472170330,52.617774427,0.145604096
24,51,-0.281490749,-0.408402833,52.468992572,52.469069175,54,1,52.403181583,52.536872587,0.133691004
24,52,-0.284684055,-0.250601590,52.730063843,52.714938984,76,1,52.636495915,52.813712851,0.177216936
24,53,-0.290017565,-0.128055727,52.603906846,52.620532694,76,1,52.538210339,52.702173544,0.163963205
24,54,-0.285793042,0.037489680,52.602268942,52.607699649,50,1,52.522886610,52.691284671,0.168398061
24,55,-0.287938768,0.190739566,52.675337276,52.675626003,46,1,52.622936936,52.738524779,0.115587843
24,56,-0.289112114,0.337413551,52.692347591,52.711774360,44,1,52.603677163,52.806133000,0.202455837
24,57,-0.288768701,0.494485749,52.590536719,52.587707367,48,1,52.517735735,52.658488933,0.140753198
24,58,-0.286705453,0.646913396,52.706664193,52.710637271,43,1,52.602144456,52.776938086,0.174793630
24,59,-0.285765900,0.855056481,52.734616232,52.736439515,192,1,52.641769228,52.841356496,0.199587269
24,60,-0.283060650,0.891527065,52.499844177,52.497199480,88,1,52.388995948,52.631641353,0.242645405
25,16,-0.118998475,-5.590651209,53.350051525,53.323795893,4,1,53.301790734,53.372056684,0.070265951
25,17,-0.124648818,-5.503559277,53.348102536,53.348398943,38,1,53.240069529,53.418582304,0.178512775
25,18,-0.128390344,-5.354610007,53.316573544,53.323054954,35,1,53.278356996,53.383662587,0.105305591
25,19,-0.136028896,-5.211980967,53.301651107,53.293576790,32,1,53.221156913,53.392544461,0.171387548
25,20,-0.143104581,-5.068489606,53.085660917,53.137826268,31,1,53.008897607,53.201859945,0.192962338
25,21,-0.152382019,-4.903977461,53.049518295,53.062808621,30,1,52.984260649,53.134550150,0.150289501
25,22,-0.157396902,-4.752756565,53.027962166,53.021969164,27,1,52.948849474,53.096930289,0.148080814
25,23,-0.156247329,-4.608309084,53.095844600,53.091849419,32,1,53.055928415,53.152127529,0.096199114
25,24,-0.157512948,-4.472850765,52.991767923,52.972605746,34,1,52.890646554,53.073649344,0.183002790
25,25,-0.163187322,-4.318791520,52.964876111,52.943095872,31,1,52.866250140,53.017370118,0.151119978
25,26,-0.170423428,-4.152367229,52.960077622,53.004785040,28,1,52.910170552,53.083404265,0.173233714
25,27,-0.174785097,-4.011732351,52.937786766,52.940696542,26,1,52.837690700,53.043899645,0.206208944
25,28,-0.181536902,-3.867603777,52.841027960,52.813699217,33,1,52.749087151,52.916195286,0.167108135
25,29,-0.182966059,-3.705281743,52.946525528,52.936464688,37,1,52.833163303,53.062503353,0.229340050
25,30,-0.190740242,-3.554475106,52.883513337,52.873650518,56,1,52.817773265,52.931906349,0.114133084
25,31,-0.194920769,-3.407104585,52.839248438,52.794664663,78,1,52.711291916,52.889603916,0.178311999
25,32,-0.203257396,-3.263590258,52.669587928,52.665889482,54,1,52.570649305,52.762590888,0.191941583
25,33,-0.210783761,-3.116469664,52.650293408,52.683596133,45,1,52.578145289,52.773139347,0.194994058
25,34,-0.220873148,-2.962618900,52.618099589,52.612667957,44,1,52.500036414,52.724107807,0.224071393
25,35,-0.223607021,-2.801035183,52.710022781,52.725070453,45,1,52.636342044,52.794314945,0.157972902
25,36,-0.226624923,-2.648843607,52.644954372,52.632521860,47,1,52.526860967,52.717592892,0.190731925
25,37,-0.227856916,-2.508168847,52.605791740,52.597564159,51,1,52.510900999,52.691678672,0.180777673
25,38,-0.231453580,-2.361147284,52.675176457,52.660810701,43,1,52.575116389,52.745295268,0.170178879
25,39,-0.236514389,-2.213345060,52.655112872,52.631293806,36,1,52.515587368,52.735034634,0.219447266
25,40,-0.237560821,-2.058497933,52.607912259,52.587097087,35,1,52.516582149,52.660135615,0.143553466
25,41,-0.236861779,-1.909840735,52.532124014,52.543947393,35,1,52.486169744,52.591133161,0.104963417
25,42,-0.232675769,-1.760909063,52.576324911,52.578156930,35,1,52.502943044,52.626675999,0.123732954
25,43,-0.238880842,-1.608164395,52.657290479,52.656370728,38,1,52.601171308,52.711319274,0.110147967
25,44,-0.245121527,-1.454698762,52.737746149,52.767540609,33,1,52.692605831,52.829656395,0.137050565
25,45,-0.254299992,-1.307603023,52.684973377,52.656906260,31,1,52.518423472,52.771054580,0.252631108
25,46,-0.262853157,-1.169052903,52.618876749,52.609152492,30,1,52.491706968,52.681539434,0.189832466
26,2,0.002627658,-7.733197529,51.696678619,51.991794560,131,1,51.564290668,52.516281455,0.951990787
26,3,-0.012331000,-7.625741353,53.223545454,53.210524998,74,1,53.126196689,53.322880273,0.196683584
26,4,-0.019555685,-7.463595682,53.083030639,53.111008080,43,1,52.989146990,53.179154521,0.190007531
26,5,-0.031000296,-7.314891719,53.266455057,53.262090305,34,1,53.197939730,53.339539918,0.141600188
26,6,-0.040153341,-7.163826112,53.390351479,53.385626633,29,1,53.345855194,53.438034468,0.092179274
26,7,-0.049338886,-7.011925506,53.429112794,53.408700129,28,1,53.334579937,53.487228034,0.152648097
26,8,-0.059009400,-6.858120880,53.508777603,53.507913606,29,1,53.444824392,53.579469917,0.134645525
26,9,-0.070038947,-6.706764242,53.520079310,53.497008528,29,1,53.401600782,53.552315434,0.150714652
26,10,-0.080724427,-6.563829170,53.473956980,53.493539308,27,1,53.432821158,53.560193264,0.127372106
26,11,-0.086475019,-6.415817103,53.433739598,53.433629634,26,1,53.385466813,53.505500603,0.120033790
26,12,-0.094121845,-6.263223197,53.471182872,53.481791108,29,1,53.406036145,53.566252845,0.160216700
26,13,-0.101820727,-6.104757872,53.417558997,53.435383909,32,1,53.336220576,53.568081679,0.231861103
26,14,-0.109306603,-5.953306052,53.264028571,53.295170863,39,1,53.207885257,53.347669302,0.139784045
26,15,-0.112605274,-5.808695917,53.438811625,53.442653844,45,1,53.377351375,53.500579898,0.123228523
26,16,-0.115163532,-5.676378798,53.355000598,53.353100088,40,1,53.301037623,53.407940280,0.106902658
28,46,0.325681725,-1.150054990,51.938756771,51.976624266,41,1,51.895131678,52.081736855,0.186605177
28,47,0.320249344,-1.010146383,51.952009510,51.930594113,39,1,51.866972387,52.001813191,0.134840804
28,48,0.309941440,-0.870140539,51.915599324,51.901520330,37,1,51.816598716,51.968941787,0.152343071
28,49,0.298526296,-0.709242272,51.742873751,51.760521627,40,1,51.651961759,51.907158355,0.255196596
28,50,0.290364816,-0.553871465,51.929076764,51.911987832,38,1,51.828358866,52.006222837,0.177863971
28,51,0.281847313,-0.410764086,51.815777795,51.823574624,44,1,51.753087762,51.913047587,0.159959825
28,52,0.270123616,-0.257263802,51.661250418,51.675240647,44,1,51.496854467,51.814737545,0.317883079
28,53,0.262298349,-0.109456682,51.707120402,51.680702613,42,1,51.570647863,51.771732203,0.201084340
28,54,0.257893221,0.025511011,51.552002335,51.559438744,39,1,51.448079040,51.645263953,0.197184913
28,55,0.253047574,0.190974325,51.677796764,51.670411810,45,1,51.596611010,51.731137824,0.134526814
28,56,0.246186394,0.343050466,51.636985159,51.653694444,38,1,51.552448756,51.740945315,0.188496558
28,57,0.238032683,0.492287430,51.677037116,51.658377289,40,1,51.577737233,51.755952778,0.178215544
28,58,0.234540442,0.636031238,51.811421355,51.826590443,47,1,51.769999892,51.906595823,0.136595931
28,59,0.232928132,0.812280183,51.878669343,51.887439380,138,1,51.784800517,51.972528851,0.187728335
28,60,0.228962564,0.953590324,51.927585924,51.915557327,107,1,51.831493885,52.012300070,0.180806185
28,61,0.231338343,1.058509666,51.422433674,51.393612457,134,1,51.050819715,51.720182784,0.669363068
29,0,0.481697743,-8.076461797,52.280314180,52.364896345,5,1,52.265780834,52.423765279,0.157984445
29,1,0.481066846,-7.849714526,51.916640766,51.918134805,8,1,51.848707528,52.043794356,0.195086828
29,2,0.481588142,-7.819897024,52.154358393,52.171426844,9,1,52.093654271,52.309394838,0.215740567
29,5,0.476557079,-7.295195164,52.008600461,52.013159010,25,1,51.848250389,52.118033044,0.269782656
29,6,0.472790203,-7.165310338,52.035808485,52.002322027,35,1,51.870826114,52.109524917,0.238698803
29,7,0.469355164,-7.007710637,51.939327909,51.971481825,35,1,51.894735845,52.072685731,0.177949886
29,8,0.467410821,-6.856905992,52.000871460,51.987207487,44,1,51.944804150,52.025137579,0.080333429
29,9,0.465013605,-6.705048541,52.017639436,51.999149176,42,1,51.940042889,52.075343646,0.135300757
29,10,0.452084671,-6.555419521,52.154779713,52.141330418,45,1,52.063554439,52.207061355,0.143506917
29,11,0.445099647,-6.415252177,52.269769070,52.259144726,51,1,52.159432729,52.343226298,0.183793569
29,12,0.435882179,-6.267792758,52.251403755,52.249760969,49,1,52.180849358,52.328066490,0.147217132
29,13,0.429075070,-6.113175263,51.910713567,51.928870888,41,1,51.807582137,52.029220121,0.221637984
29,14,0.423557476,-5.954936725,51.927025765,51.951544262,41,1,51.863171233,52.038983472,0.175812239
29,15,0.417940636,-5.805706410,51.991558164,51.972491759,46,1,51.863386191,52.039255250,0.175869058
29,16,0.413983904,-5.663839610,52.007331729,51.996959775,49,1,51.937641413,52.086069451,0.148428038
29,17,0.407981319,-5.511422400,52.063986503,52.053845460,44,1,51.972384176,52.151396536,0.179012360
29,18,0.400324392,-5.364613791,51.995541172,51.979242847,39,1,51.879647395,52.102605482,0.222958087
29,19,0.393730652,-5.210221809,51.756831916,51.742731346,42,1,51.666249521,51.818819922,0.152570401
29,20,0.387266162,-5.050505022,51.681513499,51.696674105,39,1,51.619347825,51.761808595,0.142460770
29,21,0.386612540,-4.903184754,51.745477772,51.779254633,39,1,51.679878720,51.894383176,0.214504456
29,22,0.382212156,-4.759583993,52.052983824,52.046911993,41,1,51.963116995,52.137809491,0.174692497
29,23,0.374257378,-4.615171543,51.855334432,51.853736063,41,1,51.764382642,51.951171940,0.186789298
29,24,0.370500956,-4.461322465,51.986121200,51.968864789,47,1,51.847847282,52.058636597,0.210789315
29,25,0.367237937,-4.298456316,52.105213708,52.106227613,81,1,52.023713006,52.197924587,0.174211580
29,26,0.364520409,-4.169636239,51.956226405,51.958090534,54,1,51.878489292,52.055651945,0.177162653
29,27,0.360797584,-4.016206400,52.023933635,52.049702628,48,1,51.938683945,52.181079266,0.242395320
29,28,0.362713790,-3.858883211,52.112334310,52.098674402,52,1,52.002659572,52.201318550,0.198658978
29,29,0.361845752,-3.711617307,52.149117107,52.134546919,59,1,52.047116778,52.224561255,0.177444477
29,30,0.362198993,-3.558027860,51.806932559,51.832919227,46,1,51.735693262,51.910938031,0.175244769
29,31,0.363224788,-3.423987915,51.703986334,51.712883610,36,1,51.650448913,51.793308250,0.142859337
29,32,0.367305513,-3.268579094,51.708426551,51.718916500,41,1,51.637878004,51.778861531,0.140983528
29,33,0.373539087,-3.103821006,51.727113874,51.737459230,33,1,51.663592041,51.826708706,0.163116665
29,34,0.381494859,-2.957120635,51.742462440,51.745278573,35,1,51.678037766,51.798340886,0.120303120
29,35,0.385427233,-2.814129551,51.577046554,51.579676698,35,1,51.454129494,51.705737255,0.251607761
29,36,0.380051968,-2.664050621,51.645247633,51.630260886,34,1,51.552187150,51.702583734,0.150396584
29,37,0.376717855,-2.505444247,51.622764999,51.602993467,35,1,51.512450467,51.679024109,0.166573642
29,38,0.376823114,-2.355836507,51.701277099,51.708460082,33,1,51.627528110,51.795419573,0.167891463
29,39,0.371755498,-2.219552710,51.637515974,51.659619049,34,1,51.600044054,51.739250965,0.139206911
29,40,0.368210643,-2.069653302,51.706294094,51.729707821,37,1,51.654098266,51.803594956,0.149496690
29,41,0.360680681,-1.906671220,51.592978595,51.602550548,35,1,51.492949511,51.710022479,0.217072968
29,42,0.351154842,-1.746240467,51.739206937,51.733167870,44,1,51.635935382,51.804612044,0.168676662
29,43,0.345704540,-1.604577846,51.793983173,51.812066818,81,1,51.679240524,51.935375708,0.256135184
29,44,0.336295689,-1.467822703,52.071543047,52.071356591,57,1,52.007929002,52.149740610,0.141811607
29,45,0.336067641,-1.312495950,52.018772510,52.012135581,46,1,51.936028876,52.081923509,0.145894633
29,46,0.331934152,-1.232482758,51.891514434,51.891514434,1,1,51.891514434,51.891514434,0.000000000
30,0,0.485856047,-8.060491934,52.123546341,51.991061173,269,1,51.722832408,52.376879011,0.654046603
30,1,0.484789894,-7.933274211,52.127447470,52.123944012,34,1,52.029687923,52.200783879,0.171095956
30,2,0.485022361,-7.743061089,52.150750651,52.174559905,29,1,52.087949894,52.248104332,0.160154437
30,3,0.489201568,-7.601510124,52.134873537,52.120404253,40,1,52.058688830,52.180406430,0.121717600
30,4,0.489088606,-7.456575871,52.056716297,52.040656726,35,1,51.991424857,52.089418702,0.097993844
30,5,0.484971715,-7.363336965,52.013917802,52.012445033,8,1,51.966842157,52.044946717,0.078104560
32,51,0.929207412,-0.353470962,53.279061403,53.216355284,13,1,53.111112068,53.314154366,0.203042299
32,52,0.928931485,-0.225285518,53.346303249,53.353604233,27,1,53.301316543,53.408254424,0.106937881
32,53,0.921444691,-0.101914747,53.143221795,53.135981656,61,1,53.046139104,53.209603839,0.163464734
32,54,0.918204069,0.036327345,53.054020069,53.024135283,70,1,52.920784165,53.122523403,0.201739238
32,55,0.916027824,0.182785259,53.210577859,53.213226748,52,1,53.138667184,53.288974268,0.150307084
32,56,0.901662552,0.343243319,53.102843889,53.136368225,41,1,53.027829776,53.223589108,0.195759333
32,57,0.896824877,0.496908068,53.298110353,53.267813793,46,1,53.128521975,53.379696874,0.251174899
32,58,0.895445696,0.650107194,53.073970949,53.100887805,83,1,52.956886326,53.244589436,0.287703110
32,59,0.895612374,0.774797907,52.914847890,52.903840369,99,1,52.791578899,53.007867170,0.216288271
32,60,0.893153446,0.996215839,53.011470018,52.999944285,174,1,52.901613387,53.106680572,0.205067185
32,61,0.895996631,1.025766986,52.921335831,52.809831679,273,1,52.728151573,53.033048138,0.304896565
33,38,1.078150477,-2.316203310,53.342487682,53.374438246,19,1,53.316555699,53.464539211,0.147983512
33,39,1.064419715,-2.218851947,53.378274527,53.354370770,50,1,53.237646349,53.454937412,0.217291064
33,40,1.047383811,-2.063340548,53.230580163,53.239539613,54,1,53.180354819,53.344903909,0.164549090
33,41,1.037924689,-1.913354647,53.197352403,53.210258478,53,1,53.077797724,53.340822064,0.263024340
33,42,1.023936782,-1.757456628,53.339634622,53.342027203,55,1,53.275433076,53.412732009,0.137298933
33,43,1.008110565,-1.607472572,53.325598572,53.318868583,56,1,53.225140984,53.375806144,0.150665160
33,44,0.996361976,-1.452702928,53.381152990,53.387327486,61,1,53.312571272,53.459722594,0.147151322
33,45,0.989015681,-1.319805015,53.573389873,53.572992141,57,1,53.513838266,53.630484806,0.116646540
33,46,0.972425187,-1.165962084,53.514318155,53.508092058,42,1,53.413890235,53.599988930,0.186098694
33,47,0.958166530,-1.007846791,53.554658870,53.563631450,52,1,53.493864996,53.641042622,0.147177626
33,48,0.950248163,-0.850880167,53.316450760,53.304381904,64,1,53.183272328,53.402082360,0.218810031
33,49,0.948576344,-0.711879713,53.323126111,53.335670144,76,1,53.257600041,53.413066893,0.155466852
33,50,0.940656090,-0.530135627,53.206607441,53.197371737,106,1,53.130210783,53.280967463,0.150756680
33,51,0.935829765,-0.434619463,53.088640755,53.113921283,59,1,53.021745659,53.210532210,0.188786551
33,52,0.933640303,-0.285184861,53.252718115,53.217609471,25,1,53.105577994,53.295063356,0.189485362
34,29,1.224862896,-3.677100463,53.292687532,53.305848433,26,1,53.209719951,53.384965713,0.175245762
34,30,1.212725055,-3.565738950,53.336620667,53.353148341,41,1,53.290068026,53.428526101,0.138458074
34,31,1.192665237,-3.405383058,53.467453417,53.478819546,46,1,53.378650837,53.570807429,0.192156591
34,32,1.177420342,-3.253987475,53.370688506,53.367913946,50,1,53.267346602,53.447814038,0.180467436
34,33,1.161511518,-3.110008291,53.405818408,53.401868913,55,1,53.323771018,53.484110148,0.160339130
34,34,1.142760640,-2.968561909,53.561593346,53.551355602,46,1,53.479345288,53.642465591,0.163120303
34,35,1.126886612,-2.816026870,53.592864309,53.563162367,43,1,53.466855668,53.655158409,0.188302740
34,36,1.109392292,-2.669895791,53.435432048,53.451462826,53,1,53.367782548,53.524584136,0.156801588
34,37,1.093686626,-2.503636742,53.349364953,53.354401288,59,1,53.280875985,53.428853775,0.147977790
34,38,1.082506647,-2.373555774,53.373898147,53.388887356,45,1,53.263021874,53.504598555,0.241576681
34,60,1.198086811,0.988017086,50.514161654,50.544475149,8,1,50.491391904,50.544966414,0.053574510
35,22,1.371306431,-4.758425753,53.344639170,53.372953446,40,1,53.291612602,53.466247586,0.174634984
35,23,1.351852466,-4.615395582,53.347577230,53.339130153,43,1,53.242208574,53.450564140,0.208355565
35,24,1.329805078,-4.456616909,53.438580197,53.449972501,37,1,53.382206041,53.518063550,0.135857509
35,25,1.309110115,-4.310805408,53.207076699,53.225053951,37,1,53.137238559,53.284915552,0.147676993
35,26,1.289036730,-4.156259461,53.262255725,53.264414010,39,1,53.198060103,53.303751812,0.105691709
35,27,1.272262550,-4.011921317,53.167238222,53.173344876,38,1,53.095970645,53.247405375,0.151434729
35,28,1.251556044,-3.856361463,53.109441966,53.104503713,44,1,53.035850024,53.184838602,0.148988578
35,29,1.238656233,-3.751073345,53.162595064,53.184008348,20,1,53.043144968,53.282106130,0.238961162
35,46,1.377490235,-1.156733018,52.474311900,52.511419194,36,1,52.401682858,52.575508957,0.173826099
35,47,1.362948336,-1.003443460,52.403272872,52.397061510,35,1,52.288195340,52.503086126,0.214890786
35,48,1.357039338,-0.857137964,52.237320862,52.223409807,37,1,52.155375109,52.284404302,0.129029194
35,49,1.347409819,-0.704999810,52.179001138,52.195338672,42,1,52.097295234,52.300994845,0.203699611
35,50,1.341061905,-0.562677273,52.315404447,52.309329486,44,1,52.228744560,52.400963404,0.172218843
35,51,1.336810744,-0.412029805,52.290385133,52.330705434,46,1,52.235976842,52.448249436,0.212272593
35,52,1.328292021,-0.253051907,52.267364633,52.291497538,47,1,52.203699096,52.394521984,0.190822888
35,53,1.320909040,-0.102021027,52.239384748,52.246278335,47,1,52.149875805,52.334137692,0.184261887
35,54,1.311033619,0.043536446,52.210434637,52.193586460,60,1,52.110842496,52.273098567,0.162256072
35,55,1.307641982,0.199989186,52.224651634,52.243137671,85,1,52.131070287,52.338604271,0.207533984
35,56,1.300486357,0.337183617,52.144644289,52.148685298,76,1,52.044822386,52.225325041,0.180502655
35,57,1.292212725,0.492896627,52.121142572,52.154893858,49,1,52.036584453,52.254859949,0.218275496
35,58,1.284348559,0.634735669,51.907973873,51.923513457,46,1,51.829345756,52.011665692,0.182319936
35,59,1.278269297,0.789240816,52.013210986,52.001904044,47,1,51.908364045,52.077357020,0.168992974
35,60,1.268815845,0.986330475,51.964366865,51.722551634,177,1,51.620506665,52.112937722,0.492431056
36,15,1.528220215,-5.752677054,53.711141731,53.719287267,8,1,53.670091910,53.778359057,0.108267147
36,16,1.511105389,-5.661000218,53.572133965,53.552857964,32,1,53.458185628,53.644280512,0.186094884
36,17,1.485911073,-5.503701375,53.578724971,53.579733958,29,1,53.504547378,53.651726708,0.147179330
36,18,1.463542440,-5.361340575,53.530340102,53.536927515,31,1,53.392915130,53.644340795,0.251425665
36,19,1.443142504,-5.207232657,53.373969857,53.380931504,35,1,53.255888808,53.521260164,0.265371355
36,20,1.417884439,-5.049595584,53.432415836,53.406882255,37,1,53.342542046,53.490122665,0.147580619
36,21,1.395123648,-4.905746027,53.383455107,53.378506303,44,1,53.326768213,53.443313399,0.116545186
36,22,1.382975496,-4.826793120,53.297314940,53.317250070,4,1,53.289874203,53.324690807,0.034816604
36,33,1.526122550,-3.072024493,52.268396299,52.295489044,13,1,52.209572638,52.340721699,0.131149062
36,34,1.516975415,-2.951460725,52.293786019,52.286499845,29,1,52.213103851,52.366690112,0.153586260
36,35,1.504228442,-2.803854532,52.153938473,52.120316294,28,1,52.014678080,52.235106242,0.220428162
36,36,1.491174223,-2.656786335,52.352546436,52.345216476,28,1,52.261152129,52.437725455,0.176573326
36,37,1.477503643,-2.508415457,52.188081715,52.213916189,28,1,52.147134807,52.276306559,0.129171752
36,38,1.466911513,-2.360777966,52.142523268,52.149195212,30,1,52.062864743,52.218646605,0.155781863
36,39,1.454350981,-2.207829593,52.426122534,52.427753109,31,1,52.375470055,52.496045833,0.120575777
36,40,1.441905016,-2.067219537,52.472449653,52.482189334,31,1,52.372226870,52.523070262,0.150843392
36,41,1.436059897,-1.919262073,52.373649034,52.373882966,33,1,52.299235160,52.425868412,0.126633251
36,42,1.424062250,-1.760888181,52.377144689,52.365253804,34,1,52.257113060,52.456901464,0.199788404
36,43,1.414051889,-1.605774750,52.330677276,52.361871952,36,1,52.282122137,52.424704567,0.142582430
36,44,1.404200401,-1.455873337,52.347281999,52.346391738,35,1,52.255000187,52.416509356,0.161509168
36,45,1.389712703,-1.312790144,52.421024861,52.445680737,37,1,52.362723115,52.527120564,0.164397449
37,9,1.675717435,-6.652557445,53.753333580,53.767413391,8,1,53.725697934,53.816696664,0.090998731
37,10,1.664505134,-6.568162299,53.609325390,53.584247555,30,1,53.507851246,53.656879637,0.149028391
37,11,1.631395133,-6.420263373,53.603255315,53.625960133,29,1,53.492021939,53.697100827,0.205078888
37,12,1.609974073,-6.261127447,53.573893976,53.596879732,33,1,53.507733705,53.671757790,0.164024085
37,13,1.582072328,-6.107671728,53.373221243,53.376678084,34,1,53.273891677,53.417444535,0.143552857
37,14,1.558630148,-5.957492972,53.362464163,53.399349009,40,1,53.289829627,53.539311896,0.249482269
37,15,1.540286929,-5.828274300,53.436742336,53.422560439,29,1,53.328863585,53.503515188,0.174651603
37,24,1.679045454,-4.451513345,52.254690924,52.241973170,51,1,52.134793507,52.345277093,0.210483586
37,25,1.657247949,-4.300066863,52.229736955,52.227605438,69,1,52.146624446,52.301659151,0.155034705
37,26,1.643118484,-4.168130354,52.219442832,52.230618432,71,1,52.162613661,52.298556961,0.135943299
37,27,1.625328351,-4.008286841,52.253761214,52.270139614,49,1,52.192396282,52.329144222,0.136747940
37,28,1.609542905,-3.857186103,52.348216299,52.328395936,41,1,52.212400283,52.415091877,0.202691594
37,29,1.593094249,-3.711272877,52.252075835,52.259964403,38,1,52.155900259,52.356247848,0.200347589
37,30,1.576660777,-3.568678975,52.294020274,52.312520443,36,1,52.223673132,52.376743280,0.153070147
37,31,1.561990853,-3.416254148,52.372505394,52.393215438,35,1,52.306108254,52.486481597,0.180373343
37,32,1.543239532,-3.255301364,52.325094024,52.318181560,28,1,52.230309250,52.417253529,0.186944279
37,33,1.534936191,-3.142994788,52.395034720,52.402585881,17,1,52.347997530,52.491591215,0.143593685
38,4,1.815534975,-7.447501592,53.475436350,53.488935225,35,1,53.361017142,53.648719480,0.287702338
38,5,1.787736427,-7.303341345,53.631322103,53.622143357,32,1,53.561827583,53.673025619,0.111198036
38,6,1.760337687,-7.156167261,53.645916977,53.669574069,31,1,53.556264306,53.787458795,0.231194489
38,7,1.734410852,-7.013092204,53.518367747,53.544087557,39,1,53.413062358,53.669987964,0.256925606
38,8,1.711928160,-6.855492593,53.621845401,53.618617835,35,1,53.573106345,53.676222559,0.103116213
38,9,1.688084249,-6.728602939,53.738271493,53.718491029,27,1,53.647555561,53.804306369,0.156750809
38,11,1.829826852,-6.357645433,52.399813190,52.379759683,14,1,52.307683919,52.447252771,0.139568851
38,13,1.829742229,-6.104094468,52.267234658,52.290125354,36,1,52.169029680,52.404609277,0.235579597
38,14,1.820583088,-5.964045285,52.259083345,52.273486303,44,1,52.167317686,52.392421694,0.225104008
38,15,1.807522326,-5.806085937,52.371634283,52.374400700,44,1,52.267153127,52.472248006,0.205094879
38,16,1.792833064,-5.661823276,52.262728161,52.241748881,41,1,52.162092006,52.319888740,0.157796734
38,17,1.781433050,-5.508695732,52.425713779,52.423291694,40,1,52.369618036,52.493424975,0.123806940
38,18,1.772754093,-5.358548854,52.259156642,52.261426349,38,1,52.165917838,52.327243496,0.161325658
38,19,1.759006163,-5.215008476,52.433029052,52.430988265,36,1,52.339608593,52.542139329,0.202530737
38,20,1.744134346,-5.060543210,52.518758629,52.534414003,39,1,52.456209295,52.611867656,0.155658361
38,21,1.725136980,-4.907537299,52.391156837,52.391737993,40,1,52.303690035,52.490226525,0.186536490
38,22,1.713545456,-4.754524750,52.316584177,52.289568320,44,1,52.203707858,52.410632933,0.206925075
38,23,1.696526086,-4.605514805,52.314837061,52.326093202,55,1,52.239156704,52.389349494,0.150192790
38,24,1.683863460,-4.523799085,52.299678608,52.310356484,6,1,52.273728369,52.324053399,0.050325031
38,31,1.831238127,-3.350799773,52.310648149,52.325715873,8,1,52.213734966,52.438179849,0.224444883
38,32,1.824312151,-3.262557679,52.262079475,52.259729263,31,1,52.165736368,52.339688229,0.173951861
38,33,1.814733207,-3.110659333,52.248853877,52.254021464,32,1,52.179394900,52.319610867,0.140215967
38,34,1.810657445,-2.967007951,52.518841003,52.493850431,28,1,52.404735893,52.584567290,0.179831397
38,35,1.803770127,-2.806199792,52.560698797,52.522563296,28,1,52.407671430,52.593324511,0.185653080
38,36,1.795086614,-2.654835791,52.268819175,52.310647866,24,1,52.246336252,52.369950615,0.123614363
38,37,1.787893958,-2.509080477,52.276053464,52.251763429,22,1,52.154871261,52.320930030,0.166058769
38,38,1.784006491,-2.364285597,52.195208237,52.204169229,23,1,52.121193108,52.272059268,0.150866161
38,39,1.779283068,-2.214357386,52.284366058,52.253256775,23,1,52.170162904,52.321765664,0.151602761
38,40,1.774150272,-2.058790618,52.238569041,52.235195853,22,1,52.182440485,52.285650687,0.103210202
38,41,1.767477381,-1.906465761,52.289372644,52.257060587,22,1,52.181234481,52.319251356,0.138016875
38,42,1.763849132,-1.769616536,52.195666565,52.160329063,22,1,52.013975022,52.242623349,0.228648326
38,43,1.756520447,-1.614095474,52.395705589,52.380234219,23,1,52.297814922,52.449014177,0.151199254
38,44,1.750980722,-1.458733951,52.417074212,52.405118894,24,1,52.299690856,52.499048170,0.199357314
38,45,1.743871198,-1.313065390,52.565743045,52.516641797,21,1,52.406633987,52.596322112,0.189688125
38,46,1.740019479,-1.160825960,52.547902673,52.609713623,21,1,52.473481827,52.614665792,0.141183965
38,47,1.739243975,-1.013286250,52.465080569,52.433639771,24,1,52.371540895,52.501763673,0.130222778
38,48,1.739425465,-0.856559628,52.473422293,52.457204156,28,1,52.372424343,52.522061836,0.149637493
38,49,1.738013002,-0.706013644,52.431279899,52.450750863,32,1,52.372248599,52.545875501,0.173626903
38,50,1.733805287,-0.561515777,52.377821491,52.436315483,41,1,52.332946942,52.515786503,0.182839560
38,51,1.731616019,-0.417659339,52.000348431,52.003428021,53,1,51.902731085,52.095447250,0.192716165
38,52,1.732427624,-0.259432636,51.999613893,52.017145082,40,1,51.932520020,52.072372839,0.139852820
38,53,1.727621176,-0.107423149,51.975301626,52.005505208,34,1,51.922400310,52.066477802,0.144077492
38,54,1.725066955,0.039254956,51.973732961,52.002941098,40,1,51.889258357,52.071802881,0.182544524
38,55,1.724767901,0.186743410,52.262487225,52.254743101,39,1,52.170658599,52.338505599,0.167847000
38,56,1.721411631,0.342613122,52.205625011,52.192936358,39,1,52.095854305,52.279991910,0.184137606
38,57,1.720627749,0.498865689,52.175950731,52.134922692,38,1,52.034088440,52.248501948,0.214413508
38,58,1.718860579,0.643632096,52.296933529,52.290434284,41,1,52.238051453,52.359695765,0.121644313
38,59,1.720581364,0.798398658,52.154810771,52.168584424,55,1,52.105759796,52.231216838,0.125457042
38,60,1.724516217,0.945318114,51.960697580,51.780874021,322,1,51.234280778,52.265360823,1.031080046
39,0,1.946950302,-8.085413732,53.057313877,52.673976115,411,2,52.053580771,53.310233992,1.256653221
39,1,1.959322984,-7.962611423,51.978223917,52.098256076,258,2,51.478651468,52.384685872,0.906034403
39,2,1.940861794,-7.760746034,52.565195227,52.860216356,91,2,52.350693000,53.463085394,1.112392394
39,3,1.926810927,-7.613355575,52.761793982,53.050745880,81,2,52.576941962,53.555200898,0.978258936
39,4,1.918257721,-7.462493263,52.607287448,52.651226986,45,2,52.504910658,52.736512716,0.231602058
39,5,1.900637699,-7.310322856,52.552668311,52.550908189,36,1,52.465699734,52.641868373,0.176168639
39,6,1.893356674,-7.162869061,52.475332707,52.473809135,35,1,52.407769890,52.551144626,0.143374736
39,7,1.888736485,-7.011491809,52.484992656,52.492191293,40,1,52.413790289,52.592352711,0.178562421
39,8,1.876549935,-6.860557263,52.338660436,52.336651230,35,1,52.251467959,52.410018568,0.158550609
39,9,1.863250189,-6.706262209,52.253974850,52.290523327,33,1,52.196335083,52.398706660,0.202371577
39,10,1.856024340,-6.561638579,52.293636505,52.276809320,32,1,52.158514441,52.336998073,0.178483632
39,11,1.843534521,-6.438612891,52.304363309,52.314375198,22,1,52.203332188,52.403892498,0.200560309
39,12,1.835335258,-6.248503638,52.277969883,52.284241134,38,1,52.185049003,52.385319325,0.200270322
39,17,1.978823400,-5.465719856,52.537423871,52.509841877,13,1,52.409268096,52.642569534,0.233301438
39,18,1.966211171,-5.359327522,52.393423148,52.391121406,33,1,52.264269904,52.494666730,0.230396826
39,19,1.951780105,-5.210093737,52.434756019,52.438001730,39,1,52.342394870,52.538196547,0.195801677
39,20,1.941269807,-5.059939508,52.325985245,52.332646676,34,1,52.256400738,52.405449599,0.149048861
39,21,1.932672515,-4.916688021,52.259691860,52.248363363,35,1,52.155512553,52.361774935,0.206262382
39,22,1.915565894,-4.758327948,52.298802569,52.318814596,34,1,52.234015188,52.403500870,0.169485682
39,23,1.909585881,-4.603442421,52.439356215,52.430636049,38,1,52.350950644,52.505237304,0.154286660
39,24,1.898901341,-4.461007665,52.337793751,52.312660189,37,1,52.216022404,52.380763411,0.164741006
39,25,1.888935118,-4.306218126,52.253279282,52.267843758,37,1,52.179229869,52.348911463,0.169681594
39,26,1.880775841,-4.159656624,52.374473398,52.376459617,34,1,52.297005064,52.451221257,0.154216193
39,27,1.870005898,-4.008127508,52.457108277,52.444985386,32,1,52.393180783,52.482081201,0.088900418
39,28,1.859709735,-3.860283730,52.469387701,52.459489997,31,1,52.394132200,52.496901893,0.102769693
39,29,1.853270183,-3.708441094,52.414423727,52.376360130,29,1,52.255743150,52.463827501,0.208084351
39,30,1.842527896,-3.557017867,52.253352820,52.273193454,31,1,52.149227384,52.367468503,0.218241119
39,31,1.835015146,-3.426067953,52.288372675,52.293962643,23,1,52.234996446,52.346094493,0.111098047
40,7,2.128884153,-7.002546250,52.517517617,52.534551852,31,1,52.468427105,52.583264910,0.114837805
40,8,2.112900463,-6.854721894,52.621055382,52.596731893,36,1,52.506555178,52.672813483,0.166258305
40,9,2.095574664,-6.702069642,52.591938338,52.581208718,40,1,52.467421050,52.691128450,0.223707401
40,10,2.084324997,-6.560326478,52.600164174,52.590641178,35,1,52.532845039,52.638683247,0.105838208
40,11,2.072237863,-6.409920384,52.696973666,52.661351842,36,1,52.568700760,52.759412784,0.190712024
40,12,2.056096211,-6.262943612,52.521575228,52.528597585,31,1,52.395877816,52.666291775,0.270413959
40,13,2.041768288,-6.113343781,52.553454941,52.559462116,35,1,52.463809626,52.648186620,0.184376994
40,14,2.028042244,-5.962130781,52.565645181,52.581951325,38,1,52.501700247,52.642854618,0.141154371
40,15,2.013444284,-5.808196852,52.601791917,52.626006941,33,1,52.505516819,52.737065551,0.231548732
40,16,1.996150277,-5.658549986,52.631117184,52.630391162,32,1,52.552046494,52.733811694,0.181765200
40,17,1.985303818,-5.538583918,52.466751292,52.463594601,18,1,52.397156033,52.519136939,0.121980906
41,3,2.184195238,-7.550613729,52.197743693,51.827625755,274,1,51.964249076,52.338242741,0.373993665
41,4,2.174081948,-7.526505523,52.404124910,50.789428466,127,1,48.849638896,52.602534634,3.752895738
41,5,2.159308569,-7.316012411,52.569264401,52.569969106,51,1,52.504239581,52.612281642,0.108042061
41,6,2.145385877,-7.168885077,52.560500508,52.607316619,39,1,52.478728526,52.726933384,0.248204858
41,7,2.133126744,-7.075578864,52.499636492,52.513768851,5,1,52.467090885,52.501295429,0.034204543
41,56,2.279904858,0.372964383,51.980506465,52.006565568,34,1,51.913752036,52.103443910,0.189691874
41,57,2.269991649,0.487574175,52.016034524,52.016758099,46,1,51.935079567,52.073578743,0.138499176
41,58,2.261930098,0.644296843,52.128100800,52.147953920,41,1,52.051094912,52.182252951,0.131158039
41,59,2.252899629,0.797447215,52.062263882,52.073784117,40,1,52.011798334,52.133071309,0.121272975
41,60,2.246721061,0.958777009,52.023755019,52.056587113,63,1,51.966422731,52.156215132,0.189792401
41,61,2.245461137,1.027917718,52.031600136,52.033815675,146,1,51.935539318,52.132266269,0.196726950
42,41,2.429155587,-1.868862984,51.887944911,51.905458486,14,1,51.790412365,52.010502637,0.220090272
42,42,2.427300780,-1.757404218,52.077389698,52.069175698,29,1,51.995590180,52.137719756,0.142129576
42,43,2.418243998,-1.610266481,51.954684250,51.983609356,36,1,51.900967577,52.068172075,0.167204498
42,44,2.409199490,-1.462775962,51.996952458,52.015718484,38,1,51.902728860,52.109590991,0.206862131
42,45,2.398946257,-1.312881035,52.065088332,52.088600365,34,1,52.004299718,52.190176082,0.185876365
42,46,2.386891214,-1.160428218,52.059381820,52.060302653,33,1,51.933684956,52.169897401,0.236212445
42,47,2.377132068,-1.005700730,51.922950575,51.934770307,33,1,51.859680929,52.006922011,0.147241082
42,48,2.369595617,-0.856986476,52.059694784,52.077785884,33,1,52.019224050,52.168053512,0.148829462
42,49,2.364319721,-0.703903073,52.090993170,52.077835221,45,1,52.040157593,52.141829108,0.101671515
42,50,2.351597768,-0.548840664,52.031677947,52.018665260,73,1,51.932392118,52.105746731,0.173354614
42,51,2.340694941,-0.419198658,52.012902287,52.011347159,50,1,51.946148392,52.057371202,0.111222810
42,52,2.327788189,-0.252937542,52.077888070,52.095134162,41,1,51.985272369,52.138789148,0.153516780
42,53,2.313184378,-0.103886225,52.134615044,52.129617090,46,1,52.047150418,52.216155115,0.169004697
42,54,2.302812435,0.044737455,52.200170814,52.181792583,51,1,52.082825860,52.256636669,0.173810809
42,55,2.292211493,0.201484512,52.146108451,52.118369412,61,1,52.017467693,52.221864753,0.204397060
42,56,2.283282479,0.314383047,51.981944555,51.983360611,46,1,51.895706994,52.020987844,0.125280850
43,17,2.580941775,-5.458299906,52.068999669,52.056658883,11,1,51.975378869,52.130294160,0.154915291
43,18,2.575779932,-5.360439907,52.145663247,52.164328079,39,1,52.055792571,52.283235067,0.227442495
43,19,2.567587426,-5.214287509,52.301626436,52.289183209,42,1,52.243039062,52.335735020,0.092695958
43,20,2.558969393,-5.060251865,52.151299808,52.120581414,44,1,52.025205049,52.225776655,0.200571606
43,21,2.549579945,-4.909622694,51.972246866,51.954689929,39,1,51.838721349,52.074592700,0.235871351
43,22,2.537740228,-4.756184920,51.934574539,51.935731858,39,1,51.822109653,52.023284618,0.201174965
43,23,2.531189441,-4.617355092,51.982903956,51.979156617,41,1,51.864374213,52.085560952,0.221186739
43,24,2.521536825,-4.467801805,51.929901227,51.924791809,39,1,51.876095005,51.995463866,0.119368861
43,25,2.513695714,-4.308774708,51.844847160,51.859526987,36,1,51.771477565,51.942176061,0.170698496
43,26,2.505331886,-4.162319096,52.004465900,51.980685843,34,1,51.917559947,52.050324225,0.132764277
43,27,2.490463593,-4.002511793,51.888322380,51.899108758,37,1,51.833358295,51.995959669,0.162601373
43,28,2.488449503,-3.858093139,51.921753098,51.916240608,35,1,51.803109038,52.045938676,0.242829638
43,29,2.481908313,-3.711722130,51.971241697,51.954240133,39,1,51.871290068,52.041457690,0.170167622
43,30,2.475873293,-3.551475943,51.913815116,51.909999679,41,1,51.789728216,52.030591713,0.240863498
43,31,2.469422055,-3.403015867,51.959900934,51.975773492,38,1,51.891704747,52.056839223,0.165134476
43,32,2.461357980,-3.259641435,51.899548964,51.882965920,38,1,51.792458580,51.991206284,0.198747704
43,33,2.455838625,-3.109689506,51.923274505,51.923574586,41,1,51.827639035,52.005760778,0.178121742
43,34,2.448386367,-2.956887745,51.990743914,52.000285455,38,1,51.904117960,52.075701406,0.171583446
43,35,2.442472013,-2.804778043,52.000005603,51.998666218,35,1,51.950590165,52.068626331,0.118036166
43,36,2.437753839,-2.661590143,52.099419968,52.065358545,30,1,51.982703794,52.151120373,0.168416579
43,37,2.433997959,-2.513701553,51.767478498,51.765317379,30,1,51.650054429,51.862829010,0.212774581
43,38,2.433254797,-2.363273942,51.795661794,51.826773229,31,1,51.724695741,51.964995435,0.240299694
43,39,2.437087167,-2.205460874,51.882302566,51.895075376,31,1,51.790837504,51.980643201,0.189805697
43,40,2.437015410,-2.054041611,52.022113890,52.013708690,29,1,51.938665308,52.112548995,0.173883686
43,41,2.434438622,-1.942194044,51.950254755,51.980039611,15,1,51.904186449,52.070670246,0.166483796
44,5,2.729066337,-7.281032544,52.076541329,52.077256290,31,1,51.993824855,52.128089464,0.134264609
44,6,2.717126513,-7.169390738,52.098422497,52.109385155,41,1,51.974082670,52.173359954,0.199277283
44,7,2.707341034,-7.013582578,52.096110751,52.108787633,42,1,51.999043321,52.235922150,0.236878829
44,8,2.693701415,-6.855343561,52.064760731,52.073834293,36,1,51.959538338,52.162543626,0.203005288
44,9,2.679122653,-6.705343455,51.958260305,51.992495443,35,1,51.898828187,52.088068372,0.189240185
44,10,2.665761657,-6.562563557,51.964907749,51.969453986,35,1,51.857655537,52.060681595,0.203026059
44,11,2.655714395,-6.401677089,51.941781455,51.972865801,35,1,51.890830530,52.064445534,0.173615004
44,12,2.644151051,-6.262579812,51.860204770,51.867894291,35,1,51.809552501,51.924806303,0.115253803
44,13,2.626868402,-6.113970227,51.863990742,51.871815652,34,1,51.798928577,51.926488697,0.127560120
44,14,2.613199703,-5.957526567,52.034850061,52.028340238,35,1,51.928201260,52.104895512,0.176694252
44,15,2.606038519,-5.806465569,51.994281257,52.010873108,34,1,51.920462086,52.102046056,0.181583969
44,16,2.594191728,-5.659910333,51.983922392,52.000629372,33,1,51.919717765,52.070592033,0.150874268
44,17,2.585237966,-5.532090041,52.032456780,52.024848850,26,1,51.946609427,52.081089073,0.134479646
44,55,2.728907138,0.233295258,53.398094981,53.386668098,22,1,53.344832671,53.468693758,0.123861087
44,56,2.727500166,0.343194964,53.495207444,53.462654704,38,1,53.402672420,53.543018023,0.140345604
44,57,2.728568417,0.482971613,53.550504813,53.560543983,39,1,53.489186325,53.635600203,0.146413877
44,58,2.731180616,0.641375433,53.807652421,53.794466454,16,1,53.767503271,53.835168888,0.067665617
45,1,2.777800421,-7.929494617,51.458929372,51.499357107,336,1,50.877174572,52.088433221,1.211258650
45,2,2.767510420,-7.761169435,52.313124270,52.323635858,57,1,52.235178775,52.440416475,0.205237699
45,3,2.755159415,-7.612948577,52.232030099,52.179678301,53,1,52.080464325,52.293107106,0.212642781
45,4,2.743838140,-7.459220483,52.006706852,52.015373679,54,1,51.937135357,52.085986581,0.148851225
45,5,2.733463371,-7.355092578,52.086560892,52.116322812,18,1,52.054674187,52.183512330,0.128838143
45,26,2.880839583,-4.113735112,54.007101830,54.004061122,18,1,53.982682215,54.050861590,0.068179374
45,27,2.878347595,-4.009035003,53.733593211,53.724045592,39,1,53.600756450,53.843687290,0.242930840
45,28,2.871481564,-3.866331107,53.670508111,53.689251264,38,1,53.627817571,53.757785571,0.129968000
45,29,2.862999951,-3.714309538,53.750254489,53.734053755,36,1,53.627893903,53.837945128,0.210051224
45,30,2.856648634,-3.551324416,53.660954887,53.667858364,37,1,53.524101313,53.773511496,0.249410183
45,31,2.851783085,-3.402024089,53.715982655,53.680238426,48,1,53.589942044,53.798438702,0.208496657
45,32,2.845130109,-3.262051377,53.568077186,53.538964263,54,1,53.437275622,53.631739277,0.194463656
45,33,2.839329855,-3.115550486,53.579001141,53.571177871,47,1,53.472697868,53.663173736,0.190475868
45,34,2.833391144,-2.966433731,53.445092789,53.464789021,40,1,53.358922923,53.585095094,0.226172171
45,35,2.825857275,-2.812248018,53.496279902,53.480980088,33,1,53.382596040,53.595196483,0.212600443
45,36,2.821636560,-2.653731477,53.472734868,53.488921571,28,1,53.410313044,53.602232330,0.191919286
45,37,2.816328473,-2.510264567,53.436357805,53.399749924,28,1,53.276183019,53.551923360,0.275740341
45,38,2.811080533,-2.357769587,53.311265900,53.317863850,29,1,53.250420704,53.396286157,0.145865453
45,39,2.804496889,-2.210597292,53.353452270,53.349556199,29,1,53.279346970,53.432323723,0.152976753
45,40,2.798408806,-2.059090636,53.408484929,53.402517628,28,1,53.333751807,53.474273139,0.140521332
45,41,2.791192752,-1.911741964,53.378682547,53.363560297,30,1,53.315994714,53.433763474,0.117768760
45,42,2.786957608,-1.762408794,53.542624834,53.552775637,30,1,53.471893334,53.629519665,0.157626330
45,43,2.781103834,-1.606943316,53.399683112,53.385940079,31,1,53.277329395,53.484289645,0.206960250
45,44,2.777221030,-1.455308296,53.320644597,53.326608697,36,1,53.279935211,53.404204742,0.124269530
45,45,2.772721607,-1.305113316,53.446643407,53.468467185,46,1,53.388044355,53.561427572,0.173383217
45,46,2.769188115,-1.159184674,53.484646415,53.468797563,58,1,53.332578725,53.634392113,0.301813387
45,47,2.766044380,-1.014891481,53.396318457,53.378660683,50,1,53.268240798,53.470079369,0.201838571
45,48,2.758848726,-0.860158704,53.253290188,53.252887269,39,1,53.192979402,53.337939220,0.144959818
45,49,2.751908119,-0.716300564,53.375129142,53.363768115,41,1,53.289602532,53.441614756,0.152012224
45,50,2.751629041,-0.554794346,53.481769072,53.469133406,45,1,53.363135224,53.584468082,0.221332859
45,51,2.745700175,-0.399509806,53.452942470,53.455332715,47,1,53.370963095,53.519510418,0.148547323
45,52,2.742392041,-0.254954500,53.505950200,53.507685653,56,1,53.430417239,53.578005202,0.147587963
45,53,2.737321604,-0.112514411,53.578050879,53.590940307,60,1,53.509859481,53.673756040,0.163896559
45,54,2.737921388,0.037419806,53.485082608,53.503438058,62,1,53.414033479,53.580221789,0.166188310
45,55,2.733190700,0.153890813,53.511201090,53.493099501,28,1,53.429826683,53.562966769,0.133140086
45,56,2.731923618,0.293911863,53.280581124,53.280581124,2,1,53.276827143,53.284335104,0.007507960
45,58,2.732528008,0.609797118,53.677463227,53.691968009,29,1,53.631930961,53.717513026,0.085582066
45,59,2.735373811,0.793050963,53.617983682,53.614990837,53,1,53.537792812,53.696994148,0.159201336
45,60,2.734312097,0.966282296,53.472986590,53.483007396,80,1,53.375810337,53.578267546,0.202457209
45,61,2.735620635,1.025906511,52.617602934,52.641338841,131,1,52.109192410,53.142827255,1.033634845
46,11,3.031494120,-6.368234906,53.713106999,53.671170930,15,1,53.592808723,53.753480929,0.160672205
46,12,3.021799035,-6.259439990,53.615108597,53.605829612,31,1,53.507419333,53.702228295,0.194808962
46,13,3.012445909,-6.104757550,53.746790933,53.730419316,32,1,53.614474887,53.814460093,0.199985206
46,14,3.003713835,-5.954286687,53.799423967,53.804416883,35,1,53.730220641,53.880213104,0.149992462
46,15,2.990396292,-5.809014483,53.723286132,53.716855394,33,1,53.668374236,53.800095805,0.131721570
46,16,2.985611438,-5.659567679,53.761765983,53.763854514,37,1,53.689118312,53.810257872,0.121139561
46,17,2.973770102,-5.512629984,53.823299132,53.812665471,36,1,53.735981822,53.917227575,0.181245754
46,18,2.963466479,-5.361543214,53.964283341,53.966630045,38,1,53.833740160,54.022387219,0.188647059
46,19,2.951834533,-5.206719776,53.825768857,53.809972756,38,1,53.727802962,53.881904363,0.154101402
46,20,2.940599376,-5.058363842,53.780191124,53.766121264,39,1,53.717767229,53.825392220,0.107624991
46,21,2.930917315,-4.911201537,53.924783944,53.913808544,38,1,53.784911115,53.996270984,0.211359868
46,22,2.917341961,-4.757966689,53.932508830,53.938374933,40,1,53.796843350,54.027900635,0.231057285
46,23,2.909188168,-4.609088439,53.948879724,53.927828311,42,1,53.865554085,53.993539961,0.127985876
46,24,2.903544566,-4.458575412,53.996728850,54.010018441,42,1,53.871022192,54.068107402,0.197085210
46,25,2.895073229,-4.311998705,53.775880390,53.774636450,39,1,53.665779728,53.898367848,0.232588121
46,26,2.890475787,-4.193281210,53.771792075,53.792569765,25,1,53.613637391,53.937962445,0.324325054
47,3,3.131757404,-7.582880424,53.216520345,53.231997046,89,1,53.095673337,53.366798443,0.271125106
47,4,3.123694984,-7.471340061,53.629055674,53.624136944,78,1,53.539728533,53.696399991,0.156671458
47,5,3.105393210,-7.312206683,53.683087257,53.663218276,45,1,53.576959230,53.750594166,0.173634935
47,6,3.099590220,-7.158226443,53.758033766,53.770338282,39,1,53.691409807,53.842577585,0.151167778
47,7,3.080618330,-7.011106399,53.743352663,53.766660125,34,1,53.660367192,53.863686540,0.203319348
47,8,3.067765070,-6.860053874,53.806308731,53.789897445,33,1,53.698698591,53.861076659,0.162378069
47,9,3.057551969,-6.708727620,53.695348122,53.694510361,32,1,53.610856598,53.749903628,0.139047030
47,10,3.046062951,-6.561127308,53.745605585,53.763936087,32,1,53.705770605,53.836081776,0.130311171
47,11,3.034751515,-6.443671795,53.779943588,53.784465551,16,1,53.677530515,53.883914784,0.206384269
48,45,3.328935110,-1.268299619,53.438926498,53.414285183,12,1,53.338885929,53.459945396,0.121059466
48,46,3.323419711,-1.159492588,53.417398672,53.396620740,23,1,53.351992716,53.444158258,0.092165542
48,47,3.317665334,-1.006254927,53.352087819,53.407963533,26,1,53.316079480,53.521299484,0.205220003
48,48,3.309002447,-0.856975615,53.399624006,53.389770606,26,1,53.321583939,53.471728908,0.150144969
48,49,3.299471768,-0.716017903,53.447779490,53.445883861,29,1,53.343186630,53.547910584,0.204723954
48,50,3.297371299,-0.558187224,53.482024567,53.482715620,29,1,53.407980409,53.603842738,0.195862330
48,51,3.288384679,-0.403029816,53.429304552,53.433248947,29,1,53.381667795,53.484889501,0.103221706
48,52,3.287367987,-0.257041903,53.540088243,53.517516181,27,1,53.419247726,53.631747219,0.212499494
48,53,3.279740460,-0.112787763,53.520047637,53.516045290,28,1,53.411963141,53.569978495,0.158015354
48,54,3.277365014,0.038604236,53.496952047,53.476941319,35,1,53.391555554,53.546920828,0.155365274
48,55,3.272460241,0.216706180,53.323047598,53.335545925,66,1,53.250340270,53.422562100,0.172221829
48,56,3.267179516,0.322890839,53.256914030,53.261998620,74,1,53.195271625,53.342345546,0.147073920
48,57,3.263391252,0.494065170,53.368403423,53.364808645,54,1,53.285699158,53.453985937,0.168286779
48,58,3.267658212,0.679788692,53.454471039,53.446172668,106,1,53.330438676,53.552861628,0.222422952
48,59,3.265398742,0.766742391,53.496538806,53.508052886,95,1,53.440259252,53.580921570,0.140662317
48,60,3.257653193,0.981997427,53.477166053,53.473801374,178,1,53.387781980,53.548034000,0.160252020
48,61,3.265413914,1.018764582,53.164372002,53.202160980,55,1,53.051373681,53.372461042,0.321087361
49,30,3.481432107,-3.488314178,53.349449820,53.349449820,1,1,53.349449820,53.349449820,0.000000000
49,31,3.476682672,-3.404865527,53.466824343,53.465873550,38,1,53.354527352,53.569054500,0.214527148
49,32,3.461448737,-3.253831432,53.427299077,53.417560749,37,1,53.344627218,53.486160840,0.141533621
49,33,3.447806365,-3.108780570,53.434103304,53.430621196,32,1,53.369395590,53.499130231,0.129734641
49,34,3.435904860,-2.960672401,53.367047214,53.370073146,31,1,53.269559694,53.462423946,0.192864252
49,35,3.424910917,-2.812582724,53.459579063,53.485218635,31,1,53.382340475,53.570998874,0.188658399
49,36,3.413257763,-2.663557599,53.478524970,53.478235378,30,1,53.396930606,53.549106811,0.152176205
49,37,3.403760297,-2.506011030,53.350580424,53.341026643,30,1,53.253520834,53.412203914,0.158683080
49,38,3.394131050,-2.359353799,53.286929542,53.295417741,30,1,53.181636791,53.363105680,0.181468889
49,39,3.386141957,-2.212314520,53.323817970,53.316855406,29,1,53.222155183,53.389661607,0.167506424
49,40,3.375049729,-2.059763391,53.224332204,53.232308398,27,1,53.156644626,53.259746550,0.103101924
49,41,3.364833207,-1.910942953,53.413556252,53.368927445,27,1,53.268413986,53.483350752,0.214936766
49,42,3.354907655,-1.762912166,53.526405515,53.489532313,27,1,53.312956530,53.640411137,0.327454607
49,43,3.350919953,-1.611941465,53.460525587,53.451709697,27,1,53.358685482,53.533604902,0.174919421
49,44,3.341154080,-1.462343134,53.462617649,53.476682747,28,1,53.336933032,53.575464420,0.238531388
49,45,3.334240027,-1.344920006,53.718560248,53.690639908,12,1,53.488589809,53.841244320,0.352654512
50,21,3.622541502,-4.900537761,53.180473840,53.169065272,28,1,53.098396272,53.268972473,0.170576201
50,22,3.601664196,-4.753204631,53.306399133,53.304468634,29,1,53.220554180,53.383362677,0.162808497
50,23,3.583353371,-4.606337817,53.330117222,53.337327727,31,1,53.254442005,53.418463178,0.164021173
50,24,3.570223663,-4.461069867,53.443716023,53.452764227,32,1,53.359489935,53.537824016,0.178334081
50,25,3.554279237,-4.315587649,53.470789042,53.483490875,30,1,53.375257737,53.619008954,0.243751217
50,26,3.542788651,-4.161266273,53.560264740,53.567846776,36,1,53.492500424,53.628243136,0.135742712
50,27,3.525773042,-4.004399097,53.524979029,53.516283449,35,1,53.409747159,53.624550019,0.214802860
50,28,3.513068548,-3.859416934,53.457819090,53.450497865,33,1,53.369694500,53.528744918,0.159050418
50,29,3.501820815,-3.714562839,53.443460316,53.430918790,35,1,53.364423578,53.537061561,0.172637983
50,30,3.486449029,-3.565807537,53.336901502,53.312567615,33,1,53.250871066,53.383521044,0.132649978
51,13,3.773964361,-6.088036765,53.502105910,53.506063361,30,1,53.443622168,53.571765287,0.128143119
51,14,3.752351186,-5.959250512,53.516146015,53.500828151,39,1,53.416067989,53.570270848,0.154202859
51,15,3.735282347,-5.818371892,53.376297958,53.380379723,37,1,53.277274268,53.461058866,0.183784598
51,16,3.719960261,-5.659789733,53.359117871,53.378264198,33,1,53.300486535,53.467767344,0.167280809
51,17,3.701844229,-5.512752460,53.444110075,53.435006603,30,1,53.321009262,53.526478095,0.205468834
51,18,3.680710546,-5.363936290,53.305790244,53.308904733,33,1,53.241772151,53.355469599,0.113697449
51,19,3.660811094,-5.210780468,53.397438873,53.385589537,31,1,53.311512013,53.458767443,0.147255430
51,20,3.644455755,-5.063787159,53.470936224,53.470179284,29,1,53.430206626,53.542420988,0.112214361
51,21,3.632417147,-4.981112442,53.318083070,53.318083070,2,1,53.269103034,53.367063106,0.097960073
51,51,3.777554962,-0.362024678,54.437534629,54.468177722,11,1,54.346940273,54.550755643,0.203815370
51,52,3.777819349,-0.255354520,54.512229627,54.523315470,28,1,54.452927135,54.587978058,0.135050922
51,53,3.777813160,-0.106309005,54.388972510,54.389146814,28,1,54.317917513,54.456253994,0.138336481
51,54,3.776161645,0.047701140,54.386071462,54.382629124,30,1,54.239234405,54.528541704,0.289307299
51,55,3.775215121,0.195011345,54.277462657,54.248271872,35,1,54.186336559,54.335603866,0.149267307
51,56,3.768457568,0.342325459,54.401088104,54.389188194,45,1,54.336372103,54.472837138,0.136465035
51,57,3.761499378,0.488187973,54.266759472,54.265039847,44,1,54.197182862,54.340437418,0.143254555
51,58,3.761671338,0.640113816,54.440400263,54.407239564,43,1,54.342572016,54.488992619,0.146420603
51,59,3.759355282,0.797203753,54.473834753,54.453278618,44,1,54.322637412,54.561506594,0.238869181
51,60,3.757492642,0.997317141,54.639862371,54.632239048,128,1,54.543183223,54.715498593,0.172315370
51,61,3.758180172,1.046669101,54.358812470,54.374791980,104,1,54.178423075,54.596398600,0.417975524
52,6,3.925328907,-7.122943523,53.499853586,53.522835373,30,1,53.457101349,53.612830270,0.155728921
52,7,3.910267496,-7.010628363,53.578033416,53.573466541,48,1,53.440666638,53.672319088,0.231652449
52,8,3.885528639,-6.854501017,53.350322521,53.357304531,44,1,53.271567953,53.426328556,0.154760604
52,9,3.862598123,-6.714590139,53.318201825,53.342367777,49,1,53.244155492,53.399894454,0.155738962
52,10,3.839050786,-6.554747289,53.473157074,53.470104415,58,1,53.391628712,53.531331466,0.139702754
52,11,3.820756787,-6.402405294,53.474752546,53.483136075,66,1,53.374733585,53.569389912,0.194656327
52,12,3.799637527,-6.272073774,53.473856767,53.494214896,62,1,53.357630480,53.609777632,0.252147152
52,13,3.786771908,-6.159574781,53.423831077,53.433304551,17,1,53.358732915,53.469723890,0.110990975
52,31,3.930040144,-3.353492140,54.398071156,54.414690088,5,1,54.391034498,54.415526432,0.024491934
52,32,3.925721367,-3.258343242,54.512879714,54.532275826,21,1,54.385001229,54.672346137,0.287344908
52,33,3.910757853,-3.107572188,54.617392226,54.630587696,22,1,54.559799318,54.726134805,0.166335487
52,34,3.903955140,-2.956130711,54.729556453,54.705496815,22,1,54.629027372,54.821755948,0.192728576
52,35,3.890090875,-2.804682059,54.748397757,54.758948469,22,1,54.694033802,54.859386829,0.165353027
52,36,3.883377291,-2.649559216,54.519669805,54.556751374,20,1,54.470729425,54.592278449,0.121549025
52,37,3.876901119,-2.513586699,54.694049925,54.699882415,21,1,54.620187872,54.776063844,0.155875971
52,38,3.867899122,-2.360472556,54.594148083,54.624739080,23,1,54.539400369,54.744523669,0.205123300
52,39,3.860423117,-2.210870713,54.505576412,54.509059552,24,1,54.438222126,54.563792210,0.125570084
52,40,3.849455378,-2.063038437,54.589253744,54.610720798,25,1,54.472061951,54.720831067,0.248769116
52,41,3.845105294,-1.908696031,54.583733734,54.577983093,25,1,54.507689815,54.726395714,0.218705899
52,42,3.838155245,-1.753659248,54.710940736,54.704695013,26,1,54.657134325,54.781303618,0.124169293
52,43,3.832662085,-1.612207451,54.540388626,54.545814992,26,1,54.489162968,54.594440191,0.105277223
52,44,3.826593553,-1.464832000,54.485973789,54.486028070,28,1,54.407488699,54.564052975,0.156564277
52,45,3.823274526,-1.304840289,54.588665149,54.600644208,26,1,54.533204876,54.717354551,0.184149676
52,46,3.815516573,-1.160837812,54.573433796,54.549645090,26,1,54.475040604,54.611461960,0.136421356
52,47,3.810901175,-1.013305467,54.468809206,54.462006278,28,1,54.392097383,54.541594305,0.149496922
52,48,3.802061336,-0.861190063,54.531328929,54.530490404,29,1,54.456404036,54.598469892,0.142065856
52,49,3.794740478,-0.708832579,54.468304015,54.505576579,33,1,54.406787937,54.591066701,0.184278764
52,50,3.790624801,-0.560173117,54.453239128,54.464596880,30,1,54.411503730,54.531756489,0.120252759
52,51,3.786549226,-0.436104723,54.518177490,54.498025892,17,1,54.398099410,54.595253332,0.197153922
53,4,3.968666579,-7.412208730,52.730407530,52.730142398,96,1,52.621823636,52.798895455,0.177071819
53,5,3.959147803,-7.328268759,53.159412685,53.144539068,92,1,52.969040231,53.289821273,0.320781041
53,6,3.938067488,-7.199465646,53.492108393,53.503126551,27,1,53.431907060,53.601896051,0.169988990
53,21,4.077594319,-4.875116336,54.896331685,54.919604054,15,1,54.837294309,54.980435935,0.143141625
53,22,4.061139149,-4.756614177,54.859650592,54.836946760,26,1,54.794077502,54.885392446,0.091314944
53,23,4.050724275,-4.610722333,54.836722698,54.847347570,26,1,54.740116407,54.933903620,0.193787214
53,24,4.034475174,-4.457439213,54.713361302,54.730989570,24,1,54.677463141,54.779146813,0.101683672
53,25,4.021220716,-4.308575551,54.611438086,54.626327758,24,1,54.521392795,54.723208172,0.201815378
53,26,4.003817450,-4.160723563,54.699155758,54.699078979,23,1,54.634487094,54.746079274,0.111592181
53,27,3.987991667,-4.003795613,54.708373344,54.720726022,23,1,54.622423000,54.757077565,0.134654565
53,28,3.982580457,-3.860371994,54.708565885,54.703295301,22,1,54.622637880,54.828229833,0.205591953
53,29,3.962727658,-3.708226112,54.587063479,54.585696802,22,1,54.514206043,54.636008497,0.121802454
53,30,3.952708879,-3.561023768,54.553767571,54.540062362,20,1,54.499047862,54.622125127,0.123077265
53,31,3.940706079,-3.430671677,54.441579354,54.437625019,15,1,54.344967980,54.466705689,0.121737709
54,11,4.229991800,-6.364534384,54.745363585,54.725604353,8,1,54.702077402,54.769746543,0.067669141
54,12,4.222037706,-6.255961398,54.858815239,54.907498642,22,1,54.734365268,54.905758537,0.171393269
54,13,4.207727721,-6.106292385,54.931857080,54.902758715,22,1,54.814128515,54.999145598,0.185017083
54,14,4.190735126,-5.956244635,54.787864698,54.802382409,24,1,54.686414006,54.919762297,0.233348291
54,15,4.173059578,-5.809508003,54.804302852,54.785962634,25,1,54.707216180,54.847750802,0.140534621
54,16,4.160417840,-5.660549841,54.741406480,54.730785066,27,1,54.634853411,54.815072779,0.180219368
54,17,4.144672666,-5.509252794,54.861824869,54.859754231,30,1,54.786344827,54.942366712,0.156021885
54,18,4.130415802,-5.357085031,54.795198639,54.781551527,35,1,54.716261397,54.870273112,0.154011715
54,19,4.109478635,-5.209525700,54.851803440,54.886434183,33,1,54.779929485,54.946300488,0.166371002
54,20,4.093520353,-5.061702904,54.769442430,54.781869554,29,1,54.723319956,54.828099571,0.104779615
54,21,4.087156441,-4.950023921,54.821779728,54.829680537,14,1,54.739768820,54.872254408,0.132485588
55,3,4.376125897,-7.562178382,54.352730048,54.383568921,26,1,54.298010907,54.490189171,0.192178264
55,4,4.365814107,-7.468945365,54.625905030,54.670453392,38,1,54.496844909,54.755018379,0.258173470
55,5,4.346686250,-7.317228939,54.738010433,54.763820067,32,1,54.669598113,54.872188895,0.202590782
55,6,4.321685617,-7.160204979,54.888587104,54.878741897,28,1,54.827090828,54.952539484,0.125448656
55,7,4.305620233,-7.009701489,54.908564732,54.966607783,24,1,54.835015114,55.002069962,0.167054847
55,8,4.291037165,-6.863767989,54.858654660,54.854067211,22,1,54.750186279,54.979546233,0.229359954
55,9,4.272274535,-6.714574937,54.775377601,54.756513490,22,1,54.688195185,54.816152378,0.127957194
55,10,4.256709648,-6.563194539,54.802623382,54.807443184,21,1,54.748574621,54.833510529,0.084935908
55,11,4.239536378,-6.438624695,54.710412538,54.712225225,13,1,54.641203906,54.812782454,0.171578548
55,32,4.376320120,-3.245634217,55.282765009,55.284401903,33,1,55.210140330,55.365143117,0.155002786
55,33,4.367937164,-3.112790583,55.378167251,55.362681057,42,1,55.284419017,55.445311869,0.160892852
55,34,4.357756037,-2.962526376,55.542726606,55.529217841,42,1,55.429297185,55.631364103,0.202066918
55,35,4.351821737,-2.808986574,55.381653310,55.406827668,38,1,55.280662033,55.488404503,0.207742470
55,36,4.345189969,-2.666828319,55.282062744,55.298271338,38,1,55.204354426,55.364377385,0.160022959
55,37,4.340144582,-2.507635784,55.255736117,55.281928282,38,1,55.179155088,55.382058874,0.202903786
55,38,4.331964945,-2.356549427,55.311035568,55.296720176,38,1,55.226990815,55.366395833,0.139405018
55,39,4.325099457,-2.212600457,55.249368106,55.254755688,38,1,55.166975644,55.324333416,0.157357772
55,40,4.318088466,-2.062716431,55.155851969,55.159034697,42,1,55.087013751,55.192663903,0.105650152
55,41,4.311769455,-1.900065341,55.001100199,55.025838137,49,1,54.917579396,55.106080082,0.188500686
55,42,4.303229969,-1.749574038,55.081451134,55.063862739,75,1,54.924908471,55.199992131,0.275083660
55,43,4.296603668,-1.622362098,54.989647153,55.004257247,72,1,54.858035293,55.149383467,0.291348174
55,44,4.289590130,-1.457419052,55.038663730,55.040836962,49,1,54.976631683,55.127627530,0.150995847
55,45,4.289098441,-1.306655242,55.027473784,55.026919736,50,1,54.925814585,55.154433301,0.228618716
55,46,4.280074070,-1.162127818,54.940805345,54.964843971,51,1,54.881736274,55.044521905,0.162785631
55,47,4.278580362,-1.010613257,55.032915624,55.024579452,49,1,54.950671058,55.126556554,0.175885496
55,48,4.273359715,-0.865224432,54.990687583,55.003247479,45,1,54.934098835,55.062786105,0.128687271
55,49,4.271916120,-0.716949654,55.091424594,55.086149927,44,1,55.035099426,55.154901600,0.119802174
55,50,4.276843685,-0.560216149,55.144923863,55.134027702,41,1,55.059596829,55.206916173,0.147319344
55,51,4.277318475,-0.408778667,55.241812825,55.230576115,37,1,55.143345648,55.345514986,0.202169337
55,52,4.275048801,-0.260530930,55.221643240,55.209064653,32,1,55.093156250,55.289586532,0.196430282
55,53,4.271613865,-0.109828076,55.190220924,55.241816308,34,1,55.132644687,55.339465165,0.206820479
55,54,4.271040315,0.034202573,55.383400737,55.348195090,32,1,55.288498264,55.460517479,0.172019215
55,55,4.272294383,0.190755058,55.225066797,55.237995590,34,1,55.162222906,55.323660074,0.161437167
55,56,4.265914049,0.343429092,55.330572796,55.325635531,37,1,55.204296180,55.434926711,0.230630531
55,57,4.264057751,0.493094139,55.298008477,55.348714351,46,1,55.235405495,55.463638046,0.228232551
55,58,4.257775215,0.635891377,55.191319028,55.194684247,48,1,55.051667380,55.359724953,0.308057573
55,59,4.252271791,0.793741177,55.222478924,55.224801982,45,1,55.162766359,55.297822538,0.135056180
55,60,4.250617351,0.948835792,55.109091700,55.104413402,184,1,55.031812510,55.214785432,0.182972922
55,61,4.252109930,1.020651254,54.823343859,54.823882917,121,1,54.519078875,55.098097909,0.579019034
56,3,4.391436453,-7.593124848,54.309045550,54.295333591,48,1,54.221374593,54.362158563,0.140783969
56,19,4.527308224,-5.162970795,55.327080133,55.286120805,18,1,55.238098860,55.378170774,0.140071914
56,20,4.516272049,-5.059710094,55.386519817,55.419487315,43,1,55.274618067,55.481541843,0.206923775
56,21,4.496300957,-4.904212728,55.435568686,55.411977711,45,1,55.307478535,55.522285551,0.214807016
56,22,4.485255467,-4.749803250,55.605297541,55.584146901,42,1,55.486498835,55.656983205,0.170484370
56,23,4.474433551,-4.611867009,55.492777193,55.493323993,42,1,55.394128901,55.571477237,0.177348336
56,24,4.460852219,-4.458945787,55.541682130,55.517156882,48,1,55.446278949,55.595863448,0.149584499
56,25,4.446346969,-4.306960721,55.545898882,55.544972853,46,1,55.451890232,55.627026588,0.175136357
56,26,4.432769631,-4.158837831,55.337429114,55.337121551,44,1,55.230564014,55.430844136,0.200280122
56,27,4.426117500,-4.009011396,55.313086159,55.326068834,51,1,55.234156111,55.414394145,0.180238034
56,28,4.417261117,-3.850199788,55.531334026,55.492731194,57,1,55.368146916,55.616229668,0.248082751
56,29,4.400390460,-3.714007048,55.537838388,55.547188444,62,1,55.470158265,55.650622939,0.180464674
56,30,4.394289600,-3.567366106,55.471669522,55.471400420,55,1,55.377896455,55.554100185,0.176203730
56,31,4.389533106,-3.404707025,55.170080558,55.159363356,50,1,55.075201432,55.248858978,0.173657547
56,32,4.383368534,-3.313498651,55.135234190,55.136222623,10,1,55.078042366,55.211369133,0.133326767
57,9,4.679654755,-6.649249105,55.709115233,55.688350090,8,1,55.633228628,55.763576573,0.130347945
57,10,4.667218370,-6.562364477,55.628373947,55.622124655,38,1,55.512411217,55.700616337,0.188205120
57,11,4.648010723,-6.412727220,55.539469989,55.565860497,42,1,55.502199689,55.588164466,0.085964777
57,12,4.635848912,-6.262024295,55.640326301,55.636049599,43,1,55.537753057,55.732248872,0.194495815
57,13,4.620914913,-6.109778894,55.645682684,55.652431640,40,1,55.599876521,55.691829578,0.091953056
57,14,4.605164037,-5.960536053,55.703726014,55.711557702,43,1,55.638597427,55.792450121,0.153852693
57,15,4.592302292,-5.810417893,55.542537439,55.564143909,35,1,55.415651008,55.647741804,0.232090796
57,16,4.572638549,-5.657901661,55.484174960,55.487257390,36,1,55.442891462,55.548149565,0.105258103
57,17,4.558739660,-5.515108206,55.446851192,55.427216139,38,1,55.355211491,55.520351940,0.165140448
57,18,4.545865372,-5.360182629,55.456823608,55.526033884,38,1,55.370337121,55.552942344,0.182605224
57,19,4.535378737,-5.240471969,55.534990316,55.525897720,25,1,55.379195331,55.676622736,0.297427405
58,2,4.811568857,-7.704808596,54.103883909,54.324633240,150,1,53.866449695,54.948396442,1.081946747
58,3,4.797707134,-7.619537343,55.625870243,55.619885655,155,1,55.511402104,55.735044137,0.223642033
58,4,4.781404843,-7.457935710,55.721157348,55.734865626,66,1,55.656461240,55.795641278,0.139180038
58,5,4.758215917,-7.319640514,55.771424311,55.787518456,57,1,55.684610533,55.901423539,0.216813006
58,6,4.738195153,-7.165028617,55.653742680,55.670383526,48,1,55.600133167,55.764136823,0.164003656
58,7,4.723501857,-7.008060116,55.864159129,55.870074535,41,1,55.814089855,55.961979567,0.147889712
58,8,4.704919041,-6.863137124,55.674985041,55.670093300,41,1,55.533167006,55.770030291,0.236863285
58,9,4.686373714,-6.726056295,55.715930911,55.702718210,32,1,55.581348045,55.803504744,0.222156699
