"Time (s)","X (m/s^2)","Y (m/s^2)","Z (m/s^2)"
0.00716604167,0.403871893,-0.748188019,-9.9618242
0.0171240417,0.332644393,-0.790535461,-9.82131449
0.0270820417,0.237025964,-0.793378575,-9.6992102
0.0370390417,0.14050971,-0.78185648,-9.62109937
0.0469970417,-0.0194528885,-0.807594147,-9.64249755
0.0569540417,-0.0163104988,-0.831236889,-9.68155296
0.0669120417,0.0412999786,-0.88675244,-9.78585037
0.0768700417,0.117764794,-0.912190833,-9.71058266
0.0868270417,0.124348849,-0.887799903,-9.44243207
0.0967850417,0.0987608185,-0.865354263,-9.2483521
0.106743042,0.101454295,-0.881814399,-9.15797099
0.116700042,0.0797568428,-0.913986484,-9.24670609
0.126658042,0.0637456192,-0.956333926,-9.48178676
0.136616042,0.0809539436,-0.974440076,-9.74649568
0.146573042,0.113126028,-0.974290438,-9.95314521
0.156531042,0.161010062,-0.978330653,-9.89703111
0.166489042,0.240018716,-0.940023427,-9.76699604
0.176446042,0.279074131,-0.948702408,-9.6932247
0.186404042,0.367509955,-0.935683936,-9.57501099
0.196361042,0.421229855,-0.951844798,-9.61765771
0.206319042,0.358830974,-0.997933179,-9.74859061
0.216277042,0.23044191,-0.977582465,-9.90870285
0.226234042,0.150685067,-0.934786111,-10.0768955
0.236192042,0.063446344,-0.900818375,-10.1144546
0.246150042,0.015113398,-0.896927797,-10.0551981
0.256107042,0.0770633659,-0.929099882,-9.89762966
0.266065042,0.165349552,-0.931045171,-9.70010803
0.276023042,0.256478853,-0.924910029,-9.54104325
0.285980042,0.284012172,-0.912789383,-9.46547626
0.295938042,0.189291569,-0.92730423,-9.499444
0.305896042,0.103998135,-0.96231943,-9.60613561
0.315853042,0.130334353,-0.957830302,-9.68005659
0.325811042,0.146345576,-0.957231751,-9.70684172
0.335769042,0.133327105,-0.993144776,-9.6805055
0.345726042,0.0930745895,-0.973392612,-9.64354501
0.355684042,0.0917278511,-0.959326678,-9.66374609
0.365641042,0.0968155296,-0.95603465,-9.65012907
0.375599042,0.111928928,-0.943016179,-9.71282722
0.385557042,0.154126732,-0.957381389,-9.73437504
0.395514042,0.253635738,-0.947206032,-9.74589713
0.405472042,0.235080676,-0.96665892,-9.8488478
0.415430042,0.142454999,-0.951395885,-9.95583869
0.425387042,0.108786538,-0.911293007,-10.033351
0.435345042,0.0659901833,-0.889296279,-10.0022263
0.445303042,0.110881464,-0.867000276,-9.90840357
0.455260042,0.17357962,-0.851288328,-9.77343045
0.465218042,0.225354231,-0.843507172,-9.68993267
0.475176042,0.2347814,-0.825251385,-9.69487071
0.485133042,0.204255329,-0.849642314,-9.72734207
0.495091042,0.158915135,-0.878672009,-9.82954455
0.505049042,0.0990600937,-0.916231048,-9.9081043
0.515006042,0.10489596,-0.898124898,-9.96376948
0.524964042,0.0941220528,-0.852186153,-9.84450831
0.534921042,0.0956184288,-0.858321295,-9.65461819
0.544879042,0.134224931,-0.85487963,-9.52712696
0.554837042,0.188543381,-0.813579652,-9.42043534
0.564794042,0.214580324,-0.776619164,-9.45320598
0.574752042,0.178068748,-0.821061532,-9.55241571
0.584710042,0.171783969,-0.87298578,-9.70848773
0.594667042,0.25917233,-0.910844094,-10.0715086
0.604625042,0.332345118,-0.967856021,-10.3239472
0.614583042,0.358082786,-1.02935708,-10.2859392
0.624540042,0.304662161,-1.03998135,-10.0665705
0.634498042,0.307954189,-0.980126305,-9.77358009
0.644456042,0.280121594,-0.912639745,-9.58518635
0.654413042,0.1985691,-0.859219121,-9.54179144
0.664371042,0.174327808,-0.776319888,-9.63022727
0.674329042,0.230591547,-0.7930793,-9.73033482
0.684286042,0.244058932,-0.921618002,-9.79063878
0.694244042,0.214131411,-1.00930564,-9.82026702
0.704202042,0.20231004,-0.954388637,-9.82715035
0.714159042,0.142454999,-0.89363577,-9.84570541
0.724117042,0.094421328,-0.877025996,-9.84480759
0.734074042,0.0755669899,-0.842459709,-9.85243911
0.744032042,0.0866401726,-0.854430717,-9.80320834
0.753990042,0.0896329247,-0.853233617,-9.74305402
0.763947042,0.113126028,-0.866850639,-9.7051957
0.773905042,0.151283617,-0.884956789,-9.61601169
0.783863042,0.204704242,-0.863408974,-9.58758055
0.793820042,0.219069452,-0.864755712,-9.70235259
0.803778042,0.200065476,-0.849941589,-9.78450363
0.813736042,0.259920518,-0.828244137,-9.79901848
0.823693042,0.23418285,-0.885704977,-9.83523078
0.833651042,0.251540812,-0.894383958,-9.861567
0.843609042,0.298227744,-0.888697729,-9.8802717
0.853566042,0.261566531,-0.87178868,-9.8452565
0.863524042,0.229244809,-0.837222393,-9.89942531
0.873482042,0.231190098,-0.863857887,-9.9901057
0.883439042,0.221613291,-0.891989756,-9.971401
0.893397042,0.228795896,-0.900519099,-9.89837785
0.903355042,0.270844063,-0.87986911,-9.79677392
0.913312042,0.266205297,-0.900818375,-9.71596961
0.923270042,0.216226337,-0.908300255,-9.62813234
0.933228042,0.175375272,-0.871489404,-9.63785878
0.943185042,0.1436521,-0.824054284,-9.74425112
0.953143042,0.09741408,-0.81806878,-9.87249055
0.963100042,0.126294138,-0.801608643,-9.93668508
0.973058042,0.214580324,-0.827047036,-9.90615901
0.983016042,0.276231017,-0.874332519,-9.83837317
0.992973042,0.292840791,-0.89363577,-9.74724387
1.00293104,0.315286431,-0.885405701,-9.74320366
1.01288904,0.277428117,-0.922815102,-9.76744495
1.02284604,0.25662849,-0.918176337,-9.77896704
1.03280404,0.336534971,-0.866102451,-9.73946272
1.04276204,0.361823726,-0.88675244,-9.6407019
1.05271904,0.33099838,-0.906055691,-9.58309142
1.06267704,0.278325943,-0.87986911,-9.71043302
1.07263504,0.232087923,-0.856675282,-9.91633436
1.08259204,0.185849904,-0.874631794,-9.99220063
1.09255004,0.183904615,-0.909347718,-10.0264676
1.10250804,0.198868375,-0.899920549,-9.95359413
1.11246504,0.235978501,-0.862062235,-9.7879453
1.12242304,0.258124866,-0.852934341,-9.68559318
1.13238104,0.279074131,-0.87552962,-9.6514758
1.14233804,0.293140066,-0.88989483,-9.68035586
1.15229604,0.267552036,-0.866850639,-9.68664064
1.16225404,0.223408942,-0.824802472,-9.77133553
1.17221104,0.201561852,-0.855328543,-9.92785646
1.18216904,0.231190098,-0.865354263,-10.02138
1.19212604,0.284610722,-0.878522372,-10.0836292
1.20208404,0.333991132,-0.906803879,-10.0403839
1.21204204,0.361374813,-0.903811127,-9.97035354
1.22199904,0.345363589,-0.881066211,-9.94027638
1.23195704,0.306158537,-0.866252088,-9.92606081
1.24191504,0.290596227,-0.864007524,-9.86291374
1.25187204,0.335637145,-0.880018748,-9.75592285
1.26183004,0.387711031,-0.96920276,-9.6793084
1.27178804,0.426916084,-1.00152448,-9.69816274
1.28174504,0.433500138,-0.928052419,-9.71746599
1.29170304,0.390853421,-0.862810423,-9.751733
1.30166104,0.372447996,-0.912939021,-9.8229605
1.31161804,0.355688584,-0.947355669,-9.87323873
1.32157604,0.372597633,-0.946906757,-9.78016414
1.33153404,0.348805254,-0.928501331,-9.70115549
1.34149104,0.250194073,-0.886602802,-9.65686276
1.35144904,0.173878896,-0.822707545,-9.67317326
1.36140704,0.110432552,-0.732924983,-9.80171196
1.37136404,0.0478840332,-0.732176795,-9.97948143
1.38132204,0.038157589,-0.790236185,-10.063877
1.39128004,0.0971148048,-0.827795224,-10.0525046
1.40123704,0.158915135,-0.841412246,-9.89748003
1.41119504,0.172532157,-0.86864629,-9.72988591
1.42115204,0.186298817,-0.870741216,-9.66688848
1.43111004,0.182408239,-0.823605371,-9.65297218
1.44106804,0.16924013,-0.81806878,-9.69831237
1.45102542,0.136170219,-0.870292303,-9.69726491
1.46098342,0.119410808,-0.907252792,-9.6677863
1.47094142,0.155174195,-0.880467661,-9.59281786
1.48089842,0.178517661,-0.851437965,-9.50483095
1.49085642,0.213383223,-0.80430212,-9.51515595
1.50081442,0.232985749,-0.782155755,-9.58668272
1.51077142,0.240018716,-0.794575676,-9.64040262
1.52072942,0.298975932,-0.848295576,-9.71447324
1.53068742,0.356137497,-0.874931069,-9.76026234
1.54064442,0.331896205,-0.899172361,-9.76415292
1.55060242,0.287603474,-0.937030675,-9.79303298
1.56056042,0.245256033,-0.980275942,-9.85169092
1.57051742,0.231190098,-0.961271967,-9.93219595
1.58047542,0.171185419,-0.891989756,-9.93788218
1.59043342,0.11492168,-0.812083276,-9.83777462
1.60039042,0.0652419952,-0.757914463,-9.77387936
1.61034842,0.054019175,-0.754921711,-9.68873557
1.62030642,0.122104285,-0.76434888,-9.63247183
1.63026342,0.188244106,-0.834080003,-9.65297218
1.64022142,0.216226337,-0.884807151,-9.73482395
1.65017942,0.262015444,-0.829441238,-9.90226843
1.66013642,0.240766904,-0.830189426,-10.0580412
1.67009442,0.202758953,-0.791732561,-10.0773444
1.68005242,0.180612588,-0.745943455,-10.0321539
1.69000942,0.141856448,-0.749085844,-9.92202059
1.69996742,0.106691611,-0.778265177,-9.77567502
1.70992442,0.148889416,-0.791283649,-9.67646528
1.71988242,0.18360534,-0.812232913,-9.70699136
1.72984042,0.180762225,-0.840364783,-9.72419968
1.73979742,0.178966574,-0.824802472,-9.79288334
1.74975542,0.141257898,-0.825999573,-9.95299558
1.75971342,0.0828992325,-0.852784704,-10.0137484
1.76967042,0.156072021,-0.805199946,-9.96137528
1.77962842,0.233883575,-0.825401022,-9.9503021
1.78958642,0.19422961,-0.85802202,-9.91588545
1.79954342,0.199616563,-0.79248075,-9.90062242
1.80950142,0.249595523,-0.776469526,-9.88924996
1.81945942,0.241215817,-0.770035109,-9.80021558
1.82941642,0.25602994,-0.774374599,-9.69023194
1.83937442,0.276231017,-0.818368055,-9.60673416
1.84933242,0.307654913,-0.864755712,-9.55047042
1.85928942,0.31783027,-0.91548286,-9.61646061
1.86924742,0.264260008,-0.937629225,-9.76011271
1.87920542,0.190339032,-0.931045171,-9.84675288
1.88916242,0.169090492,-0.891690481,-9.9140898
1.89912042,0.159513686,-0.885106426,-9.97798506
1.90907842,0.163553901,-0.905008228,-9.91588545
1.91903542,0.227149883,-0.94166944,-9.85034418
1.92899342,0.28790275,-0.957531026,-9.80380689
1.93895142,0.26665421,-0.898573811,-9.78330653
1.94890842,0.297030643,-0.771381847,-9.83343513
1.95886642,0.275033916,-0.750282945,-9.84271266
1.96882342,0.29224224,-0.75746555,-9.86126773
1.97878142,0.345513227,-0.770484022,-9.78854385
1.98873942,0.428861372,-0.729782594,-9.58548562
1.99869642,0.489015689,-0.681748923,-9.60224503
2.00865442,0.333542219,-0.691325729,-9.83238767
2.01861242,0.181660051,-0.733373896,-9.97125136
2.02856942,0.0939724152,-0.845901374,-10.0086608
2.03852742,0.0899321999,-0.927902781,-10.0080622
2.04848542,0.0849941589,-0.941220528,-9.82281086
2.05844242,0.0665887337,-0.869394478,-9.61212112
2.06840042,0.0932242271,-0.877175633,-9.51395885
2.07835842,0.150086517,-0.942118353,-9.41908861
2.08831542,0.260967981,-0.944063642,-9.3334959
2.09827342,0.326808527,-0.900818375,-9.35773719
2.10823142,0.278026668,-0.897675985,-9.48896937
2.11818842,0.264409646,-0.950647697,-9.66838485
2.12814642,0.20485388,-0.958428852,-9.94326913
2.13810442,0.147093764,-0.943465092,-10.1951092
2.14806142,0.126443775,-0.886004252,-10.3404073
2.15801942,0.138265146,-0.84425536,-10.3905359
2.16797742,0.0917278511,-0.819864431,-10.3428015
2.17793442,0.0766144531,-0.8105869,-10.1912186
2.18789242,0.116418056,-0.809539436,-9.96167456
2.19785042,0.166845928,-0.838718769,-9.79976667
2.20780742,0.178667299,-0.889146642,-9.66584101
2.21776542,0.193331784,-0.891391206,-9.62364321
2.22772342,0.154126732,-0.86236151,-9.65716203
2.23768042,0.135571669,-0.867149914,-9.63591349
2.24763842,0.138714059,-0.843507172,-9.68394716
2.25759642,0.131681091,-0.830039788,-9.75741923
2.26755342,0.188393743,-0.849492677,-9.76639748
2.27751142,0.244208569,-0.884507876,-9.74275474
2.28746842,0.246752409,-0.918026699,-9.76909096
2.29742642,0.222511117,-0.877025996,-9.80515362
2.30738442,0.187795193,-0.85742347,-9.81562826
2.31734142,0.167743754,-0.838120219,-9.85812534
2.32729942,0.140210435,-0.85487963,-9.85528222
2.33725742,0.162506438,-0.855178905,-9.8090442
2.34721442,0.247500597,-0.870741216,-9.7318312
2.35717242,0.318578458,-0.946906757,-9.64085154
2.36713042,0.32845454,-1.00346977,-9.53176572
2.37708742,0.268599499,-0.969352397,-9.53715268
2.38704542,0.219069452,-0.910694456,-9.67377181
2.39700342,0.182707514,-0.895281783,-9.86785178
2.40696042,0.154725282,-0.924311478,-10.0858738
2.41691842,0.167893391,-0.99853173,-10.1639846
2.42687642,0.16924013,-1.03010526,-10.0837788
2.43683342,0.175075996,-0.985363621,-9.94581297
2.44679142,0.167444479,-0.946906757,-9.82520506
2.45674892,0.149487966,-0.924461116,-9.68020622
2.46670592,0.16549919,-0.904110402,-9.60433996
2.47666392,0.137666595,-0.953939724,-9.72749171
2.48662192,0.0704793114,-0.979228479,-9.86815106
2.49657892,0.0556651886,-0.975188264,-9.92785646
2.50653692,0.071377137,-1.00257195,-9.90645828
2.51649492,0.0977133553,-0.989852749,-9.73976199
2.52645192,0.130932903,-0.931643721,-9.57276643
2.53640992,0.185849904,-0.899022723,-9.45066214
2.54636792,0.24166473,-0.861314047,-9.45664764
2.55632492,0.235230313,-0.820462981,-9.61376713
2.56628292,0.186149179,-0.85428108,-9.84121629
2.57624092,0.129137252,-0.880467661,-10.0635778
2.58619792,0.113724579,-0.87927056,-10.1611415
2.59615592,0.0701800362,-0.882861862,-10.1092172
2.60611392,0.0647930824,-0.913088658,-9.9037648
2.61607092,0.111480015,-0.925358942,-9.63516531
2.62602892,0.209941558,-0.869544115,-9.44722048
2.63598692,0.234631763,-0.824054284,-9.38751507
2.64594392,0.17298107,-0.844554636,-9.44901613
2.65590192,0.147243402,-0.89483287,-9.6279827
2.66585992,0.139013334,-0.940322702,-9.83418332
2.67581692,0.125994862,-0.955885013,-9.92636008
2.68577492,0.149039053,-0.925807854,-9.92875428
2.69573292,0.146195939,-0.948253495,-9.86530794
2.70568992,0.16983868,-0.91982235,-9.77387936
2.71564792,0.226551332,-0.880467661,-9.72015947
2.72560592,0.240168354,-0.895581059,-9.74529858
2.73556292,0.211587572,-0.879120922,-9.84181484
2.74552092,0.16175825,-0.863558611,-9.93010102
2.75547892,0.0903811127,-0.880018748,-9.9503021
2.76543592,0.112228203,-0.90485859,-9.92845501
2.77539392,0.143801737,-0.92236619,-9.90615901
2.78535092,0.199616563,-0.925209304,-9.82729999
2.79530892,0.22415713,-0.933439372,-9.78869349
2.80526692,0.259920518,-0.94795422,-9.74365257
2.81522392,0.290745864,-0.932541547,-9.75741923
2.82518192,0.268000948,-0.9017162,-9.80275942
2.83513992,0.22355858,-0.895880334,-9.88087025
2.84509692,0.244058932,-0.90859953,-9.8826659
2.85505492,0.237474877,-0.976535002,-9.79363153
2.86501292,0.221762929,-1.01648824,-9.7493388
2.87496992,0.207248081,-0.998980643,-9.75158336
2.88492792,0.146644852,-0.966808558,-9.71013375
2.89488592,0.112527478,-0.913537571,-9.69352397
2.90484292,0.0899321999,-0.898573811,-9.73078373
2.91480092,0.0767640907,-0.847547388,-9.78929204
2.92475892,0.0891840118,-0.815824216,-9.82520506
2.93471592,0.0769137283,-0.814028564,-9.92710827
2.94467392,0.0950198784,-0.79622169,-10.0667202
2.95463192,0.106541974,-0.845302824,-10.0794394
2.96458892,0.174776721,-0.934486835,-9.95598833
2.97454692,0.255880302,-0.939873789,-9.84600469
2.98450492,0.237774152,-0.928351694,-9.69277578
2.99446192,0.203207866,-0.936581762,-9.64444284
3.00441992,0.188543381,-0.919672713,-9.70654244
3.01437792,0.171484694,-0.923862566,-9.73946272
3.02433492,0.142754274,-0.951545522,-9.76475147
3.03429292,0.184503165,-0.985213983,-9.78585037
3.04425092,0.25543139,-1.00212303,-9.81562826
3.05420792,0.246153858,-1.03893388,-9.79871921
3.06416592,0.239270528,-1.03474403,-9.77193408
3.07412392,0.216226337,-0.963366893,-9.74888988
3.08408092,0.197371999,-0.953490811,-9.7354225
3.09403892,0.161010062,-0.978929204,-9.74200656
3.10399692,0.146794489,-0.981473043,-9.73287866
3.11395392,0.191236858,-0.927004955,-9.7493388
3.12391192,0.215029237,-0.944662193,-9.79871921
3.13386992,0.245256033,-0.97039986,-9.86859997
3.14382692,0.271592251,-0.992845501,-9.90675756
3.15378492,0.252438638,-0.949600233,-9.93144776
3.16374292,0.203207866,-0.886902077,-10.0233253
3.17369992,0.170886143,-0.875230344,-10.0917096
3.18365792,0.144549925,-0.877025996,-10.0201829
3.19361592,0.149338329,-0.908749168,-9.91693291
3.20357292,0.189890119,-0.93358901,-9.83358477
3.21353092,0.165648827,-0.965910732,-9.75367829
3.22348892,0.162506438,-0.974888988,-9.68843629
3.23344592,0.147841953,-1.00107557,-9.68334861
3.24340392,0.136469495,-0.975936452,-9.60149685
3.25336192,0.122553197,-0.93044662,-9.54583166
3.26331892,0.116866969,-0.925658217,-9.61720879
3.27327692,0.0962169792,-0.96606037,-9.686491
3.28323492,0.095917704,-0.978480291,-9.73317794
3.29319192,0.102950671,-0.982221231,-9.7831569
3.30314992,0.13302783,-1.01005383,-9.77687212
3.31310792,0.17672201,-1.0067618,-9.75786814
3.32306492,0.195576348,-0.988805286,-9.79048914
3.33302292,0.15861586,-0.958129577,-9.7927337
3.34298092,0.120757546,-0.940921252,-9.72524714
3.35293792,0.123750298,-0.899022723,-9.70130513
3.36289592,0.163104988,-0.883161137,-9.66284826
3.37285392,0.186598092,-0.912639745,-9.71417396
3.38281092,0.150535429,-0.929399157,-9.80650036
3.39276892,0.0900818375,-0.941968716,-9.85752679
3.40272692,0.0637456192,-0.964863269,-9.89254198
3.41268392,0.0653916328,-0.951994435,-9.91438907
3.42264192,0.0836474205,-0.994940427,-9.87383728
3.43259992,0.101753571,-1.02606505,-9.79048914
3.44255692,0.163254626,-1.03369657,-9.71043302
3.45251492,0.204704242,-0.983867245,-9.70983447
3.46247329,0.199766201,-0.947505307,-9.76834277
3.47243029,0.128389064,-0.950647697,-9.85543186
3.48238829,0.115370592,-0.929997707,-9.92381624
3.49234629,0.140060797,-0.939873789,-9.91229415
3.50230329,0.170736506,-0.988057098,-9.84839889
3.51226129,0.177470198,-0.949151321,-9.79722283
3.52221929,0.175973822,-0.889595554,-9.77343045
3.53217629,0.147692315,-0.881515124,-9.81517934
3.54213429,0.136170219,-0.859967309,-9.83358477
3.55209229,0.131381816,-0.898573811,-9.85363621
3.56204929,0.145747026,-0.955885013,-9.81772318
3.57200729,0.237025964,-0.960523779,-9.7589156
3.58196529,0.273088627,-0.942866541,-9.75577321
3.59192229,0.21233576,-0.913238296,-9.8301431
3.60188029,0.122253922,-0.925358942,-9.90196915
3.61183829,0.106841249,-0.924910029,-9.98217491
3.62179529,0.0752677147,-0.918625249,-10.0804868
3.63175329,0.0285807823,-0.956333926,-9.97439375
3.64171129,0.0586579407,-0.968604209,-9.81233623
3.65166829,0.115819505,-0.983119057,-9.64130045
3.66162629,0.196923087,-0.947654945,-9.58428852
3.67158429,0.165199915,-0.909497356,-9.59072294
3.68154129,0.140958623,-0.925059666,-9.70474679
3.69149929,0.103848497,-0.966808558,-9.82565398
3.70145729,0.10429741,-0.961870517,-9.85453403
3.71141429,0.0972644424,-0.991199487,-9.86725323
3.72137229,0.0519242485,-1.03833533,-9.86874961
3.73133029,0.0834977829,-0.99479079,-9.85618005
3.74128729,0.0628477936,-0.95917704,-9.8253547
3.75124529,0.071377137,-0.965012907,-9.77881741
3.76120329,0.0803553932,-0.971297686,-9.66793594
3.77116029,0.103249947,-0.973691888,-9.54134253
3.78111829,0.177919111,-0.943016179,-9.52009399
3.79107629,0.111480015,-0.968155296,-9.52997007
3.80103329,0.0912789383,-0.953191536,-9.67062942
3.81099129,0.128089789,-0.957680664,-9.80485435
3.82094929,0.105943423,-0.956633201,-9.89104561
3.83090629,0.0523731613,-0.902314751,-9.92082349
3.84086429,0.030226796,-0.909347718,-9.87578257
3.85082229,0.025288755,-0.956932476,-9.76729531
3.86077929,0.0968155296,-1.01349549,-9.64803414
3.87073729,0.14425065,-1.04521866,-9.56752911
3.88069529,0.181360776,-1.03369657,-9.51470704
3.89065229,0.20485388,-0.995090065,-9.54373673
3.90061029,0.181809689,-0.95917704,-9.6466874
3.91056829,0.0992097313,-0.950797334,-9.79737247
3.92052529,0.0213981773,-0.979378117,-9.95703579
3.93048329,0.0315735344,-1.01020346,-10.0285626
3.94044129,0.0637456192,-1.02322193,-10.0462198
3.95039829,0.120009358,-1.0127473,-9.95060137
3.96035629,0.13991116,-0.970100585,-9.85064346
3.97031429,0.166845928,-0.907701704,-9.76056162
3.98027129,0.150984342,-0.875679257,-9.75472575
3.99022929,0.143801737,-0.899321999,-9.77387936
4.00018729,0.102501759,-0.94855277,-9.79048914
4.01014429,0.0932242271,-1.01095165,-9.78480291
4.02010229,0.101005383,-1.03953243,-9.78091233
4.03006029,0.0926256767,-0.996137528,-9.7776203
4.04001729,0.0980126305,-0.947804582,-9.76968951
4.04997529,0.108187988,-0.921468364,-9.75233155
4.05993329,0.155922383,-0.89423432,-9.74230583
4.06989029,0.170886143,-0.881964037,-9.74125837
4.07984829,0.106691611,-0.961571242,-9.8555815
4.08980629,0.0435445427,-1.02397012,-9.95119993
4.09976329,0.00568622894,-1.03579149,-9.9013706
4.10972129,-0.0163104988,-1.01978027,-9.75382793
4.11967929,0.0125695587,-1.02950671,-9.57830302
4.12963629,0.0704793114,-1.02830961,-9.44677156
4.13959429,0.120158996,-1.04117845,-9.444527
4.14955229,0.141407536,-1.09878892,-9.60000047
4.15950929,0.12674305,-1.10073421,-9.81742391
4.16946729,0.080804306,-1.06512046,-9.95164884
4.17942529,0.0347159241,-0.971746599,-9.99848541
4.18938229,0.0297778831,-0.911442645,-10.0055184
4.19934029,0.0811035812,-0.886602802,-9.98696331
4.20929829,0.137516958,-0.87986911,-9.94596261
4.21925529,0.162656075,-0.865204625,-9.98950715
4.22921329,0.176572372,-0.906205328,-10.0553477
4.23917129,0.202758953,-0.95483755,-10.1098158
4.24912829,0.201112939,-0.963666168,-10.110564
4.25908629,0.194678522,-0.968005659,-10.0481651
4.26904429,0.119560445,-0.963217255,-9.88476083
4.27900129,0.0745195267,-0.941519803,-9.70070658
4.28895929,0.0160112236,-0.890643018,-9.53371101
4.29891729,0.0142155724,-0.909048443,-9.49121393
4.30887429,0.0472854828,-0.968155296,-9.58099649
4.31883229,0.0249894798,-1.00750999,-9.64010335
4.32879029,0.0146644852,-1.02142628,-9.7529301
4.33874729,-0.000748188019,-1.05000707,-9.85857425
4.34870529,0.0205003517,-1.02950671,-9.81458079
4.35866329,0.0360626625,-1.01289694,-9.69367361
4.36862029,0.0748188019,-1.01125093,-9.59820482
4.37857829,0.109834001,-0.970998411,-9.57381389
4.38853629,0.136619132,-0.982969419,-9.664195
4.39849329,0.142903912,-1.01888244,-9.80021558
4.40845129,0.1436521,-1.01648824,-9.93833109
4.41840929,0.0948702408,-1.01080201,-10.0378401
4.42836629,0.0601543167,-1.00421796,-10.1038303
4.43832429,0.030974984,-1.031452,-10.0592383
4.44828229,0.0210989021,-1.01439332,-9.92426516
4.45823954,0.03247136,-1.00885672,-9.72734207
4.46819754,0.0950198784,-0.993144776,-9.54927332
4.47815554,0.130334353,-0.983268694,-9.53730231
4.48811254,0.0975637177,-0.965312182,-9.57650737
4.49807054,0.11926117,-0.934935748,-9.70489643
4.50802854,0.115969143,-0.9367314,-9.81996775
4.51798554,0.115969143,-0.926855318,-9.91214451
4.52794354,0.132878192,-0.906953516,-9.95688615
4.53790154,0.110282914,-0.937778863,-9.94072529
4.54785854,0.0773626411,-1.01259766,-9.89448727
4.55781654,0.081552494,-1.03249947,-9.84555578
4.56777454,0.0920271263,-1.03668932,-9.74948844
4.57773154,0.0487818588,-1.02411976,-9.7342254
4.58768954,-0.00673369217,-1.01813426,-9.71986019
4.59764754,0.00568622894,-1.03863461,-9.69068086
4.60760454,0.0121206459,-1.05075525,-9.67481927
4.61756254,0.00359130249,-1.08621937,-9.6677863
4.62752054,0.0314238968,-1.08951139,-9.71881273
4.63747754,-0.00538695374,-1.06063134,-9.81877065
4.64743554,-0.0442927307,-1.05105453,-9.91857893
4.65739354,-0.0638952568,-1.02756143,-9.9140898
4.66735054,-0.0664390961,-0.964264719,-9.85363621
4.67730854,-0.048332946,-0.932840822,-9.76265654
4.68726654,-0.00209492645,-0.953490811,-9.72120693
4.69722354,0.0556651886,-0.987458547,-9.74529858
4.70718154,0.0788590172,-1.00496615,-9.78600001
4.71713954,0.10489596,-1.02352121,-9.81697499
4.72709654,0.0926256767,-1.02097737,-9.83029274
4.73705454,0.062698156,-0.995239703,-9.76579893
4.74701254,0.0589572159,-0.964115081,-9.70310078
4.75696954,0.046088382,-0.932391909,-9.65551602
4.76692754,0.0466869324,-0.931494083,-9.66135189
4.77688554,0.0629974312,-0.987757822,-9.68903484
4.78684254,0.0888847366,-1.03564186,-9.75637177
4.79680054,0.135122756,-1.09938747,-9.80290906
4.80675854,0.152630356,-1.09100777,-9.76729531
4.81671654,0.113275666,-1.02920744,-9.71282722
4.82667354,0.0567126518,-0.996885716,-9.63561422
4.83663154,0.0486322212,-0.990152024,-9.60658452
4.84658954,0.0418985291,-1.0127473,-9.57127005
4.85654654,0.0709282242,-1.01005383,-9.59850409
4.86650454,0.0888847366,-0.969053122,-9.71686744
4.87646254,0.118961895,-0.983867245,-9.82520506
4.88641954,0.194977798,-0.994042602,-9.91379052
4.89637754,0.164900639,-0.990451299,-9.99205099
4.90633554,0.0972644424,-1.02292266,-10.0266173
4.91629254,0.0418985291,-1.00257195,-10.0545995
4.92625054,0.00493804092,-0.999279918,-10.0146463
4.93620854,0.015861586,-0.995239703,-9.93174704
4.94616554,0.064194532,-0.982969419,-9.81996775
4.95612354,0.100257195,-0.976535002,-9.7342254
4.96608154,0.113724579,-0.967856021,-9.71776526
4.97603854,0.0761655403,-0.994042602,-9.77941596
4.98599654,0.0644938072,-1.03100309,-9.83238767
4.99595454,0.0410007034,-1.05674076,-9.86186628
5.00591154,-0.000149637604,-1.04192663,-9.85483331
5.01586954,0.0243909294,-0.998232455,-9.85408512
5.02582754,0.0981622681,-0.965910732,-9.82221231
5.03578454,0.128987614,-0.990750574,-9.76864205
5.04574254,0.136469495,-0.975936452,-9.76026234
5.05570054,0.106541974,-0.97728319,-9.72315222
5.06565754,0.0920271263,-0.968753847,-9.67915876
5.07561554,0.0939724152,-1.00017774,-9.65791022
5.08557354,0.0163104988,-1.00361941,-9.65791022
5.09553054,0.0519242485,-0.988954923,-9.67137761
5.10548854,0.078559742,-1.02965635,-9.72449896
5.11544654,0.0821510445,-1.02875853,-9.75951415
5.12540354,0.0463876572,-1.03115273,-9.78091233
5.13536154,0.0818517693,-0.974440076,-9.82550434
5.14531954,0.0763151779,-0.93732995,-9.8917938
5.15527654,0.047584758,-0.993294414,-9.96646296
5.16523454,0.0447416435,-0.973841525,-10.0037227
5.17519254,0.0513256981,-0.98356797,-10.026318
5.18514954,0.0661398209,-1.00736035,-9.93339305
5.19510754,0.0528220741,-1.00750999,-9.85528222
5.20506554,0.0571615646,-1.0127473,-9.74425112
5.21502254,0.0650923576,-1.00361941,-9.62962871
5.22498054,0.0531213493,-0.973242975,-9.56124433
5.23493854,0.0207996269,-1.0055647,-9.57336498
5.24489554,0.0190039757,-1.00361941,-9.67003087
5.25485354,0.00269347687,-0.973392612,-9.75726959
5.26481154,-0.0110731827,-0.997783542,-9.79078841
5.27476854,0.0405517906,-0.988356373,-9.84420904
5.28472654,0.0845452461,-0.985064346,-9.86216555
5.29468454,0.0915782135,-0.999579193,-9.83582933
5.30464154,0.0405517906,-1.00586397,-9.80335797
5.31459954,0.0137666595,-0.976834277,-9.7867482
5.32455754,0.0210989021,-0.973093337,-9.8018616
5.33451454,-0.007930793,-0.98790746,-9.81667572
5.34447254,-0.00628477936,-0.986710359,-9.7879453
5.35443054,0.0673369217,-1.01648824,-9.74290438
5.36438854,0.133925655,-1.0338462,-9.71267758
5.37434554,0.138714059,-1.03893388,-9.72330185
5.38430354,0.0945709656,-1.01603933,-9.7227033
5.39426154,0.00643441696,-1.03609077,-9.71701708
5.40421854,0.00718260498,-1.0266636,-9.70474679
5.41417654,0.0161608612,-1.03549222,-9.66554174
5.42413454,0.0243909294,-1.02561614,-9.68469535
5.43409154,0.00598550415,-1.01095165,-9.77896704
5.44404954,0.0329202728,-0.971447324,-9.90331589
5.45400754,0.0734720634,-0.972494787,-9.95853217
5.46396454,0.0806546684,-0.963217255,-10.0135988
5.47392254,0.0817021317,-0.949450596,-10.0400847
5.48388054,0.0891840118,-0.960224503,-9.99534302
5.49383754,0.0612017799,-0.958129577,-9.95119993
5.50379554,0.0398036026,-0.994641152,-9.92022494
5.51375354,0.0360626625,-1.02965635,-9.83418332
5.52371054,0.0501285973,-1.03040454,-9.70788918
5.53366854,0.0757166275,-1.04851069,-9.61421604
5.54362654,0.110133276,-1.06332481,-9.59835446
5.55358354,0.130184715,-1.05674076,-9.61451532
5.56354154,0.115220955,-1.05509474,-9.63247183
5.57349954,0.0716764122,-1.01379477,-9.68873557
5.58345654,0.0285807823,-1.02262338,-9.81697499
5.59341454,0.0227449158,-1.0278607,-9.88446155
5.60337254,0.0345662865,-1.05554366,-9.94267058
5.61332954,0.0564133766,-1.07350017,-9.93384196
5.62328754,0.000299275208,-1.04162736,-9.90211879
5.63324554,-0.0685340225,-1.02277302,-9.89373909
5.64320254,-0.0519242485,-1.00571433,-9.87383728
5.65316054,-0.0330699104,-1.0139444,-9.89373909
5.66311854,-0.0330699104,-1.00601361,-9.85842461
5.67307554,-0.0257376678,-1.02202483,-9.82670144
5.68303354,0.0383072266,-0.999429556,-9.82789854
5.69299154,-0.016609774,-1.03968207,-9.73153192
5.70294854,-0.00134673843,-0.951545522,-9.7342254
5.71290654,0.040402153,-0.953191536,-9.71357541
5.72286454,0.0395043274,-1.01918172,-9.71537106
5.73282154,0.0216974525,-1.01125093,-9.73467431
5.74277954,0.0175075996,-0.953939724,-9.77836849
5.75273754,0.007930793,-0.94047234,-9.84346085
5.76269454,0.0128688339,-0.963815806,-9.86695395
5.77265254,0.0622492432,-0.943016179,-9.83373441
5.78261054,0.130932903,-0.936132849,-9.77343045
5.79256854,0.12300211,-0.975188264,-9.70923592
5.80252554,0.121206459,-0.942716904,-9.70729063
5.81248354,0.0908300255,-0.890942293,-9.82281086
5.82244154,0.0448912811,-0.85487963,-9.87069489
5.83239854,0.000299275208,-0.863857887,-9.86366193
5.84235654,0.00748188019,-0.879120922,-9.86051954
5.85231454,0.0686836601,-0.92236619,-9.74963807
5.86227154,0.102801034,-0.972345149,-9.61077438
5.87222954,0.0972644424,-0.976834277,-9.50019219
5.88218754,0.095917704,-0.949001683,-9.46263315
5.89214454,0.0571615646,-0.976983915,-9.55241571
5.90210254,0.0601543167,-1.02486795,-9.62873089
5.91206054,0.0972644424,-1.06332481,-9.68454572
5.92201754,0.106990887,-1.04970779,-9.7330283
5.93197554,0.0749684395,-1.03459439,-9.76834277
5.94193354,0.0834977829,-1.00137484,-9.78046342
5.95189054,0.07930793,-1.0043676,-9.83942064
5.96184854,0.0854430717,-1.05240127,-9.88072061
5.97180654,0.111480015,-1.06467155,-9.85737715
5.98176354,0.0875379982,-1.06482119,-9.86665468
5.99172154,0.0739209763,-1.02097737,-9.89568437
6.00167954,0.0255880302,-1.02202483,-9.90690719
6.01163654,-0.0146644852,-1.01813426,-9.87039562
6.02159454,-0.023792379,-0.973991163,-9.85737715
6.03155254,-0.0296282455,-0.997334629,-9.75592285
6.04150954,0.00837970581,-0.995239703,-9.6665892
6.05146754,-0.0333691856,-0.960374141,-9.66449428
6.06142554,-0.0344166489,-0.965611457,-9.67377181
6.07138254,-0.0175075996,-0.928202056,-9.71941128
6.08134054,-0.0433949051,-0.916679961,-9.82640216
6.09129854,-0.0170586868,-0.901566563,-9.8428623
6.10125554,0.128837977,-0.842758984,-9.81622681
6.11121354,0.220715466,-0.881365486,-9.93294414
6.12117154,0.127790514,-0.916380685,-10.1114618
6.13112854,-0.0365115753,-0.903960764,-10.2223433
6.14108654,-0.0820014069,-0.872237592,-10.3740758
6.15104454,-0.0719756874,-0.856974557,-10.3465425
6.16100254,-0.0522235237,-0.840215145,-10.1144546
6.17095954,-0.00852934341,-0.857573107,-9.82999347
6.18091754,0.0558148262,-0.873883606,-9.63142437
6.19087554,0.072873513,-0.871489404,-9.56453636
6.20083254,0.0954687912,-0.874781432,-9.55510919
6.21079054,0.0731727882,-0.916380685,-9.59820482
6.22074854,0.041150341,-0.969651672,-9.64130045
6.23070554,0.0420481667,-0.97728319,-9.68349825
6.24066354,0.0519242485,-1.01184948,-9.68379753
6.25062154,0.073621701,-1.06122989,-9.63366893
6.26057854,0.144699563,-1.10103349,-9.65057798
6.27053654,0.170886143,-1.10761754,-9.73467431
6.28049454,0.149487966,-1.03055418,-9.75816742
6.29045154,0.133327105,-0.958129577,-9.79557682
6.30040954,0.135122756,-0.970848773,-9.83657752
6.31036754,0.112228203,-1.02830961,-9.85243911
6.32032454,0.116118781,-1.0652701,-9.83223803
6.33028254,0.103549222,-1.07843821,-9.84420904
6.34024054,0.0956184288,-1.05913496,-9.8440594
6.35019754,0.0463876572,-1.05898532,-9.85767642
6.36015554,0.0387561394,-1.06242699,-9.83418332
6.37011354,0.0911293007,-1.0513538,-9.76714567
6.38007054,0.137965871,-1.02531686,-9.68574282
6.39002854,0.176422735,-1.04387192,-9.59850409
6.39998654,0.149487966,-1.0604817,-9.59251859
6.40994354,0.138265146,-1.01603933,-9.67661492
6.41990154,0.0821510445,-0.994341877,-9.79991631
6.42985954,0.00643441696,-0.994940427,-9.94865609
6.43981654,-0.0163104988,-0.999728831,-10.0106061
6.44977454,-0.0175075996,-1.0218752,-9.93249522
6.45973192,-0.00149637604,-1.02501759,-9.83642788
6.46968992,0.0260369431,-0.995688615,-9.76549966
6.47964692,0.0459387444,-0.957531026,-9.70369933
6.48960492,0.0415992538,-0.967107833,-9.69606781
6.49956292,0.0620996056,-0.970100585,-9.70609353
6.50951992,0.0300771584,-0.98042558,-9.75921488
6.51947792,0.049081134,-0.994341877,-9.80844565
6.52943592,0.0656909081,-0.989104561,-9.83463223
6.53939292,0.0318728096,-1.01723643,-9.85318729
6.54935092,-0.0145148476,-1.0266636,-9.76101053
6.55930892,-0.0297778831,-1.04866033,-9.62858125
6.56926592,0.00523731613,-1.05988315,-9.5344592
6.57922392,0.0362123001,-1.08606973,-9.52697732
6.58918192,0.0761655403,-1.10372697,-9.57994903
6.59913892,0.120158996,-1.12183312,-9.59715735
6.60909692,0.153827457,-1.10836573,-9.57351461
6.61905492,0.106691611,-1.1153987,-9.51545522
6.62901192,0.0860416222,-1.09085813,-9.51590414
6.63896992,0.0770633659,-1.0326491,-9.53415992
6.64892792,0.0809539436,-1.04476975,-9.55525883
6.65888492,0.114472767,-1.02815998,-9.6291798
6.66884292,0.184353528,-0.99913028,-9.73437504
6.67880092,0.168192667,-0.989254198,-9.80201123
6.68875792,0.171484694,-0.980724855,-9.88281554
6.69871592,0.138714059,-0.999579193,-9.85707787
6.70867392,0.122553197,-0.983119057,-9.79617537
6.71863092,0.116717331,-0.960374141,-9.71282722
6.72858892,0.138265146,-0.978480291,-9.67541782
6.73854692,0.138115508,-0.967407108,-9.57156932
6.74850492,0.134524206,-0.960374141,-9.54538274
6.75846192,0.0851437965,-0.988057098,-9.5416418
6.76841992,0.0881365486,-0.991947675,-9.5169516
6.77837792,0.116118781,-0.991798038,-9.48807154
6.78833492,0.130184715,-0.970998411,-9.47415524
6.79829292,0.134823481,-0.9554361,-9.50692588
6.80825092,0.106841249,-0.923264015,-9.52203928
6.81820792,0.10803835,-0.90111765,-9.57022259
6.82816592,0.138414783,-0.912789383,-9.65431892
6.83812392,0.124947399,-0.894533595,-9.76729531
6.84808092,0.105494511,-0.852186153,-9.86126773
6.85803892,0.0616506927,-0.837970581,-9.916484
6.86799692,0.0607528671,-0.821959357,-9.94461587
6.87795392,0.0812532188,-0.803553932,-9.90316625
6.88791192,0.0996586441,-0.787093796,-9.91334161
6.89786992,0.140060797,-0.772578948,-9.87159272
6.90782692,0.1086369,-0.749534757,-9.85947207
6.91778492,0.0917278511,-0.725443103,-9.90765538
6.92774292,0.119111533,-0.697311234,-9.90271734
6.93769992,0.160411511,-0.678456895,-9.87982279
6.94765792,0.155024557,-0.652868865,-9.83104093
6.95761592,0.168491942,-0.645237347,-9.81532898
6.96757292,0.171484694,-0.596455489,-9.80096377
6.97753092,0.175824184,-0.556202973,-9.75741923
6.98748892,0.16924013,-0.580444265,-9.77058734
6.99744592,0.163254626,-0.578050063,-9.89748003
7.00740392,0.177470198,-0.521187774,-10.0270662
7.01736192,0.159513686,-0.532709869,-10.1416886
7.02731992,0.183455702,-0.534804796,-10.1895726
7.03727692,0.174926359,-0.53330842,-10.2132154
7.04723492,0.138115508,-0.528071104,-10.2223433
7.05719292,0.142604636,-0.513556256,-10.292224
7.06714992,0.174477446,-0.492906267,-10.3366664
7.07710792,0.139312609,-0.491858804,-10.318261
7.08706592,0.136170219,-0.526724365,-10.2672345
7.09702292,0.159962598,-0.549918194,-10.2120183
7.10698092,0.128089789,-0.610521423,-10.1657802
7.11693892,0.111629652,-0.636109454,-10.0451723
7.12689592,0.134673843,-0.615609102,-9.88865141
7.13685392,0.156072021,-0.690577541,-9.73871453
7.14681192,0.193780697,-0.760458302,-9.61346785
7.15676892,0.23104046,-0.80370357,-9.58159504
7.16672692,0.322169761,-0.828842687,-9.70923592
7.17668492,0.312592954,-0.847248112,-9.84106665
7.18664192,0.32037411,-0.874482156,-9.96257238
7.19659992,0.311545491,-0.906654241,-10.0330517
7.20655792,0.294486804,-0.896179609,-9.98232455
7.21651492,0.289848038,-0.824503197,-9.88311482
7.22647292,0.315884982,-0.802506469,-9.78629929
7.23643092,0.311844766,-0.797568428,-9.71986019
7.24638792,0.30346506,-0.750881496,-9.72120693
7.25634592,0.291942965,-0.708234779,-9.7915366
7.26630392,0.270694425,-0.672770667,-9.87114381
7.27626192,0.288351662,-0.658106181,-9.86321301
7.28621892,0.316782807,-0.68504095,-9.84914708
7.29617692,0.345064314,-0.749684395,-9.80171196
7.30613492,0.392349797,-0.794426038,-9.75083517
7.31609192,0.355538947,-0.811035812,-9.70684172
7.32604992,0.368707056,-0.845452461,-9.65716203
7.33600792,0.408809933,-0.899471636,-9.59042366
7.34596492,0.441580569,-0.912789383,-9.56453636
7.35592292,0.424372244,-0.936881037,-9.57755483
7.36588092,0.387561394,-0.993593689,-9.51769979
7.37583792,0.383221903,-1.05479547,-9.50273603
7.38579592,0.340126273,-1.10282914,-9.52667804
7.39575392,0.300472308,-1.10133276,-9.63067618
7.40571092,0.278475581,-1.19096569,-9.65970587
7.41566892,0.315136794,-1.17061497,-9.75487539
7.42562692,0.292541515,-1.17540338,-9.71133085
7.43558392,0.333841494,-1.17076461,-9.81802246
7.44554192,0.370801982,-1.17136316,-9.85348657
7.45549992,0.354940396,-1.20922148,-9.90720647
7.46545704,0.337432796,-1.24214175,-9.89224271
7.47541504,0.356885685,-1.20188923,-9.84615433
7.48537304,0.337732072,-1.14876788,-9.82191304
7.49533104,0.311695129,-1.13545014,-9.85543186
7.50528804,0.266953485,-1.10447515,-9.96376948
7.51524604,0.226850607,-0.9741408,-10.0701618
7.52520404,0.15921441,-0.933439372,-10.1636853
7.53516104,0.14799159,-0.997933179,-10.1178962
7.54511904,0.206350256,-1.01289694,-9.97274774
7.55507704,0.248996973,-1.00002811,-9.78016414
7.56503404,0.273836815,-0.981473043,-9.59581062
7.57499204,0.225803144,-0.929099882,-9.52024363
7.58495004,0.113574941,-0.956932476,-9.56019687
7.59490704,-0.00104746323,-1.07783966,-9.57411316
7.60486504,-0.0559644638,-1.17375736,-9.51635305
7.61482304,-0.0650923576,-1.25800333,-9.3545948
7.62478004,-0.0888847366,-1.39282682,-9.2543376
7.63473804,-0.207098444,-1.45073657,-9.20226372
7.64469604,-0.386813206,-1.48724814,-9.19687676
7.65465304,-0.508019665,-1.43068513,-9.31179844
7.66461104,-0.519392123,-1.36274966,-9.5181487
7.67456904,-0.642543871,-1.38205291,-9.74110873
7.68452604,-0.674267043,-1.36514386,-9.97095209
7.69448404,-0.743998166,-1.4715362,-10.1282212
7.70444204,-0.779013365,-1.47662387,-10.2566103
7.71439904,-0.755669899,-1.42559745,-10.2316208
7.72435704,-0.701800362,-1.3549685,-10.1556049
7.73431504,-0.602291355,-1.29810621,-10.0800379
7.74427304,-0.482132359,-1.2324153,-10.0551981
7.75423004,-0.436043977,-1.17300918,-10.1351045
7.76418804,-0.431255574,-1.13963999,-10.2192009
7.77414604,-0.382922628,-1.18872112,-10.2132154
7.78410304,-0.2885013,-1.33342069,-10.1213379
7.79406104,-0.153079269,-1.48874452,-9.9037648
7.80401904,-0.0246902046,-1.59468794,-9.60598597
7.81397604,0.0402525154,-1.66382052,-9.34801074
7.82393404,0.0743698891,-1.69374804,-9.10918913
7.83389204,0.133925655,-1.69883572,-8.95326675
7.84384904,0.13302783,-1.7708114,-8.91570771
7.85380704,0.116118781,-1.85520701,-8.89505772
7.86376504,0.106990887,-1.87855048,-8.97705912
7.87372204,0.0194528885,-1.83156427,-9.16111338
7.88368004,-0.127940151,-1.74836576,-9.43554874
7.89363804,-0.213832136,-1.69314949,-9.51994435
7.90359504,-0.159962598,-1.65768537,-9.57800374
7.91355304,-0.125396312,-1.61159699,-9.64025298
7.92351104,-0.167294841,-1.54171623,-9.72988591
7.93346804,-0.242412918,-1.39177935,-9.85393548
7.94342604,-0.319177009,-1.24199211,-10.0418803
7.95338404,-0.366312854,-1.15595049,-10.1989998
7.96334104,-0.401776966,-1.14233347,-10.2880342
7.97329904,-0.470161351,-1.13096101,-10.3047936
7.98325704,-0.532709869,-1.10866501,-10.4415624
7.99321504,-0.506672926,-1.09220487,-10.5576811
8.00317204,-0.440533105,-1.02561614,-10.4815156
8.01313004,-0.414346525,-0.985213983,-10.4469493
8.02308804,-0.384718279,-1.00197339,-10.4001127
8.03304504,-0.330549467,-1.02501759,-10.3703349
8.04300304,-0.301669409,-1.11435124,-10.345495
8.05296104,-0.301370134,-1.32414316,-10.187777
8.06291804,-0.194079972,-1.48260938,-9.84720179
8.07287604,0.0145148476,-1.42200615,-9.46263315
8.08283404,0.138714059,-1.29960259,-9.09721812
8.09279104,0.244507845,-1.08951139,-8.97047507
8.10274904,0.414945075,-0.825101747,-9.04798735
8.11270704,0.49455228,-0.600046791,-9.42058498
8.12266404,0.433200863,-0.310797303,-10.0993412
8.13262204,0.354491483,-0.00688332977,-10.8392991
8.14258004,0.319476284,0.128688339,-11.3950532
8.15253704,0.265307471,0.180911863,-11.6302835
8.16249504,0.237474877,0.196923087,-11.6054436
8.17245304,0.230292272,0.214729961,-11.3087123
8.18241004,0.172232882,0.23104046,-10.8773071
8.19236804,0.13676877,0.232387199,-10.5129395
8.20232604,0.144699563,0.185400991,-10.3323269
8.21228404,0.0784101044,0.0498293221,-10.2613987
8.22224104,0.107888712,-0.14425065,-10.1756563
8.23219904,0.271592251,-0.363170464,-10.0258691
8.24215704,0.464774397,-0.557100799,-9.79662428
8.25211404,0.630273587,-0.719008686,-9.53610521
8.26207204,0.761954678,-0.745943455,-9.19852278
8.27203004,0.859518396,-0.733373896,-8.94982508
8.28198704,1.00721071,-0.656460168,-8.82906753
8.29194504,1.17585229,-0.528370379,-8.93261676
8.30190304,1.25530986,-0.345363589,-9.21243908
8.31186004,1.3127707,-0.193780697,-9.61062474
8.32181804,1.3700819,-0.0891840118,-10.023026
8.33177604,1.40479782,0.0175075996,-10.3775175
8.34173304,1.27835405,0.0875379982,-10.6102039
8.35169104,1.08711719,0.107439799,-10.7029792
8.36164904,0.968454572,0.105344873,-10.7041763
8.37160604,0.885256064,0.0121206459,-10.5569329
8.38156404,0.767341632,-0.129137252,-10.2540664
8.39152204,0.607977584,-0.269497324,-9.94371805
8.40147904,0.42527007,-0.439934555,-9.67556746
8.41143704,0.295683905,-0.618901129,-9.43330418
8.42139504,0.154276369,-0.806247409,-9.25598362
8.43135304,0.0146644852,-0.967856021,-9.13417861
8.44131004,-0.00972644424,-1.07664256,-8.97840586
8.45126804,-0.0724246002,-1.18123924,-8.85645122
8.46122629,-0.0492307716,-1.25830261,-8.7123502
8.47118329,-0.00553659134,-1.22328741,-8.57722745
8.48114129,-0.0276829567,-1.21386024,-8.47622206
8.49109929,-0.00149637604,-1.21984575,-8.38060364
8.50105629,0.0858919846,-1.23899936,-8.32763192
8.51101429,0.128089789,-1.20548054,-8.39212573
8.52097229,0.142454999,-1.1329063,-8.66132378
8.53092929,0.139162971,-1.02082773,-8.99456672
8.54088729,0.204704242,-0.893336494,-9.32062706
8.55084529,0.333242944,-0.806995597,-9.60015011
8.56080229,0.393696535,-0.730530782,-9.70534534
8.57076029,0.391601609,-0.702997462,-9.774029
8.58071829,0.342520475,-0.704793114,-9.87697967
8.59067529,0.223408942,-0.707187315,-9.92980175
8.60063329,0.103848497,-0.766743082,-9.93444051
8.61059129,0.0472854828,-0.839018044,-9.88326445
8.62054929,0.0502782349,-0.889745192,-9.78734675
8.63050629,0.0417488914,-0.868945565,-9.85483331
8.64046429,-0.0580593903,-0.871040491,-10.1146042
8.65042229,-0.122553197,-0.8830115,-10.3947258
8.66037929,-0.103998135,-0.878971284,-10.644022
8.67033729,-0.07930793,-0.912190833,-10.8116161
8.68029529,-0.0127191963,-0.939724152,-10.8268792
8.69025229,0.0662894585,-0.944362917,-10.7341039
8.70021029,0.11492168,-1.03249947,-10.5204214
8.71016829,0.161010062,-1.20847329,-10.1566524
8.72012529,0.296581731,-1.25082073,-9.76968951
8.73008329,0.390254871,-1.0815806,-9.51829834
8.74004129,0.330848742,-0.912041195,-9.48896937
8.74999829,0.299275208,-0.695216307,-9.6303769
8.75995629,0.317381358,-0.386364293,-10.0340992
8.76991429,0.319925197,0.0107739075,-10.6194815
8.77987129,0.289997676,0.373944372,-11.2588829
8.78982929,0.129137252,0.586280132,-11.7297925
8.79978729,-0.0115220955,0.623090982,-11.8653642
8.80974529,-0.0689829353,0.606630846,-11.6485393
8.81970229,-0.0830488701,0.609025047,-11.1358808
8.82966029,-0.1448492,0.53390697,-10.4230073
8.83961829,-0.215777425,0.316782807,-9.72524714
8.84957529,-0.286705649,0.123301385,-9.35908393
8.85953329,-0.242412918,0.0239420166,-9.11592282
8.86949129,-0.156371296,-0.0179565125,-8.9761613
8.87944829,-0.130334353,-0.167294841,-8.93351458
8.88940629,-0.117315881,-0.345513227,-8.93231748
8.89936429,-0.0942716904,-0.485274749,-9.01372034
8.90932129,-0.072125325,-0.59076926,-9.082404
8.91927929,-0.0472854828,-0.620397505,-9.13986484
8.92923729,0.0164601364,-0.529417842,-9.18625249
8.93919429,0.0573112022,-0.33593642,-9.1946322
8.94915229,0.0398036026,-0.121206459,-9.21393545
8.95911029,-0.0210989021,0.115220955,-9.37404769
8.96906729,0.007930793,0.352246919,-9.66030442
8.97902529,0.0347159241,0.517147559,-10.0918593
8.98898329,-0.000448912811,0.5232827,-10.4732855
8.99894029,-0.0435445427,0.438138904,-10.6844242
9.00889829,-0.106242699,0.284909998,-10.7219832
9.01885629,-0.0529717117,0.131082541,-10.5279033
9.02881429,0.101903208,0.0501285973,-10.1189437
9.03877129,0.124947399,-0.103698859,-9.80006595
9.04872929,0.0622492432,-0.228945534,-9.56693056
9.05868729,0.0228945534,-0.27787703,-9.40232919
9.06864429,0.00643441696,-0.381875165,-9.30267055
9.07860229,0.00583586655,-0.473752654,-9.14704744
9.08856029,-0.00104746323,-0.546326891,-8.97227072
9.09851729,0.025288755,-0.599897153,-8.76771612
9.10847529,0.0359130249,-0.65571198,-8.66267052
9.11843329,-0.0243909294,-0.630572862,-8.65683465
9.12839029,-0.0264858559,-0.546476529,-8.74347483
9.13834829,-0.0296282455,-0.57640405,-8.91181713
9.14830629,-0.0755669899,-0.692672468,-9.12265651
9.15826329,-0.0261865807,-0.756418087,-9.30790787
9.16822129,0.0293289703,-0.792181474,-9.42836614
9.17817929,-0.00254383926,-0.815973853,-9.40921252
9.18813629,-0.0121206459,-0.800261905,-9.36013139
9.19809429,-0.00643441696,-0.757914463,-9.37270095
9.20805229,-0.0398036026,-0.754622436,-9.47340706
9.21801029,-0.0571615646,-0.848445213,-9.6255885
9.22796729,-0.0836474205,-0.921019451,-9.76535002
9.23792529,-0.145896664,-1.01454295,-9.88341409
9.24788329,-0.133327105,-1.05075525,-9.97574049
9.25784029,-0.159364048,-1.05329909,-9.96436803
9.26779829,-0.175674547,-1.06422264,-9.8802717
9.27775629,-0.136469495,-1.05539402,-9.85049382
9.28771329,-0.10115502,-1.04746323,-9.91244379
9.29767129,-0.0676361969,-1.03175128,-10.0557966
9.30762929,-0.0327706352,-0.896329247,-10.297611
9.31758629,-0.016609774,-0.756867,-10.6422264
9.32754429,-0.0809539436,-0.673967767,-10.9762175
9.33750229,-0.0517746109,-0.583586655,-11.1137345
9.34745929,0.0543184502,-0.496198294,-11.0390653
9.35741729,0.0769137283,-0.508019665,-10.8238864
9.36737529,-0.00284311447,-0.576104774,-10.4875011
9.37733229,0.0263362183,-0.59196636,-10.1324111
9.38729029,0.0824503197,-0.571765284,-9.88910032
9.39724829,0.142305361,-0.56952072,-9.7143236
9.40720629,0.257526316,-0.475997218,-9.74455039
9.41716329,0.349852718,-0.233135387,-10.0303582
9.42712129,0.353743295,0.0378583138,-10.5271551
9.43707929,0.281468333,0.246303496,-11.146954
9.44703629,0.283263984,0.370801982,-11.6042465
9.45699429,0.364367565,0.560542464,-11.8242138
9.46695221,0.463876572,0.700154348,-11.8563859
9.47690921,0.567874706,0.786495245,-11.6262433
9.48686721,0.622492432,0.791134011,-11.2359884
9.49682521,0.628477936,0.744596716,-10.8732668
9.50678221,0.698209059,0.80370357,-10.5367319
9.51674021,0.677858345,0.73247607,-10.1734118
9.52669821,0.677110157,0.613514175,-9.7855511
9.53665521,0.620247868,0.44771571,-9.60628525
9.54661321,0.547972905,0.309600202,-9.47969184
9.55657121,0.438138904,0.194678522,-9.50842226
9.56652821,0.317530995,0.116418056,-9.56303998
9.57648621,0.123899936,-0.00284311447,-9.51665232
9.58644421,-0.0603039543,-0.118064069,-9.36417161
9.59640221,-0.132878192,-0.224456406,-9.13447788
9.60635921,-0.11237784,-0.273387902,-8.9001454
9.61631721,-0.165349552,-0.317530995,-8.82996536
9.62627521,-0.168491942,-0.270095875,-8.80811827
9.63623221,-0.160261874,-0.222660754,-8.88293707
9.64619021,-0.1261445,-0.217124163,-8.90433525
9.65614821,-0.130184715,-0.202609315,-9.00070187
9.66610521,-0.0986111809,-0.190937582,-9.19717604
9.67606321,-0.0674865593,-0.248248785,-9.32406873
9.68602121,0.00553659134,-0.330100554,-9.44826794
9.69597821,0.110432552,-0.396988563,-9.46517699
9.70593621,0.132429279,-0.453551577,-9.40607013
9.71589421,0.0686836601,-0.504727637,-9.36746363
9.72585121,0.031723172,-0.458788893,-9.36102922
9.73580921,0.0424970795,-0.346859966,-9.38078138
9.74576721,0.00553659134,-0.29164369,-9.45874257
9.75572421,-0.0395043274,-0.300173033,-9.57845265
9.76568221,-0.0968155296,-0.33848026,-9.68334861
9.77564021,-0.165798465,-0.379480963,-9.8006645
9.78559721,-0.139312609,-0.414496162,-9.79258407
9.79555521,-0.11552023,-0.434846877,-9.76549966
9.80551321,-0.161458974,-0.442927307,-9.74275474
9.81547121,-0.254832839,-0.454299765,-9.70055694
9.82542821,-0.315884982,-0.523133063,-9.64519103
9.83538621,-0.27727848,-0.592115998,-9.61661024
9.84534421,-0.327706352,-0.659004007,-9.62005191
9.85530121,-0.385616105,-0.675913056,-9.61795698
9.86525921,-0.393995811,-0.657806906,-9.66374609
9.87521721,-0.401028778,-0.620547143,-9.69995839
9.88517421,-0.373196184,-0.583287379,-9.64264719
9.89513221,-0.359429524,-0.541837763,-9.66913304
9.90509021,-0.388608857,-0.503680174,-9.69382325
9.91504721,-0.354341846,-0.446219334,-9.65985551
9.92500521,-0.304512524,-0.351498731,-9.66943232
9.93496321,-0.30346506,-0.23732524,-9.68230115
9.94492021,-0.29598318,-0.157119484,-9.68813702
9.95487821,-0.291942965,-0.161159699,-9.72075802
9.96483621,-0.231788648,-0.172831432,-9.78809494
9.97479421,-0.190339032,-0.227000245,-9.76879169
9.98475121,-0.209642283,-0.384119729,-9.70384897
9.99470921,-0.184952078,-0.4683657,-9.619603
10.0046672,-0.15801731,-0.43275195,-9.61331822
10.0146242,-0.218620539,-0.321421573,-9.66793594
10.0245822,-0.388459219,-0.297778831,-9.88865141
10.0345402,-0.37095162,-0.160561149,-10.3089834
10.0444972,-0.347159241,0.0918774887,-10.6667669
10.0544552,-0.368258143,0.313640417,-11.0188642
10.0644132,-0.361674088,0.494402643,-11.4510176
10.0743702,-0.321720848,0.647182636,-11.6907371
10.0843282,-0.293738616,0.774823512,-11.6567693
10.0942862,-0.344914677,0.784849232,-11.3955021
10.1042432,-0.416291814,0.70628949,-10.9807066
10.1142012,-0.474201566,0.619050767,-10.4529348
10.1241592,-0.501884523,0.485424387,-9.8790746
10.1341162,-0.604535919,0.391003059,-9.35160205
10.1440742,-0.725592741,0.305859262,-8.94219356
10.1540322,-0.751629684,0.250044436,-8.75754076
10.1639892,-0.785298145,0.178068748,-8.73180309
10.1739472,-0.825999573,0.0939724152,-8.86483092
10.1839052,-0.94421328,0.0860416222,-9.20136589
10.1938632,-1.01978027,0.220715466,-9.65476783
10.2038202,-1.0978911,0.341921925,-10.1413893
10.2137782,-1.10103349,0.435445427,-10.4930377
10.2237362,-1.01603933,0.540341387,-10.6480622
10.2336932,-0.935384661,0.645237347,-10.6241202
10.2436512,-0.814028564,0.78619597,-10.4807674
10.2536092,-0.673369217,0.884358238,-10.2618476
10.2635662,-0.606780483,0.874931069,-10.0210807
10.2735242,-0.575206949,0.794725314,-9.82505543
10.2834822,-0.52702364,0.710928255,-9.62184756
10.2934392,-0.458190343,0.620846418,-9.36641617
10.3033972,-0.401627328,0.523581976,-9.38003319
10.3133552,-0.3422212,0.389207407,-9.5965588
10.3233122,-0.358980611,0.304063611,-9.82266122
10.3332702,-0.467767149,0.28909985,-10.0513075
10.3432282,-0.58448448,0.258124866,-10.2061824
10.3531862,-0.641646045,0.209642283,-10.1949596
10.3631432,-0.718859048,0.148889416,-9.98382092
10.3731012,-0.80804306,0.100706107,-9.76310546
10.3830592,-0.83991587,0.132429279,-9.54568202
10.3930162,-0.885405701,0.23044191,-9.38616833
10.4029742,-0.996586441,0.275931741,-9.31942996
10.4129322,-1.05150344,0.285209273,-9.33858358
10.4228892,-1.01768534,0.305559987,-9.5066266
10.4328472,-0.952144073,0.341473012,-9.74470003
10.4428052,-0.958728127,0.368258143,-10.0222778
10.4527622,-1.00661216,0.320523747,-10.163386
10.4627204,-0.960823054,0.247500597,-10.2242886
10.4726784,-0.867449189,0.213832136,-10.1829886
10.4826354,-0.799064804,0.23792379,-10.09156
10.4925934,-0.80056118,0.281318695,-9.96451767
10.5025514,-0.85742347,0.275333191,-9.96721115
10.5125084,-0.803254657,0.264708921,-10.0035731
10.5224664,-0.683694212,0.265008196,-9.97603977
10.5324244,-0.639700756,0.197371999,-10.0116535
10.5423814,-0.619649317,0.123151748,-10.0367926
10.5523394,-0.578947889,0.0912789383,-10.0465191
10.5622974,-0.460734182,0.0939724152,-9.97903252
10.5722554,-0.288650938,0.116418056,-9.89388872
10.5822124,-0.129137252,0.138564421,-9.86695395
10.5921704,0.0142155724,0.18046295,-9.93294414
10.6021284,0.111629652,0.260818343,-10.0008796
10.6120854,0.136619132,0.264858559,-10.082881
10.6220434,0.154276369,0.215328512,-10.1559042
10.6320014,0.129735802,0.222660754,-10.075848
10.6419584,0.146944127,0.21667525,-9.83163948
10.6519164,0.225653506,0.251989725,-9.57710592
10.6618744,0.36780923,0.230142635,-9.24745427
10.6718314,0.612167437,0.168791217,-9.0020486
10.6817894,0.776918439,0.149338329,-8.95341638
10.6917474,0.83303254,0.184652803,-9.07866306
10.7017044,0.859219121,0.197671275,-9.43150853
10.7116624,0.830189426,0.240766904,-9.97514194
10.7216204,0.705990215,0.257077403,-10.4683475
10.7315784,0.632817426,0.210240833,-10.8358574
10.7415354,0.62698156,0.114023854,-10.9842979
10.7514934,0.586878682,-0.0273836815,-10.8738654
10.7614514,0.648379737,-0.0724246002,-10.5371808
10.7714084,0.697460871,-0.085742347,-10.1701197
10.7813664,0.73501991,-0.048332946,-9.84151556
10.7913244,0.884657513,0.0603039543,-9.51859761
10.8012814,0.917727424,0.0528220741,-9.32481692
10.8112394,0.906504604,-0.0266354935,-9.2972836
10.8211974,0.935384661,-0.069880761,-9.38152957
10.8311544,0.953341174,-0.0983119057,-9.62843161
10.8411124,0.949749871,-0.180911863,-9.88431192
10.8510704,0.937180312,-0.215178874,-9.99998178
10.8610274,0.891840118,-0.256179578,-10.00073
10.8709854,0.864007524,-0.351498731,-9.98037926
10.8809434,0.873285056,-0.364966116,-9.91708255
10.8909004,0.870890854,-0.31408933,-9.85618005
10.9008584,0.78993691,-0.294486804,-9.88101989
10.9108164,0.730979694,-0.278625218,-9.91753146
10.9207744,0.713472095,-0.280121594,-9.993697
10.9307314,0.733373896,-0.252737913,-10.0906622
10.9406894,0.750133308,-0.273387902,-10.155156
10.9506474,0.725293465,-0.321720848,-10.1762549
10.9606044,0.800710818,-0.304811799,-10.0903629
10.9705624,0.901416925,-0.367958868,-9.96017818
10.9805204,0.956932476,-0.449361724,-9.83553006
10.9904774,1.05120417,-0.469113888,-9.81248587
11.0004354,1.11285486,-0.403273342,-9.7951279
11.0103934,1.14338093,-0.325761063,-9.73497359
11.0203504,1.18677584,-0.319925197,-9.66479355
11.0303084,1.32938047,-0.303315423,-9.52592986
11.0402664,1.46764562,-0.240018716,-9.40801542
11.0502234,1.5626655,-0.221014741,-9.37015711
11.0601814,1.61189627,-0.217124163,-9.42387701
11.0701394,1.58780461,-0.269048412,-9.56663128
11.0800964,1.53588036,-0.317530995,-9.74739351
11.0900544,1.48754742,-0.320224472,-9.74380221
11.1000124,1.38654204,-0.34970308,-9.62289502
11.1099704,1.29930331,-0.382473715,-9.42597194
11.1199274,1.28433955,-0.420930579,-9.2272532
11.1298854,1.3024457,-0.422277318,-9.10440073
11.1398434,1.29720839,-0.413598337,-9.11023659
11.1498004,1.29511346,-0.367509955,-9.34831002
11.1597584,1.2300211,-0.295833543,-9.72554642
11.1697164,1.1950059,-0.272789352,-10.0269166
11.1796734,1.1926117,-0.31349078,-10.1975034
11.1896314,1.20233815,-0.351798006,-10.206332
11.1995894,1.24528414,-0.386214655,-10.1623386
11.2095464,1.33895728,-0.384419004,-10.1539589
11.2195044,1.40000942,-0.364217928,-10.0444242
11.2294624,1.40764094,-0.506822564,-10.0010292
11.2394194,1.42993694,-0.672022478,-9.96017818
11.2493774,1.41287825,-0.638653293,-9.97005426
11.2593354,1.35571669,-0.522384875,-9.97065281
11.2692924,1.27191963,-0.442328757,-10.0034234
11.2792504,1.2125135,-0.424372244,-10.1189437
11.2892084,1.16777186,-0.334888957,-10.2037882
11.2991664,1.08906248,-0.284311447,-10.2042371
11.3091234,1.05494511,-0.285957461,-10.1738607
11.3190814,1.09295306,-0.245555308,-10.1324111
11.3290394,1.10791682,-0.157867672,-10.0504097
11.3389964,1.11090957,-0.115370592,-10.0426285
11.3489544,1.04970779,-0.157867672,-10.0492126
11.3589124,1.00092593,-0.224007493,-9.99908396
11.3688694,0.997035354,-0.271592251,-9.8488478
11.3788274,0.982071593,-0.332045843,-9.6152635
11.3887854,0.939873789,-0.38217444,-9.40083282
11.3987424,0.932840822,-0.336684608,-9.2332387
11.4087004,0.925957492,-0.300173033,-9.15632497
11.4186584,0.900668737,-0.350151993,-9.10170725
11.4286154,0.938377413,-0.36406829,-9.11876594
11.4385734,0.958428852,-0.406565369,-9.23278979
11.4485314,0.936282487,-0.487220038,-9.36985783
11.4584884,0.938078138,-0.495150831,-9.51710124
11.4684457,0.896029971,-0.466270773,-9.61975263
11.4784037,0.833780728,-0.435295789,-9.62693524
11.4883607,0.843507172,-0.430956299,-9.56199252
11.4983187,0.921169089,-0.41150341,-9.49525415
11.5082767,0.915033947,-0.428861372,-9.41849006
11.5182347,0.899621274,-0.485723662,-9.42672012
11.5281917,0.887949541,-0.494851556,-9.59476315
11.5381497,0.881814399,-0.516848283,-9.839271
11.5481077,0.879420197,-0.596904401,-10.0685158
11.5580647,0.890343742,-0.751180771,-10.2349128
11.5680227,0.933289735,-0.809838712,-10.2878845
11.5779807,0.905606778,-0.820014069,-10.1838864
11.5879377,0.832882903,-0.831087251,-10.0155441
11.5978957,0.766743082,-0.787692346,-9.81413188
11.6078537,0.70628949,-0.727538029,-9.63202292
11.6178107,0.596605126,-0.704194563,-9.5893762
11.6277687,0.434996514,-0.719756874,-9.70100585
11.6377267,0.326359614,-0.726789841,-9.8301431
11.6476837,0.261267256,-0.727538029,-9.94371805
11.6576417,0.21981764,-0.714818833,-9.98875896
11.6675997,0.197222362,-0.698059422,-9.98636476
11.6775577,0.203806416,-0.683394936,-9.88984851
11.6875147,0.248847335,-0.721851801,-9.79258407
11.6974727,0.287304199,-0.739209763,-9.71596961
11.7074307,0.264409646,-0.741603964,-9.7656493
11.7173877,0.297180281,-0.716464847,-9.81502971
11.7273457,0.343268663,-0.686686964,-9.83986955
11.7373037,0.352695832,-0.653317778,-9.80665
11.7472607,0.450409187,-0.576703325,-9.73976199
11.7572187,0.592714548,-0.474949754,-9.61421604
11.7671767,0.656160892,-0.403572617,-9.55391209
11.7771337,0.61695584,-0.369155968,-9.56992331
11.7870917,0.528370379,-0.316184257,-9.70384897
11.7970497,0.382324078,-0.288052387,-9.83897172
11.8070067,0.312443317,-0.325611426,-9.92845501
11.8169647,0.359279887,-0.395342549,-9.93773254
11.8269227,0.465971498,-0.571466009,-9.80096377
11.8368807,0.579845715,-0.790385823,-9.69397288
11.8468377,0.572812747,-0.977133553,-9.59640917
11.8567957,0.459387444,-1.01873281,-9.53056862
11.8667537,0.375141473,-1.00376905,-9.5845878
11.8767107,0.26725276,-0.977732103,-9.63965443
11.8866687,0.178218386,-0.906205328,-9.65716203
11.8966267,0.168641579,-0.846350287,-9.66703812
11.9065837,0.131232178,-0.784400319,-9.65312182
11.9165417,0.0981622681,-0.704344201,-9.62828198
11.9264997,0.0170586868,-0.67815762,-9.63351929
11.9364567,-0.0499789597,-0.67815762,-9.64055226
11.9464147,-0.129735802,-0.723797089,-9.72240403
11.9563727,-0.17612346,-0.804152483,-9.78016414
11.9663297,-0.143203187,-0.902464388,-9.78659856
11.9762877,-0.140659348,-0.954687912,-9.74440076
11.9862457,-0.164152451,-0.944662193,-9.70893664
11.9962027,-0.248398422,-1.01648824,-9.70205331
12.0061607,-0.385167192,-1.08173024,-9.71282722
12.0161187,-0.427813909,-1.11809218,-9.76385365
12.0260767,-0.399831677,-1.17645084,-9.86111809
12.0360337,-0.352995107,-1.26413848,-9.87024598
12.0459917,-0.330549467,-1.28209499,-9.90900212
12.0559497,-0.333093306,-1.19126496,-9.93324341
12.0659067,-0.32097266,-1.09609545,-9.97618941
12.0758647,-0.280720145,-1.01678752,-10.0979944
12.0858227,-0.270544788,-0.953041898,-10.2199491
12.0957797,-0.26665421,-0.926556042,-10.3179617
12.1057377,-0.213832136,-0.948253495,-10.4230073
12.1156957,-0.15487492,-0.982670144,-10.4632598
12.1256527,-0.115370592,-1.02277302,-10.4566758
12.1356107,-0.144549925,-1.03429512,-10.361207
12.1455687,-0.142903912,-1.0405799,-10.1898719
12.1555257,-0.0463876572,-1.09684364,-9.94850645
12.1654837,0.0820014069,-1.19246206,-9.73736779
12.1754417,0.150535429,-1.25156892,-9.58039794
12.1853987,0.123151748,-1.30888012,-9.48567734
12.1953567,0.0543184502,-1.4062942,-9.50258639
12.2053147,-0.0187047005,-1.40524674,-9.57381389
12.2152717,-0.17238252,-1.34449387,-9.61346785
12.2252297,-0.292092603,-1.25680623,-9.6279827
12.2351877,-0.303315423,-1.25336457,-9.57471171
12.2451457,-0.251241537,-1.25710551,-9.54777695
12.2551027,-0.16175825,-1.27865332,-9.55047042
12.2650607,-0.11552023,-1.29556237,-9.55391209
12.2750187,-0.109834001,-1.28823013,-9.60194576
12.2849757,-0.16983868,-1.28284318,-9.56004723
12.2949337,-0.176273097,-1.25560913,-9.4270194
12.3048917,-0.190339032,-1.21805009,-9.30027635
12.3148487,-0.187047005,-1.16133744,-9.26196912
12.3248067,-0.143203187,-1.12527478,-9.34786111
12.3347647,-0.119710083,-1.08307698,-9.57321534
12.3447217,-0.127191963,-1.03713823,-9.9538934
12.3546797,-0.102801034,-0.917278511,-10.3354693
12.3646377,-0.0707785866,-0.763899967,-10.6365402
12.3745947,-0.0546177254,-0.696712683,-10.7526589
12.3845527,-0.00478840332,-0.683843849,-10.601076
12.3945107,-0.00867898102,-0.771681123,-10.275315
12.4044687,-0.0508767853,-0.957531026,-9.88730467
12.4144257,-0.0134673843,-1.07858785,-9.67975731
12.4243837,0.181510413,-0.861314047,-9.73512323
12.4343417,0.310647665,-0.498143583,-10.0584901
12.4442987,0.301220496,-0.226252057,-10.5077022
12.4542567,0.260219793,-0.0219967278,-10.9844476
12.4642152,0.336086058,0.229544084,-11.4855839
12.4741722,0.465971498,0.481384171,-11.9822311
12.4841302,0.513406618,0.669777914,-12.2001035
12.4940882,0.476745406,0.721702163,-12.0368488
12.5040452,0.506523289,0.635361266,-11.5092267
12.5140032,0.58074354,0.551264932,-10.8458832
12.5239612,0.650175388,0.586579407,-10.1373491
12.5339182,0.749834032,0.738012662,-9.37135421
12.5438762,0.809539436,0.771381847,-8.72731396
12.5538342,0.776020613,0.616058015,-8.46080939
12.5637912,0.770184747,0.397886388,-8.58785172
12.5737492,0.708683691,0.250792624,-8.95685805
12.5837072,0.634014527,0.140360072,-9.47176104
12.5936652,0.625036271,0.0814028564,-9.92321769
12.6036222,0.724694915,0.0647930824,-10.0785415
12.6135802,0.721103613,0.0571615646,-9.94162312
12.6235382,0.65571198,0.0851437965,-9.63740987
12.6334952,0.629076486,0.134973119,-9.31703576
12.6434532,0.642244595,0.173429983,-9.04589242
12.6534112,0.619649317,0.186448454,-8.99202289
12.6633682,0.492158079,0.189590844,-9.14749636
12.6733262,0.291045139,0.109534726,-9.40247883
12.6832842,0.244208569,0.0372597633,-9.61675988
12.6932412,0.291793327,-0.0553659134,-9.78270798
12.7031992,0.354341846,-0.175375272,-9.86815106
12.7131572,0.373645097,-0.313790055,-9.76490111
12.7231142,0.405517906,-0.412401236,-9.55226607
12.7330722,0.396090737,-0.521038136,-9.34621509
12.7430302,0.345363589,-0.571615646,-9.09811595
12.7529882,0.349254167,-0.533757333,-8.91166749
12.7629452,0.339826998,-0.527322916,-8.90882438
12.7729032,0.252289,-0.515501545,-9.07267755
12.7828612,0.171933607,-0.47270519,-9.2893528
12.7928182,0.103549222,-0.48018707,-9.57141969
12.8027762,0.12928689,-0.514902995,-9.85109237
12.8127342,0.171634332,-0.556053336,-9.92830537
12.8226912,0.199317288,-0.645536623,-9.92022494
12.8326492,0.218021989,-0.686088413,-9.87623149
12.8426072,0.236726689,-0.644788435,-9.85348657
12.8525642,0.258424142,-0.617255116,-9.79752211
12.8625222,0.301370134,-0.611419249,-9.80799674
12.8724802,0.25977088,-0.640149669,-9.90585973
12.8824372,0.209343008,-0.679803634,-10.0065658
12.8923952,0.167145203,-0.683394936,-10.054001
12.9023532,0.145896664,-0.693869569,-9.98202527
12.9123102,0.196623811,-0.797269153,-9.86216555
12.9222682,0.241814368,-0.858470933,-9.72524714
12.9322262,0.277577755,-0.8655039,-9.67856021
12.9421832,0.310797303,-0.866551363,-9.7366196
12.9521412,0.27727848,-0.851587603,-9.89523546
12.9620992,0.217124163,-0.881814399,-10.0927571
12.9720572,0.210989021,-0.934337198,-10.2447889
12.9820142,0.26725276,-0.909347718,-10.2813005
12.9919722,0.255581027,-0.814028564,-10.257957
13.0019302,0.234931038,-0.725592741,-10.2896802
13.0118872,0.229244809,-0.676661244,-10.2898298
13.0218452,0.296881006,-0.685938776,-10.2711251
13.0318032,0.351199456,-0.772429311,-10.2238396
13.0417602,0.37469256,-0.9192238,-10.2076788
13.0517182,0.478241782,-0.914285759,-10.2681324
13.0616762,0.508767853,-0.750133308,-10.3879921
13.0716332,0.303764336,-0.569819995,-10.5091985
13.0815912,0.115969143,-0.452204839,-10.5910503
13.0915492,0.0950198784,-0.388309582,-10.5895539
13.1015062,0.148440503,-0.235529588,-10.6359416
13.1114642,0.118812257,-0.0167594116,-10.8036854
13.1214222,-0.00433949051,0.19482816,-10.8904752
13.1313792,-0.0969651672,0.328155265,-10.7438303
13.1413372,-0.158316585,0.326359614,-10.5247609
13.1512952,-0.174028533,0.365415028,-10.2648403
13.1612532,-0.251391174,0.417339277,-9.98037926
13.1712102,-0.399083489,0.193631059,-9.55929904
13.1811682,-0.48273091,-0.15547347,-9.02389569
13.1911262,-0.446069697,-0.35344402,-8.55867238
13.2010832,-0.411952323,-0.330699104,-8.36623843
13.2110412,-0.564133766,-0.341622649,-8.46544816
13.2209992,-0.662146397,-0.408660296,-8.67449189
13.2309562,-0.707935503,-0.424671519,-8.98364318
13.2409142,-0.687584789,-0.391900884,-9.30102454
13.2508722,-0.624886633,-0.335487508,-9.52144073
13.2608292,-0.539443562,-0.207696994,-9.65521674
13.2707872,-0.442179119,-0.048332946,-9.68230115
13.2807452,-0.35284547,0.0631470688,-9.67945804
13.2907022,-0.277128842,0.086490535,-9.65536638
13.3006602,-0.203806416,0.111330377,-9.60942764
13.3106182,-0.168641579,0.131830729,-9.58787982
13.3205762,-0.148141228,0.128089789,-9.56154361
13.3305332,-0.0878372734,0.0784101044,-9.52039326
13.3404912,0.0107739075,-0.0137666595,-9.52383493
13.3504492,0.0517746109,-0.166995566,-9.5555581
13.3604062,0.101454295,-0.310049115,-9.61032546
13.3703642,0.169389767,-0.404320805,-9.63112509
13.3803222,0.181959326,-0.498293221,-9.63262147
13.3902792,0.155174195,-0.58822542,-9.62244611
13.4002372,0.0843956085,-0.723946727,-9.55480991
13.4101952,0.0471358452,-0.775870975,-9.36656581
13.4201522,0.0142155724,-0.743549253,-9.16186157
13.4301102,-0.0544680878,-0.744147803,-9.01132614
13.4400682,-0.172232882,-0.809240161,-8.98154825
13.4500252,-0.243759657,-0.878223096,-9.03841054
13.4599832,-0.303165785,-0.917877061,-9.14989056
13.4699415,-0.360476987,-0.938975964,-9.27229412
13.4798985,-0.373345821,-0.907252792,-9.39499695
13.4898565,-0.330699104,-0.853682529,-9.60269395
13.4998145,-0.328155265,-0.874332519,-9.87578257
13.5097725,-0.309300927,-0.873883606,-10.1280716
13.5197295,-0.294187529,-0.911293007,-10.2491284
13.5296875,-0.259920518,-0.977133553,-10.2361099
13.5396455,-0.19797055,-0.988057098,-10.1403419
13.5496025,-0.210989021,-0.947206032,-9.95359413
13.5595605,-0.287453837,-0.997933179,-9.76250691
13.5695185,-0.273986452,-1.02696287,-9.62977835
13.5794755,-0.185700266,-0.944512555,-9.6570124
13.5894335,-0.0900818375,-0.855328543,-9.72809026
13.5993915,-0.0136170219,-0.874482156,-9.93219595
13.6093485,0.0920271263,-0.885704977,-10.2265331
13.6193065,0.194678522,-0.857273832,-10.5901525
13.6292645,0.257227041,-0.732027158,-10.8916723
13.6392215,0.262314719,-0.505924738,-11.028441
13.6491795,0.17672201,-0.234931038,-11.0657008
13.6591375,0.0888847366,-0.134673843,-10.9952215
13.6690955,0.0439934555,-0.240617267,-10.7676227
13.6790525,0.0320224472,-0.399382764,-10.4180692
13.6890105,0.0715267746,-0.510563504,-10.0620814
13.6989685,0.070628949,-0.567874706,-9.78644892
13.7089255,0.149338329,-0.613813451,-9.54972223
13.7188835,0.307954189,-0.6132149,-9.33319662
13.7288415,0.436792165,-0.510563504,-9.23802711
13.7387985,0.419583841,-0.304512524,-9.41594622
13.7487565,0.317082082,-0.123451023,-9.82146412
13.7587145,0.213682498,-0.00254383926,-10.3344218
13.7686715,0.201861127,0.178368024,-10.7306622
13.7786295,0.201861127,0.476745406,-11.0941319
13.7885875,0.145447751,0.780809016,-11.3697644
13.7985445,0.0932242271,0.938676688,-11.4415905
13.8085025,0.119410808,1.02367085,-11.3630307
13.8184605,0.189141931,1.06901104,-11.1601221
13.8284175,0.287304199,1.09953711,-10.9022965
13.8383755,0.424072969,1.12362877,-10.6948988
13.8483335,0.441281293,0.997484267,-10.5706996
13.8582905,0.436941803,0.81432784,-10.4664022
13.8682485,0.471807365,0.704493839,-10.3870943
13.8782065,0.453551577,0.741903239,-10.2757639
13.8881645,0.348057066,0.694019206,-10.0780926
13.8981215,0.270844063,0.576254412,-9.77477719
13.9080795,0.284461085,0.46148237,-9.44602337
13.9180375,0.306757088,0.360476987,-9.17128873
13.9279945,0.285508548,0.314388605,-8.98618702
13.9379525,0.248398422,0.29598318,-8.99576383
13.9479105,0.218470901,0.230292272,-9.2061543
13.9578675,0.186747729,0.216974525,-9.4469212
13.9678255,0.0492307716,0.0677858345,-9.61705916
13.9777835,0.00493804092,-0.06494272,-9.57381389
13.9877405,0.0405517906,-0.152480718,-9.45111105
13.9976985,0.0469862076,-0.288950213,-9.29219592
14.0076565,0.0273836815,-0.272340439,-9.09706848
14.0176135,0.0472854828,-0.197072724,-9.01641381
14.0275715,0.132279642,-0.16924013,-9.16889453
14.0375295,0.0724246002,-0.283712897,-9.30267055
14.0474875,0.0796072052,-0.24106618,-9.56902549
14.0574445,0.181959326,-0.229394447,-9.72135657
14.0674025,0.242861831,-0.232836111,-9.7028015
14.0773605,0.285059635,-0.16924013,-9.52937152
14.0873175,0.254982477,-0.150236154,-9.31254663
14.0972755,0.274734641,-0.208744457,-9.13926629
14.1072335,0.32157121,-0.227598795,-9.0788127
14.1171905,0.318877734,-0.246902046,-9.1198134
14.1271485,0.297629194,-0.271741888,-9.19074162
14.1371065,0.215478149,-0.292840791,-9.34337198
14.1470635,0.13302783,-0.239869079,-9.50527987
14.1570215,0.123600661,-0.114472767,-9.67990695
14.1669795,0.0671872841,-0.106093061,-9.81054058
14.1769365,0.0398036026,-0.211288297,-9.7131265
14.1868945,0.0873883606,-0.436792165,-9.53266355
14.1968525,0.156371296,-0.620846418,-9.28127237
14.2068095,0.169389767,-0.764648155,-9.08644421
14.2167675,0.161159699,-0.974440076,-8.86004252
14.2267255,0.227000245,-1.0851719,-8.76861394
14.2366825,0.296881006,-0.992845501,-9.05756416
14.2466405,0.352396557,-0.521038136,-9.74903952
14.2565985,0.22041619,0.207098444,-10.6307043
14.2665565,-0.0615010551,0.792630387,-11.6108306
14.2765135,-0.291194777,1.03624041,-12.466608
14.2864715,-0.341772287,1.01005383,-13.0853595
14.2964295,-0.3422212,0.86924484,-13.2150953
14.3063865,-0.297778831,0.767790545,-12.8243916
14.3163445,-0.213383223,0.806097771,-11.965771
14.3263025,-0.152480718,0.793977126,-10.8650368
14.3362595,-0.253935014,0.543334139,-9.73108301
14.3462175,-0.294187529,0.299275208,-8.71444513
14.3561755,-0.279672681,0.0773626411,-8.05858351
14.3661325,-0.421978043,-0.187495918,-7.81003545
14.3760905,-0.604685557,-0.396090737,-8.00187086
14.3860485,-0.717811585,-0.551863483,-8.42938549
14.3960055,-0.806546684,-0.635660541,-8.86602802
14.4059635,-0.845153186,-0.643292059,-9.19298619
14.4159215,-0.894383958,-0.561440289,-9.32332054
14.4258795,-1.09265378,-0.496347932,-9.25927565
14.4358365,-1.21356097,-0.473603016,-9.12654709
14.4457945,-1.26668232,-0.452953027,-9.01012904
14.4557525,-1.25276602,-0.497844308,-8.93291603
14.4657098,-1.21326169,-0.610521423,-8.91301423
14.4756678,-1.04282446,-0.556502248,-8.96882906
14.4856258,-0.974589713,-0.430657024,-8.98962868
14.4955828,-0.972045874,-0.321421573,-9.03781199
14.5055408,-0.880018748,-0.262763632,-9.2996778
14.5154988,-0.754622436,-0.243909294,-9.65416928
14.5254558,-0.747439831,-0.141706811,-10.0617821
14.5354138,-0.849941589,-0.154276369,-10.4875011
14.5453718,-0.880617298,-0.186149179,-10.7471223
14.5553288,-0.88675244,-0.169389767,-10.795156
14.5652868,-0.928650969,-0.156820209,-10.7486187
14.5752448,-0.972045874,-0.16175825,-10.6727525
14.5852018,-0.959326678,-0.134524206,-10.5264069
14.5951598,-0.841711521,-0.0956184288,-10.3706341
14.6051178,-0.724096365,-0.145597388,-10.1958574
14.6150748,-0.622043519,-0.203507141,-10.02961
14.6250328,-0.500238509,-0.251391174,-9.91109705
14.6349908,-0.394145448,-0.317082082,-9.86246483
14.6449488,-0.348356342,-0.385765742,-9.83283658
14.6549058,-0.346261415,-0.369155968,-9.83463223
14.6648638,-0.369604881,-0.307804551,-9.8404681
14.6748218,-0.355389309,-0.311695129,-9.8380739
14.6847788,-0.287304199,-0.355987859,-9.77313118
14.6947368,-0.162207162,-0.370801982,-9.65476783
14.7046948,0.0038905777,-0.331896205,-9.56229179
14.7146518,0.131681091,-0.285059635,-9.55211644
14.7246098,0.191236858,-0.186897367,-9.68080478
14.7345678,0.211886847,-0.0191536133,-9.90496191
14.7445248,0.226102419,0.0600046791,-10.1149035
14.7544828,0.265157834,0.00448912811,-10.2610994
14.7644408,0.353294382,-0.00867898102,-10.3300823
14.7743978,0.397886388,-0.0170586868,-10.3915834
14.7843558,0.376937124,-0.0927753143,-10.3674917
14.7943138,0.35658641,-0.0900818375,-10.3773678
14.8042718,0.277428117,-0.0799064804,-10.4164232
14.8142288,0.201861127,-0.0673369217,-10.3333744
14.8241868,0.317381358,-0.0118213707,-10.1764045
14.8341448,0.453850852,-0.0104746323,-9.99564229
14.8441018,0.542137038,-0.0365115753,-9.91603509
14.8540598,0.645237347,0.0351648369,-10.0038724
14.8640178,0.742950703,0.224606043,-10.131214
14.8739748,0.72499419,0.29972412,-10.1819411
14.8839328,0.643142421,0.323366862,-10.2015436
14.8938908,0.619350042,0.427664272,-10.1533603
14.9038478,0.713023182,0.625784459,-10.0821328
14.9138058,0.855029268,0.681748923,-9.97184991
14.9237638,0.962169792,0.555604423,-9.87488475
14.9337208,1.07619365,0.381875165,-9.79722283
14.9436788,1.16537766,0.15547347,-9.64623849
14.9536368,1.22613053,-0.137816233,-9.41849006
14.9635938,1.30738374,-0.360177712,-9.17069018
14.9735518,1.45088621,-0.413747974,-9.00803411
14.9835098,1.50206227,-0.355838222,-9.14435397
14.9934668,1.41587101,-0.281169057,-9.56139397
15.0034248,1.20682727,-0.150385792,-10.1108632
15.0133828,1.08083241,-0.00269347687,-10.6175362
15.0233408,1.06512046,0.0854430717,-10.9732248
15.0332978,1.12856681,0.0601543167,-11.0847048
15.0432558,1.25486095,0.0321720848,-10.9079828
15.0532138,1.35152684,0.0377086761,-10.5398743
15.0631708,1.38384856,0.0710778618,-10.0967973
15.0731288,1.40779058,0.146345576,-9.68140333
15.0830868,1.42903912,0.250343711,-9.37285059
15.0930438,1.34374568,0.345363589,-9.28665933
15.1030018,1.12632224,0.389506683,-9.40412485
15.1129598,0.98042558,0.352396557,-9.66763667
15.1229168,1.05000707,0.23104046,-9.91364089
15.1328748,1.19964467,0.00493804092,-10.0013285
15.1428328,1.28882868,-0.196174899,-9.88296518
15.1527898,1.3839982,-0.27353754,-9.60029974
15.1627478,1.49054017,-0.193032509,-9.31464156
15.1727058,1.5089456,-0.0697311234,-9.19163945
15.1826628,1.42395144,0.0543184502,-9.1910409
15.1926208,1.30169752,0.103698859,-9.33843394
15.2025788,1.22792618,0.0686836601,-9.5905733
15.2125368,1.20368488,0.0846948837,-9.83882208
15.2224938,1.17555302,0.1086369,-9.99893432
15.2324518,1.2439374,0.112976391,-10.0396357
15.2424098,1.34284786,0.0882861862,-9.94566333
15.2523668,1.42589673,0.0227449158,-9.69846201
15.2623248,1.51687639,-0.0248398422,-9.3685111
15.2722828,1.5439608,-0.0903811127,-9.07177973
15.2822398,1.49667531,-0.203357504,-8.86019216
15.2921978,1.3748703,-0.274585003,-8.76412481
15.3021558,1.3115736,-0.27787703,-8.84178673
15.3121128,1.25186819,-0.195426711,-9.0159649
15.3220708,1.17555302,-0.0954687912,-9.28172129
15.3320288,1.10642044,0.0181061501,-9.61346785
15.3419858,1.00302086,0.107290162,-9.89314053
15.3519438,0.911293007,0.177919111,-10.0529535
15.3619018,0.909796631,0.183306065,-10.156802
15.3718588,0.998382092,0.0890343742,-10.1210386
15.3818168,1.1165958,0.165948103,-9.8977793
15.3917748,1.18153852,0.376488211,-9.63097545
15.4017318,1.07709147,0.589572159,-9.52622913
15.4116898,0.883161137,0.799364079,-9.52323638
15.4216478,0.60633157,0.848295576,-9.70729063
15.4316058,0.378283862,0.859668034,-9.98501802
15.4415628,0.179714762,0.864606075,-10.2138139
15.4515208,0.0266354935,0.801159731,-10.3034468
15.4614788,-0.0291793327,0.665737699,-10.1801455
15.4714355,0.0276829567,0.463577296,-9.93144776
15.4813935,0.155174195,0.220865103,-9.75801778
15.4913515,0.254383926,-0.0119710083,-9.73527286
15.5013085,0.294935717,-0.213233585,-9.81054058
15.5112665,0.21981764,-0.302417597,-9.95598833
15.5212245,0.0368108505,-0.244657482,-10.137798
15.5311815,-0.14110826,-0.173729258,-10.1850835
15.5411395,-0.28161797,-0.128987614,-10.0498111
15.5510975,-0.365265391,-0.124797762,-9.9327945
15.5610545,-0.4321534,-0.131830729,-9.94401732
15.5710125,-0.517297196,-0.104596685,-10.0188361
15.5809705,-0.414346525,-0.0707785866,-9.9901057
15.5909275,-0.347009603,-0.0854430717,-9.93025066
15.6008855,-0.261566531,-0.227748433,-9.82400796
15.6108435,-0.138714059,-0.2709937,-9.71043302
15.6208005,-0.0658405457,-0.306757088,-9.59476315
15.6307585,0.0821510445,-0.250942262,-9.60104793
15.6407165,0.14799159,-0.227449158,-9.73168156
15.6506745,0.131082541,-0.322020123,-9.83029274
15.6606315,0.190189394,-0.280271232,-10.0644756
15.6705895,0.262613995,-0.168491942,-10.1627875
15.6805475,0.328753815,-0.0984615433,-10.1412397
15.6905045,0.414945075,-0.0371101257,-10.0855745
15.7004625,0.459537081,0.0167594116,-9.99908396
15.7104205,0.492307716,0.0401028778,-10.0050695
15.7203775,0.491110616,0.0321720848,-10.0662712
15.7303355,0.472256277,0.038157589,-10.1059252
15.7402935,0.398335301,-0.0118213707,-10.0822825
15.7502505,0.330699104,-0.151433255,-9.98367129
15.7602085,0.288351662,-0.338929173,-9.8380739
15.7701665,0.317381358,-0.515950458,-9.70250223
15.7801235,0.374542922,-0.638503655,-9.67466963
15.7900815,0.412251598,-0.668131901,-9.69621745
15.8000395,0.438587817,-0.607229396,-9.69995839
15.8099965,0.488566776,-0.593163461,-9.6653921
15.8199545,0.509516041,-0.643890609,-9.52398457
15.8299125,0.512359155,-0.766743082,-9.34591582
15.8398695,0.382922628,-0.96291798,-9.25852746
15.8498275,0.150086517,-1.07320089,-9.23683
15.8597855,-0.0240916542,-0.968005659,-9.29892961
15.8697435,-0.203357504,-0.87986911,-9.55540846
15.8797005,-0.236726689,-0.765097068,-9.86904888
15.8896585,-0.106990887,-0.563385578,-10.1183451
15.8996165,0.0172083244,-0.478690694,-10.3728787
15.9095735,0.139462247,-0.449810637,-10.5593271
15.9195315,0.251840087,-0.369754519,-10.4831616
15.9294895,0.305709624,-0.294636442,-10.2287777
15.9394465,0.323666137,-0.341323374,-9.88984851
15.9494045,0.358830974,-0.396240375,-9.48777227
15.9593625,0.396390012,-0.451905563,-9.18400793
15.9693195,0.417339277,-0.538096823,-9.12190833
15.9792775,0.382922628,-0.60573302,-9.27483796
15.9892355,0.382324078,-0.707336953,-9.56992331
15.9991925,0.48018707,-0.884657513,-9.78989059
16.0091505,0.657657269,-1.06422264,-9.85243911
16.0191085,0.800860455,-1.13320557,-9.86545758
16.0290655,0.839167682,-1.10522334,-9.84540614
16.0390235,0.766144531,-1.09953711,-9.87742859
16.0489815,0.695515582,-1.08128132,-9.99683939
16.0589385,0.654814154,-1.03519294,-10.1265752
16.0688965,0.612017799,-0.998980643,-10.2314712
16.0788545,0.588375058,-1.01693716,-10.2929722
16.0888125,0.589572159,-1.04866033,-10.2697784
16.0987695,0.585232668,-1.04506902,-10.1855324
16.1087275,0.571316371,-1.06377373,-10.0836292
16.1186855,0.595557663,-1.11958855,-9.97933179
16.1286425,0.713322457,-1.09265378,-9.91274306
16.1386005,0.661847121,-1.11764326,-9.98307273
16.1485585,0.455945779,-1.17136316,-10.1003886
16.1585155,0.264409646,-1.18946931,-10.2147117
16.1684735,0.154575645,-1.20308633,-10.2919247
16.1784315,0.0650923576,-1.30065005,-10.2524204
16.1883885,0.0188543381,-1.38025726,-10.0599865
16.1983465,0.0272340439,-1.42484926,-9.78959131
16.2083045,0.0656909081,-1.50400756,-9.54194108
16.2182615,0.120009358,-1.57314013,-9.39873789
16.2282195,0.157418759,-1.61922851,-9.34456908
16.2381775,0.135721307,-1.68043029,-9.30985316
16.2481345,0.0903811127,-1.72532157,-9.30506475
16.2580925,0.0661398209,-1.73474874,-9.40846434
16.2680505,0.0519242485,-1.65678755,-9.52069254
16.2780075,0.040402153,-1.58989954,-9.59985083
16.2879655,0.0276829567,-1.5988778,-9.58638345
16.2979235,0.148141228,-1.60546185,-9.45530091
16.3078805,0.272490076,-1.56476042,-9.2881557
16.3178385,0.368557418,-1.55697927,-9.22441008
16.3277965,0.443825133,-1.54366152,-9.31389337
16.3377545,0.437241078,-1.47856916,-9.54568202
16.3477115,0.392948347,-1.43816701,-9.88520974
16.3576695,0.393846173,-1.38788877,-10.2132154
16.3676275,0.424072969,-1.32414316,-10.4788221
16.3775845,0.47524903,-1.26817869,-10.6565916
16.3875425,0.544980153,-1.22852473,-10.7451771
16.3975005,0.575805499,-1.16777186,-10.7957546
16.4074575,0.529118567,-1.10208095,-10.8020393
16.4174155,0.517446834,-1.04955815,-10.7948567
16.4273735,0.5232827,-1.00406832,-10.7982984
16.4373305,0.468066425,-1.01588969,-10.8030868
16.4472885,0.3784335,-1.12093529,-10.7631336
16.4572465,0.348954892,-1.29825585,-10.4797199
16.4672033,0.47524903,-1.48739778,-10.180744
16.4771613,0.577601151,-1.38609312,-10.012701
16.4871193,0.593013824,-0.969651672,-10.0631289
16.4970763,0.603488456,-0.55455696,-10.2425443
16.5070343,0.518344659,-0.407014282,-10.3847001
16.5169923,0.521636687,-0.340874461,-10.5807253
16.5269493,0.518793572,-0.0662894585,-10.8193973
16.5369073,0.400729503,0.23852234,-11.028441
16.5468653,0.224755681,0.45459904,-11.0416091
16.5568233,0.211886847,0.605433745,-10.8354085
16.5667803,0.228197346,0.756418087,-10.5090489
16.5767383,0.149936879,0.685190588,-10.041581
16.5866963,0.0462380196,0.35030163,-9.53071826
16.5966533,-0.00628477936,-0.0637456192,-8.98244608
16.6066113,-0.00733224258,-0.370502707,-8.51707313
16.6165693,-0.0818517693,-0.556951161,-8.31461345
16.6265263,-0.180163675,-0.69940616,-8.33885474
16.6364843,-0.204704242,-0.792181474,-8.57228941
16.6464423,-0.180014037,-0.717961223,-8.8221842
16.6563993,-0.180911863,-0.417339277,-9.01925693
16.6663573,-0.183904615,-0.087238723,-9.22994668
16.6763153,-0.108487263,0.267851311,-9.40202992
16.6862723,-0.0899321999,0.652719228,-9.52622913
16.6962303,-0.105494511,0.863408974,-9.50527987
16.7061883,-0.110133276,0.895880334,-9.47924292
16.7161453,-0.015113398,0.720205787,-9.50767407
16.7261033,0.201112939,0.609324323,-9.51246247
16.7360613,0.272789352,0.668730451,-9.69427216
16.7460183,0.257227041,0.770633659,-10.002376
16.7559763,0.27353754,0.819565156,-10.4054997
16.7659343,0.299574483,0.678456895,-10.800543
16.7758913,0.296581731,0.388908132,-11.0007581
16.7858493,0.31663317,0.117016606,-11.0200613
16.7958073,0.379780238,-0.102501759,-10.8041343
16.8057653,0.420032754,-0.294337167,-10.3194581
16.8157223,0.319625922,-0.462380196,-9.76235727
16.8256803,0.254982477,-0.577601151,-9.26511151
16.8356383,0.412101961,-0.557250436,-8.86438201
16.8455953,0.444722958,-0.60199208,-8.62316619
16.8555533,0.54827218,-0.71377137,-8.54146406
16.8655113,0.609623598,-0.761505766,-8.60924989
16.8754683,0.483778373,-0.746542005,-8.78567263
16.8854263,0.318728096,-0.76120649,-8.93321531
16.8953843,0.190638307,-0.787393071,-9.07477248
16.9053413,0.0442927307,-0.811035812,-9.21423473
16.9152993,-0.0945709656,-0.884058963,-9.49869581
16.9252573,-0.168940855,-0.90485859,-9.79871921
16.9352143,-0.186298817,-0.882412949,-9.97409448
16.9451723,-0.213981773,-0.925209304,-10.1159509
16.9551303,-0.271292976,-0.959476315,-10.213365
16.9650873,-0.202160403,-0.883460413,-10.2899795
16.9750453,-0.110432552,-0.779462278,-10.2784574
16.9850033,-0.0742202515,-0.69252283,-10.2317704
16.9949603,-0.015113398,-0.669478639,-10.0960491
17.0049183,0.0236427414,-0.673219579,-10.0086608
17.0148763,0.0218470901,-0.712424632,-10.0121024
17.0248343,0.015861586,-0.785148507,-10.0697129
17.0347913,0.00493804092,-0.865054987,-10.24434
17.0447493,0.0441430931,-0.877025996,-10.4025069
17.0547073,0.087986911,-0.82869305,-10.5828203
17.0646643,0.119710083,-0.683694212,-10.6826285
17.0746223,0.100406832,-0.563684853,-10.6585369
17.0845803,0.0169090492,-0.650025751,-10.4494931
17.0945373,0.00613514175,-0.848744489,-10.1023339
17.1044953,0.0552162758,-0.866850639,-9.82864673
17.1144533,0.0746691643,-0.675913056,-9.73407576
17.1244103,0.024540567,-0.542137038,-9.80111341
17.1343683,0.0992097313,-0.552761308,-9.96391912
17.1443263,0.330848742,-0.506972202,-10.1371995
17.1542833,0.517895747,-0.26665421,-10.4524859
17.1642413,0.518344659,0.119410808,-10.8551607
17.1741993,0.48273091,0.541239213,-11.1819692
17.1841563,0.504428362,0.809838712,-11.3248731
17.1941143,0.702398912,0.850989053,-11.2484083
17.2040723,0.929548795,0.780360104,-10.9019973
17.2140293,1.0441712,0.743249978,-10.3603091
17.2239873,1.03728787,0.682646748,-9.73946272
17.2339453,0.937180312,0.664241323,-9.181913
17.2439023,0.858470933,0.661996759,-8.78567263
17.2538603,0.824503197,0.54393269,-8.64246944
17.2638183,0.695964495,0.27039515,-8.60146874
17.2737753,0.650474664,0.159513686,-8.70471869
17.2837333,0.528370379,0.0788590172,-9.01222396
17.2936913,0.387112481,-0.0977133553,-9.3804821
17.3036493,0.258424142,-0.244208569,-9.65491747
17.3136063,0.193032509,-0.328753815,-9.7951279
17.3235643,0.229095171,-0.40087914,-9.75442648
17.3335223,0.263212545,-0.398185664,-9.57650737
17.3434793,0.231489373,-0.373345821,-9.33155061
17.3534373,0.191236858,-0.413299062,-9.14016411
17.3633953,0.270694425,-0.450558825,-9.01057795
17.3733523,0.327407077,-0.520289948,-8.88937149
17.3833103,0.282515796,-0.621145693,-8.8910175
17.3932683,0.274884278,-0.596006576,-9.01865838
17.4032253,0.345064314,-0.45774143,-9.20301191
17.4131833,0.335786783,-0.362721552,-9.43958896
17.4231413,0.311246216,-0.260519068,-9.67197616
17.4330983,0.274585003,-0.107739075,-9.91304234
17.4430563,0.243310744,-0.0393546898,-10.1623386
17.4530143,0.284461085,-0.0652419952,-10.3104798
17.4629713,0.321421573,-0.147093764,-10.3085345
17.4729289,0.40776247,-0.182557877,-10.2069306
17.4828869,0.459088168,-0.278924493,-9.96631332
17.4928439,0.440533105,-0.409408484,-9.61750807
17.5028019,0.434248326,-0.487519313,-9.33618937
17.5127599,0.374542922,-0.556801524,-9.24296515
17.5227169,0.329352366,-0.685789138,-9.21004487
17.5326749,0.345662865,-0.786944158,-9.19148981
17.5426329,0.394145448,-0.807743785,-9.11128406
17.5525909,0.426317533,-0.874482156,-9.22066914
17.5625479,0.33907881,-0.856226369,-9.49046574
17.5725059,0.304063611,-0.797867703,-9.74006127
17.5824639,0.323217224,-0.783502493,-9.84346085
17.5924209,0.338779535,-0.777516989,-9.74065982
17.6023789,0.383670816,-0.783352856,-9.53535702
17.6123369,0.475697942,-0.839018044,-9.29129809
17.6222939,0.501136335,-0.887051715,-9.17966844
17.6322519,0.541688126,-0.868347015,-9.27947672
17.6422099,0.530315668,-0.85742347,-9.54523311
17.6521669,0.480935258,-0.88735099,-9.82789854
17.6621249,0.488716414,-0.911293007,-10.0112046
17.6720829,0.413897612,-0.913986484,-10.0641763
17.6820399,0.325461788,-0.874631794,-10.0186865
17.6919979,0.359728799,-0.729034406,-10.014347
17.7019559,0.452953027,-0.522983425,-10.1756563
17.7119129,0.448164623,-0.396838925,-10.3939776
17.7218709,0.40716392,-0.453102664,-10.5922474
17.7318289,0.466719686,-0.666635525,-10.637438
17.7417859,0.651671764,-0.778414815,-10.6450695
17.7517439,0.6307225,-0.617255116,-10.714651
17.7617019,0.343867213,-0.423175143,-10.8743143
17.7716589,0.110432552,-0.377984587,-10.9221983
17.7816169,0.0914285759,-0.350151993,-10.9682867
17.7915749,0.085742347,-0.202758953,-11.004499
17.8015319,0.00733224258,-0.00583586655,-10.9340197
17.8114899,-0.0791582924,0.122702835,-10.7803419
17.8214479,0.0297778831,0.205153155,-10.4922895
17.8314059,0.256179578,0.281468333,-10.1639846
17.8413629,0.438288541,0.280271232,-9.98965679
17.8513209,0.469413163,0.256478853,-10.0447234
17.8612789,0.304961436,0.214430686,-10.2195001
17.8712359,0.194079972,0.20485388,-10.2877349
17.8811939,0.138265146,0.256329215,-10.1553056
17.8911519,0.0507271477,0.214281049,-9.83657752
17.9011089,-0.114323129,0.0142155724,-9.46727191
17.9110669,-0.164451727,-0.0583586655,-9.10634601
17.9210249,-0.181510413,-0.0703296738,-8.83206029
17.9309819,-0.214729961,-0.0451905563,-8.60446149
17.9409399,-0.204105692,-0.0121206459,-8.43237825
17.9508979,-0.22415713,0.0179565125,-8.49432822
17.9608549,-0.246902046,0.122702835,-8.74512084
17.9708129,-0.262464357,0.228795896,-9.12160905
17.9807709,-0.285508548,0.334290407,-9.49555342
17.9907279,-0.356436772,0.510413866,-9.89254198
18.0006859,-0.445171871,0.676511607,-10.2551139
18.0106439,-0.406864645,0.741454327,-10.5617213
18.0206009,-0.293439341,0.752527509,-10.7755535
18.0305589,-0.177470198,0.599298603,-10.7834843
18.0405169,-0.0306757088,0.575805499,-10.6528506
18.0504739,0.0679354721,0.513256981,-10.4684971
18.0604319,0.154426007,0.427364996,-10.2723222
18.0703899,0.16295535,0.307954189,-10.1143049
18.0803469,0.186598092,0.201861127,-9.97933179
18.0903049,0.250343711,0.0571615646,-9.79004023
18.1002629,0.262165082,-0.112228203,-9.63097545
18.1102199,0.32845454,-0.148590141,-9.5054295
18.1201779,0.350151993,-0.226551332,-9.37075566
18.1301359,0.348057066,-0.365265391,-9.25179377
18.1400929,0.318129546,-0.543184502,-9.0636993
18.1500509,0.302567235,-0.578648614,-8.91106894
18.1600089,0.272041164,-0.574608398,-8.76936213
18.1699669,0.214580324,-0.602291355,-8.80198313
18.1799239,0.188992294,-0.542137038,-8.89730228
18.1898819,0.166546653,-0.448164623,-9.07148045
18.1998399,0.0601543167,-0.460135632,-9.24999811
18.2097969,0.0218470901,-0.483928011,-9.44557446
18.2197549,-0.0543184502,-0.488866051,-9.65865841
18.2297129,-0.170586868,-0.445171871,-9.96017818
18.2396699,-0.300921221,-0.383371541,-10.2085766
18.2496279,-0.374542922,-0.33219548,-10.3571667
18.2595859,-0.406116457,-0.420182391,-10.3493856
18.2695429,-0.354341846,-0.516549008,-10.2305733
18.2795009,-0.187495918,-0.568772532,-9.98786114
18.2894589,0.033219548,-0.560991376,-9.60628525
18.2994159,0.153977094,-0.375740023,-9.33095206
18.3093739,0.0656909081,-0.0454898315,-9.50378349
18.3193319,-0.109834001,0.478690694,-10.1701197
18.3292889,-0.328005627,1.22388596,-11.1897504
18.3392469,-0.556951161,1.7895161,-12.2253922
18.3492049,-0.666186612,2.03671742,-12.9821096
18.3591619,-0.431854124,1.90937582,-13.2961989
18.3691199,-0.0532709869,1.51463183,-13.1073563
18.3790779,0.284012172,1.15939215,-12.4793272
18.3890349,0.56203884,0.986111809,-11.6673936
18.3989929,0.740706139,0.835127467,-10.7438303
18.4089509,0.69940616,0.472555553,-9.78809494
18.4189079,0.524479801,0.295833543,-9.15886881
18.4288659,0.0606032295,0.325761063,-8.90687909
18.4388239,-0.406864645,0.249745161,-8.99711056
18.4487809,-0.741304689,0.244058932,-9.37344914
18.4587389,-0.890942293,0.115220955,-9.46053822
18.468697,-0.847248112,-0.248248785,-9.24550899
18.478654,-0.722899264,-0.549469281,-8.88967076
18.488612,-0.388608857,-0.541837763,-8.58216549
18.49857,-0.0278325943,-0.276979205,-8.54655174
18.508527,0.420182391,0.207248081,-8.7135473
18.518485,0.750133308,0.548122543,-8.85465556
18.528443,0.999279918,0.776469526,-9.137321
18.538401,1.16223527,0.871190129,-9.69576854
18.548358,1.14502694,0.822557908,-10.2780085
18.558316,1.0477625,0.683394936,-10.7360492
18.568274,0.874182881,0.449511362,-10.821193
18.578231,0.648230099,0.172681795,-10.4113356
18.588189,0.51146133,-0.0233434662,-9.61361749
18.598147,0.477493594,-0.130932903,-8.74631794
18.608104,0.531812044,-0.194528885,-8.08432118
18.618062,0.575655862,-0.216824888,-7.9670053
18.62802,0.430208111,-0.182108964,-8.57288796
18.637977,0.220266553,-0.183156427,-9.51620341
18.647935,0.0272340439,-0.189890119,-10.3365168
18.657893,-0.0718260498,-0.185849904,-10.8002437
18.66785,-0.0459387444,-0.201561852,-10.9052893
18.677808,0.0169090492,-0.244956757,-10.6103536
18.687766,0.0957680664,-0.276979205,-9.97723687
18.697723,0.246902046,-0.328155265,-9.29668505
18.707681,0.407912108,-0.434846877,-8.82607478
18.717639,0.546476529,-0.443675495,-8.62556039
18.727596,0.503081624,-0.439784917,-8.65848067
18.737554,0.417638552,-0.457292517,-8.97197145
18.747512,0.359728799,-0.383521178,-9.55780266
18.757469,0.212784673,-0.229095171,-10.136152
18.767427,-0.056263739,-0.142006086,-10.7025303
18.777385,-0.229095171,-0.170586868,-11.0839566
18.787342,-0.216375975,-0.232536836,-11.1231616
18.7973,-0.124049574,-0.319326646,-10.7339542
18.807258,0.0080804306,-0.432303037,-9.95344449
18.817215,0.0902314751,-0.47210664,-9.08644421
18.827173,0.109385088,-0.480635983,-8.45422534
18.837131,0.0537198997,-0.454898315,-8.21495481
18.847089,-0.0142155724,-0.416591089,-8.49372966
18.857046,-0.073621701,-0.397886388,-9.06429785
18.867004,-0.00912789383,-0.44337622,-9.71641852
18.876962,0.119560445,-0.521786324,-10.2349128
18.886919,0.26291327,-0.552312395,-10.4209124
18.896877,0.282964709,-0.560093551,-10.4704424
18.906835,0.214879599,-0.578050063,-10.349236
18.916792,0.20231004,-0.591667085,-10.0652238
18.92675,0.242113643,-0.616656565,-9.62543886
18.936708,0.303913973,-0.623539895,-9.17877061
18.946665,0.316483532,-0.628627573,-8.87620338
18.956623,0.250044436,-0.660350745,-8.76636938
18.966581,0.133776018,-0.670526102,-8.89999576
18.976538,-0.0167594116,-0.732027158,-9.18565394
18.986496,-0.09367314,-0.711975719,-9.47355669
18.996454,-0.139312609,-0.699106885,-9.77747067
19.006411,-0.150984342,-0.695216307,-9.95209775
19.016369,-0.127940151,-0.653766691,-10.0134492
19.026327,-0.113574941,-0.580444265,-10.0339495
19.036284,-0.159962598,-0.542286676,-10.0994908
19.046242,-0.250493349,-0.548870731,-10.0810854
19.0562,-0.276829567,-0.563834491,-9.94461587
19.066157,-0.315735344,-0.564433041,-9.76968951
19.076115,-0.344914677,-0.560392826,-9.60628525
19.086073,-0.312144041,-0.387411756,-9.42896469
19.09603,-0.417937827,-0.337283159,-9.40173064
19.105988,-0.401028778,-0.316184257,-9.4131031
19.115946,-0.37903205,-0.353892933,-9.50932008
19.125903,-0.377685312,-0.508618215,-9.72689316
19.135861,-0.363320102,-0.639850394,-10.0442745
19.145819,-0.43649289,-0.655113429,-10.232369
19.155776,-0.370203432,-0.708833329,-10.278607
19.165734,-0.35344402,-0.748188019,-10.0508586
19.175692,-0.357633873,-0.65256959,-9.76520038
19.185649,-0.36721068,-0.56577978,-9.66823522
19.195607,-0.378732775,-0.512359155,-9.65776058
19.205565,-0.374542922,-0.429908836,-9.70564462
19.215522,-0.360177712,-0.422875868,-9.83074165
19.22548,-0.392200159,-0.459985994,-9.99399628
19.235438,-0.464774397,-0.480336708,-10.09156
19.245396,-0.562487753,-0.534804796,-10.1792476
19.255353,-0.612017799,-0.532859507,-10.1111625
19.265311,-0.62383917,-0.493504817,-9.94805754
19.275269,-0.677409432,-0.418536378,-9.76235727
19.285226,-0.687734427,-0.294786079,-9.6840968
19.295184,-0.659153645,-0.213532861,-9.7028015
19.305142,-0.58448448,-0.20979192,-9.8476507
19.315099,-0.491260253,-0.160112236,-10.0167412
19.325057,-0.410755222,-0.0878372734,-10.1107136
19.335015,-0.362871189,-0.0676361969,-10.1425864
19.344972,-0.340425549,-0.0790086548,-10.1837368
19.35493,-0.324863238,-0.0119710083,-10.1728132
19.364888,-0.235828864,0.0902314751,-10.1413893
19.374845,-0.181360776,0.14425065,-10.1270241
19.384803,-0.086490535,0.183306065,-10.0824321
19.394761,0.0080804306,0.134823481,-10.0867716
19.404718,0.134374568,0.0466869324,-10.1011368
19.414676,0.229992997,0.00912789383,-10.1719154
19.424634,0.250942262,-0.00897825623,-10.2268324
19.434591,0.234033212,-0.0339677361,-10.2721726
19.444549,0.257825591,-0.0640448944,-10.2408983
19.454507,0.323666137,-0.0794575676,-10.1261263
19.464464,0.344615401,-0.0957680664,-10.064326
19.4744228,0.326209976,-0.0770633659,-9.98262382
19.4843808,0.282964709,-0.056263739,-9.93309378
19.4943378,0.204105692,-0.0855927094,-9.88520974
19.5042958,0.218021989,-0.152031805,-9.79572645
19.5142538,0.20171149,-0.2160767,-9.66224971
19.5242108,0.125246674,-0.2347814,-9.54657984
19.5341688,0.0516249733,-0.32411505,-9.53505775
19.5441268,0.105793786,-0.419583841,-9.50767407
19.5540838,0.165648827,-0.46896425,-9.5296708
19.5640418,0.152630356,-0.421828405,-9.58862801
19.5739998,0.132878192,-0.313191505,-9.75726959
19.5839568,0.0836474205,-0.0849941589,-10.0408328
19.5939148,0.0502782349,0.199466926,-10.4029559
19.6038728,0.100257195,0.466270773,-10.70268
19.6138298,0.094421328,0.65256959,-10.9117237
19.6237878,0.0505775101,0.692971743,-10.9175596
19.6337458,0.0178068748,0.654963792,-10.7590933
19.6437028,0.0950198784,0.585083031,-10.4707417
19.6536608,0.208145907,0.590469984,-10.0783919
19.6636188,0.352695832,0.64882865,-9.70474679
19.6735758,0.598550415,0.700154348,-9.41459948
19.6835338,0.849343039,0.58388593,-9.24281551
19.6934918,1.04970779,0.420631304,-9.19523075
19.7034498,1.14218383,0.306906725,-9.32601402
19.7134068,1.206528,0.197222362,-9.53266355
19.7233648,1.26683195,0.0348655617,-9.68245079
19.7333228,1.3991116,-0.132279642,-9.79767174
19.7432798,1.50909523,-0.214580324,-9.86216555
19.7532378,1.46944127,-0.200514389,-9.93878
19.7631958,1.32324533,-0.193930334,-10.0103068
19.7731528,1.17794722,-0.177470198,-10.0141974
19.7831108,1.14637368,-0.170287593,-9.97005426
19.7930688,1.1329063,-0.145298113,-9.84256302
19.8030258,1.07439799,-0.19048867,-9.64773486
19.8129838,0.991199487,-0.159064773,-9.49241103
19.8229418,0.965312182,-0.0827495949,-9.56274071
19.8328988,0.948403133,-0.056263739,-9.85243911
19.8428568,0.935983212,-0.130334353,-10.2810012
19.8528148,1.01319622,-0.194678522,-10.6193318
19.8627718,0.995090065,-0.224905318,-10.8075759
19.8727298,0.990002386,-0.214430686,-10.8144593
19.8826878,1.02277302,-0.15173253,-10.6586865
19.8926448,1.07963531,-0.0703296738,-10.2895305
19.9026028,1.19545482,-0.030226796,-9.82086557
19.9125608,1.2451345,-0.070628949,-9.40232919
19.9225178,1.24693015,-0.119560445,-9.14345614
19.9324758,1.24857617,-0.140808985,-8.99696093
19.9424338,1.15535194,-0.14799159,-9.01910729
19.9523908,1.01529114,-0.224306768,-9.15827026
19.9623488,0.951246247,-0.257526316,-9.32526583
19.9723068,0.988954923,-0.300771584,-9.42267991
19.9822638,0.936881037,-0.38591538,-9.47804582
19.9922218,0.931194808,-0.430806661,-9.55705448
20.0021798,0.944512555,-0.452653751,-9.62035118
20.0121368,0.980275942,-0.47584758,-9.59401497
20.0220948,1.01978027,-0.472854828,-9.5845878
20.0320528,0.997184991,-0.463876572,-9.61137293
20.0420098,1.00272158,-0.426167896,-9.60778162
20.0519678,1.064073,-0.446368972,-9.61930372
20.0619258,1.1106103,-0.434098689,-9.61481459
20.0718828,1.09624509,-0.352097282,-9.6208001
20.0818408,1.04192663,-0.316333894,-9.66853449
20.0917988,1.02277302,-0.303764336,-9.76101053
20.1017558,1.0338462,-0.278774856,-9.85842461
20.1117138,1.05913496,-0.239869079,-9.93189667
20.1216718,1.08008422,-0.196773449,-10.02961
20.1316288,1.15535194,-0.0905307503,-10.051906
20.1415868,1.1890204,-0.0772130035,-10.1152027
20.1515448,1.18872112,-0.0920271263,-10.1624882
20.1615018,1.20099141,-0.0516249733,-10.1883755
20.1714598,1.20114105,-0.0296282455,-10.119243
20.1814178,1.24303957,-0.0983119057,-10.0195843
20.1913758,1.30214643,-0.106990887,-9.95538978
20.2013328,1.35122756,-0.0659901833,-9.86411084
20.2112908,1.3585598,-0.0571615646,-9.7752261
20.2212488,1.32354461,-0.0823006821,-9.71806454
20.2312058,1.30633628,-0.188244106,-9.67751275
20.2411638,1.26353993,-0.361674088,-9.65222399
20.2511218,1.21176532,-0.506074376,-9.63112509
20.2610788,1.19740011,-0.561290652,-9.63381857
20.2710368,1.14742115,-0.607079758,-9.66479355
20.2809948,1.13200847,-0.60573302,-9.71567034
20.2909518,1.14727151,-0.549618919,-9.75682068
20.3009098,1.20368488,-0.510563504,-9.83867245
20.3108678,1.26653268,-0.471657727,-9.88850177
20.3208248,1.29870476,-0.492906267,-9.88161844
20.3307828,1.29675947,-0.534505521,-9.88969887
20.3407408,1.26309101,-0.467467874,-9.91693291
20.3506978,1.1177929,-0.372148721,-9.93429088
20.3606558,0.955585738,-0.257975229,-9.90211879
20.3706138,0.862511148,-0.193930334,-9.82595325
20.3805708,0.815076028,-0.14050971,-9.78525182
20.3905288,0.757914463,-0.0999579193,-9.82236195
20.4004868,0.669628277,-0.146345576,-9.87503438
20.4104438,0.577451513,-0.296731368,-9.86934816
20.4204018,0.537498273,-0.411802686,-9.77253263
20.4303598,0.485723662,-0.499939234,-9.59281786
20.4403168,0.531063856,-0.696862321,-9.29354266
20.4502748,0.621444968,-0.79367785,-8.95730696
20.4602328,0.687884064,-0.831087251,-8.66790784
20.4701898,0.679803634,-0.938676688,-8.55298616
20.4801478,0.68189856,-0.897825623,-8.6339401
20.4901058,0.663343497,-0.805499221,-8.87081643
20.5000628,0.589721796,-0.819116243,-9.13223332
20.5100208,0.543633414,-0.801907919,-9.34741219
20.5199788,0.629824674,-0.702099637,-9.49764835
20.5299358,0.672770667,-0.649277563,-9.5881791
20.5398938,0.665588062,-0.646135173,-9.64130045
20.5498518,0.697161596,-0.558447537,-9.64578958
20.5598088,0.697460871,-0.497545033,-9.72105729
20.5697668,0.641496407,-0.513556256,-9.83942064
20.5797248,0.685190588,-0.525078352,-9.93653544
20.5896818,0.733972446,-0.544231965,-10.0308071
20.5996398,0.716015934,-0.622941344,-10.1494698
20.6095978,0.669927552,-0.697909784,-10.2251864
20.6195548,0.489015689,-0.873883606,-10.2305733
20.6295128,0.269646962,-1.05898532,-10.1795469
20.6394708,0.116418056,-1.14188455,-10.0730049
20.6494278,0.0275333191,-1.21221423,-10.015993
20.6593858,0.0848445213,-1.20353525,-10.0050695
20.6693438,0.155623108,-1.16971715,-9.90750574
20.6793008,0.240018716,-1.18632692,-9.76430256
20.6892588,0.316333894,-1.24019646,-9.64728595
20.6992168,0.347159241,-1.33132576,-9.48208604
20.7091738,0.366612129,-1.46405432,-9.4270194
20.7191318,0.411952323,-1.50296009,-9.44377881
20.7290898,0.373645097,-1.48739778,-9.45485199
20.7390468,0.283263984,-1.42933839,-9.46457844
20.7490048,0.185400991,-1.36080437,-9.60508815
20.7589628,0.127042326,-1.28583593,-9.87503438
20.7689198,0.0882861862,-1.27625912,-10.1515647
20.7788778,0.0104746323,-1.30469027,-10.404153
20.7888358,0.0511760605,-1.36723879,-10.4497924
20.7987928,0.155623108,-1.42185651,-10.2006458
20.8087508,0.271442613,-1.44265614,-9.88206735
20.8187088,0.308403101,-1.42215579,-9.61242039
20.8286668,0.354491483,-1.35347213,-9.4970498
20.8386238,0.402076241,-1.26787942,-9.45589946
20.8485818,0.396689288,-1.24707979,-9.52114145
20.8585398,0.435595065,-1.26698159,-9.71402432
20.8684968,0.536151534,-1.33222359,-9.92710827
20.8784548,0.625185909,-1.36469495,-9.95359413
20.8884128,0.648379737,-1.3700819,-9.79467899
20.8983698,0.676661244,-1.42350252,-9.65865841
20.9083278,0.792630387,-1.34913264,-9.36656581
20.9182858,0.799364079,-1.27670804,-9.03003084
20.9282428,0.755669899,-1.27057289,-8.88548091
20.9382008,0.574009848,-1.18722475,-8.87081643
20.9481588,0.22355858,-1.14083709,-9.10559783
20.9581158,-0.124498486,-1.17525374,-9.48642553
20.9680738,-0.205302792,-1.27610948,-9.8368768
20.9780318,-0.104147772,-1.3628993,-10.17416
20.9879888,-0.0350151993,-1.36095401,-10.433033
20.9979468,-0.0493804092,-1.25276602,-10.6103536
21.0079048,-0.0703296738,-1.20323597,-10.7484691
21.0178618,0.0338180984,-1.16732295,-10.6119996
21.0278198,0.234332487,-1.11629652,-10.3257428
21.0377778,0.4321534,-1.009156,-10.0843774
21.0477348,0.594210925,-0.702398912,-9.96062709
21.0576928,0.692822105,-0.401926604,-9.99519338
21.0676508,0.643591334,-0.492756629,-9.9562876
21.0776078,0.720804337,-0.621744244,-9.94162312
21.0875658,0.892438669,-0.661697484,-10.0363437
21.0975238,1.00287122,-0.502183798,-10.2504751
21.1074808,0.903661489,-0.249445885,-10.5346369
21.1174388,0.737713387,-0.211288297,-10.7070195
21.1273968,0.711975719,-0.35030163,-10.6678144
21.1373538,0.771681123,-0.495899019,-10.6004775
21.1473118,0.746542005,-0.395342549,-10.3600099
21.1572698,0.635361266,-0.163104988,-10.1608422
21.1672268,0.460285269,0.0417488914,-10.0745013
21.1771848,0.253336463,0.30974984,-10.0441249
21.1871428,0.137217683,0.661398209,-10.275315
21.1970998,-0.0191536133,0.875679257,-10.8011415
21.2070578,-0.188693018,0.841262608,-11.3114057
21.2170158,-0.285957461,0.600346066,-11.5880857
21.2269728,-0.141257898,0.262464357,-11.4381488
21.2369308,0.130334353,-0.0876876358,-10.8214922
21.2468888,0.37095162,-0.330399829,-10.0323035
21.2568458,0.565181229,-0.434547601,-9.38287631
21.2668038,0.745793817,-0.423624056,-8.82816971
21.2767618,0.938377413,-0.321421573,-8.38030436
21.2867188,1.02845925,-0.248697697,-8.26837543
21.2966768,0.940322702,-0.175375272,-8.58156694
21.3066348,0.75746555,-0.12240356,-9.15931773
21.3165918,0.624886633,-0.0891840118,-9.70310078
21.3265498,0.49455228,-0.207846632,-10.1511158
21.3365078,0.425419707,-0.344765039,-10.3502834
21.3464648,0.400430228,-0.358681336,-10.2780085
21.3564228,0.419134928,-0.295234992,-9.97229883
21.3663808,0.435595065,-0.185251353,-9.5718686
21.3763378,0.481234534,-0.114622404,-9.29114846
21.3862958,0.465821861,-0.125994862,-9.21902313
21.3962538,0.44397477,-0.240317992,-9.29264483
21.4062108,0.408361021,-0.406116457,-9.44662193
21.4161688,0.348057066,-0.636109454,-9.5157545
21.4261268,0.296432093,-0.833631091,-9.40547158
21.4360838,0.23792379,-0.944662193,-9.19014307
21.4460418,0.199167651,-0.959027402,-8.93127002
21.4559998,0.0781108292,-0.938227776,-8.70591579
21.4659568,-0.0344166489,-0.922815102,-8.66461581
21.4759139,-0.12240356,-0.938975964,-8.87186389
21.4858719,-0.174028533,-0.986560722,-9.13193404
21.4958289,-0.149487966,-1.06975923,-9.31524011
21.5057869,-0.070628949,-1.19111533,-9.41130745
21.5157449,0.0170586868,-1.28628484,-9.50363385
21.5257019,0.116418056,-1.23361241,-9.58398925
21.5356599,0.180762225,-1.05644148,-9.63247183
21.5456179,0.202010765,-0.882861862,-9.7155207
21.5555749,0.289399126,-0.763600692,-9.83702643
21.5655329,0.451307013,-0.662146397,-10.0207814
21.5754909,0.56637833,-0.63446344,-10.1708679
21.5854479,0.596455489,-0.695365945,-10.3354693
21.5954059,0.687285514,-0.743698891,-10.4797199
21.6053639,0.787991621,-0.752078596,-10.5162315
21.6153209,0.762553229,-0.739060125,-10.4961801
21.6252789,0.785747057,-0.767042357,-10.4355768
21.6352369,0.821510445,-0.72813658,-10.422708
21.6451939,0.762702866,-0.616058015,-10.4459018
21.6551519,0.584035567,-0.527173278,-10.5234141
21.6651099,0.493804092,-0.422875868,-10.6498579
21.6750669,0.470161351,-0.302118322,-10.7501151
21.6850249,0.410007034,-0.214281049,-10.77286
21.6949829,0.279373406,-0.285957461,-10.6928039
21.7049399,0.257376678,-0.455646503,-10.4741834
21.7148979,0.344316126,-0.391152696,-10.3034468
21.7248559,0.35404257,-0.0145148476,-10.2522708
21.7348129,0.150236154,0.232686474,-10.2223433
21.7447709,-0.0200514389,0.218171626,-10.1216372
21.7547289,0.0618003304,0.246153858,-10.1678752
21.7646859,0.197671275,0.443226582,-10.3544733
21.7746439,0.197222362,0.721851801,-10.4861544
21.7846019,0.0683843849,0.862511148,-10.5983826
21.7945599,0.0160112236,0.910993732,-10.7106108
21.8045169,0.0276829567,1.02037882,-10.815806
21.8144749,-0.0258873055,1.08382516,-10.7713636
21.8244329,-0.0942716904,0.968604209,-10.582521
21.8343899,-0.0603039543,0.734421359,-10.2145621
21.8443479,0.015861586,0.464774397,-9.78046342
21.8543059,-0.0471358452,0.141407536,-9.31748467
21.8642629,-0.135422031,-0.0251391174,-8.87874722
21.8742209,-0.194079972,-0.106541974,-8.59922418
21.8841789,-0.304811799,-0.147093764,-8.44524708
21.8941359,-0.432602312,-0.142604636,-8.46484961
21.9040939,-0.481384171,-0.01436521,-8.74766468
21.9140519,-0.517596471,0.122253922,-9.2356329
21.9240089,-0.499639959,0.120458271,-9.71806454
21.9339669,-0.426766446,0.0612017799,-9.98935751
21.9439249,-0.259022692,0.104447047,-9.96332057
21.9538819,-0.154575645,0.178966574,-9.94566333
21.9638399,-0.0891840118,0.264110371,-9.8579757
21.9737979,-0.00448912811,0.334440044,-9.79363153
21.9837549,0.0751180771,0.365863941,-9.79138696
21.9937129,0.11492168,0.315436069,-9.83358477
22.0036709,0.0628477936,0.130633628,-9.86141736
22.0136279,0.0661398209,-0.047584758,-9.79856957
22.0235859,0.0984615433,-0.185101716,-9.73796634
22.0335439,0.112527478,-0.30286651,-9.6817026
22.0435009,0.0900818375,-0.427065721,-9.54523311
22.0534589,0.095169516,-0.483778373,-9.40517231
22.0634169,0.0531213493,-0.511012417,-9.28441476
22.0733739,0.0374094009,-0.565929417,-9.11697028
22.0833319,0.00852934341,-0.579097527,-8.95970116
22.0932899,0.0109235451,-0.594809475,-8.93620806
22.1032469,0.0447416435,-0.65571198,-9.02928265
22.1132049,0.0909796631,-0.659153645,-9.13477716
22.1231629,0.0523731613,-0.679803634,-9.25897637
22.1331199,0.0300771584,-0.697011958,-9.29578722
22.1430779,0.0748188019,-0.739658675,-9.33199952
22.1530359,0.109235451,-0.777816264,-9.33304698
22.1629929,0.0478840332,-0.799064804,-9.37793827
22.1729509,-0.0543184502,-0.810137987,-9.47176104
22.1829089,-0.100107557,-0.74938512,-9.56902549
22.1928659,-0.0917278511,-0.710778618,-9.75816742
22.2028239,-0.139761522,-0.722450351,-9.97319665
22.2127819,-0.1798644,-0.754323161,-10.0858738
22.2227389,-0.169539405,-0.749085844,-9.96825861
22.2326969,-0.0984615433,-0.717961223,-9.58847837
22.2426549,-0.0629974312,-0.751779321,-9.10095906
22.2526119,-0.0133177467,-0.758363376,-8.83415521
22.2625699,0.0600046791,-0.748188019,-8.96643485
22.2725279,0.0436941803,-0.782305392,-9.31149917
22.2824849,0.00164601364,-0.639251843,-9.69008231
22.2924429,-0.0423474419,-0.531812044,-10.0697129
22.3024009,-0.0818517693,-0.455047953,-10.3519294
22.3123579,-0.0640448944,-0.340126273,-10.6326496
22.3223159,-0.0833481453,-0.169689043,-10.8801502
22.3322739,-0.129735802,0.0275333191,-10.9935755
22.3422309,-0.195277073,0.0354641121,-10.8868839
22.3521889,-0.192134683,-0.207846632,-10.4936362
22.3621469,0.0137666595,-0.47958852,-10.0972462
22.3721039,0.31408933,-0.536450809,-10.0161426
22.3820619,0.424222607,-0.596605126,-9.98860933
22.3920199,0.522983425,-0.574309123,-9.88865141
22.4019769,0.646135173,-0.371400533,-9.87578257
22.4119349,0.843507172,0.145597388,-10.1422871
22.4218929,1.03309802,0.904559315,-10.7788455
22.4318499,1.05240127,1.55069449,-11.6040969
22.4418079,0.970998411,1.98419463,-12.4404215
22.4517659,0.855627818,2.19263981,-13.0262527
22.4617229,0.728435855,2.16361011,-13.261483
22.4716818,0.68504095,1.95725986,-12.9677444
22.4816398,0.884807151,1.68581724,-11.8536924
22.4915968,1.18049106,1.56520934,-10.4659533
22.5015548,1.28957687,1.43592245,-9.32332054
22.5115128,1.33581489,1.37068045,-8.56091695
22.5214698,1.16388128,1.33880764,-8.30503665
22.5314278,0.944063642,1.36948335,-8.67030204
22.5413858,0.672920304,1.29421563,-9.34681364
22.5513428,0.313191505,1.0254665,-9.94356841
22.5613008,0.134224931,0.820911894,-10.2411976
22.5712588,0.101603933,0.790385823,-10.2332668
22.5812158,0.131980367,0.815674578,-9.97828433
22.5911738,0.14050971,0.876427445,-9.56184288
22.6011318,0.170736506,0.882263312,-9.11801775
22.6110888,0.188094468,0.837372031,-8.80647226
22.6210468,0.197521637,0.757764825,-8.50330647
22.6310048,0.159962598,0.666186612,-8.34274532
22.6409618,0.0656909081,0.560542464,-8.29560948
22.6509198,-0.0362123001,0.434547601,-8.36578951
22.6608778,-0.09367314,0.31723172,-8.62017344
22.6708348,-0.100855745,0.268898774,-8.95670841
22.6807928,-0.144699563,0.123451023,-9.26406405
22.6907508,0.00748188019,0.218919814,-9.46248351
22.7007078,0.0523731613,0.375440748,-9.59401497
22.7106658,0.104447047,0.415842901,-9.64369465
22.7206238,0.239869079,0.498442858,-9.6920276
22.7305808,0.409558121,0.58014499,-9.81009166
22.7405388,0.478690694,0.641496407,-9.89957495
22.7504968,0.49769467,0.653766691,-10.0290115
22.7604538,0.536001897,0.629076486,-10.2003465
22.7704118,0.574159486,0.633116702,-10.395474
22.7803698,0.562338115,0.618152941,-10.5153337
22.7903268,0.524330164,0.52582654,-10.5355348
22.8002848,0.496497569,0.421828405,-10.5184761
22.8102428,0.436941803,0.351349094,-10.4436573
22.8201998,0.326060339,0.35030163,-10.319907
22.8301578,0.196324536,0.388010307,-10.0872205
22.8401158,0.2160767,0.425419707,-9.7939308
22.8500728,0.262763632,0.445770422,-9.48852045
22.8600308,0.29598318,0.450409187,-9.20435864
22.8699888,0.317082082,0.426916084,-9.11652137
22.8799458,0.306906725,0.436043977,-9.10125834
22.8899038,0.232087923,0.443825133,-9.22590646
22.8998618,0.218770177,0.42152913,-9.39589478
22.9098188,0.294935717,0.437989266,-9.50887117
22.9197768,0.373046546,0.392349797,-9.51964508
22.9297348,0.362422276,0.156221658,-9.33723684
22.9396918,0.38591538,-0.140958623,-9.02673881
22.9496498,0.48273091,-0.388010307,-8.77370162
22.9596078,0.548721093,-0.535702621,-8.63977597
22.9695648,0.542885226,-0.596605126,-8.64516292
22.9795228,0.502183798,-0.557400074,-8.82457841
22.9894808,0.425120432,-0.342370837,-9.1982235
22.9994378,0.370502707,-0.00643441696,-9.77387936
23.0093958,0.314238968,0.380977339,-10.364499
23.0193538,0.232536836,0.616806203,-10.8187988
23.0293108,0.201412215,0.650624301,-11.0468465
23.0392688,0.243310744,0.555903698,-11.0392149
23.0492268,0.284012172,0.419134928,-10.8240361
23.0591838,0.247799872,0.376488211,-10.4342301
23.0691418,0.206649531,0.476745406,-10.0372415
23.0790998,0.114023854,0.423324781,-9.77597429
23.0890568,0.0659901833,0.12554595,-9.61391677
23.0990148,0.154276369,-0.160261874,-9.62304466
23.1089728,0.198419463,-0.291494052,-9.73706851
23.1189298,0.136469495,-0.332345118,-9.92276878
23.1288878,0.00987608185,-0.327107802,-10.1219364
23.1388458,-0.0746691643,-0.2885013,-10.238953
23.1488028,-0.173729258,-0.301220496,-10.2625958
23.1587608,-0.239869079,-0.273387902,-10.1879266
23.1687188,-0.264858559,-0.138414783,-10.020931
23.1786758,-0.2709937,0.0243909294,-9.93294414
23.1886338,-0.300771584,0.20231004,-9.97095209
23.1985918,-0.36840778,0.339378085,-10.2362596
23.2085488,-0.380827702,0.401178416,-10.6087076
23.2185068,-0.323366862,0.317381358,-10.8196966
23.2284648,-0.261566531,0.0613514175,-10.8547118
23.2384218,-0.202758953,-0.173429983,-10.670059
23.2483798,-0.17298107,-0.291344415,-10.3713823
23.2583378,-0.165948103,-0.370353069,-9.9805289
23.2682948,-0.132279642,-0.421678767,-9.59715735
23.2782528,-0.105195235,-0.48018707,-9.26017347
23.2882108,-0.0766144531,-0.471208814,-9.05666633
23.2981678,-0.16175825,-0.444872596,-9.11337898
23.3081258,-0.223708218,-0.356287135,-9.28396585
23.3180838,-0.205901343,-0.187795193,-9.45245779
23.3280408,-0.231489373,-0.0971148048,-9.75113445
23.3379988,-0.295085355,-0.140360072,-10.1041296
23.3479558,-0.297180281,-0.255281752,-10.3332247
23.3579138,-0.261416894,-0.31349078,-10.3395095
23.3678718,-0.180762225,-0.223408942,-10.1695212
23.3778288,-0.131531454,-0.146195939,-9.86845033
23.3877868,-0.106392336,-0.22670097,-9.51111573
23.3977448,0.0447416435,-0.388758495,-9.23428617
23.4077018,0.225653506,-0.531812044,-9.22246479
23.4176598,0.414196887,-0.406266094,-9.48642553
23.4276178,0.473453378,-0.137516958,-9.92860465
23.4375748,0.400729503,0.112078565,-10.5714478
23.4475328,0.427813909,0.295833543,-11.3075152
23.4574908,0.423175143,0.363918652,-11.9163906
23.4674478,0.499939234,0.37903205,-12.1225912
23.477405,0.58702832,0.295085355,-11.9714572
23.487363,0.691026454,0.278176305,-11.563994
23.49732,0.857273832,0.410007034,-11.0199117
23.507278,0.817470229,0.592265636,-10.2917751
23.517236,0.856675282,0.663493135,-9.59476315
23.527193,0.9017162,0.519990673,-9.28396585
23.537151,0.811933638,0.322319398,-9.16275939
23.547109,0.767940182,0.133177467,-9.0812069
23.557066,0.852186153,0.00628477936,-8.99501564
23.567024,0.831835439,-0.177470198,-8.89071823
23.576982,0.78933836,-0.360028075,-8.82787043
23.586939,0.838718769,-0.4146458,-8.8548052
23.596897,0.891391206,-0.371999083,-8.76442409
23.606855,0.894683233,-0.289399126,-8.60700533
23.616812,0.89483287,-0.311395853,-8.48729525
23.62677,0.945560018,-0.31349078,-8.42953513
23.636728,0.905906053,-0.192583596,-8.47128402
23.646685,0.819864431,-0.0205003517,-8.62870278
23.656643,0.754023885,0.150086517,-8.91929901
23.666601,0.620846418,0.271741888,-9.32736076
23.676558,0.529717117,0.29852702,-9.77896704
23.686516,0.579396802,0.296881006,-10.0761473
23.696474,0.632967064,0.266055659,-10.192715
23.706431,0.660799658,0.212635035,-10.2691798
23.716389,0.690128629,0.115969143,-10.3164653
23.726347,0.709581517,0.0263362183,-10.2910269
23.736304,0.822707545,-0.077811554,-10.1955581
23.746262,0.879569835,-0.163104988,-10.0315553
23.75622,0.917727424,-0.22041619,-9.87712931
23.766177,0.873434693,-0.187047005,-9.76430256
23.776135,0.757315913,-0.0814028564,-9.78106197
23.786093,0.560991376,0.00823006821,-9.92965211
23.79605,0.442328757,0.061949968,-10.0294604
23.806008,0.298975932,0.10429741,-10.1374987
23.815966,0.180612588,0.103698859,-10.1523129
23.825923,0.198269825,0.0582090279,-10.0773444
23.835881,0.263362183,0.0671872841,-9.88835213
23.845839,0.337582434,0.112826753,-9.71327614
23.855796,0.362721552,0.101903208,-9.58234323
23.865754,0.379480963,0.0965162544,-9.52144073
23.875712,0.492606992,0.0927753143,-9.58039794
23.885669,0.553509496,0.0580593903,-9.68544354
23.895627,0.60947396,0.0314238968,-9.83163948
23.905585,0.650773939,0.0260369431,-9.91827965
23.915542,0.750432583,0.0987608185,-9.92396588
23.9255,0.800860455,0.142155724,-9.82146412
23.935458,0.834828191,0.120009358,-9.65327146
23.945415,0.901566563,0.0517746109,-9.53879869
23.955373,0.938826326,0.0103249947,-9.45200888
23.965331,0.93418756,-0.046088382,-9.27663361
23.975288,1.00287122,-0.0845452461,-9.1735333
23.985246,1.03788642,-0.0374094009,-9.14420433
23.995204,1.01933136,0.0362123001,-9.23503435
24.005161,0.93418756,0.0329202728,-9.42776759
24.015119,0.795623139,0.0194528885,-9.73392612
24.025077,0.724545277,0.118961895,-10.0293108
24.035034,0.63132105,0.312742592,-10.3975689
24.044992,0.415094713,0.504578,-10.750564
24.05495,0.228346983,0.703446375,-10.9884878
24.064907,0.149936879,0.857273832,-11.0799164
24.074865,0.12928689,0.94047234,-10.9956704
24.084823,0.224905318,0.938527051,-10.7643307
24.09478,0.353294382,0.866551363,-10.391733
24.104738,0.511311692,0.785298145,-9.94192239
24.114696,0.623390257,0.682796386,-9.58488707
24.124653,0.611568887,0.593762012,-9.41370165
24.134611,0.599597878,0.559046088,-9.40846434
24.144569,0.639551118,0.510563504,-9.48403133
24.154526,0.688632253,0.426167896,-9.55750339
24.164484,0.723797089,0.267402398,-9.54328782
24.174442,0.805798496,0.13302783,-9.51066682
24.184399,0.888398454,0.0601543167,-9.6128693
24.194357,0.896778159,0.086490535,-9.75278046
24.204315,0.848295576,0.150535429,-9.88999815
24.214272,0.815225665,0.21667525,-9.93578725
24.22423,0.725143828,0.228646259,-9.96017818
24.234188,0.719307961,0.222211842,-9.93967783
24.244145,0.786794521,0.27353754,-9.89628292
24.254103,0.797718066,0.288052387,-9.8989764
24.264061,0.781108292,0.270245512,-9.9093014
24.274018,0.706738403,0.21667525,-9.89598365
24.283976,0.699855073,0.0933738647,-9.87832641
24.293934,0.748786569,0.0164601364,-9.97304702
24.303891,0.754323161,-0.01436521,-10.0456213
24.313849,0.754323161,0.00134673843,-10.2111204
24.323807,0.736815561,0.0363619377,-10.4234562
24.333764,0.625934097,-0.0395043274,-10.6378869
24.343722,0.555305148,-0.077811554,-10.6589858
24.35368,0.487220038,-0.0748188019,-10.4684971
24.363637,0.363619377,-0.110432552,-10.1635357
24.373595,0.326209976,-0.148290865,-9.80739819
24.383553,0.333242944,-0.196623811,-9.54418564
24.39351,0.279223769,-0.276829567,-9.39275239
24.403468,0.350451268,-0.311096578,-9.32361982
24.413426,0.45459904,-0.3422212,-9.40921252
24.423383,0.510862779,-0.372447996,-9.59371569
24.433341,0.593163461,-0.399532402,-9.74724387
24.443299,0.71317282,-0.470759901,-9.74739351
24.453256,0.796969878,-0.55455696,-9.67167688
24.463214,0.789637635,-0.560392826,-9.57815338
24.4731713,0.767042357,-0.483628735,-9.42387701
24.4831293,0.794575676,-0.405368269,-9.33678792
24.4930873,0.833631091,-0.353593658,-9.33439372
24.5030443,0.874332519,-0.277577755,-9.46891793
24.5130023,0.887799903,-0.153677819,-9.73856489
24.5229603,0.846350287,-0.0116717331,-10.0641763
24.5329173,0.771980398,0.0255880302,-10.3028483
24.5428753,0.753574973,-0.0787093796,-10.3342722
24.5528333,0.819265881,-0.144101012,-10.1891237
24.5627903,0.959925228,-0.0689829353,-9.9467108
24.5727483,1.04222591,0.0410007034,-9.76909096
24.5827063,0.964863269,0.0772130035,-9.78270798
24.5926633,0.895281783,-0.0650923576,-9.90975031
24.6026213,0.865054987,-0.332494756,-9.97304702
24.6125793,0.826598123,-0.545279428,-9.86426048
24.6225363,0.749235482,-0.661398209,-9.56184288
24.6324943,0.672321754,-0.733074621,-9.23428617
24.6424523,0.629675037,-0.734271722,-9.07148045
24.6524093,0.553060583,-0.65316814,-9.09886413
24.6623673,0.360476987,-0.685340225,-9.61915408
24.6723253,0.407313557,-0.61635729,-10.35582
24.6822823,0.599448241,-0.400430228,-10.6975923
24.6922403,0.679653996,-0.311695129,-10.608109
24.7021983,0.725293465,-0.293140066,-10.2581067
24.7121553,0.868795927,-0.153528181,-9.87458547
24.7221133,0.931942996,-0.134673843,-9.6395048
24.7320713,1.05943423,-0.196174899,-9.58114613
24.7420283,1.21939683,-0.26665421,-9.50722515
24.7519863,1.30888012,-0.347159241,-9.48852045
24.7619443,1.31366852,-0.426766446,-9.51470704
24.7719013,1.26877724,-0.475997218,-9.53311246
24.7818593,1.18273562,-0.571466009,-9.62513959
24.7918173,1.20248778,-0.63132105,-9.61870517
24.8017743,1.27610948,-0.725592741,-9.44362917
24.8117323,1.27850369,-0.791283649,-9.19178909
24.8216903,1.28389064,-0.744447079,-8.94324103
24.8316473,1.34434423,-0.759410839,-8.7612817
24.8416053,1.39372464,-0.852335791,-8.60895062
24.8515633,1.40285254,-0.957381389,-8.62585967
24.8615203,1.40000942,-1.03115273,-8.84507876
24.8714783,1.32938047,-1.10342769,-9.24371333
24.8814363,1.24707979,-1.06901104,-9.61436568
24.8913933,1.08771574,-0.960823054,-10.0216792
24.9013513,0.899770911,-0.774075324,-10.4222591
24.9113093,0.799064804,-0.552910946,-10.6618289
24.9212663,0.702698187,-0.363769015,-10.6874169
24.9312243,0.68130001,-0.308702377,-10.5853641
24.9411823,0.712723907,-0.398784214,-10.3655465
24.9511393,0.816572404,-0.470161351,-10.1078705
24.9610973,0.877474908,-0.471208814,-9.80440544
24.9710553,0.858919846,-0.419583841,-9.67347253
24.9810123,0.776319888,-0.388010307,-9.75008699
24.9909703,0.710180067,-0.360476987,-9.96272202
25.0009283,0.660650021,-0.330699104,-10.1822404
25.0108853,0.657657269,-0.299424845,-10.2892313
25.0208433,0.768987646,-0.295234992,-10.3484878
25.0308013,0.886004252,-0.315585706,-10.3365168
25.0407583,0.8830115,-0.408510658,-10.2663367
25.0507163,0.799214442,-0.520140311,-10.210073
25.0606733,0.735768098,-0.620846418,-10.1080201
25.0706313,0.651821402,-0.695216307,-10.0658223
25.0805893,0.572962385,-0.712274994,-9.98157636
25.0905463,0.57011927,-0.574758036,-9.98247418
25.1005043,0.433649776,-0.539443562,-10.0689647
25.1104623,0.34910453,-0.499191046,-10.2192009
25.1204193,0.301819047,-0.460285269,-10.3700356
25.1303773,0.226252057,-0.443825133,-10.486304
25.1403353,0.149936879,-0.429759198,-10.5213192
25.1502923,0.0834977829,-0.434397964,-10.4493435
25.1602503,0.0426467171,-0.464774397,-10.2904284
25.1702083,0.015861586,-0.480336708,-10.0010292
25.1801653,0.0103249947,-0.506972202,-9.6980131
25.1901233,0.0297778831,-0.538994649,-9.46128641
25.2000813,0.0410007034,-0.567575431,-9.23668037
25.2100383,0.0616506927,-0.5582979,-9.049783
25.2199963,0.0752677147,-0.569670358,-8.91331351
25.2299543,0.0831985077,-0.626233372,-8.93171893
25.2399113,0.0604535919,-0.740706139,-8.99651201
25.2498693,0.0817021317,-0.832733265,-9.02419497
25.2598273,0.103998135,-0.886004252,-9.04723916
25.2697843,0.125246674,-0.928950244,-9.05876126
25.2797423,0.178368024,-0.931494083,-9.14929201
25.2897003,0.193930334,-0.913238296,-9.3629745
25.2996573,0.111629652,-0.837372031,-9.59012439
25.3096153,0.0870890854,-0.804451758,-9.74559786
25.3195733,0.127191963,-0.787542709,-9.78255835
25.3295303,0.18360534,-0.849343039,-9.7879453
25.3394883,0.258873055,-0.938078138,-9.78734675
25.3494463,0.306906725,-0.960374141,-9.78510219
25.3594033,0.311695129,-0.916231048,-9.77372973
25.3693613,0.315436069,-0.906953516,-9.78390508
25.3793193,0.315136794,-0.894084682,-9.84809962
25.3892763,0.221014741,-0.90800098,-9.91693291
25.3992343,0.207397719,-0.940921252,-9.93863037
25.4091923,0.214729961,-1.01214875,-9.99773722
25.4191493,0.148440503,-1.01933136,-10.0801875
25.4291073,0.0504278725,-0.979527754,-10.0926075
25.4390653,-0.0199018013,-0.950797334,-10.0670194
25.4490223,-0.07930793,-0.924910029,-10.0330517
25.4589803,-0.0888847366,-0.892737944,-9.94401732
25.4689383,-0.0454898315,-0.850240865,-9.8356797
25.478895,0.0682347473,-0.75372461,-9.79423008
25.488853,0.142903912,-0.640448944,-9.80709891
25.498811,0.072873513,-0.616806203,-9.87638112
25.508768,0.0344166489,-0.55889645,-9.97289738
25.518726,0.0248398422,-0.480336708,-10.014347
25.528684,0.0576104774,-0.431704487,-10.0299093
25.538641,0.0942716904,-0.429908836,-10.0097082
25.548599,0.106541974,-0.452653751,-9.97155064
25.558556,0.150535429,-0.434248326,-9.91079777
25.568514,0.175824184,-0.463278021,-9.82281086
25.578472,0.135870944,-0.530914218,-9.73138229
25.588429,0.121505734,-0.532410594,-9.6267856
25.598387,0.088735099,-0.571765284,-9.59670844
25.608345,0.0448912811,-0.569819995,-9.49899509
25.618302,0.0300771584,-0.503380899,-9.44602337
25.62826,0.0496796844,-0.51580082,-9.50677624
25.638218,0.110282914,-0.550217469,-9.72285294
25.648175,0.137217683,-0.530315668,-9.98875896
25.658133,0.0986111809,-0.553509496,-10.2072299
25.668091,0.109534726,-0.624587358,-10.2829465
25.678048,0.144549925,-0.6307225,-10.1949596
25.688006,0.126294138,-0.648978288,-10.0673187
25.697964,0.146644852,-0.694019206,-9.8766804
25.707921,0.187795193,-0.741304689,-9.70893664
25.717879,0.250343711,-0.720953975,-9.56887585
25.727837,0.290296951,-0.717811585,-9.53879869
25.737794,0.259321967,-0.723198539,-9.6327711
25.747752,0.246303496,-0.679803634,-9.76759459
25.75771,0.247201321,-0.665139149,-9.90331589
25.767667,0.246303496,-0.705242027,-10.0248216
25.777625,0.261416894,-0.718709411,-10.053552
25.787583,0.251540812,-0.735169547,-9.99758758
25.79754,0.257975229,-0.746392368,-9.88087025
25.807498,0.228646259,-0.755220986,-9.8253547
25.817456,0.174477446,-0.739957951,-9.79063878
25.827413,0.116118781,-0.680252547,-9.74529858
25.837371,0.101005383,-0.646284811,-9.75816742
25.847329,0.102052846,-0.656460168,-9.8205663
25.857286,0.0876876358,-0.67067574,-9.8651583
25.867244,0.153977094,-0.637306554,-9.90241807
25.877202,0.196923087,-0.644489159,-9.89807858
25.887159,0.217573076,-0.688931528,-9.86830069
25.897117,0.288202025,-0.726191291,-9.84031846
25.907075,0.352995107,-0.74310034,-9.74514894
25.917032,0.355090034,-0.752377872,-9.58862801
25.92699,0.343268663,-0.746093092,-9.4246252
25.936947,0.332345118,-0.738311937,-9.39574514
25.946905,0.343418301,-0.644938072,-9.37958428
25.956863,0.274884278,-0.58448448,-9.45979003
25.96682,0.186747729,-0.593313099,-9.58428852
25.976778,0.159962598,-0.607079758,-9.67975731
25.986736,0.172083244,-0.610820699,-9.75457611
25.996693,0.210390471,-0.597203677,-9.9140898
26.006651,0.19108722,-0.638952568,-10.0745013
26.016609,0.196923087,-0.598550415,-10.1635357
26.026566,0.199466926,-0.537947186,-10.2130657
26.036524,0.181360776,-0.551713845,-10.0905125
26.046482,0.183904615,-0.640299306,-9.89733039
26.056439,0.168043029,-0.714968471,-9.76086089
26.066397,0.0796072052,-0.68818334,-9.729437
26.076355,-0.0311246216,-0.657357993,-9.74125837
26.086312,-0.07930793,-0.648529375,-9.70504607
26.09627,-0.0339677361,-0.650474664,-9.56154361
26.106228,0.046088382,-0.664241323,-9.43809258
26.116185,0.0790086548,-0.638653293,-9.41295346
26.126143,0.096665892,-0.543334139,-9.52398457
26.136101,0.153977094,-0.502483073,-9.77432828
26.146058,0.20231004,-0.55201312,-10.0557966
26.156016,0.226401694,-0.620397505,-10.2540664
26.165974,0.268599499,-0.665737699,-10.2557124
26.175931,0.294037891,-0.699855073,-10.2027407
26.185889,0.297479556,-0.697610509,-10.1077209
26.195847,0.242712193,-0.683993487,-9.9327945
26.205804,0.225204594,-0.684592037,-9.79228479
26.215762,0.236726689,-0.701052174,-9.68843629
26.22572,0.222660754,-0.739060125,-9.66943232
26.235677,0.188842656,-0.731428607,-9.67062942
26.245635,0.174327808,-0.71691376,-9.72405004
26.255593,0.209043732,-0.723647452,-9.71118121
26.26555,0.221164378,-0.735169547,-9.69546926
26.275508,0.222511117,-0.741603964,-9.73736779
26.285465,0.228346983,-0.729333681,-9.75711995
26.295423,0.238821616,-0.718859048,-9.74664532
26.305381,0.242712193,-0.700902536,-9.79078841
26.315338,0.205901343,-0.711377168,-9.87817677
26.325296,0.159812961,-0.694617757,-9.87383728
26.335254,0.168192667,-0.584185205,-9.79318262
26.345211,-0.00433949051,-0.789039085,-9.86007062
26.355169,0.0881365486,-0.763002142,-9.84226375
26.365127,0.20171149,-0.643740971,-9.84914708
26.375084,0.199766201,-0.702249274,-9.79423008
26.385042,0.159962598,-0.704643476,-9.78869349
26.395,0.226102419,-0.601094254,-9.83538042
26.404957,0.241964005,-0.53330842,-9.88520974
26.414915,0.238372703,-0.558447537,-9.95673652
26.424873,0.26351182,-0.595856938,-9.97394484
26.43483,0.309450565,-0.629226124,-9.95075101
26.444788,0.309450565,-0.680102909,-9.96451767
26.454746,0.309300927,-0.698209059,-9.90960067
26.464703,0.302118322,-0.75312606,-9.88296518
26.474661,0.290296951,-0.766892719,-9.79901848
26.484619,0.253486101,-0.772279673,-9.74499931
26.494576,0.243909294,-0.829590875,-9.73811598
26.504534,0.224606043,-0.86176296,-9.76953987
26.514492,0.195426711,-0.844105723,-9.79018986
26.524449,0.134524206,-0.792780025,-9.82954455
26.534407,0.111629652,-0.685190588,-9.81637644
26.544365,0.113874216,-0.6494272,-9.84600469
26.554322,0.100855745,-0.602740268,-9.86845033
26.56428,0.0899321999,-0.618003304,-9.97678796
26.574238,0.0692822105,-0.686986239,-10.0138981
26.584195,0.0923264015,-0.7031471,-10.0047702
26.594153,0.0956184288,-0.686836601,-9.93234559
26.60411,0.120607909,-0.658704732,-9.78974095
26.614068,0.15921441,-0.641646045,-9.6116722
26.624026,0.149787241,-0.641646045,-9.52937152
26.633983,0.117465519,-0.616656565,-9.56528455
26.643941,0.0947206032,-0.571765284,-9.61810662
26.653899,0.086490535,-0.58822542,-9.64384429
26.663856,0.0897825623,-0.634613078,-9.68858593
26.673814,0.109085813,-0.640299306,-9.73856489
26.683772,0.107739075,-0.632667789,-9.78614965
26.693729,0.0746691643,-0.634762715,-9.79063878
26.703687,0.0594061287,-0.640448944,-9.76116017
26.713645,0.054767363,-0.664839874,-9.83433296
26.723602,0.0356137497,-0.71751231,-9.85842461
26.73356,0.0432452675,-0.661697484,-9.85199019
26.743518,0.0858919846,-0.627280835,-9.9339916
26.753475,0.111480015,-0.565929417,-10.0019271
26.763433,0.0131681091,-0.661098933,-10.0504097
26.773391,0.0546177254,-0.789188722,-9.91753146
26.783348,0.19048867,-0.725892016,-9.83044238
26.793306,0.176871648,-0.751031133,-9.7119294
26.803264,0.15173253,-0.738311937,-9.66000515
26.813221,0.170137955,-0.715866296,-9.73242975
26.823179,0.189590844,-0.736067373,-9.7330283
26.833137,0.239869079,-0.741304689,-9.75382793
26.843094,0.18420389,-0.748786569,-9.82879637
26.853052,0.158915135,-0.714669196,-9.9128927
26.86301,0.213383223,-0.697610509,-9.95598833
26.872967,0.197521637,-0.667084438,-9.96272202
26.882925,0.156520934,-0.644189884,-9.95254666
26.892882,0.13362638,-0.681000735,-9.89284126
26.90284,0.185251353,-0.696563046,-9.75936452
26.912798,0.218171626,-0.678007983,-9.68783774
26.922755,0.179565125,-0.615609102,-9.69786346
26.932713,0.156969846,-0.597054039,-9.77343045
26.942671,0.178667299,-0.610072511,-9.89329017
26.952628,0.15861586,-0.650175388,-9.98097781
26.962586,0.126443775,-0.639251843,-9.99459483
26.972544,0.124049574,-0.624288083,-9.93384196
26.982501,0.102352121,-0.615010551,-9.8730891
26.992459,0.0788590172,-0.597652589,-9.82370869
27.002417,0.13302783,-0.622492432,-9.7051957
27.012374,0.151433255,-0.662744947,-9.63576386
27.022332,0.154725282,-0.643740971,-9.59027402
27.03229,0.146345576,-0.577750788,-9.60942764
27.042247,0.0884358238,-0.578199701,-9.67287398
27.052205,0.125396312,-0.589572159,-9.83163948
27.062163,0.136469495,-0.593612374,-9.92815573
27.07212,0.112826753,-0.59825114,-9.94955391
27.082078,0.0905307503,-0.587327595,-10.0216792
27.092036,0.080804306,-0.603338818,-9.96317093
27.101993,0.0983119057,-0.662894585,-9.92665936
27.111951,0.153528181,-0.704344201,-9.90915176
27.121909,0.133327105,-0.74250179,-9.79632501
27.131866,0.134075293,-0.653018503,-9.78375545
27.141824,0.117315881,-0.623689532,-9.73946272
27.151782,0.138115508,-0.604386282,-9.69397288
27.161739,0.156969846,-0.653317778,-9.69861165
27.171697,0.168491942,-0.690278266,-9.76520038
27.181654,0.150535429,-0.69880761,-9.79048914
27.191612,0.132878192,-0.669329002,-9.80859529
27.20157,0.139761522,-0.623390257,-9.81637644
27.211527,0.136170219,-0.604984832,-9.77956559
27.221485,0.128837977,-0.601543167,-9.82086557
27.231443,0.148141228,-0.619050767,-9.82849709
27.2414,0.160112236,-0.637306554,-9.81158804
27.251358,0.146345576,-0.632967064,-9.80410616
27.261316,0.116567693,-0.597353314,-9.81562826
27.271273,0.106541974,-0.564133766,-9.8404681
27.281231,0.0833481453,-0.556053336,-9.89912604
27.291189,0.0945709656,-0.586280132,-9.95060137
27.301146,0.119710083,-0.577451513,-9.93548798
27.311104,0.114772042,-0.60513447,-9.86291374
27.321062,0.0773626411,-0.610222148,-9.76415292
27.331019,0.106541974,-0.623539895,-9.7565214
27.340977,0.129586165,-0.594061287,-9.73018518
27.350935,0.112976391,-0.615758739,-9.69367361
27.360892,0.156520934,-0.695515582,-9.6514758
27.37085,0.16983868,-0.723946727,-9.5682773
27.380808,0.167145203,-0.721402888,-9.52802478
27.390765,0.0677858345,-0.697610509,-9.57411316
27.400723,0.0375590385,-0.623390257,-9.69846201
27.410681,0.0203507141,-0.594061287,-9.83777462
27.420638,-0.000299275208,-0.61949968,-9.92740755
27.430596,-0.00733224258,-0.619649317,-9.95164884
27.440553,-0.0038905777,-0.609324323,-9.90122097
27.450511,-0.00718260498,-0.593313099,-9.83957027
27.460469,0.00433949051,-0.578199701,-9.81248587
27.470426,0.0122702835,-0.566079055,-9.81592753
27.4803843,0.0103249947,-0.527921466,-9.8730891
27.4903423,0.00194528885,-0.513107343,-9.92815573
27.5002993,0.0131681091,-0.544082327,-9.92516298
27.5102573,0.0851437965,-0.627729748,-9.89643256
27.5202153,0.155024557,-0.626532647,-9.80679964
27.5301723,0.160710786,-0.562787028,-9.71537106
27.5401303,0.105344873,-0.552761308,-9.67227543
27.5500883,0.0899321999,-0.539593199,-9.67915876
27.5600453,0.119111533,-0.5232827,-9.70325042
27.5700033,0.120308633,-0.570867458,-9.83508114
27.5799613,0.151283617,-0.609025047,-9.98636476
27.5899183,0.182707514,-0.657357993,-10.064326
27.5998763,0.191835408,-0.726640204,-10.034997
27.6098343,0.175824184,-0.746392368,-9.90496191
27.6197913,0.148440503,-0.698657972,-9.80455507
27.6297493,0.119111533,-0.642992783,-9.7577185
27.6397073,0.0817021317,-0.622193156,-9.73602105
27.6496643,0.0730231506,-0.583437017,-9.80350761
27.6596223,0.0830488701,-0.550666382,-9.85902316
27.6695803,0.128688339,-0.582389554,-9.92306806
27.6795373,0.157568397,-0.613514175,-10.0933556
27.6894953,0.165648827,-0.597054039,-10.2099233
27.6994523,0.111480015,-0.595557663,-10.144831
27.7094103,0.0812532188,-0.610222148,-10.0909614
27.7193683,0.17732056,-0.481683447,-9.82954455
27.7293253,0.11866262,-0.516997921,-9.70504607
27.7392833,0.160710786,-0.570268908,-9.57830302
27.7492413,0.176273097,-0.488566776,-9.52832406
27.7591983,0.117615157,-0.55141457,-9.63845733
27.7691563,0.0954687912,-0.590320347,-9.83089129
27.7791143,0.117914432,-0.560841739,-9.96167456
27.7890713,0.10055647,-0.574758036,-9.9562876
27.7990293,0.129137252,-0.568024344,-9.81577789
27.8089873,0.115220955,-0.556053336,-9.72449896
27.8189443,0.130035078,-0.56577978,-9.60000047
27.8289023,0.115969143,-0.568622894,-9.58982511
27.8388603,0.109235451,-0.570268908,-9.6208001
27.8488173,0.119410808,-0.57386021,-9.71806454
27.8587753,0.134374568,-0.596754764,-9.84570541
27.8687333,0.134973119,-0.616656565,-9.89284126
27.8786903,0.157568397,-0.573411298,-9.93369233
27.8886483,0.134823481,-0.573411298,-9.97753614
27.8986063,0.117166244,-0.587926145,-9.94581297
27.9085633,0.169689043,-0.61635729,-9.88640684
27.9185213,0.170437231,-0.629974312,-9.81996775
27.9284783,0.156820209,-0.59136781,-9.77358009
27.9384363,0.149787241,-0.585232668,-9.78166052
27.9483943,0.137816233,-0.550965657,-9.78989059
27.9583513,0.151882168,-0.552312395,-9.74036054
27.9683093,0.182707514,-0.630423225,-9.73557214
27.9782673,0.195576348,-0.648379737,-9.70908628
27.9882243,0.212784673,-0.65316814,-9.70175404
27.9981823,0.202908591,-0.70000471,-9.76669676
28.0081403,0.193481422,-0.695515582,-9.83732571
28.0180973,0.185101716,-0.672321754,-9.80605145
28.0280553,0.170736506,-0.651522127,-9.69292542
28.0380133,0.143203187,-0.613364538,-9.65880805
28.0479703,0.190638307,-0.584933393,-9.63995371
28.0579283,0.211886847,-0.610820699,-9.68843629
28.0678863,0.161907887,-0.660949296,-9.82355905
28.0778433,0.160112236,-0.618901129,-9.96032782
28.0878013,0.185700266,-0.583287379,-10.0390372
28.0977593,0.198718738,-0.590170709,-10.0340992
28.1077163,0.201412215,-0.60139353,-10.0032738
28.1176743,0.167294841,-0.610371786,-9.97529158
28.1276313,0.121954647,-0.603338818,-10.0421796
28.1375893,0.0984615433,-0.617255116,-9.94955391
28.1475473,0.130783266,-0.643591334,-9.80320834
28.1575043,0.136319857,-0.630123949,-9.71746599
28.1674623,0.107739075,-0.610970336,-9.70444752
28.1774203,0.108187988,-0.623090982,-9.79063878
28.1873773,0.100406832,-0.608725772,-9.82026702
28.1973353,0.110282914,-0.601543167,-9.82744963
28.2072933,0.152181443,-0.625485184,-9.88685576
28.2172503,0.16549919,-0.59884969,-9.87712931
28.2272083,0.156820209,-0.566527968,-9.89927568
28.2371663,0.145447751,-0.611269611,-9.92022494
28.2471233,0.154276369,-0.616506927,-9.83119057
28.2570813,0.139162971,-0.625036271,-9.7481417
28.2670393,0.153528181,-0.617105478,-9.67392145
28.2769963,0.19168577,-0.560392826,-9.6128693
28.2869543,0.1798644,-0.54138885,-9.60897873
28.2969123,0.167893391,-0.522384875,-9.66599065
28.3068693,0.174327808,-0.545578703,-9.77821886
28.3168273,0.167294841,-0.578498976,-9.90765538
28.3267853,0.133476743,-0.60573302,-9.97798506
28.3367423,0.144998838,-0.64882865,-9.9399771
28.3467003,0.14110826,-0.64882865,-9.84615433
28.3566573,0.149188691,-0.634762715,-9.77223335
28.3666153,0.13362638,-0.612317075,-9.70549498
28.3765733,0.105195235,-0.547972905,-9.77028806
28.3865303,0.0921767639,-0.553808772,-9.90002386
28.3964883,0.0643441696,-0.593163461,-9.96556514
28.4064463,0.057011927,-0.560093551,-9.98441947
28.4164033,0.0845452461,-0.597802227,-9.9315974
28.4263613,0.0725742378,-0.610671061,-9.84091701
28.4363193,0.0582090279,-0.571316371,-9.76953987
28.4462763,0.0911293007,-0.546476529,-9.76789386
28.4562343,0.105644148,-0.53764791,-9.79258407
28.4661923,0.16295535,-0.554856235,-9.79258407
28.4761492,0.228795896,-0.64508771,-9.76579893
28.4861072,0.25288755,-0.687584789,-9.74844097
28.4960652,0.207098444,-0.680551822,-9.73826562
28.5060222,0.123899936,-0.662744947,-9.72569606
28.5159802,0.030226796,-0.588674333,-9.74619641
28.5259382,-0.0233434662,-0.525676902,-9.77253263
28.5358952,-0.0374094009,-0.542137038,-9.80605145
28.5458532,0.0157119484,-0.645985535,-9.89269162
28.5558102,0.0935235023,-0.704793114,-9.94686043
28.5657682,0.110432552,-0.670526102,-9.97828433
28.5757262,0.0688332977,-0.643740971,-10.0141974
28.5856832,0.0136170219,-0.642543871,-10.0179383
28.5956412,0.0644938072,-0.631021775,-9.97858361
28.6055992,0.094421328,-0.662296034,-9.92396588
28.6155562,0.106392336,-0.655562342,-9.84016882
28.6255142,0.0715267746,-0.617554391,-9.80380689
28.6354722,-0.00149637604,-0.564433041,-9.78659856
28.6454292,-0.061949968,-0.531662406,-9.80769746
28.6553872,-0.0107739075,-0.525676902,-9.81413188
28.6653452,0.0240916542,-0.597502952,-9.82011738
28.6753022,0.0368108505,-0.596455489,-9.84794998
28.6852602,0.0550666382,-0.586130494,-9.88191771
28.6952182,0.0818517693,-0.617255116,-9.99399628
28.7051752,0.109235451,-0.596904401,-10.009409
28.7151332,0.137965871,-0.643292059,-9.90241807
28.7250902,0.144549925,-0.674865593,-9.75547394
28.7350482,0.159513686,-0.630872137,-9.59685808
28.7450062,0.185101716,-0.594210925,-9.44946504
28.7549632,0.204404967,-0.569221445,-9.37494551
28.7649212,0.265008196,-0.64882865,-9.35564226
28.7748792,0.25602994,-0.664540598,-9.48208604
28.7848362,0.227898071,-0.6132149,-9.61915408
28.7947942,0.253336463,-0.584634118,-9.76879169
28.8047522,0.179265849,-0.640897857,-9.90316625
28.8147092,0.0148141228,-0.51265843,-9.86291374
28.8246672,0.0436941803,-0.50143561,-9.96825861
28.8346252,0.100855745,-0.580893178,-10.0037227
28.8445822,0.149487966,-0.577601151,-9.92650972
28.8545402,0.153079269,-0.551863483,-9.79692356
28.8644982,0.136918407,-0.523881251,-9.74559786
28.8744552,0.0742202515,-0.523581976,-9.87234091
28.8844132,0.105195235,-0.586130494,-10.0076133
28.8943712,0.156520934,-0.619350042,-9.98920788
28.9043282,0.143203187,-0.618452216,-9.85647932
28.9142862,0.150685067,-0.665737699,-9.80320834
28.9242442,0.142155724,-0.617404753,-9.75143372
28.9342012,0.0796072052,-0.541837763,-9.70938556
28.9441592,0.0769137283,-0.559046088,-9.72689316
28.9541162,0.0957680664,-0.585831219,-9.82385832
28.9640742,0.0950198784,-0.574907674,-9.97244846
28.9740322,0.0703296738,-0.60199208,-10.04203
28.9839892,0.0861912598,-0.648080462,-9.98741223
28.9939472,0.108187988,-0.643441696,-9.91214451
29.0039052,0.0733224258,-0.569221445,-9.84989527
29.0138622,0.0407014282,-0.517596471,-9.8313402
29.0238202,0.0478840332,-0.514454082,-9.86441012
29.0337782,0.0330699104,-0.564582679,-9.87712931
29.0437352,0.0508767853,-0.595408025,-9.93578725
29.0536932,0.0541688126,-0.610222148,-9.9853173
29.0636512,0.0127191963,-0.601842442,-10.0258691
29.0736082,-0.0320224472,-0.608127222,-10.00073
29.0835662,-0.00194528885,-0.587177957,-9.91154596
29.0935232,0.080056118,-0.555903698,-9.79827029
29.1034812,0.133476743,-0.606181933,-9.67197616
29.1134392,0.114622404,-0.648679012,-9.62139865
29.1233962,0.113425304,-0.721702163,-9.64040262
29.1333542,0.123301385,-0.726041653,-9.64204864
29.1433122,0.110582189,-0.641795683,-9.67018051
29.1532692,0.0797568428,-0.621295331,-9.71297686
29.1632272,0.132429279,-0.62698156,-9.76175872
29.1731852,0.17238252,-0.600645341,-9.86351229
29.1831422,0.145298113,-0.61261635,-9.91214451
29.1931002,0.116118781,-0.635211628,-9.96242275
29.2030582,0.094421328,-0.656460168,-9.94296986
29.2130152,0.103998135,-0.635211628,-9.839271
29.2229732,0.120158996,-0.609174685,-9.83238767
29.2329312,0.151882168,-0.57266311,-9.76669676
29.2428882,0.163553901,-0.581192453,-9.65611457
29.2528462,0.200514389,-0.633715252,-9.66748703
29.2628042,0.193331784,-0.633116702,-9.73961235
29.2727612,0.172831432,-0.61949968,-9.84435868
29.2827192,0.113425304,-0.665139149,-9.96960535
29.2926762,0.106242699,-0.662595309,-10.0014782
29.3026342,0.141407536,-0.673069942,-9.95987891
29.3125922,0.142454999,-0.670526102,-9.87293946
29.3225492,0.115220955,-0.617853666,-9.81428152
29.3325072,0.106990887,-0.552761308,-9.79303298
29.3424652,0.121206459,-0.54138885,-9.85782606
29.3524222,0.144400288,-0.57386021,-9.94311949
29.3623802,0.137516958,-0.568024344,-9.96751042
29.3723382,0.148290865,-0.614262363,-9.87862569
29.3822952,0.0809539436,-0.571017096,-9.81458079
29.3922532,0.0945709656,-0.632069238,-9.71267758
29.4022112,0.117465519,-0.653018503,-9.64040262
29.4121682,0.0677858345,-0.590021072,-9.62947908
29.4221262,0.0383072266,-0.528819292,-9.70788918
29.4320842,0.0971148048,-0.593462737,-9.70354969
29.4420412,0.182707514,-0.607229396,-9.69756419
29.4519992,0.200514389,-0.653018503,-9.74395184
29.4619562,0.218470901,-0.683694212,-9.81622681
29.4719142,0.220565828,-0.737863024,-9.87982279
29.4818717,0.18734628,-0.769137283,-9.98501802
29.4918287,0.204704242,-0.795772777,-10.0125513
29.5017867,0.191536133,-0.805648859,-9.94835681
29.5117447,0.180612588,-0.750881496,-9.90660792
29.5217017,0.170886143,-0.748487294,-9.9399771
29.5316597,0.0670376465,-0.625335546,-9.90915176
29.5416177,-0.30286651,-0.399831677,-9.5706715
29.5515747,-0.124648124,-0.418087465,-9.5857849
29.5615327,0.343119025,-0.582539191,-10.122535
29.5714907,0.268898774,-0.839466957,-10.1195422
29.5814477,0.0870890854,-0.835277104,-9.82849709
29.5914057,0.0356137497,-0.692223555,-9.63965443
29.6013637,0.049081134,-0.619798955,-9.55600701
29.6113207,0.0167594116,-0.564283404,-9.53386065
29.6212787,0.0131681091,-0.577301875,-9.55002151
29.6312367,0.00224456406,-0.626233372,-9.64174936
29.6411937,0.0228945534,-0.622492432,-9.67736311
29.6511517,0.00718260498,-0.653018503,-9.65162544
29.6611087,0.0550666382,-0.665438424,-9.69516999
29.6710667,0.0977133553,-0.707636228,-9.77881741
29.6810247,0.142903912,-0.694318481,-9.83298622
29.6909817,0.176871648,-0.650624301,-9.91244379
29.7009397,0.143352824,-0.640149669,-10.0526542
29.7108977,0.100706107,-0.632967064,-10.0783919
29.7208547,0.0963666168,-0.599897153,-10.0661216
29.7308127,0.120607909,-0.615160189,-9.91199487
29.7407707,0.130184715,-0.657058718,-9.77028806
29.7507277,0.15547347,-0.674267043,-9.69247651
29.7606857,0.195875623,-0.673668492,-9.65357073
29.7706437,0.151433255,-0.716614484,-9.72195512
29.7806007,0.119410808,-0.736366648,-9.8464536
29.7905587,0.130633628,-0.709880792,-9.95928036
29.8005167,0.0610521423,-0.714220283,-10.0228763
29.8104737,0.0146644852,-0.666036974,-9.98232455
29.8204317,-0.00628477936,-0.583437017,-9.82116485
29.8303887,0.0234931038,-0.565480505,-9.70893664
29.8403467,0.0658405457,-0.570717821,-9.67077906
29.8503047,0.0806546684,-0.57640405,-9.67661492
29.8602617,0.0836474205,-0.579097527,-9.77986487
29.8702197,0.0372597633,-0.595707301,-9.90451299
29.8801777,0.00763151779,-0.628328298,-10.0254202
29.8901347,-0.0170586868,-0.644489159,-10.045322
29.9000927,-0.0362123001,-0.692822105,-10.0116535
29.9100507,-0.00598550415,-0.699256522,-9.90316625
29.9200077,0.0291793327,-0.658555094,-9.67856021
29.9299657,-0.0113724579,-0.637755467,-9.50677624
29.9399237,-0.0818517693,-0.652120677,-9.46757119
29.9498807,-0.125396312,-0.644638797,-9.50737479
29.9598387,-0.13362638,-0.651671764,-9.65132617
29.9697967,-0.0686836601,-0.580893178,-9.6570124
29.9797537,-0.0837970581,-0.674267043,-9.7457475
29.9897117,0.0203507141,-0.842010796,-9.88820249
29.9996687,0.130184715,-0.830339063,-9.87293946
30.0096267,0.113275666,-0.813130739,-9.79213515
30.0195847,0.0206499893,-0.743549253,-9.74305402
30.0295417,-0.0487818588,-0.630273587,-9.80365725
30.0394997,-0.0674865593,-0.578798251,-9.8766804
30.0494577,-0.0903811127,-0.567425793,-9.83313586
30.0594147,-0.0576104774,-0.587177957,-9.77672248
30.0693727,-0.0106242699,-0.645835898,-9.76415292
30.0793307,0.0493804092,-0.649127925,-9.76759459
30.0892877,0.0595557663,-0.650325026,-9.82490579
30.0992457,0.0561141014,-0.638503655,-9.83747535
30.1092037,0.0848445213,-0.609623598,-9.90436336
30.1191607,0.0984615433,-0.622043519,-9.98606549
30.1291187,0.123600661,-0.651372489,-10.0430774
30.1390757,0.123750298,-0.701501086,-9.97798506
30.1490337,0.134673843,-0.697311234,-9.7951279
30.1589917,0.180313313,-0.701351449,-9.66599065
30.1689487,0.184054253,-0.68070146,-9.59027402
30.1789067,0.150385792,-0.672621029,-9.60838018
30.1888647,0.0918774887,-0.666186612,-9.71941128
30.1988217,0.0781108292,-0.624587358,-9.84271266
30.2087797,0.0453401939,-0.652270315,-9.93264486
30.2187377,0.0134673843,-0.655263067,-9.98860933
30.2286947,0.0293289703,-0.714818833,-10.1193926
30.2386527,0.0788590172,-0.808491973,-10.1859813
30.2486107,0.120458271,-0.820163706,-10.045322
30.2585677,0.152929631,-0.772878223,-9.79363153
30.2685257,0.143352824,-0.710180067,-9.67990695
30.2784837,0.0923264015,-0.651073214,-9.63411784
30.2884407,0.0658405457,-0.627131197,-9.6769142
30.2983987,0.0709282242,-0.636259091,-9.82445687
30.3083557,0.0609025047,-0.679205083,-9.92231987
30.3183137,0.0763151779,-0.629375761,-9.94222167
30.3282717,0.0954687912,-0.585531944,-9.89927568
30.3382287,0.0773626411,-0.616058015,-9.8663554
30.3481867,0.0834977829,-0.565031592,-9.80096377
30.3581447,0.0658405457,-0.554257684,-9.78225907
30.3681017,0.0279822319,-0.578798251,-9.77387936
30.3780597,0.0077811554,-0.581641366,-9.75367829
30.3880177,0.031723172,-0.581192453,-9.71596961
30.3979747,0.0510264229,-0.646434448,-9.6932247
30.4079327,0.0632967064,-0.742052877,-9.72015947
30.4178907,0.0963666168,-0.763600692,-9.78495255
30.4278477,0.0873883606,-0.759410839,-9.81128877
30.4378057,0.0131681091,-0.712274994,-9.7553243
30.4477627,-0.0398036026,-0.659153645,-9.63381857
30.4577207,-0.0118213707,-0.661697484,-9.49256067
30.4676787,0.20919337,-0.68130001,-9.60404068
30.4776372,0.301370134,-0.849941589,-9.70758991
30.4875952,0.251091899,-0.882562587,-9.72285294
30.4975532,0.132429279,-0.654664516,-9.84540614
30.5075102,-0.0863408974,-0.43275195,-10.0315553
30.5174682,-0.14425065,-0.449212086,-10.1547071
30.5274262,0.0242412918,-0.539443562,-10.1150531
