Time (s),Quaternion X,Quaternion Y,Quaternion Z,Quaternion W,Roll (rad),Pitch (rad),Yaw (rad),Gravity X (m/s^2),Gravity Y (m/s^2),Gravity Z (m/s^2),User Acceleration X (m/s^2),User Acceleration Y (m/s^2),User Acceleration Z (m/s^2),Rotation Rate X (rad/s),Rotation Rate Y (rad/s),Rotation Rate Z (rad/s),Magnetic Field X (µT),Magnetic Field Y (µT),Magnetic Field Z (µT),Magnetic Accuracy
0.0196130417,0.0432558609,0.0108612891,3.11508542E-17,0.999005016,0.0217841909,0.0865335985,-0.000943157974,0.212813771,-0.847546073,-9.76763842,0.119831006,0.0570090044,-0.0536760606,0.179138154,-0.108030304,0.0928304121,-2.8585968,19.7030411,-46.3831787,2
0.0295710417,0.0440921442,0.010475058,0.000407613071,0.998972475,0.0209757418,0.0882165913,-0.000109773924,0.20488685,-0.863987577,-9.76636709,0.032139516,0.0706073947,0.0671574735,0.150870562,-0.0414629988,0.0798363164,-2.93338013,19.6920395,-46.4872437,2
0.0395280417,0.0447376851,0.0103581499,0.000739338936,0.998944828,0.0207126936,0.0895157763,0.000552530605,0.202294404,-0.876677986,-9.7652904,-0.0617843291,0.0948199719,0.144191613,0.111122504,-0.00808759034,0.0563556701,-2.97782898,19.6519699,-46.5040588,2
0.0494860417,0.0452030516,0.0102839149,0.000959257105,0.99892444,0.0205444096,0.0904518847,0.000990772487,0.200634106,-0.885820931,-9.76449954,-0.220086611,0.0782251763,0.122001993,0.0786463246,-0.0169159696,0.0384331271,-2.88100433,19.7018509,-46.4988403,2
0.0594430417,0.0455583893,0.0101737325,0.00112014425,0.99890925,0.0203089359,0.091166418,0.00131631392,0.19832192,-0.892799246,-9.76391093,-0.214632017,0.0615607494,0.0823585497,0.0685801059,-0.0223328378,0.0324777663,-2.96798706,19.5719376,-46.6912537,2
0.0694010417,0.0459441349,0.0100100067,0.00128039888,0.998893055,0.0199658485,0.091941668,0.00164511003,0.194958143,-0.900369973,-9.76328374,-0.153657799,0.013615999,-0.0225660521,0.0876938775,-0.0460783839,0.039566569,-3.0036087,19.6105881,-46.5157166,2
0.0793590417,0.0464392204,0.00968278884,0.00148466065,0.998873068,0.0192902988,0.0929362506,0.00207561146,0.188345155,-0.910081878,-9.76251334,-0.0705799587,-0.00211056241,0.0519306782,0.106640711,-0.0771691725,0.0516292304,-3.01779175,19.3962173,-46.7675171,2
0.0893160417,0.0469368146,0.00930159417,0.00174495563,0.998853077,0.0185006629,0.0939365147,0.00262430721,0.180619328,-0.919848362,-9.76174352,-0.0562700957,0.0320467779,0.319312033,0.0900643989,-0.0684401318,0.0593177788,-3.0504303,19.5887985,-46.5535278,2
0.0992740417,0.0472784028,0.00902951797,0.00202399836,0.998838902,0.0179278425,0.0946247131,0.00320383227,0.175016193,-0.926567295,-9.76121044,-0.0762550087,0.0612114245,0.512858337,0.0434303358,-0.0322456397,0.0579081103,-2.97983551,19.5028305,-46.5643616,2
0.109232042,0.0473699171,0.0089995304,0.00231435441,0.99883424,0.0178398846,0.0948130366,0.00378771999,0.174154498,-0.928405835,-9.76105086,-0.072699837,0.0465898287,0.60308046,-0.00744243199,0.0298472941,0.0593073331,-2.97394562,19.5620651,-46.6941223,2
0.119189042,0.0472587627,0.00927114193,0.00260103563,0.998836309,0.0183579668,0.0945967863,0.00433914589,0.179215179,-0.926294615,-9.76116017,-0.0994579522,0.0123065239,0.514454082,-0.0346959941,0.0837068632,0.0492440164,-3.04828644,19.4360733,-46.6188965,2
0.129147042,0.047077831,0.00974598237,0.00284582287,0.998839586,0.0192881762,0.0942413107,0.00478866925,0.18830137,-0.922824162,-9.7613174,-0.124555368,-0.0335113706,0.279531227,-0.0326770544,0.105932273,0.0393170863,-3.04816437,19.4177628,-46.7155762,2
0.139105042,0.046990027,0.0102604285,0.00304572261,0.998838016,0.0203019285,0.0940720393,0.00514285319,0.198199993,-0.9211715,-9.76127766,-0.117245702,-0.0532701102,0.0147825586,-0.000567204552,0.10226842,0.0317236781,-2.96795654,19.3637619,-46.5513,2
0.149062042,0.047068624,0.0106765961,0.00320702669,0.998829431,0.0211215724,0.0942349435,0.00542557876,0.206197531,-0.922761984,-9.76096202,-0.0930711189,-0.0515300616,-0.192183199,0.0340213999,0.0624416433,0.0265888348,-2.84888458,19.3892593,-46.5527954,2
0.159020042,0.0472697902,0.0108544737,0.00334598239,0.998817526,0.0214646483,0.0946416491,0.00568333875,0.209538201,-0.926732641,-9.76051427,-0.0485277562,-0.0515996197,-0.136516256,0.0432307459,0.0166084208,0.0254783649,-3.02508545,19.3546829,-46.6107483,2
0.168978042,0.0474647865,0.0108904196,0.00345038648,0.998807663,0.0215261143,0.0950345242,0.00588531264,0.210130286,-0.930568128,-9.76013667,0.0298887962,-0.00945697965,-0.00685877985,0.0299048238,0.00105822273,0.016446786,-2.85971832,19.4574814,-46.7156982,2
0.178935042,0.0475444116,0.0108268243,0.00351738548,0.998804219,0.0213917696,0.0951949944,0.00602416033,0.20881586,-0.932134646,-9.76001567,0.0702586361,-0.0165692959,0.0667915628,-0.0016318683,-0.0264966432,0.0146823265,-2.91030884,19.501915,-46.7059326,2
0.188893042,0.0474391188,0.01062425,0.00361082436,0.998811159,0.0209767381,0.0949849305,0.00623319061,0.204769233,-0.930083924,-9.76029683,0.162741123,-0.0056016194,0.185286425,-0.0413808785,-0.0494839847,0.025914209,-2.94454956,19.3906479,-46.7188416,2
0.198850042,0.0471582437,0.0103318813,0.00375553435,0.99882703,0.0203774936,0.0944237091,0.00655704752,0.198930992,-0.924604908,-9.76093805,0.222299228,-0.0272414965,0.143280928,-0.0700393543,-0.0638781711,0.0351107493,-2.93639374,19.4970169,-46.7662048,2
0.208808042,0.0468022055,0.00999867803,0.00392616258,0.998846435,0.0196944638,0.0937120472,0.00693784363,0.19227685,-0.91765677,-9.76172715,0.166554507,-0.0802780171,0.0131371295,-0.0690265521,-0.0600410849,0.0381017476,-2.86157227,19.6068039,-46.6860962,2
0.218766042,0.0465352087,0.00980048328,0.00410486774,0.998860184,0.0192814171,0.0931795728,0.0073200629,0.18825417,-0.91245774,-9.76229297,0.0421881049,-0.0651262599,-0.146409289,-0.0358509384,-0.0129921455,0.0355529226,-2.82009125,19.6488113,-46.7622986,2
0.228723042,0.0465074786,0.0098316289,0.00424639771,0.998860543,0.0193308367,0.0931270198,0.00760164194,0.188737552,-0.911944603,-9.76233155,-0.0380521193,-0.0228430424,-0.314563378,0.026228942,0.0278104115,0.0189744793,-2.9144516,19.6023331,-46.4793701,2
0.238681042,0.0467849403,0.0100389289,0.00429690556,0.998845305,0.0197404562,0.0936850926,0.00767829277,0.192726292,-0.917393589,-9.76174294,-0.129279565,0.0165736067,-0.35271103,0.081887573,0.0558448508,-0.00083207339,-2.93578339,19.4854965,-46.6866455,2
0.248639042,0.0472397734,0.0103659993,0.00427622717,0.998820661,0.0203961321,0.0945978036,0.00759703254,0.199109637,-0.926304552,-9.7607738,-0.183995855,0.0293751476,-0.29442426,0.0955629051,0.0726134479,-0.0107555445,-2.88651276,19.5477982,-46.5970154,2
0.258596042,0.0476883933,0.0106953875,0.00422756182,0.998796122,0.0210593165,0.0954974818,0.00745890776,0.205565151,-0.935087578,-9.75980232,-0.128501402,0.00598608867,-0.137827339,0.0827950686,0.0532263033,-0.0110301794,-2.98200989,19.4915543,-46.6885681,2
0.268554042,0.0480244046,0.0108619632,0.00418541735,0.998778362,0.0213958747,0.0961705709,0.00735136524,0.208836373,-0.941658042,-9.7591009,-0.0434864741,0.0106113373,0.0589934562,0.0523447469,0.010528909,-0.0034279197,-2.8939209,19.5503006,-46.6842041,2
0.278512042,0.048191615,0.0108102961,0.00419972287,0.998770799,0.0212898965,0.096505283,0.00738160336,0.207795395,-0.944925227,-9.75880747,0.0486838053,0.0200136642,0.217764799,0.0153200561,-0.0286808442,0.0112288306,-2.79793549,19.5352859,-46.7064209,2
0.288469042,0.0481889615,0.0106164688,0.00426593597,0.998772706,0.0208944612,0.0964999192,0.00753332738,0.203936509,-0.94487284,-9.75889398,0.0800760283,0.0320818492,0.293417714,-0.0136788394,-0.044134099,0.0158755146,-2.79608154,19.5535202,-46.7191162,2
0.298427042,0.0480895154,0.0104087711,0.00432332399,0.9987794,0.0204725984,0.0963004113,0.00767060347,0.199823429,-0.942925432,-9.75916753,-0.0105314953,0.0156195939,0.259723534,-0.0242709573,-0.0336724669,0.00943876989,-2.72745514,19.485405,-46.5247803,2
0.308385042,0.0479790208,0.0102860326,0.00435777947,0.998785952,0.0202235696,0.0960789442,0.00775378833,0.197397335,-0.940763651,-9.75942531,-0.0933988348,-0.0215573134,0.153290281,-0.018573124,-0.01621731,0.00991627481,-2.70207977,19.4975052,-46.7082214,2
0.318342042,0.047898597,0.0102027953,0.00441667479,0.998790407,0.0200513094,0.0959184561,0.00788157572,0.195719191,-0.939197059,-9.75961002,-0.0653844542,-0.0186349232,0.0795534292,-0.0135718137,-0.0165833551,0.0147143994,-2.77899933,19.4256058,-46.7208557,2
0.328300042,0.0478315439,0.0101113471,0.00448596258,0.998794218,0.0198615114,0.0957848569,0.00803072194,0.193869325,-0.937892845,-9.75977251,-0.0475233832,-0.0193405142,0.0529307952,-0.0154264383,-0.0167782977,0.0129769538,-2.69713593,19.6340866,-46.6607971,2
0.338258042,0.0477370546,0.0100254811,0.00454173867,0.998799311,0.0196844097,0.0955960768,0.0081527108,0.192144328,-0.936050066,-9.75998353,-0.0588168393,-0.0570963174,0.0794780259,-0.0217203926,-0.0136649227,0.0094873216,-2.85124969,19.5041885,-46.7519836,2
0.348215042,0.0476161959,0.0100155224,0.00458085719,0.998804971,0.0196614405,0.0953547828,0.00823446408,0.191924584,-0.933694516,-9.76021324,-0.0988496293,-0.0396996308,0.116668816,-0.0248908866,0.0092348,0.00630697561,-2.81085205,19.4675827,-46.8591919,2
0.358173042,0.0475037263,0.0100650894,0.0046141455,0.998809674,0.019758457,0.0951306676,0.00829866514,0.19287562,-0.931506651,-9.7604038,-0.101147403,-0.0278216345,0.0966577087,-0.0208513904,0.00721275667,0.00417844579,-2.81085205,19.4675827,-46.8591919,2
0.368130042,0.0474107665,0.0100753595,0.00462206893,0.998813969,0.0197789134,0.0949447924,0.00831535972,0.193078704,-0.929692075,-9.76057272,-0.0962627911,-0.0263441093,0.110444242,-0.014165258,-0.00521754799,-0.00245761871,-2.89868927,19.4821701,-46.6601257,2
0.378088042,0.0473539691,0.0100287894,0.00460373207,0.998817255,0.0196875688,0.0948303304,0.00828408303,0.192189208,-0.928574616,-9.76069664,-0.0802599152,-0.0144430975,0.0478700047,-0.00939198211,-0.0133883599,-0.00411787722,-2.86531067,19.4651108,-46.5116272,2
0.388046042,0.0473079606,0.00994827037,0.0045993714,0.998820278,0.0195266922,0.0947374632,0.00828386723,0.190620625,-0.927668022,-9.76081355,-0.0364935282,-0.029714974,0.0264385096,-0.010254846,-0.0151825324,0.00569001306,-2.86079407,19.4300156,-46.6714783,2
0.398003042,0.0472613048,0.00988521375,0.0046485138,0.998822872,0.0193957809,0.0946444818,0.00838935167,0.189344505,-0.92676026,-9.76092461,0.0642916357,-0.0204473794,0.0150274733,-0.0111110862,-0.00467867963,0.0136161372,-2.87017822,19.4928207,-46.6222839,2
0.407961042,0.0472237965,0.00990126983,0.00470702377,0.998824188,0.019422694,0.0945706554,0.00850593794,0.189608526,-0.926039544,-9.76098773,0.0454724968,-0.0406209103,-0.0878594852,-0.00342573621,0.0152460262,0.00885120779,-2.89582825,19.4298325,-46.8512268,2
0.417919042,0.0472737863,0.0100406465,0.00475397818,0.998820238,0.0196976013,0.0946728562,0.00858597459,0.19229002,-0.92703725,-9.76084043,-0.0498346558,-0.0243601689,-0.194997671,0.0241175089,0.0422706418,0.00861895736,-2.80554199,19.5136948,-46.8268433,2
0.427876042,0.0474741879,0.0102700305,0.00480664251,0.998808078,0.0201515667,0.0950771128,0.00866595111,0.196713517,-0.930983869,-9.76037691,-0.0879265957,0.0196892545,-0.272974061,0.0520255715,0.049647864,0.00903867185,-2.71994019,19.6301498,-46.7442627,2
0.437834042,0.0477662372,0.0104976661,0.00485641308,0.99879159,0.0206016656,0.0956648442,0.00873828665,0.201095331,-0.936721317,-9.75973861,-0.135104782,0.047423503,-0.242487152,0.061308831,0.0446302965,0.0071018897,-2.72518921,19.5394974,-46.9354553,2
0.447792042,0.048015924,0.0106675622,0.00489100458,0.998777705,0.0209376189,0.0961669772,0.00878633658,0.204364251,-0.941622971,-9.7591991,-0.0934824214,0.0746210874,-0.149204473,0.0346447304,0.0271684825,0.00225893152,-2.78656006,19.5685043,-46.6806946,2
0.457749042,0.0480964835,0.0107334191,0.00490030208,0.998773007,0.0210683494,0.0963290412,0.00879699576,0.205636865,-0.943204906,-9.75901965,-0.0320568609,0.0919149712,-0.0144108027,-0.00321559166,0.00299664261,0.00149832806,-2.745224,19.5162582,-46.7813721,2
0.467707042,0.047995597,0.0107004115,0.00491307233,0.99877813,0.0210015558,0.0961270227,0.00882786236,0.204989014,-0.941232949,-9.75922365,0.0203655829,0.097724242,0.0692915629,-0.0398276635,-0.0101162298,0.00497907912,-2.71228027,19.5169296,-46.6609497,2
0.477665042,0.0477465228,0.0106413047,0.00494809594,0.998790555,0.0208812759,0.0956285447,0.00890887368,0.203824957,-0.936367023,-9.75971581,0.030956809,0.111113958,0.0648456894,-0.0586464293,-0.0137440953,0.00845854729,-2.70584869,19.4301682,-46.8139954,2
0.487622042,0.0474488962,0.0105882036,0.0049919622,0.998805086,0.0207725952,0.0950330901,0.00900796476,0.202775795,-0.930554099,-9.76029391,0.00147989983,0.0809101776,0.032951837,-0.0594267324,-0.0063058869,0.00654613134,-2.71581268,19.6098251,-46.6930237,2
0.497580042,0.0472247537,0.010590538,0.00502508726,0.998815511,0.0207757221,0.0945850383,0.00907870353,0.202814958,-0.926179903,-9.76070892,-0.0438994936,0.047506359,-0.0688350513,-0.0278836787,0.0116306897,0.00511569576,-2.59052277,19.6747513,-46.6607056,2
0.507538042,0.047209191,0.0106751731,0.00504261952,0.998815294,0.0209440175,0.09455502,0.0091061609,0.204458213,-0.925886838,-9.76070249,-0.105397754,0.00965425579,-0.147401223,0.024918817,0.0230841469,-0.000512629049,-2.6492691,19.6710129,-46.5902405,2
0.517495042,0.0474564764,0.010774342,0.00501983954,0.998802622,0.021143442,0.0950505364,0.0090459887,0.206395008,-0.930724414,-9.76020155,-0.101498664,0.032597909,-0.203567347,0.0733152106,0.0157930702,-0.00974568818,-2.6245575,19.460701,-46.6602478,2
0.527453042,0.0478749727,0.010807072,0.00494807938,0.998782649,0.0212130829,0.0958872019,0.00889029062,0.20705813,-0.938891939,-9.75940543,-0.112935712,0.0867042508,-0.0851022955,0.0918377563,-0.00179151457,-0.0193130951,-2.61373901,19.4680405,-46.6212463,2
0.537410042,0.0482783329,0.0107563796,0.00482752953,0.998764366,0.0211202629,0.096691807,0.00864501693,0.206136248,-0.946745867,-9.75866601,-0.110517472,0.0884230374,0.104048403,0.0682285801,-0.0201313756,-0.026074091,-2.72888947,19.3630447,-46.9273071,2
0.547368042,0.0484880626,0.0105838978,0.0046684853,0.998756737,0.0207881738,0.0971069237,0.0083383565,0.202887292,-0.9507977,-9.75834043,-0.0686619963,0.0959163888,0.231213479,0.0129453493,-0.0579495914,-0.0347765014,-2.68065643,19.5605698,-46.6508484,2
0.557326042,0.0483514093,0.0101872448,0.00446494224,0.998768503,0.0200126944,0.096825924,0.0079711728,0.195325186,-0.948054977,-9.75876129,-0.0067814403,0.134473718,0.33832653,-0.0693249777,-0.0982946008,-0.0404625088,-2.90952301,19.3959274,-46.7607727,2
0.567283042,0.0478069635,0.00975743597,0.0042347716,0.998799969,0.0191755137,0.0957279673,0.00756112245,0.187175125,-0.937337549,-9.75995664,0.0274055645,0.160716778,0.306750658,-0.144736364,-0.0622226186,-0.0461997539,-2.90210724,19.314827,-46.517334,2
0.577241042,0.0470122077,0.00967298033,0.00398750536,0.998839524,0.0190339967,0.094131395,0.00708769653,0.185822157,-0.92175098,-9.76146646,-0.00775306181,0.100687987,0.209051331,-0.164822206,0.0237609986,-0.0537828095,-2.81629944,19.4811478,-46.7802734,2
0.587199042,0.0462773685,0.00994881787,0.00377559739,0.99887194,0.0196111177,0.0926579841,0.00665044344,0.191482101,-0.907364728,-9.76270506,-0.0196977484,0.0343773398,0.0542173279,-0.120896034,0.0782109275,-0.0358469523,-2.7964325,19.532402,-46.6845703,2
0.597156042,0.0458753325,0.0103941122,0.0037026374,0.998886192,0.0205132605,0.091854556,0.00647068323,0.200304272,-0.899519348,-9.76325393,0.0588684416,-0.0113263537,-0.308254633,-0.0363120846,0.0968457907,-0.00261730142,-2.85224915,19.5756302,-46.7184448,2
0.607114042,0.0459003936,0.0108819923,0.00378311855,0.998879567,0.0214846325,0.0919096107,0.0065866319,0.209786861,-0.900056962,-9.7630055,0.122558641,-0.0678006667,-0.560941692,0.0458349809,0.0997393206,0.0245653167,-2.83420563,19.5823288,-46.6831055,2
0.617072042,0.0462700128,0.0113725386,0.00396296342,0.998856304,0.0224505121,0.09265685,0.00689407401,0.219201481,-0.907353695,-9.76212288,0.138881634,-0.122004916,-0.523815784,0.0999099985,0.100293636,0.0390180051,-2.75121307,19.4515457,-46.7923889,2
0.627029042,0.0468248675,0.0118627346,0.00420252238,0.998823811,0.0234089817,0.093776678,0.00731642888,0.228534158,-0.918287761,-9.76088661,0.0761283866,-0.121695192,-0.305683906,0.119838431,0.0969819948,0.0517977178,-2.76726532,19.3433609,-46.745697,2
0.636987042,0.0474055552,0.0122807455,0.00447966318,0.998790127,0.0242184965,0.09494903,0.0078194358,0.236409422,-0.92973343,-9.75961528,0.0715451322,-0.0503944086,-0.0139642279,0.109663971,0.074811317,0.0520016514,-2.64800262,19.3856125,-46.8969727,2
0.646945042,0.0478905267,0.0125811925,0.00470247646,0.99876227,0.0247973695,0.0959278841,0.00822618491,0.242036285,-0.939289048,-9.75856255,0.0380856928,0.0266476954,0.173376207,0.083358869,0.0514588617,0.0313320607,-2.72760773,19.330513,-46.8420105,2
0.656902042,0.0482322627,0.0127023567,0.00477945523,0.998743922,0.025031092,0.0966150171,0.00836066466,0.244300869,-0.945996291,-9.7578582,-0.0457314035,0.0867755625,0.216066763,0.0545889698,-0.00709358649,-0.000948357396,-2.75349426,19.339241,-46.911377,2
0.666860042,0.0484314722,0.0124862662,0.00470271142,0.998737384,0.024603635,0.0970101708,0.00822284527,0.240120569,-0.949853331,-9.75758699,-0.0657924139,0.173531909,0.127360306,0.0254441351,-0.0792964101,-0.0220421907,-2.65307617,19.3629837,-46.9503479,2
0.676818042,0.0484812189,0.0120151896,0.0045557098,0.998741451,0.0236721165,0.0971024037,0.00797257108,0.231029007,-0.950753568,-9.75771909,-0.000437076243,0.157672661,0.027384266,-0.00743955094,-0.107047893,-0.0255052391,-2.73061371,19.2196884,-46.7903442,2
0.686775042,0.0483551964,0.0114632977,0.00441551365,0.998754726,0.022578723,0.0968424961,0.00774779019,0.220365428,-0.94821667,-9.75821242,0.0236938871,0.0265972073,-0.0324257673,-0.0416795462,-0.115783595,-0.0200223234,-2.67784882,19.386467,-46.673645,2
0.696733042,0.048096693,0.0108988859,0.00431720436,0.998773899,0.0214568509,0.0963184077,0.00761077064,0.209428457,-0.943101081,-9.75894892,0.00470330059,-0.066206091,-0.0613175153,-0.0598778948,-0.110240102,-0.00968301203,-2.73000336,19.4237595,-46.8319397,2
0.706691042,0.0478156158,0.0104310074,0.0042615234,0.998792565,0.0205247409,0.0957509113,0.00754988021,0.200342905,-0.937561494,-9.75967314,0.00196751895,-0.0168287505,-0.0674766224,-0.0504963771,-0.0753875747,-0.00667497143,-2.90058136,19.48806,-46.56604,2
0.716648042,0.0476365483,0.0101323493,0.00420668571,0.998804522,0.0199316132,0.0953890398,0.00747201073,0.194560887,-0.934028936,-9.76012907,-0.0521055234,0.0403915586,-0.0855763427,-0.0195532274,-0.0454200469,-0.00994183309,-2.90058136,19.48806,-46.56604,2
0.726606042,0.0476039231,0.00998986393,0.00412635491,0.998807837,0.0196535263,0.0953210705,0.00732507604,0.191847957,-0.93336543,-9.76024656,-0.0974262454,0.0563378272,-0.0845610282,0.00685281446,-0.0107875019,-0.0196740888,-2.92141724,19.338768,-46.5363464,2
0.736563042,0.0476922093,0.0100494968,0.0040005269,0.998803521,0.0197847871,0.0954957783,0.00706516451,0.193125868,-0.935070919,-9.76005776,-0.117558513,0.0926096754,-0.0923807621,0.0256666448,0.0307400301,-0.0294770338,-2.89894867,19.3785782,-46.5585632,2
0.746521042,0.0478418613,0.0102730497,0.0038481936,0.998794705,0.0202473313,0.095793902,0.00673507632,0.197634651,-0.93798118,-9.75968834,-0.110994094,0.0835488555,-0.0435199928,0.0345141962,0.0517976433,-0.0341868363,-2.83242035,19.4212418,-46.6675415,2
0.756479042,0.0480037468,0.0105565122,0.00367609641,0.998784683,0.0208320854,0.0961163521,0.00635914737,0.203335328,-0.941128758,-9.75926807,-0.113702038,0.0878936067,0.0162146372,0.0283787623,0.057396125,-0.0409961157,-2.71141052,19.4394608,-46.5687561,2
0.766436042,0.0480996583,0.0108428957,0.00349239695,0.998777562,0.0214242239,0.096306257,0.0059608331,0.209110295,-0.942982496,-9.75896704,-0.0959838828,0.0761302498,0.0537719222,0.00762181729,0.051229842,-0.0374756828,-2.77311707,19.4012985,-46.678894,2
0.776394042,0.0480615765,0.0110392122,0.00333615547,0.99877778,0.0218334932,0.0962277656,0.00562910366,0.21310594,-0.942216334,-9.75895477,-0.0618219577,0.0572579377,0.142943075,-0.0213811398,0.0224042106,-0.0270349775,-2.8316803,19.3646927,-46.7382507,2
0.786352042,0.0478844491,0.0110947649,0.00322404927,0.998786036,0.0219564109,0.0958709731,0.0054025727,0.21431285,-0.938733533,-9.75926398,-0.00960820643,0.075322952,0.171683431,-0.0491584428,0.00159666641,-0.0219371542,-2.66674042,19.3832779,-46.6057739,2
0.796309042,0.047607615,0.0110835716,0.00310516483,0.998799798,0.0219462456,0.0953140371,0.00517104522,0.214225081,-0.933296749,-9.75978713,0.00484473662,0.0685394293,0.0574351209,-0.0581998788,-0.00937635265,-0.0268831495,-2.84912109,19.4288559,-46.7117615,2
0.806267042,0.0473158812,0.0110069194,0.00297869084,0.998814862,0.0218053491,0.0947267861,0.00493084317,0.212861884,-0.927563758,-9.76036347,-0.0127960427,0.0776205614,-0.024139585,-0.0568227582,-0.0216921419,-0.0245691277,-2.71709442,19.5595016,-46.7167053,2
0.816225042,0.0470670142,0.0108932035,0.00286260342,0.998828182,0.0215888452,0.0942254536,0.00471400522,0.21075872,-0.922669337,-9.76087317,0.0491621634,0.094423593,-0.038145314,-0.0426050946,-0.0250734333,-0.021231059,-2.82115173,19.4350662,-46.7788086,2
0.826182042,0.0468910629,0.0107716921,0.00275909872,0.998838183,0.0213552349,0.0938704066,0.00452151584,0.208485459,-0.919202903,-9.76124902,0.0256977742,0.0334963191,-0.0739817665,-0.0266990997,-0.0228459667,-0.0205873735,-2.75816345,19.5755234,-46.6870422,2
0.836140042,0.0467937408,0.0106867333,0.00267359585,0.998843911,0.0211930346,0.0936733627,0.00435999399,0.206906008,-0.917279023,-9.76146354,0.0446351875,0.0228934574,-0.100102881,-0.0123257674,-0.0108570419,-0.0132795293,-2.83418274,19.541008,-46.6416321,2
0.846098042,0.0467394794,0.0107059511,0.00261704566,0.998846367,0.0212370396,0.0935636061,0.00424585551,0.207337714,-0.916207375,-9.76155531,0.0908904139,0.0275080385,-0.118716396,-0.010373137,0.0140182134,-0.0105031831,-2.85929108,19.5875931,-46.4544067,2
0.856055042,0.0467059248,0.0107944903,0.00256715795,0.998847049,0.0214194677,0.0934957279,0.00413814829,0.209119812,-0.915544673,-9.76157927,0.0524470851,0.0437544591,-0.0836766466,-0.00292566046,0.0196489245,-0.0116265872,-2.91740417,19.4756241,-46.633728,2
0.866013042,0.0467068141,0.0109037654,0.00250418857,0.998846016,0.0216446582,0.0934965996,0.00400152506,0.211318016,-0.915553149,-9.76153134,0.017927195,0.0783291481,-0.137893974,0.00387232425,0.0219203345,-0.0140865482,-2.83294678,19.5479813,-46.7206421,2
0.875971042,0.0467498473,0.0110014205,0.00242343003,0.998843107,0.021848124,0.0935813773,0.00382938827,0.213302449,-0.916380905,-9.76141034,0.0178880138,0.0525214837,-0.228694774,0.0136319175,0.013633877,-0.0173560679,-2.87303162,19.440834,-46.740387,2
0.885928042,0.0468327883,0.0110532774,0.00233321899,0.998838904,0.0219605287,0.0937456509,0.00364170659,0.214396364,-0.917984833,-9.76123557,0.0072172927,0.0259935423,-0.210164845,0.021515673,0.00587395718,-0.0188399814,-2.87197113,19.5249557,-46.9081116,2
0.895886042,0.046940661,0.011064752,0.00225139506,0.998833841,0.0219911006,0.093959856,0.00347409674,0.214690451,-0.920076252,-9.76103216,0.0141058284,0.0195555451,-0.137345108,0.0226908401,-0.00345379952,-0.0144422892,-2.92489624,19.4264908,-46.6736755,2
0.905844042,0.0470284717,0.0110640054,0.00218911463,0.998829876,0.0219953639,0.094134289,0.00334728554,0.214728537,-0.921779257,-9.76087083,0.056115928,0.041908539,-0.035903088,0.0135378214,0.00256814016,-0.00937455986,-2.82738495,19.4938583,-46.6211243,2
0.915801042,0.0470559087,0.0111282604,0.0021331813,0.99882801,0.0221295647,0.0941881986,0.00322837679,0.216037354,-0.922305618,-9.76079192,0.0501683265,0.0214855634,0.0448228921,-0.00359755638,0.0209299959,-0.0135202548,-2.92002106,19.3793106,-46.7876282,2
0.925759042,0.0469918037,0.0112667618,0.00206248101,0.998829644,0.0224142573,0.0940587169,0.00307483985,0.218818838,-0.921041444,-9.76084979,-0.00259211712,0.0127395815,0.132717449,-0.0207424536,0.0303080492,-0.0179853104,-2.89578247,19.5181351,-46.7854919,2
0.935717042,0.0468644252,0.0114693535,0.00198473277,0.998833507,0.0228282548,0.0938025431,0.0029025904,0.222865173,-0.918540275,-9.76099358,-0.0474895357,0.0470492629,0.123135381,-0.0271149259,0.0492731072,-0.0188790467,-2.93655396,19.3216171,-46.8147888,2
0.945674042,0.0467555883,0.0117149801,0.00188238369,0.99883597,0.0233308589,0.0935829675,0.00267661876,0.227775759,-0.916396468,-9.76108184,-0.0841232944,0.0923406492,0.0168313078,-0.0132624935,0.0473471098,-0.0265289769,-2.93473816,19.40905,-46.651886,2
0.955632042,0.0467302299,0.0119408708,0.00175045554,0.998834609,0.0237965555,0.0935296492,0.00239128577,0.232322591,-0.915875878,-9.76102339,-0.134908127,0.0978054905,-0.111466571,0.00395322405,0.0406078883,-0.0276976805,-2.7635498,19.4111252,-46.6531372,2
0.965589042,0.0467821471,0.0121421897,0.00162844651,0.998829936,0.0242120091,0.0936311111,0.00212632214,0.236375574,-0.916866496,-9.76083342,-0.110081035,0.115256245,-0.175851657,0.0182115212,0.0370744094,-0.0237194505,-2.73042297,19.5577164,-46.5946045,2
0.975547042,0.0468946169,0.0123099798,0.0015365198,0.998822872,0.0245574064,0.0938543886,0.00192334467,0.239741891,-0.919046471,-9.76054642,-0.0251612014,0.0919978272,-0.145612586,0.024570426,0.028656099,-0.0159623437,-2.6661377,19.5864792,-46.7438354,2
0.985505042,0.0470023054,0.0124801778,0.00148421089,0.998815718,0.0249039417,0.0940690036,0.00179966979,0.243119331,-0.921141835,-9.76026527,0.0331120691,0.0468077092,-0.0781079066,0.0186142661,0.0395617411,-0.00979046896,-2.60944366,19.4157791,-46.8346558,2
0.995462042,0.0470793018,0.0126972248,0.0014633076,0.998809404,0.0253415399,0.0942230151,0.00173527587,0.247386798,-0.922645518,-9.76001567,0.0454543766,0.0290081409,0.0127723878,0.0134581728,0.0464620031,-0.00362010836,-2.69142914,19.4310684,-46.926239,2
1.00542004,0.0471443573,0.0129299495,0.00145033874,0.998803409,0.0258098589,0.0943533305,0.00168555634,0.251954452,-0.923917803,-9.75977836,0.0633323805,0.038510494,0.0165752872,0.0135809444,0.0479272716,-0.00678713946,-2.8012085,19.4153976,-46.7171326,2
1.01537804,0.0472203382,0.0131832038,0.0014157716,0.998796528,0.026321449,0.0945049593,0.00159020142,0.256943749,-0.925398105,-9.75950831,0.0204847523,0.0025813948,-0.00793663822,0.0178456586,0.0530906729,-0.0104847886,-2.75447845,19.3110123,-46.7002258,2
1.02533504,0.0473085681,0.0134420971,0.00138575187,0.998788892,0.02684396,0.0946811982,0.0015030269,0.26203877,-0.927118718,-9.75920962,-0.00540991449,0.00894077376,-0.0197574244,0.0193050709,0.0500115231,-0.00423328346,-2.74828339,19.4151535,-46.4537354,2
1.03529304,0.0473617213,0.0136298306,0.00139810535,0.998783815,0.0272196109,0.094788232,0.00150851789,0.265702115,-0.928163697,-9.75901088,0.0708332576,0.0620595658,0.0195487501,0.00165308535,0.0295887161,0.00487089204,-2.64090729,19.4539566,-46.6871033,2
1.04525104,0.0472586481,0.0137035387,0.00142286822,0.998787697,0.0273650772,0.0945826671,0.00155401156,0.267126924,-0.926156814,-9.75916286,0.0946971675,0.0394028398,0.118461544,-0.0401952937,0.00470759999,0.00376248406,-2.64795685,19.5811996,-46.6509399,2
1.05520804,0.0469484424,0.0136299622,0.00142161355,0.998803279,0.0272172208,0.0939614689,0.00156692612,0.265699576,-0.920091961,-9.75977544,0.0652991871,0.0140347359,0.176684601,-0.0798656195,-0.0278519876,-0.00394716859,-2.61138153,19.6428909,-46.6885376,2
1.06516604,0.0465201593,0.0134408186,0.00136043334,0.998826034,0.026842967,0.0931021065,0.00147351657,0.262068051,-0.911701369,-9.76066099,0.0162582572,0.031830651,0.0502285505,-0.0846435949,-0.047248058,-0.0174989309,-2.61138153,19.6428909,-46.6885376,2
1.07512404,0.0461585444,0.0132067241,0.00125043985,0.998846085,0.0263830648,0.0923749095,0.00128426341,0.257596495,-0.904600597,-9.76144074,-0.0255082065,0.0479237076,-0.154893625,-0.0590726472,-0.047092855,-0.021547351,-2.72312164,19.598732,-46.6012878,2
1.08508104,0.0459569302,0.0130353658,0.00113493164,0.998857708,0.0260496568,0.0919680477,0.0010736773,0.254351504,-0.900627601,-9.76189316,-0.0685012345,0.025994273,-0.230306885,-0.0199135263,-0.020838879,-0.0217161961,-2.7508316,19.5776596,-46.5490723,2
1.09503904,0.0459666675,0.0130526682,0.00103123453,0.998857153,0.0260939612,0.0919848524,0.000863788527,0.254783611,-0.900791706,-9.76186686,-0.0708785946,-0.00855761966,-0.264600785,0.024001522,0.0236875862,-0.0203291383,-2.77454376,19.6620407,-46.3976746,2
1.10499704,0.0461699917,0.0132793153,0.000956554588,0.998844862,0.0265559909,0.092390106,0.00068762022,0.259284138,-0.904748992,-9.76138229,-0.0604154153,0.0048269087,-0.192211256,0.0571387,0.064152196,-0.0115311202,-2.76237488,19.6743698,-46.4681396,2
1.11495404,0.0464945701,0.0136569123,0.000931678573,0.998824708,0.0273166151,0.0930394706,0.000593790834,0.266692697,-0.911089739,-9.76059318,-0.0307138123,0.0490258967,-0.0273521173,0.0696502775,0.082506977,-0.0052078655,-2.6993866,19.6458359,-46.5392761,2
1.12491204,0.0468060599,0.0140433698,0.000925184772,0.998804901,0.0280933822,0.0936631171,0.000535877427,0.27425831,-0.917178996,-9.75981285,-0.0161330599,0.0642430473,0.0742202515,0.0544723943,0.0694556236,-0.00227359449,-2.65932465,19.5318222,-46.6008911,2
1.13487004,0.046985615,0.0143201,0.000920528078,0.998792513,0.0286495572,0.0940225945,0.000495343584,0.279676974,-0.920688758,-9.75932886,-0.000602441139,0.0451575308,0.107853056,0.016731197,0.0406480543,-0.00219478458,-2.71577454,19.5299606,-46.6704102,2
1.14482704,0.0469693971,0.0144422632,0.000917742961,0.998791559,0.0288949494,0.0939901092,0.000478691931,0.282072692,-0.920371582,-9.7592897,0.0110677576,0.0304752178,0.0789344205,-0.0231104903,0.00926989317,-0.00125282444,-2.64803314,19.5687943,-46.5926514,2
1.15478504,0.0467773686,0.0144135301,0.00090135296,0.998801027,0.0288383989,0.0936051849,0.000454078368,0.281530986,-0.916613398,-9.75965912,-0.0139785853,0.0497611522,0.0730184745,-0.0523490831,-0.0206923634,-0.00840700977,-2.606987,19.4799881,-46.4039612,2
1.16474304,0.0464986224,0.0142757552,0.000828371156,0.998816043,0.0285681125,0.0930449874,0.00032859627,0.278907707,-0.911143588,-9.76024656,-0.0554983807,0.0863395822,-0.0110889648,-0.05653584,-0.0356721096,-0.0199006796,-2.59489441,19.3552017,-46.7400818,2
1.17470004,0.0462535321,0.0140585958,0.000700711163,0.99883057,0.0281436369,0.0925506548,9.96906889E-05,0.274777329,-0.906316753,-9.76081296,-0.0732150747,0.0509865293,-0.167043497,-0.0392340422,-0.0527911559,-0.0272034612,-2.55057526,19.59095,-46.520874,2
1.18465804,0.0461322151,0.0137825685,0.000558600722,0.998840112,0.0276026192,0.0923038273,-0.000156401009,0.269502676,-0.903906477,-9.76118355,-0.0383122133,0.0385506799,-0.260196412,-0.010345933,-0.0559930727,-0.025253227,-2.63041687,19.6934662,-46.7338562,2
1.19461504,0.0461368762,0.0135232462,0.000425670207,0.998843528,0.027094592,0.0923095933,-0.000399184353,0.264543556,-0.90396281,-9.7613139,0.0200675498,0.025438831,-0.322314722,0.0113608995,-0.0503161252,-0.0201812163,-2.6701889,19.6474457,-46.6907043,2
1.20457304,0.0462203035,0.0132943824,0.000337643285,0.99884274,0.0266437625,0.0924743494,-0.000556814827,0.260138873,-0.905571634,-9.7612835,0.073852642,-0.00123385264,-0.279100434,0.0197128393,-0.0414523259,-0.0107629485,-2.79283142,19.6093597,-46.5812073,2
1.21453104,0.0463333773,0.013142489,0.000313355783,0.998839495,0.0263415694,0.092700161,-0.000594439854,0.257183677,-0.907776596,-9.76115666,0.104191538,0.00396386213,-0.209196293,0.0278591905,-0.0193968304,0.00439759996,-2.78346252,19.5586395,-46.5688782,2
1.22448804,0.0465070842,0.0130821879,0.000332809577,0.998832312,0.0262192806,0.0930484758,-0.000554385148,0.255981699,-0.91117771,-9.76087141,0.0893822561,0.0301098916,-0.179404381,0.0430927388,-0.00880943239,0.00259517273,-2.73360443,19.5259094,-46.6995544,2
1.23444604,0.0467400328,0.0130354582,0.000310352704,0.998822023,0.0261283153,0.0935142757,-0.000601208136,0.255082668,-0.915725729,-9.76046926,0.0510762534,0.049472033,-0.16559096,0.0515954681,-0.0102152042,-0.00864152238,-2.74102783,19.4848938,-46.6930542,2
1.24440404,0.0469841495,0.0130013647,0.000253794994,0.998811032,0.0260659814,0.0940015495,-0.000717899158,0.254462599,-0.920483298,-9.76003789,0.0361340107,0.0564741669,-0.102875268,0.0458994992,-0.00445025973,-0.010670851,-2.67634583,19.5227356,-46.577179,2
1.25436104,0.0471671344,0.0129833226,0.000212204705,0.998802573,0.0260342946,0.0943668159,-0.000804450318,0.254144565,-0.924049466,-9.75970939,0.0814929459,0.0440291844,0.00378711732,0.0271163136,-0.00616663042,-0.00423001079,-2.86341095,19.4538727,-46.6719971,2
1.26431904,0.0472402032,0.0129060673,0.0001964041,0.998800194,0.0258809921,0.0945127636,-0.00083074128,0.252644882,-0.925474312,-9.75961352,0.135066532,-0.0437300553,0.0803051243,0.00154623983,-0.0243067518,-0.000699990895,-2.97748566,19.44664,-46.3540039,2
1.27427704,0.047168229,0.0127268533,0.000175131776,0.998805836,0.0255231102,0.0943682643,-0.000854563369,0.249155488,-0.924063568,-9.75983681,0.177760979,-0.0774625213,0.0616740736,-0.0312266611,-0.0487964042,-0.00398274325,-2.96047974,19.392395,-46.5562439,2
1.28423404,0.0469235433,0.0124115907,0.000138564514,0.998821406,0.0248930918,0.0938777492,-0.000891916696,0.243017825,-0.91927458,-9.76044354,0.190482697,-0.00877944572,0.042978141,-0.0649111271,-0.0755904689,-0.00657719467,-2.92567444,19.4855804,-46.4830017,2
1.29419204,0.0465338767,0.0119762455,8.27737052E-05,0.998844903,0.0240234509,0.0930966533,-0.000953374674,0.234546824,-0.911648104,-9.76136592,0.156306999,0.0488360732,0.00963350526,-0.0901804417,-0.101027444,-0.0110203251,-2.95891571,19.3530731,-46.377655,2
1.30415004,0.0460555889,0.0114321193,1.02263436E-05,0.998873415,0.0229368319,0.0921379513,-0.00103699514,0.223959745,-0.902286694,-9.7624847,0.148488635,-0.0106539344,-0.0604758038,-0.100937746,-0.114169613,-0.0128536457,-3.09714508,19.4408875,-46.3725281,2
1.31410704,0.0455450256,0.0108377896,-7.01032933E-05,0.998903457,0.0217501255,0.0911146657,-0.00113196336,0.212394358,-0.892293854,-9.76366134,0.14329461,-0.0550633502,-0.109576812,-0.102164522,-0.126114011,-0.00962646119,-3.13208771,19.3414764,-46.3172302,2
1.32406504,0.0450469871,0.0102357318,-0.00012730662,0.998932398,0.0205458885,0.0901171088,-0.00118131297,0.200654619,-0.882551262,-9.76479531,0.171943397,-0.0643571022,-0.015368834,-0.0972081125,-0.116450727,-0.00321383541,-3.12444305,19.598526,-46.2470703,2
1.33402304,0.0445913084,0.00969117135,-0.000162137679,0.99895827,0.0194551899,0.0892048309,-0.00119296522,0.190019646,-0.87364081,-9.76580887,0.158786011,-0.0548621286,0.0646539662,-0.0848701224,-0.102293335,-0.00364933535,-3.18543243,19.5847778,-46.229248,2
1.34398004,0.044216741,0.0092051232,-0.000203729867,0.998979583,0.0184827848,0.0884547958,-0.00122587802,0.180535303,-0.866314486,-9.76664181,0.0696591724,-0.0202899238,0.109779056,-0.0632689595,-0.095591493,-0.00741397962,-3.32726288,19.5439148,-46.2082825,2
1.35393804,0.0439706377,0.00870953009,-0.000290222381,0.998994865,0.0174956029,0.0879612118,-0.00135101207,0.170901213,-0.861492911,-9.76724153,0.0029780477,0.038783758,0.0940682768,-0.0345012024,-0.104381964,-0.0206519123,-3.16166687,19.4716034,-46.3496094,2
1.36389604,0.0439062197,0.00816827332,-0.00043445871,0.999002214,0.0164224348,0.0878306044,-0.00159146159,0.160421083,-0.860217046,-9.76753146,-0.0499881293,0.127290455,-0.0341799175,0.0107925087,-0.114494786,-0.0282733478,-3.22104645,19.6266937,-46.1616211,2
1.37385304,0.0440737641,0.00760628106,-0.000642820519,0.998999111,0.0153140737,0.0881636927,-0.00196245235,0.149590632,-0.86347086,-9.76741631,-0.101706197,0.131292457,-0.212064542,0.0554372668,-0.111012861,-0.0443444811,-3.23511505,19.5274963,-46.2661438,2
1.38381104,0.044432604,0.00706368958,-0.000894676151,0.998987027,0.014249299,0.0888795227,-0.0024248296,0.139181603,-0.870463276,-9.76694986,-0.101023631,0.0802254832,-0.296927183,0.0890748575,-0.111001141,-0.0435452648,-3.39163208,19.541214,-46.3332825,2
1.39376904,0.0449139048,0.0065540554,-0.00111477608,0.998968736,0.0132485485,0.0898413708,-0.00282739605,0.129396104,-0.87985815,-9.76624259,-0.0322808972,0.0520613189,-0.286261997,0.0995476916,-0.0939265639,-0.0317608863,-3.39261627,19.4365692,-46.4951782,2
1.40372604,0.0453585915,0.00620110907,-0.00124655455,0.9989507,0.0125542554,0.0907309667,-0.00306565477,0.122605567,-0.888546557,-9.7655435,0.0363099518,0.0471327034,-0.131936527,0.0766921788,-0.0478078052,-0.0132061131,-3.45788574,19.3399353,-46.2022705,2
1.41368404,0.0456490808,0.0061005613,-0.00127786792,0.998938138,0.0123566256,0.0913124646,-0.00312300782,0.120669201,-0.894225479,-9.76504899,0.0518633578,0.025577655,0.0351636678,0.039694272,0.00699776318,0.00315766083,-3.45788574,19.3399353,-46.2022705,2
1.42364104,0.0457798869,0.00622964886,-0.00121811437,0.998931443,0.0126106866,0.0915746962,-0.00301665517,0.123147154,-0.896786343,-9.76478304,0.0631520372,0.0260435189,0.0978951416,0.0158754904,0.0435688272,0.0178127699,-3.43265533,19.3400726,-46.3169861,2
1.43359904,0.0458327988,0.00650767413,-0.00109500798,0.998927356,0.0131573984,0.0916814049,-0.00279594271,0.128484396,-0.897828399,-9.76461878,0.0539242358,0.0742215666,0.111647188,0.0108859185,0.0703135729,0.0276131351,-3.52357483,19.2731323,-46.3463135,2
1.44355704,0.045920504,0.00690799694,-0.000926814211,0.998920784,0.0139454471,0.0918582146,-0.00249659358,0.136177133,-0.899555077,-9.76435575,0.0330634076,0.0814846895,0.0660433748,0.0245186407,0.0952295735,0.0334830098,-3.51813507,19.3009644,-46.2750854,2
1.45351442,0.0460930042,0.00745111943,-0.00071087038,0.998909138,0.0150158628,0.0922054499,-0.00211606924,0.146624275,-0.902945888,-9.76389164,-0.0104536808,0.0326519042,0.0666267276,0.0423796587,0.127192572,0.0448097289,-3.48535156,19.3463898,-46.3397217,2
1.46347242,0.0463161044,0.00810867582,-0.000441731742,0.998893833,0.016311016,0.092655095,-0.00164064893,0.159263236,-0.907336524,-9.76328607,-0.0398520631,8.21253255E-05,0.0955003554,0.0444899462,0.137529895,0.0521768294,-3.36125183,19.2886047,-46.5381775,2
1.47343042,0.0465062204,0.00875658138,-0.000126956317,0.998879634,0.0175822976,0.0930401847,-0.00107273909,0.171668837,-0.911096754,-9.7627261,-0.0164942761,0.0306274857,0.169908238,0.0300888475,0.126528785,0.060559649,-3.27767181,19.2419586,-46.3662109,2
1.48338742,0.0465916774,0.00930336032,0.000209266028,0.998870647,0.0186482455,0.0932169529,-0.0004508162,0.182072285,-0.912822701,-9.76237597,-0.00355424015,0.0613831279,0.257545605,0.00478935055,0.0985376388,0.0626329258,-3.21075439,19.241333,-46.3391418,2
1.49334542,0.0465597724,0.00968178396,0.000534127135,0.998868516,0.0193771508,0.0931592149,0.000166202927,0.189189113,-0.912258929,-9.76229356,0.0241944753,0.107955275,0.247138193,-0.017469421,0.0600345172,0.0583621636,-3.17494202,19.4016571,-46.3360291,2
1.50330342,0.0464194278,0.00985312681,0.00081210095,0.998873205,0.0196948183,0.0928837484,0.000710682264,0.192295208,-0.909569252,-9.76248411,0.0406909251,0.12741189,0.175801388,-0.0384833626,0.0152987391,0.0487489514,-3.26400757,19.3690948,-46.3234253,2
1.51326042,0.0461766056,0.00982156944,0.00102220097,0.998884581,0.0196117405,0.0924017106,0.00113993128,0.191492732,-0.904862316,-9.76293712,0.048526368,0.110285033,0.122534493,-0.0595021471,-0.0224348065,0.038808085,-3.27094269,19.442627,-46.3365173,2
1.52321842,0.0458314398,0.00959397774,0.00119764348,0.998902362,0.0191387135,0.0917137671,0.00151963342,0.186886444,-0.898144479,-9.76364672,0.112089872,0.0498472961,0.0491734885,-0.0789831728,-0.0628562644,0.0370008647,-3.22279358,19.3680878,-46.4830017,2
1.53317642,0.045391933,0.00920696178,0.00135681864,0.998925966,0.0183476374,0.0908362121,0.00188264198,0.179177002,-0.889574438,-9.76457553,0.17696086,0.0146418349,0.00431377155,-0.0968704522,-0.0875060931,0.0347489864,-3.12084198,19.4226227,-46.3946838,2
1.54313342,0.0448898903,0.00879538947,0.00152655815,0.998952041,0.0175067737,0.0898333258,0.00226942156,0.170981786,-0.879779532,-9.76561013,0.160914803,-0.0193944363,0.00145721307,-0.104917459,-0.0676474348,0.040937908,-3.2862854,19.2829437,-46.4336243,2
1.55309142,0.0443892636,0.00857516254,0.00175465357,0.998976018,0.0170450218,0.088834507,0.00275529147,0.166487379,-0.87002357,-9.76656174,0.121116497,-0.0670087127,-0.0264712428,-0.0935617685,-0.0156632494,0.0529394411,-3.3952179,19.5164948,-46.2013245,2
1.56304942,0.0440100941,0.008593173,0.00204971749,0.998992071,0.0170555478,0.0880805439,0.00335193064,0.166601324,-0.862658594,-9.76721289,0.0786550921,-0.117618883,-0.0844774416,-0.0572522283,0.0267984569,0.0629915446,-3.38157654,19.5426788,-46.2825928,2
1.57300642,0.043852182,0.00881524554,0.00237667567,0.998996407,0.0174724965,0.0877708969,0.00399081818,0.170678401,-0.859633766,-9.76740929,0.0605120806,-0.101639808,-0.164786658,-0.00539489649,0.0682391077,0.062190488,-3.36445618,19.5988312,-46.129425,2
1.58296442,0.043944394,0.00921957625,0.00268168013,0.998987833,0.0182563928,0.0879626682,0.00456530052,0.178331966,-0.861507086,-9.76710768,-0.00714618196,-0.0304842048,-0.1707745,0.038563773,0.0954227969,0.0524150915,-3.2052002,19.5265808,-46.2461548,2
1.59292242,0.0441982681,0.00968311008,0.0029139041,0.998971549,0.0191648573,0.0884774482,0.00498538248,0.187196441,-0.866535727,-9.76649685,-0.0722743964,0.0544508444,-0.0712777683,0.0591377728,0.0889394283,0.0319517627,-3.04075623,19.7206116,-46.4339905,2
1.60287942,0.0444870118,0.0100609115,0.00303760784,0.998954684,0.0199107419,0.0890598251,0.00519431477,0.194470981,-0.872224441,-9.76584803,-0.129228638,0.114308443,-0.00803074624,0.052858036,0.0617078021,0.0116944294,-3.01641846,19.6850052,-46.3866272,2
1.61283742,0.0446542385,0.0102610648,0.00307652816,0.998945094,0.0203082058,0.0893964262,0.00525115831,0.198346562,-0.87551223,-9.76547628,-0.144327021,0.120588912,0.0767407099,0.00974115171,0.017364556,0.0030323572,-3.06684113,19.6182938,-46.1967773,2
1.62279542,0.0445372394,0.0102651917,0.00310506647,0.998950145,0.020314335,0.0891628057,0.0053103662,0.198410567,-0.87323033,-9.76567911,-0.0763058986,0.108879842,0.133207278,-0.056617368,-0.0129278377,0.00707929675,-3.04218292,19.5633926,-46.3993225,2
1.63275242,0.0441305322,0.0101395828,0.00315840983,0.998969351,0.0200590754,0.0883490389,0.00543660961,0.195931975,-0.865281417,-9.76643665,-0.0076874675,0.0311998057,0.113464467,-0.105382927,-0.0362309031,0.0163125396,-2.99315643,19.6375198,-46.416687,2
1.64271042,0.0435717046,0.00994512268,0.00327126913,0.998995415,0.0196612132,0.0872315195,0.005690983,0.192065143,-0.85436452,-9.76747417,0.0241615776,-0.0304442381,0.0326508082,-0.116926134,-0.0354591198,0.0301777534,-3.00453949,19.6744308,-46.2420959,2
1.65266842,0.0430534988,0.00983066946,0.00344608686,0.999018449,0.0194186186,0.0861969334,0.00606146038,0.189712662,-0.844256822,-9.76839947,0.0723031658,0.0148139036,-0.133868957,-0.0884094983,-0.00406772085,0.0391698964,-3.19927216,19.6155624,-46.2948914,2
1.66262542,0.0427390185,0.00990416325,0.0036411917,0.999030552,0.0195506587,0.0855716916,0.00645238913,0.191012767,-0.838147837,-9.76889982,0.0497545033,0.00795687729,-0.289140767,-0.0387716405,0.0376230031,0.0376329869,-3.04441833,19.6661606,-46.4657898,2
1.67258342,0.0426739289,0.010128854,0.00382780011,0.999030372,0.019985611,0.0854465827,0.00680859361,0.195263848,-0.836925456,-9.76892087,0.00749547032,0.045191287,-0.30842356,0.0114641711,0.0532128178,0.0327696353,-3.07590485,19.7359695,-46.210144,2
1.68254142,0.0428113299,0.0103845969,0.00398584957,0.999021294,0.0204842387,0.0857266062,0.00710087621,0.200130066,-0.839661457,-9.76858769,-0.0195170946,0.0937164676,-0.263566181,0.0406942293,0.0511355549,0.0242128968,-2.98622131,19.7893295,-46.2525635,2
1.69249842,0.0430286093,0.0106015997,0.00408906575,0.999009329,0.0209093907,0.0861652475,0.00728477565,0.204275459,-0.843947244,-9.76813235,-0.0624186266,0.0948597925,-0.153888247,0.0449435003,0.0333753563,0.0129890535,-3.00531769,19.7449265,-46.1986084,2
1.70245642,0.0431996353,0.0106908763,0.00414489068,0.999000631,0.0210826657,0.0865094148,0.00738549865,0.205961896,-0.84730978,-9.7678056,-0.0992699188,0.069042995,-0.00786883368,0.0224136915,0.00299321627,0.011362928,-2.82266998,19.8717422,-46.1818237,2
1.71241342,0.043243704,0.0106431278,0.00420594474,0.998998946,0.020981343,0.0865985559,0.00751118932,0.20497062,-0.848180644,-9.76775124,-0.0560808385,0.056895388,0.0912859526,-0.00518617872,-0.0202864334,0.0133386776,-2.85186768,19.8264236,-46.1286316,2
1.72237142,0.0431748922,0.0104975458,0.00426698576,0.999003267,0.0206844464,0.0864609854,0.00764764607,0.202072998,-0.846836609,-9.76792776,-0.018467275,0.0346020884,0.0609369915,-0.0222647637,-0.0356515385,0.0118560959,-2.77031708,19.8124619,-45.9769287,2
1.73232942,0.0430532279,0.0102999342,0.00431570006,0.999010421,0.020284604,0.0862169234,0.0077648873,0.198171534,-0.844452125,-9.76821418,-0.017408925,0.00408573494,0.0440150828,-0.0239893552,-0.0398655199,0.0106766988,-2.76834869,19.8586655,-46.3561401,2
1.74228642,0.042973174,0.01012465,0.00434834393,0.999015515,0.0199307094,0.0860559632,0.00784706795,0.19471732,-0.842879469,-9.76841993,-0.0157503624,0.0180753896,-0.0244634101,-0.00730065443,-0.027795542,0.00390188373,-2.94426727,19.7991257,-46.4013977,2
1.75224442,0.0429952976,0.0100322055,0.00430111686,0.999015639,0.0197492389,0.0860985836,0.0077599125,0.192943917,-0.843295868,-9.76841876,-0.0516856722,0.0172946875,-0.184576231,0.0165160261,-0.01597891,-0.0200330354,-3.02859497,19.5846329,-46.4624329,2
1.76220242,0.0431061356,0.00997091291,0.00415306588,0.999012095,0.0196384516,0.0863170677,0.00746617676,0.191858077,-0.845430542,-9.76825568,-0.10895846,-0.00735576959,-0.245492179,0.0296102576,-0.00584105402,-0.0330724046,-3.12940216,19.4962387,-46.3197021,2
1.77215942,0.0432397951,0.0100247739,0.00401824396,0.999006405,0.0197574206,0.0865823655,0.00718855394,0.193015759,-0.848022458,-9.76800843,-0.0369433726,0.0428209777,-0.193366271,0.0240683891,0.0234983303,-0.0212241206,-3.12940216,19.4962387,-46.3197021,2
1.78211742,0.0433264852,0.0102113987,0.00395123634,0.999001011,0.0201370989,0.0867558886,0.00703625087,0.196721481,-0.849717791,-9.76778689,0.037162477,0.0243151608,-0.182514622,0.0122356983,0.0500332676,-0.00885799807,-3.04940796,19.5212631,-46.4013062,2
1.79207542,0.0433781179,0.0105271003,0.00393539336,0.998995549,0.0207714302,0.0868611346,0.00697594538,0.202915605,-0.850746038,-9.76757062,-0.00868561169,-0.00727758979,-0.148314246,0.0122963283,0.0774593651,-0.0016704516,-3.06489563,19.5732956,-46.4677734,2
1.80203242,0.0434748754,0.0109634655,0.00397034054,0.998986498,0.0216431381,0.0870586152,0.00700595269,0.211426353,-0.852675325,-9.76722224,-0.0118094063,0.0601929682,-0.13340017,0.0274885967,0.0988703817,0.00737790484,-2.8902359,19.6318893,-46.2308655,2
1.81199042,0.0436641638,0.0114652762,0.00404862779,0.998972229,0.0226418597,0.0874428035,0.0071149338,0.221173548,-0.856428613,-9.76667806,0.0284223586,0.0799574069,-0.122571902,0.0478557348,0.0995707288,0.0127602406,-2.87128448,19.5985184,-46.125824,2
1.82194842,0.0439217963,0.011907684,0.00413520929,0.99895546,0.0235203374,0.0879637123,0.00724383611,0.229742749,-0.861517315,-9.76603274,0.0114734523,0.0914805983,-0.0341828401,0.0536502413,0.0729649514,0.0132393427,-2.97147369,19.575798,-46.342804,2
1.83190542,0.0441618908,0.0121498904,0.00419823547,0.998941771,0.0239993688,0.0884476066,0.00734323127,0.234410923,-0.86624427,-9.76550317,0.0216193823,0.0918680633,0.0752718063,0.0362864174,0.0247520525,0.00737945363,-2.91458893,19.5606766,-46.3391113,2
1.84186342,0.0442508672,0.0121423042,0.00420239059,0.998937792,0.0239833114,0.0886257538,0.00735015158,0.234250417,-0.867984465,-9.76535294,0.0419809832,0.0496148025,0.158618783,-0.00295126648,-0.0282259434,-0.00381034962,-2.93053436,19.56884,-46.3197021,2
1.85182142,0.0441489213,0.0119086425,0.00417023455,0.998945302,0.0235179731,0.0884192032,0.00730878106,0.229710399,-0.865966768,-9.76563994,0.0779448797,0.00120944885,0.215169522,-0.0353237018,-0.0619781725,-0.00360641466,-2.86427307,19.5677719,-46.2875671,2
1.86177842,0.0439438319,0.0115869724,0.00415239551,0.998958231,0.0228753741,0.08800589,0.00730612702,0.223443137,-0.86192933,-9.76614205,0.0943875353,-0.0535551376,0.149682027,-0.0450650118,-0.0655507967,0.00123388064,-2.87298584,19.5172195,-46.4330139,2
1.87173642,0.0437546181,0.0113046975,0.00415512101,0.998969764,0.022309929,0.087625116,0.00734064402,0.217928191,-0.858209578,-9.76659447,0.0463322007,-0.0794212542,0.00648176323,-0.0278675351,-0.045888029,0.00293889944,-2.81808472,19.7103958,-46.2047424,2
1.88169442,0.0436905795,0.0111383453,0.00417829063,0.998974326,0.0219745602,0.0874962093,0.00740311549,0.214655197,-0.856950299,-9.76677742,-0.0243157818,-0.0740964059,-0.0799748695,0.0026877108,-0.0172619764,0.0082521718,-2.81732941,19.6318588,-46.4186401,2
1.89165142,0.043802357,0.0111390364,0.00422206456,0.998969243,0.0219714783,0.0877209325,0.00748845612,0.214620857,-0.859145617,-9.7665857,-0.0455299809,-0.0325464711,-0.147504099,0.0407048464,0.0186021905,0.0089913588,-2.78643799,19.639473,-46.1807861,2
1.90160942,0.0440956297,0.0113129303,0.00428514118,0.998954112,0.0223130796,0.0883107174,0.00759327985,0.217945782,-0.864907103,-9.76600352,-0.0584317307,-0.0202010034,-0.211981539,0.0742835775,0.0498695634,0.0141765326,-2.85460663,19.4987717,-46.3642273,2
1.91156742,0.0444940468,0.0116303582,0.00439473742,0.998932318,0.0229378217,0.0891132044,0.00777606018,0.224030983,-0.872745834,-9.76516824,-0.0604766805,-0.0322640009,-0.150717216,0.0849227831,0.0792581216,0.0270351432,-2.79136658,19.630394,-46.305542,2
1.92152442,0.0449062109,0.0120951519,0.00458946286,0.998907449,0.0238503501,0.0899465523,0.00811549772,0.232924447,-0.880885448,-9.76422891,-0.00577418122,-0.0607856004,-0.0861146874,0.0805594549,0.109632276,0.04399921,-2.88554382,19.3444138,-46.5393982,2
1.93148242,0.045304957,0.0126742159,0.00484394367,0.998881044,0.0249865798,0.0907558475,0.00856398664,0.244000808,-0.888789572,-9.76324224,0.0439022884,-0.0687429891,-0.0405640656,0.079191871,0.123234369,0.0473371372,-2.8306427,19.3965683,-46.5291443,2
1.94144042,0.0457004455,0.0132417851,0.00508987037,0.998854498,0.0261002887,0.0915588588,0.00899556837,0.254855362,-0.896631737,-9.76224796,0.0117992137,-0.00194375448,-0.0210585701,0.0799463466,0.104716875,0.0412116013,-2.89615631,19.2225418,-46.6196899,2
1.95139742,0.0461128484,0.0136626784,0.00528140446,0.998828877,0.0269243518,0.0923934025,0.00933031934,0.262879751,-0.904781214,-9.76128292,0.0341512577,0.133397759,-0.0721516285,0.0851572454,0.0656993091,0.0274304468,-2.7408905,19.4281082,-46.5129395,2
1.96135542,0.0465462019,0.0139034848,0.00537965555,0.998804887,0.0273954073,0.0932658936,0.00949354568,0.267456101,-0.913300547,-9.76036522,0.00757819844,0.163015995,-0.0823468593,0.0876520947,0.032990627,0.00971696433,-2.74491119,19.2140579,-46.8205872,2
1.97131242,0.0469519076,0.0140144016,0.00539470569,0.99878428,0.0276137523,0.0940795828,0.00950245301,0.269566608,-0.92124515,-9.75956092,0.022675997,0.163777992,-0.101706809,0.0735244751,0.0099460911,-0.00251155999,-2.64169312,19.3461533,-46.9519348,2
1.98127042,0.0472062164,0.0139558078,0.00538106289,0.998773181,0.0274956911,0.0945877807,0.00947381071,0.268401474,-0.926206718,-9.75912311,0.0771121187,0.155721161,-0.0294201558,0.0228338726,-0.0343806297,0.00284086098,-2.7558136,19.2829971,-46.8122864,2
1.99122842,0.0471414972,0.0137534165,0.00543472094,0.998778744,0.0270848745,0.0944577428,0.0096024069,0.264395508,-0.924937136,-9.75935283,0.164466248,0.195152935,0.17386779,-0.0498776957,-0.0402249731,0.0233980548,-2.69303131,19.3617783,-46.7480469,2
2.00118542,0.0467482735,0.0135803892,0.00558374593,0.998798743,0.0267264292,0.0936728225,0.00992804517,0.260916616,-0.917273762,-9.76016999,0.228099438,0.235523232,0.157924955,-0.104818173,-0.0227378588,0.0344158188,-2.65299988,19.3420486,-46.857666,2
2.01114342,0.0462151046,0.0135028968,0.00575199902,0.998823714,0.0265592884,0.0926091416,0.0102866511,0.259311062,-0.906887831,-9.76118296,0.07423154,0.215560494,-0.0712041185,-0.104652867,-0.00319941645,0.0319546014,-2.71405029,19.4100342,-46.7050476,2
2.02110142,0.0458090411,0.0135055505,0.00591432326,0.998841391,0.0265528602,0.0918005699,0.0106225164,0.259267698,-0.898992109,-9.76191479,-0.0776072636,0.165616606,-0.209336578,-0.0567884035,0.00642125262,0.0304150283,-2.70922089,19.4877014,-46.707428,2
2.03105842,0.0456903473,0.0134944009,0.00607265299,0.998845991,0.0265169158,0.0915670382,0.0109442291,0.258922355,-0.896711597,-9.7621334,-0.164949575,0.0508086154,-0.246526783,0.00943663996,-0.0113015678,0.0313933603,-2.63382721,19.4127502,-46.7630005,2
2.04101642,0.0458891156,0.013342842,0.00619241687,0.998838289,0.0262000583,0.0919664449,0.011193399,0.25581975,-0.900611965,-9.76185633,-0.165887166,-0.0272924961,-0.246205881,0.0674075335,-0.0509903915,0.0200259238,-2.60787201,19.5110626,-46.727417,2
2.05097442,0.0462856044,0.0129571777,0.00622412036,0.998824768,0.0254197261,0.0927566629,0.011282891,0.248184012,-0.908328312,-9.76133845,-0.163189506,-0.0328937501,-0.0614718291,0.0866172388,-0.102180593,0.0028262476,-2.63196564,19.3795319,-47,2
2.06093142,0.0466808453,0.0123562447,0.0061476672,0.998814569,0.0242174639,0.0935392864,0.0111762491,0.236430848,-0.915969986,-9.76091642,-0.169841731,0.0465738274,0.148795308,0.0660725459,-0.138328224,-0.0206401944,-2.71943665,19.4568024,-46.8690491,2
2.07088942,0.0469011072,0.0116206238,0.00594808081,0.998814295,0.0227581049,0.0939674594,0.0108400504,0.222176989,-0.920150486,-9.76085797,-0.128952379,0.0429731725,0.246899124,0.0188351832,-0.160813123,-0.0451382697,-2.92938995,19.0762024,-46.843689,2
2.08084742,0.046843638,0.010789494,0.00565203847,0.998827967,0.0211186464,0.0938370884,0.0103255997,0.206176707,-0.918877617,-9.76132851,-0.0560898255,-0.0232423439,0.342240489,-0.0444958545,-0.176174238,-0.0576247685,-2.93839264,19.3112183,-46.8291626,2
2.09080442,0.046458987,0.00989110797,0.00533345054,0.998856986,0.01934894,0.093051499,0.00977810381,0.188915612,-0.911207228,-9.76239702,0.0720527347,-0.0328580212,0.42890112,-0.111144535,-0.188319728,-0.053749036,-3.20739746,19.2557373,-46.7174683,2
2.10076242,0.0457613753,0.00895667112,0.00503201,0.998899605,0.0175074397,0.0916403911,0.00927224546,0.170960177,-0.897427928,-9.76400445,0.155848715,-0.00339205359,0.406267263,-0.167779326,-0.18920283,-0.0522163846,-3.19210815,19.4672546,-46.6055908,2
2.11072042,0.0448615622,0.00806665039,0.00475293154,0.998949307,0.015754066,0.0898262825,0.00880773353,0.153865378,-0.879710778,-9.76590064,0.124161656,-0.0179668146,0.276931858,-0.192167416,-0.169048086,-0.0457674265,-3.24408722,19.4262695,-46.4777527,2
2.12067742,0.043922971,0.00734872037,0.00453463732,0.998997641,0.0143402601,0.0879378308,0.00844736976,0.140081712,-0.861264509,-9.76775241,0.124328317,-0.0893847951,0.0993675522,-0.181420758,-0.11605864,-0.0297162868,-3.24408722,19.4262695,-46.4777527,2
2.13063542,0.0431351335,0.00699206877,0.00442610705,0.999034952,0.0136400501,0.0863561993,0.00827137993,0.133260616,-0.845812819,-9.76919793,0.0715936293,-0.112617641,-0.174071203,-0.131187007,-0.0231358409,-0.0110567817,-3.34113312,19.5356445,-46.4508667,2
2.14059342,0.042670325,0.00709063702,0.00442178249,0.999054338,0.0138414204,0.0854265179,0.0082602982,0.135238665,-0.836729422,-9.76995313,0.011855483,-0.106737277,-0.425156088,-0.0539510734,0.0584740676,0.00592007115,-3.47306061,19.4858856,-46.3620605,2
2.15055042,0.0426256218,0.00751557081,0.0044878801,0.999052788,0.014688289,0.0853415057,0.0083570579,0.143513522,-0.835898743,-9.76990578,-0.0170693726,-0.0501071161,-0.570501548,0.0352916606,0.111169927,0.0128349876,-3.3833313,19.8011475,-46.1091003,2
2.16050842,0.0429691155,0.00811874655,0.00457077914,0.999032896,0.0158884186,0.0860354389,0.00846642281,0.155229323,-0.842678905,-9.76914415,-0.0169638116,-0.00157791684,-0.621391192,0.102548458,0.128441855,0.0113622602,-3.25421143,19.746994,-46.1803589,2
2.17046642,0.0435742013,0.00874328425,0.00462628061,0.999001261,0.0171319379,0.0872529303,0.00851384726,0.167359613,-0.854573633,-9.76791081,-0.0756313786,0.0347075946,-0.574890723,0.138242677,0.120167457,0.000815943349,-3.1437912,19.6912384,-46.3884277,2
2.18042342,0.0442448134,0.00925151525,0.00462918146,0.998967149,0.0181464546,0.0885997554,0.00846343482,0.177248189,-0.86773049,-9.76657635,-0.100633371,0.0571419832,-0.424642293,0.128776208,0.0795044526,-0.00496604573,-3.16784668,19.6062469,-46.2632751,2
2.19038142,0.0447820965,0.00953992651,0.00462241803,0.998940471,0.0187219548,0.0896776431,0.0084145164,0.182851215,-0.878258971,-9.76553181,-0.0664327759,0.0687179277,-0.19614275,0.0861205533,0.0362468883,-0.0019371839,-3.24988556,19.5020447,-46.4338989,2
2.20033942,0.0450866199,0.00961568365,0.00462457799,0.998926126,0.0188716856,0.090287962,0.00840648602,0.184303259,-0.884219926,-9.76496658,-0.0174569837,0.0454996223,-0.0347995107,0.0359692425,-0.00528031401,0.000418648589,-3.13101196,19.5133057,-46.543457,2
2.21029642,0.0451629873,0.0094818722,0.00461302627,0.99892399,0.0186037629,0.0904395015,0.00839406946,0.18168451,-0.885700008,-9.76488123,-0.0030168088,-0.00344824076,0.0990408045,-0.00226296647,-0.0448197871,-0.000902110245,-3.21525574,19.4195862,-46.509613,2
2.22025442,0.0451005826,0.00922868227,0.00458656711,0.998929298,0.0180986308,0.0903119604,0.00836506238,0.176753958,-0.884454319,-9.76508465,0.0165781916,-0.00693849403,0.141442022,-0.0185218304,-0.0530955605,-0.00585558964,-3.24684143,19.3948669,-46.3760986,2
2.23021242,0.0450116491,0.00897319872,0.00453872805,0.998935858,0.0175910149,0.090130936,0.00829375887,0.171799843,-0.882686286,-9.76533307,-0.0176727271,0.0203231685,0.108171621,-0.0146448081,-0.052199401,-0.00908251293,-3.31465912,19.3852997,-46.4415894,2
2.24016942,0.0449806848,0.0087029827,0.00447951617,0.998939887,0.0170544778,0.0900656875,0.00819992977,0.166561339,-0.882049011,-9.76548154,-0.0309892865,0.0148974902,0.129568045,0.00254136999,-0.0562245026,-0.00998026505,-3.2676239,19.4067383,-46.4271851,2
2.25012742,0.0450392732,0.00846303205,0.00441069376,0.998939674,0.0165789321,0.0901798696,0.00808262734,0.161915724,-0.883164206,-9.76545874,-0.0232012812,0.0396554263,0.081512162,0.019268591,-0.0413830057,-0.0134428628,-3.34416962,19.4690399,-46.2991333,2
2.26008542,0.0451686671,0.00829561133,0.00433102142,0.998935576,0.0162494262,0.090436259,0.00793593306,0.158694241,-0.885668298,-9.76528514,-0.0270128206,0.0556269755,0.00786649559,0.0320397802,-0.028828064,-0.0141986683,-3.35726166,19.3879089,-46.3885498,2
2.27004242,0.045334597,0.00819432325,0.00427382213,0.99892912,0.0160503493,0.0907667208,0.0078278207,0.1567455,-0.888895736,-9.76502327,0.0316485907,0.0394015246,-0.00137362644,0.0317868553,-0.0114379469,-0.00494353427,-3.26853943,19.4344482,-46.6799622,2
2.28000042,0.0454674666,0.00820587865,0.0042850252,0.998922912,0.0160716579,0.0910329929,0.0078471913,0.156949772,-0.8914962,-9.76478304,0.087259163,0.00698671708,0.0220282919,0.0232767239,0.0177955721,0.00849131402,-3.12509918,19.500824,-46.532959,2
2.28995742,0.0455733907,0.00839616167,0.0043613622,0.998916289,0.0164457569,0.0912478133,0.00798127641,0.160599599,-0.893594122,-9.76453169,0.0861531745,-0.024434111,-0.00455868622,0.0187064912,0.0620033368,0.0188998524,-3.17544556,19.4463043,-46.4689026,2
2.29991542,0.0456496465,0.00877491923,0.00449142664,0.99890888,0.0171932438,0.0914057277,0.00820625752,0.167895985,-0.89513631,-9.76426807,0.0546154969,0.0181086343,-0.0408855526,0.0129066594,0.090522863,0.0260195471,-3.10277557,19.3823853,-46.5671692,2
2.30987342,0.0456969296,0.00924388438,0.00464478043,0.998901838,0.0181197594,0.0915070184,0.00847006345,0.176941005,-0.896125468,-9.76401731,0.0108545532,0.0387004637,-0.0516103602,0.00932454132,0.0979070365,0.0263505057,-3.06365204,19.5426331,-46.466095,2
2.31983042,0.0457629827,0.00969401914,0.00478524426,0.998893869,0.0190095327,0.0916457362,0.00870930637,0.185626343,-0.897480097,-9.76373148,-0.0178822234,0.059358271,-0.0943932709,0.0162660703,0.0852684677,0.0207767747,-3.10282135,19.3815155,-46.5617981,2
2.32978842,0.0458749245,0.0100293323,0.00487129281,0.998885009,0.0196735958,0.0918744567,0.00884896843,0.192105987,-0.899713628,-9.76340064,-0.0518951685,0.0448324636,-0.0918809958,0.0278314669,0.0491571128,0.00828680303,-2.97984314,19.4739532,-46.6054688,2
2.33974642,0.0460438973,0.0101789784,0.00490730443,0.998875532,0.0199693288,0.0922147844,0.00890416187,0.194987205,-0.903037001,-9.76303707,-0.0324804018,0.0478564876,-0.0460071334,0.0384649336,0.0106400782,0.00354717486,-2.99781799,19.4868622,-46.5793457,2
2.34970342,0.0462444546,0.0101524304,0.0049186924,0.998866433,0.0199135759,0.0926162904,0.00892561788,0.194435654,-0.906957608,-9.7626846,0.05306529,0.0362147843,0.0308534034,0.0398863405,-0.02094917,0.00372366514,-3.06606293,19.4591217,-46.5296631,2
2.35966142,0.0463969921,0.0100005083,0.00495133659,0.998860743,0.0196046016,0.0929209601,0.00900236216,0.191413803,-0.909932605,-9.76246716,0.12716502,-0.0369757588,0.121616209,0.0186417699,-0.0374682285,0.0129155647,-3.09375763,19.40448,-46.5200195,2
2.36961942,0.0463949243,0.00978131453,0.00501218396,0.998862711,0.0191591125,0.0929160101,0.00914493502,0.187064796,-0.909884236,-9.76255601,0.141390109,-0.0935870691,0.230790869,-0.0198763348,-0.0491168872,0.0154775558,-2.97621155,19.5622406,-46.4204712,2
2.37957642,0.0462269827,0.00953674078,0.00507110185,0.998872578,0.0186641394,0.0925786433,0.00928897121,0.182238289,-0.906590017,-9.76295407,0.0863615748,-0.0627639878,0.225801391,-0.0470131487,-0.0464191064,0.010808235,-3.01568604,19.5339813,-46.5450134,2
2.38953442,0.0459716579,0.00932722843,0.00510635173,0.998886211,0.0182424509,0.0920661731,0.00938363007,0.178129794,-0.901585779,-9.763493,0.0409400228,-0.00911021204,0.089721772,-0.0536929816,-0.0352655537,0.00615946483,-2.93695068,19.6194763,-46.5930786,2
2.39949242,0.0457362372,0.00921244161,0.00512347643,0.998897996,0.0180123962,0.0915940882,0.009432655,0.175891313,-0.896975728,-9.76395827,0.00681660295,0.001692337,-0.103893505,-0.0403606631,-0.0109010916,0.00112209539,-2.98960114,19.580307,-46.5353088,2
2.40944942,0.0456149377,0.00921411452,0.00513770942,0.998903421,0.0180153967,0.0913515167,0.00946314717,0.175924521,-0.89460688,-9.76417513,-0.0211988554,-0.0297062062,-0.321698636,-0.00527077354,0.0108558051,0.00283299712,-2.93015289,19.6157837,-46.4249268,2
2.41940742,0.0456849545,0.00931415619,0.00516615214,0.998899092,0.0182129533,0.0914931506,0.00950981406,0.177851178,-0.895990005,-9.76401322,-0.00995743999,-0.10254326,-0.399970793,0.0334571786,0.0284078997,0.00711988797,-2.90545654,19.6343384,-46.3960876,2
2.42936542,0.0459379919,0.0094577043,0.00521961903,0.998885894,0.0184940421,0.0920020907,0.00959941649,0.180587271,-0.900960048,-9.76350585,-0.0113467755,-0.129146824,-0.320272987,0.0657510459,0.0270029455,0.0110137872,-3.04577637,19.4767151,-46.5125732,2
2.43932242,0.0463104719,0.00954713576,0.00528073881,0.998867542,0.018664845,0.0927498096,0.00970712724,0.18224229,-0.908261384,-9.76279858,-0.00716592784,-0.0771038441,-0.183014388,0.0794849694,0.00978560932,0.0111781042,-2.918396,19.6620636,-46.4526367,2
2.44928042,0.0466927847,0.00956531815,0.00531497758,0.998849372,0.018695053,0.0935160401,0.00976729357,0.182524139,-0.915742972,-9.76209423,-0.015079313,-0.0311653189,-0.0631102439,0.0689532608,-0.00287806895,0.00401124731,-2.9853363,19.5412598,-46.6080627,2
2.45923792,0.0469500722,0.00950560051,0.00532937118,0.998837741,0.0185717827,0.0940308315,0.00979721352,0.181311986,-0.920769203,-9.76164415,-0.031823655,-0.00369352076,0.0814385123,0.0323704854,-0.0201049913,0.00640489627,-2.9890213,19.5814819,-46.5296936,2
2.46919492,0.0470134536,0.00942916927,0.00536786431,0.998835291,0.0184142535,0.0941576892,0.00988055558,0.179772082,-0.922007732,-9.76155589,-0.0142725084,0.0178957222,0.15721593,-0.0038303365,-0.00721624633,0.0119743459,-3.04747772,19.3911285,-46.6126404,2
2.47915292,0.0469603911,0.0094230037,0.00541631389,0.998837689,0.018397743,0.0940522934,0.00997929096,0.17961269,-0.920978681,-9.76165584,-0.0419457292,-0.0329626507,0.0341641354,-0.0142110717,0.00278978236,0.00669143395,-3.04747772,19.3911285,-46.6126404,2
2.48911092,0.0469195857,0.00942584516,0.00543785185,0.998839383,0.0184017502,0.0939710145,0.0100229563,0.179653186,-0.920185192,-9.76172949,-0.109173491,-0.0590449672,-0.106420978,-0.000881810673,-0.0027218475,0.00249302783,-2.94676971,19.6121368,-46.5056152,2
2.49906792,0.0469765798,0.00941708244,0.00543379773,0.998836884,0.0183840748,0.0940849672,0.0100146492,0.179478725,-0.921297684,-9.76162779,-0.123813153,-0.0538921876,-0.166228089,0.0232142061,-0.00140784378,-0.00376167195,-3.03388214,19.4911804,-46.7332153,2
2.50902592,0.0471422891,0.00936815827,0.00539024257,0.998829728,0.0182886426,0.0944154446,0.00992898057,0.178541572,-0.924524244,-9.7613402,-0.10716407,-0.0780493082,-0.145117496,0.0384798013,-0.0213591419,-0.0120497094,-2.97149658,19.5981903,-46.5121765,2
2.51898392,0.0473318722,0.00919109736,0.00530129766,0.998822925,0.017940215,0.0947916615,0.00976404037,0.175134193,-0.928197161,-9.7610532,-0.077420454,-0.0616572686,0.0212917944,0.0330759808,-0.051517576,-0.0184484869,-3.13298035,19.3561096,-46.5484924,2
2.52894092,0.0474435193,0.00886972397,0.00518971949,0.998821158,0.0173050053,0.0950101216,0.00956888308,0.168930315,-0.930329862,-9.76095968,-0.0379970464,-0.00131539345,0.188193837,0.0080928551,-0.0778651312,-0.0175698083,-3.04794312,19.42099,-46.6358032,2
2.53889892,0.0474004878,0.00848927303,0.00509816496,0.998826834,0.0165505694,0.0949187833,0.00942212819,0.161567659,-0.929438174,-9.76116894,0.0242826285,0.030413843,0.31050738,-0.0264065322,-0.0748554915,-0.0116943428,-2.99940491,19.3487701,-46.7177429,2
2.54885692,0.0471962474,0.00817430699,0.00504596217,0.998839463,0.0159250736,0.0945060589,0.00935048005,0.155468155,-0.925408845,-9.76165117,0.0861969223,0.0640932636,0.305004107,-0.0547407269,-0.0507404953,-0.00347849587,-2.99112701,19.5473175,-46.6643982,2
2.55881392,0.0468962344,0.0080029387,0.00503938032,0.99885506,0.0155841832,0.0939036864,0.00935797017,0.152149148,-0.919527824,-9.76225907,0.0830815394,0.0990633086,0.148492525,-0.0616020933,-0.0159865096,0.00415918417,-3.15005493,19.4139709,-46.5696106,2
2.56877192,0.0466420674,0.00801206814,0.00507344921,0.998866676,0.015601327,0.0933954288,0.00942923329,0.152323783,-0.91456538,-9.7627226,0.0338257794,0.0602826923,-0.078493691,-0.0387545787,0.0225009657,0.00879684184,-3.17524719,19.4163666,-46.5464478,2
2.57872992,0.0465605575,0.00818624043,0.0051254272,0.998868782,0.0159466069,0.0932347091,0.00951843024,0.155696995,-0.912996084,-9.76281612,-0.026559396,0.0325268896,-0.300761062,0.00796152838,0.0454832464,0.00807645638,-3.07576752,19.3872375,-46.6877136,2
2.58868692,0.0467247678,0.00841433394,0.00515448089,0.998859032,0.0164002517,0.0935661186,0.00955281376,0.160120858,-0.916231925,-9.76244144,-0.0463959318,0.0369598305,-0.398699458,0.0581351221,0.0457199737,-0.000480502844,-3.181633,19.4810181,-46.5571899,2
2.59864492,0.0470988985,0.00863263955,0.00515305134,0.998839612,0.0168354568,0.0943172346,0.00952343892,0.164357874,-0.923565409,-9.76167981,-0.0941774545,0.0407019397,-0.347536842,0.0871377513,0.0387299731,-0.00313993543,-3.08455658,19.4039154,-46.7436218,2
2.60860292,0.0475155737,0.00877748478,0.00512418933,0.998818813,0.0171255784,0.0951523725,0.00944500391,0.167176676,-0.93171854,-9.76085739,-0.10238321,0.0186282742,-0.142907419,0.077363804,0.0163905304,-0.00743142096,-3.14138794,19.4062347,-46.5520325,2
2.61855992,0.0478102814,0.00878410737,0.0050911553,0.998804871,0.0171397305,0.0957419294,0.00937326404,0.167305362,-0.937473815,-9.76030384,-0.055824964,0.0121132663,0.125139122,0.0375189222,-0.0150715224,-0.0055554905,-3.0812912,19.362915,-46.6333923,2
2.62851792,0.0478698675,0.00866900322,0.00508504243,0.998803048,0.0169088446,0.0958600482,0.00937110349,0.165049966,-0.938626858,-9.76023195,0.0448919752,0.069081135,0.313011472,-0.0135408938,-0.0270147659,0.00289689377,-3.1526413,19.3670349,-46.5591125,2
2.63847592,0.0476854178,0.00857382831,0.00509927135,0.998812534,0.0167179098,0.0954900792,0.00941175468,0.163192191,-0.935015316,-9.76060955,0.0714399548,0.110959425,0.373094477,-0.059504386,-0.0101287272,0.00162177207,-3.16650391,19.3341675,-46.6593323,2
2.64843292,0.0473280776,0.00854440171,0.00510111608,0.998829805,0.0166614939,0.0947743774,0.00942394433,0.162652641,-0.92802838,-9.76128526,0.0103287575,0.0834722101,0.312269714,-0.0791298226,-0.00259554945,-0.00168848829,-3.12467194,19.3128204,-46.5785828,2
2.65839092,0.046954012,0.00855184769,0.00509297456,0.998847518,0.016680161,0.094025387,0.00941283901,0.16284641,-0.920716011,-9.76197441,-0.0156026245,0.0258815333,0.133992291,-0.0677274987,0.00696519902,-0.00158249447,-3.09024048,19.4425354,-46.6470032,2
2.66834892,0.0467034756,0.00859805592,0.00508287236,0.99885888,0.0167758102,0.0935240472,0.00939220939,0.163787856,-0.915821152,-9.76241923,-0.0247741566,-0.0245030846,-0.071763506,-0.0311569069,0.00817011856,-0.00488459645,-2.9726944,19.5116272,-46.667572,2
2.67830592,0.0466539306,0.00861912093,0.00506778818,0.998861094,0.0168198845,0.0934247978,0.00936075882,0.164219653,-0.914852088,-9.76250282,-0.0382244619,-0.0410344596,-0.163856683,0.0101351403,-0.000224697636,-0.00384143647,-2.96243286,19.5147858,-46.7406311,2
2.68826392,0.0467557017,0.00860547286,0.00503097148,0.998856682,0.0167951619,0.0936278108,0.00928653594,0.163975177,-0.916834274,-9.76232103,-0.0149357399,-0.00897518749,-0.166433256,0.0302198511,-0.00655344222,-0.0115969097,-2.9719696,19.5619202,-46.5102234,2
2.69822192,0.0469057631,0.00857392863,0.00494544229,0.998850275,0.0167387627,0.0939265178,0.00911548485,0.163420009,-0.919750746,-9.76205624,-0.0172236864,-0.0285043561,-0.1032517,0.0283575039,-0.0062114927,-0.0210505985,-3.11358643,19.403717,-46.6591187,2
2.70817892,0.0469985585,0.00857241351,0.00483669779,0.998846456,0.0167452931,0.0941104692,0.00889593717,0.163480909,-0.92154669,-9.76188556,0.00635815512,0.00172273214,-0.0119938047,0.00556493225,0.00352532277,-0.0209816657,-3.23738098,19.4109955,-46.4575195,2
2.71813692,0.0469556136,0.00862420065,0.00475486674,0.998848498,0.0168572571,0.0940235757,0.00872753322,0.164575243,-0.920698329,-9.76194752,0.0619764541,0.0402290615,0.0417880544,-0.0204501562,0.0148336375,-0.0134814056,-3.13301086,19.3401184,-46.6182556,2
2.72809492,0.0468122095,0.00870012329,0.0046983372,0.998854801,0.0170159586,0.0937361607,0.00860927009,0.166128976,-0.917892186,-9.76218542,0.0740397621,0.02230952,0.0168868374,-0.0328320377,0.0134674199,-0.00946893264,-3.12952423,19.4487915,-46.5952148,2
2.73805192,0.0466579421,0.0087480203,0.00465650036,0.99886184,0.0171170839,0.0934270014,0.00852334595,0.167121019,-0.914873642,-9.76245138,0.0444669182,0.0357511123,-0.0793628751,-0.0270913281,0.00811792817,-0.00737462286,-3.10889435,19.4038696,-46.4890747,2
2.74800992,0.0465700098,0.00880166236,0.00463329096,0.998865527,0.0172275066,0.0932510053,0.00847319689,0.1682018,-0.913155221,-9.762594,-0.00644318479,0.0495950018,-0.167507022,-0.0101221614,0.0121762324,-0.00581299886,-3.19135284,19.5090179,-46.4074402,2
2.75796792,0.0465600022,0.00885798737,0.00462495724,0.998865494,0.0173413769,0.0932312984,0.00845136812,0.16931378,-0.912962767,-9.76259283,-0.0789322833,0.0329424116,-0.187709268,0.00460698362,0.0114712939,-0.000750062987,-3.26998138,19.3213501,-46.5617981,2
2.76792492,0.0466030383,0.00888596824,0.00461847377,0.998863279,0.0173978355,0.0933175851,0.00843502122,0.169863577,-0.913805282,-9.76250457,-0.0576350091,0.00894508461,-0.165950441,0.0129098361,5.22620976E-05,-0.00227691117,-3.24960327,19.4460144,-46.5655212,2
2.77788292,0.0466818063,0.00884941524,0.00460720673,0.998859978,0.0173250047,0.0934747819,0.00841452867,0.169150077,-0.915340163,-9.76237305,-0.0253479744,-0.00702763361,-0.143785955,0.0163117591,-0.0149650369,-0.000181802316,-3.14970398,19.454483,-46.5482178,2
2.78783992,0.0467533125,0.00876269594,0.00461722664,0.998857377,0.017149559,0.093617388,0.00844159645,0.167435071,-0.916732495,-9.76227193,0.0321818756,-0.00847841694,-0.0650280602,0.00902425218,-0.0159838814,0.00618903572,-3.20245361,19.3621979,-46.6096802,2
2.79779792,0.0467494783,0.00871897152,0.00465738999,0.998857749,0.017058071,0.0936100277,0.00852635856,0.16654205,-0.916660671,-9.76229414,0.0576154641,-0.0167803813,-0.0263993466,-0.0128051462,-0.00175594306,0.0128000658,-3.12155914,19.3934326,-46.6246338,2
2.80775592,0.0466419225,0.00873986384,0.00475784918,0.998862124,0.0170913249,0.0933965881,0.00872773089,0.166870021,-0.914576632,-9.76248353,0.0930508799,-0.0333791956,0.0188315417,-0.0288297795,0.00950954296,0.0253169928,-3.19740295,19.406662,-46.3707886,2
2.81771292,0.0464931016,0.00879035672,0.00491352122,0.998867831,0.0171791609,0.093101752,0.00903779843,0.167732155,-0.911697861,-9.76273838,0.123014075,-0.0208452927,0.0053191492,-0.0288185924,0.0135602113,0.0339392424,-3.16368866,19.3645477,-46.3503113,2
2.82767092,0.0463945574,0.00885947266,0.00508894343,0.998870982,0.0173022233,0.0929081298,0.00938494633,0.168936635,-0.909807298,-9.76289386,0.0990647151,0.00808949069,-0.0398655619,-0.00956628565,0.0190340802,0.0340682194,-3.16377258,19.364502,-46.350647,2
2.83762892,0.0464042363,0.00896450891,0.00525229219,0.998868742,0.0174976699,0.0929313558,0.0097027376,0.170844387,-0.910034093,-9.7628395,0.0527145952,0.0141521517,-0.118030752,0.0133006806,0.0266957283,0.0292598847,-3.11962891,19.4003448,-46.4645691,2
2.84758592,0.0465016795,0.00911304394,0.00540347554,0.998862047,0.0177807923,0.0931305763,0.00999056937,0.17360523,-0.911979309,-9.7626092,0.0704540491,0.00337824426,-0.12005612,0.025305286,0.0371955521,0.0285294466,-3.08233643,19.4035797,-46.5476074,2
2.85754392,0.0466420115,0.00929277625,0.00554681743,0.99885308,0.01812683,0.0934159314,0.010258953,0.176978725,-0.914765505,-9.76228771,0.0604965177,-0.0617711043,-0.0313432328,0.0299287997,0.0360977985,0.0258886553,-3.05831909,19.3882904,-46.6076965,2
2.86750192,0.0467917297,0.00947383499,0.00566521451,0.998843672,0.0184777258,0.0937197247,0.0104769016,0.180399109,-0.917731662,-9.76194693,0.0413641847,-0.0987581151,0.0126081372,0.0317471772,0.0403980799,0.0198858865,-2.99245453,19.5021973,-46.486145,2
2.87745892,0.0469306561,0.00967433463,0.00575151507,0.998834791,0.0188707065,0.0940016049,0.0106287048,0.184230468,-0.92048381,-9.7616161,0.0230179971,-0.0784984402,0.0100333182,0.0225347709,0.0394981988,0.0107334005,-2.96348572,19.5135345,-46.5310364,2
2.88741692,0.0470044826,0.00982143294,0.00579667864,0.998829635,0.0191609682,0.0941518447,0.0107040981,0.187061234,-0.921950668,-9.76142379,-0.0404159989,-0.0448594978,0.0512906268,0.00800036453,0.0176180452,0.00435058307,-2.87950134,19.6204834,-46.421875,2
2.89737492,0.0470027379,0.0098574917,0.0058022371,0.998829347,0.0192328193,0.0941488466,0.0107118751,0.187762642,-0.921921368,-9.76141327,-0.0752348171,0.00838226309,0.0678898794,-0.00726594031,-0.00639674347,-0.00274168141,-2.95298767,19.5076599,-46.3679199,2
2.90733192,0.0469471035,0.00976587611,0.00577035101,0.998832944,0.0190524786,0.0940358602,0.0106575614,0.186004254,-0.920818303,-9.76155121,-0.096071689,0.0222428845,0.0307674787,-0.0125494832,-0.0315806828,-0.00694833742,-2.85894775,19.6006165,-46.5485229,2
2.91728992,0.0468746335,0.0095751067,0.00572991567,0.998838514,0.0186741212,0.0938879832,0.0105957252,0.182313419,-0.91937446,-9.76175697,-0.105548944,0.0718254653,-0.0275350727,-0.0158688463,-0.0422809981,-0.00488039292,-2.90389252,19.4609222,-46.6662903,2
2.92724792,0.046796421,0.00939284972,0.00570529385,0.998844051,0.0183114034,0.0937290079,0.0105648627,0.178775326,-0.917822336,-9.76196856,-0.0895909304,0.101996512,-0.0632365006,-0.0146464314,-0.0334179141,-0.00292129489,-3.01049042,19.5345917,-46.554718,2
2.93720492,0.0467488727,0.00924136117,0.00566759035,0.998847874,0.0180113846,0.0936315259,0.0105042782,0.17584815,-0.916870588,-9.76211119,-0.0989340562,0.102840343,-0.164997085,-0.00430990569,-0.0279009119,-0.0101927891,-3.09625244,19.5032654,-46.4504395,2
2.94716292,0.0467919155,0.00916451372,0.0055977816,0.998846982,0.0178633639,0.0937156469,0.0103706969,0.174401769,-0.917691914,-9.76205975,-0.0793815432,0.121468544,-0.304660408,0.0198041666,-0.00428880332,-0.015737839,-3.06360626,19.4967651,-46.4813843,2
2.95712092,0.0469305487,0.00918738291,0.0055305615,0.998840547,0.017914385,0.0939922279,0.0102312992,0.174895288,-0.920392259,-9.76179671,-0.0683529486,0.0750878281,-0.317642639,0.0321836025,0.00686824322,-0.0108189806,-3.09172058,19.4770508,-46.4060974,2
2.96707792,0.0471193828,0.00925003874,0.0054949606,0.998831383,0.0180418727,0.0943703046,0.0101507058,0.176133506,-0.924083515,-9.76142554,-0.00135641958,-0.010404855,-0.194562203,0.0419344679,0.0206861366,-0.00252134586,-3.04943085,19.5968933,-46.40271,2
2.97703592,0.0473329871,0.00939675934,0.00550936114,0.998819837,0.0183331307,0.0947997235,0.0101619677,0.178969314,-0.928275852,-9.76097604,0.076911372,-0.0115995446,-0.0850280612,0.0413293988,0.0330538526,0.00373681635,-3.03081512,19.4207153,-46.4352112,2
2.98699392,0.04750496,0.00954962996,0.00552953158,0.998810057,0.0186365388,0.0951459641,0.0101848348,0.181924858,-0.931655996,-9.76059961,0.0558496783,0.00330269481,0.0678238284,0.0262309834,0.0308512822,0.000358688878,-2.93572998,19.4254608,-46.6536865,2
2.99695092,0.0475942009,0.00968972966,0.00553025818,0.998804499,0.0189168822,0.0953260843,0.0101712968,0.184657991,-0.933414384,-9.76038042,0.0185502406,-0.00316891236,0.115938163,0.011719685,0.0218279622,-0.00315694977,-3.10177612,19.3091583,-46.5428162,2
3.00690892,0.0476034374,0.0097247709,0.00551113077,0.998803833,0.0189889604,0.0953445712,0.0101293906,0.185361171,-0.933594855,-9.76034944,0.00318259383,0.0139205349,0.053807578,-0.00540530123,-0.00396566512,-0.00607096171,-3.09651184,19.3829346,-46.4076538,2
3.01686692,0.047534007,0.00967233065,0.00545983259,0.998807929,0.0188892033,0.0952040583,0.0100327194,0.184389987,-0.932223128,-9.76049907,-0.0129049282,0.00835902835,0.0210369428,-0.0199906342,-0.0143099157,-0.0128385862,-3.02101898,19.4788818,-46.5358582,2
3.02682392,0.0474069118,0.0095873895,0.00538050584,0.998815221,0.0187273545,0.0949472537,0.00988392363,0.182814737,-0.929716114,-9.76076795,-0.0400600981,-0.0218309427,-0.00398293216,-0.0262478814,-0.0214236341,-0.0175560769,-3.05886078,19.4079132,-46.621582,2
3.03678192,0.0472803278,0.00947227068,0.00530250544,0.998822699,0.0185047798,0.0946912263,0.00974061144,0.180646636,-0.927216625,-9.76104619,0.00385691289,-0.0579989653,-0.0248041864,-0.0190893039,-0.0228353757,-0.0107551618,-2.94050598,19.4505463,-46.5687561,2
3.04673992,0.0472359978,0.00938794497,0.00526744876,0.998825796,0.0183392412,0.094601007,0.00967905831,0.179032333,-0.926335824,-9.76115958,0.0763994221,-0.075788816,-0.0544686723,0.00178810174,-0.0114034545,-0.00239817705,-2.88243103,19.5313873,-46.4222107,2
3.05669692,0.0473107055,0.00939844963,0.00527852327,0.998822136,0.0183586723,0.0947508908,0.00969897341,0.179219453,-0.927799101,-9.76101696,0.0669347706,-0.111136316,-0.0377016619,0.0259522945,0.0144177563,0.0076390109,-2.93202972,19.4905853,-46.5569458,2
3.06665492,0.0474682182,0.00952298399,0.00532743573,0.998813204,0.0186026667,0.0950683723,0.00978247716,0.181595589,-0.930898529,-9.76067794,0.0576753046,-0.103847109,-0.011256138,0.0339612626,0.0336553939,0.00872385781,-2.80259705,19.5156708,-46.4541321,2
3.07661292,0.0476287597,0.00970301749,0.00537840695,0.998803595,0.0189578043,0.095392535,0.00986466717,0.185056233,-0.934063057,-9.76031086,0.03117047,-0.0293054433,0.0114209732,0.029370239,0.0350812487,0.00872705318,-2.91001892,19.3884735,-46.5820312,2
3.08656992,0.0477507768,0.00985953306,0.00541876031,0.998796001,0.0192670602,0.0956391555,0.0099284061,0.18807021,-0.936470557,-9.7600221,0.00930217268,-0.0170218619,0.0246001882,0.02099034,0.0245537646,0.00415331032,-2.81645966,19.4303741,-46.4377136,2
3.09652792,0.0478235871,0.00995887168,0.00542169089,0.998791531,0.0194655571,0.0957859803,0.0099233906,0.190004868,-0.937903877,-9.75984733,-0.0289944229,-0.0410270069,0.0178407771,0.00747719314,0.0145120481,-0.00376586523,-2.78514862,19.4031677,-46.5234985,2
3.10648592,0.0478211526,0.0099685551,0.00539813864,0.998791567,0.0194872741,0.0957807318,0.00987523772,0.190216922,-0.937852586,-9.75984792,-0.0434220488,-0.0436220649,0.02696984,-0.0095059108,-0.011914717,-0.0067474721,-2.91593933,19.4638672,-46.5879517,2
3.11644292,0.0477480239,0.00983840885,0.00536171501,0.998796553,0.019230163,0.0956323264,0.00981600484,0.187710218,-0.936403921,-9.76003555,0.00352700508,0.00939735842,0.0106973351,-0.0216714963,-0.0367606767,-0.00522441044,-2.99367523,19.4612732,-46.7749939,2
3.12640092,0.0476246546,0.00965184502,0.00532713653,0.998804432,0.0188600463,0.09538283,0.00976675288,0.184102256,-0.933968365,-9.76033775,0.0309273272,-0.0106954354,-0.0383808763,-0.0313691311,-0.0384336747,-0.00274846982,-2.91530609,19.59375,-46.4920349,2
3.13635892,0.0474901153,0.0095085792,0.00533361094,0.998812188,0.0185729903,0.0951121799,0.009795855,0.181305173,-0.931326179,-9.76064287,0.063951243,-0.0390752883,-0.107957101,-0.026301669,-0.0230776221,0.00818061084,-2.95513153,19.4264679,-46.6999512,2
3.14631592,0.047397774,0.00942495552,0.00540847692,0.998816978,0.0183987812,0.0949278583,0.00995570026,0.179607922,-0.929526802,-9.7608457,0.0919847119,-0.0633203065,-0.145911861,-0.0127485935,-0.0110554034,0.0229147095,-2.99489594,19.4476624,-46.7861633,2
3.15627392,0.0473956181,0.0093952468,0.00553790067,0.998816684,0.0183268438,0.0949256243,0.0102182884,0.178905802,-0.929504955,-9.76086031,0.073533219,-0.0200968855,-0.170586868,0.00910077896,0.00201672316,0.0287371799,-3.001297,19.3673248,-46.8153076,2
3.16623192,0.0475118605,0.00941058477,0.00566488043,0.998810333,0.0183445023,0.095160852,0.0104696123,0.179074144,-0.931801323,-9.76063819,0.0241340868,0.0448976378,-0.262686475,0.0350017622,0.00153579609,0.0234087631,-2.84677124,19.4396515,-46.7633972,2
3.17618892,0.0477360866,0.00939192023,0.00575091715,0.998799275,0.0182968163,0.0956111665,0.010640153,0.17860101,-0.936197366,-9.76022669,-0.00771450163,0.0609654139,-0.331482948,0.0544596128,-0.00722547108,0.0118844667,-2.84677124,19.4396515,-46.7633972,2
3.18614692,0.048024186,0.00933737031,0.00579906772,0.998785711,0.018180108,0.0961882944,0.0107370504,0.177452041,-0.941831061,-9.75970529,-0.0329017691,0.0648035308,-0.260476983,0.0588410012,-0.0134580825,0.00999910384,-2.89167023,19.3723602,-46.6667175,2
3.19610492,0.0483062566,0.00924877138,0.00584151256,0.998772702,0.0179956081,0.0967528764,0.0108259821,0.175641777,-0.947341933,-9.75920494,-0.0263030832,0.0385911581,-0.157727971,0.0559176505,-0.020361796,0.00929709524,-2.99185181,19.243042,-46.605011,2
3.20606192,0.0485701766,0.00913765643,0.00587136289,0.998760814,0.0177672545,0.0972806428,0.0108922524,0.173404319,-0.952493251,-9.75874317,0.0164861476,0.0189026342,-0.0748410137,0.0505360588,-0.0272509083,0.00590309454,-2.98812866,19.235321,-46.8133545,2
3.21601992,0.0488002762,0.00897440949,0.00588484813,0.998750992,0.0174361336,0.0977398195,0.0109314782,0.170165355,-0.956974854,-9.75836206,-0.00451614398,-0.00893748582,0.0046837739,0.0404139161,-0.0376305804,0.00354326703,-2.90825653,19.198822,-47.015564,2
3.22597792,0.0489993045,0.00878760136,0.00588062121,0.998742797,0.0170597207,0.0981362026,0.0109381292,0.16648568,-0.960843366,-9.75804525,-0.00397887704,-0.014047157,0.0696095428,0.0365074798,-0.0387862474,-0.00156846689,-3.06958008,19.0913391,-46.8587952,2
3.23593492,0.0491568951,0.00860621251,0.00585649389,0.998736876,0.0166965298,0.0984493682,0.0109051035,0.162936609,-0.963899685,-9.75780384,-0.0150942914,-0.0371774919,0.0744552293,0.0271017272,-0.0350114815,-0.00403082557,-3.10757446,19.1486511,-46.750946,2
3.24589292,0.0492446663,0.00843952285,0.00583136233,0.998734166,0.0163635949,0.098622887,0.0108697911,0.159685133,-0.965593045,-9.75768986,-0.0232152732,-0.0103450145,0.156193601,0.0111005967,-0.0334043764,-0.00226353272,-3.15078735,19.109726,-46.8635254,2
3.25585092,0.0492666335,0.00825272307,0.00581655294,0.998734581,0.0159898792,0.0986645864,0.0108582377,0.156037881,-0.966000018,-9.75770857,-0.0334842999,0.0355517173,0.211877495,-0.00103249913,-0.040818084,-0.000893336255,-3.08644104,19.2067108,-46.6578369,2
3.26580792,0.0492552539,0.00803678947,0.00580343554,0.998737057,0.0155578293,0.0986392538,0.0108534738,0.151822428,-0.965752765,-9.75779975,-0.0349551123,0.040093014,0.140591543,-0.00222705468,-0.0448681638,0.00035285484,-3.06416321,19.2621002,-46.7376404,2
3.27576592,0.0492332019,0.0078216213,0.00581025799,0.998739794,0.0151254419,0.098592859,0.0108887986,0.147603943,-0.96529998,-9.75790906,-0.0513866071,-0.000761997348,0.071418638,-0.00466224924,-0.0414614454,0.00613324577,-3.04821777,19.1146088,-46.6586914,2
3.28572392,0.0492096789,0.0076562679,0.00583780505,0.998742051,0.0147910167,0.0985443593,0.0109607932,0.144341342,-0.964826736,-9.75800492,-0.0484232455,-0.0136552351,0.0248269827,-0.00458385702,-0.0216001011,0.00794678554,-3.07501221,19.289032,-46.5728455,2
3.29568092,0.0491961261,0.0076251452,0.00588104116,0.998742763,0.0147243953,0.0985175237,0.011050848,0.143691628,-0.964564798,-9.75804058,-0.0407405821,-0.017658041,-0.0251163211,0.00019252277,0.0099759344,0.0098109981,-3.18956757,19.1375732,-46.8128052,2
3.30563892,0.0492349882,0.00771779451,0.00594342656,0.998739784,0.0149038214,0.0985972967,0.0111663655,0.145441321,-0.965343308,-9.7579377,-0.0124131169,-0.0447121252,-0.0189344176,0.017371729,0.0253894962,0.0145188216,-3.15644836,19.1390686,-46.5961304,2
3.31559692,0.049356764,0.00784800864,0.00603908869,0.99873212,0.0151545248,0.0988440355,0.0113437712,0.147884056,-0.967751246,-9.75766239,0.0288383099,-0.039012233,-0.000205751705,0.0325650647,0.0277730245,0.0212323852,-3.07640839,19.0323944,-46.7059021,2
3.32555392,0.0495368738,0.00798273692,0.0061575955,0.998721476,0.0154113917,0.0992080465,0.0115656921,0.150385034,-0.971303458,-9.75727076,0.0451917071,-0.0175034349,-0.0332177945,0.0369818546,0.0285729244,0.023292359,-3.14102936,19.0799713,-46.5562134,2
3.33551192,0.0497035397,0.00810588917,0.00628291298,0.998711371,0.0156444044,0.0995451591,0.011802552,0.152653463,-0.974593074,-9.75690777,0.00596278086,0.01646189,-0.0358259311,0.0279265735,0.0230228975,0.0238750577,-3.14683533,19.0317841,-46.5395813,2
3.34546992,0.0498030272,0.00818372732,0.00638440135,0.998705131,0.0157894718,0.099746896,0.0119970388,0.154065759,-0.976561671,-9.75668858,-0.0333078474,0.0356388111,0.031442017,0.0111149969,0.0103035122,0.0151339397,-3.02427673,19.1836853,-46.7854309,2
3.35542692,0.0498153176,0.00816735286,0.0064372363,0.998704291,0.0157511752,0.0997721408,0.012104564,0.15369172,-0.976807974,-9.75666987,-0.0299410561,0.0777837161,0.0553653289,-0.00635960046,-0.0162647143,0.00712581445,-2.97722626,19.2276306,-46.8662415,2
3.36538492,0.0497454455,0.00801747313,0.00646357357,0.998708805,0.015448396,0.0996308177,0.012173458,0.150739738,-0.975428941,-9.756854,0.0123656062,0.0922661958,0.0940057329,-0.0227676854,-0.0396495908,0.00700165331,-2.95213318,19.2691345,-46.820343,2
3.37534292,0.0496039121,0.00776808638,0.00650058186,0.998717599,0.0149455857,0.0993449263,0.0122746649,0.145838029,-0.972639164,-9.75720705,0.0407604101,0.059997884,0.0430336706,-0.03205413,-0.0575516298,0.010811572,-2.99337006,19.2042542,-46.8493042,2
3.38529992,0.0494398266,0.00746384648,0.00654937711,0.998727791,0.0143317843,0.0990133273,0.012405142,0.13985363,-0.969403251,-9.7576168,0.0106821741,0.0400024862,-0.0488835656,-0.0352504961,-0.0581346191,0.0120442072,-2.95860291,19.2536163,-46.8366089,2
3.39525792,0.0492809117,0.00720271549,0.00660018563,0.998737268,0.0138043248,0.0986925815,0.0125351145,0.134711152,-0.966273209,-9.75799966,-0.0446289587,0.0243028858,-0.0995271267,-0.0305697247,-0.047250811,0.0118319551,-2.85935974,19.228714,-46.7626953,2
3.40521592,0.0491631988,0.00696943552,0.00664217622,0.998744426,0.0133332309,0.0984545068,0.01264396,0.130117267,-0.963949807,-9.75829134,-0.0663712733,-0.000915069018,-0.134250065,-0.0171745326,-0.048890315,0.00970279146,-2.9642334,19.2807312,-46.7674255,2
3.41517292,0.0491028532,0.00672268055,0.00666140135,0.998748849,0.0128367109,0.0983307837,0.0127076539,0.12527359,-0.962742404,-9.75847429,-0.0598816007,0.0107463619,-0.155914784,-0.00678926893,-0.0485118851,0.00454850961,-3.02007294,19.3677979,-46.7747803,2
3.42513092,0.0490947713,0.00651035401,0.00666442364,0.99875063,0.0124103066,0.0983119345,0.0127347813,0.121112753,-0.962558426,-9.75854502,-0.0374649762,-0.0323836087,-0.115292267,0.00340989279,-0.0362400338,-0.000588143012,-3.2168045,19.3314514,-46.6159058,2
3.43508892,0.0491174686,0.00635773926,0.00665156428,0.998750589,0.012104973,0.0983552801,0.0127237909,0.118132632,-0.962981474,-9.75853976,-0.0163786869,-0.0630851825,-0.031949382,0.00560806599,-0.0262313448,-0.000413705828,-3.15673065,19.4017792,-46.5318909,2
3.44504592,0.0491376079,0.00623619752,0.00665332155,0.99875036,0.0118605964,0.0983940785,0.0127391103,0.115747426,-0.963360098,-9.75853099,0.0475075646,-0.0703380763,0.0480979682,0.00328471907,-0.0246350393,0.00419758726,-3.17353821,19.4278564,-46.6792908,2
3.45500429,0.0491321242,0.00612356017,0.00667850751,0.998751162,0.0116320763,0.0983819546,0.012800855,0.113517539,-0.963241732,-9.75856898,0.0911870588,-0.0206271199,0.0487345126,-0.00427013636,-0.0224254131,0.00928528979,-3.22421265,19.338974,-46.6743469,2
3.46496229,0.0491018154,0.00602821069,0.00670889707,0.998753016,0.011438038,0.09832039,0.012871588,0.111624675,-0.962640917,-9.75864965,0.0881418824,0.0151340024,-0.00969254197,-0.00611335691,-0.0148210414,0.00358228502,-3.27650452,19.3520966,-46.5786438,2
3.47491929,0.0490920554,0.00599034582,0.00671150034,0.998753817,0.0113618927,0.0983003996,0.0128806534,0.110881821,-0.962445833,-9.7586777,0.0175076088,0.0117965285,-0.0967541548,0.00348787149,5.77738974E-05,-0.00265776739,-3.40047455,19.1750641,-46.6503906,2
3.48487729,0.049142027,0.00602298121,0.00670925589,0.99875121,0.011427032,0.0984008586,0.0128724154,0.111516383,-0.963426222,-9.75857366,0.0038545748,0.0334269072,-0.165242585,0.0168785769,0.0178541876,0.00163919409,-3.3615799,19.087738,-46.6534424,2
3.49483529,0.0492495745,0.00616482452,0.00674005983,0.998744741,0.0117074328,0.0986183856,0.0129190983,0.114250238,-0.965549132,-9.75833225,0.0258109431,0.0256737358,-0.153961897,0.0272422675,0.0371384025,0.00915569998,-3.34469604,19.0491486,-46.7102051,2
3.50479229,0.0493775655,0.00635358462,0.00680766187,0.998736808,0.0120781132,0.0988779307,0.0130347105,0.117864419,-0.968082012,-9.75803824,0.0528724617,-0.0199766201,-0.0903600699,0.0231658258,0.0396072716,0.0145294378,-3.30090332,19.1661835,-46.5886536,2
3.51475029,0.0494544147,0.00655474638,0.00690344452,0.998731122,0.012471479,0.0990356385,0.0132061398,0.121700983,-0.969620985,-9.75783833,0.0557695806,0.0204680569,-0.0393845004,0.00647472963,0.0403790586,0.0181281678,-3.18516541,19.1966553,-46.6913147,2
3.52470829,0.0494507357,0.00671203241,0.0069957125,0.998729489,0.0127780768,0.0990315185,0.0133757518,0.124692758,-0.969580799,-9.75780443,0.0512814114,0.0799837104,-0.0156254392,-0.00735354424,0.0233300887,0.015924817,-3.21259308,19.3738708,-46.6085205,2
3.53466529,0.0493967242,0.00675470171,0.00705846739,0.998731512,0.0128581535,0.0989247548,0.0134981083,0.125475469,-0.968538962,-9.75789795,0.0222172021,0.0870222307,-0.0572813916,-0.0146495402,-0.00870480854,0.0093247043,-3.21259308,19.3738708,-46.6085205,2
3.54462329,0.0493209415,0.00663989023,0.00707844862,0.998735872,0.0126266372,0.0987717092,0.013550487,0.123218219,-0.967045435,-9.75807506,0.0129523566,0.107076519,-0.0755097068,-0.015499495,-0.0361186378,-0.000712284818,-3.13398743,19.3014374,-46.7111206,2
3.55458129,0.0492646366,0.00644435265,0.00705007607,0.998740026,0.0122376371,0.0986559537,0.0135135486,0.119423686,-0.965915774,-9.75823405,0.0119584867,0.0673403558,-0.0954021557,-0.00624447782,-0.0408968814,-0.00703596091,-3.13033295,19.2030487,-46.7221375,2
3.56453829,0.0492547193,0.00625011498,0.00701205931,0.998742099,0.0118516304,0.0986330228,0.0134565895,0.1156572,-0.965691975,-9.75830127,0.0300902096,0.0098053547,-0.0594213263,0.00233931164,-0.034212999,-0.00260399049,-3.14756775,19.1403809,-46.8447571,2
3.57449629,0.049267149,0.0061087603,0.00701858336,0.998742238,0.0115670851,0.098656074,0.0134835602,0.112880255,-0.965916943,-9.75831179,0.124146084,0.00539155685,-0.000603811112,0.00268898462,-0.0227952302,0.00788353756,-3.04270172,19.2394562,-46.8746033,2
3.58445429,0.0492881021,0.00604632952,0.00708058521,0.998741278,0.0114353609,0.0986979098,0.0136139948,0.111594389,-0.966325231,-9.75828607,0.161494594,0.0234570826,0.00251344413,0.00425450224,0.00162288127,0.0162922665,-3.2420578,19.1510773,-46.7433167,2
3.59441129,0.0493135571,0.00615215837,0.00717015207,0.998738684,0.0116385898,0.0987513609,0.0137830314,0.113576951,-0.966846844,-9.75821126,0.0987591745,0.0536069409,-0.0719312637,0.00726840179,0.037871968,0.0169782937,-3.09223938,19.2077789,-46.9769897,2
3.60436929,0.0493555131,0.00636778892,0.00725825029,0.998734687,0.0120621561,0.0988394162,0.0139380373,0.117709164,-0.967706164,-9.7580774,0.00454514175,0.0423456152,-0.143891754,0.0133723198,0.0459594354,0.0146548431,-3.21292877,19.2097626,-46.8332825,2
3.61432729,0.0494667028,0.00661304689,0.00733555095,0.998726928,0.0125453632,0.0990664397,0.0140676094,0.122421561,-0.969921575,-9.75779917,-0.0155799286,0.0450099391,-0.224375157,0.0347292759,0.0525837839,0.0114404075,-3.24044037,19.2210541,-46.7204895,2
3.62428429,0.0497086317,0.00686682638,0.00738492711,0.998712841,0.0130467556,0.0995550901,0.0141386384,0.127307836,-0.974690032,-9.75726199,-0.0520397646,0.0560631019,-0.323224823,0.0633961633,0.0447554551,0.00619500084,-3.08375549,19.3257294,-46.8448486,2
3.63424229,0.050062656,0.007030652,0.00742154685,0.998693798,0.0133673863,0.100266805,0.0141915103,0.130427,-0.981634736,-9.75652433,-0.101845852,0.0252992764,-0.217868844,0.0765769482,0.0240933187,0.00631910423,-3.02327728,19.3247833,-46.644043,2
3.64420029,0.0504263832,0.00712416407,0.00746038937,0.998674531,0.0135464847,0.100997001,0.0142556352,0.132164628,-0.988759255,-9.7557814,-0.0735063219,0.020153511,-0.0565542464,0.0667146072,0.0121866511,0.0085701067,-3.08737183,19.2070923,-46.8838806,2
3.65415729,0.0507053786,0.00717397504,0.00751536648,0.998659644,0.0136372662,0.101557145,0.0143575361,0.133042699,-0.994224242,-9.75521383,-0.017222837,0.0111035778,0.113913964,0.0447286107,0.00880177319,0.0137161333,-3.03898621,19.209259,-46.8691101,2
3.66411529,0.0508519453,0.0072266995,0.00759853397,0.998651233,0.0137327032,0.101852551,0.0145173303,0.133969668,-0.997106227,-9.75490754,0.062953793,0.0494496751,0.170619017,0.0148343677,0.00912240148,0.0186269414,-2.95367432,19.3350372,-46.7932434,2
3.67407329,0.0508602758,0.00725136339,0.00768596101,0.998649871,0.013773164,0.101870788,0.0146902401,0.134364111,-0.997284141,-9.75488357,0.0308361509,0.087785251,0.164161219,-0.0082536405,-0.000269502634,0.0168293081,-2.96704865,19.2441559,-46.8482666,2
3.68403029,0.0508002946,0.00723205507,0.00775248839,0.998652514,0.0137283976,0.101751303,0.0148265292,0.133929053,-0.996118458,-9.75500866,0.00702993517,0.0710572574,0.0502624528,-0.0129244328,-0.00562703144,0.0101111494,-2.90952301,19.1682587,-46.9867859,2
3.69398829,0.0507559652,0.00717091854,0.00780186899,0.998654919,0.0136012058,0.101662308,0.0149324667,0.132689501,-0.995250224,-9.75511446,-0.0288406297,0.0284400587,-0.0705395171,-0.00517356861,-0.0195399169,0.0124254376,-2.86637115,19.3049316,-46.9655457,2
3.70394629,0.0507486213,0.0070793362,0.00786606393,0.998655428,0.013410873,0.101647093,0.0150707991,0.130832977,-0.995101829,-9.75515479,-0.0265352023,0.0332297041,-0.0993792426,0.0039892015,-0.011868434,0.0146583347,-2.88121796,19.254364,-46.9174805,2
3.71390329,0.0507978414,0.00704523252,0.00792951674,0.998652573,0.0133352329,0.10174598,0.0152010967,0.130093786,-0.996066582,-9.75506594,-0.0328289778,0.00486548714,-0.112186702,0.0196725577,-0.0008871553,0.0106875608,-2.96787262,19.1448822,-46.8701782,2
3.72386129,0.0509473323,0.00706500578,0.00797566674,0.998644502,0.0133681202,0.102046259,0.0152899592,0.130410606,-0.998995986,-9.75476199,-0.0784860009,-0.0393409535,-0.113987029,0.0399067067,0.0108860508,0.00713103916,-2.92421722,19.205307,-46.6843567,2
3.73381929,0.0511911583,0.00714131001,0.00801517523,0.99863127,0.0135138458,0.102536238,0.0153585326,0.131825486,-1.00377591,-9.75425229,-0.0483273565,0.00898351692,-0.101927174,0.0570422858,0.0180310439,0.00670306943,-2.97494507,19.1215363,-46.9782715,2
3.74377629,0.0515087039,0.00723760156,0.00803460067,0.998613981,0.0137007192,0.103173874,0.0153837399,0.133639505,-1.00999596,-9.75358535,-0.0707913456,0.0508173102,-0.0717687667,0.0695321336,0.01541223,-0.00041698385,-2.87902832,19.1158447,-46.9773865,2
3.75373429,0.0518553156,0.00724463683,0.00801862658,0.998596139,0.013711641,0.103867883,0.0153467022,0.13373638,-1.01676545,-9.752881,-0.062358905,0.0517510108,-0.0259358208,0.0675675198,-0.0161281209,-0.00696489774,-2.96572876,19.0768738,-47.1732483,2
3.76369229,0.0521349638,0.00709718702,0.00797919002,0.998583019,0.0134157518,0.104425121,0.0152795686,0.130842987,-1.02220048,-9.75235201,-0.0504872288,0.0509012621,0.0844166513,0.0420328192,-0.0452380739,-0.00380114396,-2.94623566,19.1685333,-47.1143188,2
3.77364929,0.0522404696,0.00682914381,0.00796810878,0.998579407,0.0128771477,0.104632157,0.0152842439,0.125587578,-1.02421971,-9.75220938,-0.0223372574,0.0505262183,0.210866856,0.000703753904,-0.0585189946,0.00699850684,-2.9744873,19.0971985,-47.1376343,2
3.78360729,0.0521371154,0.0065036682,0.00799438368,0.998586759,0.0122222212,0.104420509,0.0153723396,0.11920322,-1.02215547,-9.75250574,0.0587162467,0.079137688,0.232412333,-0.0381707959,-0.0667174906,0.00917701051,-2.96748352,19.1423187,-46.9310608,2
3.79356529,0.0518906362,0.006204349,0.00801791078,0.998601315,0.0116221962,0.103922565,0.015453482,0.113357353,-1.01729876,-9.75308324,-0.00187698199,0.0491418512,0.223113759,-0.0545343235,-0.0464489758,0.00820229389,-2.98628998,19.1843567,-47.0463257,2
3.80352229,0.0516333328,0.00606502355,0.00807452868,0.998615092,0.0113402354,0.103405779,0.0155842502,0.110613306,-1.01225806,-9.75363971,-0.0193340113,0.059064914,0.0830102916,-0.0451719053,-0.00638737436,0.0166382082,-2.99797821,19.1648102,-46.9215393,2
3.81348029,0.05148001,0.00608736697,0.00817857648,0.998621962,0.0113765453,0.103100266,0.0157923692,0.110970978,-1.00927795,-9.75394425,0.0171191666,0.0515956741,-0.050910103,-0.0154113434,0.0168822631,0.0243861452,-3.05371857,19.1079254,-46.9589233,2
3.82343829,0.0514785186,0.00620408193,0.00831101177,0.998620237,0.0115972081,0.103100664,0.0160462283,0.113123298,-1.00928182,-9.75391911,-0.00717953624,0.0526470829,-0.137125913,0.0171766449,0.0322920978,0.0261884611,-3.07338715,19.2067108,-46.8399048,2
3.83339529,0.051628962,0.00638421317,0.00843909068,0.998610285,0.0119433589,0.103406366,0.0162832002,0.116495934,-1.01226376,-9.75357015,-0.0641223984,0.109947398,-0.167252755,0.0433821492,0.0422411337,0.0210735928,-3.00545502,19.2325287,-46.8796387,2
3.84335329,0.0518612583,0.00659492082,0.0085399606,0.998596018,0.0123524327,0.103876241,0.0164613704,0.120479962,-1.01684699,-9.75304525,-0.0902528101,0.107497667,-0.122736737,0.0483128503,0.0392612815,0.0146625265,-3.11328125,19.0995331,-46.6717834,2
3.85331129,0.0520682817,0.00673701345,0.00861007316,0.998583649,0.012627266,0.104294051,0.0165850615,0.123155045,-1.02092213,-9.75258582,-0.0978659337,0.0639879766,-0.0147089088,0.0323381424,0.0182702467,0.0110880323,-2.97570038,19.0591278,-46.7918396,2
3.86326829,0.0521701112,0.00675769994,0.00864651854,0.9985779,0.0126634159,0.104498785,0.0166549639,0.123504945,-1.02291893,-9.75237247,-0.0266890594,0.00942183527,0.104338326,0.00661055977,-0.00825826637,0.0059422818,-2.99485779,19.0793915,-46.6620483,2
3.87322629,0.0521295239,0.00668375912,0.00866774415,0.998580424,0.0125133293,0.104416546,0.0167057971,0.122042298,-1.02211682,-9.75247476,0.02220869,-0.0231034469,0.184946233,-0.0219118949,-0.0180115607,0.00351427775,-2.81515503,19.1546783,-46.8123474,2
3.88318429,0.0519638528,0.00657937802,0.00868325792,0.998589592,0.0123046646,0.104083212,0.0167496666,0.120011486,-1.01886571,-9.75284008,0.0613496548,-0.0148324621,0.238133633,-0.0441178083,-0.0236885026,0.00705549307,-2.81515503,19.1546783,-46.8123474,2
3.89314129,0.0517099507,0.00644602844,0.00873077219,0.998603231,0.0120359023,0.103573084,0.0168616616,0.117396527,-1.01388997,-9.7533907,0.0874577178,0.018798297,0.209653973,-0.0582160503,-0.0270017423,0.0136755789,-2.90010834,19.227417,-47.0977173,2
3.90309929,0.0514209682,0.00632929428,0.00879287339,0.998618375,0.0117996228,0.102993141,0.0170014401,0.115098918,-1.00823297,-9.75400445,0.0667111179,0.0490543191,0.10731705,-0.058645647,-0.0198782459,0.0132686421,-2.95596313,19.1946106,-46.9286499,2
3.91305729,0.0511471685,0.00621598527,0.00884357208,0.998632682,0.0115712467,0.102443502,0.0171176753,0.112877725,-1.00287129,-9.75458313,-0.0136676562,0.0520723517,-0.0427893404,-0.051589869,-0.0234221146,0.0100233145,-3.01798248,19.199234,-46.8844299,2
3.92301429,0.0509274936,0.00611635638,0.00888181673,0.998644166,0.0113708161,0.102002326,0.0172068487,0.110927623,-0.998567386,-9.75504724,-0.089529099,0.0191876617,-0.201988553,-0.0339453332,-0.0113615301,0.0062938286,-3.12306213,19.1867523,-46.8158569,2
3.93297229,0.0508179623,0.00609965067,0.0089187095,0.998649502,0.0113352713,0.101783119,0.0172836926,0.110583367,-0.996428839,-9.75526936,-0.0790094768,-0.0137762311,-0.273292625,-0.00795101747,0.00372873992,0.00590447523,-2.98426819,19.254715,-46.8574219,2
3.94293029,0.0508385052,0.00612073417,0.00895347754,0.998648035,0.0113737117,0.101825018,0.0173511472,0.110957881,-0.996837639,-9.75522376,-0.047211897,-0.0263859026,-0.290996039,0.0131900804,0.00514575932,0.0060476847,-2.94441986,19.2553406,-46.9399414,2
3.95288729,0.0509512416,0.00613896183,0.0089922999,0.998641879,0.0114044916,0.102051538,0.0174261401,0.111255568,-0.999047497,-9.75499405,0.00875412861,-0.0137013392,-0.195606743,0.0260238536,0.00212067459,0.00855824724,-3.09033203,19.1630249,-46.990509,2
3.96284529,0.0510844963,0.00615259863,0.00903588711,0.998634527,0.0114252089,0.102319112,0.0175109661,0.111454606,-1.00165783,-9.754724,0.0284569002,0.0315556334,-0.0959188731,0.0244943388,0.00255572237,0.00725917565,-3.02523804,19.1824493,-46.9074402,2
3.97280329,0.0511810624,0.00615669727,0.00906911542,0.998629254,0.0114284271,0.102512939,0.0175763286,0.111483787,-1.00354868,-9.75452935,0.0553625159,0.0958453694,-0.00603168138,0.014154084,0.00110856071,0.00602559978,-2.92206573,19.1544189,-46.9546509,2
3.98276029,0.0512109481,0.0061589091,0.00909337636,0.998627553,0.0114298749,0.10257311,0.0176245275,0.111497213,-1.00413561,-9.75446915,0.0394874767,0.12845475,-0.00025660511,0.000319681596,-0.00381076615,0.00316554401,-3.05391693,19.0868683,-46.9382629,2
3.99271829,0.0511816971,0.00611620718,0.00909855128,0.998629284,0.0113440864,0.10251384,0.0176396006,0.110661072,-1.00355745,-9.75453812,0.0331410394,0.104233843,-0.0193412448,-0.0114349788,-0.0148652811,-0.000176989473,-2.99752808,19.123291,-47.0445251,2
4.00267629,0.0510939352,0.00602686422,0.00908586177,0.998634388,0.0111674596,0.10233637,0.0176241492,0.108940139,-1.00182617,-9.7547351,-0.00643804282,0.0532717907,-0.0357534504,-0.0220985133,-0.0174131989,-0.00239992468,-3.10553741,19.0828247,-47.0784302,2
4.01263329,0.0509766456,0.00593320857,0.00907465472,0.998641062,0.0109825132,0.102099722,0.0176123603,0.107138634,-0.999517599,-9.75499229,-0.0139140595,-0.0114356593,-0.0298106164,-0.02451187,-0.0193698239,-0.00107926317,-3.04447174,19.0838318,-47.1201172,2
4.02259129,0.0508829523,0.00582582719,0.00908017249,0.998646444,0.010767906,0.101910268,0.0176353009,0.105047178,-0.997669341,-9.75520389,-0.00404144828,-0.0418647729,-0.0257078572,-0.0131953936,-0.0226396862,0.00361966179,-2.9959259,19.2391968,-47.0565186,2
4.03254929,0.0508522785,0.00570819815,0.00910409728,0.998648365,0.0105297955,0.101847008,0.0176956502,0.102725028,-0.997052159,-9.75529157,-0.0100989765,0.000913023192,-0.0223281517,-0.000559758861,-0.0234916322,0.00935398042,-3.10411835,19.2298889,-46.9674988,2
4.04250629,0.0508745857,0.00561060153,0.00914901164,0.998647374,0.0103288724,0.101890413,0.0177956274,0.100764514,-0.997475645,-9.75526877,-0.00275151806,0.0496694553,-0.014420155,0.00784626044,-0.0144511759,0.00972959213,-2.97772217,19.1911011,-47.1339417,2
4.05246429,0.0509039967,0.0055823629,0.00919006259,0.998645686,0.0102674749,0.10194923,0.0178806937,0.100164959,-0.998049426,-9.75521675,0.00802339405,0.0765794549,0.00288520005,0.00375537877,0.00324899191,0.00754313683,-2.9958725,19.1376648,-47.150177,2
4.06242229,0.0508819113,0.00561860789,0.0092506491,0.998646027,0.0103344169,0.101906278,0.0179988207,0.100818436,-0.997630397,-9.75525241,0.0551043033,0.10339447,0.0129471599,-0.01149802,0.0117534902,0.0153632052,-2.99700928,19.1812744,-46.9526978,2
4.07237929,0.0507805023,0.00569298562,0.00932828446,0.998650039,0.0104775445,0.101705362,0.0181479692,0.102216777,-0.995670276,-9.75543828,0.0686697138,0.113704632,0.0141799165,-0.0244609546,0.0208577737,0.0126702171,-3.11699677,19.1190491,-47.0110474,2
4.08233729,0.0506696024,0.00579336446,0.00937919595,0.998654601,0.0106757913,0.101485654,0.0182409199,0.104153097,-0.993526761,-9.75563644,0.00253888909,0.031953912,-0.0999450598,-0.0157046374,0.0185369477,0.00460889051,-3.01428223,19.1704254,-47.1030273,2
4.09229529,0.0506637535,0.00584961158,0.00939668966,0.99865443,0.0107870365,0.10147516,0.0182703623,0.105238472,-0.993424397,-9.75563527,-0.061693582,-0.0305473332,-0.195564658,0.0114300437,0.000332644675,0.00320567051,-3.02581024,19.0910797,-46.9914856,2
4.10225229,0.0507872653,0.00576661321,0.00939549491,0.99864865,0.0106183842,0.101720958,0.018275335,0.103590568,-0.995822471,-9.75540847,-0.0979040007,-0.0399706297,-0.14596213,0.0330939814,-0.0347650871,-0.000769983046,-2.95952606,19.2542877,-47.1375122,2
4.11221029,0.0509321327,0.00553458467,0.00937370206,0.998642832,0.0101522479,0.102006588,0.0182540805,0.0990403113,-0.99860896,-9.75517057,-0.115350472,-0.0211729172,0.0013432313,0.0199861694,-0.0565891638,-0.00245496514,-2.91436005,19.1722717,-47.0953369,2
4.12216829,0.0509282602,0.00522794242,0.00934491149,0.998644991,0.00953959591,0.101992953,0.0182277275,0.0930639037,-0.998475981,-9.75524305,-0.0804940071,-0.0310322671,0.176940621,-0.023123201,-0.0652637929,-0.00189293199,-2.97238159,19.2936096,-47.1567688,2
4.13212529,0.0506851156,0.00495236045,0.00933872699,0.998658736,0.00899116339,0.101500959,0.0182452926,0.0877182045,-0.993676107,-9.75578257,-0.0172385278,-0.0346351139,0.309011589,-0.0709306672,-0.0410644412,0.00563049782,-2.98556519,19.2107086,-47.1167603,2
4.14208329,0.0502580237,0.00484493886,0.00939438499,0.998680374,0.00877733285,0.100644257,0.0183709735,0.0856395533,-0.98531759,-9.75664883,0.0345198078,-0.0558624647,0.312122414,-0.0939817876,-0.0047556553,0.018617738,-2.95901489,19.3087158,-46.9354248,2
4.15204129,0.0498319419,0.00492478664,0.00951760037,0.998700214,0.00893277093,0.0997936409,0.018613311,0.0871635663,-0.977017744,-9.75747008,0.0542443255,-0.121772715,0.157470197,-0.0705177411,0.0389662609,0.0292176493,-3.04551697,19.3188477,-46.8782959,2
4.16199829,0.0495863311,0.00519013446,0.00969549822,0.998709293,0.00945205329,0.0993084536,0.0189457229,0.0922349056,-0.972283263,-9.7578962,0.034508501,-0.128452558,-0.0595271247,-0.0234726854,0.0686053932,0.0363491736,-2.9756012,19.4551239,-46.8059082,2
4.17195629,0.0495848992,0.00553446657,0.00988689824,0.998705673,0.0101241845,0.0993140577,0.0192956231,0.0987934147,-0.972337989,-9.75782664,-0.0179887799,-0.0927840822,-0.193821613,0.0197727885,0.0740278587,0.0324713439,-3.00048065,19.3601074,-47.0195312,2
4.18191429,0.049739172,0.00585917814,0.0100283416,0.998694706,0.0107590185,0.0996307566,0.0195458088,0.10498468,-0.975428356,-9.75745372,-0.0702684177,0.00368022288,-0.241031108,0.0388010554,0.0584679842,0.0190699473,-2.89015961,19.3940277,-46.9039307,2
4.19187129,0.0499213254,0.00605711762,0.0100986103,0.99868372,0.0111459305,0.100000151,0.0196653831,0.108755924,-0.979032883,-9.75705156,-0.0789776934,0.0675885584,-0.248466811,0.0315492675,0.0215126276,0.00335276965,-2.8286438,19.4555206,-46.8908386,2
4.20182929,0.0500275326,0.00608042699,0.0100979087,0.99867828,0.0111908122,0.100213271,0.0196606473,0.109191493,-0.981112393,-9.75683763,-0.0280875463,0.0945079833,-0.230125683,0.00841368735,-0.0123534352,-0.00298003433,-3.01486206,19.3802795,-46.7154541,2
4.21178729,0.0500048994,0.00596725799,0.0100697448,0.998680345,0.0109668821,0.100165409,0.0196157007,0.107007162,-0.98064536,-9.75690894,0.0305101521,0.100774643,-0.189053668,-0.0186269842,-0.0302863624,-0.00651564682,-3.05030823,19.3514252,-46.5870056,2
4.22174429,0.0498785829,0.00580455122,0.0100236511,0.998688072,0.0106472362,0.0999087852,0.0195406373,0.103891076,-0.978141341,-9.7571936,0.0587653648,0.112935109,-0.232312964,-0.029589748,-0.0357519202,-0.00706259254,-3.18985748,19.1199799,-46.726593,2
4.23170229,0.0497697534,0.00563737674,0.00998319694,0.998694955,0.010317723,0.0996871869,0.0194771176,0.100678178,-0.975978976,-9.75744378,0.0758945414,0.0697720399,-0.297903335,-0.0110799791,-0.0327558666,-0.00435069529,-3.18985748,19.1199799,-46.726593,2
4.24166029,0.0498015145,0.00546366037,0.00997929496,0.998694303,0.00996880061,0.099747349,0.0194864201,0.0972729911,-0.976566055,-9.75741981,0.1054863,0.0217268978,-0.352395972,0.024147138,-0.0400493182,0.00577085186,-3.15467072,19.105011,-46.8579712,2
4.25161729,0.0500210951,0.00521864912,0.0100043656,0.998684458,0.00947033467,0.100182496,0.0195596381,0.0924052115,-0.980812095,-9.75704104,0.108708075,0.0171443193,-0.353522346,0.0612641498,-0.0580797158,0.00952697452,-3.17705536,19.2658234,-46.682251,2
4.26157529,0.0503808685,0.00490620612,0.0100307242,0.998667656,0.00883366598,0.100897018,0.0196415108,0.0861869763,-0.987783761,-9.75639456,0.108491902,0.0197764944,-0.291769946,0.0790087953,-0.0687467456,0.00731066149,-3.07377625,19.2669525,-46.8493652,2
4.27153329,0.0507621214,0.00453405577,0.0100344765,0.998650051,0.00807892015,0.101653163,0.0196844245,0.0788172969,-0.995161011,-9.75570716,0.0407434864,0.0319421485,-0.129053081,0.0699495226,-0.0811240524,0.0032906204,-3.25054932,19.2166748,-46.6319275,2
4.28149029,0.0510480929,0.00413298558,0.0100106043,0.998637468,0.00727067837,0.102217734,0.0196759321,0.0709282059,-1.00066881,-9.75520447,0.00359168152,0.0591474047,0.0544978984,0.0422973782,-0.0797943398,-0.00658994354,-3.25019836,19.088974,-46.8267212,2
4.29144829,0.0511697842,0.0037747975,0.0099394337,0.998633389,0.0065565081,0.102453894,0.0195692495,0.0639597597,-1.00297263,-9.75501626,-0.0479481799,0.11232801,0.221305248,0.00491512101,-0.067102246,-0.0139977923,-3.22470856,19.0454712,-46.9276123,2
4.30140629,0.0511389415,0.00350995829,0.00985103503,0.998636818,0.00603444241,0.102386405,0.0194191318,0.0588674004,-1.00231432,-9.75511563,-0.0446514856,0.0932641938,0.263902281,-0.0167355761,-0.0417854413,-0.0165834855,-3.10866547,19.1890106,-46.969696,2
4.31136329,0.0510348511,0.00334939841,0.00976375311,0.998643538,0.00572300482,0.102174338,0.0192607804,0.0558305033,-1.00024548,-9.75534593,-0.00854468255,0.0320886443,0.17435002,-0.0240494143,-0.022552358,-0.0139589403,-3.19419861,19.1279755,-46.9718323,2
4.32132129,0.0509319515,0.00330668354,0.00971711888,0.998649323,0.00564395628,0.101967186,0.0191719068,0.0550605235,-0.998224564,-9.75555753,-0.0300706829,-0.00928695685,0.115454764,-0.0139733814,0.00902563054,-0.00566606876,-3.32746124,19.092865,-46.8105469,2
4.33127929,0.0509280108,0.00343571719,0.0097127089,0.998649178,0.00590354919,0.10196175,0.01914985,0.0575930286,-0.998171591,-9.75554817,-0.0429281872,-0.0232563724,0.00261807354,0.014219908,0.0406538621,-0.000294206431,-3.21089172,19.1669922,-46.901001,2
4.34123629,0.0510544053,0.00366461069,0.00973531653,0.998641777,0.00635843781,0.102219395,0.0191712378,0.0620290702,-1.00068504,-9.75526351,-0.0627768929,-0.0493236376,-0.103310737,0.0350100957,0.0486971214,0.00380905066,-3.33870697,19.1692505,-46.8348389,2
4.35119429,0.0512372119,0.00387802108,0.00976055226,0.998631369,0.00678092387,0.102589736,0.019199106,0.0661480133,-1.00429782,-9.75486545,-0.04564731,-0.0252105022,-0.0597153408,0.0383259989,0.0348508134,0.00185908424,-3.26628113,19.3090515,-46.6208191,2
4.36115229,0.0513918766,0.00398947293,0.00975465605,0.998622931,0.00700243582,0.102901548,0.0191749921,0.0683066344,-1.00733952,-9.75453695,-0.032243602,-0.00555902237,0.0608633418,0.0220279675,0.0115448684,-0.00650627725,-3.20840454,19.157608,-46.6682739,2
4.37110929,0.0514457424,0.00398902819,0.00969763455,0.99862069,0.0070064445,0.103009006,0.0190602614,0.0683449754,-1.00838772,-9.75442823,0.00647416902,-0.00286481485,0.156223412,-0.00118441065,-0.0163730495,-0.015517083,-3.15926361,19.1992645,-46.7947998,2
4.38106729,0.0513655102,0.003824274,0.00960333936,0.998626465,0.00668686351,0.102844569,0.0188883463,0.0652287522,-1.00678372,-9.75461528,0.0446056052,0.0357836994,0.180801388,-0.0294841491,-0.0485539436,-0.018196106,-3.21647644,19.2640839,-46.7669983,2
4.39102529,0.0511853657,0.00355495943,0.00949912992,0.998637666,0.00616015658,0.102478079,0.0187076854,0.0600931885,-1.00320856,-9.75501626,0.0765263091,0.0202375361,0.0908218422,-0.0418753028,-0.0568659343,-0.0169611983,-3.13877869,19.230423,-46.8945923,2
4.40098229,0.0509736952,0.00329899264,0.00941059954,0.998650282,0.00565916549,0.102048912,0.0185570742,0.055208435,-0.999021851,-9.75547511,0.0876958191,-0.0198621999,-0.0447404745,-0.041913636,-0.0446414053,-0.0124004288,-3.30198669,19.2050171,-46.8229065,2
4.41094029,0.0508094098,0.00313440241,0.00935757752,0.998659637,0.00533710733,0.101716581,0.0184680554,0.0520683742,-0.995779728,-9.75582348,0.0915840953,-0.020710122,-0.182507023,-0.023340486,-0.0201017112,-0.00480562588,-3.35467529,19.2202759,-46.7997742,2
4.42089829,0.0507919278,0.00311623777,0.00934709016,0.99866067,0.00530202482,0.101681181,0.0184489144,0.0517263011,-0.995434348,-9.75586089,0.043144305,-0.0153692724,-0.281979205,0.0184187256,0.0105084144,-9.49152745E-05,-3.31748199,19.2510986,-46.6665039,2
4.43085529,0.0509891789,0.00322578505,0.00934281292,0.998650323,0.00551885386,0.102078178,0.0184284119,0.0538394664,-0.99930739,-9.75545348,0.0063152156,-0.00491217583,-0.3483768,0.0595033132,0.0299939625,-0.00505585177,-3.26038361,19.2809601,-46.7645874,2
4.44081329,0.0513498342,0.00340140026,0.00930050837,0.998631646,0.00586935421,0.102803393,0.018324005,0.0572544854,-1.006382,-9.75470646,-0.0262791497,-0.0250716052,-0.304531228,0.0831488892,0.0370723456,-0.014985404,-3.25444794,19.2266693,-46.7669067,2
4.45077129,0.0517699959,0.00357704829,0.00921805338,0.998610184,0.00622315364,0.103647515,0.0181384474,0.0607003835,-1.01461602,-9.7538326,-0.0396011297,0.000221095405,-0.17043197,0.08285328,0.0292447861,-0.0229722243,-3.2533493,18.9766083,-46.6562805,2
4.46072854,0.0520914656,0.00365771451,0.0091086352,0.998594072,0.00639094815,0.10429205,0.0179088464,0.0623328298,-1.02090255,-9.75316625,-0.0298611136,0.0120442197,0.0258247616,0.0457278453,-0.00078898191,-0.0202795453,-3.33105469,19.0274963,-46.7452393,2
4.47068654,0.0522117594,0.00362902572,0.00904004918,0.998588512,0.00633845369,0.104532004,0.0177735705,0.0618192862,-1.0232429,-9.75292426,0.0332009575,0.0300965206,0.203651518,0.00182829762,-0.0100186989,-0.00761967711,-3.29975128,18.996727,-47.0014038,2
4.48064454,0.0521345136,0.00359619872,0.00901672708,0.998592884,0.00627631004,0.104376579,0.0177305255,0.061214201,-1.02172702,-9.75308734,0.0691205217,0.0384567911,0.215785608,-0.0302157011,-0.0059768362,-0.000874001067,-3.45771027,18.9496078,-46.9399109,2
4.49060154,0.0519395966,0.00357179511,0.00902336351,0.998603122,0.00622996398,0.103985845,0.017747274,0.0607646672,-1.01791601,-9.75348832,0.0367994067,0.0526022208,0.176981538,-0.0439597443,-0.00381914293,0.00474287197,-3.49298859,18.7406158,-46.9642029,2
4.50055954,0.0517234401,0.00356507762,0.00905446146,0.998614094,0.00621696074,0.103553044,0.0178113787,0.060640575,-1.01369452,-9.75392905,0.0586209651,0.0787571642,0.0490326187,-0.0397868976,0.00179229071,0.0080643855,-3.3651123,18.8958511,-47.0430298,2
4.51051754,0.0515623893,0.00358128458,0.00910103302,0.998621932,0.00624745601,0.103231105,0.0179039279,0.0609400603,-1.01055425,-9.75425287,0.0550294251,0.0738213153,-0.0657142889,-0.0233916789,0.00561073096,0.0109643014,-3.31544495,18.8416824,-47.112793,2
4.52047454,0.0515042678,0.00360041978,0.0091616175,0.998624303,0.0062806103,0.103115436,0.0180238616,0.0612641868,-1.0094259,-9.75436802,0.0547053123,0.0825689776,-0.157776487,-0.000886197435,0.00342237949,0.0130842207,-3.33771515,18.9604187,-46.9468994,2
4.53043254,0.0515382343,0.00361120606,0.00923372918,0.998621834,0.00629419689,0.103184104,0.0181673988,0.0613962796,-1.01009576,-9.7542973,0.0714822596,0.103140641,-0.202588273,0.0138978083,0.0023187655,0.0134727759,-3.43128204,18.9835815,-46.9019165,2
4.54039054,0.0516239772,0.00358913519,0.00929595551,0.998616923,0.00624190387,0.1033558,0.0182942677,0.0608851152,-1.01177057,-9.7541272,0.0493981595,0.073990169,-0.186597507,0.022015404,-0.00855349284,0.0117490487,-3.3190918,19.0656586,-46.911499,2
4.55034754,0.0517380688,0.00354087915,0.00934293666,0.99861073,0.00613808727,0.103583681,0.0183931357,0.0598710565,-1.01399336,-9.75390274,0.0174919226,0.00139415777,-0.140583944,0.0244564582,-0.00896814652,0.0095623266,-3.44130707,18.7776871,-47.0186462,2
4.56030554,0.0518591005,0.00350117127,0.00940116419,0.998603991,0.00605011222,0.103825675,0.018513694,0.0590114714,-1.01635373,-9.75366251,0.0225413652,-0.0161473441,-0.0918932708,0.0230106283,-0.00839024037,0.0144638745,-3.337883,18.9051895,-47.0264893,2
4.57026354,0.051951903,0.00345710959,0.00947062917,0.998598653,0.00595270058,0.104011119,0.0186574147,0.0580602259,-1.01816253,-9.75347955,0.0339672429,-0.0185283941,0.00399111546,0.0162126422,-0.00733589567,0.0138926273,-3.3156662,18.9674377,-47.092041,2
4.58022054,0.0520226407,0.00343099913,0.00950347098,0.99859485,0.00589554656,0.104152496,0.0187258182,0.0575019299,-1.01954142,-9.75333868,-0.00871972859,-0.0045799482,0.0191132813,0.0141985258,-0.00597430207,-0.000426682644,-3.24136353,19.0077286,-47.1304321,2
4.59017854,0.0520932141,0.00336742522,0.00945881963,0.998591844,0.00577127631,0.104292381,0.0186425288,0.0562890561,-1.02090584,-9.75320307,-0.0630223784,0.00276997617,0.0333428822,0.0143010579,-0.0231602136,-0.0130231678,-3.24136353,19.0077286,-47.1304321,2
4.60013654,0.0521497824,0.00321076646,0.00937151819,0.998590108,0.00546481678,0.104402251,0.0184834174,0.0532994778,-1.02197741,-9.75310721,-0.0476128972,-0.0166588008,0.0624269378,0.011673471,-0.0433561355,-0.0180768147,-3.2877655,19.0004196,-46.920166,2
4.61009354,0.0521620534,0.00301329124,0.0092640989,0.998591085,0.00507931188,0.104422623,0.0182883665,0.0495394951,-1.02217608,-9.75310663,-0.0374184793,-0.0285807823,0.0782873548,-0.0038844496,-0.0363677368,-0.0200238507,-3.28382111,18.9815216,-46.9171753,2
4.62005154,0.0521108867,0.00288967221,0.0091644084,0.998595021,0.0048424366,0.104317404,0.0181012824,0.0472297431,-1.02114988,-9.75322528,-0.043638089,-0.0650710957,0.0854395646,-0.0144271804,-0.020800449,-0.0167384576,-3.3163147,18.9858093,-47.0255432,2
4.63000954,0.0520344744,0.00280430843,0.00907318698,0.99860012,0.00468192146,0.104162408,0.0179272505,0.0456649461,-1.01963816,-9.75339129,-0.0142406885,-0.0698749157,0.0345785614,-0.015592047,-0.0138019286,-0.0177089125,-3.33525085,18.9997635,-47.0036316,2
4.63996654,0.0519911917,0.00277884199,0.00898535566,0.998603248,0.00464072968,0.104074864,0.0177536509,0.0452635987,-1.01878424,-9.75348189,-0.0506501963,-0.0418486986,-0.0652881725,-0.00383903482,0.00160444994,-0.0172802247,-3.32513428,19.0761108,-47.0458374,2
4.64992454,0.052016276,0.00280059274,0.0089088825,0.998602566,0.00469197386,0.104125127,0.0175977279,0.0457631686,-1.01927451,-9.7534287,-0.0900555248,-0.0317816242,-0.16515023,0.013122105,0.00482474407,-0.0159161538,-3.35455322,18.9450455,-46.9334717,2
4.65988254,0.0521241938,0.00283118456,0.00884988638,0.9985974,0.00475773415,0.104341507,0.0174757295,0.0464035078,-1.02138493,-9.75320483,-0.110298413,-0.00617803105,-0.160884389,0.0275912657,0.00659749657,-0.00837805774,-3.38625336,19.0432892,-47.0690002,2
4.66983954,0.0522498334,0.00287930792,0.00882617619,0.998590894,0.00485471863,0.104593845,0.0174226823,0.0473481636,-1.02384606,-9.75294238,-0.113786904,0.0595797317,-0.100693832,0.0208305642,0.0121808145,-0.00286611356,-3.2365036,19.0835114,-46.9393005,2
4.67979754,0.0523105694,0.00295125206,0.00881178697,0.998587681,0.00499967655,0.104716667,0.0173860284,0.0487613001,-1.02504396,-9.75280969,-0.097093899,0.092201533,-0.00984685575,0.00180321734,0.0153313829,-0.00337657356,-3.1896286,19.0982513,-47.0335083,2
4.68975554,0.0522837173,0.00302783728,0.00879443556,0.998589067,0.00515575535,0.104664141,0.017343213,0.0502837833,-1.02453163,-9.75285528,-0.0523783398,0.0710392103,0.0316489377,-0.0131512303,0.0171471238,-0.0047419765,-3.30962372,19.0516815,-47.0575562,2
4.69971254,0.0522066012,0.00312031923,0.00877098796,0.998592942,0.00534524126,0.104511175,0.0172866687,0.0521326488,-1.02303978,-9.75300258,0.00353290053,0.0355796282,0.00770399851,-0.0149002839,0.0206506364,-0.00569772255,-3.22941589,19.053894,-47.1739502,2
4.70967054,0.0521507451,0.00323159665,0.0087414512,0.998595797,0.00557274268,0.104401079,0.0172158761,0.0543520967,-1.02196594,-9.75310312,0.0245072721,0.0169981888,-0.032896892,-0.00602050591,0.0224354863,-0.00795874558,-3.25556183,19.1563568,-46.8865967,2
4.71962854,0.0521673424,0.0033425719,0.00868628677,0.998595052,0.00580111008,0.10443591,0.0170933805,0.0565791799,-1.0223057,-9.7530546,0.048317132,-0.00121704764,-0.0639198067,0.0135125406,0.022267215,-0.0177541319,-3.32920837,19.1001282,-46.9396667,2
4.72958554,0.0522636827,0.00343921558,0.00858066152,0.998590595,0.00600469656,0.104629865,0.0168707005,0.0585635769,-1.02419736,-9.75284418,0.0340624788,0.00321837752,-0.0774479813,0.0257985014,0.0162394159,-0.0281561725,-3.31997681,19.1628113,-46.9100342,2
4.73954354,0.0523946255,0.00349541405,0.00843377489,0.998584757,0.0061308999,0.104892146,0.016569217,0.0597927671,-1.02675537,-9.75256828,0.00290573138,0.0315140593,-0.013230653,0.0260486677,0.00347357662,-0.0313480459,-3.37587738,19.1323395,-46.8790894,2
4.74950154,0.0524927292,0.00346488001,0.00826663799,0.99858105,0.00608565958,0.105087086,0.0162363323,0.0593503388,-1.02865653,-9.75237013,-0.000392762177,0.0645398383,0.0492699346,0.01439148,-0.0164772272,-0.0349590257,-3.29112244,19.2380524,-46.8141785,2
4.75945854,0.0525118845,0.00337693024,0.00808461055,0.998581911,0.00592796549,0.105122947,0.0158799601,0.0578122288,-1.02900629,-9.75234266,-0.0117234861,0.0966127736,0.0968266355,-0.00355912116,-0.0175315961,-0.0366908051,-3.26963806,19.1310577,-46.91922,2
4.76941654,0.0524391902,0.00330547917,0.0079038105,0.998587406,0.00580466704,0.104975176,0.015524699,0.0566106619,-1.02756515,-9.75250165,-0.00992335049,0.0960694605,0.091149759,-0.0232742354,-0.012172251,-0.0349115469,-3.30432892,19.1705627,-46.9398499,2
4.77937454,0.0523193011,0.00327463927,0.00773938529,0.998595064,0.00576184282,0.104733647,0.0151982317,0.0561944458,-1.02520953,-9.75275182,0.00680335074,0.0374500983,0.0637175622,-0.0243855733,-0.00324959611,-0.0303868372,-3.27217865,19.1296997,-46.8518066,2
4.78933154,0.0522221855,0.0033207511,0.00760299057,0.998601091,0.00587020211,0.104539062,0.0149198772,0.0572524167,-1.02331173,-9.7529453,0.0316326716,-0.0123317314,-0.00342646732,-0.0141904596,0.0180540942,-0.0237771384,-3.19221497,19.231369,-46.8267517,2
4.79928954,0.0521772831,0.00346752831,0.00752879646,0.998603435,0.00617339126,0.104450864,0.014755663,0.0602099605,-1.02245153,-9.75301778,0.0749131793,-0.0769375476,-0.0498912814,-0.00389119633,0.0379072428,-0.00970784761,-3.23574829,19.2666931,-46.8241577,2
4.80924754,0.0521789855,0.00369191606,0.00750827253,0.998602757,0.00662613244,0.104457456,0.0146908839,0.0646254982,-1.02251583,-9.75298271,0.0880051956,-0.0684934713,-0.0143120185,0.00551535469,0.0508510023,-0.00489524938,-3.34352112,19.1584167,-46.7698975,2
4.81920554,0.0522108685,0.00395927256,0.00750103696,0.998600138,0.00716334588,0.104525186,0.0146481062,0.0698644263,-1.02317641,-9.75287691,0.0434115868,-0.00603263123,0.0400502708,0.00738189649,0.0561359487,-0.00450235419,-3.41913605,19.1466522,-46.9225464,2
4.82916254,0.0522306257,0.00423137163,0.00749104982,0.998598,0.00771054753,0.104568657,0.0145993425,0.0752008646,-1.02360041,-9.75279274,-0.0184878565,0.0267130888,0.117179103,0.00177194783,0.052455727,-0.00528266048,-3.39885712,19.1155548,-46.7626038,2
4.83912054,0.0522010662,0.00446657304,0.00747249859,0.998598682,0.00818523666,0.104512745,0.014537568,0.079830867,-1.02305505,-9.7528132,-0.0311982622,0.032901422,0.146229257,-0.0105388863,0.0427331887,-0.0061499076,-3.36853027,19.1912842,-46.7815857,2
4.84907854,0.052093621,0.00462660271,0.00745181141,0.998603725,0.00851025104,0.104299721,0.0144799719,0.0830025193,-1.02097737,-9.75300492,-0.0411036341,0.00822853384,0.18173487,-0.0310058128,0.021703802,-0.00779227912,-3.31357574,18.972496,-46.9227905,2
4.85903554,0.051901821,0.00467712561,0.00740083625,0.9986138,0.00861965463,0.103915901,0.0143736814,0.0840729068,-1.0172338,-9.75338661,-0.0131443447,0.00717844026,0.154883103,-0.0454160385,-2.64700502E-05,-0.016849326,-3.26062012,19.0581665,-46.9324036,2
4.86899354,0.0516552328,0.00465103735,0.00730684822,0.998627416,0.00858038416,0.103420897,0.0141894273,0.0836942005,-1.0124055,-9.75389222,0.00519089231,0.0433507737,0.0370247855,-0.0527330749,-0.0128029855,-0.0187329799,-3.21209717,19.0661774,-47.0672913,2
4.87895154,0.0514143307,0.00457662048,0.00722849185,0.998640844,0.00844229156,0.102936755,0.0140415117,0.0823513802,-1.00768293,-9.75439257,0.036610871,0.0238140794,-0.0708119043,-0.046029035,-0.0178082827,-0.0100372452,-3.18566895,19.210968,-46.9009399,2
4.88890854,0.0512041523,0.00450861822,0.00720569139,0.998652067,0.00831088676,0.102514705,0.0140042152,0.0810731404,-1.00356585,-9.75482804,0.113905004,0.00952171545,-0.158961897,-0.0433464348,-0.0115668988,0.00157546857,-3.25921631,19.2432098,-46.9671631,2
4.89886654,0.05102406,0.00446745937,0.0072311489,0.998661305,0.00822801872,0.102153695,0.0140608034,0.0802677515,-1.00004411,-9.75519629,0.0846332623,0.00959120049,-0.236854699,-0.0332572982,-0.00362047111,0.00832136162,-3.2384491,19.4008636,-46.8439331,2
4.90882454,0.0509202295,0.0044577884,0.00728103447,0.998666248,0.00820487301,0.101946039,0.0141626671,0.0800436604,-0.9980183,-9.75540555,0.0172211382,-0.0249058932,-0.271211143,-0.010909915,0.00132768229,0.0109831914,-3.17485046,19.2792969,-46.9327698,2
4.91878154,0.0509247194,0.00446797445,0.00734487365,0.998665518,0.00821872451,0.101955702,0.0142897737,0.0801787032,-0.998112555,-9.75539503,-0.0382797997,-0.004460998,-0.29920448,0.0114815198,0.00497075077,0.0134275323,-3.2644577,19.2640076,-46.8157043,2
4.92873954,0.051028764,0.00447690711,0.00741256457,0.998659691,0.00822830236,0.102164744,0.0144240655,0.0802704275,-1.00015188,-9.75518519,-0.0753320212,0.000870353094,-0.259461084,0.0279041678,-0.00123761047,0.0124858385,-3.21076965,19.1583557,-46.9199219,2
4.93869754,0.0511878548,0.00445352667,0.00747136441,0.998651172,0.0081731266,0.102483471,0.0145434578,0.0797295621,-1.00326117,-9.75487013,-0.0638676107,0.00801985952,-0.176876324,0.0328277759,-0.00575409085,0.0122047346,-3.21076965,19.1583557,-46.9199219,2
4.94865454,0.0513236965,0.00439724209,0.00751772687,0.998644141,0.00805345082,0.102755062,0.0146414513,0.0785599429,-1.00591059,-9.75460709,-0.0143650638,0.0229396346,-0.0653600687,0.0221050922,-0.0183135569,0.00941027887,-3.18143463,19.2042847,-46.865448,2
4.95861254,0.0513759015,0.00429320218,0.00756555492,0.998641557,0.00783887623,0.102858457,0.0147478992,0.0764660394,-1.00691918,-9.75451942,0.0237914976,0.0303826441,0.0202946,-0.000337103615,-0.0214275829,0.0108052725,-3.15827942,19.1013641,-47.0384827,2
4.96857054,0.0513295284,0.00419823239,0.00760724915,0.998644087,0.00764453064,0.102764514,0.0148417236,0.0745710103,-1.0060028,-9.75462872,0.0391539431,0.0381451679,0.036864042,-0.0160699934,-0.0183140822,0.00903719943,-3.17201996,19.2297821,-46.9796143,2
4.97852754,0.0512169039,0.00411057999,0.00765406786,0.99864979,0.00746530425,0.102538013,0.0149454574,0.0728244223,-1.00379323,-9.75486954,0.00334147875,0.0097490214,-0.0245464122,-0.0241894834,-0.0165867805,0.0119862426,-3.36275482,19.1690826,-46.8917847,2
4.98848554,0.0511024479,0.00402584808,0.00772253823,0.998655487,0.00728977107,0.102308041,0.0150923353,0.0711138007,-1.00154984,-9.7551127,-0.0066196419,-0.0294547887,-0.0772743783,-0.0204754397,-0.0133185498,0.0170268081,-3.22872925,19.1763,-46.7764893,2
4.99844354,0.0510338638,0.0039829371,0.00782147639,0.998658338,0.00719444637,0.102170757,0.0152957951,0.0701848813,-1.00021055,-9.75525708,-0.0291838217,-0.0565318154,-0.106609194,-0.00673503149,-0.000311372336,0.0231200755,-3.26445007,19.0873413,-46.606781,2
5.00840054,0.051044805,0.0039926155,0.00794496517,0.998656841,0.00720103858,0.102193715,0.0155426955,0.070249028,-1.00043449,-9.7552337,-0.0703982866,-0.0414937476,-0.0995996074,0.0137854237,0.00694414321,0.0277132317,-3.21363068,19.1945343,-46.7383118,2
5.01835854,0.0511702641,0.0040401055,0.00809355612,0.998648964,0.00727922506,0.102446768,0.0158354613,0.0710099111,-1.00290315,-9.75497476,-0.0466186164,0.00466908779,-0.0991103626,0.0367621109,0.0172777399,0.0311966464,-3.19934082,19.0795746,-46.9348755,2
5.02831654,0.0513749917,0.00416048117,0.00826482182,0.998636557,0.0075001181,0.102859944,0.0161657603,0.0731616001,-1.00693372,-9.75454338,0.025001047,0.0410213809,-0.0676689301,0.0440692902,0.032218609,0.0352060348,-3.21296692,19.0413055,-46.870575,2
5.03827354,0.0515972089,0.00430409946,0.00845493331,0.998622936,0.00776532222,0.10330876,0.016531309,0.0757450225,-1.01131172,-9.7540705,0.0532429482,0.0205595346,-0.0145709617,0.0450905673,0.0266102403,0.0376136862,-3.1696167,19.1184998,-47.0022278,2
5.04823154,0.0518054391,0.00442151511,0.00864274094,0.998610097,0.00797822485,0.103729214,0.0168949503,0.0778182942,-1.01541287,-9.7536286,0.0586515749,0.039474809,-0.00663373893,0.0390001871,0.0229526553,0.0359662548,-3.08709717,18.9914703,-47.0854797,2
5.05818954,0.0519707491,0.00448966935,0.0088015722,0.998599728,0.0080957999,0.104062699,0.0172057535,0.0789623314,-1.01866559,-9.75328023,0.0275799986,0.0413808619,0.0301280118,0.0268406291,0.0055920165,0.0270178411,-3.10063934,19.0446777,-47.1700134,2
5.06814654,0.0520461762,0.00448798383,0.00892409152,0.998594674,0.00807833976,0.10421471,0.0174514988,0.0787907834,-1.02014823,-9.7531265,0.0132367174,0.051392772,0.073967738,0.00140504283,0.000881950138,0.0208536889,-3.10605621,19.1713562,-47.0257874,2
5.07810454,0.0520068484,0.00445794796,0.00900270244,0.998596153,0.00801045494,0.104136057,0.017612759,0.0781293329,-1.01938111,-9.75321184,0.0158434202,0.0192018363,0.0953022025,-0.0166916531,-0.0140705453,0.0102789151,-3.1669693,18.9988861,-47.1316833,2
5.08806254,0.0518944192,0.00432117661,0.0090308335,0.998602422,0.00773477053,0.103908716,0.0176842339,0.0754423132,-1.01716373,-9.75346435,-0.0591314673,0.0135427146,0.0955547159,-0.0278044902,-0.0361012779,0.00472995266,-3.15472412,19.0506897,-46.9831848,2
5.09801954,0.0517371427,0.00411761746,0.00904420553,0.998611259,0.00732730009,0.103590238,0.0177332098,0.0714704322,-1.01405729,-9.75381799,-0.0195458366,0.0251007582,0.0824403828,-0.0324648172,-0.0415763184,0.00529962173,-3.28694153,18.9499207,-47.1463013,2
5.10797754,0.0515686183,0.00391105754,0.00905936546,0.998620753,0.00691384275,0.103249197,0.0177860166,0.0674400213,-1.0107307,-9.75419208,0.0111200906,-0.0189272572,0.0296931275,-0.0333519168,-0.0383299217,0.00373181887,-3.15840912,19.0436401,-46.9742737,2
5.11793554,0.0514228174,0.0037346044,0.00904461811,0.998629114,0.0065635714,0.102953982,0.0177754035,0.0640253632,-1.00785098,-9.75451299,0.0181260238,-0.0209091517,-0.00500116929,-0.0251434762,-0.0338488668,-0.00616647676,-3.17966461,19.0395203,-46.9273987,2
5.12789254,0.0513150695,0.0035740051,0.00899102491,0.99863564,0.00624849387,0.102735006,0.0176848775,0.0609533079,-1.00571492,-9.75475322,-0.0145652945,-0.0254394156,-0.0261591081,-0.0181657281,-0.0332110375,-0.011612108,-3.27383423,19.1162872,-46.8565369,2
5.13785054,0.0512284387,0.00343464229,0.00892267279,0.99864114,0.0059772038,0.102558641,0.0175623736,0.0583079993,-1.00399445,-9.75494612,0.023544117,0.0295527692,-0.0705576373,-0.017545227,-0.0230836663,-0.0103887878,-3.41432953,18.9356079,-46.8942566,2
5.14780854,0.0511279731,0.00338705042,0.00887439691,0.998647018,0.00588832816,0.102356346,0.0174707572,0.0574422128,-1.00202103,-9.75515421,0.018873335,0.0646894759,-0.136639006,-0.0206049327,0.00441533513,-0.00830566324,-3.32871246,19.081131,-47.1269836,2
5.15776554,0.0510429193,0.00344139727,0.00883547478,0.998651448,0.00600288594,0.102186732,0.0173873746,0.0585607639,-1.0003664,-9.75531787,-0.0109756315,0.00707037678,-0.211145089,-0.0128650032,0.0110148173,-0.00793189183,-3.36421967,19.0389557,-46.9933777,2
5.16772354,0.0510339123,0.00350476656,0.00880380524,0.998652026,0.0061335224,0.102169609,0.0173173189,0.0598352682,-1.00019937,-9.75532722,-0.0150932594,0.0263562381,-0.2483955,0.00838888623,0.0154897273,-0.00568764564,-3.24547577,19.0314636,-47.090271,2
5.17768154,0.0511322922,0.00359088949,0.00877843459,0.998646925,0.00630739952,0.102367953,0.0172570859,0.0615302401,-1.00213428,-9.75511797,-0.0102041904,0.0185647805,-0.271199452,0.031626191,0.0154113024,-0.00536016934,-3.40544128,18.9831848,-47.0177307,2
5.18763854,0.0513367506,0.00365806141,0.00875113385,0.998636359,0.00644167404,0.102778368,0.0171943933,0.0628374503,-1.00613789,-9.75469769,0.00330274047,-0.00122398884,-0.178695356,0.0477926433,0.0106674135,-0.00730480906,-3.33751678,18.98172,-47.0747681,2
5.19759654,0.0515853767,0.00368485399,0.00870380041,0.998623889,0.00649624802,0.103276417,0.017095394,0.0633665385,-1.01099622,-9.7541915,-0.010544099,0.00348462725,-0.101090138,0.0489335246,-0.00142502587,-0.0104999095,-3.2401123,18.9272079,-47.1687317,2
5.20755454,0.0517891845,0.00366158664,0.00864825672,0.998613914,0.00645194414,0.103683806,0.0169853072,0.0629317273,-1.01496995,-9.75378175,-0.00576980187,0.00222103705,0.00953062941,0.0306517221,-0.00908800587,-0.0113252234,-3.26670837,18.9470673,-47.178009,2
5.21751154,0.0518603283,0.00359458403,0.00860094177,0.998610916,0.00632116746,0.103824845,0.0168969451,0.0616552548,-1.01634562,-9.75364672,0.00343744537,0.0127246762,0.124018594,-0.000346972374,-0.0202550925,-0.00622790866,-3.34175873,18.9404449,-47.0007019,2
5.22746954,0.0517759914,0.00348052469,0.00857610352,0.998615879,0.00609609878,0.103653865,0.0168593338,0.0594610738,-1.0146779,-9.75383377,-0.00633934996,0.0414333227,0.192590026,-0.0305839702,-0.0285646878,-0.00122143235,-3.24765015,19.0063629,-47.0239868,2
5.23742754,0.0515827396,0.00331832062,0.00856628202,0.998626541,0.00577457457,0.103264065,0.0168572899,0.0563272555,-1.01087574,-9.75424761,-0.0355272816,0.00530943152,0.180882637,-0.0450565927,-0.0364573821,-0.000131951878,-3.21842194,19.0739441,-46.9230652,2
5.24738454,0.0513655609,0.00313876669,0.00856229764,0.998638245,0.0054180145,0.102826082,0.0168687222,0.0528516701,-1.00660339,-9.7547088,-0.0338473474,0.00298237681,0.0846779326,-0.0402248167,-0.0346746631,0.00326144788,-3.07302094,19.1438446,-47.0361938,2
5.25734254,0.0511916526,0.00297808633,0.00856971192,0.998647657,0.00509748573,0.102475148,0.0169008008,0.0497268024,-1.00317999,-9.75507763,-0.0470329693,0.0297858473,-0.00219137256,-0.0298227258,-0.0252585188,0.00127427839,-3.08784485,19.2853851,-46.8908081,2
5.26730054,0.0510741094,0.00288311204,0.00858049655,0.998653832,0.00490762545,0.102238204,0.0169326099,0.0478758636,-1.0008685,-9.7553243,-0.0589486764,0.00308335297,-0.0354641121,-0.0178978909,-0.0146506149,0.00455236295,-3.18466187,19.1138458,-46.9447021,2
5.27725754,0.0510208234,0.00279525397,0.00859684269,0.998656673,0.00473042869,0.102130085,0.0169746176,0.0461477612,-0.999813806,-9.75544062,-0.00559560978,0.0114558253,-0.0887678323,-0.00477596652,-0.019685844,0.00428261468,-3.20786285,19.2621002,-46.96698,2
5.28721554,0.050999529,0.00270020784,0.0086171561,0.998657876,0.00453786657,0.102085922,0.0170252186,0.044269432,-0.99938294,-9.75549381,0.040276184,0.0143169869,-0.106671738,-0.00555627234,-0.0166373234,0.0061367075,-3.26007843,19.1891327,-46.96521,2
5.29717354,0.0509671533,0.00264235752,0.00864976154,0.998659421,0.00441891369,0.102020248,0.0170967086,0.0431092794,-0.998742231,-9.75556454,0.048469304,-0.000838496651,-0.0802642078,-0.00868698955,-0.00507039297,0.00612837914,-3.26007843,19.1891327,-46.96521,2
5.30713054,0.0509226767,0.00261604743,0.00866575487,0.998661572,0.00436519632,0.101930797,0.017131635,0.0425856254,-0.997869613,-9.75565631,-0.00203346489,-0.00799596719,-0.0477016624,-0.00829443894,-0.00659798179,0.0017069988,-3.28730774,19.3149109,-46.8009644,2
5.31708854,0.0509124611,0.00254878562,0.00866454313,0.998662264,0.00423044677,0.10190918,0.0171361153,0.0412711453,-0.997658673,-9.7556832,-0.0275041204,0.0208228617,-0.0310644158,0.00234308653,-0.0177285504,-0.000532472739,-3.27058411,19.2065582,-46.9671021,2
5.32704654,0.0509558939,0.00246946331,0.00864827997,0.998660431,0.00407212274,0.101994732,0.0171114809,0.0397262402,-0.998493298,-9.75560429,-0.0186269773,0.025398426,-0.0462567243,0.0109613426,-0.0141306203,-0.00453813327,-3.20878601,19.2304993,-46.7667236,2
5.33700354,0.0510165766,0.00238839463,0.008601983,0.998657983,0.00391308516,0.102114686,0.017026696,0.0381742615,-0.999663583,-9.75549089,-0.0461047029,0.0117544429,-0.0611848288,0.0112536317,-0.0212079212,-0.0136812301,-3.44659424,19.0791931,-46.7350159,2
5.34696154,0.0510632011,0.00226866585,0.00852785223,0.998656474,0.00367952654,0.102205734,0.0168900378,0.0358954459,-1.00055176,-9.75540847,-0.0421798576,0.0138397978,-0.0325368265,0.00440930761,-0.0236867927,-0.0129573829,-3.30666351,19.1281128,-46.8518677,2
5.35691954,0.0510357555,0.0021653453,0.00847415144,0.998658611,0.00347804886,0.102148843,0.0167928692,0.0339301463,-0.999996761,-9.75547219,0.0334071225,-0.0164930158,0.0125683897,-0.0142615819,-0.0201735497,-0.00722679263,-3.39264679,19.0811157,-46.7487793,2
5.36687754,0.0509344677,0.00205206577,0.00844982712,0.998664166,0.00325477806,0.10194402,0.01675581,0.0317526995,-0.997998573,-9.75568437,0.102173312,-0.035849239,0.0430067826,-0.0250945222,-0.0269624814,-0.000589928823,-3.53757477,19.0934448,-46.8818359,2
5.37683454,0.0508087454,0.00191912681,0.0084608598,0.998670785,0.00298882506,0.101690064,0.016791741,0.0291589019,-0.995521004,-9.75594565,0.109555531,-0.0434144135,0.032643794,-0.024213627,-0.0274159499,0.0058590956,-3.53878021,19.1240082,-46.777771,2
5.38679254,0.0507042234,0.00180156618,0.00848011556,0.998676093,0.00275257102,0.101478828,0.0168425229,0.0268545978,-0.993460199,-9.75616192,0.0677167148,-0.0225807382,0.033459202,-0.0162957832,-0.02065951,0.00318075391,-3.46987152,19.132309,-46.8627319,2
5.39675054,0.0506262322,0.00167386755,0.00849351343,0.998680107,0.00249613137,0.101320524,0.016882503,0.0243531227,-0.991915746,-9.75632559,-0.0179183587,-0.0441766301,0.0393090971,-0.0155651951,-0.0276149623,0.0047371625,-3.52883148,19.0430908,-46.7035217,2
5.40670754,0.0505536925,0.0015243497,0.00851488824,0.99868393,0.0021949951,0.101172791,0.0169406751,0.0214154573,-0.990474388,-9.75647932,-0.0142324984,-0.0361908189,0.0517325253,-0.0153076677,-0.0284456033,0.00779606914,-3.58279419,19.1460571,-46.8249207,2
5.41666554,0.0504562545,0.0014196256,0.00856099042,0.998688635,0.0019817125,0.100975989,0.017043908,0.0193349566,-0.988554307,-9.75667805,-0.00317375065,-0.046939592,0.0911368995,-0.0232974682,-0.0105374511,0.0113292038,-3.50797272,19.1557465,-46.8626709,2
5.42662354,0.0503160493,0.00138883386,0.00861101431,0.998695258,0.00191721182,0.100694797,0.0171474927,0.0187061766,-0.985810707,-9.75695687,0.00568509871,-0.0398070367,0.0722621031,-0.0307513885,-0.00273385597,0.00601539807,-3.5190506,19.115921,-46.8807373,2
5.43658054,0.05016778,0.00134873271,0.00861155273,0.998702826,0.00183918373,0.100397212,0.0171526484,0.0179453985,-0.982907168,-9.75725147,-0.0119595451,-0.0280460909,-0.0217155727,-0.0276475232,-0.0148254223,-0.0044786334,-3.52669525,19.1477203,-47.0330505,2
5.44653854,0.0500533376,0.00125368859,0.00858507183,0.998708896,0.00165300326,0.100166369,0.0171090616,0.0161291635,-0.980654712,-9.75748119,0.0167914519,0.00920585444,-0.14583412,-0.021751551,-0.025789123,-0.00346183823,-3.53380585,19.0820312,-46.87146,2
5.45649654,0.0499691488,0.00115587529,0.00857667768,0.998713267,0.00145892591,0.0999960946,0.0171020291,0.0142356995,-0.978993282,-9.75765128,0.0592367087,0.00649681467,-0.200880884,-0.0146285482,-0.0143523235,0.00200915593,-3.4697113,19.2603912,-46.8083191,2
5.46645354,0.049920188,0.00112325704,0.00858947865,0.998715681,0.00139299745,0.0998975174,0.0171309897,0.013592528,-0.978031378,-9.75774831,0.0670625069,0.0148125884,-0.255849907,-0.00626968406,0.00162451155,0.00285044848,-3.35684967,19.2996826,-46.8841248,2
5.47641154,0.0499327718,0.00117735563,0.0086209456,0.998714697,0.00149822335,0.0999236884,0.0171887362,0.0146192566,-0.978286741,-9.75772143,0.0670832209,0.0288345379,-0.282363236,0.00947459321,0.0218577739,0.0071072937,-3.38262939,19.4429779,-47.1806335,2
5.48636954,0.0500135617,0.0013140174,0.00866573061,0.99871008,0.00176667921,0.100087893,0.0172649253,0.0172384901,-0.979888989,-9.75755601,0.0719458677,0.019662878,-0.237786427,0.0221533701,0.0329857916,0.00747853843,-3.31030273,19.4360809,-46.8345337,2
5.49632654,0.0501541462,0.00147825821,0.00871081617,0.998702435,0.00208943084,0.10037234,0.0173388774,0.0203871737,-0.982664445,-9.75727134,0.040814967,0.0245332605,-0.193928581,0.0328834653,0.0349455923,0.00720358919,-3.26587677,19.4600067,-46.7879028,2
5.50628454,0.0503160996,0.0016220853,0.00874917904,0.99869378,0.00237149984,0.100699236,0.017401294,0.0231386324,-0.985854035,-9.75694343,0.0166653401,-0.008788725,-0.163281514,0.0328515097,0.0208305754,0.00638253707,-3.23735046,19.3449707,-46.977356,2
5.51624254,0.0504549695,0.00167346251,0.00877758626,0.998686451,0.00246936435,0.100978285,0.0174530308,0.0240928118,-0.988576665,-9.7566652,0.0119702183,-0.0410812944,-0.0775175394,0.025452666,0.00330269895,0.00441568065,-3.31382751,19.2275238,-47.0992737,2
5.52619954,0.0505367105,0.00166022578,0.0087904744,0.998682218,0.00244006489,0.101141769,0.0174801939,0.0238065514,-0.990171752,-9.75650445,0.0263224089,-0.0402343952,0.0486152701,0.00855331123,-0.00692650303,0.00129418937,-3.25314331,19.2664032,-47.1312866,2
5.53615754,0.050550719,0.00160506535,0.00879189269,0.998681467,0.00232893546,0.101168847,0.0174886361,0.0227222541,-0.990435883,-9.7564799,0.052994741,-0.0580764145,0.142264445,-0.00216982677,-0.014458253,-0.000311076874,-3.31099701,19.3080597,-46.9296875,2
5.54611554,0.0505057766,0.00151705365,0.00879382582,0.998683888,0.00215282568,0.101077316,0.0175014802,0.021004237,-0.989542879,-9.75657459,0.0891293864,-0.0737834675,0.158220723,-0.0143021243,-0.0208533034,0.00346182357,-3.21266937,19.3302612,-46.9030151,2
5.55607254,0.0503958934,0.00140220223,0.00881965109,0.998689374,0.00192154623,0.100855313,0.0175650099,0.0187481629,-0.98737686,-9.75679847,0.111436925,-0.0693655049,0.142283734,-0.0277345274,-0.0219214801,0.0104039963,-3.24770355,19.2772827,-46.9337158,2
5.56603054,0.0502293086,0.0013125155,0.00888361455,0.998697345,0.00173794974,0.10052027,0.0177025116,0.0169574218,-0.984107849,-9.75713223,0.0982638835,-0.070988503,0.124660399,-0.0383280516,-0.0140728783,0.0157905053,-3.3045578,19.2446594,-46.9109192,2
5.57598854,0.0500400288,0.00127334911,0.0089646892,0.998706148,0.00165450621,0.100140686,0.0178692126,0.0161438701,-0.980404099,-9.75750632,0.055532904,-0.0333922012,0.0687713384,-0.0376143493,0.00120095676,0.0148693128,-3.43038177,19.1594086,-46.9161682,2
5.58594554,0.0498911516,0.00131730101,0.0090364626,0.998712926,0.00173818948,0.0998434862,0.0180088775,0.0169609153,-0.977504139,-9.75779624,0.0116202369,-0.0451208521,-0.0591787497,-0.0212007575,0.0174110867,0.013982215,-3.2853775,19.2661285,-46.9222717,2
5.59590354,0.0498385185,0.00143411936,0.00909612695,0.998714908,0.00196765819,0.0997403221,0.0181169528,0.0192002221,-0.97649752,-9.75789269,0.00354506818,-0.0513648611,-0.126568863,-9.65557992E-05,0.0302415751,0.00857748929,-3.37672424,19.2580109,-46.9646912,2
5.60586154,0.0498744937,0.00157153224,0.00913373453,0.998712489,0.00223908361,0.0998149279,0.018178669,0.0218485971,-0.977225469,-9.75781437,0.0127180433,-0.0783197957,-0.184856217,0.0124155069,0.0249192454,0.00477715861,-3.33837891,19.273941,-47.0157471,2
5.61581854,0.0499445517,0.00168451125,0.00915062646,0.998708603,0.00246292021,0.0999573057,0.018201207,0.0240324097,-0.978614804,-9.75766999,0.0323813048,-0.0948869727,-0.176171975,0.0150813926,0.0230381042,-0.000892996555,-3.28475952,19.1373444,-46.8576965,2
5.62577654,0.050018684,0.0018238971,0.00913750828,0.998704904,0.00274271291,0.100108267,0.0181608088,0.0267621292,-0.980087799,-9.75751509,-0.0264625047,-0.061541168,-0.144603701,0.0128547242,0.0281796008,-0.00628216937,-3.24100494,19.2125092,-46.9864807,2
5.63573454,0.0500787895,0.00193059882,0.00908948272,0.998702007,0.00296066874,0.100230409,0.0180535894,0.0288884806,-0.981279566,-9.75738883,-0.0974221446,-0.0414949898,-0.136349668,0.0108990865,0.00952422339,-0.013360139,-3.34896088,19.2454529,-46.9335327,2
5.64569154,0.0501393891,0.00197036005,0.00900780302,0.998699723,0.00304764216,0.100352235,0.0178855274,0.0297367497,-0.982468265,-9.75726667,-0.0816606306,-0.0232476046,-0.116570031,0.0107467538,0.00282983528,-0.0213858411,-3.34896088,19.2454529,-46.9335327,2
5.65564954,0.0501910334,0.0020019094,0.00889449923,0.998698056,0.00312149975,0.100455858,0.0176548006,0.0304570793,-0.983479414,-9.75716262,-0.0635266336,-0.0304666691,-0.136575878,0.00871877372,0.00418840116,-0.0220509935,-3.47264099,19.2058563,-46.8516235,2
5.66560754,0.0502418555,0.00201512732,0.00879176578,0.998696363,0.00315752734,0.100557534,0.0174471391,0.0308082902,-0.984471421,-9.7570615,-0.0638778581,-0.0215437233,-0.101362525,0.0121111078,6.43962994E-06,-0.017885277,-3.45729065,19.2354584,-46.7745667,2
5.67556454,0.0503086636,0.00206641605,0.00872825583,0.998693388,0.00326576571,0.100691996,0.0173143461,0.0318639459,-0.985783381,-9.75692589,-0.057601253,-0.0362430606,-0.069775547,0.0167805515,0.0162966922,-0.00807343051,-3.32894135,19.1402893,-47.0280457,2
5.68552254,0.0504144321,0.00215657003,0.00868562966,0.99868827,0.00344927213,0.100905213,0.0172194638,0.0336536788,-0.987863767,-9.75670903,0.00465390849,-0.011567469,-0.0711889209,0.0253841598,0.0219279453,-0.0119584491,-3.37150574,19.3295288,-46.7998657,2
5.69548054,0.0505470481,0.00231724217,0.00862660691,0.998681753,0.00377559193,0.101173323,0.0170844009,0.0368364827,-0.990479576,-9.75643256,-0.053445896,-0.0492040298,0.024901217,0.0267432667,0.0377042778,-0.0139039326,-3.31385803,19.2847443,-46.8093262,2
5.70543754,0.0506658129,0.00250104817,0.00857731044,0.998675746,0.00414764191,0.10141409,0.016966452,0.0404653727,-0.992828623,-9.75617946,-0.0418117367,0.0412815662,0.0219546422,0.0186272822,0.035800118,-0.0104974825,-3.2781601,19.3413849,-46.8228455,2
5.71539554,0.0507304308,0.0026792416,0.00855038409,0.998672296,0.00450707233,0.101546398,0.0168940528,0.0439714446,-0.994119393,-9.75603274,-0.0035689217,0.04092625,0.0424579165,0.00511463825,0.0351959169,-0.00278124586,-3.35370636,19.3068085,-46.7571716,2
5.72535354,0.0507247291,0.00285098533,0.00855530212,0.998671933,0.00485147396,0.101537894,0.016886422,0.0473314774,-0.994036464,-9.75602573,-0.00782678464,-0.0251468623,0.0406546665,-0.00749756023,0.0357093737,0.00137994322,-3.30729675,19.3343201,-46.9732361,2
5.73531054,0.0506944104,0.00302156415,0.00858099907,0.998672778,0.00519182392,0.1014802,0.0169207228,0.050652233,-0.99347357,-9.75606606,-0.0289544151,-0.0177789639,0.0213923321,-0.00386320543,0.0334325247,0.00318159116,-3.34412384,19.2493744,-46.7506409,2
5.74526854,0.0506961189,0.00316371797,0.00858687283,0.99867221,0.00547659812,0.101486061,0.0169180171,0.0534304746,-0.99353078,-9.7560456,-0.0359225097,0.0395894484,-0.022322891,0.00668184739,0.0239655189,-0.00445315894,-3.3356781,19.2483521,-46.9405212,2
5.75522654,0.0507716829,0.00324721728,0.00853987715,0.998668467,0.00564779586,0.101638523,0.0168148442,0.0550998326,-0.995018169,-9.75588486,-0.0471686743,0.0545442217,-0.0875759921,0.022730669,0.0102339303,-0.014492657,-3.27354431,19.2279968,-46.9887695,2
5.76518354,0.0508989033,0.00324480275,0.00845157168,0.998662753,0.00564990943,0.101892744,0.01663728,0.0551190214,-0.997498368,-9.75563118,-0.0422498267,0.033680955,-0.111322194,0.0266995765,-0.0116942711,-0.0205082037,-3.32904053,19.2293396,-46.7326965,2
5.77514154,0.0510015374,0.00311335586,0.00834806343,0.998658842,0.00539495132,0.102095526,0.0164425197,0.0526306478,-0.99947661,-9.75544238,0.00961895158,0.0564588232,-0.0782914464,0.0130764721,-0.0399568751,-0.0187507793,-3.37733459,19.1085815,-46.8447571,2
5.78509954,0.0510164035,0.00289263951,0.00824701107,0.998659591,0.00496192978,0.102121159,0.0162622057,0.0484061985,-0.999726712,-9.75543887,0.0825270747,0.0635922553,-0.0179915838,-0.00649643037,-0.0461513847,-0.0194938015,-3.30776978,19.1336975,-46.8053284,2
5.79505754,0.0509424468,0.00268100078,0.00814392061,0.998664863,0.00454874344,0.101969147,0.0160771405,0.0443760707,-0.998243707,-9.75561013,0.0786263957,0.0230538356,0.0463742132,-0.020940708,-0.0384450406,-0.0168031957,-3.49951172,19.131012,-46.82547,2
5.80501454,0.0508416781,0.00255412829,0.00807277838,0.998670889,0.00430287446,0.101765003,0.0159475638,0.0419783437,-0.996252168,-9.75582407,0.0792284898,0.0535335834,0.048533437,-0.0174415801,-0.0114102233,-0.0103658028,-3.46495056,19.123291,-46.8453369,2
5.81497254,0.0507851192,0.00253806727,0.00803569855,0.998674069,0.00427529836,0.101651324,0.0158749058,0.0417098015,-0.99514311,-9.75593863,0.0491205664,0.10419921,-0.0668722268,-0.00469338708,0.00392449135,-0.00697875116,-3.35279083,19.1808929,-46.9109802,2
5.82493054,0.0507948927,0.00258562545,0.00801633294,0.998673591,0.00437260862,0.101671565,0.0158311384,0.0426590651,-0.995340533,-9.75591408,0.00223256766,0.140459368,-0.114780225,0.0102219125,0.0168107301,-0.00286496663,-3.33627319,19.0900879,-46.8959045,2
5.83488754,0.050869766,0.00269045313,0.00800466764,0.998669561,0.00458311031,0.101823104,0.0157967833,0.044712011,-0.996818935,-9.75575393,-0.0444123613,0.132959514,-0.107907417,0.0244733151,0.0219252557,-0.00333314505,-3.37744904,19.1072235,-46.8021545,2
5.84484554,0.0510062279,0.002775609,0.00799368437,0.998662515,0.00475310729,0.102097674,0.0157655872,0.0463691534,-0.999497579,-9.75547219,-0.0388869307,0.120375123,-0.105046767,0.0309559815,0.0117831398,-0.00135468272,-3.41889191,19.0796967,-46.8267517,2
5.85480354,0.0511419454,0.00279217359,0.00800054468,0.998655437,0.00478357298,0.102369746,0.0157772287,0.0466650585,-1.00215175,-9.75519863,0.0220189716,0.07978395,0.00556055674,0.0219595749,-0.00239277724,0.0037879874,-3.40195465,19.0799103,-46.6846924,2
5.86476054,0.0512008508,0.00276701587,0.00802283293,0.998652376,0.00472985845,0.102487423,0.0158243865,0.0461405049,-1.00329975,-9.75508289,0.056660876,0.0309529913,0.144309102,0.00272489456,-0.0104120877,0.00522236573,-3.2253418,19.2275696,-46.6791382,2
5.87471854,0.0511467021,0.00268629714,0.00803431741,0.998655237,0.00456744278,0.102377756,0.0158559187,0.0445566286,-1.00222993,-9.75520038,0.0527081791,0.025394042,0.255008196,-0.0229547191,-0.0241781604,0.000478153583,-3.39146423,19.1729736,-46.6231384,2
5.88467654,0.0509555226,0.00253548887,0.0080155079,0.998665624,0.00426954289,0.101992441,0.0158341741,0.0416521987,-0.99847094,-9.75559844,0.0542658843,0.0494676491,0.292965878,-0.0496750139,-0.0383309983,-0.00539598102,-3.29828644,19.1684723,-46.6956787,2
5.89463354,0.0506664234,0.00233011441,0.00796473023,0.99868118,0.00386687002,0.101410052,0.0157539208,0.037726125,-0.992789168,-9.75619466,0.0194358026,0.0158036453,0.203778944,-0.0629351735,-0.0463996753,-0.00999885798,-3.16422272,19.2192078,-46.7737122,2
5.90459154,0.0503447698,0.00208604524,0.00790419952,0.998698469,0.00338798107,0.100761885,0.015657837,0.0330561582,-0.986465298,-9.75685283,0.0270985079,-0.0384042572,0.128121938,-0.0635189414,-0.0503363572,-0.00846647471,-3.21292114,19.2433167,-46.7356873,2
5.91454954,0.0500512691,0.00184481703,0.00786285461,0.998714052,0.00291240119,0.100170258,0.015599644,0.028417687,-0.980692706,-9.75744962,0.0688471025,-0.0826337134,0.0729039082,-0.0508170091,-0.0407930091,-0.00565614691,-3.20313263,19.2863464,-46.723877,2
5.92450654,0.0498368437,0.00170299783,0.00782381366,0.998725259,0.00263492354,0.0997385578,0.0155357676,0.0257113255,-0.976480276,-9.75787925,0.0812799242,-0.0732290485,0.0248515327,-0.0320132263,-0.016082868,-0.0081363488,-3.44587708,19.1650391,-46.6634216,2
5.93446454,0.0497191524,0.00167878799,0.00777502285,0.998731559,0.00259301066,0.0995023881,0.0154403684,0.0253029411,-0.974175726,-9.75811072,0.0496658751,-0.0604202011,-0.0102314712,-0.0137800649,-0.000273257028,-0.0100893183,-3.30797577,19.2333679,-46.9000854,2
5.94442254,0.0496841255,0.00169709677,0.00771041568,0.998733748,0.00263675193,0.09943236,0.0153088777,0.0257299549,-0.973492347,-9.75817794,0.0577681796,-0.0278840322,-0.0222854816,-0.00139689865,0.000978162279,-0.0156854186,-3.34503174,19.3050385,-46.7612,2
5.95437954,0.0496766682,0.00170006425,0.00761814477,0.998734832,0.00265203706,0.0994172293,0.0151233561,0.0258791473,-0.973344755,-9.75819197,0.0534291366,-0.0310244491,-0.0812280844,-0.00302120741,-0.0032703944,-0.0205039885,-3.37919617,19.2233429,-46.718811,2
5.96433754,0.0496251081,0.00171728949,0.00751722281,0.998738192,0.00269745439,0.0993139796,0.0149190995,0.0263226099,-0.972337185,-9.75829134,0.0591208363,-0.0800656165,-0.122428694,-0.0186121501,0.00592416944,-0.0182829108,-3.36641693,19.2149506,-46.7305908,2
5.97429554,0.0495003549,0.00176219919,0.00744456446,0.998744808,0.00279667283,0.0990646365,0.0147689259,0.0272914891,-0.969903967,-9.75853099,0.0841888887,-0.0947691916,-0.0988461587,-0.0317880288,0.00825801864,-0.011181796,-3.42131042,19.2136993,-46.6190186,2
5.98425254,0.0493449548,0.00182656852,0.00741040605,0.998752652,0.00293153535,0.0987543175,0.0146941814,0.0286084307,-0.966875705,-9.75882793,0.0589299488,-0.0979470909,-0.107826753,-0.0315307677,0.0172789451,-0.00382721005,-3.35581207,19.2869873,-46.7154846,2
5.99421054,0.0492134609,0.0019356367,0.00739989581,0.998759057,0.00315340852,0.0984925921,0.0146624914,0.0307744473,-0.96432149,-9.75907401,0.043146876,-0.0566574876,-0.136610364,-0.0254321322,0.0231395029,-0.00155363977,-3.31104279,19.3864594,-46.667572,2
6.00416854,0.0491251417,0.00206461194,0.00740521893,0.998763102,0.00341304075,0.0983176547,0.014660593,0.0333087927,-0.962614248,-9.75923417,-0.00772038795,-0.0594121931,-0.147673026,-0.011302731,0.0225474834,0.00236679963,-3.31104279,19.3864594,-46.667572,2
6.01412554,0.0490941602,0.00215366563,0.00741927415,0.998764313,0.00359085022,0.0982569738,0.0146800793,0.0350442861,-0.962022054,-9.75928619,-0.04970839,-0.0561138091,-0.111108843,-0.00305437366,0.013504019,0.00256613968,-3.32992554,19.2225647,-46.6992798,2
6.02408354,0.0490905877,0.00221061026,0.00744683415,0.998764159,0.00370248214,0.0982507594,0.0147297896,0.036133755,-0.96196141,-9.75928853,-0.0599257595,-0.0120313602,-0.0980886183,0.000541958958,0.00707141962,0.00691614719,-3.23667145,19.234024,-46.697937,2
6.03404154,0.0490830777,0.00222821611,0.00751148476,0.998764038,0.0037315502,0.0982362264,0.0148578444,0.0364174924,-0.96181959,-9.75930139,-0.066045384,-0.035516646,0.00337853652,-0.00478864834,0.000787224388,0.0202060845,-3.31389618,19.3222656,-46.7097778,2
6.04399854,0.0490415919,0.00224831378,0.00762955634,0.99876506,0.00376085399,0.0981538937,0.0150929629,0.0367037734,-0.961016019,-9.75937913,-0.0283237114,-0.034225291,0.0927905119,-0.0120875742,0.0102808606,0.0244636796,-3.44906616,19.3735962,-46.5837097,2
6.05395654,0.0489711917,0.00235376848,0.00774663264,0.998767347,0.00396203714,0.098014984,0.0153177493,0.0386677259,-0.959660367,-9.75950539,-0.0720365462,-0.000715381728,0.0950111106,-0.0160300471,0.0318084732,0.0221231729,-3.55313873,19.309494,-46.9520264,2
6.06391454,0.0489119152,0.00249657653,0.00785976843,0.998769029,0.00423844144,0.0978989629,0.0155309497,0.0413657647,-0.958528002,-9.75960534,-0.0757820392,-0.00708498982,0.0858341169,-0.00968133658,0.0273404866,0.020358298,-3.42012024,19.2770996,-46.8130798,2
6.07387154,0.0488727831,0.0026286442,0.00794489355,0.998770014,0.00449575252,0.0978230517,0.0156889518,0.0438773457,-0.95778712,-9.7596673,-0.0613845892,0.0295834566,0.0402560225,-0.00665745791,0.0277878493,0.0103985397,-3.45240784,19.2839966,-46.718689,2
6.08382954,0.0488224283,0.0027571819,0.00796294167,0.998771953,0.00475274583,0.0977243257,0.0157127133,0.0463859584,-0.956823609,-9.7597503,-0.0897805164,0.0401420408,-0.066651862,-0.0135875354,0.0217235647,-0.0057519339,-3.33890533,19.3497925,-46.6273499,2
6.09378754,0.0487093704,0.00285542457,0.00789347273,0.998777757,0.00495846627,0.0974991489,0.0155640214,0.0483948049,-0.95462588,-9.75995547,-0.0654531492,0.0530577826,-0.0829062467,-0.0345671661,0.015118124,-0.0230282061,-3.29756927,19.2906799,-46.7281799,2
6.10374454,0.048488802,0.00282126281,0.00776994214,0.998789533,0.00490529036,0.0970563637,0.0153201718,0.047877882,-0.950304144,-9.76037983,0.0809604647,0.107543625,-0.0558463904,-0.0535922572,-0.0321886726,-0.0231762771,-3.4597702,19.3491058,-46.6142578,2
6.11370254,0.0482150104,0.00269144839,0.00767855046,0.998803865,0.0046577047,0.0965057394,0.0151502674,0.0454637792,-0.944929684,-9.76091292,0.175252047,0.0635625908,-0.172030637,-0.0558561459,-0.0113815684,-0.0125287743,-3.51269531,19.2162018,-46.6090698,2
6.12366054,0.0479620497,0.00275285039,0.00762332733,0.998816277,0.0047899963,0.0959999113,0.0150343308,0.046757349,-0.939992155,-9.76138404,0.0810335391,0.023609862,-0.350077759,-0.0432801694,0.0342692733,-0.0116291586,-3.54290771,19.26651,-46.6409302,2
6.13361754,0.0478351768,0.00298795673,0.00757296904,0.99882203,0.00526852184,0.0957491483,0.0149110872,0.0514296562,-0.937544323,-9.76159564,-0.0879408799,0.0335819516,-0.460747041,-0.00357676041,0.0621980056,-0.0147953425,-3.3985672,19.247467,-46.6389771,2
6.14357554,0.0479523802,0.00333360268,0.00750505217,0.998815865,0.005967044,0.0959885693,0.0147410117,0.0582469944,-0.939881461,-9.7613326,-0.140248045,0.0676423344,-0.612742607,0.0530678742,0.0739659816,-0.0199224595,-3.2858429,19.2967682,-46.7642822,2
6.15353354,0.0483350279,0.00369685603,0.00741154842,0.998796835,0.00669972959,0.0967594573,0.014516295,0.0653940897,-0.947406157,-9.76055986,-0.137369403,0.0904299933,-0.58598261,0.0957643688,0.0681220889,-0.0243385751,-3.26025391,19.3304596,-46.654541,2
6.16349154,0.048834352,0.00399763222,0.00730147721,0.998772277,0.00730727948,0.0977628258,0.0142631701,0.071317123,-0.957199383,-9.75956267,-0.123540291,0.116982558,-0.354891296,0.102929071,0.0496125855,-0.0256552417,-3.29803467,19.3855133,-46.6572571,2
6.17344854,0.0493041458,0.00419260618,0.00717943413,0.998749211,0.00770434863,0.0987053533,0.013996062,0.0751853565,-0.966397858,-9.75862744,-0.08371433,0.108823144,-0.0713660311,0.0839831606,0.02557173,-0.0273567773,-3.28388977,19.179184,-46.7461548,2
6.18340654,0.0496453144,0.00426829692,0.00704048915,0.998732992,0.00786562061,0.0993884755,0.0137074085,0.0767539347,-0.973064111,-9.7579529,-0.020938734,0.0991788978,0.126528531,0.0537482984,-0.00270411558,-0.0315898731,-3.32998657,19.1914368,-46.7138977,2
6.19336454,0.0498332478,0.00418743024,0.00688429434,0.998725044,0.00771649317,0.0997624798,0.0134007173,0.0752959453,-0.97671372,-9.75759926,-0.00242205778,0.105222781,0.193063489,0.0240345802,-0.0342108384,-0.0295746662,-3.32672119,19.0690613,-46.7748413,2
6.20332154,0.0499031041,0.00397752612,0.00673813498,0.998723417,0.00730889398,0.0998984762,0.0131279117,0.0713177761,-0.978040731,-9.75749639,0.0241513668,0.103257765,0.202387782,0.00529657956,-0.0486979038,-0.025404688,-3.33196259,19.1409302,-46.8753052,2
6.21327954,0.0499113697,0.00374908247,0.00660783155,0.99872484,0.00686327225,0.0999111358,0.0128892004,0.0669695314,-0.978164284,-9.75751451,0.00620360845,0.061781991,0.159310272,0.000253993087,-0.0449565649,-0.0235568937,-3.42164612,19.1192017,-46.6904602,2
6.22323754,0.0499124858,0.00354792692,0.00648696088,0.99872629,0.00647157283,0.0999099883,0.0126667292,0.0631475209,-0.978153032,-9.75754139,-0.0219968237,0.00849982506,0.116240946,0.0010848993,-0.0364485607,-0.0216271672,-3.34883881,19.1684875,-46.9041138,2
6.23319454,0.0499299961,0.00342836518,0.00638527205,0.9987265,0.0062415516,0.0999429009,0.0124744956,0.0609028746,-0.978474227,-9.75752327,-0.0188543518,0.00118942898,0.0740256057,0.00704445876,-0.0163572449,-0.0173916258,-3.41455841,19.1056671,-46.9129944,2
6.24315254,0.0499763681,0.00339386316,0.00631361611,0.998724744,0.00617893662,0.100034884,0.0123338755,0.0602913551,-0.97937176,-9.75743735,-0.0083667276,-0.0324793241,0.0736398212,0.0110077746,0.00132907415,-0.0131060677,-3.40170288,19.0380249,-46.8414612,2
6.25311054,0.0500332272,0.00345209296,0.00626784101,0.998721958,0.00629976941,0.100149169,0.0122358365,0.0614696645,-0.980486882,-9.75731811,0.0121524201,-0.0807446117,0.123649176,0.0100796018,0.0213231631,-0.00763408281,-3.39620209,19.1474762,-46.8002319,2
6.26306754,0.0500831373,0.00360070468,0.00626171535,0.998718952,0.00659814767,0.10025089,0.012208317,0.064380378,-0.981479473,-9.75719945,0.080319573,-0.119555623,0.106621469,0.0112828184,0.0352738649,0.00142838852,-3.4780426,19.0776215,-46.83078,2
6.27302554,0.0501570496,0.0037749982,0.00628333653,0.998714466,0.00694501377,0.100401177,0.012233745,0.0677637871,-0.982945819,-9.75702877,0.103122731,-0.124673331,0.0223544551,0.0180465877,0.0340834856,0.00155176083,-3.35793304,19.1137085,-46.9781494,2
6.28298354,0.0502605504,0.00391562293,0.00628273678,0.998708721,0.00722619086,0.100610152,0.012217732,0.0705057519,-0.984984851,-9.75680373,0.0789825705,-0.0455708609,-0.00136310505,0.0242341775,0.0222699661,-0.00782975741,-3.30973053,19.1738739,-46.8303833,2
6.29294054,0.0503951465,0.00400976502,0.00624579662,0.998701782,0.00741738187,0.100880555,0.012133214,0.0723691848,-0.987623163,-9.75652316,0.06095829,0.0294919789,-0.0390530765,0.0301081575,0.0159940813,-0.0102939168,-3.18994141,19.0989227,-46.8881226,2
6.30289854,0.0505534087,0.0041172973,0.00622117819,0.99869349,0.00763396322,0.101198593,0.0120718674,0.0744798659,-0.990726098,-9.7561929,0.0606432693,0.0198757901,-0.0803846193,0.0325646549,0.0275660492,-0.000336624216,-3.17450714,19.1206055,-46.9059143,2
6.31285654,0.0506919794,0.00428265951,0.00625448269,0.998685547,0.00796099518,0.101478344,0.0121209817,0.0776682365,-0.99345545,-9.7558907,0.0345603134,-0.0348557709,-0.0965484031,0.0238506198,0.038330853,0.0108797979,-3.24119568,19.1167145,-46.8662109,2
6.32281354,0.0507791574,0.00448539843,0.00633173585,0.998679779,0.00835916425,0.10165603,0.0122547945,0.0815512519,-0.995188995,-9.75568203,0.034567903,-0.0700826402,-0.0765554164,0.0107864821,0.0462697372,0.0157736223,-3.18564606,19.0684509,-46.898468,2
6.33277154,0.0508416704,0.00470473269,0.00642078686,0.998675028,0.0087897156,0.101784689,0.0124107158,0.0857504389,-0.996444183,-9.75551778,0.0177991482,-0.0819956347,-0.0886906754,0.0123998094,0.0401965678,0.0134504102,-3.04268646,19.1477356,-47.0434875,2
6.34272954,0.0509439582,0.00486779783,0.00648178968,0.99866861,0.00910968325,0.101992103,0.0125157153,0.0888699957,-0.998467652,-9.75528339,0.00674879841,-0.0606689152,-0.0887760156,0.0254799239,0.0249004345,0.0077046412,-3.1207428,19.1793823,-46.8795166,2
6.35268654,0.0511184684,0.00497939536,0.00651698591,0.998658989,0.00932810312,0.102343304,0.0125735357,0.0909974636,-1.00189383,-9.75491221,-0.0446094502,-0.0570930294,-0.102763624,0.0408133902,0.0159455724,0.00435476191,-3.1207428,19.1793823,-46.8795166,2
6.36264454,0.0513486505,0.0050297287,0.00654021435,0.9986468,0.00942407852,0.102805116,0.012613116,0.0919293285,-1.00639888,-9.75443992,-0.0531728329,-0.0560297111,-0.0797433988,0.0499464348,0.00536589883,0.00512521435,-3.20922852,19.0701752,-46.9829712,2
6.37260254,0.0515945494,0.00505950283,0.00658636254,0.998633571,0.00947619215,0.103298356,0.012700681,0.0924329489,-1.01121023,-9.75393723,-0.00130328288,-0.0401451826,-0.0132078566,0.0476462618,0.00633742008,0.0140904803,-3.08769989,19.1034241,-47.0854187,2
6.38255954,0.051786854,0.00513105025,0.00667980888,0.998622621,0.0096078592,0.103685277,0.0128792971,0.0937134537,-1.01498434,-9.75353333,0.044252764,-0.0103341278,0.0677905107,0.028608121,0.0246687569,0.0217012614,-3.10375214,19.1194153,-47.0239868,2
6.39251754,0.0518856117,0.00529911095,0.006814647,0.998615666,0.00993008511,0.103886556,0.0131317044,0.0968542633,-1.0169476,-9.75329776,0.0795688277,-0.0269260008,0.154794256,0.00952793565,0.0414298102,0.0276664514,-3.06822968,19.1001434,-46.9880676,2
6.40247554,0.0519045422,0.00551992945,0.006970685,0.998612462,0.0103569882,0.103928993,0.0134218288,0.101017521,-1.01736152,-9.75321242,0.0484708201,-0.0431217872,0.16069442,-0.00241128192,0.049133271,0.029375935,-3.04434967,18.9676743,-46.9697571,2
6.41243254,0.0518888712,0.00577353885,0.00711842977,0.998610745,0.010851033,0.103902616,0.0136921839,0.105836319,-1.01710418,-9.75318846,0.0324291922,0.00106324532,0.0765735366,-0.00499830861,0.0528937355,0.0231383033,-3.20539093,18.9832458,-47.078949,2
6.42239054,0.0518801282,0.0060145243,0.00720923104,0.998609275,0.0113255924,0.103889454,0.0138494532,0.110464929,-1.01697581,-9.75315047,-0.0283135188,0.0226323953,-0.0467652583,0.00213337038,0.0431039557,0.00759210065,-3.11463165,19.0955658,-46.8583679,2
6.43234854,0.0519387544,0.00616385355,0.00721591337,0.998605172,0.0116240182,0.104008998,0.0138466795,0.113374103,-1.01814185,-9.75299557,-0.106939321,0.0231997469,-0.195660519,0.0213779993,0.0174582805,-0.00740819704,-3.01100159,19.0810089,-46.8798828,2
6.44230554,0.0520707863,0.00619857143,0.00713667401,0.998598628,0.0117003614,0.104272961,0.0136825582,0.114115524,-1.02071638,-9.75271733,-0.130425666,0.0209859433,-0.257888135,0.0301709585,-0.00251196558,-0.02309395,-3.00132751,19.156189,-46.8528748,2
6.45226354,0.05221815,0.00616167092,0.00700867466,0.99859208,0.0116378594,0.104566084,0.0134278569,0.113502479,-1.02357528,-9.75242507,-0.131009731,0.00169854755,-0.180069567,0.0298039448,-0.0133781238,-0.0263893511,-3.10036469,19.1509857,-46.9963074,2
6.46222092,0.0523530445,0.00609078989,0.0068692431,0.998586389,0.011508543,0.10483367,0.013153915,0.112238167,-1.02618502,-9.75216555,-0.113734169,0.00116582891,-0.0842623375,0.0245897416,-0.0165366326,-0.0271664616,-3.14622498,19.0905609,-47.0758667,2
6.47217892,0.052468559,0.00602194239,0.00673734269,0.99858177,0.0113828158,0.105062613,0.0128951089,0.111009383,-1.0284179,-9.7519446,-0.084972075,0.0327276729,-0.0135550626,0.0208234657,-0.0168846156,-0.0235615522,-3.13813782,19.0124969,-46.9768372,2
6.48213592,0.0525461904,0.00593530445,0.00663590203,0.99857883,0.0112186299,0.105215821,0.0126997574,0.109406478,-1.02991201,-9.7518049,-0.0634673594,0.0723793728,0.048105567,0.00671270676,-0.0204881392,-0.0149709918,-3.05096436,19.0736694,-46.96875,2
6.49209392,0.0525272303,0.00585614515,0.00657131265,0.998580721,0.0110666998,0.105176127,0.0125785962,0.107925336,-1.02952491,-9.75186218,-0.066325708,0.0624154666,0.0557943679,-0.0139773283,-0.0128836464,-0.00811233744,-3.07339478,18.9510269,-47.0985107,2
6.50205192,0.0524158174,0.00582961085,0.00652231527,0.998587081,0.0110198609,0.104952129,0.0124840871,0.107471108,-1.02734033,-9.75209774,-0.0453711188,0.057238137,0.0460042108,-0.0288380347,0.00453049736,-0.0118077397,-3.22795105,18.9925156,-46.9306946,2
6.51200892,0.0522637536,0.00589580104,0.00646685506,0.998595072,0.0111603556,0.104647806,0.0123672354,0.108844707,-1.02437235,-9.75239468,-0.0787671742,0.0439451594,-0.00682020141,-0.0280531235,0.0213355217,-0.0115737962,-3.28148651,18.9133606,-46.9467773,2
6.52196692,0.052164005,0.00597068551,0.00641516746,0.998600088,0.0113172895,0.104448375,0.0122565645,0.110377497,-1.02242728,-9.75258114,-0.0612960067,0.0280837926,-0.055863926,-0.00638590939,0.00877712015,-0.010372445,-3.17173004,18.9741898,-46.9584656,2
6.53192492,0.0521957109,0.00597082171,0.00637027292,0.998598752,0.0113219252,0.104511368,0.0121660714,0.110421985,-1.02304161,-9.75251626,-0.044730702,0.0339354412,-0.0821153886,0.0216295589,-0.00493956683,-0.00981472246,-3.03813171,18.9601288,-46.8935547,2
6.54188192,0.0523283981,0.00591972221,0.00632213182,0.998592396,0.0112229056,0.104775931,0.0120734285,0.109453249,-1.02562191,-9.75225615,-0.077580065,0.00838387053,-0.100930564,0.0300699156,-0.0157362875,-0.00888980646,-2.99330139,19.1133194,-46.8900757,2
6.55183992,0.052450087,0.00581221771,0.00626045135,0.998586986,0.0110121781,0.105017651,0.0119596807,0.10739544,-1.02797936,-9.75203111,-0.121909922,0.0013142244,-0.00897884075,0.0177612379,-0.0267449208,-0.0129365362,-3.27251434,18.9390564,-47.0235596,2
6.56179792,0.0524698878,0.00567228128,0.00619682269,0.998587192,0.0107376457,0.10505495,0.0118464751,0.104717782,-1.02834315,-9.75202175,-0.134495281,-0.0203187846,0.123440502,-0.0103883743,-0.0291143358,-0.0109367687,-3.19618988,18.9014435,-47.0694885,2
6.57175492,0.0523580019,0.00555398493,0.0061487909,0.998593979,0.0105063421,0.104828962,0.0117635461,0.102464541,-1.02613914,-9.75227777,-0.0972268778,-0.0337455447,0.21781916,-0.0315460898,-0.0175099708,-0.00727657462,-3.1460495,18.9814224,-46.9844971,2
6.58171292,0.052182048,0.00549613998,0.00611677615,0.998603719,0.0103954283,0.104475569,0.0117069706,0.101386637,-1.0226925,-9.75265128,-0.0651739715,-0.0633788317,0.225673965,-0.0366090275,-0.00550151011,-0.00566243287,-3.056633,19.1413803,-47.0545654,2
6.59167092,0.0520216726,0.00549197411,0.00609904301,0.998612284,0.0103906351,0.104154164,0.011673278,0.1013433,-1.01955771,-9.75297978,-0.0251773945,-0.0841708599,0.173030754,-0.0257495828,0.00728332065,-0.000517639797,-3.24526978,18.9726639,-46.9753723,2
6.60162792,0.0519153826,0.00557151109,0.00611721063,0.998617216,0.0105495915,0.103942419,0.0117024349,0.102895872,-1.01749245,-9.75317911,0.017263507,-0.104342272,0.156022336,-0.0155856265,0.0267262608,0.00805960316,-3.05500793,19.0174637,-47.050354,2
6.61158592,0.0518504085,0.00572882056,0.00619519098,0.998619255,0.0108580459,0.103814993,0.0118432292,0.105905685,-1.01624954,-9.75327672,0.0479221367,-0.0921178003,0.179762108,-0.0103721917,0.0370315462,0.0178315155,-3.30276489,18.8930359,-47.0279846,2
6.62154392,0.051788285,0.00589728594,0.0063087399,0.998620818,0.0111851793,0.103693855,0.012054296,0.109097677,-1.015068,-9.7533644,-0.00240570943,-0.100332233,0.237909761,-0.01510383,0.0337483995,0.0222579557,-3.11168671,19.0443192,-47.1447449,2
6.63150092,0.0516827783,0.00602686556,0.00642481002,0.998624753,0.0114344707,0.103485456,0.012274954,0.111531526,-1.01303525,-9.75354852,-0.0254895474,-0.0778244865,0.237644389,-0.028659882,0.0256961398,0.0218843091,-3.00900269,19.0028458,-47.0704041,2
6.64145892,0.0514911533,0.00612753168,0.00653398728,0.998633315,0.011627438,0.103104214,0.0124857159,0.113418116,-1.00931645,-9.7539121,-0.036354412,-0.0233341869,0.219752758,-0.0511904955,0.0219879523,0.019377742,-3.0181427,18.9320908,-47.1328125,2
6.65141692,0.051183467,0.00620781719,0.00662718381,0.998648098,0.0117825455,0.102490161,0.0126677853,0.114938302,-1.00332642,-9.7545124,-0.0339839931,-0.0414449401,0.199253575,-0.0736884996,0.0161658712,0.0153625561,-2.90367126,19.0206985,-47.0245361,2
6.66137392,0.0507899232,0.00625698517,0.00669731718,0.998667318,0.0118786397,0.101703522,0.0128077303,0.11588499,-0.995652302,-9.75528748,-0.00141185783,-0.0325092809,0.126107675,-0.0866466388,0.00698968396,0.0105741918,-2.99341583,18.9811096,-46.9176636,2
6.67133192,0.0503558899,0.00625141185,0.00674638786,0.998689075,0.0118675514,0.100834892,0.0129114378,0.115787046,-0.987177611,-9.75614965,0.0685668471,-0.0119542033,0.021775194,-0.0895956084,-0.00615941547,0.00610532612,-2.95960999,19.1100082,-46.9649963,2
6.68128992,0.0499436092,0.00622952939,0.00678118984,0.998709596,0.0118249884,0.100009441,0.0129878893,0.115381388,-0.979123484,-9.75696622,0.0528116623,-0.0101323216,-0.0450450104,-0.0785954222,-0.000950538553,0.00872108247,-2.8314209,19.1585007,-47.0355225,2
6.69124692,0.0496017252,0.00622292034,0.00682300622,0.998726452,0.0118116137,0.0993252633,0.0130761175,0.115258775,-0.972447294,-9.7576355,0.0562262931,-0.00827916805,-0.125180039,-0.0624900237,0.000862161629,0.00655781664,-2.89479065,19.1145706,-47.0621033,2
6.70120492,0.0493296625,0.00624403383,0.00686341233,0.998739534,0.0118532469,0.0987812476,0.0131580121,0.115671274,-0.967138447,-9.75815806,0.0230431407,-0.0324422801,-0.0989192239,-0.0486860573,0.00738424342,0.00893388875,-2.89479065,19.1145706,-47.0621033,2
6.71116292,0.0491091786,0.00630564605,0.00692027547,0.998749612,0.0119739632,0.098341253,0.0132684098,0.116854328,-0.96284455,-9.7585684,0.00569922542,-0.0202761145,-0.0376063848,-0.0420388058,0.018207062,0.0119126346,-2.99559784,19.0985947,-47.0780945,2
6.72111992,0.0489120606,0.00642433251,0.00699931712,0.998757864,0.0122068143,0.097949088,0.0134175045,0.119131215,-0.959017246,-9.75891794,-0.00241352742,-0.00135842887,0.0460913046,-0.0390930846,0.0303649269,0.0153449159,-2.9513855,19.2216873,-47.2233887,2
6.73107792,0.0487021149,0.00657359281,0.00709091667,0.998766605,0.0125000145,0.097531872,0.0135890435,0.121997518,-0.954945248,-9.75928152,0.016267984,-0.0235366507,0.0838642781,-0.046611581,0.0309242383,0.0178712588,-2.90661621,19.2886734,-47.0329895,2
6.74103592,0.0484360483,0.00670696293,0.00719575107,0.998777893,0.0127607988,0.0970022831,0.0137894563,0.12454902,-0.949776321,-9.75975381,0.0135668353,-0.017632322,0.188185069,-0.0600221902,0.0238791127,0.0204414744,-2.90363312,19.2686844,-46.8967285,2
6.75099392,0.0480999479,0.00680620202,0.0072997769,0.998792715,0.0129541528,0.0963320449,0.0139925006,0.126444323,-0.943234206,-9.76036405,0.00808024794,-0.0171415428,0.214981306,-0.0732163116,0.0204419494,0.017678339,-2.91875458,19.2160873,-46.8235168,2
6.76095092,0.0477063908,0.00689662753,0.00738005864,0.998810381,0.0131329708,0.0955463809,0.0141495392,0.128199341,-0.935564913,-9.7610795,-0.0430551609,-0.052493792,0.219437701,-0.0841150284,0.0179196708,0.0115285683,-2.90073395,19.3322678,-46.9468384,2
6.77090892,0.0472830103,0.00697827297,0.00743978277,0.998829527,0.0132966285,0.094700653,0.0142666491,0.129807288,-0.927308687,-9.76184581,-0.0416703829,-0.0646405953,0.244894798,-0.0882011205,0.0178951584,0.012102983,-2.84126282,19.3458939,-47.009613,2
6.78086692,0.0468337589,0.00705401431,0.00751882309,0.998849578,0.0134470498,0.0938033396,0.0144235227,0.131286813,-0.918548093,-9.76265421,-0.0151676763,-0.0732515526,0.274582665,-0.0931170434,0.0165811554,0.0155222146,-2.88290405,19.4735184,-46.8677368,2
6.79082392,0.0463637279,0.00712315397,0.00760477191,0.998870329,0.0135839899,0.0928644609,0.0145952542,0.13263536,-0.90938089,-9.76349416,-0.0024502975,-0.0616191286,0.28933892,-0.098007828,0.0159823392,0.0154338907,-2.83042908,19.5781326,-46.740448,2
6.80078192,0.0458597291,0.00720692054,0.00767615546,0.998892405,0.0137522339,0.0918576384,0.0147369533,0.134290534,-0.899549451,-9.76438205,0.000533321425,-0.0558882568,0.257456758,-0.104178905,0.0208263639,0.00810061023,-2.73937225,19.5975723,-46.7564392,2
6.81073992,0.0453132457,0.00729670081,0.00771797163,0.998916451,0.0139359509,0.0907655001,0.0148194858,0.136098022,-0.888883826,-9.76533424,-0.0292564257,-0.0343817967,0.243294962,-0.116587467,0.0179458559,0.00632006349,-2.71517181,19.6621475,-46.7427673,2
6.82069692,0.0447073321,0.00736163591,0.00774489239,0.998942949,0.0140720547,0.0895538325,0.0148753289,0.137442176,-0.877049669,-9.76638521,-0.0294034603,-0.0240695885,0.196162624,-0.125874445,0.00958779082,0.00234076846,-2.71492004,19.6964493,-46.7045288,2
6.83065492,0.0440691477,0.00738269806,0.00776488479,0.998971075,0.0141212739,0.0882768687,0.0149217472,0.137938572,-0.86457641,-9.76748996,0.000476568003,-0.0482145803,0.113171621,-0.13062866,-0.0021884325,0.00300797168,-2.67427063,19.8763809,-46.6245728,2
6.84061292,0.043420316,0.00733718179,0.00779057499,0.998999578,0.0140366648,0.0869777012,0.0149856037,0.137127803,-0.851884832,-9.76861691,-0.0121800479,-0.0426503703,0.00132160399,-0.128946349,-0.012842142,0.00545781339,-2.66438293,19.9159775,-46.6689453,2
6.85056992,0.0427991622,0.00727497723,0.00782350486,0.999026639,0.013917679,0.0857338275,0.0150649534,0.135980122,-0.839732038,-9.76968484,-0.0304852551,-0.01245565,-0.0915823052,-0.117529742,-0.00773582142,0.00631489232,-2.69391632,20.0012283,-46.7150879,2
6.86052792,0.0422576249,0.00724426846,0.0078333135,0.999049725,0.0138628144,0.0846494874,0.0150941057,0.135456655,-0.829136848,-9.77059727,-0.0738056062,-0.00883534062,-0.145886727,-0.0986910686,-0.00208246289,-0.00345970783,-2.73577881,20.0229416,-46.7857056,2
6.87048592,0.0418090068,0.00725030422,0.00781022521,0.999068753,0.0138831353,0.0837512725,0.0150529764,0.135665485,-0.820359594,-9.77133494,-0.0749122615,-0.00160129772,-0.173280345,-0.0812572464,0.00720593752,-0.0073646456,-2.71050262,19.9739914,-46.5375061,2
6.88044292,0.0414467832,0.0073117745,0.00776921341,0.999083759,0.0140148671,0.0830265859,0.0149702164,0.136960977,-0.813277527,-9.77190894,-0.0557073929,0.00972198726,-0.131257313,-0.0645326003,0.0152894296,-0.0105519164,-2.60822296,20.1736832,-46.5946045,2
6.89040092,0.0411537366,0.00739646334,0.00772755731,0.999095562,0.0141921875,0.0824406968,0.0148834486,0.138700469,-0.80755155,-9.77235961,-0.03904145,0.0204561472,-0.140982004,-0.0544455796,0.019320298,-0.00751809869,-2.53806305,20.0843124,-46.7849426,2
6.90035892,0.0408852573,0.00751555644,0.00769563645,0.999105928,0.014437296,0.0819046236,0.0148131593,0.141101986,-0.802312262,-9.7727565,-0.00104084169,0.029731779,-0.0988356373,-0.0521070585,0.031588681,-0.0082411468,-2.69306183,20.1169205,-46.7486267,2
6.91031592,0.0406248129,0.0077277755,0.00766324418,0.999115192,0.0148690027,0.0813859912,0.0147343508,0.145327102,-0.797243142,-9.77310955,-0.0366898271,0.0477067769,-0.0863625247,-0.0528672189,0.0522297472,-0.00818863977,-2.5693512,20.1315079,-46.6009827,2
6.92027392,0.0403503442,0.00800651897,0.00763697374,0.999124333,0.015433721,0.0808403346,0.0146628506,0.150852825,-0.791909672,-9.77345909,-0.0591245901,0.0664649612,-0.134195704,-0.0565833896,0.0594921857,-0.00790181663,-2.55841827,20.2704544,-46.5290527,2
6.93023192,0.0400455125,0.00829005382,0.00761906763,0.999134391,0.0160077155,0.0802340793,0.0146084999,0.156470372,-0.78598357,-9.77384955,-0.0373584562,0.0886708016,-0.128867787,-0.0650948584,0.0518731587,-0.00496565178,-2.4397583,20.154892,-46.5357971,2
6.94018892,0.0396939599,0.00848611778,0.00761666461,0.999146811,0.0164056775,0.0795332808,0.0145932843,0.160368969,-0.779133046,-9.77433471,4.290756E-05,0.100674543,-0.105488081,-0.0758343264,0.0275438502,-0.000519504072,-2.42942047,20.2450867,-46.4112549,2
6.95014692,0.0393031484,0.00856345079,0.00762865874,0.999161513,0.0165649765,0.0787524195,0.0146172063,0.161936036,-0.771499336,-9.77491455,-0.00691109456,0.118628864,-0.0561263764,-0.0785088539,0.0081549082,0.0041642841,-2.40094757,20.1062775,-46.5186462,2
6.96010492,0.0389084717,0.0085839035,0.00767252105,0.999176509,0.0166078267,0.0779635394,0.0147096436,0.162364947,-0.763786862,-9.7755131,0.00612736031,0.118547834,-0.0398158776,-0.0784710422,0.00329916598,0.0116506955,-2.53161621,20.2687988,-46.5133057,2
6.97006192,0.0385332718,0.00859124156,0.00775942185,0.999190331,0.0166208646,0.0772141741,0.0148890923,0.162501871,-0.756460173,-9.77608009,0.00898318813,0.160003077,-0.0248830968,-0.0717085153,0.00357051566,0.0207268745,-2.54864502,20.3231049,-46.5288696,2
6.98001992,0.0381577322,0.00862262887,0.00788423656,0.9992034,0.0166793397,0.0764651296,0.0151426965,0.163082941,-0.749136259,-9.7766348,0.0127416091,0.192931679,0.0192155726,-0.0796122476,0.014603192,0.0261839572,-2.53604889,20.4703827,-46.4958496,2
6.98997792,0.0377234763,0.00871821334,0.00801695997,0.999218016,0.0168669109,0.0755997337,0.0154082375,0.164927619,-0.740674136,-9.77724855,0.0043128765,0.160228264,0.00666121145,-0.0946763381,0.0228863582,0.0239219554,-2.52708435,20.5111694,-46.5152283,2
6.99993492,0.0372129029,0.00877343646,0.00812073072,0.999235905,0.0169770803,0.0745805509,0.0156201362,0.166017496,-0.730707526,-9.77797979,-0.00276252352,0.152655929,-0.119499655,-0.109338105,-0.00116997561,0.0151532302,-2.46502686,20.6160278,-46.3596191,2
7.00989292,0.0366439452,0.00866780391,0.00817071166,0.999257417,0.0167699091,0.0734411131,0.015737112,0.164005627,-0.719564055,-9.7788402,0.0134649184,0.198374674,-0.248225988,-0.117621273,-0.0401124693,0.00499005616,-2.59544373,20.3722229,-46.3824463,2
7.01985092,0.0360419346,0.00839298331,0.00817346644,0.999281634,0.016227759,0.0722320813,0.0157719703,0.158718005,-0.707738958,-9.77979005,0.000796045749,0.175027408,-0.36189796,-0.124781452,-0.0672594011,0.000781463226,-2.55900574,20.4635315,-46.3869324,2
7.02980892,0.0354277069,0.00799920252,0.00815343785,0.999307007,0.0154491353,0.0709963812,0.0157691657,0.151116581,-0.695651922,-9.78077789,0.0323394773,0.160845519,-0.408794736,-0.121936522,-0.0885355994,-0.00557114277,-2.55841827,20.4874878,-46.2063904,2
7.03976592,0.0348349677,0.00754058091,0.00809792572,0.999331834,0.014542829,0.06980218,0.0156985502,0.142264125,-0.683969814,-9.78173475,0.0326625991,0.150659786,-0.431480615,-0.11819078,-0.0920869261,-0.0129768606,-2.56719971,20.7505646,-46.1393127,2
7.04972392,0.0342960755,0.00711272525,0.00803323886,0.999354117,0.0136980004,0.0687161908,0.0156056853,0.134010283,-0.673345398,-9.78258816,0.00410559955,0.14527276,-0.439755107,-0.0993109569,-0.0774474815,-0.00795194041,-2.5268631,20.8701782,-46.1713867,2
7.05968192,0.0338589458,0.00679755121,0.00802411789,0.999371234,0.0130736189,0.0678364176,0.0156143756,0.127909884,-0.664737874,-9.7832586,0.0146951178,0.151180084,-0.508965421,-0.0776203126,-0.0464951582,0.00855965819,-2.5268631,20.8701782,-46.1713867,2
7.06963892,0.0335250124,0.0066763527,0.00811492369,0.999382662,0.012829637,0.0671674811,0.0158084818,0.125528615,-0.658192837,-9.78373207,0.0489491965,0.165284962,-0.552934327,-0.0581373125,0.00111454865,0.0274204649,-2.60993958,20.9239655,-46.3106079,2
7.07959692,0.0332833931,0.00681596698,0.00830365786,0.99938827,0.0131003412,0.0666886809,0.0161801101,0.128181221,-0.653507894,-9.78401147,0.0111317353,0.161647556,-0.534248916,-0.040822506,0.0582191125,0.0454375483,-2.6960907,21.0201111,-46.3097229,2
7.08955492,0.0331284173,0.00723119238,0.00857371223,0.999388198,0.0139165753,0.0663890525,0.0166953705,0.136169936,-0.650576078,-9.78409915,6.48453971E-07,0.123850105,-0.483135399,-0.0215354562,0.110412776,0.0573349968,-2.80745697,20.9047241,-46.421936,2
7.09951192,0.0330829622,0.00786570084,0.00889262364,0.999382116,0.0151672096,0.0663135263,0.0172926849,0.148406902,-0.649837023,-9.78396997,0.0115560526,0.099917295,-0.428047718,0.00569323543,0.148617417,0.0601137392,-2.65636444,21.0030365,-46.2838135,2
7.10946992,0.0331922197,0.00866198292,0.00921298418,0.999368979,0.0167392713,0.0665512708,0.0178798518,0.163785134,-0.652163347,-9.78357015,-0.03569498,0.0416403165,-0.382210096,0.0406722873,0.170159936,0.0579859093,-2.59575653,20.9603882,-46.0857849,2
7.11942792,0.0334485034,0.00945667214,0.00949709931,0.999350665,0.0183079353,0.0670834935,0.0183916439,0.179125674,-0.657370999,-9.78295231,-0.0674956559,0.0212599379,-0.262219442,0.064424485,0.148985684,0.045259729,-2.49706268,20.9292297,-46.3171692,2
7.12938492,0.0337901076,0.0100988034,0.00971983826,0.999330637,0.0195734139,0.0677831908,0.0187884336,0.191496605,-0.664217138,-9.78225556,-0.0568223958,0.0486064292,-0.106395259,0.0700202733,0.110440917,0.0364951231,-2.54077911,20.8902283,-46.3589172,2
7.13934292,0.0340789898,0.0105573072,0.00989383785,0.999314452,0.0204750636,0.0683734197,0.0191003331,0.200308619,-0.669991849,-9.78168565,-0.044236233,-0.0205872263,0.0429711267,0.0453133322,0.0756688192,0.0283559673,-2.47957611,20.9108124,-46.1509094,2
7.14930092,0.0342130009,0.0108208059,0.0100190664,0.999305834,0.0209920076,0.0686492395,0.0193305312,0.205361299,-0.672690441,-9.78139573,-0.0115802372,-0.0877695419,0.167927878,0.00890533533,0.0333617814,0.0195401944,-2.23718262,20.9142151,-46.2157593,2
7.15925792,0.0341668599,0.0108970811,0.0101065062,0.999305656,0.0211396493,0.0685602342,0.0195013879,0.206806694,-0.671819649,-9.78142496,0.0242341131,-0.131885528,0.199829914,-0.0255812686,7.14689959E-05,0.0118260812,-2.21979523,20.8878784,-46.3027039,2
7.16921592,0.0340020259,0.0108307065,0.0101417217,0.99931168,0.0210072451,0.0682298535,0.0195797554,0.205516252,-0.668587243,-9.78167338,0.116653874,-0.160257051,0.0724380442,-0.0398008861,-0.0258321874,0.000870350283,-2.34962463,20.8871613,-46.1719666,2
7.17917392,0.0338162742,0.0106756893,0.0101226415,0.999319805,0.0207013496,0.0678547357,0.0195557344,0.202529236,-0.664917103,-9.7819861,0.110064065,-0.182332616,-0.05908055,-0.0314729176,-0.0315167047,-0.00836176425,-2.37385559,20.7977142,-46.2759094,2
7.18913092,0.0337164625,0.0105611265,0.0100656791,0.99932496,0.0204775065,0.0676516072,0.0194513196,0.200342375,-0.662929656,-9.78216613,0.1200321,-0.211554108,-0.180406252,-0.00906512793,-0.0147209615,-0.0129329246,-2.32149506,21.006485,-46.2368469,2
7.19908892,0.033742768,0.0105290667,0.00999143461,0.999325152,0.0204178359,0.0677021023,0.0193042446,0.199757981,-0.663423723,-9.7821445,0.111787875,-0.243232126,-0.25090719,0.0194432121,-0.00155429298,-0.0165526941,-2.24797821,20.9920349,-46.3012695,2
7.20904692,0.033885943,0.0105467712,0.0099033831,0.999320982,0.0204567318,0.0679871286,0.0191238861,0.200134596,-0.666212477,-9.78194694,0.0943525736,-0.229968739,-0.200377026,0.0357180759,0.00549358455,-0.0192373209,-2.24407196,20.9899902,-46.495636,2
7.21900392,0.0340555145,0.0106104843,0.00982742601,0.999315267,0.0205865676,0.0683260891,0.018964086,0.201399976,-0.669528835,-9.78169501,0.0884484276,-0.154975969,-0.101419809,0.0292828102,0.0207942426,-0.0118845981,-2.32587433,20.9528503,-46.3615112,2
7.22896192,0.0341286609,0.0107819131,0.00979482658,0.999311227,0.0209309815,0.0684750206,0.0188855942,0.204766822,-0.670985902,-9.78152491,0.111118488,-0.131522101,-0.00477379027,0.000438095536,0.0468585119,-0.00218520593,-2.26531982,20.8784485,-46.5237122,2
7.23891992,0.0340473674,0.0110558918,0.00982287683,0.999310863,0.0214794137,0.0683181415,0.0189246409,0.210133555,-0.669451021,-9.78151614,0.101711576,-0.128118942,0.061656538,-0.0310742892,0.0638950169,0.00983790122,-2.22822571,20.8616333,-46.4451599,2
7.24887692,0.0338453999,0.0113691676,0.0099200795,0.99931318,0.0221039834,0.0679220878,0.0191021494,0.216248604,-0.665576079,-9.78164766,0.0872168217,-0.0853070243,0.0604407324,-0.0475784652,0.0634090751,0.0218999144,-2.23669434,20.9182281,-46.2487488,2
7.25883492,0.0336181252,0.011669419,0.0100438578,0.999316226,0.0227011731,0.0674758791,0.0193345724,0.222096782,-0.661210285,-9.7818125,0.0698465482,-0.0470260281,-0.00972410616,-0.0414657108,0.0572904646,0.0221427958,-2.16262817,20.9938812,-46.1384888,2
7.26879292,0.0334496255,0.0118968933,0.0101610606,0.999317996,0.023152027,0.0671458394,0.0195576841,0.226511968,-0.657981094,-9.7819294,0.0441828223,-0.0147912534,-0.089214407,-0.0246811062,0.0341999754,0.0220969655,-2.21685028,20.9181824,-46.269043,2
7.27875092,0.0333572402,0.0119992325,0.0102736093,0.999318711,0.0233511722,0.0669656183,0.0197783144,0.228462737,-0.656217664,-9.78200247,0.0598892726,-0.0018901246,-0.0812105487,-0.0120156445,0.00876838528,0.0197872054,-2.16873932,20.9896545,-46.3010254,2
7.28870792,0.0333087342,0.0119826027,0.010347324,0.999319789,0.0233138041,0.0668699549,0.0199281754,0.228098671,-0.655281625,-9.78207319,0.0886845014,-0.029760932,-0.0670733023,-0.00898767635,-0.0142213693,0.00996269193,-2.15641785,20.9479065,-46.4150391,2
7.29866592,0.0332672713,0.0118540576,0.0103717311,0.999322432,0.0230554079,0.0667849902,0.0199865863,0.225572294,-0.654450289,-9.78218776,0.119492349,-0.09523564,-0.0195236156,-0.0131952055,-0.0394731984,0.00231036497,-2.15877533,21.0984344,-46.2531128,2
7.30862392,0.0331924519,0.0116161046,0.0103430877,0.999327919,0.0225819936,0.0666298705,0.0199467191,0.220943539,-0.652932432,-9.78239468,0.171406605,-0.141495214,0.0315595059,-0.0208484568,-0.0580694675,-0.0109611638,-2.10701752,21.0730591,-46.2822266,2
7.31858092,0.0330849515,0.0112896877,0.0102542431,0.999336206,0.0219359691,0.0664063099,0.0197927497,0.214627012,-0.650744932,-9.7826811,0.140912263,-0.160292415,0.0758399616,-0.0267367065,-0.0754995868,-0.0219222009,-1.94802094,21.1381683,-46.2280884,2
7.32853892,0.0329517261,0.0108707554,0.0101194365,0.999346627,0.0211080996,0.0661285905,0.0195532098,0.206531969,-0.648027417,-9.7830359,0.162175452,-0.197426652,0.125873866,-0.0294303056,-0.0927706659,-0.0266566202,-2.11461639,20.9597778,-46.1531067,2
7.33849692,0.0328047639,0.0103871194,0.00996310669,0.999358101,0.0201522293,0.065821908,0.019274859,0.19718455,-0.645026408,-9.78342695,0.21162573,-0.254446762,0.193003867,-0.032006111,-0.101932734,-0.0305602811,-2.1307373,20.9967194,-46.1902161,2
7.34845392,0.0326410664,0.00987069518,0.00979694774,0.999370384,0.0191315612,0.0654812204,0.0189789902,0.187203017,-0.641692587,-9.78384254,0.254377917,-0.271098403,0.219306183,-0.0352731384,-0.106099211,-0.0314920545,-2.2266922,20.9762573,-46.1506042,2
7.35841192,0.0324491393,0.00934293807,0.00961567105,0.999383447,0.0180895987,0.0650838811,0.0186537177,0.17701312,-0.637804348,-9.78428619,0.247359471,-0.299078224,0.206731948,-0.0432820655,-0.105752461,-0.0346734673,-2.22650909,21.0714417,-46.0758667,2
7.36836992,0.0322061754,0.00885473711,0.00942513552,0.999397568,0.0171282569,0.064585352,0.0183077512,0.167612419,-0.632925709,-9.78476842,0.219949322,-0.360669587,0.267068636,-0.0541300438,-0.0932701752,-0.0346973687,-2.42578888,20.954834,-46.3693542,2
7.37832692,0.0319074791,0.00840689647,0.00922675151,0.999412927,0.0162490729,0.0639762639,0.0179438539,0.159015983,-0.626964901,-9.78529566,0.224206285,-0.427832102,0.282559635,-0.0658964217,-0.0884317458,-0.0410910845,-2.51021576,21.1329803,-46.120636,2
7.38828492,0.0315698795,0.00800589479,0.00899320119,0.999429024,0.0154663999,0.063289949,0.0175065854,0.151363861,-0.620248087,-9.78584511,0.188762759,-0.48258266,0.259167069,-0.0680550411,-0.0762418807,-0.0468623526,-2.60535431,21.0021515,-46.2459412,2
7.39824292,0.0312330699,0.00760269699,0.00871939262,0.999445137,0.0146815786,0.0626049488,0.0169882944,0.143689883,-0.61354384,-9.78638346,0.156782799,-0.487790531,0.155707279,-0.0685368106,-0.0837155059,-0.0574814416,-2.69849396,21.1425781,-46.0802917,2
7.40819992,0.0309075972,0.00721780682,0.00843605742,0.999460596,0.0139335231,0.0619432355,0.0164491314,0.136374711,-0.607067228,-9.78689199,0.142101217,-0.583900031,0.127186702,-0.0648781508,-0.0788440481,-0.0515598692,-2.69849396,21.1425781,-46.0802917,2
7.41815792,0.0305573848,0.00682341857,0.00817714223,0.999476286,0.0131649984,0.0612326126,0.0159592938,0.128858855,-0.600111636,-9.78742274,0.186278285,-0.570504945,0.0325479324,-0.0768107101,-0.0744285211,-0.0470250398,-2.48608398,21.0358124,-45.9664307,2
7.42811592,0.0301496071,0.00652735861,0.00793971365,0.999492533,0.0125926359,0.0604089996,0.01550668,0.123263054,-0.592049655,-9.78798563,0.169278818,-0.583355294,0.0766553697,-0.0871506259,-0.0454781726,-0.0468425602,-2.62619019,21.1227417,-46.5553894,2
7.43807292,0.0297085616,0.00635324371,0.00769623345,0.999508729,0.0122649834,0.0595208636,0.0150346029,0.120062394,-0.583355695,-9.78854794,0.213779456,-0.587410524,-0.0294745163,-0.0860744417,-0.0284904018,-0.0486886613,-2.60643005,21.2266235,-46.3042908,2
7.44803092,0.0293052676,0.00622646739,0.0074344106,0.999523517,0.0120322863,0.0587089083,0.0145223296,0.117790285,-0.575407038,-9.78904595,0.253012072,-0.595957732,-0.0644406157,-0.0752535462,-0.0252353214,-0.0567662455,-2.64575958,21.3014526,-46.298645,2
7.45798904,0.0289363733,0.00610400972,0.00712492782,0.99953728,0.0118101409,0.0579654041,0.0139138229,0.115620713,-0.56812817,-9.78949662,0.23932003,-0.641094914,-0.117709265,-0.0741869509,-0.0293906517,-0.0678561777,-2.77664948,21.3788147,-46.4072266,2
7.46794604,0.0285747131,0.00593822604,0.00676402837,0.999551132,0.0115036513,0.0572353505,0.0132046238,0.112625066,-0.560980636,-9.78994378,0.224808105,-0.68116272,-0.102298929,-0.0725196153,-0.0439610258,-0.0759328976,-2.77529144,21.2589111,-46.1726685,2
7.47790404,0.0282129582,0.00569955405,0.00637165903,0.999565418,0.0110524912,0.0565040881,0.0124363451,0.108212729,-0.55382101,-9.79040146,0.24867333,-0.648069794,-0.0557528669,-0.0749643967,-0.0551098138,-0.0778991133,-2.92040253,21.2310486,-46.192688,2
7.48786204,0.0278201885,0.00542679676,0.00597283478,0.999580404,0.0105332448,0.0557106707,0.011657057,0.103133682,-0.546052495,-9.79089246,0.234598755,-0.602716997,-0.0310205767,-0.0790027753,-0.0561284535,-0.0786004439,-2.90232849,21.4086304,-46.0838013,2
7.49782004,0.0274366712,0.00516708623,0.00557703192,0.999594592,0.0100392664,0.0549363591,0.0108826389,0.0983013934,-0.538470698,-9.79136183,0.213394091,-0.59698101,-0.0640694443,-0.0706963763,-0.0504489951,-0.0777263939,-3.0324173,21.5855255,-46.6551514,2
7.50777704,0.027146479,0.00492570488,0.00519422786,0.999605892,0.00957980881,0.0543494841,0.0101320642,0.0938056803,-0.532724008,-9.79172073,0.17314817,-0.571752753,-0.172048758,-0.0442694239,-0.0503384247,-0.0750748813,-3.17686462,21.6355743,-46.6852112,2
7.51773504,0.0270047085,0.00470244408,0.00483020643,0.999612642,0.00915386899,0.0540602516,0.00941659022,0.0896363953,-0.52989178,-9.79191303,0.137214577,-0.444250592,-0.278248202,-0.010681103,-0.0426735803,-0.0690718517,-3.14347076,21.6399231,-46.8293152,2
7.52769304,0.027045076,0.00451809474,0.00448371544,0.999614016,0.00880318709,0.0541362289,0.00873248915,0.086202183,-0.530635767,-9.79190368,0.0730126018,-0.402805213,-0.371781641,0.0274437871,-0.0344502255,-0.0673788115,-3.16647339,21.6022491,-46.4393616,2
7.53765004,0.0272677488,0.00437536,0.00415855605,0.999609956,0.00853332739,0.054577708,0.00808738571,0.0835577329,-0.534958817,-9.7916915,0.0644342317,-0.46297597,-0.326204715,0.0597338155,-0.026702024,-0.0608351603,-3.13227081,21.6165466,-46.7012024,2
7.54760804,0.0276104736,0.00426321956,0.00386945851,0.999602165,0.00832217113,0.0552600912,0.00751195635,0.0814871007,-0.541640597,-9.79134137,0.124863511,-0.471257878,-0.181405784,0.0757257417,-0.0230521932,-0.0533897169,-3.06285095,21.4534607,-46.4313049,2
7.55756604,0.0279797206,0.00416599161,0.00360442521,0.999593365,0.00813974121,0.0559959766,0.00698379533,0.079697596,-0.548845998,-9.790955,0.169299751,-0.451183679,0.0107908586,0.0726734921,-0.0221818723,-0.051750809,-3.22309875,21.2917175,-46.6466064,2
7.56752304,0.0283331121,0.00402729269,0.00331531089,0.999584857,0.00787611367,0.0566997786,0.00641000236,0.07711337,-0.555737,-9.79058675,0.196723838,-0.425737651,0.194776722,0.0715183094,-0.0413043909,-0.0626444817,-3.35707855,21.3421783,-46.509552,2
7.57748104,0.0287111489,0.0037680864,0.00293937639,0.999576349,0.00737643149,0.0574517223,0.0056692741,0.0722180768,-0.563099053,-9.79020389,0.153585446,-0.366002436,0.269960266,0.0841643289,-0.0684380084,-0.0854848176,-3.35440063,21.2455292,-46.6459045,2
7.58743904,0.0291935308,0.00338136956,0.00242539689,0.999565123,0.00662954122,0.0584112825,0.00465921897,0.0649022373,-0.572493343,-9.78970997,0.0486730784,-0.384440704,0.229513689,0.111640535,-0.0937725455,-0.115442954,-3.34758759,21.2940674,-46.5861206,2
7.59739604,0.0298044121,0.00289680508,0.00177132951,0.999549994,0.00569556901,0.0596275899,0.00337439302,0.0557548853,-0.584400455,-9.78906291,-0.0568019695,-0.493440812,0.214949742,0.133404419,-0.109697983,-0.139645487,-3.47276306,21.3407593,-46.5588684,2
7.60735404,0.0304898131,0.00236552143,0.00101487662,0.999531748,0.0046756523,0.0609936852,0.00188806625,0.0457670547,-0.597772928,-9.78830712,-0.10173114,-0.575986043,0.27195407,0.138104647,-0.113207668,-0.154238939,-3.50197601,21.3355865,-46.6851807,2
7.61731204,0.0311525042,0.00184437184,0.000211225346,0.999512948,0.00368093967,0.0623157653,0.000307929028,0.036027541,-0.610713475,-9.78754899,-0.10111951,-0.647291503,0.432954195,0.126580879,-0.103972353,-0.161257163,-3.68395233,21.2414703,-46.6498718,2
7.62726904,0.0317222695,0.0014044052,-0.000600887186,0.999495647,0.00285125878,0.063453425,-0.00129287235,0.0279049882,-0.621848069,-9.78687446,-0.116789337,-0.770980354,0.532536851,0.102870435,-0.0793941543,-0.159035251,-3.63185883,21.2048187,-46.7462158,2
7.63722704,0.0321463177,0.00115999258,-0.00138896424,0.999481612,0.00241307176,0.0643003841,-0.0028569754,0.0236152232,-0.630136955,-9.7863554,-0.230713274,-0.820601148,0.584092266,0.0684826225,-0.023674693,-0.153868988,-3.70753479,21.038208,-46.6017456,2
7.64718504,0.0324087882,0.00122155823,-0.0021271794,0.999471719,0.00258513689,0.064823527,-0.00434041956,0.0252982581,-0.63525649,-9.78602047,-0.412111057,-0.851993188,0.589143704,0.0371786132,0.0366470888,-0.143548101,-3.71096039,21.0581207,-46.9053345,2
7.65714204,0.032503473,0.00152388566,-0.00281793436,0.999466588,0.00323617255,0.0650094632,-0.00574409079,0.0316689188,-0.637076107,-9.78588369,-0.539688184,-0.79361063,0.474085246,0.00150130864,0.0796901658,-0.133665651,-3.67235565,21.037262,-46.6869507,2
7.66710004,0.032447309,0.00203748598,-0.00346159577,0.999465361,0.00430650947,0.064891349,-0.0070666439,0.0421434163,-0.635920215,-9.78591935,-0.561535128,-0.72683105,0.267770647,-0.0245112889,0.114421278,-0.13098602,-3.75609589,20.9705048,-46.5880432,2
7.67705804,0.0322653457,0.00266872566,-0.00408435082,0.999467403,0.00560987613,0.064519276,-0.00835404451,0.0548993371,-0.632279082,-9.78609178,-0.697442824,-0.749775434,0.0449830511,-0.0477031618,0.121204883,-0.128207803,-3.66423035,21.0065002,-46.5350342,2
7.68701504,0.0319962889,0.00323215383,-0.0047189384,0.999471603,0.00677678266,0.0639718838,-0.00965963243,0.0663210911,-0.626922085,-9.78636592,-0.740587773,-0.738223382,-0.184586168,-0.0587100685,0.0970792025,-0.136448115,-3.65608978,21.0237427,-46.7575378,2
7.69697304,0.0316939271,0.00369545164,-0.00540102288,0.999476246,0.00774500831,0.0633571148,-0.0110530362,0.0757994378,-0.620905455,-9.78668039,-0.819797211,-0.850632348,-0.341540816,-0.0632648766,0.0782967284,-0.142882839,-3.64123535,21.116272,-46.6802673,2
7.70693104,0.0313611065,0.00404196143,-0.00610074835,0.999481326,0.00847913542,0.0626814,-0.0124735076,0.0829876232,-0.614292101,-9.78703929,-0.862000568,-0.86233338,-0.469570399,-0.0707385093,0.0542848669,-0.139598101,-3.71448517,20.8821259,-46.5865173,2
7.71688804,0.0309960999,0.0042874458,-0.00675394456,0.999487566,0.00900658377,0.0619421211,-0.0137936454,0.0881538377,-0.607056341,-9.78744612,-0.843823326,-0.818542681,-0.444174677,-0.077848345,0.0366984196,-0.127098814,-3.77680969,21.0984955,-46.6155396,2
7.72684604,0.0305340742,0.0044786284,-0.00735235296,0.999496654,0.00941940658,0.0610093937,-0.0149992734,0.0921995968,-0.597926694,-9.78797043,-0.793999557,-0.757043379,-0.367633873,-0.107948661,0.0361086316,-0.116004139,-3.79955292,21.1233521,-46.6210632,2
7.73680404,0.0298967477,0.00471317745,-0.00786698446,0.999510898,0.00990997076,0.0597255954,-0.0160373723,0.0970087415,-0.585359838,-9.78868355,-0.699299704,-0.712747872,-0.291353767,-0.14855282,0.0489000604,-0.0946453214,-3.68585968,21.2368164,-46.6130981,2
7.74676204,0.0290655869,0.00500860933,-0.00829748228,0.999530521,0.0105127615,0.0580533679,-0.0169076171,0.102919399,-0.568989316,-9.78958839,-0.585051357,-0.663427522,-0.265609669,-0.184912488,0.0653036013,-0.0842542872,-3.6913147,21.1864471,-46.9100647,2
7.75671904,0.0280919476,0.00541283547,-0.00870628205,0.999552757,0.0113280413,0.0560939283,-0.0177377181,0.110913038,-0.549805089,-9.79059728,-0.546956604,-0.623205694,-0.34450668,-0.20375143,0.0871353969,-0.0870814994,-3.75357056,21.2554626,-46.6506042,2
7.76667704,0.0271039641,0.00587923693,-0.00913312696,0.999573602,0.0122668046,0.0541038143,-0.0186054628,0.120117221,-0.530318371,-9.79156349,-0.551372411,-0.60932319,-0.427636799,-0.192719057,0.0886986554,-0.0934995636,-3.75357056,21.2554626,-46.6506042,2
7.77663504,0.0262177762,0.00630709972,-0.00960205647,0.999590258,0.0131308626,0.0523168074,-0.0195549603,0.128589893,-0.512818626,-9.79238825,-0.51151211,-0.675904142,-0.420827119,-0.161156073,0.072949253,-0.100702345,-3.71154022,21.1998901,-46.5925903,2
7.78659204,0.0255154855,0.00660211759,-0.0101076267,0.999601557,0.0137329925,0.0508991493,-0.0205722032,0.134496012,-0.49893466,-9.79302596,-0.422996901,-0.834487561,-0.328311332,-0.121747427,0.0362761058,-0.106841572,-3.76141357,21.53685,-46.7111206,2
7.79655004,0.0249994276,0.00672131323,-0.0106240044,0.999608459,0.0139863862,0.0498571167,-0.0216042715,0.136984696,-0.488728762,-9.79350644,-0.290063544,-1.00001737,-0.110258364,-0.0879007876,0.00684870919,-0.101040944,-3.82424164,21.5375519,-46.8946838,2
7.80650804,0.0246289212,0.0067438932,-0.0111076076,0.999612282,0.0140470901,0.0491086638,-0.0225679124,0.137584297,-0.481397944,-9.79386066,-0.16227409,-1.11329164,0.187875272,-0.0594958141,-0.00193006499,-0.0940259099,-3.69503021,21.7149811,-46.7402954,2
7.81646504,0.0243710237,0.00671840959,-0.0115611422,0.999613546,0.0140121341,0.0485869801,-0.0234706681,0.137245438,-0.476288054,-9.79411551,-0.0969925028,-1.18753396,0.446105353,-0.0435578562,-0.0156725086,-0.0887629762,-3.670784,21.6063538,-46.7103882,2
7.82642304,0.02416534,0.00661555556,-0.0119757202,0.999614393,0.0138212768,0.0481722202,-0.024292506,0.135378877,-0.472225407,-9.79433822,-0.0610085772,-1.2215242,0.685149671,-0.0386902876,-0.0289437082,-0.0781360641,-3.7015152,21.6026611,-46.6791382,2
7.83638104,0.0239546511,0.0064953136,-0.0123338282,0.999615921,0.013592453,0.0477488191,-0.0250004638,0.133140405,-0.468078042,-9.79456793,0.000785661352,-1.23075921,0.841301771,-0.0474467613,-0.019096138,-0.0652226657,-3.71684265,21.6658325,-46.7276306,2
7.84633804,0.0236765492,0.00647464556,-0.012645568,0.999618705,0.0135586687,0.047188803,-0.0256194057,0.132813036,-0.462592341,-9.79483272,0.000215222786,-1.30822063,0.879125598,-0.0639555603,0.00457807025,-0.059822008,-3.59479523,21.8074188,-46.6404419,2
7.85629604,0.0233133959,0.0065507065,-0.0129294277,0.99962317,0.01371456,0.0464565364,-0.0261857908,0.134344575,-0.455419124,-9.79514836,-0.0182253651,-1.39978949,0.900090645,-0.0799419805,0.0210883357,-0.0520919152,-3.69916534,21.8592529,-46.7207031,2
7.86625404,0.022909287,0.00671996771,-0.0131563449,0.999628403,0.0140528421,0.0456405713,-0.0266417029,0.137663262,-0.447425751,-9.79547043,-0.030671955,-1.4311263,0.81841131,-0.080464378,0.0460327007,-0.0432008579,-3.68798828,21.8981171,-46.7140808,2
7.87621104,0.0225815734,0.00704116278,-0.0133469739,0.999631113,0.0146953096,0.0449736896,-0.0270327248,0.143960855,-0.440892586,-9.79567619,-0.124507537,-1.39067329,0.634563393,-0.0508588217,0.0792340636,-0.0394532569,-3.88309479,21.983429,-46.744812,2
7.88616904,0.0224191037,0.00750548054,-0.0135259917,0.999628977,0.0156280724,0.044633351,-0.027409204,0.153100174,-0.437558327,-9.79568729,-0.281039878,-1.31080904,0.360138549,-0.0179826133,0.101981819,-0.0353478603,-3.76878357,21.9873657,-46.3902893,2
7.89612704,0.0223977536,0.00803516092,-0.0136623574,0.999623541,0.0166936398,0.0445738436,-0.0277054263,0.163538484,-0.43697534,-9.79554467,-0.377370182,-1.25617568,0.275600317,0.00120066828,0.10799177,-0.0229092985,-3.63407135,22.0735626,-46.4595642,2
7.90608404,0.0223988593,0.00856151609,-0.0137087847,0.999618482,0.0177491716,0.044560637,-0.0278218486,0.173878001,-0.436845978,-9.79537223,-0.333840179,-1.22084104,0.217368493,-0.00856114924,0.104753099,-0.000585085945,-3.72711182,21.9642181,-46.4060364,2
7.91604204,0.0223131762,0.00906291342,-0.0136497675,0.999616711,0.0187475723,0.0443763976,-0.0277243581,0.183659134,-0.435040974,-9.79527403,-0.309054989,-1.17655759,0.15502105,-0.0292664282,0.0941313505,0.0178756788,-3.57072449,21.9907837,-46.5225525,2
7.92600004,0.0221242997,0.00944814867,-0.0135254111,0.999619076,0.0195076879,0.0439903505,-0.0274886366,0.191107879,-0.431258862,-9.79529858,-0.3584023,-1.1104589,0.0654132602,-0.0497453213,0.0590674616,0.0263419747,-3.53431702,21.8887939,-46.4806824,2
7.93595704,0.0218320443,0.00962452266,-0.0133872159,0.999625672,0.0198463732,0.0434036794,-0.0272136408,0.194430375,-0.425511076,-9.79548446,-0.436842873,-0.966269921,-0.0584504354,-0.0699675009,0.0112093911,0.0247006677,-3.40463257,22.0266266,-46.5261536,2
7.94591504,0.0214492245,0.00952554025,-0.0132795529,0.999636389,0.0196329332,0.0426427832,-0.0269858837,0.192345915,-0.41805612,-9.79584687,-0.511522522,-0.823937526,-0.246032862,-0.0832266062,-0.0534909703,0.0190614201,-3.36752319,22.0194397,-46.5292664,2
7.95587304,0.021007948,0.00906626986,-0.0131995132,0.999651114,0.018698204,0.0417740453,-0.0267973262,0.183196101,-0.409544312,-9.7963817,-0.549508517,-0.746407711,-0.402617509,-0.0920366123,-0.133944795,0.015962299,-3.47890472,22.0655212,-46.7044678,2
7.96583004,0.0205176847,0.00817369933,-0.0131317035,0.999669848,0.0168957425,0.0408184863,-0.0266154561,0.165544746,-0.400181477,-9.79708313,-0.567321274,-0.742153561,-0.490951041,-0.102661207,-0.223751873,0.0155359134,-3.61871338,22.0882111,-46.5524597,2
7.97578804,0.0199806086,0.0068744425,-0.0131029958,0.999690828,0.0142800276,0.039779201,-0.0264966596,0.13992369,-0.389997827,-9.79789328,-0.610084603,-0.74096479,-0.506900305,-0.104858048,-0.298556328,0.00336020789,-3.6159668,22.2865753,-46.4375916,2
7.98574604,0.0194844662,0.00528932618,-0.0131447817,0.999709789,0.0110964116,0.0388283249,-0.0265111385,0.108734378,-0.38068011,-9.79865491,-0.6414438,-0.727986504,-0.642906859,-0.0838664919,-0.337774664,-0.00672558602,-3.90999603,22.3534851,-46.2739258,2
7.99570404,0.0191638988,0.00357926128,-0.0131782318,0.999723157,0.00766731142,0.0382321634,-0.0265088261,0.0751349552,-0.374838106,-9.79919559,-0.581807443,-0.717368372,-0.758485541,-0.0354915038,-0.347419053,0.00899585243,-4.05924988,22.3105164,-46.3157654,2
8.00566104,0.0191060253,0.00195112357,-0.0130957656,0.999729859,0.00440482999,0.0381598856,-0.026281168,0.0431650373,-0.374129811,-9.79941596,-0.483697709,-0.651487932,-0.682099636,0.0198317841,-0.298686266,0.0371663012,-4.27097321,22.3652039,-46.2552795,2
8.01561904,0.0193144431,0.000637121733,-0.012874507,0.999730378,0.00177254984,0.0386116591,-0.0257887604,0.0173698112,-0.378556944,-9.79932536,-0.431715922,-0.606658574,-0.647623366,0.0715551674,-0.221169651,0.0624175929,-4.41603851,22.1117096,-46.3500061,2
8.02557704,0.0197927308,-0.000225232326,-0.0125077648,0.999725856,4.48196046E-05,0.0395905855,-0.0250219721,0.000439185752,-0.388149605,-9.79896529,-0.385157036,-0.613825287,-0.601146861,0.125253081,-0.116812773,0.0932910666,-4.21161652,22.0418854,-46.3364563,2
8.03553404,0.0205649266,-0.000591069645,-0.0119680078,0.999716818,-0.000690146247,0.0411439612,-0.0239274575,-0.00676229436,-0.403370592,-9.79834862,-0.323786768,-0.621648528,-0.571986233,0.18610099,-0.022328347,0.127217084,-4.31930542,22.1090698,-46.2366943,2
8.04549204,0.0216423526,-0.000525176589,-0.0112632256,0.999702272,-0.000563042757,0.043297175,-0.0225200193,-0.00551638823,-0.424467594,-9.79745781,-0.2961526,-0.689885248,-0.548037202,0.244411111,0.059245605,0.154195353,-4.29167175,22.0845947,-46.4362488,2
8.05545004,0.0229612469,-8.69280529E-05,-0.0104071248,0.999682161,0.000304441285,0.0459258499,-0.0208271063,0.00298240107,-0.450220423,-9.79630922,-0.304352127,-0.873924303,-0.391467754,0.277545363,0.130295813,0.187835336,-4.12664032,22.0694275,-46.4787903,2
8.06540704,0.0243268032,0.000693169955,-0.00930337229,0.999660567,0.00184069026,0.0486433751,-0.0186573041,0.0180296428,-0.476840463,-9.7950338,-0.212109203,-1.00577052,-0.0521679941,0.258057833,0.198807448,0.250809938,-3.89822388,22.0046997,-46.4580383,2
8.07536504,0.0254314347,0.00174351214,-0.00786362523,0.999644171,0.00389078688,0.0508392475,-0.0158314495,0.0381061898,-0.498347983,-9.79390508,-0.0235909313,-0.923659737,0.33127252,0.172529057,0.236663744,0.312177151,-3.84101868,21.8213501,-46.8726807,2
8.08532304,0.0259960051,0.00294857404,-0.00616894483,0.999638718,0.00622419386,0.051960225,-0.0125039355,0.0609557191,-0.509326473,-9.7932247,0.0777587461,-0.790277687,0.696007165,0.0419216715,0.265100569,0.354816705,-3.71838379,21.7928619,-47.2168274,2
8.09528004,0.0258417066,0.0042480635,-0.00426186461,0.999647918,0.00872515037,0.0516519713,-0.00875206652,0.0854493006,-0.5063076,-9.7931984,0.159058964,-0.5832054,0.822723328,-0.112978168,0.273555577,0.396890938,-3.4854126,21.9397583,-47.0599976,2
8.10523804,0.0248959965,0.0055217234,-0.0021649505,0.99967249,0.0111616811,0.0497723246,-0.00460914472,0.109320882,-0.487898266,-9.79389573,0.305624577,-0.337205089,0.745908383,-0.27129817,0.257725865,0.426221967,-3.3792572,21.9430695,-47.0837708,2
8.11519604,0.0232450487,0.00667294757,-5.63655631E-06,0.999707613,0.0133570856,0.0464931774,-0.000321843593,0.130842823,-0.455778057,-9.79517876,0.363709832,-0.144270268,0.37459436,-0.391284496,0.219975308,0.420802176,-3.3792572,21.9430695,-47.0837708,2
8.12515304,0.0211713034,0.00751890241,0.00202378902,0.999745606,0.0149622759,0.042374949,0.00373153682,0.146592619,-0.415431945,-9.79674995,0.286608618,0.104633072,-0.302590616,-0.439953774,0.132830918,0.376417011,-3.26850891,22.2487488,-47.0937195,2
8.13511104,0.0190204036,0.00782747871,0.00375987982,0.999781359,0.0155203921,0.0381005682,0.00722565868,0.152086486,-0.373548541,-9.79835271,0.202405372,0.366663604,-1.04094639,-0.422995836,0.00183587847,0.309286714,-2.9100647,22.2664566,-46.8966675,2
8.14506904,0.0170835171,0.00742505622,0.00513408429,0.999813325,0.0146810578,0.0342435899,0.0100186006,0.14388242,-0.335749264,-9.79984441,0.17559423,0.464436069,-1.59520817,-0.356305897,-0.148696691,0.239987195,-2.73641205,22.4572983,-46.8343506,2
8.15502604,0.0155382072,0.0063179129,0.00615273874,0.999840392,0.0124489663,0.0311542387,0.0121133495,0.12202026,-0.305469295,-9.80113153,0.143287568,0.486379568,-1.82915136,-0.270092458,-0.279652566,0.174962118,-2.67175293,22.5531998,-46.6479492,2
8.16498404,0.0144452339,0.004673226,0.00688625981,0.999861075,0.00915016932,0.028954862,0.0136417356,0.0896936419,-0.28391052,-9.80212931,0.147781601,0.480832017,-1.80331433,-0.176698074,-0.368115753,0.127912343,-2.68004608,22.8943253,-46.3674927,2
8.17494204,0.0137800991,0.00270162784,0.00741264182,0.999873987,0.00520028496,0.0276002818,0.0147551129,0.0509777203,-0.270631936,-9.80278222,0.179314913,0.485360308,-1.50592946,-0.103090957,-0.411724508,0.0939618349,-2.86673737,22.7180252,-46.5006104,2
8.18489904,0.0134043762,0.000669410918,0.00779696528,0.999879605,0.00113004035,0.0268191784,0.0155803401,0.0110779228,-0.262974772,-9.80311715,0.161155315,0.494013644,-1.07418991,-0.0589764453,-0.392650396,0.0731229782,-3.02732086,22.9456863,-46.4764709,2
8.19485704,0.0132215143,-0.001128901,0.00811214335,0.999879032,-0.00247290436,0.0264245893,0.0162585677,-0.0242424175,-0.259106534,-9.80319664,0.161011541,0.491492162,-0.709742845,-0.0208796635,-0.323138446,0.0624575466,-3.24794769,23.0548782,-46.3806458,2
8.20481504,0.0132401445,-0.00248002266,0.00838294096,0.99987412,-0.00518323826,0.0264384558,0.0168361221,-0.0508122139,-0.259242472,-9.80309085,0.195512124,0.444641856,-0.529235471,0.0259167627,-0.215587601,0.0532831326,-3.34622192,23.1212845,-46.6575012,2
8.21477304,0.0135485733,-0.00325969729,0.00861662339,0.999865794,-0.00675452618,0.0270406299,0.0173264632,-0.0662145575,-0.265145687,-9.80284126,0.144625018,0.31497342,-0.458557422,0.0978894904,-0.0934033692,0.0460238904,-3.45783997,23.1320877,-46.5504456,2
8.22473004,0.0142486895,-0.00337511883,0.00887995238,0.999853377,-0.00700519281,0.0284370914,0.0178616537,-0.0686691384,-0.278835025,-9.80244437,0.176558216,0.134582786,-0.373211381,0.184848592,0.0454195738,0.0615293682,-3.37661743,23.1270981,-46.5569153,2
8.23468804,0.0153669977,-0.00284600829,0.00927388345,0.999834945,-0.00597895002,0.0306809488,0.0186420273,-0.0586055255,-0.300830127,-9.80185984,0.330198133,-0.0623419447,-0.224009246,0.263489068,0.159235895,0.0941110104,-3.49454498,22.907692,-46.569458,2
8.24464604,0.0168171178,-0.00182472938,0.0098721521,0.999808234,-0.00398305962,0.0335980785,0.0198143696,-0.0390383219,-0.329422618,-9.80103801,0.50381308,-0.227679788,0.00441372479,0.317275465,0.239379421,0.136627808,-3.39043427,22.9244308,-46.7886963,2
8.25460304,0.0184289237,-0.000428587229,0.0106868794,0.999773049,-0.00125172533,0.0368486605,0.0214008649,-0.0122668962,-0.361280157,-9.79998528,0.642540802,-0.357730136,0.263880069,0.332276791,0.318092614,0.180850133,-3.29486084,22.7736282,-46.9770813,2
8.26456104,0.0200099554,0.00127832135,0.0117536715,0.999729885,0.00208724647,0.0400498565,0.023470809,0.0204524666,-0.392649949,-9.7987648,0.74150255,-0.353295113,0.600242021,0.30425933,0.366821915,0.234698936,-3.12176514,22.6829758,-46.8533936,2
8.27451904,0.021317416,0.00315984149,0.0131203858,0.999681652,0.00576357533,0.0427171661,0.0261244992,0.0564694907,-0.418784909,-9.7975414,0.803049271,-0.314590594,0.847716315,0.223035574,0.391961873,0.300412953,-2.76368713,22.5492935,-46.9197998,2
8.28447604,0.022148329,0.00512569582,0.0148295419,0.99963166,0.00960034518,0.0444469982,0.0294544518,0.0940527961,-0.435732646,-9.79651322,0.913158216,-0.220729092,0.967446271,0.117021076,0.40959245,0.370491445,-2.57588959,22.2761459,-46.8800354,2
8.29443404,0.022413998,0.00716223519,0.0168588604,0.999581023,0.0135769212,0.0450659612,0.0334226752,0.133004851,-0.441796513,-9.79579017,1.04284777,-0.0865754733,0.863173996,-0.00119504472,0.422712237,0.423538417,-2.24950409,22.1423874,-46.6612854,2
8.30439204,0.0221314953,0.00918670711,0.0191146186,0.999530141,0.0175370546,0.0446081868,0.0378513263,0.171799861,-0.437311805,-9.79538802,1.08351033,0.091946645,0.582949526,-0.100409158,0.412670314,0.461503357,-1.86024475,22.1961288,-46.7656555,2
8.31434904,0.0214895736,0.011121753,0.0215215502,0.999475525,0.0213286065,0.0434489898,0.0425955894,0.20894893,-0.425954983,-9.79516648,1.1038221,0.232172679,0.184541744,-0.147307962,0.386094898,0.4839136,-1.49339294,22.1167984,-46.486084,2
8.32430704,0.0207206298,0.0128460081,0.0240044581,0.999414528,0.0247065463,0.0420461074,0.0475082952,0.242049693,-0.412209988,-9.7949923,1.12803255,0.323024368,-0.228033095,-0.151882827,0.330975443,0.492554277,-1.26293182,22.0786514,-46.4977112,2
8.33426504,0.0200206981,0.0142237509,0.0264715861,0.99934781,0.0273951886,0.0407796337,0.0524066394,0.268398094,-0.399800771,-9.79482045,1.13640006,0.417306726,-0.582697012,-0.12623632,0.245520443,0.480705619,-0.996002197,22.1523514,-46.3806763,2
8.34422204,0.0194949926,0.0151007751,0.0287876772,0.999281346,0.0290845928,0.0398419372,0.0570213205,0.284955901,-0.390612561,-9.79472342,0.993398459,0.478148952,-0.815480517,-0.0849845558,0.121986948,0.43625617,-0.780265808,22.2757492,-46.411499,2
8.35418004,0.0192069891,0.0152234085,0.0308175443,0.999224532,0.0292661916,0.0393326264,0.061087705,0.286740391,-0.385621841,-9.79486896,0.800377056,0.493060106,-0.908109701,-0.0429313704,-0.0567574985,0.374143243,-0.618629456,22.2065048,-46.5515137,2
8.36413804,0.0191254878,0.0143846885,0.032632187,0.999180911,0.0275221802,0.0391684667,0.0647555672,0.269659328,-0.384013236,-9.79541724,0.698795481,0.489356538,-0.90875852,-0.0150540601,-0.266354114,0.30774191,-0.48865509,22.3648911,-46.4346313,2
8.37409504,0.0191378602,0.0125469353,0.0340755218,0.999157242,0.0237888893,0.0391085184,0.0677168468,0.233088935,-0.383425792,-9.79637878,0.652167366,0.395544867,-0.760553579,-0.0174053647,-0.457142949,0.245381042,-0.667243958,22.3763504,-46.6726685,2
8.38405304,0.0190982076,0.00988307999,0.0352087214,0.99914866,0.0184194388,0.0388696252,0.0700902671,0.180486349,-0.381084818,-9.79758056,0.586855557,0.251945959,-0.456485877,-0.0437608212,-0.596387446,0.192934737,-0.871177673,22.35569,-46.684967,2
8.39401104,0.0189399689,0.00671554893,0.0360817231,0.999146865,0.0120620231,0.0383416317,0.0719624342,0.118198235,-0.37591085,-9.79872973,0.489779623,0.106411918,-0.144988317,-0.0673947707,-0.657518208,0.145167485,-1.12480927,22.430748,-46.6829224,2
8.40396804,0.0187116647,0.00339125681,0.0367567081,0.999143314,0.00540500133,0.0376494662,0.0734415261,0.052967136,-0.369127911,-9.79955741,0.372303217,-0.0708082511,0.123989952,-0.07342498,-0.663622975,0.110644698,-1.32794189,22.5159378,-46.9564209,2
8.41392604,0.018482364,0.000215360831,0.0372801127,0.999133931,-0.00094834831,0.0369571836,0.0746077841,-0.0092937679,-0.362343658,-9.79994904,0.304977949,-0.256559042,0.366645447,-0.0668160766,-0.596092701,0.0902440846,-1.67674255,22.5130234,-46.6516113,2
8.42388404,0.0183001303,-0.00247647922,0.0377219229,0.999117647,-0.00633345553,0.0363891615,0.0755898753,-0.0620684478,-0.356777037,-9.79996132,0.216345068,-0.449472016,0.543977698,-0.045420032,-0.47426489,0.0719148666,-1.89523315,22.6089859,-46.7013245,2
8.43384204,0.0182246936,-0.00449552859,0.0381193842,0.999096895,-0.0103793073,0.0360815645,0.0764579631,-0.101718161,-0.353762511,-9.7997392,0.116382911,-0.614095117,0.665561174,-0.0138780838,-0.332898974,0.07036677,-2.14759064,22.6214676,-46.967041,2
8.44379904,0.0183126061,-0.00583598202,0.038537087,0.999072362,-0.0130814848,0.0361493063,0.0773439908,-0.128198071,-0.354426382,-9.79940485,0.118471892,-0.722217784,0.820998988,0.0281792432,-0.204325154,0.0732612982,-2.27581787,22.6328354,-46.8218994,2
8.45375704,0.0185783946,-0.00656309547,0.0390076446,0.999044661,-0.0145733345,0.0366174526,0.0783171035,-0.142814735,-0.359014294,-9.79903543,0.0703904092,-0.822226484,0.942584802,0.0647111535,-0.094509691,0.0788515359,-2.26169586,22.5934677,-46.727356,2
8.46371529,0.0189645069,-0.00678947956,0.0395258682,0.99901549,-0.0150758604,0.037363645,0.079370072,-0.147734903,-0.366326956,-9.79869173,0.0985044052,-0.891977262,1.08634212,0.0836389288,-0.00643109018,0.0843016356,-2.21748352,22.6985855,-47.0163574,2
8.47367229,0.0193745518,-0.00666946754,0.0399767736,0.998990507,-0.0148859348,0.0381860188,0.0802759201,-0.145869346,-0.374385905,-9.79841526,0.140333011,-0.848903113,1.22118781,0.0797704235,0.0467170849,0.0936655775,-2.21748352,22.6985855,-47.0163574,2
8.48363029,0.0197009322,-0.00633821322,0.0405706896,0.998962294,-0.0142730907,0.0388564626,0.0814583897,-0.139860799,-0.380955858,-9.79824984,0.112178089,-0.832905991,1.32202777,0.0540427044,0.0817454681,0.102706879,-2.28735352,22.7086563,-46.9542236,2
8.49358829,0.0198570019,-0.00587004548,0.041201701,0.998936228,-0.0133745587,0.0391980825,0.0827065835,-0.131054959,-0.384303451,-9.79824048,0.129558838,-0.835543865,1.41763743,0.0136771705,0.10467156,0.11904218,-2.326828,22.5502701,-47.0767517,2
8.50354529,0.0197549147,-0.00531006592,0.0419388667,0.998910769,-0.0122752187,0.0390313075,0.0841595059,-0.120284065,-0.382669201,-9.79844273,0.206176306,-0.856331802,1.4708108,-0.0463940911,0.128672868,0.138919696,-2.1945343,22.5504379,-46.9189453,2
8.51350329,0.0193447164,-0.00461387901,0.0427642401,0.998887268,-0.0108801915,0.0382610983,0.0857796785,-0.106618035,-0.375121672,-9.79889281,0.234708079,-0.830360471,1.40676766,-0.103066698,0.163228989,0.153988406,-2.13457489,22.4879837,-47.0118713,2
8.52346129,0.0187250639,-0.00376488263,0.0436446099,0.998864526,-0.00916214017,0.0370874721,0.0875028177,-0.089786864,-0.363620473,-9.79949487,0.232242091,-0.769287359,1.13817167,-0.126609221,0.190213934,0.154688656,-1.95806885,22.5831528,-47.1303711,2
8.53341829,0.0180727604,-0.00285321984,0.0445343266,0.998840253,-0.00731430489,0.035857152,0.0892441946,-0.0716820839,-0.351563175,-9.80008407,0.210845284,-0.669266166,0.805517341,-0.118196569,0.188560918,0.146411285,-1.6869812,22.6736069,-46.9423523,2
8.54337629,0.0174965417,-0.00196752598,0.0453695439,0.998815096,-0.00552137672,0.0347801001,0.0908803551,-0.0541131871,-0.341007513,-9.8005698,0.258817671,-0.552330552,0.479943325,-0.0955800042,0.181057602,0.139497727,-1.64592743,22.6615372,-46.987854,2
8.55333429,0.0170359237,-0.0011547832,0.0461610083,0.998788085,-0.00388180227,0.0339304534,0.0924341748,-0.0380454704,-0.332680232,-9.80093162,0.371288633,-0.474316973,0.200781516,-0.0791205987,0.155138388,0.130699173,-1.53897858,22.7298965,-46.9039001,2
8.56329129,0.0166382631,-0.00046873713,0.0468957674,0.998761133,-0.00249822016,0.0331974348,0.0938804305,-0.0244856471,-0.325495837,-9.80121628,0.418182413,-0.405036589,0.0958709423,-0.0701568201,0.13022545,0.114479795,-1.41203308,22.8030472,-47.0332642,2
8.57324929,0.0163018809,7.41344307E-05,0.0475174103,0.998737361,-0.0014019089,0.0325754014,0.0951061,-0.0137407317,-0.319399054,-9.80143782,0.405342586,-0.383600016,0.0274088159,-0.0539155342,0.0949814394,0.0899211913,-1.32357025,22.7107468,-46.7416687,2
8.58320729,0.0161039728,0.000417506271,0.0479634193,0.998719167,-0.000711229193,0.0322123131,0.0959875753,-0.00697115704,-0.315840266,-9.80155998,0.349491885,-0.388954492,-0.0754196904,-0.0180019606,0.0482059717,0.0508032255,-1.30439758,22.7029343,-46.7157288,2
8.59316429,0.0161300199,0.0005198355,0.0481767301,0.998708415,-0.000516123855,0.0322740638,0.0964116631,-0.00505880977,-0.316445501,-9.80154186,0.228467979,-0.390743421,-0.128259885,0.0305373445,-0.00792121515,0.00366048235,-1.32566071,22.7420425,-46.7131653,2
8.60312229,0.0163839545,0.000379613507,0.0481782987,0.998704353,-0.000820899551,0.0327678953,0.0964203261,-0.00804595237,-0.321285781,-9.80138229,0.111894678,-0.445458944,-0.133058225,0.0643393621,-0.0539136231,-0.0469016992,-1.11922455,22.8016281,-46.7885132,2
8.61308029,0.0167514656,3.55605164E-05,0.0479182027,0.998710837,-0.00153523131,0.0334693969,0.0959122829,-0.0150470388,-0.328161403,-9.80114614,0.0623327476,-0.510858249,-0.0821177267,0.071227625,-0.0890234038,-0.0908965841,-1.24153137,22.6634903,-46.8020935,2
8.62303829,0.017080634,-0.000430141936,0.0474603129,0.998727006,-0.00248193723,0.0340835503,0.0950124734,-0.0243253282,-0.334180736,-9.80092402,0.0746038074,-0.555566027,0.013577859,0.0490937196,-0.107992955,-0.131293342,-1.23899841,22.675972,-46.7601013,2
8.63299529,0.0173061941,-0.000928506446,0.046784054,0.99875464,-0.00347608228,0.0344892419,0.0936762925,-0.0340683811,-0.338156873,-9.8007586,0.0758175169,-0.530790263,-0.05407412,0.0324316509,-0.0982705578,-0.176038176,-1.36105347,22.7252426,-46.7615662,2
8.64295329,0.0174810186,-0.00130302633,0.0458666751,0.99879375,-0.00420906342,0.0348073613,0.0918529173,-0.0412516871,-0.341274676,-9.80062299,-0.016807452,-0.529767386,-0.313980609,0.0295284949,-0.0612049699,-0.22334592,-1.46392822,22.6294174,-46.6642151,2
8.65291129,0.0176663115,-0.00144896312,0.0447845222,0.998839363,-0.00447970253,0.0351690818,0.0896918793,-0.0439035624,-0.344819765,-9.80048739,-0.0786494022,-0.538193342,-0.594238397,0.0433257967,-0.0106946584,-0.257503897,-1.43088531,22.801384,-47.1329041,2
8.66286829,0.0179648712,-0.00132754188,0.0435399496,0.998889254,-0.00421922706,0.0357818664,0.0871970742,-0.0413498731,-0.350825362,-9.80028573,-0.0626480195,-0.52814753,-0.843736305,0.0793478861,0.04394513,-0.285470992,-1.54994965,22.7835159,-47.3039551,2
8.67282629,0.0184683783,-0.000924085445,0.0421349409,0.998940808,-0.00340485671,0.0368280853,0.0843719659,-0.0333675325,-0.361078497,-9.79994378,-0.0459401463,-0.551113943,-1.01167237,0.129234493,0.0966418982,-0.313876271,-1.7244873,22.7073135,-47.4771423,2
8.68278429,0.0192247674,-0.000272839664,0.0406368293,0.998988989,-0.00210915106,0.0383979222,0.0813515817,-0.0206684451,-0.376462456,-9.79939959,0.00794949998,-0.563263267,-1.02747901,0.182851404,0.137575924,-0.33042413,-1.65422821,22.6748123,-47.136261,2
8.69274129,0.0202252888,0.000551105889,0.0390644823,0.99903182,-0.000479428719,0.040465514,0.0781745589,-0.00469774078,-0.396722861,-9.79862101,0.0709874618,-0.5476417,-0.935482861,0.226597026,0.163940161,-0.345536232,-1.66999817,22.6832657,-47.4255066,2
8.70269929,0.021374008,0.00149429665,0.0374733569,0.999067951,0.00138516705,0.0428332617,0.0749518207,0.0135713847,-0.419922389,-9.79764602,0.101350561,-0.612578721,-0.722775345,0.24374184,0.181497648,-0.352523118,-1.48078918,22.4030685,-46.9944458,2
8.71265729,0.0225063606,0.00251363411,0.0358789879,0.999099613,0.00341121656,0.0451679222,0.0717147551,0.0334184248,-0.442795424,-9.79659096,0.127591913,-0.765679544,-0.360060808,0.218818381,0.195780978,-0.335916996,-1.60447693,22.5324173,-47.5194092,2
8.72261429,0.0233908275,0.00358219373,0.0344394018,0.999126694,0.00555316065,0.0470048449,0.0687812004,0.0543974748,-0.460790333,-9.79566742,0.242184516,-0.790032041,0.0259779063,0.145763442,0.205780938,-0.292388916,-1.59563446,22.3733444,-47.5054016,2
8.73257229,0.0238280464,0.00470599724,0.0332035432,0.999153497,0.00783075527,0.0479466318,0.0662511389,0.0767044421,-0.470015695,-9.79507939,0.313550693,-0.611566512,0.276781636,0.0418594182,0.226473421,-0.250910729,-1.60011292,22.2426529,-47.6505737,2
8.74253029,0.0237230515,0.00593509193,0.0322083188,0.999181931,0.0103443175,0.0478078169,0.064199738,0.10132539,-0.468655951,-9.79492098,0.229523626,-0.443386814,0.305952201,-0.0660124421,0.257230878,-0.203043774,-1.43460083,22.14608,-47.4852905,2
8.75248729,0.0230611814,0.00731008779,0.0314645194,0.99921208,0.0131720952,0.0465628625,0.0626511355,0.129030394,-0.456460706,-9.79517116,0.170245106,-0.238757209,0.164794256,-0.180967525,0.296602517,-0.154609933,-1.40465546,22.2687302,-47.504425,2
8.76244529,0.0218658612,0.00885567354,0.0309566972,0.999242256,0.0163608893,0.0442613201,0.0615783853,0.160281236,-0.433913578,-9.79573464,0.157100414,0.0475476409,-0.238364519,-0.276503563,0.32814911,-0.116948359,-1.24129486,22.5994034,-47.5174866,2
8.77240329,0.0203008828,0.0104336746,0.0306120133,0.999270716,0.0196271621,0.0412226209,0.0608449446,0.192300852,-0.404141321,-9.79643197,0.127624637,0.414913621,-0.823049491,-0.323907286,0.31136933,-0.106584936,-0.928527832,22.6445694,-47.1323853,2
8.78236029,0.0186684593,0.0117770039,0.0302556817,0.999298444,0.022425925,0.0380325354,0.0601088255,0.219745744,-0.372881857,-9.79709424,0.0702522429,0.746824621,-1.46178871,-0.306731731,0.231629252,-0.124299102,-0.762733459,22.6736984,-46.8549805,2
8.79231829,0.0172876893,0.0125581198,0.0297519087,0.999329005,0.0240880432,0.0353067696,0.0591009001,0.236052955,-0.346169207,-9.79769512,-0.10691541,0.932447731,-1.93209736,-0.230741903,0.0840831921,-0.171500176,-0.527061462,22.7685471,-46.8166199,2
8.80227629,0.0163933258,0.0125142698,0.0289197321,0.99936901,0.0240803991,0.0334960456,0.0574564869,0.235992767,-0.328422574,-9.7983077,-0.24751457,0.951511912,-2.06705645,-0.12130934,-0.103423208,-0.230666861,-0.698120117,22.8594589,-46.9070129,2
8.81223429,0.0160957302,0.0115414243,0.0277376327,0.999419044,0.0221902929,0.0328189134,0.0551290936,0.217477397,-0.32178584,-9.79895594,-0.286460058,0.928415114,-1.84958274,-0.00539845601,-0.291962504,-0.289895058,-0.929489136,22.795639,-46.7781982,2
8.82219129,0.0163541025,0.00973709366,0.0261271922,0.999477403,0.0186207771,0.0332060197,0.0519606033,0.182496228,-0.325579971,-9.79954455,-0.265544824,0.934603448,-1.3363357,0.0922328904,-0.438847303,-0.347089648,-0.929489136,22.795639,-46.7781982,2
8.83214929,0.017025502,0.00737114362,0.0243781701,0.999530634,0.0139139476,0.0344011966,0.0485302104,0.13636408,-0.337293973,-9.79989936,-0.28121297,0.871199335,-0.623107933,0.157752246,-0.521858633,-0.383468956,-1.23436737,22.8991394,-47.0678101,2
8.84210729,0.0179958209,0.00482594969,0.0224613451,0.999574125,0.00884527875,0.0362010151,0.044774149,0.0866845871,-0.354933163,-9.79984149,-0.302461692,0.671714362,0.0745943455,0.206575766,-0.509674489,-0.404911458,-1.65584564,22.7180176,-47.3120728,2
8.85206429,0.0191138223,0.0025882,0.0205008001,0.999603834,0.00439389311,0.0383280039,0.0409278916,0.0430575857,-0.375777286,-9.79935341,-0.329762919,0.499077064,0.440269486,0.221166685,-0.408260018,-0.415254116,-1.85109711,22.7577209,-47.2005615,2
8.86202229,0.0202694353,0.000940765675,0.0185765248,0.999621549,0.0011286769,0.0405696089,0.0371399422,0.0110594293,-0.397742815,-9.79857425,-0.253472017,0.421683224,0.682652009,0.228018358,-0.27475065,-0.400052994,-2.08558655,22.7099457,-47.1412659,2
8.87198029,0.0214125519,3.87499214E-05,0.0167943986,0.999629677,-0.000642339655,0.0428236338,0.0336118367,-0.00629342446,-0.419828025,-9.79765713,-0.150077539,0.401869942,0.821496416,0.221026227,-0.114496261,-0.36509341,-2.31855774,22.5971069,-47.1795959,2
8.88193729,0.0224785473,-9.74679671E-05,0.0152317286,0.999631325,-0.000880527953,0.0449526889,0.0304921313,-0.00862630498,-0.440686835,-9.79673943,-0.121707705,0.273390423,0.863225434,0.203028217,0.0339316987,-0.320275962,-2.50708008,22.5083923,-47.5063477,2
8.89189529,0.0234326168,0.000447870039,0.0139192088,0.999628451,0.000243347624,0.0468774557,0.0278412624,0.00238380342,-0.459542451,-9.79587668,-0.119699352,0.114027617,0.863559196,0.180692017,0.161732003,-0.265577286,-2.64403534,22.4259338,-47.4228516,2
8.90185329,0.0242442218,0.00157332833,0.0129614823,0.999620769,0.00251995075,0.0485298876,0.0258701859,0.0246831538,-0.475728849,-9.79507296,-0.118954515,-0.00954750748,0.781353206,0.151997462,0.272702456,-0.190452799,-2.59015656,22.3358154,-47.6474609,2
8.91181029,0.0249157575,0.00321749763,0.0124008136,0.999607466,0.00582180111,0.0499124753,0.0246647734,0.0570209415,-0.489270979,-9.794271,-0.129145919,-0.101499888,0.711866998,0.124936551,0.371722251,-0.114123672,-2.47058105,22.0746307,-47.360321,2
8.92176829,0.0254224595,0.00528685269,0.0122249878,0.999588109,0.00996087494,0.0509753134,0.0242048969,0.0975543105,-0.499680583,-9.79342578,-0.144839446,-0.120718529,0.653560939,0.0872390121,0.446606517,-0.0414508581,-2.38160706,22.2276459,-47.4423218,2
8.93172629,0.0257015381,0.00760617013,0.0123769448,0.999564097,0.0145894252,0.0515918358,0.0243869811,0.142877946,-0.505718658,-9.79255952,-0.126417453,-0.0237007917,0.606307021,0.0332993455,0.475651473,0.0141879022,-2.18645477,21.9945679,-47.6578369,2
8.94168329,0.0256511952,0.00994514529,0.0127480118,0.999540189,0.0192539115,0.051555198,0.0250099243,0.188553847,-0.505359834,-9.7918049,-0.131242316,0.169421843,0.597173281,-0.0428510234,0.460283041,0.0402855314,-1.94192505,22.1628876,-47.7047729,2
8.95164129,0.0252130966,0.0120997584,0.0132087008,0.999521548,0.0235543677,0.0507434846,0.0258307347,0.230670787,-0.497410081,-9.79131039,-0.190866837,0.376201978,0.577374941,-0.121908292,0.401868731,0.0472345166,-1.65747833,22.1546936,-47.7161255,2
8.96159929,0.0244042406,0.0138091059,0.0136265654,0.999513875,0.0269755787,0.0491809193,0.0266011787,0.264188149,-0.482105654,-9.79122914,-0.285286704,0.597325001,0.417181456,-0.193224385,0.282195479,0.0305345394,-1.47992706,22.1126709,-47.2504578,2
8.97155629,0.0233058772,0.0148045211,0.0139115011,0.999521966,0.0289825322,0.0470187013,0.0271529787,0.283867685,-0.460926088,-9.79169793,-0.275936564,0.813171436,0.131394091,-0.238376155,0.121074207,-0.00240103877,-1.27897644,22.1283569,-46.9484558,2
8.98151429,0.0220711751,0.0149905441,0.0140040619,0.999545979,0.0293826897,0.0445569075,0.0273642601,0.287818359,-0.436809445,-9.79268811,-0.253102106,0.953955433,-0.299170578,-0.25209707,-0.0386694856,-0.039589107,-1.15218353,22.2745056,-47.0482788,2
8.99147229,0.0208436508,0.0144400709,0.0138525861,0.999582511,0.0283194618,0.042082382,0.0271189683,0.277436081,-0.412565414,-9.79403894,-0.277884647,0.935846506,-0.679246,-0.239840686,-0.17711471,-0.0721537098,-1.34751129,22.3645935,-47.2889099,2
9.00142929,0.0197518103,0.0132551667,0.0135444742,0.999625257,0.0259889078,0.0398584385,0.0265794074,0.254633024,-0.390774255,-9.79555227,-0.29817722,0.828911515,-0.888871916,-0.202319026,-0.291701764,-0.0968910456,-1.52588654,22.6946259,-47.3260803,2
9.01138729,0.018878137,0.0116183991,0.0131056784,0.9996684,0.0227527082,0.0380574742,0.0257855241,0.222947042,-0.37312626,-9.7970124,-0.32918943,0.658034724,-0.924970235,-0.153753087,-0.359686673,-0.111981586,-1.70600128,22.6789551,-47.4271545,2
9.02134529,0.0182141661,0.00978721877,0.0126903776,0.999705676,0.0191204083,0.036674238,0.0250362016,0.187369643,-0.359570796,-9.79826445,-0.240341007,0.490651729,-0.729638801,-0.124479309,-0.367649794,-0.0983232185,-1.71199036,22.7642365,-47.3079224,2
9.03130329,0.0176474895,0.0081206487,0.0123969766,0.999734482,0.0158100503,0.035494403,0.0245186502,0.154939528,-0.348008113,-9.7992482,-0.0530359543,0.398135102,-0.31969548,-0.110935271,-0.294680268,-0.0733616725,-1.83505249,22.8684845,-47.3749084,2
9.04126029,0.0171327667,0.00693749677,0.012196169,0.999754819,0.0134620696,0.0344331577,0.0241653152,0.131935568,-0.337607203,-9.79994904,-0.00698781306,0.233906736,-0.000116904378,-0.0995614752,-0.178593248,-0.0519698076,-2.13105774,22.8658905,-47.5406799,2
9.05121829,0.016682696,0.00636310889,0.0120011256,0.999768634,0.0123300883,0.0335166763,0.0238000027,0.120845891,-0.328624782,-9.80039737,-0.0585962919,0.0996776411,0.233466811,-0.0817587748,-0.0511037372,-0.0245344527,-2.30809021,23.0707092,-47.5995178,2
9.06117629,0.0163457963,0.00638550771,0.0121182948,0.999772564,0.0123789369,0.0328448253,0.0240376029,0.121327327,-0.322039814,-9.80061014,-0.0984324268,0.0441611768,0.398280941,-0.0516781807,0.0556134507,0.0042339908,-2.09427643,23.0589905,-47.2496948,2
9.07113329,0.01616091,0.0068154218,0.0123197037,0.999770319,0.0132368889,0.032488039,0.0244287806,0.129737245,-0.318542803,-9.80061657,-0.123302481,-0.0633340062,0.497946015,-0.0233972743,0.111894302,0.0213195011,-2.23265076,22.9637756,-47.3559875,2
9.08109129,0.0160898444,0.0074254875,0.0126318539,0.999763272,0.0144490398,0.0323653166,0.0250345016,0.141617543,-0.31733993,-9.80049089,-0.13578133,-0.156414331,0.65344345,-0.00708903139,0.130088344,0.0376133472,-2.04211426,23.1487732,-47.3415222,2
9.09104929,0.0160458351,0.00805983481,0.0130326221,0.999753919,0.0157063018,0.0322994704,0.0258165081,0.153939539,-0.316694544,-9.80032606,-0.154986655,-0.229633954,0.828055336,-0.0122015011,0.122380637,0.056473054,-1.95137787,23.1902161,-47.3095093,2
9.10100629,0.0159194231,0.00860331357,0.0133693465,0.999746921,0.0167860252,0.0320663249,0.0264747075,0.164522326,-0.314409319,-9.80022786,-0.139233224,-0.285489405,1.03251174,-0.0391931385,0.0955995247,0.0737132356,-2.09024048,23.2288055,-47.469574,2
9.11096429,0.0156382412,0.00895200677,0.01377355,0.999742825,0.0174781921,0.0315202598,0.027276958,0.171308643,-0.309056962,-9.80028163,-0.13539529,-0.346656625,1.13761111,-0.0743372813,0.0486887395,0.0846750736,-1.89965057,23.3076477,-47.4155884,2
9.12092229,0.0151806705,0.00906963774,0.0143713148,0.999740303,0.0177074572,0.0306189255,0.0284769936,0.173560368,-0.30022217,-9.80051661,-0.19795095,-0.330352264,1.14368196,-0.111194849,0.00362834893,0.0895045996,-1.7734375,23.3093872,-47.192749,2
9.13087929,0.0145625778,0.00898012168,0.014942072,0.999742076,0.0175288881,0.0293902378,0.02963202,0.171816629,-0.288178279,-9.80090883,-0.198302156,-0.258299839,1.057434,-0.137311935,-0.0340535156,0.0889248252,-1.91428375,23.2359924,-47.2053223,2
9.14083729,0.0138743868,0.00873925226,0.0154958345,0.99974546,0.0170515826,0.0280162193,0.0307581951,0.167145185,-0.274709323,-9.80137644,-0.196773084,-0.301696334,0.889559314,-0.140068293,-0.0560117252,0.082204707,-1.90779877,23.3515015,-47.0973816,2
9.15079529,0.0132497107,0.00843384724,0.0160329652,0.999748183,0.0164452142,0.0267663836,0.0318511559,0.161207429,-0.262457215,-9.80181191,-0.236774072,-0.430216842,0.679155399,-0.111714683,-0.0591467991,0.0817535669,-1.8186264,23.2692261,-47.1034851,2
9.16075229,0.0128275054,0.00812158476,0.0165855211,0.999747183,0.015819535,0.0259208288,0.0329713442,0.15507806,-0.254168037,-9.80212931,-0.181264311,-0.502251676,0.494221441,-0.0612190217,-0.0590186976,0.0926549509,-1.90472412,23.3344879,-47.1843262,2
9.17071029,0.0126683522,0.00784273732,0.017074231,0.999743235,0.0152544324,0.0256008125,0.0339586367,0.149540062,-0.25103078,-9.8022959,-0.120210763,-0.541152265,0.373930343,-0.00847564451,-0.0468411297,0.105784066,-1.90472412,23.3344879,-47.1843262,2
9.18066829,0.0127251136,0.00768167052,0.0177455032,0.999732082,0.0149130824,0.0257188741,0.0353050047,0.146193592,-0.252188188,-9.80231694,-0.148737102,-0.563787291,0.393104415,0.0258274209,-0.0159253068,0.119105354,-1.94023132,23.488205,-47.1729736,2
9.19062529,0.0128975761,0.00765872807,0.0185225117,0.999715946,0.0148409035,0.0260744971,0.036857813,0.145484731,-0.255674496,-9.80223686,-0.157605057,-0.544588998,0.442106054,0.0378835537,0.00501193199,0.139896393,-1.83129883,23.5168457,-47.1613159,2
9.20058329,0.013122486,0.00773741353,0.0193825254,0.999696105,0.0149672601,0.0265400531,0.0385733478,0.146721515,-0.260238461,-9.80209833,-0.153155604,-0.497677646,0.429397379,0.0469848737,0.0287317131,0.152681142,-1.81730652,23.4017944,-47.2149963,2
9.21054129,0.0133309096,0.00798432468,0.0202989954,0.999673182,0.0154284495,0.0269805266,0.0403975319,0.151240335,-0.264556489,-9.8019142,-0.191043618,-0.490067536,0.328507147,0.0368677936,0.0727175474,0.158982992,-1.71489716,23.2827759,-47.1065979,2
9.22049929,0.0135061277,0.00844073438,0.0212317051,0.999647696,0.0163088336,0.0273645764,0.0422488272,0.159868052,-0.268321339,-9.80167513,-0.217029306,-0.580125481,0.176086635,0.0361965001,0.109253764,0.165657654,-1.72622681,23.2601624,-47.2015991,2
9.23045629,0.0137308513,0.00902364179,0.0220894192,0.999620983,0.0174414795,0.0278535496,0.0439454728,0.170967465,-0.273114693,-9.8013554,-0.254614575,-0.647906347,0.0360053794,0.0563547648,0.126263916,0.174794421,-1.46460724,23.3943939,-47.4188843,2
9.24041429,0.0140904459,0.00968505493,0.0230097134,0.999589033,0.0187224752,0.0286189176,0.0457622845,0.183518849,-0.280617397,-9.80091642,-0.329415202,-0.733927146,-0.0824976659,0.0889920369,0.140353978,0.193798512,-1.28604126,23.4449921,-47.549408,2
9.25037229,0.0146270513,0.0104224308,0.0241841579,0.999546183,0.0201381873,0.0297493299,0.0480812569,0.197387434,-0.291698233,-9.80032314,-0.330714229,-0.759058665,-0.175417357,0.128042236,0.154234633,0.214943483,-1.29641724,23.3925476,-47.2966003,2
9.26032929,0.0153224752,0.0112043702,0.0254710199,0.999495263,0.0216290874,0.0312053205,0.0506192176,0.211989102,-0.305969992,-9.79958313,-0.371352821,-0.747330671,-0.164784904,0.153412983,0.161686286,0.240663663,-1.1860733,23.3282166,-47.1200562,2
9.27028729,0.0161043466,0.012038483,0.0269055705,0.99943578,0.0232113895,0.0328442297,0.0534472903,0.227482786,-0.322033969,-9.79872096,-0.403157022,-0.74219024,-0.0815507405,0.161160663,0.170662209,0.268681973,-0.993331909,23.2432404,-47.119873,2
9.28024529,0.0168924801,0.0128939633,0.0284799198,0.999368467,0.0248267742,0.0345049084,0.0565520279,0.243297574,-0.33831042,-9.79779216,-0.379766758,-0.717085171,-0.0527010781,0.156556338,0.173851207,0.297158003,-0.854858398,23.2232056,-47.0520935,2
9.29020229,0.0176388191,0.0137965067,0.0302409706,0.999291831,0.0265270302,0.0360949324,0.0600275201,0.25994136,-0.353893517,-9.79681425,-0.361096069,-0.693571316,-0.115628951,0.146559373,0.190091416,0.32758382,-0.515792847,23.0602264,-47.1962891,2
9.30016029,0.018365684,0.014771829,0.032117576,0.99920619,0.0283643959,0.0376599824,0.0637298603,0.277925198,-0.36923097,-9.79575451,-0.345561121,-0.662521879,-0.260041514,0.149246201,0.205468565,0.359197915,-0.509468079,22.9917145,-47.0814514,2
9.31011829,0.0191396566,0.015854324,0.0341390108,0.999108077,0.0304017476,0.0393378177,0.067714312,0.297862765,-0.38567273,-9.7945352,-0.330633126,-0.510658124,-0.503075779,0.167567685,0.233361989,0.383806854,-0.349884033,22.7856903,-47.0588989,2
9.32007529,0.02006067,0.0170745644,0.0362678861,0.99899486,0.0326934274,0.0413312956,0.071901097,0.320282121,-0.405206173,-9.79303882,-0.336891675,-0.351662434,-0.849186972,0.209519282,0.250685185,0.384507447,0.0598678589,22.8056335,-46.8502197,2
9.33003329,0.0212391243,0.0182717954,0.0383486135,0.998871609,0.0349140143,0.0438457598,0.0759805666,0.341990971,-0.429842273,-9.79125428,-0.422944659,-0.244127065,-1.18496265,0.26957196,0.220169097,0.368502915,0.25138855,22.7095337,-47.1629333,2
9.33999129,0.0227090434,0.019205553,0.0403309681,0.998743642,0.0365795106,0.0469274045,0.0798610034,0.358247621,-0.460031733,-9.78930081,-0.410021976,-0.123556529,-1.32443366,0.320640445,0.141909361,0.357896507,0.407821655,22.6210785,-47.1678467,2
9.34994829,0.0243944005,0.0196781664,0.0422035017,0.998617273,0.0372988617,0.0504036538,0.0835332937,0.365227653,-0.49408174,-9.78738357,-0.310908947,-0.00211819773,-1.25168173,0.346802026,0.0352561474,0.347035587,0.436096191,22.3628235,-47.3612976,2
9.35990629,0.0261631414,0.0196357517,0.0440254793,0.998494771,0.0369710066,0.0540027105,0.0871280034,0.361950713,-0.529328301,-9.78566216,-0.285036766,0.021307065,-1.03822369,0.34389177,-0.0652351305,0.339702785,0.564743042,22.3070984,-47.5230713,2
9.36986429,0.0278431073,0.0191598594,0.0458395559,0.998376978,0.0357713893,0.0573838817,0.090736981,0.35014538,-0.562434853,-9.78424469,-0.352988276,-0.0136715651,-0.703255821,0.306124151,-0.1331231,0.34933278,0.617294312,22.1216431,-47.5132751,2
9.37982129,0.0292734861,0.0184237526,0.0477641304,0.998259646,0.034055278,0.0602414987,0.094595707,0.333297962,-0.590410034,-9.78318495,-0.306961488,-0.00155797003,-0.349225526,0.239142746,-0.165041596,0.378686011,0.704277039,22.1646729,-47.63974,2
9.38977929,0.030322959,0.0176112635,0.0498566277,0.99814067,0.0322015206,0.0623295839,0.0988120903,0.31512134,-0.610848719,-9.78253263,-0.232670838,0.0390818642,-0.106567108,0.150500238,-0.154218242,0.414585173,0.69152832,22.0523453,-47.7320251,2
9.39973729,0.0308959277,0.0169014908,0.052009491,0.998025521,0.0305888287,0.0634705313,0.103159446,0.29932323,-0.622015462,-9.78232512,-0.157017668,0.0524931344,0.0680021076,0.0495731197,-0.10829851,0.462891668,0.745620728,22.0955124,-47.9577637,2
9.40969529,0.0309349533,0.0164802522,0.054567931,0.997894702,0.0295790717,0.0635810682,0.108316583,0.289443275,-0.623097266,-9.78255367,-0.0319167583,0.147098514,0.0380038597,-0.0558590293,-0.0289901048,0.511063159,0.686828613,22.0257645,-47.8376465,2
9.41965229,0.0304806774,0.0163875566,0.0573702939,0.997753064,0.0292658596,0.0627458605,0.113953993,0.286394373,-0.614923019,-9.7831604,0.0634585459,0.381786025,-0.24719723,-0.141564801,0.0280278511,0.54303664,0.899894714,22.0824661,-47.7060242,2
9.42961029,0.0296857411,0.016430221,0.0602414031,0.997607121,0.0292642298,0.0612472573,0.119728824,0.286405077,-0.600254954,-9.78407109,0.0673384013,0.638111733,-0.743083389,-0.18534717,0.0316707864,0.540284038,0.957054138,22.1065903,-47.6516724,2
9.43956829,0.0288194942,0.0163554641,0.0629873246,0.997464125,0.0290530968,0.059588455,0.125261534,0.284367854,-0.584017374,-9.78511329,-0.00289933817,0.83031919,-1.36184073,-0.175195858,-0.0143019808,0.502646208,1.02682495,22.1904068,-47.697052,2
9.44952529,0.0280882663,0.0159594275,0.0653592945,0.997338761,0.0282136704,0.0581459865,0.130059714,0.27617735,-0.569896093,-9.78618063,0.00708681646,0.940696431,-1.81806591,-0.141726047,-0.104494728,0.447368294,1.0745697,22.308342,-47.8549805,2
9.45948329,0.0275690928,0.0150032867,0.067383813,0.997233416,0.0262538428,0.0570385217,0.134187435,0.257014019,-0.559053577,-9.78732804,0.10735371,1.1195944,-2.03688577,-0.105384834,-0.243477747,0.372162879,1.13564301,22.3252792,-47.8821716,2
9.46944121,0.0272433789,0.0133768323,0.0691128159,0.997147113,0.0229498637,0.0562099293,0.137754572,0.224686104,-0.550940888,-9.7885836,0.239190632,1.25109356,-2.0678023,-0.0808190405,-0.377644867,0.293306679,1.05231476,22.3887177,-47.7281799,2
9.47939821,0.0270274169,0.0112048706,0.0704488886,0.997086264,0.0185659983,0.0555045687,0.140559691,0.181779421,-0.544034433,-9.78986019,0.386095449,1.33052803,-1.83638248,-0.071679078,-0.465298653,0.23017098,0.898544312,22.4026947,-47.6439209,2
9.48935621,0.026903952,0.00869883418,0.0715327176,0.997037384,0.0135178929,0.0549205993,0.142873791,0.132361338,-0.538316384,-9.79096903,0.490131249,1.32944871,-1.44501878,-0.0526129827,-0.516966879,0.184394434,0.792266846,22.442627,-47.5692749,2
9.49931421,0.0269190302,0.00609380922,0.0723856592,0.996994824,0.00826629502,0.0545855794,0.144727703,0.0809430021,-0.535035865,-9.79170904,0.547535098,1.27963094,-1.08155722,-0.0148305744,-0.51869446,0.138079509,0.617980957,22.3752594,-47.4160767,2
9.50927121,0.027175269,0.00360959345,0.0730310543,0.9969529,0.00323275997,0.0547394843,0.14615883,0.0316550044,-0.536542908,-9.79191011,0.666554203,1.34024483,-0.744821757,0.0421371013,-0.470457673,0.0943309516,0.467941284,22.3817749,-47.4169617,2
9.51922921,0.0276630674,0.00147930391,0.0735309948,0.996908149,-0.00112044475,0.0554009597,0.147282504,-0.0109709496,-0.543019959,-9.79159798,0.688829456,1.27549442,-0.38181379,0.0879441798,-0.393146664,0.0713367015,0.397842407,22.3530731,-47.3383789,2
9.52918721,0.0283180155,-0.000169625874,0.0737733319,0.996872932,-0.00452364416,0.0564638965,0.147867941,-0.0442909452,-0.553427481,-9.7909211,0.72140128,1.16694001,0.00537058712,0.123515226,-0.279419839,0.0438403636,0.397842407,22.3530731,-47.3383789,2
9.53914421,0.0290871667,-0.00121438507,0.0740308908,0.996831007,-0.00673909253,0.0578424242,0.148455287,-0.0659768945,-0.566924164,-9.79002678,0.686224899,1.01463823,0.183742118,0.156080678,-0.162265688,0.00954921357,0.163597107,22.1506348,-47.3781433,2
9.54910221,0.0300096164,-0.00168286172,0.0741333782,0.996795294,-0.00781833306,0.0596126774,0.148703211,-0.0765346842,-0.584254471,-9.78893139,0.624507717,0.893853066,0.309239552,0.200094208,-0.0587344915,-0.0274378322,0.0693054199,22.1807861,-47.3388367,2
9.55906021,0.0311134465,-0.0016830798,0.0740618436,0.996766759,-0.00797923914,0.0618157552,0.148578294,-0.0780993214,-0.605819493,-9.78760803,0.516238335,0.800496371,0.279185775,0.240854338,0.0176318847,-0.069065392,0.0993118286,22.1200562,-47.4293518,2
9.56901721,0.0324118674,-0.00134444768,0.0737938615,0.996745769,-0.00747934118,0.0644589875,0.148041071,-0.073194274,-0.63168908,-9.78600995,0.390725411,0.748105528,0.222970551,0.288824528,0.0676364601,-0.112917803,0.113380432,22.0834045,-47.4557495,2
9.57897521,0.0338893339,-0.000794044247,0.0732944324,0.996734064,-0.00656569626,0.0674921372,0.147026605,-0.0642404307,-0.661369421,-9.784112,0.188140517,0.658524626,0.267459681,0.312445939,0.0979558527,-0.159020782,0.0248413086,21.9393463,-47.6855164,2
9.58893321,0.0353783977,-9.69408498E-05,0.0726147063,0.996732423,-0.00534456027,0.0705700737,0.145637226,-0.0522815284,-0.691481724,-9.78210125,-0.00802229351,0.573416047,0.417929644,0.299065679,0.119124517,-0.189416781,0.0852127075,21.8316345,-47.737854,2
9.59889121,0.0367117345,0.000678745926,0.0718103298,0.996742312,-0.00393007092,0.073347509,0.143985754,-0.0384371046,-0.718648548,-9.7802074,-0.0944409369,0.494190534,0.645729515,0.252359003,0.138562769,-0.212208316,0.144477844,21.6926575,-47.9207153,2
9.60884821,0.037766587,0.00155896074,0.0709205303,0.996765577,-0.00225545708,0.0755819337,0.142147209,-0.0220553124,-0.740500095,-9.77862744,-0.0903223591,0.467110585,0.878482624,0.194175586,0.163941637,-0.228066653,0.178939819,21.621048,-48.036377,2
9.61880621,0.0385342868,0.0025415244,0.0699590843,0.996802098,-0.000325824957,0.0772545443,0.140149856,-0.00318572107,-0.756854871,-9.77739994,-0.16216367,0.439322268,0.94743458,0.139940113,0.188027367,-0.237539828,0.152580261,21.509903,-48.1751404,2
9.62876421,0.0390440704,0.00360982406,0.0688344166,0.9968573,0.00182742453,0.0784200454,0.137812306,0.0178658271,-0.768249979,-9.7764951,-0.186357616,0.498152424,0.96837683,0.0942280143,0.212320983,-0.229198545,0.130554199,21.4727631,-48.2456055,2
9.63872121,0.0393446731,0.0047249361,0.0679250393,0.996903195,0.00408844855,0.0791702232,0.13589988,0.0399682871,-0.775583829,-9.77585096,-0.200230001,0.552921467,0.892913885,0.0543878488,0.199267045,-0.210742131,0.138771057,21.349823,-48.1547546,2
9.64867921,0.0394373476,0.0057107132,0.0670827953,0.996951386,0.00611481551,0.0794840846,0.134130173,0.0597761584,-0.778652131,-9.7755055,-0.185920485,0.561526287,0.87117084,0.00953675434,0.17736201,-0.200828239,0.207366943,21.3856049,-48.1261292,2
9.65863721,0.0393382982,0.00660496531,0.0663006,0.99700212,0.00797924646,0.079399961,0.132487456,0.0780023182,-0.777829708,-9.77544296,-0.20818686,0.575218785,0.774741095,-0.0238915421,0.164380237,-0.18530491,0.243942261,21.3935242,-48.2277527,2
9.66859421,0.0391181452,0.00736803045,0.0655667822,0.99705386,0.00959305195,0.0790543085,0.130952552,0.0937804545,-0.77445066,-9.77557214,-0.192391471,0.583511471,0.578396685,-0.0410574786,0.128771111,-0.167930171,0.181411743,21.3553772,-48.1391907,2
9.67855221,0.0388733723,0.00789801391,0.0649175342,0.997101895,0.0107364992,0.0786278578,0.129606605,0.104961774,-0.770281631,-9.77578841,-0.17244815,0.522031239,0.451719685,-0.0391437635,0.0734030157,-0.149362341,0.225440979,21.2875824,-48.1642456,2
9.68851021,0.0386873318,0.00811229178,0.0643609229,0.997143531,0.0112329662,0.07827779,0.128471902,0.109818137,-0.766859182,-9.7760041,-0.104281381,0.436757021,0.327736163,-0.0285856612,0.00691666873,-0.122793838,0.243858337,21.2753601,-48.257782,2
9.69846721,0.0385742177,0.00804633455,0.0639783526,0.99717308,0.0111454981,0.0780391124,0.127708708,0.108965091,-0.764525698,-9.77619641,0.00146764313,0.367535455,0.311019421,-0.0203819182,-0.0373144075,-0.0923970118,0.380477905,21.4838104,-48.2042236,2
9.70842521,0.0384679735,0.00782476934,0.0636653855,0.997198971,0.0107402371,0.077795228,0.127097389,0.105005165,-0.762141287,-9.77642554,0.0274242784,0.308588103,0.370355992,-0.0283453036,-0.0546851419,-0.0848900899,0.223106384,21.3726807,-48.2120972,2
9.71838321,0.0382923971,0.00754441665,0.0633345708,0.997228954,0.010227358,0.077405493,0.126454733,0.0999940592,-0.758330789,-9.7767745,-0.0313102164,0.253601544,0.409310869,-0.0513791218,-0.0626504347,-0.100529306,0.225357056,21.4940491,-48.1268616,2
9.72834021,0.0380029843,0.00720033089,0.0628643299,0.997272317,0.00961178176,0.0767793508,0.125536788,0.0939802331,-0.752208653,-9.777307,-0.0622568785,0.293418152,0.41627837,-0.0743286535,-0.0822313279,-0.129432335,0.0770263672,21.4201965,-48.0636597,2
9.73829821,0.0375960519,0.00672756283,0.0622090743,0.997332138,0.00876695122,0.0759013899,0.124256691,0.0857257885,-0.743623853,-9.77803941,-0.0432285264,0.39676228,0.397258612,-0.100089416,-0.111498237,-0.173139736,0.0203475952,21.4113159,-47.9171448,2
9.74825621,0.0370679811,0.00612173497,0.0613157012,0.997411139,0.00768762611,0.0747643838,0.122507668,0.0751785112,-0.732505296,-9.77896587,-0.0696417326,0.440859926,0.320223303,-0.127593756,-0.135185182,-0.222825259,-0.0808639526,21.2823486,-48.0828247,2
9.75821321,0.0364226145,0.00541266184,0.0602201112,0.997505687,0.0064289198,0.0733812721,0.120359031,0.0628760653,-0.718978802,-9.78005601,-0.102380205,0.418804089,0.201603938,-0.143497661,-0.149578527,-0.26450628,-0.027885437,21.6734924,-47.8647766,2
9.76817121,0.0357828944,0.00467437828,0.0588883431,0.997612151,0.00512534677,0.072007645,0.117737155,0.0501320085,-0.705543713,-9.78110815,-0.146947342,0.367061846,0.097760117,-0.12836504,-0.152156472,-0.310902536,-0.247436523,21.6553497,-47.6189575,2
9.77812921,0.0352585214,0.00398308137,0.0573086762,0.997725828,0.00391665031,0.0708725214,0.114613683,0.0383126973,-0.694440354,-9.78195629,-0.204110952,0.314957784,-0.0187076231,-0.094758898,-0.139180571,-0.359677911,-0.396759033,21.7076416,-47.4203186,2
9.78808621,0.0349256,0.00337260236,0.0555477844,0.997839326,0.00285757971,0.0701324332,0.111121095,0.0279543575,-0.687200539,-9.78250282,-0.167266766,0.272702769,-0.010081249,-0.0484742261,-0.12571004,-0.395367712,-0.456169128,21.8391418,-47.4558716,2
9.79804421,0.0348137647,0.00286998932,0.053618715,0.997950346,0.00199975268,0.069849372,0.107284598,0.0195630412,-0.684431513,-9.78271734,-0.135083073,0.249582956,0.0172176768,-0.00809824374,-0.103396103,-0.437613457,-0.480438232,21.7785187,-47.4429321,2
9.80800221,0.0348981829,0.0025006319,0.0514787259,0.998061095,0.00140197033,0.0699755889,0.103017074,0.0137149807,-0.685666242,-9.78264076,-0.175173721,0.242737255,0.0398860202,0.0341533385,-0.0824761689,-0.482204914,-0.609550476,21.7304382,-47.4426575,2
9.81796021,0.0351515737,0.00220081659,0.0490645392,0.998174498,0.000946554542,0.0704490325,0.0981961371,0.00925950259,-0.690297701,-9.78232045,-0.264092123,0.235996256,0.0817635065,0.061588034,-0.0825426877,-0.529742777,-0.981666565,21.928833,-47.5688477,2
9.82791721,0.0355165027,0.00189768034,0.0464547394,0.998287089,0.000490280204,0.0711476544,0.0929843739,0.00479584227,-0.697131639,-9.7818388,-0.320680582,0.173996969,0.136647774,0.0776881799,-0.0849842727,-0.562980056,-1.08531189,21.9036865,-47.6886902,2
9.83787521,0.0359331137,0.00162802732,0.0436611954,0.998398694,0.000113368664,0.0719553872,0.0874026814,0.0011088899,-0.705032548,-9.78127357,-0.278387135,0.112915016,0.164663908,0.0825609043,-0.0732600987,-0.599185765,-1.30606079,21.8555298,-47.7690735,2
9.84783321,0.0363587359,0.00141276689,0.0406780514,0.998509584,-0.000137045377,0.0727882864,0.081437502,-0.00134039731,-0.713179103,-9.78068262,-0.326365715,0.0541734887,0.160631291,0.0846112669,-0.0662860796,-0.639832795,-1.4846344,21.8407135,-47.7093201,2
9.85779021,0.0368005441,0.00124013062,0.0374398057,0.99862033,-0.000279529113,0.0736589934,0.074958269,-0.00273381088,-0.721694929,-9.78005776,-0.382882004,0.0457802659,0.162101364,0.091333665,-0.0564539395,-0.686146915,-1.79546356,21.6064301,-47.6317444,2
9.86774821,0.0372954702,0.00114784411,0.0339628679,0.998726324,-0.000241229699,0.0746431983,0.0679951712,-0.00235906798,-0.731320178,-9.77934289,-0.391636461,0.0735117379,0.115597387,0.104470506,-0.0416190661,-0.727407277,-2.10067749,21.590271,-47.8824158,2
9.87770621,0.037835308,0.00113392481,0.0302515,0.998825399,-2.40327126E-05,0.0757226829,0.0605565569,-0.000235005039,-0.741876424,-9.77854794,-0.400793471,0.121327601,0.0785901371,0.110892482,-0.0276236832,-0.763038218,-2.10067749,21.590271,-47.8824158,2
9.88766321,0.0383900364,0.00117247292,0.0264286935,0.998912587,0.000314125665,0.0768341309,0.0528905122,0.00307143192,-0.752744294,-9.77771734,-0.376267298,0.169455307,0.135070149,0.112338312,-0.0230579581,-0.795502961,-2.31938934,21.5801086,-48.013092,2
9.89762121,0.0389502364,0.00121828933,0.0224294333,0.998988716,0.00068894348,0.0779552764,0.0448698738,0.00673570831,-0.763706052,-9.7768651,-0.366164933,0.221866681,0.10773206,0.113019139,-0.0306168683,-0.831431746,-2.52018738,21.5799408,-47.9296875,2
9.90757921,0.0395059507,0.00117401947,0.018220928,0.999052553,0.000908983715,0.0790621669,0.0364364238,0.00888623798,-0.774527525,-9.77601229,-0.397494795,0.270845743,0.0821890384,0.111408725,-0.0596487895,-0.854916275,-2.99176025,21.5036316,-48.0877991,2
9.91753621,0.0400558229,0.000977320121,0.0139243379,0.999100001,0.000840076603,0.0801525574,0.027838276,0.00821188695,-0.78518672,-9.77516239,-0.362553392,0.338965778,0.11530688,0.10911949,-0.0871037543,-0.86581701,-3.2448349,21.4459686,-48.1635437,2
9.92749421,0.0405947218,0.000704325957,0.00957083652,0.999129595,0.00063245997,0.0812215306,0.0191320633,0.0061818664,-0.795635633,-9.77431893,-0.310694062,0.444135368,0.104887192,0.105945535,-0.0915355161,-0.878427327,-3.36216736,21.2741547,-48.084198,2
9.93745221,0.0411052583,0.000497382885,0.00516135482,0.999141341,0.000571525526,0.0822377251,0.0103079748,0.00558580877,-0.805567829,-9.77350586,-0.309050496,0.568240982,0.091204704,0.0992285609,-0.0617935844,-0.888780534,-3.5737381,21.3625412,-48.3310242,2
9.94740921,0.0415928259,0.000481734963,0.000706600579,0.999134316,0.000906995145,0.083210311,0.00137666801,0.00886380752,-0.815073032,-9.772715,-0.304846614,0.657951941,0.0845785639,0.100259736,-0.0198717006,-0.899554312,-3.63427734,21.2735519,-48.310791,2
9.95736721,0.0421233394,0.00065153705,-0.0037990053,0.999104962,0.00162773777,0.0842660146,-0.00767340234,0.0159060074,-0.825389697,-9.77184055,-0.307848573,0.664228391,0.051082537,0.116909415,0.00973381381,-0.909649432,-3.81978607,21.1700516,-48.3683167,2
9.96732521,0.0427617414,0.000903111952,-0.00829133103,0.999050452,0.00252283745,0.0855315463,-0.0167059979,0.0246501169,-0.837755623,-9.77076971,-0.256438356,0.664922583,-0.0173252288,0.140899435,0.0124821961,-0.916134477,-4.0206604,21.0039902,-48.1619873,2
9.97728321,0.0434949532,0.00114253791,-0.0128758201,0.998970078,0.00341570819,0.0869805268,-0.0259254094,0.0333699574,-0.851912451,-9.76952,-0.223708583,0.624910599,0.000728314275,0.15215306,0.00917692669,-0.928439021,-4.24253845,20.9063034,-48.4945984,2
9.98724021,0.0442177248,0.00140861366,-0.0175009444,0.998867676,0.00437885382,0.0884011017,-0.0352316601,0.0427740698,-0.865789951,-9.76826328,-0.252415896,0.481668687,0.0644143122,0.135149032,0.0230250992,-0.931904018,-4.37630463,20.9277878,-48.2929688,2
9.99719821,0.0447940482,0.00181674261,-0.0220734754,0.99875071,0.00562903391,0.0895154715,-0.0444470902,0.0549806541,-0.87667499,-9.76723101,-0.23993228,0.408307756,0.147628602,0.0946258903,0.0650748089,-0.919171929,-4.66734314,20.622551,-48.1462097,2
10.0071562,0.0451147866,0.00242305807,-0.0266028233,0.998624565,0.00726936116,0.0900983974,-0.0535940296,0.0709983029,-0.882368526,-9.76661493,-0.229015147,0.449614968,0.153296711,0.0320719704,0.0963488445,-0.911673486,-4.74398804,20.6933517,-48.358429,2
10.0171132,0.0451207038,0.00315534556,-0.0311439521,0.998490931,0.00914882165,0.0900302606,-0.0627739364,0.0893546831,-0.881703048,-9.76652433,-0.30797472,0.56027994,0.098588969,-0.0315312706,0.114515156,-0.926826835,-4.89044952,20.5096817,-48.5806885,2
10.0270712,0.0448321364,0.00397787822,-0.0357709726,0.998345973,0.0111948657,0.0893502205,-0.0721303004,0.109343907,-0.875060906,-9.76691829,-0.497802624,0.57728054,-0.121732529,-0.0843641236,0.128651753,-0.940995932,-5.01127625,20.6281586,-48.3972473,2
10.0370292,0.0443133737,0.00483891595,-0.0404203877,0.998187888,0.0132946773,0.0881892326,-0.0815299201,0.129865758,-0.863720378,-9.76767642,-0.500816857,0.703157621,-0.541306433,-0.126161471,0.125217572,-0.942184985,-5.08196259,20.5392761,-48.3974304,2
10.0469862,0.0435943779,0.00568848251,-0.0450577386,0.998016587,0.0153410322,0.0866114503,-0.0908980905,0.149874326,-0.848306682,-9.76874083,-0.497033028,0.940182563,-0.898026114,-0.165252954,0.124617554,-0.938991904,-5.16553497,20.5565186,-48.4667053,2
10.0569442,0.0427253415,0.00659088507,-0.0497022159,0.99782807,0.0174637354,0.0847112051,-0.100278689,0.170637959,-0.829739928,-9.76999463,-0.538895572,1.14337881,-1.24886901,-0.182468474,0.141769528,-0.946472168,-5.40361023,20.4703522,-48.4511108,2
10.0669022,0.0418617972,0.00756207816,-0.0543924726,0.997613085,0.0197107828,0.0827956763,-0.109753843,0.19262212,-0.811020834,-9.77115783,-0.554295642,1.30542194,-1.6798598,-0.162820473,0.148100138,-0.957317054,-5.70578003,20.390152,-48.5950012,2
10.0768592,0.0411610581,0.00851931792,-0.0591500929,0.997363724,0.0219370883,0.0811864126,-0.119365126,0.214403561,-0.795292373,-9.7719972,-0.536123843,1.44247347,-1.91873986,-0.118143022,0.141613469,-0.972831547,-5.72328186,20.5240326,-48.4987183,2
10.0868172,0.0407037719,0.00940893613,-0.0639969022,0.997075314,0.0240520007,0.0800506347,-0.129156663,0.235091544,-0.784190402,-9.77241864,-0.528829594,1.55901238,-1.88435069,-0.0659386739,0.122869879,-0.990680873,-5.81235504,20.451889,-48.622406,2
10.0967752,0.0405023947,0.0101289214,-0.0689576615,0.996745537,0.0258622255,0.0794277175,-0.139173177,0.252794009,-0.778101073,-9.77246307,-0.597708082,1.5629487,-1.62303842,-0.00685956096,0.0762541145,-1.01788795,-5.87718201,20.4351349,-48.3676147,2
10.1067322,0.0405879782,0.0105411779,-0.0740444167,0.996372932,0.0271052276,0.0794039086,-0.149431994,0.264941506,-0.77786836,-9.77216029,-0.681232717,1.48415632,-1.20854635,0.0553335063,0.00455409661,-1.04769242,-6.20702362,20.267662,-48.2115784,2
10.1166902,0.0409258497,0.0105207712,-0.0792550687,0.995958342,0.0275350594,0.0799383429,-0.159919917,0.269130391,-0.783092743,-9.77162837,-0.743331299,1.40214205,-0.68130644,0.107571721,-0.0858509019,-1.06935978,-6.3181839,20.2796555,-48.158783,2
10.1266482,0.0414113312,0.0100891619,-0.0845896124,0.99550388,0.0271856375,0.080831398,-0.17063547,0.265696836,-0.791822286,-9.77101871,-0.767580702,1.27724521,-0.108055301,0.123699829,-0.153880537,-1.08320451,-6.65497589,20.0772171,-48.2507324,2
10.1366052,0.041842007,0.00941701179,-0.0900288416,0.995015282,0.0263650214,0.0816620001,-0.18154549,0.257661067,-0.799940856,-9.77057272,-0.86219631,1.19094245,0.418970677,0.0991470963,-0.184667662,-1.09491694,-6.99741364,20.0236893,-48.5740356,2
10.1465632,0.0420808485,0.00869129423,-0.0955078796,0.994500823,0.0254134952,0.0821310075,-0.192529013,0.248354437,-0.804524823,-9.77043712,-0.97394652,1.1103827,0.828244137,0.0482935011,-0.182285726,-1.09882879,-7.28616333,19.8151398,-48.6116943,2
10.1565212,0.0420362977,0.00805087129,-0.100986422,0.993966701,0.0245799076,0.0820312719,-0.203512695,0.240211791,-0.80355006,-9.77072119,-0.991840781,1.05359303,1.01318043,-0.0136305392,-0.16265662,-1.09794641,-7.63517761,19.7866974,-48.3985291,2
10.1664782,0.0416997177,0.00759213243,-0.106429026,0.993416554,0.024042188,0.0813239441,-0.214432712,0.234971461,-0.7966367,-9.77141444,-1.02026893,0.974703987,1.03961193,-0.0749298483,-0.11779087,-1.0899117,-7.89028168,19.6821289,-48.5227356,2
10.1764362,0.041099869,0.00749588818,-0.111808523,0.992851146,0.0241548704,0.0800212699,-0.225249244,0.236097397,-0.783903329,-9.77241748,-1.06209622,0.877874283,0.907586554,-0.133412227,-0.0314071253,-1.08104944,-8.1662674,19.750412,-48.4328918,2
10.1863942,0.0403212499,0.00791075767,-0.11711894,0.992267492,0.0252237815,0.0782457494,-0.235963463,0.246577819,-0.766545952,-9.77353508,-1.19079033,0.852586186,0.572169773,-0.167641044,0.0776131004,-1.07368791,-8.25286865,19.6393661,-48.5057373,2
10.1963522,0.0394926153,0.00889310944,-0.122395063,0.991655556,0.0273881422,0.0762229845,-0.246652189,0.267772583,-0.746768507,-9.77450889,-1.28755209,0.967482512,0.119741063,-0.176140681,0.186916724,-1.07823157,-8.57701111,19.6999435,-48.2793579,2
10.2063092,0.0387879011,0.0103147497,-0.127719907,0.990997856,0.0304404613,0.0743110296,-0.257478769,0.297649122,-0.728071771,-9.77505484,-1.39553944,1.06999223,-0.366333897,-0.140805855,0.257219374,-1.10114884,-8.71195221,19.5981369,-48.3968506,2
10.2162672,0.038355192,0.0119967132,-0.133149306,0.990280889,0.0340710712,0.0728344984,-0.268550497,0.333172764,-0.713631085,-9.77497359,-1.43420541,1.14907512,-0.718063514,-0.0839696303,0.308774054,-1.12482393,-8.7914505,19.6109238,-48.3868713,2
10.2262252,0.0382326558,0.0138751066,-0.138684275,0.989501059,0.0381712029,0.0718758594,-0.279869944,0.373274473,-0.704254623,-9.77420436,-1.38931296,1.24459469,-0.873857302,-0.0270115454,0.345695049,-1.14693534,-8.63414001,19.4645386,-48.3977356,2
10.2361822,0.0383753795,0.0157896084,-0.144329904,0.988659209,0.0424192298,0.0713831266,-0.291437894,0.414806726,-0.699434948,-9.77287633,-1.35019062,1.34467098,-0.851243904,0.0191410556,0.335829198,-1.17280376,-8.63414001,19.4645386,-48.3977356,2
10.2461402,0.0386875058,0.0175460939,-0.150099052,0.987757876,0.0464107748,0.0712206675,-0.303264953,0.453817461,-0.697845852,-9.77125603,-1.26784522,1.48404043,-0.709511374,0.0496526249,0.293807715,-1.19477189,-8.82424927,19.4070282,-48.4781189,2
10.2560982,0.0390645788,0.019034805,-0.155963234,0.986806599,0.0498997752,0.0712211043,-0.315281785,0.487906522,-0.69785009,-9.76961294,-1.1612749,1.58220709,-0.492234067,0.0648596957,0.231485873,-1.20993197,-8.91835022,19.3599396,-48.4555969,2
10.2660552,0.0394214058,0.0201396681,-0.16190727,0.985812544,0.0526309166,0.0712630172,-0.327444784,0.514585307,-0.698260132,-9.76821476,-1.12136491,1.57318981,-0.252865923,0.0684203431,0.141922981,-1.22345841,-9.04463196,19.0665207,-48.5888367,2
10.2760132,0.0396983492,0.0208153196,-0.167920284,0.984780948,0.0544945709,0.0712580165,-0.33972489,0.532789182,-0.698211178,-9.76724212,-1.10799529,1.49293525,-0.057812722,0.0571210682,0.0567629784,-1.2335695,-9.14406586,19.0288315,-48.706604,2
10.2859712,0.0397781268,0.021104677,-0.173959636,0.983722721,0.055530159,0.0709781521,-0.352029204,0.542914562,-0.69547357,-9.76687972,-1.06993729,1.40640058,0.14503274,0.0200639796,-0.0209182352,-1.22785008,-9.34139252,18.8544388,-48.6676636,2
10.2959282,0.0395862498,0.0211294041,-0.179923154,0.982656665,0.0559379479,0.070253823,-0.364151757,0.546925369,-0.688388068,-9.76715795,-1.00511476,1.30923317,0.400742362,-0.0272911768,-0.0608559325,-1.20487881,-9.60554504,18.6630173,-48.6383057,2
10.3058862,0.0391703152,0.0210337051,-0.185782314,0.981584535,0.0560100446,0.069137637,-0.376047742,0.547672205,-0.677468615,-9.76787983,-0.94929862,1.20104928,0.387847225,-0.0604483299,-0.0929371715,-1.18838298,-9.88026428,18.5905685,-48.6832581,2
10.3158442,0.0386472099,0.0207924684,-0.191563664,0.980498513,0.0557378962,0.0678730011,-0.387779337,0.545061182,-0.665095821,-9.76887586,-0.887281432,1.05430191,0.172317638,-0.0582298413,-0.116258264,-1.17524278,-10.1374664,18.4723434,-48.7554016,2
10.3258012,0.0382263418,0.0205149364,-0.197305752,0.979381624,0.0554204772,0.0668306605,-0.399450172,0.541998434,-0.654897156,-9.76973569,-0.900978095,0.958959452,-0.0529255345,-0.015939638,-0.102884933,-1.17230403,-10.3715897,18.4453735,-48.9214783,2
10.3357592,0.0381319633,0.0202743997,-0.203044111,0.978216788,0.0553005084,0.0664182803,-0.411156535,0.540841226,-0.650862055,-9.77006945,-1.00860743,0.939960591,-0.281238031,0.0660744011,-0.0785926953,-1.17604506,-10.6938782,18.3582306,-48.7327881,2
10.3457172,0.0384821166,0.0200711706,-0.208809624,0.976992826,0.055441865,0.0668612016,-0.422972624,0.542206268,-0.655195993,-9.76970412,-1.12668976,0.913319544,-0.436478277,0.153639674,-0.0500334948,-1.18592167,-11.0068741,18.2357483,-48.7335815,2
10.3556752,0.0392402542,0.0199088322,-0.214638347,0.975701985,0.0558534554,0.0680797679,-0.434971686,0.546182368,-0.667118851,-9.76867537,-1.18782739,0.876759819,-0.426283631,0.222977325,-0.0272381157,-1.20212078,-11.223175,18.0048294,-48.8660889,2
10.3656322,0.0402928248,0.0197885587,-0.220543485,0.974343618,0.0565021048,0.0698464154,-0.447174183,0.552451256,-0.684402579,-9.76712755,-1.27130924,0.83329068,-0.21669337,0.265443027,-0.0117228068,-1.22001112,-11.4579086,17.7674484,-48.7930298,2
10.3755902,0.0414940469,0.0196815271,-0.22653343,0.972920067,0.0572758365,0.0718856301,-0.45958564,0.559927181,-0.704350192,-9.76528339,-1.36796915,0.805055057,0.00217792856,0.28197524,-0.00987347588,-1.23764074,-11.4839096,17.4272919,-48.781311,2
10.3855482,0.0426837833,0.0195430169,-0.232566392,0.971446835,0.0580144529,0.0739072198,-0.472104477,0.56705612,-0.724122595,-9.76342578,-1.40697093,0.856550632,0.217743756,0.263922721,-0.0209394433,-1.2414912,-11.7072067,17.2680359,-49.0316467,2
10.3955052,0.0437126559,0.0194127602,-0.238608904,0.969937217,0.0587201634,0.0756049558,-0.484650805,0.573873143,-0.740725209,-9.76178152,-1.45927775,0.971165949,0.375613766,0.219492838,-0.0220053587,-1.24968696,-11.9232101,16.9309616,-49.0217896,2
10.4054632,0.0444784943,0.0193889259,-0.244688009,0.968387117,0.0595288888,0.0767316001,-0.4972767,0.581717536,-0.751741766,-9.76047511,-1.57830292,1.02767226,0.441045147,0.156532779,-0.00750258239,-1.26067638,-12.1598969,16.7527008,-49.0785828,2
10.4154212,0.044971761,0.0194901357,-0.250813485,0.966793872,0.060462005,0.0772568982,-0.510002053,0.590801006,-0.756877887,-9.75953227,-1.64230339,1.04208599,0.420949284,0.106004797,-0.00140397658,-1.27449203,-12.5354691,16.3362961,-49.0869751,2
10.4253782,0.0452676576,0.019653761,-0.256981817,0.965155458,0.0614260003,0.0773564626,-0.522822304,0.600204247,-0.757851408,-9.75888287,-1.61788849,1.06341015,0.252256851,0.0746308938,-0.00327910832,-1.28599668,-12.6927948,16.2072601,-49.1883545,2
10.4353362,0.0454566115,0.0198097533,-0.263226805,0.963458928,0.0623286224,0.0772390169,-0.535812145,0.609018106,-0.756703114,-9.75842636,-1.56116108,1.09817488,0.0137263275,0.0660154298,-0.0187747683,-1.31223524,-13.0185928,16.0289917,-49.3267517,2
10.4452942,0.0456052874,0.0198405623,-0.269613036,0.961683589,0.0629808185,0.0770935081,-0.549105892,0.615389322,-0.755280388,-9.75813644,-1.57411628,1.12353736,-0.264140766,0.071856007,-0.056237191,-1.34707677,-13.1525955,15.7866821,-49.2816772,2
10.4552512,0.0457303659,0.0197067941,-0.276138901,0.959826898,0.0633157625,0.0769788491,-0.562701741,0.618663156,-0.754159275,-9.75801661,-1.62527422,1.07468185,-0.405369438,0.0784275755,-0.082468532,-1.36999524,-13.4580078,15.4918976,-49.2752686,2
10.4652094,0.0458529041,0.0194845112,-0.282734883,0.957903411,0.0634871467,0.0769031843,-0.576464539,0.620339199,-0.75341949,-9.75796693,-1.58116094,1.00091892,-0.466321042,0.0821237788,-0.0926141143,-1.38113689,-13.6505966,15.2362595,-49.1734619,2
10.4751674,0.0459763376,0.0192481747,-0.289359509,0.955921957,0.0636374611,0.0768358774,-0.590314597,0.621809126,-0.752761391,-9.75792426,-1.48925715,0.966592431,-0.425063734,0.0789890364,-0.0888581425,-1.38636446,-13.7787399,15.1076126,-49.3042908,2
10.4851244,0.0460601981,0.0190119107,-0.296000105,0.953887263,0.0637686124,0.0766925764,-0.604222986,0.623095804,-0.751360219,-9.75795056,-1.42215929,0.989282913,-0.333609439,0.0685619563,-0.0990511253,-1.39669168,-14.0359726,14.7614822,-49.3149719,2
10.4950824,0.046075725,0.0187454565,-0.302702633,0.951786073,0.0638072739,0.0764342709,-0.618282016,0.623485388,-0.7488345,-9.75811949,-1.4240454,1.03015217,-0.206397602,0.0613577329,-0.107012786,-1.41929376,-14.432373,14.5452194,-49.4068298,2
10.5050404,0.0460843384,0.0184712227,-0.309493082,0.949604707,0.0638345674,0.076163994,-0.632556558,0.62376457,-0.74619173,-9.75830419,-1.4811868,1.02152383,-0.208906954,0.0679698363,-0.106278554,-1.43498325,-14.6437531,14.2240906,-49.4067078,2
10.5149974,0.0461371312,0.0181692789,-0.316288746,0.947366173,0.0638387222,0.0759971713,-0.646878771,0.623813086,-0.744560476,-9.75842578,-1.42706635,1.0092683,-0.245147311,0.0810021609,-0.111043602,-1.42818213,-14.9021225,14.0247116,-49.4062805,2
10.5249554,0.0462269332,0.0178336799,-0.323031188,0.945090399,0.0638013366,0.0759285272,-0.661125003,0.623451486,-0.743889226,-9.75850001,-1.30714453,1.00889647,-0.217539174,0.0893359929,-0.112219386,-1.42195594,-15.1139832,13.7870865,-49.3384399,2
10.5349134,0.0463662255,0.0174615942,-0.329764553,0.942762306,0.0637310259,0.0759813173,-0.675390638,0.622762846,-0.744405432,-9.75850469,-1.26246236,0.941776408,-0.253148832,0.104398817,-0.119634248,-1.42814207,-15.4636307,13.4493408,-49.1536255,2
10.5448704,0.0465524482,0.017001814,-0.336499376,0.940378743,0.0635329268,0.0761853436,-0.689695573,0.620820041,-0.746400478,-9.75847604,-1.24046797,0.869551203,-0.278316591,0.119155928,-0.138228431,-1.42688847,-15.7348022,13.0684357,-49.2588501,2
10.5548284,0.0467434599,0.0164101759,-0.343208043,0.937952027,0.0630956314,0.0764966217,-0.703974353,0.61653798,-0.749444156,-9.75851404,-1.19548463,0.840722218,-0.288004456,0.122834422,-0.168811068,-1.42059064,-15.9595413,12.9296799,-49.1784973,2
10.5647864,0.0468489091,0.0156611259,-0.349871092,0.935494596,0.0623076656,0.0767704403,-0.718173698,0.608835626,-0.752121559,-9.75879169,-1.06956846,0.846093024,-0.220240834,0.10662429,-0.205678001,-1.41451967,-16.2180786,12.5286789,-49.3144836,2
10.5747444,0.0467647881,0.0147976965,-0.356494162,0.933009093,0.0611738213,0.0767888025,-0.732295995,0.597769421,-0.75230108,-9.75946213,-0.886419043,0.868718259,-0.134426006,0.0708284155,-0.2352456,-1.40889704,-16.5808029,12.460022,-49.2295532,2
10.5847014,0.0464621536,0.0138737959,-0.363081415,0.930494802,0.0597681992,0.0764654433,-0.746350519,0.584065232,-0.749139328,-9.76053473,-0.713201169,0.887702799,-0.10641864,0.0356797539,-0.264091372,-1.40595055,-16.5808029,12.460022,-49.2295532,2
10.5946594,0.0459629954,0.0128687722,-0.369646538,0.927945746,0.0580626874,0.0758612798,-0.760369179,0.567443841,-0.743231639,-9.76196681,-0.553226953,0.923693785,-0.170976744,0.00920036621,-0.291723371,-1.40324354,-16.7435608,12.0575638,-49.2168274,2
10.6046174,0.0453410725,0.0118204992,-0.376193185,0.925355776,0.0561781078,0.0750902109,-0.774372232,0.549077651,-0.735691598,-9.76358827,-0.437446647,0.996509138,-0.237290753,0.0003645299,-0.292656004,-1.40800369,-17.0680847,11.8807755,-48.9195862,2
10.6145744,0.0447553302,0.0108357248,-0.382761472,0.922698931,0.0544347065,0.0743649172,-0.788472597,0.532083883,-0.728598718,-9.76506068,-0.395463363,0.993456399,-0.317819749,0.0137161463,-0.263516307,-1.42166424,-17.3391724,11.5783844,-49.0351562,2
10.6245324,0.044362163,0.0099650434,-0.389354759,0.919964936,0.0530499441,0.0739307242,-0.802699588,0.518577811,-0.724352458,-9.76610347,-0.364300016,0.939680093,-0.389800697,0.0557232499,-0.225745738,-1.4312458,-17.5738449,11.3788147,-48.8633728,2
10.6344904,0.0442458151,0.00911790523,-0.39598475,0.917145197,0.0519316448,0.0740061062,-0.817084499,0.507653206,-0.725089686,-9.76662253,-0.377915979,0.947749637,-0.309225524,0.112306982,-0.215628445,-1.44465613,-17.9356537,10.7992554,-48.9826965,2
10.6444474,0.0443780694,0.00817051497,-0.402643719,0.91424392,0.0508401582,0.0746344172,-0.831602052,0.496969534,-0.731234327,-9.76671371,-0.350023946,0.947908773,-0.0649251844,0.160924315,-0.220168605,-1.4534862,-18.2234497,10.6591187,-48.8978882,2
10.6544054,0.0446379671,0.00710332841,-0.409318587,0.911271256,0.0496506176,0.0756115701,-0.846210592,0.485315592,-0.740789871,-9.76657986,-0.259660661,0.992778865,0.189474524,0.175936848,-0.238147154,-1.45897532,-18.4936295,10.2845383,-48.9221191,2
10.6643634,0.0448276684,0.00595974501,-0.415967649,0.908254284,0.0482797216,0.0765464518,-0.86079929,0.471892559,-0.749931428,-9.76654011,-0.104081867,0.980073259,0.519085833,0.148266345,-0.256333619,-1.44690609,-18.7357864,9.9907608,-48.8648376,2
10.6743204,0.044756957,0.00484070149,-0.422504912,0.905242001,0.0467396003,0.0770174323,-0.875161889,0.456833777,-0.754536511,-9.76690134,0.155335158,0.923326997,0.764852738,0.0772440359,-0.270933181,-1.42314482,-18.9728165,9.62023926,-49.0393982,2
10.6842784,0.0442749663,0.00382449677,-0.428915644,0.902250807,0.0450292798,0.0766886226,-0.889251074,0.440139722,-0.751321568,-9.76791549,0.336780178,0.900659165,0.814499689,-0.0167967081,-0.288711369,-1.39839661,-19.1595078,9.27424622,-48.8436584,2
10.6942364,0.0433176321,0.00296395729,-0.435193229,0.899289514,0.0431700235,0.0754018248,-0.903046971,0.422019288,-0.738738857,-9.7696749,0.41101475,0.92339093,0.691011841,-0.115879439,-0.290725023,-1.37412643,-19.395462,9.04959869,-48.8780518,2
10.7041934,0.041995397,0.00230340738,-0.441332161,0.896357712,0.0413199273,0.0733183308,-0.916552317,0.404006442,-0.718363228,-9.7719557,0.455214176,0.916033772,0.340447176,-0.181715459,-0.27960977,-1.34956968,-19.7128448,8.76283264,-48.7794495,2
10.7141514,0.0405414641,0.00177734198,-0.447360136,0.893432855,0.0395588497,0.0709113419,-0.929851126,0.386863913,-0.694820074,-9.77435166,0.443327011,0.935586321,-0.200790283,-0.186997384,-0.263404489,-1.33501935,-20.0118408,8.57685852,-48.7617188,2
10.7241094,0.0392290967,0.0012661698,-0.453321386,0.890482598,0.0379204858,0.0687718897,-0.943065241,0.370904968,-0.673890391,-9.77643548,0.335086745,0.930967137,-0.691912005,-0.132305637,-0.25111559,-1.32891834,-20.1056519,8.45557404,-48.5987244,2
10.7340674,0.0382967177,0.000651253252,-0.459252366,0.887479704,0.0364224654,0.0674280226,-0.956294685,0.35629192,-0.660742083,-9.77787633,0.27652704,0.870982258,-1.05798111,-0.0369541086,-0.224275559,-1.33245921,-20.2610626,8.26593781,-48.93573,2
10.7440244,0.0379242618,-1.17168493E-05,-0.465186918,0.884399778,0.0353500108,0.0671417532,-0.969635542,0.345812064,-0.657941054,-9.77844097,0.28117103,0.771964323,-1.20585638,0.0759572685,-0.168155298,-1.343593,-20.5397644,7.92269135,-48.8175659,2
10.7539824,0.0381440317,-0.000668354677,-0.47114097,0.881232596,0.0348518513,0.067909491,-0.983130045,0.340923086,-0.665452891,-9.77810429,0.24595713,0.638068625,-1.09576052,0.169180408,-0.113273934,-1.35351014,-20.7099152,7.47215271,-48.550415,2
10.7639404,0.0387876588,-0.00130138923,-0.477104287,0.877989337,0.0348171531,0.0694078131,-0.996741273,0.3405487,-0.68011175,-9.77710885,0.307832535,0.607686638,-0.760071349,0.221608728,-0.081211336,-1.36253905,-20.8168182,7.19748688,-48.4526062,2
10.7738974,0.0396158039,-0.00191483954,-0.483079033,0.874678014,0.0350212952,0.0712123565,-1.01045247,0.342501113,-0.69776453,-9.7757966,0.354961293,0.612021745,-0.394322558,0.23238264,-0.0715902001,-1.36930573,-21.0694275,6.81897736,-48.4098511,2
10.7838554,0.0403765216,-0.00250541825,-0.489029574,0.871328603,0.0352253074,0.0728773764,-1.02415677,0.344454073,-0.714050479,-9.77455215,0.390567371,0.665717022,-0.0669634122,0.193386242,-0.0840420797,-1.35873437,-21.3211975,6.26774597,-48.5362854,2
10.7938134,0.0408398326,-0.0030283053,-0.494892423,0.867988763,0.0352692927,0.0739618166,-1.03768356,0.344856517,-0.724656556,-9.7737572,0.539802568,0.784959999,0.255159587,0.118440755,-0.106801137,-1.34358406,-21.2212677,5.9103241,-48.5674133,2
10.8037704,0.040890971,-0.00345866112,-0.500697905,0.864648799,0.0350707762,0.0742443364,-1.05108775,0.342909072,-0.727419518,-9.77362042,0.574819886,0.780241153,0.44880409,0.0329053514,-0.129828155,-1.33822072,-21.3890762,5.65858459,-48.405365,2
10.8137284,0.04052979,-0.00378871522,-0.50646366,0.861299929,0.0346282487,0.073721062,-1.06440893,0.338597054,-0.722301955,-9.77415058,0.56790912,0.695666024,0.476866986,-0.043021515,-0.154767379,-1.32854903,-21.4834824,5.25926208,-48.5265198,2
10.8236864,0.0398427832,-0.00404262548,-0.512146062,0.857964296,0.0339697226,0.0725718857,-1.07755403,0.33218843,-0.711062549,-9.77519454,0.603197839,0.64118135,0.393664971,-0.0935693756,-0.165834144,-1.31004274,-21.8096085,4.99941254,-48.4355164,2
10.8336434,0.0390443917,-0.00424406184,-0.517717387,0.854649777,0.0332639292,0.0711931352,-1.09048088,0.325321357,-0.697576533,-9.7763969,0.628021424,0.599264189,0.147965287,-0.0910188332,-0.158269256,-1.28743863,-21.7727737,4.66152954,-48.4750061,2
10.8436014,0.0383638154,-0.00445160894,-0.523169475,0.85135313,0.0326475965,0.0700374449,-1.10319222,0.319321897,-0.686271369,-9.77739468,0.630429508,0.50535914,-0.106916652,-0.0520368107,-0.143157676,-1.26250398,-22.091774,4.49629211,-48.5726929,2
10.8535594,0.0379288647,-0.00469908813,-0.528478632,0.848085928,0.0322016982,0.0693561986,-1.11564267,0.314977109,-0.679606796,-9.77800141,0.622204774,0.464427557,-0.221980371,-0.00517937168,-0.118006982,-1.2375356,-22.2797623,4.18904877,-48.484314,2
10.8635164,0.0377245184,-0.0049076253,-0.53366567,0.844839513,0.0320540772,0.0690352121,-1.1278797,0.313540647,-0.676466525,-9.77826503,0.578301079,0.420286582,-0.22246494,0.0177919902,-0.0801650658,-1.2181654,-22.2748947,3.95220947,-48.5653992,2
10.8734744,0.0376732575,-0.0050170689,-0.538771176,0.841594473,0.0322318356,0.0688717486,-1.13999099,0.315282376,-0.674867347,-9.77831939,0.548726756,0.32336825,-0.20205928,0.0261193365,-0.0522636883,-1.20766962,-22.3208847,3.48911285,-48.3374329,2
10.8834324,0.0376602458,-0.00504043283,-0.543810915,0.838347212,0.0325914332,0.0686807912,-1.15199954,0.318802805,-0.672999068,-9.77833401,0.554483858,0.308032661,-0.138747961,0.0127239013,-0.0382693112,-1.19747734,-22.48246,3.29384613,-48.3435669,2
10.8933894,0.0375972369,-0.00495003883,-0.548796111,0.835095715,0.0330820308,0.0682807518,-1.16392207,0.32360889,-0.669085256,-9.77844507,0.547283608,0.354995633,-0.0777349816,-0.0166468639,-0.0259596799,-1.1957413,-22.5206528,3.05606079,-48.3478088,2
10.9033474,0.0374416999,-0.00471774778,-0.553784595,0.831804466,0.0337040527,0.0675649727,-1.1758927,0.32970728,-0.662082026,-9.77871804,0.460231237,0.36759493,-0.102301852,-0.045537632,-0.00736628752,-1.20705223,-22.5051804,2.67742157,-48.3589172,2
10.9133054,0.0372637543,-0.00431300826,-0.55880956,0.828447199,0.0345840617,0.0666116559,-1.18800102,0.338334166,-0.652754226,-9.77905063,0.392647136,0.374128715,-0.138480834,-0.0596487038,0.0198543966,-1.22322774,-22.5883865,2.41756439,-48.2834473,2
10.9232634,0.0371165869,-0.00384878565,-0.563878779,0.825014119,0.035592032,0.0656310203,-1.20027037,0.348213609,-0.643158495,-9.77933938,0.365260094,0.363036682,-0.214357621,-0.0499350913,0.0177169442,-1.24156225,-22.5512695,2.16918182,-48.1945496,2
10.9332204,0.0370174453,-0.00344727605,-0.568988321,0.821504886,0.0365458714,0.0647882594,-1.21269214,0.357561063,-0.634911403,-9.77954104,0.375814477,0.382173271,-0.311121128,-0.0278942734,0.0126104262,-1.25320184,-22.5512695,2.16918182,-48.1945496,2
10.9431784,0.0370004293,-0.00314493798,-0.574123963,0.81792601,0.0374267933,0.0641824518,-1.22523735,0.366190251,-0.628982817,-9.77960476,0.383944701,0.355594695,-0.375551222,0.000329908682,0.00188401155,-1.26934886,-22.5336151,1.82154846,-47.6799927,2
10.9531364,0.0370382498,-0.00298032475,-0.579324707,0.814249503,0.0381477684,0.0638132049,-1.2380002,0.37324985,-0.625369156,-9.77956969,0.352045259,0.303648089,-0.396685196,0.0202861819,-0.0172677971,-1.27878225,-22.5309906,1.32798004,-47.7037354,2
10.9630934,0.0370865224,-0.0028903258,-0.584512804,0.810531362,0.0387575932,0.063541193,-1.25078895,0.379220157,-0.622707024,-9.77951006,0.421492305,0.317895079,-0.310852833,0.0209442489,-0.0201762337,-1.27741683,-22.6196136,1.08341217,-47.5806274,2
10.9730514,0.0371143409,-0.00276500349,-0.589653434,0.806798529,0.0393963949,0.0631904241,-1.26351718,0.38547582,-0.619274054,-9.77948318,0.515942713,0.25131504,-0.180695005,0.00820097513,-0.0134682916,-1.27455199,-22.5666351,0.737884521,-47.746582,2
10.9830094,0.0371257308,-0.00259575356,-0.59474867,0.803049797,0.0400815315,0.062756448,-1.27619018,0.392186752,-0.615026626,-9.77948435,0.564747368,0.165664829,-0.0560457123,0.00605260395,-0.00719841151,-1.26586473,-22.783371,0.497451782,-47.6979065,2
10.9929664,0.0371785493,-0.00241111859,-0.599769706,0.799304899,0.0408334088,0.0623666473,-1.28874218,0.39954939,-0.611211488,-9.77942589,0.651656421,0.142097491,-0.0330599736,0.0197737571,0.00114829885,-1.25130427,-22.7134857,0.191703796,-47.8438721,2
11.0029244,0.0373254313,-0.00226191224,-0.604705765,0.795570706,0.0416352147,0.062165655,-1.30115053,0.407395537,-0.609244243,-9.77922482,0.70546093,0.205970828,-0.0159030871,0.0410835743,0.00563386083,-1.23814714,-22.7715912,-0.165565491,-48.0733948,2
11.0128824,0.0375564708,-0.00214226299,-0.609571304,0.791838243,0.0424887778,0.0621289859,-1.31344943,0.415743532,-0.60888531,-9.77889573,0.727639006,0.28312421,0.0439221438,0.0542048588,0.0143729057,-1.22605252,-22.7232666,-0.400878906,-47.8537292,2
11.0228394,0.0378431896,-0.00201052501,-0.614364374,0.788111899,0.0434274715,0.0621597474,-1.32563033,0.424921914,-0.609186412,-9.77848247,0.761855602,0.289261179,0.113688923,0.0535614379,0.0209146943,-1.21102059,-22.7751465,-0.531265259,-47.8917236,2
11.0327974,0.0380787896,-0.00183746413,-0.619048387,0.78442707,0.044362423,0.0620548443,-1.3375851,0.434066978,-0.608159663,-9.77814462,0.895315101,0.304844203,0.252214766,0.0281427447,0.0199797694,-1.18371809,-22.857132,-0.944908142,-47.8487549,2
11.0427554,0.0381829798,-0.00155396563,-0.623599529,0.780809496,0.0452964579,0.0616043293,-1.34923998,0.443212262,-0.60375003,-9.77800784,1.02443496,0.36373135,0.369992419,-0.0139362672,0.0251143426,-1.15223396,-22.8909378,-1.0535202,-47.8086243,2
11.0527124,0.0381631475,-0.00112806511,-0.62801259,0.777266097,0.0462822136,0.0607801353,-1.36057861,0.452873641,-0.595682605,-9.77805987,1.1097935,0.374667864,0.407902755,-0.047054559,0.0375909097,-1.12544656,-22.67556,-1.40885162,-48.1687012,2
11.0626704,0.0381089476,-0.000568624973,-0.63231958,0.773769652,0.0474163893,0.0597297091,-1.37169141,0.463992782,-0.585400134,-9.77815923,1.14790513,0.368276007,0.354282224,-0.0581013486,0.0583457239,-1.11152089,-22.5289841,-1.55552673,-48.2173462,2
11.0726284,0.0381354106,4.93803739E-05,-0.636558522,0.770284954,0.0487301565,0.05872114,-1.38268875,0.476867132,-0.575526792,-9.77812592,1.11093909,0.306478453,0.211495217,-0.0338055976,0.0751792863,-1.10104787,-22.5462723,-1.78941345,-48.171051,2
11.0825854,0.0383240672,0.000579746879,-0.640735687,0.766804185,0.0501056669,0.0580638018,-1.39359526,0.49033543,-0.569091498,-9.77783658,1.04554658,0.251560576,0.0304430691,0.0122353984,0.0729773864,-1.08970702,-22.4448471,-1.99874115,-47.760376,2
11.0925434,0.0386744457,0.00092287717,-0.644854582,0.763325623,0.0513963663,0.0578844669,-1.40441871,0.502960518,-0.567335777,-9.77729765,0.984588545,0.247111378,0.0334954424,0.059949033,0.0582255721,-1.08212841,-22.5413818,-2.32676697,-48.0999146,2
11.1025014,0.0390951588,0.00108118067,-0.648944834,0.759829616,0.052496696,0.0580406474,-1.4152243,0.513713785,-0.568864813,-9.77664941,0.872829859,0.219161879,0.153754976,0.0767799467,0.0404292643,-1.07891905,-22.4327393,-2.78977203,-47.9543152,2
11.1124594,0.0394609866,0.00119734677,-0.652994316,0.756333089,0.053462604,0.0581603622,-1.42596396,0.523153265,-0.570036816,-9.77608067,0.776151692,0.187563247,0.350108738,0.0548060574,0.0288750995,-1.06969285,-22.2536163,-3.05641174,-48.1140747,2
11.1224164,0.0396448036,0.00138603919,-0.656964628,0.752877042,0.0542951343,0.0579065237,-1.43651724,0.531299783,-0.567551721,-9.77578608,0.75304145,0.146621288,0.548532877,0.00486459816,0.0186781213,-1.04624772,-22.3164978,-3.34586334,-47.9319763,2
11.1323744,0.0396046196,0.00173172091,-0.660825298,0.749492076,0.0550568148,0.057109005,-1.44679434,0.538770412,-0.559743641,-9.77582699,0.763676972,0.137466506,0.671426851,-0.0495608412,0.0191129185,-1.02069795,-22.3404312,-3.55130768,-48.2608948,2
11.1423324,0.0394320107,0.00227690541,-0.664573604,0.746178234,0.0559252005,0.0558493029,-1.45679815,0.547298367,-0.547409901,-9.77605203,0.749911628,0.133811747,0.665815441,-0.085490346,0.0465136506,-0.998476863,-22.1996078,-3.77437592,-47.9623108,2
11.1522894,0.0393249037,0.00300123361,-0.668233301,0.742905685,0.0571313716,0.0544452351,-1.46661829,0.559132889,-0.533661617,-9.77614263,0.735982179,0.166151882,0.427832614,-0.080067493,0.0897920951,-0.984964013,-22.0646439,-3.98197937,-48.3432617,2
11.1622474,0.0394559821,0.00379766171,-0.671826427,0.739647225,0.0587501446,0.0532894945,-1.47633707,0.574993343,-0.522344104,-9.77583342,0.655029404,0.226510781,0.0502875872,-0.0367399938,0.130271882,-0.973211467,-22.0434799,-4.11632538,-48.4845276,2
11.1722054,0.0398928361,0.00456880034,-0.675346598,0.736406703,0.0607332733,0.0526079191,-1.48594625,0.594400419,-0.515669522,-9.77502737,0.600607128,0.242880389,-0.251889187,0.0159802418,0.165517673,-0.959934115,-21.9634247,-4.27363586,-48.4436646,2
11.1821624,0.0405730571,0.00526308334,-0.678802775,0.733180118,0.0629275341,0.0523734664,-1.49546066,0.615855478,-0.513373483,-9.77381974,0.576757758,0.199882996,-0.423683093,0.0501150414,0.172259465,-0.949044406,-21.8080292,-4.41004944,-48.3148499,2
11.1921204,0.0413003959,0.00585408908,-0.682200692,0.729974094,0.065031782,0.0523329953,-1.50486539,0.636422027,-0.512977141,-9.77252327,0.565917727,0.16117939,-0.433808766,0.0599527583,0.147871837,-0.934918225,-21.5340729,-4.59098816,-48.4032593,2
11.2020784,0.0419127374,0.00628496918,-0.685536921,0.726803182,0.0667421691,0.0523313472,-1.51412354,0.653135919,-0.512960994,-9.77142087,0.592149827,0.126746631,-0.390917718,0.0615410693,0.0974315628,-0.917454302,-21.4720612,-4.81843567,-48.1678162,2
11.2120354,0.0423603994,0.00653400555,-0.688793136,0.723689797,0.0679575571,0.0523343077,-1.52317393,0.665011431,-0.512990001,-9.77061832,0.673947455,0.128571325,-0.383339977,0.0605865121,0.0529861338,-0.891804397,-21.3190231,-5.19868469,-48.3043518,2
11.2219934,0.0426646712,0.00664980086,-0.691950291,0.720652744,0.0687762819,0.05231402,-1.53196442,0.673011343,-0.5127913,-9.77008114,0.726999612,0.148573737,-0.274342426,0.0562990904,0.0264309533,-0.865888059,-21.2791367,-5.35473633,-48.2640381,2
11.2319514,0.042926238,0.00675189409,-0.694995732,0.717699549,0.0695095298,0.052254986,-1.54047375,0.680177143,-0.512213171,-9.76961528,0.727465403,0.00539093579,-0.23141397,0.048328124,0.0338862538,-0.835540295,-21.0585403,-5.60095978,-48.490509,2
11.2419084,0.0432039862,0.00690602707,-0.697899195,0.714858294,0.0703312337,0.0521536741,-1.54862411,0.688208328,-0.511221018,-9.76910499,0.741730294,-0.160801132,-0.191073191,0.0460292846,0.0471535921,-0.796560645,-21.1641464,-5.75441742,-48.3854675,2
11.2518664,0.0435160017,0.00711196674,-0.700657204,0.712134349,0.0712656411,0.0520358577,-1.55640467,0.697340606,-0.510067172,-9.76851755,0.715539256,-0.128585756,-0.201536718,0.0395697206,0.0598293357,-0.761668622,-21.0433731,-5.96244049,-48.2700806,2
11.2618244,0.0438130671,0.00737176026,-0.703293612,0.709509912,0.0722473281,0.0518257837,-1.56386995,0.706937578,-0.508009837,-9.76793478,0.648780646,-0.0143746354,-0.202717452,0.0242847763,0.0579209141,-0.736201644,-21.0116348,-6.12253571,-48.8208618,2
11.2717814,0.0440266424,0.00765979273,-0.70583616,0.706964119,0.0731435311,0.0514601048,-1.57108276,0.715704895,-0.504428545,-9.76748177,0.556216344,0.0621001535,-0.235941676,0.00868032873,0.04441889,-0.711797357,-20.9291763,-6.30595398,-48.2719116,2
11.2817394,0.0440939656,0.00788952989,-0.708296636,0.704492211,0.0737419491,0.0509735268,-1.57806263,0.721567796,-0.499663084,-9.76729531,0.490947242,0.0752912782,-0.351647784,-0.00323172472,0.000194702763,-0.691401541,-20.797905,-6.44593811,-48.3554688,2
11.2916974,0.0439105936,0.00792581993,-0.710691397,0.702087509,0.0737032665,0.0504138867,-1.58483543,0.721210434,-0.494181949,-9.76760102,0.44656296,0.159293394,-0.436187185,-0.0108950641,-0.0785313025,-0.670538843,-20.797905,-6.44593811,-48.3554688,2
11.3016554,0.0434240951,0.00770748972,-0.713006518,0.699769086,0.072864979,0.0498032838,-1.59135115,0.713044006,-0.488201487,-9.76850118,0.376020082,0.203890441,-0.435735934,-0.0155766346,-0.148245931,-0.641772449,-20.8025589,-6.65323639,-48.3947144,2
11.3116124,0.0427462483,0.00730460359,-0.715209218,0.6975638,0.0714831916,0.0492076873,-1.59753481,0.699565954,-0.482367849,-9.7697655,0.35538076,0.19641079,-0.40409518,-0.0151377451,-0.186932623,-0.603722334,-20.8019867,-6.81803131,-48.4671326,2
11.3215704,0.0419670379,0.00678921535,-0.717265479,0.695501977,0.0697859938,0.0486561721,-1.60330251,0.683002211,-0.476965807,-9.77120225,0.409952382,0.231410937,-0.361208224,-0.0126828421,-0.202820778,-0.555632293,-20.8702393,-6.84476471,-48.4751587,2
11.3315284,0.0412124639,0.00627111222,-0.719144194,0.693609292,0.0681063889,0.0481696538,-1.60858282,0.666605203,-0.472200273,-9.77256594,0.44131315,0.314333076,-0.277843128,-0.0118795568,-0.180015922,-0.506587386,-20.9229584,-7.0947876,-48.502655,2
11.3414854,0.0405911611,0.00584661392,-0.720857483,0.691868979,0.0667366251,0.0477565305,-1.61342413,0.653231415,-0.468153591,-9.77366368,0.45767969,0.352783474,-0.26896424,-0.00237526768,-0.142501026,-0.47125417,-21.0945587,-7.21714783,-48.4203491,2
11.3514434,0.0401441076,0.00545343955,-0.722460331,0.690224574,0.0656545749,0.0475550337,-1.61798812,0.642661579,-0.466179807,-9.77445863,0.407047746,0.308312574,-0.274753345,0.0260679182,-0.120640971,-0.443000466,-21.1012268,-7.26296997,-48.308075,2
11.3614014,0.0398526793,0.0049693064,-0.723965384,0.688666212,0.0646669125,0.0477132774,-1.62230593,0.633002647,-0.467729886,-9.77501509,0.367924819,0.243722868,-0.224068868,0.0636291429,-0.121584259,-0.418513775,-21.1153259,-7.37923431,-48.1523132,2
11.3713584,0.0396697838,0.00432488818,-0.72539165,0.687178637,0.0636131243,0.0482647168,-1.62642323,0.622685032,-0.473131453,-9.77541783,0.374351857,0.201539677,-0.0734293933,0.0987122059,-0.128673896,-0.398102224,-21.0931244,-7.52202606,-48.264801,2
11.3813164,0.0395653825,0.00356559557,-0.726749444,0.685753025,0.0625144808,0.0491012999,-1.63036364,0.611920002,-0.481325792,-9.77569781,0.370153163,0.149280424,0.160434308,0.116459511,-0.127193987,-0.379024684,-21.3004608,-7.73936462,-48.0650024,2
11.3912744,0.0395101595,0.00277298213,-0.728019664,0.684411121,0.0614396495,0.0500657269,-1.63406512,0.601383666,-0.490771958,-9.77588194,0.338491731,0.108597993,0.375049118,0.12121895,-0.124933623,-0.350168109,-21.1307449,-7.86399078,-48.1458435,2
11.4012314,0.0394780961,0.00199067897,-0.729177577,0.683181944,0.0604084932,0.0510605124,-1.63744939,0.591273118,-0.500515025,-9.77600469,0.341569312,0.163830891,0.542765984,0.11927218,-0.115550242,-0.315769136,-21.2776413,-7.98325348,-48.2640076,2
11.4111894,0.0394797928,0.00126783872,-0.730215888,0.682073633,0.0595026376,0.052028129,-1.64049478,0.582388129,-0.509991476,-9.77604794,0.343570897,0.209818991,0.619723551,0.109950446,-0.0993468314,-0.283199042,-21.0141678,-8.21048737,-48.1665039,2
11.4211474,0.0395049338,0.00065070803,-0.731130187,0.681092897,0.058768828,0.0528862049,-1.64318464,0.575188317,-0.518394782,-9.77603216,0.325481991,0.168243264,0.674325495,0.0927261859,-0.0728260055,-0.243964285,-21.1742783,-8.19886017,-48.2363586,2
11.4311044,0.0396031784,0.000236459331,-0.731894336,0.680266352,0.0584093146,0.0535608982,-1.64544805,0.571653129,-0.525001889,-9.7758872,0.366725855,0.160934074,0.657121262,0.0675646961,-0.0198811833,-0.202319384,-21.0991287,-8.35397339,-48.1981506,2
11.4410624,0.0398385119,8.80692874E-05,-0.732514353,0.679584909,0.058603318,0.0540445842,-1.64731134,0.573534705,-0.529738343,-9.77552129,0.384895682,0.123173521,0.542732082,0.0515564382,0.0407203771,-0.165403441,-21.1988449,-8.45793915,-48.0382385,2
11.4510204,0.0402641159,0.000165325733,-0.732993605,0.679042745,0.0593740809,0.0544666725,-1.64879259,0.581055821,-0.533871534,-9.77485259,0.355228237,0.0466520072,0.404994759,0.0531906635,0.0980653018,-0.126338482,-21.14608,-8.60803986,-48.0752563,2
11.4609774,0.0408748329,0.000354726137,-0.733338049,0.678634262,0.0605600798,0.0549855588,-1.64990916,0.592631546,-0.538952454,-9.77387878,0.345448162,0.0438021342,0.256777544,0.0638483688,0.124884397,-0.0955012068,-21.2218704,-8.59897614,-48.1181641,2
11.4709347,0.0415407748,0.000519368901,-0.733603629,0.678306555,0.0617883104,0.0556214132,-1.6508051,0.604614391,-0.545178525,-9.77279917,0.291417114,0.0789082997,0.15304712,0.0723677799,0.104562044,-0.0765109062,-21.1193161,-8.59254456,-48.0792236,2
11.4808927,0.0420732696,0.000543597774,-0.733817268,0.678042659,0.0626253902,0.0562868571,-1.65152759,0.612771942,-0.551694081,-9.77192531,0.22101032,0.11639884,0.144990655,0.0675815418,0.0522042997,-0.0572392121,-21.0582809,-8.75305176,-47.8635254,2
11.4908497,0.0423235782,0.000416792274,-0.733948402,0.677885211,0.0628343229,0.0567997839,-1.65195923,0.61479574,-0.556716147,-9.7715138,0.228712967,0.125760323,0.209521287,0.040196836,-0.0141776372,-0.0206342172,-21.0580673,-8.62047577,-48.1065674,2
11.5008077,0.0422141455,0.000182604143,-0.733961596,0.677877776,0.0623562784,0.0569948654,-1.65198047,0.610117701,-0.558626145,-9.77169793,0.311052958,0.14712321,0.276443783,-0.00231600204,-0.0818080828,0.0186612569,-21.14991,-8.559021,-48.2147827,2
11.5107657,0.0416967384,-8.66881546E-05,-0.733868474,0.678010574,0.0612188398,0.0566992692,-1.65161714,0.599012662,-0.555732031,-9.77254958,0.316022856,0.126871134,0.354060106,-0.0624588542,-0.136004359,0.0504781045,-21.1258011,-8.50663757,-48.1630859,2
11.5207237,0.0408399638,-0.000263238761,-0.733685334,0.67826088,0.0596986423,0.0558155449,-1.65093087,0.58418484,-0.547079354,-9.77393548,0.315438005,0.0613561668,0.347215355,-0.120624684,-0.158417791,0.0755030289,-21.115242,-8.65972137,-48.1734619,2
11.5306807,0.0397676867,-0.000337296078,-0.733423158,0.67860805,0.0579938469,0.0544950746,-1.64997846,0.567562827,-0.534149656,-9.77563001,0.320388284,0.0392985757,0.180866855,-0.154055834,-0.168360129,0.0994881317,-21.141777,-8.49824524,-48.1511841,2
11.5406387,0.0386534187,-0.000327280369,-0.733084567,0.679038218,0.0563368352,0.0529989534,-1.64879895,0.551408104,-0.519498907,-9.77734383,0.330407866,0.00265109903,-0.0619271716,-0.157020196,-0.147041798,0.119495928,-21.3075485,-8.40509796,-47.9527893,2
11.5505967,0.0376755311,-0.000253449188,-0.73266027,0.679550979,0.0549630511,0.0515991662,-1.64739408,0.538015027,-0.505790444,-9.77880864,0.341406669,-0.091113409,-0.289706584,-0.13617602,-0.111515082,0.145934939,-21.4163132,-8.37599945,-47.8327332,2
11.5605537,0.0369630679,-0.000173359038,-0.732147711,0.680142248,0.0539841909,0.0505556699,-1.64577534,0.52847088,-0.495570591,-9.77985259,0.361874433,-0.255609705,-0.455060228,-0.0900498033,-0.0698275566,0.166969642,-21.4359818,-8.25524139,-47.7627563,2
11.5705117,0.0365585748,-0.000151364777,-0.731552828,0.680803864,0.0533750264,0.0500207573,-1.64396517,0.522527315,-0.490331521,-9.78043595,0.41076399,-0.319506716,-0.507448587,-0.0385638364,-0.0342556648,0.187242761,-21.3306351,-8.30848694,-47.9477539,2
11.5804697,0.0364013236,-0.000185694136,-0.730908404,0.681504125,0.0530498659,0.0499074705,-1.64204955,0.519350037,-0.489221952,-9.7806604,0.386258275,-0.330791605,-0.403225411,-0.00803362299,-0.0124965757,0.192638591,-21.3650589,-8.17383575,-47.8156738,2
11.5904267,0.0363565904,-0.000254398066,-0.730263984,0.68219696,0.0528433099,0.0499970935,-1.64015309,0.517327445,-0.490099758,-9.78072412,0.315557028,-0.340987018,-0.234819979,0.00280848169,-0.0126104262,0.187906772,-21.445549,-8.19651031,-47.67453,2
11.6003847,0.0362648662,-0.00035975664,-0.729635248,0.682874307,0.0525188525,0.0500745971,-1.63829758,0.514151994,-0.490858869,-9.7808533,0.252592659,-0.296833002,-0.0332785847,-0.0124650141,-0.035819076,0.184839875,-21.5183487,-8.01234436,-47.7406006,2
11.6103427,0.0359599161,-0.000464361268,-0.729028015,0.683538581,0.0518844751,0.0498576981,-1.636475,0.507952627,-0.488734461,-9.7812835,0.198338397,-0.238803094,0.149260587,-0.0514639504,-0.0743257776,0.177044183,-21.4565048,-7.9613266,-47.846344,2
11.6202997,0.0353979097,-0.00054790421,-0.728468937,0.684163509,0.0509065371,0.049254091,-1.63475745,0.498401832,-0.482822351,-9.78206852,0.0982048651,-0.221371737,0.192692317,-0.0841316134,-0.10360644,0.160607681,-21.5371475,-7.95573425,-48.0947266,2
11.6302577,0.0346809779,-0.000633445034,-0.727962438,0.68473909,0.0497041413,0.0484360276,-1.63317404,0.486659006,-0.474809469,-9.78305168,-0.0516609579,-0.244946894,0.082046415,-0.0921226516,-0.119406424,0.147740722,-21.6710434,-8.00351715,-47.911438,2
11.6402157,0.0339687285,-0.000768302358,-0.727503138,0.685262619,0.0484457446,0.0476909606,-1.63173265,0.474364684,-0.467511275,-9.78400738,-0.1480035,-0.259278092,-0.0461357282,-0.0684932247,-0.117397338,0.135820419,-21.6710434,-8.00351715,-47.911438,2
11.6501727,0.033396247,-0.000999784964,-0.727070002,0.685749897,0.0472619894,0.0472743799,-1.63039033,0.462791626,-0.463430618,-9.78475556,-0.201522799,-0.264106937,-0.158962481,-0.0275462568,-0.10526707,0.129300416,-21.9153366,-7.94813538,-48.1051025,2
11.6601307,0.0330325944,-0.0013199411,-0.726656925,0.686204773,0.0462633872,0.0472701385,-1.62913741,0.453020429,-0.46338908,-9.785215,-0.233201218,-0.251429278,-0.203543966,0.0136464527,-0.0805936754,0.122296043,-21.8851395,-7.88224792,-47.8990479,2
11.6700887,0.0328971178,-0.00165094343,-0.726260874,0.686629661,0.0455839873,0.0475922692,-1.62796631,0.446365428,-0.466544549,-9.78537048,-0.249141532,-0.231514361,-0.200993697,0.0373060703,-0.0449749306,0.115634367,-22.012886,-7.87500763,-47.7483826,2
11.6800467,0.0329258203,-0.00192058616,-0.725870282,0.687040387,0.0452283092,0.0480494164,-1.62683385,0.442875248,-0.471022498,-9.78531495,-0.239067261,-0.212371964,-0.104533557,0.0413468815,-0.0157976057,0.115119576,-22.0843277,-7.85237122,-47.6325684,2
11.6900037,0.0330470597,-0.00206614986,-0.725461629,0.687465723,0.0451763025,0.0484542245,-1.62566157,0.442357727,-0.474987712,-9.78514661,-0.193508821,-0.24686365,-0.00743745652,0.0277935714,0.0190879554,0.123428486,-22.1116104,-7.81724548,-47.8156128,2
11.6999617,0.0332451597,-0.00201160676,-0.725020641,0.687921368,0.0455087908,0.0486762441,-1.62440581,0.445606317,-0.477162389,-9.78489293,-0.158300547,-0.262046899,0.0689238986,0.00747871213,0.0610977225,0.127722576,-22.0356064,-7.66822052,-47.838623,2
11.7099197,0.0335339641,-0.00179062669,-0.724581556,0.688370397,0.0462023335,0.0487818316,-1.62316846,0.452390132,-0.478196627,-9.78453169,-0.187978915,-0.263406862,0.0188823951,0.00366135128,0.0872170404,0.122962035,-22.158989,-7.8059082,-48.0622559,2
11.7198767,0.0338890914,-0.00151848373,-0.724155605,0.688801725,0.0470637028,0.0489044576,-1.62197946,0.460815284,-0.479397747,-9.78407927,-0.163633469,-0.237066589,-0.0309498495,0.0122540407,0.0975895226,0.116389349,-22.2516403,-7.81253052,-48.0184631,2
11.7298347,0.0342971861,-0.00127812458,-0.723755174,0.689202898,0.0479600255,0.0491453194,-1.62087338,0.46957924,-0.48175695,-9.78354677,-0.126309043,-0.204929502,-0.0563221912,0.0269300323,0.0914185718,0.105332799,-21.9601059,-7.67438507,-48.1168213,2
11.7397927,0.0346922805,-0.00112514042,-0.723410775,0.689544764,0.0487207759,0.0494918403,-1.61992964,0.477013774,-0.48515105,-9.78301953,-0.124316371,-0.16816629,-0.0236304664,0.0333037749,0.0704384595,0.0863141045,-22.0889511,-7.61157227,-47.906311,2
11.7497497,0.0349581124,-0.00108350454,-0.723130767,0.689825234,0.0491444414,0.0498176107,-1.61915549,0.481150691,-0.488341808,-9.7826583,-0.0307399331,-0.0883610781,0.0428963079,0.0208073761,0.0196098797,0.0729417279,-21.9381332,-7.70848083,-48.2676697,2
11.7597077,0.034923962,-0.00116151841,-0.722892415,0.690076402,0.0489699632,0.0499004163,-1.61845994,0.479441842,-0.489152869,-9.78270155,0.113274278,0.0142035531,0.168485512,-0.0128278146,-0.0454823039,0.0686516389,-21.9851761,-7.73871613,-48.1376038,2
11.7696657,0.0345667249,-0.00128633355,-0.722649542,0.690348597,0.0482612948,0.0496056585,-1.61770565,0.472515951,-0.486265842,-9.78318262,0.183646512,0.0826936634,0.229270528,-0.0536546633,-0.087362498,0.0801993608,-21.9131699,-7.72897339,-48.2103882,2
11.7796227,0.0339747489,-0.00141291905,-0.722350816,0.690690263,0.0472057481,0.0489929002,-1.61675761,0.462203085,-0.480264045,-9.78397172,0.154754362,0.111108515,0.214048409,-0.0751634166,-0.112260655,0.102390952,-22.068306,-7.66023254,-47.9900208,2
11.7895807,0.0333201441,-0.00155034827,-0.72199144,0.691097496,0.0460408005,0.0483124048,-1.61562738,0.450819887,-0.473598559,-9.78482746,0.0775520262,0.157414777,0.0809790781,-0.0669121221,-0.107842803,0.118316159,-22.0493851,-7.57587433,-47.956604,2
11.7995387,0.032815165,-0.00172674239,-0.721567428,0.69156391,0.0450352573,0.0478978022,-1.61433277,0.440989398,-0.46953741,-9.78547102,-0.0586637859,0.181485498,-0.0535001195,-0.0263977163,-0.0786593482,0.137886658,-22.174324,-7.5908432,-47.7347412,2
11.8094957,0.032596979,-0.00195369718,-0.721068425,0.692093828,0.044370574,0.0479562141,-1.61286156,0.434483852,-0.470109584,-9.78573464,-0.122038964,0.144498633,-0.142719787,0.0225077122,-0.0383922011,0.157114431,-22.0373611,-7.54858398,-47.926239,2
11.8194537,0.0326580043,-0.00216817008,-0.720501822,0.692680203,0.0441225449,0.0483863255,-1.6112335,0.432047711,-0.474322635,-9.78563936,-0.0727662533,0.0789805247,-0.15209318,0.0454630964,0.00598564837,0.172441468,-22.1401749,-7.49441528,-47.9388123,2
11.8294117,0.0329102214,-0.00226455647,-0.719876955,0.693317308,0.0443099861,0.0489143594,-1.60946403,0.433870798,-0.479494741,-9.78530677,0.0321023075,-0.0919708295,-0.0156570033,0.0402065478,0.0469091125,0.183526605,-22.02285,-7.43399811,-48.1368103,2
11.8393697,0.0332397724,-0.00218419505,-0.719226312,0.693976892,0.0448517826,0.0492970936,-1.60763213,0.439164119,-0.483243572,-9.78488591,0.140683203,-0.307141849,0.0909130276,0.01835531,0.0814817399,0.18500945,-22.2675247,-7.35016632,-47.980835,2
11.8493267,0.0335894489,-0.00191067842,-0.718589069,0.694620739,0.045691313,0.0494299673,-1.6058433,0.447375738,-0.48454501,-9.78444986,0.125438617,-0.492588104,0.188040692,-0.00804023445,0.104758166,0.173872203,-22.2617111,-7.21160889,-47.8955688,2
11.8592847,0.0339473552,-0.00146939614,-0.717988516,0.695225115,0.0467784477,0.0493321341,-1.60416297,0.458014694,-0.483586759,-9.78400504,0.00137435709,-0.535145609,0.253436416,-0.0238807164,0.132902712,0.161094099,-22.1363602,-7.31668854,-47.9113159,2
11.8692427,0.0343766121,-0.000897720152,-0.717430994,0.695780425,0.048153185,0.0491450325,-1.60261807,0.471469036,-0.481754137,-9.78345617,-0.0963259925,-0.522014471,0.198868375,-0.0266003031,0.15571712,0.143904656,-21.9656754,-7.16642761,-47.8114319,2
11.8791997,0.0348149463,-0.000297849736,-0.716946657,0.696258054,0.0495857898,0.0489269766,-1.60128671,0.485489561,-0.479618331,-9.78287516,-0.218235266,-0.498113334,0.143221307,-0.0302775949,0.140788779,0.119775891,-22.0335007,-7.20756531,-48.0319519,2
11.8891577,0.035110696,0.000210908082,-0.716543949,0.696657798,0.0506922035,0.048637204,-1.60017126,0.496320203,-0.476780002,-9.78247067,-0.31810021,-0.429424888,0.125308634,-0.040998403,0.0893722847,0.100682758,-21.9643021,-7.32137299,-47.9595642,2
11.8991157,0.0351377039,0.000550614263,-0.716210979,0.69699849,0.0511813606,0.0482118161,-1.59921882,0.501115621,-0.472613274,-9.78242858,-0.332472471,-0.373736611,0.115390466,-0.056963522,0.0168847721,0.085960269,-21.9906693,-7.28746033,-47.9587708,2
11.9090727,0.0348438556,0.00069768137,-0.715919314,0.697312757,0.0509435237,0.0476131507,-1.59834013,0.498803325,-0.466749095,-9.78282781,-0.36756954,-0.317650786,0.129706576,-0.0738825202,-0.0542665198,0.0837676749,-21.9010696,-7.15023041,-47.986969,2
11.9190307,0.0342593327,0.000667306006,-0.715644339,0.697623969,0.0500418503,0.0468623061,-1.59746981,0.489999586,-0.459394056,-9.78362101,-0.391835747,-0.244949743,0.15533903,-0.0833817497,-0.114179924,0.083256878,-21.9053116,-7.14617157,-47.7839661,2
11.9289887,0.0334789348,0.00047690923,-0.715382322,0.697930681,0.0486369246,0.0460658975,-1.59661198,0.476271468,-0.451592369,-9.78466204,-0.459211247,-0.226564776,0.151143332,-0.0838159397,-0.15740785,0.0815714076,-21.7978134,-7.00595856,-47.9480896,2
11.9389457,0.0325921263,0.000143910341,-0.71512338,0.69823799,0.046881048,0.0453238104,-1.59575193,0.459105667,-0.444322597,-9.7858153,-0.509083056,-0.233834621,0.145263042,-0.0728154853,-0.183471948,0.0824577063,-21.9588394,-6.9563446,-47.8799133,2
11.9489037,0.0316803402,-0.000313383679,-0.714873388,0.698535913,0.044917044,0.0447226771,-1.59491799,0.439897328,-0.438433466,-9.7869633,-0.56963156,-0.285363221,0.0645592737,-0.0551166013,-0.200038388,0.078605555,-22.0697861,-6.85786438,-47.6472473,2
11.9588617,0.0307998066,-0.000861272468,-0.714628669,0.698825067,0.0428722591,0.0442928151,-1.59410682,0.419892249,-0.434222132,-9.78802947,-0.596014101,-0.369929949,0.00786591107,-0.0408641621,-0.199758232,0.0796513781,-22.1842728,-6.90833282,-47.5579834,2
11.9688187,0.0299595948,-0.0014395518,-0.714376836,0.699118065,0.0408428515,0.0439615116,-1.59328363,0.400033337,-0.430976319,-9.78900504,-0.543234953,-0.471487668,0.00240647662,-0.0318938978,-0.201527223,0.0820823312,-22.1930313,-6.73688507,-47.6515503,2
11.9787767,0.0291255978,-0.00203752328,-0.714110486,0.699423918,0.0387943049,0.0436661883,-1.5924228,0.3799842,-0.428082972,-9.78993034,-0.52064194,-0.526604538,0.0455301636,-0.035962943,-0.20167315,0.0864411294,-22.5679703,-6.76767731,-47.5056152,2
11.9887347,0.0282954519,-0.00259093242,-0.713836625,0.699735671,0.0368135541,0.0433112187,-1.59154399,0.360597618,-0.424605176,-9.7908153,-0.524748499,-0.520056614,0.0818786573,-0.0434898064,-0.183858797,0.0866859108,-22.6893845,-6.73140717,-47.6489258,2
11.9986917,0.027527866,-0.0030033393,-0.713592031,0.700013935,0.0351220096,0.0428391994,-1.59075871,0.344042497,-0.419980549,-9.79161025,-0.592439385,-0.596507255,0.0895575213,-0.0567217246,-0.146886662,0.0682059675,-22.6893845,-6.73140717,-47.6489258,2
12.0086497,0.0268596304,-0.00323227437,-0.713415605,0.700218771,0.0338341886,0.0422397043,-1.59018136,0.331440863,-0.414106834,-9.79229531,-0.716606447,-0.667623001,0.079468089,-0.0682396591,-0.105852872,0.043519523,-22.7004471,-6.72351837,-47.5335693,2
12.0186077,0.0262949566,-0.00329049538,-0.713303642,0.700354025,0.0329379147,0.0415377458,-1.58980088,0.322673619,-0.407229021,-9.79287633,-0.750485994,-0.710862716,0.0290232654,-0.074993968,-0.0713151321,0.0295789391,-22.6995468,-6.7305069,-47.5860596,2
12.0285657,0.0258032535,-0.0032337307,-0.713218943,0.700458739,0.0323090157,0.0407722403,-1.5895071,0.316524814,-0.399728326,-9.79338603,-0.716354957,-0.776722112,-0.0677320585,-0.0808047205,-0.0530293472,0.0273953844,-22.8004227,-6.72916412,-47.6307678,2
12.0385227,0.025342121,-0.00309607449,-0.713116847,0.700580078,0.0318364468,0.0399347096,-1.58916773,0.311907274,-0.391521639,-9.79386592,-0.66490081,-0.872616436,-0.0763800598,-0.0904102102,-0.0387609303,0.0345411822,-22.7214584,-6.70533752,-47.6075134,2
12.0484807,0.0248732569,-0.00286627507,-0.71300059,0.700716316,0.0314814821,0.0389553574,-1.58878798,0.308442703,-0.381924959,-9.79435458,-0.638990562,-0.900169628,-0.114647539,-0.110403404,-0.0269945581,0.0346372388,-22.8022842,-6.57738495,-47.4504395,2
12.0584387,0.0243400072,-0.00250347512,-0.712873826,0.70086537,0.0312207582,0.0376963873,-1.58837277,0.305903832,-0.369587747,-9.79490754,-0.63899553,-0.821676814,-0.138335873,-0.144200772,-0.0202572923,0.0401803404,-22.7835464,-6.54495239,-47.5966187,2
12.0683957,0.0237014326,-0.00198955327,-0.712726365,0.701038849,0.0310209185,0.0360750884,-1.58788954,0.303964607,-0.353699054,-9.79555461,-0.62493566,-0.742395991,-0.1806348,-0.184914991,-0.0168988947,0.0468260124,-22.9073257,-6.56262207,-47.6991882,2
12.0783537,0.0229199652,-0.00133824727,-0.712558637,0.70123678,0.0308095204,0.0340583885,-1.58733695,0.301915201,-0.333934141,-9.79631156,-0.582633738,-0.682852938,-0.301682853,-0.22228767,-0.0194456745,0.052377373,-22.9617386,-6.41316223,-47.5780029,2
12.0883117,0.0220242691,-0.000571153689,-0.712376999,0.701451115,0.0305980536,0.0317169671,-1.58673713,0.299866689,-0.310985044,-9.79712989,-0.570409887,-0.642056452,-0.42281917,-0.25045684,-0.0161129348,0.0534928031,-22.9953384,-6.29847717,-47.7645874,2
12.0982687,0.0211056594,0.000289794186,-0.712191488,0.701667874,0.0304869459,0.0292097019,-1.58612779,0.298800978,-0.286408584,-9.7979114,-0.565453617,-0.640147039,-0.52004971,-0.25609979,-0.00407997333,0.0535782874,-22.9617691,-6.2154541,-47.6966553,2
12.1082267,0.0202108451,0.00118507682,-0.711991058,0.701896658,0.0304590388,0.0266874888,-1.58548157,0.298548592,-0.261683801,-9.79861107,-0.512379139,-0.686569329,-0.624396219,-0.252349436,0.00376403984,0.0607418269,-22.9730225,-6.09733582,-47.9267883,2
12.1181847,0.0193619543,0.00204788478,-0.711761903,0.702151047,0.0304517299,0.0242772049,-1.58476068,0.298495327,-0.238054668,-9.79921488,-0.453368658,-0.744615056,-0.664044924,-0.235820517,-0.00375965657,0.07069619,-23.087738,-6.03237915,-47.6862488,2
12.1281417,0.0185387748,0.00275529909,-0.711504454,0.702431614,0.0302636857,0.022125433,-1.58396448,0.296667436,-0.21695867,-9.79976024,-0.412036458,-0.805813913,-0.656914926,-0.19935073,-0.0298287421,0.0752525106,-22.928833,-5.98331451,-47.7150879,2
12.1380997,0.0177638638,0.00322647846,-0.711242267,0.702715027,0.0298140169,0.0203776626,-1.58316144,0.292271631,-0.199822772,-9.8002565,-0.436820003,-0.834471925,-0.560949875,-0.157838434,-0.0548214465,0.0762557238,-23.0614014,-5.81206512,-47.8127747,2
12.1480577,0.0170317905,0.00349994155,-0.710965143,0.703012275,0.0291483945,0.0189715807,-1.58232169,0.285756203,-0.186036494,-9.80072003,-0.428658543,-0.854543019,-0.389151293,-0.133167669,-0.0747157782,0.0841502398,-23.0205383,-5.76752472,-47.994751,2
12.1580147,0.0163058022,0.00367480625,-0.71064932,0.703347729,0.0283529946,0.0177152273,-1.58137486,0.277967028,-0.173717951,-9.80117011,-0.324353096,-0.923125264,-0.147335757,-0.128840566,-0.0783669725,0.0989883095,-23.0758362,-5.68541718,-47.5658264,2
12.1679727,0.0155737408,0.00385485561,-0.71027502,0.703741438,0.027556134,0.0164444993,-1.58026404,0.270162638,-0.161258173,-9.80160148,-0.18815966,-1.03120343,0.0642342795,-0.135915384,-0.0764521137,0.117984936,-23.1122131,-5.57848358,-47.9397278,2
12.1779307,0.0148265491,0.0040875989,-0.709834562,0.704200461,0.0268120322,0.0150792589,-1.57896721,0.262874819,-0.147871407,-9.80201065,-0.112337801,-1.10369708,0.221612707,-0.145316333,-0.0643560365,0.132594511,-23.3000641,-5.483078,-47.8217163,2
12.1878877,0.0141590027,0.00442485039,-0.709352208,0.704698055,0.0263293114,0.0136785151,-1.57755908,0.258148357,-0.134136229,-9.80233389,-0.134995038,-1.17474345,0.316657135,-0.141619518,-0.025994502,0.142936587,-23.1916199,-5.41370392,-47.8510132,2
12.1978457,0.0136652918,0.00484431251,-0.708824045,0.705236288,0.0262103628,0.0124073073,-1.57603329,0.256986638,-0.121670999,-9.80252737,-0.202666599,-1.28462275,0.299940978,-0.119907819,0.00651390664,0.155031338,-23.2575989,-5.28738403,-47.4625244,2
12.2078037,0.0133662069,0.00523465586,-0.708270225,0.705795413,0.0263277328,0.0114527636,-1.57444731,0.258140101,-0.112310785,-9.80260862,-0.276843212,-1.29293553,0.228794727,-0.0818572044,0.0177769139,0.156145379,-23.129837,-5.26177979,-47.5836487,2
12.2177607,0.0132009098,0.00549209683,-0.707731315,0.706337053,0.0264485847,0.0108749399,-1.57291221,0.259326443,-0.106644631,-9.80264076,-0.431707373,-1.23784887,0.189172911,-0.0441982374,0.00979675259,0.146843493,-23.3847656,-5.24840546,-47.7683411,2
12.2277187,0.0130945774,0.00559545774,-0.707229384,0.706840774,0.0264364987,0.0105972166,-1.5714861,0.259208734,-0.103921252,-9.80267291,-0.551299748,-1.1528846,0.174690212,-0.0225282535,-0.00823644735,0.138899088,-23.3878174,-5.22600555,-47.7533875,2
12.2376767,0.0129502721,0.00557930021,-0.706724948,0.707347948,0.0262019982,0.0104348249,-1.57005201,0.256910431,-0.102328822,-9.80275007,-0.560224265,-1.15103539,0.228038356,-0.019056024,-0.0331721567,0.150988251,-23.4981537,-5.23986816,-47.7367554,2
12.2476347,0.0127365555,0.00552795147,-0.706171223,0.707905041,0.0258191255,0.0102253614,-1.56847623,0.253157764,-0.100274794,-9.80286873,-0.504397711,-1.15683034,0.255092367,-0.0343219973,-0.0366839617,0.165807635,-23.4308929,-5.20378876,-47.6621704,2
12.2575917,0.0124775365,0.00551611621,-0.705557901,0.708520947,0.025427802,0.00989747477,-1.5667314,0.249322478,-0.0970594853,-9.80299966,-0.411079121,-1.18159346,0.252529238,-0.0393274091,-0.0372746512,0.184761092,-23.5509186,-5.06704712,-47.5672607,2
12.2675497,0.0122452604,0.00549741605,-0.704862273,0.709217188,0.0250639517,0.00961940434,-1.56475755,0.245756292,-0.0943326724,-9.80311657,-0.361274933,-1.20122931,0.249204478,-0.0235266872,-0.0295926984,0.20999366,-23.4657898,-5.10813904,-47.566864,2
12.2775077,0.0121374797,0.00538458915,-0.704076954,0.709999479,0.0247412271,0.00965302825,-1.5625392,0.242592494,-0.0946623976,-9.80319197,-0.352424906,-1.1935674,0.20124621,0.0180255491,-0.0290781762,0.233842269,-23.3334656,-5.00547028,-47.81604,2
12.2874647,0.0121918435,0.00514017271,-0.703212982,0.710856195,0.0244584593,0.0101041945,-1.56010986,0.239819394,-0.0990866164,-9.80321652,-0.409656467,-1.1837562,0.243169289,0.0550112166,-0.0216335934,0.256316304,-23.3673401,-4.91241455,-47.8103333,2
12.2974227,0.0123638537,0.00482531968,-0.702269177,0.711787788,0.0242385069,0.0108237449,-1.55746487,0.237661358,-0.106142608,-9.80319489,-0.413932903,-1.14946617,0.376176076,0.0679946616,-0.0188319478,0.281229913,-23.6042938,-5.07780457,-47.7203979,2
12.3073807,0.0125262169,0.00449309007,-0.701214981,0.712825717,0.0239766205,0.0115570322,-1.55451323,0.235092092,-0.113333251,-9.80317677,-0.425429535,-1.10471649,0.502900422,0.0605079345,-0.0245718639,0.315180331,-23.6205902,-5.08281708,-47.6256104,2
12.3173377,0.0126113279,0.00421375985,-0.700029876,0.713989723,0.0236777233,0.0121094974,-1.55119538,0.232160422,-0.1187507,-9.80318262,-0.419205838,-1.04258641,0.541213494,0.0314661637,-0.0262563135,0.353360474,-23.5946198,-4.93579102,-47.7238464,2
12.3272957,0.0125617334,0.00404186792,-0.698707909,0.7152854,0.023340034,0.0123225906,-1.54749353,0.22884938,-0.120840274,-9.80323464,-0.372050959,-1.00443416,0.455373532,-0.00650525093,-0.0298072211,0.389179736,-23.6110229,-4.89875031,-47.7206726,2
12.3372537,0.0124269566,0.00396579025,-0.697276372,0.71668367,0.0230182492,0.0122821988,-1.54348841,0.225694953,-0.120444197,-9.80331238,-0.345403447,-0.962632441,0.230097626,-0.0174010415,-0.0210704543,0.412457108,-23.6105347,-4.7813797,-47.5091858,2
12.3472107,0.0123817336,0.00388291037,-0.695778683,0.718138966,0.0228105572,0.0123806345,-1.53931128,0.223658606,-0.121409443,-9.80334745,-0.350848962,-0.915728432,-0.150545951,0.0218337122,-0.0093948897,0.424721509,-23.6105347,-4.7813797,-47.5091858,2
12.3571687,0.0125678127,0.00363949787,-0.69424711,0.719617755,0.022692305,0.0130349897,-1.53505968,0.22249749,-0.127825959,-9.80329251,-0.325296916,-0.789452195,-0.532176785,0.0915267691,-0.00232899073,0.432564497,-23.8041687,-4.56983948,-47.5161133,2
12.3671267,0.0130484924,0.00315028943,-0.692698853,0.721102016,0.0226250051,0.0144546879,-1.5307854,0.2218334,-0.141747125,-9.80311598,-0.292610379,-0.622152532,-0.83342417,0.172585249,-9.20703169E-05,0.430856973,-23.7122192,-4.59932709,-47.5207214,2
12.3770837,0.0137853307,0.00238561648,-0.691153937,0.722572114,0.0225081416,0.0166249004,-1.52654337,0.220680321,-0.163027064,-9.80281144,-0.275296439,-0.53368529,-0.949847486,0.240855113,-0.00995055959,0.431897759,-23.7593536,-4.53339386,-47.6629639,2
12.3870417,0.014637023,0.00136731286,-0.689600573,0.724040622,0.0221733298,0.0193109992,-1.52229465,0.217387728,-0.189364433,-9.80241105,-0.222174524,-0.494479106,-0.798664407,0.273918867,-0.0430324227,0.433267444,-23.7731018,-4.57307434,-47.3386536,2
12.3969997,0.0153987891,0.000178433804,-0.688037722,0.725511548,0.0214556923,0.0221002592,-1.51802502,0.210340951,-0.216711856,-9.80199837,-0.219018325,-0.554968938,-0.473316016,0.260881633,-0.077719301,0.436854452,-23.9214478,-4.6754303,-47.2525024,2
12.4069577,0.0159638833,-0.000933315019,-0.686434729,0.727015492,0.0205668786,0.0244957503,-1.51364304,0.201617455,-0.240197233,-9.8016348,-0.252492633,-0.717333519,-0.0856698662,0.194644108,-0.0737978518,0.455397874,-24.0074158,-4.72751617,-47.1619873,2
12.4169147,0.016322183,-0.00165999798,-0.684726376,0.728615647,0.0199415504,0.0260614348,-1.50896922,0.195480432,-0.255546431,-9.8013706,-0.208946209,-0.823041161,0.121613286,0.0979234204,-0.0207548775,0.491761476,-23.9366074,-4.71018982,-47.1358948,2
12.4268727,0.0165647483,-0.00181074784,-0.682854715,0.730364112,0.0199860615,0.0266727133,-1.50385245,0.195913544,-0.261538949,-9.80120401,-0.0144015234,-0.599774842,0.0660807842,0.00435649883,0.0577103943,0.536933362,-24.0643692,-4.57093048,-47.1601562,2
12.4368307,0.0167466971,-0.00138950084,-0.680830955,0.732247791,0.0207771673,0.0264205679,-1.49833013,0.203668634,-0.259067116,-9.80111166,0.106980639,-0.239076193,-0.257378432,-0.0769921467,0.130013078,0.567115724,-23.9923325,-4.46085358,-47.2219543,2
12.4467877,0.016842435,-0.000514505296,-0.678714849,0.734208594,0.0221158675,0.0254328675,-1.49256632,0.216794767,-0.249384346,-9.80108126,0.0844273554,0.0231325451,-0.706620914,-0.148230523,0.167768136,0.583612144,-23.9466476,-4.36315918,-47.0784912,2
12.4567457,0.0168001601,0.000695062041,-0.676544178,0.736210037,0.0237644899,0.023798659,-1.48666184,0.232962112,-0.233363094,-9.80110464,0.0272592879,0.211366622,-1.18334235,-0.206025109,0.190539762,0.592346251,-23.8033676,-4.15839386,-47.0879517,2
12.4667042,0.0166528572,0.00206169493,-0.674363924,0.738208507,0.0255129272,0.0218076248,-1.48074131,0.25010972,-0.213842785,-9.80112744,0.0859779458,0.443387107,-1.68445589,-0.216854617,0.182310149,0.584058225,-23.9178238,-4.0118866,-46.9208069,2
12.4766612,0.0164825831,0.00324429752,-0.672249447,0.740134093,0.0269719293,0.0200380298,-1.47501272,0.264419108,-0.196492787,-9.80111516,0.201554016,0.677877196,-2.18111596,-0.161138624,0.132656574,0.552856386,-23.8378677,-3.81786346,-47.0717773,2
12.4866192,0.0164299044,0.00395558169,-0.670290451,0.741906438,0.0279036568,0.0190772835,-1.46972444,0.273556098,-0.187072888,-9.80104853,0.239852128,0.856851076,-2.39905436,-0.056568481,0.0779479071,0.501284242,-23.8293304,-3.65119934,-47.3237305,2
12.4965772,0.0166233965,0.00407604394,-0.668536484,0.74348236,0.0282966564,0.0192696285,-1.46501429,0.277406855,-0.188958811,-9.80090415,0.199340176,0.910661139,-2.2359447,0.0681902245,0.0207381435,0.445165038,-23.7896118,-3.44055176,-47.1768799,2
12.5065342,0.0170543516,0.00357187991,-0.666979446,0.744872321,0.0280806654,0.0206433541,-1.46085647,0.275282411,-0.202427767,-9.80069548,0.231242504,0.837789233,-1.70853118,0.180777818,-0.0470302477,0.398690015,-23.735199,-3.44874573,-47.3526611,2
12.5164922,0.0176174715,0.0025126156,-0.665560968,0.746131281,0.0272110061,0.0229473093,-1.45708511,0.266745633,-0.225016487,-9.80043887,0.313999533,0.776281602,-1.04544429,0.25136596,-0.109986842,0.37417987,-23.7759247,-3.44689178,-47.0992432,2
12.5264502,0.0181347416,0.00114260512,-0.664191539,0.74734162,0.0258090313,0.02559067,-1.45344739,0.252989184,-0.250931357,-9.80017408,0.397187812,0.837511001,-0.337174438,0.251665324,-0.148497045,0.372373939,-23.8621521,-3.54361725,-47.1640015,2
12.5364072,0.0184331799,-0.000185765738,-0.662802027,0.748567659,0.0241687036,0.0278468153,-1.44974671,0.236899068,-0.273048678,-9.79998528,0.51293659,1.01106154,0.428631071,0.172635764,-0.157496661,0.381394058,-23.980896,-3.5144043,-47.0741577,2
12.5463652,0.0183555794,-0.0011722294,-0.661373187,0.749831575,0.022533261,0.0290818474,-1.44592224,0.220863678,-0.285155296,-9.80001451,0.588677402,1.05653734,1.07270113,0.0524642617,-0.143933102,0.391180068,-24.0129089,-3.52444458,-47.0306702,2
12.5563232,0.0179154618,-0.0016458721,-0.659913318,0.751126412,0.0211833335,0.0290899215,-1.4419993,0.207634121,-0.285234444,-9.80030151,0.568388099,0.901292641,1.3394927,-0.0620247647,-0.101649038,0.395118356,-24.1397705,-3.39279938,-47.1887207,2
12.5662802,0.0172920135,-0.00164913974,-0.658454703,0.752419949,0.020299787,0.0281972158,-1.43807768,0.19898011,-0.276483585,-9.8007323,0.571206262,0.674370138,1.21288058,-0.128458545,-0.0532753505,0.38695994,-24.157547,-3.32728577,-47.1083069,2
12.5762382,0.0166973293,-0.0013684771,-0.657049768,0.753661097,0.0198877598,0.0269698396,-1.43430989,0.194948517,-0.264451713,-9.80114497,0.5137368,0.515244501,0.844287509,-0.125212416,-0.0075342278,0.358754128,-24.2966766,-3.06947327,-46.891571,2
12.5861962,0.016370732,-0.00102988131,-0.65577844,0.754775286,0.0199245745,0.0260661474,-1.43092004,0.195314026,-0.255592645,-9.80137294,0.438702127,0.395952863,0.329611894,-0.0635399595,0.0321239941,0.315964997,-24.2503204,-3.04737091,-47.0615234,2
12.5961542,0.0164389549,-0.00085204601,-0.654656154,0.755747633,0.020244069,0.0259659146,-1.42795292,0.198446022,-0.254610027,-9.80133553,0.426591893,0.336013029,-0.121882166,0.0319900215,0.0427838266,0.280982524,-24.3765106,-3.08522034,-47.0961304,2
12.6061112,0.0168386972,-0.000988178143,-0.653654836,0.756604833,0.0205268697,0.0267755335,-1.42532825,0.20121355,-0.262546921,-9.80106957,0.523482972,0.327340149,-0.277471372,0.114391968,0.0270915143,0.249250829,-24.352417,-2.96788788,-47.1612549,2
12.6160692,0.0174303031,-0.00137827573,-0.652973338,0.757179065,0.020685542,0.028199413,-1.42356262,0.202760761,-0.276505121,-9.80065397,0.518344477,0.333666832,-0.140969144,0.152934566,0.0206858143,0.213512793,-24.3630219,-3.03657532,-46.7404785,2
12.6260272,0.0180724759,-0.00180202186,-0.652221091,0.757811251,0.0208540513,0.029746071,-1.42161581,0.204403104,-0.291666285,-9.80018051,0.45131052,0.37681021,0.162770642,0.141877577,0.0254417416,0.184989959,-24.2219849,-2.9542923,-46.9416199,2
12.6359842,0.0185958835,-0.00210209488,-0.65154151,0.758382217,0.0210552357,0.0309497197,-1.41985614,0.206367188,-0.303464622,-9.7997807,0.422710887,0.438437887,0.482745523,0.0890705585,0.0246390663,0.175873697,-24.335495,-2.90735626,-46.8869629,2
12.6459422,0.0188407435,-0.00220949277,-0.650868408,0.758953472,0.0211839643,0.0314798726,-1.41809755,0.207625262,-0.308661095,-9.7995919,0.434620959,0.482091224,0.753699476,0.00788136479,0.0148904603,0.180899933,-24.3301086,-3.104599,-46.9390564,2
12.6559002,0.0187380016,-0.00209746763,-0.650170944,0.759553901,0.021191426,0.0311975298,-1.41625371,0.207700227,-0.305893621,-9.79967724,0.411950716,0.492342203,0.807654938,-0.0703961328,-0.00184750697,0.189491287,-24.3381805,-2.97670746,-47.0630493,2
12.6658572,0.0183358719,-0.0018070066,-0.649455485,0.760176385,0.021080569,0.0302287378,-1.41434495,0.206620012,-0.296397515,-9.79999171,0.285539692,0.48598845,0.652495356,-0.12866044,-0.00671859132,0.188742086,-24.415451,-3.02722168,-46.9672852,2
12.6758152,0.0177642823,-0.00138383168,-0.64874402,0.760798063,0.0209535506,0.0288295616,-1.41243851,0.205383712,-0.282682257,-9.80042309,0.0856630529,0.392217111,0.397944256,-0.158626854,-0.0055689048,0.189875796,-24.4036713,-2.97200775,-46.9833984,2
12.6857732,0.0171514201,-0.000906628057,-0.647998574,0.761447926,0.0208567736,0.0272982041,-1.41044318,0.204444057,-0.267670693,-9.8008644,0.0397661567,0.304930566,0.184104522,-0.152244538,-0.000902400003,0.204425961,-24.4812622,-2.96163177,-46.7950439,2
12.6957302,0.0166389352,-0.00049094919,-0.647189121,0.76214784,0.0207972523,0.0260010606,-1.40828856,0.203867736,-0.254954566,-9.80121512,0.0879271984,0.199588799,0.0185077166,-0.112458505,0.0028380095,0.223176748,-24.4783936,-2.78155518,-46.7572021,2
12.7056882,0.0163311939,-0.000219948915,-0.646311913,0.76289856,0.0207825896,0.0252050685,-1.4059705,0.203728182,-0.247151107,-9.80141794,0.15061529,0.0717759636,-0.0667331106,-0.0576940104,0.00388731156,0.238595754,-24.4688492,-2.78457642,-46.7564697,2
12.7156462,0.0161888167,-0.00015578484,-0.645370865,0.763697859,0.0206655284,0.0249303897,-1.40349651,0.202582208,-0.244458288,-9.80150913,0.171064514,-0.0693316574,0.0366080214,-0.00969958678,-0.011610155,0.256308734,-24.4032669,-2.56092072,-46.9755554,2
12.7256032,0.0161587454,-0.000259772936,-0.644384442,0.764530864,0.0204355101,0.0250451246,-1.40091214,0.200327105,-0.245583091,-9.80152783,0.205192446,-0.166818036,0.249261761,0.0176327638,-0.0221276656,0.259319931,-24.5108261,-2.45620728,-47.0146484,2
12.7355612,0.0161293276,-0.000452495197,-0.643430149,0.765334752,0.0200713279,0.0252736585,-1.3984141,0.196756406,-0.247823545,-9.80154362,0.199335956,-0.2732145,0.455328524,0.0125924647,-0.038526345,0.241892457,-24.4848709,-2.37268829,-47.0538025,2
12.7455192,0.0159329388,-0.000674372889,-0.64254209,0.766084357,0.0194493554,0.0252812692,-1.39608164,0.190660044,-0.247898145,-9.80166227,0.154705171,-0.323717392,0.703546329,-0.0225148443,-0.0755874887,0.226970851,-24.5847702,-2.3836441,-47.0455933,2
12.7554772,0.0154459479,-0.000881212061,-0.641703487,0.766796796,0.0184787595,0.0248213091,-1.3938643,0.181148594,-0.243388905,-9.8019557,0.168107199,-0.290368336,0.890288213,-0.0796590894,-0.105272681,0.21857205,-24.6193924,-2.31648254,-46.9795837,2
12.7654342,0.0146994732,-0.000958520106,-0.640910125,0.767474548,0.0173765957,0.0237938387,-1.39175461,0.170349388,-0.23331584,-9.8023941,0.169479254,-0.294006985,0.893569719,-0.136395499,-0.101894863,0.199054629,-24.6447678,-2.42379761,-46.8221436,2
12.7753922,0.0138139006,-0.000816276437,-0.640205931,0.768078807,0.0164383683,0.0222673388,-1.38987528,0.16115811,-0.21834996,-9.80289445,0.0911325338,-0.297151512,0.730216893,-0.172673613,-0.0742195621,0.172781482,-24.7479782,-2.37753296,-46.9240723,2
12.7853502,0.0129508607,-0.000473934233,-0.639600921,0.768597877,0.0158422315,0.0205157047,-1.38826027,0.155320033,-0.201176214,-9.80335622,0.0166152174,-0.271528885,0.514003415,-0.182115316,-0.0356002748,0.144783109,-24.8086472,-2.24416351,-46.7949219,2
12.7953072,0.0122480686,8.00580889E-06,-0.639091575,0.7690331,0.0156710076,0.0188292201,-1.38690537,0.153646547,-0.184640656,-9.80370752,-0.0500956996,-0.295546323,0.23228783,-0.155871734,0.00835679658,0.12299259,-24.8565903,-2.14363098,-46.7420654,2
12.8052652,0.0118328315,0.000508237597,-0.638658458,0.769399236,0.0158994721,0.0175600649,-1.38576323,0.155889942,-0.172196569,-9.80389866,-0.0266014451,-0.342706353,-0.0471931283,-0.0996173844,0.0383668542,0.10159193,-24.7475357,-1.95637512,-46.7244568,2
12.8152232,0.0117040062,0.000909346919,-0.638298763,0.76969929,0.0163442024,0.0168570589,-1.38482453,0.160251973,-0.165303448,-9.80394717,0.0113840022,-0.390749815,-0.124358201,-0.0459783897,0.0548339784,0.0818075687,-24.7161484,-2.04460907,-46.757019,2
12.8251802,0.0117807091,0.00119845863,-0.638027611,0.769922395,0.0168814066,0.0166119282,-1.3841245,0.165519337,-0.162899876,-9.80389982,0.0337995764,-0.482636656,-0.116325117,-0.00799420848,0.0560175069,0.058424592,-24.8324814,-1.84119415,-46.8217163,2
12.8351382,0.0119403915,0.00136716779,-0.637862008,0.770056945,0.0173415099,0.0166462027,-1.38370199,0.170030038,-0.163235939,-9.80381682,0.0479935763,-0.522852346,-0.0724140788,0.00965962,0.0374073349,0.0279050339,-24.8201065,-1.94125366,-46.9328308,2
12.8450962,0.0120422979,0.00143955812,-0.637800595,0.770106046,0.0175817552,0.0167121687,-1.38354725,0.172385168,-0.163882768,-9.80376538,0.064343165,-0.480905594,-0.0497211855,2.00904906E-05,0.00953230076,0.00343705597,-24.8804398,-1.90387726,-47.1151428,2
12.8550532,0.0119656988,0.00143653629,-0.637824847,0.770087125,0.0174798538,0.0165975062,-1.38360684,0.171386476,-0.162758458,-9.80380162,0.0870393097,-0.454496603,0.00627951866,-0.0243230648,-0.0297109745,-0.0159587469,-24.7173996,-1.90795135,-47.0600281,2
12.8650112,0.0117263245,0.00136595476,-0.637920061,0.770012178,0.0170676193,0.0163168094,-1.38384349,0.167345767,-0.160006145,-9.80391619,0.134025992,-0.451413031,-0.00407996279,-0.0313013345,-0.0511525199,-0.034773577,-24.8008347,-1.84352875,-47.0463562,2
12.8749692,0.0114347824,0.001225234,-0.63809331,0.769873255,0.0164823335,0.0160437273,-1.3842806,0.161608356,-0.157328469,-9.80405589,0.0981641312,-0.482821109,-0.101803255,-0.0182387941,-0.0676334947,-0.0538711064,-24.8118362,-1.82661438,-47.0092468,2
12.8849262,0.01120073,0.000940726829,-0.638349274,0.769664903,0.0157507222,0.0160412809,-1.38493485,0.15443556,-0.157304485,-9.80417221,0.054909073,-0.522499076,-0.202393627,0.0223877914,-0.0778138489,-0.0767569989,-24.9590988,-1.90232849,-47.138855,2
12.8948842,0.0111454882,0.00050253945,-0.638681774,0.769390017,0.0150127477,0.016509279,-1.38579501,0.14719917,-0.161893366,-9.80420845,0.0199476589,-0.521501443,-0.249791922,0.0744448677,-0.0716430396,-0.0945546329,-24.8217392,-1.88339233,-46.913269,2
12.9048422,0.0112978162,-7.06091129E-05,-0.639069462,0.769066072,0.0143342503,0.017468671,-1.38680694,0.140544717,-0.171300423,-9.80414649,0.00535358119,-0.522569072,-0.177878779,0.118051238,-0.0693237782,-0.104191072,-24.9272537,-2.01543427,-47.1187744,2
12.9147992,0.0115854527,-0.000760160268,-0.639489978,0.768711714,0.0136517061,0.0187850809,-1.38790972,0.133849722,-0.184207872,-9.80400621,0.0627757147,-0.613061171,-0.0581593435,0.144483373,-0.072103858,-0.111713171,-25.0796127,-2.22416687,-46.843811,2
12.9247572,0.0119302479,-0.00150369771,-0.639945611,0.768326253,0.0129617813,0.0202586005,-1.38910673,0.127082009,-0.198655408,-9.8038139,0.114733984,-0.659815396,0.0785673408,0.151302263,-0.06997177,-0.123227417,-25.0215988,-2.41580963,-46.8149719,2
12.9347152,0.0122947161,-0.00223275665,-0.640436959,0.767909104,0.0123220974,0.0217440419,-1.39039836,0.120806874,-0.213219411,-9.80358769,0.156772515,-0.652284416,0.125027479,0.149703562,-0.0610813424,-0.131733283,-25.1652298,-2.50489807,-46.6257324,2
12.9446722,0.0126888264,-0.00291050134,-0.640964068,0.76746046,0.0118022268,0.0232094824,-1.39178572,0.115706446,-0.227586831,-9.80332582,0.195092474,-0.638964405,0.0667068071,0.147963524,-0.0489741378,-0.143314734,-25.0292892,-2.67236328,-46.8581543,2
12.9546302,0.0131376209,-0.00354650709,-0.641529551,0.76697764,0.0114198939,0.0247054143,-1.39327707,0.11195429,-0.242252704,-9.80301837,0.165325806,-0.609334807,-0.0922170959,0.155073896,-0.0326721296,-0.153263763,-25.0840073,-2.57326508,-46.6731567,2
12.9645882,0.0136611412,-0.00415245775,-0.642144165,0.766450897,0.0111836282,0.0262771648,-1.39490183,0.109633784,-0.257661304,-9.80265129,0.107492014,-0.624152985,-0.290105813,0.162475795,-0.0237111561,-0.169093281,-25.1070786,-2.8792572,-46.6633606,2
12.9745462,0.0142395209,-0.0047568604,-0.642808682,0.765879575,0.0110247341,0.0279306501,-1.39666156,0.108071348,-0.273870498,-9.80222926,0.10291929,-0.660466627,-0.442559058,0.171860784,-0.0163536407,-0.180058047,-25.2266769,-2.97774506,-46.8204956,2
12.9845032,0.014847382,-0.00537046266,-0.643510318,0.765274594,0.0108941304,0.0296408848,-1.3985221,0.106785884,-0.290635225,-9.80176047,0.160468502,-0.618712402,-0.47953942,0.174275458,-0.0206012055,-0.189348593,-25.1397018,-3.01631927,-46.7510986,2
12.9944612,0.0154226956,-0.00601181106,-0.644252262,0.764633873,0.0106839928,0.0313368051,-1.40048869,0.10472075,-0.30725879,-9.80127591,0.150861912,-0.506769665,-0.456681107,0.169017315,-0.0321563929,-0.203427404,-25.1103439,-3.05304718,-46.7374878,2
13.0044192,0.0159242969,-0.0066710284,-0.645058718,0.763937984,0.0103575138,0.0329427186,-1.40262258,0.101515588,-0.322999271,-9.80080361,0.133417085,-0.402593361,-0.488876573,0.155346319,-0.0443003848,-0.222069591,-25.0243759,-3.32341003,-46.8754578,2
13.0143762,0.0163354804,-0.00730157438,-0.645930401,0.763186636,0.00996428959,0.0343734269,-1.4049251,0.0976569672,-0.337021805,-9.80037048,0.131589477,-0.33963933,-0.489459341,0.13413851,-0.049336955,-0.234879136,-25.1854935,-3.48284912,-46.871582,2
13.0243342,0.0166310598,-0.00785482432,-0.64683285,0.762410061,0.00954400513,0.0355283653,-1.40730492,0.0935342338,-0.348340961,-9.80001509,0.203348407,-0.337597705,-0.47111003,0.10161408,-0.0483561195,-0.241884917,-25.02845,-3.68675995,-46.803894,2
13.0342922,0.016840307,-0.00826861616,-0.647762806,0.761611023,0.00922834488,0.0363717497,-1.4097556,0.0904380122,-0.356606393,-9.7997468,0.26076307,-0.415822808,-0.424092843,0.0708617568,-0.0282447264,-0.2489122,-25.2072372,-3.87069702,-46.7322998,2
13.0442492,0.0170772792,-0.00843557179,-0.648690953,0.760813518,0.00932645586,0.0369378071,-1.41220785,0.091397578,-0.362153762,-9.79953462,0.283296608,-0.557069892,-0.408144163,0.0482942238,0.0350903235,-0.239380032,-25.1631088,-3.93637085,-46.7301941,2
13.0542072,0.0174857486,-0.00827441656,-0.649560066,0.760064114,0.010145159,0.0373387167,-1.41452058,0.0994189719,-0.366082662,-9.79931016,0.378824435,-0.548202951,-0.468821627,0.0389848799,0.110382952,-0.223060176,-25.1631088,-3.93637085,-46.7301941,2
13.0641652,0.018097786,-0.00790048852,-0.650391083,0.759342869,0.0115514135,0.0377706442,-1.41675055,0.113197358,-0.370315441,-9.79900212,0.39557212,-0.379817757,-0.588989975,0.0550906733,0.149866834,-0.225865036,-25.097435,-3.9998703,-46.5262451,2
13.0741222,0.0188698086,-0.00750765318,-0.651267548,0.758576525,0.0131984501,0.0384168182,-1.41911488,0.129333323,-0.376647639,-9.7985608,0.174432639,-0.193172246,-0.710637748,0.0796016082,0.158769235,-0.249845207,-25.1351547,-4.12911224,-46.6669922,2
13.0840802,0.0197246663,-0.00720862198,-0.652245982,0.757716456,0.0148184726,0.0393051175,-1.42175829,0.145202023,-0.385352303,-9.79800025,-0.0292312547,-0.0668524261,-0.793050074,0.103566535,0.143087626,-0.274685293,-24.9962845,-4.4491272,-46.3069153,2
13.0940382,0.0205526678,-0.0070485095,-0.653284644,0.756800633,0.0161987306,0.0403288411,-1.42456372,0.158719174,-0.395383648,-9.79739059,-0.0636976701,0.00707417617,-0.792163354,0.107152477,0.109512359,-0.284100384,-24.9127121,-4.51420593,-46.3890381,2
13.1039952,0.0212512172,-0.00704152136,-0.654356099,0.755855208,0.0171825202,0.0413527963,-1.42745086,0.168350615,-0.40541682,-9.7968201,-0.0199084868,0.169887378,-0.839121505,0.108520605,0.0605960749,-0.293722898,-24.7789993,-4.70226288,-46.4616699,2
13.1139532,0.0217735366,-0.0072819269,-0.655496073,0.754849577,0.0175681317,0.0424307695,-1.43050916,0.172120599,-0.415978875,-9.79631156,-0.0533067158,0.39921961,-1.00737379,0.119594559,-0.0110916924,-0.318483084,-24.7997055,-4.88306427,-46.5691528,2
13.1239112,0.0220976159,-0.00789165323,-0.65673698,0.753754538,0.0171451055,0.0436917372,-1.43382162,0.16796737,-0.428333257,-9.79585154,-0.172305217,0.623161563,-1.09462362,0.14353466,-0.102013834,-0.339289248,-24.8187027,-5.01750946,-46.4009705,2
13.1338682,0.022220043,-0.00889390375,-0.658047794,0.752595695,0.0158735271,0.0451659996,-1.43730575,0.155500852,-0.442776574,-9.7954149,-0.252464393,0.770931985,-0.948415408,0.164961651,-0.178682521,-0.355594724,-24.8814316,-5.19721222,-46.3568726,2
13.1438262,0.0222420078,-0.010225149,-0.659418018,0.751377883,0.0139835089,0.0469268216,-1.44094283,0.136975955,-0.460026034,-9.79489643,-0.295290905,0.786385794,-0.729864427,0.200659901,-0.231991306,-0.367257476,-25.0172195,-5.3991394,-46.1767273,2
13.1537842,0.0222802043,-0.0118759151,-0.660820835,0.750118918,0.0116440687,0.0491410854,-1.44467152,0.114048879,-0.481715486,-9.79414766,-0.288075786,0.847130697,-0.470692681,0.254408598,-0.271496385,-0.376121819,-25.0923843,-5.50272369,-46.2091675,2
13.1637422,0.0223966769,-0.0138255176,-0.662284256,0.74879028,0.00897329865,0.0518769388,-1.44857233,0.0878784365,-0.508510809,-9.79306279,-0.339267976,0.925850232,-0.187316469,0.300959021,-0.30201304,-0.401288241,-25.2425156,-5.76178741,-46.1620178,2
13.1736992,0.0226053481,-0.0159370661,-0.663819897,0.747380874,0.00619904808,0.0549759816,-1.45267955,0.0606996619,-0.538858674,-9.79164591,-0.459781521,0.732489953,0.232347451,0.322210521,-0.293292791,-0.415934026,-25.4707565,-6.10552979,-46.087738,2
13.1836572,0.022904912,-0.0179360457,-0.665357016,0.745958258,0.00372709646,0.0580725996,-1.45680708,0.0364886305,-0.569177606,-9.79005075,-0.519217935,0.413704318,0.766155053,0.29917568,-0.246453375,-0.403245896,-25.5458755,-6.32312012,-45.8280334,2
13.1936152,0.0232370732,-0.0195840782,-0.666787462,0.744628119,0.00182603812,0.0607601706,-1.46066196,0.0178742615,-0.595487155,-9.78853742,-0.46394233,0.242043354,1.22986504,0.240005568,-0.17755501,-0.367769152,-25.5733871,-6.59420013,-45.9598083,2
13.2035722,0.0236051722,-0.0207057054,-0.668093256,0.743414689,0.000756553229,0.0628048279,-1.46419637,0.00740462455,-0.615500162,-9.78731285,-0.419355329,0.284801203,1.42107442,0.168557748,-0.0811834708,-0.343495488,-25.5972061,-6.76004791,-45.8253174,2
13.2135302,0.0240253206,-0.0212553407,-0.669332054,0.742270643,0.000608656019,0.0641643611,-1.46756627,0.00595659315,-0.62880578,-9.78646763,-0.570088729,0.287183349,1.32102006,0.105701298,0.00715065142,-0.333457768,-25.6258163,-6.94722748,-45.7792969,2
13.2234882,0.0245214846,-0.0213011787,-0.670530185,0.741170847,0.00131193346,0.0649610645,-1.47084357,0.0128385324,-0.636602498,-9.78595734,-0.674983301,0.227942348,1.11146545,0.0568703227,0.0930066854,-0.321701378,-25.6824112,-7.07689667,-45.8456726,2
13.2334452,0.0251588908,-0.0209008814,-0.671674454,0.740124065,0.00286479964,0.0653651139,-1.47399792,0.0280340534,-0.640556423,-9.78566742,-0.735967931,0.215885123,0.802024238,0.0283262972,0.178306401,-0.310996264,-25.658577,-7.33335114,-45.9039307,2
13.2434032,0.0259952422,-0.0201404032,-0.672763705,0.739126197,0.00521594546,0.0655739775,-1.47703127,0.0510407848,-0.642600277,-9.78544062,-0.738623926,0.250699612,0.484416086,0.0159734264,0.251799166,-0.297921926,-25.4448166,-7.39089203,-45.9247131,2
13.2533612,0.0270115681,-0.0191242726,-0.674173958,0.737830762,0.00821785687,0.0656933459,-1.48096234,0.0804149049,-0.643768371,-9.78516648,-0.705299894,0.308281082,0.263725755,0.00778074376,0.309315711,-0.28772068,-25.1039047,-7.44940948,-45.7363586,2
13.2633182,0.0281141838,-0.0178680809,-0.675155514,0.736922956,0.0116534311,0.0656105041,-1.48375015,0.114032649,-0.642957712,-9.78488533,-0.653474576,0.43526101,0.129669167,-0.0233178809,0.340287983,-0.2727862,-25.2649765,-7.53173065,-45.8362732,2
13.2732762,0.0291010994,-0.0164471945,-0.676459836,0.735720541,0.015203179,0.0651182975,-1.48741278,0.148770529,-0.638141106,-9.78473452,-0.59094805,0.589808452,0.10243337,-0.0707783401,0.333422363,-0.259518594,-24.8883591,-7.63658142,-45.9019775,2
13.2832342,0.0298165202,-0.0149486316,-0.677731372,0.734552724,0.0184931091,0.0641098324,-1.49096541,0.180972562,-0.628272111,-9.78483038,-0.533816442,0.691419399,0.105372346,-0.123007476,0.289370656,-0.249601334,-24.7466965,-7.73423767,-45.9205933,2
13.2931912,0.0301639368,-0.0134954107,-0.678959568,0.733431734,0.0212074056,0.0626129566,-1.49436423,0.207550516,-0.613622239,-9.78523253,-0.484677733,0.700112993,0.129866151,-0.167828739,0.223878995,-0.235850632,-24.5804214,-7.69161987,-46.0246887,2
13.3031492,0.0301473718,-0.012160262,-0.680158099,0.732344336,0.0232439074,0.0607356489,-1.49764415,0.227504085,-0.595247136,-9.78592402,-0.431308875,0.706577805,0.176496385,-0.199079186,0.156801715,-0.227287233,-24.4727554,-7.73894501,-46.0958557,2
13.3131072,0.0297771354,-0.0110164634,-0.681356592,0.731262831,0.0245103499,0.0585956296,-1.50088649,0.239927878,-0.574298054,-9.78687913,-0.408567832,0.706129038,0.198999308,-0.220859319,0.0709565878,-0.225825161,-24.4516525,-7.81035614,-46.0510864,2
13.3230652,0.0290356244,-0.0101203987,-0.682189486,0.730528586,0.0248710253,0.0562604413,-1.50308868,0.243490429,-0.55143543,-9.78810604,-0.391630031,0.679525548,0.226562438,-0.238892451,-0.0234001055,-0.227400348,-24.4712296,-7.79096985,-46.3254395,2
13.3330222,0.0279076964,-0.00950061551,-0.683025227,0.729799584,0.0242936862,0.0537382311,-1.50525949,0.23787237,-0.52673843,-9.78960417,-0.325708018,0.60514879,0.269210909,-0.258446425,-0.114279941,-0.219934165,-24.5572433,-7.7880249,-46.3490295,2
13.3429802,0.026434949,-0.00909646597,-0.68383048,0.729105106,0.0229213078,0.0510107136,-1.50731705,0.224469192,-0.500027278,-9.79132091,-0.213693695,0.486260947,0.267486569,-0.279409021,-0.176923826,-0.205660462,-24.654335,-7.76877594,-46.3796082,2
13.3529382,0.0247822569,-0.00880581307,-0.684580115,0.728463022,0.0211275503,0.0481811238,-1.50921418,0.20693465,-0.472312611,-9.79308325,-0.15515845,0.305317374,0.237525731,-0.280488402,-0.19544372,-0.188027412,-24.7807388,-7.6727829,-46.2318726,2
13.3628952,0.0231618545,-0.00853105779,-0.685255462,0.727884394,0.0193454886,0.0454258338,-1.51092187,0.18950691,-0.445322057,-9.79470062,-0.0880510075,0.135273234,0.184375155,-0.263584286,-0.175657585,-0.167542025,-24.8256607,-7.62795258,-46.3170166,2
13.3728532,0.021745852,-0.00825227286,-0.685860231,0.727361465,0.0178418725,0.0429672208,-1.51246372,0.174798239,-0.42123486,-9.79603976,-0.00540686401,0.0169143465,0.164914668,-0.222707987,-0.137868121,-0.151507407,-25.04319,-7.51947021,-46.124054,2
13.3828112,0.0206558173,-0.0079627272,-0.686401985,0.726885323,0.0167952928,0.0409715464,-1.51386653,0.164559589,-0.401681214,-9.79703812,0.0174013445,-0.0966117142,0.164416655,-0.173081204,-0.0801374242,-0.137962908,-24.754097,-7.53372955,-46.0804443,2
13.3927682,0.0199754974,-0.0076384181,-0.687276443,0.726081061,0.0163786749,0.0395173548,-1.51622252,0.160487353,-0.387431995,-9.79767934,-0.00531156868,-0.200793096,0.175233817,-0.115460262,-0.0157179609,-0.127305999,-24.8754654,-7.40611267,-45.8773499,2
13.4027262,0.0196974015,-0.00730754687,-0.687719624,0.725672399,0.0164998785,0.0386484288,-1.5174237,0.161680362,-0.378917265,-9.79799265,-0.0772831462,-0.34502917,0.243183318,-0.0588196032,0.0275798086,-0.115890756,-24.8754654,-7.40611267,-45.8773499,2
13.4126842,0.0196787448,-0.00704081116,-0.688124983,0.725291116,0.0168827432,0.0382448763,-1.51854085,0.165434235,-0.374962682,-9.79808266,-0.118296764,-0.400908001,0.431516855,-0.0261735097,0.0386550948,-0.109721541,-24.8485184,-7.42738342,-46.0530396,2
13.4226412,0.01969895,-0.00682714129,-0.688908037,0.724548959,0.0172616263,0.0379613692,-1.52070398,0.169148378,-0.372184449,-9.79812475,-0.154931198,-0.371364511,0.636263183,-0.0301620476,0.0302402414,-0.11184267,-24.8502274,-7.43859863,-45.9744873,2
13.4325992,0.0196515899,-0.00658427598,-0.689716881,0.723782512,0.0175901974,0.0375383423,-1.52293548,0.1723705,-0.368038947,-9.79822529,-0.226836999,-0.376108528,0.786899735,-0.0522827953,0.0288034678,-0.11783611,-24.771904,-7.55813599,-45.9307556,2
13.4425572,0.0195113603,-0.00626379323,-0.690548728,0.722995546,0.0179028253,0.0368725167,-1.52522607,0.175438035,-0.361513929,-9.79841409,-0.347669309,-0.44772594,0.816865834,-0.0760958344,0.0253158323,-0.120408416,-24.9063492,-7.65271759,-45.8225708,2
13.4525142,0.0192773924,-0.00590180707,-0.690975765,0.722596743,0.0181239186,0.0360233639,-1.52639119,0.177609899,-0.353192128,-9.79867829,-0.421367948,-0.525030677,0.760267748,-0.0890284106,0.0105573926,-0.11654976,-24.8487167,-7.62122345,-46.393219,2
13.4624722,0.0189555778,-0.00558214964,-0.691386705,0.722214635,0.0181604359,0.0351060501,-1.52750592,0.177973526,-0.344202035,-9.79899159,-0.481137722,-0.573674734,0.649101037,-0.0925585851,-0.00919717923,-0.111134268,-24.7591782,-7.61830902,-46.3060913,2
13.4724305,0.0185787873,-0.00529164891,-0.692172145,0.721473893,0.0180953966,0.0341403157,-1.52965566,0.177342133,-0.334737091,-9.79933062,-0.537817531,-0.604238507,0.527037084,-0.0982793197,-0.00924191996,-0.10360498,-24.8197861,-7.62692261,-45.9691467,2
13.4823875,0.0182014225,-0.00493797743,-0.692525969,0.721146386,0.0180988059,0.0330971776,-1.53061053,0.177381771,-0.324513182,-9.79967432,-0.550726003,-0.582739281,0.404677364,-0.108183697,0.00379724754,-0.0943867937,-24.834343,-7.73348236,-45.9595337,2
13.4923455,0.0178561679,-0.0045203257,-0.692861556,0.720835359,0.0182372375,0.0320121015,-1.53151807,0.178744657,-0.313877843,-9.7999958,-0.509442172,-0.539804358,0.197301857,-0.104220644,0.0222585462,-0.092358537,-24.8639297,-7.74501038,-46.1228638,2
13.5023035,0.0176693941,-0.00407453861,-0.693191081,0.72052572,0.0186350117,0.0311163944,-1.5324205,0.182648003,-0.305098342,-9.80020097,-0.51080166,-0.569233866,-0.0755816029,-0.0700719729,0.0539688915,-0.092644982,-24.8879318,-7.7635498,-46.0896912,2
13.5122615,0.0177853125,-0.00366455528,-0.693512764,0.720215462,0.0194005054,0.0307061709,-1.53332244,0.19015235,-0.301077362,-9.80018285,-0.49945167,-0.572805952,-0.327888723,-0.00827864744,0.097169362,-0.0910627991,-24.7654953,-7.63845062,-46.2680664,2
13.5222185,0.0183260817,-0.00332501323,-0.693817602,0.719909875,0.0206538908,0.0310051272,-1.534208,0.20243374,-0.304007716,-9.79984617,-0.496619661,-0.607284999,-0.449282229,0.069026053,0.152106747,-0.0845039859,-24.7617569,-7.62129211,-46.1959229,2
13.5321765,0.0193470089,-0.00302961668,-0.694084648,0.719627032,0.0225100004,0.0320563721,-1.53502594,0.220615658,-0.314311777,-9.79912837,-0.480534569,-0.662821373,-0.436980966,0.143508017,0.214598089,-0.074521929,-24.7625504,-7.77679443,-46.3771362,2
13.5421345,0.0208023696,-0.00277236296,-0.694293711,0.719385848,0.0249139053,0.0337859563,-1.53572212,0.244157259,-0.331264008,-9.79801194,-0.44212622,-0.656792761,-0.342329921,0.204232931,0.265424848,-0.0582802296,-24.644249,-7.82299805,-46.3500977,2
13.5520915,0.022587691,-0.00254590945,-0.694450943,0.719180954,0.0277317007,0.0360330897,-1.53631174,0.271743715,-0.353287441,-9.79651614,-0.482731129,-0.593918262,-0.157077983,0.246208876,0.293305188,-0.0479429029,-24.54319,-8.05348206,-46.4272156,2
13.5620495,0.0245113867,-0.00237967178,-0.694572387,0.719001167,0.0306554796,0.0385626968,-1.53682776,0.300357011,-0.378077161,-9.79475498,-0.587809241,-0.619855726,0.0322480727,0.259404153,0.286671996,-0.0401449986,-24.5038223,-8.26148224,-46.2923889,2
13.5720075,0.0263771022,-0.00224961637,-0.694643864,0.718866481,0.033445456,0.0410601302,-1.53721341,0.327650348,-0.402549193,-9.79290497,-0.601635193,-0.624413317,0.163126615,0.239985451,0.268467426,-0.0207870137,-24.246254,-8.48878479,-46.2363892,2
13.5819645,0.0280523758,-0.00207439481,-0.694635282,0.718811866,0.0360315836,0.0432241151,-1.5373691,0.352942719,-0.423751774,-9.79113094,-0.538641378,-0.520760452,0.134119132,0.191234842,0.247383311,0.00304715033,-24.2175217,-8.61244965,-46.1764526,2
13.5919225,0.0294283708,-0.00181427129,-0.694547246,0.718842748,0.0383183254,0.0448439646,-1.53728018,0.375304773,-0.43962169,-9.7895995,-0.465385003,-0.415706525,0.061509823,0.132276461,0.211941436,0.0262339618,-24.1335526,-8.59944153,-46.2146301,2
13.6018805,0.0304806184,-0.00151331762,-0.694371408,0.718969487,0.0402069358,0.0459470432,-1.53691554,0.393773108,-0.450428038,-9.78838311,-0.407388522,-0.424053789,-0.143812843,0.0891621485,0.172524035,0.0572928786,-24.0881271,-8.74417877,-46.3721619,2
13.6118375,0.0313387874,-0.00122043035,-0.69406819,0.719225797,0.0418048977,0.0467905241,-1.53617707,0.409398036,-0.458690876,-9.78735844,-0.317369302,-0.427013772,-0.439174677,0.0800858289,0.161270052,0.0983830616,-24.0996475,-8.860672,-46.3669434,2
13.6217955,0.0322690551,-0.000974971663,-0.693620229,0.7196171,0.0434249854,0.0478134638,-1.5350485,0.425233282,-0.468711262,-9.7862081,-0.230553152,-0.388562241,-0.803944393,0.120198332,0.177603051,0.137694001,-23.9808121,-9.14849091,-46.3045349,2
13.6317535,0.0334404888,-0.000879512293,-0.693039781,0.720122768,0.0451548786,0.0494016807,-1.53358716,0.442127572,-0.484267947,-9.78470179,-0.18489896,-0.247758846,-1.10696989,0.185578138,0.186062306,0.168474287,-23.9323196,-9.04046631,-46.3989868,2
13.6417105,0.034861136,-0.00100546545,-0.692378378,0.720691293,0.0469046904,0.0516635391,-1.53194096,0.45919572,-0.506420888,-9.78279391,-0.196879394,0.00049647828,-1.24564654,0.249788433,0.181570753,0.178586215,-23.8965836,-8.99271393,-46.2976379,2
13.6516685,0.0363930278,-0.00141394927,-0.691726952,0.721240184,0.0483991542,0.0544793068,-1.53034656,0.473744361,-0.53399527,-9.7806341,-0.297020743,0.299064524,-1.2850667,0.296166062,0.128183424,0.164937511,-23.7399368,-9.20127106,-46.2686768,2
13.6616265,0.0378019961,-0.00218887793,-0.691150676,0.721718089,0.049195704,0.05762234,-1.52895118,0.481450076,-0.56476947,-9.77852865,-0.392563769,0.430095956,-1.21669225,0.315711975,0.0459464155,0.143094987,-23.7401505,-9.36671448,-46.2392883,2
13.6715845,0.0389353714,-0.00328182641,-0.690670211,0.722113508,0.0491538855,0.0608022913,-1.52778622,0.480950493,-0.595899462,-9.77670553,-0.43695543,0.355282524,-0.990916579,0.309248745,-0.0354797356,0.122804359,-23.8128357,-9.49034119,-46.1898499,2
13.6815415,0.0398093231,-0.00456357112,-0.69026179,0.722449405,0.0484815973,0.063863965,-1.52678467,0.47428698,-0.625865927,-9.77515888,-0.442262888,0.226483454,-0.642910366,0.291996926,-0.0816043168,0.107302666,-23.9026947,-9.59233856,-46.3168335,2
13.6914995,0.0405104517,-0.0058875903,-0.689906423,0.722740242,0.0475100167,0.0667303534,-1.52590531,0.464702282,-0.653915671,-9.77378292,-0.3931739,0.143352459,-0.288298471,0.275486141,-0.0978480056,0.0950872749,-23.8965912,-9.72366333,-46.0944824,2
13.7014575,0.0411255124,-0.00719305558,-0.689585081,0.723000275,0.0464465226,0.0694437624,-1.52510814,0.454223595,-0.680463413,-9.77246307,-0.383593038,0.112588999,-0.0139858553,0.260221213,-0.101108499,0.0916425586,-24.0198517,-9.87611389,-45.9987488,2
13.7114145,0.0416988112,-0.00839828762,-0.689249456,0.723274372,0.0454665185,0.0719584776,-1.52426637,0.444567147,-0.705062797,-9.77116309,-0.295227211,0.0912496391,0.221440857,0.232315823,-0.0803070813,0.103864603,-24.1286774,-10.1497574,-45.7855835,2
13.7213725,0.0422300549,-0.00934279047,-0.688836483,0.723625304,0.044795566,0.074056456,-1.52320613,0.437943856,-0.725582073,-9.76996015,-0.12998806,0.112367465,0.436763524,0.174129784,-0.0367753804,0.129405156,-24.2037964,-10.2077713,-45.9483948,2
13.7313305,0.0426831411,-0.00984507636,-0.68832197,0.724081553,0.0446439652,0.0754368429,-1.52185563,0.436417596,-0.739081241,-9.76901673,0.000376176369,0.228518029,0.530989621,0.0893493742,0.0283226632,0.15237385,-24.2590485,-10.3016434,-45.9761353,2
13.7412875,0.0430397156,-0.00986219553,-0.687737045,0.724615789,0.0450526974,0.0760128881,-1.52029843,0.440391249,-0.744714132,-9.76841058,-0.0208057644,0.440201901,0.352464361,0.0149949985,0.0741485655,0.16349186,-24.1274719,-10.5652008,-45.8720398,2
13.7512455,0.0433011528,-0.00955588569,-0.68713898,0.725171481,0.045796691,0.0760071274,-1.51869232,0.447658939,-0.744657799,-9.76808441,-0.130575249,0.621207068,-0.053379708,-0.0254035573,0.0975926369,0.158647299,-24.2542572,-10.5105133,-45.6451111,2
13.7612035,0.0435083215,-0.0091136782,-0.686559057,0.725713823,0.0466648744,0.0757357186,-1.51712942,0.456148681,-0.74200385,-9.76789328,-0.242464612,0.739460376,-0.566527968,-0.0420761034,0.100668818,0.151123643,-24.2542572,-10.5105133,-45.6451111,2
13.7711605,0.0436683348,-0.00865278335,-0.686031484,0.72620873,0.0475009089,0.0753681483,-1.51570439,0.464327713,-0.738409552,-9.76778046,-0.262464978,0.916777795,-0.96288174,-0.0433882438,0.0852142274,0.128517404,-24.2454834,-10.488121,-45.7645874,2
13.7811185,0.0437384857,-0.00831630108,-0.685633927,0.726583789,0.0480458175,0.0750336128,-1.5146227,0.46966206,-0.735138129,-9.76777228,-0.267799288,1.21188383,-1.32635966,-0.0344165377,0.0377607085,0.081025362,-24.2575378,-10.4934998,-45.6256409,2
13.7910765,0.0436466159,-0.00824199176,-0.685455941,0.726758064,0.0480084619,0.0748098642,-1.51411729,0.469305063,-0.732950045,-9.76795407,-0.323855668,1.51375943,-1.60181034,-0.0171299614,-0.0376765244,0.0173166972,-24.23703,-10.415535,-45.6868591,2
13.8010335,0.0433454442,-0.00849403001,-0.685513428,0.726718935,0.0472315024,0.0747149477,-1.51422338,0.461718882,-0.732021824,-9.76838486,-0.368493084,1.67069888,-1.67320502,-0.0021517172,-0.118229121,-0.0368168876,-24.3710175,-10.3235931,-45.7062988,2
13.8109915,0.0428722278,-0.00904328387,-0.685750232,0.726516904,0.045803015,0.074767305,-1.5147935,0.447762655,-0.732533865,-9.76899627,-0.328350203,1.75620508,-1.59403445,0.0174286421,-0.175147533,-0.0757344663,-24.1856079,-10.4923553,-45.8005371,2
13.8209495,0.0422881316,-0.00978612818,-0.686115195,0.726196832,0.0439531497,0.074917899,-1.51569867,0.429685694,-0.734006568,-9.7696977,-0.240542156,1.80301783,-1.39042443,0.0194405019,-0.202372909,-0.103548691,-24.3361664,-10.5756149,-45.6368103,2
13.8309065,0.041684536,-0.0105479957,-0.686561507,0.72579919,0.0420573355,0.0750633716,-1.51682684,0.411158908,-0.735429148,-9.77038802,-0.123853101,1.83496648,-1.13190852,0.0171232857,-0.190931424,-0.119824864,-24.3641052,-10.6356659,-45.5968323,2
13.8408645,0.0411523313,-0.0112311994,-0.687046453,0.725360275,0.0403788662,0.0752041122,-1.51807565,0.394754885,-0.736805405,-9.77096085,0.0293196911,1.86043439,-0.923937969,0.0230534859,-0.161355123,-0.129102185,-24.6450348,-10.8043518,-45.4110718,2
13.8508225,0.0408178405,-0.0118365162,-0.687557412,0.724885237,0.0390903447,0.0755248474,-1.51942996,0.382155187,-0.739941803,-9.77122447,0.0591277136,1.73742644,-0.799475138,0.0537155233,-0.116331711,-0.137982756,-24.6506042,-10.7741699,-45.4885559,2
13.8607795,0.0408047845,-0.012405949,-0.688072513,0.724387463,0.0383005351,0.0762632377,-1.52084806,0.374416665,-0.74716211,-9.77097488,0.0625267449,1.56149031,-0.695427319,0.105450861,-0.065134488,-0.140561476,-24.821228,-10.9184113,-45.4223022,2
13.8707375,0.041139166,-0.0129975917,-0.688601437,0.723855462,0.0379633694,0.0775356049,-1.52236067,0.371085804,-0.759602928,-9.77014252,0.100723168,1.46409699,-0.616951749,0.161325321,-0.0278259963,-0.153112963,-24.7100677,-10.8024826,-45.2584839,2
13.8806955,0.0417519802,-0.0136709515,-0.689191797,0.723245896,0.0379035503,0.0793208642,-1.52408967,0.370449406,-0.777056532,-9.76879402,0.0831037786,1.51896006,-0.506969863,0.207623392,-0.0139359906,-0.181485012,-24.8927612,-11.1503372,-45.3226318,2
13.8906535,0.042491461,-0.0144600291,-0.689915748,0.722496883,0.0378709529,0.0814423024,-1.52621236,0.370067713,-0.797793542,-9.7671369,-0.0220090392,1.49181297,-0.310955708,0.232457101,-0.0304260179,-0.22599043,-24.754425,-11.1953354,-45.3123779,2
13.9006105,0.0431487836,-0.015378425,-0.690793527,0.721599625,0.0375596954,0.0836163275,-1.52875212,0.3669616,-0.81904084,-9.76549498,-0.0961159665,1.39529554,-0.00928162309,0.218154371,-0.0756753385,-0.264543444,-24.7797241,-11.3607941,-45.0034485,2
13.9105685,0.0435077255,-0.0163442934,-0.691811055,0.720581376,0.0367858531,0.0854198797,-1.53163449,0.359349627,-0.83666454,-9.76428385,-0.0748869352,1.29814713,0.318261063,0.158725128,-0.128282622,-0.299108088,-24.8860474,-11.5538788,-45.1574707,2
13.9205265,0.0434361957,-0.0172006757,-0.692977882,0.719443652,0.0355912019,0.0864467962,-1.53486455,0.34765371,-0.846698004,-9.76384254,-0.0408950146,1.20717528,0.592553805,0.0684761703,-0.16322951,-0.341178656,-24.9700623,-11.7522659,-45.0431824,2
13.9304835,0.0429442475,-0.0178180417,-0.694323592,0.718159492,0.0341765198,0.086532562,-1.53852894,0.333838133,-0.847535916,-9.76425229,-0.0483279776,1.16192481,0.778065271,-0.0232308414,-0.179828987,-0.390827447,-24.914444,-11.9002914,-45.1409607,2
13.9404415,0.042154897,-0.0181771054,-0.695855924,0.716712647,0.0327382831,0.0858285261,-1.54267412,0.319813955,-0.840657336,-9.76531612,-0.0714139253,1.13664081,0.769552294,-0.0836327821,-0.177627578,-0.441873312,-25.0695801,-12.0823517,-44.9228821,2
13.9503995,0.0412793735,-0.0183984931,-0.697550754,0.71510872,0.0313930357,0.0848078704,-1.5472717,0.306703677,-0.830684516,-9.76658979,-0.0882312046,1.06097715,0.560436081,-0.086021103,-0.17225945,-0.479988188,-25.0187378,-12.2120667,-45.0455017,2
13.9603565,0.0405533558,-0.018614416,-0.69934598,0.713389193,0.0302743473,0.0839952178,-1.5521884,0.295798051,-0.822743494,-9.76759868,-0.109048714,1.03971831,0.320677477,-0.0448399968,-0.138990477,-0.509131193,-25.1151047,-12.1806641,-44.6744995,2
13.9703145,0.0401113076,-0.0188649669,-0.701226738,0.711559089,0.0295146068,0.0836378472,-1.55740483,0.288385784,-0.819251194,-9.76811364,-0.239153405,0.887037321,0.151054485,0.00245907507,-0.100400209,-0.534665585,-25.1041641,-12.3401108,-44.8796997,2
13.9802725,0.0399569592,-0.0191131196,-0.703143552,0.709667076,0.0291692626,0.0836884653,-1.56278302,0.285011193,-0.819745846,-9.76817151,-0.280071545,0.754803418,0.19435762,0.0400088318,-0.0571476445,-0.538607419,-25.2367477,-12.6776352,-44.7843018,2
13.9902295,0.0400519229,-0.0193918622,-0.705019813,0.707790068,0.0291312243,0.0841392415,-1.56810098,0.284628824,-0.824150876,-9.76781144,-0.244075444,0.671670523,0.316700974,0.0785674155,-0.0409524292,-0.523264408,-25.2906113,-12.8298492,-44.646698,2
14.0001875,0.0402631061,-0.0197003776,-0.706846316,0.705945481,0.0292139858,0.0847989874,-1.57331103,0.28542129,-0.830597714,-9.7672427,-0.238433493,0.541647867,0.475046785,0.0816723332,-0.0270372592,-0.517662227,-25.2101974,-13.1597595,-44.5691833,2
14.0101455,0.0404567446,-0.019906388,-0.708672879,0.704094904,0.0294203899,0.0852883717,-1.57853252,0.287425287,-0.835379542,-9.76677567,-0.260040034,0.563039614,0.669707772,0.0440980531,-0.0178336408,-0.522360027,-25.0125809,-13.2923584,-44.603363,2
14.0201025,0.0405673325,-0.0199293518,-0.710490245,0.702254,0.0297673172,0.0854001318,-1.58372801,0.290810856,-0.836471575,-9.76658219,-0.243523784,0.639399216,0.750168379,0.0105701396,-0.00613942882,-0.515015602,-25.1109695,-13.5741501,-44.423584,2
14.0300605,0.0405560113,-0.0198468857,-0.712299707,0.700421595,0.0300873276,0.0851894766,-1.58889427,0.293941537,-0.834413254,-9.76666461,-0.161660306,0.665173562,0.597770078,-0.0218940601,-0.0127786901,-0.52250576,-24.9569473,-13.6009064,-44.532135,2
14.0400185,0.0404540477,-0.0196532246,-0.714135979,0.698560753,0.0304352037,0.0846905737,-1.59413554,0.297351747,-0.829538341,-9.76697675,-0.224925558,0.54582581,0.464306195,-0.0439267978,-0.00813153386,-0.529415429,-25.0905304,-13.9134674,-44.4624023,2
14.0499765,0.0403132945,-0.0194177661,-0.715991999,0.696673087,0.0307859115,0.0840753199,-1.59944081,0.300792736,-0.823526241,-9.76738007,-0.221183942,0.582460427,0.198354581,-0.0420348905,-0.0117105562,-0.53459394,-25.1845703,-13.9784012,-44.4181213,2
14.0599335,0.0402137921,-0.0192722624,-0.717857003,0.694760924,0.0310698824,0.0836449021,-1.60479336,0.303577362,-0.819320095,-9.76764778,-0.121616446,0.589926087,0.0462912111,-0.00654168613,-0.0193772092,-0.536764264,-25.129364,-14.2075424,-44.3012695,2
14.0698915,0.0402456532,-0.019292732,-0.719716991,0.692831602,0.0313122785,0.0836350026,-1.6101686,0.305945242,-0.819223357,-9.76758173,-0.0630818398,0.586387757,0.0647808075,0.0377458818,-0.0225378498,-0.538563251,-25.0256195,-14.4165726,-44.2820129,2
14.0798495,0.0403703658,-0.0195027475,-0.721571985,0.690886353,0.0314279241,0.0840267857,-1.61556094,0.307064692,-0.823051975,-9.76722458,-0.0220035228,0.653812357,0.237853647,0.0748095959,-0.0416821577,-0.537765026,-24.9220886,-14.4795151,-44.2719116,2
14.0898065,0.0405579835,-0.0198833941,-0.723430888,0.688917629,0.031403615,0.0847521675,-1.62099189,0.306808453,-0.83014018,-9.76663305,-0.0518244049,0.679904464,0.454086415,0.104031131,-0.0554602854,-0.543333948,-24.9289246,-14.7332916,-44.2886353,2
14.0997645,0.0407494087,-0.020420167,-0.725311739,0.686910054,0.0311778927,0.08570923,-1.62650479,0.304578976,-0.839491726,-9.76590356,-0.0298427651,0.630747707,0.626637276,0.120584577,-0.0838560537,-0.553404212,-24.8685913,-14.9026031,-44.3834229,2
14.1097225,0.0408891125,-0.0210887593,-0.727233655,0.684846407,0.0307071339,0.0867873412,-1.63214698,0.2999536,-0.850025103,-9.7651355,0.0216191814,0.622426746,0.686322807,0.128343433,-0.109824538,-0.569157362,-24.8685913,-14.9026031,-44.3834229,2
14.1196795,0.0409282277,-0.0218605899,-0.729226116,0.682697783,0.0299636042,0.0878789135,-1.63799772,0.292664886,-0.860688974,-9.76442239,0.0262144185,0.613787366,0.644608986,0.12317498,-0.138367519,-0.597293496,-24.8399124,-15.1628189,-44.3730164,2
14.1296375,0.0408918175,-0.0226448255,-0.731326072,0.680424336,0.0291133529,0.0888860761,-1.64417148,0.284337184,-0.870527281,-9.76379636,0.0132935804,0.598785831,0.573054739,0.114914916,-0.137621582,-0.634216309,-24.8075943,-15.3783951,-44.2988892,2
14.1395955,0.0408601802,-0.0233788234,-0.733554859,0.677997972,0.0283629148,0.0898262867,-1.65074804,0.276986657,-0.879710778,-9.76318437,-0.0615069369,0.586870499,0.419812389,0.110971235,-0.13186349,-0.674904227,-24.9116287,-15.6328125,-43.9684753,2
14.1495525,0.0408673833,-0.0241007451,-0.735898486,0.675427663,0.0277095568,0.090802052,-1.65769665,0.270583823,-0.889240823,-9.76250048,-0.137554459,0.649372255,0.257221196,0.125827417,-0.122673191,-0.707247496,-24.7791519,-15.899025,-43.8441467,2
14.1595105,0.040967575,-0.0248882602,-0.738334514,0.672729153,0.0271274721,0.0920016204,-1.66496549,0.264872057,-0.900955445,-9.76158336,-0.141269844,0.78648319,0.0816764127,0.158280298,-0.132040545,-0.740140378,-24.8074875,-16.1931534,-43.7814941,2
14.1694685,0.041121069,-0.0259024327,-0.740884108,0.669872384,0.0263476345,0.0936097925,-1.67261759,0.257221013,-0.916658333,-9.76032606,-0.190032195,0.810565857,-0.050214522,0.205238491,-0.167411849,-0.779721379,-24.710701,-16.404541,-43.8302002,2
14.1794255,0.0413280011,-0.0271468927,-0.743529752,0.666872284,0.0253688105,0.0956357591,-1.68060665,0.247619638,-0.936437385,-9.75869641,-0.207814501,0.725149673,0.045569911,0.242025405,-0.174260393,-0.806482077,-24.7613144,-16.8475266,-43.7260437,2
14.1893835,0.0416606332,-0.028449063,-0.746214871,0.663791045,0.0245270478,0.097922557,-1.68877821,0.239351905,-0.958758303,-9.75673475,-0.15196201,0.521966649,0.224071206,0.256465584,-0.151939645,-0.81317836,-24.564415,-17.2347031,-43.6264343,2
14.1993415,0.0420982248,-0.0297220221,-0.748886511,0.660691697,0.0239018206,0.100312889,-1.69696995,0.23319625,-0.98208438,-9.75456384,-0.0768234197,0.361238546,0.473291466,0.260563165,-0.135268062,-0.813035369,-24.5593948,-17.4753571,-43.4494629,2
14.2092985,0.0425392443,-0.0309232825,-0.752174825,0.656861616,0.0234949287,0.102584052,-1.70708524,0.229174173,-1.00424236,-9.75240286,-0.0597828896,0.239594792,0.665958648,0.228653714,-0.109792531,-0.805342078,-24.3786545,-17.7783356,-43.2631836,2
14.2192565,0.0429723643,-0.0317466635,-0.75474398,0.653840175,0.0234815413,0.104304348,-1.71504755,0.229002726,-1.02102252,-9.75066449,-0.0678414919,0.0465830336,0.890621975,0.147526458,-0.0509643331,-0.775349498,-24.5447998,-18.1186142,-43.1447754,2
14.2292145,0.0432777344,-0.0320150438,-0.757794263,0.650269197,0.0240894289,0.104998813,-1.72449408,0.234912845,-1.02779567,-9.74981226,-0.00791108365,-0.0573756458,0.981198318,0.0246687122,0.0148913795,-0.723561168,-24.3192291,-18.3715439,-43.0441284,2
14.2391715,0.0433781348,-0.0316196294,-0.760652554,0.646936024,0.0252196451,0.104418506,-1.73334051,0.245947084,-1.02213597,-9.75013492,0.0509354201,0.0292910495,0.692570761,-0.106665701,0.0668474957,-0.661673009,-24.1461182,-18.6821518,-43.0648804,2
14.2491295,0.0432784148,-0.0305524316,-0.76271188,0.644565038,0.0267757899,0.102576702,-1.73968649,0.261169367,-1.00417069,-9.75160557,0.0912287059,0.483133134,0.0025660511,-0.227876022,0.115417957,-0.620200098,-23.9773712,-18.7639084,-43.182312,2
14.2590875,0.0429962654,-0.0289354372,-0.764711399,0.642285474,0.0287363446,0.0996511171,-1.74581675,0.280370619,-0.97562702,-9.75396996,-0.0599529124,1.18272612,-0.876734319,-0.321851194,0.152132407,-0.625948071,-23.9000549,-18.8689041,-43.1878052,2
14.2690455,0.04258469,-0.0269648147,-0.766809164,0.639893072,0.0309468766,0.0960004202,-1.75224066,0.302039576,-0.939997123,-9.75682126,-0.363539152,1.73262809,-1.85400933,-0.364598125,0.163325936,-0.682567358,-23.730011,-18.883812,-43.3973389,2
14.2790025,0.0421768006,-0.0249586121,-0.769112836,0.637231216,0.0332160191,0.0922756212,-1.7593356,0.324292416,-0.903631094,-9.75954221,-0.615485768,1.93987223,-2.70706525,-0.325011849,0.160560057,-0.759845674,-23.6194153,-19.0046768,-43.3486633,2
14.2889605,0.0420155939,-0.0232842871,-0.771646011,0.634235749,0.0354557061,0.0893488724,-1.76724172,0.346242162,-0.875047754,-9.76139281,-0.688013025,1.88510238,-3.32396614,-0.196916208,0.147200301,-0.840071261,-23.3463898,-19.0923843,-43.6289062,2
14.2989185,0.042314961,-0.022295837,-0.774390325,0.630897781,0.0375580557,0.0880378722,-1.77596354,0.366806008,-0.862241757,-9.76178152,-0.709025783,1.73148725,-3.45331382,0.0019924785,0.112662151,-0.914720654,-23.0664368,-19.1872482,-43.7684021,2
14.3088755,0.0430432737,-0.0222884285,-0.777336584,0.627214715,0.0391229216,0.0887624817,-1.78549038,0.382056915,-0.869320024,-9.76056863,-0.679834248,1.63711123,-3.06382292,0.214686111,0.0321894214,-0.984673917,-22.8398132,-19.3537369,-43.8895874,2
14.3188335,0.0440609585,-0.0232891589,-0.780483349,0.623187067,0.0399278995,0.0913972346,-1.79581287,0.389821046,-0.895053308,-9.75793536,-0.603202771,1.70115188,-2.20783562,0.389414787,-0.0524559543,-1.05897021,-22.6524963,-19.7613373,-43.6248474,2
14.3287915,0.0452193347,-0.0250429628,-0.783849284,0.618796043,0.0400901736,0.0953674021,-1.80697818,0.391259006,-0.933817704,-9.75424469,-0.543738227,1.72779556,-1.11079208,0.485924274,-0.120060831,-1.14033782,-22.5501938,-20.3691025,-43.2885132,2
14.3387485,0.0463623697,-0.0271412843,-0.787416712,0.614075542,0.0398886113,0.0998488256,-1.81890629,0.389122104,-0.977556235,-9.75004373,-0.643055619,1.52089118,0.0189607211,0.498166323,-0.146586001,-1.20255804,-22.2481308,-20.8457413,-43.1733093,2
14.3487065,0.0474113586,-0.0291327998,-0.791089554,0.609163996,0.0397452907,0.104043504,-1.83126525,0.387558362,-1.01847839,-9.74591642,-0.681744466,1.31775433,1.03147129,0.432711929,-0.131700262,-1.22755575,-22.0983047,-21.2662506,-43.2353821,2
14.3586645,0.0482953461,-0.030669546,-0.794794975,0.604175438,0.0399506169,0.107315593,-1.84378849,0.389424265,-1.05038759,-9.7424543,-0.669095485,1.12775096,1.68387079,0.322823852,-0.0874631777,-1.24705625,-21.8563156,-21.6145477,-43.0911865,2
14.3686215,0.0490269392,-0.0316531684,-0.79912775,0.59832206,0.0407350565,0.109476197,-1.85846354,0.396973183,-1.07145149,-9.73985551,-0.8189498,0.883956452,1.92982065,0.216693684,-0.030093357,-1.27635956,-21.5785446,-21.9451065,-42.8568115,2
14.3785795,0.0497615441,-0.0320721535,-0.803528401,0.592315326,0.0422471341,0.110716883,-1.87349086,0.411643659,-1.08354481,-9.73790847,-1.01632779,0.687454952,1.7360382,0.148415893,0.0439175889,-1.30901551,-21.237648,-22.5055695,-42.5161133,2
14.3885375,0.0506210344,-0.0321404588,-0.807933738,0.586214672,0.0444047822,0.111515292,-1.88870463,0.432615135,-1.09132626,-9.73613036,-1.1504253,0.539463581,1.30674486,0.132191375,0.0967864022,-1.32615221,-20.9602127,-22.7706604,-42.4724121,2
14.3984945,0.0516895547,-0.0320695353,-0.812306513,0.580049807,0.0470855564,0.112301519,-1.90401653,0.458673377,-1.09898832,-9.73407576,-1.26521867,0.463328582,0.868047739,0.150430813,0.143155575,-1.33154488,-20.6123276,-23.1049042,-42.2967834,2
14.4084525,0.052994833,-0.0319729422,-0.816642405,0.573815796,0.0502052408,0.113281595,-1.91943222,0.488984052,-1.10853846,-9.73151673,-1.33413585,0.465247275,0.538530538,0.177289054,0.176993698,-1.33608818,-20.0084991,-23.531723,-42.5509033,2
14.4184105,0.0544271861,-0.0318762337,-0.820941902,0.567517384,0.0535577717,0.114362947,-1.93493255,0.521541994,-1.11907432,-9.72862042,-1.41592464,0.557634906,0.40529988,0.175479174,0.183767185,-1.34933722,-19.6986084,-23.9311218,-42.4289856,2
14.4283685,0.0557493826,-0.031731271,-0.825279716,0.561069188,0.056817671,0.115187422,-1.95071684,0.553200905,-1.12710645,-9.72594389,-1.64585334,0.630759398,0.466668248,0.13669236,0.154440984,-1.39277339,-19.1690903,-24.2648163,-42.3041687,2
14.4383255,0.0568011366,-0.0314079377,-0.829730068,0.554378189,0.0598688771,0.115354503,-1.96700286,0.58286287,-1.12873405,-9.72402257,-1.79642252,0.655131988,0.597475479,0.0600520335,0.132045612,-1.4520936,-18.7891617,-24.6768799,-42.3009644,2
14.4482835,0.0575543709,-0.0307759433,-0.834296381,0.547439301,0.0627918777,0.114618365,-1.98379698,0.611335626,-1.1215627,-9.7231037,-1.87801666,0.668610624,0.712974667,-0.0254245177,0.116219781,-1.4967407,-18.2898026,-25.1229095,-42.3334656,2
14.4582415,0.0580455938,-0.0298215041,-0.838382577,0.541161855,0.0655172273,0.113068548,-1.9989152,0.637945218,-1.10646253,-9.72312474,-1.89070999,0.608619243,0.790208713,-0.088015601,0.0887774602,-1.53102851,-18.2898026,-25.1229095,-42.3334656,2
14.4681988,0.0582886279,-0.028739804,-0.842990107,0.533988905,0.0680504781,0.110933089,-2.01607259,0.662733403,-1.08565209,-9.72381214,-1.87599392,0.475131687,0.810798496,-0.135426521,0.0830436796,-1.53978014,-17.9868698,-25.300354,-42.5612488,2
14.4781568,0.0584496763,-0.0274360998,-0.84753882,0.526791193,0.070642817,0.108299448,-2.03318839,0.688138039,-1.05997989,-9.72488006,-1.73096118,0.50347866,0.756051007,-0.180143639,0.108128458,-1.53221035,-17.6642303,-25.7001877,-42.5435486,2
14.4881148,0.0586111512,-0.0258373349,-0.851989,0.519626857,0.073492107,0.105131664,-2.05012912,0.7160871,-1.02909126,-9.72618004,-1.6906755,0.598435337,0.736551357,-0.237396017,0.144039854,-1.52014947,-17.2809525,-25.903595,-42.6251526,2
14.4980718,0.0587917082,-0.0239048765,-0.85634076,0.51249658,0.0766573784,0.101376092,-2.06689215,0.74716021,-0.99245789,-9.72764953,-1.71920484,0.67103734,0.689837537,-0.288174391,0.184037089,-1.51391459,-16.8157578,-26.0456619,-42.5962219,2
14.5080298,0.0590308337,-0.0217222346,-0.860612567,0.505360716,0.0801136887,0.0972055941,-2.08356678,0.781101862,-0.951760699,-9.72905004,-1.66111944,0.688998163,0.429372245,-0.309923887,0.212569401,-1.50762069,-16.307518,-26.276207,-42.606781,2
14.5179878,0.0593283265,-0.0194597109,-0.864785096,0.498245181,0.0836792081,0.0929106572,-2.1000902,0.81612013,-0.909831994,-9.73018694,-1.57074125,0.665923796,0.0760176563,-0.30523771,0.225795045,-1.49451804,-15.8173447,-26.3488235,-42.664856,2
14.5279448,0.0597417876,-0.017264981,-0.868862898,0.491131427,0.0873105664,0.0888006025,-2.11651056,0.851767343,-0.869692365,-9.73080244,-1.59920601,0.727986723,-0.330979675,-0.261738688,0.237757161,-1.49770594,-15.3516083,-26.4432983,-43.0243835,2
14.5379028,0.0603087747,-0.0152955353,-0.872896274,0.483922649,0.0909373963,0.0851753472,-2.13305984,0.887334112,-0.834275234,-9.7307247,-1.73727446,0.67999996,-0.756776399,-0.199079588,0.23448804,-1.50876594,-14.8504639,-26.6725235,-42.9420471,2
14.5478608,0.0610160295,-0.0135965732,-0.876904452,0.47658254,0.0945091407,0.0820963276,-2.14982551,0.922322058,-0.804185873,-9.73000457,-1.80293819,0.618037863,-1.01711777,-0.142322034,0.233251542,-1.52417421,-14.1723862,-26.8051147,-42.9937744,2
14.5578178,0.0617995676,-0.0121272798,-0.880886606,0.469118832,0.0979635564,0.0794316999,-2.16678922,0.956134165,-0.778140016,-9.72885832,-1.84288558,0.608751491,-1.06629711,-0.102694049,0.216974348,-1.54795909,-13.7685013,-27.0511475,-43.0141602,2
14.5677758,0.0625628575,-0.0108580488,-0.884887384,0.461456629,0.101173164,0.0770325542,-2.18411763,0.987540746,-0.754684395,-9.72756886,-1.91619076,0.597865502,-1.02104927,-0.0690311641,0.185181797,-1.58633125,-13.0209808,-27.150589,-43.0656433,2
14.5777338,0.0632180323,-0.00982170542,-0.888927033,0.453559071,0.10396093,0.0748777325,-2.20189081,1.01482148,-0.733613769,-9.72637293,-1.98686633,0.571856762,-0.946378933,-0.0352319814,0.130153313,-1.63194478,-12.5581665,-27.3755341,-43.0880127,2
14.5876908,0.0636663808,-0.00905544856,-0.892995718,0.445447234,0.10612101,0.0729576863,-2.22005727,1.03597613,-0.71483593,-9.72554116,-1.99530171,0.580312967,-0.800865716,-0.00598115195,0.0649277046,-1.66372192,-11.9511108,-27.4719772,-43.0777893,2
14.5976488,0.0639125093,-0.00850716317,-0.897055254,0.437189443,0.107708173,0.0712066985,-2.23846247,1.05154377,-0.69770922,-9.72511387,-1.89325413,0.602092033,-0.645520256,0.00990911294,0.0185001958,-1.6943891,-11.6736526,-27.7000198,-43.3157043,2
14.6076068,0.063973858,-0.00807694786,-0.901126951,0.428733322,0.108848249,0.0694680198,-2.25721828,1.0627606,-0.680700729,-9.72509984,-1.78685594,0.535104729,-0.470756979,0.00915437285,-0.0271985829,-1.72221887,-11.0114136,-27.9352341,-43.3766174,2
14.6175638,0.0637949707,-0.00771328428,-0.905183584,0.42013501,0.109479349,0.0676203987,-2.27619301,1.06903347,-0.662624316,-9.72566099,-1.69107604,0.45911849,-0.303949045,-0.00403319392,-0.0792223215,-1.73976099,-10.5193939,-28.2182236,-43.2052002,2
14.6275218,0.0633743029,-0.0073776021,-0.909193521,0.411456416,0.109622731,0.065613933,-2.29524733,1.07057128,-0.642991249,-9.72680957,-1.57080876,0.39160139,-0.184287477,-0.0156525653,-0.118749753,-1.73997891,-9.99737549,-28.3942032,-43.158844,2
14.6374798,0.0627944954,-0.00709413323,-0.913117816,0.402768382,0.109401682,0.0635816643,-2.31423356,1.06856162,-0.623103111,-9.72832465,-1.46270612,0.306022417,-0.13413959,-0.0120098945,-0.144026339,-1.73262382,-9.54120636,-28.5746841,-43.2116699,2
14.6474378,0.0621562314,-0.00690175769,-0.916934993,0.394105763,0.108968789,0.0616883021,-2.33308663,1.06447654,-0.604571977,-9.72994202,-1.41283208,0.218807586,-0.102894557,0.00947648939,-0.154025719,-1.71861291,-8.95313263,-28.8200226,-43.1836548,2
14.6573948,0.0615359261,-0.00686033333,-0.920651311,0.385444419,0.108425436,0.060105492,-2.35187014,1.05929183,-0.589078676,-9.73145769,-1.40555244,0.219924133,-0.103173959,0.0457864963,-0.158048272,-1.70757794,-8.33727264,-28.8104935,-43.0700989,2
14.6673528,0.0609944472,-0.00699223702,-0.924269004,0.37677261,0.107877549,0.0589215776,-2.37061778,1.05403428,-0.577488995,-9.73272318,-1.42363843,0.269685869,-0.107744335,0.0854356438,-0.154220775,-1.70412815,-7.86839294,-28.985321,-42.9581299,2
14.6773108,0.0604736989,-0.00728314185,-0.927799366,0.368073883,0.107239261,0.0580647894,-2.38936383,1.04787436,-0.569101143,-9.73388229,-1.40326287,0.257407439,-0.104191611,0.108522058,-0.173712984,-1.70682752,-7.46142578,-29.15242,-43.0497437,2
14.6872678,0.0598407316,-0.0076864341,-0.931269065,0.359302182,0.106306699,0.0573495191,-2.40819927,1.03883941,-0.562098424,-9.73525767,-1.32614281,0.20611199,-0.0378735113,0.109620608,-0.209269911,-1.71241486,-7.03944397,-29.6094208,-42.9768677,2
14.6972258,0.0590153712,-0.00810353221,-0.934673093,0.350482151,0.105000219,0.0565461046,-2.42706152,1.02616661,-0.554232404,-9.73705273,-1.18837297,0.183431846,0.0822849,0.0861715525,-0.246173665,-1.71003175,-6.51190948,-29.6776733,-42.6452637,2
14.7071838,0.0579702507,-0.00841444889,-0.937994136,0.341666135,0.103343919,0.0554267257,-2.44583094,1.0101011,-0.543272216,-9.7393499,-1.00620979,0.211377473,0.17705811,0.0456310473,-0.273833811,-1.70039988,-5.96479797,-29.7095718,-42.614624,2
14.7171408,0.0567593201,-0.00857992672,-0.941224922,0.332866943,0.101456026,0.0539640723,-2.4644824,0.9917919,-0.528949969,-9.74201941,-0.860110078,0.243891758,0.189902979,0.0108073968,-0.28570202,-1.69418299,-5.5704422,-29.9390488,-42.6737671,2
14.7270988,0.0554617232,-0.00866020025,-0.944361948,0.324082699,0.0994383246,0.052328976,-2.48303126,0.972217943,-0.512937795,-9.7448485,-0.780980354,0.32604189,0.0640437254,0.000507887919,-0.295859069,-1.68326402,-5.03257751,-29.8727112,-42.7840881,2
14.7370568,0.0541286836,-0.00873563936,-0.94739904,0.315323171,0.0973323564,0.0507100598,-2.50146728,0.951772901,-0.497082712,-9.74768811,-0.739885397,0.477930597,-0.157273798,0.00470869709,-0.294740915,-1.6666168,-4.5734024,-29.9775085,-42.6746826,2
14.7470138,0.0528312189,-0.00886089532,-0.950319608,0.306631652,0.0952382887,0.0492607334,-2.51970974,0.93142606,-0.482887415,-9.75036639,-0.705322983,0.542893592,-0.364537077,0.0232123397,-0.28545928,-1.64949715,-4.26486206,-30.1120682,-42.7261658,2
14.7569718,0.0516115704,-0.00907264056,-0.953120188,0.298019909,0.0932189045,0.0480757019,-2.53774109,0.911787074,-0.47127998,-9.7527904,-0.646628656,0.475770679,-0.508308419,0.0475021675,-0.274214447,-1.62073529,-3.88227081,-30.1537323,-42.715271,2
14.7669298,0.0504999402,-0.00937878532,-0.955782437,0.289554602,0.0913310236,0.04719065,-2.55542699,0.893411021,-0.462610424,-9.75490637,-0.540116127,0.453933014,-0.575175969,0.0685254335,-0.253413022,-1.57684803,-3.46846771,-30.2410812,-42.6965027,2
14.7768868,0.0495312691,-0.00975356931,-0.958296474,0.281281774,0.0896614645,0.0465749454,-2.57267488,0.877148745,-0.456579072,-9.75666578,-0.479261772,0.439521919,-0.634917613,0.0878218412,-0.223134235,-1.53379703,-3.07636261,-30.1525879,-42.6028442,2
14.7868448,0.0487431866,-0.010166811,-0.960667975,0.273199272,0.0883056627,0.0461834815,-2.58949353,0.863935555,-0.452744243,-9.75802362,-0.486997846,0.359970499,-0.609468115,0.104625858,-0.18459563,-1.48264813,-2.57669067,-30.2029419,-42.6444092,2
14.7968028,0.0481632308,-0.0106498107,-0.96289229,0.265339951,0.0873038029,0.0460848105,-2.6058221,0.854162787,-0.451777663,-9.75892846,-0.497575939,0.361697396,-0.618438772,0.132998928,-0.152882606,-1.44626415,-2.29946899,-30.2776642,-42.6334839,2
14.8067608,0.0476668885,-0.0112490923,-0.965018914,0.257565413,0.0864040237,0.0462823788,-2.62194976,0.845373843,-0.453713051,-9.75960417,-0.567945287,0.373808142,-0.656819064,0.155810758,-0.161490485,-1.4314487,-1.81915283,-30.3606262,-42.6740723,2
14.8167178,0.0471054329,-0.0118944669,-0.96685706,0.250653132,0.0853217906,0.0466316455,-2.63626155,0.83479765,-0.457134514,-9.7603547,-0.632936084,0.389799163,-0.573019668,0.153837591,-0.186761782,-1.42305326,-1.80970001,-30.3663712,-42.6731873,2
14.8266758,0.0464040648,-0.0125071195,-0.968842459,0.242970281,0.0840294965,0.0468015579,-2.65212754,0.822177165,-0.458798976,-9.7613478,-0.504795369,0.446979176,-0.415056719,0.115283005,-0.200432852,-1.40665936,-1.30580902,-30.3789215,-42.4490356,2
14.8366338,0.0455892956,-0.012886784,-0.970754189,0.235354737,0.0826292614,0.0464958636,-2.66780352,0.808519738,-0.455804397,-9.76262907,-0.354668447,0.445331336,-0.233013222,0.0552377887,-0.205512986,-1.38568997,-0.774612427,-30.240303,-42.3821411,2
14.8465908,0.0447350837,-0.0129664169,-0.972583459,0.2278424,0.0812825643,0.0456227681,-2.68321732,0.795403724,-0.447251344,-9.76410207,-0.253266394,0.410741376,-0.151933021,-0.00303643406,-0.186553687,-1.35992491,-0.40473938,-30.4542313,-41.9892883,2
14.8565488,0.0439753049,-0.0128047483,-0.974325409,0.220436295,0.0802120395,0.0443540312,-2.69837439,0.784995362,-0.434821852,-9.7655055,-0.139757649,0.469988296,-0.238366858,-0.0304703619,-0.147089332,-1.32789886,0.169410706,-30.4702988,-41.6969299,2
14.8665068,0.043363825,-0.0125627074,-0.975967917,0.213186086,0.0794439945,0.0430239991,-2.71318761,0.777540005,-0.421791142,-9.76667338,-0.0345889367,0.646398792,-0.364540584,-0.0250652097,-0.121394619,-1.30599272,0.366241455,-30.581459,-41.727478,2
14.8764638,0.0428382146,-0.0123884695,-0.977537526,0.205989716,0.0787986772,0.0418810932,-2.72787456,0.771274661,-0.410593164,-9.76764719,-0.0462801782,0.710318891,-0.414293918,0.0021514832,-0.117070548,-1.30119264,0.794334412,-30.3822708,-41.861084,2
14.8864218,0.0423116064,-0.0123832375,-0.979052943,0.198775605,0.0780727249,0.041080274,-2.74258566,0.764209033,-0.402746578,-9.76852924,-0.12106632,0.726115011,-0.4330144,0.0416525528,-0.137137458,-1.3097887,1.11860657,-30.2986145,-41.8476868,2
14.8963798,0.041668286,-0.0125994599,-0.980529228,0.191487692,0.0770284682,0.0406774221,-2.75743479,0.754020159,-0.398799229,-9.76948318,-0.134669898,0.826465144,-0.383877152,0.0818819627,-0.181391925,-1.32123339,1.52657318,-30.1809692,-42.049469,2
14.9063368,0.0407587201,-0.01304249,-0.981965544,0.1841531,0.0753772176,0.0406374248,-2.77236129,0.737888524,-0.398407344,-9.77073055,-0.0248651228,1.02419341,-0.311402283,0.11056634,-0.257955134,-1.32463443,1.79549408,-30.3658295,-42.0741272,2
14.9162948,0.0394745329,-0.0136926245,-0.983355181,0.17682456,0.0729181188,0.0409009631,-2.78725226,0.713851449,-0.400989615,-9.77241046,0.141178038,1.08274015,-0.199439453,0.136282116,-0.341596574,-1.32267523,1.98968506,-30.3678055,-42.0473633,2
14.9262528,0.0377876059,-0.0145094895,-0.984701788,0.169481399,0.0696166783,0.0413954545,-2.80214537,0.681570717,-0.40583479,-9.77451474,0.280599222,0.961440893,-0.100369423,0.15246509,-0.426625431,-1.32226586,2.33669281,-30.1476212,-42.1187744,2
14.9362098,0.0357441539,-0.015457196,-0.985995277,0.16216241,0.0655790056,0.0420865842,-2.81696044,0.642080418,-0.412606586,-9.77690485,0.434113302,0.794483395,-0.0203173964,0.16672197,-0.487712562,-1.30556011,2.60432434,-30.0938644,-41.9883118,2
14.9461678,0.0335250219,-0.0165101724,-0.987216865,0.154940096,0.0611714111,0.0430002316,-2.83155561,0.598958411,-0.421558283,-9.77925989,0.566419393,0.577033361,0.1330214,0.180466011,-0.49771592,-1.27580488,2.87802124,-30.0878677,-42.1182861,2
14.9561258,0.0314098156,-0.0175831525,-0.988345815,0.147908155,0.0569722182,0.0440622625,-2.84574874,0.557862431,-0.431963394,-9.78123616,0.668268241,0.294148768,0.362746101,0.180214807,-0.446242988,-1.23456335,2.96453857,-30.1020737,-42.0720215,2
14.9660828,0.0296504341,-0.0185627415,-0.989375298,0.141112543,0.0535118994,0.0451144342,-2.85945539,0.523988364,-0.442271401,-9.78264895,0.783395526,0.0820952957,0.611958763,0.162884027,-0.348339349,-1.17892385,3.21195984,-30.0748672,-42.2447815,2
14.9760408,0.0284061311,-0.0193579738,-0.990300729,0.134620757,0.0511255929,0.0460047669,-2.87254697,0.500622175,-0.450993527,-9.78347429,0.950264104,0.0372471596,0.775440183,0.134917766,-0.231499195,-1.12404323,3.32512665,-30.1772842,-42.1518555,2
14.9859988,0.0277529348,-0.0199452234,-0.991137735,0.128366801,0.0499685508,0.0466789879,-2.8851641,0.489286652,-0.457598259,-9.78374083,1.01277565,0.101761681,0.639386868,0.112077966,-0.10185679,-1.08475769,3.64893341,-30.0549088,-42.0570374,2
14.9959558,0.0277048637,-0.0203898004,-0.991898585,0.122286897,0.0500507333,0.0472426833,-2.89744203,0.490077729,-0.463120127,-9.78344156,0.925793314,0.181952714,0.222047591,0.110395879,0.0134834563,-1.06898475,3.94350433,-29.956955,-41.7206726,2
15.0059138,0.0280846798,-0.0207982648,-0.992606346,0.11623802,0.050999384,0.0478362363,-2.90966712,0.499344447,-0.46893433,-9.78269571,0.707482791,0.318550182,-0.328166955,0.117816515,0.0716575459,-1.0624702,4.38742828,-29.7863464,-41.8081055,2
15.0158718,0.028635277,-0.0212514775,-0.993264836,0.110243107,0.0522845664,0.0485494444,-2.92178598,0.51189899,-0.475920389,-9.78170962,0.568933422,0.47322852,-0.835826555,0.135442346,0.0832769051,-1.0548265,4.64879608,-29.8549118,-41.8562622,2
15.0258298,0.0291736837,-0.0218023803,-0.993880692,0.104282703,0.0535340561,0.0494426928,-2.93383221,0.52409778,-0.484669659,-9.7806341,0.541022647,0.570114338,-1.19259066,0.154124945,0.0623540431,-1.04948997,4.98776245,-29.9921417,-42.0172119,2
15.0357868,0.0295650688,-0.0224364119,-0.994461187,0.0983336812,0.0544863908,0.0504601768,-2.94584605,0.533384846,-0.494635319,-9.77963281,0.595181888,0.55479128,-1.30507138,0.160673186,0.0246968884,-1.0488596,5.32920837,-29.9815216,-41.9376221,2
15.0457448,0.0297605465,-0.0230795345,-0.99501056,0.0923892446,0.0550601543,0.0514505665,-2.95783568,0.538968711,-0.504335131,-9.77883143,0.715892161,0.536508823,-1.12915133,0.152493298,-0.0122233126,-1.04476762,5.68405914,-29.7231216,-41.8898315,2
15.0557028,0.0298062552,-0.0236648262,-0.995524988,0.0864968652,0.0553557889,0.0522979835,-2.96970482,0.541835827,-0.512634246,-9.77824165,0.809690901,0.550344603,-0.761632607,0.12954697,-0.0332692079,-1.03243101,5.93987274,-29.8641434,-41.7457275,2
15.0656598,0.0297671123,-0.0240964539,-0.996004382,0.0806766232,0.0555142237,0.0528279361,-2.98141212,0.543369868,-0.517824143,-9.77788276,0.840478618,0.588903612,-0.318914558,0.0872707516,-0.0389439277,-1.00705755,6.38450623,-29.759697,-41.7053528,2
15.0756178,0.0297352092,-0.0242809186,-0.996442179,0.0750287962,0.0557219645,0.052875692,-2.99275682,0.545399767,-0.518291833,-9.77774481,0.862390737,0.664639017,0.0963414824,0.0311834142,-0.0168839246,-0.960347533,6.73645782,-29.6398315,-41.6174622,2
15.0855758,0.0298780921,-0.0241642029,-0.99683134,0.0696481251,0.0563077346,0.0523610988,-3.00355526,0.55114211,-0.513252378,-9.77768869,0.87789686,0.763597696,0.404838107,-0.0280135963,0.0408635251,-0.918384373,6.92087555,-29.6863861,-41.8357849,2
15.0955328,0.0303061425,-0.0237961967,-0.997176941,0.0644477847,0.0574814325,0.0513869774,-3.01398934,0.562646231,-0.503712359,-9.7775297,0.781099305,0.84907752,0.490870377,-0.061500743,0.0995356962,-0.900993109,7.16435242,-29.555397,-41.5925903,2
15.1054908,0.030928308,-0.0233540009,-0.997489581,0.0592671865,0.0590419413,0.0502779929,-3.02438451,0.577936082,-0.492850956,-9.77719127,0.548385979,0.882359319,0.373067004,-0.0519455895,0.118025497,-0.912986636,7.44806671,-29.3688049,-41.5647583,2
15.1154488,0.0315190739,-0.0230701349,-0.997777298,0.0539876092,0.0605179291,0.0494611571,-3.03497972,0.592390614,-0.484850496,-9.77672657,0.388034747,0.837248697,0.109089905,-1.82734802E-05,0.083596848,-0.929704666,7.8296814,-29.2665253,-41.4370728,2
15.1254058,0.0318970619,-0.023093323,-0.998037608,0.0486844618,0.0615336662,0.0492216654,-3.04562473,0.602327997,-0.482504773,-9.77623499,0.447678849,0.71354684,-0.137405314,0.0648600608,0.0297631733,-0.930057764,7.98619843,-29.1826324,-41.5039368,2
15.1353638,0.0320462808,-0.0234443958,-0.99826805,0.0434086697,0.062062318,0.0496101026,-3.05621971,0.607484467,-0.486309389,-9.77572762,0.592159983,0.491249001,-0.225600899,0.124634713,-0.0114641581,-0.914386392,8.25141907,-29.0391388,-41.2748108,2
15.1453218,0.0320304892,-0.024026663,-0.998467243,0.0382093863,0.0622460313,0.0504487992,-3.06666486,0.609254801,-0.494523895,-9.77520506,0.679573625,0.298350603,-0.107759533,0.15174222,-0.0399368107,-0.890921831,8.54986572,-28.8264847,-41.5908203,2
15.1552788,0.0319416264,-0.0246683199,-0.998634278,0.0331788123,0.0622815702,0.0514114752,-3.07677058,0.609572306,-0.503952269,-9.77470413,0.774425599,0.230416337,0.174404381,0.147859231,-0.0377350301,-0.853840292,8.75631714,-28.8398819,-41.4189453,2
15.1652368,0.0319315001,-0.0252102764,-0.998751421,0.0289905962,0.062447231,0.0522327727,-3.08518707,0.61116553,-0.511995619,-9.77418624,0.879374312,0.318964718,0.45954468,0.119473122,-0.013607325,-0.823203564,8.75631714,-28.8398819,-41.4189453,2
15.1751948,0.0319822315,-0.0256002714,-0.998865742,0.0242715846,0.0627775816,0.0527194046,-3.09465965,0.614378683,-0.516761299,-9.7737344,0.894566621,0.447031747,0.582094955,0.0789598972,-0.00665688654,-0.81363982,9.04885864,-28.9788284,-41.5021973,2
15.1851518,0.032024215,-0.0257752894,-0.99896273,0.0195864155,0.0631019731,0.0527760823,-3.10405025,0.617547303,-0.517316339,-9.77350527,0.806403769,0.57163636,0.582464373,0.0333972052,-0.0143909724,-0.816196978,9.24655151,-28.9580765,-41.2339478,2
15.1951098,0.0320309921,-0.0257306311,-0.999045071,0.0148680275,0.063364953,0.0523885563,-3.11349111,0.620130233,-0.513521258,-9.77354151,0.681566917,0.617221725,0.435108158,-0.0045704795,-0.0154928267,-0.828110039,9.44559479,-28.7179413,-41.3970947,2
15.2050678,0.0320063824,-0.0255737911,-0.999109251,0.0101149472,0.0635663055,0.0517726338,-3.12299183,0.622118118,-0.507489321,-9.77373031,0.605807766,0.576174552,0.183157012,-0.00818891637,-0.0304981414,-0.834035039,9.6435318,-28.5749817,-41.2886047,2
15.2150258,0.0318684517,-0.025498449,-0.999152561,0.00532822036,0.0635374917,0.0513158042,-3.13255842,0.621851138,-0.503015281,-9.77397873,0.581833454,0.587711735,-0.0648433513,0.0255907308,-0.061952617,-0.839614868,9.88946533,-28.5160141,-41.3567505,2
15.2249828,0.0315600483,-0.025648526,-0.999172653,0.000512728421,0.0631666453,0.0513094855,3.14099754,0.618226664,-0.502953431,-9.77421196,0.557326059,0.611591866,-0.224722363,0.0805541128,-0.0975569487,-0.841096342,10.1346741,-28.4006195,-41.0085449,2
15.2349408,0.0311024269,-0.0260971166,-0.999166119,-0.00431785375,0.0625031613,0.0519054218,3.13132677,0.611722652,-0.508789772,-9.77431893,0.632214346,0.621767771,-0.265316824,0.14219065,-0.119818479,-0.834778309,10.3759537,-28.1704865,-40.8688354,2
15.2448988,0.03058023,-0.0268099741,-0.999131335,-0.009097054,0.0617210445,0.0530418587,3.12174543,0.604041742,-0.519919069,-9.77421079,0.738805712,0.608206826,-0.171452545,0.185377806,-0.119047493,-0.813885331,10.6473541,-28.216156,-41.0716248,2
15.2548558,0.0301229691,-0.027665981,-0.999069185,-0.0137148894,0.061077265,0.0544811396,3.11247434,0.597702895,-0.534013207,-9.77384079,0.82819343,0.556759657,0.0753787739,0.195755452,-0.0941086188,-0.777673006,10.7657318,-28.2180862,-41.2259827,2
15.2648138,0.0298371071,-0.0285163416,-0.998983913,-0.018104785,0.0607785143,0.0559234892,3.10364979,0.594735496,-0.548136279,-9.7732399,0.922140491,0.523297971,0.404728802,0.182964832,-0.0484639071,-0.731988311,10.9586334,-28.3908081,-40.88974,2
15.2747718,0.0297804264,-0.0292723647,-0.998879301,-0.0222818233,0.0609358288,0.0571831528,3.09524314,0.596230448,-0.560469618,-9.77244962,0.94772991,0.470090076,0.700669896,0.155125335,0.000101449667,-0.693127275,11.1671219,-28.151413,-40.7976074,2
15.2847288,0.0299136227,-0.0298688391,-0.998761323,-0.0262477113,0.0614635449,0.05812608,3.08725684,0.601354732,-0.569701191,-9.77160148,0.895320216,0.366345222,0.911409327,0.116184592,0.0274180267,-0.657212198,11.3202057,-28.2575378,-40.7526855,2
15.2946868,0.0301707292,-0.03025825,-0.998635671,-0.0300171201,0.0622227478,0.0586562881,3.0796685,0.608754304,-0.574891892,-9.77083927,0.766115524,0.300308423,1.00671445,0.0671351999,0.0476910397,-0.621058941,11.5289764,-28.2290497,-40.8101807,2
15.3046448,0.030459135,-0.030402767,-0.998508367,-0.033601564,0.0630207486,0.0587015925,3.07246368,0.616549598,-0.575335434,-9.7703243,0.695023488,0.297459938,0.928537572,0.0158499051,0.0374232233,-0.577134073,11.8526382,-28.0753708,-40.8783264,2
15.3146018,0.030641631,-0.0302891529,-0.998388094,-0.0369457326,0.0635731512,0.0582494386,3.06576296,0.621963147,-0.570908886,-9.77024072,0.629904535,0.375483747,0.754276399,-0.0382060856,0.00828212686,-0.524178565,12.0804214,-27.9883804,-40.7400513,2
15.3245598,0.0306593585,-0.0299158699,-0.998281602,-0.0399883004,0.0637536875,0.0573082576,3.05969328,0.62376099,-0.561694447,-9.7706604,0.551791513,0.46622719,0.488939117,-0.0869675055,-0.0308783259,-0.465503335,12.1885529,-27.9136581,-40.8933716,2
15.3345178,0.0304283497,-0.0293284659,-0.998191091,-0.0427595768,0.063396453,0.05597785,3.0541954,0.62031728,-0.548668523,-9.7716196,0.486102651,0.566776207,0.15815175,-0.125551268,-0.0881896839,-0.417330593,12.3018341,-27.8358536,-40.8843689,2
15.3444748,0.0298699553,-0.0285550521,-0.998118839,-0.0452913453,0.0623464186,0.0543236848,3.04920706,0.610112148,-0.532471384,-9.77315806,0.392908235,0.639763081,-0.11998247,-0.15906769,-0.167821392,-0.379518241,12.2966995,-27.5824127,-41.0238953,2
15.3544328,0.0288892898,-0.0276222441,-0.998063366,-0.0476668262,0.0604196699,0.0524073649,3.0445625,0.591341141,-0.513705455,-9.77531612,0.319951354,0.691626101,-0.277637376,-0.180184841,-0.252663374,-0.349027514,12.3843994,-27.5891037,-41.010498,2
15.3643908,0.0275413131,-0.0266089777,-0.998019969,-0.0498951608,0.0577341763,0.0503855419,3.04023233,0.565146231,-0.493904338,-9.77788568,0.344649852,0.67721201,-0.37891573,-0.184834719,-0.318212271,-0.310915291,12.4120255,-27.2902985,-41.2041626,2
15.3743478,0.0258822095,-0.0255892189,-0.997989236,-0.0518920599,0.0544066283,0.0484082717,3.03637555,0.53265887,-0.474537593,-9.78066859,0.465722674,0.563573502,-0.340370603,-0.181157961,-0.375834137,-0.247102648,12.4953613,-27.3114548,-41.1454468,2
15.3843058,0.0240014616,-0.0245709795,-0.997976997,-0.0534992196,0.0506111364,0.0464911719,3.0333029,0.495577788,-0.455758439,-9.78350995,0.621017464,0.621708076,-0.114268769,-0.184496775,-0.395962059,-0.154546618,12.4255371,-27.1638031,-41.1912231,2
15.3942638,0.0221172371,-0.0234981248,-0.997985149,-0.0546292408,0.0467760627,0.0444997486,3.03118162,0.458095285,-0.436249437,-9.78622622,0.72344265,0.812739255,0.155250767,-0.207050368,-0.379814684,-0.0644311681,12.2350922,-27.0212326,-41.2686462,2
15.4042208,0.0203661181,-0.0222872783,-0.998012212,-0.0553196289,0.0431690271,0.042245224,3.02993425,0.422834477,-0.414160903,-9.7887724,0.654256447,1.00373456,0.262543267,-0.249369323,-0.339243025,0.0263794344,12.1338348,-26.7224884,-41.5967407,2
15.4141788,0.0188698543,-0.020844881,-0.998060024,-0.0555490458,0.0400242536,0.0395227687,3.02960221,0.392092644,-0.387485077,-9.79114439,0.491067945,1.18685065,0.267908009,-0.303361773,-0.288915247,0.10728389,11.9111176,-26.5919876,-41.8492737,2
15.4241368,0.0174832605,-0.0191839577,-0.998124617,-0.0554393157,0.037061017,0.0363654555,3.02994569,0.363120999,-0.35654469,-9.79343688,0.24321006,1.2048418,0.0861462516,-0.33832854,-0.30626893,0.158121496,11.7449417,-26.4094238,-41.8921814,2
15.4340948,0.0158480365,-0.0173959256,-0.998200345,-0.0551566354,0.0335826106,0.0329869713,3.03063877,0.329091888,-0.323433022,-9.79578841,0.0491914625,1.18310255,-0.189229609,-0.347248942,-0.378519684,0.166287884,11.5247574,-26.4493637,-41.9336853,2
15.4440518,0.013900088,-0.0156382569,-0.998271925,-0.0549129492,0.029486896,0.0297002422,3.03124946,0.288998253,-0.291217062,-9.79806396,-0.109284057,1.15582467,-0.415749962,-0.321422398,-0.428147405,0.151184842,11.3748856,-26.2099686,-41.9897766,2
15.4540098,0.0117709922,-0.0140522284,-0.998329432,-0.0547936951,0.0250542005,0.0267707516,3.03159652,0.245584041,-0.262500031,-9.80005952,-0.218949095,1.06366128,-0.503387329,-0.273435235,-0.446519583,0.115540601,11.2561798,-26.3364258,-42.3200073,2
15.4639678,0.00969851356,-0.0127008201,-0.998363238,-0.054914101,0.0207678093,0.024297284,3.03144282,0.203587896,-0.238251524,-9.80164123,-0.232767777,0.903990721,-0.378504227,-0.230064318,-0.400116652,0.0629815236,11.1208725,-26.135788,-42.4544067,2
15.4739245,0.00804629516,-0.0115474422,-0.998370618,-0.0552991306,0.0173486294,0.0221691635,3.03073465,0.170081604,-0.217387417,-9.80276468,-0.142399195,0.680966248,-0.128683079,-0.200521216,-0.274685562,-0.00623865891,10.7913513,-26.1153336,-42.2963257,2
15.4838825,0.00715701295,-0.0105708533,-0.99834649,-0.0560473137,0.0154791025,0.0203058813,3.02927294,0.151760788,-0.199118989,-9.80345383,0.00341285892,0.419985627,0.0454360555,-0.172756687,-0.0978466123,-0.0757554173,10.8093185,-25.971138,-42.6142578,2
15.4938405,0.00714009815,-0.00982775404,-0.998291802,-0.0571485921,0.0153824143,0.0188069481,3.02708007,0.150817324,-0.184422282,-9.80375603,0.103566036,0.172452827,0.0684831691,-0.126070961,0.0725757331,-0.153353512,10.8644638,-26.1159744,-42.4525452,2
15.5037975,0.00791001149,-0.00937170769,-0.998205711,-0.0586086594,0.0168936384,0.0177835313,3.02414907,0.165635931,-0.174387667,-9.8037005,0.129299238,-0.0388443839,-0.00684065968,-0.0718082413,0.222611845,-0.224147797,10.9029465,-25.9476852,-42.4529724,2
15.5137555,0.00933236359,-0.00924577558,-0.998088157,-0.0603944082,0.0197500788,0.0173298205,3.02054871,0.19364043,-0.169938981,-9.80326503,0.0261766255,-0.132477101,-0.152723295,-0.00988017861,0.340241164,-0.282996595,11.1041412,-25.8649597,-42.5924683,2
15.5237135,0.0112525535,-0.00945354013,-0.997975124,-0.061884224,0.0236353968,0.0174769744,3.01752512,0.231727091,-0.171381855,-9.80241397,-0.194916806,-0.0732741115,-0.335384047,0.0490268134,0.429754257,-0.32052505,11.1041412,-25.8649597,-42.5924683,2
15.5336705,0.0135454985,-0.00992155597,-0.997809547,-0.0639855994,0.0283097299,0.0180671958,3.01326012,0.277541222,-0.177169023,-9.80112042,-0.418650067,0.00344129956,-0.383962492,0.0826613158,0.49272722,-0.331422359,11.2514496,-25.8671188,-42.4644775,2
15.5436285,0.0160221176,-0.0104854952,-0.997632028,-0.0660580168,0.0333657466,0.0188056614,3.00904229,0.327087636,-0.184409678,-9.79945863,-0.608706191,0.0554235619,-0.250352479,0.0820562392,0.506056905,-0.310810268,11.5411606,-25.8779984,-42.2791443,2
15.5535865,0.0185377607,-0.0109963524,-0.997454406,-0.0679724919,0.0384928011,0.0194178249,3.00513735,0.377321082,-0.190411841,-9.79753847,-0.742587057,0.0656155961,-0.135256027,0.0613868609,0.511714637,-0.272566766,11.8313751,-25.8565521,-42.3818054,2
15.5635435,0.0210769865,-0.011427509,-0.99728017,-0.069696428,0.0436547017,0.0198561797,3.00161306,0.427886061,-0.194709813,-9.79537574,-0.860040082,0.0628805999,-0.148641578,0.0514045283,0.52290231,-0.242831215,12.1649551,-25.8682327,-42.3354797,2
15.5735015,0.0235391167,-0.0117796274,-0.997112623,-0.071228327,0.0486494369,0.0201392879,2.99847575,0.476803127,-0.197485598,-9.79306104,-0.994100908,0.0928904286,-0.225775087,0.0324734636,0.477545619,-0.188366503,12.4094009,-25.9339523,-42.2640076,2
15.5834595,0.0257413475,-0.0121148755,-0.996968004,-0.0724259012,0.0531175146,0.0204290269,2.99601241,0.520551303,-0.200326374,-9.79077497,-0.934898485,0.129549322,-0.199330148,0.0390386917,0.415345341,-0.110849082,12.6756592,-25.794136,-42.1321411,2
15.5934165,0.0276949295,-0.0124335011,-0.996849834,-0.0732728332,0.0570806986,0.0207315801,2.99425593,0.559346276,-0.203292786,-9.78857425,-0.906356427,0.117851212,-0.141676416,0.0270442218,0.38086915,-0.0468631387,13.0025253,-25.824707,-41.966217,2
15.6033745,0.0294723982,-0.0126438857,-0.996751418,-0.0738804301,0.0606719791,0.0208522661,2.99298804,0.594494637,-0.204476059,-9.78647815,-0.856061826,-0.0232708576,-0.0375298124,-0.00294936262,0.337732881,-0.00902734138,13.308815,-25.8877335,-41.8614197,2
15.6133325,0.0310173427,-0.0126798391,-0.996669345,-0.0743469997,0.0637703044,0.0206645919,2.99201843,0.624815833,-0.202636003,-9.78462697,-0.763530549,-0.0683562,0.074193948,-0.0373126641,0.289280653,0.00617667381,13.4398193,-25.750473,-42.0328369,2
15.6232895,0.0322898559,-0.0125223338,-0.996598971,-0.0747733192,0.0662947216,0.0201320105,2.9911487,0.649521381,-0.197414249,-9.78312475,-0.715362512,-0.109341341,0.188361594,-0.0719942153,0.225320861,0.00953199062,13.5349503,-25.7846527,-41.8632202,2
15.6332475,0.0332718076,-0.0121954745,-0.996540884,-0.0751701242,0.0682124911,0.0193056853,2.99035699,0.668292864,-0.189312338,-9.78202059,-0.586142404,-0.0616284079,0.180972653,-0.0936902314,0.157044575,0.00197859225,13.5455627,-25.7924271,-41.9641418,2
15.6432055,0.0338710835,-0.0117486164,-0.996490256,-0.0756436624,0.069348991,0.0182915178,2.98942858,0.679422599,-0.179368506,-9.78144132,-0.531431666,-0.0480791539,0.0497597639,-0.108046003,0.0738769919,-0.0304512531,13.514122,-25.8065338,-42.0347595,2
15.6531635,0.034152681,-0.011242094,-0.996438258,-0.0762752221,0.0698441509,0.0171949459,2.98819414,0.684279245,-0.1686165,-9.78129402,-0.553197289,-0.153402126,-0.0489987164,-0.104694933,0.0297258738,-0.0556262471,13.6386108,-25.7444458,-42.0905762,2
15.6631205,0.0342023931,-0.0107991583,-0.996384311,-0.0770182057,0.0698870182,0.0162525254,2.9867359,0.684709307,-0.159375812,-9.78141911,-0.494520497,-0.120893922,-0.283056479,-0.0748920292,-0.023924306,-0.0759304464,13.6138458,-25.685791,-42.0132141,2
15.6730785,0.0339755977,-0.0104980765,-0.996330333,-0.0778543131,0.0694006452,0.0156294468,2.98508487,0.679958605,-0.153266279,-9.78184815,-0.417345195,-0.0152241649,-0.380939345,-0.0395727977,-0.0721818879,-0.0957044587,13.5652237,-25.5872879,-42.0227661,2
15.6830365,0.0335696944,-0.010323698,-0.996272788,-0.0787857809,0.0685776075,0.0152814044,2.98323589,0.671911127,-0.149853548,-9.78245722,-0.343157969,0.0513935209,-0.358782458,-0.0191783085,-0.0914075151,-0.103887022,13.679306,-25.5927277,-42.038147,2
15.6929935,0.033126265,-0.0101954218,-0.996213465,-0.0797341838,0.0676868233,0.0150316075,2.98134975,0.66319934,-0.147404164,-9.78308851,-0.248254849,0.110295536,-0.302485986,-0.0208120942,-0.0868307725,-0.100002855,13.7003937,-25.4721756,-41.9981384,2
15.7029515,0.0327781764,-0.0100255115,-0.996152706,-0.0806522989,0.0669785856,0.0146871382,2.97952544,0.656273778,-0.144026449,-9.78360581,-0.196737282,0.160787359,-0.215478149,-0.0387173258,-0.0530104861,-0.0828028321,13.8309402,-25.4097595,-41.8277588,2
15.7129095,0.032628882,-0.00979896045,-0.996093328,-0.0814700743,0.0666555345,0.0142052811,2.97790313,0.653117652,-0.139301531,-9.7838858,-0.160810667,0.179405915,-0.221183668,-0.0455017164,-0.0117327264,-0.0696743727,13.7712479,-25.4099579,-41.8001099,2
15.7228665,0.0326824601,-0.00963093329,-0.996033127,-0.0822018163,0.0667448944,0.0138127813,2.97644633,0.653995531,-0.135452801,-9.78388112,-0.1628855,0.167626393,-0.282390124,-0.0241365042,0.0287771523,-0.053500995,13.7785721,-25.4097366,-42.1543274,2
15.7328245,0.0329278092,-0.00963054602,-0.995968127,-0.0828886191,0.0672436156,0.0137251834,2.97506537,0.658875704,-0.134593846,-9.78356548,-0.186620011,0.172752924,-0.322359731,0.0138435718,0.0703697577,-0.0430046245,13.8928223,-25.3290482,-41.9833374,2
15.7427825,0.0333237846,-0.00983233065,-0.995899822,-0.0835244816,0.0680760352,0.0140177881,2.97377023,0.667016779,-0.137463036,-9.78297394,-0.268682136,0.125643172,-0.299308525,0.0491051525,0.0920652002,-0.0401129648,13.8841858,-25.37854,-42.1382751,2
15.7527395,0.0337458076,-0.0101866439,-0.995829445,-0.0841490541,0.0689865933,0.0146094839,2.97248609,0.675918755,-0.143265,-9.78227953,-0.345220309,-0.00816676631,-0.201391756,0.0714567751,0.0902005285,-0.0478108376,13.8460388,-25.5159988,-41.7816162,2
15.7626975,0.0341278309,-0.0105706736,-0.99575482,-0.0848288681,0.0698241492,0.0152621403,2.97108896,0.684105057,-0.149664656,-9.78161493,-0.395754053,-0.189263019,-0.0564589693,0.0613945462,0.0748444796,-0.0595055781,13.8624649,-25.4202728,-41.9621887,2
15.7726555,0.0344138487,-0.0108267692,-0.995678845,-0.0855693515,0.0704500669,0.0156710701,2.96958027,0.690223029,-0.153674403,-9.78112276,-0.372842329,-0.362274538,0.0786205323,0.0265443474,0.0482110605,-0.0738510787,13.9325104,-25.4447098,-41.8679199,2
15.7826125,0.0345506347,-0.01088478,-0.995603575,-0.0863795123,0.0707456307,0.0157055634,2.96794842,0.693113563,-0.154012641,-9.78091292,-0.318571298,-0.484489517,0.106243283,-0.0100131314,0.00500499969,-0.0910404548,14.0021362,-25.4493942,-42.0474548,2
15.7925705,0.0344095833,-0.0107747892,-0.995531455,-0.0872757263,0.0704590842,0.0154476548,2.96616039,0.69031363,-0.151483716,-9.78115023,-0.278062762,-0.516646696,0.0849333687,-0.029267367,-0.0636112019,-0.101255864,14.1227646,-25.4749146,-41.7297668,2
15.8025285,0.0339717135,-0.0105569026,-0.995468328,-0.0881887079,0.0695614614,0.0150268468,2.96435079,0.68153791,-0.147357484,-9.78182886,-0.242950751,-0.459870441,0.081870474,-0.0400028341,-0.115387581,-0.0978587419,14.0857849,-25.3970032,-41.7087097,2
15.8124855,0.0332955996,-0.0102710231,-0.995420629,-0.0890152908,0.0681747896,0.0145208518,2.96272235,0.667978098,-0.142395907,-9.78283775,-0.17941198,-0.450766074,0.117445645,-0.0501628555,-0.164677739,-0.0846313313,13.9554749,-25.5596237,-41.8048401,2
15.8224435,0.0323898112,-0.00987664887,-0.995388743,-0.0897478311,0.0663086572,0.0138488223,2.96129243,0.64972706,-0.135806208,-9.78416052,-0.140211677,-0.508082939,0.260175954,-0.0777726397,-0.209073961,-0.0612565018,13.8702164,-25.3973694,-41.9739075,2
15.8324015,0.0313217847,-0.00928745302,-0.995374595,-0.0903449806,0.0640810853,0.0128298095,2.96014789,0.62793908,-0.125813999,-9.78571652,-0.115580582,-0.640927594,0.4398007,-0.121504158,-0.239762992,-0.0319562443,13.7858353,-25.3523865,-42.1008301,2
15.8423585,0.0300966218,-0.00847744426,-0.995378212,-0.0907998861,0.0614973022,0.0114112346,2.95930223,0.602663221,-0.111903556,-9.78747476,-0.21974125,-0.851012945,0.528947302,-0.16190432,-0.279162347,-0.00906371046,13.6209564,-25.1653442,-42.1046143,2
15.8523165,0.0287002758,-0.0074779505,-0.995400003,-0.091100546,0.0585351498,0.00965803246,2.95877535,0.573679228,-0.09471147,-9.78939784,-0.423593369,-0.978487963,0.552567832,-0.193508223,-0.31069386,0.0223362166,13.4416809,-25.0262985,-42.2433167,2
15.8622745,0.0272620197,-0.00632376956,-0.995435659,-0.0912403375,0.0554591711,0.00761509327,2.95857486,0.543574159,-0.0746778316,-9.79128876,-0.56766647,-0.893326338,0.492359154,-0.22060056,-0.301469475,0.0533415377,13.3161087,-24.970932,-42.3917236,2
15.8722325,0.0258998041,-0.00507456257,-0.995510948,-0.0908927368,0.0525144566,0.0053953832,2.95935066,0.514746745,-0.052910378,-9.79298855,-0.718104869,-0.826957239,0.237580091,-0.230941609,-0.289112687,0.0773805901,13.3161087,-24.970932,-42.3917236,2
15.8821895,0.0245906221,-0.00384335154,-0.995563947,-0.0907356666,0.0496812192,0.00319011689,2.95973566,0.487003436,-0.0312843057,-9.79450013,-0.723730746,-0.733811265,-0.0745487528,-0.216047078,-0.271807194,0.112775333,13.1190948,-24.9866257,-42.2877502,2
15.8921475,0.0234567402,-0.00278941384,-0.995622865,-0.0904275587,0.0472302115,0.00131213727,2.96040847,0.46299756,-0.0128676672,-9.795706,-0.569989105,-0.550516415,-0.322639132,-0.168728009,-0.211640865,0.139138207,13.0338821,-24.9105835,-42.5038452,2
15.9021055,0.0226767674,-0.00206517823,-0.995676443,-0.0900556106,0.0455451526,2.81583644E-05,2.96118957,0.446490954,-0.000276139232,-9.79648049,-0.429283288,-0.478413083,-0.576398204,-0.0996259004,-0.12418025,0.143141478,12.8928986,-24.7522736,-42.5959167,2
15.9120625,0.0222621769,-0.00177962235,-0.995721597,-0.0896655794,0.0446678592,-0.000448285185,2.96198546,0.437896364,0.00439617572,-9.79686744,-0.298434775,-0.454205328,-0.762459705,-0.00869792234,-0.0579454228,0.137349904,12.6933899,-24.8458328,-42.8900452,2
15.9220205,0.0220155197,-0.00196680663,-0.995754221,-0.0893596363,0.0442099997,-1.76856548E-05,2.96259126,0.433410779,0.000173437035,-9.79706793,-0.181571313,-0.369926478,-0.686093674,0.0791637599,-0.0375277661,0.122829027,12.794838,-24.9068756,-42.8514404,2
15.9319785,0.0217645118,-0.00253951519,-0.995778004,-0.0891399724,0.0438120341,0.00117741103,2.96300695,0.429511543,-0.0115464548,-9.79723277,-0.123802613,-0.283088481,-0.431544328,0.14418073,-0.0455360115,0.0999188498,12.7133636,-24.9949188,-42.8237305,2
15.9419355,0.0214061108,-0.00331372408,-0.995791279,-0.089053624,0.0432358721,0.0027869752,2.96314693,0.423865318,-0.0273308553,-9.79744729,-0.100199838,-0.313991021,-0.0924012203,0.162171975,-0.0694080517,0.0794820189,12.738533,-24.913887,-43.0429077,2
15.9518935,0.0209066706,-0.00400654533,-0.995802214,-0.0890215564,0.0423642103,0.00425717755,2.96318284,0.415322969,-0.0417485261,-9.79776234,-0.0564926524,-0.354490351,0.309990078,0.118469976,-0.103500888,0.0730313361,12.6069946,-24.928688,-42.7830811,2
15.9618515,0.0202933483,-0.00437306875,-0.995813425,-0.0890216061,0.0412075687,0.00509645029,2.96316993,0.403988614,-0.0499788866,-9.79819781,-0.00759922296,-0.401925179,0.614189883,0.0410625376,-0.125258118,0.0628343597,12.5522308,-24.9426575,-42.7190552,2
15.9718085,0.019636253,-0.00435548823,-0.995820531,-0.0890904603,0.0398955494,0.00517578667,2.96303578,0.391132676,-0.0507569035,-9.79871512,0.0262059064,-0.48733844,0.676807375,-0.0271888301,-0.138109505,0.0375294648,12.4066467,-24.9268799,-42.6982422,2
15.9817665,0.018916894,-0.00406772666,-0.995818441,-0.0892828801,0.038411814,0.00472354247,2.96266455,0.376594375,-0.0463219533,-9.79930665,0.00632755905,-0.559409587,0.52446928,-0.0601052307,-0.159867808,0.00815426372,12.281311,-24.9145279,-42.738739,2
15.9917245,0.0180947096,-0.00370949282,-0.995807546,-0.0895887259,0.0367109148,0.00414572982,2.96206784,0.359927135,-0.0406556026,-9.79995839,0.022396285,-0.666679875,0.230035083,-0.0565586537,-0.177614033,-0.00812446233,12.2234192,-24.9655609,-42.9315796,2
16.0016815,0.017216917,-0.00338337054,-0.995793936,-0.0899257935,0.0349048263,0.00364179794,2.96140643,0.34222763,-0.0357137577,-9.80061189,0.137958783,-0.848942276,0.0107213005,-0.0452649854,-0.181580007,0.00225547398,12.1977692,-24.8423767,-42.792572,2
16.0116395,0.016349358,-0.00310638991,-0.995792873,-0.0901096285,0.0331272123,0.00324017837,2.96104991,0.324805845,-0.0317752401,-9.80121804,0.332850766,-1.03244591,-0.0512210687,-0.0396779887,-0.170446411,0.038440533,11.9820786,-24.9056244,-42.8806152,2
16.0215975,0.0155847977,-0.00283236411,-0.99580852,-0.0900798372,0.0315545894,0.00283323632,2.96112101,0.309392222,-0.0277845197,-9.80172891,0.491467576,-1.10541959,-0.0637286681,-0.0495990627,-0.14432773,0.0843704715,11.8966293,-24.8717651,-43.0925903,2
16.0315545,0.0149684998,-0.00248693331,-0.995838842,-0.0898594659,0.0302640732,0.00226304871,2.96157594,0.296743113,-0.0221929079,-9.80213398,0.542423893,-1.08302897,-0.0432721555,-0.0728550553,-0.111361951,0.124263272,11.9578476,-24.7431107,-43.0223694,2
16.0415125,0.0145618958,-0.00203346231,-0.995878999,-0.0894924709,0.0293719853,0.00144380524,2.96232732,0.287999068,-0.0141588874,-9.80240988,0.478144824,-1.0853767,-0.0750187084,-0.0999271497,-0.0622974634,0.152910635,12.0144272,-24.7155838,-43.1647644,2
16.0514705,0.0144335621,-0.00150355705,-0.995927172,-0.0889855147,0.0290212192,0.000426110747,2.96336089,0.284560965,-0.00417871873,-9.80251977,0.41095396,-1.07710112,-0.194319626,-0.113728985,-0.00690744119,0.179527864,11.8842468,-24.6698074,-43.2339783,2
16.0614275,0.0145380463,-0.000969985229,-0.995981893,-0.0883613431,0.0291348077,-0.000637027191,2.96462962,0.285674388,0.00624710224,-9.80248645,0.369139127,-1.04143856,-0.324088746,-0.110236511,0.0298487097,0.202878714,11.9035187,-24.629631,-43.0749207,2
16.0713855,0.0148197567,-0.000507212561,-0.996044161,-0.0876136147,0.0296155079,-0.00158641335,2.96614462,0.290386109,0.0155573937,-9.8023374,0.321631051,-1.01453652,-0.42913376,-0.0945432857,0.0668409094,0.222974509,11.7560577,-24.5168076,-43.000824,2
16.0813435,0.0152351155,-0.000138390641,-0.996111738,-0.0867721588,0.03038053,-0.00236826485,2.9678456,0.297884557,0.0232247238,-9.80209716,0.290489844,-1.04016036,-0.490875053,-0.0779459327,0.0863837153,0.240245908,11.7572098,-24.605835,-42.8755798,2
16.0913015,0.0156793715,0.000152063164,-0.996188031,-0.085811575,0.0312183174,-0.00299391462,2.96978375,0.306096012,0.0293602286,-9.80182769,0.283475508,-1.07801904,-0.467950689,-0.0676504597,0.0788935497,0.259516418,11.6358795,-24.671814,-42.771759,2
16.1012585,0.0160385437,0.000428546076,-0.99627135,-0.0847698938,0.0318904362,-0.00357307525,2.97188422,0.312683336,0.0350398245,-9.8016009,0.272548638,-1.08010739,-0.383930928,-0.0696243942,0.0553096645,0.266386032,11.5170212,-24.5928345,-43.0083008,2
16.1112165,0.0162764094,0.000766976321,-0.996355071,-0.08373207,0.0323116395,-0.00425408923,2.97397863,0.316810937,0.041718236,-9.80144249,0.254504813,-1.10549047,-0.28218671,-0.0870958269,0.0270153563,0.263161391,11.5182571,-24.5109863,-43.1366882,2
16.1211745,0.0163787598,0.0012491329,-0.99643701,-0.0827260255,0.0324402612,-0.00519928732,2.97601328,0.31807018,0.0509873604,-9.80135774,0.277486825,-1.17057442,-0.177974056,-0.123781137,0.00156379119,0.26052326,11.5524216,-24.4465179,-43.3822021,2
16.1311315,0.0164257871,0.00192897503,-0.996520118,-0.0816946379,0.032428455,-0.00652836867,2.9781045,0.317951997,0.0640209701,-9.80128526,0.395369839,-1.15667325,-0.111457803,-0.15995343,-0.00646267738,0.251908958,11.4016571,-24.7012558,-43.0394287,2
16.1410895,0.016411703,0.00274430413,-0.996591385,-0.0808009045,0.0322747063,-0.00812214989,2.97992313,0.316441373,0.0796502041,-9.80121979,0.345405127,-1.19729197,-0.181852943,-0.172854304,-0.0304966401,0.217495069,11.465126,-24.5110245,-43.1907654,2
16.1510475,0.0162766697,0.00357037302,-0.996643844,-0.0801456671,0.0318786922,-0.00972594303,2.98126192,0.312555435,0.095377414,-9.80120401,0.143389722,-1.26673901,-0.299184607,-0.159596473,-0.0505424887,0.162616596,11.4673309,-24.4168396,-43.1788635,2
16.1610045,0.0160380422,0.00427888959,-0.996678022,-0.0797342953,0.0312942106,-0.0110871416,2.9821061,0.306822408,0.108725492,-9.8012461,-0.0424134198,-1.29819331,-0.41346565,-0.119189925,-0.0697172433,0.117944188,11.3467178,-24.2637787,-43.4438171,2
16.1709625,0.0157282262,0.00473930594,-0.996697892,-0.0795215507,0.0306057885,-0.0119490627,2.98254284,0.300071984,0.117177487,-9.80135774,-0.14549696,-1.32026237,-0.49056701,-0.060222663,-0.0670429692,0.0823287666,11.2671509,-24.228302,-43.2452393,2
16.1809205,0.0154485878,0.00490250606,-0.996705589,-0.0794691548,0.030022946,-0.0122283876,2.98264923,0.294358282,0.119916529,-9.80149744,-0.229266564,-1.42056516,-0.450922398,-0.00292049302,-0.0502996743,0.0537620969,11.2221069,-24.2069473,-43.5147095,2
16.1908775,0.0152450977,0.00482513818,-0.996704356,-0.0795286729,0.0296287201,-0.0120436084,2.98252521,0.290494903,0.118104593,-9.8016348,-0.271641205,-1.49836034,-0.258351076,0.0325100347,-0.0284619909,0.0281815659,11.0829391,-24.3186417,-43.4556274,2
16.2008355,0.0151742417,0.0046171623,-0.996693463,-0.0796901849,0.0295185299,-0.0116225289,2.98219454,0.289416314,0.113975503,-9.80171605,-0.262182891,-1.53882329,0.0121247376,0.0449800193,0.00953945145,0.00636707991,10.9687881,-24.3083725,-43.4084778,2
16.2107935,0.0152969464,0.00437928713,-0.996673521,-0.0799292817,0.0297983262,-0.0111750195,2.98170959,0.292160261,0.109587223,-9.80168449,-0.226469992,-1.61359328,0.259743408,0.0432936586,0.0466889367,-0.000284009846,11.0357056,-24.3957825,-43.4889832,2
16.2207505,0.0155534438,0.00414107215,-0.996670301,-0.0799328031,0.0303477045,-0.0107412345,2.98169854,0.297546466,0.105333502,-9.80156875,-0.177537729,-1.67847214,0.402830859,0.0416270532,0.063461788,0.00238927105,11.0357056,-24.3957825,-43.4889832,2
16.2307085,0.0158826507,0.00390202895,-0.99665037,-0.0801293981,0.031040203,-0.010323435,2.98130063,0.304335304,0.101236515,-9.80140392,-0.146917184,-1.72046346,0.456834836,0.0412259921,0.0737502128,0.0157843381,10.9994812,-24.3543015,-43.2212219,2
16.2406665,0.016235175,0.0036930053,-0.99663617,-0.0802445795,0.0317753628,-0.00996689992,2.98106682,0.311541947,0.0977402798,-9.80121278,-0.175821262,-1.77816907,0.491359622,0.0289088711,0.0762778223,0.0339143388,10.9936142,-24.3501816,-43.4821472,2
16.2506235,0.0166161087,0.00351194384,-0.996624825,-0.0803158408,0.0325632,-0.00966940499,2.980922,0.319264541,0.094822995,-9.800993,-0.228884049,-1.820143,0.495928245,0.0273601674,0.0830452368,0.057082925,11.2865982,-24.1039581,-43.2694702,2
16.2605815,0.0170212859,0.00329892373,-0.996622833,-0.0802639042,0.0334056951,-0.00930808957,2.98102325,0.327522849,0.0912798607,-9.80075393,-0.261383686,-1.82602709,0.392290176,0.0434049107,0.0829570889,0.0799038187,11.2994766,-24.2137604,-43.2034912,2
16.2705395,0.017374552,0.00294164422,-0.996629503,-0.0801188945,0.0341685453,-0.00864762642,2.98130571,0.335001258,0.0848031847,-9.80055928,-0.283077631,-1.74158925,0.279867327,0.0837578326,0.0688478947,0.0980474427,11.3398132,-24.0884018,-43.2458496,2
16.2804965,0.0175939331,0.0023832354,-0.996645201,-0.0798950329,0.0346969538,-0.00756188804,2.98173806,0.340182899,0.0741560819,-9.80046751,-0.299781367,-1.66405418,0.20061668,0.12459448,0.033224389,0.111556068,11.3547058,-24.1338577,-43.3444519,2
16.2904545,0.017585503,0.00167541995,-0.996670851,-0.0795942734,0.0347948848,-0.00613913367,2.98231746,0.341145972,0.0602039554,-9.80052947,-0.313463636,-1.65908019,0.214146024,0.149201408,-0.0124904187,0.124557547,11.2449265,-24.2038803,-43.0861511,2
16.3004125,0.0173820707,0.000941787086,-0.996706387,-0.0792045266,0.0345076722,-0.00463086433,2.98307333,0.338333874,0.0454131039,-9.80070658,-0.190193303,-1.6508735,0.34540626,0.136727169,-0.0425228849,0.14410542,11.211937,-24.3046417,-42.7936096,2
16.3103695,0.017085205,0.000369379671,-0.99675021,-0.0787207648,0.0340079621,-0.00342628604,2.98402325,0.333437955,0.0336003229,-9.80092227,-0.0609484993,-1.59835918,0.512766567,0.0902213454,-0.0538353063,0.158390045,11.112175,-24.3183289,-42.7603149,2
16.3203275,0.0168326163,5.59410034E-05,-0.996794651,-0.0782121283,0.0335549961,-0.00274455633,2.98503231,0.328999132,0.0269148698,-9.80109295,0.0395577015,-1.5838927,0.576682867,0.0377522707,-0.0349138156,0.164645553,11.2047958,-24.3097687,-42.4657898,2
16.3302855,0.0166795254,-5.35496212E-05,-0.996838574,-0.0776843772,0.0332681475,-0.00248471898,2.9860869,0.32618791,0.0243667448,-9.80119349,0.117636638,-1.56802673,0.487300117,0.00854107924,-0.0210952293,0.161719382,11.1030045,-24.2282181,-42.7161255,2
16.3402435,0.0165829509,-0.000129681705,-0.99687819,-0.0771947029,0.0330885107,-0.00230168024,2.98706632,0.324427367,0.0225717534,-9.80125603,0.11281309,-1.50113945,0.255574013,0.0194275491,-0.0119933439,0.149683759,11.1527023,-24.5496445,-42.3588257,2
16.3502005,0.0165600473,-0.000339841948,-0.996908831,-0.0768025257,0.0330760044,-0.00186612512,2.98784596,0.324305092,0.0183004248,-9.80126889,0.0686425975,-1.45646591,-0.083940266,0.0571681894,0.0115663745,0.136279181,11.2470245,-24.4314423,-42.6734314,2
16.3601585,0.0166402179,-0.000744900519,-0.996932631,-0.076472612,0.0332984533,-0.00105981079,2.98849437,0.326485761,0.0103931919,-9.8012081,0.0673597546,-1.39828041,-0.412006684,0.0969939008,0.0334892496,0.11623171,11.1047592,-24.4094391,-42.4955139,2
16.3701165,0.0167655307,-0.00135249499,-0.996947291,-0.0762443532,0.0336412865,0.000140178342,2.98893183,0.329846104,-0.00137467989,-9.80110113,0.0942262803,-1.32276705,-0.677720982,0.135293201,0.0334894694,0.0922368318,11.0201797,-24.4481506,-42.5224915,2
16.3800735,0.0168168445,-0.00213186134,-0.99695214,-0.0761517207,0.0338623874,0.00168946496,2.98909107,0.332012635,-0.0165679841,-9.80101404,0.143235774,-1.25160925,-0.855577549,0.164201826,0.0108571257,0.0645711198,10.9839401,-24.4140701,-42.4046936,2
16.3900315,0.0167282323,-0.00299024735,-0.996947029,-0.0762088093,0.0338167311,0.00341256573,2.98894732,0.331563722,-0.0334657733,-9.80098598,0.213415847,-1.19505749,-0.944191068,0.172557682,-0.0206413474,0.0406233519,11.1057434,-24.3861847,-42.536377,2
16.3999895,0.016471178,-0.00380815978,-0.99693533,-0.0763815943,0.0334298022,0.00507681019,2.98857377,0.327769079,-0.0497862866,-9.80104444,0.248035763,-1.11798404,-0.994709541,0.156715065,-0.0540648177,0.0128111597,11.0636444,-24.5495758,-42.5132751,2
16.4099465,0.0160795081,-0.00451078811,-0.996913778,-0.0767074746,0.0327583448,0.00652694306,2.98789848,0.321185316,-0.0640069918,-9.80118004,0.207932629,-1.03807244,-1.0008593,0.13125436,-0.0784306452,-0.0101678818,11.0860138,-24.4325562,-42.6213989,2
16.4199045,0.015601368,-0.00506791273,-0.99688662,-0.07712347,0.0318936516,0.00769788153,2.98704882,0.312707594,-0.0754896823,-9.80137235,0.204738619,-0.974066932,-0.993484383,0.10398598,-0.0934990793,-0.0226828754,11.119072,-24.5093536,-42.2829895,2
16.4298625,0.0150886177,-0.00550901033,-0.996855436,-0.0775963802,0.0309433926,0.00864183711,2.98608992,0.303391265,-0.084746413,-9.80158921,0.219890796,-0.919320392,-0.996708606,0.0887603015,-0.0938356444,-0.034998063,11.0508804,-24.4057465,-42.2975159,2
16.4398195,0.0146233734,-0.005940153,-0.996819637,-0.078111875,0.0300876381,0.00955814961,2.98504627,0.295000946,-0.0937320031,-9.80176398,0.173064858,-0.9221562,-1.00132282,0.0990912318,-0.0794268772,-0.0535568334,10.9091797,-24.6100311,-42.250946,2
16.4497775,0.0141948036,-0.00646743266,-0.996797183,-0.0784344888,0.0293190881,0.0106669153,2.98438683,0.287464486,-0.104604722,-9.80187796,0.0909683562,-1.01632903,-0.9612556,0.126840264,-0.0740510449,-0.0715996251,11.0454941,-24.5093231,-41.91745,2
16.4597355,0.0138442567,-0.00710735033,-0.996744204,-0.0791121823,0.0287289337,0.0119782082,2.98301146,0.281675637,-0.11746329,-9.80190018,0.0672786339,-1.18079106,-0.677819767,0.137543246,-0.0397186391,-0.0733128339,10.9695206,-24.6579132,-42.2224121,2
16.4696923,0.013746075,-0.007773632,-0.996711858,-0.0794733749,0.0286437996,0.0133116416,2.98226754,0.280836428,-0.130538753,-9.80175872,0.194411981,-1.35685753,-0.378985289,0.131764382,0.0224277154,-0.0689398721,11.1066437,-24.5964127,-41.9694519,2
16.4796503,0.0139366695,-0.00840152511,-0.996676342,-0.0798222684,0.0291291456,0.0145228,2.98154538,0.285588828,-0.142415014,-9.80145594,0.292011701,-1.24367656,-0.211245042,0.112967797,0.0700919032,-0.0686333477,11.0799408,-24.5314026,-41.8620911,2
16.4896083,0.0143002336,-0.00890598125,-0.996639489,-0.0801615878,0.0299402407,0.0154600622,2.98084298,0.293534508,-0.151605378,-9.8010836,0.299478694,-0.818044814,-0.262045255,0.0747530311,0.0880807564,-0.0660897642,11.0468826,-24.6314774,-41.9028015,2
16.4995653,0.0146834289,-0.00917503676,-0.996607449,-0.0804607589,0.0307524361,0.0159256135,2.98022792,0.30149261,-0.156170312,-9.80077029,0.301995207,-0.398385132,-0.441774045,0.0192016214,0.0696263835,-0.0533689037,11.0545044,-24.4874496,-41.995575,2
16.5095233,0.0149195724,-0.00913925085,-0.996586541,-0.0806788751,0.0312209518,0.0158093787,2.97978772,0.306084961,-0.155030585,-9.80064579,0.21225906,-0.251982181,-0.584053688,-0.0425543487,0.0239429958,-0.0344409049,11.1191559,-24.4757538,-41.8032227,2
16.5194813,0.0149352431,-0.00881792748,-0.99657988,-0.080795212,0.0312018669,0.0151627269,2.97956497,0.305900982,-0.148689856,-9.80074984,0.215735083,-0.192183107,-0.779975488,-0.0849550664,-0.0280493647,-0.0136474762,11.2245331,-24.2842407,-42.1689453,2
16.5294383,0.0147266329,-0.00837319979,-0.996583875,-0.0808314211,0.0307142577,0.0143089307,2.97951023,0.301125786,-0.140317886,-9.80102105,0.217667147,0.0740299257,-1.01837625,-0.0824984983,-0.0680850819,-0.00558077963,11.2049255,-24.158783,-41.7810974,2
16.5393963,0.0143011834,-0.00805467048,-0.996587306,-0.080897237,0.0298151883,0.0137409447,2.97939446,0.2923162,-0.134748397,-9.80136592,0.108412663,0.373272245,-1.22707453,-0.0253465362,-0.11376895,-0.0243443474,11.20327,-24.0141907,-41.7957153,2
16.5493543,0.013638152,-0.00810694271,-0.996579916,-0.0810971976,0.0285045492,0.0139468529,2.97900067,0.279469103,-0.136767473,-9.80171313,-0.0547140436,0.591368029,-1.23989602,0.0699706301,-0.144090563,-0.0538322031,11.0877533,-23.9830399,-42.0884705,2
16.5593123,0.0129000042,-0.00866895067,-0.996555323,-0.081461135,0.0271299531,0.0151770626,2.97826401,0.265990686,-0.148830425,-9.80191245,-0.0541044786,0.754265658,-1.03349608,0.180659592,-0.131937772,-0.0877006948,11.1516495,-23.9662552,-41.9390869,2
16.5692693,0.0122226668,-0.009783022,-0.996507601,-0.0820208312,0.0259716771,0.0174935772,2.97711912,0.254627544,-0.171544644,-9.80184289,-0.0264308377,0.927964229,-0.70720602,0.287148684,-0.100609608,-0.132399037,11.1586227,-24.0475922,-41.6051025,2
16.5792273,0.0116844065,-0.0113843104,-0.996429378,-0.0828398197,0.0251796022,0.0207529441,2.97543952,0.246848288,-0.203502246,-9.80143022,-0.0969120305,0.888694368,-0.240150818,0.370158881,-0.0664644167,-0.188650861,11.1586227,-24.0475922,-41.6051025,2
16.5891853,0.0112254042,-0.0133251147,-0.996318228,-0.0839430818,0.0246152271,0.0246700215,2.97317946,0.241295093,-0.241905736,-9.80069606,-0.195057713,0.592208864,0.269977801,0.420814633,-0.0587145984,-0.243290246,11.117775,-24.0621185,-41.7735901,2
16.5991423,0.010809616,-0.0153989471,-0.996181631,-0.0852535003,0.0241747175,0.0288411794,2.97049947,0.23695131,-0.282796147,-9.79970763,-0.243236747,0.219052026,0.817261555,0.421850592,-0.0392860398,-0.269546092,11.0545349,-24.3467636,-41.5900574,2
16.6091003,0.010596397,-0.0173854248,-0.99603188,-0.0866368513,0.0241364621,0.0328026802,2.96766946,0.236547533,-0.321626704,-9.7985193,-0.243880433,-0.0488745055,1.28144617,0.383167922,0.0201572087,-0.278210342,11.1712189,-24.2872925,-41.2409363,2
16.6190583,0.0107807755,-0.0191680946,-0.995874817,-0.0880320534,0.0248663503,0.0362879013,2.96480632,0.243669951,-0.355784665,-9.79716438,-0.325522359,-0.201165035,1.48255093,0.330637068,0.110008001,-0.27863431,11.287735,-24.351944,-41.1806335,2
16.6290153,0.0114377771,-0.0207527789,-0.995714529,-0.0893927167,0.0265113826,0.0392928892,2.96199687,0.259756742,-0.385232476,-9.79563702,-0.439921038,-0.314172223,1.45678228,0.286724061,0.19917956,-0.266837746,11.396698,-24.4299698,-41.1416321,2
16.6389733,0.0125041118,-0.0222030805,-0.995557327,-0.0906439348,0.0289517865,0.0419543419,2.95938903,0.28363057,-0.411310847,-9.79391444,-0.488335452,-0.38086913,1.22162503,0.261064768,0.262283415,-0.238223135,11.453949,-24.5847931,-40.9609375,2
16.6489313,0.013733295,-0.0235113824,-0.995414076,-0.0917024756,0.0316891263,0.0443028587,2.9571592,0.310407281,-0.434320515,-9.79210885,-0.490421976,-0.283639247,0.969924644,0.219483271,0.264012337,-0.19373624,11.6327667,-24.6806717,-40.6773987,2
16.6588883,0.0149106791,-0.0245479703,-0.995294518,-0.0925412753,0.0342675749,0.046121564,2.95537774,0.335627062,-0.452137692,-9.79047043,-0.516539583,0.0347999126,0.771213505,0.153571367,0.236269146,-0.149592757,11.6242447,-24.7932281,-40.6940918,2
16.6688463,0.0159218246,-0.0251974178,-0.995208679,-0.0931192915,0.0364324426,0.0472056498,2.95414054,0.356803267,-0.462757358,-9.7892254,-0.54070854,0.375520133,0.559278727,0.068143785,0.186793551,-0.0904516801,11.8867798,-24.6325531,-40.5769043,2
16.6788043,0.0167023383,-0.0253823612,-0.995167336,-0.0933737673,0.0380352488,0.0474180408,2.95358396,0.372489278,-0.464837891,-9.7885421,-0.480977271,0.732690736,0.386512761,-0.0213442817,0.133614749,-0.0207149386,11.8963394,-24.6711502,-40.6988525,2
16.6887613,0.0171447338,-0.0250646115,-0.995170428,-0.0933476317,0.0388554418,0.046703256,2.95363109,0.380530472,-0.457836013,-9.78856314,-0.47046333,1.11055667,0.262334009,-0.126713961,0.0340363756,0.021120891,11.9503479,-24.6265945,-40.7038879,2
16.6987193,0.0171607183,-0.0242241746,-0.995210914,-0.0931346278,0.0387182071,0.0450350331,2.9540985,0.379216175,-0.441493548,-9.78936452,-0.484711379,1.30490406,0.284085237,-0.211540699,-0.0501224436,0.0597417876,11.8971405,-24.611969,-40.5244751,2
16.7086773,0.0169402439,-0.0229444676,-0.995284947,-0.0927070345,0.0380185185,0.0425444401,2.95502726,0.372407189,-0.417092572,-9.79069606,-0.482541123,1.3129744,0.311453137,-0.296739399,-0.0741851479,0.11058066,11.7670364,-24.341713,-40.6643677,2
16.7186343,0.0167482948,-0.021244454,-0.995393184,-0.0919814029,0.0372877774,0.0392221617,2.95657038,0.365302289,-0.384539416,-9.79229648,-0.380416344,1.10474666,0.284622413,-0.381181836,-0.0525054149,0.174820095,11.5462112,-24.3634109,-40.8094482,2
16.7285923,0.0167801456,-0.0192005272,-0.99552927,-0.0909467958,0.036933955,0.0351844316,2.95873809,0.361891896,-0.344970206,-9.7938969,-0.160779614,0.95429599,0.28143443,-0.442882806,0.000138871605,0.223654643,11.520546,-24.1807632,-40.7228088,2
16.7385503,0.0170812638,-0.0169736193,-0.995673491,-0.0897474784,0.0370874202,0.0307392055,2.9612335,0.363448185,-0.30140115,-9.79527696,-0.0906594912,0.970133099,0.101004798,-0.464828581,0.0477615185,0.240268499,11.4373245,-23.9582748,-40.7120361,2
16.7485073,0.0176248755,-0.0147721375,-0.995805696,-0.0885557897,0.037740228,0.0263018203,2.96370531,0.369889361,-0.257903004,-9.79627766,-0.112662978,1.02853816,-0.206098327,-0.440911919,0.0976392031,0.2218889,11.4748077,-23.7979813,-41.0386047,2
16.7584653,0.0183678244,-0.0128201645,-0.995912517,-0.0875011362,0.0388484978,0.0223229674,2.9658885,0.380782913,-0.218895356,-9.79680957,-0.107245994,1.03846203,-0.608690116,-0.37011978,0.135343701,0.182354271,11.3981476,-23.6090698,-41.2173462,2
16.7684233,0.0192146549,-0.0113139314,-0.99598454,-0.0867039297,0.0402552168,0.01920621,2.96753686,0.394589429,-0.188337008,-9.79689784,-0.0950155675,0.866795401,-1.00364513,-0.266625702,0.153309271,0.1217236,11.4053879,-23.3750153,-41.454834,2
16.7783803,0.0200776127,-0.0103715167,-0.996016941,-0.0862540095,0.0418028083,0.0171977113,2.96846631,0.409765517,-0.168643625,-9.79663363,-0.113184444,0.557553219,-1.20412445,-0.141411051,0.161875859,0.0478546955,11.4063568,-23.3416977,-41.318573,2
16.7883383,0.0209028329,-0.0100750702,-0.996009285,-0.0861815637,0.0433949023,0.0164675935,2.96861153,0.425367393,-0.16148462,-9.79608944,-0.108734844,0.278502724,-1.22397189,-0.00541435182,0.156416804,-0.0233008433,11.3571396,-23.2537003,-41.3929138,2
16.7982963,0.0215998286,-0.0104104114,-0.9959695,-0.0864287644,0.0448465713,0.0170040309,2.96808796,0.439583659,-0.16674455,-9.79537399,-0.059804115,0.0642442894,-1.00876028,0.11270643,0.135021508,-0.0764748529,11.4508286,-23.1028214,-41.2166138,2
16.8082543,0.0221877325,-0.0112038253,-0.995907353,-0.0868954273,0.0461652343,0.0184609677,2.96710224,0.452488368,-0.181029973,-9.79453228,-0.032456272,-0.113305714,-0.524925791,0.181694478,0.127086431,-0.106067158,11.5288849,-23.1772003,-41.130127,2
16.8182113,0.0227103465,-0.0122109804,-0.995829013,-0.0875203594,0.0473962121,0.0203462655,2.96578701,0.464527912,-0.19951493,-9.7936099,-0.144902611,-0.262863768,0.0312526319,0.199686781,0.113751978,-0.14433144,11.6756363,-23.3805389,-40.9547119,2
16.8281693,0.0230895592,-0.0131519101,-0.995736423,-0.0883343564,0.0483363955,0.0221142715,2.96409616,0.473717692,-0.216849237,-9.79280092,-0.218735873,-0.360750398,0.527689995,0.166627154,0.0678547993,-0.175710335,11.8791885,-23.2994156,-40.7937317,2
16.8381273,0.0232246808,-0.0138452417,-0.995641519,-0.0892579044,0.048751187,0.0234259649,2.96220226,0.47776536,-0.22970923,-9.79231109,-0.0656640566,-0.327539727,0.927929084,0.108344674,0.00699304929,-0.187352613,11.8752441,-23.4128036,-40.7238464,2
16.8480843,0.0231090023,-0.0141893283,-0.99555846,-0.0901563301,0.0486044707,0.0240880953,2.96038273,0.476321152,-0.236200674,-9.79222692,-0.031598888,-0.365789926,1.16906132,0.0404034369,-0.0464185104,-0.170285732,11.7875595,-23.3113403,-40.6274414,2
16.8580423,0.0227129974,-0.0141771298,-0.995499518,-0.0909059413,0.0478312467,0.0240994916,2.95888747,0.468749292,-0.236312409,-9.79258991,0.0795222303,-0.477457499,1.25112585,-0.0229108203,-0.116809316,-0.128477573,11.6422043,-23.3017578,-40.5949402,2
16.8680003,0.0219960571,-0.0138610603,-0.995472505,-0.0914248995,0.0463569126,0.0235768185,2.95787847,0.454316899,-0.23118818,-9.79339246,0.155306041,-0.530316106,1.18414256,-0.0721656233,-0.18181172,-0.0791630596,11.7733307,-23.1620026,-40.6445312,2
16.8779573,0.0210041629,-0.0133317336,-0.995474248,-0.0917183292,0.0442896118,0.0226918088,2.95733823,0.434078961,-0.222511537,-9.79451123,0.0496987545,-0.524028989,1.0088386,-0.0996355936,-0.23307623,-0.037200965,11.5649033,-23.2872391,-40.6091003,2
16.8879153,0.0197937395,-0.0126767118,-0.995500866,-0.09179099,0.0417584654,0.0216072626,2.95724973,0.409296073,-0.211878371,-9.79581355,-0.0905686711,-0.549326621,0.862598826,-0.118858814,-0.271535367,0.0108633675,11.403038,-23.0326996,-40.6901245,2
16.8978733,0.0184415184,-0.0119227669,-0.995552419,-0.0916137823,0.0389214685,0.0203618914,2.95766709,0.381513748,-0.199668147,-9.79719185,-0.190876098,-0.587723462,0.722419371,-0.136657253,-0.292728007,0.061335329,11.1112595,-23.0763168,-40.7466125,2
16.9078303,0.0170812272,-0.0110994285,-0.995625234,-0.0911893762,0.0360516078,0.0189876301,2.95857988,0.353405186,-0.186193858,-9.79851112,-0.309113113,-0.624840456,0.58427639,-0.146026284,-0.271421075,0.110985994,10.9169846,-22.8585205,-40.7261963,2
16.9177883,0.0158928814,-0.0103132323,-0.995713231,-0.0905327779,0.0335283852,0.0176613085,2.95995008,0.328688276,-0.173189269,-9.79961002,-0.423259899,-0.710868196,0.300914207,-0.127159923,-0.226339594,0.155541748,10.662941,-22.8696823,-40.6959229,2
16.9277463,0.0148891813,-0.00969906492,-0.995812974,-0.0896700665,0.0314026229,0.0166474506,2.96172145,0.30786125,-0.163248178,-9.80045699,-0.476802762,-0.741608933,0.00173778358,-0.0877071097,-0.192600921,0.193667844,10.662941,-22.8696823,-40.6959229,2
16.9377033,0.0140803489,-0.0093382202,-0.995919148,-0.0886537804,0.0297097376,0.0161043684,2.96378732,0.291272372,-0.157923074,-9.80105145,-0.477571846,-0.72448836,-0.173043029,-0.0347565487,-0.13617067,0.215739056,10.5124359,-22.8340607,-40.7516479,2
16.9476613,0.0136054548,-0.00927631968,-0.996021566,-0.0875774987,0.0287351228,0.0160964606,2.96595783,0.281720006,-0.157845533,-9.80133144,-0.495702473,-0.767362236,-0.314618907,0.0189998783,-0.047678452,0.218320325,10.5259094,-22.7118912,-41.0620422,2
16.9576193,0.0135656582,-0.00953033108,-0.996113682,-0.0865029532,0.0286825822,0.0166404153,2.96810774,0.28120254,-0.163179204,-9.80125895,-0.552496155,-0.796295632,-0.412105468,0.073532097,0.0442530699,0.214787111,10.269043,-22.7962189,-41.0368347,2
16.9675763,0.0139008028,-0.010077652,-0.996195383,-0.0854405987,0.0294267701,0.0177041599,2.9702171,0.288491162,-0.173609431,-9.80086791,-0.490652241,-0.709849447,-0.489110966,0.126128197,0.109623186,0.214964852,10.3331528,-22.7303543,-40.9974365,2
16.9775343,0.0144748901,-0.0109086893,-0.996265178,-0.0844231631,0.0306940809,0.0192930593,2.97222117,0.300902845,-0.189188547,-9.80020682,-0.411336018,-0.59027227,-0.478250549,0.17858474,0.149561018,0.194167957,10.2072678,-22.7793884,-40.6595764,2
16.9874923,0.01517589,-0.0119748178,-0.996317097,-0.0835384232,0.032253638,0.0213275084,2.97394557,0.31617337,-0.209135557,-9.79932068,-0.390394279,-0.483385757,-0.432449752,0.21151714,0.168203235,0.163791835,10.2083969,-22.8125,-40.8141174,2
16.9974493,0.0159180665,-0.0131213543,-0.996351686,-0.0828120037,0.0339090649,0.0235127194,2.97534469,0.332378728,-0.230559764,-9.79830361,-0.347492747,-0.438917377,-0.297745514,0.211240694,0.169459447,0.130103379,10.2995529,-22.9316635,-40.7924805,2
17.0074073,0.0166557714,-0.0142112604,-0.996371852,-0.0822422275,0.0355473302,0.0255825746,2.97642787,0.348412784,-0.250851989,-9.79724797,-0.324770664,-0.422366092,-0.2114128,0.192206696,0.16623868,0.10013783,10.2474899,-22.9066849,-40.9239502,2
17.0173653,0.0173990559,-0.0151737762,-0.996382442,-0.0817867868,0.0371767659,0.0273951692,2.9772831,0.364358797,-0.268621236,-9.79619641,-0.342512365,-0.443801898,-0.215905435,0.164170533,0.169246197,0.0857186764,10.4053802,-23.0269165,-40.7262268,2
17.0273233,0.0182019415,-0.0160065473,-0.996388702,-0.08137636,0.0389036246,0.0289391094,2.97804877,0.381258312,-0.283756115,-9.79512674,-0.365397347,-0.501390894,-0.274586172,0.139842838,0.185678869,0.0823689252,10.45298,-22.9603806,-40.7761841,2
17.0372803,0.0190983756,-0.016782114,-0.996393492,-0.080955778,0.0408063304,0.0303555923,2.97883176,0.399878037,-0.297640957,-9.7939723,-0.394940617,-0.567412569,-0.450367686,0.138501942,0.205520481,0.0880941898,10.430069,-23.0303879,-40.562439,2
17.0472383,0.0201435083,-0.0176277562,-0.996396367,-0.0804841836,0.043014477,0.0318914024,2.97970603,0.421483427,-0.312694807,-9.79259692,-0.377340992,-0.564329654,-0.609909429,0.16452688,0.246942669,0.100943297,10.4318237,-23.1069794,-40.3794556,2
17.0571963,0.0213419233,-0.0186639843,-0.996395027,-0.0799572832,0.0455563627,0.0337869457,2.98067288,0.44634592,-0.331273726,-9.79088428,-0.35835963,-0.497417789,-0.791935391,0.207354233,0.265625,0.110723227,10.3113174,-23.355217,-40.247406,2
17.0671533,0.022494972,-0.0199437793,-0.996389153,-0.0794035639,0.0480446157,0.036179061,2.98167678,0.470667291,-0.354717986,-9.78892379,-0.350957829,-0.328974728,-0.893704743,0.260415047,0.235659301,0.110315897,10.4496765,-23.2704391,-40.100708,2
17.0771113,0.0233506808,-0.021399437,-0.996379365,-0.0788988842,0.0499677666,0.0389690918,2.98257734,0.489440637,-0.382059545,-9.78697441,-0.389034425,-0.181623847,-0.871563054,0.284966707,0.155372992,0.0947534516,10.4560776,-23.5122223,-39.9679871,2
17.0870693,0.0237198346,-0.0228306884,-0.996369849,-0.0785074332,0.0509186362,0.0417834094,2.9832665,0.498689855,-0.409636046,-9.78539152,-0.481781427,-0.240388207,-0.664101622,0.264136225,0.0439276583,0.0728360265,10.362854,-23.6196365,-39.9183044,2
17.0970263,0.0235821037,-0.0239869593,-0.996371585,-0.0781802239,0.0508149974,0.0441268602,2.98386209,0.497625587,-0.432596248,-9.78445804,-0.491491103,-0.416146706,-0.317875863,0.193073511,-0.0542596281,0.0718762279,10.3229752,-23.6709366,-39.9146118,2
17.1069843,0.0230243416,-0.0246726561,-0.996396115,-0.0778191249,0.0497950539,0.0455998104,2.98457214,0.487613494,-0.447026413,-9.78431308,-0.432397803,-0.419822728,-0.0443336472,0.0894709751,-0.142844439,0.0843523368,10.1204147,-23.7977295,-40.0420227,2
17.1169423,0.022103034,-0.024794943,-0.996446277,-0.077405676,0.047956618,0.0460080862,2.98543699,0.469616065,-0.451026041,-9.78500983,-0.394947522,-0.224885518,0.0509340684,-0.0153712854,-0.21307838,0.0929716602,10.0595245,-23.6904449,-39.9731445,2
17.1268993,0.0209303534,-0.0244082853,-0.996516181,-0.0769520762,0.0455341281,0.0454408709,2.98642143,0.445922178,-0.445469356,-9.78637294,-0.421382232,-0.0966661843,-0.014740473,-0.108370125,-0.258193433,0.099562034,9.78955841,-23.7178116,-40.1789856,2
17.1368573,0.0196567922,-0.0235771006,-0.99660485,-0.076396621,0.0428370866,0.0440048814,2.98763531,0.4195533,-0.431401193,-9.78816917,-0.320344153,-0.121358617,-0.17574995,-0.191459954,-0.267860711,0.135176763,9.66845703,-23.6266327,-39.847168,2
17.1468153,0.0185198056,-0.0223979877,-0.996715796,-0.0755841999,0.0403501216,0.0418614721,2.98937108,0.395245592,-0.410400929,-9.79008348,-0.0643974707,-0.0965697747,-0.347115986,-0.249366149,-0.208637819,0.194312215,9.51630402,-23.5930634,-40.0421143,2
17.1567723,0.0177372971,-0.0210630885,-0.996841846,-0.0744852088,0.0385397202,0.0393609662,2.9916688,0.377559347,-0.385899561,-9.79177801,0.140335815,0.119246849,-0.660707888,-0.26489076,-0.137517303,0.243727431,9.35747528,-23.4127197,-39.9602661,2
17.1667303,0.0172737929,-0.0198159642,-0.996971152,-0.073195647,0.0373780989,0.0369915923,2.99432811,0.366217869,-0.362680854,-9.79309611,0.152126206,0.48209316,-1.06206458,-0.228156731,-0.0740330294,0.266007602,9.19264221,-23.3836823,-40.2561646,2
17.1766883,0.0171285333,-0.0188856887,-0.997088776,-0.0718602327,0.0369028355,0.0352069687,2.99705159,0.361586848,-0.345191082,-9.79390041,0.121143477,0.88643183,-1.38806881,-0.146943361,-0.001690123,0.26492849,8.89521027,-23.3447342,-40.2851868,2
17.1866453,0.0172361785,-0.0184624533,-0.997188668,-0.0705467463,0.0370107109,0.0343959676,2.99970009,0.362653601,-0.337242717,-9.79413772,0.141774177,1.14708293,-1.5307354,-0.0343004726,0.0379204862,0.259086877,8.90402985,-23.2502823,-40.3486938,2
17.1966033,0.0174227263,-0.0186238112,-0.997272298,-0.069264328,0.0373615647,0.0347394621,3.00225871,0.366085548,-0.340609235,-9.79389339,0.336312743,1.19159982,-1.45451433,0.0819089636,0.0476849638,0.257553935,8.93478394,-23.3367844,-40.1755066,2
17.2065613,0.0174959207,-0.0193414568,-0.997346398,-0.0679709377,0.0375617487,0.0362097484,3.00481933,0.368026928,-0.355018722,-9.79330887,0.561521319,1.13538036,-1.10868839,0.18874985,0.0080364123,0.265697271,8.78625488,-23.4180679,-40.2111511,2
17.2165183,0.0172572957,-0.0204896035,-0.997415637,-0.0666667833,0.0371935925,0.0385818962,3.00739449,0.364389083,-0.378265304,-9.79257471,0.679781568,1.12151674,-0.567734421,0.258470327,-0.0622867532,0.267337233,8.7873764,-23.5407562,-40.107666,2
17.2264763,0.0166325082,-0.0218272681,-0.997481261,-0.0654070765,0.0360752462,0.041380623,3.00988907,0.353397806,-0.4056895,-9.79187972,0.683889442,1.08833775,0.0524170005,0.275977254,-0.138471857,0.253754139,8.54988861,-23.7604523,-40.0174866,2
17.2364343,0.0156582324,-0.0230922843,-0.997545952,-0.0642156593,0.0342453282,0.0440744903,3.01226792,0.335440234,-0.432083184,-9.79138229,0.601739493,1.09632604,0.609469284,0.243983895,-0.206037328,0.242270842,8.26570892,-24.0877304,-39.9143066,2
17.2463913,0.0143994487,-0.0241154033,-0.997613795,-0.0630707548,0.0318116046,0.0463159072,3.01458061,0.311578151,-0.454041516,-9.79117712,0.546892197,1.11603977,1.00550449,0.186181024,-0.256297648,0.233981878,8.00311279,-24.189888,-39.8490601,2
17.2563493,0.0129221922,-0.0247739697,-0.997682817,-0.0620346907,0.0288952762,0.0478481349,3.01670354,0.283002155,-0.469050869,-9.79133728,0.541500458,1.01298506,1.14886784,0.105708823,-0.30707401,0.200525925,7.76028442,-24.2452011,-39.8468323,2
17.2663073,0.0112913423,-0.024987702,-0.997750375,-0.0611739945,0.0256220065,0.0485005174,3.01850061,0.25094312,-0.475441155,-9.7919031,0.445020772,0.745837802,1.19043436,0.015015332,-0.329428434,0.163465455,7.66362,-24.2118073,-39.7680969,2
17.2762643,0.00966750435,-0.0248097842,-0.997813281,-0.0604956527,0.0223224461,0.0483602284,3.01994456,0.21863433,-0.474067017,-9.79274422,0.431839804,0.6335822,1.08802554,-0.0467236675,-0.31377998,0.124568388,7.66362,-24.2118073,-39.7680969,2
17.2862223,0.008228195,-0.0244398066,-0.997862927,-0.0600379269,0.0193792037,0.047805353,3.02094121,0.189816068,-0.468631803,-9.79360698,0.338553763,0.547492355,0.781383017,-0.0622847639,-0.261893511,0.0718730539,7.39015961,-24.4400711,-39.79953,2
17.2961803,0.00713660562,-0.0241207957,-0.997891616,-0.0598300808,0.0171494392,0.0473035514,3.02141735,0.167982184,-0.463716376,-9.79424002,0.219129712,0.366004592,0.413757911,-0.0372571759,-0.178422317,0.021762751,7.09131622,-24.3951797,-39.7922058,2
17.3061383,0.00651254546,-0.0240274096,-0.997897802,-0.0598358726,0.0158914723,0.0471919454,3.02143718,0.155662052,-0.462623138,-9.79449487,0.102761524,0.218416066,0.139577398,0.0137413265,-0.0712131262,-0.0141414776,6.93910217,-24.5400696,-39.7203369,2
17.3160953,0.0063888147,-0.0242206353,-0.997886904,-0.0599531503,0.0156732224,0.047590813,3.02120369,0.153521496,-0.466530301,-9.79434348,0.0395104649,0.137777983,-0.000784428376,0.0657099858,0.0227575842,-0.0286184214,7.02220917,-24.4592133,-39.6624756,2
17.3260533,0.0066530784,-0.024672167,-0.997866003,-0.0600871099,0.0162625262,0.0484584679,3.02091256,0.159286672,-0.475029286,-9.79384313,0.0698079149,0.0741516432,0.0394166491,0.106344387,0.0942574814,-0.0240330547,6.92845154,-24.4718018,-39.6076355,2
17.3360113,0.00723036064,-0.0252866962,-0.997842196,-0.0601600738,0.017494436,0.0496146598,3.02072401,0.171341961,-0.486353996,-9.79308383,0.0918700178,0.0881699029,0.216576466,0.121231727,0.150751382,-0.00946050324,6.74608612,-24.5286179,-39.3939209,2
17.3459683,0.00805233533,-0.0259383467,-0.997819766,-0.0601511366,0.0192159876,0.0508167441,3.02068489,0.188189617,-0.498127582,-9.7921825,0.0432991714,0.124783258,0.460631891,0.115456596,0.19321537,0.00527159125,6.88954163,-24.5622635,-39.5572815,2
17.3559263,0.0090503682,-0.0265186336,-0.997801554,-0.0600573155,0.021276423,0.0518568244,3.02080662,0.208354234,-0.508313825,-9.79125077,-0.0171179245,0.0950162982,0.651086658,0.0905962586,0.216366485,0.0243494119,6.94229126,-24.545784,-39.4160461,2
17.3658843,0.0100724487,-0.0269407507,-0.997792501,-0.0598569323,0.0233600155,0.0525809718,3.02114323,0.228746084,-0.51540561,-9.79042484,0.041947775,0.0648482832,0.779846893,0.0499205999,0.200865626,0.0449410714,7.00159454,-24.5089188,-39.5162659,2
17.3758413,0.010982402,-0.0271230402,-0.997794757,-0.0595761141,0.0251859514,0.0528424657,3.02165305,0.246618973,-0.517966437,-9.78985552,0.0807875558,-0.00232201321,0.900484028,-0.000296231359,0.172557816,0.0557500422,6.89990234,-24.6939163,-39.4334717,2
17.3857993,0.0117672711,-0.0270439432,-0.997805904,-0.0592764217,0.0267291856,0.0525984187,3.02221546,0.261730088,-0.515576473,-9.78958956,0.0207851417,-0.105567685,0.898572057,-0.0541030653,0.142732963,0.0557913408,6.96131897,-24.7059631,-39.3987732,2
17.3957573,0.012393679,-0.0266853132,-0.997826741,-0.0589582969,0.0279212278,0.0518164019,3.02283288,0.27341068,-0.507917958,-9.78967081,0.00147301343,-0.0880870834,0.77101243,-0.107916765,0.10343989,0.0647976175,7.02987671,-24.639946,-39.1880188,2
17.4057143,0.012841859,-0.0260464944,-0.997859434,-0.0585941156,0.0287216397,0.0504980248,3.02356234,0.281265339,-0.495006016,-9.7901092,0.0637983906,0.0372660835,0.587097293,-0.163003385,0.0681613609,0.0746747032,7.05368042,-24.5851212,-39.2059021,2
17.4156723,0.0131749179,-0.025147557,-0.997901716,-0.0581918033,0.029260136,0.0486754549,3.02438395,0.286563153,-0.47715468,-9.79084219,0.0492230633,0.114434627,0.351253232,-0.208533317,0.0520774722,0.0809927881,7.03397369,-24.6711044,-39.269043,2
17.4256303,0.0134422882,-0.0240415995,-0.997948666,-0.0577907137,0.0296444981,0.0464475846,3.02521422,0.290357157,-0.455331446,-9.79176924,0.0208884925,0.194813876,0.119793085,-0.242723122,0.0325859152,0.0706464648,7.0522995,-24.5320587,-39.3589172,2
17.4355873,0.0136018861,-0.0227981499,-0.997993899,-0.0574756129,0.0298030679,0.0439554284,3.0258823,0.291942727,-0.430916697,-9.79282723,-0.0173582908,0.323179157,-0.12021511,-0.260101616,0.00535349594,0.0484508835,7.00006866,-24.6070938,-39.4405823,2
17.4455453,0.0136216847,-0.0215236047,-0.998033734,-0.0572701056,0.0296849289,0.041414174,3.02633768,0.290817377,-0.40601822,-9.79392437,-0.0475072358,0.366665102,-0.368413626,-0.250224262,-0.0218927823,0.029619325,7.00443268,-24.3721848,-39.3624573,2
17.4555033,0.0135213658,-0.0203339364,-0.99806666,-0.0571543132,0.0293413725,0.0390535657,3.02661449,0.287479921,-0.382887301,-9.79495489,-0.00301940262,0.317646877,-0.515524926,-0.224939659,-0.043630302,0.0118778776,6.97901154,-24.1189041,-39.2323303,2
17.4654603,0.0133157267,-0.0193063475,-0.998092289,-0.0571111826,0.0288095935,0.0370265391,3.02674316,0.28229291,-0.363023347,-9.79586206,0.0391281145,0.215931117,-0.512672459,-0.182372808,-0.0596771985,0.00186268217,6.89247131,-24.0221939,-39.3173218,2
17.4754179,0.0130347114,-0.0185092286,-0.998110893,-0.0571167979,0.0281559753,0.0354669586,3.02676817,0.275905694,-0.347739123,-9.79659856,0.131856229,0.165182781,-0.410332613,-0.132321358,-0.0693617836,-0.00728394464,6.88199615,-23.9190674,-39.1937256,2
17.4853759,0.0127320084,-0.0179265805,-0.998121963,-0.0571772908,0.0274858411,0.0343366106,3.02667604,0.26935123,-0.336660972,-9.79716789,0.189736372,0.0577380128,-0.169145437,-0.0990546793,-0.0639344156,-0.0186383799,6.82821655,-23.8891068,-39.2994995,2
17.4953329,0.0124823701,-0.0174519382,-0.998126068,-0.0573062739,0.0269364604,0.0334140501,3.02644076,0.263977063,-0.32761893,-9.79762031,0.176555494,-0.0817880564,0.180112237,-0.0879929736,-0.0449964143,-0.0351723507,6.79192352,-23.8373718,-39.3633118,2
17.5052909,0.0123793713,-0.0170016891,-0.998122866,-0.0575190842,0.0266853861,0.0325211813,3.02603148,0.261524829,-0.318867614,-9.79797511,0.172722949,-0.168650165,0.461785737,-0.0910918787,-0.00982486084,-0.0552785285,6.80233002,-23.8391724,-39.3111267,2
17.5152489,0.0124349898,-0.016562058,-0.998110199,-0.0578537482,0.0267559065,0.0316279692,3.02537246,0.262223297,-0.310112718,-9.79823698,0.112319041,-0.246687234,0.555272414,-0.0853058994,0.0180706866,-0.0816824362,6.7299118,-23.9192505,-39.3692322,2
17.5252059,0.012617892,-0.0161634679,-0.998088177,-0.058306451,0.0270885642,0.0307985921,3.02447183,0.265489623,-0.301983261,-9.79840298,0.0638621948,-0.383804379,0.588358107,-0.0782751143,0.0400523394,-0.102898538,6.75880432,-23.8645706,-39.3026123,2
17.5351639,0.0128674759,-0.0157716589,-0.998059939,-0.0588392965,0.0275568739,0.0299723827,3.0234086,0.270085061,-0.293884655,-9.79852398,0.0755772556,-0.49305795,0.607034166,-0.0863910988,0.0521076694,-0.114726171,6.81882477,-23.7926636,-39.2340698,2
17.5451219,0.0132451993,-0.0153117907,-0.998027999,-0.0594160471,0.0282733393,0.0289932988,3.02225621,0.277113298,-0.284287299,-9.79861107,0.117031585,-0.523454952,0.687327015,-0.10307353,0.0914870799,-0.122293741,6.85414124,-23.8273087,-39.4289246,2
17.5550799,0.0138785102,-0.0148333482,-0.997989399,-0.0600382575,0.0294981414,0.027944202,3.02100686,0.289123085,-0.274003349,-9.79855671,0.1371939,-0.600477291,0.577887566,-0.0976302996,0.148792177,-0.135992765,6.81452179,-23.8663712,-39.4234314,2
17.5650369,0.0147542293,-0.0145034945,-0.997939478,-0.0607351103,0.0312259859,0.0271583585,3.01959749,0.306059643,-0.26629977,-9.79825451,0.0330185821,-0.589925064,0.307789353,-0.0468090735,0.191256508,-0.15043433,6.93777466,-23.7800293,-39.3493042,2
17.5749949,0.0157742207,-0.014522927,-0.997877257,-0.0614916311,0.0332858678,0.0270475297,3.0180532,0.326243221,-0.265213309,-9.79763317,-0.022180158,-0.532652879,0.057571899,0.0366349518,0.21428673,-0.1601578,6.84812927,-23.8442459,-39.4680176,2
17.5849529,0.016837753,-0.014962751,-0.997803202,-0.0623006346,0.0354870283,0.0277653237,3.01638622,0.34780174,-0.27224982,-9.79669851,-0.0245850637,-0.511251157,-0.0467623357,0.115497693,0.218560874,-0.169290274,6.97406006,-23.8696442,-39.4364319,2
17.5949099,0.017857649,-0.015728091,-0.997720172,-0.0631516514,0.0376452447,0.0291331083,3.01462092,0.368929941,-0.285657784,-9.7955435,-0.0301509542,-0.491857708,0.0548836828,0.162048951,0.202799216,-0.176011547,6.95911407,-23.848465,-39.2651672,2
17.6048679,0.0187714119,-0.016595533,-0.997633527,-0.0640275783,0.0396081539,0.0307135727,3.01280116,0.388138609,-0.301149897,-9.79433705,-0.00446837759,-0.482201406,0.258980607,0.1620121,0.182153568,-0.175633311,7.24368286,-23.7576447,-39.1101074,2
17.6148259,0.0195695338,-0.0173694896,-0.997548517,-0.0649023134,0.0413308363,0.0321191233,3.01098827,0.404992677,-0.314926841,-9.79322119,0.0707046446,-0.524089633,0.501923686,0.129602492,0.150670215,-0.176772341,7.27381897,-23.8785248,-39.1729736,2
17.6247829,0.020200651,-0.0179521955,-0.997467727,-0.0657861739,0.0426974474,0.0331617018,3.00916891,0.418361569,-0.325145598,-9.79232571,0.0827741448,-0.561904582,0.612657266,0.0926566049,0.115109064,-0.178998455,7.24578857,-24.0055542,-39.278717,2
17.6347409,0.020688903,-0.0183603993,-0.997390561,-0.0666852985,0.0437576248,0.0338721633,3.00733057,0.428732704,-0.332108935,-9.79164299,0.1129548,-0.536236546,0.512166848,0.0683784261,0.0892497748,-0.186254501,7.24578857,-24.0055542,-39.278717,2
17.6446989,0.0210412953,-0.0187090592,-0.997311438,-0.0676546578,0.0445421479,0.0344772643,3.00535807,0.436405321,-0.338039494,-9.79110113,0.0939097617,-0.519382478,0.245868027,0.0721217915,0.0543124899,-0.204874247,7.36843109,-23.9339828,-39.1669617,2
17.6546559,0.0211799938,-0.0190909878,-0.997228069,-0.0687255229,0.0449095055,0.0351721769,3.00318715,0.439991473,-0.344850124,-9.79070307,0.040943128,-0.542499332,-0.0371948814,0.0868927464,0.0036141593,-0.222946987,7.40531921,-23.9260178,-39.1638489,2
17.6646139,0.0210085479,-0.0195132178,-0.997142316,-0.0698943151,0.0446685128,0.0359859206,3.00082841,0.4376193,-0.352825158,-9.79052538,0.051096529,-0.558466352,-0.220679225,0.0928986818,-0.0696077868,-0.245015547,7.40423584,-24.0588455,-39.2796326,2
17.6745719,0.0204592274,-0.0198840059,-0.997053185,-0.0712105949,0.0436731328,0.0367452638,2.99819006,0.427861986,-0.360266852,-9.79068554,-0.0139649951,-0.553718098,-0.273490193,0.0775636658,-0.147205368,-0.278069884,7.48588562,-23.9454193,-39.3257751,2
17.6845289,0.0195881918,-0.0200657342,-0.996960398,-0.0726879599,0.0420157518,0.0371703922,2.99524997,0.411628023,-0.364433105,-9.79122739,-0.0861668194,-0.510197191,-0.227459095,0.0290111396,-0.204283014,-0.306189477,7.53472137,-24.0576859,-39.2928467,2
17.6944869,0.0185038196,-0.0199668958,-0.99686668,-0.0742675306,0.0398954484,0.037068689,2.99212585,0.390868217,-0.363436422,-9.79211528,-0.0311400383,-0.365596486,-0.222231715,-0.025988996,-0.2410357,-0.320295155,7.49878693,-24.0312729,-39.3409729,2
17.7044449,0.0173239419,-0.0196283838,-0.996771606,-0.0759004976,0.0375494737,0.0365083493,2.98890772,0.367902717,-0.357945058,-9.79320717,0.085049725,-0.165036833,-0.382449165,-0.0610881709,-0.250930697,-0.330858439,7.38822174,-23.9409332,-39.1593323,2
17.7144019,0.0161794697,-0.019164502,-0.996671169,-0.0775736159,0.0352543007,0.0356987953,2.98561106,0.345434755,-0.350011233,-9.79431191,0.102729247,-0.0468261947,-0.599665683,-0.0783992559,-0.227674901,-0.336506486,7.23329926,-23.9144135,-39.0955811,2
17.7243599,0.0152539356,-0.0186702274,-0.996562858,-0.0792543601,0.0333888217,0.0348012529,2.9822902,0.327173414,-0.341214836,-9.79524949,0.0799898478,-0.111886367,-0.796997935,-0.0805553794,-0.163168788,-0.334302962,7.20700073,-23.8962784,-39.1223145,2
17.7343179,0.0147539287,-0.0182000747,-0.996450867,-0.080850321,0.0323703328,0.0338917286,2.97912214,0.317206805,-0.332300694,-9.79588369,0.149512224,-0.334333333,-0.841554285,-0.083837457,-0.0554519221,-0.306158125,7.24933624,-23.8140945,-39.1759644,2
17.7442749,0.0148626269,-0.0177556546,-0.996339822,-0.082284151,0.0325618881,0.0329413716,2.97625735,0.319093422,-0.322986082,-9.79613387,0.332577685,-0.455427198,-0.848935043,-0.0892851129,0.0747738481,-0.277321905,7.31484222,-23.8279724,-39.2454224,2
17.7542329,0.01557342,-0.0173664022,-0.996220996,-0.083663011,0.033958897,0.0320011722,2.97348163,0.332788551,-0.313770729,-9.7959778,0.297933328,-0.303482888,-0.91867318,-0.0784484446,0.182201236,-0.291043043,7.31078339,-23.8230362,-39.1854858,2
17.7641909,0.0166606171,-0.0171125238,-0.996077704,-0.0851992988,0.0361319949,0.0312569504,2.97037367,0.354083706,-0.306476079,-9.79546225,-0.0102171138,-0.116697603,-1.07885205,-0.0507639609,0.226715937,-0.341383994,7.48907471,-23.594223,-39.2446289,2
17.7741479,0.0177903683,-0.0169791684,-0.99590352,-0.0870147872,0.0384174387,0.0307280123,2.96669955,0.3764759,-0.301291443,-9.7947883,-0.266043969,-0.0766916648,-1.12741004,-0.0330600664,0.203085706,-0.399435312,7.63801575,-23.5493011,-39.2892456,2
17.7841059,0.0186685911,-0.0168695682,-0.99570369,-0.0891125964,0.0402126074,0.0302715924,2.96246528,0.394064054,-0.296817567,-9.794233,-0.302636135,-0.053332928,-1.17405372,-0.0298226792,0.126835153,-0.453975707,7.73686981,-23.5751648,-39.2841492,2
17.7940639,0.0190910311,-0.0166884047,-0.995483749,-0.0914828828,0.0410927561,0.0297374489,2.95770048,0.402690756,-0.291581767,-9.79403894,-0.316949067,0.0888242934,-1.21046008,-0.0412377864,0.0200796854,-0.505253017,7.93635559,-23.5581665,-39.4454041,2
17.8040209,0.0189709449,-0.0163750229,-0.995247101,-0.094101261,0.0408719689,0.0290280849,2.95245849,0.400536684,-0.284628295,-9.79433237,-0.393205172,0.278793926,-1.13968734,-0.059154205,-0.0943443626,-0.552630663,7.88217163,-23.4177551,-39.4179077,2
17.8139789,0.0183448833,-0.0159342836,-0.994995898,-0.0969168065,0.0396208333,0.0281569591,2.94683892,0.38829201,-0.276088959,-9.79506945,-0.467451033,0.398793274,-0.985271851,-0.0729389936,-0.185201302,-0.578578353,7.94364166,-23.6334763,-39.3297424,2
17.8239369,0.0173860528,-0.015376056,-0.994737296,-0.0997945345,0.0376807756,0.0271235322,2.94110563,0.369298848,-0.265958373,-9.79608418,-0.339521695,0.471113026,-0.696204734,-0.0927866772,-0.22850588,-0.575691164,8.0316925,-23.2848816,-39.1105347,2
17.8338949,0.0163717627,-0.0146994327,-0.994477814,-0.102614314,0.0355988904,0.0258794537,2.93549145,0.348915254,-0.253762415,-9.79715503,-0.092736334,0.535232227,-0.366829571,-0.116740748,-0.209319666,-0.557386696,8.02410889,-23.440567,-39.133728,2
17.8438519,0.0156365114,-0.013987717,-0.994258638,-0.104927108,0.0340456765,0.0245358908,2.93088729,0.333709063,-0.240590744,-9.7980172,0.104578784,0.520863437,-0.191639593,-0.109139487,-0.122140087,-0.54006052,8.04277802,-23.231514,-39.0265503,2
17.8538099,0.0153827021,-0.0135384461,-0.994027414,-0.107190147,0.0334996389,0.0236196211,2.92635877,0.328366168,-0.23160783,-9.79841409,0.141046264,0.488088126,-0.246309341,-0.0300819464,-0.0131731248,-0.537985146,8.13214111,-23.1542053,-39.1947632,2
17.8637679,0.0155436535,-0.0137150415,-0.993773889,-0.109470457,0.0339126874,0.0238584219,2.92176013,0.332411498,-0.233949005,-9.79822178,-0.0274507919,0.448381152,-0.421277785,0.119733244,0.0654161721,-0.545266032,8.16355133,-23.0170288,-39.0686035,2
17.8737249,0.0159134288,-0.014722606,-0.993495866,-0.111785559,0.034930035,0.0256987419,2.9170515,0.342363896,-0.251990821,-9.79743209,-0.148284618,0.456846162,-0.490302806,0.282779127,0.108823568,-0.549233377,8.31472778,-23.0269241,-39.2582703,2
17.8836829,0.0163706314,-0.0164526337,-0.993199516,-0.114087621,0.0362958644,0.0289501667,2.91233212,0.355713572,-0.283864489,-9.79608477,-0.217449121,0.540195184,-0.35922085,0.400169879,0.134610385,-0.538530409,8.45281982,-23.1242523,-39.25,2
17.8936409,0.0168602814,-0.0186064536,-0.99289216,-0.116338701,0.0378398495,0.0330314036,2.90768819,0.370791242,-0.323868528,-9.79428444,-0.320064788,0.538151001,-0.0422930813,0.449781388,0.138057321,-0.5285694,8.5923233,-23.2644882,-39.0863342,2
17.9035979,0.0172666726,-0.0208571973,-0.992582784,-0.118516955,0.0392584808,0.0373208661,2.90317999,0.384627277,-0.365907707,-9.79227018,-0.498951136,0.380124741,0.324998262,0.445009142,0.107676126,-0.506305397,8.73681641,-23.3969574,-38.9907837,2
17.9135559,0.0175298296,-0.0229541764,-0.992285222,-0.120565423,0.0403695856,0.0413389705,2.89893781,0.395444731,-0.405281357,-9.79028865,-0.559897188,0.346924117,0.683942633,0.395852774,0.078605324,-0.47065869,8.95414734,-23.462326,-38.6863098,2
17.9235139,0.0177111562,-0.0246998666,-0.992012897,-0.122420623,0.041239777,0.0446836187,2.89510006,0.403905868,-0.438050787,-9.78853157,-0.585417048,0.367722611,0.956471873,0.307287008,0.0579892807,-0.429915667,9.11643982,-23.7005539,-38.6470032,2
17.9334709,0.0178960703,-0.0259118245,-0.991775641,-0.124054553,0.0419853673,0.0469745285,2.89173225,0.411160807,-0.460493359,-9.78719945,-0.625891499,0.415304227,1.18273796,0.181477144,0.0579325557,-0.382224292,9.18080902,-23.6479492,-38.3866272,2
17.9434289,0.0182114045,-0.0264683453,-0.991587196,-0.125389624,0.0428163659,0.0479426661,2.88899427,0.419274519,-0.469976861,-9.7864045,-0.623380978,0.45785764,1.35402625,0.0417675078,0.0772301927,-0.329375535,9.17303467,-23.739212,-38.4933777,2
17.9533869,0.018702282,-0.0263981425,-0.991438723,-0.126501329,0.0438268514,0.0476305619,2.8867326,0.429169744,-0.466919666,-9.78612218,-0.653327569,0.484877603,1.29179396,-0.0746435225,0.0959487557,-0.289743721,9.34802246,-23.7151337,-38.3347778,2
17.9633439,0.0193211628,-0.025872217,-0.991320894,-0.127437168,0.0449646116,0.0463875044,2.88484603,0.440329473,-0.454742906,-9.78619992,-0.687232323,0.577447202,1.04107908,-0.147542059,0.106745444,-0.261753559,9.44146729,-23.7050781,-38.353363,2
17.9733019,0.0200064169,-0.0250746278,-0.991222445,-0.128254481,0.0461557372,0.0445920193,2.88321264,0.452022687,-0.4371534,-9.78646821,-0.714487775,0.665950757,0.664859163,-0.188368589,0.110055491,-0.238381654,9.53542328,-23.4427948,-38.3738098,2
17.9832599,0.0206986959,-0.0241337758,-0.991089087,-0.129350479,0.0473323212,0.0424954601,2.88102679,0.463579306,-0.41661268,-9.7868236,-0.749088621,0.750904584,0.29127018,-0.213192329,0.104908623,-0.22113426,9.53542328,-23.4427948,-38.3738098,2
17.9932169,0.0213303988,-0.0230845547,-0.991018792,-0.129977075,0.048336474,0.0402203724,2.87979903,0.473451113,-0.394320768,-9.78727427,-0.829888689,0.90473606,-0.105267716,-0.224510491,0.0799958184,-0.212577254,9.61540222,-23.4625473,-38.4348755,2
18.0031749,0.021834095,-0.0219808481,-0.990951025,-0.130599952,0.0490692896,0.0378698754,2.87858858,0.480667401,-0.371287866,-9.78782372,-0.925840003,1.04780093,-0.467290179,-0.22786589,0.0516769588,-0.210895628,9.76441956,-23.4103928,-38.0778503,2
18.0131329,0.0221485713,-0.0208740942,-0.990888156,-0.131203227,0.0494223656,0.0355633534,2.87742565,0.48416423,-0.348683856,-9.78848248,-0.891029679,1.09013961,-0.773238873,-0.2143666,0.010303949,-0.195753694,9.92227173,-23.2780151,-38.1536255,2
18.0230899,0.0222344794,-0.0198352518,-0.990831649,-0.131776418,0.0493364938,0.0334530696,2.87632753,0.483358869,-0.328001353,-9.78923709,-0.77679905,1.08053029,-0.986316391,-0.191711381,-0.0398309492,-0.190286562,9.92195892,-23.0371704,-38.375885,2
18.0330479,0.0221093444,-0.0188670215,-0.990781629,-0.132313848,0.0488475096,0.0315406809,2.87530327,0.478601811,-0.309257124,-9.79008114,-0.656072776,0.908557152,-0.993403135,-0.176413387,-0.0655680001,-0.183843851,9.93614197,-22.9754181,-38.3315735,2
18.0430059,0.0218933733,-0.0179593317,-0.990739351,-0.132791731,0.0481909584,0.0297759152,2.87439723,0.472199542,-0.291958838,-9.79092285,-0.502876018,0.867765708,-0.861927795,-0.162391528,-0.0728201345,-0.169055358,9.8616333,-22.8960571,-38.2113647,2
18.0529629,0.0216353334,-0.0171314144,-0.990706874,-0.133185243,0.0474685208,0.0281851372,2.87365679,0.465147541,-0.276365183,-9.79171313,-0.397212837,0.789623607,-0.676783994,-0.141823933,-0.0837470889,-0.155619442,9.82685852,-22.9120865,-38.4875488,2
18.0629209,0.0213209583,-0.0164490268,-0.990679864,-0.133522907,0.0466709529,0.026901011,2.8730213,0.457354038,-0.263776974,-9.79242741,-0.302928798,0.691143359,-0.47989481,-0.104100972,-0.0840348452,-0.140044644,9.92713928,-22.9539566,-38.6234131,2
18.0728789,0.0210046053,-0.0159577747,-0.990651384,-0.133843225,0.0459198105,0.0259974634,2.87240941,0.450009155,-0.254919312,-9.793002,-0.287054645,0.562874925,-0.32130233,-0.0681171343,-0.0694007725,-0.130843684,10.0169144,-22.6717453,-38.7704468,2
18.0828359,0.0207650053,-0.0156330735,-0.990630852,-0.134071037,0.0453629876,0.0254079719,2.87197287,0.444562836,-0.249140272,-9.79339947,-0.257965511,0.451002842,-0.185932321,-0.0433878973,-0.0527634099,-0.114568658,9.8936615,-22.746521,-38.5489807,2
18.0927939,0.0205855376,-0.0153885696,-0.990619892,-0.134208111,0.0449445586,0.0249655474,2.87171345,0.440469868,-0.244802955,-9.79369407,-0.19012696,0.301965926,0.00365384633,-0.0372373275,-0.0343718901,-0.10191305,9.80799866,-22.7346497,-38.5144958,2
18.1027519,0.0204651147,-0.0151597874,-0.990615222,-0.13428597,0.0446458714,0.0245411401,2.87157097,0.437549194,-0.240642219,-9.79392788,-0.175384916,0.128415441,0.162953012,-0.0404655598,-0.0352003835,-0.0832673758,9.90408325,-22.8088608,-38.5186768,2
18.1127089,0.0202672996,-0.0149294025,-0.99063013,-0.134231796,0.0441900481,0.0241403445,2.87169683,0.433089073,-0.236712916,-9.7942219,-0.104635337,0.0881242006,0.288792392,-0.034793295,-0.0596817583,-0.0530154668,9.80285645,-22.7549133,-38.337677,2
18.1226669,0.0199869215,-0.0147268081,-0.990671921,-0.133988406,0.0435735566,0.0238250929,2.87220496,0.427054177,-0.233622239,-9.7945615,-0.0769030243,0.00707234954,0.423805843,-0.0260841101,-0.0629626513,-0.0143385809,9.73521423,-22.7645264,-38.6288147,2
18.1326249,0.0196774386,-0.0145668729,-0.990728712,-0.133630825,0.0429082904,0.0236068062,2.87294168,0.420540265,-0.231482176,-9.7948941,-0.0724839657,-0.13378179,0.54310033,-0.0229738038,-0.0705955401,0.00853983685,9.8653717,-22.6940918,-38.6280823,2
18.1425819,0.0193432405,-0.01439522,-0.990797746,-0.133186178,0.0421890033,0.0233751271,2.87385514,0.413497068,-0.229210815,-9.79524715,-0.09536829,-0.31397228,0.73154785,-0.0292335227,-0.0685805678,0.0241090823,9.82073975,-22.6511612,-38.6911926,2
18.1525399,0.019034777,-0.0141507498,-0.990877518,-0.132661861,0.0414996739,0.0229949682,2.87493189,0.406748398,-0.225483739,-9.79561598,-0.104182003,-0.35316345,0.884547623,-0.0504165739,-0.0696969628,0.0311872326,9.68733215,-22.6937027,-38.5383606,2
18.1624979,0.0187041027,-0.0138129991,-0.990963447,-0.132101896,0.0407411318,0.0224365419,2.87608517,0.399322961,-0.220008852,-9.79604619,-0.127282601,-0.354598122,1.02668406,-0.0641310662,-0.081989944,0.0319857821,9.55538177,-22.7336426,-38.6938477,2
18.1724559,0.0182672702,-0.013419401,-0.99104722,-0.131573782,0.0397586501,0.0217932575,2.87717834,0.389703886,-0.213701934,-9.79657343,-0.175124329,-0.388587997,0.994590299,-0.0687913299,-0.11724434,0.0303572547,9.63743591,-22.7499161,-38.5440979,2
18.1824129,0.0176567987,-0.0129793303,-0.991137286,-0.131021933,0.0384197807,0.021103307,2.87832428,0.376592767,-0.20693739,-9.79723101,-0.187601314,-0.335198206,0.899929317,-0.0728110895,-0.147090033,0.0346852951,9.48987579,-22.6893997,-38.5617371,2
18.1923709,0.016910368,-0.0124886089,-0.991231127,-0.130456876,0.0367985362,0.0203474522,2.87950052,0.36071423,-0.199526565,-9.79798212,-0.194168381,-0.248636597,0.726502257,-0.0824701115,-0.176477477,0.0273546781,9.31145477,-22.6974564,-38.5029602,2
18.2023289,0.0160238741,-0.0119348795,-0.991317754,-0.129961893,0.0348853665,0.0194987654,2.88053914,0.341974166,-0.191205458,-9.79882033,-0.281820653,-0.268928749,0.548822215,-0.0903748274,-0.203982666,0.0157052986,9.28485107,-22.6065903,-38.5513,2
18.2122859,0.0150686407,-0.0113495638,-0.991393352,-0.129551256,0.0328301763,0.0186005141,2.88140803,0.321840529,-0.182398211,-9.79967022,-0.299994243,-0.301528375,0.354095762,-0.0893545747,-0.204686001,-0.000190310413,9.29316711,-22.6906128,-38.56073,2
18.2222439,0.0141177477,-0.0108340861,-0.991457938,-0.129207708,0.0308037708,0.0178357833,2.88213681,0.301985983,-0.174900019,-9.80043887,-0.356305182,-0.313964608,0.141780461,-0.0610787012,-0.203698054,-0.0244490393,9.06569672,-22.7054749,-38.571228,2
18.2322019,0.0131368958,-0.0105275807,-0.991502322,-0.128994806,0.0287749019,0.0174879501,2.88259362,0.282103306,-0.171489461,-9.8010912,-0.452690942,-0.273680967,-0.1590864,-0.00628282689,-0.202340096,-0.0509624071,8.9847641,-22.6858521,-38.9126892,2
18.2421589,0.0121700114,-0.0105234826,-0.99152352,-0.128927132,0.0268546786,0.0177314009,2.88274686,0.263281391,-0.173876539,-9.80157284,-0.564203397,-0.209493559,-0.407003176,0.0578761399,-0.181224719,-0.070169501,8.98117065,-22.5973816,-38.8941956,2
18.2521169,0.0112868766,-0.010844807,-0.991530465,-0.128927237,0.0251859631,0.0185966133,2.88275233,0.246921116,-0.182359961,-9.80184465,-0.621464842,-0.149834094,-0.555322099,0.117443062,-0.156719372,-0.0842349827,8.91116333,-22.8298874,-38.8325806,2
18.2620749,0.0105256147,-0.0114347083,-0.991524274,-0.128989193,0.0238297149,0.0199615262,2.88262425,0.233620996,-0.195742699,-9.80191245,-0.639738239,-0.224438267,-0.547473139,0.158594131,-0.11613816,-0.0908496976,8.90155029,-22.8044891,-38.8960571,2
18.2720319,0.010020241,-0.0122246333,-0.991512765,-0.129045624,0.023032902,0.0216573163,2.88249778,0.225802669,-0.212369114,-9.80174995,-0.580145319,-0.304178451,-0.428823378,0.182754338,-0.0409592465,-0.0786289871,8.86601257,-22.8427734,-38.6282349,2
18.2819899,0.00997368156,-0.0131319919,-0.991511279,-0.128971063,0.0231737855,0.0234705584,2.88262272,0.227174286,-0.230146416,-9.80131682,-0.414670971,-0.33862471,-0.186544316,0.17657128,0.0711146519,-0.0423968397,8.85491943,-22.9419937,-38.7381592,2
18.2919479,0.0105783732,-0.0139698776,-0.99153256,-0.128670663,0.0245827765,0.0249835233,2.88318893,0.240975177,-0.244979188,-9.80062767,-0.207756396,-0.316010763,0.194342422,0.120930932,0.213340506,0.0157607365,8.96323395,-23.0807571,-38.4124451,2
18.3019049,0.0119097268,-0.0145666995,-0.991587921,-0.128059929,0.0273624518,0.0258408848,2.88436824,0.268210938,-0.253384303,-9.79970646,-0.114234592,-0.122354296,0.468754407,0.0480774008,0.346854329,0.0868804902,9.15016937,-23.0958862,-38.3699646,2
18.3118629,0.0139012683,-0.0149230582,-0.991684083,-0.127069461,0.0313796721,0.0260680176,2.8863024,0.307574432,-0.255610966,-9.79849183,-0.241884291,0.210122577,0.294708338,-0.00728918333,0.463520497,0.15910995,9.17414856,-23.1671066,-38.2244568,2
18.3218209,0.0163289486,-0.0151579902,-0.991818669,-0.125695055,0.0362214082,0.0259659368,2.88900254,0.355013279,-0.254610246,-9.7969142,-0.464848084,0.733302365,-0.373205536,-0.0244250149,0.508676589,0.225317866,9.20134735,-23.2244492,-38.129364,2
18.3317779,0.0187174444,-0.0154065562,-0.991928746,-0.124458035,0.0409929149,0.0259082375,2.89142462,0.401755704,-0.254044593,-9.79512323,-0.729762135,1.47793203,-1.39462714,-0.00317991292,0.453684986,0.2542952,9.20134735,-23.2244492,-38.129364,2
18.3417359,0.0205858089,-0.0157610455,-0.992090434,-0.122818485,0.0447477704,0.0262191332,2.89466392,0.438528524,-0.2570924,-9.79346611,-0.995480379,2.04660987,-2.43192612,0.0463475175,0.305745095,0.237864777,9.33255768,-23.193985,-37.9920959,2
18.3516939,0.0215507164,-0.0163562074,-0.99224789,-0.121293972,0.0467695103,0.027234247,2.89767941,0.458314992,-0.267043721,-9.79229414,-1.12450241,2.30376253,-3.18981545,0.141315833,0.115753852,0.22112681,9.40731812,-23.3020554,-37.8694458,2
18.3616509,0.0214586794,-0.0173970134,-0.992406138,-0.119862811,0.0467992442,0.0293898412,2.90050925,0.458578173,-0.288174388,-9.79168273,-0.890433028,2.19755169,-3.50451619,0.27369073,-0.100603729,0.213186964,9.45758057,-23.2513275,-37.9353638,2
18.3716089,0.0203489228,-0.0190110236,-0.99256377,-0.11849763,0.0449402001,0.0329226555,2.90320667,0.440325746,-0.322802652,-9.79144016,-0.4935975,1.83743594,-3.31591611,0.418289185,-0.248951927,0.2039956,9.36763,-23.5243225,-37.6453247,2
18.3815669,0.0185179202,-0.0212457312,-0.992706037,-0.117219603,0.0417886164,0.037849241,2.90572837,0.409393652,-0.371085658,-9.79107132,-0.12538221,1.53047924,-2.68825592,0.549483657,-0.361813664,0.177939609,9.14538574,-23.615387,-37.7240295,2
18.3915239,0.0162192864,-0.0239625033,-0.99280334,-0.116208064,0.0378197143,0.0438245096,2.90772327,0.370440273,-0.429634074,-9.79022844,0.191597836,1.41574738,-1.87716516,0.633240342,-0.423713267,0.112455942,9.08045197,-23.7837601,-37.8190002,2
18.4014819,0.0136562801,-0.0269490843,-0.992836933,-0.115594893,0.0333958374,0.0503762043,2.90893719,0.327025019,-0.493812897,-9.78874785,0.413680389,1.32894179,-0.955082464,0.672097921,-0.447621584,0.0334460065,8.97853851,-24.0786743,-37.3471985,2
18.4114399,0.0112396382,-0.0300454843,-0.992808041,-0.115339475,0.0293004004,0.0570970673,2.90944283,0.286829476,-0.559626774,-9.78646646,0.412575935,1.03218382,-0.00162789346,0.674136817,-0.358670115,-0.02352513,8.88568878,-24.31073,-37.1808472,2
18.4213969,0.00961428983,-0.0331727423,-0.992728739,-0.115311622,0.0267966983,0.0636888383,2.90946297,0.262221671,-0.624151962,-9.78325393,0.262257381,0.919986966,0.624385114,0.64908129,-0.13500309,-0.0774765387,8.69445038,-24.6463165,-37.2470093,2
18.4313549,0.00927025126,-0.0363619942,-0.992591334,-0.115560685,0.0268764121,0.0701000456,2.90884729,0.262888592,-0.686883728,-9.77903193,-0.202286093,1.01264625,0.872152837,0.652628362,0.128936678,-0.148938194,8.62028503,-24.685257,-37.0944519,2
18.4413129,0.010061571,-0.0398773136,-0.992375032,-0.116191096,0.0293273093,0.0768840942,2.90735823,0.286711932,-0.753232808,-9.77347546,-0.693577308,1.00297943,0.776364896,0.726502895,0.318415701,-0.249719277,8.64493561,-25.1494293,-36.758606,2
18.4512699,0.0114361712,-0.0438655049,-0.992059023,-0.117319934,0.0331073271,0.0844513072,2.9047691,0.323455782,-0.827200327,-9.76634546,-1.0647612,1.07126072,0.392896325,0.808721304,0.372946322,-0.35760659,8.75088501,-25.3711472,-36.615387,2
18.4612279,0.0128108194,-0.0480674191,-0.99165598,-0.118928015,0.037007313,0.0924170546,2.90116392,0.36128655,-0.905012173,-9.75811481,-1.25222957,1.02023452,0.297576587,0.803603947,0.329989851,-0.449295282,8.86626434,-25.5944366,-36.5327454,2
18.471186,0.0139668092,-0.0518848641,-0.991201347,-0.120965604,0.0404520353,0.0996424911,2.89669756,0.394623587,-0.975542849,-9.75002444,-1.24187243,0.727295526,0.504515456,0.6720981,0.262058735,-0.522311449,9.11201477,-25.7007294,-36.1656494,2
18.481143,0.0148043401,-0.0547750194,-0.990749006,-0.123276068,0.0430906082,0.105079822,2.89174443,0.420113637,-1.02858573,-9.74350527,-1.1430137,0.479117834,0.853834505,0.458736986,0.142505407,-0.543901503,9.43838501,-25.9885864,-35.9311829,2
18.491101,0.0151459438,-0.0564808328,-0.99035233,-0.125629821,0.0444659676,0.108277736,2.88682314,0.433365625,-1.05976822,-9.73958254,-0.821975213,0.517931841,1.15741705,0.230815113,0.0194756147,-0.534154058,9.66217041,-26.1330872,-35.5742493,2
18.501059,0.0151419834,-0.0570169976,-0.990037564,-0.127849455,0.0448437062,0.109243307,2.88228992,0.436998538,-1.06918128,-9.73839129,-0.4648319,0.792203467,1.19183955,0.00809282251,-0.0445696786,-0.489986867,9.78292084,-26.3095093,-35.7659302,2
18.511016,0.0151243863,-0.0564708141,-0.989821623,-0.129752072,0.0448720831,0.108077506,2.87847885,0.43733051,-1.05781613,-9.73961761,-0.0171488859,1.26506553,1.02607031,-0.198799372,-0.038271036,-0.409425706,9.96774292,-26.1457443,-35.4787292,2
18.520974,0.0153109782,-0.0550026635,-0.989707475,-0.131223203,0.0450052272,0.105047878,2.87558823,0.43876942,-1.02827418,-9.74271616,0.31136312,1.57639811,0.8880606,-0.369782358,-0.00805642549,-0.317079097,10.1210709,-26.1220856,-35.6607666,2
18.530932,0.0157273699,-0.0529395881,-0.989679611,-0.132228052,0.0453761231,0.100797864,2.87366272,0.442577179,-0.986816377,-9.74683061,0.556701936,1.76328744,0.609509616,-0.448839873,0.0309269279,-0.231656626,10.2385406,-26.0053635,-35.6491699,2
18.54089,0.0162716755,-0.0507681088,-0.989701648,-0.132848146,0.0459260328,0.0963160862,2.87251304,0.448135543,-0.94307843,-9.7509059,0.714098921,1.81427002,0.0551373653,-0.419480294,0.0392044187,-0.167359591,10.2701874,-25.8460693,-35.7630615,2
18.550847,0.0166566263,-0.0490003939,-0.989734069,-0.13322143,0.0462419712,0.092689343,2.87184952,0.451371347,-0.907670944,-9.7541161,0.69365483,1.73023024,-0.523892357,-0.284159213,-0.00461603189,-0.122604378,10.2997589,-25.6169128,-35.8194885,2
18.560805,0.016539201,-0.0480533934,-0.98975114,-0.133454478,0.045769862,0.090832191,2.8714561,0.446842617,-0.889535129,-9.75599533,0.600919117,1.57293145,-0.980053824,-0.0748681352,-0.110353678,-0.094453387,10.3921432,-25.6456528,-35.8743286,2
18.570763,0.0157341785,-0.0480679097,-0.989736156,-0.13365722,0.0441920682,0.0910689518,2.8711162,0.431439808,-0.891847352,-9.75647756,0.442742306,1.3413601,-1.06471539,0.125957116,-0.22096993,-0.0871051922,10.4712372,-25.629837,-35.8078003,2
18.58072,0.0143156491,-0.0488422562,-0.989687337,-0.133896918,0.0416073544,0.0929773862,2.87070543,0.406149153,-0.910483517,-9.7558416,0.242080179,1.0831667,-0.655493953,0.251087993,-0.311755717,-0.0977742821,10.3318863,-25.5992355,-35.8641357,2
18.590678,0.0124497542,-0.04990543,-0.989621893,-0.13417558,0.0382169702,0.0955795668,2.87024284,0.37297907,-0.935888884,-9.75476199,0.138481492,0.912546806,0.141144501,0.268053114,-0.387877911,-0.114924237,10.0382767,-25.8552017,-35.8079529,2
18.600636,0.0103442705,-0.0507105719,-0.989540841,-0.134649423,0.0342988139,0.0977301626,2.86943115,0.334685799,-0.9568806,-9.75411434,0.142807027,0.825949085,1.0077964,0.156406745,-0.416998178,-0.152053207,10.0849457,-25.8131943,-35.755249,2
18.610593,0.00835722135,-0.0506979398,-0.989478406,-0.135249237,0.0304035115,0.098226296,2.86840701,0.296673665,-0.961722633,-9.75486837,0.235137557,0.767195136,1.67054719,-0.0509837344,-0.39227739,-0.166726157,9.98165894,-25.9401932,-35.7860413,2
18.620551,0.00678487952,-0.0497644193,-0.98944964,-0.135893304,0.0270819366,0.0967857699,2.86730421,0.264307811,-0.947662982,-9.7571749,0.311347265,0.730839555,1.7901696,-0.220014721,-0.299904972,-0.178179249,9.94663239,-25.8549576,-35.7562256,2
18.630509,0.00588136622,-0.0482885932,-0.989428248,-0.136621302,0.0249457918,0.0940879146,2.86599139,0.243527364,-0.921326471,-9.76023779,0.186679961,0.739218896,1.18734925,-0.295724928,-0.159717783,-0.209593102,9.86523438,-25.7173233,-35.7591248,2
18.640466,0.00569446743,-0.0468620712,-0.989377189,-0.137492861,0.0242577307,0.0912893756,2.86431515,0.236873276,-0.894,-9.76294238,-0.0166075273,0.710845034,0.246738965,-0.241658181,-0.0194594562,-0.242667615,9.94750977,-25.5919418,-35.7990723,2
18.650424,0.0060913062,-0.0460210649,-0.989281458,-0.138445403,0.0248970273,0.0894883374,2.86239304,0.243154348,-0.876409983,-9.76438264,-0.215921089,0.686521252,-0.572134117,-0.10317567,0.101626486,-0.268092006,9.83142853,-25.6261749,-35.8125305,2
18.660382,0.00687761628,-0.0460242807,-0.989130091,-0.139485497,0.026553945,0.0892477782,2.86021772,0.25933837,-0.874060278,-9.76417689,-0.331165261,0.688211835,-1.0360668,0.0689177364,0.182498842,-0.272406071,10.1018982,-25.4672852,-35.7815857,2
18.670339,0.00793340784,-0.0468753442,-0.988930994,-0.140553499,0.0289911385,0.090606748,2.85791598,0.283100062,-0.887333382,-9.76231928,-0.32903961,0.685772918,-1.14297001,0.213376924,0.251647562,-0.280992895,10.2845535,-25.4743195,-35.7215881,2
18.680297,0.00909471573,-0.0483565769,-0.988693884,-0.141644675,0.0318260916,0.09317804,2.85551631,0.310700966,-0.912442761,-9.75916461,-0.293792758,0.667487392,-0.851188959,0.31119439,0.263057977,-0.280008763,10.4817657,-25.5729294,-35.8365784,2
18.690255,0.010204903,-0.0501661851,-0.988402365,-0.142968777,0.0346854596,0.0964000246,2.85261934,0.33850101,-0.943897784,-9.75524773,-0.242733784,0.666919968,-0.221989139,0.345983803,0.251462847,-0.277948797,10.4817657,-25.5729294,-35.8365784,2
18.700212,0.0112487687,-0.0519762602,-0.988143152,-0.144031367,0.0373973904,0.0996444335,2.85024704,0.364838872,-0.975561846,-9.75118238,-0.117937667,0.647407896,0.454497333,0.318676978,0.24229598,-0.272797912,10.6774445,-25.7378845,-35.874054,2
18.71017,0.0123473576,-0.0535194774,-0.987898233,-0.145052858,0.0401429311,0.102340105,2.84796041,0.391502752,-1.00186263,-9.7474806,0.0164085524,0.567017067,0.92140582,0.238322496,0.254414976,-0.262876034,10.7668381,-25.6919327,-35.7495728,2
18.720128,0.0135405148,-0.0545755587,-0.987682209,-0.146020547,0.0429310112,0.104039821,2.84580021,0.418604292,-1.01844245,-9.74463573,0.127871397,0.574768338,1.11907534,0.120890036,0.25015536,-0.26210463,10.846138,-25.7848511,-35.6614685,2
18.730085,0.014791794,-0.0550120913,-0.9874911,-0.147024288,0.0456545262,0.104488423,2.84360294,0.445121456,-1.02281788,-9.74300258,0.057959364,0.583034281,1.08452133,-0.00712545868,0.241854012,-0.276270509,10.988327,-25.7252579,-35.4559021,2
18.740043,0.0160738668,-0.0548724645,-0.987316809,-0.148109024,0.0482725673,0.103777822,2.84128246,0.470662432,-1.01588699,-9.74252736,-0.0530247206,0.558595933,0.770555918,-0.104724787,0.22137101,-0.297361344,11.1487122,-25.7823029,-35.3584595,2
18.750001,0.0171993105,-0.054363828,-0.987142214,-0.149328773,0.0504780932,0.10237167,2.8387351,0.492220257,-1.00217052,-9.74288217,-0.132492298,0.618650808,0.185080089,-0.140033513,0.155846596,-0.32171914,11.3833084,-25.7338104,-35.366394,2
18.759958,0.0180291876,-0.0537855312,-0.986950237,-0.150703125,0.0520874915,0.100904318,2.83591125,0.507975826,-0.987854999,-9.74353566,-0.295191993,0.758761216,-0.392616339,-0.114014223,0.106800914,-0.361575246,11.4614944,-25.6786957,-35.2552185,2
18.769916,0.0186751082,-0.0534254112,-0.986709952,-0.152317217,0.0534207179,0.0999078121,2.83260158,0.521018007,-0.978131843,-9.74382793,-0.577282586,0.836127072,-0.958702408,-0.0396861918,0.0843347535,-0.414527655,11.5791855,-25.692131,-35.4799194,2
18.779874,0.0191621408,-0.0534958842,-0.986404184,-0.154200248,0.0546000244,0.099793066,2.82872422,0.532514712,-0.977012191,-9.74331881,-0.761610687,0.806426638,-1.34063778,0.0668608472,0.0650668144,-0.459857106,11.7866516,-25.6943817,-35.3773499,2
18.789831,0.0194595699,-0.0541187761,-0.986035419,-0.156290481,0.0556029711,0.100814052,2.82439442,0.542230745,-0.986974271,-9.74177859,-0.75860756,0.754438823,-1.38138305,0.189318329,0.0370655395,-0.491385728,11.9083939,-25.6160278,-35.3491516,2
18.799789,0.0194862892,-0.055249197,-0.985613171,-0.158539093,0.0562573569,0.102911551,2.81972039,0.548487905,-1.00743714,-9.73933354,-0.672538319,0.688111809,-0.994620694,0.281738907,-0.00691147381,-0.512302995,12.0204315,-25.4433136,-35.1584167,2
18.809747,0.0193086353,-0.056618211,-0.985162931,-0.160859153,0.056604431,0.105540206,2.81489515,0.551716439,-1.03307551,-9.7364647,-0.543636812,0.60077379,-0.216979786,0.293153733,-0.03302297,-0.525177002,12.0812988,-25.649826,-35.2639465,2
18.819704,0.019049249,-0.0578134648,-0.984701513,-0.163272028,0.0567543094,0.10784653,2.80990105,0.553039066,-1.05556419,-9.73397756,-0.462808504,0.58345901,0.647533349,0.22084029,-0.0486395098,-0.53327167,12.365036,-25.6158524,-35.0242004,2
18.829662,0.0188885444,-0.0585218983,-0.984261174,-0.165675894,0.0569433692,0.10915957,2.80495705,0.554800011,-1.068365,-9.7324806,-0.445415799,0.58773033,1.27825526,0.100566082,-0.026100114,-0.527802348,12.4583054,-25.6642685,-35.1336365,2
18.83962,0.0189708414,-0.0586479069,-0.983855557,-0.168014017,0.0574100555,0.109244568,2.80017393,0.559336741,-1.06919356,-9.73212989,-0.505617755,0.614296631,1.51717508,-0.0197787881,0.00353374798,-0.516938567,12.5819168,-25.6479874,-34.9501648,2
18.849578,0.0192080911,-0.0582755499,-0.983476554,-0.170320473,0.0580045764,0.108293757,2.79548564,0.565181302,-1.05992443,-9.73280618,-0.579397715,0.643334656,1.23907652,-0.109234102,0.00280510727,-0.511888683,12.7771072,-25.504631,-34.8482056,2
18.859535,0.019475848,-0.0575530809,-0.983118969,-0.172584526,0.0585253874,0.106642611,2.79091357,0.570351764,-1.0438256,-9.7342441,-0.643974342,0.645940527,0.669946257,-0.158969104,-0.00368091604,-0.505494475,12.8460083,-25.4963684,-35.0960083,2
18.869493,0.0197338336,-0.0566992036,-0.982776167,-0.17477695,0.0589644145,0.104738609,2.78650113,0.574741377,-1.0252579,-9.73595909,-0.583870148,0.581883066,0.0195405668,-0.161140382,-0.0122333914,-0.494907856,12.8903656,-25.3262558,-34.9967041,2
18.879451,0.0198997931,-0.0559072561,-0.982437909,-0.176901802,0.0592291071,0.10299218,2.78222898,0.577423492,-1.00822361,-9.73757939,-0.45786396,0.486438605,-0.497333436,-0.129738271,-0.0320467018,-0.479313463,13.0280533,-25.3467026,-35.0794678,2
18.889408,0.0199801498,-0.0553194904,-0.982091101,-0.178991116,0.0593895204,0.101680139,2.77801705,0.579063551,-0.995424192,-9.7387987,-0.316151195,0.443113112,-0.682113664,-0.0742707551,-0.0277654044,-0.472582608,13.1864319,-25.0895081,-35.2617798,2
18.899366,0.020050292,-0.055065916,-0.981716375,-0.181104233,0.0596520947,0.101027607,2.77372363,0.581659303,-0.989057872,-9.73929262,-0.298695508,0.428965636,-0.73114979,0.00290869921,-0.0158153586,-0.492567062,13.3298721,-25.1978073,-35.2885132,2
18.909324,0.0201198521,-0.0552388017,-0.981280338,-0.183392886,0.0600906691,0.101202488,2.76902858,0.585920249,-0.990764092,-9.73886358,-0.371041563,0.412715343,-0.61037237,0.0927222148,0.00144192483,-0.526299179,13.5524902,-25.0366974,-35.1511536,2
18.919281,0.0202136204,-0.0558301941,-0.980784347,-0.185839901,0.0607554226,0.102179477,2.76396325,0.592335011,-1.0002956,-9.73750106,-0.390025848,0.408629828,-0.327722719,0.162040874,0.0201548133,-0.556409717,13.6652374,-25.0345306,-34.984314,2
18.929239,0.0203305004,-0.0566455675,-0.980243691,-0.188415263,0.0615721402,0.103576866,2.75860677,0.600200995,-1.01392687,-9.73560955,-0.358088266,0.397271617,0.110170686,0.180850506,0.025012685,-0.577732325,13.7641602,-24.9347839,-35.130249,2
18.939197,0.0204691816,-0.0573958905,-0.979688548,-0.191042458,0.0624199231,0.10483113,2.75314404,0.608374657,-1.02616025,-9.73382033,-0.304461597,0.402621673,0.555049711,0.13458173,0.0205234569,-0.590489447,13.7064667,-24.799057,-35.2295532,2
18.949154,0.0206304514,-0.0577917196,-0.979137779,-0.193710209,0.0631820507,0.105374354,2.74762874,0.61575757,-1.03145807,-9.73279624,-0.299275061,0.402831809,0.856592864,0.0450595692,0.00681803189,-0.594206691,13.8854752,-24.8077774,-35.1454773,2
18.959112,0.0207748392,-0.0576844217,-0.978605739,-0.196397161,0.0637121675,0.104932835,2.74212637,0.620945933,-1.02715219,-9.73292192,-0.370902447,0.366802683,0.966552537,-0.0578612052,-0.0255065206,-0.593559146,14.1556931,-24.7411118,-34.9641724,2
18.96907,0.0208369297,-0.0570715518,-0.978085062,-0.199143799,0.0638766749,0.103527408,2.73656154,0.622638635,-1.01344442,-9.73425053,-0.488863567,0.34291963,0.834254775,-0.145728484,-0.0621899664,-0.597238064,14.5080338,-24.5293045,-34.900116,2
18.979027,0.0207777893,-0.0560899047,-0.977577166,-0.201903657,0.0636432516,0.10144812,2.73101854,0.620499066,-0.993160631,-9.73647756,-0.637259427,0.261134716,0.550823618,-0.191701546,-0.100741096,-0.594474018,14.6159439,-24.3669815,-35.1395569,2
18.988985,0.0206182269,-0.054930319,-0.977084282,-0.204607008,0.0631209431,0.0990678048,2.72561667,0.615560952,-0.969934873,-9.73913246,-0.709235115,0.257960543,0.265575767,-0.208630472,-0.118219949,-0.590783954,14.5301132,-24.276123,-35.0823669,2
18.998943,0.0203780467,-0.0537312468,-0.976588181,-0.207299776,0.0624104461,0.0966482654,2.72024392,0.608785759,-0.946320846,-9.74188088,-0.748099391,0.247215277,-0.0355897843,-0.206297547,-0.133060142,-0.578983128,14.6821747,-23.9483719,-35.025116,2
19.0089,0.0201433391,-0.0525244067,-0.976095718,-0.209934519,0.0616895893,0.0942194733,2.71498624,0.601903013,-0.922610958,-9.74458254,-0.752888305,0.227395966,-0.207515208,-0.211298704,-0.113392435,-0.563322961,14.9007111,-23.919426,-35.0601807,2
19.018858,0.02004776,-0.0513195598,-0.975611438,-0.212477307,0.061221684,0.0917451627,2.70990082,0.597481251,-0.898451061,-9.74711177,-0.725422353,0.244685612,-0.266337399,-0.217177391,-0.080602549,-0.552943468,14.9149323,-23.787674,-35.1331482,2
19.028816,0.020085817,-0.0501550734,-0.975117039,-0.215006593,0.0610202146,0.0892955894,2.70482439,0.595649908,-0.874527311,-9.74939959,-0.709225835,0.294084288,-0.284550517,-0.205189705,-0.0554178357,-0.559067905,15.1381226,-23.7344513,-35.2974548,2
19.038773,0.0202332979,-0.0491447923,-0.974554606,-0.217758423,0.0611097602,0.0870866624,2.69926328,0.596639467,-0.85294932,-9.75125018,-0.756603015,0.310663886,-0.348240606,-0.16757004,-0.0224799085,-0.581422269,15.133728,-23.7297897,-35.2958984,2
19.048731,0.0205419971,-0.0483803082,-0.973976664,-0.220469558,0.0616103936,0.0852881734,2.69374545,0.601614661,-0.835377642,-9.75246599,-0.852108997,0.286508227,-0.328619375,-0.121735431,0.021815652,-0.611821473,15.1940689,-23.4449997,-35.306366,2
19.058689,0.0209837034,-0.0478845081,-0.973342579,-0.223318062,0.0624962024,0.0839425279,2.68790533,0.610322905,-0.822228603,-9.75304233,-0.887153495,0.258395354,-0.191573542,-0.0719807446,0.0500721186,-0.651190281,15.257843,-23.4088898,-35.3549194,2
19.068646,0.0214727705,-0.0476323212,-0.972632713,-0.226397234,0.0635997115,0.0830301246,2.68155951,0.621132541,-0.813312087,-9.75310721,-0.936868908,0.248880287,-0.0165823015,-0.0299621932,0.0545100123,-0.707603514,15.3769455,-23.1952133,-35.4376221,2
19.078604,0.0218678607,-0.0474836562,-0.971853364,-0.22971347,0.064583528,0.0823406309,2.67471848,0.630763489,-0.806573572,-9.75304876,-0.975679262,0.246181988,0.14676351,-0.020380456,0.0248828661,-0.738656044,15.6124496,-23.0942612,-35.5416565,2
19.088562,0.0220902521,-0.0472724703,-0.971029066,-0.233195164,0.0652109827,0.0815937108,2.66755133,0.636922085,-0.799273405,-9.75324925,-0.949067223,0.411862891,0.324285146,-0.0360164084,-0.022938719,-0.766443193,15.8431625,-22.8513184,-35.3929443,2
19.098519,0.0220967932,-0.0468501571,-0.970169162,-0.236830741,0.0653243485,0.0805257541,2.66009991,0.638083092,-0.788834721,-9.75402374,-1.05602209,0.451552804,0.352293096,-0.0810517967,-0.0772377402,-0.798228979,16.0265884,-22.728447,-35.2561035,2
19.108477,0.0219533048,-0.0460701345,-0.969277776,-0.240616077,0.0649754602,0.0788264863,2.65238149,0.634766149,-0.772223486,-9.75556922,-1.03579602,0.456040471,0.342466114,-0.157182515,-0.115873553,-0.828633189,16.1457138,-22.5785522,-35.4848328,2
19.118435,0.0217826452,-0.0449042706,-0.968353844,-0.244540074,0.0643804785,0.0763872518,2.64441154,0.629080943,-0.748374774,-9.75779566,-1.00811409,0.39448301,0.248475579,-0.222492352,-0.127463371,-0.855042994,16.3492508,-22.426239,-35.6401978,2
19.128392,0.0216764187,-0.0435311915,-0.967392629,-0.248569057,0.0637956836,0.0735135298,2.63623251,0.623509061,-0.720272276,-9.7602676,-1.00119554,0.211655303,0.0333750309,-0.236857444,-0.111827418,-0.883474946,16.3924026,-22.2085953,-35.6986084,2
19.13835,0.0216889949,-0.0422450058,-0.966353447,-0.252796263,0.0634785088,0.0707404054,2.62761687,0.620537644,-0.693147976,-9.76242098,-0.983858769,0.0532987517,-0.281853533,-0.199004263,-0.0780638531,-0.923221529,16.6840057,-21.8691406,-35.7906799,2
19.148308,0.021803036,-0.0412738875,-0.965232282,-0.257192144,0.063512238,0.0685162335,2.61860348,0.620963249,-0.671389149,-9.76391444,-1.05745724,0.0162768888,-0.468454547,-0.126429141,-0.0386823602,-0.962062359,16.775238,-21.6558838,-35.8616028,2
19.158265,0.0220406629,-0.0407058197,-0.964021036,-0.261764683,0.063993139,0.0669937005,2.6091651,0.625723303,-0.656492463,-9.76462346,-0.995927831,-0.0523397705,-0.513983542,-0.0589455217,0.00623005396,-0.994403899,16.9480209,-21.3673248,-35.4558105,2
19.168223,0.022432135,-0.0404298893,-0.96273369,-0.266470017,0.0649256526,0.0659392236,2.59940119,0.63487319,-0.646174409,-9.76472108,-0.988318379,-0.102012514,-0.286137494,-0.0295847021,0.0486496836,-1.01619923,17.2570724,-21.2003403,-35.7563782,2
19.178181,0.0229787666,-0.0402289865,-0.961395906,-0.271241013,0.0661946097,0.0649320157,2.58947202,0.647306409,-0.636318201,-9.76455215,-1.00494145,-0.0162502931,-0.000648234776,-0.0413051955,0.0707594454,-1.04136467,17.3519745,-21.1253815,-35.630188,2
19.188138,0.0235836435,-0.0399342959,-0.960007351,-0.276107005,0.06752133,0.0636942757,2.57933934,0.660313336,-0.624205227,-9.7644633,-1.02752526,0.0584266161,0.0962280851,-0.0666992366,0.0581565723,-1.06817734,17.4748383,-20.9604263,-35.5792847,2
19.198096,0.0241217951,-0.0394567056,-0.958554787,-0.281130149,0.0686151342,0.0621200452,2.5688894,0.671059844,-0.608797814,-9.76470296,-1.04979379,0.0964397551,0.106942371,-0.104509301,0.0277049653,-1.09635603,17.7387619,-20.5457458,-35.5722656,2
19.208054,0.0245490578,-0.0387520986,-0.957055655,-0.286252088,0.0693563181,0.0601576701,2.55824957,0.678378643,-0.589589439,-9.76537632,-1.05292281,0.159681736,0.0597317074,-0.13527441,-0.0119332578,-1.11122334,17.9636688,-20.3397293,-35.5925598,2
19.218011,0.0248343232,-0.0379031266,-0.955516836,-0.291434659,0.0697253961,0.057991485,2.54749041,0.682070118,-0.568383496,-9.76637644,-1.04224914,0.145508724,-0.0643652124,-0.140863568,-0.0422475636,-1.12945044,18.3576889,-20.0647507,-35.4242249,2
19.227969,0.0249693304,-0.0370367453,-0.953921859,-0.296712036,0.0697814965,0.0558719847,2.53652561,0.682700524,-0.547631983,-9.76751801,-1.07490185,0.0876470846,-0.226478267,-0.1231056,-0.0737897754,-1.15886557,18.6039352,-20.0177994,-35.3843994,2
19.237927,0.0249115094,-0.0362542628,-0.952246566,-0.302144968,0.0695091511,0.0540184872,2.5252159,0.680109631,-0.529482797,-9.76869933,-1.14488534,0.049147185,-0.322860666,-0.0836994499,-0.106067151,-1.19695747,18.7547607,-19.7374725,-35.7506409,2
19.247885,0.0246550366,-0.0356282275,-0.95047232,-0.307774699,0.0689486044,0.0525751127,2.51346439,0.674685706,-0.515348254,-9.76983097,-1.23717477,-0.0194555188,-0.409416667,-0.0390883125,-0.131941617,-1.22758174,18.9795151,-19.3185959,-35.6594849,2
19.257842,0.0242619506,-0.0351398656,-0.948613954,-0.313541247,0.068209205,0.0514768205,2.50139295,0.667499886,-0.504592248,-9.77088603,-1.27951885,-0.0282662365,-0.340276495,-0.0145683885,-0.13927342,-1.24648237,19.2556152,-19.0467911,-35.7203064,2
19.2678,0.0238971707,-0.034727981,-0.946707362,-0.319324304,0.0675637394,0.0505140556,2.48925273,0.661225482,-0.495163033,-9.77179496,-1.28506582,0.00165920192,-0.176262576,-0.0119531648,-0.112041526,-1.2541784,19.2947083,-18.8568192,-35.9744873,2
19.277758,0.0237346646,-0.0343357469,-0.944746965,-0.32513211,0.067306879,0.0494635495,2.47702438,0.658750032,-0.48487395,-9.77247827,-1.33616078,0.0663385583,0.0101209965,-0.0319001526,-0.0591798611,-1.25909913,19.5000839,-18.5178833,-35.8964539,2
19.287715,0.023863301,-0.0339320712,-0.942729753,-0.330967938,0.0675840135,0.0482002326,2.4647003,0.661499185,-0.472499804,-9.77289854,-1.34923493,0.177714711,0.0888017345,-0.0530618951,-0.00640905555,-1.26413703,19.7837524,-18.1345978,-35.8147888,2
19.297673,0.0242509939,-0.0335182819,-0.94066512,-0.336804857,0.0683300953,0.0467402689,2.45233891,0.668836761,-0.458198599,-9.77308032,-1.32799165,0.244666725,0.0702788204,-0.0654290915,0.0378057025,-1.26557469,19.9574509,-17.7699814,-35.77005,2
19.307631,0.0248002209,-0.0331424797,-0.938559166,-0.342627099,0.0693905651,0.0452333242,2.43997307,0.679247534,-0.443436133,-9.77304291,-1.2637334,0.233645163,-0.0746077895,-0.064064756,0.0604204647,-1.26605511,20.2195435,-17.5261078,-35.7505493,2
19.317588,0.0253948061,-0.0328154168,-0.936428254,-0.348396842,0.0705524587,0.0437776083,2.42768614,0.690647099,-0.429174567,-9.772881,-1.18190859,0.269063244,-0.243860194,-0.0541628823,0.0607371889,-1.25669098,20.4929657,-17.4295578,-35.8041992,2
19.327546,0.0259500893,-0.0325305829,-0.934271087,-0.354126859,0.0716544428,0.0424182382,2.41545486,0.70145732,-0.415856089,-9.77268694,-1.11221393,0.328019766,-0.338026671,-0.0441853479,0.0547157824,-1.25186372,20.7559357,-17.1296768,-35.4989319,2
19.337504,0.0264490355,-0.0322731959,-0.932081656,-0.35983714,0.0726568412,0.0411394207,2.40323826,0.71129117,-0.403326095,-9.77250106,-1.0741636,0.335690812,-0.370085358,-0.0344938412,0.0424476638,-1.24769855,21.0825729,-16.83564,-35.5546875,2
19.347461,0.0268332416,-0.0320123099,-0.929863329,-0.365526202,0.0734296133,0.0399282489,2.39104361,0.718878118,-0.391458328,-9.77242858,-1.05930506,0.31245055,-0.41130818,-0.0303086825,0.0133547559,-1.24067259,21.3090897,-16.5080185,-35.5840454,2
19.357419,0.0270848652,-0.0317060361,-0.927631703,-0.371161086,0.0739082868,0.0387270322,2.37894646,0.723590096,-0.379687519,-9.7725449,-1.04845465,0.367717387,-0.400268315,-0.0309379622,-0.0132716028,-1.22717774,21.5077896,-16.1892319,-35.5150757,2
19.367377,0.0271841722,-0.0313312838,-0.92536944,-0.376790077,0.0740411021,0.0375093674,2.36684533,0.724921636,-0.367754979,-9.77290263,-0.960751888,0.457987331,-0.368486691,-0.0340900794,-0.0524219349,-1.22421634,21.858284,-15.7820358,-35.5245972,2
19.377334,0.0271145912,-0.0308557542,-0.92308585,-0.382393992,0.0737715804,0.0362360361,2.35478439,0.722321537,-0.35527635,-9.77355671,-0.903683701,0.49952784,-0.353467401,-0.0453197062,-0.0861141682,-1.21989167,21.9940872,-15.5002975,-35.4787598,2
19.387292,0.0269816309,-0.0302823479,-0.9207812,-0.387965047,0.0732953853,0.0348380206,2.34277643,0.71770301,-0.341575157,-9.77438556,-0.804195007,0.524882062,-0.308046543,-0.0600208864,-0.0896332711,-1.20545208,22.0013504,-15.5122223,-35.479187,2
19.39725,0.0268900978,-0.0296716081,-0.918518806,-0.39334433,0.0728453411,0.0333599124,2.33115745,0.713339993,-0.327088293,-9.77520038,-0.70526095,0.461912578,-0.31157121,-0.0620264001,-0.0772790015,-1.18252301,22.152153,-15.4670105,-35.3865967,2
19.407207,0.0268581431,-0.0291318569,-0.916262974,-0.398612739,0.07254357,0.0319783377,2.31974143,0.710422206,-0.313546931,-9.7758568,-0.576049099,0.360234667,-0.325280002,-0.0444807,-0.0564626716,-1.16469741,22.1099243,-15.0369339,-35.4800415,2
19.417165,0.0268731696,-0.0287524797,-0.914006267,-0.403786789,0.0724420457,0.0308627309,2.30848521,0.709454603,-0.302611951,-9.77627123,-0.479462994,0.311740648,-0.395644162,-0.0109211691,-0.0366292335,-1.14754903,22.3714066,-14.8492737,-35.5603333,2
19.427123,0.0268665866,-0.0285610262,-0.911737085,-0.408898684,0.0724438231,0.0301134208,2.29731794,0.70948814,-0.295267141,-9.77649393,-0.458547266,0.286289652,-0.450339045,0.0266208798,-0.0339325182,-1.14484191,22.4792023,-14.5607986,-35.6105652,2
19.43708,0.0267596489,-0.0285415908,-0.909423356,-0.414027082,0.0724009471,0.0297587321,2.28607027,0.70907649,-0.291790405,-9.77662779,-0.475044739,0.257823399,-0.495544799,0.0646717772,-0.0446982831,-1.14805162,22.6610336,-14.268364,-35.6598511,2
19.447038,0.0264997971,-0.0285883166,-0.907089112,-0.419129998,0.0721340247,0.0296549279,2.27484664,0.706469084,-0.29077288,-9.77684698,-0.448644954,0.226728698,-0.464051344,0.0771806464,-0.0735565647,-1.13764477,22.6737518,-13.9522934,-35.5652466,2
19.456996,0.0260965741,-0.0285883063,-0.904749537,-0.424181506,0.0715673796,0.0295954657,2.26371469,0.700930228,-0.290190002,-9.77726316,-0.377265552,0.210733165,-0.348863122,0.0735479817,-0.107686959,-1.13125145,22.9445953,-13.8311996,-35.5646973,2
19.466953,0.0255115098,-0.0284654802,-0.902395486,-0.429209995,0.0705674676,0.029478921,2.25262095,0.691155853,-0.289047591,-9.77799265,-0.346541839,0.193280218,-0.286333308,0.064471662,-0.160247371,-1.12828553,23.0138016,-13.4957962,-35.5499878,2
19.4769118,0.0247292939,-0.0281968238,-0.900030083,-0.434211042,0.0690855016,0.0292846999,2.24157727,0.676668258,-0.287143748,-9.77906174,-0.350459817,0.210081076,-0.203562086,0.0558923557,-0.19773072,-1.13472795,23.0226517,-13.3949509,-35.7417297,2
19.4868698,0.0238101411,-0.0278475063,-0.89760495,-0.43927544,0.0672888424,0.0290777961,2.2303728,0.659101549,-0.285115585,-9.7803208,-0.376138302,0.228852503,-0.152772979,0.0571826585,-0.22894749,-1.14351082,23.1025696,-12.9243088,-35.8259277,2
19.4968268,0.0227487732,-0.0274525143,-0.895135977,-0.444365183,0.0651978237,0.0289339777,2.21908681,0.638651905,-0.283705809,-9.78171839,-0.434547747,0.198113758,-0.10349077,0.0652174726,-0.254464716,-1.14488184,23.3527756,-12.7277527,-35.6248779,2
19.5067848,0.0216000002,-0.0270569454,-0.892638949,-0.449440733,0.0629508139,0.0288923463,2.20780076,0.61667147,-0.283297704,-9.78314053,-0.398651016,0.131266537,-0.0125853408,0.07086844,-0.258098334,-1.14083362,23.2715073,-12.3831329,-35.6071472,2
19.5167428,0.0204867786,-0.0266680815,-0.890123038,-0.454477726,0.060774299,0.0288581837,2.19656617,0.595377448,-0.282962827,-9.78446915,-0.393667492,0.0668867485,0.122219435,0.0639820322,-0.238684177,-1.13857996,23.2746353,-12.1459122,-35.6818237,2
19.5266998,0.0195075814,-0.0262742929,-0.887574218,-0.459500903,0.0588331531,0.0287172143,2.18532666,0.576385601,-0.281580963,-9.78564637,-0.451140424,0.046800147,0.23906653,0.0451034158,-0.21463716,-1.13841033,23.2912979,-11.8566055,-35.8743896,2
19.5366578,0.0186688743,-0.0258472508,-0.885014387,-0.464470708,0.0571091006,0.0284119095,2.17417392,0.559518674,-0.278588174,-9.78671079,-0.507895235,-0.0455262911,0.251653625,0.0237166826,-0.192968875,-1.12519491,23.3702698,-11.6881256,-35.8572083,2
19.5466158,0.0180331865,-0.0253921679,-0.882467368,-0.469341347,0.0557130614,0.0278916952,2.16320992,0.545863512,-0.273488622,-9.78762615,-0.44007126,-0.146094634,0.279952083,-0.00210745772,-0.144383758,-1.09617996,23.5156937,-11.3840561,-35.8416443,2
19.5565728,0.0177086077,-0.0249655253,-0.879958108,-0.474064227,0.0548839582,0.0271505336,2.15254071,0.537759335,-0.26622307,-9.78827497,-0.372112005,-0.202740632,0.258604174,-0.029041199,-0.0771657825,-1.06764174,23.5840454,-11.1048431,-35.760376,2
19.5665308,0.0177230902,-0.0245724204,-0.877483316,-0.478649218,0.0546725021,0.0261604752,2.14214526,0.535703681,-0.256517358,-9.78864673,-0.383074823,-0.165310517,0.200018714,-0.0570733622,-0.0191986226,-1.04464793,23.7084122,-10.8509827,-35.9830017,2
19.5764888,0.0180452122,-0.0241677377,-0.875033388,-0.483121934,0.054976926,0.0248616403,2.13197283,0.538701401,-0.243784298,-9.78880747,-0.405824744,-0.0694067137,0.0315378786,-0.0917086601,0.0309151094,-1.03702712,23.8339157,-10.5575333,-35.9563293,2
19.5864458,0.0186487429,-0.0237179667,-0.87258611,-0.487527563,0.0557154132,0.0232104683,2.12192564,0.545951811,-0.227596494,-9.78879578,-0.462305925,0.142602846,-0.252037071,-0.126743615,0.0644349828,-1.03578103,23.8487854,-10.4131699,-36.2018127,2
19.5964038,0.019372136,-0.023135247,-0.870123686,-0.491908842,0.0565159527,0.0212039916,2.11191687,0.553812644,-0.207924537,-9.78879169,-0.503535943,0.407391956,-0.614164164,-0.156354591,0.0458064079,-1.04790699,23.8527603,-10.2533417,-35.9759827,2
19.6063618,0.0199178257,-0.0223502542,-0.867597313,-0.496365544,0.0567898724,0.0190101411,2.10172576,0.556518542,-0.18641457,-9.78907167,-0.456262882,0.652685837,-0.913608298,-0.163474008,-0.0343126617,-1.06796384,23.96492,-9.85805511,-35.9481812,2
19.6163188,0.0201277073,-0.0213894157,-0.864991054,-0.500927157,0.0562873452,0.0168390718,2.09127983,0.55162065,-0.165127087,-9.78973101,-0.457200893,0.817697097,-1.12199269,-0.148195356,-0.100357331,-1.09703696,23.9984741,-9.49613953,-36.0072937,2
19.6262768,0.0200318062,-0.0204150446,-0.862276439,-0.505629653,0.0552250477,0.0149500305,2.08047679,0.541236984,-0.146604255,-9.79060546,-0.490661045,0.839576409,-1.12695411,-0.105247095,-0.14160943,-1.12761545,24.0588608,-9.12716675,-35.8334351,2
19.6362348,0.0196897881,-0.0196507662,-0.859457833,-0.510449267,0.0539377154,0.0136771604,2.0693498,0.528642401,-0.134122941,-9.7914723,-0.510837097,0.789087162,-0.967621043,-0.0270057898,-0.146149129,-1.14277816,24.1615753,-8.7361145,-35.869873,2
19.6461918,0.0191554232,-0.0192526683,-0.856590953,-0.515280933,0.05268678,0.0132428615,2.05812926,0.516396521,-0.129864315,-9.79218308,-0.421378214,0.71494772,-0.678558602,0.0604327135,-0.130795479,-1.14356589,24.1201782,-8.4749527,-36.0426636,2
19.6561498,0.0185265756,-0.0192896669,-0.853702318,-0.520074109,0.0517243619,0.0136653074,2.04692798,0.506969206,-0.134006712,-9.79262031,-0.29882487,0.724477108,-0.285771583,0.14011237,-0.0891677588,-1.14249134,24.2024689,-8.3708725,-35.9345398,2
19.6661078,0.0179135918,-0.0197368569,-0.850772526,-0.524857669,0.0512268592,0.0147795172,2.03567975,0.502089361,-0.144932276,-9.79271617,-0.149395137,0.793761291,0.0879693754,0.196845159,-0.040552292,-1.13234901,24.2518387,-8.00508881,-35.8352661,2
19.6760648,0.0173924493,-0.0204812536,-0.847855215,-0.529546509,0.0512133039,0.0163107769,2.02459208,0.501944656,-0.159946981,-9.79248937,0.0966041884,0.860101676,0.377889895,0.221044332,0.00456344755,-1.10719144,24.4421463,-7.85044098,-35.8772583,2
19.6860228,0.0170297959,-0.0213939777,-0.844951834,-0.534142973,0.0516649123,0.0179620356,2.01366853,0.506352645,-0.176137927,-9.79198493,0.342988787,0.760024149,0.549169421,0.220644057,0.0472906716,-1.07838857,24.5174637,-7.39559937,-36.0456238,2
19.6959808,0.0168418043,-0.0224092524,-0.842101978,-0.538589398,0.0525380592,0.0196013721,2.00305103,0.514886445,-0.192211493,-9.79123733,0.534819738,0.612843108,0.59600716,0.219825372,0.0896275491,-1.04536605,24.6259766,-7.1984787,-36.3244629,2
19.7059388,0.0167899443,-0.0235433705,-0.839327975,-0.542855852,0.0537839664,0.0212937891,1.99281132,0.527066749,-0.208804955,-9.79024948,0.615115473,0.515711973,0.464235468,0.230682805,0.11748448,-1.02200377,24.5716171,-7.25053406,-36.0670471,2
19.7158958,0.0167807493,-0.0247819504,-0.836584013,-0.547020517,0.0552322992,0.0231075951,1.98276679,0.541223942,-0.226587938,-9.78908161,0.66530245,0.423810555,0.256418063,0.240912259,0.127391443,-0.993868232,24.7009811,-6.95641327,-35.9205017,2
19.7258538,0.0167892932,-0.0260573941,-0.833902482,-0.551040673,0.0567667875,0.0249580755,1.97302743,0.556219815,-0.244729707,-9.78780443,0.710610568,0.279595543,0.105353641,0.23936817,0.134555891,-0.964325249,24.8071671,-6.83391571,-35.8109131,2
19.7358118,0.0168623893,-0.0273225798,-0.8312729,-0.554936518,0.0584131303,0.0267131061,1.96355066,0.572307172,-0.261934926,-9.78643139,0.826802852,0.12965554,-0.0112403559,0.223235592,0.146099374,-0.933058083,24.9663925,-6.60845184,-35.818512,2
19.7457688,0.0169529413,-0.0285279235,-0.828678296,-0.558740602,0.0600366403,0.0283401422,1.95426608,0.588168429,-0.277884647,-9.78505075,0.920925197,0.0633045792,-0.0771142193,0.212615967,0.12510328,-0.912168264,24.9663925,-6.60845184,-35.818512,2
19.7557268,0.0169146545,-0.0295831526,-0.826127558,-0.562451845,0.061291187,0.0298559932,1.94519039,0.600417268,-0.292743778,-9.78387352,0.86902243,0.0922296083,-0.154906484,0.200383812,0.0731208548,-0.91529572,25.1540375,-6.50898743,-35.7771912,2
19.7656848,0.0166892629,-0.0304341467,-0.823534931,-0.56620263,0.0620221559,0.0312332345,1.93601208,0.607543248,-0.306243603,-9.7830207,0.715700438,0.112313488,-0.227286076,0.186276793,0.0172714405,-0.941537738,25.0690994,-6.39220428,-35.8127747,2
19.7756418,0.0162373482,-0.0310371137,-0.820885034,-0.570018286,0.0621140501,0.0324503285,1.92667615,0.608418642,-0.318173166,-9.78258523,0.569527004,0.14070315,-0.231612123,0.176596314,-0.0588470772,-0.949786723,25.2346115,-6.31163025,-35.6931763,2
19.7855998,0.0155142952,-0.0313789014,-0.81822238,-0.573835071,0.0614742018,0.0335508394,1.91733928,0.602137297,-0.328959604,-9.78261738,0.544234814,0.158672193,-0.187436881,0.158689767,-0.130545765,-0.939202487,25.3025818,-6.07030487,-35.5203857,2
19.7955578,0.0146091757,-0.0314121473,-0.815597165,-0.577582079,0.0601884504,0.0343700869,1.90818048,0.589542385,-0.336989071,-9.7831113,0.543362306,0.191691141,-0.0594517214,0.11582391,-0.186563,-0.927268922,25.2733841,-5.93540955,-35.6147461,2
19.8055148,0.0137223075,-0.0310955884,-0.812983543,-0.581293846,0.0585318251,0.0346139291,1.89911739,0.573329793,-0.339378926,-9.78399218,0.501066558,0.148890402,0.136257313,0.0411134548,-0.202980593,-0.914980531,25.3614502,-5.67900085,-35.6361389,2
19.8154728,0.013042554,-0.0304569985,-0.81041194,-0.584922968,0.0568333192,0.0341142683,1.89026053,0.556720385,-0.334481801,-9.78511972,0.434477495,0.175417138,0.292708689,-0.0354657881,-0.198129922,-0.898343921,25.3699341,-5.52137756,-35.8067322,2
19.8254308,0.0125783816,-0.0295842841,-0.807875333,-0.588476068,0.0552008884,0.0330026643,1.88158333,0.540766298,-0.323586825,-9.78638053,0.424544313,0.240837339,0.223639829,-0.0869468227,-0.185303882,-0.889834583,25.2064362,-5.30918884,-35.6736755,2
19.8353878,0.0122719715,-0.0286364042,-0.805352494,-0.591977077,0.0537233633,0.0316006066,1.87301077,0.526329923,-0.309844532,-9.78761271,0.422071566,0.253580903,-0.0648264002,-0.0927678347,-0.16467534,-0.880842447,25.2676697,-5.16175842,-35.6993713,2
19.8453458,0.0120329874,-0.0278508309,-0.802833043,-0.59543151,0.0525359012,0.0303941744,1.86450605,0.514726396,-0.298019143,-9.78859646,0.421255245,0.167684882,-0.492404747,-0.0521921851,-0.125045642,-0.861924171,25.2229614,-4.7153244,-35.6938782,2
19.8553038,0.0118413805,-0.0274610063,-0.800362284,-0.598770357,0.0518867385,0.0297813743,1.85622087,0.508381265,-0.29201234,-9.78910908,0.504813343,0.097333891,-0.830222743,0.0188357197,-0.0534246154,-0.837221026,25.2839432,-4.5207901,-35.7741394,2
19.8652608,0.0117201414,-0.0276031365,-0.797901104,-0.602041963,0.0519862239,0.0299415858,1.84802349,0.509352703,-0.293582786,-9.78901205,0.485735754,0.0686775044,-1.01856388,0.100837648,0.0225907899,-0.831913054,25.2568741,-4.26198578,-35.8409119,2
19.8752188,0.0115870473,-0.028277033,-0.795413972,-0.605295696,0.0527145951,0.0309616612,1.83979124,0.516466554,-0.303581673,-9.78833401,0.473534225,0.0891510229,-1.02612525,0.190350741,0.0694721863,-0.836835504,25.3014755,-4.07041168,-35.6430664,2
19.8851768,0.0113093985,-0.0293529471,-0.792865335,-0.608584643,0.053715848,0.0327862895,1.83140124,0.526236253,-0.32146607,-9.7872427,0.496535125,0.169733576,-0.871443812,0.260881633,0.0720767528,-0.851714849,25.3804932,-3.8976593,-35.6724854,2
19.8951338,0.0108226655,-0.0305699856,-0.790242648,-0.611935487,0.0545794328,0.0350770591,1.82280996,0.53464661,-0.343917921,-9.78602339,0.544987058,0.273588283,-0.503506571,0.288564622,0.0406792276,-0.875389814,25.461853,-3.83815002,-35.8147278,2
19.9050918,0.0101727816,-0.031641842,-0.787554894,-0.615347589,0.0550307983,0.0373284503,1.81404834,0.539019674,-0.365982051,-9.78498353,0.656433499,0.335755219,-0.0358820452,0.254353106,-0.0167007055,-0.894789338,25.2650681,-3.82126617,-35.7104187,2
19.9150498,0.00943033114,-0.0323116612,-0.784791996,-0.618844537,0.0548628174,0.0390539753,1.8050857,0.537340561,-0.38289132,-9.78442882,0.707792296,0.312262371,0.382099621,0.186008975,-0.0868392214,-0.911231577,25.4179535,-3.59749603,-35.496521,2
19.9250068,0.00868376878,-0.0324653805,-0.782015667,-0.622352074,0.0540609856,0.0399787982,1.7961246,0.529475564,-0.391953637,-9.78449837,0.717452981,0.272393155,0.641042234,0.0982865766,-0.144100383,-0.911366045,25.4414902,-3.47135925,-35.8531494,2
19.9349648,0.00801187945,-0.032161575,-0.779237458,-0.62585178,0.0528100599,0.04010526,1.7872046,0.517232826,-0.393192824,-9.78510394,0.73134166,0.252383839,0.788143013,0.0236805174,-0.175956845,-0.912670195,25.4520264,-3.25773621,-35.7259521,2
19.9449228,0.00742234018,-0.031531208,-0.776429655,-0.629371,0.0512782217,0.039631092,1.7782388,0.502252553,-0.388546532,-9.78606957,0.653097779,0.240554869,0.766962277,-0.0194523055,-0.202547982,-0.92602998,25.4964218,-3.01805115,-35.5409546,2
19.9548798,0.00682801654,-0.0307255845,-0.773565787,-0.632933854,0.0495160468,0.0389029685,1.76914474,0.485020884,-0.381411566,-9.78721932,0.53026865,0.157104725,0.62894906,-0.0313330926,-0.221558288,-0.943921268,25.4828262,-2.83403778,-35.6526489,2
19.9648378,0.00619266404,-0.0298852518,-0.770611276,-0.636574214,0.0476453774,0.0381849223,1.75981706,0.466724326,-0.374375164,-9.78838077,0.484520314,0.116848775,0.46311494,-0.0220093671,-0.221037909,-0.947544754,25.3906784,-2.32933807,-36.0244751,2
19.9747958,0.00559344357,-0.0291479443,-0.767653456,-0.640177553,0.0459560135,0.037598304,1.75053511,0.450197517,-0.368626538,-9.7893727,0.538755798,0.0678548446,0.366692793,-0.00892813969,-0.186200544,-0.945590675,25.3370514,-2.21374512,-36.0506592,2
19.9847528,0.00513659155,-0.0286206413,-0.764664643,-0.643772009,0.0447517045,0.0371653525,1.74121394,0.438414871,-0.364383713,-9.79006653,0.498464558,-0.0215318137,0.312020707,0.00682792021,-0.121177085,-0.936993182,25.2320175,-1.77481079,-36.2675476,2
19.9947108,0.00490911237,-0.0283990098,-0.761699709,-0.647288993,0.0442879129,0.0369161906,1.73202438,0.433878287,-0.361941945,-9.79035937,0.497314877,-0.0688647888,0.233304898,0.0234851334,-0.0384327769,-0.922147095,25.0495834,-1.59424591,-36.1483154,2
20.0046688,0.0049627508,-0.0285219266,-0.758773005,-0.650711486,0.0446954779,0.0368330258,1.72300844,0.437869805,-0.361126939,-9.79021149,0.506641143,-0.0915269582,0.169860308,0.0381034911,0.0554780066,-0.898852706,25.2344971,-1.37602997,-36.5678101,2
20.0146258,0.0053373899,-0.0289892654,-0.755921696,-0.653998053,0.04603465,0.0368542864,1.71427743,0.450979827,-0.361335285,-9.78960885,0.529294508,-0.114512441,0.195593884,0.0455780588,0.146419942,-0.87057066,25.2343826,-1.20819855,-36.4545593,2
20.0245838,0.00598862595,-0.0297331717,-0.753119647,-0.657184033,0.0481520462,0.0369224014,1.7057474,0.471706096,-0.362002809,-9.78860698,0.548072566,-0.110852202,0.204019182,0.0474222973,0.211735561,-0.849031568,25.2047272,-0.887435913,-36.4885254,2
20.0345418,0.00680947521,-0.030628518,-0.750380784,-0.660260652,0.0507214217,0.0369824753,1.69745649,0.496854018,-0.362591532,-9.7873409,0.500329329,-0.101285186,0.175968561,0.0446435548,0.242254585,-0.831903994,25.2469254,-0.791236877,-36.232666,2
20.0444988,0.00775833331,-0.0315748019,-0.747682268,-0.663260283,0.0535482466,0.036932646,1.68933228,0.52452006,-0.3621032,-9.78591584,0.478199879,-0.0640648412,0.178134215,0.0289317053,0.263844848,-0.811669528,25.3036499,-0.580329895,-36.3384705,2
20.0544568,0.00881584566,-0.0324981076,-0.74504962,-0.666158542,0.0565023302,0.0366881336,1.68144962,0.553431134,-0.359706989,-9.78441128,0.510640259,-0.0866622017,0.165108145,0.00863249134,0.267450124,-0.787222445,25.4735718,-0.41027832,-36.2548828,2
20.0644148,0.00990659445,-0.0332940105,-0.742488692,-0.668957375,0.0593292515,0.036194576,1.67382103,0.581099076,-0.354870034,-9.78298388,0.529509612,-0.0792288734,0.168169286,-0.0190555956,0.241317585,-0.768471658,25.5391846,-0.273635864,-36.1376648,2
20.0743718,0.0109706501,-0.0338503608,-0.739981966,-0.671684815,0.0617876343,0.0353670475,1.66638886,0.605165559,-0.346759939,-9.78181542,0.491077955,-0.00533759817,0.161015322,-0.0562083125,0.196077481,-0.762731552,25.6866608,-0.175437927,-35.9841919,2
20.0843298,0.011957782,-0.034116078,-0.737460194,-0.674422444,0.0637344497,0.0341959702,1.65894294,0.624233211,-0.33528256,-9.78101755,0.417691817,0.0189484096,0.112483054,-0.0819685385,0.141236335,-0.76594919,25.7972183,0.132286072,-36.1919556,2
20.0942878,0.0127957586,-0.0341329172,-0.734888684,-0.677207397,0.0651181476,0.0328429286,1.65137713,0.637795507,-0.322021219,-9.78058792,0.384975834,0.0182566279,0.0195779762,-0.0900496095,0.0858132169,-0.766470611,25.7972183,0.132286072,-36.1919556,2
20.1042448,0.0134596527,-0.0339722969,-0.73236568,-0.679930257,0.0659928865,0.0314622287,1.64397913,0.64637943,-0.308488149,-9.7804605,0.387465167,0.0297130378,-0.0779641142,-0.0870618075,0.0465060249,-0.76544553,25.9630508,0.29586792,-36.0524597,2
20.1142028,0.0139825628,-0.033731647,-0.729835327,-0.68264713,0.0665428804,0.0301513507,1.63658388,0.651784869,-0.295638952,-9.78049908,0.40734841,0.0557695988,-0.151397599,-0.0735393614,0.0179139711,-0.769084334,25.819931,0.535415649,-36.0213623,2
20.1241608,0.0143315019,-0.0334534614,-0.727271275,-0.685384485,0.0667804651,0.0290183774,1.62911171,0.654130483,-0.284533127,-9.78067151,0.425952134,0.0877593859,-0.24893852,-0.0529075898,-0.0117326053,-0.775638402,25.9894104,0.802825928,-35.9284058,2
20.1341178,0.0145604713,-0.0331843963,-0.724675344,-0.688136859,0.0668501189,0.0280603158,1.62157085,0.654829644,-0.275141577,-9.78089363,0.500520687,0.184610535,-0.271012405,-0.0379260629,-0.0151396245,-0.772248149,25.9902344,1.13999176,-35.8382874,2
20.1440758,0.0147338154,-0.0329838916,-0.722069771,-0.690876457,0.066928109,0.0272782326,1.61402955,0.655606693,-0.267474897,-9.78105437,0.533412172,0.190261583,-0.334148368,-0.0166689772,-0.0110471435,-0.768979669,25.9010544,1.38218689,-36.0387878,2
20.1540338,0.0148218939,-0.0328922973,-0.719449314,-0.693607342,0.0670300639,0.0267707302,1.60647068,0.656612874,-0.26249983,-9.78112159,0.532106643,0.170472357,-0.381366631,0.0158149302,-0.00981383398,-0.769219577,25.9620514,1.62770844,-36.1071777,2
20.1639908,0.0147867827,-0.0329393303,-0.716821877,-0.696320836,0.0671459025,0.026633724,1.59891451,0.657748308,-0.261156727,-9.78108126,0.543241493,0.209531406,-0.407294268,0.0565723404,-0.00898883492,-0.773562491,25.8113098,1.74169159,-36.0510559,2
20.1739488,0.0146227984,-0.0331319008,-0.714157109,-0.699047945,0.0672825685,0.0268819282,1.59127356,0.659080652,-0.263589909,-9.78092636,0.542058786,0.233961316,-0.338316594,0.095302932,-0.00322008412,-0.776014984,25.833992,1.94847107,-35.8676147,2
20.1839068,0.0143683631,-0.0334634205,-0.711456009,-0.701786475,0.0674899011,0.0274519053,1.58355368,0.661098349,-0.269177408,-9.78063761,0.581939545,0.170865137,-0.238946119,0.125328481,0.000929120928,-0.782373548,25.7552948,2.13925171,-36.1164246,2
20.1938648,0.0139850995,-0.033888063,-0.708711879,-0.704544973,0.0676528648,0.0283312725,1.57573455,0.662675973,-0.2777977,-9.78028982,0.639468847,0.170806448,-0.175099377,0.155501038,-0.0127596958,-0.790652633,25.8753357,2.33792114,-36.0535889,2
20.2038218,0.0134373915,-0.0343258122,-0.705911477,-0.707340253,0.0676120857,0.0294566136,1.56777817,0.662255556,-0.288828925,-9.77999872,0.688970398,0.222838339,-0.0841121154,0.178219393,-0.0409868062,-0.797146976,25.7900848,2.55187225,-36.2386169,2
20.2137798,0.0127101318,-0.0347077286,-0.703095537,-0.710134227,0.06724963,0.0307587489,1.55980067,0.658684858,-0.301592727,-9.77985493,0.699873339,0.244430761,0.00462882884,0.188308075,-0.0811970532,-0.806635141,25.8376923,2.53931427,-35.9918213,2
20.2237378,0.0118624779,-0.0349456941,-0.700229228,-0.712963553,0.0665260781,0.0320304407,1.55170876,0.651582479,-0.31405762,-9.77993852,0.671960519,0.231756536,0.0618739801,0.177303627,-0.11532519,-0.816473365,25.6909943,2.71263123,-35.9865417,2
20.2336948,0.0109506744,-0.0350329468,-0.697353636,-0.715786775,0.06550812,0.0331901031,1.54362204,0.641602279,-0.325423977,-9.78022669,0.664732395,0.13717947,0.10271394,0.162944049,-0.14039506,-0.810967922,25.5720673,2.79407501,-36.1091614,2
20.2436528,0.0100317174,-0.0350149234,-0.694508886,-0.718561549,0.0643370179,0.0342262199,1.53565497,0.630126214,-0.335579022,-9.78062942,0.633412177,-0.0260955048,0.128405431,0.149168044,-0.147451118,-0.791498065,25.4672012,2.94889832,-36.1936646,2
20.2536108,0.00916262262,-0.0349672854,-0.691745732,-0.721235939,0.0631968431,0.0351673638,1.52794896,0.618953955,-0.34480296,-9.78102222,0.592809826,-0.161271891,0.149896547,0.139658615,-0.133133993,-0.759360015,25.576088,3.15348053,-36.3020935,2
20.2635678,0.00837435918,-0.0349748269,-0.689087928,-0.723784879,0.0622505409,0.0360868247,1.52056713,0.609677885,-0.353814059,-9.78128292,0.587720686,-0.207477068,0.147464351,0.138465241,-0.110535458,-0.728497207,25.3386078,3.26307678,-36.1745605,2
20.2735258,0.00764851629,-0.0350678678,-0.686544462,-0.726201456,0.0615157492,0.0370510501,1.51352935,0.602469269,-0.363263549,-9.78138287,0.544950306,-0.243816647,0.116589905,0.14178735,-0.0892182514,-0.697449148,25.2823486,3.38518524,-36.0385437,2
20.2834838,0.0069712948,-0.0352278558,-0.684088475,-0.728514491,0.0609477848,0.0380497424,1.50675753,0.596891286,-0.373050492,-9.78135657,0.535115652,-0.23268304,0.0656862319,0.140402779,-0.077502206,-0.673694313,25.2597504,3.52848816,-36.0323181,2
20.2934408,0.00634645419,-0.0353937208,-0.681713079,-0.730735424,0.0604625729,0.0389914462,1.50023018,0.592123706,-0.382278594,-9.78128993,0.555146231,-0.167340799,0.0244698399,0.125353351,-0.0712243095,-0.654488742,25.2009811,3.60089874,-35.9907837,2
20.3033988,0.00579741043,-0.0354965089,-0.679397306,-0.732888617,0.0599907902,0.0397452161,1.49388848,0.587491553,-0.389664796,-9.78127824,0.616191724,-0.120899147,-0.0573942043,0.0990250707,-0.0766600892,-0.630778849,25.1151123,3.78575897,-36.1240234,2
20.3133568,0.00532779242,-0.0354612833,-0.677174428,-0.734948194,0.0594230629,0.0402064774,1.48782134,0.581927599,-0.394184611,-9.78142963,0.684603582,-0.0774736272,-0.107072135,0.0652361289,-0.0846809298,-0.599164844,25.1271439,3.9835434,-36.1192017,2
20.3233138,0.00498033863,-0.0353433435,-0.675051683,-0.736906538,0.0588954969,0.0403880581,1.48204674,0.576762946,-0.395963896,-9.78166344,0.721940283,-0.0969429554,-0.0999549967,0.0412841924,-0.0680904984,-0.566369295,24.9254913,4.13166809,-36.2269287,2
20.3332718,0.00474417397,-0.0352521868,-0.673052262,-0.738739063,0.0585518175,0.0404547486,1.47662397,0.573399607,-0.396617355,-9.78183471,0.723358333,-0.137888677,-0.107864162,0.0371694639,-0.0417858027,-0.531842947,24.9185028,4.30132294,-36.1050415,2
20.3432298,0.00457838647,-0.0352856622,-0.67116138,-0.74045694,0.0584821856,0.0405957009,1.47150874,0.572715205,-0.397998507,-9.78181893,0.690374274,-0.0694699151,-0.135113988,0.0524275117,-0.0167744607,-0.510630906,24.8990021,4.33453369,-36.1633911,2
20.3531868,0.00438097669,-0.0354476868,-0.669312593,-0.742121852,0.0585600449,0.0409601816,1.46651721,0.573468288,-0.401569863,-9.78162896,0.544323041,0.0294205941,-0.15266192,0.0775620416,-0.0100714099,-0.505557954,24.8049622,4.41724396,-36.1304321,2
20.3631448,0.00408760401,-0.0356711113,-0.667474018,-0.743766977,0.0586028169,0.041550585,1.46156168,0.573872668,-0.407354803,-9.78136592,0.381711535,0.149379026,-0.12075287,0.0956142843,-0.0246484876,-0.503891051,24.8037415,4.43881226,-36.2697754,2
20.3731028,0.00368841227,-0.035842969,-0.665645274,-0.745397835,0.0584302005,0.0422312887,1.45664145,0.57216791,-0.41402438,-9.78118589,0.290341667,0.220093534,-0.0447673625,0.0975576788,-0.0551283285,-0.498982042,24.8885956,4.55768585,-36.3128357,2
20.3830598,0.00320101128,-0.0358662372,-0.663813745,-0.747030687,0.0579216235,0.0428476047,1.45172401,0.567178504,-0.420062893,-9.78121862,0.247896026,0.279552599,-0.00403320104,0.0818495527,-0.0893677995,-0.493231237,24.7449799,4.74311066,-36.4815674,2
20.3930178,0.00265883504,-0.0357252191,-0.66200446,-0.748643386,0.0570958039,0.0433330304,1.44687736,0.559089087,-0.424818892,-9.78147932,0.198823879,0.324860388,-0.0408832145,0.0719278231,-0.117414035,-0.489474565,24.78936,4.84060669,-36.3191833,2
20.4029758,0.0020561553,-0.0355134481,-0.660217353,-0.750231772,0.0560848659,0.0438220277,1.44210053,0.549188601,-0.429609743,-9.78183062,0.120438178,0.283263582,-0.0932037689,0.083611913,-0.123544902,-0.483623326,24.6065826,4.82813263,-36.4020996,2
20.4129328,0.0013812887,-0.0354250759,-0.658449352,-0.751789606,0.0551662057,0.0445891334,1.43738362,0.540183859,-0.43712516,-9.78199896,0.03726612,0.140393171,-0.0873491976,0.124796391,-0.102461793,-0.473834068,24.5667038,4.91376495,-36.3506775,2
20.4228908,0.000623689495,-0.0356158043,-0.656706862,-0.753304172,0.0545626237,0.0458546981,1.43274214,0.534248952,-0.449523417,-9.7817634,0.00324782281,0.0377201109,0.00923076968,0.180013046,-0.0605308525,-0.464763612,24.4446106,4.96128845,-36.5823975,2
20.4328488,-0.000171594671,-0.0361646005,-0.654971843,-0.754787346,0.0544570809,0.0476506555,1.42812772,0.533171751,-0.467116467,-9.78099767,-0.0474495873,-0.0328233518,0.188179808,0.227547765,-0.0066227261,-0.46105355,24.3761826,5.00510406,-36.4701843,2
20.4428058,-0.000925248929,-0.0370406875,-0.653209303,-0.756270259,0.0549124445,0.0498107149,1.42344811,0.537568963,-0.488274296,-9.77972341,-0.00650664195,-0.208588646,0.486181342,0.251090616,0.0521492437,-0.449224055,24.3761826,5.00510406,-36.4701843,2
20.4527638,-0.00152759873,-0.0381203383,-0.65158138,-0.757618827,0.0558752627,0.0520151323,1.4191325,0.546923359,-0.509864197,-9.77810312,0.0745201112,-0.283814275,0.820796159,0.234757036,0.0914288685,-0.417751014,24.3552933,4.9845047,-36.3357544,2
20.4627218,-0.00190352539,-0.0392094637,-0.650062109,-0.758866439,0.0571487009,0.0538922999,1.41511181,0.559319059,-0.528247118,-9.77642554,0.128563471,-0.302840718,1.10851829,0.185051277,0.12419986,-0.389535874,24.3876343,5.06718445,-36.3421021,2
20.4726788,-0.00193043812,-0.04026275,-0.648651421,-0.760017414,0.0588198545,0.0551953345,1.41138507,0.575615237,-0.541006537,-9.77478187,0.104186935,-0.397670846,1.22179571,0.118817419,0.16605854,-0.354234904,24.3372803,5.1556015,-36.6262817,2
20.4826368,-0.00161951453,-0.0412344139,-0.647405028,-0.761028166,0.0607964367,0.0558848106,1.40809841,0.594911949,-0.547757545,-9.77325042,0.0869851136,-0.350068698,1.13931032,0.0602718182,0.192832902,-0.309622139,24.4576035,5.20907593,-36.3514404,2
20.4925948,-0.00104304554,-0.04214751,-0.646308205,-0.7619109,0.0630178098,0.0560993994,1.40521216,0.616613091,-0.549858646,-9.77178736,0.0467289449,-0.255641233,0.900970935,0.0194792766,0.219337091,-0.271471649,24.6273727,5.42412567,-36.2667236,2
20.5025518,-0.000299675849,-0.043016077,-0.64535929,-0.762667023,0.0653760888,0.0560080329,1.40272122,0.639659255,-0.548964071,-9.77035587,-0.0499389199,-0.270152866,0.638122547,-0.0029264309,0.221351251,-0.241788596,24.6965866,5.40177155,-36.2712097,2
20.5125098,0.000464410369,-0.0437883411,-0.644543188,-0.763312863,0.0676035698,0.0557668739,1.40058457,0.661429846,-0.546602786,-9.76903894,-0.117797893,-0.25530579,0.421626745,-0.0180353988,0.195699394,-0.206207529,24.8020401,5.38877869,-36.2618713,2
20.5224678,0.00116326348,-0.044365234,-0.643873496,-0.763843814,0.0694363668,0.0553824007,1.39883662,0.679347926,-0.542838209,-9.76801895,-0.0495247861,-0.159262085,0.270371185,-0.0377523787,0.151087716,-0.174606726,24.9647675,5.40602875,-36.112915,2
20.5324248,0.00181227529,-0.0446737434,-0.6433256,-0.764286048,0.0707838204,0.0547366608,1.39741278,0.692533863,-0.53651529,-9.76744261,-0.0197647309,-0.112763004,0.179263511,-0.0740413442,0.102327473,-0.142821372,24.9456558,5.42913818,-35.9768677,2
20.5423828,0.00243296632,-0.0446471424,-0.642917572,-0.764629218,0.0715696296,0.0537140561,1.39636061,0.700247871,-0.526501699,-9.76743735,-0.0346613443,-0.119634132,0.126136901,-0.118133977,0.0393519774,-0.110946275,24.9753113,5.43923187,-36.0063477,2
20.5523408,0.00300937599,-0.0442143441,-0.642631092,-0.764892995,0.0716653588,0.0522470903,1.39563169,0.701237467,-0.512135868,-9.76813001,-0.00407733244,-0.0463123269,0.122340432,-0.164970011,-0.0260382481,-0.0850898698,24.9042206,5.49799347,-36.0777588,2
20.5622978,0.00357425576,-0.043438818,-0.642410226,-0.765120584,0.0712145432,0.0503628961,1.39507918,0.696901191,-0.493682548,-9.76939024,0.000558145339,-0.00386310517,0.0483335305,-0.200963959,-0.0687614754,-0.0720917806,24.7633667,5.60561371,-36.1099243,2
20.5722558,0.004111561,-0.0424443209,-0.642243511,-0.765313616,0.070387619,0.0482446253,1.39467056,0.688894411,-0.472934652,-9.77098481,-0.0473994646,-0.0406222986,-0.0684358228,-0.218626842,-0.0958775207,-0.049351871,24.8804779,5.8602066,-35.9548645,2
20.5822138,0.00466536966,-0.0413685302,-0.642186505,-0.765417256,0.069449692,0.0460069431,1.39455035,0.679801369,-0.451014862,-9.77265771,0.00538775745,-0.0740641841,-0.163877726,-0.226641357,-0.0904662386,-0.0195335224,24.8501129,5.9380722,-36.0289917,2
20.5921708,0.00524451639,-0.0403550591,-0.642204302,-0.765452487,0.0686355657,0.043817549,1.39462598,0.671911054,-0.429565867,-9.77416987,0.0620598581,-0.114666755,-0.256637258,-0.21190092,-0.0702074468,-0.00780859683,24.8272858,6.0496521,-36.028717,2
20.6021288,0.00579022135,-0.0395050078,-0.642244956,-0.765458825,0.068028491,0.0418916836,1.3947591,0.666032298,-0.410696916,-9.77538276,0.0499821015,-0.212245086,-0.374086995,-0.172818244,-0.0553885549,-0.013719216,24.7383881,5.96092224,-36.0148926,2
20.6120868,0.00616966472,-0.0388163302,-0.642248823,-0.765487813,0.0674579955,0.0404248877,1.39478916,0.660495268,-0.396324765,-9.77635189,0.00943074923,-0.301585713,-0.448834485,-0.120412938,-0.0608878434,-0.0285994262,24.7545929,5.9834671,-35.9724426,2
20.6220438,0.0063417489,-0.0382554724,-0.642164193,-0.765585692,0.0668221971,0.039432503,1.39457961,0.654305328,-0.386600549,-9.77715736,-0.1652911,-0.487283751,-0.453415968,-0.0785464495,-0.069584392,-0.0535346009,24.7256851,6.02945709,-35.7738953,2
20.6320018,0.00636733695,-0.0377617778,-0.642025591,-0.765726212,0.0661040635,0.0387464761,1.39422318,0.647301221,-0.379878073,-9.77788743,-0.377655794,-0.679107907,-0.401659477,-0.0567970574,-0.0758851245,-0.0634561703,24.7710724,5.9809494,-35.8974304,2
20.6419598,0.00637164622,-0.0373241016,-0.641864013,-0.765883139,0.0654455886,0.0381633855,1.39380554,0.64087696,-0.374164115,-9.77853041,-0.524460439,-0.76772106,-0.294473945,-0.0544926263,-0.05654791,-0.0575428866,24.5563812,6.06391144,-35.802887,2
20.6519168,0.00647019172,-0.037014957,-0.641749351,-0.765993396,0.0651028816,0.0376052637,1.39351264,0.637539194,-0.368694744,-9.77895652,-0.610007336,-0.843520178,-0.237036486,-0.0515930466,-0.0171297733,-0.0389427915,24.5310211,6.09262848,-35.6114807,2
20.6618748,0.00660155182,-0.0368586463,-0.641679565,-0.766058283,0.0650346937,0.0371971106,1.39333676,0.636882118,-0.364694934,-9.77914941,-0.552039131,-0.838841007,-0.225920048,-0.0258083194,-0.00364725315,-0.0254075397,24.5923843,6.24266815,-35.6298218,2
20.6718328,0.00662497308,-0.0368192141,-0.641611685,-0.766116775,0.0650074456,0.0371047834,1.39316087,0.636617841,-0.363790131,-9.77920027,-0.480996195,-0.805927676,-0.128305477,0.00685919309,-0.00380691886,-0.0232806765,24.6783447,6.3985672,-35.9885559,2
20.6817898,0.00653583795,-0.0368458994,-0.641523107,-0.766190461,0.0649384269,0.0372682248,1.39292629,0.635939065,-0.36539183,-9.77918449,-0.39592181,-0.820935713,0.0148819273,0.0256597791,-0.0143828634,-0.0364558659,24.5323715,6.32735443,-36.0124207,2
20.6917478,0.00640167958,-0.0368388306,-0.64136807,-0.766321793,0.0647631084,0.0374517608,1.39251707,0.634220206,-0.367190441,-9.77922891,-0.317887773,-0.873006677,0.131942957,0.011058352,-0.0237533189,-0.0584294051,24.6265106,6.33885193,-35.9274597,2
20.7017058,0.00636951611,-0.0367014674,-0.641126227,-0.76653099,0.0645225712,0.0373043353,1.39188644,0.631871378,-0.365745722,-9.77943525,-0.284713598,-0.965580697,0.297349208,-0.0357272662,-0.0301539619,-0.077223599,24.6604538,6.43196106,-36.1643677,2
20.7116628,0.00648243196,-0.0363627676,-0.640850174,-0.766776941,0.0641599194,0.0366732331,1.39117381,0.628339477,-0.359560969,-9.77989234,-0.261728955,-1.104494,0.352872942,-0.0811969414,-0.0470012799,-0.0841819569,24.6652908,6.4235611,-35.9454651,2
20.7216208,0.00669827282,-0.0358366854,-0.640570389,-0.767033559,0.0636406568,0.0356437859,1.39045707,0.623284313,-0.349472121,-9.78058149,-0.211333451,-1.15348863,0.336802682,-0.117001809,-0.0646236762,-0.0784191415,24.6967545,6.561409,-36.115387,2
20.7315788,0.00697894819,-0.0351142193,-0.640348978,-0.767249257,0.0628990118,0.0342682298,1.3898967,0.616060061,-0.335990781,-9.78151147,-0.242416425,-1.15140773,0.326659474,-0.153305903,-0.0892615989,-0.0693584383,24.5307236,6.45561218,-36.1023865,2
20.7415358,0.00732540329,-0.0342031429,-0.640158496,-0.767446264,0.0619494031,0.0325529073,1.3894211,0.606805946,-0.31917858,-9.78265304,-0.32354346,-1.11016043,0.318074601,-0.184621736,-0.101764336,-0.067271851,24.4926682,6.52677917,-35.9863586,2
20.7514938,0.00774324016,-0.0332159249,-0.639991785,-0.767624452,0.0609722914,0.0306328278,1.38901084,0.597283172,-0.300358436,-9.78383494,-0.411883642,-1.06044663,0.178746794,-0.19516249,-0.0958554,-0.0616912246,24.50103,6.55657196,-35.9330139,2
20.7614518,0.00819673531,-0.0322862136,-0.639857022,-0.767771782,0.0601273943,0.0287346309,1.38868503,0.589049815,-0.281751698,-9.78488708,-0.462008951,-1.00408491,-0.0901473039,-0.178429052,-0.0718014613,-0.0500963517,24.479538,6.64051819,-35.94104,2
20.7714088,0.00865583202,-0.0315939548,-0.639759809,-0.767876574,0.0596531429,0.0271351936,1.38845593,0.58443538,-0.266072684,-9.78560312,-0.496150656,-1.0101871,-0.365961556,-0.13428399,-0.0225829724,-0.0394327901,24.431488,6.70107269,-35.8993835,2
20.7813668,0.00907523848,-0.0312516508,-0.639691149,-0.767942806,0.059665282,0.0260472259,1.38829765,0.584571063,-0.25540715,-9.78587901,-0.574097928,-1.04928379,-0.618273937,-0.0809062496,0.0223083366,-0.0308054816,24.345726,6.69398499,-35.9961243,2
20.7913248,0.00939850633,-0.031205284,-0.639664392,-0.76796312,0.0600082834,0.0254891655,1.38824282,0.587936082,-0.249936263,-9.78581881,-0.536761483,-1.11730322,-0.663973612,-0.0336890183,0.044764705,-0.0153227504,24.3245468,6.69660187,-35.9013367,2
20.8012818,0.00966843817,-0.0313446225,-0.639639307,-0.767975102,0.0605687289,0.0252509489,1.38818914,0.593423975,-0.247600897,-9.78554701,-0.437802365,-1.17425625,-0.415098804,-0.019077586,0.0670441762,0.00124371005,24.3245468,6.69660187,-35.9013367,2
20.8112398,0.01001779,-0.0315369572,-0.639740375,-0.767878481,0.0613081679,0.0249686333,1.38846748,0.6006639,-0.244833204,-9.78517467,-0.329222748,-1.19782359,-0.0968926865,-0.0427415073,0.0794318244,0.0136409244,24.4451141,6.60965729,-36.028595,2
20.8211978,0.0105379076,-0.0316526204,-0.639882185,-0.767748555,0.0621469227,0.0243293692,1.38886127,0.608880634,-0.23856607,-9.78482161,-0.30047903,-1.18359041,0.172401224,-0.0910555124,0.0894892588,0.0233337637,24.6038742,6.71271515,-35.8084106,2
20.8311558,0.011277554,-0.031638562,-0.640068339,-0.767583473,0.0630660293,0.0231908342,1.38938371,0.617890418,-0.227404003,-9.78452234,-0.263400469,-1.12606878,0.287473126,-0.144242555,0.0960790738,0.030297,24.6483383,6.71676636,-35.8486328,2
20.8411128,0.0122213205,-0.0314803108,-0.640258387,-0.767417024,0.0640252552,0.0215550363,1.38993039,0.627298663,-0.21136633,-9.78428385,-0.225223956,-1.05651374,0.328384398,-0.190378889,0.0925889984,0.0300549194,24.7048035,6.91300964,-35.6585693,2
20.8510708,0.0132248038,-0.0311374895,-0.640426444,-0.767274206,0.0647787292,0.0195896947,1.39042738,0.634696299,-0.192097,-9.78420377,-0.238008546,-1.05498347,0.263062323,-0.20558311,0.0565213002,0.0135634337,24.6555481,6.8614502,-35.7301331,2
20.8610288,0.0140678151,-0.0306096702,-0.640501473,-0.767217789,0.0650454332,0.0176258344,1.39067623,0.637329059,-0.172841442,-9.78439199,-0.201735601,-1.09414081,0.0703676677,-0.186916485,-0.00333217974,-0.00824758783,24.6376266,7.03900146,-35.5090332,2
20.8709858,0.0145720911,-0.0299468252,-0.640522628,-0.767216894,0.0646722775,0.0160040126,1.39076566,0.633695232,-0.156939049,-9.78489585,-0.0975451591,-1.17528516,-0.142212422,-0.136305392,-0.0754295141,-0.0207293928,24.5098343,6.9614563,-35.7085266,2
20.8809438,0.0146246856,-0.0291481845,-0.64050975,-0.767257336,0.0635125591,0.0148981493,1.39073834,0.622357699,-0.146095529,-9.78579134,0.00282674786,-1.21860006,-0.167802791,-0.0875966996,-0.153638303,-0.0302011911,24.6704407,7.03739166,-35.5184326,2
20.8909018,0.014312674,-0.0282453934,-0.64046178,-0.767337047,0.0617263376,0.0142153786,1.39059687,0.604883125,-0.139400543,-9.78698435,0.0434950775,-1.23068205,-0.00769406163,-0.0498055778,-0.20447357,-0.0411858149,24.4565887,6.95581818,-35.4820251,2
20.9008588,0.0137521507,-0.0272393342,-0.640398171,-0.767436768,0.0594633168,0.0137806635,1.39040035,0.582737016,-0.135137862,-9.78838778,0.0939226943,-1.2883653,0.129729957,-0.0394821018,-0.249559566,-0.0365758836,24.4669876,7.0009079,-35.8580933,2
20.9108168,0.0130740274,-0.0260725695,-0.640383837,-0.767501139,0.0568018247,0.0133246366,1.39032717,0.556686702,-0.130666179,-9.78996482,0.235942224,-1.21846715,0.423399015,-0.0534755737,-0.281160504,-0.0155176446,24.205864,6.98918152,-35.6712952,2
20.9207748,0.0123941985,-0.0247615889,-0.640463563,-0.767489321,0.0539150329,0.0126933019,1.39050109,0.528427187,-0.124475425,-9.79161142,0.270935431,-1.1522333,0.761580584,-0.0742165372,-0.29461053,0.00546939578,24.1958237,7.00228119,-35.8634033,2
20.9307318,0.0117978558,-0.0233897385,-0.640612444,-0.767417416,0.0510408387,0.0118600332,1.39086136,0.500287134,-0.116304467,-9.79319021,0.255381267,-1.15426911,0.907709303,-0.0959526002,-0.276153922,0.0184107944,24.1227188,6.99226379,-36.0318298,2
20.9406898,0.0113980139,-0.0221367351,-0.640775883,-0.767324192,0.0486012549,0.0108776428,1.39127028,0.476399697,-0.106671135,-9.79449078,0.0976086528,-1.08055433,0.92367435,-0.103366844,-0.210486218,0.0174374096,24.1296921,7.09616089,-35.9906616,2
20.9506478,0.0111801715,-0.0212278337,-0.640891359,-0.76725657,0.0469245296,0.0100535196,1.39156268,0.459980331,-0.0985896906,-9.79535996,-0.236423249,-1.04224805,0.689762718,-0.0651592612,-0.124352306,-0.0068906974,23.9581833,7.13059998,-35.9295654,2
20.9606048,0.0111320759,-0.0207780645,-0.64085861,-0.767296946,0.0461725726,0.00954853259,1.39147607,0.452616744,-0.0936376942,-9.79575159,-0.577116728,-1.08161669,0.309326061,-0.0347989574,-0.0258145444,-0.052970577,23.9479675,7.08019257,-36.1338806,2
20.9705628,0.0112510497,-0.0208198885,-0.64071924,-0.767410537,0.0463910234,0.00941119699,1.39111866,0.454757226,-0.0922909557,-9.79566566,-0.66006148,-1.18381918,-0.0412111313,0.0120716598,0.0655196458,-0.0696604922,23.9967422,6.98117065,-36.0222168,2
20.9805208,0.0114078701,-0.0213216052,-0.640529901,-0.767552464,0.0473650477,0.0098021307,1.39063204,0.464296478,-0.0961245243,-9.7951811,-0.568445748,-1.2667754,-0.378978859,0.0719014332,0.123256713,-0.0675507411,24.010231,7.10077667,-36.1387024,2
20.9904778,0.0114463929,-0.0221739364,-0.640329568,-0.767694915,0.0487266962,0.0108227903,1.39011022,0.477628618,-0.106133247,-9.794437,-0.512645315,-1.25482149,-0.63859601,0.137828439,0.146566719,-0.0651817769,24.1797867,7.21968079,-36.2684631,2
21.0004358,0.0112798217,-0.0233188416,-0.640127689,-0.767831816,0.0502760734,0.0125323885,1.38957326,0.492793454,-0.122897527,-9.79348949,-0.542175325,-1.1298692,-0.81686408,0.210360974,0.162696168,-0.0668094978,24.1223907,7.0592041,-36.0735168,2
21.0103938,0.0108549184,-0.024705654,-0.639941512,-0.767949737,0.0518674722,0.0149488403,1.38906339,0.508361318,-0.146592583,-9.79236779,-0.578692453,-1.05664402,-0.956101286,0.277733028,0.154157415,-0.0532596149,24.1584854,6.9565506,-35.8392334,2
21.0203508,0.0101850378,-0.0262169576,-0.639864343,-0.7679731,0.0533357532,0.0179078798,1.38882493,0.522713303,-0.175606925,-9.79113445,-0.488896666,-0.991716716,-0.820865132,0.313291281,0.143595055,-0.0145266,24.1599503,6.73623657,-35.7401123,2
21.0303088,0.00943068499,-0.0278000549,-0.639967044,-0.767841467,0.0548023464,0.0211012618,1.38905071,0.537038875,-0.206917333,-9.78974738,-0.302707849,-0.909379867,-0.535995467,0.317699373,0.15041621,0.046740219,24.3032303,6.69759369,-35.7940369,2
21.0402668,0.00871056188,-0.0293787577,-0.640323647,-0.767493787,0.0562974703,0.0242556006,1.38993959,0.551635702,-0.23784287,-9.78823347,-0.119483763,-0.771313824,-0.296143924,0.301237285,0.150817811,0.123616628,24.2026749,6.61912537,-35.8070984,2
21.0502238,0.00807098127,-0.0308272569,-0.641025177,-0.766858097,0.057680888,0.0271468351,1.39173216,0.565134358,-0.266186812,-9.78673359,0.0290751052,-0.436212758,-0.173893509,0.260544091,0.137911573,0.213087961,24.5830612,6.4272995,-35.9232788,2
21.0601818,0.00748622482,-0.0320057405,-0.642047378,-0.765960055,0.0587027285,0.0296344426,1.39436716,0.575093917,-0.290572078,-9.78545933,0.117726691,-0.111355183,-0.209733468,0.203597724,0.0748274103,0.283018291,24.4911499,6.19511414,-35.7176514,2
21.0701398,0.00692057534,-0.0326622891,-0.64333646,-0.764855269,0.0589315846,0.0314443873,1.39770761,0.577301437,-0.308313304,-9.78478654,0.066288399,-0.184443983,-0.171500476,0.115199342,-0.00916463509,0.346245378,24.6723633,6.0304718,-35.9285889,2
21.0800968,0.00646656703,-0.0327295233,-0.644886242,-0.763550105,0.0583853474,0.0323441818,1.40174444,0.571940129,-0.317132753,-9.78481986,0.14886271,-0.304612148,-0.156803258,0.0167760998,-0.0710133538,0.423847228,24.4319534,5.93711853,-35.872345,2
21.0900548,0.00621157007,-0.0323265439,-0.646755146,-0.761986999,0.057360996,0.0323540903,1.40663608,0.561916565,-0.317229893,-9.78539737,0.330520642,-0.344468248,-0.250946353,-0.0680117905,-0.100750931,0.50492239,24.649147,5.91196442,-35.8717651,2
21.1000128,0.00614519789,-0.0316170706,-0.64890337,-0.760188742,0.0561027504,0.0316951333,1.41228072,0.549615265,-0.310771036,-9.78630338,0.453254421,-0.191413347,-0.464171755,-0.1209573,-0.118644446,0.561401963,24.698967,5.78333282,-36.0014038,2
21.1099698,0.0061176985,-0.0307312801,-0.651222393,-0.758239735,0.0546242965,0.0307532787,1.41839129,0.535161829,-0.301539097,-9.78739293,0.368498162,0.0520925725,-0.747244016,-0.131015986,-0.142954916,0.581554651,24.753479,5.52655792,-36.0303955,2
21.1199278,0.00600391948,-0.0297405347,-0.653565241,-0.756261891,0.0528792761,0.029798098,1.42457834,0.518096822,-0.292176281,-9.78859529,0.219615067,0.0808873629,-0.918424174,-0.125840127,-0.170794532,0.585796833,24.6690521,5.45017242,-35.8034363,2
21.1298858,0.00577989059,-0.0286753345,-0.655949996,-0.754237293,0.0508818484,0.0289043776,1.43088971,0.498556876,-0.283415649,-9.78986721,0.213417381,-0.0668866024,-0.877947202,-0.118739665,-0.197356209,0.59850651,24.5538177,5.25054932,-35.9252014,2
21.1398428,0.00542037624,-0.0274822944,-0.658334074,-0.752204462,0.048519538,0.0280342713,1.43721332,0.47544057,-0.274886269,-9.79126012,0.296239018,-0.221013316,-0.80921678,-0.11970266,-0.24470295,0.589977443,24.3340988,5.10699463,-36.0743713,2
21.1498008,0.00494056987,-0.026101211,-0.660507128,-0.75034964,0.0457293149,0.0270690678,1.44299012,0.448130867,-0.265424449,-9.79280911,0.298409604,-0.129918666,-0.567200168,-0.132352412,-0.278885692,0.556396365,24.3573303,5.075737,-36.0784607,2
21.1597588,0.00443763043,-0.0245181216,-0.662655546,-0.74850968,0.0426124748,0.0258537999,1.44871675,0.417619555,-0.253510925,-9.79447324,0.217740213,0.0904053521,-0.366368968,-0.163810208,-0.321299195,0.502434909,24.3022079,4.87304688,-35.9703369,2
21.1697158,0.00389690854,-0.0225771898,-0.664552043,-0.746890711,0.0389259974,0.0241886643,1.45378456,0.381525584,-0.237186635,-9.79635482,0.0787581506,0.278934942,-0.278146495,-0.213458046,-0.397189915,0.433330953,24.1906662,4.90447235,-36.0060425,2
21.1796738,0.00331810488,-0.0201095527,-0.666190688,-0.745502861,0.0344194479,0.0218480183,1.45817365,0.337392282,-0.214238817,-9.79850235,-0.084057353,0.523988109,-0.245622528,-0.292025566,-0.488178939,0.362552404,24.0296478,4.81837463,-35.9750366,2
21.1896318,0.00275373046,-0.0170542819,-0.66758064,-0.744337079,0.0290741063,0.0186718945,1.46190531,0.285029733,-0.183098103,-9.8007966,-0.147813567,0.844495745,-0.474518377,-0.366207808,-0.570457697,0.297150046,23.8172913,4.77381134,-36.2769775,2
21.1995888,0.00212272521,-0.013538496,-0.668738898,-0.743371104,0.0229719393,0.0149520498,1.46501983,0.225232779,-0.146624055,-9.80296693,-0.244387908,1.02230277,-0.998174587,-0.388614565,-0.638562202,0.235639289,23.7045059,4.7509613,-36.3586426,2
21.2095468,0.00129534236,-0.00993375528,-0.66968547,-0.742577283,0.0164899212,0.0113814453,1.46756702,0.161693075,-0.111611441,-9.80468191,-0.350387628,0.952873483,-1.50672383,-0.326974303,-0.653983533,0.185401767,23.5549698,4.81707001,-36.7091675,2
21.2195048,0.000124621668,-0.0066927559,-0.670485253,-0.741892716,0.0100982894,0.00878998964,1.4697214,0.0990248854,-0.0861992421,-9.80577088,-0.384983871,0.686544779,-1.78231421,-0.191634595,-0.61431098,0.155482486,23.3348083,4.73586273,-36.7469177,2
21.2294618,-0.00131847827,-0.00430275185,-0.671191722,-0.741270279,0.00460925479,0.00773071737,1.47163107,0.0451998356,-0.0758116854,-9.80625253,-0.186459268,0.338275494,-1.63189568,-0.0256695226,-0.473218471,0.155604169,23.1141663,4.96743011,-37.0403137,2
21.2394198,-0.0027642017,-0.00311081751,-0.671931497,-0.740601648,0.00089307547,0.00827495163,1.47363939,0.00875777731,-0.081148626,-9.80631039,0.121575037,-0.0065395487,-1.01518184,0.128929898,-0.26591,0.17374295,22.8248749,4.91926575,-36.8930664,2
21.2493778,-0.00397368779,-0.00318402112,-0.672789866,-0.739816187,-0.000635765901,0.0101641264,1.4759734,-0.00623441115,-0.0996743166,-9.80614147,0.377184486,-0.23072606,-0.226162041,0.245549038,-0.036481224,0.201947764,22.7597427,4.66158295,-36.9356384,2
21.2593348,-0.00483829019,-0.00434206079,-0.673755069,-0.738926199,-0.000102728813,0.013001616,1.47859658,-0.00100734035,-0.127498709,-9.80582115,0.566187009,-0.307049422,0.422944842,0.314629316,0.137658879,0.229408413,22.855545,4.53322601,-37.2369995,2
21.2692928,-0.00534738736,-0.00612832239,-0.674840119,-0.737919194,0.00182739013,0.016163859,1.48154179,0.017918224,-0.158506408,-9.80535236,0.727874057,-0.265118159,0.977183237,0.305532336,0.25251475,0.267173976,22.8940201,4.3318634,-37.1486206,2
21.2792508,-0.0053164757,-0.00807826146,-0.676099057,-0.736747286,0.00471519304,0.0187583081,1.48495225,0.0462319414,-0.183945367,-9.80481577,0.892143924,-0.137476717,1.42451141,0.20034945,0.333440751,0.318714917,22.8605652,4.09054565,-37.0700989,2
21.2892078,-0.00459071364,-0.00976719429,-0.677526334,-0.735419417,0.00814702749,0.0199885936,1.48881419,0.0798782042,-0.196008091,-9.80436569,0.948579512,-0.0526901183,1.53599026,0.0368017368,0.361788958,0.357025862,22.7776871,3.91752625,-37.0815735,2
21.2991658,-0.00326763517,-0.0109057642,-0.67905114,-0.734002789,0.0115744235,0.0196093066,1.49294503,0.113481966,-0.192289289,-9.80410791,0.826839165,0.0169134879,1.22254098,-0.117315389,0.330240339,0.367383689,23.0783539,3.74539185,-36.8666687,2
21.3091238,-0.00170010607,-0.0113700749,-0.680579269,-0.73258427,0.0143477704,0.0179683833,1.49709981,0.140676025,-0.17620016,-9.80405765,0.616788009,0.0537961068,0.644739919,-0.213863835,0.232566044,0.365476251,23.011055,3.71194458,-36.9589844,2
21.3190808,-0.000276465309,-0.0112456256,-0.682097728,-0.731174482,0.0160705601,0.0157461708,1.50124643,0.157572032,-0.15441081,-9.80416812,0.467313049,0.0652263045,0.101067342,-0.238712192,0.129174128,0.354124248,23.1454315,3.58032227,-36.9871826,2
21.3290388,0.000842329771,-0.010764539,-0.683553026,-0.729821031,0.0168662617,0.0134871754,1.50523431,0.165378632,-0.132259996,-9.80436335,0.329172114,-0.0755871194,-0.346752413,-0.221829087,0.0441088639,0.342904478,23.1707611,3.66477203,-36.793457,2
21.3389968,0.00159966339,-0.0101052281,-0.684976405,-0.72849352,0.0169165777,0.0115132511,1.50914367,0.165876042,-0.112903928,-9.80459716,0.259542113,-0.231861604,-0.545686255,-0.187479362,-0.0216693524,0.334900349,23.2057877,3.59682465,-36.7411804,2
21.3489538,0.00206858877,-0.00937473753,-0.686383429,-0.727176543,0.0164754149,0.00986103033,1.51301436,0.161553466,-0.096702105,-9.80484207,0.238875209,-0.261979715,-0.473166378,-0.15910168,-0.0571623333,0.327997923,23.2316055,3.4878006,-36.5398254,2
21.3589118,0.00236663289,-0.00858810608,-0.687765017,-0.725878782,0.0157244223,0.00837751864,1.51682087,0.154192144,-0.0821544329,-9.80509342,0.264941214,-0.213081025,-0.167204825,-0.15403901,-0.0864128992,0.316179901,23.2998734,3.40483093,-36.6066284,2
21.3688698,0.00262125956,-0.00766962098,-0.68909608,-0.724624758,0.014728664,0.00677140411,1.52049453,0.144430317,-0.0664042805,-9.80536171,0.291163176,-0.118847539,0.233493114,-0.182588398,-0.105446868,0.300867677,23.2724228,3.34439087,-36.585083,2
21.3788268,0.00298088032,-0.00659944401,-0.690352846,-0.723436611,0.0136648598,0.00479895242,1.52397055,0.134000785,-0.0470614648,-9.80562124,0.34723216,-0.0675613964,0.514473371,-0.223309726,-0.10365802,0.275371104,23.3779831,3.37932587,-36.5734558,2
21.3887848,0.00345702477,-0.00539969284,-0.691474112,-0.72237279,0.0125824391,0.0024729769,1.52707907,0.12338794,-0.024251594,-9.80584394,0.342432358,-0.101743725,0.586820814,-0.248970583,-0.112440407,0.237788007,23.278038,3.50085449,-36.6682129,2
21.3987428,0.00391507552,-0.00409897129,-0.692435655,-0.721457348,0.0113365845,2.74277334E-05,1.52974973,0.111171533,-0.000268974184,-9.80601989,0.332801666,-0.240049477,0.513375054,-0.243769422,-0.135828555,0.193310559,23.1904984,3.56492615,-36.7536926,2
21.4086998,0.0042236025,-0.00279041632,-0.693260038,-0.720669759,0.00987823194,-0.00221867878,1.53204117,0.0968705478,0.0217577884,-9.80614731,0.311488902,-0.427874699,0.359525386,-0.208915085,-0.155058816,0.157169625,23.3096771,3.55818176,-36.7596436,2
21.4186578,0.00431451093,-0.00158258106,-0.693943763,-0.720014607,0.00826717973,-0.00401658807,1.53394081,0.0810717613,0.0393891674,-9.80623557,0.266983734,-0.675499069,0.29048166,-0.155754134,-0.168687537,0.125951782,23.2473145,3.69718933,-36.9529724,2
21.4286158,0.00417392848,-0.000515742478,-0.694532597,-0.719448975,0.00654009769,-0.00528948187,1.53557445,0.0641350934,0.0518718562,-9.80630338,0.232295429,-0.88550339,0.400831794,-0.10475295,-0.175593808,0.0987523571,23.2522278,3.63504028,-36.9474792,2
21.4385728,0.00389309953,0.000395337197,-0.695054551,-0.718946278,0.00484349114,-0.00614745939,1.53702123,0.04749734,0.0602856012,-9.80634956,0.190424884,-1.00494825,0.616206483,-0.0731934234,-0.160572261,0.0868632048,23.0284805,3.58435059,-37.0120239,2
21.4485308,0.00365954235,0.00113632016,-0.695556647,-0.71846101,0.00345812234,-0.00683928039,1.53841479,0.0339117338,0.0670699048,-9.80636183,0.165254348,-1.02609778,0.875092397,-0.0731265768,-0.115673482,0.0849763602,23.0917969,3.58692169,-37.0387573,2
21.4584888,0.00366627641,0.00173098779,-0.696021982,-0.718009054,0.00261796822,-0.00767452575,1.53971049,0.0256727129,0.0752606502,-9.80632734,0.0524365454,-1.01348884,1.10041214,-0.0992082432,-0.0481418483,0.0808876082,23.057312,3.72712708,-37.0276489,2
21.4684458,0.00404746939,0.00214989514,-0.696496014,-0.71754601,0.00255289692,-0.00880339152,1.54103694,0.0250343693,0.0863306682,-9.80623791,-0.059452589,-1.00914621,1.1416221,-0.128955513,0.0343638584,0.0825120211,23.1589203,3.65692902,-37.0852356,2
21.4784029,0.00478465657,0.00235883928,-0.696987564,-0.717063318,0.00328699326,-0.010150141,1.54242017,0.0322326742,0.0995371731,-9.80609178,-0.154637805,-1.03851354,0.934227892,-0.141144261,0.110107087,0.0803218409,23.1110229,3.51966095,-37.2348328,2
21.4883609,0.00576262265,0.00232834058,-0.697489526,-0.716568071,0.00470223747,-0.0115068631,1.54384097,0.0461099727,0.112841284,-9.80589246,-0.220140077,-1.09940245,0.673958415,-0.13541016,0.17033422,0.0843265206,23.2382889,3.45703888,-37.0481567,2
21.4983179,0.00690292874,0.00207452849,-0.69779526,-0.716261033,0.00666244779,-0.0127841382,1.54472299,0.0653304727,0.125366154,-9.80563118,-0.214820014,-1.1951258,0.490391069,-0.12374498,0.220992342,0.0927194729,23.2441254,3.46411133,-37.0420532,2
21.5082759,0.00812994824,0.00161411939,-0.698359263,-0.715699433,0.00904579689,-0.013892116,1.54633504,0.0886991966,0.136230736,-9.80530268,-0.159329707,-1.32734648,0.393995226,-0.102902077,0.25284791,0.0980996117,23.2143707,3.34188843,-37.0843506,2
21.5182339,0.00935866103,0.000965751279,-0.698939045,-0.715119316,0.01170255,-0.0147356544,1.54799862,0.11474773,0.144502177,-9.80491397,-0.0976906137,-1.43078742,0.301280118,-0.0705212355,0.273852527,0.104371622,23.3290787,3.39867401,-36.9581299,2
21.5281909,0.010464522,0.000200829468,-0.699544787,-0.714512176,0.0143559727,-0.0152356247,1.54973716,0.140762826,0.149404663,-9.8045013,-0.0243463505,-1.38301752,0.220512052,-0.0371296853,0.250848591,0.106653929,23.2737427,3.30305481,-37.065979,2
21.5381489,0.0113545962,-0.000502462488,-0.700117838,-0.713936864,0.0166193275,-0.0155099855,1.5513806,0.16295283,0.152094897,-9.8041161,0.0178078247,-1.20853678,0.171644853,-0.0272610765,0.200095922,0.0930829942,23.5261078,3.38763428,-37.0029297,2
21.5481069,0.0120660679,-0.000986525995,-0.700645308,-0.713407107,0.018318978,-0.0158342893,1.552892,0.179615247,0.155274842,-9.80377532,0.0223939469,-1.03813718,0.0882552066,-0.0443707481,0.138323843,0.0766143799,23.6287994,3.28894043,-37.0450134,2
21.5580639,0.0126008457,-0.00115414312,-0.701127606,-0.712923623,0.0193190167,-0.0163492062,1.55427077,0.189417734,0.160323796,-9.80350936,0.0999798023,-0.92392489,-0.0335164852,-0.0646800175,0.0574641451,0.0711266771,23.6667404,3.32513428,-36.7840271,2
21.5680219,0.0129055505,-0.00098197621,-0.701597337,-0.71245616,0.0195122912,-0.0170121947,1.5556043,0.191310379,0.166824593,-9.8033644,0.259995063,-0.828971428,-0.217417009,-0.0723643601,-0.0193164945,0.0679809749,23.901825,3.36102295,-36.8644409,2
21.5779799,0.0129927311,-0.000608499096,-0.702065375,-0.711993641,0.0191141285,-0.0176479877,1.55692292,0.18740497,0.173058647,-9.80333167,0.378971772,-0.807522544,-0.367536258,-0.0583113953,-0.0566819757,0.0653337836,23.8934021,3.33657837,-36.8414612,2
21.5879369,0.0129345297,-0.000278398442,-0.702500757,-0.71156549,0.0185733135,-0.0180173545,1.55814317,0.18210195,0.176680326,-9.80336733,0.414351968,-0.872046673,-0.532101967,-0.0184227023,-0.0496676937,0.0621101297,23.7862778,3.41477203,-36.8077087,2
21.5978949,0.0127633078,-0.00020306962,-0.702946798,-0.711127994,0.0182365915,-0.0178681475,1.55938847,0.17880141,0.175217341,-9.80345442,0.508482497,-0.918916634,-0.676265523,0.0444079265,-0.0185840763,0.0601111613,23.765152,3.2989502,-36.7519531,2
21.6078529,0.0124716389,-0.000488878633,-0.703359474,-0.710724872,0.0182426676,-0.0170409178,1.56053484,0.178863552,0.167106223,-9.8035947,0.609126498,-0.919185221,-0.712636813,0.115737215,0.0156576876,0.0455139689,23.7928391,3.28377533,-36.8590088,2
21.6178099,0.0120362524,-0.00109015303,-0.703694257,-0.710400254,0.0184918678,-0.0155674735,1.56145602,0.181310964,0.152658596,-9.80378526,0.581240676,-0.891719122,-0.69239482,0.174699873,0.0316220075,0.0164865796,23.8401184,3.21565247,-36.8418579,2
21.6277679,0.0114469772,-0.00189415627,-0.703914115,-0.710190351,0.0188086471,-0.0135928374,1.56204764,0.184421899,0.133296098,-9.80400971,0.60132357,-0.900338847,-0.631567134,0.215265796,0.0299889091,-0.0100332471,23.7729721,3.21497345,-37.0592346,2
21.6377259,0.0107382536,-0.00276231332,-0.70405179,-0.710062077,0.0190457815,-0.0113602744,1.56240415,0.186751967,0.111403835,-9.80423885,0.63475687,-0.839540826,-0.618469167,0.226529375,0.015935408,-0.0356722958,23.849144,3.07984161,-36.9996643,2
21.6476829,0.00996300246,-0.00355894353,-0.7040765,-0.710045283,0.0190854092,-0.00913695593,1.56244184,0.187144748,0.0896016801,-9.80445454,0.575556529,-0.705660106,-0.641447307,0.218402997,-0.0103335753,-0.0751447454,23.8034821,2.98305511,-36.9273987,2
21.6576409,0.00908008071,-0.00418047722,-0.703960861,-0.710168398,0.0187232826,-0.00701104549,1.56208269,0.183597431,0.0687543051,-9.8046901,0.400436584,-0.595927994,-0.718724024,0.21043855,-0.0662663504,-0.115926795,23.9590836,2.91873169,-36.8902283,2
21.6675989,0.00798718121,-0.00454447721,-0.703704211,-0.710433583,0.0176994658,-0.00495280829,1.56132289,0.173561281,0.0485702573,-9.80499346,0.320241204,-0.471446532,-0.844863848,0.205229402,-0.13640593,-0.14837195,23.8420639,2.88237,-36.9319763,2
21.6775559,0.00667472646,-0.00466892863,-0.703366244,-0.710781034,0.0160274809,-0.0029206085,1.56033334,0.157168492,0.0286413443,-9.80534885,0.312991306,-0.330760077,-0.944766237,0.206546605,-0.194113433,-0.174088761,23.8886566,2.68876648,-37.0860596,2
21.6875139,0.00522868839,-0.00464643827,-0.702949602,-0.711205332,0.0139606114,-0.000904918384,1.55912702,0.136902324,0.00887421647,-9.80569022,0.27310313,-0.223155662,-0.967169208,0.203758165,-0.213709101,-0.198209912,23.6343307,2.57241058,-37.1206055,2
21.6974719,0.00378710939,-0.00463545946,-0.702461596,-0.71169647,0.0119189678,0.00112191997,1.55772922,0.116882303,-0.011002274,-9.8059474,0.162489523,-0.27495559,-0.886856485,0.20555155,-0.190392852,-0.216775075,23.7343979,2.5044632,-37.0262756,2
21.7074289,0.00253805676,-0.00481834892,-0.701951716,-0.712203729,0.0104267194,0.00314927482,1.55628105,0.102248825,-0.0308837849,-9.8060684,0.155126264,-0.424763143,-0.66811495,0.204042062,-0.101549365,-0.209053904,23.6240997,2.40653992,-37.4193115,2
21.7173869,0.00169308093,-0.00538257021,-0.701485852,-0.71266101,0.0100475422,0.00513843078,1.55496599,0.0985297679,-0.0503905727,-9.80602573,0.245784769,-0.340762525,-0.497421114,0.19965823,0.0234338511,-0.193806767,23.5990067,2.39019775,-37.3888245,2
21.7273449,0.00129952887,-0.00638004406,-0.701044652,-0.713087636,0.0109216084,0.00709209504,1.55372565,0.107099571,-0.0695491087,-9.80581881,0.246941428,0.0550338547,-0.446451974,0.195083976,0.14878352,-0.192973435,23.6177368,2.36242676,-37.6199036,2
21.7373019,0.00133594917,-0.00776289278,-0.700593375,-0.713517205,0.0129507125,0.00897093739,1.55246028,0.12699444,-0.0879736588,-9.80543303,0.0232401337,0.320659722,-0.416910238,0.181949526,0.252939761,-0.206444249,23.7309875,2.21199036,-37.4960632,2
21.7472599,0.00178551054,-0.00939993288,-0.700116885,-0.713964255,0.015924134,0.0106127213,1.55112763,0.156147022,-0.104073291,-9.80485435,-0.176200032,0.322244507,-0.316782807,0.149679214,0.335459143,-0.20240505,23.8264771,2.17897034,-37.5966187,2
21.7572179,0.00259683395,-0.0111250621,-0.699682843,-0.714362254,0.0195311841,0.0118581478,1.54991899,0.191509848,-0.116285981,-9.80409038,-0.12971107,0.36243941,-0.363784797,0.103903212,0.379732311,-0.18798697,23.9176712,2.13751984,-37.3525085,2
21.7671749,0.00365253346,-0.012763746,-0.699295486,-0.714709431,0.0233571262,0.0126305955,1.54884785,0.22901606,-0.123860535,-9.80319314,-0.0313463563,0.567086698,-0.55128013,0.0570610538,0.380185127,-0.185194194,24.0924683,2.05173492,-37.2826843,2
21.7771329,0.00478453276,-0.014188667,-0.698868642,-0.71509341,0.0269855159,0.0129896185,1.54767286,0.264583066,-0.127381056,-9.80225264,-0.0673622753,0.849232418,-0.683901717,0.0253241621,0.339205712,-0.207989261,24.3876114,2.07640076,-37.3344727,2
21.7870909,0.00580077186,-0.0153228276,-0.698317898,-0.715600201,0.0300386964,0.0130987171,1.54615479,0.294509418,-0.128450859,-9.80138521,-0.226126586,0.990961587,-0.79699735,0.00854932796,0.267291099,-0.241771936,24.5249557,2.21278381,-37.5115662,2
21.7970489,0.00660460347,-0.0161644326,-0.697638373,-0.716237219,0.0323788184,0.0130933054,1.54427679,0.317445034,-0.128397795,-9.80066976,-0.301435381,1.03939113,-0.909941008,0.00414099731,0.19604595,-0.264377654,24.5665817,2.44007874,-37.3054199,2
21.8070059,0.00713336801,-0.0167523721,-0.69690381,-0.716933528,0.0339726758,0.0131216591,1.5422416,0.333065395,-0.128675827,-9.80014778,-0.305383973,1.14905423,-1.01565822,0.021248877,0.117509425,-0.289897501,24.6630402,2.33227539,-37.3100891,2
21.8169639,0.00727364532,-0.0171372228,-0.696050205,-0.717751805,0.0347363002,0.0134157932,1.5398662,0.340547604,-0.13156004,-9.79985201,-0.36643648,1.21538475,-0.971511036,0.0621023029,0.0249424689,-0.33148995,24.6537476,2.37825012,-37.4552002,2
21.8269219,0.00690187151,-0.017371637,-0.695045241,-0.718722974,0.0345754023,0.01422756,1.53705756,0.33896702,-0.139519996,-9.79979707,-0.433240245,1.10812374,-0.78272391,0.124105498,-0.0663506016,-0.375393867,24.7736893,2.35571289,-37.3540649,2
21.8368789,0.00606644305,-0.0175508285,-0.693908466,-0.719823795,0.0336966091,0.0156244326,1.53387496,0.330347989,-0.153217106,-9.7998865,-0.390653478,0.887637991,-0.414675611,0.182100892,-0.111983068,-0.398750871,24.673233,2.41038513,-37.3152771,2
21.8468369,0.0050032384,-0.0178456742,-0.69270234,-0.720985398,0.0326752731,0.0175098516,1.53050238,0.320328846,-0.171704218,-9.7999128,-0.304468794,0.636478141,0.0194493814,0.219180211,-0.104247957,-0.416510522,24.6697083,2.35643005,-37.4391785,2
21.8567949,0.00389629063,-0.0183033473,-0.691163188,-0.722456364,0.0318442273,0.0196726687,1.5262164,0.312171989,-0.192910526,-9.79978128,-0.359309442,0.334317624,0.482297194,0.235551193,-0.0767550841,-0.425919712,24.6697083,2.35643005,-37.4391785,2
21.8667519,0.00293090236,-0.0188882287,-0.689880345,-0.723671028,0.0313943011,0.0218209488,1.52265324,0.307749058,-0.213973426,-9.79948435,-0.44317266,0.188833833,0.920737127,0.214729667,-0.0309510622,-0.4176974,24.5933762,2.45655823,-37.4659729,2
21.8767099,0.00226863392,-0.0195164914,-0.688393047,-0.725071622,0.0314390509,0.0235823755,1.51853828,0.308175284,-0.231242668,-9.79907869,-0.50225679,0.124700219,1.19985451,0.157313779,0.0174356457,-0.395819247,24.6819,2.41078186,-37.7633362,2
21.8866679,0.00201959719,-0.0200309044,-0.68698671,-0.726391107,0.0318904594,0.0245903735,1.51465953,0.312591018,-0.241124888,-9.7987005,-0.617404388,0.0940306299,1.35345342,0.0624080822,0.0531645343,-0.378473312,24.4777985,2.34440613,-37.9119568,2
21.8966249,0.00225229689,-0.0202950699,-0.685651108,-0.72764394,0.032639382,0.0245554016,1.51098769,0.31992969,-0.240782029,-9.79847195,-0.752533501,0.0981769176,1.33362235,-0.0478023142,0.0753851533,-0.357765377,24.5341797,2.45742798,-37.7477112,2
21.9065829,0.00286452829,-0.0202475232,-0.684387772,-0.72883145,0.033450464,0.0235409722,1.50752626,0.32788496,-0.230836754,-9.79844857,-0.809270702,0.216471051,1.0507839,-0.130666226,0.069334656,-0.343594581,24.6186829,2.69275665,-37.8218384,2
21.9165409,0.00365162755,-0.0199161779,-0.683183248,-0.729966278,0.0340804934,0.0218834148,1.50423664,0.334070773,-0.214585858,-9.79860873,-0.851668778,0.336839288,0.562975828,-0.177240655,0.0413488299,-0.327733308,24.7466049,2.66668701,-37.709198,2
21.9264979,0.00441446295,-0.0193731522,-0.682042828,-0.731042275,0.0343605054,0.019973649,1.50112992,0.336827962,-0.195861558,-9.79890625,-0.836469456,0.316319354,0.0808423,-0.1877186,0.00108955638,-0.308770001,24.7829132,2.69932556,-37.9259033,2
21.9364559,0.00506696596,-0.0186320072,-0.680989732,-0.732038413,0.034191968,0.017958949,1.49826645,0.335189255,-0.176107659,-9.79933763,-0.761957309,0.237308928,-0.190019883,-0.19841519,-0.0378101729,-0.275167048,24.8070908,2.96704102,-38.0586548,2
21.9464139,0.00567146778,-0.0177993585,-0.680089154,-0.732891444,0.0338149187,0.0158978306,1.4958235,0.331506,-0.155897888,-9.79980525,-0.590530227,0.260344442,-0.163515322,-0.199084491,-0.0434979983,-0.229480803,24.7284698,3.08281708,-37.915863,2
21.9563709,0.00627407274,-0.0169782385,-0.679334839,-0.733605242,0.0334444894,0.0138628766,1.49378321,0.327885764,-0.135944028,-9.80022435,-0.482462943,0.314910109,-0.145438983,-0.198009372,-0.0381642208,-0.195160374,24.7191696,3.31486511,-37.8453064,2
21.9663289,0.00688083013,-0.0161768093,-0.678690123,-0.734214386,0.0331027659,0.0118543501,1.49204469,0.324545148,-0.116248736,-9.80058909,-0.413730731,0.380358623,-0.0573866056,-0.194612667,-0.0354154445,-0.167135596,24.7495117,3.30566406,-37.8136902,2
21.9762869,0.0074474785,-0.0153853955,-0.67815135,-0.734723464,0.0327165041,0.00992374191,1.49059587,0.320766287,-0.0973170677,-9.80091935,-0.32525695,0.431756582,0.00728781892,-0.185011968,-0.0479682535,-0.135265827,24.8803101,3.5973053,-37.9156799,2
21.9862439,0.00791753187,-0.0145685692,-0.677738127,-0.735116355,0.0321578123,0.00810682414,1.48948741,0.31529571,-0.079499918,-9.80125779,-0.240179168,0.445363339,0.00987082115,-0.173190385,-0.0648522303,-0.0985553712,24.782196,3.53813934,-38.2285156,2
21.9962019,0.00831633789,-0.0137884214,-0.677442904,-0.735399015,0.0315535632,0.00645012786,1.48869852,0.309376988,-0.0632537075,-9.80156466,-0.194456843,0.378689265,-0.0320201091,-0.15420258,-0.0537303314,-0.070977807,24.8211441,3.70410919,-38.0558777,2
22.0061599,0.00870148878,-0.0131763868,-0.677240032,-0.735592756,0.0311763493,0.00504567041,1.48816082,0.305682134,-0.049480915,-9.80175989,-0.242835874,0.180114027,-0.0596574731,-0.126316309,-0.0215654559,-0.0460784696,24.8027878,3.8318634,-38.1592102,2
22.0161169,0.00909052769,-0.0127992001,-0.677116863,-0.735708069,0.0311489294,0.00395716959,1.48784034,0.305414861,-0.0388064768,-9.801816,-0.239276593,-0.00877880183,0.00324643458,-0.0908864141,0.0164730046,-0.0268544387,24.9530869,3.98806,-38.3240051,2
22.0260749,0.00945454964,-0.012692401,-0.677039158,-0.735776859,0.031485121,0.0032736332,1.48764291,0.308710889,-0.0321033167,-9.80173709,-0.21025088,-0.152998915,0.0637707536,-0.0467652828,0.0510222875,-0.0199788231,24.9405594,4.05937958,-38.2766418,2
22.0360329,0.00977146623,-0.0128584163,-0.676962741,-0.735840167,0.0321590059,0.00302886747,1.48744755,0.315316315,-0.0297029981,-9.80153426,-0.202790371,-0.27316403,0.119831664,-0.0060141217,0.084104076,-0.0202014633,25.1380997,3.95767975,-38.3267822,2
22.0459899,0.0100837091,-0.0132550859,-0.676887173,-0.735898324,0.0331660974,0.00310323106,1.48725463,0.325187136,-0.0304322531,-9.80120985,-0.235106796,-0.396633977,0.255976749,0.0181495603,0.119961232,-0.0188159794,24.9793472,3.96226501,-38.4931641,2
22.0559479,0.0104540304,-0.0138324571,-0.676808513,-0.735954876,0.0345179283,0.00333646626,1.48705612,0.338436128,-0.0327194964,-9.80075393,-0.243268183,-0.451059395,0.395581619,0.0268232096,0.149148151,-0.0196127966,25.0835876,4.03406525,-38.3171997,2
22.0659059,0.0108659372,-0.0144816692,-0.676713677,-0.736023685,0.03603199,0.00360472067,1.48681604,0.353274363,-0.0353501577,-9.80022084,-0.300154584,-0.475662761,0.515806665,0.0265811849,0.152004406,-0.0247166604,25.1988525,3.96120453,-38.3716125,2
22.0758629,0.0112769948,-0.0150647197,-0.676603889,-0.736106719,0.0374476195,0.00378356169,1.48653604,0.367147259,-0.0371039768,-9.79970471,-0.329739392,-0.528825977,0.682734427,0.0056657847,0.135683492,-0.0324928239,25.2878799,4.03846741,-38.3304443,2
22.0858209,0.0117893142,-0.0155100251,-0.676468633,-0.736213709,0.0387975762,0.00362518943,1.48619247,0.380376305,-0.0355508862,-9.79920553,-0.371848495,-0.543547161,0.839504366,-0.0350695811,0.135121062,-0.0388364904,25.329277,3.98595428,-38.4594727,2
22.0957789,0.0123900338,-0.0158185669,-0.676328217,-0.736326229,0.0400656276,0.0031508777,1.48584048,0.392802509,-0.030899503,-9.79873148,-0.381880499,-0.563910479,0.862523423,-0.0564744696,0.118968993,-0.0344531946,25.5420761,3.97501373,-38.7062073,2
22.1057359,0.0129884561,-0.0160569292,-0.676235343,-0.736396135,0.0412268427,0.00258723119,1.48561896,0.40418136,-0.0253720426,-9.79828432,-0.359441251,-0.630340442,0.769001674,-0.0545010231,0.118628651,-0.0127328737,25.5684586,4.0029068,-38.6808777,2
22.1156939,0.0135789604,-0.0163702897,-0.676236079,-0.736377848,0.0424874825,0.00214187142,1.48565254,0.41653355,-0.0210045681,-9.79777754,-0.325555421,-0.638149581,0.663000383,-0.0375561267,0.133639559,0.0130944625,25.6101608,4.07038879,-38.7622986,2
22.1256519,0.0141181779,-0.0167897611,-0.676302443,-0.736297273,0.0438349446,0.00191956234,1.48586272,0.429735525,-0.0188244647,-9.79721173,-0.377363898,-0.660979691,0.538235355,-0.0107137449,0.13675797,0.0257578567,25.5914078,4.13259125,-38.5530396,2
22.1356089,0.0145575536,-0.0173031827,-0.676407408,-0.736180572,0.0451856708,0.00197402695,1.48617302,0.442968406,-0.0193585795,-9.79662136,-0.412892782,-0.677653909,0.500834137,0.0164720695,0.136056244,0.0354200713,25.7186432,4.11158752,-38.6464233,2
22.1455669,0.0148945144,-0.0178678634,-0.676541436,-0.736037152,0.0464731791,0.00225086997,1.48655685,0.455581,-0.0220734759,-9.79603684,-0.380763769,-0.717585741,0.464037315,0.0319247842,0.121718749,0.0424746498,25.9273758,4.14006042,-38.5357361,2
22.1555249,0.0151333711,-0.0183987184,-0.676688316,-0.735884104,0.0475779118,0.00262758405,1.48697009,0.466402291,-0.0257677684,-9.79551895,-0.357168374,-0.752049005,0.462471966,0.0339924619,0.1008377,0.0423769094,26.0904083,4.01834106,-38.7041321,2
22.1654819,0.0153022329,-0.0188299916,-0.676834008,-0.735735774,0.0484410968,0.00297276145,1.48737612,0.474857035,-0.0291527872,-9.79510335,-0.426974572,-0.769912505,0.417165089,0.0279341973,0.0742830262,0.0415604562,25.9552155,3.97583008,-38.7185364,2
22.1754399,0.0154131606,-0.0191481756,-0.676967973,-0.735601922,0.0490592376,0.00324950781,1.48774686,0.480911257,-0.0318667292,-9.7947994,-0.535231241,-0.778271753,0.32303836,0.0199780054,0.0508530699,0.0349832475,26.079895,4.13890076,-38.9714966,2
22.1853979,0.0154903147,-0.0193476522,-0.677078216,-0.735493651,0.0494569074,0.00341369809,1.48805118,0.484806072,-0.0334768769,-9.79460183,-0.584915163,-0.715908747,0.22557635,0.00859006215,0.0303411372,0.0255668443,26.1747131,4.22702789,-38.757782,2
22.1953549,0.0155039848,-0.0194587564,-0.677139267,-0.735434273,0.0496386813,0.00354825997,1.48821792,0.486586233,-0.0347964716,-9.7945089,-0.578315582,-0.675982687,0.0363414794,0.0158192143,0.00641236641,0.00697531737,26.1425781,4.2833786,-39.1166382,2
22.2053129,0.0153586641,-0.0195271139,-0.677118007,-0.735455016,0.0495425156,0.00385311737,1.48815104,0.485643765,-0.0377860796,-9.79454455,-0.625406858,-0.68466481,-0.178652101,0.0484594963,-0.0265618134,-0.0176420342,26.1425781,4.2833786,-39.1166382,2
22.2152709,0.0149087547,-0.0195824602,-0.677008524,-0.735563589,0.0490151358,0.00458232671,1.48782592,0.480476774,-0.0449371159,-9.79476959,-0.660342781,-0.709386579,-0.291104176,0.0966848135,-0.0794394091,-0.0395843498,26.2210388,4.26473236,-38.954071,2
22.2252279,0.0141398745,-0.0195910491,-0.676854693,-0.735720042,0.0479875347,0.00571464005,1.48736262,0.470408677,-0.0560411686,-9.79520097,-0.639949616,-0.693045174,-0.173057642,0.128562793,-0.12466798,-0.041021876,26.1894608,4.2596817,-39.0326538,2
22.2351859,0.0132299138,-0.0195060269,-0.676739874,-0.73584477,0.0466312536,0.00693074225,1.48700005,0.457119681,-0.0679668171,-9.79575451,-0.555582759,-0.649994917,0.207276138,0.107457764,-0.142361745,-0.0198100656,26.1856308,4.28630829,-39.1708679,2
22.2451439,0.0125080055,-0.0192705434,-0.676731381,-0.735871561,0.045307242,0.0076734671,1.48693925,0.444147204,-0.0752502658,-9.79629812,-0.50714617,-0.676529581,0.695339057,0.0339621119,-0.118815735,0.0149054751,26.1130524,4.43013763,-39.5395508,2
22.2551009,0.0121888966,-0.0188666923,-0.67687765,-0.735752782,0.0442789739,0.00760492883,1.48732085,0.434073956,-0.074578157,-9.79675463,-0.447393237,-0.683785762,0.962599416,-0.0505381227,-0.0875025541,0.0619866997,26.0490112,4.33704376,-39.6588745,2
22.2650589,0.0122096722,-0.0183894629,-0.677220969,-0.735448511,0.0436011639,0.00694834512,1.48825528,0.427435577,-0.0681394383,-9.79709365,-0.367432396,-0.68004906,0.830658797,-0.0858209133,-0.0394569673,0.11891146,25.954628,4.32508087,-39.9042969,2
22.2750169,0.0124157548,-0.0180588074,-0.677770606,-0.734946712,0.0433890441,0.00622966159,1.48976038,0.425359429,-0.0610917163,-9.79723043,-0.381666783,-0.72121416,0.485731261,-0.0682597682,-0.00115218607,0.176076472,26.1568222,4.27540588,-39.8856812,2
22.2849739,0.0126248768,-0.0180057406,-0.678519062,-0.734253557,0.0435885558,0.00589478912,1.49180785,0.427314947,-0.0578077993,-9.79716496,-0.425670467,-0.581444565,0.107082657,-0.0173921175,0.046550341,0.22960487,26.0875168,4.4208374,-39.9796143,2
22.2949319,0.0128104093,-0.0183290281,-0.679441578,-0.733388846,0.0443077835,0.0061170231,1.49433034,0.434360627,-0.0599871298,-9.79684231,-0.47670964,-0.471825412,-0.2728706,0.0373949632,0.0993416533,0.277664244,26.2541046,4.55998993,-40.1688232,2
22.3048899,0.0129407845,-0.0190028971,-0.680512247,-0.732376037,0.0454640027,0.00690842242,1.49725708,0.445685337,-0.067747941,-9.79628292,-0.527538641,-0.387300514,-0.555646508,0.0888500214,0.132996678,0.316321939,26.267067,4.58390808,-40.0169678,2
22.3148469,0.0129367232,-0.019927391,-0.681684867,-0.731260127,0.0468004238,0.00824827559,1.50045919,0.458772234,-0.0808870341,-9.79557916,-0.5228187,-0.259239732,-0.837070417,0.147385508,0.134860352,0.33518672,26.2963409,4.36277771,-40.0506287,2
22.3248049,0.0126352425,-0.0209489556,-0.682879603,-0.730121268,0.0478680032,0.0101608852,1.50371097,0.469221294,-0.0996425332,-9.79491105,-0.55257101,-0.0700469935,-1.08523854,0.204107374,0.0799186379,0.331046194,26.3143234,4.28502655,-40.1512451,2
22.3347629,0.0118919004,-0.0218993754,-0.684009289,-0.729047609,0.0482222404,0.0126195643,1.50676775,0.472677754,-0.123752362,-9.79447032,-0.602415091,0.151285188,-1.19910516,0.254493833,-0.00278343447,0.302913368,26.4513321,4.14347839,-40.2539062,2
22.3447199,0.0107431692,-0.0226802191,-0.685006477,-0.728104689,0.0477692774,0.0154285023,1.50944914,0.468222711,-0.15129592,-9.7942973,-0.663501318,0.18675953,-1.09258656,0.275431842,-0.0761998817,0.261941582,26.3990097,3.88456726,-40.3096313,2
22.3546779,0.00943358356,-0.0233107242,-0.685879997,-0.727280069,0.0468724319,0.0182560183,1.511793,0.45941667,-0.179020441,-9.79424703,-0.651552887,-0.0288266651,-0.699389209,0.263982654,-0.0846580788,0.237152085,26.3388214,3.6443634,-40.4578247,2
22.3646359,0.00829282536,-0.0239730886,-0.686714502,-0.726484504,0.046248322,0.0208776336,1.51404466,0.453280651,-0.204724773,-9.794029,-0.439515526,-0.274864222,-0.303217223,0.238121793,-0.0245915279,0.242199674,26.3445053,3.41806793,-40.6418762,2
22.3745929,0.0074829346,-0.0248313366,-0.687587008,-0.725638775,0.0463566669,0.0232896993,1.51641857,0.454317556,-0.228373287,-9.79345851,-0.14022976,-0.308077998,-0.222684135,0.224303991,0.0544457659,0.253794014,26.2577972,3.29492188,-40.5388184,2
22.3845509,0.00696078535,-0.0258980626,-0.688485277,-0.724754366,0.0471571548,0.025573938,1.51887689,0.462131153,-0.250767325,-9.7925449,-0.037910117,-0.345838294,-0.196064424,0.20576492,0.122219488,0.258687854,26.4039688,3.2330246,-40.7198181,2
22.3945089,0.00683505572,-0.0271072586,-0.689402848,-0.723838527,0.04870441,0.0274841493,1.52140361,0.477257995,-0.269493507,-9.7913215,0.0457238595,-0.304816091,-0.0973293244,0.144597977,0.204242185,0.266151875,26.4829559,3.2076416,-40.6492615,2
22.4044659,0.00728601115,-0.0283183333,-0.690392703,-0.722843704,0.0510428615,0.0285721342,1.52415073,0.500137935,-0.280158803,-9.78988007,0.145995667,-0.0912421865,-0.0859019214,0.0408818536,0.283099234,0.297762841,26.5876312,3.29262543,-40.6585388,2
22.4144239,0.00841720874,-0.0293726921,-0.691533651,-0.721697775,0.0540862665,0.0284788978,1.52734432,0.529931564,-0.27924483,-9.78833868,0.313574038,0.424841761,-0.353947878,-0.0947601348,0.341933787,0.340344131,26.6224289,3.13805389,-40.720459,2
22.4243819,0.0101359467,-0.0300767415,-0.692825609,-0.720406462,0.057432451,0.0270751783,1.53099136,0.562704062,-0.265484362,-9.78689258,0.47039242,1.17004324,-0.991952936,-0.227767155,0.342491925,0.372322857,26.9211426,3.28312683,-40.9064331,2
22.4343389,0.0121427953,-0.0302460282,-0.694203237,-0.719040746,0.0604102947,0.0245339133,1.53490899,0.591884162,-0.240571364,-9.7858153,0.460515534,1.79126543,-1.81828159,-0.325166672,0.270187348,0.375875771,26.9712067,3.2650528,-40.7344666,2
22.4442969,0.0140566011,-0.0298314049,-0.695562276,-0.717708657,0.0624297268,0.0213237272,1.53879253,0.611689773,-0.209098477,-9.7853208,0.359307067,2.19329272,-2.65510067,-0.353382379,0.146161094,0.35938254,26.9378967,3.23443604,-40.7203979,2
22.4542549,0.0153911264,-0.0289706495,-0.696840355,-0.716475742,0.0630161194,0.0183221231,1.5424345,0.617464447,-0.179668603,-9.78554233,0.238161837,2.37230795,-3.24071035,-0.27917552,-0.0187700782,0.328415841,27.0145187,3.32247162,-41.0528259,2
22.4642119,0.0156157637,-0.0278686143,-0.697944654,-0.715438844,0.0617220937,0.0165580094,1.54553136,0.604819814,-0.162371176,-9.78663422,0.123614507,2.32598094,-3.47484878,-0.10679321,-0.232933626,0.268274695,26.9932632,3.29530334,-40.9404602,2
22.4741708,0.0144513535,-0.0266604136,-0.698818576,-0.714655777,0.058344923,0.0166068613,1.54790366,0.571764809,-0.162850191,-9.78861341,0.11327457,2.1201097,-3.17913097,0.0822467506,-0.429968119,0.209740251,27.0718689,3.32062531,-40.8837585,2
22.4841288,0.0121889483,-0.0254233787,-0.699521022,-0.714055688,0.0533944369,0.0181621985,1.54974777,0.523285477,-0.178100532,-9.79105905,0.361520103,1.86391741,-2.06263337,0.194288895,-0.544380009,0.181842819,26.7900467,3.2564621,-41.028595,2
22.4940858,0.00949652807,-0.0241290701,-0.700173156,-0.713502036,0.0477586397,0.0202388517,1.55145643,0.468078371,-0.198461786,-9.79346202,0.712411114,1.76367074,-0.672491265,0.189338878,-0.573010325,0.18242605,26.6413498,3.14093018,-41.1525879,2
22.5040438,0.0069759749,-0.0226771941,-0.700840188,-0.712923622,0.0421348147,0.0218412399,1.5532425,0.412980607,-0.214172364,-9.79560955,0.876594618,1.65009448,0.472289011,0.106352083,-0.543101609,0.190169752,26.2452087,3.04891968,-41.3613586,2
22.5140018,0.00501586608,-0.021066221,-0.701506834,-0.71233359,0.0370674773,0.0224121325,1.55506572,0.363333254,-0.219769545,-9.79745255,0.972480028,1.59044958,1.2365356,-0.00833081733,-0.460317791,0.177834526,26.0245667,2.95453644,-41.5167847,2
22.5239588,0.00378194688,-0.0194601151,-0.702100192,-0.711802163,0.0330280699,0.0219436661,1.55671043,0.32375787,-0.215176591,-9.79894191,0.840121841,1.55398388,1.49390526,-0.0935659409,-0.341603577,0.145425498,25.8496552,2.98895264,-41.8605957,2
22.5339168,0.00318983779,-0.0180960509,-0.702562663,-0.711384644,0.030239833,0.0208903356,1.55800213,0.296441573,-0.204849313,-9.80002795,0.647620516,1.57433226,1.12972591,-0.117574871,-0.21337533,0.103505999,25.7604446,2.89064026,-42.0090027,2
22.5438748,0.00297581722,-0.0172168471,-0.702845326,-0.711128132,0.0286794965,0.0199705138,1.55879446,0.281155157,-0.195830816,-9.80066274,0.391763595,1.4900461,0.453849099,-0.0635362938,-0.101507254,0.0475357696,25.7908325,3.07817841,-41.8890381,2
22.5538318,0.00283129186,-0.0169650703,-0.702911029,-0.711069903,0.0281162228,0.0198246758,1.55897759,0.275635462,-0.194400929,-9.80084804,0.037554472,1.21986701,-0.142720372,0.0376995131,-0.0140471803,-0.00960741192,25.7908325,3.07817841,-41.8890381,2
22.5637898,0.00258127419,-0.0173695943,-0.702806509,-0.711164329,0.028343437,0.0207449955,1.55868073,0.277857156,-0.203424322,-9.80060195,-0.143633797,1.02433581,-0.440595649,0.147126928,0.0572837256,-0.0435648188,25.7403641,3.1098175,-41.9753113,2
22.5737478,0.00220296312,-0.0183520816,-0.702595813,-0.71134914,0.0292167137,0.0226559777,1.55808418,0.286403798,-0.222160239,-9.79994904,-0.184801436,1.01254564,-0.433317767,0.23420617,0.116536394,-0.0629624799,25.5867615,3.11709595,-41.9804077,2
22.5837048,0.00176295819,-0.0197468837,-0.702314919,-0.711590293,0.0305941935,0.025230731,1.55729032,0.299884261,-0.247402689,-9.79894133,-0.167905484,1.0630769,-0.179343006,0.278546691,0.150404066,-0.0823909119,25.6442947,2.97502136,-42.0304565,2
22.5936628,0.00129798114,-0.0212783838,-0.701960516,-0.71189676,0.0321364395,0.0280287832,1.55629062,0.314972799,-0.274832475,-9.79773663,-0.17446466,1.15125955,0.235893745,0.283113748,0.152415022,-0.101113468,25.7075958,2.89291382,-42.0507507,2
22.6036208,0.000872727504,-0.0227329945,-0.701544896,-0.712262064,0.0336303537,0.0306580135,1.55512032,0.329583983,-0.300605305,-9.79649919,-0.158849048,1.18286823,0.678481445,0.248336762,0.139028609,-0.115267567,25.7800751,2.95994568,-41.9856567,2
22.6135778,0.000528261497,-0.0239153795,-0.701107282,-0.712654505,0.0348533263,0.0327874318,1.55388984,0.34154151,-0.321477249,-9.7954266,-0.153448613,1.15884884,0.988954339,0.181983575,0.0940222517,-0.113550894,25.8846436,2.72749329,-41.9580688,2
22.6235358,0.000307246044,-0.0246856216,-0.700714233,-0.713014848,0.0356613757,0.0341636361,1.55278591,0.349440484,-0.334965639,-9.79469594,-0.151920454,1.09273006,1.29139006,0.100406341,0.0622797385,-0.0973892212,25.8834991,2.81937408,-42.116394,2
22.6334938,0.000272576751,-0.0250717976,-0.700383921,-0.713325898,0.0361802575,0.0347378818,1.5518592,0.354515704,-0.340593745,-9.79431951,-0.194554677,1.00677992,1.45157419,0.0178467464,0.0327583291,-0.0850862116,25.9337616,2.58546448,-42.1249084,2
22.6434508,0.00042000295,-0.0250805626,-0.700113495,-0.713590833,0.0364123599,0.0345259192,1.55110148,0.356791613,-0.338516354,-9.79430899,-0.291102276,0.899058379,1.49869951,-0.0541552305,0.00713207759,-0.0696818456,25.7677689,2.6237793,-42.1154175,2
22.6534088,0.00067881398,-0.0247786001,-0.699893744,-0.713816739,0.036353625,0.0337220678,1.55048681,0.356226125,-0.330637839,-9.79459891,-0.392439996,0.765185039,1.4288094,-0.102652721,-0.0217224732,-0.061094217,25.8935013,2.71911621,-42.0058594,2
22.6633668,0.000992396236,-0.0242443142,-0.69968974,-0.714034672,0.0360381461,0.0325155144,1.54991721,0.353150225,-0.318812084,-9.79510219,-0.446824936,0.636043403,1.17492875,-0.134648636,-0.041147273,-0.0608902648,25.8163834,2.79703522,-42.2286682,2
22.6733238,0.0013427344,-0.0235886159,-0.699455263,-0.714285779,0.0356011063,0.0310851768,1.5492632,0.348885224,-0.304792364,-9.79570132,-0.449742504,0.573690699,0.83899291,-0.147513837,-0.0531432182,-0.0810607746,25.8035278,2.87041473,-42.0371704,2
22.6832818,0.00167813734,-0.0228530637,-0.69917482,-0.714583451,0.0350299315,0.0295625408,1.54848121,0.343305963,-0.289867273,-9.79635131,-0.488007097,0.413317876,0.53228726,-0.152212277,-0.0641238987,-0.0840665102,25.5443344,2.76069641,-42.2955627,2
22.6932398,0.00199877431,-0.0220727029,-0.698902351,-0.714873653,0.0343725214,0.027999244,1.54772222,0.336880825,-0.274542917,-9.79701591,-0.329400516,0.493462293,0.334532399,-0.15844354,-0.072239615,-0.0802619234,25.5496826,2.85405731,-42.2338562,2
22.7031968,0.00232850776,-0.0212163902,-0.698629325,-0.715165434,0.0336179564,0.026317286,1.54696253,0.329503282,-0.258054614,-9.797715,-0.277131692,0.633494887,0.203700033,-0.175227314,-0.0840043947,-0.0866678879,25.4744873,3.04308319,-42.4849243,2
22.7131548,0.00269399131,-0.020251434,-0.698317297,-0.715496763,0.0327578247,0.0244311995,1.54609505,0.321091208,-0.239564397,-9.79846377,-0.216645732,0.655406859,0.154769121,-0.198778212,-0.0895301104,-0.0988403708,25.4216995,3.02662659,-42.3745117,2
22.7231128,0.00317294342,-0.0192384478,-0.697993088,-0.715839048,0.0319860662,0.0223158257,1.54519599,0.313544592,-0.218825323,-9.79919325,-0.073677048,0.717267761,0.107165659,-0.219936416,-0.0668638349,-0.0955458209,25.3689423,3.358284,-42.3605042,2
22.7330698,0.0037823483,-0.0182744614,-0.697675744,-0.716170656,0.0314645069,0.0200830332,1.5443194,0.308448292,-0.196934046,-9.79981928,0.101108222,0.777078598,-0.0102718032,-0.220845893,-0.0420815274,-0.0956848413,25.2915726,3.51069641,-42.4712524,2
22.7430278,0.00443875203,-0.0174266128,-0.697338635,-0.716516266,0.0311735965,0.0179445877,1.54339024,0.305609836,-0.175966844,-9.80030735,0.173079306,0.817462777,-0.099267599,-0.202574879,-0.0173364505,-0.105852455,25.3931808,3.57693481,-42.4572449,2
22.7529858,0.00513351833,-0.0167921761,-0.696938397,-0.716916054,0.0312417568,0.0160463099,1.54228776,0.306287698,-0.157353786,-9.80060254,0.191405383,0.811120057,-0.228408358,-0.171360224,0.0310300179,-0.126008853,25.4034348,3.71992493,-42.3035889,2
22.7629428,0.0058422133,-0.0164780671,-0.696467478,-0.717375427,0.0317884716,0.0145712708,1.54099091,0.311652824,-0.142890294,-9.80065514,0.224347502,0.771966369,-0.399691392,-0.115157411,0.0751466081,-0.142259195,25.2924423,3.87224579,-42.3973389,2
22.7729008,0.00645095232,-0.0165152459,-0.695909463,-0.717910701,0.0327004076,0.0137242472,1.53945144,0.320594109,-0.134584667,-9.80048446,0.253563769,0.767700967,-0.594989508,-0.0433178432,0.100500166,-0.174881592,25.273674,3.82678986,-42.280304,2
22.7828588,0.00684092696,-0.0168390954,-0.695207811,-0.718579069,0.0337216753,0.0135822651,1.53750851,0.330603498,-0.133192427,-9.80017057,0.231733046,0.751344948,-0.715162532,0.0272061136,0.0989842042,-0.215065897,25.2330627,3.76669312,-42.6765747,2
22.7928158,0.00699838935,-0.0174020281,-0.694346607,-0.719396353,0.0347669845,0.0140973138,1.53511759,0.340845089,-0.138242843,-9.79974972,0.183483504,0.664068962,-0.735784464,0.0906165168,0.105454087,-0.260565192,25.1715927,3.93069458,-42.6572876,2
22.8027738,0.00694820178,-0.0182122802,-0.693314254,-0.720371807,0.0358856711,0.0152436799,1.53224817,0.351801806,-0.149483646,-9.79919793,0.144694156,0.571311622,-0.719278151,0.159376442,0.109364063,-0.305951357,25.1934662,3.97412872,-42.5762329,2
22.8127318,0.00665933677,-0.0192647435,-0.692099787,-0.72151403,0.0370312655,0.0170574671,1.52887088,0.363016845,-0.167268501,-9.79850118,0.0739233874,0.51861712,-0.645156099,0.227882534,0.109306537,-0.360591948,25.4417801,4.1681366,-42.4954834,2
22.8226888,0.00612140323,-0.0205160052,-0.690653664,-0.722868734,0.0381327781,0.0194902002,1.52485135,0.373793163,-0.191121469,-9.79765947,-0.0477344321,0.541422643,-0.522246928,0.287106305,0.0946424231,-0.429168046,25.4707947,4.17462158,-42.5888367,2
22.8326468,0.00532271366,-0.0218216779,-0.688954859,-0.724456109,0.0389715164,0.0223580199,1.52013626,0.381987795,-0.219239,-9.79675463,-0.185664793,0.607248831,-0.290465878,0.317575812,0.0534220152,-0.493984312,25.5136032,4.027565,-42.4215698,2
22.8426048,0.00437634086,-0.0230066475,-0.687053665,-0.726229283,0.0394525808,0.0252598354,1.51487314,0.386673907,-0.247688027,-9.79589304,-0.170598741,0.673107278,0.00196223998,0.300820082,0.0214190278,-0.536774457,25.5337219,4.15679169,-42.6640015,2
22.8525618,0.00348765153,-0.0239712883,-0.685040485,-0.728102275,0.0397112048,0.02776744,1.5093192,0.389181469,-0.27227057,-9.79514135,-0.126419371,0.718040499,0.306620894,0.242960542,0.00455642492,-0.553597093,25.5404892,4.23350525,-42.4975281,2
22.8625198,0.00280779727,-0.0247074683,-0.683005133,-0.729990265,0.0399360725,0.0296556727,1.50372438,0.391362832,-0.290780168,-9.79452234,-0.095381186,0.741188881,0.590163695,0.180500343,0.0133194616,-0.550779045,25.461441,4.33570862,-42.8015747,2
22.8724778,0.00236944363,-0.0253363683,-0.681008504,-0.731833323,0.0403415954,0.0310454758,1.4982542,0.395318036,-0.304403218,-9.79394951,-0.0782374877,0.73131879,0.677428137,0.145424649,0.036612004,-0.534474909,25.434761,4.27692413,-42.7126465,2
22.8824348,0.00209360617,-0.0260154412,-0.679067131,-0.73361204,0.0410467646,0.0322662711,1.49295035,0.402208782,-0.316369112,-9.79328958,-0.0953035907,0.752412578,0.692031247,0.147044435,0.0770211369,-0.517589211,25.3466339,4.38668823,-42.7214355,2
22.8923928,0.00190931995,-0.0269579613,-0.677180591,-0.735320372,0.0422679753,0.0337092763,1.48780841,0.414148408,-0.330512459,-9.79232512,-0.182062019,0.774337044,0.566418662,0.187811032,0.136021346,-0.499822438,25.5631561,4.44799042,-42.7570801,2
22.9023508,0.00170916913,-0.0282787963,-0.675356057,-0.736947463,0.0440308184,0.0356849502,1.4828445,0.431380516,-0.34987555,-9.79090824,-0.212611873,0.771404132,0.395013463,0.250009477,0.179897293,-0.476705432,25.5313797,4.55052185,-42.6066895,2
22.9123078,0.00135758221,-0.0299012018,-0.673613118,-0.738477765,0.0460417126,0.0382879491,1.47810879,0.451024652,-0.37538478,-9.7890781,-0.15609047,0.813373462,0.280206934,0.311350882,0.184683517,-0.450997144,25.5313797,4.55052185,-42.6066895,2
22.9222658,0.000798515407,-0.0316381621,-0.67192812,-0.739939917,0.0479531124,0.0413472148,1.47353615,0.469677403,-0.405362131,-9.78700539,-0.0966324647,0.797711417,0.267360312,0.342308164,0.158406794,-0.439295709,25.51931,4.36284637,-42.5027771,2
22.9322238,5.30461704E-05,-0.0332824326,-0.670261826,-0.741378072,0.0494901289,0.0445519705,1.46902175,0.484652891,-0.436761076,-9.78492391,-0.122232112,0.592982186,0.447687069,0.339083076,0.109015815,-0.435292721,25.4242325,4.32204437,-42.3383179,2
22.9421808,-0.000775127001,-0.034664872,-0.668606467,-0.742807663,0.0505407073,0.0475237425,1.46454722,0.494864707,-0.465873298,-9.7830698,-0.108950825,0.324914091,0.756330993,0.297053725,0.0653467551,-0.431852341,25.7109146,4.37573242,-42.4825745,2
22.9521388,-0.00150532636,-0.035752525,-0.666969746,-0.744225041,0.0512942811,0.0499530803,1.46013467,0.502177295,-0.489668673,-9.78153485,-0.0194479201,0.101657782,1.00783323,0.230575651,0.0449104607,-0.427453607,25.687233,4.33508301,-42.5602417,2
22.9620968,-0.00199090027,-0.0365228348,-0.665347829,-0.745636939,0.0519086142,0.0515926404,1.45577355,0.508143985,-0.505726549,-9.78040964,0.0405755734,-0.0299766571,1.14063368,0.138839811,0.0363851339,-0.430393875,25.5951538,4.29351044,-42.5368042,2
22.9720538,-0.00208872097,-0.0369518566,-0.663716583,-0.747068044,0.0525341384,0.0521956503,1.45139877,0.514245663,-0.511632083,-9.77978362,0.0286380655,-0.0849736276,1.1346207,0.0263303164,0.0466039479,-0.439474165,25.670311,4.50591278,-42.2913818,2
22.9820118,-0.00171296498,-0.0371018573,-0.662083497,-0.748509154,0.0533705638,0.0517164451,1.44703052,0.522438578,-0.50693903,-9.77959365,-0.0202562773,-0.0504616286,0.955015244,-0.0766025707,0.0769159198,-0.44171074,25.685936,4.524086,-42.4838257,2
22.9919698,-0.000913353304,-0.0370457761,-0.660449642,-0.749955318,0.0544547217,0.0503249269,1.44267344,0.533078776,-0.493310646,-9.7797164,-0.107959805,0.150939224,0.581492897,-0.151941538,0.0966198519,-0.447429895,25.7547455,4.67749023,-42.5754089,2
23.0019268,0.000122334105,-0.0368350425,-0.658793281,-0.751421666,0.0556121509,0.0483683654,1.43827141,0.544450357,-0.474146694,-9.78003789,-0.173949148,0.467711656,0.00615852263,-0.187781557,0.0893417001,-0.456817001,25.6221619,4.72901154,-42.4335022,2
23.0118848,0.00118119881,-0.0364921601,-0.657076963,-0.752938729,0.0565955479,0.0461940018,1.43372479,0.554124742,-0.452847301,-9.78050375,-0.239887309,0.833824129,-0.583994651,-0.195371047,0.0638302118,-0.478202969,25.5604858,4.8468399,-42.3843689,2
23.0218428,0.00212225755,-0.0360550998,-0.655273322,-0.754527906,0.0572773538,0.0440635425,1.42895928,0.560846963,-0.431975924,-9.78106489,-0.328311625,1.04878147,-1.03773386,-0.177289352,0.03216004,-0.498795956,25.4871826,5.06659698,-42.4015808,2
23.0317998,0.00288571048,-0.035616617,-0.653415301,-0.756155781,0.0577179384,0.0421933099,1.42405995,0.565201907,-0.413652259,-9.78160616,-0.363791263,1.06427598,-1.26523972,-0.139370739,0.0181347691,-0.502481997,25.6179352,5.36707306,-42.48526,2
23.0417578,0.00344821712,-0.0353337997,-0.651562083,-0.757764168,0.0581239662,0.0408298009,1.41918032,0.569205699,-0.400292317,-9.78192998,-0.32589649,0.956195394,-1.25728496,-0.0739696547,0.0275512543,-0.488195747,25.3629608,5.53384399,-42.4624329,2
23.0517158,0.00376904827,-0.0353497713,-0.649736962,-0.759327434,0.0586629446,0.0402230677,1.41437793,0.574492006,-0.394347181,-9.78186276,-0.290481368,0.813481525,-1.0421733,0.0101023437,0.0414055474,-0.480729312,25.5213928,5.77098846,-42.3724976,2
23.0616728,0.00383267372,-0.0356598673,-0.64789296,-0.760886609,0.0593156698,0.0403860714,1.40952722,0.580872939,-0.395944424,-9.78142087,-0.333074601,0.772432014,-0.652808659,0.0760971531,0.0517507121,-0.486673832,25.416275,5.87198639,-42.4825439,2
23.0716308,0.00377653189,-0.0361509829,-0.646008843,-0.762463972,0.0600935253,0.0409602227,1.40457655,0.588467559,-0.401570265,-9.78073756,-0.381819526,0.878315013,-0.256503403,0.0920979604,0.0620949641,-0.506082356,25.4861908,5.90682983,-42.6513367,2
23.0815888,0.00375866343,-0.0366368345,-0.644028243,-0.764114668,0.0609208468,0.0414580877,1.3993846,0.59654693,-0.406448502,-9.78004666,-0.482524574,0.829772662,0.00407294853,0.0668858066,0.0621886998,-0.53104049,25.4094391,5.94992828,-42.4396362,2
23.0915458,0.00389056075,-0.0369992586,-0.641980761,-0.76581761,0.0617572366,0.0415586663,1.39403432,0.604724099,-0.407434005,-9.77950363,-0.538735377,0.532979297,0.165586868,0.0181070771,0.0631061643,-0.538405955,25.4804077,6.18625641,-42.5900879,2
23.1015038,0.00422396269,-0.0372599154,-0.639950642,-0.767500442,0.0626945329,0.0412168962,1.38874799,0.613898791,-0.404085243,-9.77907109,-0.459623956,0.243822712,0.156026428,-0.0188149754,0.0859266222,-0.523782372,25.2915497,6.26230621,-42.5135498,2
23.1114618,0.00480499582,-0.0376052387,-0.637980308,-0.76911903,0.0640733987,0.0406027313,1.38363617,0.627398032,-0.398067371,-9.77846085,-0.42898003,0.106572625,0.0413923331,-0.0375540443,0.155913964,-0.504959702,25.486496,6.52735901,-42.624939,2
23.1214188,0.00566222666,-0.038256457,-0.636045211,-0.770682141,0.0662713349,0.0399487434,1.37863466,0.648906026,-0.391659148,-9.77731577,-0.512438066,0.0593133724,-0.145452427,-0.0268920194,0.243623406,-0.498434216,25.3815613,6.63778687,-42.6915588,2
23.1313768,0.00668405401,-0.039306188,-0.634125744,-0.77220138,0.0692911892,0.0395375601,1.37368975,0.678440164,-0.387630002,-9.7754716,-0.668565543,0.0605215061,-0.346464829,0.012366171,0.323391497,-0.488627911,25.5486069,6.85810852,-42.5198975,2
23.1413348,0.00776044873,-0.0407437406,-0.632230918,-0.77366907,0.0729788331,0.039521154,1.36882158,0.714484414,-0.387469258,-9.77290964,-0.789155039,0.0989672278,-0.466043394,0.0492742583,0.378253162,-0.485899985,25.6866531,6.91903687,-42.3416443,2
23.1512918,0.00887715208,-0.0423943209,-0.630303625,-0.775139475,0.077050465,0.0396909468,1.36388419,0.754265001,-0.389133027,-9.76985376,-0.92799572,0.0879117999,-0.492742016,0.0529022813,0.398161352,-0.491472095,25.7621536,7.03311157,-42.3508301,2
23.1612498,0.0100438799,-0.0439800145,-0.628387897,-0.776590986,0.0810844591,0.0396834591,1.35899528,0.793670544,-0.389059669,-9.76673475,-1.03354108,0.115671037,-0.421191861,0.0182055794,0.36760515,-0.489526808,25.7579422,6.94924164,-42.2382507,2
23.1712078,0.0112472355,-0.0452388324,-0.626518087,-0.778011568,0.0846518653,0.0391949697,1.3542456,0.828523319,-0.384272947,-9.764029,-1.09338334,0.245857469,-0.256901462,-0.040666528,0.309743702,-0.474543065,26.081955,7.10450745,-42.2301636,2
23.1811648,0.0125101202,-0.0460245186,-0.624716432,-0.779393701,0.0875479544,0.0380130824,1.34969508,0.85683639,-0.37269123,-9.76203461,-1.12783155,0.397081429,-0.170909524,-0.118024349,0.236371085,-0.461239308,26.1420364,7.26303864,-42.0286865,2
23.1911228,0.0138353572,-0.0463071362,-0.622954126,-0.780763988,0.0897261952,0.0360979849,1.34527024,0.878160772,-0.353923438,-9.7608381,-1.17893382,0.556232784,-0.210113992,-0.18146643,0.171745494,-0.459360182,26.1453857,7.47649384,-41.8862,2
23.2010808,0.0151340803,-0.0462299575,-0.621170866,-0.782163965,0.0912992661,0.0337651566,1.34080881,0.893586962,-0.331060156,-9.76024013,-1.2619962,0.670437474,-0.476019429,-0.199587584,0.112441443,-0.470396906,26.1512604,7.71711731,-41.8840332,2
23.2110378,0.0162045094,-0.0458942942,-0.619387773,-0.783575082,0.0921730139,0.0314630205,1.33634704,0.902182356,-0.308495931,-9.76018869,-1.28301152,0.709673579,-0.848518863,-0.174324572,0.0343634188,-0.47211197,26.0845795,7.73730469,-41.7574158,2
23.2209958,0.0169219052,-0.0453988384,-0.617603852,-0.784995655,0.0923492199,0.0295140354,1.33186823,0.903955942,-0.289391801,-9.76060955,-1.22732412,0.60677241,-1.05908703,-0.130510688,-0.023462927,-0.463899732,26.1393585,7.9710083,-41.7746582,2
23.2309538,0.0172958423,-0.0448729316,-0.615865251,-0.786382408,0.0920445149,0.0280727535,1.32748616,0.901019158,-0.275263505,-9.76128993,-1.16258715,0.336614174,-1.09342184,-0.0759728849,-0.059868075,-0.44741714,26.0840073,8.11475372,-41.8118591,2
23.2409108,0.0173610128,-0.04442537,-0.614192914,-0.787713128,0.0914762897,0.0272238621,1.32325381,0.895493453,-0.266941904,-9.76202935,-1.09825379,0.0935111726,-0.908029621,-0.0134922564,-0.0736564398,-0.424745917,25.9204636,8.21083832,-41.8526306,2
23.2508688,0.0171806483,-0.0441947176,-0.612564618,-0.788997066,0.0909460315,0.0270365722,1.31911794,0.890321457,-0.265105903,-9.7625525,-1.06330392,-0.0262392972,-0.608829817,0.0504089594,-0.0503452495,-0.41449514,25.9934006,8.41392517,-42.067749,2
23.2608268,0.0168543054,-0.0442790692,-0.610922362,-0.790271571,0.0907369588,0.0274666438,1.31493886,0.888269932,-0.269321895,-9.76262381,-1.05421942,-0.101031942,-0.217905084,0.107487068,-0.0114548756,-0.413519591,25.9925842,8.42446899,-42.0671692,2
23.2707838,0.0164862733,-0.0446606321,-0.609291108,-0.791516233,0.0909508907,0.0283281349,1.31078836,0.89033702,-0.277766957,-9.76219886,-1.02261805,-0.143912595,0.165041509,0.137028724,0.0356327444,-0.411807448,26.0366211,8.50822449,-42.0713806,2
23.2807418,0.0162285881,-0.0452861933,-0.607665803,-0.792734524,0.0916907288,0.0293120152,1.30666589,0.8975338,-0.287411514,-9.76126071,-1.00273042,-0.19277636,0.501087235,0.13328746,0.0893510804,-0.402945608,25.9730988,8.56700897,-41.9562683,2
23.2906998,0.0161778455,-0.0460743493,-0.606039406,-0.793934287,0.0929448124,0.0301620231,1.30256173,0.909751477,-0.295743563,-9.75988065,-0.986367391,-0.175466055,0.70321432,0.112992048,0.13498196,-0.406027943,25.8056335,8.66008759,-42.1690063,2
23.3006568,0.0162993652,-0.0469433352,-0.604383562,-0.795142237,0.0945410189,0.0308278155,1.29840277,0.925310353,-0.302269713,-9.75821769,-1.08707006,-0.142603687,0.644839288,0.0987900123,0.159274176,-0.422469944,25.9706039,8.6794281,-41.9137878,2
23.3106148,0.016520788,-0.0478071958,-0.602644613,-0.796405068,0.0962557931,0.0313121359,1.29405024,0.942027899,-0.307016981,-9.75646996,-1.1657375,-0.0492709575,0.472504115,0.0806490928,0.157305568,-0.439525336,25.8826141,8.79052734,-42.097168,2
23.3205728,0.0167860257,-0.0485620127,-0.600858121,-0.79770259,0.0978529317,0.0315824972,1.28959093,0.957601023,-0.30966702,-9.75487013,-1.16350368,0.121871024,0.302412337,0.0607918389,0.130392566,-0.463209987,26.0014267,8.72348022,-42.043335,2
23.3305298,0.0169909023,-0.0491231058,-0.598943461,-0.79910261,0.0990736575,0.0316942833,1.28481636,0.969504884,-0.310762707,-9.75365958,-1.20099565,0.213647135,0.00252513456,0.0591593236,0.0845079049,-0.497752786,25.8411331,8.83680725,-42.0007629,2
23.3404878,0.016988927,-0.0495384556,-0.596890712,-0.800611487,0.0998196916,0.0319404585,1.27969008,0.976773487,-0.31317565,-9.75285704,-1.2718603,0.172814737,-0.351272521,0.0969600901,0.0333768576,-0.530361712,25.9337692,8.9410553,-42.0267639,2
23.3504448,0.0166247117,-0.0498830341,-0.594718991,-0.802212294,0.100027624,0.0326654881,1.27424712,0.97877847,-0.320282047,-9.75242507,-1.27596014,0.0649994552,-0.580799654,0.157231152,-0.0248579551,-0.547395051,25.804985,9.03382874,-41.9756165,2
23.3604028,0.0158705119,-0.050210059,-0.592491196,-0.80385398,0.0997522574,0.0339894317,1.26864318,0.976049849,-0.333258287,-9.75226375,-1.2374682,0.0197666671,-0.587245762,0.218200177,-0.0650701076,-0.556545734,25.9740448,9.13524628,-42.122467,2
23.3703608,0.0148240258,-0.0505416543,-0.590210082,-0.805529521,0.0991499162,0.0357856446,1.26289571,0.970114687,-0.350862406,-9.75223861,-1.1508783,0.127452587,-0.417282578,0.250743985,-0.0940319896,-0.568649232,25.8593216,9.18000793,-42.0982666,2
23.3803178,0.0136752175,-0.0508216195,-0.587859111,-0.80724957,0.0983578877,0.0376821945,1.25698251,0.962323229,-0.369448631,-9.75232395,-1.09385607,0.223251816,-0.116126379,0.237736896,-0.105911277,-0.583270907,25.7149658,9.25305939,-42.0696716,2
23.3902758,0.012704878,-0.0510076687,-0.585485748,-0.808976676,0.0976349434,0.0391826514,1.25104415,0.955217489,-0.384152243,-9.75245488,-1.06161129,0.157450433,0.241339151,0.173115015,-0.0761959925,-0.581804276,25.5992203,9.24442291,-42.0689087,2
23.4002338,0.0122077171,-0.0511487791,-0.58320594,-0.810620445,0.0973949375,0.0398794631,1.24538578,0.952850614,-0.390980299,-9.75241455,-0.908110358,0.00222096399,0.518128971,0.0768736601,-0.0139665324,-0.552485108,25.486084,9.1685257,-42.1532593,2
23.4101908,0.0123333546,-0.0513166268,-0.581073262,-0.812138153,0.0979186478,0.0396150247,1.24014598,0.957967957,-0.388389077,-9.75201708,-0.732315765,-0.143423844,0.529552282,-0.027094014,0.0798542351,-0.504076838,25.4518814,9.45124054,-42.2692566,2
23.4201488,0.0131919379,-0.0516856527,-0.579154385,-0.81347089,0.0996078824,0.0384148774,1.23549357,0.974485668,-0.376628606,-9.7508416,-0.560290096,-0.0296383651,0.264416076,-0.117870994,0.228528678,-0.460831791,25.4939117,9.58654785,-42.2062378,2
23.4301068,0.0147562949,-0.0524071612,-0.577343256,-0.81468438,0.102677998,0.0364784858,1.23116911,1.00449013,-0.357652395,-9.74851111,-0.531038064,0.22013456,-0.180093532,-0.177395567,0.349607706,-0.458040535,25.6025391,9.76864624,-42.2083435,2
23.4400638,0.0167728532,-0.0533961516,-0.575489682,-0.815891618,0.106700395,0.0340948131,1.22679508,1.04378213,-0.334291137,-9.74521149,-0.643053939,0.446368789,-0.826236304,-0.200789928,0.426886559,-0.480166167,25.5687332,9.89365387,-41.9603882,2
23.4500218,0.0189227735,-0.0546052101,-0.573571608,-0.817114283,0.111229581,0.031721179,1.2222979,1.08799412,-0.311026326,-9.74114555,-0.660181526,0.606858992,-1.56636961,-0.165479347,0.441302538,-0.497297496,25.8267136,9.98961639,-41.8797913,2
23.4599798,0.0207752299,-0.055883137,-0.571574716,-0.818381243,0.115524872,0.0298831067,1.21760288,1.129889,-0.293009553,-9.73693407,-0.706715241,0.656927347,-2.1794565,-0.0891328529,0.388128281,-0.504499137,25.9461288,10.2290878,-41.8922424,2
23.4699368,0.0221042552,-0.0571153399,-0.56951419,-0.819696894,0.119142948,0.0288224047,1.21271756,1.16514677,-0.282612096,-9.733085,-0.665208853,0.661643269,-2.3895062,-0.00511571066,0.305215031,-0.516585112,26.1091003,10.4741211,-41.6925354,2
23.479894,0.0227675657,-0.0581556432,-0.56733918,-0.821112639,0.121688287,0.0286023777,1.20749597,1.18992451,-0.280455265,-9.73014953,-0.602897504,0.575539688,-2.24130768,0.0871719718,0.164437771,-0.545353472,26.0166779,10.5978622,-41.6325073,2
23.489852,0.0225616885,-0.0586703198,-0.565015909,-0.822682047,0.122386739,0.0291812774,1.20183212,1.19670021,-0.286129968,-9.7291535,-0.505675074,0.564305323,-1.8348411,0.166261449,-0.0581987575,-0.586353362,26.1780701,10.7606201,-41.8752747,2
23.499809,0.0214883967,-0.0584310395,-0.562469721,-0.82447068,0.120871969,0.0303029123,1.19555145,1.18192197,-0.297124569,-9.73063001,-0.324649449,0.707130617,-1.28928169,0.207133457,-0.277849197,-0.651972294,26.0183563,10.8883286,-41.6537781,2
23.509767,0.0197419627,-0.0573100855,-0.559593637,-0.826547567,0.117159851,0.0315105903,1.18843143,1.14574992,-0.308962197,-9.73458722,-0.32828101,0.901226955,-0.557187893,0.198470995,-0.515474856,-0.745532334,25.8094711,10.9840164,-42.0651855,2
23.519725,0.0175369321,-0.0551752379,-0.556367267,-0.828917218,0.11127286,0.0323276932,1.18046525,1.08839459,-0.316971169,-9.74090941,-0.231720698,0.980463355,0.146146255,0.144098371,-0.707449317,-0.830772579,25.451416,11.0484161,-42.144928,2
23.529682,0.0151444074,-0.0521977122,-0.552828857,-0.831520516,0.103792548,0.0325327706,1.17178517,1.01549302,-0.318981231,-9.74871336,-0.113778063,0.838970917,0.464747509,0.0850795209,-0.845099568,-0.902672648,25.1233521,11.2411499,-42.2897949,2
23.53964,0.0126538825,-0.048638889,-0.548991514,-0.834315551,0.0952476547,0.0322956265,1.16243768,0.932162411,-0.316656843,-9.75710943,-0.120230015,0.638975218,0.594350041,0.0591083318,-0.92361331,-0.963246346,24.5499649,11.4871292,-42.6306458,2
23.549598,0.0100836614,-0.0448554131,-0.544921056,-0.837225985,0.0862488441,0.0320061756,1.15258484,0.844331348,-0.313819793,-9.76519337,-0.0763924079,0.446996237,0.683986473,0.0640559494,-0.935788989,-1.00276792,23.9837494,11.6682053,-42.9301758,2
23.559555,0.00754750635,-0.0412504871,-0.540699744,-0.840169728,0.0775940454,0.0319313089,1.14242988,0.75978676,-0.313085962,-9.77215853,0.0923980785,0.319369718,0.777142895,0.091017656,-0.858825207,-1.03529692,23.5743332,11.7623291,-43.3627625,2
23.569513,0.00514140796,-0.0381820835,-0.53633014,-0.843128555,0.0699933917,0.0322922807,1.13197962,0.685482849,-0.316624073,-9.77753789,0.146351349,0.139152852,0.88681966,0.141076297,-0.726702571,-1.05735934,23.1442032,11.9996185,-43.3746948,2
23.579471,0.00288160176,-0.0359305425,-0.531857228,-0.846066644,0.0639435669,0.0333499649,1.12133467,0.6262965,-0.326990824,-9.78116601,0.163040545,-0.0330382732,0.953296165,0.215956047,-0.554737508,-1.06464505,22.7234192,12.2189865,-43.6520386,2
23.589428,0.00075534608,-0.0346113904,-0.527357314,-0.84893796,0.0596348435,0.035229943,1.11066816,0.584108779,-0.34541627,-9.78314287,0.254608675,-0.0692305534,0.92833825,0.290544778,-0.385960996,-1.05951047,22.2491226,12.2050781,-43.8067932,2
23.599386,-0.00117530292,-0.0341244124,-0.522870787,-0.851727867,0.0569716292,0.0376963204,1.10007229,0.558001949,-0.36958709,-9.7837835,0.333388015,-0.00241305249,1.01936,0.325103343,-0.226855934,-1.04933167,21.9561462,12.2828827,-43.8983765,2
23.609344,-0.00274769439,-0.0343048923,-0.518410822,-0.85443898,0.055848297,0.040274416,1.08957669,0.546956166,-0.394850345,-9.78342052,0.347725862,0.105450124,1.17641518,0.304245204,-0.0829349756,-1.04107857,21.6688614,12.2957916,-44.0435486,2
23.619301,-0.00380391399,-0.0349283633,-0.513953179,-0.857098414,0.0560437849,0.0424364798,1.07912449,0.548819585,-0.416034807,-9.78243793,0.346012043,0.104637894,1.29514327,0.240392104,0.0313042104,-1.02790117,21.6688614,12.2957916,-44.0435486,2
23.629259,-0.00425779784,-0.0357518508,-0.509616272,-0.859648169,0.0572143269,0.0437738443,1.06899336,0.560237636,-0.429137705,-9.78122505,0.385321177,0.115645793,1.35168992,0.141396016,0.110094897,-1.01757193,21.6402817,12.3682175,-43.99646,2
23.639217,-0.00413510327,-0.0365612972,-0.505281554,-0.862169812,0.0589567261,0.0440921059,1.05890967,0.577271517,-0.432255764,-9.78009692,0.328633367,0.239671036,1.3088129,0.0413939282,0.144760787,-1.01969242,21.5257263,12.6366348,-43.9789124,2
23.649174,-0.00355093675,-0.0372215035,-0.50095173,-0.864667159,0.0609058149,0.0434467772,1.04888263,0.596349507,-0.42593332,-9.77922949,0.223513718,0.405431872,1.15052729,-0.0493293144,0.160139471,-1.02399051,21.4281616,12.7072144,-43.9898682,2
23.659132,-0.00257401044,-0.0377403387,-0.496598589,-0.867155599,0.0629940568,0.0419600447,1.03884861,0.61680876,-0.411366742,-9.77858418,0.137213956,0.561452089,0.859285172,-0.118116103,0.171335936,-1.03701437,21.4628754,12.9132233,-43.9437256,2
23.66909,-0.00138197156,-0.0381464262,-0.492180338,-0.869656038,0.0650860564,0.0399641589,1.02870909,0.637316345,-0.39181021,-9.77807214,-0.0164711693,0.663551003,0.45071197,-0.143783107,0.16268757,-1.05864573,21.3695908,13.0419312,-43.8722534,2
23.679047,-0.000212882049,-0.0384774402,-0.487627323,-0.872203624,0.0670109522,0.0379057321,1.01829732,0.656189534,-0.371639237,-9.77761154,-0.126473586,0.670165087,-0.00135550626,-0.127465442,0.138511389,-1.08492351,21.329567,13.4429245,-44.0019226,2
23.689005,0.000755573946,-0.0386906651,-0.482931691,-0.874802639,0.06852128,0.0360557521,1.00759032,0.671002122,-0.353509523,-9.77727836,-0.0916064167,0.650389323,-0.298868965,-0.0944843218,0.0844630674,-1.11153746,21.1389999,13.7068863,-43.9902954,2
23.698963,0.00143984798,-0.0387564619,-0.478089229,-0.87745455,0.0694881357,0.0345381579,0.996574973,0.68049147,-0.338636291,-9.77714918,-0.0475255752,0.604690781,-0.415565837,-0.0545341372,0.0317495614,-1.14295697,21.0085449,13.946373,-43.9199829,2
23.70892,0.00182813292,-0.0386890643,-0.473040577,-0.880188816,0.0699328645,0.0333909949,0.985115718,0.684866251,-0.327392939,-9.77722634,-0.0240676888,0.540026768,-0.491953496,-0.0138295842,-0.0204910096,-1.1808219,20.7561569,14.3506851,-43.962677,2
23.718878,0.00191690181,-0.0384894062,-0.467814221,-0.882986216,0.0698587072,0.0326323787,0.973278755,0.684158395,-0.319957528,-9.77752211,0.00596913754,0.435925466,-0.538943211,0.0278480407,-0.066263482,-1.21188879,20.646225,14.5974503,-43.9479675,2
23.728836,0.00174254954,-0.0382272333,-0.462434727,-0.885827179,0.0694289668,0.0322736072,0.961122176,0.67996445,-0.316441045,-9.77792893,0.0296160436,0.342776021,-0.513097991,0.0672585592,-0.0979108885,-1.24151433,20.4419022,14.8940125,-43.7709656,2
23.738793,0.00136686804,-0.0378922452,-0.456899465,-0.888709828,0.0686890489,0.0322019601,0.948645698,0.672730919,-0.315738778,-9.77845208,0.149975604,0.237925982,-0.417106053,0.0900030583,-0.12769495,-1.27567482,20.3524399,15.1412735,-43.6852417,2
23.748751,0.000899905209,-0.0374690337,-0.451216177,-0.891627245,0.0677157713,0.0322140797,0.93587516,0.663213222,-0.315857582,-9.77909856,0.21635559,0.152751315,-0.252456758,0.0847430453,-0.14717412,-1.30206358,20.0226822,15.2162933,-43.7851868,2
23.758709,0.000463598786,-0.0369637812,-0.445428302,-0.894554097,0.0666288024,0.0321055154,0.922915705,0.652585518,-0.31479346,-9.77984792,0.265140883,0.0943760275,-0.0972813936,0.0657372773,-0.153913736,-1.31863022,19.8621597,15.5005951,-43.8230896,2
23.768666,0.000158513222,-0.036408837,-0.439558789,-0.897475574,0.0655713928,0.0317284483,0.90982352,0.64225161,-0.311097601,-9.78064988,0.231182134,0.124049318,0.0163473237,0.0345726945,-0.144142061,-1.33166373,19.5857925,15.6805801,-44.0941467,2
23.778624,-2.94419381E-05,-0.0358081325,-0.433596299,-0.900395466,0.0645334172,0.0311105845,0.896573227,0.63211147,-0.305041406,-9.78150153,0.125203493,0.223637235,0.000439560461,0.0168238264,-0.146241248,-1.34584725,19.2597809,16.0050354,-44.0078735,2
23.788582,-0.000177320994,-0.0351807349,-0.427548627,-0.903307527,0.0634783665,0.0304079865,0.883179083,0.621804522,-0.298154533,-9.78237422,-0.0608140958,0.306383286,-0.147277889,0.0148687996,-0.145671338,-1.36207604,19.0367355,16.3083878,-44.0343018,2
23.798539,-0.00033260956,-0.0345913879,-0.421427024,-0.906202266,0.0624815467,0.0297627083,0.869663108,0.612064853,-0.291829367,-9.78317911,-0.169737083,0.353778001,-0.246280699,0.0316697694,-0.136644408,-1.38765407,18.6828079,16.4415894,-44.2651367,2
23.808497,-0.000589607286,-0.0340757194,-0.415150822,-0.909114089,0.0615332242,0.0293693884,0.855843781,0.602794007,-0.287973915,-9.78386884,-0.303819025,0.39227001,-0.353629898,0.0642104,-0.13506861,-1.4210794,18.5363007,16.8046036,-44.3655701,2
23.818455,-0.00102469542,-0.0336530741,-0.408684338,-0.912054664,0.0606125823,0.0293803518,0.841641474,0.593786123,-0.288081376,-9.78441654,-0.413174449,0.391778938,-0.367895739,0.112914778,-0.131715178,-1.45448589,18.1105118,16.9602356,-44.2580872,2
23.828412,-0.00163182641,-0.0333843757,-0.402073419,-0.914997107,0.0598433178,0.0298365998,0.827158415,0.586251198,-0.292553681,-9.78473861,-0.387982286,0.350761357,-0.292605813,0.155008957,-0.107414894,-1.47900295,17.8969345,17.1495056,-44.3338623,2
23.83837,-0.00232893104,-0.0332880209,-0.39535239,-0.917923242,0.0593327678,0.030601333,0.812474498,0.581242101,-0.300049736,-9.78481051,-0.317880758,0.367235631,-0.103541623,0.172984838,-0.0840128884,-1.49765515,17.6570663,17.3084793,-44.2666016,2
23.848328,-0.00299092378,-0.0333142933,-0.388525827,-0.920830618,0.0590930392,0.0314003548,0.797606461,0.578882057,-0.307881708,-9.78470705,-0.241300463,0.420707073,0.071430913,0.163705319,-0.0547711104,-1.51734018,17.462059,17.6146698,-44.1318359,2
23.858285,-0.00352944864,-0.0334450387,-0.381536486,-0.923741774,0.0591607956,0.0320470886,0.782434843,0.579533105,-0.314220775,-9.78446681,-0.216812394,0.416122595,0.202123578,0.146253243,-0.0305093061,-1.54492426,17.0152435,17.9127121,-44.25,2
23.868243,-0.00396946468,-0.0335892476,-0.374416073,-0.926643738,0.0593442444,0.0325149965,0.767031116,0.581319294,-0.318807006,-9.78421254,-0.201839135,0.415321836,0.262771816,0.133197367,-0.0330030918,-1.57411516,16.9049377,18.1271057,-44.2547913,2
23.878201,-0.00436625355,-0.0337168026,-0.367147772,-0.929541046,0.0595435284,0.0328812464,0.751358894,0.583262099,-0.322396775,-9.78397932,-0.090655911,0.415170664,0.203581375,0.129291326,-0.0259109046,-1.5979712,16.542366,18.2580643,-44.2904663,2
23.888158,-0.00473659616,-0.0339370265,-0.359761911,-0.932414792,0.0599477068,0.0332575741,0.735481352,0.587209229,-0.326085254,-9.78362101,-0.0337005,0.384143219,0.0981774656,0.142136022,0.00472104037,-1.6190927,16.4008484,18.5773697,-44.5733948,2
23.898116,-0.00515959168,-0.0344007131,-0.352261148,-0.935255116,0.0607841504,0.0338936274,0.719397418,0.595379749,-0.332319289,-9.78291724,0.0140934438,0.363741761,-0.0487222376,0.184904501,0.0539625287,-1.63456213,15.9612732,18.5815964,-44.5024719,2
23.908074,-0.0057350858,-0.035190596,-0.344696731,-0.938036781,0.0621445014,0.0350267714,0.703209878,0.60866363,-0.343425059,-9.78171605,0.042109578,0.369460541,-0.136563018,0.243303373,0.106940523,-1.6484555,15.8798065,18.7178421,-44.4646912,2
23.918031,-0.00648127368,-0.0363205917,-0.337007247,-0.940778945,0.0640576902,0.0366837238,0.686785073,0.627339506,-0.359663771,-9.77995255,0.123092419,0.458423092,-0.144013334,0.297503442,0.156087726,-1.66597497,15.4296417,18.7844467,-44.7149353,2
23.927989,-0.00738279209,-0.0377178222,-0.329204087,-0.94347638,0.0664095398,0.0387744175,0.670148599,0.650287397,-0.380151885,-9.77767817,0.150572327,0.52230611,-0.0437853657,0.340494335,0.187720224,-1.68395603,15.2780991,19.0145874,-44.7813416,2
23.937947,-0.00843803937,-0.0392506832,-0.321300234,-0.946126028,0.0689630271,0.0412010604,0.653330562,0.675186861,-0.403930089,-9.77503672,0.1596406,0.523937986,0.121765846,0.374869674,0.187436789,-1.69855082,15.0097427,18.9975967,-44.6927185,2
23.947904,-0.00961775713,-0.040821484,-0.313250546,-0.948744082,0.0715625072,0.0438383246,0.63623934,0.700515948,-0.429769427,-9.7721521,0.201049957,0.48154254,0.233353413,0.393988758,0.184552848,-1.71329319,14.6432495,19.2681503,-44.9143982,2
23.957862,-0.0108565047,-0.0423660007,-0.305119134,-0.951309488,0.0741293201,0.0465259305,0.619015278,0.725508716,-0.456098923,-9.7691348,0.213317026,0.46642242,0.317125922,0.394401133,0.173132911,-1.72328949,14.414711,19.3679886,-44.9019165,2
23.96782,-0.0120451407,-0.043826703,-0.296894219,-0.953828124,0.0766209224,0.049021409,0.60164118,0.749757825,-0.480543263,-9.76613153,0.18442915,0.43445342,0.489498504,0.363462657,0.164177492,-1.70987487,14.414711,19.3679886,-44.9019165,2
23.977777,-0.0130249111,-0.0451906948,-0.288858146,-0.956216017,0.0790847176,0.0510388141,0.584716655,0.773739078,-0.500302515,-9.76326854,0.229131631,0.415755697,0.58973524,0.30295372,0.16168946,-1.68604887,14.1266327,19.4002609,-44.8360596,2
23.987735,-0.0136616173,-0.0464048848,-0.280904723,-0.958515741,0.0814857743,0.0522842709,0.568027574,0.797127625,-0.512499989,-9.76075393,0.240758283,0.475089053,0.616549598,0.216439083,0.140586317,-1.6731869,13.8993073,19.5407791,-44.8553162,2
23.997693,-0.0139321459,-0.0473350798,-0.272971183,-0.960755977,0.0835615845,0.0526373138,0.551451454,0.817372249,-0.515957362,-9.75889748,0.201958596,0.552168092,0.523863131,0.129338384,0.0989261642,-1.66844583,13.5848083,19.7008362,-45.2580261,2
24.00765,-0.0138661309,-0.0479408127,-0.265017703,-0.962951251,0.0851984638,0.0521387638,0.534907507,0.833367033,-0.511074997,-9.75780151,0.100820016,0.543993663,0.330033918,0.05412779,0.0564617962,-1.67644167,13.2645874,19.8154602,-45.1678467,2
24.017608,-0.0135433703,-0.0482745394,-0.257027292,-0.965102709,0.0864374977,0.0509793137,0.518354578,0.84550726,-0.499719783,-9.75734499,-0.0498845594,0.519171064,0.0234188695,0.0038595018,0.0252252966,-1.67720842,12.9223251,19.963562,-45.0646667,2
24.027566,-0.0130508355,-0.0485001403,-0.249058196,-0.967185341,0.0875349127,0.0494239876,0.501900371,0.856281533,-0.484486448,-9.75717373,-0.131736694,0.603446736,-0.272137025,-0.0234845057,0.0345684625,-1.67348266,12.7006149,20.1882935,-45.1169128,2
24.037523,-0.0124763769,-0.048816248,-0.241066701,-0.969199828,0.0888279537,0.0477382785,0.485439439,0.868968434,-0.467974801,-9.75685809,-0.23764775,0.780715785,-0.64071081,-0.0167180635,0.0632337108,-1.68176425,12.3754501,20.3488083,-45.2768555,2
24.047481,-0.0119573944,-0.0492887418,-0.232982688,-0.97115744,0.0903818713,0.0462083146,0.46881482,0.884192307,-0.452987513,-9.75619758,-0.46909796,0.957563906,-0.994366427,0.0158891492,0.0921146274,-1.70117903,12.0210953,20.4431686,-45.3363342,2
24.057439,-0.0116113044,-0.0499560234,-0.224813155,-0.973051215,0.0922229951,0.0450735908,0.452030442,0.902199965,-0.441871259,-9.75505893,-0.673853274,1.14531599,-1.23342887,0.0683304146,0.12403845,-1.71600318,11.8143692,20.5893936,-45.1685486,2
24.067396,-0.0115109292,-0.0508127792,-0.216563461,-0.974877414,0.0943196478,0.0444665247,0.435090506,0.922675986,-0.435923968,-9.75341116,-0.772739399,1.29319623,-1.32650521,0.13167876,0.139724448,-1.72602725,11.5621262,20.8291855,-45.2927856,2
24.077354,-0.0117184115,-0.0517072312,-0.208200348,-0.976648162,0.096364032,0.0444350785,0.417925904,0.942615124,-0.435615888,-9.7515179,-0.813328526,1.37608655,-1.2441525,0.189240739,0.112444945,-1.73242462,11.0983047,21.0905151,-45.2054443,2
24.087312,-0.0121832247,-0.0524270596,-0.199808959,-0.978355393,0.0979707711,0.044804829,0.400721039,0.958266209,-0.43923828,-9.7498298,-0.73336111,1.37776369,-1.01450087,0.219595984,0.0509237982,-1.72885704,10.825531,21.0326691,-45.4224243,2
24.097269,-0.0128164291,-0.0528083923,-0.191444183,-0.979998057,0.0988594316,0.0453554189,0.383599844,0.9669061,-0.444632248,-9.74873206,-0.61361201,1.31118197,-0.643000382,0.226911306,-0.0290014315,-1.70679259,10.4691772,21.2653809,-45.2193604,2
24.107227,-0.0134853513,-0.0528172701,-0.183237963,-0.981556114,0.099009719,0.0458455742,0.366841661,0.968349504,-0.449434022,-9.74836849,-0.457038031,1.2347306,-0.193553902,0.203209445,-0.0890860707,-1.66921008,10.2422256,21.244278,-45.4159546,2
24.117185,-0.0140463724,-0.0526580349,-0.175229028,-0.983018172,0.0988707604,0.0460864238,0.350526072,0.966984207,-0.451793445,-9.74839538,-0.343594096,1.13458819,0.163508308,0.172920495,-0.0857863352,-1.63230574,9.96535492,21.3293915,-45.5367126,2
24.127142,-0.0145006933,-0.0525273428,-0.16733984,-0.984392179,0.0988277487,0.0461449471,0.334484355,0.966562255,-0.452366751,-9.74841058,-0.354993588,1.04612716,0.334708924,0.161971435,-0.0730452389,-1.60287964,9.37744904,21.3504486,-45.6698303,2
24.1371,-0.0149642335,-0.0524148514,-0.159573434,-0.985680084,0.0988189883,0.0462444104,0.318711281,0.966472458,-0.453341113,-9.74837434,-0.366874653,1.01238556,0.33991,0.174881831,-0.0770754293,-1.57894957,9.03436279,21.5406494,-45.5761108,2
24.147058,-0.0154938111,-0.0522705302,-0.15195612,-0.98688247,0.0987277581,0.0464835328,0.303255248,0.965572367,-0.455683584,-9.74835388,-0.326021395,0.966245517,0.264323137,0.182575166,-0.0882708207,-1.5535773,8.69409943,21.7168045,-45.6955566,2
24.157015,-0.0160296459,-0.0520711491,-0.144473824,-0.988007642,0.0985284168,0.0467376752,0.288092007,0.963617726,-0.458173172,-9.74843104,-0.274985547,0.884339387,0.190927646,0.168312594,-0.0970289931,-1.52567101,8.44760895,21.8599625,-45.8495483,2
24.166973,-0.0164332166,-0.0518269319,-0.137128728,-0.989060031,0.0982782387,0.0467378119,0.273235586,0.961178808,-0.458174524,-9.74867127,-0.237381865,0.725575351,0.205384041,0.126302555,-0.0915181115,-1.49051714,7.94390869,21.7797012,-45.7302246,2
24.176931,-0.0166081708,-0.0516275001,-0.129953247,-0.990035784,0.0981723217,0.0463202515,0.258754076,0.960164955,-0.454084076,-9.74896295,-0.154366459,0.587110262,0.23829613,0.080850482,-0.0650971308,-1.44975448,7.46849823,21.8183212,-45.7662354,2
24.186888,-0.0166215219,-0.0515477543,-0.122997597,-0.990927934,0.0983320139,0.0456378013,0.244738057,0.961751932,-0.447398607,-9.74911551,-0.0733534786,0.50755128,0.136246207,0.0674838051,-0.0343828909,-1.41415298,7.24597931,21.9442673,-45.7718506,2
24.196846,-0.0166517147,-0.051620384,-0.116182785,-0.991745774,0.0987798784,0.0450385605,0.231009802,0.966144395,-0.441528108,-9.74894892,-0.0693662356,0.528016962,-0.00383154099,0.0916899368,-0.00104735105,-1.38564944,6.85684967,21.9140396,-45.7167969,2
24.206804,-0.0168261091,-0.0518684445,-0.109528149,-0.992486867,0.0995355079,0.0447764549,0.217594414,0.973522157,-0.438960303,-9.7483305,-0.125226508,0.589494089,-0.141667063,0.127753675,0.0299276076,-1.35435247,6.68963623,22.1060562,-45.5814514,2
24.216761,-0.0171476229,-0.0522542913,-0.10301839,-0.993158012,0.10053063,0.0448419305,0.204460682,0.983219594,-0.439601743,-9.74732863,-0.167993856,0.656275313,-0.188458625,0.150769785,0.0471812561,-1.32433784,6.39547729,22.0216141,-45.7617188,2
24.226719,-0.017526104,-0.0526627637,-0.0966419627,-0.99377052,0.101559147,0.0450279308,0.191597021,0.993236035,-0.441423953,-9.74623089,-0.268092134,0.670068568,-0.213947287,0.147876799,0.0377004035,-1.29641783,6.14079285,22.1122971,-45.737915,2
24.236677,-0.0178500536,-0.0529589829,-0.0904227254,-0.994334227,0.102372346,0.0450905074,0.179066638,1.0011585,-0.442037007,-9.74539211,-0.281850464,0.664247168,-0.194285724,0.124200046,0.00773419114,-1.25278521,5.80031586,21.9720535,-45.8422852,2
24.246634,-0.0180597894,-0.0530246061,-0.0844078563,-0.994855609,0.102738885,0.0449002375,0.166974341,1.00473913,-0.440172967,-9.74510803,-0.217944466,0.713708826,-0.151174896,0.0918229371,-0.0475852564,-1.21158457,5.49118805,22.0571213,-45.8303833,2
24.256592,-0.0181446454,-0.0527566356,-0.0785600667,-0.995347124,0.102451476,0.0444241813,0.155250029,1.00195959,-0.435509103,-9.7456037,-0.204241447,0.72355992,-0.153372114,0.0550786406,-0.116540484,-1.17730939,5.10829163,22.0072556,-46.0765381,2
24.26655,-0.0180867418,-0.0521134193,-0.0728267409,-0.995817925,0.101426711,0.0436265419,0.143790552,0.992006931,-0.427694521,-9.74696798,-0.210898567,0.697938426,-0.162332835,0.0217313375,-0.194282144,-1.15649343,4.67308807,22.2787628,-45.7886658,2
24.276507,-0.0178889292,-0.0510446466,-0.0672032335,-0.9962722,0.0995585525,0.0425180257,0.132586755,0.97384284,-0.416833775,-9.74926982,-0.267104365,0.633507454,-0.146713241,-0.0145041188,-0.276214004,-1.13747561,4.44442749,22.2634735,-45.9410706,2
24.286465,-0.0175510478,-0.0496277244,-0.0617173162,-0.996704661,0.0969958604,0.0411237925,0.121688573,0.948910717,-0.403172987,-9.75230232,-0.249055498,0.496545244,-0.126023504,-0.0454423241,-0.327292114,-1.11009884,4.17245483,22.4921265,-46.0423584,2
24.296423,-0.0170949072,-0.0480120423,-0.0563915343,-0.99710715,0.0940300851,0.0395161373,0.11113046,0.92004308,-0.387420086,-9.75570658,-0.171256292,0.403878578,-0.217340436,-0.0671828538,-0.349874943,-1.07450497,3.77373505,22.378418,-46.0341797,2
24.30638,-0.0165817428,-0.0463779535,-0.0512619311,-0.99747006,0.0910118807,0.037843463,0.100970075,0.890651858,-0.371029032,-9.7590705,-0.136328552,0.356662251,-0.286550166,-0.0718074366,-0.331608593,-1.03430748,3.42204285,22.3786316,-45.8444824,2
24.316338,-0.0161210324,-0.0449106324,-0.0461949824,-0.997792163,0.0883064455,0.0363281615,0.0909231044,0.86429467,-0.356179217,-9.7619937,-0.109971291,0.357524312,-0.449126746,-0.0478447415,-0.283443093,-1.00300324,3.42204285,22.3786316,-45.8444824,2
24.326296,-0.015857139,-0.0437079404,-0.0414206416,-0.99805939,0.0860924367,0.0352808736,0.0814349544,0.842711054,-0.345915415,-9.76424937,-0.105895273,0.382275708,-0.659206836,0.0147294244,-0.230862692,-0.977932513,3.04053497,22.4736328,-45.8457642,2
24.336253,-0.0159914183,-0.0427636882,-0.0367154339,-0.998282316,0.0843580456,0.0350752665,0.0720436115,0.825780742,-0.343900349,-9.76576679,-0.199846354,0.304394414,-0.872120103,0.111101985,-0.188951477,-0.961630881,2.64891052,22.4338379,-45.903656,2
24.346211,-0.0165966532,-0.0419902401,-0.0320550636,-0.998465816,0.0829358747,0.035842055,0.0626992909,0.811869268,-0.351415254,-9.76666578,-0.256563828,0.273602056,-0.892320011,0.201375693,-0.167612374,-0.94648385,2.29911041,22.2891617,-45.9819336,2
24.356169,-0.0175842544,-0.0412969717,-0.0274416991,-0.998615167,0.0816622423,0.0373950393,0.0534177689,0.799383953,-0.366634597,-9.76713632,-0.312163623,0.291814187,-0.701360801,0.26223442,-0.160700157,-0.943767667,2.07352448,22.4380112,-46.0792236,2
24.366126,-0.0187817094,-0.0406046046,-0.0228131879,-0.998738235,0.0803986499,0.0393788401,0.0440920147,0.786981714,-0.386074699,-9.76739409,-0.423362044,0.275640576,-0.396141006,0.285790324,-0.166516766,-0.94483906,1.78660583,22.3687973,-46.2287292,2
24.376084,-0.0200125142,-0.0398795847,-0.0181982593,-0.998838279,0.0790883829,0.0414418698,0.0347949437,0.774118579,-0.406289585,-9.76760218,-0.447908237,0.257997112,-0.0397960038,0.279436052,-0.170792282,-0.926682115,1.36704254,22.2101974,-45.9584351,2
24.386042,-0.0211715492,-0.0391282306,-0.0136226338,-0.998916945,0.0777462364,0.0433768991,0.0255858046,0.760945867,-0.425248698,-9.76783015,-0.427702631,0.228623316,0.223645089,0.250055015,-0.177525029,-0.931812167,1.05962372,22.0726929,-46.0891724,2
24.395999,-0.0221367396,-0.0383313241,-0.00901736836,-0.998979232,0.0763362581,0.0449347015,0.0163364822,0.747121193,-0.440510601,-9.76822119,-0.467897059,0.163679464,0.375468805,0.212009639,-0.189919546,-0.942521751,0.869224548,21.9201965,-45.8432007,2
24.405957,-0.0229534396,-0.0375211562,-0.00443471186,-0.999022319,0.0749153172,0.0462112334,0.00714596248,0.733197736,-0.453016118,-9.76870401,-0.382746175,0.141917969,0.445084777,0.192010641,-0.176904678,-0.926895916,0.592224121,21.9550781,-46.1932678,2
24.415915,-0.0237608814,-0.0368191334,2.75288815E-05,-0.999039424,0.0737186362,0.0474919381,-0.00180675315,0.721463897,-0.465561748,-9.76898809,-0.266864419,0.123338941,0.359775561,0.204911783,-0.145740107,-0.898823798,0.32964325,21.6850128,-46.0841064,2
24.425872,-0.0246811871,-0.0363346283,0.00434131634,-0.999025404,0.072965022,0.0490184136,-0.0104805146,0.714048945,-0.480513928,-9.76880864,-0.203185873,0.108064398,0.175093532,0.233580187,-0.0894589871,-0.867397189,0.0653839111,21.5611343,-46.1268616,2
24.43583,-0.0257762741,-0.0361628334,0.0084561974,-0.998977712,0.072846378,0.0509102356,-0.0187848335,0.712822545,-0.499043235,-9.76796926,-0.119658645,0.0995092257,0.0207253926,0.271620125,-0.0190925412,-0.824250281,-0.139205933,21.5312271,-46.0835571,2
24.445788,-0.0270485862,-0.036343162,0.0123585991,-0.99889684,0.0734443894,0.0531642341,-0.0266968798,0.718579355,-0.521117485,-9.76639456,-0.00540609683,0.0503559763,0.0190010531,0.298632026,0.0519211851,-0.773931205,-0.43157196,21.4208755,-46.1441345,2
24.455745,-0.0284449737,-0.0368242029,0.0160491602,-0.998787871,0.0746570433,0.0556677413,-0.0342140036,0.730322473,-0.545632151,-9.76418448,0.0666478434,-0.00892641644,0.0925076033,0.313965619,0.103108086,-0.729651153,-0.737091064,21.2142868,-46.4046631,2
24.465703,-0.0298735275,-0.0374330409,0.0195186409,-0.998661844,0.0761345648,0.0582387363,-0.0413033059,0.744639313,-0.570804111,-9.76166403,0.0449987601,0.0104097138,0.183510647,0.308366328,0.104392789,-0.699137211,-0.696411133,21.1047287,-46.3400574,2
24.4756603,-0.0311580702,-0.0379295555,0.0228226449,-0.998533739,0.0773889146,0.0605304195,-0.0480484335,0.756780198,-0.593238207,-9.75939199,0.01026267,0.109607901,0.335515565,0.253784537,0.0593621023,-0.665767372,-0.778823853,21.0986557,-46.5327454,2
24.4856183,-0.0320614492,-0.0381211445,0.0259818401,-0.998420652,0.0780171652,0.0620805799,-0.0544578175,0.762838768,-0.608411555,-9.75798621,0.0317373467,0.203041716,0.421198875,0.155396745,-0.0145797636,-0.629015505,-1.03173065,20.9331589,-46.5163879,2
24.4955763,-0.032421118,-0.0379463706,0.0288956044,-0.998335613,0.0778710469,0.0625821897,-0.0603100969,0.76138908,-0.613321064,-9.75779215,0.0722423755,0.259725945,0.423399015,0.0400109179,-0.0911175385,-0.582642198,-1.07720947,20.859024,-46.7312622,2
24.5055333,-0.0322293667,-0.0374087917,0.0315718576,-0.998281049,0.0769477914,0.0620255648,-0.0656196738,0.752406002,-0.607873064,-9.75882968,0.121927028,0.330293738,0.289912336,-0.0621665828,-0.161131248,-0.543378711,-1.19789886,20.6920319,-46.5113831,2
24.5154913,-0.0315943383,-0.0365542618,0.0340646213,-0.998251089,0.0753427052,0.0606248808,-0.0705077355,0.736804601,-0.594162884,-9.7608644,0.150995813,0.440483494,0.0222995101,-0.135254338,-0.220919728,-0.515412688,-1.3196106,20.7885895,-46.4997559,2
24.5254493,-0.0306992538,-0.0354313481,0.0364777743,-0.998234241,0.0731685963,0.0587389509,-0.0752025973,0.715662371,-0.575701162,-9.76354326,0.130688354,0.564027858,-0.300632467,-0.164593309,-0.272383451,-0.496160477,-1.66165924,20.6934814,-46.4604492,2
24.5354063,-0.0297450392,-0.0341349754,0.0387765236,-0.998221633,0.0706277396,0.0567674963,-0.0796582205,0.690931031,-0.55640003,-9.76644366,0.0810498783,0.581986489,-0.536404632,-0.160524398,-0.286806911,-0.480028719,-1.77333069,20.8445587,-46.4372559,2
24.5453643,-0.0288703304,-0.0328340011,0.0409810122,-0.998202831,0.0680715687,0.0549734346,-0.0839357541,0.666030983,-0.538833723,-9.7691576,0.0875445741,0.460122772,-0.565114009,-0.133617684,-0.274327338,-0.460039556,-1.95623016,20.8861084,-46.3945007,2
24.5553223,-0.0281367386,-0.0316240282,0.0430715178,-0.998174941,0.0656974921,0.0534720632,-0.0880045877,0.642888738,-0.524131938,-9.77150796,0.176377654,0.380029354,-0.417615756,-0.110107467,-0.245230049,-0.433036894,-2.17205048,20.8625183,-46.1486511,2
24.5652793,-0.0275085769,-0.0306474931,0.0450230657,-0.998136712,0.0637878217,0.0521786265,-0.0918182353,0.624269963,-0.511465385,-9.77338603,0.33565585,0.442480879,-0.173324769,-0.0953799188,-0.179023594,-0.410107076,-2.33538818,20.9063416,-46.0491943,2
24.5752373,-0.0269832008,-0.0300235974,0.0468978939,-0.998083666,0.0625854262,0.0510690925,-0.095505759,0.612553112,-0.50059905,-9.7746901,0.429673346,0.541598182,0.00559913518,-0.0739772245,-0.108367115,-0.401544154,-2.54290009,20.8994141,-46.002655,2
24.5851953,-0.0266350575,-0.0296576827,0.0487508169,-0.9980152,0.0619123799,0.0502939121,-0.0991756791,0.605997991,-0.493006878,-9.77548446,0.358865789,0.570218383,-0.00722293699,-0.0282978918,-0.0690079927,-0.407706171,-2.60785675,21.0189819,-45.8847961,2
24.5951523,-0.0265847727,-0.0294467013,0.0506477108,-0.997928363,0.0615804367,0.0500975342,-0.102962015,0.602759009,-0.491083508,-9.7757814,0.292523322,0.425989653,-0.133968325,0.0396036282,-0.040193934,-0.41758424,-2.71063995,20.9614258,-45.7305908,2
24.6051103,-0.0268927166,-0.0292913583,0.0525982051,-0.997823821,0.0614013874,0.0506086414,-0.106882907,0.600993169,-0.49608939,-9.77563761,0.264062403,0.163593064,-0.197409409,0.112067178,-0.0429319292,-0.420658588,-2.85438538,20.9063263,-45.8195801,2
24.6150683,-0.027490365,-0.0290148724,0.0545656305,-0.997709847,0.0610162716,0.0517114298,-0.110851353,0.597194653,-0.50688993,-9.77531612,0.229404018,-0.0383910324,-0.0889437733,0.15593864,-0.0771568716,-0.419254661,-2.94102478,20.790741,-45.7217407,2
24.6250253,-0.028156171,-0.0285568683,0.0565442617,-0.997594343,0.0602814884,0.0529721901,-0.114837544,0.589972776,-0.519236822,-9.77510686,0.159263291,-0.14216292,0.21326398,0.143863335,-0.114157505,-0.418675154,-3.17139435,20.9397736,-45.9752808,2
24.6349833,-0.0286565636,-0.0279066388,0.0585285543,-0.997484041,0.0591477277,0.0539283953,-0.118813683,0.578860138,-0.528600607,-9.77526936,0.0934622006,-0.204475584,0.540983192,0.0960277766,-0.160032809,-0.419770449,-3.25976562,20.682579,-45.9022522,2
24.6449413,-0.0288720371,-0.0270447214,0.0604651003,-0.99738609,0.0575562704,0.0543493656,-0.122663816,0.563289644,-0.532722838,-9.775955,0.0663859411,-0.201550381,0.704475134,0.0373934917,-0.198608965,-0.414407909,-3.28555298,20.8506393,-46.0689087,2
24.6548983,-0.0288406448,-0.0261795206,0.0624319441,-0.997288942,0.0559297409,0.05428269,-0.126558942,0.547390027,-0.532069964,-9.77689374,0.00567110444,-0.121099711,0.678030194,-0.00032414007,-0.15913552,-0.407104015,-3.73938751,20.5164261,-45.961731,2
24.6648563,-0.028761748,-0.0257174133,0.0643097407,-0.997183913,0.0550976862,0.0540801017,-0.130294934,0.539260862,-0.53008617,-9.77745313,-0.178783253,-0.15525559,0.158299049,0.0161882583,-0.049265746,-0.384203762,-3.86328125,20.7876205,-46.1767883,2
24.6748143,-0.0290500559,-0.0256864382,0.0660946916,-0.997059611,0.0551719733,0.0545608667,-0.13389141,0.539973065,-0.534793909,-9.77715736,-0.132658923,-0.0815648786,-0.578662058,0.127182588,0.024479989,-0.330758452,-3.86328125,20.7876205,-46.1767883,2
24.6847713,-0.0299695332,-0.0259392852,0.067543944,-0.996928692,0.0558852807,0.0562805985,-0.136870751,0.546894864,-0.551632816,-9.77583693,0.0525539978,0.151201054,-0.92175478,0.248362526,0.0809765533,-0.291200936,-3.95935059,20.351738,-45.9710388,2
24.6947293,-0.0313845007,-0.0263820664,0.0688455977,-0.996784522,0.0570458761,0.0589687603,-0.139599261,0.558153742,-0.577950914,-9.77368004,0.121500875,0.266254251,-0.834428963,0.31552273,0.119296797,-0.269715488,-4.00798798,20.4742966,-46.2431641,2
24.7046873,-0.0329939379,-0.0269574764,0.0700478098,-0.996633392,0.0585015567,0.0620288654,-0.142153586,0.572274403,-0.607905359,-9.7710456,0.153019684,0.314763795,-0.487060463,0.320674062,0.133400097,-0.239894226,-4.16679382,20.326149,-46.2585449,2
24.7146443,-0.0345150473,-0.0275235413,0.0710856605,-0.996492836,0.059923087,0.0649205301,-0.144376802,0.586055931,-0.636205827,-9.76842694,0.282740618,0.482676111,-0.106158528,0.283886462,0.11738535,-0.212987885,-4.02773285,20.1349564,-46.2084045,2
24.7246023,-0.0357929818,-0.0279426534,0.0720108148,-0.996369687,0.0610134894,0.067352649,-0.146351619,0.596610971,-0.660004562,-9.76620868,0.335332609,0.525329331,0.126704472,0.22930631,0.0717028156,-0.184311494,-4.08547974,19.8100357,-46.0871582,2
24.7345603,-0.0367454436,-0.0281611011,0.0727546708,-0.996274834,0.0616455732,0.0691745731,-0.147928301,0.60270885,-0.677829923,-9.76461352,0.456726006,0.48165349,0.183467393,0.156608045,0.0353490375,-0.142576262,-4.06673431,19.7276154,-46.007782,2
24.7445173,-0.0372981439,-0.0282420338,0.0732677959,-0.996214397,0.0619278976,0.0702331582,-0.149004366,0.605420849,-0.688185897,-9.76372096,0.613976605,0.421530153,0.256496389,0.071460925,0.00445929822,-0.0911548734,-4.12330627,19.6034851,-46.1140442,2
24.7544753,-0.037455629,-0.0282052403,0.0735356485,-0.996189844,0.0618975316,0.0705361289,-0.14955116,0.605111454,-0.691149642,-9.76353099,0.703769251,0.34398894,0.275011119,0.000778710237,-0.0218829345,-0.0504401773,-4.07100677,19.5469513,-46.1142578,2
24.7644333,-0.0373370156,-0.0280215062,0.0736146322,-0.996193598,0.0615175353,0.0703221512,-0.149688291,0.601410371,-0.689056469,-9.76390742,0.712258773,0.262288562,0.249200971,-0.0327859074,-0.0577517226,-0.0186090115,-4.07611084,19.6197662,-46.252533,2
24.7743903,-0.0371620548,-0.0277006942,0.0735901593,-0.996210909,0.0608475512,0.0700227,-0.149604155,0.594881115,-0.686127065,-9.76451357,0.673896748,0.210128386,0.231401695,-0.021221837,-0.0757234991,-0.00333103258,-4.13510895,19.6314545,-46.0337219,2
24.7843483,-0.0371217527,-0.0273194431,0.0735081035,-0.996229063,0.0600735213,0.0700043001,-0.149409967,0.587323649,-0.685947105,-9.76498411,0.595412592,0.114479562,0.139844524,0.0178123806,-0.0782412514,0.00950966496,-4.10752106,19.4570618,-46.2728577,2
24.7943063,-0.0372937699,-0.0268778173,0.0733554562,-0.996245803,0.0592064783,0.0704224478,-0.149084692,0.578839752,-0.690037589,-9.76520214,0.623648616,0.0587150046,0.146497552,0.0630305409,-0.0950972587,0.0300634988,-4.24617767,19.6938171,-46.2496643,2
24.8042633,-0.0376733203,-0.0263254267,0.0730994953,-0.996265118,0.05814231,0.0712768158,-0.148558139,0.568413161,-0.698395083,-9.76522084,0.707697018,-0.0271991918,0.321591669,0.101302296,-0.110589132,0.0571955144,-4.2851944,19.5299225,-46.3794861,2
24.8142213,-0.0381749794,-0.025720317,0.0726841403,-0.996292202,0.0569793142,0.0723911612,-0.147715103,0.557011184,-0.709294882,-9.76509225,0.721493123,-0.0819903009,0.573303161,0.111084335,-0.112775587,0.0854921564,-4.19516754,19.650528,-46.2243958,2
24.8241793,-0.0386582169,-0.025083109,0.0721302445,-0.996330083,0.055738151,0.0734802939,-0.146588979,0.54484732,-0.719947209,-9.76499872,0.739043904,-0.024501404,0.821757697,0.0921785533,-0.12032751,0.11715395,-4.31227112,19.5672913,-46.2247314,2
24.8341363,-0.0389509202,-0.0244370784,0.0714627605,-0.996382844,0.0544410454,0.0741954303,-0.145220245,0.532152491,-0.726941233,-9.76518051,0.812192362,-0.0324711408,1.00389939,0.0345388502,-0.118399605,0.149637103,-4.5358429,19.3681183,-46.1734314,2
24.8440943,-0.0388961361,-0.0238308169,0.0705860843,-0.996462154,0.0531553679,0.0742209324,-0.143411129,0.519596194,-0.727190604,-9.7658381,0.874129105,-0.125146721,1.15688806,-0.0487070382,-0.115442164,0.192106262,-4.53224182,19.4694366,-46.3968811,2
24.8540523,-0.0384140161,-0.0232074426,0.0694970839,-0.996572153,0.0517575287,0.0734048815,-0.141147746,0.505975153,-0.719209689,-9.7671445,0.896877966,-0.238173162,1.14128542,-0.137190223,-0.134764522,0.218942493,-4.45883179,19.6464996,-46.4224548,2
24.8640093,-0.037519671,-0.0225428318,0.068308884,-0.996703588,0.0502132212,0.0717738378,-0.138658759,0.490949287,-0.703256771,-9.76907284,0.909060718,-0.327897418,0.923994668,-0.210033,-0.138055921,0.234856486,-4.47426605,19.5729218,-46.5332031,2
24.8739673,-0.0363432293,-0.0219071534,0.0670196568,-0.996848865,0.0486846397,0.0695771172,-0.135955671,0.476089937,-0.681768066,-9.77133143,0.853291119,-0.421661159,0.527618099,-0.251260489,-0.132288545,0.254716396,-4.47103119,19.7268066,-46.0977478,2
24.8839253,-0.0350662898,-0.0213230332,0.0656251524,-0.997000024,0.0472446765,0.0671740363,-0.13304331,0.462095132,-0.658256988,-9.77361516,0.784985279,-0.410755661,0.159249482,-0.253278911,-0.119875021,0.264892846,-4.41448212,19.9254303,-46.0444641,2
24.8938823,-0.033852111,-0.0207821362,0.064212221,-0.997145394,0.0459057556,0.0648875431,-0.130104648,0.449076514,-0.635882951,-9.77570307,0.638639849,-0.324941564,-0.245976164,-0.228355989,-0.114771172,0.257511526,-4.39457703,20.1912079,-46.1634827,2
24.9038403,-0.0328265751,-0.0201825457,0.0628961332,-0.997275858,0.044487296,0.0629771145,-0.127370571,0.435262873,-0.617186361,-9.77752561,0.464508622,-0.156890497,-0.644732905,-0.178255275,-0.144719481,0.228969112,-4.34189606,20.1261749,-45.9910278,2
24.9137983,-0.0320211371,-0.0193752204,0.0617439391,-0.997390127,0.0426972532,0.0615213282,-0.124967238,0.417797907,-0.602937617,-9.77917689,0.381267481,0.0500251369,-0.882652019,-0.136107206,-0.187684759,0.202716455,-4.44638062,20.2881622,-45.8049011,2
24.9237553,-0.0313499435,-0.0183390663,0.0607268347,-0.9974934,0.0404784903,0.0603520072,-0.122830792,0.396127489,-0.591491802,-9.78077731,0.306571283,0.227721216,-0.906639628,-0.116643235,-0.232895374,0.178397804,-4.46376038,20.4229126,-46.0053711,2
24.9337133,-0.0307217583,-0.0171109072,0.0597999116,-0.997590775,0.037889295,0.0592837439,-0.120868944,0.370825546,-0.581034449,-9.78239585,0.310475012,0.272330575,-0.802967657,-0.112056136,-0.261265397,0.164912835,-4.51599121,20.5896912,-45.8655701,2
24.9436713,-0.0300972477,-0.0158135751,0.0589115487,-0.997684136,0.035166886,0.0582247814,-0.118983825,0.344213981,-0.570667479,-9.78397873,0.36851051,0.17188173,-0.581567716,-0.114103042,-0.258933276,0.171313748,-4.66358948,20.6246338,-45.9713135,2
24.9536283,-0.0294481306,-0.0146149295,0.0579456838,-0.997778348,0.0326366837,0.0571026976,-0.116951268,0.319478147,-0.559681901,-9.78545231,0.497094841,0.0895190159,-0.322418183,-0.124840677,-0.224571586,0.193031445,-4.78256226,20.8234711,-46.2269592,2
24.9635863,-0.0287464886,-0.0136459578,0.056843031,-0.997875932,0.0305544055,0.0558485309,-0.11465857,0.299122647,-0.547402339,-9.78679028,0.578352846,0.0761919899,-0.0176151517,-0.141882777,-0.166397497,0.210606456,-4.69432831,20.7690277,-45.9031067,2
24.9735443,-0.028004391,-0.0130050297,0.0557201675,-0.997968849,0.0291253601,0.05447267,-0.112344841,0.285158237,-0.533930278,-9.78795114,0.573762157,0.114344866,0.114478612,-0.144289747,-0.098691687,0.21286881,-4.89307404,20.6974335,-46.1730347,2
24.9835013,-0.0273361944,-0.0126269536,0.0546208578,-0.998053048,0.0282347013,0.0532116619,-0.110097178,0.276459181,-0.521581924,-9.78886651,0.499861274,0.133570047,0.0387795202,-0.11849837,-0.0651829913,0.20122759,-4.91475677,20.9175873,-46.1649475,2
24.9934593,-0.0268546177,-0.0122751241,0.0536572188,-0.998122788,0.0274270075,0.0523149735,-0.108130511,0.268565414,-0.512800652,-9.7895504,0.441615202,0.15232213,-0.173171624,-0.0725341663,-0.0819111317,0.176126286,-5.09884644,20.9113922,-46.1928406,2
25.0034173,-0.0265756491,-0.0117438105,0.0528297853,-0.998180821,0.0262912045,0.0518369723,-0.106435096,0.257452648,-0.508119399,-9.79009283,0.403197939,0.17741876,-0.392147552,-0.0346522965,-0.131683484,0.146202996,-5.07138824,20.9536743,-46.1490784,2
25.0133743,-0.0264251159,-0.0109522388,0.052148073,-0.998229705,0.0246570987,0.0516373396,-0.105023027,0.241456768,-0.506164319,-9.79060137,0.416201067,0.206737903,-0.498629321,-0.0131545542,-0.180721357,0.125850365,-5.13076782,20.9663849,-46.1905518,2
25.0233323,-0.02632005,-0.00994325552,0.0515663989,-0.998273165,0.0225985677,0.0515465474,-0.103802052,0.221303056,-0.505275115,-9.79112393,0.547685174,0.210038589,-0.557363834,-0.0119705135,-0.218442649,0.119876631,-5.13076782,20.9663849,-46.1905518,2
25.0332903,-0.0262025795,-0.0087927722,0.0509359501,-0.998319376,0.0202534735,0.0514440372,-0.102476074,0.198342397,-0.504271162,-9.79166753,0.687662385,0.188683958,-0.544848635,-0.015019591,-0.233862177,0.11620269,-5.04647827,21.1884155,-46.048645,2
25.0432473,-0.0260832231,-0.00769159575,0.0503438796,-0.998361726,0.0180089417,0.05132907,-0.101229949,0.176365251,-0.503145227,-9.79214626,0.706646779,0.094632998,-0.47419046,-0.00997609645,-0.20150505,0.106562048,-5.16708374,21.0864563,-46.1023254,2
25.0532053,-0.0260486945,-0.00681108046,0.0497909364,-0.998396768,0.016216391,0.0513581792,-0.100075755,0.158811821,-0.503430291,-9.79243209,0.640403132,-0.0167115539,-0.41764089,0.0132164611,-0.145123735,0.0972559378,-5.22830963,21.2199707,-46.0663757,2
25.0631623,-0.0261863194,-0.00627789216,0.04930853,-0.998420531,0.0151391715,0.0516938306,-0.0990842806,0.148260571,-0.506717569,-9.79242741,0.587508066,-0.11413042,-0.315592136,0.0524466857,-0.0531136505,0.0905524939,-5.43635559,20.9961548,-46.3486938,2
25.0731203,-0.0265422693,-0.00620520614,0.0488832931,-0.99843255,0.015007082,0.0524186713,-0.0982353781,0.146961544,-0.513816186,-9.79207728,0.504860397,-0.181401619,-0.27374446,0.0907952115,0.0321444571,0.0697762221,-5.42271423,20.9759521,-45.8397827,2
25.0830783,-0.0270875469,-0.00646754198,0.0485115905,-0.998434344,0.0155658413,0.0534882739,-0.0975153732,0.152424294,-0.524290708,-9.7914384,0.420538621,-0.187985856,-0.190137372,0.119822599,0.0840603858,0.0648483112,-5.34963989,20.777298,-45.9856567,2
25.0930353,-0.0277397925,-0.0069384775,0.0481489934,-0.99843084,0.0165520239,0.0547517184,-0.0968279268,0.16206927,-0.536662699,-9.79061364,0.408050566,-0.0380968717,-0.191860542,0.128637344,0.117051512,0.0592929758,-5.27915192,20.8255768,-46.1505432,2
25.1029933,-0.0284095467,-0.0075272177,0.0478108656,-0.998423937,0.017776118,0.0560391034,-0.0961977922,0.174041356,-0.549268279,-9.7897088,0.259608968,0.00982314608,-0.279255917,0.127682865,0.132289052,0.0540297739,-5.18894196,20.6994476,-45.9564514,2
25.1129513,-0.0290694353,-0.00812955849,0.0474555139,-0.998417182,0.0190247681,0.0573066237,-0.0955352928,0.186251744,-0.561678445,-9.78878,0.162853333,0.0624858284,-0.430420877,0.124884367,0.120123453,0.0614929013,-5.10305786,20.7882538,-46.1085815,2
25.1229083,-0.0297235079,-0.00858698624,0.0470648833,-0.998412596,0.0199801742,0.0585778529,-0.094795073,0.195589482,-0.574124049,-9.78787574,0.106230077,0.113837245,-0.582159252,0.12861973,0.0766974166,0.0701287314,-5.07053375,20.6803741,-45.8024292,2
25.1328663,-0.0304066303,-0.00881307579,0.0466604179,-0.998409113,0.0204738662,0.0599299377,-0.0940152953,0.200405595,-0.587360182,-9.78699311,0.02584701,0.143533515,-0.699310883,0.139349043,0.030948475,0.0685903877,-4.94561005,20.5298157,-45.8120422,2
25.1428243,-0.0311474745,-0.00883753024,0.046267526,-0.998404257,0.0205693177,0.0614163638,-0.0932485574,0.201321596,-0.60191021,-9.78609003,-0.0513841868,0.172149441,-0.735229169,0.15506728,-0.00232479163,0.0648249462,-4.8724823,20.4502563,-45.8520813,2
25.1527813,-0.0319609646,-0.00871481794,0.0459028316,-0.998396437,0.0203777962,0.0630611444,-0.092531162,0.199426904,-0.618008783,-9.78512557,-0.115928592,0.183609285,-0.664217942,0.172569767,-0.0281391069,0.0588653386,-4.85521698,20.4358978,-45.573761,2
25.1627393,-0.0328503672,-0.00848623119,0.0455645594,-0.998385124,0.0199820303,0.0648667736,-0.0918615736,0.19553165,-0.635679757,-9.78407167,-0.152884404,0.170903752,-0.506356115,0.187467486,-0.0432253815,0.0462805703,-4.6969223,20.2586212,-45.6405334,2
25.1726973,-0.0337926477,-0.0082121145,0.0452907608,-0.998368378,0.0195031266,0.0667807816,-0.0913188798,0.19082192,-0.65440908,-9.7829301,-0.174959786,0.174070838,-0.218099146,0.195299983,-0.0489066541,0.0332745612,-4.69387817,20.2157135,-45.4153442,2
25.1826543,-0.0347673994,-0.00791400481,0.0450893217,-0.998346466,0.01898311,0.0687603165,-0.0909195918,0.185709655,-0.67377714,-9.78171371,-0.175384113,0.166803331,0.083700612,0.200706989,-0.0491066575,0.0244432501,-4.7602005,20.1289978,-45.5646973,2
25.1926123,-0.0357645929,-0.00765215034,0.0448909147,-0.99832214,0.0185371077,0.0707812331,-0.0905285116,0.181321357,-0.693547351,-9.78041432,-0.151542944,0.154551095,0.319127909,0.20252645,-0.0374192968,0.023896765,-4.67373657,20.0054474,-45.5588684,2
25.2025703,-0.0367516607,-0.00746528063,0.0446910786,-0.998296681,0.0182393595,0.0727750806,-0.0901389169,0.178383678,-0.713049924,-9.77906583,-0.137382426,0.145472958,0.54238546,0.193316966,-0.0178911332,0.0242112838,-4.69652557,19.7968597,-45.9159851,2
25.2125273,-0.037654176,-0.00737877556,0.0445139586,-0.998271654,0.018135737,0.0745904238,-0.0897997312,0.177346572,-0.730804046,-9.77777345,-0.115695349,0.172504612,0.727991034,0.169604272,-0.00174426916,0.0246031545,-4.84807587,19.7586975,-45.8329468,2
25.2224853,-0.0384263462,-0.00737765602,0.0443212219,-0.998250882,0.0181894048,0.0761378347,-0.0894323057,0.177850539,-0.745935929,-9.77662194,-0.102582295,0.176263964,0.863308436,0.140873283,0.0140155181,0.0317833014,-4.89593506,19.7705231,-45.9894104,2
25.2324433,-0.0390678438,-0.00742501204,0.0440768858,-0.99823635,0.0183237223,0.0774206603,-0.0889618876,0.179146041,-0.758479038,-9.77563293,-0.0959470032,0.132244132,0.843914,0.115988024,0.0151537899,0.0412339903,-4.80479431,19.5338745,-46.0355225,2
25.2424003,-0.039595376,-0.00743757279,0.043812874,-0.998227091,0.0183759382,0.078479165,-0.0884465294,0.179641624,-0.768827925,-9.77481518,-0.11918752,0.0281202521,0.778303756,0.0943961814,0.00219031936,0.0503297523,-4.85817719,19.3877106,-46.0397339,2
25.2523583,-0.0399993434,-0.00740976531,0.0434797395,-0.998225801,0.0183301809,0.0792954764,-0.0877861673,0.179182792,-0.776808329,-9.77419267,-0.0974801128,-0.0559265429,0.749998283,0.06750606,0.00020602881,0.0589895099,-4.80947876,19.5307159,-46.0466003,2
25.2623163,-0.0402674646,-0.00743206779,0.0431015199,-0.998231245,0.0183685605,0.0798366003,-0.0870358342,0.179550183,-0.782098179,-9.77376421,-0.0755515183,-0.10390768,0.726525053,0.0372762568,0.0197682772,0.0659315735,-4.77302551,19.5424881,-46.0366211,2
25.2722733,-0.0403658035,-0.00760489385,0.0426947917,-0.998243434,0.0186907918,0.0800258066,-0.0862360352,0.18269681,-0.78394768,-9.77355788,-0.0574496243,-0.145004099,0.714796621,-0.000705156941,0.0595922321,0.0717486888,-4.79938507,19.4678574,-46.1636353,2
25.2822313,-0.0403160028,-0.00802618867,0.0422539252,-0.998260891,0.0194949025,0.0798984836,-0.0853838182,0.190557716,-0.782703087,-9.77350761,-0.0121891811,-0.148792604,0.624215602,-0.0238674674,0.114097551,0.073250182,-4.7647934,19.5629196,-46.3147888,2
25.2921893,-0.040210862,-0.00868883147,0.0417987296,-0.998278775,0.0207766231,0.0796410991,-0.0845205197,0.203088642,-0.780187012,-9.77345617,-0.00915779578,-0.133052745,0.410482251,-0.0260828808,0.151132643,0.0634707436,-4.59755707,19.7092972,-46.105072,2
25.3021463,-0.0401285473,-0.00948716639,0.0414485406,-0.998289444,0.0223406827,0.0794168063,-0.0838790818,0.218378565,-0.777994397,-9.77330127,-0.106748401,-0.0593790946,0.18317747,-0.0192236435,0.171223,0.0482739471,-4.69655609,19.5544052,-46.0923462,2
25.3121043,-0.0400839684,-0.0103416494,0.0411460321,-0.998295243,0.0240243638,0.0792632055,-0.0833386345,0.234836236,-0.776492834,-9.77303941,-0.147746639,-0.0279604585,0.0274415492,-0.016952252,0.172326684,0.0338113829,-4.48658752,19.6885605,-46.0971375,2
25.3220623,-0.0399977029,-0.0111724043,0.040906825,-0.998299571,0.0256620712,0.0790275577,-0.0829217754,0.25084598,-0.77418916,-9.7728243,-0.123653505,-0.0133550831,-0.00973404303,-0.0334103219,0.160111845,0.0206668153,-4.36313629,19.6231003,-45.9255371,2
25.3320193,-0.0398170116,-0.0119470225,0.0407052008,-0.998306105,0.0271823654,0.0786074489,-0.0825723827,0.26571207,-0.77008209,-9.77275591,-0.0821062007,-0.0792625565,-0.0151893858,-0.0506098792,0.1455383,0.0140713099,-4.258255,19.6827774,-46.056427,2
25.3419773,-0.0395781682,-0.0126106357,0.0405415578,-0.998314117,0.0284784746,0.0780796889,-0.0822878863,0.27838993,-0.764922442,-9.77280794,-0.0195163639,-0.17315723,-0.0145382284,-0.0533484071,0.115653373,0.00686373096,-4.16042328,19.6912308,-45.7857971,2
25.3519353,-0.039333089,-0.0131197624,0.0404233006,-0.998322016,0.0294682632,0.0775512004,-0.082081588,0.288074672,-0.759755415,-9.77293069,0.0188325829,-0.200620334,-0.0121714993,-0.0531136207,0.0840061009,-0.0127369594,-4.01367188,19.6635056,-45.8826904,2
25.3618923,-0.0390518467,-0.0134215827,0.0404121532,-0.998329514,0.0300481222,0.076964393,-0.0820723587,0.293754891,-0.754017967,-9.77320541,0.0179407486,-0.162214688,-0.000523731613,-0.0604210682,0.0262322836,-0.026380334,-3.95410919,19.6247177,-45.7460938,2
25.3718503,-0.038753165,-0.0133878479,0.0405348495,-0.998336527,0.0299646651,0.0763662555,-0.0823049831,0.292952708,-0.74816946,-9.77367946,0.0224838719,-0.158785664,-0.0102256259,-0.0607106872,-0.0442571975,-0.025476953,-3.95410919,19.6247177,-45.7460938,2
25.3818083,-0.0383881207,-0.0130551548,0.040593447,-0.998352643,0.0292718237,0.0756620264,-0.082384071,0.286196384,-0.741283281,-9.77440427,0.0289409209,-0.152803009,-0.0736953508,-0.0814913362,-0.0953728482,-0.0289145615,-3.99653625,19.643364,-45.7124023,2
25.3917653,-0.0378891248,-0.012559376,0.040647015,-0.998375914,0.0282406235,0.0747036398,-0.0824367254,0.276136799,-0.731911276,-9.77539971,-0.0551215467,-0.176091238,-0.141532623,-0.111241259,-0.109391905,-0.0223285668,-3.99926758,19.6419296,-45.6875,2
25.4017233,-0.0372791836,-0.0120542736,0.0406328065,-0.9984057,0.0271763887,0.0735261312,-0.0823500877,0.265756549,-0.720395537,-9.77654303,-0.0583583184,-0.220527323,-0.162087335,-0.121884048,-0.105115399,-0.00645399652,-4.04620361,19.7781906,-45.7934265,2
25.4116813,-0.0366876378,-0.0115891504,0.0405351501,-0.998437159,0.0261879157,0.0723842585,-0.0821009082,0.256113947,-0.70922737,-9.7776168,-0.0413834557,-0.302922989,-0.220120422,-0.103765644,-0.0934467241,0.0091434326,-4.12025452,19.9099503,-45.8352051,2
25.4216383,-0.0362376362,-0.0111866952,0.0403633964,-0.998465098,0.0253318634,0.0715219255,-0.0817132232,0.247759101,-0.700792646,-9.7784398,-0.099318087,-0.318540245,-0.301747151,-0.0680454597,-0.0757566765,0.0121157868,-4.0161438,19.9130783,-45.7879944,2
25.4315963,-0.0359716528,-0.0108558096,0.0402140522,-0.998484351,0.0246364362,0.0710208419,-0.08138194,0.240967469,-0.695891211,-9.77896003,-0.190539085,-0.283638151,-0.313647432,-0.0332661085,-0.0634822324,0.0122080464,-4.21167755,20.1104355,-45.8062439,2
25.4415543,-0.035850434,-0.0105503041,0.0400575274,-0.998498362,0.0240035288,0.0708071131,-0.0810427544,0.23478182,-0.693800522,-9.77925872,-0.25468311,-0.256998347,-0.287760126,-0.0133501943,-0.0646963641,0.00778906373,-4.12651825,20.0036697,-45.8694763,2
25.4515113,-0.0357897691,-0.0102031145,0.0399412223,-0.998508748,0.0232950973,0.0707166712,-0.0807831779,0.227855273,-0.692915775,-9.77948551,-0.307162673,-0.231995788,-0.25356618,-0.00772990519,-0.0781029984,0.00597054604,-4.25254059,20.1106339,-45.747467,2
25.4614693,-0.0357102053,-0.0097903112,0.0397954488,-0.998521613,0.0224516847,0.0705942242,-0.0804594305,0.219608966,-0.691718017,-9.77975907,-0.308493191,-0.201021535,-0.16425825,-0.0169982389,-0.0907879025,0.00739986543,-4.12236023,20.0958481,-45.7814026,2
25.4714273,-0.035568809,-0.00934308993,0.0395761782,-0.998539593,0.0215291611,0.0703522201,-0.0799843087,0.210590414,-0.68935063,-9.7801244,-0.256079734,-0.160891842,-0.0555552985,-0.0341651365,-0.0870687664,0.0266347416,-4.07859039,20.3148422,-45.8036804,2
25.481384,-0.0353510791,-0.00896427039,0.0392581928,-0.998563359,0.0207306063,0.0699537819,-0.0793142918,0.20278606,-0.685452892,-9.78056337,-0.134550802,-0.0682733258,-0.0136667063,-0.0481824167,-0.0653064847,0.0529025644,-4.17723083,20.1567612,-45.9658508,2
25.491342,-0.035090998,-0.00872361545,0.0388421242,-0.998590892,0.0201987423,0.0694612578,-0.0784564887,0.197590885,-0.680634605,-9.78100586,-0.0546864798,0.0401841994,-0.0260924726,-0.0520621538,-0.0317091197,0.0704146028,-4.31060028,20.2511978,-45.9161987,2
25.5013,-0.0348552124,-0.00866394,0.038375825,-0.9986178,0.0200281236,0.0690038471,-0.0775114009,0.195928285,-0.676159651,-9.78134955,-0.123054261,0.0593519143,-0.0950309843,-0.0413831435,0.00952593423,0.0807394087,-4.39017487,20.1204147,-45.8725586,2
25.511257,-0.0346932706,-0.00878934415,0.0378440191,-0.998642656,0.0202297642,0.0686810947,-0.0764496766,0.197904992,-0.673002064,-9.78152783,-0.163487832,0.11410408,-0.191369544,-0.025780024,0.0365691558,0.0816590488,-4.25229645,20.2870712,-45.6595154,2
25.521215,-0.0346171403,-0.00894795139,0.0373164166,-0.998663713,0.020505125,0.0685275747,-0.0754008382,0.200600551,-0.671500062,-9.78157635,-0.175760198,0.19116182,-0.232770645,-0.0089730788,0.0260147844,0.0818180442,-4.23605347,20.1552811,-45.5683594,2
25.531173,-0.0346082414,-0.00900808118,0.0367868383,-0.998683086,0.0205884502,0.0685161682,-0.0743430276,0.201415758,-0.671388491,-9.781567,-0.143804788,0.239682397,-0.248342308,0.00246820878,0.00389796915,0.0803126395,-4.15312195,20.2384109,-45.9737549,2
25.54113,-0.0346228057,-0.00896272078,0.0362867018,-0.998701329,0.0204643579,0.0685589246,-0.0733376396,0.200201359,-0.67180679,-9.78156349,-0.105929176,0.24189642,-0.228144739,0.00260083424,-0.0180573966,0.0768769011,-4.16208649,20.2135696,-45.90271,2
25.551088,-0.0346333293,-0.00879875215,0.0357990541,-0.998719925,0.0201032965,0.0686018145,-0.0723490477,0.19666902,-0.672226404,-9.78160616,-0.0901265534,0.219571118,-0.18994448,0.00201080577,-0.0442978367,0.0819094032,-4.18804169,20.1718979,-45.7763977,2
25.561045,-0.0346380494,-0.00855173169,0.0352673599,-0.998740857,0.0195724481,0.0686395616,-0.0712663211,0.191475945,-0.672595748,-9.7816839,-0.0409400045,0.238345815,-0.129113871,0.00103848567,-0.0479618125,0.0870650187,-4.13774109,20.1929855,-45.82547,2
25.571003,-0.0346489732,-0.00835121301,0.0347465986,-0.99876049,0.0191358774,0.0686856924,-0.0702088593,0.187204935,-0.673047072,-9.78173534,-0.0113802759,0.209767517,-0.0410749377,0.00663000252,-0.0285693128,0.0801203102,-4.15848541,20.2029037,-45.7435608,2
25.580961,-0.0347009811,-0.00825404605,0.0342948474,-0.998775063,0.0189138782,0.0688050826,-0.0692978108,0.185031884,-0.674215093,-9.78169618,-0.0491604281,0.143299268,0.0503138907,0.01394038,-0.00597825088,0.0701249316,-4.2985611,20.3847733,-45.8642883,2
25.590918,-0.0347919622,-0.00826928805,0.0339114451,-0.998784901,0.018924321,0.0689932484,-0.0685324388,0.185131618,-0.676055972,-9.78156758,-0.0636253904,0.143643843,0.154781981,0.0199384745,0.0161665082,0.0563010946,-4.3552475,20.2938461,-45.7405396,2
25.600876,-0.0349066823,-0.00833512904,0.0335747311,-0.998791648,0.0190408313,0.0692245805,-0.0678647222,0.186268294,-0.678319167,-9.7813893,-0.0975327015,0.106552349,0.18468086,0.0241324194,0.00742335012,0.0386195704,-4.20452881,20.3368759,-45.8663635,2
25.610834,-0.034988609,-0.00828361187,0.0333238004,-0.998797633,0.0189258921,0.0693966846,-0.0673600701,0.18514181,-0.680002883,-9.78129344,-0.140250054,0.110181426,0.282298938,0.00305551779,-0.0291660372,0.0208009314,-4.11956787,20.2315445,-45.6958008,2
25.620791,-0.0348909986,-0.00804224966,0.0331468989,-0.998808993,0.0184235602,0.0692210012,-0.0669864314,0.18023053,-0.678284169,-9.78150445,-0.150152896,0.174901809,0.335481662,-0.0419945121,-0.0655413494,0.00701987185,-4.13446045,20.4652786,-45.8990479,2
25.630749,-0.0345478703,-0.00769185597,0.0330679643,-0.998826219,0.0176929972,0.0685596266,-0.0667962412,0.173092385,-0.671813658,-9.78208021,-0.123412189,0.15601123,0.275303965,-0.0869024396,-0.078671664,0.000566675561,-4.27376556,20.1871719,-46.0219421,2
25.640707,-0.0340505212,-0.00734098668,0.0329822903,-0.998848769,0.0169507132,0.0675898483,-0.0665897035,0.165842213,-0.662325406,-9.78285236,-0.0555588056,0.11210633,0.0600000029,-0.102484323,-0.0663228482,0.00188520667,-4.24333191,20.2223892,-46.0224304,2
25.650664,-0.0335720777,-0.00711700639,0.0328630986,-0.998870589,0.0164617934,0.0666498829,-0.0663256021,0.161069336,-0.653128247,-9.78355086,-0.0238511782,0.122811045,-0.2052081,-0.0796948224,-0.0266210511,0.0078453375,-4.2555542,20.3937302,-45.9386902,2
25.660622,-0.0332880903,-0.00713457703,0.0327007644,-0.998885306,0.0164670257,0.0660834438,-0.0659954593,0.161126601,-0.647585591,-9.78391794,-0.0625149266,0.0940745604,-0.423311337,-0.0309083723,0.0297807045,0.0124834999,-4.21855164,20.463356,-45.8475952,2
25.67058,-0.0332640137,-0.00739374801,0.0324971161,-0.998890743,0.0169708481,0.0660216324,-0.0656039012,0.166056604,-0.646980757,-9.78387586,-0.0565214036,0.0223919376,-0.49907005,0.0165568441,0.0745240152,0.0209337324,-4.16776276,20.4538651,-45.7436218,2
25.680537,-0.0334550702,-0.00785698436,0.0322430066,-0.998889107,0.0178942559,0.0663778778,-0.06512945,0.17508692,-0.650466699,-9.78348715,-0.0305365012,0.0197425922,-0.411472431,0.0488545969,0.110681489,0.0266627241,-4.10782623,20.4791718,-45.6809387,2
25.690495,-0.0337580095,-0.00843942075,0.0320145505,-0.998881507,0.0190653225,0.0669501383,-0.0647173343,0.186536772,-0.6560662,-9.78290146,-0.0602421594,0.00708637806,-0.284416661,0.0626515821,0.125810176,0.0274603926,-4.19568634,20.3185272,-45.7333374,2
25.700453,-0.0340748076,-0.00904462249,0.0317797827,-0.998873006,0.0202822813,0.0675492973,-0.06429514,0.198434021,-0.661928662,-9.78227251,-0.0517886942,-0.0320920053,-0.0944072994,0.0547558442,0.121201314,0.0294284672,-4.16324615,20.3483582,-45.7998352,2
25.71041,-0.0343268388,-0.00960467559,0.0315257739,-0.998867066,0.0214030768,0.0680227537,-0.0638303637,0.209391085,-0.666560998,-9.78172949,-0.0215953987,-0.0747452252,0.0727934335,0.0375639722,0.105835378,0.0311657209,-4.02121735,20.3229523,-45.8051453,2
25.720368,-0.0344590221,-0.0100884244,0.0313417173,-0.998863628,0.0223678822,0.0682603477,-0.0634979159,0.218824903,-0.668885642,-9.78136475,0.0315192835,-0.0520699406,0.212488904,0.00944897812,0.0918164924,0.0354174562,-4.02121735,20.3229523,-45.8051453,2
25.730326,-0.0344500102,-0.0105029356,0.0310977811,-0.998867355,0.0231807107,0.0682216524,-0.0630370482,0.226776008,-0.668507018,-9.78120927,0.0635214368,-0.0493061019,0.24241058,-0.0170302633,0.0735297352,0.0277100801,-4.00954437,20.0887451,-45.6406555,2
25.740283,-0.0343589742,-0.0107931456,0.0309020751,-0.998873404,0.0237426384,0.068025923,-0.0626620385,0.232275409,-0.666592051,-9.78121102,0.0270470517,-0.0566080955,0.148439918,-0.0224495307,0.0411914997,0.0142760314,-3.88342285,20.0391235,-45.6659851,2
25.750241,-0.0342605407,-0.0109145351,0.0307616117,-0.998879813,0.0239698383,0.0678248169,-0.0623859878,0.234500903,-0.664624404,-9.78129169,0.0118030679,-0.0151806911,0.013697686,-0.0183955524,0.00858024228,0.00218843622,-3.80079651,20.064621,-45.6488953,2
25.760199,-0.0341910543,-0.0108931148,0.0307039904,-0.998884204,0.0239185729,0.0676885607,-0.0622670845,0.234001612,-0.663291256,-9.78139398,0.0132001848,-0.00184950032,-0.121921329,-0.0083066998,-0.0167948902,-0.00782398414,-3.94950104,20.3083801,-45.7261963,2
25.770156,-0.0341702461,-0.0107847941,0.0306611872,-0.998887362,0.0236974152,0.067654704,-0.0621733736,0.231838917,-0.662959978,-9.78146821,0.0144650719,-0.0422835828,-0.243353414,0.00243662018,-0.0292526688,-0.0136728855,-3.78610229,20.2469482,-45.5016479,2
25.780114,-0.0342178449,-0.010631269,0.0306482933,-0.998887823,0.0233921365,0.0677597566,-0.062138457,0.228851188,-0.66398786,-9.7814688,0.0325661804,-0.0547231585,-0.272083249,0.0182203762,-0.0299932938,-0.013003367,-3.84487915,20.1715698,-45.5213013,2
25.790072,-0.034330488,-0.0105032139,0.0305948703,-0.998886935,0.0231392482,0.0679942428,-0.0620257889,0.226373966,-0.666282035,-9.7813706,0.0251673389,-0.0688890465,-0.216216985,0.027198866,-0.0194794331,-0.0112011619,-3.71528625,20.2840424,-45.586853,2
25.800029,-0.0344579147,-0.0104621889,0.0305264729,-0.998885068,0.0230605378,0.0682532262,-0.0618893959,0.225600078,-0.668815938,-9.78121511,0.0323756446,-0.0775780375,-0.0996545525,0.0240472816,0.00116113061,-0.00426096469,-3.78747559,20.2837677,-45.7850952,2
25.809987,-0.0345818826,-0.0105099103,0.030447592,-0.998882634,0.0231585808,0.0685000384,-0.0617379557,0.226555223,-0.671230671,-9.78102807,0.00209152892,-0.08399185,-0.044326633,0.0255464204,0.0170250647,-0.00103017292,-3.87300873,20.2714691,-45.9246521,2
25.819945,-0.0347277683,-0.0106005414,0.0303682061,-0.998879144,0.0233438821,0.0687880838,-0.0615890952,0.228363131,-0.674048797,-9.78079192,-0.0538852098,-0.0659106883,-0.00984685575,0.0322852843,0.0167406388,0.00258693262,-3.9642334,20.3269348,-45.9725647,2
25.829902,-0.0348896236,-0.0106563522,0.0302938142,-0.998875092,0.0234607604,0.0691101098,-0.0614483226,0.229501195,-0.677199297,-9.78054759,-0.113381939,-0.00305478446,0.0352495926,0.0314096138,0.00736665912,0.0021341918,-3.95097351,20.173996,-45.6166077,2
25.83986,-0.0350245925,-0.0106787994,0.0302018398,-0.998872976,0.0235078597,0.0693808489,-0.0612692852,0.229957542,-0.679847984,-9.78035353,-0.128951666,0.0335615664,0.0221861128,0.0221476741,0.00352664758,0.00246948376,-3.88439178,20.2785797,-45.7280273,2
25.849818,-0.0351211147,-0.010676144,0.0300946034,-0.998872859,0.0235011514,0.06957659,-0.0610568439,0.229888788,-0.681762878,-9.78022143,-0.127835467,0.0253011761,-0.0403442853,0.0176978763,-0.00275918399,0.00575101469,-3.86522675,20.287674,-45.6604919,2
25.859775,-0.0352106785,-0.0106720012,0.0299620377,-0.998873745,0.0234892156,0.0697590996,-0.0607933317,0.229769125,-0.683548373,-9.78009985,-0.142081014,0.0128710259,-0.0850584563,0.0189463664,0.00282093743,0.0189507045,-3.92702484,20.2001648,-45.5770569,2
25.869733,-0.0353173701,-0.0107396261,0.0297357335,-0.998875963,0.0236154651,0.0699737311,-0.0603474223,0.231000384,-0.685648049,-9.77992391,-0.0770228147,0.0483398872,-0.122494161,0.0219700616,0.0287466999,0.0338686891,-3.82675934,20.2628174,-45.5892029,2
25.879691,-0.0354573237,-0.0109772677,0.0294683082,-0.998876319,0.0240813118,0.0702457556,-0.0598320023,0.235551818,-0.688309158,-9.77962814,-0.0386282569,0.0438183912,-0.118449854,0.0300367773,0.0696595088,0.0433588661,-3.94190979,20.1865845,-45.474823,2
25.889648,-0.0356464304,-0.0114267528,0.029115643,-0.998874944,0.0249683295,0.0706059072,-0.0591622458,0.244220223,-0.691832291,-9.77916695,-0.0266466907,0.00289922857,-0.0891331584,0.0380902924,0.116280943,0.0545865484,-3.76661682,20.2299805,-45.503479,2
25.899606,-0.0359027705,-0.012081992,0.0287298483,-0.99886915,0.0262689849,0.0710899759,-0.0584430694,0.256930506,-0.696567429,-9.77850527,0.0312719942,-0.0296253229,-0.0618126053,0.0544764549,0.152690619,0.069728218,-3.84132385,19.9841461,-45.6312256,2
25.909564,-0.0362176794,-0.0128822819,0.0282602449,-0.998861193,0.0278574051,0.0716861382,-0.0575688254,0.272450932,-0.702398912,-9.77766824,0.0805446504,-0.0407029626,0.0325192908,0.0583511665,0.171913877,0.0811475739,-3.69933319,20.1096497,-45.6578064,2
25.919521,-0.0364999683,-0.0137078899,0.0277756473,-0.998853524,0.0294931084,0.0722175101,-0.0566662275,0.288432874,-0.707596408,-9.77683471,0.0666576159,-0.0447829254,0.188207281,0.039956715,0.169122621,0.0850736052,-3.7099762,20.0505676,-45.416748,2
25.929479,-0.0366348824,-0.0145231298,0.0272662988,-0.998851133,0.0310972781,0.0724569871,-0.0557089609,0.304110939,-0.709938733,-9.77618998,0.0391582174,-0.0361559668,0.351564782,0.00200998178,0.16249758,0.0798053965,-3.49687958,20.0532379,-45.7089233,2
25.939436,-0.0365543836,-0.0152297206,0.026798455,-0.998856219,0.0324742699,0.0722717794,-0.0548195189,0.317576624,-0.708127227,-9.77589304,0.0147689319,-0.0301861717,0.380148487,-0.0445444733,0.121247351,0.0717972741,-3.45000458,20.1481781,-45.7312012,2
25.949394,-0.0362236558,-0.0156914496,0.0264092759,-0.998871503,0.033352382,0.0715979112,-0.0540605155,0.326176695,-0.701535939,-9.77608535,0.0172421171,0.0565962589,0.396501072,-0.0934608504,0.0654505044,0.0604025126,-3.49655914,20.0756226,-45.7106934,2
25.959352,-0.0356610155,-0.0158443317,0.0261400377,-0.998896449,0.0336077861,0.0704733002,-0.0535107267,0.32869982,-0.69053509,-9.77678385,-0.0538150672,0.106049003,0.31699382,-0.134495899,-0.00724847149,0.0412117764,-3.61814117,20.0197754,-45.8103638,2
25.969309,-0.0349218901,-0.0156312757,0.0259546993,-0.99893067,0.0331267953,0.069012452,-0.0530969167,0.324030294,-0.676243896,-9.77793828,-0.13728209,0.0829291892,0.193650348,-0.158955082,-0.0827389359,0.0250247717,-3.53256989,20.0905151,-45.7189331,2
25.979267,-0.0341005688,-0.0150530555,0.0258051986,-0.998971859,0.031912976,0.0674051535,-0.0527280824,0.312195699,-0.660518284,-9.77939842,-0.152232625,0.0534369912,0.0996411084,-0.161114112,-0.157327414,0.0222308505,-3.42300415,20.2826996,-45.720459,2
25.989225,-0.0333389984,-0.0141940839,0.0256931315,-0.999012957,0.030143359,0.0659305564,-0.052419816,0.294918455,-0.64608958,-9.7808983,-0.122834754,0.0352672743,0.0263227743,-0.13585566,-0.184123531,0.0127399005,-3.56063843,20.3977509,-45.8259583,2
25.999182,-0.0327405782,-0.0132728068,0.0256591335,-0.999046316,0.0282635299,0.0647828748,-0.0522718447,0.276552303,-0.634858723,-9.78217022,-0.0661613568,0.0376534388,-0.131919576,-0.0926975384,-0.193215042,-0.00320417853,-3.66182709,20.5278168,-45.9076843,2
26.00914,-0.032405625,-0.0122962115,0.0257114018,-0.999068423,0.026293028,0.064162583,-0.052303252,0.257286297,-0.628788317,-9.78308792,-0.0661986018,-0.0101657855,-0.291412804,-0.0302245244,-0.198258787,-0.0130838621,-3.82113647,20.6423187,-45.9921875,2
26.019098,-0.0323812056,-0.0113987266,0.0257886937,-0.999077831,0.0244994207,0.0641587803,-0.0523997709,0.239738931,-0.628751127,-9.78353625,-0.0428153882,0.0301991773,-0.37999885,0.0274073444,-0.159231231,-0.0134199522,-3.90943909,20.5375977,-45.9420166,2
26.029055,-0.0325958277,-0.0107633036,0.0258676437,-0.99907583,0.0232436681,0.064619527,-0.052522869,0.22744629,-0.633260129,-9.78353917,-0.0279788892,0.0953114087,-0.429526558,0.064350009,-0.0939075798,-0.0171865057,-3.98156738,20.569397,-46.0681763,2
26.039013,-0.0329340294,-0.0104791314,0.02595095,-0.999065603,0.0226983531,0.0653090419,-0.052680262,0.222101184,-0.640007703,-9.78322236,-0.0407399519,0.0882923237,-0.307289587,0.0722715855,-0.0142601542,-0.0130362362,-4.0450058,20.365097,-45.8403931,2
26.048971,-0.0332867749,-0.0106090638,0.025969823,-0.999052101,0.0229789772,0.0660073353,-0.0527359254,0.224836254,-0.64684091,-9.78271091,-0.0409311819,0.00653999623,-0.114619482,0.0673507601,0.0679941177,-0.00372884492,-3.99102783,20.2119293,-45.8285522,2
26.058928,-0.0336203017,-0.0111001529,0.0259737719,-0.999035468,0.0239809205,0.0666484533,-0.0527854682,0.234627872,-0.653114291,-9.78206384,-0.0665844046,-0.0618557138,0.0212035315,0.0639752001,0.127126947,-0.00646417774,-4.04678345,20.2503662,-45.9632568,2
26.068886,-0.0339725191,-0.0118129844,0.0260017869,-0.999014685,0.0254297091,0.0673145986,-0.052899385,0.248788645,-0.659632295,-9.78127649,-0.169180965,-0.0285526522,0.0518400774,0.0714776441,0.160074964,-0.0166452266,-3.99726105,20.4565887,-45.9563599,2
26.078844,-0.0343865306,-0.0126145898,0.0261106937,-0.998987831,0.0270653824,0.0680973184,-0.0531843523,0.264773237,-0.667290555,-9.78033775,-0.295897383,0.00993102691,0.03907938,0.0858134404,0.160682961,-0.0347113125,-3.99726105,20.4565887,-45.9563599,2
26.088801,-0.0348207222,-0.0133650647,0.0262646799,-0.998958937,0.0286032108,0.0689214368,-0.053558131,0.279797568,-0.67535345,-9.77936569,-0.359105042,0.0268225405,0.0743202047,0.0786011666,0.140151799,-0.0455719605,-3.77783966,20.3080292,-45.8397522,2
26.098759,-0.0351473448,-0.0139590769,0.026449377,-0.998934559,0.0298241474,0.0695374042,-0.0539802474,0.291724883,-0.681379578,-9.77859938,-0.325692163,0.030903307,0.217055774,0.0430125408,0.0947872475,-0.0475301817,-3.69965363,20.2742615,-45.6416626,2
26.108717,-0.0352464952,-0.014274583,0.0266741469,-0.998920669,0.0304774251,0.0697118303,-0.0544560843,0.298109342,-0.683085943,-9.77828783,-0.252020485,0.018843013,0.340195247,-0.00746973511,0.0269156396,-0.0624207631,-3.63419342,20.2074585,-45.631958,2
26.118674,-0.0350744143,-0.0142806496,0.0269987301,-0.998917956,0.0305023779,0.0693573991,-0.0551010919,0.298360705,-0.67961856,-9.77852164,-0.219351575,0.0409636594,0.365568173,-0.0583648756,-0.0292512253,-0.0715186521,-3.78376007,20.2896118,-45.7497864,2
26.128632,-0.0346833377,-0.0140366722,0.0273405514,-0.998925713,0.0300147565,0.0685783563,-0.0557559111,0.29360825,-0.671996906,-9.77919208,-0.196941883,0.128661159,0.255207518,-0.0910948217,-0.0780342892,-0.0745245889,-3.66902924,20.1778107,-45.7779541,2
26.13859,-0.0341899737,-0.0136065569,0.027700673,-0.998938739,0.0291491092,0.0676050427,-0.0564317547,0.285161726,-0.662474094,-9.78009166,-0.131184175,0.159989486,0.00576397035,-0.0983868241,-0.101551071,-0.06992957,-3.81472015,20.3110352,-45.9135742,2
26.148547,-0.0337240751,-0.0131341454,0.0280200956,-0.998951968,0.0281970747,0.0666908478,-0.0570249324,0.275867572,-0.653529083,-9.78096026,-0.0735570566,0.101514428,-0.274836347,-0.0794624761,-0.0926722884,-0.0593694262,-3.7964859,20.1862183,-45.6630249,2
26.158505,-0.0333898424,-0.0127580624,0.0282540559,-0.998961544,0.0274396697,0.06603739,-0.0574581919,0.268471014,-0.647134998,-9.78159096,-0.0420688441,0.0267358851,-0.472475473,-0.0485322624,-0.0628257096,-0.0394324698,-3.84411621,20.3772888,-45.7589722,2
26.168463,-0.0332382943,-0.012570577,0.0283897201,-0.998965142,0.0270641485,0.0657413893,-0.0577129652,0.264802974,-0.644238473,-9.78188205,0.00379701766,-0.0215007609,-0.47382981,-0.0103475936,-0.0132387197,-0.0220667962,-3.89868164,20.2884674,-45.740509,2
26.17842,-0.0332763243,-0.0126465103,0.028446789,-0.998961298,0.0272222432,0.0658115113,-0.0578335033,0.266348194,-0.644924701,-9.78179496,0.0276901536,-0.0549319059,-0.420945192,0.0246950798,0.0428325385,-0.0108759264,-3.90209961,20.2941895,-45.8174744,2
26.188378,-0.0334709216,-0.0129658894,0.0284392288,-0.998950907,0.0278729705,0.066182439,-0.0578455699,0.272706733,-0.64855429,-9.78137995,0.0247732798,-0.0490576801,-0.326340325,0.0492225997,0.0849891603,-0.0106328269,-3.73683167,20.2991943,-45.5889893,2
26.198336,-0.0337605877,-0.0134409082,0.0284524217,-0.998934485,0.0288425043,0.0667338991,-0.0579129587,0.282179623,-0.653950377,-9.78075217,-0.0394669545,-0.0300447174,-0.152042327,0.0576959811,0.102685601,-0.0100322841,-3.84726715,20.2771149,-45.6345215,2
26.208293,-0.0340340221,-0.0139338021,0.0284722682,-0.998917892,0.0298473927,0.0672516158,-0.0579948936,0.29199791,-0.659016063,-9.78012381,-0.0667928414,-0.0255775819,-0.0121609779,0.0447706841,0.0965260044,-0.0123921549,-3.83309174,20.2625885,-45.8114624,2
26.218251,-0.0342073872,-0.0143789928,0.0284818389,-0.998905401,0.0307500962,0.067572218,-0.058050062,0.300819825,-0.662152899,-9.7796445,-0.0640926608,-0.0389008085,0.0912082111,0.0215428583,0.0819691643,-0.0116488663,-3.71112061,20.2663116,-45.997406,2
26.228209,-0.0342864299,-0.014708373,0.0285208249,-0.998896727,0.0314171927,0.0677099411,-0.0581532637,0.307340842,-0.663500442,-9.77935049,-0.0846796131,-0.0755612908,0.109918172,0.00686447322,0.0485246219,-0.0178473033,-3.75621796,20.3044128,-45.8575134,2
26.238166,-0.0343004136,-0.0148578384,0.0285892962,-0.998892045,0.0317220363,0.0677270352,-0.0583011087,0.310321648,-0.663667688,-9.77924469,-0.121478554,-0.0677624536,0.108615858,-0.00107440981,0.00807546452,-0.026702581,-3.66641998,20.2058258,-45.8922119,2
26.248124,-0.0342744579,-0.0147781733,0.0287438061,-0.998889668,0.0315713877,0.0676748873,-0.0586044227,0.30884953,-0.663157473,-9.77932594,-0.134521247,-0.0537578206,0.0552764815,-0.00868187845,-0.040961992,-0.0365165323,-3.76730347,20.1163635,-45.8153992,2
26.258082,-0.0341899242,-0.0144997941,0.028915793,-0.998891774,0.0310203475,0.0675168063,-0.0589272685,0.30346391,-0.661610755,-9.7795995,-0.0944197023,-0.0620382308,0.0684182872,-0.0206850115,-0.0715667754,-0.0380768776,-3.71526337,20.1438599,-45.7363281,2
26.268039,-0.0340459494,-0.0141010555,0.0290927919,-0.99889721,0.0302249,0.0672470017,-0.0592500861,0.295690043,-0.658970908,-9.78001568,-0.0745251892,-0.0762001732,0.0845469997,-0.029828975,-0.0933551639,-0.0416369922,-3.74079895,20.2926483,-45.9710083,2
26.277997,-0.033877019,-0.0135900035,0.0293084331,-0.998903798,0.0292055158,0.0669331284,-0.0596422123,0.285726319,-0.655899757,-9.78051836,-0.0632147455,-0.0857057413,0.0431511595,-0.0309866499,-0.116548896,-0.0446447656,-3.87190247,20.2629242,-45.6958923,2
26.287954,-0.0336837059,-0.0130204243,0.0294915114,-0.998912442,0.0280651437,0.0665753309,-0.0599647192,0.274579286,-0.652398763,-9.78107191,-0.0462318273,-0.0769364516,0.0239519535,-0.0373497419,-0.119281292,-0.0391245671,-3.80854797,20.3548889,-45.816925,2
26.297912,-0.0334774431,-0.0124642156,0.0296333808,-0.998922345,0.0269479346,0.0661923438,-0.0602055625,0.263658316,-0.648651248,-9.78162136,-0.0248362072,-0.0702094084,0.0349766208,-0.0380490907,-0.107475504,-0.0284362324,-3.81141663,20.2383118,-45.8264771,2
26.30787,-0.0332956941,-0.0119963258,0.0297085447,-0.998931916,0.0260046525,0.065855067,-0.0603197243,0.254437045,-0.645350891,-9.7820843,-0.0117243766,-0.0555532527,-0.00870411546,-0.0280525312,-0.0842639804,-0.0130205657,-3.93009186,20.5837708,-45.7148743,2
26.317827,-0.0331875197,-0.0116378522,0.0296960226,-0.998940188,0.0252792718,0.065660669,-0.0602678332,0.24734442,-0.643448637,-9.78239117,-0.0414425837,-0.0679301383,-0.0957856021,-0.0105233407,-0.0642210245,0.00357279135,-3.94099426,20.3787537,-45.8114624,2
26.327785,-0.033161561,-0.0113340727,0.0296151209,-0.998946892,0.0246640329,0.0656290593,-0.0600849977,0.241326365,-0.643139279,-9.78256185,-0.0815129475,-0.0514799388,-0.0912748466,-0.00025596749,-0.0650201216,0.0255709607,-4.04452515,20.4428558,-45.9012146,2
26.337743,-0.0331772747,-0.0110812135,0.0294615571,-0.998953703,0.0241485558,0.0656793942,-0.0597610925,0.236282873,-0.643631885,-9.78265245,-0.0680897128,0.0594450725,-0.0105295773,0.00978015456,-0.0422176011,0.0121363774,-3.99990082,20.4176636,-45.7189026,2
26.3477,-0.0332267902,-0.0108792662,0.0293997056,-0.998956054,0.0237431278,0.0657919662,-0.0596252407,0.232314955,-0.644733416,-9.78267525,-0.236653971,-0.144307203,-0.0773953744,0.0164451748,-0.0306936875,-0.00184037699,-3.9624176,20.4286194,-45.6100769,2
26.357658,-0.0333123776,-0.0107474032,0.0293731952,-0.998955479,0.0234825725,0.065971637,-0.0595657886,0.229763298,-0.646491585,-9.78261914,-0.141626275,-0.116512164,-0.0596440291,0.0194910336,-0.0256904066,0.00659784954,-4.14606476,20.3527527,-45.8034973,2
26.367616,-0.0334146878,-0.0105821985,0.0293278509,-0.998955087,0.023155008,0.0661871526,-0.0594667859,0.226555625,-0.648600467,-9.78255484,-0.0248436599,0.00485788836,-0.0665922408,0.0223621149,-0.0360049419,0.00495259464,-4.14376831,20.1565857,-45.7729187,2
26.377573,-0.03349902,-0.0104311966,0.0293189143,-0.998954224,0.0228571881,0.066365017,-0.0594411472,0.223639536,-0.650340881,-9.78250632,-0.0238728604,-0.0519100008,-0.0117237555,0.012298828,-0.022441728,-0.0135417273,-4.05358124,20.317276,-45.583374,2
26.387531,-0.0335301368,-0.0103844369,0.0293839088,-0.998951709,0.0227697782,0.066428549,-0.0595691245,0.222783504,-0.65096252,-9.78248411,-0.0628204124,-0.0536825634,-0.00620879151,-0.00300539937,0.00356533751,-0.018036006,-4.16805267,20.3924713,-45.6499329,2
26.397489,-0.0334855261,-0.0104596223,0.0294321745,-0.99895103,0.0229208162,0.0663337386,-0.0596696486,0.224262436,-0.650034811,-9.78251217,0.0018404585,0.0489389491,-0.0528682514,-0.013449518,0.0205115639,-0.0138380658,-4.15821075,20.431427,-45.7140198,2
26.407446,-0.0334037696,-0.0105795923,0.029487084,-0.998950814,0.0231596808,0.0661617818,-0.0597854246,0.226601711,-0.648352191,-9.78257004,0.0153627879,0.115042237,-0.102639706,-0.0207139608,0.0268775374,-0.0161156692,-4.20840454,20.4263763,-45.7341919,2
26.417404,-0.033295856,-0.0107234156,0.0295550386,-0.998950869,0.0234455411,0.0659357525,-0.0599281624,0.229401589,-0.646140434,-9.78265128,0.00897160729,0.0876912891,-0.174085232,-0.0217741653,0.0259156041,-0.0184416734,-4.17584229,20.3250427,-45.7681274,2
26.427362,-0.033193913,-0.0108429356,0.0296387188,-0.998950484,0.0236841041,0.0657227139,-0.0601009167,0.231738617,-0.644055736,-9.7827337,0.0317736966,0.0481972639,-0.191211139,-0.0187116805,0.0205880776,-0.0173569042,-4.17584229,20.3250427,-45.7681274,2
26.437319,-0.0331284642,-0.01094745,0.0297147294,-0.998949256,0.0238943385,0.0655837132,-0.0602582856,0.233797412,-0.642695554,-9.78277403,0.0756536453,0.0134678227,-0.167976978,-0.0087043196,0.0183329117,-0.0196219217,-4.22299194,20.4979553,-45.6238708,2
26.447277,-0.0331061673,-0.0110238115,0.0298309784,-0.998945716,0.024053501,0.0655317192,-0.0604956319,0.235355255,-0.642186801,-9.78276994,0.0740957666,-0.0379176427,-0.181747145,-0.000955212628,0.0107772928,-0.0179607142,-4.3677597,20.448349,-45.8875732,2
26.457235,-0.0331295549,-0.0110628987,0.0299156458,-0.998942072,0.0241387924,0.0655740891,-0.0606685316,0.236188984,-0.642601373,-9.7827226,0.0731124181,-0.0556092937,-0.126878075,0.00876665674,0.00370207289,-0.0166267361,-4.24909973,20.5398407,-45.7984619,2
26.467192,-0.0331735573,-0.0110537127,0.0299916889,-0.998938394,0.0241281478,0.065660812,-0.0608215566,0.236083514,-0.643450026,-9.7826694,0.0660352828,-0.109677495,-0.100295188,0.00773212127,-0.00674964581,-0.0156948045,-4.19861603,20.3231201,-45.7449951,2
26.47715,-0.0331889341,-0.0109952725,0.0300270321,-0.998937497,0.0240144149,0.0656942737,-0.0608889784,0.234970384,-0.643777431,-9.78267467,0.0553270427,-0.12311675,-0.016343232,-0.001463508,-0.0167953558,-0.008444882,-4.12245178,20.3734283,-45.5395813,2
26.487108,-0.0331481319,-0.0108949347,0.0300334011,-0.998939755,0.0238113593,0.0656186296,-0.0608940073,0.23298511,-0.643037207,-9.78277111,0.0205014842,-0.129244,0.0377718045,-0.0119388048,-0.0247637182,-0.00895594619,-4.0762558,20.451004,-45.8563538,2
26.497065,-0.0330699314,-0.0107418769,0.0300511608,-0.998943374,0.0235011422,0.0654711292,-0.0609173847,0.229952537,-0.641593876,-9.78293712,0.0139572502,-0.187998606,0.044821723,-0.0141979652,-0.0369993448,-0.00453216862,-4.16968536,20.4798126,-45.7771301,2
26.507023,-0.0329970406,-0.0105500698,0.0300277293,-0.99894855,0.0231109719,0.0653375802,-0.0608558816,0.226137491,-0.640286958,-9.78311189,-0.00153097243,-0.221477536,0.0135720138,-0.0101636611,-0.0397784822,0.00501919445,-4.12469482,20.4110565,-45.5711975,2
26.516981,-0.0329722945,-0.0103791379,0.0299503608,-0.99895343,0.0227620893,0.0653002537,-0.0606889942,0.222724851,-0.639921705,-9.78321418,-0.0272976654,-0.204185625,-0.00697568423,0.00338703557,-0.0304068178,0.0118280975,-4.0853653,20.427124,-45.4378662,2
26.526938,-0.0329961596,-0.0102587962,0.0298441573,-0.998957204,0.0225156524,0.065357693,-0.0604689435,0.220313077,-0.640483796,-9.78323172,-0.0857883963,-0.152297763,-0.0463122538,0.00633368501,-0.0164164808,0.0182031058,-4.15470123,20.5700836,-45.5099792,2
26.536896,-0.0330178774,-0.0102197761,0.029725311,-0.998960446,0.0224310771,0.0654061592,-0.0602288018,0.219484956,-0.640958063,-9.78321944,-0.10785481,-0.0442340593,-0.0331570042,0.00176902709,-0.0001096786,0.0232053213,-4.23387909,20.3210754,-45.5065613,2
26.546854,-0.0330269755,-0.0102087726,0.0296001471,-0.998963886,0.0224013973,0.0654278198,-0.0599774918,0.219194284,-0.641170025,-9.78321184,-0.105319592,-0.00825870978,-0.062792264,-0.00076045841,-0.00484451745,0.0250724908,-4.25852203,20.3922577,-45.5349731,2
26.556811,-0.0330287839,-0.0101800788,0.0294725232,-0.998967927,0.0223356829,0.0654360146,-0.0597199089,0.218551273,-0.641250251,-9.78322119,-0.117695053,0.0385083752,-0.0852291367,-0.000622240361,-0.00386660453,0.024520684,-4.27084351,20.3735657,-45.6121216,2
26.566769,-0.0330466385,-0.010171822,0.0293481046,-0.998971048,0.0223120796,0.0654749943,-0.0594705053,0.218319803,-0.641631651,-9.78320132,-0.128387128,0.0236268862,-0.193586051,0.00509729795,7.87363388E-05,0.0223558377,-4.27986908,20.385788,-45.6889343,2
26.576727,-0.0331089523,-0.0101669055,0.0291755664,-0.998974098,0.0222946976,0.0656037691,-0.0591260603,0.218147898,-0.642891807,-9.78312241,-0.148865213,-0.044095966,-0.230775672,0.0173342563,-0.000647507841,0.0229931325,-4.0384903,20.4788208,-45.5603333,2
26.586684,-0.0332413466,-0.0101402331,0.029047805,-0.998973645,0.022240894,0.0658729849,-0.0588717442,0.217617682,-0.645526247,-9.78296108,-0.125290787,-0.0576224601,-0.221809106,0.0340376794,-0.00780126685,0.0214615315,-4.17751312,20.2436371,-45.5470886,2
26.596642,-0.0334505295,-0.0100567784,0.0289403382,-0.998970677,0.0220792897,0.0662986617,-0.0586563282,0.216030614,-0.64969155,-9.78272026,-0.12041171,-0.0371465853,-0.149625329,0.0464205779,-0.0222081691,0.017443087,-4.18629456,20.2921448,-45.7235718,2
26.606599,-0.0336931789,-0.009914508,0.0288305924,-0.99896714,0.0218016636,0.0667947315,-0.0584332067,0.213307619,-0.654545566,-9.78245664,-0.0926992352,-0.00416069988,-0.00728431179,0.0452524982,-0.0267021712,0.0185610782,-4.13667297,20.3008728,-45.7371521,2
26.616557,-0.0338691167,-0.00980484187,0.0287110728,-0.998965716,0.0215845649,0.0671556236,-0.058190846,0.211178753,-0.658076809,-9.7822655,-0.0519638499,0.0164291568,0.170593883,0.0237530638,-0.0117836762,0.0209395476,-4.15287018,20.2040405,-45.4551086,2
26.626515,-0.0339163676,-0.00978146296,0.0285979232,-0.998967566,0.0215329434,0.0672539311,-0.0579637158,0.210672375,-0.659038713,-9.78221172,-0.0608846585,0.0173911337,0.252840789,-0.00272719143,0.00327635324,0.020029664,-4.21735382,20.1784821,-45.4529724,2
26.636472,-0.0338733989,-0.00979157719,0.0285007433,-0.99897166,0.0215440956,0.0671694937,-0.0577685402,0.210782667,-0.658212491,-9.78226492,-0.0933166729,0.0415543187,0.216980955,-0.01357478,0.00335704722,0.0192264542,-4.26200867,20.0969543,-45.4617615,2
26.64643,-0.0337789865,-0.00980022901,0.0283898522,-0.998977925,0.0215483716,0.0669825463,-0.0575444799,0.210827145,-0.656383303,-9.78238708,-0.116106049,0.0846164117,0.164280462,-0.0239852369,0.00398878288,0.0202160142,-4.20732117,20.1806641,-45.5592346,2
26.656388,-0.0336334794,-0.00983128915,0.0283149497,-0.998984699,0.0215969615,0.0666913442,-0.0573927432,0.211306581,-0.653533978,-9.7825677,-0.124815571,0.0653069502,0.138723411,-0.0333004408,0.0108288452,0.0193185285,-4.36343384,20.1167145,-45.4745789,2
26.666345,-0.0334652454,-0.00987716945,0.0282170702,-0.998992669,0.0216724081,0.0663543412,-0.057195353,0.212049417,-0.650236398,-9.78277111,-0.122266398,0.0156217859,0.0941857657,-0.033174485,0.0101690888,0.0137997922,-4.20201111,20.2897949,-45.4639282,2
26.676303,-0.0333273216,-0.00989934801,0.0281288814,-0.998999534,0.0217028736,0.0660791204,-0.057016571,0.212351323,-0.647543286,-9.78294355,-0.103265035,0.00724244541,0.0443786554,-0.0224914793,0.00080195209,0.00761087099,-4.13869476,20.3348846,-45.3877258,2
26.686261,-0.0332466452,-0.00987234808,0.0280787467,-0.999003907,0.0216407652,0.065920383,-0.056912263,0.211745941,-0.645989992,-9.78305928,-0.104006391,0.0133206693,-0.00309036723,-0.011562055,-0.00986398105,-0.00712814368,-4.0650177,20.4897614,-45.6620789,2
26.696218,-0.0331866424,-0.00977764256,0.0281545073,-0.999004688,0.0214526006,0.0658041337,-0.0570563166,0.209906724,-0.644852513,-9.78317385,-0.135237085,0.0100881902,-0.00746492905,-0.0139868632,-0.027988391,-0.0238863509,-4.23084259,20.40065,-45.4989929,2
26.706176,-0.0331058818,-0.00962773472,0.0282675513,-0.999005663,0.0211551123,0.0656487668,-0.0572709599,0.206998454,-0.643332171,-9.78333576,-0.14759185,0.00288161985,0.0221755915,-0.0175876077,-0.0338264443,-0.0324840359,-4.1739502,20.5306091,-45.7286377,2
26.716134,-0.0330083013,-0.00944242168,0.0284175317,-0.999006423,0.020788127,0.0654610911,-0.0575569318,0.203410604,-0.641495604,-9.78353157,-0.148642784,-0.0233457312,-0.0508007974,-0.0175005216,-0.0421032831,-0.0393968038,-4.12469482,20.3619385,-45.5047302,2
26.726091,-0.0329326316,-0.00925314653,0.0285814378,-0.999006003,0.0204153709,0.0653172914,-0.0578711502,0.199765598,-0.64008844,-9.78369875,-0.164151374,-0.0774254042,-0.0747252784,-0.00686620595,-0.0331784822,-0.041673962,-4.08842468,20.4409332,-45.6635132,2
26.736049,-0.0329110507,-0.0090873993,0.0287616624,-0.999003078,0.0200939821,0.0652800997,-0.0582209562,0.196621692,-0.639724502,-9.78378643,-0.15337595,-0.0219745159,-0.0682031831,0.00303862244,-0.0310354363,-0.0398172066,-4.22721863,20.423996,-45.787384,2
26.746007,-0.0329593958,-0.00897672467,0.0289209261,-0.99899792,0.0198856849,0.0653800738,-0.0585340317,0.194582478,-0.640702846,-9.78376305,-0.108690037,0.0134204765,-0.150227971,0.0195545889,-0.0125863533,-0.0373258889,-4.23683929,20.5607147,-45.7036438,2
26.755964,-0.0331103082,-0.00898996894,0.0290511036,-0.998989057,0.0199298295,0.0656785431,-0.0587993684,0.195010567,-0.643623556,-9.78356314,-0.0835300595,0.0776925307,-0.218363934,0.0438127927,0.0126548223,-0.035107743,-4.24855042,20.5647583,-45.7041931,2
26.765922,-0.0333632906,-0.00902410848,0.0292425871,-0.99897471,0.0200261432,0.0661786862,-0.0591914108,0.195946387,-0.648517611,-9.78322119,-0.182777803,-0.0125829297,-0.267188463,0.0534294285,0.00400921237,-0.0443291813,-4.33188629,20.4498596,-46.0151978,2
26.77588,-0.0335971171,-0.00903041329,0.0294067469,-0.998961962,0.0200639237,0.0666426924,-0.0595264418,0.196309941,-0.653057885,-9.78291198,-0.141691723,-0.136132372,-0.134619483,0.0399367884,0.0031812354,-0.0254726671,-4.34614563,20.4611206,-45.8431091,2
26.785837,-0.0337543255,-0.00903058774,0.0294929886,-0.998954092,0.0200796553,0.0669553811,-0.0597030836,0.196459725,-0.656117492,-9.78270389,-0.00597059884,-0.0697759854,-0.0477379027,0.0219520349,-0.000213106629,-0.00787627324,-4.34614563,20.4611206,-45.8431091,2
26.795795,-0.0338079716,-0.00899895627,0.029511432,-0.998951973,0.0200208341,0.0670641957,-0.0597392173,0.195882875,-0.657182198,-9.78264427,-0.0190107342,-0.0938504693,0.0707148737,-0.000561264809,-0.0078787487,0.00170657923,-4.4382019,20.3794098,-45.6680908,2
26.805753,-0.0337693232,-0.00896466414,0.0294445242,-0.998955642,0.0199453039,0.0669902855,-0.0596018988,0.195144953,-0.656458999,-9.7827074,-0.0434119293,-0.0818544727,0.122702251,-0.0160533227,-0.004504852,-0.000969011104,-4.14605713,20.52565,-45.5817261,2
26.81571,-0.0336606381,-0.00893308672,0.0294341121,-0.998959859,0.0198747308,0.0667749905,-0.0595763107,0.194457354,-0.654352455,-9.7828623,-0.0243189236,-0.061515449,0.0504325486,-0.0260164756,-0.0064713303,-0.00838964339,-4.25641632,20.4740906,-45.6174011,2
26.825668,-0.033498964,-0.00890475654,0.0294685719,-0.998964557,0.0198104233,0.0664526325,-0.0596396232,0.193832409,-0.651198156,-9.783085,-0.00424110817,-0.0848706787,0.0500572856,-0.0362772495,-0.00430338923,-0.00876881368,-4.4125824,20.5906372,-45.9126282,2
26.835626,-0.0333081759,-0.00889954862,0.0294850843,-0.998970484,0.0197894288,0.0660710216,-0.0596678241,0.193631918,-0.647464084,-9.78333693,0.046237636,-0.0938422129,0.0295090031,-0.0374469087,-5.64460643E-05,-0.0133614354,-4.32056427,20.6554108,-46.1170349,2
26.845583,-0.0331215879,-0.00891671398,0.0295074309,-0.998975918,0.0198138677,0.0656963663,-0.0597093004,0.19387581,-0.643797962,-9.78357424,-0.00967144439,-0.104990214,-0.0452221205,-0.0344291702,0.00694655115,-0.0150493868,-4.23956299,20.6229858,-45.9866333,2
26.855541,-0.0329870927,-0.00897990346,0.0295105463,-0.998979684,0.019932376,0.0654235285,-0.0597164789,0.195038734,-0.641128085,-9.78372622,-0.036123124,-0.0735427175,-0.129166478,-0.0206928533,0.0171187613,-0.00997100398,-4.16359711,20.6006012,-45.8630981,2
26.865499,-0.0329355574,-0.00905192197,0.0294726423,-0.998981892,0.0200709519,0.0653169165,-0.0596439979,0.196395903,-0.640084787,-9.78376714,0.0169877953,-0.0575273292,-0.172220607,-0.00161842187,0.00907745957,-0.00763412751,-4.15100861,20.8474579,-46.1978149,2
26.875456,-0.0329835884,-0.00907406576,0.0294420155,-0.998980978,0.0201162196,0.0654122745,-0.0595852244,0.196837564,-0.641017903,-9.78369758,0.000684566464,-0.0260680688,-0.179024442,0.0186865833,0.000520722242,-0.0113471076,-4.13693237,20.8154602,-46.0760498,2
26.885414,-0.0331218496,-0.00905947422,0.0294280985,-0.998976914,0.0200945268,0.0656899538,-0.0595597052,0.196621729,-0.643735199,-9.78352339,-0.0401003388,-0.000456219335,-0.169022688,0.0348169655,-0.00568030961,-0.0145482905,-4.09854126,20.8436127,-46.1214294,2
26.895371,-0.0333033806,-0.00901433703,0.0294345364,-0.998971143,0.0200156495,0.0660555934,-0.0595739999,0.19584532,-0.647313131,-9.78330303,-0.0622184644,-0.0336892114,-0.109538233,0.0363275111,-0.0123427399,-0.0110020256,-4.17061615,20.8159027,-45.9206848,2
26.905329,-0.0334424923,-0.00892387029,0.029432695,-0.998967312,0.0198428612,0.0663392541,-0.0595676445,0.194151229,-0.650088806,-9.7831528,-0.00889940057,-0.0464758469,0.0237882873,0.0176677816,-0.0222093146,-0.00210318016,-4.27587891,20.6306992,-46.0244446,2
26.915287,-0.0334713286,-0.00880387049,0.0294119961,-0.998968061,0.019602945,0.0664044892,-0.059518879,0.191803241,-0.650727104,-9.78315631,0.0263688419,-0.02728234,0.0953191536,-0.0058034556,-0.0267673135,-0.00348003465,-4.29988098,20.7266769,-46.2180176,2
26.925244,-0.0333907072,-0.00866761772,0.0293889945,-0.998972638,0.0193236576,0.0662517965,-0.0594618457,0.189072848,-0.649232993,-9.78330887,-0.00950723027,0.0336223567,0.0854454098,-0.0256117508,-0.0281649325,-0.00188405626,-4.26079559,20.6338425,-45.7938843,2
26.935202,-0.0332537825,-0.00854790367,0.0293675032,-0.998978904,0.0190741763,0.0659854671,-0.0594076806,0.186635373,-0.646626902,-9.78352807,-0.0296650522,0.0495712556,0.0100982002,-0.0285505503,-0.019706998,0.00218445505,-4.37915802,20.7208481,-45.9289246,2
26.94516,-0.0331333884,-0.00848483201,0.0293248217,-0.998984694,0.0189377443,0.0657492249,-0.0593152211,0.185303486,-0.644315191,-9.78370635,-0.00663569342,0.0342410731,-0.109583826,-0.0186983291,-0.00534639554,0.00810555462,-4.43083191,20.7769852,-46.0290527,2
26.955117,-0.0330908689,-0.00849656775,0.0292426498,-0.998988332,0.0189532533,0.0656650396,-0.0591503407,0.185456247,-0.643491381,-9.7837572,-0.0268399117,-0.00668561524,-0.197220024,0.00207512639,0.00823306292,0.00696039572,-4.32269287,20.7330704,-45.8596497,2
26.965075,-0.0331494167,-0.00854020795,0.0291517804,-0.998988718,0.0190381953,0.0657812929,-0.0589724535,0.186285866,-0.644629006,-9.7836666,-0.059841634,0.00537562862,-0.210927647,0.0202770904,0.00785659999,0.00891167391,-4.2651062,20.6373062,-45.8771667,2
26.975033,-0.03328513,-0.008555074,0.0291022751,-0.998985446,0.0190728808,0.0660527971,-0.0588773422,0.186621875,-0.647285731,-9.78348481,-0.0625718079,0.0229961141,-0.15035715,0.0325390846,0.00151161849,0.000990899978,-4.3704071,20.6298141,-45.806427,2
26.98499,-0.0334684462,-0.00854722975,0.029078105,-0.998980073,0.0190666174,0.0664203738,-0.0588326057,0.186556043,-0.650882514,-9.7832475,-0.0842034469,0.0358704279,-0.089841599,0.039938584,-0.00488452613,-0.00500116823,-4.34485626,20.726265,-45.8109436,2
26.994948,-0.0336500962,-0.00848807681,0.0291115455,-0.998973522,0.0189613465,0.0667865468,-0.0588998603,0.185521622,-0.654465487,-9.7830283,-0.106662111,0.0568112899,-0.0406803854,0.0329248831,-0.0162232015,-0.00446587289,-4.50518036,20.6400833,-46.2791138,2
27.004906,-0.0337771437,-0.00839536013,0.029097668,-0.998970519,0.0187824083,0.0670463908,-0.0588687516,0.183767855,-0.657008011,-9.78289094,-0.0507395688,0.0345140448,0.0776958186,0.0195885226,-0.016960023,-0.00101695443,-4.34098053,20.6501541,-46.0042419,2
27.014863,-0.0338255008,-0.00830545718,0.0290583586,-0.998970793,0.0186026398,0.0671491401,-0.0587850317,0.182007951,-0.658013388,-9.78285645,-0.0305742029,-0.004733166,0.147092595,0.00389691093,-0.0200559478,0.00192637113,-4.28378296,20.5116348,-45.8166199,2
27.024821,-0.0337991006,-0.00818465407,0.0289990353,-0.998974282,0.0183551401,0.0671045211,-0.0586574226,0.179587227,-0.657576751,-9.7829301,-0.0248614695,0.0138342449,0.192656661,-0.0121457502,-0.0314862505,-0.001329188,-4.26332855,20.7759933,-45.9678345,2
27.034779,-0.0336944907,-0.00798765476,0.0289947984,-0.998979516,0.0179540703,0.0669069184,-0.0586334025,0.175665907,-0.655643298,-9.78313118,-0.0293198737,0.0778910489,0.173704124,-0.0252053607,-0.0502796471,-0.00895488355,-4.30858612,20.479805,-45.7505493,2
27.044736,-0.0335162976,-0.00771104203,0.0290025137,-0.998987509,0.0173899719,0.066566596,-0.0586265352,0.170151089,-0.65231335,-9.7834515,-0.0817147902,0.0741120419,0.110577513,-0.0383208133,-0.0616158098,-0.0119265867,-4.27625275,20.5913162,-45.6496887,2
27.054694,-0.0333041352,-0.00738425281,0.0290437675,-0.99899598,0.0167256036,0.0661607176,-0.058683056,0.163655663,-0.648341743,-9.78382617,-0.0382588756,0.05876805,-0.0478133061,-0.0399101861,-0.0733273253,-0.0108757038,-4.43648529,20.5500259,-45.7154541,2
27.064652,-0.0331018287,-0.00701317461,0.0290655539,-0.999004625,0.0159718514,0.065777499,-0.0586981098,0.156284988,-0.644591816,-9.78419442,-0.0198150181,0.0509779076,-0.143961312,-0.0348361582,-0.0760725364,-0.00934008136,-4.4491272,20.7455826,-45.5299072,2
27.074609,-0.0329482009,-0.00667263381,0.0291078414,-0.999010812,0.0152835253,0.0654895687,-0.0587574873,0.149553067,-0.641774274,-9.78448493,-0.03672583,0.0435216002,-0.165068982,-0.0189690441,-0.0610864051,-0.0152456407,-4.47944641,20.599968,-45.5498047,2
27.084567,-0.0328979086,-0.00639779899,0.0291984005,-0.999011628,0.0147361228,0.0654037946,-0.0589200186,0.144197806,-0.640934974,-9.78462054,-0.0536665713,0.0536057719,-0.237058698,0.00261582015,-0.0522733144,-0.0202955063,-4.6563797,20.6603622,-45.8757019,2
27.094525,-0.0329480366,-0.00618693419,0.0293145339,-0.999007952,0.0143245252,0.065514824,-0.0591398679,0.140169445,-0.642021454,-9.78460768,-0.059364655,0.0386810283,-0.178563254,0.0196635127,-0.0275964607,-0.0201844536,-4.69185638,20.5102463,-45.6548767,2
27.104482,-0.0330696191,-0.00615325034,0.0293619516,-0.999002679,0.0142675246,0.0657593167,-0.0592348954,0.139609473,-0.644413902,-9.78445804,-0.0412970743,-0.0184822168,-0.142200732,0.0301436875,0.0114970021,-0.015573632,-4.48141479,20.5854721,-45.6679382,2
27.11444,-0.0332185254,-0.00627013412,0.0293780564,-0.998996604,0.0145116277,0.0660499939,-0.0592776153,0.141995163,-0.647258332,-9.78423592,0.0115335028,-0.0570874765,-0.12491525,0.0292991977,0.0369959697,-0.0115898084,-4.47380829,20.6133804,-45.6880188,2
27.124398,-0.0333677839,-0.00649758352,0.0293727824,-0.998990291,0.0149757507,0.066335119,-0.0592849038,0.146533464,-0.650048328,-9.78398458,-0.0132058839,-0.0924550694,-0.0123404261,0.0302453898,0.0513650477,-0.00749560306,-4.47519684,20.5901108,-45.8672791,2
27.134355,-0.0335250535,-0.00671129288,0.0294148353,-0.998982377,0.0154160177,0.0666363565,-0.0593864213,0.150837993,-0.652995926,-9.78372271,-0.0167622246,-2.41845932E-05,-3.27332258E-05,0.0289471,0.0336941779,-0.0137015674,-4.47519684,20.5901108,-45.8672791,2
27.144313,-0.0336481295,-0.00682675595,0.0294851805,-0.998975482,0.0156594075,0.0668745715,-0.0595375315,0.153216805,-0.65532678,-9.78352982,-0.0359004577,0.031635786,0.0440676898,0.0166461263,0.0127639137,-0.0230344087,-4.54449463,20.609993,-46.1398621,2
27.154271,-0.0336666594,-0.00685092605,0.0295719867,-0.998972055,0.0157147554,0.0669088245,-0.0597134858,0.153757953,-0.65566193,-9.78349884,-0.0156419702,0.051274114,0.0895259571,-0.00717931194,-0.00333968829,-0.0277316924,-4.43334198,20.6086349,-45.9925842,2
27.164228,-0.033584278,-0.00680302696,0.0296584679,-0.998972578,0.0156196044,0.0667455579,-0.0598819803,0.15282871,-0.654064432,-9.78362042,0.00414162072,0.000745046214,0.085008772,-0.0205009766,-0.0159432739,-0.0190392397,-4.51390076,20.7266769,-46.3486938,2
27.174186,-0.0334802349,-0.00672023066,0.029699254,-0.998975428,0.0154501725,0.0665417872,-0.0599561632,0.151173106,-0.652070554,-9.78377941,0.0173193105,-0.0382093191,0.0185790283,-0.0188301094,-0.0163717754,-0.00852161739,-4.59302521,20.9503555,-46.4578857,2
27.184143,-0.03340856,-0.00667010863,0.0297004678,-0.99897815,0.0153455041,0.066401417,-0.0599538697,0.150150458,-0.650697074,-9.78388638,0.00038544652,-0.0481120698,-0.00660217474,-0.007917054,-0.00271945354,0.000342973042,-4.60306549,20.7757797,-46.0897217,2
27.194101,-0.0334072276,-0.00669228151,0.0296479501,-0.99897962,0.0153863276,0.066398232,-0.0598500655,0.150549896,-0.650665875,-9.78388229,-0.0176712292,-0.0186646607,-0.0247124165,0.0036945946,0.00852920674,0.00252942834,-4.48279572,20.644783,-45.8989258,2
27.204059,-0.0334455552,-0.00674390572,0.029578771,-0.998980057,0.0154874333,0.066472875,-0.0597156001,0.15153835,-0.651396235,-9.78381857,-0.0117763534,0.0280044437,-0.0325578693,0.00893028546,0.0122508593,0.00474772416,-4.41832733,20.4672165,-45.6896667,2
27.214016,-0.0334885622,-0.00679821463,0.0295261011,-0.998979781,0.015595291,0.0665564708,-0.0596144972,0.152592764,-0.652214274,-9.78374785,-0.0164220512,0.0472278343,0.00418225412,0.00661333557,0.00887929648,-0.00030828733,-4.46286774,20.4943008,-45.8263245,2
27.223974,-0.0335092681,-0.00679502024,0.0294986883,-0.998979892,0.0155883231,0.0665985022,-0.05955975,0.152524165,-0.652625485,-9.78372096,-0.0236857129,0.0510807834,-0.037144028,0.00227243081,-0.0103200376,-0.0071532689,-4.41540527,20.5080185,-45.6824646,2
27.233932,-0.0334796216,-0.00671088969,0.0294970695,-0.998981577,0.0154179451,0.0665442475,-0.0595503264,0.150857775,-0.652094666,-9.78378233,-0.00271607229,0.0330423648,-0.044714171,-0.0129573885,-0.0248763431,-0.00708029792,-4.41998291,20.4444504,-45.6356201,2
27.243889,-0.0333876895,-0.00656909361,0.0295023375,-0.998985394,0.0151287702,0.066368734,-0.0595496783,0.148030269,-0.650377268,-9.78394016,0.0120824511,0.0130691057,-0.0276478854,-0.0221742783,-0.031821765,-0.000941630919,-4.56620789,20.5611801,-45.8273926,2
27.253847,-0.0332841254,-0.0064201366,0.0294886639,-0.998990189,0.0148232979,0.066170665,-0.0595104293,0.145043454,-0.648439139,-9.78411317,0.00130261616,0.0154704678,-0.0199929867,-0.0178442448,-0.0292243827,0.00498496741,-4.64984894,20.6111679,-45.9430237,2
27.263805,-0.0332181167,-0.00633372492,0.0294477762,-0.998994224,0.0146435557,0.0660443874,-0.0594215389,0.143286025,-0.64720346,-9.78422131,-0.0267178471,0.0498485382,-0.0314069457,-0.0105317449,-0.00433572615,0.00697344542,-4.62055206,20.5454483,-45.923645,2
27.273762,-0.0332002626,-0.00639646103,0.0293689212,-0.998996613,0.0147628805,0.0660061042,-0.0592673107,0.14445389,-0.646828854,-9.78422891,-0.0379114322,0.0826934808,-0.0562391891,0.000826103846,0.0305777807,0.00165484613,-4.45787048,20.6953812,-46.087616,2
27.28372,-0.0332505502,-0.00662149173,0.029328143,-0.998994694,0.0152138276,0.0660939647,-0.059201416,0.148865185,-0.647688613,-9.78410558,-0.0655165653,0.09163367,-0.115020464,0.0196348429,0.0602950789,0.00160921575,-4.55007172,20.6346817,-45.8616028,2
27.293678,-0.0333992205,-0.00694248449,0.0292817608,-0.99898893,0.0158624974,0.066373049,-0.0591326393,0.155208938,-0.650419426,-9.78382617,-0.0606374789,0.0641377603,-0.166775201,0.0363717452,0.0668658912,0.000212920131,-4.50522614,20.5729752,-45.9025574,2
27.303635,-0.0335922364,-0.00725249842,0.029225332,-0.998981917,0.0164911798,0.0667416986,-0.0590440916,0.161355861,-0.654026657,-9.78348598,-0.0416452849,0.0765736097,-0.152001995,0.0368663333,0.057277903,-0.00335094566,-4.37322998,20.5639877,-46.0402222,2
27.313593,-0.0337536273,-0.00748709972,0.0292377918,-0.9989744,0.0169715536,0.0670504358,-0.059088118,0.166052129,-0.657047612,-9.78320483,-0.0512796122,0.0519116082,-0.0797083275,0.0246562697,0.0397284701,-0.00987089705,-4.52031708,20.5848312,-46.1161194,2
27.323551,-0.0338457612,-0.00764379698,0.0292700225,-0.998969187,0.0172930883,0.0672248991,-0.0591651946,0.169195779,-0.658754635,-9.78303648,-0.0918326449,0.0485308797,0.0188835642,0.0131225791,0.0216960944,-0.014736711,-4.44047546,20.5862427,-46.238739,2
27.333508,-0.0338806386,-0.00769151613,0.0293228465,-0.998966051,0.0173943221,0.0672909127,-0.0592750194,0.170185393,-0.659400532,-9.78297569,-0.0636429443,0.0358590297,0.0264542917,0.00284703844,-0.00313415378,-0.0159338024,-4.47920227,20.7355652,-46.2060547,2
27.343466,-0.0338706204,-0.00762519566,0.0293644064,-0.998965666,0.0172637056,0.0672740885,-0.0593536326,0.168907756,-0.659235916,-9.78300901,-0.0393211163,0.0651730217,0.0528238277,-0.00367899169,-0.0191650353,-0.0148015814,-4.39878845,20.5737762,-46.040863,2
27.353424,-0.0338402446,-0.00752497739,0.0294034648,-0.998966386,0.0170638016,0.0672186209,-0.0594245287,0.166952731,-0.658693187,-9.78307915,-0.0539758473,0.0429329136,0.0894055456,-0.00441722013,-0.0206771791,-0.00808535516,-4.4757309,20.5328827,-45.9315186,2
27.363381,-0.033800898,-0.00743570835,0.0294027493,-0.9989684,0.0168825973,0.06714524,-0.0594162649,0.165180808,-0.657975175,-9.78315748,-0.00865939953,-0.0375419413,0.131681676,-0.0101088453,-0.0137370434,0.00415488752,-4.50157928,20.4669037,-45.7861633,2
27.373339,-0.0337118338,-0.00743172774,0.0293142827,-0.998974015,0.01686328,0.0669688264,-0.0592368315,0.164993779,-0.656249082,-9.78327672,0.0048453942,-0.0676992522,0.214999426,-0.0242475681,0.0155979432,0.0155849084,-4.43690491,20.5870514,-46.0717468,2
27.383297,-0.0335611667,-0.00758301878,0.029207344,-0.99898107,0.017149978,0.0666603384,-0.0590294596,0.167802078,-0.653230538,-9.78343045,-0.000656381549,-0.068173884,0.255406255,-0.0345191322,0.0421060659,0.0150000751,-4.46018219,20.5591888,-46.2941284,2
27.393254,-0.0333905895,-0.0078009259,0.0290995969,-0.998988185,0.0175688819,0.0663081809,-0.058824378,0.171904399,-0.649784709,-9.78358886,-0.104118089,-0.0478273346,0.209475694,-0.0323483907,0.0445194244,0.0117259845,-4.35212708,20.3933868,-45.9758911,2
27.403212,-0.033249464,-0.00799527071,0.0290011134,-0.998994245,0.0179430475,0.0660162437,-0.0586368178,0.175568474,-0.646928077,-9.78371336,-0.138008943,0.0235362123,0.0852513486,-0.0260615386,0.0332860947,0.00632380974,-4.29677582,20.4682312,-45.9050598,2
27.41317,-0.0331518265,-0.00812281807,0.0289686286,-0.998997407,0.018190457,0.0658140655,-0.0585779837,0.177991427,-0.64494969,-9.78379987,-0.157640256,0.0508868683,-0.0539741668,-0.0146096805,0.017441351,-0.00399833638,-4.33216858,20.3520355,-45.8626404,2
27.423127,-0.0331074299,-0.00816697141,0.0289970672,-0.998997676,0.0182780842,0.0657221579,-0.0586368964,0.178849834,-0.64405033,-9.78384371,-0.179148616,0.0245490426,-0.143563837,-0.00295713637,0.000714974245,-0.0152172334,-4.36824036,20.3799744,-45.7591248,2
27.433085,-0.0330932661,-0.00813461828,0.0291273942,-0.998994703,0.0182210318,0.0656933557,-0.0588956362,0.178291981,-0.643768444,-9.78387235,-0.185623749,0.0241175924,-0.167776487,-0.00152701885,-0.0143105807,-0.0268075764,-4.60803986,20.4015808,-45.7383728,2
27.443042,-0.0330739393,-0.00801536618,0.029301577,-0.998991196,0.0179925358,0.0656585887,-0.0592364365,0.176056806,-0.643428252,-9.78393548,-0.179946909,0.0341023222,-0.117285486,-0.00552767608,-0.035771504,-0.0353472494,-4.59220123,20.5811768,-45.957489,2
27.453,-0.0330241786,-0.0078149662,0.0294996699,-0.998988515,0.0176012557,0.0655674424,-0.0596191735,0.172229557,-0.642536345,-9.78406174,-0.179411688,0.0492216385,-0.0555079522,-0.0164282601,-0.0455429107,-0.0376207903,-4.56641388,20.5131989,-46.2087097,2
27.462958,-0.0328893913,-0.00761517205,0.0296933766,-0.998988773,0.0172056615,0.0653064363,-0.059991402,0.168361904,-0.639982203,-9.78429671,-0.164021939,0.0617809681,-0.0281891527,-0.0359005034,-0.0375886708,-0.0360323489,-4.5979538,20.6109924,-46.4433289,2
27.472915,-0.0327003211,-0.00746752546,0.0298711631,-0.998990806,0.0169100135,0.0649341351,-0.0603340894,0.165473215,-0.636338951,-9.78458371,-0.153202438,0.070258289,-0.0313438173,-0.040144518,-0.0216786824,-0.031384334,-4.59288788,20.4703674,-46.057373,2
27.4828733,-0.0325220641,-0.00740686634,0.030017116,-0.998992715,0.0167870273,0.0645788221,-0.0606189344,0.16427363,-0.632861777,-9.78482921,-0.15394816,0.10493885,-0.0882592982,-0.0298814587,-0.00415675528,-0.028391229,-4.59288788,20.4703674,-46.057373,2
27.4928313,-0.0324120334,-0.00741128276,0.0301400255,-0.998992514,0.0167969917,0.0643564205,-0.0608632375,0.164373492,-0.63068531,-9.78496833,-0.16242771,0.117576432,-0.143187405,-0.0117479945,0.0101675894,-0.0273059923,-4.55882263,20.7050018,-46.0058594,2
27.5027883,-0.03237849,-0.00750822794,0.0302709505,-0.998988956,0.0169974509,0.0642812054,-0.0611311453,0.166335768,-0.62994925,-9.78498236,-0.153167184,0.0858653157,-0.140180624,-0.00197717501,0.0334037393,-0.0208989084,-4.67390442,20.6388702,-46.1118774,2
27.5127463,-0.0323948284,-0.00772211829,0.0302919062,-0.998986114,0.0174280767,0.0643004318,-0.0611872415,0.170549221,-0.630137393,-9.7848976,-0.0854049317,0.00240611129,-0.11153496,0.00389003498,0.0558837466,-0.00733915716,-4.45502472,20.7759094,-45.961853,2
27.5227043,-0.0324170516,-0.00801858612,0.0302686702,-0.998983778,0.0180215641,0.0643271484,-0.0611602383,0.176356099,-0.630398821,-9.78477778,-0.0213310669,0.00386463954,-0.0220212777,0.00138108665,0.067612052,0.00672816485,-4.53624725,20.5654449,-46.1053467,2
27.5326613,-0.0324120114,-0.00834345219,0.0302424562,-0.99898217,0.0186700194,0.0642976839,-0.0611285041,0.182701395,-0.630110505,-9.78468016,-0.0219901336,0.0673218703,0.0693090985,-0.0106444173,0.0649880394,0.0022897406,-4.65584564,20.7666016,-46.0262146,2
27.5426193,-0.0323366788,-0.00863093874,0.0302332162,-0.998982424,0.0192403309,0.0641296131,-0.0611267281,0.188283725,-0.628465661,-9.78468016,-0.0829383407,0.0757028182,0.112404728,-0.0219722353,0.0493646711,-0.00918779895,-4.47342682,20.6576691,-45.7801514,2
27.5525773,-0.0321840646,-0.00880870656,0.030283182,-0.998984212,0.0195899117,0.0638125325,-0.0612346574,0.191708128,-0.62536258,-9.78481226,-0.101775472,0.0857678467,0.105654085,-0.0397464372,0.024615651,-0.0153375706,-4.53295898,20.8310699,-45.8554993,2
27.5625343,-0.0319442941,-0.00887987036,0.0303879022,-0.998988181,0.0197240235,0.0633265807,-0.0614433695,0.193026371,-0.620606618,-9.78508933,-0.0739143456,0.0973223832,0.0818389098,-0.055912938,0.00268787472,-0.0288779624,-4.52905273,20.6624908,-45.9555664,2
27.5724923,-0.0316440274,-0.00883284911,0.0305902016,-0.998991937,0.0196237328,0.0627249822,-0.0618386803,0.192052302,-0.614718656,-9.78548037,-0.0717431938,0.0438495901,-0.049600774,-0.0610349961,-0.0217050835,-0.0386099517,-4.66850281,20.7148895,-46.3112183,2
27.5824503,-0.0313628625,-0.00868812596,0.0307816757,-0.998996197,0.0193281518,0.0621679279,-0.0622067289,0.189166481,-0.609266491,-9.78587726,-0.0378823887,0.00023987317,-0.200486917,-0.047948774,-0.0404283516,-0.040462181,-4.46818542,20.7836609,-46.2989197,2
27.5924073,-0.0311808927,-0.00850635352,0.030980259,-0.99899732,0.0189649856,0.0618115511,-0.0625891694,0.18561668,-0.60577832,-9.78616192,-0.00290867225,-0.0515812438,-0.27816403,-0.0223771017,-0.0337185189,-0.0338657983,-4.59373474,20.7760468,-46.3850098,2
27.6023653,-0.0311273487,-0.00840936351,0.0311245839,-0.998995373,0.0187763206,0.0617078338,-0.0628711495,0.183771545,-0.604763152,-9.78625954,0.00806435625,-0.121878623,-0.248737445,0.000155427493,-0.00421804516,-0.0253666081,-4.53622437,20.7829437,-46.1748657,2
27.6123233,-0.0311671004,-0.00847743397,0.0312252595,-0.998990424,0.0189213783,0.0617811442,-0.0630779891,0.185190271,-0.605480726,-9.78618823,-0.00936562984,-0.140913176,-0.118773094,0.0127196889,0.030656049,-0.0200852938,-4.5383606,20.7477722,-46.0397644,2
27.6222803,-0.0312456744,-0.00868313584,0.0313341472,-0.998982811,0.0193450014,0.0619231922,-0.0633107175,0.189334239,-0.606871048,-9.78602281,-0.0408932793,-0.0917884222,-0.018531682,0.0146754775,0.0500379018,-0.0189473294,-4.66213989,20.6951294,-46.1721191,2
27.6322383,-0.0312928156,-0.00890652652,0.0314249126,-0.998976497,0.0198009077,0.0620015176,-0.0635075464,0.193794798,-0.607637685,-9.78588778,-0.0746827727,-0.0353566697,0.0281698634,-0.00109709427,0.036330346,-0.0214797296,-4.54878235,20.672699,-45.7082825,2
27.6421963,-0.0312417124,-0.00906865179,0.0315106801,-0.998973873,0.0201274762,0.0618872877,-0.063688222,0.196991932,-0.60651964,-9.78589363,-0.115289307,-0.015675087,0.0498725767,-0.0228116568,0.0253981762,-0.0193156656,-4.47472382,20.7250366,-45.7351685,2
27.6521533,-0.0310964851,-0.00916651394,0.0315657527,-0.998975785,0.0203173363,0.0615895055,-0.0638011007,0.198853543,-0.603604958,-9.78603625,-0.125829899,0.0201663705,-0.0174713593,-0.0416788198,0.0106104426,-0.0115211252,-4.41976929,20.6453094,-45.4850464,2
27.6621113,-0.0308187902,-0.00921391976,0.0315388739,-0.998984821,0.0203924904,0.061031696,-0.0637433955,0.199595849,-0.598144976,-9.78635598,-0.116546486,0.0474770598,-0.0726665923,-0.0658836886,0.00409024907,0.00116535742,-4.32769775,20.8342743,-45.6829224,2
27.6720693,-0.0304946469,-0.00921130457,0.0315057845,-0.998995841,0.0203641456,0.0603843216,-0.0636690575,0.199326293,-0.591808101,-9.78674703,-0.0706374611,0.00941701297,-0.136321026,-0.0616242215,-0.00917708687,0.000898508355,-4.40976715,20.8394928,-45.8752747,2
27.6820263,-0.0302711568,-0.00915437655,0.0314639669,-0.999004493,0.0202331442,0.0599418664,-0.0635764408,0.198049497,-0.58747694,-9.78703403,-0.0404806068,-0.0260388062,-0.306321619,-0.0253081676,-0.0145548536,0.00680666417,-4.44271088,20.9569702,-45.8916016,2
27.6919843,-0.0302518949,-0.00908259172,0.0314379596,-0.999006539,0.0200866359,0.0599084344,-0.063519567,0.196616012,-0.587149681,-9.78708255,-0.0309666911,-0.009905929,-0.422840797,0.0187959112,-0.0133846607,0.00558134355,-4.5966568,21.0408936,-46.2390442,2
27.7019413,-0.0304663838,-0.00906883996,0.0314129247,-0.999000883,0.0200715066,0.0603387375,-0.0634737155,0.196462849,-0.591361892,-9.78683179,-0.0849823406,-0.00419734209,-0.357999199,0.0651815757,0.0141112525,-0.00298926141,-4.5195694,21.0695038,-46.1353455,2
27.7118993,-0.030858782,-0.00908007797,0.0313989966,-0.998989249,0.0201185948,0.0611230246,-0.0634559176,0.1969143,-0.599038929,-9.78635598,-0.115660588,-0.0111847898,-0.304605463,0.0876900777,-0.00127675768,0.00595523138,-4.47144318,20.8417969,-46.0393372,2
27.7218573,-0.0312642212,-0.00906378472,0.0313279551,-0.998978918,0.0201078559,0.0619362875,-0.0633223222,0.196799351,-0.606999241,-9.78586791,-0.0194782969,0.125314223,-0.0436766446,0.0703424588,-0.000247553457,0.00547321979,-4.30173492,20.6795959,-45.9362793,2
27.7318143,-0.0315378288,-0.00901188087,0.0312989005,-0.998971747,0.0200198348,0.0624873335,-0.0632674607,0.195931244,-0.612392697,-9.78554934,-0.0772681495,0.0953931687,0.0805032773,0.0364683829,-0.0210151486,-0.000664301682,-4.41403961,20.6576233,-46.0292358,2
27.7417723,-0.0316044209,-0.0088292675,0.0312621746,-0.998972488,0.0196562415,0.0626327916,-0.0631840332,0.192371524,-0.613816373,-9.78553064,-0.0316602446,0.0435458579,0.207227623,-0.0101485271,-0.052336365,0.00503160013,-4.35363007,20.7488556,-46.0169373,2
27.7517303,-0.0314228792,-0.00853531531,0.031184329,-0.998983164,0.0190511731,0.0622897916,-0.0630054354,0.186454573,-0.610459245,-9.78585505,-0.0101810013,0.121890898,0.257531577,-0.0558302626,-0.0638934225,0.00201557018,-4.27685547,20.8665161,-46.0344238,2
27.7616873,-0.0310845969,-0.00822370746,0.0311640318,-0.998997013,0.018404343,0.0616332844,-0.0629377765,0.180132092,-0.60403345,-9.78637235,-0.0625164427,0.0526173088,0.147915018,-0.0717882365,-0.0645613596,-0.00748563465,-4.38410187,20.7921448,-45.8822632,2
27.7716453,-0.0307656578,-0.00796003726,0.0311669873,-0.999008886,0.017856213,0.0610119957,-0.0629204909,0.174774529,-0.597952157,-9.78684289,-0.0793052448,0.00763020262,-0.0440484006,-0.0473137833,-0.045192983,-0.00628295122,-4.43875885,20.8317108,-45.6808777,2
27.7816033,-0.0306374749,-0.00782213685,0.0311596213,-0.999014116,0.0175714868,0.0607644568,-0.0628945628,0.171990543,-0.595529131,-9.78703988,-0.0540756361,0.0346857847,-0.174634682,-0.00226943637,-0.00916097872,0.00133746164,-4.57737732,20.9946594,-45.8077393,2
27.7915603,-0.0307326092,-0.00787623191,0.031096807,-0.999012751,0.0176820399,0.0609524203,-0.0627740437,0.173070538,-0.597368987,-9.78690894,-0.0725135937,0.0226094163,-0.169378662,0.0385842547,0.0285528433,0.0108830296,-4.49230194,20.9403687,-45.8101501,2
27.8015183,-0.0309958519,-0.0080639536,0.030985543,-0.999006594,0.0180678369,0.0614690913,-0.0625683287,0.176840686,-0.602426307,-9.78653134,-0.0477029593,0.0344003918,-0.0292465528,0.0625598952,0.0485718288,0.0138766887,-4.40576172,20.706665,-45.7156067,2
27.8114763,-0.0313351685,-0.00831288114,0.0309080228,-0.998996364,0.0185830188,0.0621335401,-0.0624359354,0.181875027,-0.608929916,-9.78603625,-0.0666535973,0.0528750099,0.06153788,0.0680671185,0.0542290285,0.0135866245,-4.56589508,20.7304993,-46.0585632,2
27.8214333,-0.0316588173,-0.00858180366,0.0308416818,-0.998985955,0.0191378752,0.0627652755,-0.0623271877,0.187297454,-0.615113062,-9.78554759,-0.0572619015,0.0493316747,0.185547122,0.0562686436,0.0559432581,0.0101119308,-4.55489349,20.668335,-46.0006104,2
27.8313913,-0.0318956053,-0.00883354633,0.0308201366,-0.998976949,0.019655606,0.0632235581,-0.0623054203,0.192358153,-0.619598318,-9.78516648,-0.0763885171,0.0509738159,0.19534137,0.0346243344,0.0471020937,0.00454698969,-4.61631012,20.5561676,-46.0272522,2
27.8413493,-0.0320261297,-0.0090291769,0.0308146076,-0.998971166,0.020055247,0.0634725099,-0.0623098526,0.196265591,-0.622034824,-9.78493443,-0.0870296468,0.0517643818,0.164134331,0.0148970243,0.0332503021,-0.00306434557,-4.61631012,20.5561676,-46.0272522,2
27.8513063,-0.0320602574,-0.00915890093,0.0308448627,-0.998967863,0.0203190725,0.0635320542,-0.0623795421,0.198846346,-0.622617592,-9.784845,-0.0794350452,0.0487557745,0.0667804569,-0.00387879414,0.0196585935,-0.00689849863,-4.53829193,20.6306915,-46.1135864,2
27.8612643,-0.0320004073,-0.00920653039,0.0308490188,-0.998969262,0.0204108781,0.0634093052,-0.0623894376,0.199746199,-0.621416254,-9.78490286,-0.065371138,0.0246598825,-0.0608025515,-0.0201237183,-0.00263842638,-0.00372085883,-4.37365723,20.6677246,-46.0375366,2
27.8712223,-0.0318785793,-0.00914501639,0.0308227873,-0.998974546,0.0202782838,0.0631700332,-0.0623300118,0.198451794,-0.619074513,-9.78507764,-0.0634782004,0.00241641349,-0.10776304,-0.0267661754,-0.0206571091,0.00586305838,-4.40271759,20.7525635,-46.1252136,2
27.8811793,-0.0317597299,-0.0090164017,0.0307804912,-0.99898079,0.0200105409,0.0629412113,-0.0622342747,0.195834725,-0.61683499,-9.7852717,-0.0382658351,0.0434220854,-0.148420045,-0.0184980128,-0.0322602876,0.00866493024,-4.4690094,20.5918884,-46.164093,2
27.8911373,-0.0316944914,-0.00884115445,0.0307293564,-0.998986011,0.0196523124,0.0628226566,-0.0621192329,0.19233079,-0.615674641,-9.78541432,-0.0575068161,0.0422618094,-0.192121239,-0.00427912967,-0.0359239951,0.0056166756,-4.35920715,20.5830994,-45.9985046,2
27.9010953,-0.0316863292,-0.00867797878,0.0306742751,-0.998989343,0.0193216363,0.0628175342,-0.0619984107,0.189095023,-0.615624519,-9.78548096,-0.0719283046,0.027696766,-0.160332016,0.00247380091,-0.0292505715,0.011144991,-4.36894226,20.5597839,-45.7998047,2
27.9110523,-0.0317025633,-0.00858164118,0.0306028475,-0.99899192,0.0191252914,0.0628573477,-0.0618496075,0.187173225,-0.616014176,-9.78549323,-0.0174837073,-0.000344721784,-0.100913613,0.00485120481,-0.00706191268,0.016207926,-4.51858521,20.8595581,-46.1435242,2
27.9210103,-0.0317398511,-0.00859707915,0.0304564797,-0.998995053,0.0191493248,0.0629337698,-0.061558144,0.187407509,-0.616762144,-9.78544179,-0.016969803,-0.0132137749,-0.0345259545,0.0109090786,0.0148745356,0.0233055428,-4.30848694,20.789444,-45.6259766,2
27.9309673,-0.031817591,-0.00869606237,0.0303034563,-0.998996326,0.0193427163,0.0630861088,-0.0612595519,0.189298108,-0.618253114,-9.78531086,-0.0324774062,0.0268836961,0.0117313543,0.0201755483,0.0268486403,0.0250792075,-4.38391876,20.6921997,-45.4019775,2
27.9409253,-0.0319532474,-0.00881840495,0.0302012544,-0.998994129,0.0195896744,0.0633519276,-0.0610656759,0.191711435,-0.620854674,-9.78509926,-0.0419237183,0.0356204717,0.0034393268,0.0308383927,0.0238501281,0.0206629783,-4.55631256,20.5714569,-45.6252747,2
27.9508833,-0.0321099744,-0.00888164086,0.0301003997,-0.998991493,0.0197196377,0.0636634972,-0.0608712883,0.192979317,-0.623903979,-9.78488065,-0.0551625911,0.0729367875,-0.00500993712,0.0282873511,0.00557631487,0.0219391622,-4.49211884,20.6306915,-45.7744141,2
27.9608403,-0.0322077142,-0.00887429242,0.0299780051,-0.998992117,0.019703179,0.0638618375,-0.0606278707,0.192815834,-0.625845103,-9.78475966,-0.0409331729,0.0735311002,0.0443991137,0.011435641,-0.00209848117,0.0223776773,-4.40791321,20.5869904,-45.4656677,2
27.9707983,-0.0322090519,-0.00884548978,0.0298458487,-0.99899625,0.0196371333,0.0638688556,-0.0603612361,0.192169499,-0.625913784,-9.78476784,-0.00946149143,-0.00451104768,0.0491962848,-0.00953515433,-0.00765969418,0.0286888368,-4.40052032,20.5264282,-45.6033936,2
27.9807563,-0.0321042284,-0.00881381529,0.0296954258,-0.999004462,0.0195576446,0.0636640725,-0.0600553317,0.191394222,-0.623909605,-9.78491105,0.00418260118,-0.0244717396,0.0758253486,-0.0310328249,0.000543252099,0.0348880515,-4.49980164,20.5927734,-45.8645935,2
27.9907133,-0.0319089217,-0.00884277129,0.0295113282,-0.999015906,0.0195919462,0.0632753316,-0.0596836955,0.191734596,-0.620105025,-9.78514661,0.0210505695,-0.0330646497,0.083392569,-0.0453174859,0.0108299777,0.0360696949,-4.4690094,20.7259674,-45.9631348,2
28.0006713,-0.0317044297,-0.00893295951,0.0293624788,-0.999026066,0.0197506548,0.0628639125,-0.0593863285,0.193292603,-0.6160784,-9.7853699,0.0096164628,-0.0839278449,0.0186737208,-0.0354948379,0.0268214084,0.038599126,-4.66526031,20.7613831,-46.0976562,2
28.0106293,-0.031589988,-0.00911671903,0.0291437129,-0.999034318,0.0200978821,0.0626285077,-0.0589568007,0.196693242,-0.613774434,-9.78544705,-0.00321136326,-0.0817426829,-0.0518780713,-0.0116321165,0.0496255271,0.0477729179,-4.46321869,20.6619568,-45.574646,2
28.0205863,-0.0315708162,-0.00939384653,0.0289029245,-0.999039362,0.0206364787,0.062578793,-0.0584912339,0.201964259,-0.613287819,-9.78537048,-0.01686205,-0.0590354687,-0.020680969,-0.00168121606,0.068738766,0.0524201319,-4.51325989,20.6291656,-45.7619629,2
28.0305443,-0.0315703874,-0.0097583249,0.0286289861,-0.999043833,0.0213490306,0.062562464,-0.057965166,0.208937002,-0.613128026,-9.7852337,-0.0382000216,-0.0383957086,0.0923088659,-0.00503067346,0.0825680271,0.0518856347,-4.33402252,20.5973969,-45.5774841,2
28.0405023,-0.0315415335,-0.010149146,0.0283573545,-0.999048537,0.022112805,0.0624880988,-0.0574446302,0.216411667,-0.612400186,-9.7851168,-0.0732080057,-0.000965922423,0.126309335,-0.0139521463,0.0746774748,0.0493458472,-4.26322937,20.6253052,-45.6836853,2
28.0504593,-0.0314542659,-0.0104787575,0.0280847662,-0.999055615,0.0227505909,0.0623008296,-0.0569167784,0.222655037,-0.610567272,-9.78509166,-0.0320162549,0.0256323078,0.145137954,-0.02630868,0.0617414378,0.0549555272,-4.25176239,20.6760101,-45.8118591,2
28.0604173,-0.0313156351,-0.010745394,0.0278285776,-0.999064339,0.0232604253,0.0620143518,-0.0564163892,0.22764784,-0.60776332,-9.78515128,-0.0157605185,-0.00305894918,0.0967149919,-0.0342065133,0.0551353917,0.0478411354,-4.2894516,20.7333069,-45.9361267,2
28.0703753,-0.0311702798,-0.0110017463,0.0276049708,-0.999072319,0.023751435,0.0617144893,-0.0559803293,0.232456738,-0.60482829,-9.78522026,-0.0705483763,-0.056122577,-0.0383387907,-0.0253778696,0.0414595269,0.0417795144,-4.23899841,20.7462463,-45.7278748,2
28.0803323,-0.0310929156,-0.011139558,0.027437398,-0.999077723,0.0240125682,0.0615560646,-0.0556509773,0.235014259,-0.603277626,-9.78525475,-0.0749015483,-0.0156250738,-0.175073074,-0.00794261321,0.0200651363,0.032914605,-4.25857544,20.5770416,-45.7358093,2
28.0902903,-0.0310872719,-0.0111801167,0.0272986049,-0.99908131,0.0240848948,0.0615458691,-0.0553752579,0.235722152,-0.603177819,-9.78524364,-0.0500214288,0.0198889053,-0.253792975,0.002789394,-0.00113708759,0.0257190093,-4.16687775,20.5836182,-45.6500244,2
28.1002483,-0.0310980829,-0.0111370693,0.0272287833,-0.999083386,0.0239950148,0.0615715544,-0.0552330214,0.234842282,-0.603429237,-9.78524948,-0.0361230509,0.0132569565,-0.248849673,0.000740192132,-0.0138631482,0.0186151173,-4.31228638,20.5957642,-45.823822,2
28.1102053,-0.0310915872,-0.0110545922,0.0272022928,-0.999085138,0.0238278736,0.0615637462,-0.0551746851,0.233206863,-0.60335281,-9.78529332,-0.0317941914,0.00195770994,-0.217980488,-0.00259808032,-0.0151662324,0.0143055897,-4.383255,20.5918427,-45.6576233,2
28.1201633,-0.0311147372,-0.0109863596,0.0271749087,-0.999085929,0.0236908819,0.0616144632,-0.0551162484,0.231865641,-0.603849252,-9.78529449,-0.0645703248,-0.00652410454,-0.189997087,0.014700098,-0.0106309988,0.00765401451,-4.27375031,20.6629944,-45.4867554,2
28.1301203,-0.031238764,-0.0109012641,0.0272171544,-0.999081837,0.0235301532,0.0618662179,-0.0551989881,0.230289277,-0.606313414,-9.78517934,-0.108334173,0.00297306099,-0.256999662,0.0352714173,-0.0220189411,-0.00180233782,-4.39370728,20.6467896,-45.7546692,2
28.1400783,-0.0314272917,-0.0107798366,0.0272969186,-0.999075082,0.0233027059,0.0622481278,-0.0553563306,0.228058248,-0.610051468,-9.78499931,-0.12959623,-0.0072052552,-0.164554602,0.0387526415,-0.021973867,-0.00529998168,-4.40086365,20.5499954,-45.7886963,2
28.1500363,-0.0315900786,-0.0106568173,0.0274240492,-0.999067786,0.0230736277,0.0625775874,-0.0556077087,0.225812058,-0.613276056,-9.78484967,-0.0950283357,-0.0303168123,-0.018358079,0.0264488328,-0.0267116297,-0.00671917992,-4.56949615,20.4081802,-45.6033936,2
28.1599933,-0.0316690877,-0.0104865505,0.0275618965,-0.99906336,0.0227458899,0.0627419483,-0.0558753153,0.222602887,-0.614884733,-9.7848222,-0.086282573,-0.0152407507,0.0673567954,0.00564639643,-0.040411979,-0.0117665585,-4.53379059,20.3131943,-45.5376282,2
28.1699513,-0.0316630201,-0.0102476682,0.027684298,-0.999062653,0.0222749271,0.0627404362,-0.0561054025,0.217994589,-0.614869901,-9.78492683,-0.11025504,0.00389803035,0.0804798964,-0.00415323768,-0.0572210513,-0.0160265509,-4.40318298,20.4679031,-45.4771423,2
28.1799093,-0.0316207011,-0.00992942018,0.0278129104,-0.999063556,0.0216433472,0.0626708648,-0.0563420358,0.211815517,-0.614189006,-9.78510569,-0.103627036,-0.00890358355,-0.00553308421,-0.00787041336,-0.0722373575,-0.0117384801,-4.43869019,20.389061,-45.512085,2
28.1898663,-0.031560242,-0.00955308371,0.0278640337,-0.999067723,0.0208895408,0.0625700825,-0.0564193825,0.204440677,-0.613202625,-9.7853243,-0.104033389,0.00447531878,-0.034942134,-0.0108499564,-0.0773634017,-0.00394660374,-4.43869019,20.389061,-45.512085,2
28.1998243,-0.0315015096,-0.00919664383,0.0279189996,-0.999071444,0.0201759134,0.0624716219,-0.0565057999,0.197458764,-0.612238931,-9.78552772,-0.0871753572,0.0106941568,-0.0419213254,-0.0100348564,-0.065524891,0.000865771901,-4.45539856,20.5161057,-45.6443787,2
28.2097823,-0.0314720334,-0.00889729,0.0279613394,-0.999073915,0.019577487,0.0624287582,-0.056571235,0.191603316,-0.611819391,-9.78567034,-0.0394213983,-0.0136673639,-0.101184831,0.000521647977,-0.0553918257,0.0040338682,-4.53272247,20.4899673,-45.6378784,2
28.2197393,-0.0314916728,-0.00862538275,0.0280012132,-0.999074491,0.0190367057,0.0624826599,-0.05663458,0.186310763,-0.612346958,-9.7857399,-0.0208110982,0.0134956606,-0.0913894129,0.00987041928,-0.0489933975,0.00909104943,-4.66545868,20.4583969,-45.7511902,2
28.2296973,-0.031564091,-0.0084074748,0.0280225733,-0.999073416,0.0186059448,0.0626394454,-0.0566653581,0.182093638,-0.613881474,-9.78572295,-0.0252729729,0.0473520452,-0.113552145,0.0214157552,-0.037415307,0.00165896653,-4.60907745,20.6403275,-45.699707,2
28.2396553,-0.0316816062,-0.00823442831,0.0280719282,-0.999069782,0.0182693884,0.0628833936,-0.0567559746,0.178797428,-0.6162691,-9.78563352,-0.0333492206,0.00499788135,-0.134590841,0.0257447232,-0.0300144739,0.00128402305,-4.63491821,20.5624161,-46.0019836,2
28.2496123,-0.0317976778,-0.00810171281,0.0280929572,-0.999066565,0.018011726,0.0631227015,-0.0567922694,0.176273371,-0.618611206,-9.78553181,-0.0219965268,0.00210274443,-0.0456587584,0.021515891,-0.0202952661,0.010505219,-4.66493988,20.6471481,-45.9610901,2
28.2595703,-0.0318725667,-0.00800372961,0.028061592,-0.999065886,0.0178178984,0.0632786147,-0.0567248427,0.174374954,-0.620137174,-9.78546926,-0.035211489,-0.00490063152,0.0373275679,0.00903075002,-0.0173984487,0.0161794573,-4.56104279,20.4749527,-45.9396667,2
28.2695283,-0.0318897175,-0.00791474919,0.0280464022,-0.999066497,0.017639767,0.0633182369,-0.0566891383,0.172631416,-0.620524931,-9.78547569,-0.0191027599,0.00341791868,0.111554249,-0.00193774467,-0.0176165625,0.0244562943,-4.83055878,20.4468918,-46.135498,2
28.2794853,-0.031852151,-0.00781234914,0.028002836,-0.999069676,0.0174297966,0.063249664,-0.0565945613,0.170577498,-0.619853827,-9.78555402,0.0211087477,0.0594594663,0.172684717,-0.0134717468,-0.0197831728,0.0244394541,-4.84262085,20.5649338,-45.9711609,2
28.2894433,-0.0317659539,-0.00769417466,0.0279510361,-0.999074758,0.0171849222,0.0630848398,-0.0564814935,0.168183004,-0.618240692,-9.78569781,0.0116818709,0.0768502346,0.176719087,-0.0206891801,-0.0241126716,0.0218005273,-4.79816437,20.6723862,-46.0558777,2
28.2994013,-0.0316489199,-0.00757177663,0.0279320393,-0.999080003,0.0169319055,0.0628580009,-0.0564333018,0.165709435,-0.616020532,-9.7858796,0.00218443137,0.0936341231,0.119889531,-0.0245131403,-0.0252108481,0.016986018,-4.83561707,20.5578232,-46.2399902,2
28.3093583,-0.0315217702,-0.00742699278,0.0278990218,-0.999086039,0.01663262,0.0626124115,-0.0563554668,0.162783154,-0.613616905,-9.78608009,0.0115451293,0.0680365944,0.00786123489,-0.0236667879,-0.0331153758,0.0135308327,-4.69364166,20.658638,-46.1672363,2
28.3193163,-0.031428536,-0.00725113769,0.0279176216,-0.999089727,0.0162763254,0.0624355423,-0.0563798634,0.15929818,-0.61188577,-9.78624551,0.00799711797,0.03338526,-0.121409288,-0.0116405115,-0.035537526,0.00393133052,-4.72736359,20.5125656,-45.7168884,2
28.3292743,-0.0313914306,-0.00708634055,0.0279461176,-0.999091354,0.0159460201,0.0623701716,-0.0564259429,0.156066358,-0.611245975,-9.78633786,-0.0225891407,0.00551138383,-0.191647192,-0.00219507795,-0.0321822092,-0.00317558087,-4.71237946,20.9092026,-45.8538818,2
28.3392313,-0.0313959741,-0.00690848714,0.0280230069,-0.99909024,0.0155949944,0.0623880936,-0.056568985,0.152630931,-0.611421368,-9.78638112,-0.00763161826,-0.037408853,-0.153595986,0.00404798565,-0.0380884558,-0.00530332932,-4.77681732,20.5778885,-45.606781,2
28.3491893,-0.0314158488,-0.00673647763,0.0280792911,-0.999089249,0.0152552703,0.0624367214,-0.0566713972,0.149305796,-0.611897315,-9.78640275,-0.00819707012,-0.036932906,-0.0597515811,0.00644056965,-0.0291668661,-0.0071949726,-4.71209717,20.9058456,-45.6955261,2
28.3591463,-0.0314424815,-0.00662958455,0.0281116485,-0.999088149,0.0150448158,0.0624955578,-0.0567300447,0.147245658,-0.612473178,-9.78639749,0.00194351702,-0.0222911076,0.014164719,0.0060087149,-0.0158371739,-0.00767015107,-4.59645844,20.8704453,-45.6682129,2
28.3691043,-0.031474794,-0.00655812315,0.028160102,-0.999086218,0.0149066429,0.0625635173,-0.0568232577,0.145892828,-0.613138328,-9.78637644,-0.0122659635,0.000819718885,0.0808814629,0.0107808337,-0.0150747113,-0.0136207184,-4.58571625,20.7991867,-45.2356262,2
28.3790623,-0.0315243251,-0.00649129852,0.0282662492,-0.9990821,0.0147823813,0.0626648134,-0.0570326712,0.144675835,-0.61412975,-9.78633202,-0.0394801337,0.0661553838,0.0160445414,0.0156065729,-0.0125803649,-0.0233032182,-4.62478638,20.5906754,-45.4189453,2
28.3890193,-0.0316236162,-0.00646770652,0.0283936604,-0.999075504,0.0147489408,0.0628628717,-0.057288312,0.144346776,-0.616068244,-9.78621511,-0.0521695376,0.0622579379,-0.113808165,0.0273958538,0.00259672431,-0.023787912,-4.61808014,20.594841,-45.3631897,2
28.3989773,-0.0317811763,-0.00651937879,0.0285190218,-0.999066582,0.0148695311,0.0631731805,-0.0575456722,0.145524049,-0.619105273,-9.78600586,-0.0811794047,0.0259402047,-0.179558695,0.0367194973,0.0176343247,-0.017667789,-4.73819733,20.7003403,-45.647644,2
28.4089353,-0.0319879318,-0.00663921703,0.0286027976,-0.999056817,0.0151269375,0.0635785468,-0.0577250073,0.14803921,-0.62307257,-9.78571652,-0.0910268176,0.0629775574,-0.198702371,0.04562857,0.0357211828,-0.0103859082,-4.64899445,20.5125198,-45.5583191,2
28.4188923,-0.0322342082,-0.00685322176,0.0286386248,-0.999046445,0.0155722276,0.0640582096,-0.0578151666,0.152392008,-0.627766865,-9.78535002,-0.0678462869,0.0299631035,-0.146247377,0.0462841466,0.0505350716,-0.00502449274,-4.58957672,20.3867569,-45.2869873,2
28.4288503,-0.0324281574,-0.00706837409,0.0286376125,-0.999038708,0.0160144037,0.0644337019,-0.0578307645,0.156715068,-0.631441608,-9.7850449,-0.0841403551,0.0207690857,-0.0558715248,0.0291677415,0.0324109271,-0.00604608143,-4.42913055,20.3556442,-45.1031799,2
28.4388083,-0.0325202459,-0.0071141821,0.0286775197,-0.999034254,0.0161141461,0.0646145971,-0.0579155206,0.157689192,-0.633211906,-9.78491514,-0.0994796891,0.061894,0.0153752638,0.00607378781,-0.0140602831,-0.00962974876,-4.53109741,20.4424973,-45.3113403,2
28.4487653,-0.0324728042,-0.00691460471,0.0287469628,-0.999035234,0.015716213,0.0645301794,-0.0580408481,0.153796276,-0.632385757,-9.78503029,-0.0626665005,0.0859076936,0.0171364282,-0.023116855,-0.0669751614,-0.0141808251,-4.55722809,20.3894272,-45.3414612,2
28.4587233,-0.0322580615,-0.0064833808,0.0288296954,-0.999042764,0.0148453849,0.064124475,-0.0581747852,0.145278943,-0.628415392,-9.78541607,-0.0396343104,0.0907659473,-0.00716740741,-0.0557084456,-0.102597371,-0.0102203935,-4.61896515,20.5360641,-45.3943176,2
28.4686813,-0.0319042204,-0.00597173711,0.0288710205,-0.999056019,0.0138026231,0.0634459437,-0.0582185336,0.135080862,-0.621774785,-9.78598657,0.0278749539,0.0669170888,-0.00659691405,-0.0768161267,-0.101643957,-0.00170680089,-4.64350128,20.6027756,-45.2471619,2
28.4786382,-0.0315237592,-0.00552917286,0.0288802403,-0.999070396,0.0128945964,0.0627106363,-0.0582025842,0.126200733,-0.614578224,-9.78655998,0.102595638,-0.0305110197,0.0207610485,-0.0684263259,-0.078064844,0.0145604303,-4.84017181,20.610527,-45.563324,2
28.4885962,-0.0312384766,-0.00525769176,0.0288156197,-0.999082753,0.0123301731,0.0621566546,-0.0580515022,0.120681129,-0.609156126,-9.78696856,0.132206896,-0.0784302338,0.0385275913,-0.0420330688,-0.0275350939,0.0252136085,-4.86249542,20.6467209,-45.5204163,2
28.4985542,-0.0311058855,-0.00526696039,0.0286938341,-0.999090362,0.01233336,0.0618924297,-0.057805942,0.120714301,-0.606569946,-9.78712872,0.0863846269,-0.073983447,0.0488631074,-0.0141843166,0.0289003327,0.0246194098,-4.73931885,20.5154495,-45.369751,2
28.5085112,-0.0310983081,-0.00547063944,0.0285759879,-0.999092755,0.0127333865,0.0618669894,-0.0575822989,0.124629602,-0.606320939,-9.78709482,-0.000729181924,-0.0564255785,0.0613987638,0.0058415886,0.0507331938,0.0166395139,-4.67359924,20.5567245,-45.3927917,2
28.5184692,-0.0311583728,-0.00569356366,0.0285273662,-0.999091078,0.0131801945,0.0619749253,-0.0574996865,0.12900167,-0.607377426,-9.78697266,-0.0987743995,0.0187015221,0.040776247,0.0128485858,0.037334282,0.00291639986,-4.71665955,20.5723495,-45.5292053,2
28.5284272,-0.0312107077,-0.00580456561,0.02857054,-0.999087528,0.0134081754,0.0620726319,-0.0575939629,0.131232115,-0.608333741,-9.78688381,-0.154575097,0.0826552677,0.0143511814,0.00525112031,0.0072245854,-0.0115850447,-4.76564789,20.5665359,-45.4802856,2
28.5383842,-0.0312121894,-0.00577388503,0.0286507708,-0.999085379,0.0133518279,0.0620762921,-0.0577528396,0.130680618,-0.608369579,-9.78688907,-0.168089535,0.0662309332,-0.0191623811,-0.00568654807,-0.0205559377,-0.0189469066,-4.76564789,20.5665359,-45.4802856,2
28.5483422,-0.0311505417,-0.00566475953,0.028747335,-0.999085166,0.0131357262,0.0619580279,-0.0579385119,0.128566603,-0.607212043,-9.78698902,-0.112854171,-0.0387750633,-0.1057026,-0.0151444972,-0.0247240514,-0.0175780412,-4.67706299,20.6420975,-45.7240601,2
28.5582992,-0.0310890462,-0.00552387794,0.0288343865,-0.99908544,0.0128554472,0.0618420825,-0.0581031908,0.12582441,-0.606077157,-9.78709482,-0.032300433,-0.0987175273,-0.159765615,-0.00371159334,-0.0319865085,-0.0133301439,-4.77082062,20.7919235,-45.6135254,2
28.5682572,-0.03110962,-0.00537737629,0.0289420922,-0.999082423,0.0125700362,0.0618903875,-0.0583102628,0.123030697,-0.606549962,-9.78710067,-0.0125976614,-0.0639777109,-0.191183082,0.0134620667,-0.0245411079,-0.0205398537,-4.83869171,20.7149277,-45.5149231,2
28.5782152,-0.0312213658,-0.00528221451,0.029094735,-0.999074986,0.0123956355,0.0621175418,-0.0586120117,0.121322103,-0.608773301,-9.78698435,-0.0524883304,-0.0349692412,-0.227213011,0.0312662795,-0.0138428621,-0.0305712707,-4.83943176,20.6762009,-45.5212708,2
28.5881722,-0.0313816578,-0.00523884815,0.0292849624,-0.999064596,0.0123302558,0.0624383294,-0.058993047,0.120679823,-0.61191306,-9.78679613,-0.107062317,-0.0306323811,-0.231141582,0.0348495655,-0.00337530766,-0.0364206396,-4.81298065,20.5624924,-45.4048462,2
28.5981302,-0.0315377268,-0.00522042058,0.0294559853,-0.999054782,0.0123134666,0.0627494594,-0.0593370929,0.120513152,-0.614958237,-9.78660733,-0.0560188609,-0.0160651457,-0.191975693,0.0274872649,-0.00561333634,-0.0308329239,-4.8142395,20.8580246,-45.7789001,2
28.6080882,-0.031648554,-0.00519383873,0.029571314,-0.999048037,0.0122742029,0.0629712834,-0.0595683004,0.120127222,-0.617129297,-9.78647581,-0.0257054095,-0.0451683445,-0.13749007,0.015954446,-0.00644743862,-0.0233177487,-4.71586609,20.8287735,-45.5891724,2
28.6180452,-0.0317181558,-0.00516765592,0.0296592845,-0.999043311,0.0122315552,0.0631109715,-0.0597440413,0.119708795,-0.618496421,-9.78639456,-0.013315984,-0.0370674556,-0.0537742603,0.0124241868,-0.00266298815,-0.0178874563,-4.74298096,20.8460159,-45.6299133,2
28.6280032,-0.0317879785,-0.00517417044,0.0297341228,-0.999038857,0.0122535779,0.0632493153,-0.0598955406,0.119923269,-0.619850393,-9.7863063,-0.0483960013,0.00229446761,-0.0175005854,0.0150471348,0.00625034561,-0.0204331726,-4.74842834,20.8406296,-45.7391968,2
28.6379612,-0.0319015246,-0.00520712335,0.0298767022,-0.999030888,0.0123355313,0.0634726846,-0.0601851773,0.12072358,-0.622036505,-9.78615783,-0.122219481,0.0576019288,-0.000440729505,0.0290875845,0.00613369932,-0.0295310616,-4.92725372,20.8336563,-45.7637329,2
28.6479182,-0.0320621633,-0.00521541034,0.0300272564,-0.99902108,0.012371566,0.0637916016,-0.0604900027,0.121073754,-0.625157705,-9.78595442,-0.183023247,0.0934937648,-0.0217430453,0.0337284096,-0.00220998446,-0.0324661322,-4.82957458,20.9906235,-45.7904663,2
28.6578762,-0.0321961294,-0.00519425528,0.0301787744,-0.999012408,0.0123471684,0.0640589555,-0.0607944692,0.12083294,-0.627774171,-9.78578958,-0.131606355,0.102095735,-0.0283417129,0.0204779077,-0.00457050418,-0.0275867097,-4.81801605,20.6527023,-45.690033,2
28.6678342,-0.0322407154,-0.00514616349,0.0302832097,-0.999008023,0.0122603466,0.064149771,-0.0610013919,0.119982616,-0.628662937,-9.78574341,-0.0958904689,0.0311584508,-0.0343739788,-0.000198076013,-0.0170785729,-0.021105906,-4.72360992,20.6429825,-45.5601807,2
28.6777912,-0.0322119605,-0.00500118051,0.0303862199,-0.999006565,0.0119749021,0.0640998725,-0.0611980582,0.117189698,-0.628174642,-9.78580829,-0.0803783814,0.031717619,-0.0621411066,-0.0100153871,-0.0402346142,-0.0187501647,-4.83887482,20.6389694,-45.7935181,2
28.6877492,-0.0321636715,-0.00479577673,0.0304697044,-0.999006502,0.0115660069,0.0640148944,-0.0613514302,0.113188938,-0.627343013,-9.78590883,-0.0581218245,0.0412109852,-0.0960083049,-0.0035689401,-0.0427443758,-0.0214783084,-4.78662872,20.7862015,-45.9564209,2
28.6977072,-0.0321973232,-0.00457605842,0.0305818864,-0.999003051,0.0111353969,0.0640944346,-0.0615626782,0.108974462,-0.628121451,-9.78590707,-0.0271222175,0.0108647276,-0.208089208,0.0194371436,-0.0433980636,-0.0199476983,-4.83448792,20.5914841,-45.7745667,2
28.7076642,-0.0323570869,-0.004395611,0.0306712721,-0.998996031,0.0107898546,0.0644241206,-0.0617326025,0.105590765,-0.631347865,-9.78573639,0.0036451607,0.0344418564,-0.223672562,0.046914842,-0.023346588,-0.0145816952,-4.88522339,20.8385239,-46.1822815,2
28.7176222,-0.0326283246,-0.00435965341,0.0307141313,-0.998986027,0.010737626,0.0649683691,-0.0618201807,0.105075966,-0.636673956,-9.78539678,0.0328903983,-0.0066197104,-0.117021282,0.0632557794,0.012699578,-0.00348445773,-4.91591644,20.7254105,-46.1387634,2
28.7275792,-0.0329636151,-0.00448358161,0.0306841318,-0.998975437,0.0110048104,0.065631642,-0.0617731695,0.107685801,-0.64316456,-9.78494378,0.0368646083,-0.0317024945,0.0294704246,0.0684534684,0.0419749096,0.011153074,-4.89881897,20.6786423,-45.9866638,2
28.7375372,-0.0332890258,-0.00475648297,0.0305825742,-0.998966442,0.0115649023,0.0662667971,-0.0615926447,0.113161502,-0.649379781,-9.78447149,0.0463526589,0.0185061092,0.187613991,0.0585387163,0.0732485652,0.0237221774,-4.8879776,20.6731033,-46.2184143,2
28.7474952,-0.0335288685,-0.00512543776,0.0304305942,-0.998961205,0.0123085344,0.0667256404,-0.061316445,0.12043384,-0.653869567,-9.7840857,0.0646683692,0.0596570347,0.334620662,0.0327505283,0.0759500712,0.0289076176,-4.8513031,20.6479568,-46.2029419,2
28.7574522,-0.0336030796,-0.00544916836,0.0302401165,-0.99896282,0.0129486446,0.0668566824,-0.0609575655,0.126695595,-0.655151789,-9.78392087,0.0777098471,0.0859288094,0.408975938,-0.00580772152,0.0546064563,0.0381278321,-4.74984741,20.558403,-45.7521973,2
28.7674102,-0.0334914905,-0.00568250786,0.0299825749,-0.998973082,0.0133917757,0.0666227166,-0.0604550566,0.131033194,-0.652862435,-9.78401673,0.133975477,0.00403232426,0.42837505,-0.0434837267,0.0367603488,0.0428480208,-4.63148499,20.7034988,-45.7789917,2
28.7773682,-0.0331905487,-0.00574055194,0.0297988519,-0.998988194,0.0134773354,0.0660197575,-0.0600854323,0.131875591,-0.646962418,-9.78439725,0.124154815,-0.017579642,0.302311799,-0.0789201632,-0.0138505008,0.0233156607,-4.69650269,20.6553421,-45.7288513,2
28.7873252,-0.0327486317,-0.00556010379,0.0296841165,-0.999007252,0.0130815198,0.0651482225,-0.0598360263,0.128010093,-0.638433951,-9.78500866,0.0998884708,0.0252175164,0.165855164,-0.0948360115,-0.0636854321,0.0134963188,-4.64311981,20.7052841,-45.8814392,2
28.7972832,-0.0322624622,-0.00513366384,0.0296233152,-0.999027155,0.012194206,0.0642020962,-0.0596785395,0.119334975,-0.629175051,-9.78571827,0.134001963,0.044539399,0.0169271694,-0.0942543671,-0.0924309716,0.0160453655,-4.78388977,20.6273575,-45.6591187,2
28.8072412,-0.0317744975,-0.00475014128,0.0295949512,-0.9990455,0.0113949751,0.06324934,-0.0595896158,0.111520676,-0.619850685,-9.78640567,0.0677456486,-0.0210487794,-0.116760586,-0.0966999456,-0.0655410364,0.00640019495,-4.96155548,20.8287125,-45.7241211,2
28.8171982,-0.0313108221,-0.00448111873,0.0296230968,-0.999060631,0.010830113,0.0623376961,-0.059622212,0.105998761,-0.610928104,-9.78702818,-0.0911841635,0.0982681031,-0.0758855543,-0.0837440044,-0.0465267114,-0.0185189564,-4.83524323,20.8523636,-45.4905701,2
28.8271562,-0.030962871,-0.00434932646,0.0297519258,-0.999068149,0.0105532001,0.0616482764,-0.059867152,0.103293028,-0.604180201,-9.78747593,-0.0595983633,0.10274302,-0.180782684,-0.0525466762,-0.0107697789,-0.0213616155,-5.00379181,20.9650345,-45.6831055,2
28.8371142,-0.0307759364,-0.00438640275,0.0298509185,-0.999070801,0.0106221655,0.0612711321,-0.0600651079,0.103970434,-0.600488653,-9.78769571,-0.0031142139,0.0195939044,-0.216027015,-0.0285940766,0.0199223068,-0.0158452094,-4.94291687,20.7963638,-45.6677246,2
28.8470712,-0.0306278342,-0.00454535319,0.0299447925,-0.999071932,0.0109370939,0.0609643564,-0.0602607785,0.107054864,-0.597485855,-9.78784652,0.0424335858,0.0198830966,-0.138663205,-0.0376895703,0.037256822,-0.0226264168,-4.90380859,20.742836,-45.6585388,2
28.8570292,-0.0304125375,-0.00475444336,0.030054817,-0.999074138,0.0113491903,0.0605199089,-0.0604907312,0.11109139,-0.593135331,-9.78806571,0.0419883536,0.0412703142,-0.00885726019,-0.0497326702,0.0419411436,-0.0289839171,-4.79494476,20.7374802,-45.7820435,2
28.8669872,-0.0301585172,-0.00500560725,0.0301752271,-0.999077073,0.0118436403,0.0599952605,-0.0607432467,0.115934757,-0.587999612,-9.78831939,0.0209841166,0.0641168271,0.0427221204,-0.0518882349,0.0540758371,-0.0269588493,-4.79082489,20.7928848,-45.6299744,2
28.8769442,-0.0299668416,-0.00529480604,0.0302915503,-0.999077769,0.0124176918,0.0595929005,-0.060990571,0.121556661,-0.584060885,-9.78848715,-0.0473359343,0.0604773381,-0.0838537567,-0.0253889896,0.0571743324,-0.0246265884,-4.81538391,20.8949661,-45.8688965,2
28.8869022,-0.02993997,-0.00560211813,0.0303764945,-0.999074358,0.0130362604,0.0595193027,-0.0611786288,0.127612052,-0.583340425,-9.78845325,-0.0224163323,-0.00279164001,-0.219160053,0.0129445512,0.0640934929,-0.0171140768,-4.76607513,20.8667984,-45.7249451,2
28.8968602,-0.0300788243,-0.00591865931,0.030423833,-0.999066964,0.0136813627,0.0597769764,-0.0612947302,0.133924514,-0.585862819,-9.78821827,0.0225968947,-0.0334887934,-0.200989605,0.0362292863,0.066615738,-0.0054148687,-4.76607513,20.8667984,-45.7249451,2
28.9068172,-0.0302880229,-0.00626136835,0.0304281399,-0.999058311,0.0143806833,0.0601742665,-0.0613276257,0.140766233,-0.589751899,-9.7878886,0.00243743801,-0.0287018879,-0.0685907211,0.0406256318,0.0718286112,0.00284918677,-4.78610992,20.7872391,-45.8984375,2
28.9167752,-0.0304885065,-0.00656904339,0.0303960333,-0.999051227,0.0150071515,0.0605568187,-0.0612855726,0.146894607,-0.593496639,-9.78757237,0.00379095325,-0.0722426312,-0.0156359605,0.0356985256,0.0535240881,0.00933382194,-4.74381256,20.7543106,-45.6849976,2
28.9267332,-0.0306465945,-0.00675963098,0.0303232307,-0.999047391,0.0153941006,0.0608624208,-0.0611542786,0.150679085,-0.596488039,-9.78733272,-0.00852288627,-0.0209182849,0.0358989964,0.0239097755,0.0262181628,0.0122438585,-4.65169525,20.7726669,-45.7133789,2
28.9366902,-0.0307049951,-0.00683724522,0.0302449963,-0.999047378,0.0155483297,0.0609756828,-0.061003374,0.152187526,-0.597596695,-9.78724154,-0.0725798456,0.0557573604,0.0778565621,-0.00182930822,0.00663632946,0.00806678087,-4.5402832,20.685997,-45.3778687,2
28.9466482,-0.0306278993,-0.00683935898,0.0301947737,-0.999051279,0.0155447142,0.0608221515,-0.0609013879,0.152153569,-0.596093852,-9.78733389,-0.0752393654,0.0370462302,0.060441317,-0.0250632595,-0.00596281979,0.00475087855,-4.60170746,20.8449936,-45.7336426,2
28.9566052,-0.0304976107,-0.00677737976,0.0301851286,-0.99905594,0.0154119789,0.0605655069,-0.060875793,0.150856789,-0.593581687,-9.78750691,-0.055088229,0.00774889709,-0.0363514163,-0.0234850962,-0.018931888,0.000331225572,-4.66457367,20.7694626,-45.7450256,2
28.9665632,-0.0304219323,-0.0066560035,0.0301406957,-0.999060402,0.0151616232,0.0604222214,-0.0607779833,0.148407715,-0.59217909,-9.78762907,-0.0533873616,0.0172698819,-0.184818807,-0.00470794505,-0.0311816297,0.00182392751,-4.49893951,20.8948746,-45.688446,2
28.9765212,-0.0304180213,-0.00650092074,0.0301150383,-0.999062307,0.0148493741,0.0604242085,-0.060717129,0.145351515,-0.592198562,-9.7876735,-0.0750213478,-0.00979508903,-0.254355869,0.00275087892,-0.0283038728,0.00125024142,-4.61158752,20.9491959,-45.9534912,2
28.9864782,-0.0304138088,-0.00636589138,0.0300895559,-0.999064142,0.0145772624,0.0604243604,-0.0606578375,0.142688168,-0.592200023,-9.78771266,-0.0564964153,-0.0558820097,-0.199698981,-0.00343031809,-0.0262332652,0.00509344926,-4.63178253,20.7770767,-45.6898193,2
28.9964362,-0.0303776794,-0.0062148116,0.0300761214,-0.999066546,0.0142717816,0.0603614595,-0.0606211351,0.139698731,-0.591584302,-9.78779332,-0.0315102599,-0.0518589647,-0.124351187,-0.0100923069,-0.0346520804,0.00638299622,-4.77744293,20.7939987,-45.7905273,2
29.0063942,-0.0303026164,-0.00604248761,0.0300898763,-0.999069497,0.0139230224,0.0602215979,-0.0606369672,0.136286293,-0.590215242,-9.78792426,-0.0629633736,0.0209922269,-0.0619710107,-0.0191116352,-0.0339841582,-0.000401407015,-4.87038422,20.8763657,-45.8815002,2
29.0163512,-0.0301897403,-0.00590632967,0.0300970311,-0.999073512,0.0136439357,0.0600040144,-0.0606411428,0.133556356,-0.588085318,-9.78808968,-0.092854444,0.070487312,-0.0432499437,-0.0234394372,-0.0210823528,-0.00228896481,-4.80319214,21.0247421,-45.8016052,2
29.0263092,-0.0300831422,-0.00582471066,0.0300816348,-0.999077657,0.0134730633,0.0597959846,-0.0606035674,0.131885482,-0.586048917,-9.78823464,-0.0840009649,0.071593264,-0.0761754772,-0.0167668853,-0.0124057736,-0.00178456213,-4.64458466,20.8840866,-45.7845459,2
29.0362672,-0.0300157523,-0.00577726334,0.0300627861,-0.999080588,0.0133728109,0.0596643425,-0.060561821,0.130905221,-0.584760228,-9.78832465,-0.0978348262,0.0201759786,-0.0888040726,-0.00708701275,-0.0052669663,0.000949793262,-4.68052673,20.8904343,-45.6276855,2
29.0462242,-0.0300240455,-0.00579316497,0.0300584493,-0.999080358,0.013404893,0.059680022,-0.0605542213,0.131219127,-0.584913739,-9.78831121,-0.080341867,-0.0104958577,-0.147475457,0.0113591058,0.0121865924,0.00414372142,-4.86991119,21.0746689,-45.7210999,2
29.0561822,-0.0301586675,-0.00586554598,0.0300014158,-0.999077608,0.0135546379,0.0599456452,-0.0604465908,0.13268277,-0.587513948,-9.78813585,-0.0785134825,-0.0227097349,-0.197180861,0.0422817878,0.0189327057,0.00393590797,-4.60778809,20.8502731,-45.3971863,2
29.0661402,-0.0304514323,-0.00597309753,0.0299740117,-0.999068882,0.0137862546,0.060525028,-0.0604032434,0.134945144,-0.593185454,-9.78776293,-0.122225463,-0.00865852275,-0.238105576,0.0756282881,0.0276327208,-0.00400111126,-4.64289093,20.8810654,-45.5016785,2
29.0760972,-0.0309025615,-0.00609556536,0.030005826,-0.999053316,0.0140610791,0.0614194167,-0.0604824207,0.137627542,-0.601940094,-9.78719127,-0.169649496,-0.00618869857,-0.213538706,0.101055779,0.0244982354,-0.0141112283,-4.6621933,20.7786179,-45.5725708,2
29.0860552,-0.0314330066,-0.00619705743,0.0300877474,-0.999033714,0.0143020224,0.0624729851,-0.0606623987,0.139976544,-0.612252266,-9.7865179,-0.141921358,0.0250727377,-0.125027479,0.106440954,0.0252170209,-0.019785095,-4.73232269,20.8245926,-45.6408386,2
29.0960122,-0.0319267591,-0.00630318852,0.030199997,-0.999014029,0.0145521213,0.0634524182,-0.0609030526,0.142415343,-0.621838206,-9.78587843,-0.0623587497,0.0659329732,-0.0123912795,0.0889151841,0.0221416801,-0.0194769427,-4.78165436,20.6449203,-45.6311951,2
29.1059702,-0.0322914964,-0.00638290622,0.0302739327,-0.998999478,0.0147390951,0.0641759476,-0.0610630782,0.144238375,-0.628919177,-9.78539912,-0.0107611485,0.0227356365,0.11342355,0.0584366396,0.0140491305,-0.0168286953,-4.65492249,20.7207565,-45.7008057,2
29.1159282,-0.0325023477,-0.00643022754,0.0303588846,-0.99898981,0.0148524524,0.0645935074,-0.0612403325,0.145343706,-0.633005496,-9.78511972,-0.0307208174,-0.0156750505,0.163721074,0.0268101264,0.00794919953,-0.0188629888,-4.66513062,20.5014267,-45.5597839,2
29.1258852,-0.0325672596,-0.00642675659,0.030447366,-0.998985041,0.0148552905,0.0647222319,-0.0614186519,0.145370265,-0.634265214,-9.7850373,-0.0319444683,-0.0874384833,0.144635265,0.00232715346,-0.0100668184,-0.0140083125,-4.75878906,20.6737747,-45.7638245,2
29.1358432,-0.0325484627,-0.00632784438,0.0305045398,-0.998984546,0.0146597765,0.0646898759,-0.061526473,0.143457454,-0.633948622,-9.7850864,-0.0201555843,-0.0920946386,0.143037767,-0.0085747363,-0.0275021698,-0.00581898494,-4.77828217,20.669075,-45.8222656,2
29.1458012,-0.0324608614,-0.00618908227,0.0305033885,-0.998988258,0.0143763836,0.0645232244,-0.061513569,0.140685943,-0.632317733,-9.78523195,-0.0301032792,-0.00947948375,0.115052028,-0.0233393013,-0.0267293211,0.000219200272,-4.63413239,20.5601273,-45.5591431,2
29.1557582,-0.032313277,-0.00605453518,0.0305067856,-0.998993739,0.0140979762,0.0642362813,-0.0615090159,0.137964208,-0.629509617,-9.78545173,-0.0582068907,0.00821275175,0.0724754536,-0.032257475,-0.0245998725,0.000652651768,-4.76865387,20.5882339,-45.8090515,2
29.1657162,-0.0321547482,-0.00593762441,0.0305227515,-0.998999113,0.0138550082,0.0639261953,-0.0615306699,0.135589351,-0.626474925,-9.78567969,-0.00315958741,-0.000508241783,0.0239209738,-0.0286915023,-0.0162703041,0.00475951238,-4.85116577,20.5667038,-45.753418,2
29.1756742,-0.0320300453,-0.00589533217,0.0305033623,-0.999003987,0.0137612946,0.0636796601,-0.0614868996,0.134674419,-0.624062165,-9.78584687,0.0377085939,0.0234152162,-0.0776654235,-0.0192723889,-0.000755243818,0.00673276,-4.77289581,20.5310593,-45.7536926,2
29.1856312,-0.0319724101,-0.00591626508,0.0304619695,-0.999006965,0.0137969649,0.0635636731,-0.0614042613,0.135024483,-0.622927024,-9.78591409,0.010274123,0.0103090664,-0.126230425,-0.00399383344,0.00751014287,0.0044632135,-4.68731689,20.5194931,-45.5491333,2
29.1955892,-0.0319898357,-0.00598579483,0.0304754436,-0.999005622,0.0139381194,0.0635940678,-0.0614359978,0.136405544,-0.623224472,-9.78587609,-0.0202862706,-0.0119887632,-0.176546653,0.00906678662,0.0224663485,0.00148235774,-4.87364197,20.4840622,-45.6636963,2
29.2055472,-0.0320682226,-0.00610557297,0.0304867383,-0.999001984,0.0141835502,0.0637433164,-0.0614676705,0.138805975,-0.624685119,-9.78574925,-0.0443841719,-0.0317765827,-0.157220606,0.0193026457,0.0270453878,0.00160699384,-4.81912994,20.448494,-45.6106567,2
29.2155042,-0.0322012429,-0.00622863419,0.0304909751,-0.998996751,0.0144385275,0.064001725,-0.0614864536,0.141298778,-0.627214126,-9.78555168,-0.0373001593,-0.007999109,-0.0537193152,0.0294829104,0.0258538201,0.000247032149,-4.78612518,20.5359573,-45.8190918,2
29.2254622,-0.032384147,-0.00634523229,0.0304904224,-0.998990108,0.0146833885,0.064360371,-0.0614962267,0.143691555,-0.630723961,-9.78529099,-0.023532075,0.0215477419,-0.0470960977,0.0422413163,0.0239834823,-0.00493228342,-4.67245483,20.554924,-45.815033,2
29.2354202,-0.0325832423,-0.00645053199,0.0305237353,-0.998982024,0.0149088505,0.0647515967,-0.0615735395,0.145894079,-0.63455258,-9.785011,0.00598858202,0.0618879356,0.0183142398,0.0362279713,0.0229201969,-0.00907434523,-4.72870636,20.5405807,-45.757843,2
29.2453772,-0.0327183658,-0.00655461057,0.0305674032,-0.998975554,0.0151285606,0.0650147728,-0.0616703825,0.148041411,-0.637128056,-9.78481168,0.0155129826,0.0559339956,0.128697107,0.0154664991,0.020712968,-0.0100490618,-4.72870636,20.5405807,-45.757843,2
29.2553352,-0.0327422989,-0.00663860116,0.0306068993,-0.998973012,0.0153008112,0.0650568533,-0.0617554623,0.149726433,-0.637539852,-9.78475907,0.0507884403,0.00382299235,0.117272042,-0.00536595844,0.00970678683,-0.0136589119,-4.61591339,20.5537491,-45.553833,2
29.2652932,-0.032673482,-0.00665647001,0.0306648509,-0.998973343,0.0153360305,0.0649172223,-0.0618714263,0.150072415,-0.636173459,-9.78484266,0.0432598623,0.00305514979,0.0452303038,-0.0196650028,-0.00158475002,-0.0122149466,-4.66467285,20.5278244,-45.5800171,2
29.2752502,-0.0325755629,-0.00664381136,0.0307422077,-0.998974255,0.0153095324,0.064720981,-0.0620237333,0.149815043,-0.634253012,-9.78497125,0.0230168828,0.0147517251,-0.059387424,-0.0180564709,-0.001864922,-0.0155060543,-4.72516632,20.4101334,-45.6288452,2
29.2852082,-0.0325068441,-0.00665167495,0.0308594669,-0.998972829,0.0153285264,0.0645812563,-0.0622579008,0.150002254,-0.632885596,-9.78505718,-0.0365764664,-0.0322550869,-0.184548174,-0.00860890746,0.00319588277,-0.0208241194,-4.78634644,20.4628677,-45.7624207,2
29.2951652,-0.0325142252,-0.00665692121,0.030946193,-0.998969861,0.0153451133,0.0645943592,-0.0624321847,0.150164432,-0.633013826,-9.78504607,-0.0439212488,-0.0295829451,-0.216431505,0.0109259393,-0.000684777042,-0.0163922459,-4.66909027,20.5284348,-45.4544678,2
29.3051232,-0.0326017204,-0.00664151379,0.0310264208,-0.998964667,0.0153250365,0.0647690839,-0.0625936708,0.149966279,-0.634723771,-9.78493852,-0.00855825898,-0.0383477778,-0.174940387,0.0254915655,-0.00504117599,-0.00722830929,-4.79982758,20.5043259,-45.6406555,2
29.3150812,-0.0327399833,-0.00661349682,0.031101096,-0.998958085,0.0152826237,0.065046227,-0.0627441968,0.149548574,-0.63743588,-9.78476842,-0.00709309093,-0.03309183,-0.0881710354,0.030405106,-0.00302720233,-0.00539778406,-4.89408112,20.487587,-45.6452942,2
29.3250382,-0.0328953092,-0.00663291128,0.0311488901,-0.998951321,0.0153345527,0.0653549244,-0.0628442675,0.150053665,-0.640456689,-9.78456326,-0.0348322257,0.0226014887,-0.0297176774,0.0326080732,0.0147837531,-0.00635385886,-4.78105164,20.3369827,-45.4671936,2
29.3349962,-0.0330789326,-0.00674651847,0.0311577663,-0.998944186,0.0155743668,0.0657148895,-0.062873108,0.152396538,-0.643979164,-9.78429613,-0.0454051672,0.0912163214,-0.00873684869,0.0400223061,0.0303245373,-0.00361173647,-4.60881805,20.2393417,-45.5072327,2
29.3449542,-0.0332979159,-0.00691463498,0.0311420533,-0.998936253,0.0159239812,0.0661425353,-0.0628570753,0.155812858,-0.648163829,-9.78396587,-0.0346059061,0.106773445,-0.073860186,0.045976337,0.0401987396,-0.000727000413,-4.58903503,20.390892,-45.556488,2
29.3549112,-0.033561828,-0.00711665143,0.0311234336,-0.998926642,0.0163441676,0.0666579715,-0.0628385577,0.159918449,-0.65320745,-9.78356431,-0.0155176862,0.0793456317,-0.159555187,0.0572212078,0.0430263802,-0.00201035757,-4.57575226,20.3017807,-45.649292,2
29.3648692,-0.0338775364,-0.00732795113,0.0311083679,-0.998914957,0.0167865107,0.067276373,-0.0628291004,0.164239326,-0.659258274,-9.78308675,-0.0267218931,0.0912323957,-0.184423086,0.0652146861,0.0488831997,0.0102449767,-4.62776947,20.2246017,-45.5152283,2
29.3748272,-0.0342097711,-0.00755170305,0.0310486518,-0.998903697,0.0172518228,0.0679278199,-0.0627316235,0.168784038,-0.665632193,-9.78257764,-0.0204926981,0.0513682221,-0.0960474679,0.0633492321,0.0431545079,0.0121568162,-4.67808533,20.3232803,-45.5917358,2
29.3847842,-0.0344906179,-0.00770480108,0.030973139,-0.998895282,0.017571232,0.0684812605,-0.0625968295,0.171902189,-0.671046985,-9.78215386,-0.0909477518,0.100028281,-0.0324269364,0.0466181934,0.0244793557,0.0122881103,-4.55800629,20.330925,-45.5662842,2
29.3947422,-0.0346623309,-0.0077792946,0.0309169959,-0.998890448,0.0177275279,0.0688210313,-0.0624931893,0.173427042,-0.674371161,-9.78189784,-0.0788555831,0.0423003148,0.0692208357,0.0191620775,0.00625224039,0.0154685918,-4.63259125,20.1350021,-45.605896,2
29.4047002,-0.034690216,-0.00777651149,0.03085704,-0.998891348,0.0177195958,0.0688780417,-0.062373435,0.173348771,-0.674928867,-9.78186101,-0.0558827951,0.0219089033,0.141458973,-0.00652384618,-0.00345205236,0.0117042139,-4.6444397,20.2386856,-45.7713928,2
29.4146572,-0.0346050617,-0.00765080548,0.0308562494,-0.998895301,0.0174623685,0.0687155812,-0.0623613269,0.170834505,-0.673339479,-9.78201474,-0.103048213,0.0833168734,0.152536248,-0.0220284574,-0.0375026837,-0.00748481555,-4.5632782,20.250206,-45.6341248,2
29.4246152,-0.0344720173,-0.00750386197,0.0309252192,-0.998898949,0.0171643539,0.0684574641,-0.0624866074,0.167922307,-0.670814126,-9.78223861,-0.129614605,0.141993373,0.0743500153,-0.0274882056,-0.0228403825,-0.015633557,-4.61013031,20.2403183,-45.5402222,2
29.4345732,-0.0343293167,-0.0074483528,0.0310118635,-0.998901599,0.0170500057,0.0681740406,-0.0626534218,0.166806948,-0.668041227,-9.78244787,-0.0696916681,0.0745768829,0.0788981801,-0.0265293736,-0.00228527584,-0.0100830393,-4.7056427,20.2262955,-45.690979,2
29.4445302,-0.0341925352,-0.00748579276,0.0310773493,-0.998903903,0.0171206844,0.0678969921,-0.0627842946,0.167501524,-0.66533058,-9.78262031,0.0152064466,0.0580996492,0.0850567028,-0.0254156403,0.0146439066,-0.0114883892,-4.69243622,20.2342148,-45.5102234,2
29.4544882,-0.0340906828,-0.00758624905,0.031181848,-0.998903371,0.0173224091,0.0676851584,-0.0629983661,0.169477354,-0.663257938,-9.78272727,0.0310375278,0.0102379009,0.0387754286,-0.0157928951,0.0257156249,-0.0132279452,-4.82285309,20.206337,-45.926239,2
29.4644452,-0.0340451882,-0.00769893187,0.0312572982,-0.998901759,0.0175502413,0.0675857427,-0.0631562331,0.171707324,-0.662285221,-9.78275416,0.046764071,-0.0214105254,-0.033472646,-0.00109544164,0.0149010606,-0.0123871854,-4.73397064,20.3587875,-45.8187866,2
29.4744032,-0.0340777894,-0.00766149494,0.0313254563,-0.998898827,0.0174820003,0.0676521215,-0.0632910266,0.171038978,-0.662934697,-9.78272201,0.0495273434,-0.074929861,-0.0971007763,0.0152444374,-0.028248433,-0.00821722858,-4.66571045,20.2009354,-45.9009094,2
29.4843607,-0.0341649647,-0.00736751793,0.031390265,-0.998896001,0.0169033526,0.0678439901,-0.0634028748,0.165376038,-0.664811963,-9.78269162,0.0219707348,-0.104326855,-0.202325822,0.0223902315,-0.0884244218,-0.00556232315,-4.71414185,20.3735428,-46.0052185,2
29.4943177,-0.0342226354,-0.00677915638,0.0314389697,-0.998896669,0.0157322041,0.0679958774,-0.0634617051,0.153917363,-0.666298036,-9.78277754,0.0507873717,-0.129476275,-0.229773217,0.00644155312,-0.141100526,0.00829175394,-4.82549286,20.2991714,-45.6183472,2
29.5042757,-0.0341624476,-0.00592680737,0.0314336922,-0.99890427,0.0140211258,0.0679296575,-0.0633920011,0.137178657,-0.665650167,-9.78307097,0.0543579693,-0.140000299,-0.165285839,-0.0211650413,-0.194506496,0.0215460397,-4.95012665,20.3471451,-45.7098083,2
29.5142337,-0.0339574511,-0.00493717686,0.0313711878,-0.998918662,0.0120219809,0.0675831288,-0.0631960667,0.117623386,-0.662259648,-9.78355554,0.0629896771,-0.0886233092,-0.123051795,-0.0478998646,-0.19640626,0.0294077545,-4.95272827,20.1375351,-45.7149963,2
29.5241907,-0.0336616939,-0.00405333366,0.0313288625,-0.998933997,0.010230355,0.0670478715,-0.0630471403,0.100098351,-0.657022478,-9.78410382,0.070788286,-0.0914663506,-0.155873283,-0.0577010959,-0.159619212,0.0135728661,-5.10205078,20.2907028,-45.7305603,2
29.5341487,-0.0333873218,-0.00371584359,0.0313725111,-0.998943172,0.00953996474,0.0665199702,-0.0631081966,0.0933467667,-0.651857058,-9.78451591,-0.0263086544,0.0265200504,-0.124635264,-0.043954704,0.100953758,-0.0230015013,-5.11750793,20.5271378,-46.1393127,2
29.5441067,-0.0333057556,-0.00452189324,0.0315191881,-0.998937824,0.011158471,0.0663042764,-0.0634545396,0.109184506,-0.649746495,-9.78449253,-0.412050523,0.249913284,0.21382103,0.00885018799,0.17692709,-0.0444543287,-4.88977051,20.4498367,-45.7527161,2
29.5540637,-0.0335386278,-0.00518191663,0.0316876984,-0.998921544,0.0125063365,0.0667260133,-0.0638399629,0.122369146,-0.65387322,-9.78406174,-0.247016795,0.235784148,0.198276839,0.072656855,0.085171245,-0.0329554677,-4.81342316,20.3190842,-45.691803,2
29.5640217,-0.0339640809,-0.00537753534,0.0318042118,-0.998902463,0.012933536,0.0675629412,-0.0640939019,0.126541756,-0.662062152,-9.78345792,0.216577763,0.0795214266,-0.339077057,0.0849848911,0.00134452153,-0.0127215683,-4.87237549,20.3651047,-45.7536621,2
29.5739797,-0.0343042357,-0.00526441152,0.0318395507,-0.998890317,0.0127315862,0.0682500781,-0.0641629144,0.124560172,-0.668785104,-9.78302596,0.144339086,-0.170683387,-0.336516266,0.0503443405,-0.0378930792,0.00875735562,-4.94799042,20.3315964,-45.6980896,2
29.5839367,-0.034459847,-0.00503903202,0.0317622176,-0.998888603,0.0122850896,0.0685767326,-0.0639951101,0.120189373,-0.67198105,-9.78286171,-0.0330998032,-0.163297661,-0.0456353775,0.0176407248,-0.0460130572,0.0260785557,-4.84215546,20.1152878,-45.6741638,2
29.5938947,-0.034519591,-0.00481546452,0.0316351038,-0.998891586,0.0118325128,0.0687120387,-0.0637259318,0.115760788,-0.673304773,-9.78282372,-0.0801465636,-0.018920316,0.143169869,0.0104784491,-0.0385901891,0.0256118122,-4.84215546,20.1152878,-45.6741638,2
29.6038527,-0.0345739193,-0.00464238483,0.0315305053,-0.998893844,0.0114822077,0.0688329386,-0.0635052254,0.112332878,-0.674487626,-9.78278222,-0.0632512598,0.0546871373,0.226775788,0.0127759576,-0.0295663364,0.01827427,-4.89927673,20.3803787,-46.0404053,2
29.6138097,-0.0346151907,-0.0044788568,0.0314220573,-0.99889663,0.0111498972,0.06892709,-0.0632772194,0.109081237,-0.67540876,-9.78275591,-0.0923213418,0.111123749,0.248895266,0.00593502028,-0.034077581,0.0081124939,-4.71195984,20.4570236,-45.7619324,2
29.6237677,-0.0346137353,-0.00431606543,0.0313656417,-0.998899218,0.0108199016,0.0689350982,-0.0631528841,0.105852914,-0.675487086,-9.78278572,-0.0926843298,0.0981837492,0.2327648,-0.00644068932,-0.0327444039,0.00356434705,-4.78362274,20.3949814,-45.8891296,2
29.6337257,-0.0345247244,-0.00413629737,0.031334933,-0.998903921,0.010452082,0.068768734,-0.0630775981,0.102255775,-0.673859485,-9.78293595,-0.100010727,0.0476245055,0.141187171,-0.0269661509,-0.0432374179,0.000141898403,-4.80109406,20.3416519,-45.9107361,2
29.6436827,-0.0343353241,-0.00388815448,0.0313204471,-0.998911905,0.00994205847,0.068405707,-0.0630287719,0.097268662,-0.670307784,-9.78323113,-0.0743736245,0.0478137444,0.10586802,-0.0475742221,-0.0572027713,-0.00255162269,-4.7976532,20.3297195,-45.5144043,2
29.6536407,-0.03404091,-0.00363215946,0.0313021917,-0.998923554,0.00940938757,0.0678331532,-0.0629706085,0.0920610012,-0.664705945,-9.78366368,-0.0848779121,0.0116859808,0.132038819,-0.0662729293,-0.0452186726,-0.00138548901,-4.75179291,20.2030258,-45.4563599,2
29.6635977,-0.0337001169,-0.00347750168,0.0312988159,-0.998935794,0.00907773922,0.0671613014,-0.0629487868,0.0888202931,-0.658132339,-9.78413831,-0.0337531617,-0.00730769266,0.0889683233,-0.0653770491,-0.0239139181,-0.00556159206,-4.87812805,20.3847275,-45.7261047,2
29.6735557,-0.0334261852,-0.00340347265,0.0313367933,-0.998943995,0.00891458767,0.0666177292,-0.0630163184,0.0872271696,-0.652813628,-9.7845089,0.0104866789,-0.0548241347,0.00569148964,-0.0420906357,-0.0101886094,-0.0100981556,-4.96559906,20.4020462,-45.5875549,2
29.6835137,-0.0332751072,-0.00338381188,0.0313430319,-0.998948865,0.00886600026,0.0663167417,-0.0630255304,0.0867535059,-0.649868514,-9.7847088,0.0561508898,-0.0444515015,-0.0482768319,-0.0185429677,0.0013934779,-0.00175633561,-4.8467865,20.3507919,-45.1472778,2
29.6934707,-0.033238509,-0.00344889951,0.0313094539,-0.998950922,0.00899176211,0.0662397414,-0.062962067,0.0879844999,-0.649115066,-9.78474796,0.088887641,-0.00151084295,-0.127695821,0.00527193863,0.0233926494,0.00167388027,-4.86911011,20.4007187,-45.5229797,2
29.7034287,-0.0333543904,-0.00357834561,0.0313120956,-0.998946572,0.00925851752,0.0664633384,-0.0629775044,0.090593285,-0.651302931,-9.78457904,0.0527600326,0.0111517278,-0.268075183,0.0391915552,0.0240642987,-0.00630814629,-4.95044708,20.4309311,-45.7457886,2
29.7133867,-0.0336140035,-0.00365911326,0.0313602396,-0.998936072,0.00944003248,0.0669770444,-0.0630829208,0.0923661581,-0.656329454,-9.78422657,0.00834043325,0.0233608557,-0.294165317,0.0609796382,0.00974216126,-0.0124903852,-4.99968719,20.5398178,-45.808197,2
29.7233437,-0.0339156809,-0.00365170656,0.0314136988,-0.998924192,0.0094480973,0.0675803906,-0.0631937147,0.0924413057,-0.662232906,-9.78382793,0.00392579514,0.062334145,-0.282293678,0.0565097891,-0.0096432548,-0.0177623779,-4.84773254,20.3909836,-45.8323975,2
29.7333017,-0.0341260667,-0.00351943129,0.0314842871,-0.998915371,0.00920149856,0.0680089053,-0.0633291088,0.0900260065,-0.666425535,-9.78356548,0.0305823862,0.0512638118,-0.128428812,0.028419124,-0.0401257649,-0.0194346216,-4.8483963,20.4021072,-45.7006531,2
29.7432597,-0.0341780032,-0.00329924783,0.0315545415,-0.998912146,0.00876871267,0.0681261179,-0.0634556281,0.0857911271,-0.667572294,-9.78352573,0.0443940813,0.0105120417,0.0132376672,-0.00647734152,-0.0467911288,-0.00973751955,-4.96378326,20.449028,-45.7945862,2
29.7532167,-0.0340696017,-0.00306088128,0.031552229,-0.998916608,0.00828427193,0.0679244454,-0.0634333669,0.0810526913,-0.665599167,-9.7837005,0.0744212631,-0.00866948254,0.0912239932,-0.0337512158,-0.0501610562,0.00575830601,-4.92933655,20.470787,-45.678833,2
29.7631747,-0.0338541503,-0.00287596531,0.0315040455,-0.998926047,0.00789690689,0.0675056349,-0.0633215848,0.0772650169,-0.66150145,-9.78400913,0.118611091,-0.0121686498,0.130438398,-0.047069151,-0.0215778835,0.0163342506,-5.10243988,20.4159317,-46.0246277,2
29.7731327,-0.033652726,-0.0028553818,0.0314426834,-0.998934782,0.00783866672,0.0671045461,-0.0631947522,0.0766972634,-0.657577043,-9.78427801,0.0747364848,-0.0590390489,0.0623228929,-0.0303558111,0.00909964647,0.0191916246,-5.20882416,20.4475021,-46.2563477,2
29.7830897,-0.0335901042,-0.00290744681,0.03135598,-0.998939528,0.00793309818,0.0669766977,-0.0630237037,0.0776218766,-0.656326093,-9.78435458,0.0417894244,-0.0800421626,-0.062099021,0.00418511964,0.00995745044,0.0247776043,-5.20009613,20.5239563,-46.0910034,2
29.7930477,-0.0337021945,-0.00294461583,0.0312187167,-0.998939942,0.00800542118,0.0671996474,-0.0627524454,0.0783283352,-0.658507529,-9.78420261,0.0523057769,-0.0513747979,-0.17507775,0.0387117453,0.00837884378,0.0272787977,-5.05834961,20.3906097,-45.7878723,2
29.8030057,-0.0339588943,-0.00294620118,0.0311208654,-0.998934212,0.0080182438,0.0677137604,-0.0625595668,0.0784510666,-0.663537778,-9.78386183,-0.0173984402,-0.0506840392,-0.239014508,0.0633784756,-0.00460726209,0.0201559085,-5.11334229,20.2489471,-45.9449768,2
29.8129627,-0.0342976979,-0.00285618433,0.0310771882,-0.998924358,0.00785642667,0.0683974044,-0.0624700372,0.0768642906,-0.670226535,-9.78341818,-0.0621993213,0.00418809934,-0.198905785,0.0704217628,-0.0238677692,0.0120501816,-5.14689636,20.2033386,-46.0957642,2
29.8229207,-0.0345850269,-0.00268232671,0.0310757717,-0.998914853,0.00752631612,0.0689829814,-0.0624586921,0.073631711,-0.67595558,-9.78304876,-0.0799159972,0.0925169557,-0.0381155034,0.0439233147,-0.0440159142,0.000355442986,-5.16405487,20.2604065,-46.135437,2
29.8328777,-0.0346701105,-0.00240176693,0.0311315735,-0.998910989,0.00697370565,0.069170312,-0.0625521491,0.0682246004,-0.677788275,-9.78296108,-0.044731008,0.112306163,0.0740250212,-0.00657143397,-0.074240528,-0.0164349247,-5.07357025,20.2252197,-46.1799011,2
29.8428357,-0.0344679999,-0.00191582433,0.031276464,-0.998914501,0.00599778727,0.068795583,-0.0628068512,0.058678714,-0.674122154,-9.78327672,0.00716231568,0.103402726,0.112497667,-0.0685663596,-0.127021983,-0.029618904,-5.14802551,20.3073578,-46.0137939,2
29.8527937,-0.0339763353,-0.00117293091,0.0314578939,-0.99892673,0.00449134374,0.067858009,-0.0631150218,0.04394352,-0.664949179,-9.78398166,0.0367116371,0.088543522,0.107366734,-0.117200837,-0.169908062,-0.0197626352,-5.30277252,20.3422394,-45.9662781,2
29.8627507,-0.0332974478,-0.000309587033,0.0315430444,-0.998947527,0.00272516483,0.0665543984,-0.0632222944,0.026665537,-0.652193962,-9.78490228,0.056982363,0.0730949007,0.00503799417,-0.142851606,-0.185025766,-0.0145289917,-5.16562653,20.5587616,-45.9112244,2
29.8727087,-0.0325870628,0.000517270422,0.0316336269,-0.998968093,0.00103040928,0.0651857528,-0.0633450544,0.0100833999,-0.63880125,-9.78581706,0.0271768475,0.0430923419,-0.118695938,-0.12604773,-0.150953948,-0.0106328502,-5.33959961,20.4292908,-46.0943604,2
29.8826667,-0.0320782738,0.00108929704,0.0316918339,-0.998982274,-0.000143433743,0.064204399,-0.0634223723,-0.00140370634,-0.629197555,-9.78644425,0.00903571633,0.00086779581,-0.238975345,-0.0665226057,-0.0800262317,0.00272955978,-5.55904388,20.7208862,-46.2015686,2
29.8926237,-0.031973532,0.0012504841,0.0316691921,-0.998986076,-0.000474251668,0.0640051223,-0.0633662599,-0.00464129674,-0.627247371,-9.78656875,-0.0124169232,-0.0172433957,-0.258753228,0.0292695537,0.0179518573,0.0133825354,-5.52154541,20.6014404,-45.9160156,2
29.9025817,-0.0323802945,0.000932170961,0.031530786,-0.99897777,0.000179893678,0.0647985099,-0.0631109897,0.00176045192,-0.635011721,-9.78606898,-0.0379722499,-0.0578119914,-0.225584533,0.127499178,0.111160368,0.023455942,-5.30793762,20.5963898,-45.9309692,2
29.9125397,-0.0331935932,0.000290595629,0.0313218552,-0.99895799,0.00150209337,0.0663849629,-0.0627383941,0.0146980518,-0.650536038,-9.78503789,-0.0206830879,-0.0487220915,-0.118127782,0.180183262,0.14867723,0.0312473774,-5.13035583,20.4156647,-45.9417419,2
29.9224967,-0.0340801734,-0.000418990256,0.0310886763,-0.998935326,0.00296297844,0.0681143846,-0.0623244829,0.0289894704,-0.667457509,-9.78386651,0.00019034864,0.00890088014,0.105306295,0.160111815,0.148409307,0.0367792957,-5.16371155,20.5507965,-46.0524597,2
29.9324547,-0.0347423721,-0.00111199945,0.030840286,-0.998919699,0.00437507037,0.069396779,-0.0618795364,0.0428013779,-0.680003833,-9.78295173,-0.0541733426,0.042246831,0.276176071,0.0943514407,0.136993319,0.0326517932,-4.99165344,20.418457,-45.9709167,2
29.9424127,-0.0350546473,-0.00172107761,0.0305907732,-0.998915651,0.00559685024,0.0699850896,-0.0614247571,0.0547517042,-0.685759181,-9.78249054,-0.136602985,0.0336368967,0.314919351,0.0246061832,0.112668276,0.0300847702,-4.82598114,20.4382324,-45.9923706,2
29.9523697,-0.0350718965,-0.0022004355,0.0304479822,-0.998918486,0.0065479268,0.0699910646,-0.0611722751,0.0640555528,-0.685817633,-9.78242975,-0.189451381,0.0411773021,0.275055543,-0.0182885062,0.080604367,0.0181552544,-4.82598114,20.4382324,-45.9923706,2
29.9623277,-0.034936322,-0.00249565089,0.0303409772,-0.998925831,0.00712330177,0.0697025755,-0.0609769046,0.0696855124,-0.682995416,-9.78258874,-0.203311418,0.0313221169,0.131263158,-0.0368781686,0.0399597324,-0.00785610732,-4.7358017,20.220459,-45.8284912,2
29.9722857,-0.0347387956,-0.00269364003,0.0303696275,-0.998931235,0.00750962402,0.0692951701,-0.061045811,0.073466821,-0.67900978,-9.78283892,-0.142149988,0.0981149949,0.12582652,-0.0443374068,0.038950488,-0.0271356609,-4.79933929,20.475174,-46.0410767,2
29.9822427,-0.0345154616,-0.00291142771,0.0304232197,-0.998936746,0.00793568336,0.068834722,-0.0611656152,0.0776373573,-0.674505089,-9.78311832,-0.161433931,0.000236439104,0.0373708225,-0.0452538021,0.042876251,-0.017600745,-4.79925537,20.5222168,-46.0246277,2
29.9922007,-0.034321427,-0.00311426099,0.0304173352,-0.998942986,0.00832946398,0.0684342458,-0.0611653517,0.081491996,-0.670586966,-9.78335622,-0.0611407979,-0.171425365,-0.104846276,-0.0350287668,0.033925131,0.00440624263,-4.86103058,20.414093,-45.8594971,2
30.0021577,-0.0341790989,-0.0032735612,0.0302812631,-0.998951533,0.0086303659,0.0681409912,-0.0609016909,0.0844375206,-0.66771784,-9.78352748,0.0457476788,-0.162622758,-0.0894119754,-0.0259982571,0.0316497274,0.0272108912,-4.77194214,20.4139709,-45.8070679,2
30.0121157,-0.0340705155,-0.00347266904,0.0300439381,-0.998961768,0.00900623529,0.0679138138,-0.0604381506,0.0881161999,-0.665495123,-9.78364614,0.025159941,-0.147637151,-0.00848842688,-0.0178858265,0.0520724133,0.040566422,-4.69372559,20.3627472,-45.4957581,2
30.0220737,-0.0340227752,-0.00380279627,0.0297734373,-0.998970201,0.00964602223,0.0678009671,-0.0599177473,0.0943763563,-0.664391034,-9.78366309,-0.0737258829,-0.0791597537,0.0406090738,-0.00422940403,0.0812233761,0.0431315787,-4.6546936,20.214798,-45.8147278,2
30.0320307,-0.0340749545,-0.0042268791,0.029505505,-0.99897466,0.0104802166,0.0678827224,-0.0594102579,0.102537232,-0.665190952,-9.78352631,-0.151318597,0.0349158306,-0.0201303494,0.0202979892,0.0888870507,0.0391317979,-4.68544769,20.3273926,-45.9315186,2
30.0419887,-0.0342294758,-0.00463678336,0.0293026413,-0.998973649,0.0112965546,0.0681697352,-0.0590338809,0.1105217,-0.667999068,-9.78324808,-0.178007776,0.0891993555,-0.0934317324,0.0321698263,0.0779667571,0.0246838816,-4.68330383,20.3269958,-45.7726135,2
30.0519467,-0.034380511,-0.00498004984,0.0291848522,-0.998970211,0.0119849781,0.0684529757,-0.058823632,0.117254415,-0.670770213,-9.78298037,-0.207635053,0.103342886,-0.0501554853,0.0216170065,0.064592883,0.0154463304,-4.77083588,20.4493713,-46.0952148,2
30.0619037,-0.0344268473,-0.00526523046,0.0291072295,-0.998969445,0.0125535443,0.0685298519,-0.0586883581,0.122816022,-0.671522347,-9.78286054,-0.180426016,0.0843428554,0.00613806436,-0.00681836344,0.0505140759,0.00836871285,-4.75678253,20.4776154,-46.0421448,2
30.0718617,-0.0343380797,-0.0054543136,0.0290225315,-0.998973975,0.0129211127,0.0683422883,-0.0585300572,0.126413508,-0.669687314,-9.78294062,-0.137037303,0.0238498083,0.0187877026,-0.0303572174,0.0224749912,0.00890894048,-4.58982849,20.4446716,-46.0185547,2
30.0818197,-0.0341688692,-0.00551873407,0.0289587142,-0.998981197,0.0130356922,0.0680008801,-0.0584036605,0.127537406,-0.66634699,-9.78315397,-0.0781565132,0.0172175307,0.0155593882,-0.0352603644,0.00286667002,0.00876646116,-4.64431763,20.3949738,-46.1519165,2
30.0917767,-0.0340082802,-0.00548680742,0.0289009803,-0.998988497,0.012958291,0.0676822755,-0.0582830466,0.126782926,-0.663229735,-9.78337551,-0.0672266663,0.0129031746,-0.0415302803,-0.0297735184,-0.0169053674,0.00235292176,-4.58116913,20.4738159,-45.5779419,2
30.1017347,-0.0338812069,-0.00541241928,0.028879649,-0.998993845,0.0128003422,0.0674327098,-0.0582331216,0.125239761,-0.660787968,-9.7835608,-0.0691251842,0.0222827051,-0.0539145455,-0.0223915018,-0.010065305,-0.00776442699,-4.55956268,20.4600983,-45.8677063,2
30.1116927,-0.0337970757,-0.00538514948,0.0289402721,-0.998995114,0.0127448353,0.067265245,-0.0583513773,0.124698119,-0.659149407,-9.78367829,-0.0398531226,0.0495242016,-0.120685066,-0.0101848114,-0.00297034765,-0.0194911677,-4.65232086,20.3582153,-45.7685547,2
30.1216497,-0.033787464,-0.00535948148,0.0290245947,-0.998993091,0.0126985465,0.0672464435,-0.058518486,0.124245397,-0.658965429,-9.78369641,-0.0257833884,0.0369203022,-0.202369077,0.00891910866,-0.00782422535,-0.0252558477,-4.5769043,20.3709412,-45.5796204,2
30.1316077,-0.0338920847,-0.0053500181,0.02915777,-0.998985827,0.0126948305,0.0674545782,-0.0587865133,0.124207303,-0.661001903,-9.78355905,-0.000606167466,0.00962787924,-0.259517782,0.031819202,0.000624072039,-0.0288377367,-4.73514557,20.4577637,-45.7892151,2
30.1415647,-0.0340764163,-0.00534520318,0.0293085229,-0.998975148,0.0127064625,0.0678216481,-0.0590914184,0.124318015,-0.664593424,-9.78331472,-0.000567232828,-0.0369092694,-0.194670339,0.0414321497,-0.0017988719,-0.0305900965,-4.75149536,20.4176331,-45.7099304,2
30.1515227,-0.0342629398,-0.00535473036,0.0294330955,-0.99896502,0.0127452724,0.0681925836,-0.05934488,0.124694548,-0.668222648,-9.78306279,0.00997977055,-0.0290901931,-0.0120651163,0.0318387412,0.00851061009,-0.0204220582,-4.73456573,20.3711243,-45.8549805,2
30.1614807,-0.0343859136,-0.00543550769,0.029506052,-0.998958254,0.0129194737,0.0684328237,-0.0594987184,0.126396694,-0.670573083,-9.78287983,0.053917112,-0.0307799729,0.11688918,0.0163817573,0.0219790153,-0.0105377343,-4.72899628,20.2532349,-45.7862244,2
30.1714377,-0.0344186994,-0.00555656953,0.0295310471,-0.99895566,0.013165621,0.0684908624,-0.0595576719,0.128804202,-0.671140873,-9.78280969,0.0552505251,-0.00956212053,0.192535665,-0.00298342714,0.0244926829,-0.00642914418,-4.67410278,20.3236237,-45.9900818,2
30.1813957,-0.0343662192,-0.00564048344,0.0295385279,-0.998956741,0.0133310022,0.0683807878,-0.0595774995,0.130423081,-0.670063965,-9.78286171,0.0199631944,-0.00255867151,0.174482122,-0.0177895389,0.0054313736,-0.0131235328,-4.53185272,20.3031769,-45.8119202,2
30.1913537,-0.0342373114,-0.005559885,0.0295730114,-0.998960637,0.0131641304,0.0681272958,-0.0596388735,0.128792823,-0.667583838,-9.78305285,-0.0369148589,0.00139569214,0.0636421588,-0.0322418623,-0.0410633869,-0.0177743845,-4.46185303,20.246048,-45.7305298,2
30.2013107,-0.0340082209,-0.00523139958,0.0296528037,-0.998967925,0.0124978228,0.067687667,-0.0597726004,0.122277933,-0.663282488,-9.78342928,-0.044166611,0.0386935955,-0.0592833791,-0.0535024107,-0.0911784843,-0.0216325056,-4.61802673,20.3197327,-45.6635437,2
30.2112687,-0.0336895859,-0.00472742759,0.0297698606,-0.998977688,0.0114771209,0.0670791131,-0.0599681044,0.112296519,-0.657328183,-9.78395068,-0.0669558591,0.00505633354,-0.148693601,-0.0640861318,-0.112237275,-0.0250439942,-4.70859528,20.2966156,-45.6477966,2
30.2212267,-0.0334043831,-0.00419175385,0.0298781242,-0.998986389,0.0103943195,0.0665396547,-0.0601449972,0.101706051,-0.652049731,-9.78442005,-0.0882381732,-0.00321494346,-0.204189278,-0.0389778502,-0.105691753,-0.0258733016,-4.69917297,20.4958496,-45.7383118,2
30.2311837,-0.0333316589,-0.0037672074,0.029954299,-0.998988304,0.00954483553,0.0664190103,-0.0602684091,0.0933950537,-0.650869216,-9.78458138,-0.0640656084,-0.0639512248,-0.334811216,0.0198005848,-0.0629713386,-0.0137008373,-4.72890472,20.506485,-45.7149658,2
30.2411417,-0.0335836216,-0.00359321092,0.0299812726,-0.998979657,0.00921360975,0.0669332177,-0.0603142442,0.0901510485,-0.655900634,-9.78427567,-0.0112915564,-0.152592873,-0.40170507,0.0789041221,-0.00639940798,-0.00633826293,-4.82064056,20.4812317,-46.0332642,2
30.2510997,-0.0340153347,-0.00366254276,0.0300078053,-0.998964037,0.00938063282,0.067792297,-0.0603778844,0.0917799284,-0.664306205,-9.78369349,0.0286788267,-0.155859036,-0.261628491,0.0927998945,0.034584485,0.00760196894,-5.04177094,20.4156647,-45.9683533,2
30.2610567,-0.0344939608,-0.00387969644,0.0299383864,-0.998948892,0.00984001933,0.0687372197,-0.0602601684,0.0962681979,-0.673551149,-9.78301836,0.0566619172,-0.0993286084,-0.010613164,0.0919495448,0.0596877076,0.0162079744,-4.94320679,20.394516,-45.9937744,2
30.2710147,-0.0349005461,-0.00419388631,0.0298411339,-0.998936403,0.0104873287,0.0695325668,-0.0600928103,0.102595163,-0.681332232,-9.78241514,0.040758136,-0.0288492971,0.102508773,0.0687705129,0.0648237169,0.0102382116,-4.79359436,20.2931366,-46.0470276,2
30.2809727,-0.0351697839,-0.00447275156,0.0297980873,-0.998927108,0.0110592415,0.0700548291,-0.0600300487,0.108185887,-0.686441391,-9.78199779,-0.0158590013,0.0353666431,0.147879946,0.0373500064,0.0504927151,-0.00109913177,-4.80352783,20.4870605,-46.1654968,2
30.2909297,-0.035322448,-0.00466786957,0.0298009019,-0.998920658,0.0114595389,0.0703484428,-0.0600517655,0.11209927,-0.689313659,-9.78175171,-0.0462582404,0.0621808541,0.104837508,0.0244112425,0.0310309399,0.00423985906,-4.95195007,20.4775238,-46.2750244,2
30.3008877,-0.0354174646,-0.00475574286,0.0298056231,-0.998916733,0.01164167,0.0705331686,-0.0600689291,0.113879349,-0.691120708,-9.78160382,-0.0429506411,0.0548600097,-0.0428530533,0.0122882649,0.00351755507,-0.00925517641,-4.95195007,20.4775238,-46.2750244,2
30.3108447,-0.0354294599,-0.00466682833,0.0298641676,-0.998914997,0.0114684618,0.0705618355,-0.0601802002,0.112184866,-0.691401133,-9.78160324,-0.0512818863,0.0121945149,-0.140716046,-0.00765903993,-0.0384310372,-0.0202473961,-4.80396271,20.6271057,-45.7987671,2
30.3208027,-0.0353519234,-0.00440784528,0.0299575307,-0.998916171,0.0109516111,0.0704213102,-0.0603478832,0.107130286,-0.690026483,-9.78175697,-0.0308146332,0.0606491876,-0.160464118,-0.0218869783,-0.0638319999,-0.0197797455,-4.80865479,20.4490814,-45.8704834,2
30.3307607,-0.0352139425,-0.00410459806,0.0300313868,-0.998920052,0.0103410045,0.0701628454,-0.0604725338,0.101159294,-0.687498061,-9.78199837,-0.0056900192,0.101964583,-0.117276718,-0.028336063,-0.0577964708,-0.0106345797,-4.86306763,20.5822296,-46.0274048,2
30.3407177,-0.035065932,-0.00385685203,0.0300692841,-0.998925117,0.00983839869,0.0698813975,-0.060529012,0.0962446983,-0.684744744,-9.78224153,-0.018881564,0.0686851945,-0.084113869,-0.0254646409,-0.0431408323,0.0061984621,-4.99306488,20.3446503,-46.1581726,2
30.3506757,-0.0349442765,-0.0036794409,0.0300264771,-0.998931404,0.00947263312,0.069649207,-0.0604291267,0.0926681824,-0.682473291,-9.78243443,-0.00916992461,0.117440165,-0.0185287594,-0.0205002688,-0.0283752065,0.0108186426,-4.93003845,20.5236511,-45.9670105,2
30.3606337,-0.03484448,-0.00355531927,0.0299537509,-0.998937427,0.009212873,0.069457755,-0.0602733443,0.0901282978,-0.680600337,-9.78258874,-0.0242872772,0.126341119,0.000330254868,-0.0176602751,-0.0217508599,0.00978853181,-4.84213257,20.4868011,-45.7714539,2
30.3705907,-0.0347674223,-0.00348326977,0.0299107739,-0.998941671,0.00906088528,0.0693083547,-0.0601811655,0.0886423884,-0.67913874,-9.78270389,-0.0606596724,0.100338955,0.00882511149,-0.0115521317,-0.00778491609,0.00342562003,-4.93254089,20.5722351,-46.0296021,2
30.3805487,-0.0347255371,-0.00346863081,0.0298880499,-0.998943902,0.00902743666,0.0692256631,-0.0601340485,0.0883156772,-0.678329762,-9.78276293,-0.0805340377,0.0966867887,0.0290846402,-0.00356371421,0.000588062452,-0.000479905866,-4.89939117,20.5697632,-45.9766541,2
30.3905067,-0.0347232142,-0.00348443952,0.0299127635,-0.998943188,0.00906067042,0.0692198413,-0.0601846506,0.0886408266,-0.678272844,-9.7827641,-0.0569171706,0.0970787837,0.0667944854,0.000882280758,0.00793230347,0.00123749673,-5.11251831,20.5614166,-46.0939026,2
30.4004637,-0.0347339684,-0.00355294431,0.0298954763,-0.998943075,0.00919732096,0.0692373858,-0.060154888,0.0899775368,-0.678444474,-9.78274013,-0.0389506208,0.0320084187,0.0895154358,0.00361708086,0.017760966,0.00511798821,-4.99598694,20.5121002,-46.1214905,2
30.4104217,-0.0347486117,-0.00364802041,0.0298710454,-0.998942925,0.00938692666,0.0692611815,-0.0601127022,0.0918322431,-0.67867726,-9.78270681,-0.0285350526,-0.0633772243,0.0625473493,0.00366772641,0.0200403798,0.00871230289,-5.02051544,20.4937744,-45.7568665,2
30.4203797,-0.0347690135,-0.00371599127,0.02984225,-0.99894288,0.0095222958,0.069298181,-0.0600599773,0.0931562856,-0.679039225,-9.78266882,0.00321080614,-0.084563001,-0.0022831425,0.00589439552,0.0085022347,0.0122436546,-5.10746765,20.5480194,-45.9343872,2
30.4303367,-0.0347742684,-0.00373483297,0.0297811397,-0.998944447,0.00955610385,0.0693081443,-0.0599388619,0.0934869515,-0.679136694,-9.78265888,-0.00609810681,-0.080275606,-0.0286292976,-0.00136931473,-0.000452449312,0.00636910042,-4.8759079,20.4138641,-45.9807434,2
30.4402947,-0.0347427914,-0.00378778092,0.0297664055,-0.998945687,0.00965920687,0.0692421427,-0.0599125586,0.0944960098,-0.678491017,-9.78269395,-0.0813274166,-0.0337855844,0.0273702375,-0.00395417912,0.0402417146,-0.00276074838,-4.90698242,20.400116,-45.7985229,2
30.4502517,-0.0348250103,-0.00428434951,0.0297611226,-0.998941023,0.0106583289,0.0693768888,-0.0599375991,0.104269088,-0.679809187,-9.7825034,-0.144072216,0.0206540079,0.148684833,0.034580715,0.151470155,-0.0102231894,-4.81451416,20.4565582,-45.5610046,2
30.4602097,-0.0350829729,-0.00503727741,0.0297771679,-0.998927965,0.012183105,0.0698475137,-0.0600262546,0.119181173,-0.68441332,-9.78201182,-0.131002078,0.0227143014,0.289451733,0.0563384742,0.140625238,-0.00793313608,-4.77146149,20.1774445,-45.7626038,2
30.4701677,-0.0353045989,-0.00551830478,0.0297861595,-0.998917372,0.0131606888,0.0702618124,-0.0600817616,0.128740115,-0.688466248,-9.78160616,0.080453739,0.00716463093,0.17756606,0.023630036,0.0571806617,0.00421047397,-4.82820892,20.2087555,-45.5588989,2
30.4801262,-0.0352318363,-0.00560612853,0.0297166306,-0.998921544,0.0133272444,0.0701119172,-0.0599472845,0.130370666,-0.686999829,-9.78168799,0.170999961,-0.162943295,0.0740980864,-0.0567819811,-0.0176163465,0.0264465362,-4.76520538,20.2252197,-45.8628235,2
30.4900842,-0.0348007867,-0.00539753539,0.0295638193,-0.99894233,0.012872562,0.0692641838,-0.0596189601,0.125930538,-0.678706632,-9.78232512,0.125161836,-0.203857562,0.0594721797,-0.10971231,-0.0609435812,0.0449041054,-4.83987427,20.1519012,-45.886322,2
30.5000422,-0.0342579511,-0.00509359216,0.0293970576,-0.998967677,0.012219543,0.0681985519,-0.059254746,0.119551239,-0.668281027,-9.78312299,0.0128785151,0.0136149031,-0.0622831454,-0.0963666737,-0.0585696399,0.0261362791,-4.87492371,20.3845367,-45.7587891,2
30.5099992,-0.0339241046,-0.00489818419,0.0293936225,-0.998980124,0.0118078791,0.0675424044,-0.0592292174,0.115529025,-0.661861223,-9.78360756,-0.201869457,0.229107666,-0.247947756,-0.035666585,-0.0217841119,-0.0203232039,-4.82794189,20.4877625,-45.8591614,2
30.5199572,-0.0338769901,-0.00484801981,0.0295804196,-0.998976471,0.0117172169,0.067448949,-0.0595994746,0.114642744,-0.660946812,-9.78368004,-0.25889291,0.211733191,-0.371027023,0.0142250713,-0.00414120266,-0.0412412696,-4.91468048,20.4715271,-46.0748596,2
30.5299152,-0.0339644497,-0.00480286415,0.0297782474,-0.998967764,0.0116454966,0.0676242687,-0.0599942986,0.113939701,-0.662662237,-9.78357191,-0.0896979344,0.123217141,-0.33148061,0.0143256057,-0.0181485806,-0.0328047387,-4.84168243,20.4026642,-45.9279175,2
