{
  "branch": "own",
  "own_profile": "own_branch",
  "dataset_key": "own_branch",
  "dataset_dir": "/Users/mac/Desktop/Folder/Research/Dachuang_original/Lego-like-Geomagnetic-Positioning/own_branch/data/own_data/Geomagnetic Navigation 2026-03-19 20-10-45",
  "route_label": "manual_controls",
  "map_mode": "raw",
  "map_npz_path": null,
  "mirror_y": false,
  "initial_heading_rad": 1.5707963267948966,
  "initial_heading_deg": 90.0,
  "use_route_initial_heading": true,
  "heading_offset_deg": -90.0,
  "trim_head": 0,
  "trim_tail": 0,
  "full_sensor_frames": 829,
  "sensor_frames_used": 829,
  "steps_detected": 23,
  "map_point_cloud_mode": "tile_matrix",
  "map_point_cloud_shape": [
    136485,
    3
  ],
  "map_bounds": [
    0.0,
    6.74,
    0.0,
    8.1
  ],
  "route_len": 157,
  "pdr_error_stats": {
    "mean": 3.4193876224923927,
    "median": 3.659048071267639,
    "p95": 5.984677140125098,
    "final": 6.185750494025496
  },
  "pf_error_stats": {
    "mean": 2.643811178299775,
    "median": 3.218606721060625,
    "p95": 3.735551610490719,
    "final": 3.3628171850975583
  },
  "pdr_error_series": [
    0.6691122944876313,
    0.8256611807018309,
    0.957180696612617,
    1.1359044784598995,
    1.326447889539471,
    1.4631798931540603,
    1.7264547528685332,
    1.9619239313031127,
    2.271687171437486,
    2.6608201195250394,
    3.0514105324731244,
    3.4299438210813062,
    3.8881523214539717,
    4.000921378554425,
    4.150745853878644,
    4.331204141609096,
    4.741305535981012,
    5.013381080759788,
    5.303682828757816,
    5.486108791693142,
    5.616753289941737,
    5.861082503093367,
    6.006487958424815,
    6.185750494025496
  ],
  "pf_error_series": [
    0.6691122944876323,
    0.8255901671318849,
    0.9522831352244093,
    1.1139377657151341,
    1.2887768117621692,
    1.533205627206875,
    1.8206027415051664,
    2.0672761100602908,
    2.3551821357298524,
    2.721429940525179,
    3.009329901230212,
    3.288676098558086,
    3.39377975560184,
    3.2226448248087656,
    3.2699580625826834,
    3.214568617312484,
    3.466433337738218,
    3.34566774305059,
    3.553017733876939,
    3.7456608244637617,
    3.8797254310677247,
    3.678266064643476,
    3.6735259698136593,
    3.3628171850975583
  ],
  "pdr_track": [
    [
      1.155774601420032,
      0.6398308902150085
    ],
    [
      1.1536662676363223,
      1.156126788798977
    ],
    [
      1.1691243412483123,
      1.641056687715084
    ],
    [
      1.17743601362211,
      2.1248993515853267
    ],
    [
      1.1647536482900682,
      2.674049482917613
    ],
    [
      1.133943777256943,
      3.1698038278046745
    ],
    [
      1.1465051825977577,
      3.7868513132708364
    ],
    [
      1.1809701209743764,
      4.322940360169151
    ],
    [
      1.0331128601658208,
      4.997510320291898
    ],
    [
      1.0238045521427153,
      5.740555015896309
    ],
    [
      0.9705790563106612,
      6.485392193942872
    ],
    [
      1.0454269916083132,
      7.216379823627329
    ],
    [
      1.1506536478412284,
      7.97397520416865
    ],
    [
      1.309696265779561,
      8.429609664665328
    ],
    [
      1.8610884835941328,
      8.84925649419172
    ],
    [
      2.395974347930505,
      9.170937737193947
    ],
    [
      3.045241899936316,
      9.505092129857848
    ],
    [
      3.538816635217991,
      9.726252585970064
    ],
    [
      4.147065955427637,
      9.939111012604029
    ],
    [
      4.824806187584762,
      9.996156928911732
    ],
    [
      5.443902551509573,
      10.01165277546382
    ],
    [
      6.150518315174528,
      10.066796472796055
    ],
    [
      6.861053918454978,
      10.014511254413927
    ],
    [
      7.524622034082801,
      10.01860842090501
    ]
  ],
  "pf_track": [
    [
      1.1557746014200334,
      0.6398308902150092
    ],
    [
      1.1626634111382799,
      1.1538290984655313
    ],
    [
      1.183246746873847,
      1.632745137520622
    ],
    [
      1.2532098468376214,
      2.0846559131200477
    ],
    [
      1.3304792443233184,
      2.5978787101459115
    ],
    [
      1.3545994712433622,
      3.198556867822928
    ],
    [
      1.4240323366342644,
      3.8309738944198726
    ],
    [
      1.4964719996150517,
      4.369953933566972
    ],
    [
      1.4214963139899666,
      5.036524636074424
    ],
    [
      1.4785004211168142,
      5.752079726395708
    ],
    [
      1.5167315082184851,
      6.391383384377988
    ],
    [
      1.6536929780774279,
      7.002182026794143
    ],
    [
      1.7512463536005722,
      7.390753056577129
    ],
    [
      2.0320116526594303,
      7.483116760413972
    ],
    [
      2.5541624038124913,
      7.65254325034145
    ],
    [
      3.0262244693062357,
      7.595317295906826
    ],
    [
      3.6267672220709612,
      7.725619638088094
    ],
    [
      3.8868884812381066,
      7.608805429119826
    ],
    [
      4.449965842892386,
      7.707298808256242
    ],
    [
      5.0850642058420075,
      7.713444828989383
    ],
    [
      5.646499784005705,
      7.698516686768286
    ],
    [
      5.816183389919311,
      7.552046436465762
    ],
    [
      6.233365079292437,
      7.481825197465545
    ],
    [
      6.344394469037892,
      7.29422542625287
    ]
  ],
  "particle_counts": [
    5000,
    5000,
    5000,
    5000,
    5000,
    1000,
    1000,
    1000,
    1000,
    1000,
    1000,
    1000,
    1000,
    1000,
    1000,
    1000,
    1000,
    1000,
    1000,
    1000,
    1000,
    1000,
    1000,
    1000
  ],