{
  "branch": "own",
  "dataset_key": "route1_run1",
  "dataset_dir": "/Users/mac/Desktop/Folder/Research/Dachuang_original/Lego-like-Geomagnetic-Positioning/data/own_data_package/route1_run1",
  "route_label": "route1",
  "map_mode": "raw",
  "map_npz_path": null,
  "mirror_y": false,
  "initial_heading_rad": 1.5707963267948966,
  "initial_heading_deg": 90.0,
  "use_route_initial_heading": true,
  "heading_offset_deg": 0.0,
  "trim_head": 0,
  "trim_tail": 0,
  "full_sensor_frames": 1914,
  "sensor_frames_used": 20,
  "steps_detected": 1,
  "map_point_cloud_mode": "tile_matrix",
  "map_point_cloud_shape": [
    10784,
    3
  ],
  "map_bounds": [
    0.0,
    11.52,
    0.0,
    8.8
  ],
  "route_len": 100,
  "pdr_error_stats": {
    "mean": 0.2785505377058234,
    "median": 0.2785505377058234,
    "p95": 0.39730878014117,
    "final": 0.4105041404117641
  },
  "pf_error_stats": {
    "mean": 0.2786785229648701,
    "median": 0.2786785229648701,
    "p95": 0.39755195213335826,
    "final": 0.410760110929857
  },
  "pdr_error_series": [
    0.14659693499988266,
    0.4105041404117641
  ],
  "pf_error_series": [
    0.14659693499988327,
    0.410760110929857
  ],
  "pdr_track": [
    [
      1.4439001956245492,
      0.6965450436741212
    ],
    [
      1.4307756344829365,
      1.20157081171619
    ]
  ],
  "pf_track": [
    [
      1.4439001956245505,
      0.6965450436741217
    ],
    [
      1.4307174006884762,
      1.2018255346363338
    ]
  ],
  "particle_counts": [
    5000,
    5000
  ],
  "route_xy_m": [
    [
      1.44,
      0.55
    ],
    [
      1.44,
      0.5524360638780702
    ],
    [
      1.44,
      0.5548721277561404
    ],
    [
      1.44,
      0.5573081916342105
    ],
    [
      1.44,
      0.5597442555122807
    ],
    [
      1.44,
      0.5621803193903507
    ],
    [
      1.44,
      0.5646163832684209
    ],
    [
      1.44,
      0.5670524471464911
    ],
    [
      1.44,
      0.5694885110245612
    ],
    [
      1.44,
      0.5719245749026314
    ],
    [
      1.44,
      0.5743606387807015
    ],
    [
      1.44,
      0.5767967026587717
    ],
    [
      1.44,
      0.5792327665368419
    ],
    [
      1.44,
      0.581668830414912
    ],
    [
      1.44,
      0.5841048942929821
    ],
    [
      1.44,
      0.5865409581710522
    ],
    [
      1.44,
      0.5889770220491224
    ],
    [
      1.44,
      0.5914130859271925
    ],
    [
      1.44,
      0.5938491498052627
    ],
    [
      1.44,
      0.5962852136833329
    ],
    [
      1.44,
      0.598721277561403
    ],
    [
      1.44,
      0.6011573414394732
    ],
    [
      1.44,
      0.6035934053175432
    ],
    [
      1.44,
      0.6060294691956134
    ],
    [
      1.44,
      0.6084655330736836
    ],
    [
      1.44,
      0.6109015969517537
    ],
    [
      1.44,
      0.6133376608298239
    ],
    [
      1.44,
      0.615773724707894
    ],
    [
      1.44,
      0.6182097885859642
    ],
    [
      1.44,
      0.6206458524640344
    ],
    [
      1.44,
      0.6230819163421044
    ],
    [
      1.44,
      0.6255179802201746
    ],
    [
      1.44,
      0.6279540440982447
    ],
    [
      1.44,
      0.6303901079763149
    ],
    [
      1.44,
      0.6328261718543851
    ],
    [
      1.44,
      0.6352622357324552
    ],
    [
      1.44,
      0.6376982996105254
    ],
    [
      1.44,
      0.6401343634885955
    ],
    [
      1.44,
      0.6425704273666657
    ],
    [
      1.44,
      0.6450064912447357
    ],
    [
      1.44,
      0.6474425551228059
    ],
    [
      1.44,
      0.6498786190008761
    ],
    [
      1.44,
      0.6523146828789462
    ],
    [
      1.44,
      0.6547507467570164
    ],
    [
      1.44,
      0.6571868106350865
    ],
    [
      1.44,
      0.6596228745131567
    ],
    [
      1.44,
      0.6620589383912269
    ],
    [
      1.44,
      0.664495002269297
    ],
    [
      1.44,
      0.6669310661473671
    ],
    [
      1.44,
      0.6693671300254372
    ],
    [
      1.44,
      0.6718031939035074
    ],
    [
      1.44,
      0.6742392577815776
    ],
    [
      1.44,
      0.6766753216596477
    ],
    [
      1.44,
      0.6791113855377179
    ],
    [
      1.44,
      0.681547449415788
    ],
    [
      1.44,
      0.6839835132938581
    ],
    [
      1.44,
      0.6864195771719284
    ],
    [
      1.44,
      0.6888556410499984
    ],
    [
      1.44,
      0.6912917049280686
    ],
    [
      1.44,
      0.6937277688061387
    ],
    [
      1.44,
      0.6961638326842089
    ],
    [
      1.44,
      0.698599896562279
    ],
    [
      1.44,
      0.7010359604403492
    ],
    [
      1.44,
      0.7034720243184194
    ],
    [
      1.44,
      0.7059080881964894
    ],
    [
      1.44,
      0.7083441520745597
    ],
    [
      1.44,
      0.7107802159526297
    ],
    [
      1.44,
      0.7132162798306999
    ],
    [
      1.44,
      0.7156523437087701
    ],
    [
      1.44,
      0.7180884075868402
    ],
    [
      1.44,
      0.7205244714649104
    ],
    [
      1.44,
      0.7229605353429805
    ],
    [
      1.44,
      0.7253965992210507
    ],
    [
      1.44,
      0.7278326630991208
    ],
    [
      1.44,
      0.7302687269771909
    ],
    [
      1.44,
      0.7327047908552611
    ],
    [
      1.44,
      0.7351408547333312
    ],
    [
      1.44,
      0.7375769186114014
    ],
    [
      1.44,
      0.7400129824894716
    ],
    [
      1.44,
      0.7424490463675417
    ],
    [
      1.44,
      0.7448851102456118
    ],
    [
      1.44,
      0.747321174123682
    ],
    [
      1.44,
      0.7497572380017521
    ],
    [
      1.44,
      0.7521933018798223
    ],
    [
      1.44,
      0.7546293657578924
    ],
    [
      1.44,
      0.7570654296359626
    ],
    [
      1.44,
      0.7595014935140327
    ],
    [
      1.44,
      0.7619375573921029
    ],
    [
      1.44,
      0.764373621270173
    ],
    [
      1.44,
      0.7668096851482431
    ],
    [
      1.44,
      0.7692457490263134
    ],
    [
      1.44,
      0.7716818129043834
    ],
    [
      1.44,
      0.7741178767824536
    ],
    [
      1.44,
      0.7765539406605237
    ],
    [
      1.44,
      0.7789900045385939
    ],
    [
      1.44,
      0.7814260684166641
    ],
    [
      1.44,
      0.7838621322947342
    ],
    [
      1.44,
      0.7862981961728044
    ],
    [
      1.44,
      0.7887342600508744
    ],
    [
      1.44,
      0.7911703239289447
    ]
  ],
  "output_png": "results/branch_own_smoke.png"
}