{
  "branch": "own",
  "own_profile": "own_branch",
  "dataset_key": "own_branch",
  "dataset_dir": "/Users/mac/Desktop/Folder/Research/Dachuang_original/Lego-like-Geomagnetic-Positioning/own_branch/data/own_data/Geomagnetic Navigation 2026-03-19 20-10-45",
  "route_label": "manual_controls",
  "map_mode": "raw",
  "map_npz_path": null,
  "mirror_y": false,
  "initial_heading_rad": 1.5707963267948966,
  "initial_heading_deg": 90.0,
  "use_route_initial_heading": true,
  "heading_offset_deg": -90.0,
  "trim_head": 0,
  "trim_tail": 0,
  "full_sensor_frames": 829,
  "sensor_frames_used": 20,
  "steps_detected": 1,
  "map_point_cloud_mode": "tile_matrix",
  "map_point_cloud_shape": [
    136485,
    3
  ],
  "map_bounds": [
    0.0,
    6.74,
    0.0,
    8.1
  ],
  "route_len": 100,
  "pdr_error_stats": {
    "mean": 0.30949984995912033,
    "median": 0.30949984995912033,
    "p95": 0.45547952069328135,
    "final": 0.4716994841081881
  },
  "pf_error_stats": {
    "mean": 0.3110600795547615,
    "median": 0.3110600795547615,
    "p95": 0.45844395692499934,
    "final": 0.47481994329947025
  },
  "pdr_error_series": [
    0.14730021581005256,
    0.4716994841081881
  ],
  "pf_error_series": [
    0.1473002158100528,
    0.47481994329947025
  ],
  "pdr_track": [
    [
      0.9748964342125909,
      0.14654504367408
    ],
    [
      0.9727881004288811,
      0.6628409422580486
    ]
  ],
  "pf_track": [
    [
      0.9748964342125919,
      0.1465450436740801
    ],
    [
      0.971072530489841,
      0.6660056603460027
    ]
  ],
  "particle_counts": [
    5000,
    5000
  ],
  "route_xy_m": [
    [
      0.96,
      0.0
    ],
    [
      0.96,
      0.0019324731025575437
    ],
    [
      0.96,
      0.0038649462051150874
    ],
    [
      0.96,
      0.005797419307672631
    ],
    [
      0.96,
      0.007729892410230175
    ],
    [
      0.96,
      0.009662365512787718
    ],
    [
      0.96,
      0.011594838615345262
    ],
    [
      0.96,
      0.013527311717902807
    ],
    [
      0.96,
      0.01545978482046035
    ],
    [
      0.96,
      0.017392257923017893
    ],
    [
      0.96,
      0.019324731025575435
    ],
    [
      0.96,
      0.02125720412813298
    ],
    [
      0.96,
      0.023189677230690525
    ],
    [
      0.96,
      0.025122150333248067
    ],
    [
      0.96,
      0.027054623435805614
    ],
    [
      0.96,
      0.028987096538363157
    ],
    [
      0.96,
      0.0309195696409207
    ],
    [
      0.96,
      0.03285204274347824
    ],
    [
      0.96,
      0.034784515846035785
    ],
    [
      0.96,
      0.03671698894859333
    ],
    [
      0.96,
      0.03864946205115087
    ],
    [
      0.96,
      0.04058193515370842
    ],
    [
      0.96,
      0.04251440825626596
    ],
    [
      0.96,
      0.044446881358823506
    ],
    [
      0.96,
      0.04637935446138105
    ],
    [
      0.96,
      0.04831182756393859
    ],
    [
      0.96,
      0.050244300666496135
    ],
    [
      0.96,
      0.05217677376905368
    ],
    [
      0.96,
      0.05410924687161123
    ],
    [
      0.96,
      0.05604171997416877
    ],
    [
      0.96,
      0.05797419307672631
    ],
    [
      0.96,
      0.059906666179283856
    ],
    [
      0.96,
      0.0618391392818414
    ],
    [
      0.96,
      0.06377161238439895
    ],
    [
      0.96,
      0.06570408548695648
    ],
    [
      0.96,
      0.06763655858951403
    ],
    [
      0.96,
      0.06956903169207157
    ],
    [
      0.96,
      0.07150150479462912
    ],
    [
      0.96,
      0.07343397789718666
    ],
    [
      0.96,
      0.0753664509997442
    ],
    [
      0.96,
      0.07729892410230174
    ],
    [
      0.96,
      0.07923139720485929
    ],
    [
      0.96,
      0.08116387030741684
    ],
    [
      0.96,
      0.08309634340997438
    ],
    [
      0.96,
      0.08502881651253193
    ],
    [
      0.96,
      0.08696128961508946
    ],
    [
      0.96,
      0.08889376271764701
    ],
    [
      0.96,
      0.09082623582020455
    ],
    [
      0.96,
      0.0927587089227621
    ],
    [
      0.96,
      0.09469118202531965
    ],
    [
      0.96,
      0.09662365512787718
    ],
    [
      0.96,
      0.09855612823043473
    ],
    [
      0.96,
      0.10048860133299227
    ],
    [
      0.96,
      0.10242107443554982
    ],
    [
      0.96,
      0.10435354753810736
    ],
    [
      0.96,
      0.1062860206406649
    ],
    [
      0.96,
      0.10821849374322245
    ],
    [
      0.96,
      0.11015096684577999
    ],
    [
      0.96,
      0.11208343994833754
    ],
    [
      0.96,
      0.11401591305089508
    ],
    [
      0.96,
      0.11594838615345263
    ],
    [
      0.96,
      0.11788085925601016
    ],
    [
      0.96,
      0.11981333235856771
    ],
    [
      0.96,
      0.12174580546112525
    ],
    [
      0.96,
      0.1236782785636828
    ],
    [
      0.96,
      0.12561075166624033
    ],
    [
      0.96,
      0.1275432247687979
    ],
    [
      0.96,
      0.12947569787135543
    ],
    [
      0.96,
      0.13140817097391297
    ],
    [
      0.96,
      0.1333406440764705
    ],
    [
      0.96,
      0.13527311717902807
    ],
    [
      0.96,
      0.1372055902815856
    ],
    [
      0.96,
      0.13913806338414314
    ],
    [
      0.96,
      0.1410705364867007
    ],
    [
      0.96,
      0.14300300958925824
    ],
    [
      0.96,
      0.14493548269181578
    ],
    [
      0.96,
      0.1468679557943733
    ],
    [
      0.96,
      0.14880042889693088
    ],
    [
      0.96,
      0.1507329019994884
    ],
    [
      0.96,
      0.15266537510204595
    ],
    [
      0.96,
      0.15459784820460348
    ],
    [
      0.96,
      0.15653032130716105
    ],
    [
      0.96,
      0.15846279440971858
    ],
    [
      0.96,
      0.16039526751227612
    ],
    [
      0.96,
      0.16232774061483368
    ],
    [
      0.96,
      0.16426021371739122
    ],
    [
      0.96,
      0.16619268681994875
    ],
    [
      0.96,
      0.1681251599225063
    ],
    [
      0.96,
      0.17005763302506385
    ],
    [
      0.96,
      0.1719901061276214
    ],
    [
      0.96,
      0.17392257923017893
    ],
    [
      0.96,
      0.1758550523327365
    ],
    [
      0.96,
      0.17778752543529402
    ],
    [
      0.96,
      0.17971999853785156
    ],
    [
      0.96,
      0.1816524716404091
    ],
    [
      0.96,
      0.18358494474296666
    ],
    [
      0.96,
      0.1855174178455242
    ],
    [
      0.96,
      0.18744989094808173
    ],
    [
      0.96,
      0.1893823640506393
    ],
    [
      0.96,
      0.19131483715319683
    ]
  ],
  "output_png": "results/branch_own_known_heading_smoke.png"
}