{
  "branch": "own",
  "own_profile": "package",
  "dataset_key": "route1_run1",
  "dataset_dir": "/Users/mac/Desktop/Folder/Research/Dachuang_original/Lego-like-Geomagnetic-Positioning/data/own_data_package/route1_run1",
  "route_label": "route1",
  "map_mode": "raw",
  "map_npz_path": null,
  "mirror_y": false,
  "initial_heading_rad": 1.5707963267948966,
  "initial_heading_deg": 90.0,
  "use_route_initial_heading": true,
  "heading_offset_deg": 0.0,
  "trim_head": 0,
  "trim_tail": 0,
  "full_sensor_frames": 1914,
  "sensor_frames_used": 5,
  "steps_detected": 0,
  "map_point_cloud_mode": "tile_matrix",
  "map_point_cloud_shape": [
    10784,
    3
  ],
  "map_bounds": [
    0.0,
    11.52,
    0.0,
    8.8
  ],
  "route_len": 100,
  "pdr_error_stats": {
    "mean": 0.14659693499988266,
    "median": 0.14659693499988266,
    "p95": 0.14659693499988266,
    "final": 0.14659693499988266
  },
  "pf_error_stats": {
    "mean": 0.14659693499988327,
    "median": 0.14659693499988327,
    "p95": 0.14659693499988327,
    "final": 0.14659693499988327
  },
  "pdr_error_series": [
    0.14659693499988266
  ],
  "pf_error_series": [
    0.14659693499988327
  ],
  "pdr_track": [
    [
      1.4439001956245492,
      0.6965450436741212
    ]
  ],
  "pf_track": [
    [
      1.4439001956245505,
      0.6965450436741217
    ]
  ],
  "particle_counts": [
    5000
  ],
  "route_xy_m": [
    [
      1.44,
      0.55
    ],
    [
      1.44,
      0.5506090159695176
    ],
    [
      1.44,
      0.5512180319390351
    ],
    [
      1.44,
      0.5518270479085526
    ],
    [
      1.44,
      0.5524360638780702
    ],
    [
      1.44,
      0.5530450798475878
    ],
    [
      1.44,
      0.5536540958171052
    ],
    [
      1.44,
      0.5542631117866228
    ],
    [
      1.44,
      0.5548721277561404
    ],
    [
      1.44,
      0.5554811437256578
    ],
    [
      1.44,
      0.5560901596951754
    ],
    [
      1.44,
      0.556699175664693
    ],
    [
      1.44,
      0.5573081916342105
    ],
    [
      1.44,
      0.557917207603728
    ],
    [
      1.44,
      0.5585262235732456
    ],
    [
      1.44,
      0.5591352395427631
    ],
    [
      1.44,
      0.5597442555122807
    ],
    [
      1.44,
      0.5603532714817981
    ],
    [
      1.44,
      0.5609622874513157
    ],
    [
      1.44,
      0.5615713034208333
    ],
    [
      1.44,
      0.5621803193903507
    ],
    [
      1.44,
      0.5627893353598683
    ],
    [
      1.44,
      0.5633983513293859
    ],
    [
      1.44,
      0.5640073672989034
    ],
    [
      1.44,
      0.5646163832684209
    ],
    [
      1.44,
      0.5652253992379385
    ],
    [
      1.44,
      0.565834415207456
    ],
    [
      1.44,
      0.5664434311769735
    ],
    [
      1.44,
      0.5670524471464911
    ],
    [
      1.44,
      0.5676614631160086
    ],
    [
      1.44,
      0.5682704790855262
    ],
    [
      1.44,
      0.5688794950550436
    ],
    [
      1.44,
      0.5694885110245612
    ],
    [
      1.44,
      0.5700975269940788
    ],
    [
      1.44,
      0.5707065429635962
    ],
    [
      1.44,
      0.5713155589331138
    ],
    [
      1.44,
      0.5719245749026314
    ],
    [
      1.44,
      0.572533590872149
    ],
    [
      1.44,
      0.5731426068416664
    ],
    [
      1.44,
      0.573751622811184
    ],
    [
      1.44,
      0.5743606387807015
    ],
    [
      1.44,
      0.5749696547502191
    ],
    [
      1.44,
      0.5755786707197366
    ],
    [
      1.44,
      0.5761876866892541
    ],
    [
      1.44,
      0.5767967026587717
    ],
    [
      1.44,
      0.5774057186282892
    ],
    [
      1.44,
      0.5780147345978067
    ],
    [
      1.44,
      0.5786237505673243
    ],
    [
      1.44,
      0.5792327665368419
    ],
    [
      1.44,
      0.5798417825063593
    ],
    [
      1.44,
      0.5804507984758769
    ],
    [
      1.44,
      0.5810598144453945
    ],
    [
      1.44,
      0.581668830414912
    ],
    [
      1.44,
      0.5822778463844295
    ],
    [
      1.44,
      0.582886862353947
    ],
    [
      1.44,
      0.5834958783234646
    ],
    [
      1.44,
      0.5841048942929821
    ],
    [
      1.44,
      0.5847139102624996
    ],
    [
      1.44,
      0.5853229262320172
    ],
    [
      1.44,
      0.5859319422015348
    ],
    [
      1.44,
      0.5865409581710522
    ],
    [
      1.44,
      0.5871499741405698
    ],
    [
      1.44,
      0.5877589901100874
    ],
    [
      1.44,
      0.5883680060796048
    ],
    [
      1.44,
      0.5889770220491224
    ],
    [
      1.44,
      0.58958603801864
    ],
    [
      1.44,
      0.5901950539881575
    ],
    [
      1.44,
      0.590804069957675
    ],
    [
      1.44,
      0.5914130859271925
    ],
    [
      1.44,
      0.5920221018967101
    ],
    [
      1.44,
      0.5926311178662276
    ],
    [
      1.44,
      0.5932401338357451
    ],
    [
      1.44,
      0.5938491498052627
    ],
    [
      1.44,
      0.5944581657747803
    ],
    [
      1.44,
      0.5950671817442977
    ],
    [
      1.44,
      0.5956761977138153
    ],
    [
      1.44,
      0.5962852136833329
    ],
    [
      1.44,
      0.5968942296528503
    ],
    [
      1.44,
      0.5975032456223679
    ],
    [
      1.44,
      0.5981122615918855
    ],
    [
      1.44,
      0.598721277561403
    ],
    [
      1.44,
      0.5993302935309205
    ],
    [
      1.44,
      0.5999393095004381
    ],
    [
      1.44,
      0.6005483254699556
    ],
    [
      1.44,
      0.6011573414394732
    ],
    [
      1.44,
      0.6017663574089906
    ],
    [
      1.44,
      0.6023753733785082
    ],
    [
      1.44,
      0.6029843893480258
    ],
    [
      1.44,
      0.6035934053175432
    ],
    [
      1.44,
      0.6042024212870608
    ],
    [
      1.44,
      0.6048114372565784
    ],
    [
      1.44,
      0.605420453226096
    ],
    [
      1.44,
      0.6060294691956134
    ],
    [
      1.44,
      0.606638485165131
    ],
    [
      1.44,
      0.6072475011346485
    ],
    [
      1.44,
      0.607856517104166
    ],
    [
      1.44,
      0.6084655330736836
    ],
    [
      1.44,
      0.6090745490432011
    ],
    [
      1.44,
      0.6096835650127187
    ],
    [
      1.44,
      0.6102925809822362
    ]
  ],
  "output_png": "results/branch_own_package_smoke.png"
}