{
  "branch": "own",
  "dataset_key": "route1_run1",
  "dataset_dir": "/Users/mac/Desktop/Folder/Research/Dachuang_original/Lego-like-Geomagnetic-Positioning/data/own_data_package/route1_run1",
  "route_label": "route1",
  "map_mode": "raw",
  "map_npz_path": null,
  "mirror_y": false,
  "initial_heading_rad": 1.5707963267948966,
  "initial_heading_deg": 90.0,
  "use_route_initial_heading": true,
  "heading_offset_deg": 0.0,
  "trim_head": 0,
  "trim_tail": 0,
  "full_sensor_frames": 1914,
  "sensor_frames_used": 1,
  "steps_detected": 0,
  "map_point_cloud_mode": "tile_matrix",
  "map_point_cloud_shape": [
    10784,
    3
  ],
  "map_bounds": [
    0.0,
    11.52,
    0.0,
    8.8
  ],
  "route_len": 100,
  "pdr_error_stats": {
    "mean": 0.14659693499988266,
    "median": 0.14659693499988266,
    "p95": 0.14659693499988266,
    "final": 0.14659693499988266
  },
  "pf_error_stats": {
    "mean": 0.14659693499988327,
    "median": 0.14659693499988327,
    "p95": 0.14659693499988327,
    "final": 0.14659693499988327
  },
  "pdr_error_series": [
    0.14659693499988266
  ],
  "pf_error_series": [
    0.14659693499988327
  ],
  "pdr_track": [
    [
      1.4439001956245492,
      0.6965450436741212
    ]
  ],
  "pf_track": [
    [
      1.4439001956245505,
      0.6965450436741217
    ]
  ],
  "particle_counts": [
    5000
  ],
  "route_xy_m": [
    [
      1.44,
      0.55
    ],
    [
      1.44,
      0.5501218031939036
    ],
    [
      1.44,
      0.550243606387807
    ],
    [
      1.44,
      0.5503654095817105
    ],
    [
      1.44,
      0.5504872127756141
    ],
    [
      1.44,
      0.5506090159695176
    ],
    [
      1.44,
      0.550730819163421
    ],
    [
      1.44,
      0.5508526223573246
    ],
    [
      1.44,
      0.5509744255512281
    ],
    [
      1.44,
      0.5510962287451316
    ],
    [
      1.44,
      0.5512180319390351
    ],
    [
      1.44,
      0.5513398351329386
    ],
    [
      1.44,
      0.5514616383268421
    ],
    [
      1.44,
      0.5515834415207457
    ],
    [
      1.44,
      0.5517052447146491
    ],
    [
      1.44,
      0.5518270479085526
    ],
    [
      1.44,
      0.5519488511024562
    ],
    [
      1.44,
      0.5520706542963597
    ],
    [
      1.44,
      0.5521924574902631
    ],
    [
      1.44,
      0.5523142606841667
    ],
    [
      1.44,
      0.5524360638780702
    ],
    [
      1.44,
      0.5525578670719737
    ],
    [
      1.44,
      0.5526796702658772
    ],
    [
      1.44,
      0.5528014734597807
    ],
    [
      1.44,
      0.5529232766536842
    ],
    [
      1.44,
      0.5530450798475878
    ],
    [
      1.44,
      0.5531668830414912
    ],
    [
      1.44,
      0.5532886862353947
    ],
    [
      1.44,
      0.5534104894292983
    ],
    [
      1.44,
      0.5535322926232018
    ],
    [
      1.44,
      0.5536540958171052
    ],
    [
      1.44,
      0.5537758990110088
    ],
    [
      1.44,
      0.5538977022049123
    ],
    [
      1.44,
      0.5540195053988158
    ],
    [
      1.44,
      0.5541413085927193
    ],
    [
      1.44,
      0.5542631117866228
    ],
    [
      1.44,
      0.5543849149805263
    ],
    [
      1.44,
      0.5545067181744299
    ],
    [
      1.44,
      0.5546285213683333
    ],
    [
      1.44,
      0.5547503245622368
    ],
    [
      1.44,
      0.5548721277561404
    ],
    [
      1.44,
      0.5549939309500439
    ],
    [
      1.44,
      0.5551157341439473
    ],
    [
      1.44,
      0.5552375373378509
    ],
    [
      1.44,
      0.5553593405317544
    ],
    [
      1.44,
      0.5554811437256578
    ],
    [
      1.44,
      0.5556029469195614
    ],
    [
      1.44,
      0.5557247501134649
    ],
    [
      1.44,
      0.5558465533073684
    ],
    [
      1.44,
      0.5559683565012719
    ],
    [
      1.44,
      0.5560901596951754
    ],
    [
      1.44,
      0.5562119628890789
    ],
    [
      1.44,
      0.5563337660829825
    ],
    [
      1.44,
      0.5564555692768859
    ],
    [
      1.44,
      0.5565773724707894
    ],
    [
      1.44,
      0.556699175664693
    ],
    [
      1.44,
      0.5568209788585965
    ],
    [
      1.44,
      0.5569427820524999
    ],
    [
      1.44,
      0.5570645852464035
    ],
    [
      1.44,
      0.557186388440307
    ],
    [
      1.44,
      0.5573081916342105
    ],
    [
      1.44,
      0.557429994828114
    ],
    [
      1.44,
      0.5575517980220175
    ],
    [
      1.44,
      0.557673601215921
    ],
    [
      1.44,
      0.5577954044098246
    ],
    [
      1.44,
      0.557917207603728
    ],
    [
      1.44,
      0.5580390107976315
    ],
    [
      1.44,
      0.558160813991535
    ],
    [
      1.44,
      0.5582826171854386
    ],
    [
      1.44,
      0.558404420379342
    ],
    [
      1.44,
      0.5585262235732456
    ],
    [
      1.44,
      0.5586480267671491
    ],
    [
      1.44,
      0.5587698299610526
    ],
    [
      1.44,
      0.558891633154956
    ],
    [
      1.44,
      0.5590134363488596
    ],
    [
      1.44,
      0.5591352395427631
    ],
    [
      1.44,
      0.5592570427366667
    ],
    [
      1.44,
      0.5593788459305701
    ],
    [
      1.44,
      0.5595006491244736
    ],
    [
      1.44,
      0.5596224523183772
    ],
    [
      1.44,
      0.5597442555122807
    ],
    [
      1.44,
      0.5598660587061841
    ],
    [
      1.44,
      0.5599878619000876
    ],
    [
      1.44,
      0.5601096650939912
    ],
    [
      1.44,
      0.5602314682878947
    ],
    [
      1.44,
      0.5603532714817981
    ],
    [
      1.44,
      0.5604750746757017
    ],
    [
      1.44,
      0.5605968778696052
    ],
    [
      1.44,
      0.5607186810635088
    ],
    [
      1.44,
      0.5608404842574122
    ],
    [
      1.44,
      0.5609622874513157
    ],
    [
      1.44,
      0.5610840906452192
    ],
    [
      1.44,
      0.5612058938391227
    ],
    [
      1.44,
      0.5613276970330262
    ],
    [
      1.44,
      0.5614495002269297
    ],
    [
      1.44,
      0.5615713034208333
    ],
    [
      1.44,
      0.5616931066147367
    ],
    [
      1.44,
      0.5618149098086402
    ],
    [
      1.44,
      0.5619367130025438
    ],
    [
      1.44,
      0.5620585161964473
    ]
  ],
  "output_png": "results/debug_own_key.png"
}