{
  "branch": "own",
  "own_profile": "package",
  "dataset_key": "route1_run1",
  "dataset_dir": "/Users/mac/Desktop/Folder/Research/Dachuang_original/Lego-like-Geomagnetic-Positioning/data/own_data_package/route1_run1",
  "route_label": "route1",
  "map_mode": "raw",
  "map_npz_path": null,
  "mirror_y": false,
  "initial_heading_rad": 1.5707963267948966,
  "initial_heading_deg": 90.0,
  "use_route_initial_heading": true,
  "heading_offset_deg": -90.0,
  "trim_head": 0,
  "trim_tail": 0,
  "full_sensor_frames": 1914,
  "sensor_frames_used": 3,
  "steps_detected": 0,
  "map_point_cloud_mode": "tile_matrix",
  "map_point_cloud_shape": [
    10784,
    3
  ],
  "map_bounds": [
    0.0,
    11.52,
    0.0,
    8.8
  ],
  "route_len": 100,
  "pdr_error_stats": {
    "mean": 0.3416364548112987,
    "median": 0.3416364548112987,
    "p95": 0.3416364548112987,
    "final": 0.3416364548112987
  },
  "pf_error_stats": {
    "mean": 0.3416364548112998,
    "median": 0.3416364548112998,
    "p95": 0.3416364548112998,
    "final": 0.3416364548112998
  },
  "pdr_error_series": [
    0.3416364548112987
  ],
  "pf_error_series": [
    0.3416364548112998
  ],
  "pdr_track": [
    [
      1.4914939277826602,
      0.8877333899062199
    ]
  ],
  "pf_track": [
    [
      1.4914939277826618,
      0.8877333899062207
    ]
  ],
  "particle_counts": [
    5000
  ],
  "route_xy_m": [
    [
      1.44,
      0.55
    ],
    [
      1.44,
      0.5503654095817105
    ],
    [
      1.44,
      0.550730819163421
    ],
    [
      1.44,
      0.5510962287451316
    ],
    [
      1.44,
      0.5514616383268421
    ],
    [
      1.44,
      0.5518270479085526
    ],
    [
      1.44,
      0.5521924574902631
    ],
    [
      1.44,
      0.5525578670719737
    ],
    [
      1.44,
      0.5529232766536842
    ],
    [
      1.44,
      0.5532886862353947
    ],
    [
      1.44,
      0.5536540958171052
    ],
    [
      1.44,
      0.5540195053988158
    ],
    [
      1.44,
      0.5543849149805263
    ],
    [
      1.44,
      0.5547503245622368
    ],
    [
      1.44,
      0.5551157341439473
    ],
    [
      1.44,
      0.5554811437256578
    ],
    [
      1.44,
      0.5558465533073684
    ],
    [
      1.44,
      0.5562119628890789
    ],
    [
      1.44,
      0.5565773724707894
    ],
    [
      1.44,
      0.5569427820524999
    ],
    [
      1.44,
      0.5573081916342105
    ],
    [
      1.44,
      0.557673601215921
    ],
    [
      1.44,
      0.5580390107976315
    ],
    [
      1.44,
      0.558404420379342
    ],
    [
      1.44,
      0.5587698299610526
    ],
    [
      1.44,
      0.5591352395427631
    ],
    [
      1.44,
      0.5595006491244736
    ],
    [
      1.44,
      0.5598660587061841
    ],
    [
      1.44,
      0.5602314682878946
    ],
    [
      1.44,
      0.5605968778696052
    ],
    [
      1.44,
      0.5609622874513157
    ],
    [
      1.44,
      0.5613276970330262
    ],
    [
      1.44,
      0.5616931066147367
    ],
    [
      1.44,
      0.5620585161964473
    ],
    [
      1.44,
      0.5624239257781578
    ],
    [
      1.44,
      0.5627893353598683
    ],
    [
      1.44,
      0.5631547449415788
    ],
    [
      1.44,
      0.5635201545232894
    ],
    [
      1.44,
      0.5638855641049999
    ],
    [
      1.44,
      0.5642509736867104
    ],
    [
      1.44,
      0.5646163832684209
    ],
    [
      1.44,
      0.5649817928501315
    ],
    [
      1.44,
      0.565347202431842
    ],
    [
      1.44,
      0.5657126120135525
    ],
    [
      1.44,
      0.566078021595263
    ],
    [
      1.44,
      0.5664434311769735
    ],
    [
      1.44,
      0.5668088407586841
    ],
    [
      1.44,
      0.5671742503403946
    ],
    [
      1.44,
      0.5675396599221051
    ],
    [
      1.44,
      0.5679050695038156
    ],
    [
      1.44,
      0.5682704790855262
    ],
    [
      1.44,
      0.5686358886672367
    ],
    [
      1.44,
      0.5690012982489472
    ],
    [
      1.44,
      0.5693667078306577
    ],
    [
      1.44,
      0.5697321174123683
    ],
    [
      1.44,
      0.5700975269940788
    ],
    [
      1.44,
      0.5704629365757893
    ],
    [
      1.44,
      0.5708283461574998
    ],
    [
      1.44,
      0.5711937557392103
    ],
    [
      1.44,
      0.5715591653209209
    ],
    [
      1.44,
      0.5719245749026314
    ],
    [
      1.44,
      0.5722899844843419
    ],
    [
      1.44,
      0.5726553940660524
    ],
    [
      1.44,
      0.573020803647763
    ],
    [
      1.44,
      0.5733862132294735
    ],
    [
      1.44,
      0.573751622811184
    ],
    [
      1.44,
      0.5741170323928945
    ],
    [
      1.44,
      0.5744824419746051
    ],
    [
      1.44,
      0.5748478515563156
    ],
    [
      1.44,
      0.5752132611380261
    ],
    [
      1.44,
      0.5755786707197366
    ],
    [
      1.44,
      0.5759440803014471
    ],
    [
      1.44,
      0.5763094898831577
    ],
    [
      1.44,
      0.5766748994648682
    ],
    [
      1.44,
      0.5770403090465787
    ],
    [
      1.44,
      0.5774057186282892
    ],
    [
      1.44,
      0.5777711282099998
    ],
    [
      1.44,
      0.5781365377917103
    ],
    [
      1.44,
      0.5785019473734208
    ],
    [
      1.44,
      0.5788673569551313
    ],
    [
      1.44,
      0.5792327665368419
    ],
    [
      1.44,
      0.5795981761185524
    ],
    [
      1.44,
      0.5799635857002629
    ],
    [
      1.44,
      0.5803289952819733
    ],
    [
      1.44,
      0.580694404863684
    ],
    [
      1.44,
      0.5810598144453945
    ],
    [
      1.44,
      0.581425224027105
    ],
    [
      1.44,
      0.5817906336088154
    ],
    [
      1.44,
      0.5821560431905259
    ],
    [
      1.44,
      0.5825214527722365
    ],
    [
      1.44,
      0.582886862353947
    ],
    [
      1.44,
      0.5832522719356575
    ],
    [
      1.44,
      0.583617681517368
    ],
    [
      1.44,
      0.5839830910990786
    ],
    [
      1.44,
      0.5843485006807891
    ],
    [
      1.44,
      0.5847139102624996
    ],
    [
      1.44,
      0.5850793198442101
    ],
    [
      1.44,
      0.5854447294259207
    ],
    [
      1.44,
      0.5858101390076312
    ],
    [
      1.44,
      0.5861755485893417
    ]
  ],
  "output_png": "results/delete_check_route1_run1.png"
}