{
  "branch": "own",
  "own_profile": "package",
  "dataset_key": "route1_run2",
  "dataset_dir": "/Users/mac/Desktop/Folder/Research/Dachuang_original/Lego-like-Geomagnetic-Positioning/data/own_data_package/route1_run2",
  "route_label": "route1",
  "map_mode": "raw",
  "map_npz_path": null,
  "mirror_y": false,
  "initial_heading_rad": 1.5707963267948966,
  "initial_heading_deg": 90.0,
  "use_route_initial_heading": true,
  "heading_offset_deg": -90.0,
  "trim_head": 0,
  "trim_tail": 0,
  "full_sensor_frames": 2923,
  "sensor_frames_used": 5,
  "steps_detected": 0,
  "map_point_cloud_mode": "tile_matrix",
  "map_point_cloud_shape": [
    10784,
    3
  ],
  "map_bounds": [
    0.0,
    11.52,
    0.0,
    8.8
  ],
  "route_len": 100,
  "pdr_error_stats": {
    "mean": 0.3416364548112987,
    "median": 0.3416364548112987,
    "p95": 0.3416364548112987,
    "final": 0.3416364548112987
  },
  "pf_error_stats": {
    "mean": 0.3416364548112998,
    "median": 0.3416364548112998,
    "p95": 0.3416364548112998,
    "final": 0.3416364548112998
  },
  "pdr_error_series": [
    0.3416364548112987
  ],
  "pf_error_series": [
    0.3416364548112998
  ],
  "pdr_track": [
    [
      1.4914939277826602,
      0.8877333899062199
    ]
  ],
  "pf_track": [
    [
      1.4914939277826618,
      0.8877333899062207
    ]
  ],
  "particle_counts": [
    5000
  ],
  "route_xy_m": [
    [
      1.44,
      0.55
    ],
    [
      1.44,
      0.55039878774056
    ],
    [
      1.44,
      0.5507975754811198
    ],
    [
      1.44,
      0.5511963632216798
    ],
    [
      1.44,
      0.5515951509622397
    ],
    [
      1.44,
      0.5519939387027996
    ],
    [
      1.44,
      0.5523927264433593
    ],
    [
      1.44,
      0.5527915141839193
    ],
    [
      1.44,
      0.5531903019244792
    ],
    [
      1.44,
      0.5535890896650391
    ],
    [
      1.44,
      0.553987877405599
    ],
    [
      1.44,
      0.5543866651461589
    ],
    [
      1.44,
      0.5547854528867188
    ],
    [
      1.44,
      0.5551842406272787
    ],
    [
      1.44,
      0.5555830283678386
    ],
    [
      1.44,
      0.5559818161083985
    ],
    [
      1.44,
      0.5563806038489584
    ],
    [
      1.44,
      0.5567793915895182
    ],
    [
      1.44,
      0.5571781793300781
    ],
    [
      1.44,
      0.557576967070638
    ],
    [
      1.44,
      0.5579757548111979
    ],
    [
      1.44,
      0.5583745425517578
    ],
    [
      1.44,
      0.5587733302923177
    ],
    [
      1.44,
      0.5591721180328776
    ],
    [
      1.44,
      0.5595709057734375
    ],
    [
      1.44,
      0.5599696935139974
    ],
    [
      1.44,
      0.5603684812545573
    ],
    [
      1.44,
      0.5607672689951171
    ],
    [
      1.44,
      0.561166056735677
    ],
    [
      1.44,
      0.5615648444762369
    ],
    [
      1.44,
      0.5619636322167968
    ],
    [
      1.44,
      0.5623624199573567
    ],
    [
      1.44,
      0.5627612076979166
    ],
    [
      1.44,
      0.5631599954384765
    ],
    [
      1.44,
      0.5635587831790364
    ],
    [
      1.44,
      0.5639575709195963
    ],
    [
      1.44,
      0.5643563586601562
    ],
    [
      1.44,
      0.5647551464007161
    ],
    [
      1.44,
      0.5651539341412759
    ],
    [
      1.44,
      0.5655527218818358
    ],
    [
      1.44,
      0.5659515096223957
    ],
    [
      1.44,
      0.5663502973629556
    ],
    [
      1.44,
      0.5667490851035155
    ],
    [
      1.44,
      0.5671478728440754
    ],
    [
      1.44,
      0.5675466605846353
    ],
    [
      1.44,
      0.5679454483251952
    ],
    [
      1.44,
      0.5683442360657551
    ],
    [
      1.44,
      0.568743023806315
    ],
    [
      1.44,
      0.5691418115468749
    ],
    [
      1.44,
      0.5695405992874347
    ],
    [
      1.44,
      0.5699393870279946
    ],
    [
      1.44,
      0.5703381747685545
    ],
    [
      1.44,
      0.5707369625091144
    ],
    [
      1.44,
      0.5711357502496743
    ],
    [
      1.44,
      0.5715345379902342
    ],
    [
      1.44,
      0.5719333257307941
    ],
    [
      1.44,
      0.572332113471354
    ],
    [
      1.44,
      0.572730901211914
    ],
    [
      1.44,
      0.5731296889524738
    ],
    [
      1.44,
      0.5735284766930338
    ],
    [
      1.44,
      0.5739272644335935
    ],
    [
      1.44,
      0.5743260521741534
    ],
    [
      1.44,
      0.5747248399147133
    ],
    [
      1.44,
      0.5751236276552733
    ],
    [
      1.44,
      0.5755224153958332
    ],
    [
      1.44,
      0.5759212031363931
    ],
    [
      1.44,
      0.576319990876953
    ],
    [
      1.44,
      0.5767187786175129
    ],
    [
      1.44,
      0.5771175663580728
    ],
    [
      1.44,
      0.5775163540986327
    ],
    [
      1.44,
      0.5779151418391926
    ],
    [
      1.44,
      0.5783139295797524
    ],
    [
      1.44,
      0.5787127173203123
    ],
    [
      1.44,
      0.5791115050608722
    ],
    [
      1.44,
      0.5795102928014321
    ],
    [
      1.44,
      0.579909080541992
    ],
    [
      1.44,
      0.5803078682825519
    ],
    [
      1.44,
      0.5807066560231118
    ],
    [
      1.44,
      0.5811054437636717
    ],
    [
      1.44,
      0.5815042315042316
    ],
    [
      1.44,
      0.5819030192447915
    ],
    [
      1.44,
      0.5823018069853514
    ],
    [
      1.44,
      0.5827005947259112
    ],
    [
      1.44,
      0.5830993824664711
    ],
    [
      1.44,
      0.583498170207031
    ],
    [
      1.44,
      0.5838969579475909
    ],
    [
      1.44,
      0.5842957456881508
    ],
    [
      1.44,
      0.5846945334287107
    ],
    [
      1.44,
      0.5850933211692706
    ],
    [
      1.44,
      0.5854921089098305
    ],
    [
      1.44,
      0.5858908966503904
    ],
    [
      1.44,
      0.5862896843909503
    ],
    [
      1.44,
      0.5866884721315101
    ],
    [
      1.44,
      0.58708725987207
    ],
    [
      1.44,
      0.5874860476126299
    ],
    [
      1.44,
      0.5878848353531898
    ],
    [
      1.44,
      0.5882836230937497
    ],
    [
      1.44,
      0.5886824108343096
    ],
    [
      1.44,
      0.5890811985748695
    ],
    [
      1.44,
      0.5894799863154294
    ]
  ],
  "output_png": "results/main_one_switch_route1_run2_smoke.png"
}