{
  "dataset_key": "route1_run1",
  "dataset_dir": "/Users/mac/Desktop/Folder/Dachuang_original/Lego-like-Geomagnetic-Positioning/data/own_data_package/route1_run1",
  "route_label": "route1",
  "map_mode": "raw",
  "mirror_y": false,
  "heading_offset_deg": 0.0,
  "trim_head": 120,
  "trim_tail": 120,
  "full_sensor_frames": 1913,
  "map_point_cloud_mode": "tile_matrix",
  "map_point_cloud_shape": [
    10784,
    3
  ],
  "map_bounds": [
    0.0,
    11.52,
    0.0,
    8.8
  ],
  "route_len": 150,
  "sensor_frames_used": 300,
  "steps_detected": 26,
  "pdr_error_stats": {
    "mean": 5.992034706173927,
    "median": 5.9315331739222925,
    "p95": 11.197369990045797,
    "final": 11.881587934020015
  },
  "pf_error_stats": {
    "mean": 6.036623141981965,
    "median": 6.455707623594413,
    "p95": 10.134212210718056,
    "final": 10.332621418291167
  },
  "pdr_error_series": [
    0.013668723777562076,
    0.5162773766707587,
    0.9497922012362313,
    1.5512283174358141,
    2.068391961993582,
    2.4345642062509234,
    2.9010700491288146,
    3.215611764383425,
    3.736592684498848,
    4.322346206777531,
    4.663101529104347,
    5.018926100529448,
    5.534336830326155,
    5.9315331739222925,
    6.660083172065109,
    7.1011855194813736,
    7.395413090686317,
    7.704507911495554,
    8.201375975390684,
    8.909850550640634,
    9.1990324464311,
    9.490328747972885,
    9.844217727109546,
    10.281771892462652,
    10.958321727468247,
    11.299819245436176,
    11.881587934020015
  ],
  "pf_error_series": [
    0.013668723777560754,
    0.5164619218225082,
    0.9498742657165418,
    1.5093368848895021,
    2.20530460350733,
    2.7697351710135356,
    3.2228562394310787,
    3.56245601571769,
    4.082965282355423,
    4.624352209833135,
    4.984775283393132,
    5.394854353294376,
    6.158192876107951,
    6.455707623594413,
    7.023872217536705,
    7.3881180074589645,
    7.826634268409538,
    7.914526369844186,
    8.460118259233413,
    9.20368507733343,
    9.262939374015469,
    9.434189241983553,
    9.602180602342802,
    9.859765718349541,
    10.066326915660083,
    10.163305908600044,
    10.332621418291167
  ],
  "pdr_track": [
    [
      1.4439001956245492,
      1.984677882126902
    ],
    [
      1.9320573587000878,
      1.9872528264762694
    ],
    [
      2.349374183790798,
      1.9908620437131308
    ],
    [
      2.9478538218125583,
      2.0464741786105143
    ],
    [
      3.4598611542528093,
      2.11105663431176
    ],
    [
      3.8150917244543505,
      2.1674051633191085
    ],
    [
      4.288353427033822,
      2.273155917265194
    ],
    [
      4.593736511405077,
      2.3416638310055946
    ],
    [
      5.1281030238976975,
      2.515173706821168
    ],
    [
      5.739779017663683,
      2.8198317068583547
    ],
    [
      6.086624329328272,
      2.9907377618531417
    ],
    [
      6.445191749021836,
      3.1571026067695698
    ],
    [
      6.966956568232578,
      3.388178778781077
    ],
    [
      7.366637829736207,
      3.5544201951308687
    ],
    [
      8.09816645526023,
      3.7813323231773697
    ],
    [
      8.539325990729314,
      3.9243544845562823
    ],
    [
      8.8325506861709,
      4.026863559112332
    ],
    [
      9.141612627722607,
      4.142862755505407
    ],
    [
      9.639752591135665,
      4.3366387161799205
    ],
    [
      10.349456945724066,
      4.729309163221438
    ],
    [
      10.63850462211412,
      4.889853145210472
    ],
    [
      10.929317532331924,
      5.051305395805308
    ],
    [
      11.282495000537322,
      5.242677617650046
    ],
    [
      11.718298162548187,
      5.4715127904465986
    ],
    [
      12.39664774817526,
      5.541550662281214
    ],
    [
      12.739493538889485,
      5.557269535030566
    ],
    [
      13.321292579619668,
      5.5334479378906885
    ]
  ],
  "pf_track": [
    [
      1.4439001956245505,
      1.9846778821269038
    ],
    [
      1.932317258565762,
      1.9874617384307238
    ],
    [
      2.3495460777572066,
      1.9911481337288057
    ],
    [
      2.9271667539403574,
      2.152989510511625
    ],
    [
      3.567844928657969,
      1.9771365574876802
    ],
    [
      4.090641305729005,
      1.8987832237258515
    ],
    [
      4.541460627880127,
      1.947481987806434
    ],
    [
      4.8659347512204585,
      1.9926797174060853
    ],
    [
      5.398152521518785,
      2.113375776903184
    ],
    [
      5.97256298933932,
      2.3441494827869747
    ],
    [
      6.345651037485455,
      2.497767308002029
    ],
    [
      6.7628554252326465,
      2.649704239980741
    ],
    [
      7.512575129236044,
      2.6505839625227026
    ],
    [
      7.809430661761232,
      2.7434458393019083
    ],
    [
      8.390713725476386,
      2.9299870021561767
    ],
    [
      8.749622108651758,
      3.0127445002419186
    ],
    [
      9.161690844185388,
      2.9552260428026966
    ],
    [
      9.263004492592946,
      3.1539251166722293
    ],
    [
      9.828818360427073,
      3.4037605733413203
    ],
    [
      10.611915058949362,
      3.8814973472658534
    ],
    [
      10.685284083227053,
      4.219674119685857
    ],
    [
      10.863004006789868,
      4.453505736017648
    ],
    [
      11.031278579817103,
      4.601082027084148
    ],
    [
      11.286839152023518,
      4.699550851088178
    ],
    [
      11.488593191135568,
      4.752762746583082
    ],
    [
      11.577910618066317,
      4.7534529652348265
    ],
    [
      11.745247389727659,
      4.865598277471778
    ]
  ],