{
  "dataset_key": "route1_run1",
  "dataset_dir": "/Users/mac/Desktop/Folder/Dachuang_original/Lego-like-Geomagnetic-Positioning/data/own_data_package/route1_run1",
  "route_label": "route1",
  "map_point_cloud_mode": "tile_matrix",
  "map_point_cloud_shape": [
    96,
    3
  ],
  "map_bounds": [
    0.0,
    11.52,
    0.0,
    8.8
  ],
  "route_len": 5,
  "sensor_frames_used": 500,
  "steps_detected": 40,
  "pdr_error_stats": {
    "mean": 6.6168887700391945,
    "median": 6.509029695279472,
    "p95": 14.721130552897712,
    "final": 15.33470839421773
  },
  "pf_error_stats": {
    "mean": 5.07395315376201,
    "median": 6.481366219042598,
    "p95": 8.919407773210235,
    "final": 9.706613537641088
  },
  "pdr_error_series": [
    0.14730021581009714,
    0.4923467938887348,
    0.8073830734800069,
    1.0864170393593764,
    1.4836507305513984,
    1.887194966563555,
    7.759947820832814,
    7.801385521530021,
    7.829730310496702,
    7.382119759688723,
    7.049099237717318,
    6.509029695279472,
    6.196751360742045,
    5.829311623266159,
    5.620666731546564,
    3.5927994368923244,
    3.160060012958145,
    2.50542260390902,
    2.218334317793607,
    1.8868519987310193,
    1.525670868436407,
    1.2944228528325767,
    0.9832462998233701,
    0.600818568157039,
    0.5701780848621226,
    1.0493334456276395,
    9.065465664307176,
    9.376047187608407,
    9.706155193843662,
    10.240577673192046,
    11.043093434001374,
    11.370512974444333,
    11.70008857239413,
    12.098832033298203,
    12.588397127892401,
    13.502584681175835,
    13.845597013162731,
    14.423870548800371,
    14.721130552897712,
    15.005905149594552,
    15.33470839421773
  ],
  "pf_error_series": [
    0.1473002158100978,
    0.49265288459041623,
    0.8076049698327789,
    1.0514964728156444,
    1.3466631701168754,
    1.6241595670442066,
    7.705164964042876,
    7.901387828369466,
    7.87192871822072,
    7.3501192430870494,
    7.006043947174011,
    6.481366219042598,
    6.255789137239858,
    5.9747230990700055,
    5.683434007675723,
    2.9678940058006105,
    2.4546582852688115,
    1.5992195514610164,
    1.3795366897265717,
    1.1705620217083117,
    1.010512286036558,
    0.9953908312331204,
    0.6865881538124144,
    0.6879994194080881,
    0.6712528223161044,
    0.6641743989322518,
    8.003313344473698,
    8.096878931151693,
    7.995189081505535,
    8.104411301275105,
    8.015693872589281,
    8.113622238264645,
    8.019336163099062,
    8.130992143731484,
    8.073837802395605,
    8.544022491961247,
    8.434035374605726,
    8.66487766669096,
    8.919407773210235,
    9.222224671810865,
    9.706613537641088
  ],
  "pdr_track": [
    [
      1.4548964342126267,
      0.6965450436741212
    ],
    [
      1.906681569275162,
      0.7068874703454311
    ],
    [
      2.22985639034811,
      0.717315002221188
    ],
    [
      2.5118474246704854,
      0.7273276110413741
    ],
    [
      2.90969656164313,
      0.7530061746845634
    ],
    [
      3.312887010278194,
      0.7819463053252309
    ],
    [
      3.6430752755634965,
      0.8093515395330798
    ],
    [
      4.187601012005049,
      0.9484724382929941
    ],
    [
      4.609590496691971,
      1.0905047092416695
    ],
    [
      4.848243230853117,
      1.7017505983865737
    ],
    [
      5.00776234020201,
      2.170454626616958
    ],
    [
      5.133974341082324,
      2.890707029704816
    ],
    [
      5.194222988010982,
      3.319935377386187
    ],
    [
      5.229266886819004,
      3.8202900251141774
    ],
    [
      5.249432568644109,
      4.117190058559688
    ],
    [
      5.242375996218641,
      4.657397568882237
    ],
    [
      5.216989120962226,
      5.0905682608070295
    ],
    [
      5.107216498480571,
      5.750542401683729
    ],
    [
      5.056492222755435,
      6.042954142068629
    ],
    [
      4.996936259642186,
      6.384501304205793
    ],
    [
      4.931822446727374,
      6.764589622295378
    ],
    [
      4.891154001091161,
      7.015362680351912
    ],
    [
      4.839403388146533,
      7.3709960684163045
    ],
    [
      4.7671241925150385,
      7.937044159762237
    ],
    [
      4.72207481269952,
      8.367569272485472
    ],
    [
      4.713749970709451,
      9.133437368714516
    ],
    [
      4.702808081738709,
      9.597072299933622
    ],
    [
      4.688399313481746,
      9.907364452236038
    ],
    [
      4.665590676652591,
      10.236689312162442
    ],
    [
      4.622301640557151,
      10.76943559834229
    ],
    [
      4.44889678827721,
      11.561774609187582
    ],
    [
      4.3776808480558245,
      11.884654183081267
    ],
    [
      4.306099159400746,
      12.209484969523645
    ],
    [
      4.223673888498146,
      12.602630904334626
    ],
    [
      4.128968768610937,
      13.08566389761215
    ],
    [
      4.255769804532677,
      13.755727298418908
    ],
    [
      4.338714402464489,
      14.08875959842133
    ],
    [
      4.5278577536026265,
      14.6394703982111
    ],
    [
      5.301681491204602,
      14.755601036772303
    ],
    [
      5.897415006729803,
      14.878595214340038
    ],
    [
      6.51499119637586,
      15.020582085472554
    ]
  ],
  "pf_track": [
    [
      1.454896434212628,
      0.6965450436741217
    ],
    [
      1.906940073704475,
      0.7070790637358058
    ],
    [
      2.2300305240417098,
      0.7175635950347958
    ],
    [
      2.4752658051641605,
      0.7340368033887342
    ],
    [
      2.767192587011096,
      0.7781699601876347
    ],
    [
      3.029199382860159,
      0.8851710320688749
    ],
    [
      3.469994342910771,
      0.8170537408868541
    ],
    [
      4.137664810241536,
      0.8233901283365077
    ],
    [
      4.792652632481982,
      1.1277123007660146
    ],
    [
      5.030017510259967,
      1.836262621246068
    ],
    [
      5.107611306161882,
      2.2806383007354016
    ],
    [
      5.4825895188623885,
      3.1838793887896335
    ],
    [
      5.75381786172138,
      3.7194511165310473
    ],
    [
      5.855708227832742,
      4.2252221232456915
    ],
    [
      5.810052994324515,
      4.616261023903853
    ],
    [
      5.837534412028159,
      5.334944218531726
    ],
    [
      5.860984754387674,
      5.865088258947951
    ],
    [
      5.6584115759637275,
      6.696195683828938
    ],
    [
      5.461115787858753,
      6.882404098540051
    ],
    [
      5.286144430643916,
      7.079454104856238
    ],
    [
      5.1381827753907245,
      7.249488653220288
    ],
    [
      4.96092261336762,
      7.30713599695247
    ],
    [
      4.876836408157233,
      7.694246087581941
    ],
    [
      4.639295134233803,
      7.9993199726954956
    ],
    [
      4.611328117190528,
      8.191192988450593
    ],
    [
      4.705416297565176,
      8.583138411314739
    ],
    [
      4.666132520038083,
      8.529736286800208
    ],
    [
      4.6605739048948625,
      8.623150546003153
    ],
    [
      4.791180552215048,
      8.530232076606076
    ],
    [
      4.815065589307732,
      8.641064116294586
    ],
    [
      4.625706609849528,
      8.538945388389555
    ],
    [
      4.549310475546919,
      8.630653355027496
    ],
    [
      4.514457044278572,
      8.532712351057985
    ],
    [
      4.392969722187638,
      8.63246314731266
    ],
    [
      4.051971221291247,
      8.529899885215064
    ],
    [
      4.162192570693415,
      8.648764594134173
    ],
    [
      4.1480747948791565,
      8.53744537417571
    ],
    [
      4.5418326676162835,
      8.640657518448563
    ],
    [
      5.459035695025767,
      8.51261182696431
    ],
    [
      6.145528718875819,
      8.481420262045878
    ],
    [
      7.045196041938492,
      8.474652907260626
    ]
  ],