{
  "dataset_key": "route1_run1",
  "dataset_dir": "/Users/mac/Desktop/Folder/Dachuang_original/Lego-like-Geomagnetic-Positioning/data/own_data_package/route1_run1",
  "route_label": "route1",
  "map_point_cloud_mode": "tile_matrix",
  "map_point_cloud_shape": [
    96,
    3
  ],
  "map_bounds": [
    0.0,
    11.52,
    0.0,
    8.8
  ],
  "route_len": 5,
  "sensor_frames_used": 50,
  "steps_detected": 6,
  "pdr_error_stats": {
    "mean": 4.267520244224213,
    "median": 2.378980852559864,
    "p95": 7.883264417095044,
    "final": 2.218288504874277
  },
  "pf_error_stats": {
    "mean": 4.306699637906089,
    "median": 2.523145383346749,
    "p95": 7.887689863007931,
    "final": 2.0474849774226422
  },
  "pdr_error_series": [
    0.14730021581009714,
    7.557535201514637,
    7.573982861951546,
    8.015813655013687,
    2.378980852559864,
    1.9807404178453782,
    2.218288504874277
  ],
  "pf_error_series": [
    0.1473002158100978,
    7.557359941352789,
    7.573753786845909,
    8.022233895648798,
    2.523145383346749,
    2.275619264915641,
    2.0474849774226422
  ],
  "pdr_track": [
    [
      1.4548964342126267,
      0.6965450436741212
    ],
    [
      1.906681569275162,
      0.7068874703454311
    ],
    [
      2.22985639034811,
      0.717315002221188
    ],
    [
      2.5118474246704854,
      0.7273276110413741
    ],
    [
      2.90969656164313,
      0.7530061746845634
    ],
    [
      3.312887010278194,
      0.7819463053252309
    ],
    [
      3.6430752755634965,
      0.8093515395330798
    ]
  ],
  "pf_track": [
    [
      1.454896434212628,
      0.6965450436741217
    ],
    [
      1.906940073704475,
      0.7070790637358058
    ],
    [
      2.2300305240417098,
      0.7175635950347958
    ],
    [
      2.4752658051641605,
      0.7340368033887342
    ],
    [
      2.767192587011096,
      0.7781699601876347
    ],
    [
      3.029199382860159,
      0.8851710320688749
    ],
    [
      3.469994342910771,
      0.8170537408868541
    ]
  ],
  "route_xy_m": [
    [
      1.44,
      0.55
    ],
    [
      1.44,
      8.25
    ],
    [
      5.279999999999999,
      8.25
    ],
    [
      5.279999999999999,
      0.55
    ],
    [
      1.44,
      0.55
    ]
  ],
  "plot_png": "results/own_simulation_route1_run1_waitbar_smoke.png"
}