{
  "branch": "own",
  "own_profile": "package",
  "dataset_key": "route2_run1",
  "dataset_dir": "/Users/mac/Desktop/Folder/Research/Dachuang_original/Lego-like-Geomagnetic-Positioning/data/own_data_package/route2_run1",
  "route_label": "route2",
  "map_mode": "raw",
  "map_npz_path": null,
  "mirror_y": false,
  "initial_heading_rad": 1.5707963267948966,
  "initial_heading_deg": 90.0,
  "use_route_initial_heading": true,
  "heading_offset_deg": -90.0,
  "trim_head": 0,
  "trim_tail": 0,
  "full_sensor_frames": 1065,
  "sensor_frames_used": 3,
  "steps_detected": 0,
  "map_point_cloud_mode": "tile_matrix",
  "map_point_cloud_shape": [
    10784,
    3
  ],
  "map_bounds": [
    0.0,
    11.52,
    0.0,
    8.8
  ],
  "route_len": 100,
  "pdr_error_stats": {
    "mean": 0.3416364548112987,
    "median": 0.3416364548112987,
    "p95": 0.3416364548112987,
    "final": 0.3416364548112987
  },
  "pf_error_stats": {
    "mean": 0.3416364548112998,
    "median": 0.3416364548112998,
    "p95": 0.3416364548112998,
    "final": 0.3416364548112998
  },
  "pdr_error_series": [
    0.3416364548112987
  ],
  "pf_error_series": [
    0.3416364548112998
  ],
  "pdr_track": [
    [
      1.4914939277826602,
      0.8877333899062199
    ]
  ],
  "pf_track": [
    [
      1.4914939277826618,
      0.8877333899062207
    ]
  ],
  "particle_counts": [
    5000
  ],
  "route_xy_m": [
    [
      1.44,
      0.55
    ],
    [
      1.44,
      0.550238440745483
    ],
    [
      1.44,
      0.5504768814909661
    ],
    [
      1.44,
      0.550715322236449
    ],
    [
      1.44,
      0.550953762981932
    ],
    [
      1.44,
      0.5511922037274151
    ],
    [
      1.44,
      0.551430644472898
    ],
    [
      1.44,
      0.551669085218381
    ],
    [
      1.44,
      0.551907525963864
    ],
    [
      1.44,
      0.552145966709347
    ],
    [
      1.44,
      0.5523844074548301
    ],
    [
      1.44,
      0.552622848200313
    ],
    [
      1.44,
      0.552861288945796
    ],
    [
      1.44,
      0.5530997296912791
    ],
    [
      1.44,
      0.553338170436762
    ],
    [
      1.44,
      0.553576611182245
    ],
    [
      1.44,
      0.5538150519277281
    ],
    [
      1.44,
      0.554053492673211
    ],
    [
      1.44,
      0.554291933418694
    ],
    [
      1.44,
      0.554530374164177
    ],
    [
      1.44,
      0.55476881490966
    ],
    [
      1.44,
      0.555007255655143
    ],
    [
      1.44,
      0.555245696400626
    ],
    [
      1.44,
      0.555484137146109
    ],
    [
      1.44,
      0.5557225778915921
    ],
    [
      1.44,
      0.555961018637075
    ],
    [
      1.44,
      0.556199459382558
    ],
    [
      1.44,
      0.5564379001280411
    ],
    [
      1.44,
      0.556676340873524
    ],
    [
      1.44,
      0.556914781619007
    ],
    [
      1.44,
      0.55715322236449
    ],
    [
      1.44,
      0.557391663109973
    ],
    [
      1.44,
      0.557630103855456
    ],
    [
      1.44,
      0.557868544600939
    ],
    [
      1.44,
      0.558106985346422
    ],
    [
      1.44,
      0.558345426091905
    ],
    [
      1.44,
      0.558583866837388
    ],
    [
      1.44,
      0.558822307582871
    ],
    [
      1.44,
      0.5590607483283541
    ],
    [
      1.44,
      0.559299189073837
    ],
    [
      1.44,
      0.55953762981932
    ],
    [
      1.44,
      0.559776070564803
    ],
    [
      1.44,
      0.560014511310286
    ],
    [
      1.44,
      0.560252952055769
    ],
    [
      1.44,
      0.560491392801252
    ],
    [
      1.44,
      0.560729833546735
    ],
    [
      1.44,
      0.560968274292218
    ],
    [
      1.44,
      0.561206715037701
    ],
    [
      1.44,
      0.561445155783184
    ],
    [
      1.44,
      0.561683596528667
    ],
    [
      1.44,
      0.56192203727415
    ],
    [
      1.44,
      0.562160478019633
    ],
    [
      1.44,
      0.5623989187651159
    ],
    [
      1.44,
      0.562637359510599
    ],
    [
      1.44,
      0.562875800256082
    ],
    [
      1.44,
      0.563114241001565
    ],
    [
      1.44,
      0.563352681747048
    ],
    [
      1.44,
      0.563591122492531
    ],
    [
      1.44,
      0.563829563238014
    ],
    [
      1.44,
      0.564068003983497
    ],
    [
      1.44,
      0.56430644472898
    ],
    [
      1.44,
      0.564544885474463
    ],
    [
      1.44,
      0.564783326219946
    ],
    [
      1.44,
      0.5650217669654289
    ],
    [
      1.44,
      0.565260207710912
    ],
    [
      1.44,
      0.565498648456395
    ],
    [
      1.44,
      0.5657370892018779
    ],
    [
      1.44,
      0.565975529947361
    ],
    [
      1.44,
      0.566213970692844
    ],
    [
      1.44,
      0.566452411438327
    ],
    [
      1.44,
      0.56669085218381
    ],
    [
      1.44,
      0.566929292929293
    ],
    [
      1.44,
      0.567167733674776
    ],
    [
      1.44,
      0.567406174420259
    ],
    [
      1.44,
      0.5676446151657419
    ],
    [
      1.44,
      0.567883055911225
    ],
    [
      1.44,
      0.568121496656708
    ],
    [
      1.44,
      0.5683599374021909
    ],
    [
      1.44,
      0.568598378147674
    ],
    [
      1.44,
      0.568836818893157
    ],
    [
      1.44,
      0.5690752596386399
    ],
    [
      1.44,
      0.569313700384123
    ],
    [
      1.44,
      0.569552141129606
    ],
    [
      1.44,
      0.569790581875089
    ],
    [
      1.44,
      0.570029022620572
    ],
    [
      1.44,
      0.5702674633660549
    ],
    [
      1.44,
      0.570505904111538
    ],
    [
      1.44,
      0.570744344857021
    ],
    [
      1.44,
      0.5709827856025039
    ],
    [
      1.44,
      0.571221226347987
    ],
    [
      1.44,
      0.57145966709347
    ],
    [
      1.44,
      0.5716981078389529
    ],
    [
      1.44,
      0.571936548584436
    ],
    [
      1.44,
      0.572174989329919
    ],
    [
      1.44,
      0.5724134300754019
    ],
    [
      1.44,
      0.572651870820885
    ],
    [
      1.44,
      0.5728903115663679
    ],
    [
      1.44,
      0.5731287523118509
    ],
    [
      1.44,
      0.573367193057334
    ],
    [
      1.44,
      0.5736056338028169
    ]
  ],
  "output_png": "results/post_delete_package_smoke.png"
}