{
  "branch": "own",
  "own_profile": "own_branch",
  "dataset_key": "own_branch",
  "dataset_dir": "/Users/mac/Desktop/Folder/Research/Dachuang_original/Lego-like-Geomagnetic-Positioning/data/own_data/Geomagnetic Navigation 2026-03-19 20-10-45",
  "route_label": "manual_controls",
  "map_mode": "raw",
  "map_npz_path": null,
  "mirror_y": false,
  "initial_heading_rad": 1.5707963267948966,
  "initial_heading_deg": 90.0,
  "use_route_initial_heading": true,
  "heading_offset_deg": -90.0,
  "trim_head": 0,
  "trim_tail": 0,
  "full_sensor_frames": 829,
  "sensor_frames_used": 5,
  "steps_detected": 0,
  "map_point_cloud_mode": "tile_matrix",
  "map_point_cloud_shape": [
    136485,
    3
  ],
  "map_bounds": [
    0.0,
    6.74,
    0.0,
    8.1
  ],
  "route_len": 100,
  "pdr_error_stats": {
    "mean": 0.6691122944876313,
    "median": 0.6691122944876313,
    "p95": 0.6691122944876313,
    "final": 0.6691122944876313
  },
  "pf_error_stats": {
    "mean": 0.6691122944876323,
    "median": 0.6691122944876323,
    "p95": 0.6691122944876323,
    "final": 0.6691122944876323
  },
  "pdr_error_series": [
    0.6691122944876313
  ],
  "pf_error_series": [
    0.6691122944876323
  ],
  "pdr_track": [
    [
      1.155774601420032,
      0.6398308902150085
    ]
  ],
  "pf_track": [
    [
      1.1557746014200334,
      0.6398308902150092
    ]
  ],
  "particle_counts": [
    5000
  ],
  "route_xy_m": [
    [
      0.96,
      0.0
    ],
    [
      0.96,
      0.00048311827563938593
    ],
    [
      0.96,
      0.0009662365512787719
    ],
    [
      0.96,
      0.0014493548269181578
    ],
    [
      0.96,
      0.0019324731025575437
    ],
    [
      0.96,
      0.0024155913781969294
    ],
    [
      0.96,
      0.0028987096538363156
    ],
    [
      0.96,
      0.0033818279294757017
    ],
    [
      0.96,
      0.0038649462051150874
    ],
    [
      0.96,
      0.004348064480754473
    ],
    [
      0.96,
      0.004831182756393859
    ],
    [
      0.96,
      0.005314301032033245
    ],
    [
      0.96,
      0.005797419307672631
    ],
    [
      0.96,
      0.006280537583312017
    ],
    [
      0.96,
      0.006763655858951403
    ],
    [
      0.96,
      0.007246774134590789
    ],
    [
      0.96,
      0.007729892410230175
    ],
    [
      0.96,
      0.00821301068586956
    ],
    [
      0.96,
      0.008696128961508946
    ],
    [
      0.96,
      0.009179247237148332
    ],
    [
      0.96,
      0.009662365512787718
    ],
    [
      0.96,
      0.010145483788427105
    ],
    [
      0.96,
      0.01062860206406649
    ],
    [
      0.96,
      0.011111720339705877
    ],
    [
      0.96,
      0.011594838615345262
    ],
    [
      0.96,
      0.012077956890984648
    ],
    [
      0.96,
      0.012561075166624034
    ],
    [
      0.96,
      0.01304419344226342
    ],
    [
      0.96,
      0.013527311717902807
    ],
    [
      0.96,
      0.014010429993542193
    ],
    [
      0.96,
      0.014493548269181578
    ],
    [
      0.96,
      0.014976666544820964
    ],
    [
      0.96,
      0.01545978482046035
    ],
    [
      0.96,
      0.015942903096099737
    ],
    [
      0.96,
      0.01642602137173912
    ],
    [
      0.96,
      0.01690913964737851
    ],
    [
      0.96,
      0.017392257923017893
    ],
    [
      0.96,
      0.01787537619865728
    ],
    [
      0.96,
      0.018358494474296664
    ],
    [
      0.96,
      0.01884161274993605
    ],
    [
      0.96,
      0.019324731025575435
    ],
    [
      0.96,
      0.019807849301214823
    ],
    [
      0.96,
      0.02029096757685421
    ],
    [
      0.96,
      0.020774085852493594
    ],
    [
      0.96,
      0.02125720412813298
    ],
    [
      0.96,
      0.021740322403772366
    ],
    [
      0.96,
      0.022223440679411753
    ],
    [
      0.96,
      0.022706558955051137
    ],
    [
      0.96,
      0.023189677230690525
    ],
    [
      0.96,
      0.023672795506329912
    ],
    [
      0.96,
      0.024155913781969296
    ],
    [
      0.96,
      0.024639032057608683
    ],
    [
      0.96,
      0.025122150333248067
    ],
    [
      0.96,
      0.025605268608887455
    ],
    [
      0.96,
      0.02608838688452684
    ],
    [
      0.96,
      0.026571505160166226
    ],
    [
      0.96,
      0.027054623435805614
    ],
    [
      0.96,
      0.027537741711444998
    ],
    [
      0.96,
      0.028020859987084385
    ],
    [
      0.96,
      0.02850397826272377
    ],
    [
      0.96,
      0.028987096538363157
    ],
    [
      0.96,
      0.02947021481400254
    ],
    [
      0.96,
      0.029953333089641928
    ],
    [
      0.96,
      0.030436451365281312
    ],
    [
      0.96,
      0.0309195696409207
    ],
    [
      0.96,
      0.03140268791656008
    ],
    [
      0.96,
      0.031885806192199474
    ],
    [
      0.96,
      0.03236892446783886
    ],
    [
      0.96,
      0.03285204274347824
    ],
    [
      0.96,
      0.033335161019117626
    ],
    [
      0.96,
      0.03381827929475702
    ],
    [
      0.96,
      0.0343013975703964
    ],
    [
      0.96,
      0.034784515846035785
    ],
    [
      0.96,
      0.035267634121675176
    ],
    [
      0.96,
      0.03575075239731456
    ],
    [
      0.96,
      0.036233870672953944
    ],
    [
      0.96,
      0.03671698894859333
    ],
    [
      0.96,
      0.03720010722423272
    ],
    [
      0.96,
      0.0376832254998721
    ],
    [
      0.96,
      0.03816634377551149
    ],
    [
      0.96,
      0.03864946205115087
    ],
    [
      0.96,
      0.03913258032679026
    ],
    [
      0.96,
      0.039615698602429646
    ],
    [
      0.96,
      0.04009881687806903
    ],
    [
      0.96,
      0.04058193515370842
    ],
    [
      0.96,
      0.041065053429347805
    ],
    [
      0.96,
      0.04154817170498719
    ],
    [
      0.96,
      0.04203128998062657
    ],
    [
      0.96,
      0.04251440825626596
    ],
    [
      0.96,
      0.04299752653190535
    ],
    [
      0.96,
      0.04348064480754473
    ],
    [
      0.96,
      0.04396376308318412
    ],
    [
      0.96,
      0.044446881358823506
    ],
    [
      0.96,
      0.04492999963446289
    ],
    [
      0.96,
      0.045413117910102274
    ],
    [
      0.96,
      0.045896236185741665
    ],
    [
      0.96,
      0.04637935446138105
    ],
    [
      0.96,
      0.04686247273702043
    ],
    [
      0.96,
      0.047345591012659824
    ],
    [
      0.96,
      0.04782870928829921
    ]
  ],
  "output_png": "results/post_delete_own_branch_smoke.png"
}