"Time (s)","X (m/s^2)","Y (m/s^2)","Z (m/s^2)"
0.00702241667,0.0134673843,-1.23525842,-11.3190373
0.0169804167,0.257675954,-0.87298578,-9.96975499
0.0269384167,0.654065966,-0.421978043,-9.01671309
0.0368964167,0.740556501,-0.266803848,-8.69065275
0.0468534167,0.722151076,-0.365415028,-8.87889686
0.0568114167,0.610820699,-0.503829812,-9.23533363
0.0667694167,0.575805499,-0.737264474,-9.61197148
0.0767274167,0.546626167,-0.954388637,-9.89927568
0.0866854167,0.564283404,-1.05195235,-10.0302086
0.0966434167,0.55515551,-1.01992991,-9.87877533
0.106600417,0.543783052,-0.902015475,-9.54613093
0.116558417,0.604685557,-0.838419494,-9.36776291
0.126516417,0.691325729,-0.831685802,-9.24281551
0.136474417,0.761356128,-0.849193401,-9.0147678
0.146432417,0.835576379,-0.862062235,-8.84014072
0.156390417,0.956333926,-0.883909325,-8.93620806
0.166347417,1.03788642,-0.85428108,-9.31703576
0.176305417,1.00047702,-0.831835439,-9.72135657
0.186263542,0.897077435,-0.845452461,-9.9865144
0.196221542,0.70628949,-0.905606778,-10.0240734
0.206179542,0.421678767,-0.989104561,-9.75487539
0.216137542,0.261117619,-1.06781394,-9.411906
0.226094542,0.217722713,-1.06227735,-9.18610286
0.236052542,0.278774856,-0.972494787,-9.23293943
0.246010542,0.469413163,-0.834828191,-9.46008931
0.255968542,0.630273587,-0.709132604,-9.76026234
0.265926542,0.714968471,-0.589721796,-9.8766804
0.275884542,0.705840577,-0.550666382,-9.82984383
0.285842542,0.648679012,-0.585083031,-9.77492683
0.295799542,0.580893178,-0.694318481,-9.75472575
0.305757542,0.582090279,-0.802656107,-9.73916344
0.315715542,0.544680878,-0.800710818,-9.75278046
0.325673542,0.52268415,-0.715267746,-9.77971523
0.335631542,0.55889645,-0.613663813,-10.0068651
0.345589542,0.512808068,-0.672621029,-10.2395516
0.355546542,0.536750085,-0.779013365,-10.3064396
0.365504542,0.57266311,-0.869544115,-10.1315132
0.375462542,0.501585248,-0.925508579,-9.79183588
0.385420542,0.443226582,-1.01439332,-9.32212344
0.395378542,0.41404725,-1.0580875,-8.93351458
0.405336542,0.439336005,-1.09863929,-8.84911897
0.415294542,0.476146855,-1.16537766,-9.16889453
0.425251542,0.475548305,-1.21640408,-9.87862569
0.435209542,0.398634576,-1.21939683,-10.4886982
0.445167542,0.226252057,-1.15610013,-10.6862198
0.455125542,0.181061501,-1.08068277,-10.5500496
0.465083542,0.200664027,-1.04626613,-10.2197994
0.475041542,0.285209273,-1.01484223,-9.80216087
0.484998542,0.376338573,-0.954538274,-9.59730699
0.494956542,0.514005169,-0.984615433,-9.62813234
0.504914542,0.626083734,-1.00960491,-9.64938088
0.514872542,0.643292059,-0.931942996,-9.58249287
0.524830542,0.685190588,-0.766593444,-9.4246252
0.534788542,0.713472095,-0.685789138,-9.30940424
0.544746542,0.606181933,-0.740855776,-9.36162777
0.554703542,0.432901588,-0.847547388,-9.5006411
0.564661542,0.316333894,-0.853682529,-9.60897873
0.574619542,0.263960733,-0.829740513,-9.69367361
0.584577542,0.338031347,-0.766294169,-9.67167688
0.594535542,0.615609102,-0.667084438,-9.61840589
0.604493542,0.899022723,-0.547224717,-9.81951883
0.614451542,1.1563994,-0.35404257,-10.1210386
0.624408542,1.38295073,-0.150535429,-10.4053501
0.634366542,1.49697459,-0.0939724152,-10.4943844
0.644324542,1.41257898,-0.193780697,-10.5157826
0.654282542,1.04925888,-0.477044681,-10.5510971
0.664240542,0.569071807,-0.757764825,-10.4628109
0.674198542,0.180762225,-0.953191536,-10.2317704
0.684155542,0.154426007,-1.11554834,-10.05026
0.694113542,0.376039298,-1.15265846,-9.87623149
0.704071542,0.618302579,-1.02262338,-9.70968483
0.714029542,0.839317319,-0.791134011,-9.60239467
0.723987542,0.959925228,-0.609623598,-9.52368529
0.733945542,1.02247375,-0.539742837,-9.59835446
0.743903542,0.992396588,-0.555005872,-9.71387469
0.753860542,0.894383958,-0.607528671,-9.78839421
0.763818542,0.797718066,-0.688931528,-9.90900212
0.773776542,0.602740268,-0.830189426,-10.0118032
0.783734542,0.33099838,-1.02007954,-10.0522053
0.793692542,0.143951375,-1.10372697,-9.90630864
0.803650542,0.1448492,-1.07769002,-9.65761095
0.813608542,0.349553442,-1.00661216,-9.46143605
0.823565542,0.556352611,-0.878372734,-9.4481183
0.833523542,0.657956544,-0.778863728,-9.47999111
0.843481542,0.758513013,-0.795473502,-9.55840122
0.853439542,0.785148507,-0.756268449,-9.61242039
0.863397542,0.709282242,-0.7206547,-9.58219359
0.873355542,0.693420656,-0.73127897,-9.58713164
0.883313542,0.573710573,-0.745045629,-9.66509283
0.893270542,0.468216062,-0.751629684,-9.7039986
0.903228542,0.477493594,-0.838718769,-9.69831237
0.913186542,0.465522585,-0.931494083,-9.68125369
0.923144542,0.376039298,-0.985064346,-9.62977835
0.933102542,0.278625218,-0.995239703,-9.57800374
0.943060542,0.322618674,-0.9916484,-9.61182184
0.953018542,0.517895747,-0.906953516,-9.74784242
0.962976542,0.683694212,-0.780360104,-9.87997243
0.972933542,0.73501991,-0.675464143,-9.90989995
0.982891542,0.682048198,-0.673369217,-9.82325977
0.992849542,0.517596471,-0.775870975,-9.6956189
1.00280754,0.351498731,-0.870591579,-9.60359177
1.01276554,0.321421573,-0.954089362,-9.58922656
1.02272354,0.386813206,-0.94047234,-9.59401497
1.03268154,0.445920059,-0.852784704,-9.64294646
1.04263854,0.496198294,-0.754472798,-9.77417864
1.05259654,0.505775101,-0.680252547,-9.86530794
1.06255454,0.477044681,-0.631769963,-9.89912604
1.07251254,0.500687422,-0.660201108,-9.91438907
1.08247054,0.438138904,-0.726041653,-9.9829231
1.09242854,0.382623353,-0.765097068,-10.0804868
1.10238654,0.370203432,-0.746392368,-10.0019271
1.11234454,0.344765039,-0.755969174,-9.82011738
1.12230154,0.404919356,-0.819116243,-9.76310546
1.13225954,0.411653048,-0.816572404,-9.9116956
1.14221754,0.412700511,-0.70688804,-10.0668698
1.15217554,0.434547601,-0.599448241,-10.0887169
1.16213354,0.46896425,-0.550067831,-9.98711295
1.17209154,0.51520227,-0.584634118,-9.87742859
1.18204904,0.446967522,-0.692223555,-9.78734675
1.19200604,0.313790055,-0.778414815,-9.7095352
1.20196404,0.255880302,-0.793528213,-9.68439608
1.21192204,0.250493349,-0.753275697,-9.70549498
1.22188004,0.362721552,-0.734570997,-9.78450363
1.23183804,0.465372948,-0.71751231,-9.94775826
1.24179604,0.581641366,-0.711975719,-10.1044288
1.25175404,0.61949968,-0.686537326,-10.1529114
1.26171204,0.552162758,-0.650325026,-10.0613332
1.27166904,0.496946482,-0.594809475,-9.90541082
1.28162704,0.452204839,-0.608576134,-9.80650036
1.29158504,0.420032754,-0.683394936,-9.83283658
1.30154304,0.348206704,-0.782155755,-9.94027638
1.31150104,0.331896205,-0.860565859,-10.0191354
1.32145904,0.342520475,-0.876427445,-10.0314057
1.33141704,0.383072266,-0.823006821,-9.91947675
1.34137504,0.371101257,-0.785148507,-9.71776526
1.35133304,0.421229855,-0.827795224,-9.52099181
1.36129004,0.454150127,-0.856525644,-9.45485199
1.37124804,0.418536378,-0.922515827,-9.48448024
1.38120604,0.382024802,-0.942267991,-9.53041898
1.39116404,0.345662865,-0.907252792,-9.58144541
1.40112204,0.390254871,-0.883759688,-9.70310078
1.41108004,0.442029482,-0.870591579,-9.86815106
1.42103804,0.465971498,-0.798915166,-9.91483799
1.43099604,0.463577296,-0.777666627,-9.8663554
1.44095304,0.484676199,-0.814477477,-9.83343513
1.45091104,0.466570049,-0.801010093,-9.82700071
1.46086904,0.448164623,-0.767341632,-9.78525182
1.47082704,0.450409187,-0.804002845,-9.7589156
1.48078504,0.437540353,-0.814028564,-9.77208371
1.49074304,0.376188936,-0.783352856,-9.79931776
1.50070104,0.341173737,-0.771531485,-9.86066917
1.51065904,0.264708921,-0.801010093,-9.83971991
1.52061704,0.18734628,-0.830937614,-9.76579893
1.53057404,0.188693018,-0.866850639,-9.729437
1.54053204,0.261416894,-0.88675244,-9.76624785
1.55049004,0.303016148,-0.828094499,-9.80979239
1.56044804,0.301669409,-0.780809016,-9.75008699
1.57040604,0.311844766,-0.743249978,-9.66464391
1.58036404,0.331746568,-0.767640907,-9.64743559
1.59032204,0.304662161,-0.798765529,-9.66718775
1.60028004,0.313939693,-0.862960061,-9.60718307
1.61023804,0.33533787,-0.881664761,-9.49570306
1.62019504,0.351349094,-0.899621274,-9.38542015
1.63015304,0.365564666,-0.894084682,-9.3159883
1.64011104,0.378583138,-0.890044467,-9.3231709
1.65006904,0.430956299,-0.898274535,-9.41280383
1.66002704,0.485574024,-0.910395181,-9.51590414
1.66998504,0.490512065,-0.950946972,-9.60838018
1.67994304,0.469712438,-0.967706384,-9.6629979
1.68990104,0.443226582,-0.914435397,-9.70848773
1.69985804,0.393546898,-0.840215145,-9.80889456
1.70981604,0.418686015,-0.769586196,-9.86560722
1.71977404,0.445920059,-0.752976422,-9.82281086
1.72973204,0.417040002,-0.805948134,-9.68978303
1.73969004,0.425569345,-0.848295576,-9.46622445
1.74964804,0.405517906,-0.828543412,-9.22979704
1.75960604,0.436792165,-0.817769505,-9.11053587
1.76956404,0.427963547,-0.775272425,-9.10724384
1.77952204,0.351947644,-0.664540598,-9.05487068
1.78947904,0.381725527,-0.590021072,-8.98229644
1.79943704,0.492606992,-0.534505521,-8.93560951
1.80939504,0.655113429,-0.407463195,-8.97077435
1.81935304,0.738910487,-0.272340439,-9.16650033
1.82931104,0.711526806,-0.180911863,-9.44018751
1.83926904,0.661697484,-0.22041619,-9.80365725
1.84922704,0.414196887,-0.237774152,-10.1217868
1.85918504,0.112078565,-0.30346506,-10.3460936
1.86914304,0.0615010551,-0.396838925,-10.493337
1.87910004,0.00957680664,-0.516698646,-10.5712982
1.88905804,0.0152630356,-0.596904401,-10.6310036
1.89901604,0.109684364,-0.607678309,-10.6253173
1.90897404,0.190638307,-0.562338115,-10.5065051
1.91893204,0.222511117,-0.427215359,-10.2747164
1.92889004,0.261117619,-0.299275208,-10.1247795
1.93884804,0.307505276,-0.241215817,-10.172065
1.94880604,0.283413622,-0.159663323,-10.2642418
1.95876404,0.273687177,-0.124498486,-10.2771106
1.96872104,0.248697697,-0.120757546,-10.3116769
1.97867904,0.258873055,-0.180762225,-10.3537251
1.98863704,0.291045139,-0.265008196,-10.4265986
1.99859504,0.213981773,-0.331896205,-10.371532
2.00855304,0.176871648,-0.345513227,-10.254665
2.01851104,0.134075293,-0.267552036,-10.0243727
2.02846904,0.123750298,-0.117914432,-9.65880805
2.03842704,0.110881464,-0.00748188019,-9.41893897
2.04838504,0.143801737,0.0320224472,-9.44871685
2.05834204,0.213233585,0.112826753,-9.64534066
2.06830004,0.252289,0.209043732,-9.85288802
2.07825804,0.309899477,0.229992997,-9.98875896
2.08821604,0.423025506,0.206350256,-10.1289694
2.09817404,0.510413866,0.253486101,-10.2519715
2.10813204,0.528819292,0.312293679,-10.3559696
2.11809004,0.604087006,0.36780923,-10.3923316
2.12804804,0.723497814,0.430058473,-10.3796124
2.13800604,0.861912598,0.481982722,-10.3155675
2.14796404,0.975038626,0.518195022,-10.1746089
2.15792104,1.08187988,0.488716414,-10.0472673
2.16787904,1.16403092,0.464475122,-9.97229883
2.17783704,1.14218383,0.484376923,-9.8193692
2.18779583,1.08143096,0.499490321,-9.57321534
2.19775383,1.05225163,0.397886388,-9.34262379
2.20771183,0.928351694,0.292691153,-9.14674817
2.21766983,0.781407567,0.260070155,-9.14195976
2.22762783,0.737563749,0.236277776,-9.23293943
2.23758583,0.825700298,0.199915839,-9.33768575
2.24754283,0.837521668,0.217423438,-9.444527
2.25750083,0.643591334,0.26665421,-9.56363853
2.26745883,0.409258846,0.258274504,-9.7215062
2.27741683,0.266354935,0.204255329,-9.82251159
2.28737483,0.179265849,0.103100309,-9.90271734
2.29733283,0.117315881,0.0481833084,-10.0543002
2.30729083,0.143951375,0.0957680664,-10.2431429
2.31724883,0.224905318,0.173280345,-10.3713823
2.32720683,0.287753112,0.30346506,-10.2645411
2.33716383,0.310797303,0.268300224,-10.124181
2.34712183,0.378583138,0.110432552,-9.90765538
2.35707983,0.3422212,-0.0615010551,-9.72180548
2.36703783,0.235529588,-0.181510413,-9.59955156
2.37699583,0.150086517,-0.225803144,-9.56603273
2.38695383,0.0954687912,-0.23792379,-9.63396821
2.39691183,0.115669868,-0.278176305,-9.78540146
2.40686983,0.148290865,-0.315585706,-9.92695863
2.41682783,0.205602068,-0.318428821,-10.05026
2.42678583,0.24480712,-0.230741185,-10.065972
2.43674283,0.216824888,-0.163104988,-10.0215296
2.44670083,0.260668706,-0.146644852,-9.93803182
2.45665883,0.261267256,-0.0733224258,-9.92291842
2.46661683,0.172532157,0.0209492645,-9.95853217
2.47657483,0.12300211,0.0507271477,-9.97559085
2.48653283,0.107140524,0.0676361969,-9.97813469
2.49649083,0.120458271,0.0665887337,-9.97035354
2.50644883,0.106841249,0.0965162544,-9.93803182
2.51640683,0.170586868,0.0942716904,-9.84944635
2.52636383,0.232237561,0.056263739,-9.73078373
2.53632183,0.218620539,0.120907184,-9.60029974
2.54627983,0.198269825,0.195127435,-9.47071358
2.55623783,0.215328512,0.226252057,-9.46742155
2.56619583,0.241365455,0.238971253,-9.52622913
2.57615383,0.31349078,0.242412918,-9.58219359
2.58611183,0.45025955,0.238073428,-9.65970587
2.59606983,0.595258388,0.247350959,-9.686491
2.60602783,0.711676443,0.299574483,-9.69756419
2.61598483,0.737863024,0.314388605,-9.75607249
2.62594283,0.678456895,0.292541515,-9.87757822
2.63590083,0.561440289,0.315884982,-9.97858361
2.64585883,0.52268415,0.254533564,-10.0522053
2.65581683,0.529118567,0.147692315,-10.1178962
2.66577483,0.500388147,0.105195235,-10.1475245
2.67573283,0.49081134,0.0544680878,-10.1526121
2.68569083,0.468216062,0.0326209976,-10.05026
2.69564883,0.429908836,0.0255880302,-9.87264018
2.70560683,0.39339726,0.0444423683,-9.7051957
2.71556383,0.261865807,-0.0360626625,-9.58683236
2.72552183,0.06494272,-0.165050277,-9.56453636
2.73547983,-0.173429983,-0.303913973,-9.61242039
2.74543783,-0.325012875,-0.366761767,-9.66763667
2.75539583,-0.200215114,-0.411353773,-9.82984383
2.76535383,0.000897825623,-0.322020123,-10.1108632
2.77531183,-0.00613514175,-0.136918407,-10.3363671
2.78526983,0.0583586655,-0.0386065018,-10.3652472
2.79522783,0.141856448,0.0176572372,-10.1632364
2.80518483,0.153827457,0.0433949051,-9.95224739
2.81514283,0.108487263,0.131381816,-9.85049382
2.82510083,0.153378544,0.213832136,-9.86126773
2.83505883,0.303165785,0.197521637,-9.96212347
2.84501683,0.357334598,0.182857152,-10.0411321
2.85497483,0.354790759,0.179565125,-9.98905824
2.86493283,0.306757088,0.153079269,-9.83762498
2.87489083,0.264858559,0.125994862,-9.67721347
2.88484883,0.205751705,0.131232178,-9.51321066
2.89480683,0.144699563,0.129436527,-9.43076034
2.90476383,0.196623811,0.0941220528,-9.46981575
2.91472183,0.264260008,0.0401028778,-9.64085154
2.92467983,0.230591547,-0.00269347687,-9.78210943
2.93463783,0.214281049,-0.0574608398,-9.85992099
2.94459583,0.200813664,-0.113425304,-9.86560722
2.95455383,0.132728555,-0.115220955,-9.82191304
2.96451183,0.0377086761,-0.0531213493,-9.74903952
2.97446983,-0.00463876572,0.00269347687,-9.70220295
2.98442783,0.0516249733,-0.000897825623,-9.78046342
2.99438483,0.143951375,-0.0103249947,-9.92486371
3.00434283,0.153977094,-0.0254383926,-9.94102457
3.01430083,0.0885854614,-0.0405517906,-9.88610757
3.02425883,0.0363619377,-0.0680851097,-9.79782138
3.03421683,0.0505775101,-0.0653916328,-9.74350293
3.04417483,0.0710778618,-0.00269347687,-9.72599533
3.05413283,-0.00463876572,0.0688332977,-9.72375077
3.06409083,0.00359130249,0.114772042,-9.69352397
3.07404883,0.0254383926,0.158166947,-9.66943232
3.08400683,0.0257376678,0.186298817,-9.68200188
3.09396483,0.138414783,0.209492645,-9.72375077
3.10392183,0.268300224,0.218321264,-9.78854385
3.11387983,0.285059635,0.235828864,-9.87518402
3.12383783,0.247051684,0.242412918,-9.94955391
3.13379583,0.171035781,0.207098444,-10.0131499
3.14375383,0.12674305,0.186298817,-10.0577419
3.15371183,0.0935235023,0.140060797,-10.096947
3.16366983,0.114323129,0.0903811127,-10.067618
3.17362783,0.1623568,0.0380079514,-10.054001
3.18358579,0.234482125,-0.025288755,-10.0329021
3.19354279,0.213832136,-0.0456394691,-9.95538978
3.20350079,0.194528885,-0.0993593689,-9.9176811
3.21345879,0.139761522,-0.174776721,-9.90765538
3.22341679,0.0884358238,-0.115071317,-9.79752211
3.23337479,0.133327105,-0.119410808,-9.75038626
3.24333279,0.126593413,-0.154276369,-9.76265654
3.25329079,0.0820014069,-0.182857152,-9.78255835
3.26324879,0.0954687912,-0.253785376,-9.84331121
3.27320679,0.0677858345,-0.288950213,-9.88775358
3.28316479,0.0848445213,-0.26725276,-9.89343981
3.29312179,0.121356097,-0.201112939,-9.84735143
3.30307979,0.160860424,-0.114023854,-9.78689784
3.31303779,0.208894095,-0.0297778831,-9.75487539
3.32299579,0.245256033,0.0682347473,-9.75307974
3.33295379,0.270694425,0.105943423,-9.76609821
3.34291179,0.28416181,0.0906803879,-9.77986487
3.35286979,0.232686474,0.0846948837,-9.83163948
3.36282779,0.217124163,0.112228203,-9.92860465
3.37278579,0.261716169,0.108487263,-9.99998178
3.38274379,0.244058932,0.0734720634,-9.9526963
3.39270079,0.171933607,0.0668880089,-9.86186628
3.40265879,0.169539405,-0.0154126732,-9.77687212
3.41261679,0.139312609,-0.101304658,-9.74604677
3.42257479,0.055515551,-0.126593413,-9.75233155
3.43253279,0.0439934555,-0.131681091,-9.80979239
3.44249079,0.0709282242,-0.115669868,-9.88625721
3.45244879,0.153677819,-0.061949968,-9.93982747
3.46240679,0.174178171,-0.0122702835,-9.96736079
3.47236479,0.173729258,-0.039653965,-9.96691187
3.48232279,0.171335056,-0.055515551,-9.91917748
3.49227979,0.0788590172,-0.0172083244,-9.82879637
3.50223779,0.0353144745,-0.0154126732,-9.71581997
3.51219579,0.0412999786,-0.0433949051,-9.62588777
3.52215379,0.0312742592,-0.0559644638,-9.63292074
3.53211179,0.0990600937,-0.0704793114,-9.72165584
3.54206979,0.146944127,-0.0604535919,-9.81413188
3.55202779,0.190937582,0.00912789383,-9.85468367
3.56198579,0.218321264,0.0860416222,-9.86830069
3.57194379,0.230741185,0.140210435,-9.87473511
3.58190179,0.245256033,0.152480718,-9.88221699
3.59185879,0.254832839,0.137666595,-9.85977135
3.60181679,0.237624515,0.101005383,-9.83971991
3.61177479,0.230591547,0.0620996056,-9.80485435
3.62173279,0.258124866,-0.0188543381,-9.71207903
3.63169079,0.228646259,-0.0333691856,-9.63516531
3.64164879,0.200215114,-0.0484825836,-9.59820482
3.65160679,0.23732524,-0.0957680664,-9.64354501
3.66156479,0.238372703,-0.15547347,-9.72300258
3.67152279,0.210689746,-0.165050277,-9.839271
3.68148079,0.244358207,-0.103100309,-9.9526963
3.69143779,0.318129546,-0.057011927,-10.0038724
3.70139579,0.36466684,-0.00957680664,-9.94177276
3.71135379,0.373645097,-0.00823006821,-9.85498295
3.72131179,0.368707056,-0.0407014282,-9.81173768
3.73126979,0.31408933,-0.0251391174,-9.75113445
3.74122779,0.29164369,-0.0190039757,-9.7342254
3.75118579,0.328304903,-0.0384568642,-9.75816742
3.76114379,0.314538243,-0.0294786079,-9.81577789
3.77110179,0.306158537,-0.0279822319,-9.87129344
3.78105979,0.342370837,-0.0350151993,-9.87937388
3.79101779,0.321271935,-0.0700303986,-9.78495255
3.80097479,0.282815071,-0.0613514175,-9.73272902
3.81093279,0.289698401,-0.00837970581,-9.77956559
3.82089079,0.262763632,0.0038905777,-9.94476551
3.83084879,0.210989021,0.0142155724,-10.0803372
3.84080679,0.193780697,0.0134673843,-10.1045785
3.85076479,0.161159699,-0.0712274994,-10.0568441
3.86072279,0.160860424,-0.108487263,-9.99324809
3.87068079,0.193631059,-0.113275666,-9.83942064
3.88063879,0.199018013,-0.0791582924,-9.7016044
3.89059679,0.170886143,-0.0233434662,-9.61227075
3.90055379,0.184652803,-0.0113724579,-9.57396353
3.91051179,0.201561852,-0.0134673843,-9.61825626
3.92046979,0.196923087,-0.0410007034,-9.68484499
3.93042779,0.186149179,-0.125695587,-9.73976199
3.94038579,0.129137252,-0.145298113,-9.828946
3.95034379,0.138564421,-0.0941220528,-9.91124669
3.96030179,0.177470198,-0.0356137497,-10.005668
3.97025979,0.205302792,0.0161608612,-10.0269166
3.98021779,0.209941558,0.0618003304,-10.0408328
3.99017579,0.193930334,0.0609025047,-10.0134492
4.00013279,0.150834705,-0.0196025261,-10.0168908
4.01009079,0.13302783,-0.0983119057,-9.99205099
4.02004879,0.160411511,-0.178667299,-9.98980643
4.03000679,0.19108722,-0.178816936,-9.98920788
4.03996479,0.183306065,-0.110282914,-9.92830537
4.04992279,0.207547356,-0.0849941589,-9.85363621
4.05988079,0.240467629,-0.112228203,-9.7752261
4.06983879,0.209941558,-0.159513686,-9.73557214
4.07979679,0.109834001,-0.169988318,-9.76116017
4.08975479,0.106841249,-0.138265146,-9.75786814
4.09971179,0.150535429,-0.137666595,-9.85139164
4.10966979,0.195576348,-0.172083244,-9.88535938
4.11962779,0.118064069,-0.159364048,-9.82460651
4.12958579,0.0653916328,-0.114323129,-9.67511855
4.13954379,0.190189394,-0.0761655403,-9.65102689
4.14950179,0.302567235,-0.0656909081,-9.77911668
4.15945979,0.276829567,-0.0263362183,-9.89957495
4.16941779,0.344316126,0.055515551,-9.8905967
4.17937579,0.398335301,0.0504278725,-9.89343981
4.18933379,0.380079514,0.0543184502,-9.89942531
4.19929179,0.35718496,0.0526724365,-9.98127708
4.20924879,0.335188232,0.0456394691,-10.0731546
4.21920679,0.262314719,0.0306757088,-10.1074216
4.22916479,0.189740482,0.00972644424,-10.0189858
4.23912279,0.149338329,-0.0772130035,-9.88625721
4.24908079,0.121954647,-0.173878896,-9.79901848
4.25903879,0.0797568428,-0.180313313,-9.76639748
4.26899679,0.055515551,-0.13048399,-9.7553243
4.27895479,0.0861912598,-0.130783266,-9.72584569
4.28891279,0.0818517693,-0.168342304,-9.63052654
4.29887079,0.0203507141,-0.150984342,-9.51784942
4.30882779,0.0374094009,-0.141706811,-9.4879219
4.31878579,0.0852934341,-0.11866262,-9.50123965
4.32874379,0.115669868,-0.117914432,-9.58354033
4.33870179,0.15547347,-0.117764794,-9.72015947
4.34865979,0.204105692,-0.0867898102,-9.85393548
4.35861779,0.243460381,-0.0356137497,-9.91394016
4.36857579,0.282815071,-0.00119710083,-9.92890392
4.37853379,0.293888254,0.0700303986,-9.98980643
4.38849179,0.320523747,0.148440503,-10.0441249
4.39844979,0.321870486,0.146495214,-10.0834796
4.40840779,0.258124866,0.114622404,-10.0614828
4.41836479,0.22670097,0.0598550415,-9.98501802
4.42832279,0.236876327,0.00538695374,-9.94805754
4.43828079,0.22415713,-0.0438438179,-9.91723219
4.44823879,0.181061501,-0.0454898315,-9.91827965
4.45819679,0.202459678,-0.100107557,-9.90496191
4.46815479,0.251241537,-0.151433255,-9.87967315
4.47811279,0.128389064,-0.209043732,-9.76998879
4.48807079,0.00179565125,-0.249894798,-9.54224035
4.49802879,-0.0915782135,-0.260219793,-9.3991868
4.50798679,-0.0990600937,-0.271292976,-9.40427448
4.51794479,-0.057011927,-0.231339735,-9.59147113
4.52790179,0.0430956299,-0.171634332,-9.84794998
4.53785979,0.187495918,-0.111031102,-10.0441249
4.54781779,0.263212545,-0.048332946,-10.0876694
4.55777579,0.296731368,-0.0315735344,-9.97394484
4.56773379,0.307654913,-0.0142155724,-9.79931776
4.57769179,0.238971253,0.0275333191,-9.60912836
4.58764979,0.202609315,0.064194532,-9.5404447
4.59760779,0.238821616,0.0136170219,-9.59341641
4.60756579,0.290296951,-0.063446344,-9.74679496
4.61752379,0.283413622,-0.0927753143,-9.89643256
4.62748079,0.270694425,-0.106541974,-9.98247418
4.63743879,0.286107098,-0.133925655,-9.96376948
4.64739679,0.283712897,-0.15547347,-9.88446155
4.65735479,0.250942262,-0.149487966,-9.88835213
4.66731279,0.261117619,-0.0731727882,-9.94955391
4.67727079,0.223708218,0.00209492645,-9.93339305
4.68722879,0.246602771,0.0125695587,-9.91453871
4.69718679,0.289997676,0.0243909294,-9.89867713
4.70714479,0.257526316,0.0275333191,-9.88087025
4.71710279,0.209343008,0.0366612129,-9.87368765
4.72705979,0.21233576,0.0210989021,-9.85408512
4.73701779,0.227898071,-0.0107739075,-9.78824457
4.74697579,0.20485388,-0.0459387444,-9.72045874
4.75693379,0.201412215,-0.119859721,-9.66673884
4.76689179,0.182258601,-0.153378544,-9.6502787
4.77684979,0.176422735,-0.136020582,-9.65282254
4.78680779,0.168641579,-0.0576104774,-9.67511855
4.79676579,0.186448454,0.00927753143,-9.71342577
4.80672379,0.262314719,0.0164601364,-9.77747067
4.81668179,0.278924493,0.023792379,-9.8579757
4.82663979,0.365415028,0.0510264229,-10.0050695
4.83659779,0.444722958,0.0234931038,-10.1264256
4.84655479,0.441580569,0.0119710083,-10.1358527
4.85651279,0.411802686,0.0178068748,-9.98426984
4.86647079,0.378882413,0.056263739,-9.79048914
4.87642879,0.393995811,0.0749684395,-9.72794062
4.88638679,0.41090486,0.0573112022,-9.77971523
4.89634479,0.368707056,0.0432452675,-9.8380739
4.90630279,0.405817181,-0.0644938072,-9.88939959
4.91626079,0.406565369,-0.197820912,-9.99160208
4.92621879,0.29538463,-0.217573076,-10.0465191
4.93617679,0.24106618,-0.178517661,-9.9212724
4.94613379,0.29852702,-0.208445182,-9.8018616
4.95609179,0.310049115,-0.224755681,-9.76729531
4.96604979,0.217273801,-0.192433958,-9.75547394
4.97600779,0.196773449,-0.152630356,-9.73228011
4.98596579,0.199915839,-0.140210435,-9.72135657
4.99592379,0.143502462,-0.148141228,-9.73392612
5.00588179,0.0615010551,-0.124797762,-9.75023662
5.01583979,0.0908300255,-0.106990887,-9.72614497
5.02579779,0.115220955,-0.134524206,-9.70220295
5.03575579,0.138414783,-0.0834977829,-9.79677392
5.04571379,0.16295535,-0.0200514389,-9.89733039
5.05567079,0.222660754,0.00867898102,-9.9315974
5.06562879,0.289698401,0.0243909294,-9.97753614
5.07558679,0.245106395,0.0466869324,-9.92755718
5.08554479,0.148590141,0.0450409187,-9.80231051
5.09550279,0.107888712,-0.00164601364,-9.70549498
5.10546079,0.0975637177,-0.0344166489,-9.71357541
5.11541879,0.151433255,-0.040402153,-9.77687212
5.12537679,0.231489373,-0.0321720848,-9.8730891
5.13533479,0.279822319,-0.0398036026,-9.94356841
5.14529279,0.25169045,-0.00957680664,-9.89583401
5.15525079,0.219668002,0.0107739075,-9.79198551
5.16520879,0.170736506,0.0278325943,-9.70325042
5.17516579,0.140210435,0.0240916542,-9.69591817
5.18512379,0.194379247,-0.00613514175,-9.77851813
5.19508167,0.228047708,-0.0595557663,-9.90421372
5.20503967,0.20545243,-0.0704793114,-9.95793362
5.21499767,0.162506438,-0.0647930824,-9.89104561
5.22495567,0.177919111,-0.070628949,-9.79692356
5.23491367,0.203058228,-0.108187988,-9.77133553
5.24487167,0.228496621,-0.0954687912,-9.83822353
5.25482967,0.264110371,-0.0733224258,-9.9104985
5.26478767,0.311395853,-0.0498293221,-9.93459015
5.27474567,0.368557418,-0.0441430931,-10.0001314
5.28470267,0.408959571,-0.0704793114,-10.1886748
5.29466067,0.426916084,-0.0776619164,-10.4201642
5.30461867,0.366612129,-0.0902314751,-10.3279874
5.31457667,0.37155017,-0.0338180984,-9.91708255
5.32453467,0.402225879,-0.139312609,-9.75502503
5.33449267,0.328155265,-0.0935235023,-9.54194108
5.34445067,0.347907429,0.0077811554,-9.38212812
5.35440867,0.389357045,0.0444423683,-9.38691652
5.36436667,0.44651861,0.0205003517,-9.50228711
5.37432467,0.496048656,-0.0326209976,-9.71252795
5.38428267,0.452653751,-0.0251391174,-9.88446155
5.39423967,0.439485642,0.023792379,-9.96257238
5.40419767,0.446817885,0.0498293221,-9.96526586
5.41415567,0.443525858,0.0662894585,-9.94192239
5.42411367,0.423474419,0.064194532,-9.87443583
5.43407167,0.367659592,0.0149637604,-9.84780034
5.44402967,0.329053091,-0.0448912811,-9.84794998
5.45398767,0.282665434,-0.0620996056,-9.82011738
5.46394567,0.208894095,-0.0658405457,-9.75936452
5.47390367,0.185101716,-0.055515551,-9.69995839
5.48386167,0.194079972,-0.0683843849,-9.68379753
5.49381967,0.242113643,-0.0888847366,-9.72554642
5.50377767,0.233285024,-0.101753571,-9.77238299
5.51373467,0.227748433,-0.128538702,-9.76205799
5.52369267,0.216375975,-0.111330377,-9.70205331
5.53365067,0.213233585,-0.0845452461,-9.64040262
5.54360867,0.236876327,-0.0902314751,-9.60404068
5.55356667,0.194379247,-0.0805050308,-9.59326678
5.56352467,0.191835408,-0.0567126518,-9.69891093
5.57348267,0.220865103,-0.047584758,-9.82355905
5.58344067,0.252289,-0.00119710083,-9.9315974
5.59339867,0.295833543,0.0469862076,-9.98546694
5.60335667,0.335637145,0.0393546898,-10.0429278
5.61331467,0.332345118,0.0176572372,-10.0935053
5.62327167,0.284012172,-0.0179565125,-10.1056259
5.63322967,0.27039515,-0.0366612129,-10.0438256
5.64318767,0.27353754,-0.0104746323,-9.97873324
5.65314567,0.262464357,0.0338180984,-9.90885248
5.66310367,0.289399126,0.0372597633,-9.84361049
5.67306167,0.267402398,-0.000299275208,-9.77582465
5.68301967,0.244507845,-0.0115220955,-9.76894132
5.69297767,0.26665421,-0.038157589,-9.78644892
5.70293567,0.295085355,-0.0478840332,-9.79288334
5.71289367,0.331297655,-0.00598550415,-9.74380221
5.72285167,0.342670113,0.0374094009,-9.70908628
5.73280867,0.369305606,0.0734720634,-9.71088193
5.74276667,0.396240375,0.0688332977,-9.741408
5.75272467,0.396240375,0.0516249733,-9.79108769
5.76268267,0.343717576,0.00134673843,-9.78076269
5.77264067,0.311395853,-0.0219967278,-9.73018518
5.78259867,0.302716872,-0.00149637604,-9.72734207
5.79255667,0.300472308,0.0661398209,-9.70010803
5.80251467,0.363320102,0.0342670113,-9.77597429
5.81247267,0.443525858,-0.0275333191,-9.89837785
5.82243067,0.434397964,-0.0193032509,-9.98157636
5.83238867,0.396988563,-0.00448912811,-9.96361985
5.84234667,0.420930579,-0.0632967064,-9.87593221
5.85230367,0.432901588,-0.0763151779,-9.84780034
5.86226167,0.387711031,-0.0606032295,-9.82804818
5.87221967,0.366612129,-0.0770633659,-9.78285762
5.88217767,0.365265391,-0.114472767,-9.78570074
5.89213567,0.313191505,-0.142155724,-9.78764602
5.90209367,0.279523044,-0.123301385,-9.7939308
5.91205167,0.320673385,-0.115220955,-9.8114384
5.92200967,0.33593642,-0.0784101044,-9.89044706
5.93196767,0.360177712,-0.0136170219,-9.98786114
5.94192567,0.378732775,0.0106242699,-10.0278144
5.95188367,0.326808527,0.015861586,-9.99055462
5.96184167,0.288202025,-0.00957680664,-9.96032782
5.97179867,0.272938989,-0.00538695374,-9.92037458
5.98175667,0.281468333,-0.00568622894,-9.88595793
5.99171467,0.285508548,-0.0519242485,-9.80994203
6.00167267,0.297928469,-0.109534726,-9.74185692
6.01163067,0.246902046,-0.107290162,-9.66314754
6.02158867,0.199766201,-0.102202483,-9.67047978
6.03154667,0.217872351,-0.113724579,-9.71267758
6.04150467,0.279971957,-0.111330377,-9.78121161
6.05146267,0.281318695,-0.121206459,-9.894188
6.06142067,0.27039515,-0.108337625,-9.98426984
6.07137867,0.271292976,-0.10803835,-10.0278144
6.08133567,0.270844063,-0.0834977829,-9.99519338
6.09129367,0.246453133,-0.0849941589,-9.87338837
6.10125167,0.188693018,-0.115071317,-9.79632501
6.11120967,0.139462247,-0.110282914,-9.82640216
6.12116767,0.115370592,-0.117914432,-9.88401264
6.13112567,0.13676877,-0.129735802,-9.98516766
6.14108367,0.196623811,-0.11926117,-10.0665705
6.15104167,0.19422961,-0.0734720634,-10.0492126
6.16099967,0.177769473,-0.0517746109,-9.96945571
6.17095767,0.206649531,-0.0631470688,-9.95583869
6.18091567,0.182258601,-0.0564133766,-9.9375829
6.19087379,0.180612588,-0.0849941589,-9.84256302
6.20083079,0.172232882,-0.0986111809,-9.75352865
6.21078879,0.109534726,-0.0598550415,-9.67661492
6.22074679,0.111629652,-0.0797568428,-9.61032546
6.23070479,0.123301385,-0.12554595,-9.62738415
6.24066279,0.137068045,-0.0737713387,-9.66943232
6.25062079,0.17238252,-0.0266354935,-9.71477251
6.26057879,0.251391174,0.0157119484,-9.77447792
6.27053679,0.309899477,0.0263362183,-9.80799674
6.28049479,0.332644393,0.023792379,-9.80754783
6.29045279,0.305859262,-0.00194528885,-9.75098481
6.30041079,0.248099147,0.0077811554,-9.69950948
6.31036879,0.173878896,0.00643441696,-9.6781113
6.32032579,0.193032509,0.0372597633,-9.72494787
6.33028379,0.258124866,0.024540567,-9.78465327
6.34024179,0.294636442,-0.00119710083,-9.87323873
6.35019979,0.333991132,-0.0077811554,-9.90211879
6.36015779,0.296432093,-0.0212485397,-9.86874961
6.37011579,0.248248785,-0.0318728096,-9.82101521
6.38007379,0.259471605,-0.0770633659,-9.75547394
6.39003179,0.252588275,-0.115220955,-9.71163012
6.39998979,0.196474174,-0.140958623,-9.70459715
6.40994779,0.143053549,-0.156820209,-9.72584569
6.41990579,0.118961895,-0.164751002,-9.78031378
6.42986379,0.117914432,-0.156670571,-9.84824925
6.43982079,0.181959326,-0.104746323,-9.93878
6.44977879,0.282964709,-0.0781108292,-10.0385883
6.45973679,0.297180281,-0.0445920059,-10.0429278
6.46969479,0.298826295,-0.00433949051,-9.99145244
6.47965279,0.313041867,-0.0561141014,-9.95314521
6.48961079,0.251989725,-0.0797568428,-9.88924996
6.49956879,0.19048867,-0.108487263,-9.80275942
6.50952679,0.194977798,-0.191236858,-9.75562358
6.51948479,0.114472767,-0.172232882,-9.77597429
6.52944279,0.14110826,-0.103848497,-9.83448259
6.53940079,0.254982477,-0.112976391,-9.97349593
6.54935879,0.330399829,-0.0989104561,-10.0532528
6.55931579,0.36721068,-0.0831985077,-10.0239238
6.56927379,0.370652345,-0.0601543167,-9.87967315
6.57923179,0.270095875,-0.0149637604,-9.64279682
6.58918979,0.180911863,0.0339677361,-9.49570306
6.59914779,0.209642283,0.00688332977,-9.56244143
6.60910579,0.260668706,-0.0110731827,-9.76849241
6.61906379,0.301519772,-0.0354641121,-9.9574847
6.62902179,0.296881006,-0.0392050522,-9.99504374
6.63897979,0.290147314,-0.0380079514,-9.87174236
6.64893779,0.371400533,-0.00418985291,-9.81323405
6.65889579,0.43649289,0.0442927307,-9.93174704
6.66885379,0.511162054,0.0814028564,-10.1817915
6.67881079,0.603638094,0.102202483,-10.4649058
6.68876879,0.534056608,0.0917278511,-10.5683054
6.69872679,0.408211383,0.0314238968,-10.367791
6.70868479,0.313341142,-0.142604636,-10.0427781
6.71864279,0.230142635,-0.18046295,-9.80979239
6.72860079,-0.0139162971,-0.133177467,-9.68963339
6.73855879,-0.0661398209,-0.101753571,-9.56124433
6.74851679,-0.0415992538,-0.226850607,-9.51081646
6.75847479,-0.0266354935,-0.334888957,-9.50902081
6.76843279,-0.0472854828,-0.386364293,-9.53161608
6.77839079,-0.063446344,-0.406116457,-9.57216787
6.78834879,-0.0775122787,-0.448763174,-9.58548562
6.79830679,-0.121505734,-0.47584758,-9.52428384
6.80826379,-0.122553197,-0.484825836,-9.45889221
6.81822179,-0.0981622681,-0.458489618,-9.45574982
6.82817979,-0.0612017799,-0.413149424,-9.48238531
6.83813779,-0.00613514175,-0.377236399,-9.51395885
6.84809579,0.0758662651,-0.350750543,-9.53430956
6.85805379,0.0953191536,-0.283114346,-9.50527987
6.86801179,0.120158996,-0.254234289,-9.48044002
6.87796979,0.131082541,-0.221314016,-9.52607949
6.88792779,0.176273097,-0.162506438,-9.72240403
6.89788579,0.219518365,-0.0529717117,-9.99309845
6.90784379,0.285508548,0.0487818588,-10.2447889
6.91780179,0.362571914,0.0842459709,-10.3466921
6.92775979,0.406116457,0.102202483,-10.292224
6.93771679,0.347458516,0.139611884,-10.1169984
6.94767479,0.329801279,0.11237784,-9.92501334
6.95763279,0.376188936,0.0694318481,-9.83882208
6.96759079,0.311246216,0.0703296738,-9.88910032
6.97754879,0.206200618,0.072125325,-9.93369233
6.98750679,0.206649531,-0.00912789383,-10.0085111
6.99746479,0.204404967,-0.119710083,-10.0387379
7.00742279,0.0858919846,-0.166995566,-9.96466731
7.01738079,0.0260369431,-0.186298817,-9.85827497
7.02733879,0.00972644424,-0.192284321,-9.74380221
7.03729679,0.00673369217,-0.208295544,-9.65746131
7.04725479,-0.0969651672,-0.197671275,-9.57336498
7.05721279,-0.167294841,-0.221314016,-9.57141969
7.06716979,-0.139312609,-0.261566531,-9.71043302
7.07712779,-0.0549170006,-0.260519068,-9.90556046
7.08708579,-0.0210989021,-0.25288755,-10.0221281
7.09704379,-0.0429459923,-0.236128139,-9.95808326
7.10700179,-0.00314238968,-0.231190098,-9.73826562
7.11695979,0.0354641121,-0.187047005,-9.52084218
7.12691779,0.0318728096,-0.165948103,-9.50991863
7.13687579,0.00239420166,-0.12300211,-9.71133085
7.14683379,0.0505775101,-0.125695587,-9.97334629
7.15679179,0.131082541,-0.171484694,-10.1998976
7.16674979,0.172681795,-0.204404967,-10.2585556
7.17670779,0.177769473,-0.206799168,-10.1342067
7.18666479,0.13676877,-0.233883575,-9.86770214
7.19662229,0.0407014282,-0.303315423,-9.57650737
7.20658029,-0.0463876572,-0.424521882,-9.37165349
7.21653829,-0.0914285759,-0.61949968,-9.35758755
7.22649629,-0.105793786,-0.787841984,-9.43509983
7.23645429,-0.0824503197,-0.895431421,-9.41444984
7.24641229,-0.0275333191,-0.924610754,-9.34142669
7.25637029,-0.0199018013,-0.835576379,-9.28770679
7.26632829,-0.0830488701,-0.675015231,-9.28755715
7.27628629,-0.0315735344,-0.530914218,-9.39454804
7.28624429,0.0405517906,-0.393846173,-9.64713631
7.29620229,0.106541974,-0.250942262,-10.0026753
7.30616029,0.154126732,-0.0869394478,-10.3194581
7.31611729,0.246602771,0.0218470901,-10.5288011
7.32607529,0.273836815,0.0787093796,-10.5913496
7.33603329,0.33848026,0.107290162,-10.5805757
7.34599129,0.361225175,0.131381816,-10.6248684
7.35594929,0.326808527,0.0347159241,-10.6642231
7.36590729,0.283263984,-0.0718260498,-10.4907931
7.37586529,0.235230313,-0.164601364,-10.0774941
7.38582329,0.0743698891,-0.262165082,-9.56663128
7.39578129,-0.123600661,-0.238821616,-9.20241336
7.40573929,-0.239719441,-0.181061501,-9.0636993
7.41569729,-0.232686474,-0.125994862,-9.09183117
7.42565529,-0.0589572159,-0.0553659134,-9.21438436
7.43561329,0.119410808,0.0478840332,-9.36955856
7.44557029,0.263960733,0.0579097527,-9.59446388
7.45552829,0.387711031,0.0692822105,-9.8042558
7.46548629,0.390554146,0.146046301,-9.90196915
7.47544429,0.342370837,0.140210435,-9.93189667
7.48540229,0.265457109,0.199317288,-9.86470939
7.49536029,0.263062907,0.202908591,-9.74455039
7.50531829,0.188543381,0.113574941,-9.53251391
7.51527629,0.04683657,0.0285807823,-9.23368762
7.52523429,0.0387561394,-0.0362123001,-8.99426745
7.53519229,0.03247136,-0.122253922,-8.91510916
7.54515029,0.0254383926,-0.183006789,-8.99860694
7.55510829,0.0655412704,-0.166247378,-9.14689781
7.56506529,0.144699563,-0.10429741,-9.36641617
7.57502329,0.170886143,-0.0592564911,-9.59461352
7.58498129,0.0279822319,-0.115969143,-9.84480759
7.59493929,-0.178816936,-0.253336463,-10.0251209
7.60489729,-0.344765039,-0.406266094,-10.0191354
7.61485529,-0.469862076,-0.524330164,-9.89119525
7.62481329,-0.536899722,-0.561589927,-9.73123265
7.63477129,-0.555454785,-0.476146855,-9.59670844
7.64472929,-0.442927307,-0.356736047,-9.52144073
7.65468729,-0.300621946,-0.330399829,-9.59640917
7.66464529,-0.227598795,-0.280271232,-9.73512323
7.67460329,-0.182258601,-0.187795193,-9.79602573
7.68456129,-0.143502462,-0.119710083,-9.82505543
7.69451829,-0.0724246002,-0.0727238754,-9.8476507
7.70447629,-0.0559644638,-0.0314238968,-9.82954455
7.71443429,-0.0998082817,0.0190039757,-9.78540146
7.72439229,-0.157867672,0.0257376678,-9.76520038
7.73435029,-0.128987614,-0.00209492645,-9.8464536
7.74430829,-0.0501285973,0.00374094009,-10.0361941
7.75426629,-0.00179565125,0.0975637177,-10.2515226
7.76422429,0.134075293,0.175225634,-10.3187099
7.77418229,0.307654913,0.192733234,-10.2863882
7.78414029,0.479887795,0.192433958,-10.2383545
7.79409829,0.618452216,0.278325943,-10.1110129
7.80405629,0.756567725,0.36032735,-9.98621512
7.81401429,0.869095203,0.378583138,-9.89957495
7.82397129,0.913537571,0.295234992,-9.8428623
7.83392929,0.96665892,0.0969651672,-9.83897172
7.84388729,1.04880996,-0.0318728096,-9.89044706
7.85384529,1.09235451,-0.0986111809,-10.0329021
7.86380329,1.13978963,-0.10489596,-10.2593038
7.87376129,1.11210667,-0.0655412704,-10.4072953
7.88371929,1.0954969,-0.0227449158,-10.4875011
7.89367729,1.06571901,0.00987608185,-10.5380786
7.90363529,1.07769002,0.025288755,-10.5943423
7.91359329,0.964563994,0.0968155296,-10.5894043
7.92355129,0.907252792,0.144549925,-10.4901946
7.93350929,0.866850639,0.134823481,-10.3392102
7.94346729,0.714818833,0.0640448944,-10.1856821
7.95342429,0.537198997,-0.0429459923,-9.94416696
7.96338229,0.423923331,-0.143203187,-9.61586206
7.97334029,0.289997676,-0.209043732,-9.31538975
7.98329829,0.274435365,-0.135870944,-9.0999116
7.99325629,0.293738616,-0.0646434448,-9.06983444
8.00321429,0.372148721,-0.0745195267,-9.24311478
8.01317229,0.317381358,-0.071377137,-9.52637877
8.02313029,0.33219548,-0.0628477936,-9.73317794
8.03308829,0.298377382,-0.0297778831,-9.79138696
8.04304629,0.388459219,0.0395043274,-9.73467431
8.05300429,0.377834949,0.0638952568,-9.5941646
8.06296229,0.275183553,0.0451905563,-9.47101285
8.07292029,0.155174195,0.0187047005,-9.28037455
8.08287829,0.116866969,-0.0125695587,-9.02239932
8.09283529,0.0236427414,-0.0384568642,-8.93231748
8.10279329,0.0348655617,-0.128688339,-8.99396817
8.11275129,0.0115220955,-0.146195939,-9.1512373
8.12270929,0.0395043274,-0.185700266,-9.48029039
8.13266729,0.0830488701,-0.236577052,-9.76639748
8.14262529,0.0924760391,-0.185400991,-9.82580361
8.15258329,0.109085813,-0.131232178,-9.67392145
8.16254129,0.0315735344,-0.109085813,-9.43779331
8.17249929,-0.118812257,-0.112228203,-9.13013839
8.18245729,-0.351049818,-0.089483287,-8.84941825
8.19241583,-0.559046088,-0.113574941,-8.73823751
8.20237383,-0.689679716,-0.146794489,-8.83744724
8.21233183,-0.701201811,-0.201412215,-9.09617066
8.22228883,-0.505026913,-0.345064314,-9.45619873
8.23224683,-0.286406374,-0.483179823,-9.75083517
8.24220483,-0.266205297,-0.626383009,-9.74844097
8.25216283,-0.37095162,-0.765994894,-9.4596404
8.26212083,-0.590918897,-0.921318726,-8.92648161
8.27207883,-0.811035812,-0.887500628,-8.52949305
8.28203683,-0.899321999,-0.683694212,-8.55822347
8.29199483,-0.855178905,-0.478840332,-9.1433065
8.30195283,-0.670975015,-0.253785376,-9.9749923
8.31191083,-0.35284547,-0.0299275208,-10.8128132
8.32186883,-0.0519242485,0.0923264015,-11.462839
8.33182683,0.21293431,0.103698859,-11.8143377
8.34178483,0.298676657,0.080056118,-11.8942442
8.35174183,0.0589572159,0.0133177467,-11.8545902
8.36169983,-0.297928469,0.0197521637,-11.685799
8.37165783,-0.787692346,0.096665892,-11.4288713
8.38161583,-1.00406832,0.154276369,-11.3146978
8.39157383,-0.942417628,0.139162971,-11.4577513
8.40153183,-0.73621701,0.198269825,-11.8152356
8.41148983,-0.504727637,0.362422276,-12.1281278
8.42144783,-0.242562556,0.579995352,-12.2970686
8.43140583,0.0740706139,0.756717362,-12.1857383
8.44136383,0.278176305,0.877175633,-11.7508914
8.45132183,0.370353069,0.925358942,-11.1342348
8.46127983,0.284461085,0.942866541,-10.4943844
8.47123783,0.246602771,0.919971988,-9.89104561
8.48119483,0.145298113,0.897077435,-9.38796398
8.49115283,0.196623811,0.822707545,-9.17921953
8.50111083,0.327407077,0.748337656,-9.20106662
8.51106883,0.321271935,0.702847825,-9.35489407
8.52102683,0.228197346,0.669478639,-9.51994435
8.53098483,0.152480718,0.671723203,-9.57127005
8.54094283,0.0900818375,0.658255819,-9.47789618
8.55090083,0.0300771584,0.625934097,-9.35908393
8.56085883,-0.0600046791,0.558597175,-9.21199016
8.57081683,-0.2697966,0.459387444,-9.08794059
8.58077483,-0.481234534,0.372747271,-8.93531023
8.59073283,-0.625185909,0.315735344,-8.82712225
8.60069083,-0.693271018,0.240467629,-8.88637874
8.61064783,-0.72439564,0.146046301,-9.11562355
8.62060583,-0.746093092,0.0915782135,-9.40023427
8.63056383,-0.741155051,0.131681091,-9.61780734
8.64052183,-0.56952072,0.241365455,-9.71447324
8.65047983,-0.433200863,0.394444724,-9.77133553
8.66043783,-0.356736047,0.568323619,-9.83642788
8.67039583,-0.319027371,0.700902536,-9.79856957
8.68035383,-0.353892933,0.75058222,-9.72599533
8.69031183,-0.413897612,0.714669196,-9.74230583
8.70026983,-0.47270519,0.667682988,-9.7553243
8.71022783,-0.485873299,0.638354018,-9.87473511
8.72018583,-0.499340684,0.630872137,-10.0825817
8.73014383,-0.48647185,0.664690236,-10.2675338
8.74010183,-0.471807365,0.771381847,-10.4062479
8.75005883,-0.525976177,0.870741216,-10.4795703
8.76001683,-0.564433041,0.911442645,-10.6042184
8.76997483,-0.572064559,0.932242271,-10.7963531
8.77993283,-0.533158782,0.917128873,-10.9024462
8.78989083,-0.460285269,0.815076028,-10.887632
8.79984883,-0.362571914,0.724545277,-10.6639238
8.80980683,-0.272041164,0.748786569,-10.3287356
8.81976483,-0.140958623,0.805349583,-10.1636853
8.82972283,-0.00149637604,0.840963333,-10.1321118
8.83968083,0.0827495949,0.793977126,-10.100239
8.84963883,0.0796072052,0.664390961,-10.004022
8.85959683,0.0347159241,0.509964954,-9.82041666
8.86955483,0.0040402153,0.362721552,-9.65611457
8.87951183,-0.0221463654,0.189590844,-9.56977367
8.88946983,-0.00463876572,0.0290296951,-9.56483563
8.89942783,0.00897825623,-0.10429741,-9.56663128
8.90938583,0.0525227989,-0.247201321,-9.51350993
8.91934383,0.0369604881,-0.323516499,-9.41519803
8.92930183,-0.0414496162,-0.317381358,-9.36716436
8.93925983,-0.206799168,-0.347608154,-9.41654477
8.94921783,-0.298676657,-0.371400533,-9.43375309
8.95917583,-0.283862534,-0.38905777,-9.44243207
8.96913383,-0.148141228,-0.408660296,-9.54807622
8.97909183,-0.0436941803,-0.359579162,-9.68798738
8.98904983,0.0248398422,-0.273238264,-9.72674352
8.99900783,0.133925655,-0.23044191,-9.69157868
9.00896583,0.260668706,-0.231639011,-9.62768343
9.01892283,0.310198753,-0.232387199,-9.58428852
9.02888083,0.262464357,-0.276829567,-9.5121632
9.03883883,0.251391174,-0.368258143,-9.47086322
9.04879683,0.231938286,-0.402824429,-9.4306107
9.05875483,0.220715466,-0.40402153,-9.49675052
9.06871283,0.298227744,-0.451007738,-9.60508815
9.07867083,0.372447996,-0.516848283,-9.66359645
9.08862883,0.314238968,-0.568173981,-9.64010335
9.09858683,0.280420869,-0.683095661,-9.59625953
9.10854483,0.269048412,-0.836025292,-9.54657984
9.11850283,0.106990887,-0.895581059,-9.46143605
9.12846083,-0.04683657,-0.938227776,-9.42088426
9.13841883,-0.0423474419,-1.03698859,-9.47565162
9.14837583,-0.0911293007,-1.12108493,-9.55181716
9.15833383,-0.130783266,-1.12228203,-9.60314286
9.16829183,-0.0595557663,-1.13934072,-9.64758523
9.17824983,-0.0311246216,-1.19126496,-9.69157868
9.18820783,-0.061949968,-1.21116676,-9.74080945
9.19816529,-0.123451023,-1.29092361,-9.79602573
9.20812329,-0.225952782,-1.448492,-9.76789386
9.21808129,-0.373495459,-1.51882168,-9.67601637
9.22803929,-0.48647185,-1.57762926,-9.5483755
9.23799729,-0.603937369,-1.5734394,-9.41444984
9.24795529,-0.67755907,-1.51313545,-9.29174701
9.25791329,-0.714519558,-1.42484926,-9.28606078
9.26787129,-0.634164165,-1.3302783,-9.58982511
9.27782829,-0.501585248,-1.16762222,-10.1080201
9.28778629,-0.436193615,-0.946158569,-10.5702507
9.29774429,-0.193331784,-0.746392368,-10.9537719
9.30770229,-0.0179565125,-0.60513447,-11.1810714
9.31766029,0.0380079514,-0.523581976,-11.2674123
9.32761829,0.121056821,-0.427664272,-11.2147399
9.33757629,0.136619132,-0.253037188,-10.9325233
9.34753429,0.088735099,-0.00897825623,-10.4583218
9.35749229,0.0983119057,0.13302783,-10.0141974
9.36745029,0.109834001,0.227149883,-9.77537574
9.37740829,0.0571615646,0.310797303,-9.82670144
9.38736629,0.0692822105,0.394893636,-10.0813846
9.39732429,0.148440503,0.514154807,-10.4668511
9.40728229,0.242412918,0.571017096,-10.8223901
9.41723929,0.225503869,0.644788435,-10.9667903
9.42719729,0.173130708,0.671573566,-10.8948147
9.43715529,-0.00239420166,0.719158324,-10.5914992
9.44711329,-0.205153155,0.736516286,-10.15351
9.45707129,-0.340874461,0.660799658,-9.7668464
9.46702929,-0.453701215,0.597353314,-9.49001683
9.47698729,-0.400130952,0.576254412,-9.37719008
9.48694529,-0.217573076,0.532560232,-9.37958428
9.49690329,-0.07930793,0.526574728,-9.45829366
9.50686129,0.023792379,0.558148262,-9.69861165
9.51681929,0.0444423683,0.630273587,-10.0101571
9.52677729,-0.0276829567,0.703296738,-10.2058831
9.53673529,-0.161907887,0.741603964,-10.2214454
9.54669229,-0.265008196,0.741155051,-10.0376905
9.55665029,-0.294187529,0.653467416,-9.66838485
9.56660829,-0.277128842,0.604685557,-9.27842926
9.57656629,-0.274734641,0.617554391,-9.05651669
9.58652429,-0.164302089,0.6307225,-9.1257989
9.59648229,-0.0586579407,0.644040247,-9.42881505
9.60644029,0.0218470901,0.666186612,-9.75831705
9.61639829,0.0278325943,0.705242027,-9.97648868
9.62635629,0.119710083,0.646733723,-10.2208469
9.63631429,0.286705649,0.55141457,-10.5129395
9.64627229,0.405517906,0.550965657,-10.7701665
9.65623029,0.41524435,0.635660541,-10.822839
9.66618829,0.419883116,0.68878189,-10.5692032
9.67614629,0.379929876,0.65197104,-10.0824321
9.68610329,0.300322671,0.575057311,-9.58383961
9.69606129,0.281318695,0.419434203,-9.28261911
9.70601929,0.155772746,0.250792624,-9.18834742
9.71597729,-0.0112228203,0.130184715,-9.23742856
9.72593529,-0.109834001,-0.0507271477,-9.30895533
9.73589329,-0.254832839,-0.201861127,-9.30985316
9.74585129,-0.445770422,-0.377834949,-9.17772315
9.75580929,-0.532709869,-0.600346066,-8.97017579
9.76576729,-0.473603016,-0.830787976,-8.7298578
9.77572529,-0.350151993,-0.980724855,-8.55134014
9.78568329,-0.0990600937,-1.06302554,-8.45946265
9.79564129,0.130633628,-1.04028062,-8.48071119
9.80559929,0.248847335,-0.959925228,-8.6363343
9.81555629,0.190339032,-0.854580355,-8.82951645
9.82551429,0.0840963333,-0.834528916,-9.08375074
9.83547229,-0.0121206459,-0.926855318,-9.34905821
9.84543029,-0.0598550415,-1.064073,-9.57830302
9.85538829,-0.178816936,-1.13245739,-9.71537106
9.86534629,-0.377535674,-1.08996031,-9.77657284
9.87530429,-0.420631304,-1.00182376,-9.98456911
9.88526229,-0.385017554,-0.868945565,-10.3869446
9.89522029,-0.308253464,-0.673967767,-10.7339542
9.90517829,-0.146195939,-0.553060583,-10.9637976
9.91513629,0.0239420166,-0.496198294,-11.0405617
9.92509429,0.215478149,-0.517147559,-10.9423994
9.93505229,0.291942965,-0.592714548,-10.6960959
9.94501029,0.288650938,-0.757315913,-10.4292921
9.95496729,0.201861127,-0.898873086,-10.0938046
9.96492529,0.0341173737,-1.02217447,-9.73691888
9.97488329,-0.0784101044,-1.16388128,-9.35713864
9.98484129,-0.171335056,-1.33357032,-9.05846198
9.99479929,-0.178816936,-1.4739304,-8.90149213
10.0047573,-0.0794575676,-1.53812493,-8.82607478
10.0147153,-0.00673369217,-1.60576113,-8.83789615
10.0246733,0.0549170006,-1.68506906,-8.94787979
10.0346313,0.132279642,-1.71873752,-8.99980404
10.0445893,0.140210435,-1.645864,-9.06639277
10.0545473,0.0825999573,-1.56580789,-9.1094884
10.0645053,0.0109235451,-1.5439608,-9.12594854
10.0744633,-0.0689829353,-1.49188691,-9.23742856
10.0844203,-0.0430956299,-1.39327573,-9.49300958
10.0943783,0.177769473,-1.25680623,-9.85258874
10.1043363,0.409109209,-1.25231711,-10.0435263
10.1142943,0.38591538,-1.17226099,-10.0632785
10.1242523,0.119410808,-0.900968012,-10.0168908
10.1342103,-0.201112939,-0.619350042,-10.0204821
10.1441683,-0.538845011,-0.427963547,-10.103531
10.1541263,-0.893186857,-0.257526316,-10.2980599
10.1640843,-1.10073421,-0.123151748,-10.800543
10.1740423,-1.0501567,-0.0429459923,-11.6630541
10.1840003,-0.826298848,0.0863408974,-12.5572884
10.1939585,-0.594959113,0.303913973,-13.1073563
10.2039165,-0.395043274,0.560392826,-13.0334353
10.2138745,-0.222511117,0.747290193,-12.4104939
10.2238315,-0.231639011,0.832733265,-11.4854343
10.2337895,-0.418237103,0.807294872,-10.5888058
10.2437475,-0.609025047,0.745494542,-9.77417864
10.2537055,-0.703446375,0.688931528,-9.11367826
10.2636635,-0.801010093,0.669628277,-8.70097775
10.2736215,-0.80744451,0.789787273,-8.79285523
10.2835795,-0.605284107,0.922665465,-9.55974795
10.2935375,-0.537947186,1.13724579,-10.5609732
10.3034955,-0.556202973,1.38085581,-11.2793833
10.3134535,-0.586429769,1.5897499,-11.5382564
10.3234115,-0.558597175,1.60231946,-11.490073
10.3333695,-0.613963088,1.52076697,-11.3431289
10.3433275,-0.677858345,1.41602064,-11.1791261
10.3532845,-0.708384416,1.22373632,-11.0139262
10.3632425,-0.677110157,0.978330653,-10.7185416
10.3732005,-0.638653293,0.811784,-10.3003045
10.3831585,-0.5582979,0.698358697,-9.79318262
10.3931165,-0.494701918,0.568024344,-9.39888753
10.4030745,-0.420481667,0.501136335,-8.96703341
10.4130325,-0.254533564,0.50891749,-8.40050544
10.4229905,-0.191536133,0.463876572,-7.97792884
10.4329485,-0.157119484,0.351648369,-7.72309601
10.4429065,-0.181211138,0.239270528,-7.57121384
10.4528645,-0.270095875,0.087986911,-7.49968706
10.4628225,-0.366911404,-0.123899936,-7.62643011
10.4727805,-0.486322212,-0.33473932,-7.92914699
10.4827385,-0.652120677,-0.452204839,-8.27840115
10.4926955,-0.69192428,-0.481084896,-8.49372966
10.5026535,-0.592714548,-0.440982018,-8.63349119
10.5126115,-0.595707301,-0.285508548,-8.71773716
10.5225695,-0.551713845,-0.121056821,-8.7811835
10.5325275,-0.46148237,0.00433949051,-8.88907221
10.5424855,-0.381276614,0.117615157,-9.03287395
10.5524435,-0.278475581,0.155323833,-9.22590646
10.5624015,-0.116268418,0.197072724,-9.53730231
10.5723595,0.127491238,0.192284321,-9.79961703
10.5823175,0.268898774,0.245704945,-9.96706151
10.5922755,0.241814368,0.264559283,-10.0475665
10.6022335,0.0971148048,0.256329215,-10.041581
10.6121915,-0.0080804306,0.123899936,-9.97618941
10.6221485,0.0635959816,-0.0968155296,-9.85154128
10.6321065,0.0516249733,-0.257675954,-9.63396821
10.6420645,0.0273836815,-0.381875165,-9.37494551
10.6520225,0.0231938286,-0.453850852,-9.09018515
10.6619805,0.115819505,-0.519392123,-8.85824687
10.6719385,0.0492307716,-0.645536623,-8.72087955
10.6818965,-0.100855745,-0.815225665,-8.84268456
10.6918545,-0.217872351,-0.882113674,-9.11307971
10.7018125,-0.251540812,-0.866850639,-9.46023895
10.7117705,-0.245555308,-0.802057556,-9.76759459
10.7217285,-0.197371999,-0.71811086,-9.97574049
10.7316865,-0.0926256767,-0.680851097,-10.1360024
10.7416445,0.0692822105,-0.732027158,-10.324845
10.7516025,0.146794489,-0.694019206,-10.5397246
10.7615595,0.162506438,-0.655562342,-10.7344031
10.7715175,0.205153155,-0.704493839,-10.8020393
10.7814755,0.239569804,-0.842459709,-10.7153992
10.7914335,0.272789352,-0.975188264,-10.5066547
10.8013915,0.257526316,-1.11988783,-10.2051349
10.8113495,0.258424142,-1.24648124,-9.82580361
10.8213075,0.230142635,-1.33087685,-9.51201356
10.8312655,0.288052387,-1.40449855,-9.41011035
10.8412235,0.349403805,-1.44624744,-9.38946036
10.8511815,0.310049115,-1.4110826,-9.52652841
10.8611395,0.165648827,-1.34868372,-9.81098949
10.8710975,0.0773626411,-1.19994394,-10.094852
10.8810555,-0.0495300468,-0.992695863,-10.4029559
10.8910125,-0.231339735,-0.828992325,-10.8303208
10.9009705,-0.279971957,-0.767341632,-11.3685673
10.9109285,-0.334589682,-0.697610509,-11.8981348
10.9208865,-0.281468333,-0.697311234,-12.1999538
10.9308445,-0.20979192,-0.729483318,-11.993005
10.9408025,-0.183904615,-0.753275697,-11.3447749
10.9507605,-0.139312609,-0.786794521,-10.6193318
10.9607185,-0.0556651886,-0.808641611,-10.1371995
10.9706765,-0.0474351204,-0.792031837,-9.90660792
10.9806345,-0.0565630142,-0.690577541,-9.87024598
10.9905925,0.00628477936,-0.536600447,-10.0198836
11.0005505,0.165199915,-0.31663317,-10.2952168
11.0105085,0.339378085,-0.0240916542,-10.5518453
11.0204665,0.493654455,0.194379247,-10.6060141
11.0304235,0.559195725,0.30974984,-10.4331826
11.0403815,0.468515337,0.416441451,-10.0189858
11.0503395,0.333392581,0.528669654,-9.5953617
11.0602975,0.18420389,0.587327595,-9.23653073
11.0702555,0.168940855,0.58762687,-8.99307035
11.0802135,0.390554146,0.552462033,-8.97032543
11.0901715,0.689081165,0.521487049,-9.28441476
11.1001295,0.865803175,0.578498976,-9.76624785
11.1100875,0.894084682,0.754173523,-10.2676835
11.1200455,0.867748464,1.01843353,-10.753856
11.1300035,0.754921711,1.22313777,-11.2989858
11.1399615,0.565630142,1.33940619,-11.8670102
11.1499195,0.34656069,1.33087685,-12.17676
11.1598775,0.264858559,1.24303957,-12.0515133
11.1698345,0.163553901,1.16687403,-11.3989437
11.1797925,0.0905307503,1.02262338,-10.5391261
11.1897505,0.0430956299,0.865354263,-9.78989059
11.1997088,0.0270844063,0.768838008,-9.30386765
11.2096668,0.114173492,0.630273587,-9.00773483
11.2196248,0.181360776,0.467018961,-8.78327843
11.2295828,0.39968204,0.315884982,-8.68676217
11.2395408,0.593163461,0.155174195,-8.81155993
11.2494988,0.485723662,0.0818517693,-8.94458776
11.2594568,0.222660754,0.0456394691,-9.01865838
11.2694148,0.0692822105,-0.0707785866,-9.08943697
11.2793728,-0.126593413,-0.248248785,-9.13238296
11.2893308,-0.311695129,-0.405966819,-9.08315219
11.2992878,-0.354641121,-0.544231965,-9.00848302
11.3092458,-0.294786079,-0.659602557,-8.96673413
11.3192038,-0.205901343,-0.733224258,-8.99381854
11.3291618,-0.0860416222,-0.732027158,-9.11023659
11.3391198,-0.0528220741,-0.616058015,-9.19119054
11.3490778,-0.0110731827,-0.510114591,-9.1747304
11.3590358,0.117465519,-0.483778373,-9.1325326
11.3689938,0.270095875,-0.537348635,-9.09646993
11.3789518,0.341921925,-0.627729748,-9.08090762
11.3889098,0.357783511,-0.744746354,-9.09317791
11.3988678,0.251989725,-0.860715497,-9.04828662
11.4088258,0.0522235237,-0.987009634,-8.91840118
11.4187838,-0.151582893,-1.1142016,-8.72207665
11.4287418,-0.217423438,-1.23181675,-8.63438901
11.4386988,-0.21921909,-1.28957687,-8.80766936
11.4486568,-0.210989021,-1.28942723,-9.05831234
11.4586148,-0.128089789,-1.17824649,-9.28561186
11.4685728,0.0507271477,-1.0942998,-9.45904185
11.4785308,0.281169057,-1.08472299,-9.64130045
11.4884888,0.423025506,-1.10133276,-9.80081413
11.4984468,0.52582654,-1.13574941,-9.93878
11.5084048,0.611419249,-1.17884504,-10.0233253
11.5183628,0.547523992,-1.21505734,-9.97813469
11.5283208,0.402525154,-1.29900404,-9.78330653
11.5382788,0.275333191,-1.46420395,-9.59431424
11.5482368,0.143951375,-1.65708682,-9.41370165
11.5581948,-0.0846948837,-1.80133747,-9.31314518
11.5681518,-0.185700266,-1.84039289,-9.30955388
11.5781098,-0.131830729,-1.90862764,-9.42163245
11.5880678,0.023044191,-1.92314248,-9.62469067
11.5980258,0.20231004,-1.84577984,-9.8591728
11.6079838,0.383072266,-1.76153387,-10.0396357
11.6179418,0.446967522,-1.678485,-10.0843774
11.6278998,0.452953027,-1.62267018,-10.033351
11.6378578,0.375590385,-1.66546653,-9.93818145
11.6478158,0.188543381,-1.68491942,-9.87578257
11.6577738,0.142754274,-1.73759185,-9.87144308
11.6677318,0.0284311447,-1.7895161,-9.79901848
11.6776898,-0.136020582,-1.6935984,-9.75457611
11.6876478,-0.297329919,-1.46629888,-9.89822821
11.6976048,-0.418686015,-1.16283382,-10.3101805
11.7075628,-0.496647207,-0.784998869,-10.7635825
11.7175208,-0.535852259,-0.384568642,-11.1906482
11.7274788,-0.499639959,-0.0290296951,-11.5861404
11.7374368,-0.393546898,0.31663317,-12.0672253
11.7473948,-0.159364048,0.645237347,-12.5146417
11.7573528,0.11237784,0.911143369,-12.6443775
11.7673108,0.339826998,0.988805286,-12.3994208
11.7772688,0.344166489,0.979378117,-11.8101479
11.7872268,0.191236858,1.09729255,-11.0258972
11.7971848,0.216226337,1.12303022,-10.3110784
11.8071428,0.332644393,1.03234983,-9.77477719
11.8171008,0.434248326,0.890792655,-9.35549262
11.8270588,0.484676199,0.741304689,-9.00474208
11.8370158,0.49081134,0.646135173,-8.63438901
11.8469738,0.535403346,0.598101502,-8.37506704
11.8569318,0.46522331,0.602440993,-8.28154354
11.8668898,0.225653506,0.560093551,-8.31416454
11.8768478,-0.169090492,0.494402643,-8.43956085
11.8868058,-0.554257684,0.44337622,-8.59608179
11.8967638,-0.816422766,0.373046546,-8.91899973
11.9067218,-0.944362917,0.351947644,-9.37225204
11.9166798,-1.04836105,0.493504817,-9.86590649
11.9266378,-1.0242694,0.702847825,-10.3733276
11.9365958,-0.900369462,0.891690481,-10.8015904
11.9465538,-0.708683691,1.07364981,-11.2048638
11.9565118,-0.318428821,1.27805477,-11.6160679
11.9664698,0.120757546,1.4190134,-11.8168816
11.9764268,0.487968226,1.41841485,-11.6970218
11.9863848,0.694468119,1.32578917,-11.2473608
11.9963428,0.744895992,1.17779758,-10.5584293
12.0063008,0.624587358,0.940921252,-9.78166052
12.0162588,0.424222607,0.636558366,-9.08809023
12.0262168,0.231938286,0.342969388,-8.5790231
12.0361748,0.134973119,0.063446344,-8.28199246
12.0461328,0.0855927094,-0.140360072,-8.21061532
12.0560908,0.0478840332,-0.354940396,-8.19639975
12.0660488,0.0652419952,-0.498143583,-8.20702402
12.0760068,0.0724246002,-0.535104071,-8.30294172
12.0859648,0.17238252,-0.574608398,-8.50315683
12.0959228,0.337881709,-0.691325729,-8.66611218
12.1058808,0.356885685,-0.880916573,-8.82712225
12.1158378,0.289548763,-0.951395885,-8.81230812
12.1257958,0.330848742,-0.771381847,-8.7485625
12.1357538,0.508468578,-0.561589927,-8.84208601
12.1457118,0.69626377,-0.354192208,-9.16246012
12.1556698,0.804751033,-0.210240833,-9.62005191
12.1656278,0.703596013,-0.200813664,-10.0451723
12.1755858,0.54767363,-0.236427414,-10.3932294
12.1855438,0.373495459,-0.262165082,-10.674997
12.1955016,0.185550629,-0.282815071,-10.8464817
12.2054596,0.113425304,-0.383970091,-10.94629
12.2154176,0.127640876,-0.531363131,-10.8916723
12.2253756,0.205602068,-0.662296034,-10.6573398
12.2353336,0.316184257,-0.716464847,-10.2940197
12.2452906,0.354790759,-0.73621701,-9.89718075
12.2552486,0.339976636,-0.837521668,-9.55346317
12.2652066,0.25602994,-1.00421796,-9.33783539
12.2751646,0.0999579193,-1.18168816,-9.29503903
12.2851226,0.0344166489,-1.3091794,-9.49211176
12.2950806,0.0899321999,-1.38699095,-9.86800142
12.3050386,0.280570507,-1.44998838,-10.2195001
12.3149966,0.437540353,-1.4377181,-10.3999631
12.3249546,0.47644613,-1.37771342,-10.4334819
12.3349126,0.554407322,-1.41138188,-10.5059065
12.3448706,0.542137038,-1.34554133,-10.5724953
12.3548286,0.460434907,-1.2252327,-10.5982329
12.3647866,0.397886388,-1.18737439,-10.6627267
12.3747446,0.381725527,-1.21894792,-10.7534071
12.3847016,0.416740726,-1.24782798,-10.7501151
12.3946596,0.536899722,-1.2415432,-10.683676
12.4046176,0.604087006,-1.22822545,-10.5060562
12.4145756,0.571615646,-1.12886608,-10.2642418
12.4245336,0.481533809,-0.925508579,-10.0327524
12.4344916,0.484077648,-0.745943455,-9.82355905
12.4444496,0.596156213,-0.662445672,-9.72300258
12.4544076,0.603787731,-0.548421818,-9.73257939
12.4643656,0.493504817,-0.305111074,-9.80440544
12.4743236,0.453551577,-0.0157119484,-9.9550905
12.4842816,0.579247164,0.264708921,-10.2661871
12.4942396,0.679653996,0.405068993,-10.6920557
12.5041976,0.820762257,0.448613536,-11.1295961
12.5141546,0.969502035,0.466121136,-11.3958014
12.5241126,1.1667244,0.430806661,-11.3423807
12.5340706,1.2228385,0.503680174,-10.985495
12.5440286,1.10013566,0.51205988,-10.2229418
12.5539866,1.03175128,0.420332029,-9.44512555
12.5639446,0.94855277,0.246153858,-8.87201353
12.5739026,0.920720176,0.103100309,-8.5101898
12.5838606,0.94481183,0.0716764122,-8.31880331
12.5938186,0.990451299,0.141557173,-8.32538736
12.6037766,1.02756143,0.255880302,-8.62541076
12.6137346,1.05539402,0.355838222,-9.14644889
12.6236926,1.02741179,0.419733479,-9.68185224
12.6336506,0.964713631,0.432452675,-10.086622
12.6436086,0.883759688,0.40087914,-10.283545
12.6535656,0.822857183,0.382473715,-10.3149689
12.6635236,0.744895992,0.393097985,-10.1897223
12.6734816,0.772130035,0.30346506,-9.90645828
12.6834396,0.874182881,0.211886847,-9.54672948
12.6933976,0.916530323,0.131531454,-9.15617534
12.7033556,0.851437965,0.0707785866,-8.80811827
12.7133136,0.87178868,-0.0685340225,-8.60341403
12.7232716,0.831835439,-0.246752409,-8.49043764
12.7332296,0.687135876,-0.379181688,-8.43851339
12.7431876,0.583586655,-0.534655158,-8.50046336
12.7531456,0.572064559,-0.63880293,-8.68631326
12.7631036,0.498143583,-0.673967767,-8.93052183
12.7730616,0.286556011,-0.716315209,-9.16380685
12.7830186,0.165199915,-0.827795224,-9.26137057
12.7929766,0.087986911,-0.924311478,-9.27603506
12.8029346,0.00329202728,-0.981772318,-9.3068604
12.8128926,0.0402525154,-1.06796358,-9.44871685
12.8228506,0.117315881,-1.10208095,-9.59012439
12.8328086,0.141257898,-1.08981067,-9.68589245
12.8427666,0.187795193,-1.1201871,-9.72360113
12.8527246,0.232387199,-1.17899468,-9.74455039
12.8626826,0.208894095,-1.18064069,-9.77836849
12.8726406,0.174327808,-1.15385556,-9.71148048
12.8825986,0.224755681,-1.2276269,-9.59551134
12.8925566,0.265157834,-1.3211504,-9.49734907
12.9025146,0.273387902,-1.3748703,-9.4166944
12.9124716,0.248697697,-1.42963767,-9.42133317
12.9224296,0.231639011,-1.44280578,-9.51306102
12.9323876,0.219668002,-1.43352824,-9.53999579
12.9423456,0.222660754,-1.41063369,-9.52862333
12.9523036,0.38965632,-1.41138188,-9.54672948
12.9622616,0.572214197,-1.37023154,-9.57501099
12.9722196,0.679205083,-1.32174895,-9.56348889
12.9821776,0.717961223,-1.33117612,-9.47295814
12.9921356,0.71436992,-1.37756378,-9.32736076
13.0020936,0.661547846,-1.4460978,-9.19912133
13.0120516,0.646883361,-1.53603,-9.1174192
13.0220096,0.6494272,-1.68626616,-9.05427213
13.0319676,0.675913056,-1.8372505,-8.95805515
13.0419256,0.729483318,-1.90324068,-8.91301423
13.0518826,0.75372461,-1.88947402,-8.9833439
13.0618406,0.723946727,-1.84218854,-9.15138693
13.0717986,0.643292059,-1.77230778,-9.34007995
13.0817566,0.575206949,-1.73070853,-9.45380453
13.0917146,0.513855531,-1.75105924,-9.51979471
13.1016726,0.480037433,-1.75120888,-9.67900912
13.1116306,0.454748678,-1.67384624,-9.90361517
13.1215886,0.394145448,-1.53707747,-10.0834796
13.1315466,0.387262119,-1.47378076,-10.2485298
13.1415046,0.405966819,-1.45133512,-10.4652051
13.1514626,0.38591538,-1.43607208,-10.6995376
13.1614206,0.317680633,-1.36215111,-10.8367553
13.1713786,0.0707785866,-1.1492168,-10.9009498
13.1813366,-0.239719441,-0.825101747,-11.0999678
13.1912936,-0.536450809,-0.478092144,-11.2193786
13.201252,-0.692822105,-0.286256736,-11.219229
13.21121,-0.739658675,-0.120907184,-11.3555488
13.221168,-0.672770667,0.107140524,-11.8650649
13.231126,-0.476745406,0.452354476,-12.5478613
13.241084,-0.191236858,0.904409677,-13.2534026
13.251042,0.0965162544,1.2475287,-13.6318361
13.261,0.405517906,1.53213942,-13.496414
13.270958,0.528968929,1.65155023,-12.8513263
13.280916,0.476296493,1.62491474,-11.919533
13.290874,0.452354476,1.70841252,-10.9816045
13.300832,0.349254167,1.81256029,-10.4179196
13.31079,0.450708463,1.66741182,-9.99040498
13.320747,0.510563504,1.47886844,-9.65312182
13.330705,0.395342549,1.27850369,-9.33304698
13.340663,0.209492645,1.07020814,-9.02554171
13.350621,0.0380079514,0.78185648,-8.60281548
13.360579,-0.168491942,0.606032295,-8.26613087
13.370537,-0.438438179,0.608426497,-8.18173526
13.380495,-0.572064559,0.619350042,-8.50151082
13.390453,-0.605433745,0.665737699,-9.0975174
13.400411,-0.5945102,0.721702163,-9.69008231
13.410369,-0.552312395,0.71062898,-10.0688151
13.420327,-0.402375517,0.618152941,-10.2823479
13.430285,-0.287603474,0.506074376,-10.3257428
13.440243,-0.235230313,0.419733479,-10.1811929
13.450201,-0.161458974,0.377834949,-9.80919384
13.460158,-0.0725742378,0.338629897,-9.27783071
13.470116,0.0851437965,0.236128139,-8.82861862
13.480074,0.183006789,0.070628949,-8.57692817
13.490032,0.191536133,-0.0885854614,-8.37791016
13.49999,0.158466222,-0.255281752,-8.18562584
13.509948,0.103698859,-0.372597633,-8.0979382
13.519906,0.121805009,-0.484676199,-8.08671538
13.529864,0.102352121,-0.542137038,-8.19161134
13.539822,0.0719756874,-0.521337411,-8.36204857
13.54978,0.0249894798,-0.45025955,-8.55942057
13.559738,0.0246902046,-0.340126273,-8.84373202
13.569696,0.10429741,-0.240467629,-9.14390505
13.579654,0.132429279,-0.108786538,-9.39230348
13.589611,0.207098444,0.00598550415,-9.67751275
13.599569,0.341323374,0.0601543167,-10.067618
13.609527,0.38591538,0.0825999573,-10.4456026
13.619485,0.365415028,0.0478840332,-10.6878658
13.629443,0.395641824,-0.0121206459,-10.8120651
13.639401,0.379780238,-0.11926117,-10.7807908
13.649359,0.302417597,-0.244956757,-10.4720884
13.659317,0.244657482,-0.429759198,-9.96601405
13.669275,0.196174899,-0.632368513,-9.41654477
13.679233,0.0984615433,-0.744895992,-8.93261676
13.689191,0.0326209976,-0.868347015,-8.64471401
13.699149,0.00374094009,-0.997783542,-8.57588071
13.709107,-0.0219967278,-1.07529582,-8.67928029
13.719065,0.0629974312,-1.13739543,-8.80063639
13.729023,0.226850607,-1.15026426,-8.83909325
13.73898,0.352695832,-1.12452659,-8.85076499
13.748938,0.396390012,-1.07888712,-8.82757116
13.758896,0.424372244,-1.05270054,-8.72297447
13.768854,0.364367565,-1.10447515,-8.52515356
13.778812,0.254383926,-1.21386024,-8.5137811
13.78877,0.187495918,-1.2638392,-8.75200417
13.798728,0.178218386,-1.20218851,-9.17906989
13.808686,0.18360534,-1.13305594,-9.76714567
13.818644,0.261716169,-1.1130045,-10.2489788
13.828602,0.379780238,-1.06392336,-10.5696521
13.83856,0.481982722,-0.960374141,-10.7525093
13.848518,0.505625463,-0.782903943,-10.9005009
13.858476,0.467467874,-0.565630142,-11.1298953
13.868434,0.335038595,-0.384119729,-11.3613847
13.878391,0.244058932,-0.311695129,-11.4849854
13.888349,0.276380654,-0.387112481,-11.4930658
13.898307,0.226252057,-0.513256981,-11.2921025
13.908265,-0.0109235451,-0.463427659,-10.9878892
13.918223,-0.0763151779,-0.320074834,-10.8743143
13.928181,-0.0938227776,-0.188244106,-10.9651443
13.938139,-0.103549222,0.0157119484,-11.1442605
13.948097,-0.190189394,0.310498028,-11.4047796
13.958055,-0.18794483,0.534505521,-11.7838117
13.968013,-0.0752677147,0.736965199,-12.1200474
13.977971,0.0837970581,0.865054987,-12.2719295
13.987929,0.286705649,0.902314751,-12.0334072
13.997887,0.400430228,0.887650266,-11.4098673
14.007845,0.326359614,0.900818375,-10.6627267
14.017802,0.214281049,0.937030675,-10.0165916
14.02776,0.139761522,0.986859997,-9.5380505
14.037718,0.215178874,0.985363621,-9.32601402
14.047676,0.391302334,0.918924525,-9.36626653
14.057634,0.528968929,0.877624546,-9.54643021
14.067592,0.576104774,0.919074162,-9.83732571
14.07755,0.572064559,1.09040922,-10.0918593
14.087508,0.529118567,1.32683663,-10.2827969
14.097466,0.511610967,1.47258366,-10.3460936
14.107424,0.508468578,1.4576199,-10.2631943
14.117382,0.487369675,1.42814129,-10.0691144
14.12734,0.515351907,1.381604,-9.81742391
14.137298,0.547972905,1.33252286,-9.54732803
14.147256,0.578648614,1.30169752,-9.30177272
14.157214,0.588524696,1.23884972,-9.10051015
14.167171,0.603937369,1.10971247,-8.93097074
14.177129,0.528520016,0.973691888,-8.80198313
14.187087,0.355987859,0.787991621,-8.69199949
14.1970443,0.17612346,0.57326166,-8.5838115
14.2070023,-0.0121206459,0.374243647,-8.50106191
14.2169603,-0.166995566,0.206799168,-8.54385826
14.2269183,-0.236876327,0.0466869324,-8.65833103
14.2368763,-0.261865807,-0.0787093796,-8.83684869
14.2468343,-0.327556715,-0.121805009,-9.07163009
14.2567923,-0.348655617,-0.153677819,-9.31134953
14.2667503,-0.193780697,-0.193780697,-9.67631565
14.2767083,-0.117764794,-0.191536133,-9.96436803
14.2866663,-0.0758662651,-0.160112236,-10.0851256
14.2966243,0.0368108505,-0.184503165,-10.0504097
14.3065823,0.115669868,-0.272938989,-9.9116956
14.3165393,0.131082541,-0.360028075,-9.8078471
14.3264973,0.111330377,-0.421678767,-9.78465327
14.3364553,0.0742202515,-0.528071104,-9.75861633
14.3464133,0.0386065018,-0.662894585,-9.619603
14.3563713,-0.0231938286,-0.761954678,-9.34501799
14.3663293,-0.046088382,-0.901267287,-9.09377646
14.3762873,-0.0644938072,-1.06377373,-8.92543415
14.3862453,-0.069880761,-1.16118781,-8.79001212
14.3962033,-0.0393546898,-1.24408704,-8.74646758
14.4061613,0.0239420166,-1.30992758,-8.7986911
14.4161193,0.0600046791,-1.33491706,-8.96778159
14.4260773,0.121954647,-1.30932903,-9.14719708
14.4360353,0.181809689,-1.26698159,-9.2809731
14.4459933,0.278026668,-1.22822545,-9.38946036
14.4559513,0.356885685,-1.2089222,-9.4855277
14.4659083,0.430657024,-1.19814829,-9.53475847
14.4758663,0.534505521,-1.27371528,-9.56154361
14.4858243,0.546626167,-1.3410522,-9.53999579
14.4957823,0.451905563,-1.34224931,-9.44751975
14.5057403,0.308403101,-1.31471599,-9.35713864
14.5156983,0.221912566,-1.2825439,-9.47580126
14.5256563,0.192733234,-1.2674305,-9.77702175
14.5356143,0.193331784,-1.21191495,-10.1973538
14.5455723,0.235828864,-1.16103817,-10.6413286
14.5555303,0.301968684,-1.10522334,-11.0317331
14.5654883,0.359579162,-1.01439332,-11.2193786
14.5754463,0.431255574,-0.959925228,-11.2644195
14.5854043,0.460734182,-0.898274535,-11.1839145
14.5953623,0.401627328,-0.900668737,-10.9293809
14.6053203,0.198120187,-0.998980643,-10.5112935
14.6152773,-0.107439799,-0.928202056,-10.218752
14.6252353,-0.443675495,-0.699256522,-10.1223853
14.6351933,-0.518344659,-0.560392826,-10.180744
14.6451513,-0.568622894,-0.539742837,-10.3441483
14.6551093,-0.672471391,-0.49335518,-10.6166383
14.6650673,-0.717811585,-0.320673385,-10.9836994
14.6750253,-0.669628277,0.00269347687,-11.4379992
14.6849833,-0.553359859,0.39653965,-11.86297
14.6949413,-0.302417597,0.695814857,-12.1034376
14.7048993,-0.0712274994,0.981622681,-11.9716069
14.7148573,0.250194073,1.2228385,-11.5099748
14.7248153,0.492307716,1.34269822,-10.9700824
14.7347733,0.488417139,1.43427643,-10.4273468
14.7447313,0.47210664,1.48784669,-9.91977603
14.7546893,0.514304444,1.36319857,-9.57291606
14.7646473,0.410605585,1.14188455,-9.24311478
14.7746043,0.204704242,0.888997004,-8.88278743
14.7845623,0.0248398422,0.676960519,-8.54789848
14.7945203,-0.178517661,0.540341387,-8.3665377
14.8044783,-0.419434203,0.451007738,-8.53787276
14.8144363,-0.722599989,0.343717576,-8.93201821
14.8243943,-1.01693716,0.241215817,-9.28591114
14.8343523,-1.13934072,0.140060797,-9.53730231
14.8443103,-1.13993927,0.0297778831,-9.69546926
14.8542683,-1.09070849,-0.0140659348,-9.80530326
14.8642263,-1.03564186,0.0290296951,-9.81039094
14.8741843,-0.82495211,0.0788590172,-9.71806454
14.8841423,-0.567725069,0.117615157,-9.50976899
14.8941003,-0.38217444,0.167294841,-9.19298619
14.9040583,-0.241964005,0.179565125,-8.92303995
14.9140163,-0.185849904,0.13676877,-8.74317555
14.9239743,-0.270245512,0.056263739,-8.6490535
14.9339313,-0.341323374,-0.0833481453,-8.62436329
14.9438893,-0.375440748,-0.251840087,-8.6888571
14.9538473,-0.377386037,-0.347757791,-8.81694689
14.9638053,-0.304811799,-0.376039298,-9.01880802
14.9737633,-0.208445182,-0.322469036,-9.21124197
14.9837213,-0.118213707,-0.243759657,-9.29937852
14.9936793,0.0412999786,-0.286107098,-9.41130745
15.0036373,0.081552494,-0.31349078,-9.44991395
15.0135953,0.0817021317,-0.319326646,-9.3756937
15.0235533,0.105344873,-0.372298358,-9.302072
15.0335113,0.131232178,-0.406715007,-9.27528687
15.0434693,0.122553197,-0.468515337,-9.3418756
15.0534273,0.146046301,-0.528370379,-9.42567266
15.0633853,0.246752409,-0.537198997,-9.51710124
15.0733433,0.318578458,-0.582688829,-9.63561422
15.0833013,0.363918652,-0.604236644,-9.7390138
15.0932593,0.451905563,-0.612466712,-9.86830069
15.1032173,0.498143583,-0.652120677,-9.993697
15.1131743,0.467467874,-0.680102909,-10.0867716
15.1231323,0.444573321,-0.711975719,-10.098593
15.1330903,0.385017554,-0.787243433,-10.026318
15.1430483,0.29164369,-0.85742347,-9.90735611
15.1530063,0.229693722,-0.955735375,-9.84450831
15.1629643,0.207248081,-1.03190092,-9.75741923
15.1729223,0.271143338,-1.11599725,-9.63696096
15.1828803,0.35344402,-1.18767366,-9.59431424
15.1928383,0.371999083,-1.21849901,-9.55720411
15.2027965,0.370353069,-1.23376204,-9.50527987
15.2127545,0.370353069,-1.23301385,-9.57770447
15.2227125,0.405667544,-1.20114105,-9.72973627
15.2326705,0.467617512,-1.1703157,-9.9116956
15.2426285,0.487519313,-1.14577513,-10.0545995
15.2525865,0.453551577,-1.12722007,-10.1515647
15.2625445,0.357933148,-1.0302549,-10.2591541
15.2725025,0.197222362,-0.877474908,-10.3565682
15.2824595,0.181660051,-0.790535461,-10.4945341
15.2924175,0.210390471,-0.772279673,-10.5973351
15.3023755,0.177021285,-0.755819537,-10.6121492
15.3123335,0.0677858345,-0.64568626,-10.6324999
15.3222915,-0.00433949051,-0.458639256,-10.6369891
15.3322495,0.0288800575,-0.292990428,-10.6576391
15.3422075,0.0914285759,-0.175524909,-10.6896615
15.3521655,0.121356097,0.00538695374,-10.8065285
15.3621235,0.169539405,0.24226328,-11.0128787
15.3720815,0.232836111,0.50831894,-11.3697644
15.3820395,0.357933148,0.732924983,-11.7537345
15.3919975,0.445920059,0.90545714,-12.0753057
15.4019555,0.567575431,0.982819781,-12.2024977
15.4119135,0.71377137,1.0079589,-12.0419365
15.4218715,0.714220283,1.03519294,-11.5143143
15.4318295,0.573411298,1.10163204,-10.6737999
15.4417875,0.45774143,1.03459439,-9.82011738
15.4517455,0.414196887,0.900519099,-9.214534
15.4617025,0.455347228,0.810137987,-8.93261676
15.4716605,0.499490321,0.753425335,-8.93052183
15.4816185,0.574309123,0.699855073,-9.13896701
15.4915765,0.632967064,0.716764122,-9.40846434
15.5015345,0.607977584,0.821211169,-9.62394249
15.5114925,0.561889202,0.919971988,-9.75697032
15.5214505,0.495001193,0.97728319,-9.73721815
15.5314085,0.371400533,0.981473043,-9.57441244
15.5413665,0.307355638,0.924311478,-9.31913069
15.5513245,0.310049115,0.87298578,-9.07836378
15.5612825,0.416291814,0.827346311,-9.00474208
15.5712405,0.546027616,0.780958654,-9.07941125
15.5811985,0.648080462,0.771681123,-9.24326442
15.5911565,0.73501991,0.711676443,-9.39903717
15.6011145,0.783502493,0.633415977,-9.43914005
15.6110725,0.777666627,0.510264229,-9.41654477
15.6210305,0.655113429,0.351349094,-9.34905821
15.6309885,0.478391419,0.175824184,-9.19298619
15.6409455,0.304512524,-0.00703296738,-8.97541311
15.6509035,0.13676877,-0.172083244,-8.83355666
15.6608615,-0.0773626411,-0.278774856,-8.85854614
15.6708195,-0.113874216,-0.385167192,-8.96823051
15.6807775,-0.0426467171,-0.469712438,-9.13776991
15.6907355,0.080804306,-0.482132359,-9.35668973
15.7006935,0.22296003,-0.459985994,-9.54373673
15.7106515,0.352097282,-0.409857397,-9.67197616
15.7206095,0.47584758,-0.456544329,-9.72345149
15.7305675,0.511760605,-0.501585248,-9.69636709
15.7405255,0.412700511,-0.560243188,-9.56528455
15.7504835,0.23852234,-0.642992783,-9.4131031
15.7604415,0.073621701,-0.750282945,-9.24850174
15.7703995,-0.105195235,-0.873135418,-9.10440073
15.7803575,-0.224306768,-0.94107089,-9.07716668
15.7903155,-0.242113643,-0.997035354,-9.22695392
15.8002735,-0.154575645,-0.994341877,-9.52263783
15.8102315,0.0650923576,-0.960523779,-9.86231519
15.8201885,0.228945534,-0.923413653,-10.0839285
15.8301465,0.315436069,-0.859817671,-10.1921165
15.8401045,0.375740023,-0.817320592,-10.1755067
15.8500625,0.429759198,-0.764199242,-10.0435263
15.8600205,0.394295086,-0.745793817,-9.87742859
15.8699785,0.336385333,-0.76749127,-9.74470003
15.8799365,0.296731368,-0.828992325,-9.65791022
15.8898945,0.275632466,-0.90485859,-9.6606037
15.8998525,0.255880302,-0.972644424,-9.78809494
15.9098105,0.197371999,-0.948253495,-9.95583869
15.9197685,0.137217683,-0.869544115,-10.1469259
15.9297265,0.0953191536,-0.770932935,-10.3842512
15.9396845,0.0209492645,-0.650175388,-10.585813
15.9496425,-0.0707785866,-0.520589223,-10.7553524
15.9596005,-0.111330377,-0.405517906,-11.0619599
15.9695585,-0.177619836,-0.316184257,-11.380239
15.9795165,-0.176871648,-0.327706352,-11.5446908
15.9894745,-0.164751002,-0.472256277,-11.3955021
15.9994325,-0.24540567,-0.613065263,-10.9953711
16.0093905,-0.552312395,-0.52268415,-10.5425677
16.0193475,-0.81806878,-0.401926604,-10.1178962
16.0293055,-1.00780926,-0.427514634,-9.72629461
16.0392635,-1.31546417,-0.481084896,-9.29922889
16.0492215,-1.4297873,-0.562936665,-9.10799203
16.0591795,-1.45806881,-0.46148237,-9.40816506
16.0691375,-1.36978262,-0.135721307,-10.2233907
16.0790955,-1.13634796,0.294935717,-11.2808797
16.0890535,-0.806397047,0.707486591,-12.0624369
16.0990115,-0.372896909,1.05853641,-12.3986726
16.1089695,0.128089789,1.21685299,-12.301857
16.1189275,0.404620081,1.31591309,-11.7013613
16.1288855,0.403572617,1.381604,-10.7915647
16.1388435,0.276231017,1.31546417,-9.86051954
16.1488015,0.246303496,1.21221423,-9.02030439
16.1587595,0.217273801,1.06272626,-8.39661486
16.1687175,0.191536133,0.853383254,-8.04900671
16.1786755,0.190039757,0.749834032,-7.95278973
16.1886335,0.101903208,0.718559773,-8.04960526
16.1985918,-0.157119484,0.721702163,-8.28797796
16.2085498,-0.363170464,0.637306554,-8.65683465
16.2185068,-0.590469984,0.55515551,-9.06459712
16.2284648,-0.842160434,0.500388147,-9.40307738
16.2384228,-1.00242231,0.386962843,-9.69606781
16.2483808,-1.12991355,0.277727393,-9.95344449
16.2583388,-1.19350953,0.226551332,-10.1364513
16.2682968,-1.19036714,0.23104046,-10.1563531
16.2782548,-0.953939724,0.252588275,-10.0858738
16.2882128,-0.587327595,0.302567235,-9.99160208
16.2981708,-0.295534267,0.360626625,-9.82370869
16.3081288,-0.0763151779,0.388309582,-9.67182652
16.3180868,0.0387561394,0.368557418,-9.54014543
16.3280448,-0.0038905777,0.262464357,-9.38826326
16.3380028,-0.0534206245,0.0823006821,-9.23518399
16.3479608,-0.0646434448,-0.0730231506,-9.13896701
16.3579188,-0.078559742,-0.149338329,-9.03885946
16.3678768,-0.0610521423,-0.202908591,-9.00249752
16.3778348,0.0456394691,-0.291942965,-9.03541779
16.3877928,0.132279642,-0.314837518,-9.13717136
16.3977508,0.156670571,-0.295833543,-9.18296047
16.4077088,0.162656075,-0.321122298,-9.17173765
16.4176658,0.130184715,-0.34970308,-9.20031843
16.4276238,0.033219548,-0.342670113,-9.24640681
16.4375818,0.0291793327,-0.383072266,-9.36207668
16.4475398,0.0953191536,-0.450109912,-9.51740051
16.4574978,0.167893391,-0.483030185,-9.6594066
16.4674558,0.228496621,-0.500537785,-9.76011271
16.4774138,0.276829567,-0.546326891,-9.81128877
16.4873718,0.243759657,-0.561290652,-9.73033482
16.4973298,0.122253922,-0.553659134,-9.59820482
16.5072878,0.0255880302,-0.608725772,-9.51710124
16.5172458,-0.0231938286,-0.676661244,-9.47520271
16.5272038,-0.0202010765,-0.737264474,-9.48717372
16.5371618,-0.0312742592,-0.82495211,-9.51725087
16.5471198,-0.00763151779,-0.89737671,-9.60463923
16.5570778,0.0480336708,-0.939424876,-9.77597429
16.5670358,0.142454999,-0.975188264,-9.96361985
16.5769938,0.201561852,-1.02217447,-9.99160208
16.5869518,0.241814368,-1.10073421,-9.84061774
16.5969098,0.247051684,-1.16956751,-9.64055226
16.6068678,0.19422961,-1.18647656,-9.47864437
16.6168258,0.0906803879,-1.12736971,-9.43539911
16.6267828,0.0326209976,-1.10118313,-9.54328782
16.6367408,0.0187047005,-1.10582189,-9.74649568
16.6466988,0.0760159027,-1.05344873,-10.0554973
16.6566568,0.16609774,-0.901416925,-10.544513
16.6666148,0.271891526,-0.755071349,-11.0395142
16.6765728,0.25977088,-0.596455489,-11.1622171
16.6865308,0.248697697,-0.507870027,-10.8789531
16.6964888,0.07930793,-0.523432338,-10.3755722
16.7064468,-0.142604636,-0.606181933,-9.81697499
16.7164048,-0.399233127,-0.630572862,-9.61705916
16.7263628,-0.577301875,-0.588524696,-9.7994674
16.7363208,-0.686088413,-0.505775101,-10.0718078
16.7462788,-0.753425335,-0.336834246,-10.2851911
16.7562368,-0.777965902,-0.0430956299,-10.6292079
16.7661948,-0.63506199,0.289997676,-11.2826753
16.7761528,-0.450708463,0.783203218,-12.007071
16.7861108,-0.0773626411,1.09145668,-12.6072674
16.7960688,0.459537081,1.25770406,-12.706926
16.8060268,0.811035812,1.3664906,-12.3084411
16.8159848,0.883310775,1.36978262,-11.4086702
16.8259428,0.804002845,1.25560913,-10.2940197
16.8358998,0.763899967,1.13545014,-9.25119521
16.8458578,0.740406863,1.00736035,-8.48579887
16.8558158,0.889745192,0.844105723,-8.08207662
16.8657738,1.07739075,0.679354721,-7.92331112
16.8757318,1.13724579,0.634164165,-7.90325968
16.8856898,1.18767366,0.624288083,-8.03598823
16.8956478,1.09100777,0.672770667,-8.42010796
16.9056058,0.879420197,0.717213035,-8.92558379
16.9155638,0.619350042,0.722599989,-9.29114846
16.9255218,0.356137497,0.681449648,-9.32571474
16.9354798,0.202459678,0.567276156,-9.21902313
16.9454378,0.106392336,0.490362428,-9.10410145
16.9553958,-0.0351648369,0.467916787,-9.02389569
16.9653538,-0.0938227776,0.473902291,-8.97661021
16.9753118,-0.0839466957,0.510264229,-9.00279679
16.9852698,0.0212485397,0.536301172,-9.13627354
16.9952278,0.161159699,0.534355883,-9.40442412
17.0051858,0.336684608,0.566228693,-9.60179612
17.0151438,0.471807365,0.626233372,-9.77193408
17.0251018,0.508169302,0.656909081,-10.0276647
17.0350598,0.410605585,0.675164868,-10.2622965
17.0450178,0.307206001,0.67755907,-10.4632598
17.0549748,0.296132818,0.544680878,-10.6757452
17.0649328,0.277727393,0.390853421,-10.8216419
17.0748908,0.171933607,0.282216521,-10.8363064
17.0848488,0.0823006821,0.218770177,-10.7077676
17.0948068,0.159962598,0.10115502,-10.4551794
17.1047648,0.226401694,-0.025288755,-10.1340571
17.1147228,0.196474174,-0.133925655,-9.74410148
17.1246808,0.195576348,-0.274285728,-9.43270563
17.1346388,0.154276369,-0.39653965,-9.18520503
17.1445968,0.0438438179,-0.537348635,-9.02494316
17.1545548,-0.0306757088,-0.694318481,-8.89415989
17.1645128,-0.105494511,-0.802955382,-8.76562119
17.1744708,-0.0896329247,-0.890942293,-8.73599295
17.1844288,-0.0354641121,-0.934786111,-8.93890154
17.1943868,-0.00568622894,-0.926256767,-9.21393545
17.2043448,-0.0511760605,-0.830638338,-9.3848216
17.2143028,-0.0218470901,-0.730530782,-9.40756651
17.2242608,0.0893336494,-0.693420656,-9.42746831
17.2342188,0.184802441,-0.666036974,-9.44991395
17.2441768,0.252588275,-0.618751492,-9.35264951
17.2541348,0.329801279,-0.609174685,-9.22381153
17.2640928,0.371101257,-0.62009823,-9.1070942
17.2740498,0.323217224,-0.643740971,-9.04439605
17.2840078,0.300771584,-0.651372489,-9.12744492
17.2939658,0.328903453,-0.685340225,-9.43195744
17.3039238,0.320224472,-0.658854369,-9.87653076
17.3138818,0.246153858,-0.600794979,-10.2534679
17.3238398,0.211138659,-0.551564207,-10.5493014
17.3337978,0.193930334,-0.556352611,-10.7766009
17.3437558,0.0712274994,-0.527771828,-10.9389577
17.3537138,-0.164601364,-0.497245757,-10.8879313
17.3636718,-0.294337167,-0.492158079,-10.7665752
17.3736298,-0.364217928,-0.506523289,-10.6877162
17.3835878,-0.266953485,-0.663942048,-10.6142441
17.3935458,-0.0992097313,-0.921318726,-10.3260421
17.4035038,-0.232536836,-0.914734672,-10.0275151
17.4134618,-0.152181443,-0.779163003,-10.1409404
17.4234198,0.0635959816,-0.701351449,-10.9449433
17.4333778,-0.0353144745,-0.283413622,-11.7658551
17.4433358,0.103549222,0.326359614,-12.0323597
17.4532938,0.720205787,1.01364513,-11.833641
17.4632518,0.802057556,1.70841252,-11.5758154
17.4732098,0.473004465,2.25653506,-11.3732061
17.4831678,0.189890119,2.38821616,-11.1156798
17.4931248,-0.11237784,2.37205529,-11.1132856
17.5030828,-0.483030185,2.04599496,-11.6829559
17.5130408,-0.550816019,1.45567461,-12.2273375
17.5229988,-0.583586655,0.882412949,-12.4598744
17.5329568,-0.682197836,0.426916084,-12.2434984
17.5429148,-0.596305851,0.219069452,-11.529727
17.5528728,-0.442628032,0.0742202515,-10.470592
17.5628308,-0.358681336,-0.0637456192,-9.3804821
17.5727888,-0.443525858,-0.12928689,-8.45302824
17.5827468,-0.660201108,-0.192733234,-7.67401487
17.5927048,-0.760757578,-0.321421573,-7.15671768
17.6026628,-0.849642314,-0.516997921,-7.14384884
17.6126208,-1.03414548,-0.784998869,-7.60443339
17.6225788,-1.29900404,-1.01095165,-8.28827723
17.6325368,-1.49802205,-1.11689507,-8.59398686
17.6424948,-1.46794489,-1.03923316,-8.52365719
17.6524528,-1.24333885,-0.877025996,-8.29156926
17.6624108,-0.832882903,-0.637905105,-8.19325736
17.6723688,-0.336385333,-0.392349797,-8.37596487
17.6823268,-0.0695814857,-0.228047708,-8.74556975
17.6922848,-0.00433949051,-0.168641579,-9.08943697
17.7022428,0.0442927307,-0.186598092,-9.32002851
17.7121998,0.11552023,-0.244208569,-9.49300958
17.7221578,0.176422735,-0.266803848,-9.63112509
17.7321158,0.283114346,-0.244507845,-9.80605145
17.7420738,0.48647185,-0.246902046,-9.99279918
17.7520318,0.632817426,-0.264110371,-10.1219364
17.7619898,0.726041653,-0.261267256,-10.058939
17.7719478,0.881814399,-0.409258846,-9.76939024
17.7819058,0.962169792,-0.529268204,-9.32885713
17.7918638,0.96291798,-0.559644638,-8.95655877
17.8018218,0.986560722,-0.597652589,-8.70501796
17.8117798,1.08621937,-0.654514879,-8.60910026
17.8217378,1.24094465,-0.675164868,-8.65444045
17.8316958,1.29241998,-0.64568626,-8.7847748
17.8416538,1.28748194,-0.748636932,-8.95551131
17.8516118,1.22732763,-0.905307503,-9.10484964
17.8615698,1.10163204,-1.04791214,-9.27199484
17.8715278,0.920121626,-1.14517658,-9.48657517
17.8814858,0.741304689,-1.1575965,-9.68424644
17.8914438,0.597353314,-1.11240595,-9.77103625
17.9014018,0.503231261,-1.01858317,-9.74709423
17.9113598,0.439186367,-0.90426004,-9.66434464
17.9213178,0.512808068,-0.7930793,-9.5507697
17.9312758,0.621594606,-0.723348177,-9.51500631
17.9412328,0.727687667,-0.637755467,-9.55525883
17.9511908,0.777816264,-0.577900426,-9.75741923
17.9611488,0.936881037,-0.604236644,-10.0471176
17.9711068,1.12422732,-0.658405457,-10.2036386
17.9810648,1.14742115,-0.628926849,-10.1951092
17.9910228,0.963815806,-0.459686719,-10.0668698
18.0009808,0.894982508,-0.424372244,-9.98486839
18.0109388,0.850989053,-0.434547601,-9.96347021
18.0208968,0.649127925,-0.382922628,-10.0357452
18.0308548,0.507271477,-0.430357748,-10.2376063
18.0408128,0.354790759,-0.426766446,-10.4638584
18.0507708,0.169389767,-0.370652345,-10.8159556
18.0607288,0.0215478149,-0.388908132,-11.1216653
18.0706868,-0.167743754,-0.415094713,-11.0585182
18.0806448,-0.429160648,-0.31663317,-10.7323082
18.0906028,-0.55201312,-0.139312609,-10.4152261
18.1005608,-0.51520227,-0.038905777,-10.1283708
18.1105188,-0.604087006,0.0679354721,-9.92082349
18.1204768,-0.899471636,0.376188936,-9.87638112
18.1304348,-1.064073,0.749235482,-10.3730283
18.1403928,-0.953939724,1.12677116,-11.4848357
18.1503498,-0.71436992,1.47617496,-12.6301619
18.1603078,-0.276530292,1.78218386,-13.5442981
18.1702658,0.167145203,2.04240365,-14.0155069
18.1802238,0.467767149,2.17767605,-13.8250182
18.1901818,0.628926849,2.19623111,-12.7997014
18.2001397,0.472256277,2.1818659,-11.2452659
18.2100977,0.257975229,2.03088156,-9.75382793
18.2200557,0.210091196,1.82363348,-8.66865602
18.2300137,0.368108505,1.6283564,-8.06531721
18.2399717,0.529268204,1.4425065,-7.86360572
18.2499297,0.76808982,1.3139678,-8.11679254
18.2598877,0.920121626,1.29631056,-8.71654006
18.2698457,0.907402429,1.37636668,-9.47460416
18.2798037,0.71751231,1.39956051,-10.1137064
18.2897617,0.492756629,1.2952631,-10.4976765
18.2997197,0.354641121,1.1552023,-10.5231148
18.3096777,0.164900639,1.06826285,-10.187777
18.3196357,0.100107557,1.01678752,-9.66748703
18.3295937,0.12988544,0.945111105,-9.23144305
18.3395517,0.164152451,0.869095203,-8.97286927
18.3495097,0.234033212,0.831835439,-8.80332987
18.3594677,0.314238968,0.850689777,-8.67898102
18.3694257,0.398335301,0.853383254,-8.67239696
18.3793827,0.471657727,0.77931264,-8.86423237
18.3893407,0.431704487,0.635361266,-9.21588074
18.3992987,0.355090034,0.550217469,-9.62828198
18.4092567,0.225354231,0.509216766,-9.9339916
18.4192147,0.159663323,0.460135632,-10.1054763
18.4291727,0.197371999,0.376338573,-10.1520136
18.4391307,0.278625218,0.361524451,-10.0553477
18.4490887,0.258124866,0.39279871,-9.82101521
18.4590467,0.226551332,0.330699104,-9.49899509
18.4690047,0.279074131,0.206499893,-9.08704276
18.4789627,0.241365455,0.14110826,-8.84956789
18.4889207,0.152630356,0.00957680664,-8.77070887
18.4988787,0.138714059,-0.175973822,-8.75634366
18.5088367,0.080804306,-0.257526316,-8.71055455
18.5187947,0.0327706352,-0.329352366,-8.66626182
18.5287527,0.0489314964,-0.421978043,-8.75858822
18.5387107,0.00164601364,-0.484825836,-8.89460881
18.5486687,-0.127341601,-0.476296493,-9.05202756
18.5586267,-0.188693018,-0.512957706,-9.21139161
18.5685847,-0.184652803,-0.575356586,-9.33843394
18.5785427,-0.237474877,-0.562188477,-9.36282487
18.5885007,-0.263661458,-0.585083031,-9.27932708
18.5984587,-0.278475581,-0.605882658,-9.19538039
18.6084157,-0.30286651,-0.58448448,-9.17488004
18.6183737,-0.238671978,-0.58074354,-9.25478652
18.6283317,-0.102950671,-0.600645341,-9.42253027
18.6382897,0.01436521,-0.587177957,-9.56154361
18.6482477,0.00523731613,-0.58014499,-9.64444284
18.6582057,0.0181061501,-0.633266339,-9.77806922
18.6681637,-0.0559644638,-0.651222852,-9.87683004
18.6781217,-0.165349552,-0.638653293,-9.92187095
18.6880797,-0.278625218,-0.591218172,-9.86111809
18.6980377,-0.291344415,-0.578947889,-9.83433296
18.7079957,-0.209492645,-0.535253709,-9.96257238
18.7179537,-0.207547356,-0.332345118,-10.1921165
18.7279117,-0.224007493,-0.136918407,-10.4294417
18.7378697,-0.265457109,-0.0520738861,-10.601076
18.7478277,-0.305859262,0.0179565125,-10.6634749
18.7577857,-0.360177712,0.107290162,-10.5973351
18.7677437,-0.440533105,0.173878896,-10.5121913
18.7777017,-0.394743999,0.148440503,-10.4153758
18.7876597,-0.288800575,0.0463876572,-10.1391448
18.7976177,-0.283563259,0.01436521,-9.77462755
18.8075757,-0.350151993,0.0722749626,-9.67526818
18.8175337,-0.490512065,0.0616506927,-9.75113445
18.8274907,-0.660350745,0.00673369217,-9.74709423
18.8374487,-0.892438669,0.0665887337,-9.71447324
18.8474067,-1.25486095,0.291045139,-9.86126773
18.8573647,-1.42559745,0.551564207,-10.520571
18.8673227,-1.40135616,0.875828895,-11.5375082
18.8772807,-1.13559977,1.20503162,-12.5106015
18.8872387,-0.743399615,1.49682495,-13.1631711
18.8971967,-0.393097985,1.7509096,-13.4274311
18.9071547,-0.0231938286,1.95097508,-13.1902555
18.9171127,0.279523044,2.06380183,-12.5915554
18.9270707,0.387112481,2.01980838,-11.6433019
18.9370287,0.249894798,1.88962366,-10.5591775
18.9469867,0.23792379,1.65080204,-9.6407019
18.9569447,0.318877734,1.34344641,-8.91720408
18.9669027,0.425718983,1.12811789,-8.46350287
18.9768607,0.41030631,0.993444051,-8.22138923
18.9868187,0.352546194,0.896478884,-8.11394943
18.9967767,0.165199915,0.853832167,-8.1969983
19.0067347,-0.131980367,0.811484725,-8.36354495
19.0166927,-0.441131656,0.697460871,-8.49597423
19.0266507,-0.582688829,0.510114591,-8.65459009
19.0366087,-0.685938776,0.351648369,-8.82053819
19.0465667,-0.777816264,0.280720145,-8.92468596
19.0565237,-0.789487997,0.266953485,-9.01671309
19.0664817,-0.763151779,0.302417597,-9.12639745
19.0764397,-0.656011255,0.395192912,-9.18176337
19.0863977,-0.528669654,0.532560232,-9.21124197
19.0963557,-0.295534267,0.646135173,-9.33693756
19.1063137,-0.00718260498,0.705092389,-9.69157868
19.1162717,0.127790514,0.818517693,-10.0837788
19.1262297,0.186448454,0.928202056,-10.3555207
19.1361877,0.309001652,0.913836846,-10.4930377
19.1461457,0.375740023,0.7755717,-10.5801268
19.1561037,0.378882413,0.640897857,-10.5850648
19.1660617,0.341772287,0.443675495,-10.4824134
19.1760197,0.303016148,0.296731368,-10.3763204
19.1859777,0.14050971,0.165050277,-10.2233907
19.1959357,-0.0140659348,0.00583586655,-9.95119993
19.2058932,-0.270544788,-0.194379247,-9.72464859
19.2158512,-0.541239213,-0.457891068,-9.61765771
19.2258092,-0.688482615,-0.671872841,-9.5833907
19.2357672,-0.766294169,-0.834678554,-9.65312182
19.2457252,-0.760308665,-0.955885013,-9.75502503
19.2556832,-0.766743082,-0.939724152,-9.84570541
19.2656402,-0.774374599,-0.802356831,-9.99070425
19.2755982,-0.713921008,-0.666186612,-10.2033393
19.2855562,-0.631769963,-0.528669654,-10.403704
19.2955142,-0.636558366,-0.423773694,-10.5228156
19.3054722,-0.67007719,-0.303614698,-10.3872439
19.3154302,-0.655861617,-0.255281752,-10.0095586
19.3253882,-0.481982722,-0.262464357,-9.67272434
19.3353462,-0.26725276,-0.207996269,-9.50408277
19.3453042,0.100706107,-0.0264858559,-9.47011503
19.3552622,0.44651861,0.146644852,-9.49764835
19.3652202,0.640598582,0.251540812,-9.48657517
19.3751782,0.814627115,0.258873055,-9.4246252
19.3851362,0.903362214,0.250642986,-9.38571942
19.3950942,0.925807854,0.24540567,-9.37883609
19.4050522,0.773626411,0.337283159,-9.3732995
19.4150102,0.729184043,0.456245054,-9.47176104
19.4249682,0.73127897,0.563086303,-9.58129577
19.4349262,0.731428607,0.653018503,-9.56348889
19.4448842,0.822857183,0.660201108,-9.42327846
19.4548422,1.07364981,0.590021072,-9.29788215
19.4648002,1.25935007,0.530016393,-9.31883141
19.4747582,1.1751041,0.525676902,-9.41459948
19.4847152,0.780509741,0.587926145,-9.50572878
19.4946732,0.13736732,0.564133766,-9.54253963
19.5046312,-0.665588062,0.536750085,-9.34920785
19.5145892,-1.41362644,0.514753357,-9.05068083
19.5245472,-1.81136319,0.402525154,-9.06998408
19.5345052,-1.89725518,0.348206704,-9.48088894
19.5444632,-1.76871648,0.451157375,-10.100239
19.5544212,-1.47557641,0.718709411,-10.5932949
19.5643792,-1.00616325,1.12557406,-10.8470803
19.5743372,-0.442179119,1.53677819,-11.0812631
19.5842952,0.00314238968,1.88214178,-11.3700637
19.5942532,0.223408942,2.30127671,-11.51611
19.6042112,0.304512524,2.60668706,-11.5156611
19.6141692,0.228047708,2.6188077,-11.4825912
19.6241272,-0.0722749626,2.39420166,-11.4154039
19.6340852,-0.459537081,2.0031986,-11.3485159
19.6440432,-0.832882903,1.65229842,-11.2454156
19.6540012,-1.09160632,1.46225866,-11.1225631
19.6639592,-1.18213707,1.3923779,-11.0695914
19.6739172,-1.05314946,1.36364748,-11.0176671
19.6838752,-0.747439831,1.30947867,-10.8785042
19.6938332,-0.432452675,1.18408236,-10.6076601
19.7037912,-0.225503869,1.01843353,-10.2052846
19.7137492,-0.124498486,0.931643721,-9.67975731
19.7237062,0.0402525154,0.802805744,-9.32227308
19.7336642,0.242861831,0.614860914,-9.26077202
19.7436222,0.316034619,0.481533809,-9.39290203
19.7535802,0.393546898,0.389805958,-9.56438672
19.7635382,0.51580082,0.357035323,-9.63052654
19.7734962,0.616207652,0.420182391,-9.56019687
19.7834542,0.647032999,0.495001193,-9.43794294
19.7934122,0.718410136,0.480336708,-9.37359877
19.8033702,0.804601395,0.41778819,-9.52607949
19.8133282,0.873733968,0.424521882,-9.86560722
19.8232862,0.85428108,0.500088872,-10.1229839
19.8332442,0.865204625,0.557848987,-10.1897223
19.8432022,0.855478181,0.542585951,-10.0748006
19.8531602,0.804002845,0.456245054,-9.91259342
19.8631182,0.736965199,0.416142176,-9.8138326
19.8730762,0.609324323,0.513556256,-9.7107323
19.8830342,0.528370379,0.655263067,-9.63112509
19.8929922,0.460135632,0.711975719,-9.73841525
19.9029502,0.314987156,0.69252283,-9.8488478
19.9129082,0.139013334,0.543483777,-9.96332057
19.9228662,0.000897825623,0.332943668,-10.1764045
19.9328232,-0.141557173,0.12240356,-10.3734772
19.9427812,-0.212635035,-0.0730231506,-10.5038116
19.9527392,-0.168192667,-0.210839384,-10.6705079
19.9626972,-0.18360534,-0.319625922,-10.6372883
19.9726552,-0.325761063,-0.420182391,-10.220398
19.9826132,-0.521935962,-0.516249733,-9.50692588
19.9925712,-0.705840577,-0.575955137,-8.9260327
20.0025292,-0.809240161,-0.563235941,-8.78013604
20.0124872,-0.802955382,-0.372597633,-9.0883895
20.0224452,-0.663493135,-0.15173253,-9.6490816
20.0324032,-0.499789597,-0.0342670113,-10.2397012
20.0423612,-0.484825836,-0.0574608398,-10.6298065
20.0523192,-0.604835194,-0.174926359,-10.8315179
20.0622772,-0.884507876,-0.354940396,-10.7725607
20.0722352,-1.07828857,-0.524030888,-10.2335661
20.0821932,-1.06826285,-0.568622894,-9.40307738
20.0921512,-0.786644883,-0.472405915,-8.63827959
20.1021092,-0.348954892,-0.281767608,-8.21046568
20.1120672,-0.109983639,-0.00703296738,-8.05753605
20.1220252,0.0305260712,0.260369431,-8.08387227
20.1319832,0.131681091,0.334140769,-8.26478413
20.1419412,0.102651396,0.277128842,-8.51632494
20.1518992,-0.0906803879,0.142754274,-8.6665611
20.1618562,-0.240168354,0.0219967278,-8.58874954
20.1718142,-0.281468333,-0.0225952782,-8.50285756
20.1817722,-0.356287135,-0.115220955,-8.64725785
20.1917302,-0.502782349,-0.21981764,-8.98065043
20.2016883,-0.52268415,-0.225653506,-9.20106662
20.2116463,-0.386065018,-0.105793786,-9.28546223
20.2216043,-0.214430686,0.0486322212,-9.28875425
20.2315623,-0.0279822319,0.197222362,-9.37823754
20.2415203,0.161458974,0.258873055,-9.62992799
20.2514783,0.212036485,0.210989021,-10.0191354
20.2614363,0.220565828,0.150086517,-10.3428015
20.2713943,0.243310744,0.0718260498,-10.5699514
20.2813523,0.257825591,-0.0288800575,-10.4812163
20.2913103,0.279523044,-0.102202483,-10.0753991
20.3012683,0.205003517,-0.218770177,-9.46427916
20.3112263,0.169389767,-0.370801982,-8.90508344
20.3211843,0.117166244,-0.554257684,-8.64127234
20.3311423,-0.0215478149,-0.713621732,-8.62585967
20.3411003,-0.136170219,-0.86924484,-8.69349587
20.3510583,-0.239719441,-1.04357265,-8.8723128
20.3610163,-0.306906725,-1.08936176,-9.10425109
20.3709743,-0.219967278,-1.05554366,-9.45470236
20.3809323,-0.16295535,-0.935085386,-9.91857893
20.3908893,-0.117914432,-0.789039085,-10.2871363
20.4008473,-0.0915782135,-0.678307258,-10.503662
20.4108053,-0.0412999786,-0.602740268,-10.5742909
20.4207633,-0.040402153,-0.602141718,-10.4698439
20.4307213,-0.123899936,-0.651372489,-10.2078284
20.4406793,-0.202010765,-0.745494542,-9.95957963
20.4506373,-0.265457109,-0.826298848,-9.68843629
20.4605953,-0.342520475,-0.834080003,-9.40607013
20.4705533,-0.309600202,-0.806247409,-9.19508111
20.4805113,-0.322768311,-0.686238051,-9.15931773
20.4904693,-0.301220496,-0.566228693,-9.3955955
20.5004273,-0.259920518,-0.478391419,-9.66883377
20.5103853,-0.153977094,-0.418237103,-9.93848073
20.5203433,-0.000897825623,-0.382623353,-10.2165074
20.5303013,0.0805050308,-0.302567235,-10.4011602
20.5402593,0.271292976,-0.327556715,-10.4888478
20.5502173,0.389357045,-0.333841494,-10.4664022
20.5601753,0.361973363,-0.276829567,-10.2497269
20.5701333,0.331746568,-0.239270528,-10.002376
20.5800913,0.359579162,-0.195426711,-9.82311014
20.5900493,0.351947644,-0.164900639,-9.72853917
20.6000073,0.370053794,-0.192882871,-9.69412252
20.6099653,0.369904156,-0.224007493,-9.69142905
20.6199233,0.377685312,-0.235230313,-9.7704377
20.6298803,0.43649289,-0.183006789,-9.89284126
20.6398383,0.612466712,-0.183455702,-9.98546694
20.6497963,0.722899264,-0.18360534,-9.94925464
20.6597543,0.886303527,-0.252588275,-9.90466263
20.6697123,1.01169984,-0.261865807,-9.88745431
20.6796703,0.860266584,-0.190189394,-9.88865141
20.6896283,0.637306554,-0.234631763,-9.94207203
20.6995863,0.492606992,-0.48647185,-10.1237321
20.7095443,0.369006331,-0.943165816,-10.3526776
20.7195023,0.259022692,-1.26548521,-10.2923737
20.7294603,0.0104746323,-1.19081605,-9.93593689
20.7394183,-0.205901343,-0.964414356,-9.49061538
20.7493763,-0.187795193,-0.857273832,-9.15288331
20.7593343,-0.163254626,-0.806845959,-9.08105726
20.7692923,-0.285209273,-0.774823512,-9.37763899
20.7792503,-0.473902291,-0.743698891,-9.99534302
20.7892083,-0.627729748,-0.625185909,-10.7915647
20.7991663,-0.785447782,-0.412550874,-11.2895587
20.8091243,-0.795623139,-0.357633873,-11.5114712
20.8190823,-0.71062898,-0.410605585,-11.5382564
20.8290403,-0.725293465,-0.447266798,-11.5761147
20.8389983,-0.684143124,-0.3609259,-11.7285954
20.8489563,-0.622941344,-0.20485388,-11.8854156
20.8589143,-0.403273342,-0.0529717117,-11.98268
20.8688713,-0.0622492432,0.00448912811,-11.9838771
20.8788293,0.179415487,-0.00508767853,-11.7157265
20.8887873,0.390703783,-0.106093061,-11.1972323
20.8987453,0.536301172,-0.411204135,-10.3972696
20.9087033,0.4870704,-0.566079055,-9.57860229
20.9186613,0.36721068,-0.767341632,-9.01132614
20.9286193,0.388758495,-1.01813426,-8.73644186
20.9385773,0.480336708,-1.1587936,-8.78866538
20.9485353,0.569819995,-1.22328741,-8.94054755
20.9584933,0.738461575,-1.24483523,-9.12759455
20.9684513,0.946607481,-1.28344173,-9.25927565
20.9784093,0.984615433,-1.24259066,-9.33259807
20.9883673,0.731428607,-1.09759182,-9.26256767
20.9983253,0.519841035,-1.10447515,-9.1560257
21.0082833,0.366462492,-1.22358669,-9.10679493
21.0182413,0.265457109,-1.39851304,-9.13567498
21.0281993,0.194379247,-1.58301621,-9.11113442
21.0381573,-0.0330699104,-1.63733466,-8.92767872
21.0481153,-0.336385333,-1.6000749,-8.63543648
21.0580733,-0.471957002,-1.61159699,-8.3943703
21.0680313,-0.546476529,-1.64332016,-8.4039471
21.0779893,-0.642094958,-1.62626148,-8.70801071
21.0879473,-0.676810882,-1.49951843,-9.27842926
21.0979053,-0.565480505,-1.30768302,-9.87503438
21.1078633,-0.422576593,-1.12168348,-10.3890396
21.1178213,-0.31723172,-0.982221231,-10.6431242
21.1277783,-0.303315423,-0.900818375,-10.6453688
21.1377363,-0.297479556,-0.865354263,-10.3616559
21.1476943,-0.315585706,-0.851587603,-10.0243727
21.1576523,-0.304811799,-0.855328543,-9.85333693
21.1676103,-0.230292272,-0.873584331,-9.7342254
21.1775683,-0.224456406,-0.922515827,-9.58054758
21.1875263,-0.0767640907,-1.00750999,-9.46173532
21.1974843,0.0516249733,-1.08008422,-9.34890857
21.2074423,0.194528885,-1.09055886,-9.34771147
21.2174003,0.340874461,-1.01753571,-9.477148
21.2273583,0.446967522,-0.861463685,-9.66045406
21.2373163,0.432303037,-0.743998166,-9.76579893
21.2472743,0.291494052,-0.723348177,-9.67227543
21.2572323,0.158466222,-0.756717362,-9.4572462
21.2671903,0.0700303986,-0.718260498,-9.28725788
21.2771483,-0.0178068748,-0.629375761,-9.36866073
21.2871063,0.129735802,-0.552462033,-9.72809026
21.2970643,0.376338573,-0.506822564,-10.1044288
21.3070223,0.54138885,-0.468066425,-10.3863461
21.3169803,0.635810178,-0.376338573,-10.6383358
21.3269383,0.736366648,-0.243161106,-10.961553
21.3368963,0.727089117,-0.0703296738,-11.2090536
21.3468543,0.622791707,0.0676361969,-11.2630728
21.3568123,0.431255574,0.115969143,-11.1134352
21.3667703,0.203058228,0.046088382,-10.6479126
21.3767283,-0.149787241,0.0116717331,-9.97110173
21.3866853,-0.557100799,-0.0393546898,-9.42986251
21.3966433,-1.02531686,-0.150535429,-9.15423005
21.4066013,-1.31935475,-0.253935014,-9.06055691
21.4165593,-1.38818805,-0.315585706,-9.18340938
21.4265173,-1.37711487,-0.372597633,-9.52039326
21.4364753,-1.21146604,-0.318728096,-9.971401
21.4464333,-0.99104985,-0.0953191536,-10.3914338
21.4563913,-0.81552494,0.21981764,-10.6721539
21.4663493,-0.785447782,0.494103368,-10.7019318
21.4763073,-0.807145235,0.626383009,-10.483012
21.4862653,-0.871190129,0.574309123,-10.2054342
21.4962233,-1.08098205,0.339826998,-10.0053687
21.5061813,-1.13694651,0.154725282,-9.83553006
21.5161393,-1.09594581,0.104596685,-9.71207903
21.5260973,-1.12572369,0.186747729,-9.6781113
21.5360553,-1.16133744,0.30660745,-9.73437504
21.5460133,-1.17824649,0.38217444,-9.8042558
21.5559713,-1.21161568,0.313341142,-9.89074633
21.5659293,-1.28059861,0.197222362,-9.92456443
21.5758873,-1.31980367,0.0445920059,-9.7903395
21.5858453,-1.35466923,-0.138414783,-9.53071826
21.5958033,-1.36005618,-0.241365455,-9.22530791
21.6057613,-1.36559277,-0.267552036,-8.91660553
21.6157193,-1.34808517,-0.297629194,-8.63588539
21.6256773,-1.32728555,-0.376338573,-8.38329711
21.6356353,-1.25830261,-0.504278725,-8.28004717
21.6455923,-1.30992758,-0.62383917,-8.19565156
21.6555503,-1.26189391,-0.628627573,-8.21031604
21.6655083,-1.01813426,-0.614412001,-8.54954449
21.6754663,-0.784849232,-0.540939938,-9.10694456
21.6854243,-0.637456192,-0.461332732,-9.53969651
21.6953823,-0.543633414,-0.415842901,-9.73452467
21.7053403,-0.527173278,-0.451905563,-9.80934348
21.7152983,-0.571615646,-0.531812044,-9.83343513
21.7252563,-0.666635525,-0.646135173,-9.83448259
21.7352143,-0.762553229,-0.830039788,-9.89329017
21.7451723,-0.78619597,-1.06512046,-9.91214451
21.7551303,-0.8292916,-1.32369424,-9.84944635
21.7650883,-0.813579652,-1.57942491,-9.70938556
21.7750463,-0.723048901,-1.76108496,-9.46368061
21.7850043,-0.525976177,-1.8257284,-9.27394013
21.7949623,-0.235230313,-1.85505737,-9.23922421
21.8049203,0.03247136,-1.84667767,-9.29803178
21.8148783,0.199167651,-1.81360776,-9.35728828
21.8248363,0.330848742,-1.81061501,-9.39514659
21.8347943,0.429160648,-1.91670807,-9.48777227
21.8447523,0.444423683,-2.01277541,-9.57037222
21.8547103,0.424521882,-2.03866271,-9.53834978
21.8646683,0.39279871,-2.01172794,-9.46652373
21.8746263,0.479738158,-1.94035081,-9.49510451
21.8845843,0.60513447,-1.8444331,-9.73916344
21.8945423,0.672621029,-1.71320093,-10.1400426
21.9045003,0.720355424,-1.52570501,-10.4816652
21.9144573,0.801907919,-1.31591309,-10.796802
21.9244153,0.914884309,-1.15011462,-11.1707464
21.9343733,0.948253495,-1.02965635,-11.4906716
21.9443313,0.926556042,-0.920720176,-11.6757733
21.9542893,0.824802472,-0.869993028,-11.6781675
21.9642473,0.760907215,-0.852036516,-11.512818
21.9742053,0.676062694,-0.902614026,-11.2117471
21.9841633,0.709581517,-0.962020155,-10.8749129
21.9941213,0.664989511,-0.875679257,-10.6987894
22.0040793,0.718709411,-0.771980398,-10.5805757
22.0140373,0.801608643,-0.726789841,-10.3701852
22.0239953,0.828393774,-0.729333681,-10.0465191
22.0339533,0.796371327,-0.590021072,-9.88984851
22.0439113,0.742801065,-0.363619377,-9.99085389
22.0538693,0.79367785,-0.128538702,-10.3022497
22.0638273,0.938227776,0.0635959816,-10.692355
22.0737853,1.02157592,0.186598092,-10.9456914
22.0837433,0.953939724,0.398784214,-10.9295306
22.0937013,0.852186153,0.564283404,-10.6960959
22.1036593,0.672471391,0.701351449,-10.4197153
22.1136173,0.672471391,0.67381813,-10.2848918
22.1235753,0.81806878,0.433799413,-10.1696708
22.1335333,0.970699136,0.15547347,-9.88775358
22.1434913,1.11165776,-0.0284311447,-9.47849473
22.1534493,1.23286422,-0.0600046791,-9.10275471
22.1634073,1.28912796,0.0586579407,-8.86288563
22.1733653,1.36140292,0.109834001,-8.84896934
22.1833223,1.37157828,0.0327706352,-9.0135707
22.1932803,1.28793086,-0.0496796844,-9.14046339
22.2032383,1.16687403,-0.166247378,-9.18625249
22.2131963,0.992097313,-0.229693722,-9.17921953
22.2231543,0.826747761,-0.320523747,-9.14510215
22.2331123,0.620996056,-0.390703783,-9.2049572
22.2430703,0.510264229,-0.486621487,-9.32975496
22.2530283,0.439186367,-0.58074354,-9.41983679
22.2629863,0.416441451,-0.635361266,-9.49540378
22.2729443,0.435445427,-0.708833329,-9.56528455
22.2829023,0.426467171,-0.698209059,-9.6044896
22.2928603,0.380378789,-0.716015934,-9.58234323
22.3028183,0.375141473,-0.754622436,-9.60778162
22.3127763,0.388459219,-0.71062898,-9.69786346
22.3227343,0.389357045,-0.650025751,-9.84480759
22.3326923,0.400579865,-0.59196636,-9.90466263
22.3426503,0.516399371,-0.675464143,-9.94282022
22.3526083,0.576703325,-0.756717362,-9.88924996
22.3625663,0.633565614,-0.763600692,-9.76475147
22.3725243,0.679803634,-0.727538029,-9.62349357
22.3824823,0.550067831,-0.680102909,-9.42148281
22.3924403,0.489763877,-0.729034406,-9.19029271
22.4023983,0.461781645,-0.846499924,-8.95880334
22.4123563,0.340126273,-0.982071593,-8.81993964
22.4223143,0.234931038,-1.15894324,-8.82787043
22.4322723,0.193331784,-1.32414316,-8.91121858
22.4422303,0.152031805,-1.39596921,-9.01401961
22.4521883,0.146644852,-1.46345576,-9.10619638
22.4621463,0.179116212,-1.53752638,-9.19642785
22.4721033,0.182408239,-1.57523505,-9.26855318
22.4820613,0.184503165,-1.59872816,-9.23907457
22.4920193,0.159513686,-1.57762926,-9.15183585
22.5019773,0.148889416,-1.62506438,-9.05322467
22.5119353,0.152031805,-1.711106,-8.97032543
22.5218933,0.260519068,-1.71364984,-8.95955153
22.5318513,0.455646503,-1.65439335,-9.17921953
22.5418093,0.6132149,-1.50909523,-9.55301426
22.5517673,0.778414815,-1.32653736,-9.90825393
22.5617253,0.93418756,-1.23346277,-10.1743096
22.5716833,0.910993732,-1.15864397,-10.2687309
22.5816413,0.78185648,-1.08666828,-10.3287356
22.5915993,0.719158324,-1.09774146,-10.3074871
22.6015573,0.74250179,-1.20203887,-10.1892734
22.6115153,0.707636228,-1.22702835,-10.0171901
22.6214733,0.682048198,-1.13949035,-9.87712931
22.6314313,0.770035109,-1.01588969,-9.96751042
22.6413893,0.74564418,-0.941519803,-10.1799958
22.6513473,0.640149669,-0.801907919,-10.3826051
22.6613053,0.486172575,-0.743848528,-10.4355768
22.6712633,0.269198049,-0.685340225,-10.3023994
22.6812213,0.287004924,-0.691774642,-10.2763624
22.6911793,0.518045384,-0.888847366,-10.4604167
22.7011373,0.503081624,-1.05554366,-10.5144359
22.7110953,0.309899477,-1.04596685,-10.5886561
22.7210533,0.0860416222,-0.993743327,-10.7766009
22.7310113,-0.149787241,-0.819714793,-10.882694
22.7409693,-0.398933852,-0.592714548,-10.7478705
22.7509263,-0.587477232,-0.391900884,-10.6872673
22.7608843,-0.672920304,-0.120907184,-10.9078331
22.7708423,-0.54138885,0.211886847,-11.3450742
22.7808003,-0.182557877,0.465522585,-11.7294932
22.7907583,0.29912557,0.579546439,-11.8683569
22.8007163,0.503530537,0.715267746,-11.5289788
22.8106743,0.493055904,0.928650969,-10.8597995
22.8206323,0.64194532,1.12482587,-10.1936128
22.8305903,0.82869305,1.20473235,-9.71881273
22.8405483,0.92296474,1.19111533,-9.50498059
22.8505063,0.971596961,1.1504139,-9.41175636
22.8604643,1.01753571,0.994641152,-9.34097778
22.8704223,1.11255558,0.814776752,-9.37614261
22.8803803,1.1106103,0.623090982,-9.49600233
22.8903383,0.899920549,0.430956299,-9.45814402
22.9002963,0.648978288,0.318428821,-9.26421369
22.9102543,0.4870704,0.248996973,-9.14016411
22.9202123,0.366911404,0.13991116,-9.16216084
22.9301703,0.185101716,0.0799064804,-9.25388869
22.9401283,0.0127191963,0.0149637604,-9.36192704
22.9500863,-0.114323129,-0.100257195,-9.44766939
22.9600443,-0.185849904,-0.203207866,-9.56528455
22.9700023,-0.194379247,-0.295234992,-9.66703812
22.9799603,-0.188543381,-0.369754519,-9.71701708
22.9899183,-0.13302783,-0.421978043,-9.75861633
22.9998763,-0.000748188019,-0.408061745,-9.86785178
23.0098343,0.132279642,-0.307056363,-9.94222167
23.0197923,0.194379247,-0.246004221,-10.0041716
23.0297503,0.204255329,-0.17612346,-10.0028249
23.0397083,0.26291327,-0.167743754,-9.95733507
23.0496653,0.304662161,-0.200065476,-9.92097313
23.0596233,0.314538243,-0.218321264,-9.88895068
23.0695813,0.391900884,-0.22415713,-9.93833109
23.0795393,0.319476284,-0.221014741,-9.95239703
23.0894973,0.195426711,-0.191236858,-9.83253731
23.0994553,0.17238252,-0.238671978,-9.57590882
23.1094133,0.221912566,-0.344615401,-9.40038391
23.1193713,0.210689746,-0.439784917,-9.25897637
23.1293293,0.194528885,-0.563684853,-9.21677857
23.1392873,0.204704242,-0.716165572,-9.2085485
23.1492453,0.17732056,-0.878821647,-9.17173765
23.1592033,0.0938227776,-1.01244803,-9.08883841
23.1691613,-0.00463876572,-1.06990887,-8.94563523
23.1791193,-0.0450409187,-1.13874216,-8.89864902
23.1890773,-0.0809539436,-1.21670336,-9.05083046
23.1990353,-0.13736732,-1.3151649,-9.20839886
23.2089932,-0.197222362,-1.39162971,-9.29279447
23.2189512,-0.216974525,-1.44804309,-9.38317558
23.2289092,-0.217273801,-1.44579853,-9.46831938
23.2388672,-0.182258601,-1.49428111,-9.51231283
23.2488252,-0.174028533,-1.52839848,-9.44437736
23.2587832,-0.054019175,-1.5571289,-9.37943464
23.2687412,0.0080804306,-1.60576113,-9.38123029
23.2786992,-0.0456394691,-1.56221658,-9.36656581
23.2886572,-0.0218470901,-1.4739304,-9.47984147
23.2986152,0.000897825623,-1.39611884,-9.60867945
23.3085732,-0.00628477936,-1.30992758,-9.77507647
23.3185312,-0.101903208,-1.18004214,-10.0290115
23.3284892,-0.187645555,-1.00227267,-10.4137298
23.3384472,-0.199766201,-0.912490108,-10.8770078
23.3484052,-0.141856448,-0.866252088,-11.2434703
23.3583632,-0.126294138,-0.776170251,-11.5225444
23.3683202,-0.155922383,-0.714818833,-11.5919763
23.3782782,-0.161608612,-0.702099637,-11.4103162
23.3882362,-0.126443775,-0.738162299,-11.0203606
23.3981942,-0.0893336494,-0.754472798,-10.6019739
23.4081522,-0.115370592,-0.605284107,-10.2465846
23.4181102,-0.235230313,-0.272041164,-10.1304658
23.4280682,-0.202010765,0.0761655403,-10.4149269
23.4380262,0.0834977829,0.250792624,-11.1913964
23.4479842,0.441879844,0.273986452,-12.013655
23.4579422,0.727986942,0.341173737,-12.2406553
23.4679002,0.851886878,0.430806661,-11.8285533
23.4778582,0.850989053,0.514753357,-10.9768161
23.4878162,0.757914463,0.602141718,-10.0116535
23.4977742,0.594959113,0.563535216,-9.21034415
23.5077322,0.520589223,0.42960956,-8.5137811
23.5176902,0.494851556,0.261865807,-7.93333684
23.5276482,0.577750788,0.144400288,-7.56448015
23.5376062,0.711077893,0.12928689,-7.53694683
23.5475642,0.911442645,0.207846632,-7.91163939
23.5575222,0.99479079,0.409109209,-8.41442173
23.5674802,0.919971988,0.604087006,-8.77220525
23.5774382,0.613364538,0.708534054,-8.89954685
23.5873962,0.109085813,0.704793114,-8.8500168
23.5973542,-0.403572617,0.597054039,-8.83639978
23.6073122,-0.828842687,0.500388147,-9.01072759
23.6172702,-1.0477625,0.385167192,-9.45739583
23.6272282,-0.975188264,0.344465764,-10.036643
23.6371862,-0.708085141,0.402225879,-10.5704003
23.6471442,-0.389357045,0.538246461,-10.8452846
23.6571022,-0.0438438179,0.656909081,-10.7571481
23.6670592,0.260818343,0.67127429,-10.4964794
23.6770182,0.374842197,0.646733723,-10.2247375
23.6869762,0.405517906,0.535852259,-9.9562876
23.6969332,0.31349078,0.447865348,-9.51844798
23.7068912,0.162656075,0.290895502,-9.08823986
23.7168492,0.0625485184,0.0830488701,-8.92408741
23.7268072,-0.0345662865,-0.0760159027,-9.08734204
23.7367652,-0.179714762,-0.188693018,-9.3522006
23.7467232,-0.198269825,-0.327107802,-9.5495726
23.7566812,-0.115669868,-0.535104071,-9.64848305
23.7666392,-0.0673369217,-0.694318481,-9.59206968
23.7765972,-0.070628949,-0.812981101,-9.44303062
23.7865552,-0.0942716904,-0.884657513,-9.30551367
23.7965132,-0.0243909294,-0.93732995,-9.23488472
23.8064712,-0.0287304199,-0.957231751,-9.17547859
23.8164292,-0.120458271,-0.995987891,-9.11278043
23.8263872,-0.295085355,-1.0139444,-9.11607246
23.8363452,-0.416890364,-1.01903208,-9.2531405
23.8463032,-0.416441451,-1.04761286,-9.47535235
23.8562612,-0.371400533,-1.06631756,-9.72315222
23.8662192,-0.290895502,-1.10043494,-9.90989995
23.8761772,-0.160411511,-1.11943891,-10.0149455
23.8861352,-0.0763151779,-1.07664256,-9.9841202
23.8960932,-0.149787241,-1.04147772,-9.84271266
23.9060512,-0.320224472,-1.03698859,-9.5730657
23.9160092,-0.472854828,-1.04162736,-9.27349122
23.9259672,-0.483778373,-1.12108493,-9.1445036
23.9359252,-0.585531944,-1.13604869,-9.11562355
23.9458832,-0.692373193,-1.06796358,-9.20121626
23.9558412,-0.626682285,-1.02531686,-9.46053822
23.9657992,-0.492606992,-0.978929204,-9.81966847
23.9757572,-0.369604881,-0.877774184,-10.1285205
23.9857152,-0.308702377,-0.661847121,-10.2982095
23.9956732,-0.239569804,-0.300173033,-10.4719388
24.0056312,-0.110881464,0.117914432,-10.7933604
24.0155882,0.0888847366,0.363619377,-10.9171107
24.0255462,0.355239671,0.18046295,-10.7200379
24.0355042,0.111928928,-0.0616506927,-10.2777092
24.0454622,-0.3247136,-0.000598550415,-9.66045406
24.0554202,-0.53704936,0.00418985291,-9.23278979
24.0653782,-0.875679257,-0.10429741,-9.29414121
24.0753362,-1.60037417,-0.0155623108,-9.576657
24.0852942,-2.18036952,0.319027371,-10.2355114
24.0952522,-2.20565828,0.669029726,-11.5152122
24.1052102,-1.83949506,0.860865134,-12.8359137
24.1151682,-1.34763626,1.09415016,-13.6251024
24.1251262,-0.885256064,1.46779526,-13.6387194
24.1350842,-0.429459923,1.72936179,-12.8779618
24.1450422,-0.31034839,2.10300688,-11.6400099
24.1550002,-0.15921441,2.22615863,-10.5536409
24.1649582,0.0191536133,2.05227974,-9.72165584
24.1749162,0.128688339,1.68491942,-9.12714564
24.1848742,0.253336463,1.34374568,-8.70905818
24.1948322,0.374842197,1.07694183,-8.63349119
24.2047907,0.375141473,0.930745895,-9.03511852
24.2147487,0.196623811,0.947355669,-9.59072294
24.2247067,-0.0276829567,1.01229839,-9.95972927
24.2346647,-0.224007493,1.00810854,-10.0737531
24.2446227,-0.529417842,0.92730423,-9.93833109
24.2545807,-0.828842687,0.775272425,-9.58039794
24.2645387,-0.937629225,0.590619622,-9.23712928
24.2744967,-1.10657008,0.420182391,-8.98169789
24.2844547,-1.16627548,0.350600906,-8.76936213
24.2944127,-1.0079589,0.231489373,-8.58396114
24.3043707,-0.839616595,0.149936879,-8.50001444
24.3143287,-0.644489159,0.195426711,-8.49073691
24.3242867,-0.559046088,0.30660745,-8.5137811
24.3342447,-0.435744702,0.428861372,-8.58949773
24.3442017,-0.368258143,0.550067831,-8.77684401
24.3541597,-0.326359614,0.659602557,-9.01671309
24.3641177,-0.458489618,0.764049605,-9.33888285
24.3740757,-0.667682988,0.890343742,-9.69083049
24.3840337,-0.824353559,0.959027402,-10.0628296
24.3939917,-0.916231048,0.932840822,-10.3962222
24.4039497,-1.00212303,0.913088658,-10.5144359
24.4139077,-1.04462011,0.942716904,-10.5201221
24.4238657,-0.95917704,0.900668737,-10.5144359
24.4338237,-0.929249519,0.880617298,-10.4906435
24.4437817,-0.922066914,0.834678554,-10.410737
24.4537397,-0.833182178,0.72873513,-10.2691798
24.4636977,-0.649127925,0.57011927,-10.1425864
24.4736557,-0.495001193,0.474051929,-10.1309147
24.4836137,-0.423624056,0.437839629,-10.1280716
24.4935717,-0.341024099,0.392499435,-10.1388455
24.5035297,-0.368856693,0.370652345,-10.1279219
24.5134877,-0.536001897,0.360626625,-9.99025534
24.5234457,-0.622642069,0.286705649,-9.86455975
24.5334037,-0.630273587,0.16983868,-9.82520506
24.5433617,-0.665588062,0.0420481667,-9.92351697
24.5533197,-0.651522127,-0.0725742378,-10.0492126
24.5632777,-0.591816723,-0.150685067,-10.0568441
24.5732357,-0.528071104,-0.177919111,-10.0324531
24.5831937,-0.398335301,-0.120458271,-10.0607347
24.5931517,-0.339976636,0.00329202728,-10.0888665
24.6031097,-0.286107098,0.0692822105,-10.0373912
24.6130677,-0.260219793,0.0665887337,-9.94296986
24.6230257,-0.308253464,0.0378583138,-9.95733507
24.6329837,-0.409109209,-0.0209492645,-10.093206
24.6429417,-0.495450106,-0.108786538,-10.2310222
24.6528997,-0.505775101,-0.170586868,-10.283545
24.6628577,-0.440832381,-0.234631763,-10.2305733
24.6728157,-0.395641824,-0.272041164,-10.1107136
24.6827727,-0.375889661,-0.29164369,-9.91738183
24.6927307,-0.376637849,-0.319775559,-9.70669208
24.7026887,-0.393846173,-0.351349094,-9.47475379
24.7126467,-0.433799413,-0.363320102,-9.2845644
24.7226047,-0.391601609,-0.406116457,-9.26316622
24.7325627,-0.298227744,-0.474949754,-9.38362449
24.7425207,-0.226850607,-0.522384875,-9.49719944
24.7524787,-0.235529588,-0.477194318,-9.51321066
24.7624367,-0.191386495,-0.424521882,-9.45634837
24.7723947,-0.17238252,-0.398784214,-9.36327378
24.7823527,-0.218470901,-0.371400533,-9.29863034
24.7923107,-0.305260712,-0.358232423,-9.31284591
24.8022687,-0.446069697,-0.309600202,-9.38317558
24.8122267,-0.476146855,-0.290147314,-9.55765303
24.8221847,-0.484526561,-0.257227041,-9.69068086
24.8321427,-0.52702364,-0.193032509,-9.72584569
24.8421007,-0.683993487,-0.0915782135,-9.76460183
24.8520587,-0.874482156,0.0923264015,-9.89628292
24.8620167,-1.03399584,0.311994404,-10.2968628
24.8719747,-1.05030634,0.401328053,-10.9558668
24.8819327,-1.04566758,0.356137497,-11.4830401
24.8918907,-1.00855745,0.337732072,-11.5823994
24.9018487,-0.852934341,0.28161797,-11.3479173
24.9118067,-0.730081869,0.179116212,-10.9825023
24.9217647,-0.704942751,0.183156427,-10.4833112
24.9317227,-0.62383917,0.229394447,-9.97798506
24.9416807,-0.473004465,0.199616563,-9.49869581
24.9516387,-0.265008196,0.137068045,-9.18146409
24.9615967,-0.145597388,0.135571669,-9.1011087
24.9715547,-0.233135387,0.172083244,-9.07581994
24.9815127,-0.396390012,0.145298113,-9.13881737
24.9914707,-0.524180526,0.0628477936,-9.36761327
25.0014287,-0.683394936,-0.00194528885,-9.67317326
25.0113857,-0.707037678,-0.0760159027,-10.0444242
25.0213447,-0.617853666,-0.0890343742,-10.3559696
25.0313017,-0.597652589,0.0101753571,-10.4878004
25.0412597,-0.494253005,0.116118781,-10.5094978
25.0512177,-0.352695832,0.223708218,-10.4328834
25.0611757,-0.270245512,0.354341846,-10.2441904
25.0711337,-0.159663323,0.478840332,-10.0682165
25.0810917,0.0517746109,0.49709612,-9.94835681
25.0910497,0.212186122,0.525377627,-9.75442648
25.1010077,0.387860669,0.55515551,-9.52458312
25.1109657,0.581042815,0.597652589,-9.31763431
25.1209237,0.698358697,0.686387688,-9.2682539
25.1308817,0.669029726,0.741304689,-9.40846434
25.1408397,0.584185205,0.702099637,-9.61735843
25.1507977,0.35284547,0.556801524,-9.73961235
25.1607557,0.261865807,0.317082082,-9.7354225
25.1707137,0.247799872,0.131681091,-9.62738415
25.1806717,0.189590844,0.0992097313,-9.52772551
25.1906297,0.144699563,0.148141228,-9.52877297
25.2005877,0.156670571,0.240916542,-9.61496423
25.2105461,0.18360534,0.290596227,-9.67541782
25.2205041,0.185849904,0.244058932,-9.75113445
25.2304621,0.0825999573,0.149487966,-9.784354
25.2404201,-0.0303764336,0.103100309,-9.78929204
25.2503781,-0.0719756874,0.00119710083,-9.81727427
25.2603361,-0.135272394,-0.0945709656,-9.79841993
25.2702941,-0.101304658,-0.190189394,-9.76654712
25.2802521,0.0371101257,-0.32845454,-9.89882676
25.2902101,0.127640876,-0.36406829,-10.117148
25.3001681,0.171634332,-0.311695129,-10.2739682
25.3101261,0.161608612,-0.249595523,-10.1204401
25.3200841,0.111330377,-0.229394447,-9.79812066
25.3300421,0.0797568428,-0.23732524,-9.46772083
25.3400001,0.127042326,-0.294786079,-9.40008463
25.3499571,0.080804306,-0.298078107,-9.58892729
25.3599151,-0.0466869324,-0.305859262,-9.88820249
25.3698731,-0.0498293221,-0.316782807,-10.108918
25.3798311,-0.0845452461,-0.37095162,-10.2257849
25.3897891,-0.185849904,-0.460734182,-10.2245878
25.3997471,-0.237025964,-0.474650479,-10.1222357
25.4097051,-0.246453133,-0.483179823,-9.99235027
25.4196631,-0.242861831,-0.372896909,-9.80889456
25.4296211,-0.230890823,-0.203058228,-9.68798738
25.4395791,-0.242712193,-0.0583586655,-9.66314754
25.4495371,-0.320523747,0.0366612129,-9.67900912
25.4594951,-0.248697697,0.00269347687,-9.80290906
25.4694531,-0.143203187,-0.0517746109,-10.0339495
25.4794111,-0.125845225,-0.017357962,-10.1620393
25.4893691,-0.0900818375,0.0591068535,-10.1515647
25.4993271,-0.0100257195,0.106093061,-10.0545995
25.5092851,-0.00329202728,0.12240356,-9.86470939
25.5192431,-0.0410007034,0.0737713387,-9.6279827
25.5292011,-0.124648124,-0.0125695587,-9.4107089
25.5391591,-0.19482816,-0.170137955,-9.25643253
25.5491171,-0.319925197,-0.307505276,-9.2121398
25.5590751,-0.461332732,-0.418237103,-9.26361514
25.5690331,-0.582239916,-0.438587817,-9.38796398
25.5789911,-0.550217469,-0.421080217,-9.6852939
25.5889491,-0.491858804,-0.361674088,-10.0909614
25.5989071,-0.477643231,-0.317381358,-10.4445551
25.6088651,-0.402076241,-0.325012875,-10.6272626
25.6188231,-0.291344415,-0.317680633,-10.5916489
25.6287811,-0.230741185,-0.300621946,-10.4180692
25.6387391,-0.21981764,-0.290147314,-10.1520136
25.6486971,-0.19797055,-0.286256736,-9.84480759
25.6586551,-0.134374568,-0.316333894,-9.57007295
25.6686131,-0.10055647,-0.325012875,-9.38227776
25.6785711,-0.0667383713,-0.363320102,-9.31045171
25.6885291,-0.00104746323,-0.46462476,-9.30042599
25.6984861,0.146046301,-0.54019175,-9.38227776
25.7084441,0.262464357,-0.54138885,-9.52009399
25.7184021,0.213832136,-0.437540353,-9.55466028
25.7283601,0.0508767853,-0.379480963,-9.48223568
25.7383181,-0.11492168,-0.436792165,-9.32541547
25.7482761,-0.295534267,-0.542735589,-9.20301191
25.7582341,-0.474800117,-0.648080462,-9.17517931
25.7681921,-0.658405457,-0.720804337,-9.22396117
25.7781501,-0.822707545,-0.772578948,-9.28052419
25.7881081,-1.00765962,-0.797867703,-9.30147345
25.7980661,-1.12751934,-0.819864431,-9.28606078
25.8080241,-1.20069213,-0.842609347,-9.33873321
25.8179821,-1.27132108,-0.804751033,-9.52578022
25.8279401,-1.25246674,-0.721851801,-9.78749639
25.8378981,-1.16253454,-0.648080462,-10.007314
25.8478561,-1.03429512,-0.574309123,-10.1665284
25.8578141,-0.974290438,-0.463278021,-10.2353617
25.8677721,-0.955885013,-0.362123001,-10.3022497
25.8777301,-0.981772318,-0.26291327,-10.2450882
25.8876881,-1.02830961,-0.228795896,-10.17416
25.8976461,-1.04432084,-0.28909985,-10.1334585
25.9076041,-1.10013566,-0.328903453,-10.1382469
25.9175621,-1.1400889,-0.351498731,-10.089914
25.9275201,-1.14472767,-0.359579162,-10.0219785
25.9374781,-1.15714759,-0.39653965,-9.8675525
25.9474361,-1.28029934,-0.409857397,-9.67242507
25.9573941,-1.348983,-0.451606288,-9.5054295
25.9673521,-1.36619132,-0.482132359,-9.49405705
25.9773101,-1.36349785,-0.504278725,-9.6279827
25.9872681,-1.37861124,-0.462978746,-9.7776203
25.9972261,-1.3326725,-0.363769015,-9.77253263
26.0071841,-1.23765262,-0.231639011,-9.72958663
26.0171421,-1.10926356,-0.124049574,-9.70968483
26.0270991,-1.096694,-0.0320224472,-9.66314754
26.0370571,-1.16582657,-0.023044191,-9.58159504
26.0470151,-1.13350485,-0.0745195267,-9.48537806
26.0569731,-1.12078565,-0.107739075,-9.41250455
26.0669311,-1.09983639,-0.0734720634,-9.39664297
26.0768891,-1.04821141,-0.0314238968,-9.46861865
26.0868471,-0.985213983,-0.0362123001,-9.61646061
26.0968051,-0.934337198,-0.0378583138,-9.84839889
26.1067631,-0.938975964,0.0131681091,-10.0035731
26.1167211,-0.922665465,0.0320224472,-10.1310643
26.1266791,-0.815225665,0.00763151779,-10.2964139
26.1366371,-0.69880761,-0.0531213493,-10.4369236
26.1465951,-0.698209059,-0.09741408,-10.4544312
26.1565531,-0.731428607,-0.222660754,-10.2901291
26.1665111,-0.768987646,-0.376937124,-9.94850645
26.1764691,-0.85054014,-0.574309123,-9.58758055
26.1864271,-0.912490108,-0.741603964,-9.28441476
26.1963851,-0.988805286,-0.865204625,-9.06190365
26.2063425,-1.05045598,-0.947505307,-8.95850406
26.2163005,-1.14652332,-0.974739351,-8.94548559
26.2262585,-1.23720371,-0.967556746,-9.03287395
26.2362165,-1.23136784,-0.946757119,-9.27453868
26.2461745,-1.16133744,-0.918475612,-9.61646061
26.2561325,-1.11674544,-0.802207194,-9.88745431
26.2660905,-1.08966103,-0.62324062,-10.1126589
26.2760485,-1.07783966,-0.49769467,-10.3157171
26.2860065,-1.09010994,-0.412999786,-10.4834609
26.2959645,-1.11150812,-0.321720848,-10.6673655
26.3059225,-1.12288058,-0.273986452,-10.8084738
26.3158805,-1.15924252,-0.244657482,-10.8764092
26.3258385,-1.17944359,-0.206799168,-10.8574053
26.3357965,-1.13545014,-0.209492645,-10.6788876
26.3457545,-1.09699327,-0.212635035,-10.41777
26.3557115,-1.01858317,-0.222660754,-10.1343564
26.3656695,-0.978330653,-0.252438638,-9.87892496
26.3756275,-0.974290438,-0.250194073,-9.60104793
26.3855855,-0.985812534,-0.218620539,-9.35040495
26.3955435,-1.01349549,-0.14425065,-9.17308439
26.4055015,-1.06616793,-0.056263739,-9.22979704
26.4154595,-1.21939683,0.0359130249,-9.44707084
26.4254175,-1.43816701,0.136319857,-9.77328081
26.4353755,-1.57433723,0.160860424,-10.1808936
26.4453335,-1.68940855,0.153677819,-10.5413706
26.4552915,-1.73040925,0.171484694,-10.8156564
26.4652495,-1.53632928,0.177619836,-11.0113823
26.4752075,-1.26443775,0.247201321,-10.9561661
26.4851655,-1.00332013,0.377386037,-10.6432738
26.4951235,-0.681449648,0.459387444,-10.2784574
26.5050815,-0.502183798,0.454748678,-9.80455507
26.5150395,-0.359429524,0.381126977,-9.23054523
26.5249975,-0.120158996,0.269048412,-8.81245776
26.5349555,-0.0667383713,0.215627787,-8.50195973
26.5449135,0.0228945534,0.264858559,-8.29471165
26.5548715,0.0291793327,0.218620539,-8.33451525
26.5648295,-0.024540567,0.125695587,-8.54251152
26.5747875,-0.215627787,0.130334353,-8.81275704
26.5847455,-0.536301172,0.166546653,-9.1106855
26.5947035,-0.812232913,0.139162971,-9.42447556
26.6046615,-1.13784434,0.120158996,-9.6689834
26.6146195,-1.33566525,0.11237784,-9.84794998
26.6245775,-1.31591309,0.128538702,-10.0300589
26.6345355,-1.10701899,0.223259305,-10.2411976
26.6444925,-0.816871679,0.396988563,-10.4252519
26.6544505,-0.509815316,0.574309123,-10.4678986
26.6644085,-0.135422031,0.694168844,-10.4071457
26.6743665,0.174926359,0.762702866,-10.3468417
26.6843245,0.400729503,0.782903943,-10.3532762
26.6942825,0.422576593,0.716614484,-10.419416
26.7042405,0.251391174,0.666785162,-10.4500917
26.7141985,0.153528181,0.523881251,-10.4860047
26.7241565,0.156520934,0.349852718,-10.5561848
26.7341145,0.13991116,0.210989021,-10.6075105
26.7440725,0.103549222,0.116118781,-10.5849152
26.7540305,0.141557173,0.048332946,-10.4195656
26.7639885,0.126294138,-0.0279822319,-10.2214454
26.7739465,0.0418985291,-0.107140524,-9.97843397
26.7839045,-0.0487818588,-0.158765498,-9.67885949
26.7938625,-0.110582189,-0.244657482,-9.41983679
26.8038205,-0.18046295,-0.310797303,-9.35040495
26.8137785,-0.254982477,-0.3609259,-9.39649333
26.8237365,-0.358382061,-0.462978746,-9.49016647
26.8336945,-0.487968226,-0.515351907,-9.42507411
26.8436525,-0.618302579,-0.433799413,-9.33050314
26.8536105,-0.701650724,-0.329352366,-9.33170025
26.8635685,-0.798316616,-0.228795896,-9.43315454
26.8735265,-0.869095203,-0.0972644424,-9.56573346
26.8834845,-0.862211873,0.0664390961,-9.68334861
26.8934425,-0.796969878,0.213083948,-9.79871921
26.9034005,-0.679953271,0.285209273,-9.87593221
26.9133585,-0.617704028,0.426018258,-9.78181016
26.9233165,-0.563834491,0.604386282,-9.56842693
26.9332745,-0.50517655,0.781407567,-9.39454804
26.9432325,-0.457442155,0.883161137,-9.45694692
26.9531895,-0.410156672,0.912490108,-9.65222399
26.9631475,-0.304662161,0.917877061,-9.80290906
26.9731055,-0.147243402,0.960074866,-9.95045174
26.9830635,-0.039653965,1.00736035,-10.0168908
26.9930215,0.0163104988,1.04267482,-10.0212303
27.0029795,0.0508767853,1.0139444,-10.0529535
27.0129375,-0.00867898102,0.913537571,-10.0326028
27.0228955,-0.153677819,0.825401022,-9.90645828
27.0328535,-0.393995811,0.851288328,-9.65177508
27.0428115,-0.694917032,0.869843391,-9.5404447
27.0527695,-0.954987187,0.815076028,-9.65955624
27.0627275,-1.15460375,0.734421359,-10.0342488
27.0726855,-1.29780694,0.640748219,-10.5365822
27.0826435,-1.40689275,0.638503655,-11.0368207
27.0926015,-1.38624276,0.788889447,-11.3347492
27.1025595,-1.22194067,1.00466687,-11.4297691
27.1125175,-1.06137952,1.23421096,-11.2994347
27.1224755,-1.00287122,1.36245038,-10.9699327
27.1324335,-0.967556746,1.43322897,-10.4619131
27.1423915,-0.807743785,1.47437931,-9.95673652
27.1523495,-0.646135173,1.49532857,-9.64638813
27.1623075,-0.500238509,1.48530285,-9.5531639
27.1722655,-0.286705649,1.46046301,-9.51665232
27.1822235,-0.0980126305,1.4098855,-9.44841758
27.1921815,0.148440503,1.36738842,-9.35205096
27.2021395,0.319925197,1.28688339,-9.28202056
27.2120976,0.364966116,1.1388918,-9.27827962
27.2220556,0.32785599,0.935085386,-9.33618937
27.2320126,0.233733937,0.701949999,-9.45200888
27.2419706,0.112228203,0.42841246,-9.59850409
27.2519286,-0.00987608185,0.232686474,-9.74305402
27.2618866,0.0125695587,0.0827495949,-9.86066917
27.2718446,0.00733224258,-0.0577601151,-9.95464159
27.2818026,-0.0579097527,-0.188244106,-10.0447234
27.2917606,-0.096665892,-0.319775559,-10.082881
27.3017186,-0.17672201,-0.496497569,-10.0484644
27.3116766,-0.263062907,-0.664241323,-10.0477162
27.3216346,-0.285957461,-0.811035812,-10.0626799
27.3315926,-0.314837518,-0.89423432,-10.0869212
27.3415506,-0.389207407,-0.949001683,-10.1201408
27.3515086,-0.428562097,-1.02382048,-10.101885
27.3614666,-0.474650479,-1.06931032,-10.0065658
27.3714246,-0.458788893,-1.09684364,-9.88999815
27.3813826,-0.446368972,-1.0393828,-9.79916812
27.3913406,-0.399532402,-0.94795422,-9.70459715
27.4012986,-0.316184257,-0.866850639,-9.59446388
27.4112566,-0.32097266,-0.782604668,-9.48268459
27.4212146,-0.282366158,-0.735468822,-9.37958428
27.4311726,-0.247799872,-0.697311234,-9.30356838
27.4411306,-0.116866969,-0.679653996,-9.35384661
27.4510886,0.0700303986,-0.686537326,-9.47235959
27.4610466,0.0882861862,-0.587477232,-9.48582698
27.4710046,0.0414496162,-0.462380196,-9.43165816
27.4809626,-0.00583586655,-0.414196887,-9.4620346
27.4909206,-0.108337625,-0.427364996,-9.56289034
27.5008786,-0.225354231,-0.438438179,-9.70534534
27.5108356,-0.245106395,-0.480037433,-9.77881741
27.5207936,-0.194079972,-0.55515551,-9.72315222
27.5307516,-0.0811035812,-0.643740971,-9.57022259
27.5407096,0.0484825836,-0.688033702,-9.26047275
27.5506676,0.165948103,-0.670376465,-8.89595554
27.5606256,0.215029237,-0.61635729,-8.58126766
27.5705836,0.191236858,-0.609922873,-8.44270324
27.5805416,0.181211138,-0.648230099,-8.55777456
27.5904996,0.165349552,-0.69566522,-8.88159033
27.6004576,0.183754977,-0.631769963,-9.35235023
27.6104156,0.247650234,-0.499939234,-9.76071126
27.6203736,0.419583841,-0.38531683,-10.0162923
27.6303316,0.701351449,-0.340425549,-10.2193505
27.6402896,0.803553932,-0.26725276,-10.2859392
27.6502476,0.834678554,-0.169389767,-10.2645411
27.6602056,0.80430212,-0.0833481453,-10.1602437
27.6701636,0.786345608,-0.00852934341,-10.0324531
27.6801216,0.857573107,0.0342670113,-10.0489133
27.6900796,0.963516531,-0.0167594116,-10.2024415
27.7000376,0.982969419,-0.0597054039,-10.2572088
27.7099956,1.04806178,-0.111330377,-10.1976531
27.7199536,1.20338561,-0.280869782,-9.96855789
27.7299116,1.31411744,-0.438288541,-9.57531026
27.7398696,1.3036428,-0.615609102,-9.181913
27.7498276,1.25680623,-0.834828191,-8.76292771
27.7597856,1.25830261,-1.14143564,-8.35546452
27.7697436,1.26159464,-1.47782097,-8.16303056
27.7797006,1.13679688,-1.70766433,-8.19610047
27.7896586,0.898873086,-1.74986214,-8.44569599
27.7996166,0.644189884,-1.74686939,-8.97661021
27.8095746,0.387711031,-1.67773681,-9.60239467
27.8195326,0.174477446,-1.54545717,-10.1653313
27.8294906,0.119859721,-1.48769706,-10.7070195
27.8394486,0.105045598,-1.36200147,-11.2156377
27.8494066,0.145298113,-1.14652332,-11.5993085
27.8593646,0.0950198784,-0.843806448,-11.8257102
27.8693226,0.171335056,-0.494402643,-11.9051678
27.8792806,0.317979908,-0.246602771,-11.8870616
27.8892386,0.54827218,-0.216375975,-11.754782
27.8991966,0.696563046,-0.242712193,-11.373655
27.9091546,0.670376465,-0.261566531,-10.8319669
27.9191126,0.593762012,-0.272190801,-10.3504331
27.9290706,0.452803389,-0.323666137,-10.0617821
27.9390286,0.303913973,-0.451456651,-9.95075101
27.9489866,0.19482816,-0.637306554,-9.89403836
27.9589446,0.0926256767,-0.802057556,-9.80979239
27.9689026,-0.033219548,-0.881365486,-9.66329718
27.9788606,-0.133327105,-0.903511852,-9.52473275
27.9888186,-0.333392581,-0.924012203,-9.3848216
27.9987766,-0.463278021,-0.966958195,-9.29459012
28.0087346,-0.60139353,-1.04985743,-9.25418797
28.0186926,-0.696862321,-1.13515086,-9.31209772
28.0286506,-0.770334384,-1.17241063,-9.46831938
28.0386076,-0.797269153,-1.19560445,-9.6231943
28.0485656,-0.732775346,-1.23585697,-9.76145944
28.0585236,-0.64508771,-1.24184247,-9.85632968
28.0684816,-0.53016603,-1.24528414,-9.9001735
28.0784396,-0.333841494,-1.2650363,-9.88356373
28.0883976,-0.138115508,-1.24588269,-9.77298154
28.0983556,0.0463876572,-1.21281278,-9.63651204
28.1083136,0.265457109,-1.20802438,-9.57695628
28.1182716,0.394145448,-1.25246674,-9.61107365
28.1282296,0.421080217,-1.2916718,-9.61646061
28.1381876,0.380977339,-1.34090257,-9.56528455
28.1481456,0.335038595,-1.40449855,-9.4608375
28.1581036,0.250044436,-1.49487966,-9.35354734
28.1680616,0.17672201,-1.50550393,-9.28740751
28.1780196,0.137666595,-1.54844992,-9.34022959
28.1879776,0.12674305,-1.58556005,-9.46532663
28.1979356,0.0172083244,-1.55368724,-9.57994903
28.2078937,-0.0227449158,-1.55129304,-9.76490111
28.2178517,-0.0142155724,-1.55862528,-9.94566333
28.2278097,-0.0591068535,-1.44190795,-9.96002854
28.2377677,-0.054767363,-1.26937579,-9.92037458
28.2477257,0.00763151779,-1.14353057,-9.94940427
28.2576837,-0.0270844063,-0.968604209,-10.0637274
28.2676417,-0.170287593,-0.81806878,-10.127473
28.2775987,-0.194528885,-0.844404998,-10.1074216
28.2875567,-0.227898071,-0.940173064,-9.98696331
28.2975147,-0.390254871,-0.971746599,-9.78330653
28.3074727,-0.603039543,-0.90800098,-9.81697499
28.3174307,-0.694318481,-0.857722745,-10.1707183
28.3273887,-0.827645586,-0.631620325,-10.3284363
28.3373467,-0.83991587,-0.377834949,-10.3230494
28.3473047,-0.880916573,-0.203357504,-10.3956236
28.3572627,-0.946757119,-0.0415992538,-10.6552449
28.3672207,-0.996137528,0.143951375,-11.1456073
28.3771787,-0.963965443,0.300771584,-11.7393693
28.3871367,-0.8467992,0.39968204,-12.2376625
28.3970947,-0.709431879,0.492008441,-12.4030121
28.4070527,-0.534954433,0.606032295,-12.1978589
28.4170107,-0.480785621,0.727388392,-11.6528788
28.4269687,-0.602740268,0.881664761,-10.8276274
28.4369267,-0.659752195,0.902165113,-10.141539
28.4468847,-0.79367785,0.893186857,-9.74499931
28.4568427,-0.918325974,0.945260743,-9.43614729
28.4668007,-0.926256767,0.967107833,-9.27663361
28.4767587,-1.00242231,0.994042602,-9.34277343
28.4867167,-1.17106389,1.00017774,-9.63127473
28.4966747,-1.46974054,0.930596258,-9.93982747
28.5066327,-1.75285489,0.833930366,-10.122535
28.5165907,-1.82527949,0.669777914,-10.1989998
28.5265477,-1.72517193,0.518494297,-10.2018429
28.5365057,-1.5324387,0.392499435,-10.1582984
28.5464637,-1.36050509,0.263960733,-9.96616369
28.5564217,-1.16148708,0.120308633,-9.58668272
28.5663797,-1.01693716,0.00568622894,-9.09407573
28.5763377,-0.9554361,-0.0499789597,-8.67748464
28.5862957,-0.893935045,-0.13302783,-8.40215145
28.5962537,-0.736815561,-0.236876327,-8.21271024
28.6062117,-0.604685557,-0.406266094,-8.03524005
28.6161697,-0.53390697,-0.618152941,-7.82200646
28.6261277,-0.577152238,-0.750133308,-7.63795221
28.6360857,-0.713322457,-0.766443806,-7.645883
28.6460437,-0.690727179,-0.745793817,-8.06187554
28.6560017,-0.695216307,-0.741753602,-8.75709185
28.6659597,-0.679653996,-0.746093092,-9.32691184
28.6759177,-0.52956748,-0.686387688,-9.54523311
28.6858757,-0.359279887,-0.499490321,-9.45200888
28.6958337,-0.145597388,-0.291344415,-9.3932013
28.7057917,0.0205003517,-0.110282914,-9.57620809
28.7157497,0.0787093796,0.0635959816,-9.92336733
28.7257077,0.163553901,0.0866401726,-10.3576157
28.7356657,0.246453133,0.0240916542,-10.7269213
28.7456237,0.253935014,-0.0365115753,-10.8889788
28.7555817,0.277428117,-0.118363345,-10.9335708
28.7655387,0.28416181,-0.172232882,-10.9432972
28.7754967,0.220715466,-0.109983639,-10.8666828
28.7854547,0.117315881,-0.00658405457,-10.6790372
28.7954127,0.0296282455,0.0305260712,-10.4891471
28.8053707,-0.0632967064,-0.0139162971,-10.3957732
28.8153287,-0.28416181,-0.0932242271,-10.3439986
28.8252867,-0.539293924,-0.237175602,-10.2991074
28.8352447,-0.658704732,-0.446219334,-10.3049432
28.8452027,-0.668730451,-0.640748219,-10.3146697
28.8551607,-0.722749626,-0.755071349,-10.2087262
28.8651187,-0.753425335,-0.801907919,-9.94835681
28.8750767,-0.788889447,-0.83303254,-9.62379285
28.8850347,-0.855029268,-0.851886878,-9.37374841
28.8949927,-0.95857849,-0.843507172,-9.31987887
28.9049507,-1.04851069,-0.82869305,-9.52323638
28.9149087,-1.12033674,-0.839466957,-9.8826659
28.9248667,-1.09804074,-0.835127467,-10.3032972
28.9348247,-0.972794062,-0.795024589,-10.6224742
28.9447827,-0.796072052,-0.722300713,-10.7393412
28.9547407,-0.605882658,-0.617554391,-10.5847655
28.9646987,-0.495001193,-0.449511362,-10.1238817
28.9746567,-0.362272639,-0.309899477,-9.54029507
28.9846137,-0.19422961,-0.290895502,-9.07222864
28.9945717,-0.175375272,-0.28416181,-8.73015708
29.0045297,-0.194528885,-0.271442613,-8.5627126
29.0144877,-0.187645555,-0.301519772,-8.57049376
29.0244457,-0.116268418,-0.3247136,-8.76981104
29.0344037,-0.168791217,-0.342670113,-9.08015943
29.0443617,-0.282216521,-0.320074834,-9.38751507
29.0543197,-0.395641824,-0.254683202,-9.64893197
29.0642777,-0.488866051,-0.229244809,-9.80859529
29.0742357,-0.70000471,-0.258723417,-9.71297686
29.0841937,-0.902165113,-0.359878437,-9.48507879
29.0941517,-1.03070381,-0.492307716,-9.33125133
29.1041097,-1.15595049,-0.580294627,-9.41923824
29.1140677,-1.29197107,-0.491709166,-9.6140664
29.1240257,-1.2379519,-0.425120432,-9.83478187
29.1339837,-1.0453683,-0.444872596,-10.1457288
29.1439417,-0.849791952,-0.397287838,-10.4494931
29.1538997,-0.68818334,-0.309300927,-10.6441717
29.1638577,-0.475997218,-0.250044436,-10.6896615
29.1738157,-0.354192208,-0.230741185,-10.5442137
29.1837737,-0.330549467,-0.229394447,-10.2997059
29.1937317,-0.311695129,-0.283263984,-10.0079126
29.2036897,-0.283563259,-0.410007034,-9.72794062
29.2136464,-0.245854583,-0.485723662,-9.5893762
29.2236044,-0.257077403,-0.592265636,-9.50483095
29.2335624,-0.229394447,-0.701650724,-9.44901613
29.2435204,-0.206200618,-0.772429311,-9.38332522
29.2534784,-0.200364751,-0.769735834,-9.34606546
29.2634364,-0.2347814,-0.754622436,-9.32391909
29.2733944,-0.292541515,-0.752826785,-9.29952816
29.2833524,-0.286406374,-0.769436559,-9.3267622
29.2933104,-0.265606747,-0.778863728,-9.4644288
29.3032684,-0.275033916,-0.733972446,-9.58488707
29.3132264,-0.293289703,-0.755370624,-9.63800842
29.3231844,-0.265008196,-0.839317319,-9.64115081
29.3331424,-0.295534267,-0.928501331,-9.57964976
29.3431004,-0.355987859,-0.990600937,-9.52338602
29.3530584,-0.410007034,-1.01424368,-9.46772083
29.3630164,-0.448613536,-1.0139444,-9.47026467
29.3729744,-0.406565369,-1.02726215,-9.52323638
29.3829324,-0.452953027,-1.05838677,-9.55974795
29.3928904,-0.537498273,-1.07200379,-9.5332621
29.4028484,-0.492457354,-1.08936176,-9.53386065
29.4128064,-0.422726231,-1.09295306,-9.59446388
29.4227634,-0.492457354,-1.03100309,-9.71611925
29.4327214,-0.558148262,-0.98476507,-9.89403836
29.4426794,-0.597502952,-0.979378117,-10.1490208
29.4526374,-0.643292059,-0.957531026,-10.3897877
29.4625954,-0.66379241,-0.874332519,-10.551546
29.4725534,-0.632518151,-0.77123221,-10.6839753
29.4825114,-0.504129087,-0.710180067,-10.7845317
29.4924694,-0.355090034,-0.626083734,-10.7405383
29.5024274,-0.260668706,-0.528968929,-10.6000286
29.5123854,-0.207397719,-0.494253005,-10.3775175
29.5223434,-0.2160767,-0.480336708,-10.0418803
29.5323014,-0.314837518,-0.503979449,-9.66673884
29.5422594,-0.395043274,-0.564283404,-9.36072994
29.5522174,-0.46462476,-0.571615646,-9.15018983
29.5621754,-0.424072969,-0.588973608,-9.16560251
29.5721334,-0.397886388,-0.43649289,-9.16889453
29.5820914,-0.318129546,-0.210540108,-9.16290903
29.5920494,-0.17238252,-0.166845928,-9.36447088
29.6020074,-0.130035078,-0.0854430717,-9.57321534
29.6119654,-0.0897825623,0.00284311447,-9.66389573
29.6219234,-0.0296282455,0.0876876358,-9.68454572
29.6318804,0.000598550415,0.150236154,-9.6980131
29.6418384,-0.0501285973,0.202459678,-9.73048446
29.6517964,-0.0960673416,0.207996269,-9.7155207
29.6617544,-0.0998082817,0.163853176,-9.74455039
29.6717124,-0.0806546684,0.0992097313,-9.88281554
29.6816704,-0.0668880089,0.0637456192,-9.99878468
29.6916284,-0.0861912598,0.0436941803,-10.0234749
29.7015864,-0.0415992538,-0.0378583138,-9.94775826
29.7115444,0.0733224258,-0.174627084,-9.81368297
29.7215024,-0.0209492645,-0.202758953,-9.65716203
29.7314604,-0.0733224258,-0.241215817,-9.59476315
29.7414184,-0.274884278,-0.247500597,-9.52862333
29.7513764,-0.514902995,-0.158316585,-9.48358241
29.7613344,-0.778564452,-0.0104746323,-9.65626421
29.7712924,-0.978330653,0.200364751,-10.1747585
29.7812504,-1.0453683,0.431255574,-10.958261
29.7912084,-0.96606037,0.62069678,-11.7170733
29.8011664,-0.753874248,0.751330408,-12.145785
29.8111244,-0.500388147,0.81432784,-12.128876
29.8210824,-0.390404508,0.866701001,-11.7411649
29.8310394,-0.441730206,0.931194808,-11.1432131
29.8409974,-0.482281997,0.904708952,-10.5035123
29.8509554,-0.582838467,0.735319185,-9.94656116
29.8609134,-0.603787731,0.453252302,-9.62903016
29.8708714,-0.530614943,0.113275666,-9.52757587
29.8808294,-0.427664272,-0.134973119,-9.54224035
29.8907874,-0.414196887,-0.256927766,-9.55032078
29.9007454,-0.428711735,-0.260219793,-9.48029039
29.9107034,-0.371999083,-0.211437934,-9.40337666
29.9206614,-0.255281752,-0.120458271,-9.50408277
29.9306194,-0.199466926,0.00912789383,-9.75876597
29.9405774,-0.198269825,0.10489596,-10.0604354
29.9505354,-0.192134683,0.0781108292,-10.2721726
29.9604934,-0.20605098,-0.00568622894,-10.3763204
29.9704514,-0.243011469,-0.147841953,-10.4261497
29.9804094,-0.15487492,-0.355538947,-10.4646065
29.9903674,-0.0709282242,-0.520589223,-10.3652472
30.0003254,0.0163104988,-0.68818334,-10.0927571
30.0102834,0.141257898,-0.842459709,-9.72479823
30.0202404,0.20859482,-0.950498059,-9.37000747
30.0301984,0.330699104,-1.04432084,-9.09632029
30.0401564,0.435295789,-1.15684831,-9.04544351
30.0501144,0.497844308,-1.23810153,-9.16395649
30.0600724,0.55889645,-1.27401456,-9.34247415
30.0700304,0.515950458,-1.28957687,-9.47490343
30.0799884,0.381276614,-1.294066,-9.57695628
30.0899464,0.306757088,-1.32923083,-9.72045874
30.0999044,0.221762929,-1.37292501,-9.89343981
30.1098624,0.131980367,-1.38025726,-10.0849759
30.1198204,0.145298113,-1.38429747,-10.2180038
30.1297784,0.0905307503,-1.34449387,-10.2745668
30.1397364,0.0719756874,-1.28628484,-10.2578074
30.1496944,0.0968155296,-1.22223995,-10.1306154
30.1596524,0.0757166275,-1.16403092,-9.97903252
30.1696104,0.0680851097,-1.10432552,-9.87742859
30.1795684,0.140958623,-1.01080201,-9.82969419
30.1895264,0.192583596,-0.870890854,-9.93429088
30.1994844,0.351049818,-0.812232913,-10.1309147
30.2094429,0.561141014,-0.817769505,-10.2371574
30.2193999,0.733523534,-0.825101747,-10.1210386
30.2293579,0.730081869,-0.769436559,-9.82715035
30.2393159,0.629675037,-0.672321754,-9.57007295
30.2492739,0.439036729,-0.468216062,-9.40068318
30.2592319,0.245256033,-0.225952782,-9.39933644
30.2691899,0.0754173523,-0.0683843849,-9.75637177
30.2791479,-0.0963666168,-0.0674865593,-10.4309381
30.2891059,-0.178667299,-0.187495918,-11.0492407
30.2990639,0.022296003,-0.394295086,-11.3794909
30.3090219,0.215029237,-0.490063152,-11.3700637
30.3189799,0.267552036,-0.437839629,-11.1388736
30.3289379,0.430058473,-0.418835653,-10.6155909
30.3388959,0.624587358,-0.380977339,-10.055647
30.3488539,0.821211169,-0.294935717,-9.68349825
30.3588119,0.752527509,-0.260967981,-9.32302126
30.3687699,0.599747516,-0.393247623,-8.99666165
30.3787279,0.463278021,-0.6844424,-8.7365915
30.3886859,0.33159693,-0.942118353,-8.60865134
30.3986439,0.143801737,-1.07320089,-8.70292303
30.4086009,0.112976391,-1.10851537,-9.01566563
30.4185589,0.15921441,-1.03294838,-9.37225204
30.4285169,0.0362123001,-1.01110129,-9.60463923
30.4384749,-0.0739209763,-1.08113169,-9.67197616
30.4484329,-0.16549919,-1.15505266,-9.58204396
30.4583909,-0.205751705,-1.10821609,-9.50932008
30.4683489,-0.189291569,-1.0266636,-9.47116249
30.4783069,-0.181061501,-0.920570538,-9.43001215
30.4882649,-0.135571669,-0.812382551,-9.46981575
30.4982229,-0.064194532,-0.76120649,-9.53131681
30.5081809,-0.0471358452,-0.766892719,-9.53356137
30.5181389,0.0296282455,-0.799214442,-9.52039326
30.5280969,0.155772746,-0.826448486,-9.61765771
30.5380549,0.276679929,-0.812831464,-9.76549966
30.5480129,0.391601609,-0.765097068,-9.77372973
30.5579709,0.51205988,-0.758662651,-9.67347253
30.5679289,0.593462737,-0.777516989,-9.50378349
30.5778869,0.654514879,-0.792181474,-9.37015711
30.5878439,0.640000031,-0.773027861,-9.20346082
30.5978019,0.603787731,-0.750881496,-9.04215148
30.6077599,0.626831922,-0.865204625,-8.90463452
30.6177179,0.617105478,-1.05404728,-8.87261208
30.6276759,0.588973608,-1.22253922,-8.93785407
30.6376339,0.532410594,-1.32010294,-9.08315219
30.6475919,0.500687422,-1.41661919,-9.20555575
30.6575499,0.309151289,-1.35302321,-9.14181013
30.6675079,0.219668002,-1.30977795,-9.11726956
30.6774659,0.0320224472,-1.32474171,-9.2984807
30.6874239,-0.120907184,-1.38729022,-9.57501099
30.6973819,-0.143801737,-1.41332717,-9.84301194
30.7073399,-0.175973822,-1.338658,-10.0191354
30.7172979,-0.107140524,-1.30828157,-10.1764045
30.7272559,-0.0356137497,-1.27027362,-10.324845
30.7372139,0.0348655617,-1.24184247,-10.3914338
30.7471719,0.078559742,-1.23720371,-10.4337812
30.7571299,0.114023854,-1.29511346,-10.3866454
30.7670869,0.110282914,-1.3724761,-10.1463274
30.7770449,0.0615010551,-1.44280578,-9.75487539
30.7870029,0.048332946,-1.53094232,-9.3581861
30.7969609,-0.0122702835,-1.61982706,-9.13058731
30.8069189,-0.100257195,-1.71858788,-9.0613051
30.8168769,-0.103998135,-1.76347916,-9.1186163
30.8268349,-0.0275333191,-1.76228206,-9.27259339
30.8367929,0.031723172,-1.72696758,-9.42507411
30.8467509,0.0828992325,-1.66471834,-9.51829834
30.8567089,0.171634332,-1.57792853,-9.54867477
30.8666669,0.210540108,-1.54844992,-9.59700772
30.8766249,0.165050277,-1.54291333,-9.65342109
30.8865829,0.107739075,-1.57508542,-9.66479355
30.8965409,0.111031102,-1.66696291,-9.64369465
30.9064989,0.087986911,-1.743727,-9.59326678
30.9164569,0.0146644852,-1.76467626,-9.56079542
30.9264149,-0.0213981773,-1.7847277,-9.5193458
30.9363719,0.0209492645,-1.87855048,-9.52144073
30.9463299,0.007930793,-1.95830732,-9.50812298
30.9562879,0.00359130249,-1.99272397,-9.42911433
30.9662459,0.00628477936,-1.98434426,-9.34082814
30.9762039,0.0962169792,-1.96668703,-9.31793359
30.9861619,0.212485397,-1.97521637,-9.41893897
30.9961199,0.281767608,-1.98419463,-9.60748235
31.0060779,0.292990428,-2.00469498,-9.78659856
31.0160359,0.193331784,-1.97656311,-9.87054526
31.0259939,0.167893391,-1.9820997,-9.89598365
31.0359519,0.182557877,-2.03133047,-9.93189667
31.0459099,0.0511760605,-2.02220258,-9.93174704
31.0558679,-0.0965162544,-1.98718738,-9.83508114
31.0658259,-0.143053549,-2.03028301,-9.77118589
31.0757839,-0.141706811,-2.11228441,-9.81892028
31.0857419,-0.159064773,-2.11916774,-9.82026702
31.0956999,-0.133925655,-2.09911631,-9.81996775
31.1056579,-0.00628477936,-2.13891991,-9.84196447
31.1156149,-0.017357962,-2.0919337,-9.73093337
31.1255729,0.062698156,-2.07098444,-9.63576386
31.1355309,0.136469495,-2.1233576,-9.55570774
31.1454889,0.0507271477,-2.12919346,-9.38961
31.1554469,-0.0597054039,-2.15747497,-9.17368294
31.1654049,-0.139611884,-2.183063,-9.0075852
31.1753629,-0.167594116,-2.21403799,-8.95880334
31.1853209,-0.105195235,-2.24187058,-9.10021087
31.1952789,0.0407014282,-2.25294376,-9.36581762
31.2052369,0.194528885,-2.2367829,-9.64324574
31.2151948,0.247799872,-2.15567932,-9.83074165
31.2251528,0.228646259,-2.06275437,-9.90451299
31.2351108,0.186747729,-2.0159178,-9.85423476
31.2450688,0.197371999,-2.03806416,-9.81981811
31.2550268,0.194079972,-2.10076232,-9.89792894
31.2649848,0.141257898,-2.17857387,-9.97005426
31.2749418,0.0900818375,-2.22256733,-9.96511622
31.2848998,0.0456394691,-2.26596223,-9.98082817
31.2948578,0.030974984,-2.29469265,-10.0189858
31.3048158,-0.0219967278,-2.28840787,-10.0065658
31.3147738,-0.0673369217,-2.25354231,-9.99893432
31.3247318,-0.0655412704,-2.21658182,-10.0750999
31.3346898,-0.0679354721,-2.14984345,-10.2343143
31.3446478,-0.0863408974,-2.08534965,-10.3965214
31.3546058,-0.0920271263,-2.02205294,-10.4753805
31.3645638,-0.123899936,-1.96923087,-10.4019084
31.3745218,-0.17238252,-1.89022221,-10.2859392
31.3844798,-0.296731368,-1.88139359,-10.1973538
31.3944378,-0.438138904,-1.86134215,-10.0999397
31.4043958,-0.530614943,-1.88348852,-10.0649245
31.4143538,-0.565480505,-1.94873051,-10.1267248
31.4243118,-0.543334139,-2.018312,-10.2242886
31.4342698,-0.445171871,-2.11991593,-10.1955581
31.4442278,-0.426766446,-2.28915606,-9.84630396
31.4541848,-0.660949296,-2.19593184,-9.30910497
31.4641428,-0.953790086,-1.87600664,-9.09781667
31.4741008,-1.11255558,-1.48919343,-9.40487303
31.4840588,-0.916679961,-1.24498486,-10.0228763
31.4940168,-0.540491025,-1.15475339,-10.774506
31.5039748,-0.194079972,-1.03549222,-11.4350064
31.5139328,0.0311246216,-0.760757578,-11.6958247
31.5238908,0.362422276,-0.567874706,-11.6980693
31.5338488,0.442179119,-0.475398667,-11.3993927
31.5438068,0.275482829,-0.525227989,-10.7287169
31.5537648,-0.0843956085,-0.759261201,-9.90675756
31.5637228,-0.45459904,-1.09190559,-9.25538507
31.5736808,-0.796371327,-1.3314754,-8.87874722
31.5836388,-1.01424368,-1.39656776,-8.78312879
31.5935968,-1.03354693,-1.43412679,-8.87829831
31.6035548,-0.823156458,-1.43143332,-9.21992096
31.6135118,-0.517446834,-1.30902976,-9.66703812
31.6234698,-0.224755681,-1.04222591,-9.99624084
31.6334278,-0.0558148262,-0.721702163,-10.1716161
31.6433858,-0.102651396,-0.503979449,-10.1407908
31.6533438,-0.304213248,-0.420182391,-9.86874961
31.6633018,-0.523581976,-0.445620784,-9.50587842
31.6732598,-0.622043519,-0.60573302,-9.16769743
31.6832178,-0.635660541,-0.840664058,-8.94862798
31.6931758,-0.686088413,-1.01858317,-8.70711289
31.7031338,-0.731428607,-1.03070381,-8.49956553
31.7130918,-0.738162299,-0.891989756,-8.43028332
31.7230498,-0.824353559,-0.696712683,-8.55478181
31.7330078,-0.817170954,-0.503979449,-8.94264248
31.7429658,-0.701052174,-0.33533787,-9.46667336
31.7529238,-0.629226124,-0.161458974,-9.91663364
31.7628808,-0.683993487,0.0276829567,-10.1186444
31.7728388,-0.581641366,0.0441430931,-10.2914758
31.7827968,-0.451755926,-0.0776619164,-10.2946182
31.7927548,-0.479738158,-0.21233576,-10.1081698
31.8027128,-0.597054039,-0.281917245,-9.89329017
31.8126708,-0.539144286,-0.337732072,-9.70579426
31.8226288,-0.392200159,-0.359579162,-9.4855277
31.8325868,-0.151582893,-0.343717576,-9.34756183
31.8425448,0.152779993,-0.354641121,-9.42537339
31.8525028,0.347308878,-0.454898315,-9.58862801
31.8624608,0.337582434,-0.524629439,-9.64414356
31.8724188,0.32411505,-0.598101502,-9.63591349
31.8823768,0.369904156,-0.723797089,-9.65506711
31.8923348,0.341024099,-0.7755717,-9.68664064
31.9022928,0.13048399,-0.878073459,-9.71686744
31.9122508,-0.111480015,-0.959326678,-9.83178912
31.9222078,-0.221164378,-1.08023386,-10.0203325
31.9321658,-0.266803848,-1.23106857,-10.1366009
31.9421238,-0.233883575,-1.37292501,-10.0843774
31.9520818,-0.234482125,-1.34374568,-10.0128506
31.9620398,-0.293140066,-1.35332249,-9.87653076
31.9719978,-0.217872351,-1.46989018,-9.4958527
31.9819558,-0.285807823,-1.50236154,-9.05142901
31.9919138,-0.315436069,-1.57239194,-8.89326207
32.0018718,-0.312742592,-1.65080204,-9.03781199
32.0118298,-0.26725276,-1.62431619,-9.26137057
32.0217878,-0.136020582,-1.52705175,-9.41444984
32.0317458,0.0359130249,-1.44684599,-9.44587374
32.0417038,0.22415713,-1.42829093,-9.34890857
32.0516618,0.282665434,-1.47572605,-9.19029271
32.0616198,0.204554604,-1.47961663,-8.9459345
32.0715778,0.161458974,-1.48051445,-8.64396582
32.0815348,0.0769137283,-1.49353292,-8.43986013
32.0914928,-0.0136170219,-1.52031805,-8.44045868
32.1014508,-0.123750298,-1.69808753,-8.70247412
32.1114088,-0.0511760605,-1.87211606,-9.02494316
32.1213668,0.0776619164,-1.87196642,-9.29414121
32.1313248,0.106541974,-1.75659583,-9.65895769
32.1412828,0.226551332,-1.57119484,-10.2248871
32.1512408,0.33848026,-1.37427175,-10.9180085
32.1611988,0.366911404,-1.2566566,-11.4258785
32.1711568,0.290596227,-1.23884972,-11.6495867
32.1811148,0.113574941,-1.29631056,-11.6313309
32.1910728,-0.0407014282,-1.37861124,-11.5593553
32.2010308,-0.191536133,-1.48320793,-11.369914
32.2109889,-0.221613291,-1.6597803,-11.0520838
32.2209469,-0.259920518,-1.73145671,-10.8499234
32.2309049,-0.215627787,-1.60142164,-10.8606973
32.2408619,-0.00134673843,-1.53947167,-11.0064443
32.2508199,0.192882871,-1.60172091,-11.0727338
32.2607779,0.387262119,-1.67399587,-11.0223059
32.2707359,0.50083706,-1.645864,-10.8505219
32.2806939,0.608276859,-1.53213942,-10.6160398
32.2906519,0.720205787,-1.37427175,-10.3936783
32.3006099,0.816123491,-1.18228671,-10.1805944
32.3105679,0.901566563,-0.960074866,-9.97469303
32.3205259,0.945260743,-0.751031133,-9.78450363
32.3304839,0.909347718,-0.623539895,-9.62873089
32.3404419,0.734421359,-0.419134928,-9.52039326
32.3503999,0.663642773,-0.271143338,-9.5507697
32.3603579,0.791882199,-0.328304903,-9.68245079
32.3703159,0.916530323,-0.493654455,-9.63740987
32.3802739,0.914285759,-0.653617053,-9.23413653
32.3902309,0.956633201,-0.77931264,-8.68930601
32.4001889,1.00167412,-0.867898102,-8.32448953
32.4101469,1.02486795,-1.01588969,-8.22677618
32.4201049,0.949899509,-1.18812257,-8.06426974
32.4300629,0.913537571,-1.26563485,-7.91104084
32.4400209,0.965461819,-1.28299281,-7.93333684
32.4499789,1.03534258,-1.17211135,-8.2567037
32.4599369,0.969651672,-1.0127473,-8.87246244
32.4698949,0.844404998,-0.931494083,-9.53909796
32.4798529,0.753275697,-0.914285759,-10.0489133
32.4898109,0.664390961,-0.950049146,-10.3402577
32.4997689,0.539443562,-0.97354225,-10.558579
32.5097269,0.466121136,-1.1424831,-10.6642231
32.5196849,0.355389309,-1.29511346,-10.4758294
32.5296419,0.23418285,-1.33686235,-9.9574847
32.5395999,0.192733234,-1.35526778,-9.3195796
32.5495579,0.197521637,-1.38295073,-8.89445917
32.5595159,0.244358207,-1.43412679,-8.77205561
32.5694739,0.355538947,-1.53962131,-8.90238996
32.5794319,0.413897612,-1.64795893,-9.01566563
32.5893899,0.494253005,-1.69015673,-9.05172829
32.5993479,0.549319643,-1.66247378,-9.08210472
32.6093059,0.550516744,-1.55533325,-9.11607246
32.6192639,0.556202973,-1.48425539,-9.22934812
32.6292219,0.601842442,-1.50355864,-9.38616833
32.6391799,0.581791003,-1.51298581,-9.46966612
32.6491379,0.587177957,-1.49966806,-9.44138461
32.6590959,0.555454785,-1.52720138,-9.39155529
32.6690539,0.532709869,-1.56491006,-9.28561186
32.6790109,0.52702364,-1.65544081,-9.18954452
32.6889689,0.412401236,-1.78382987,-9.12624782
32.6989269,0.460135632,-1.89276605,-9.12056159
32.7088849,0.535852259,-1.93616096,-9.15018983
32.7188429,0.567725069,-1.9621979,-9.17607714
32.7288009,0.597951865,-1.93631059,-9.16470468
32.7387589,0.566976881,-1.91955118,-9.12145941
32.7487169,0.525227989,-1.94094936,-9.07851342
32.7586749,0.497245757,-1.97865803,-9.14285759
32.7686329,0.481084896,-1.99047941,-9.29503903
32.7785909,0.442927307,-1.99287361,-9.42522375
32.7885489,0.466420411,-1.97192434,-9.56618237
32.7985069,0.452354476,-1.92927763,-9.80679964
32.8084649,0.323965412,-1.79894327,-10.0653734
32.8184219,0.260967981,-1.66127668,-10.3821562
32.8283799,0.213083948,-1.55997202,-10.7743564
32.8383379,0.217573076,-1.52690211,-11.2517003
32.8482959,0.196623811,-1.56086984,-11.6964233
32.8582539,0.038157589,-1.53498254,-11.7930892
32.8682119,-0.164601364,-1.50460611,-11.605294
32.8781699,-0.305709624,-1.53079269,-11.42528
32.8881279,-0.354790759,-1.58451259,-11.3305594
32.8980859,-0.489165327,-1.71933607,-11.2801315
32.9080439,-0.626682285,-1.89530989,-11.298088
32.9180019,-0.759560477,-1.78622408,-11.1699982
32.9279599,-0.757166275,-1.57149411,-10.7924625
32.9379179,-0.632967064,-1.4437036,-10.2931218
32.9478759,-0.578648614,-1.22732763,-9.89433764
32.9578329,-0.649726476,-0.849043764,-9.56917512
32.9677909,-0.699705435,-0.378583138,-9.35504371
32.9777489,-0.776918439,0.106691611,-9.41534767
32.9877069,-0.804002845,0.550067831,-9.79168624
32.9976649,-0.909946268,0.827047036,-10.4168721
33.0076229,-0.923413653,0.856525644,-11.1809218
33.0175809,-0.986411084,0.708384416,-11.6096335
33.0275389,-1.10642044,0.567126518,-11.5369096
33.0374969,-0.972644424,0.348805254,-11.1879547
33.0474549,-0.74684128,0.151882168,-10.6088572
33.0574129,-0.597203677,0.0980126305,-10.0475665
33.0673709,-0.438288541,0.114173492,-9.48702408
33.0773289,-0.251840087,0.117315881,-9.03930837
33.0872869,-0.0242412918,0.152929631,-8.75574511
33.0972439,0.252737913,0.17357962,-8.76966141
33.1072019,0.152181443,0.123151748,-9.0625022
33.1171599,-0.242562556,-0.0546177254,-9.4294136
33.1271179,-0.681449648,-0.290745864,-9.67781202
33.1370759,-1.09534726,-0.514753357,-9.62349357
33.1470339,-1.46210903,-0.625485184,-9.40547158
33.1569919,-1.76228206,-0.622492432,-9.26496187
33.1669499,-1.84937114,-0.528370379,-9.32766003
33.1769079,-1.70108028,-0.347159241,-9.54298854
33.1868659,-1.52705175,-0.12928689,-9.75457611
33.1968239,-1.33895728,0.0662894585,-9.89807858
33.2067819,-1.07110597,0.180911863,-10.0520557
33.2167399,-0.771082572,0.208445182,-10.2814501
33.2266979,-0.54767363,0.237474877,-10.4967786
33.2366549,-0.377834949,0.311994404,-10.475979
33.2466129,-0.253635738,0.380827702,-10.3139215
33.2565709,-0.094421328,0.381126977,-10.1756563
33.2665289,-0.0421978043,0.307056363,-9.98561657
33.2764869,-0.13676877,0.164302089,-9.66509283
33.2864449,-0.275333191,-0.0638952568,-9.30057562
33.2964029,-0.297180281,-0.307355638,-8.97780731
33.3063609,-0.285957461,-0.550816019,-8.73479584
33.3163189,-0.335038595,-0.705242027,-8.53517928
33.3262769,-0.342969388,-0.85487963,-8.33586199
33.3362349,-0.466570049,-0.996736079,-8.16048672
33.3461929,-0.644638797,-1.12617261,-8.01414114
33.3561509,-0.79996263,-1.28718267,-7.95353792
33.3661089,-0.960673416,-1.35422031,-8.08566792
33.3760659,-0.968753847,-1.37696523,-8.42235253
33.3860239,-0.873135418,-1.31546417,-8.70591579
33.3959819,-0.718859048,-1.26638304,-8.8838349
33.4059399,-0.428711735,-1.26892688,-9.07507176
33.4158979,-0.266953485,-1.26234283,-9.39409913
33.4258559,-0.267851311,-1.20727619,-9.63531494
33.4358139,-0.34596214,-1.12961427,-9.51964508
33.4457719,-0.373944372,-1.0393828,-9.22336262
33.4557299,-0.322020123,-1.02501759,-9.02808555
33.4656879,-0.249595523,-1.04447047,-9.13432825
33.4756459,-0.214729961,-1.03354693,-9.41834042
33.4856039,-0.165199915,-1.03594113,-9.71836381
33.4955619,-0.130932903,-1.04491939,-9.99205099
33.5055189,-0.0407014282,-1.04716395,-10.2382048
33.5154769,-0.00628477936,-1.12123456,-10.4604167
33.5254349,0.00718260498,-1.16433019,-10.5270054
33.5353929,0.00508767853,-1.2125135,-10.3796124
33.5453509,-0.0372597633,-1.29915368,-10.0764466
33.5553089,-0.00239420166,-1.30439099,-9.77432828
33.5652669,0.0674865593,-1.3302783,-9.61152256
33.5752249,0.0264858559,-1.40135616,-9.60269395
33.5851829,-0.0597054039,-1.46151048,-9.641899
33.5951409,-0.0848445213,-1.52271226,-9.67122797
33.6050989,-0.117315881,-1.58660751,-9.63621277
33.6150569,-0.176422735,-1.59558577,-9.52757587
33.6250149,-0.047584758,-1.63927995,-9.41474912
33.6349719,0.196474174,-1.79355632,-9.32212344
33.6449299,0.277577755,-1.89890119,-9.1771246
33.6548879,0.318129546,-1.97686238,-9.06190365
33.6648459,0.250792624,-2.0569185,-9.01416925
33.6748039,-0.0420481667,-2.07292972,-9.0322754
33.6847619,-0.283862534,-1.97476746,-9.18565394
33.6947199,-0.291194777,-1.78727154,-9.57860229
33.7046779,-0.195426711,-1.59678287,-10.1437835
33.7146359,0.0585083031,-1.47378076,-10.8541132
33.7245939,0.372298358,-1.34748662,-11.6126262
33.7345519,0.444124408,-1.19485627,-12.4142349
33.7445099,0.347009603,-1.11494979,-12.8679361
33.7544679,0.226401694,-1.1763012,-12.804789
33.7644249,0.203806416,-1.38818805,-12.2674404
33.7743829,0.253186826,-1.53737674,-11.430218
33.7843409,0.350151993,-1.45687171,-10.6482119
33.7942989,0.311844766,-1.26398884,-10.1533603
33.8042569,0.235230313,-1.03998135,-10.0688151
33.8142149,0.0157119484,-0.628328298,-10.4258504
33.8241729,-0.377386037,-0.0387561394,-11.3794909
33.8341309,-0.465672223,0.463876572,-12.6300123
33.8440889,-0.263362183,0.883759688,-13.7056074
33.8540469,0.046088382,1.17136316,-14.662091
33.8640049,0.416740726,1.18752402,-15.0251118
33.8739629,0.729632956,1.04132808,-14.4828251
33.8839209,0.734570997,0.927753143,-12.9663976
33.8938779,0.593762012,0.901865838,-10.9576624
33.9038359,0.439485642,0.809090524,-9.14899273
33.9137939,0.471657727,0.679653996,-7.78220286
33.9237519,0.575057311,0.565929417,-6.78486823
33.9337099,0.675613781,0.515351907,-6.20008447
33.9436679,0.689081165,0.496796844,-6.06720628
33.9536259,0.693869569,0.463577296,-6.45386985
33.9635839,0.657058718,0.291194777,-7.4226237
33.9735419,0.400579865,0.0905307503,-8.58426041
33.9834999,0.109085813,-0.0674865593,-9.37973392
33.9934579,0.0233434662,-0.260668706,-9.71177976
34.0034159,0.0205003517,-0.512359155,-9.75996307
34.0133739,-0.137516958,-0.588075783,-9.57560954
34.0233309,-0.204255329,-0.487818588,-9.1807159
34.0332889,-0.0739209763,-0.411952323,-8.78028568
34.0432469,0.102651396,-0.402674792,-8.57632962
34.0532049,0.29912557,-0.453850852,-8.56241332
34.0631629,0.390105233,-0.575506224,-8.63004952
34.0731209,0.445471146,-0.639401481,-8.71489404
34.0830789,0.486621487,-0.707935503,-8.92648161
34.0930369,0.461332732,-0.795473502,-9.24386297
34.1029949,0.360476987,-0.816422766,-9.50677624
34.1129529,0.308103826,-0.779013365,-9.56289034
34.1229109,0.343119025,-0.728585493,-9.47430488
34.1328689,0.388010307,-0.731428607,-9.3955955
34.1428259,0.466121136,-0.71811086,-9.35833574
34.1527839,0.490362428,-0.723048901,-9.35429552
34.1627419,0.459985994,-0.782903943,-9.28246947
34.1726999,0.411952323,-0.863708249,-9.1632083
34.1826579,0.345513227,-0.965162544,-8.97242036
34.1926159,0.20859482,-1.04581721,-8.80781899
34.2025739,0.114023854,-1.16642512,-8.74063171
34.2125315,0.0549170006,-1.31890584,-8.78986248
34.2224895,-0.0453401939,-1.49607676,-8.90283887
34.2324475,-0.0805050308,-1.65454298,-9.00653773
34.2424055,0.0354641121,-1.78008893,-9.1257989
34.2523635,0.143053549,-1.80208566,-9.22590646
34.2623215,0.245256033,-1.75285489,-9.28351694
34.2722785,0.255880302,-1.65334588,-9.33888285
34.2822365,0.196025261,-1.52076697,-9.43210708
34.2921945,0.222211842,-1.54665427,-9.6665892
34.3021525,0.274734641,-1.68656543,-10.0231756
34.3121105,0.347458516,-1.86268889,-10.3258925
34.3220685,0.325611426,-1.90069684,-10.4441062
34.3320265,0.28101942,-1.86253925,-10.350882
34.3419845,0.234482125,-1.8547581,-10.1844849
34.3519425,0.214580324,-1.86104288,-10.1086187
34.3619005,0.149188691,-1.85460846,-10.1530611
34.3718585,0.17612346,-1.8336592,-10.2830961
34.3818165,0.0978629929,-1.75135851,-10.4572743
34.3917735,-0.0429459923,-1.68881,-10.5937438
34.4017315,-0.140210435,-1.67549225,-10.6532996
34.4116895,-0.238223065,-1.6175825,-10.6360912
34.4216475,-0.380378789,-1.51119016,-10.6172369
34.4316055,-0.386663568,-1.40075761,-10.649409
34.4415635,-0.187645555,-1.41871412,-10.7356002
34.4515215,-0.0742202515,-1.58960026,-10.7372463
34.4614795,-0.272340439,-1.58989954,-10.4810667
34.4714375,-0.550965657,-1.43053549,-10.2250367
34.4813955,-0.775422063,-1.28882868,-10.1020346
34.4913535,-0.842758984,-1.16253454,-10.0869212
34.5013115,-0.916530323,-0.923114378,-10.0782423
34.5112685,-0.868945565,-0.556651886,-10.3097316
34.5212265,-0.692073917,-0.130783266,-10.8315179
34.5311845,-0.498592496,0.303016148,-11.4300684
34.5411425,-0.21981764,0.571316371,-11.9539496
34.5511005,0.0200514389,0.61635729,-12.2906342
34.5610585,0.0746691643,0.555903698,-12.1737673
34.5710165,-0.0254383926,0.490960978,-11.4279734
34.5809745,-0.167743754,0.373944372,-10.5277536
34.5909325,-0.24226328,0.269048412,-9.71447324
34.6008905,-0.26291327,0.168043029,-9.0696848
34.6108485,-0.190039757,0,-8.61329011
34.6208065,-0.0447416435,-0.235679226,-8.24667798
34.6307635,0.0908300255,-0.448613536,-7.93603032
34.6407215,0.226102419,-0.676661244,-7.80734198
34.6506795,0.256478853,-0.834229641,-7.963414
34.6606375,0.0246902046,-0.86924484,-8.20852039
34.6705955,-0.289249488,-0.810137987,-8.42923586
34.6805535,-0.568473257,-0.790385823,-8.67164878
34.6905115,-0.777217714,-0.807893423,-8.95117182
34.7004695,-0.990600937,-0.796072052,-9.33544119
34.7104275,-1.00122521,-0.797568428,-9.81727427
34.7203855,-0.845602099,-0.752527509,-10.2328179
34.7303435,-0.60259063,-0.632667789,-10.4435076
34.7403015,-0.223708218,-0.520738861,-10.5739916
34.7502595,0.176422735,-0.468515337,-10.5460094
34.7602165,0.409109209,-0.372298358,-10.2875853
34.7701745,0.527622191,-0.289249488,-9.85662896
34.7801325,0.541089575,-0.310198753,-9.40621977
34.7900905,0.519841035,-0.427664272,-9.18266119
34.8000485,0.468515337,-0.614262363,-9.17368294
34.8100065,0.485424387,-0.80804306,-9.31928032
34.8199645,0.467467874,-0.902314751,-9.44602337
34.8299225,0.492606992,-0.983717607,-9.4807393
34.8398805,0.475548305,-1.08532154,-9.37120457
34.8498385,0.39968204,-1.09250415,-9.11652137
34.8597965,0.342071562,-1.05240127,-8.81560015
34.8697535,0.338031347,-1.05659112,-8.63453865
34.8797115,0.30660745,-1.10163204,-8.59742852
34.8896695,0.267103123,-1.17226099,-8.63408974
34.8996275,0.234931038,-1.26473703,-8.77055923
34.9095855,0.263661458,-1.35706343,-8.99097542
34.9195435,0.309151289,-1.39222827,-9.15004019
34.9295015,0.300173033,-1.31785838,-9.18759923
34.9394595,0.24106618,-1.38609312,-9.35175168
34.9494175,0.140659348,-1.42469963,-9.46876829
34.9593755,0.0550666382,-1.43981302,-9.47639981
34.9693335,0.07930793,-1.48186119,-9.44901613
34.9792915,0.11866262,-1.53617964,-9.52383493
34.9892485,0.243460381,-1.58421331,-9.62154828
34.9992065,0.433649776,-1.62311909,-9.7867482
35.0091645,0.566228693,-1.65678755,-9.95538978
35.0191225,0.600794979,-1.64376908,-10.0531031
35.0290805,0.499939234,-1.56954883,-10.0414314
35.0390385,0.362571914,-1.51074125,-9.99983215
35.0489965,0.36346974,-1.45477678,-10.1488712
35.0589545,0.358531699,-1.44549925,-10.4831616
35.0689125,0.355090034,-1.38773914,-10.8545621
35.0788705,0.438438179,-1.31142396,-11.1925935
35.0888285,0.53704936,-1.2964602,-11.5858411
35.0987865,0.600645341,-1.4086884,-11.8342395
35.1087435,0.500088872,-1.51927059,-11.8034142
35.1187015,0.345812502,-1.48829561,-11.4688245
35.1286595,0.317979908,-1.39148008,-11.0199117
35.1386175,0.42212768,-1.3362638,-10.6507557
35.1485755,0.578498976,-1.2861352,-10.4747819
35.1585335,0.667982263,-1.14906716,-10.5003699
35.1684915,0.656160892,-0.859219121,-10.6914572
35.1784495,0.674715955,-0.519242485,-11.0410106
35.1884075,0.709431879,-0.207248081,-11.488427
35.1983655,0.723497814,0.0390554146,-11.8632692
35.2083235,0.784549957,0.156371296,-12.0055746
35.2182819,0.878971284,0.1798644,-11.7918921
35.2282389,0.910993732,0.140659348,-11.2512514
35.2381969,0.787093796,0.121505734,-10.4390185
35.2481549,0.573411298,0.0552162758,-9.64773486
35.2581129,0.41150341,-0.0321720848,-9.07073226
35.2680709,0.327107802,-0.128239426,-8.74467193
35.2780289,0.341024099,-0.212485397,-8.63004952
35.2879869,0.399831677,-0.310647665,-8.72058027
35.2979449,0.480336708,-0.382324078,-8.88967076
35.3079029,0.530465305,-0.338779535,-9.11442645
35.3178609,0.536750085,-0.254982477,-9.32466728
35.3278189,0.541538488,-0.123451023,-9.47310778
35.3377759,0.506822564,-0.0347159241,-9.54448492
35.3477339,0.441730206,-0.0215478149,-9.56917512
35.3576919,0.36780923,0.0181061501,-9.55750339
35.3676499,0.326060339,0.0287304199,-9.57994903
35.3776079,0.366013579,0.0118213707,-9.68484499
35.3875659,0.396390012,-0.033219548,-9.78076269
35.3975239,0.404171168,-0.0767640907,-9.80829601
35.4074819,0.40716392,-0.155922383,-9.70579426
35.4174399,0.372298358,-0.211288297,-9.51126537
35.4273979,0.380229151,-0.315884982,-9.28007527
35.4373559,0.395492187,-0.459537081,-9.03721344
35.4473139,0.358082786,-0.591068535,-8.81066211
35.4572709,0.327257439,-0.687435152,-8.69274768
35.4672289,0.319625922,-0.802955382,-8.67928029
35.4771869,0.26725276,-0.927902781,-8.79435161
35.4871449,0.146495214,-1.01978027,-8.94817907
35.4971029,0.0965162544,-1.1038766,-9.12834274
35.5070609,-0.0203507141,-1.15969143,-9.25373905
35.5170189,-0.077811554,-1.20862293,-9.29818142
35.5269769,-0.0869394478,-1.24737906,-9.22321298
35.5369349,-0.0638952568,-1.27700731,-8.98678557
35.5468929,-0.0603039543,-1.27206927,-8.75559547
35.5568509,-0.00912789383,-1.26802905,-8.57752672
35.5668079,0.0227449158,-1.29062433,-8.53443109
35.5767659,0.0225952782,-1.28808049,-8.6840687
35.5867239,0.0897825623,-1.27595985,-8.93890154
35.5966819,0.207846632,-1.2789526,-9.20076734
35.6066399,0.266354935,-1.29735802,-9.44722048
35.6165979,0.341772287,-1.30513918,-9.56378817
35.6265559,0.320823022,-1.30454063,-9.47684872
35.6365139,0.287004924,-1.34030402,-9.31239699
35.6464719,0.295234992,-1.44220723,-9.18625249
35.6564299,0.246153858,-1.47467859,-9.22919849
35.6663879,0.173130708,-1.44938983,-9.49016647
35.6763459,0.144400288,-1.41422499,-9.84660324
35.6863029,0.107439799,-1.36379712,-10.2328179
35.6962609,0.0402525154,-1.27595985,-10.6488104
35.7062189,-0.0505775101,-1.20278706,-11.1035591
35.7161769,-0.172831432,-1.07664256,-11.4362035
35.7261349,-0.271442613,-0.98476507,-11.5786585
35.7360929,-0.343119025,-0.954687912,-11.6208563
35.7460509,-0.401178416,-0.974888988,-11.5832973
35.7560089,-0.366462492,-1.11150812,-11.4649339
35.7659669,-0.413897612,-1.16807113,-11.0468465
35.7759249,-0.48647185,-1.12347913,-10.5503489
35.7858829,-0.470011713,-1.10821609,-10.1979523
35.7958399,-0.607678309,-1.09579617,-10.005668
35.8057979,-0.997334629,-1.02247375,-9.86381156
35.8157559,-1.40599492,-0.87612817,-9.81772318
35.8257139,-1.57703071,-0.729632956,-9.98905824
35.8356719,-1.4401123,-0.527173278,-10.5288011
35.8456299,-1.08113169,-0.134823481,-11.3543517
35.8555879,-0.715567021,0.32157121,-12.0950579
35.8655459,-0.353294382,0.783801768,-12.4420675
35.8755039,-0.0040402153,1.16747258,-12.2635498
35.8854619,0.342969388,1.20922148,-11.7818664
35.8954199,0.563834491,0.987009634,-11.1278004
35.9053769,0.633565614,0.820911894,-10.3236479
35.9153349,0.559495,0.664540598,-9.60778162
35.9252929,0.342969388,0.377685312,-8.98184753
35.9352509,0.169988318,0.0100257195,-8.51961697
35.9452089,-0.0897825623,-0.249595523,-8.24099175
35.9551669,-0.299574483,-0.420182391,-8.27062
35.9651249,-0.453551577,-0.556502248,-8.55732565
35.9750829,-0.647781187,-0.63386489,-8.89730228
35.9850409,-0.841112971,-0.714070645,-9.18789851
35.9949989,-1.1062708,-0.763451054,-9.34247415
36.0049569,-1.44400288,-0.806097771,-9.2893528
36.0149149,-1.59169519,-0.883909325,-9.09632029
36.0248719,-1.56446115,-0.894982508,-8.93426277
36.0348299,-1.38788877,-0.886004252,-8.86812295
36.0447879,-1.05793786,-0.852335791,-8.85076499
36.0547459,-0.66633625,-0.788440534,-8.81006356
36.0647039,-0.340126273,-0.707486591,-8.71190129
36.0746619,-0.135721307,-0.613065263,-8.58396114
36.0846199,0.031723172,-0.558447537,-8.43671774
36.0945779,0.10803835,-0.531662406,-8.3339167
36.1045359,0.136918407,-0.528819292,-8.32523772
36.1144939,0.143203187,-0.52582654,-8.41576847
36.1244519,0.137666595,-0.532111319,-8.57019448
36.1344089,0.0802057556,-0.551863483,-8.73524476
36.1443669,-0.00314238968,-0.587177957,-8.87964504
36.1543249,0.0351648369,-0.612915625,-8.94054755
36.1642829,0.0757166275,-0.679953271,-8.88278743
36.1742409,0.0685340225,-0.798615891,-8.77444981
36.1841989,-0.01436521,-0.954687912,-8.64725785
36.1941569,-0.09741408,-1.11899,-8.44419962
36.2041149,-0.190189394,-1.23331313,-8.29007289
36.2140726,-0.293289703,-1.25097037,-8.34932938
36.2240306,-0.347009603,-1.21191495,-8.7178868
36.2339886,-0.344465764,-1.08651864,-9.43958896
36.2439456,-0.242562556,-0.938975964,-10.3742254
36.2539036,-0.0538695374,-0.878522372,-11.2723503
36.2638616,0.0845452461,-0.827196674,-12.0435825
36.2738196,0.0742202515,-0.780809016,-12.5626754
36.2837776,-0.00523731613,-0.748487294,-12.7250322
36.2937356,-0.112078565,-0.810437262,-12.4483523
36.3036936,-0.233733937,-0.916679961,-11.6941787
36.3136516,-0.348356342,-1.09684364,-10.6435731
36.3236096,-0.391003059,-1.40764094,-9.65776058
36.3335676,-0.496497569,-1.65304661,-8.95476312
36.3435256,-0.586579407,-1.84847332,-8.45676918
36.3534826,-0.591068535,-2.05302792,-8.17395411
36.3634406,-0.574309123,-2.22511117,-8.03733497
36.3733986,-0.556053336,-2.30636439,-7.9833158
36.3833566,-0.492158079,-2.31594119,-7.99019913
36.3933146,-0.441730206,-2.25937818,-8.07968242
36.4032726,-0.441730206,-2.10121123,-8.25386059
36.4132306,-0.502034161,-1.84592948,-8.52440537
36.4231886,-0.516848283,-1.62536365,-8.96987652
36.4331466,-0.539293924,-1.43173259,-9.5018382
36.4431046,-0.50517655,-1.25501058,-10.0059673
36.4530626,-0.340126273,-1.14308166,-10.4888478
36.4630196,-0.229843359,-0.983717607,-11.0050976
36.4729776,-0.235828864,-0.794575676,-11.4474263
36.4829356,-0.202459678,-0.663942048,-11.7425117
36.4928936,-0.081552494,-0.719008686,-11.782016
36.5028516,0.00912789383,-0.853532892,-11.3106576
36.5128096,0.116418056,-0.972494787,-10.5207206
36.5227676,0.0773626411,-0.837521668,-9.86575685
36.5327256,-0.127640876,-0.508468578,-9.67945804
36.5426836,-0.271592251,-0.234931038,-9.96481695
36.5526416,-0.470909539,0.0823006821,-10.5305967
36.5625996,-0.588375058,0.265157834,-11.402535
36.5725566,-0.440383468,0.222062204,-12.4734914
36.5825146,-0.232836111,0.278176305,-13.2982938
36.5924726,-0.00763151779,0.473004465,-13.7002204
36.6024306,0.211587572,0.661996759,-13.5169144
36.6123886,0.443076945,0.817769505,-12.5891612
36.6223466,0.649576838,0.82869305,-11.3079641
36.6323046,0.801907919,0.6494272,-10.1651817
36.6422626,0.764648155,0.567575431,-9.12011267
36.6522206,0.765396343,0.67067574,-8.2626892
36.6621786,0.73501991,0.865054987,-7.87437962
36.6721366,0.661547846,1.09893856,-8.06501793
36.6820936,0.665737699,1.16956751,-8.86647694
36.6920516,0.740706139,1.07170452,-10.0355955
36.7020096,0.702847825,0.967407108,-10.9844476
36.7119676,0.586280132,0.931793359,-11.4888759
36.7219256,0.466270773,0.850240865,-11.430218
36.7318836,0.376188936,0.780060828,-10.7921633
36.7418416,0.386214655,0.729034406,-9.78734675
36.7517996,0.514603719,0.64882865,-8.84223564
36.7617576,0.654065966,0.59884969,-8.26328775
36.7717156,0.713023182,0.60573302,-8.06621503
36.7816736,0.753275697,0.552611671,-8.23545516
36.7916306,0.757914463,0.382324078,-8.66386762
36.8015886,0.702698187,0.150086517,-9.08135653
36.8115466,0.597502952,-0.0225952782,-9.25343978
36.8215046,0.398634576,-0.165199915,-9.23024595
36.8314626,0.187645555,-0.246453133,-9.12774419
36.8414206,-0.0181061501,-0.297778831,-8.98005188
36.8513786,-0.134823481,-0.332644393,-8.89730228
36.8613366,-0.178368024,-0.332045843,-9.01057795
36.8712946,-0.160860424,-0.323366862,-9.32930604
36.8812526,-0.0205003517,-0.309450565,-9.69906056
36.8912096,0.30660745,-0.379630601,-10.2197994
36.9011676,0.541239213,-0.461632008,-10.7381441
36.9111256,0.520589223,-0.506224014,-10.9977653
36.9210836,0.370053794,-0.520738861,-10.8135614
36.9310416,0.16295535,-0.496048656,-10.144831
36.9409996,-0.0131681091,-0.516997921,-9.48747299
36.9509576,-0.0968155296,-0.64568626,-9.16231048
36.9609156,-0.162506438,-0.741903239,-9.1409123
36.9708736,-0.212036485,-0.80430212,-9.3044662
36.9808316,-0.138863696,-0.820911894,-9.61316858
36.9907896,-0.0496796844,-0.793378575,-9.93264486
37.0007466,0.0438438179,-0.721552525,-10.1237321
37.0107046,0.139462247,-0.634014527,-10.2196498
37.0206626,0.224456406,-0.575506224,-10.2525701
37.0306206,0.235529588,-0.625634821,-10.2805523
37.0405786,0.151582893,-0.746542005,-10.1701197
37.0505366,0.015861586,-0.844105723,-9.80455507
37.0604946,-0.0380079514,-0.959775591,-9.32915641
37.0704526,-0.0950198784,-1.11614689,-8.94324103
37.0804106,-0.173280345,-1.2276269,-8.68571471
37.0903686,-0.182707514,-1.35526778,-8.63917742
37.1003266,-0.124348849,-1.40704239,-8.76188025
37.1102836,-0.022296003,-1.42080905,-9.00534063
37.1202416,0.0210989021,-1.44744454,-9.18266119
37.1301996,0.0885854614,-1.47587569,-9.18610286
37.1401576,0.180612588,-1.52166479,-9.18101518
37.1501156,0.207397719,-1.52226334,-9.19134017
37.1600736,0.184802441,-1.46540105,-9.23668037
37.1700316,0.161159699,-1.40853876,-9.24431189
37.1799896,0.197371999,-1.4659996,-9.28037455
37.1899476,0.270095875,-1.53169051,-9.43285527
37.1999056,0.266504572,-1.57628252,-9.6980131
37.2098626,0.25917233,-1.6024691,-9.90780502
37.2198206,0.26291327,-1.63224698,-10.0860234
37.2297786,0.194528885,-1.6223709,-10.2175549
37.2397366,0.134823481,-1.56311441,-10.2875853
37.2496946,0.114023854,-1.50325937,-10.4233066
37.2596526,0.123451023,-1.49458039,-10.7403886
37.2696106,0.0240916542,-1.48560213,-11.0808142
37.2795686,-0.0902314751,-1.42799165,-11.2036667
37.2895266,-0.170137955,-1.45866736,-11.1777794
37.2994846,-0.12240356,-1.51298581,-11.0173679
37.3094426,-0.264559283,-1.45387896,-10.8255324
37.3193996,-0.608576134,-1.1575965,-10.7593926
37.3293576,-0.773476774,-0.927753143,-10.8340618
37.3393156,-0.886602802,-0.895730696,-10.9036433
37.3492736,-1.02741179,-0.785747057,-10.8758107
37.3592316,-1.11210667,-0.534655158,-10.9845972
37.3691896,-1.03324765,-0.281318695,-11.3919108
37.3791476,-0.846051012,-0.0535702621,-11.8107464
37.3891056,-0.777816264,0.240617267,-12.0664771
37.3990636,-0.674117405,0.546925442,-12.0012351
37.4090216,-0.701351449,0.904110402,-11.4629886
37.4189786,-0.706439127,1.29152216,-10.8820955
37.4289366,-0.455945779,1.49667531,-10.62008
37.4388946,-0.110282914,1.52226334,-10.6235217
37.4488526,0.112078565,1.4950293,-10.6034702
37.4588106,0.22670097,1.4835072,-10.3746743
37.4687686,0.255132114,1.52331081,-9.95449195
37.4787266,0.193182146,1.58690679,-9.4759509
37.4886846,0.0172083244,1.57448687,-9.12205796
37.4986426,-0.204404967,1.46989018,-8.94488704
37.5086006,-0.448164623,1.34120184,-8.92408741
37.5185576,-0.701949999,1.16283382,-9.0788127
37.5285156,-0.88361005,0.936581762,-9.27124665
37.5384736,-1.05225163,0.689230803,-9.38422304
37.5484316,-1.25964935,0.545877979,-9.40996071
37.5583896,-1.38743986,0.417189639,-9.36776291
37.5683476,-1.43682027,0.279822319,-9.30356838
37.5783056,-1.46989018,0.155323833,-9.15797099
37.5882636,-1.41691847,0.0293289703,-8.9773584
37.5982216,-1.27087217,-0.0451905563,-8.82697261
37.6081796,-1.11869073,-0.100107557,-8.77444981
37.6181376,-0.930745895,-0.115819505,-8.86782367
37.6280946,-0.779761553,-0.174327808,-8.96778159
37.6380526,-0.696712683,-0.196324536,-9.02569135
37.6480106,-0.64508771,-0.219368727,-9.01791019
37.6579686,-0.60513447,-0.259022692,-8.97391674
37.6679266,-0.628029023,-0.271292976,-8.89191533
37.6778846,-0.569969633,-0.294037891,-8.92348886
37.6878426,-0.51580082,-0.343867213,-9.02808555
37.6978006,-0.458788893,-0.370652345,-9.12265651
37.7077586,-0.417638552,-0.351648369,-9.17128873
37.7177166,-0.34910453,-0.38531683,-9.13343042
37.7276736,-0.354641121,-0.428262822,-9.02494316
37.7376316,-0.395791462,-0.479139607,-8.94398921
37.7475896,-0.415094713,-0.546177254,-9.01282251
37.7575476,-0.438438179,-0.581940641,-9.08195508
37.7675056,-0.451307013,-0.616806203,-9.11337898
37.7774636,-0.448014986,-0.653317778,-9.08494784
37.7874216,-0.418686015,-0.663044222,-9.07731632
37.7973796,-0.352396557,-0.721103613,-9.13238296
37.8073376,-0.309600202,-0.789787273,-9.24146877
37.8172956,-0.337582434,-0.812831464,-9.34456908
37.8272526,-0.405368269,-0.784250681,-9.36402197
37.8372106,-0.412999786,-0.763899967,-9.45006359
37.8471686,-0.398484939,-0.798017341,-9.64339537
37.8571266,-0.385167192,-0.836923118,-9.85363621
37.8670846,-0.321720848,-0.841861159,-10.0318546
37.8770426,-0.200065476,-0.893336494,-10.0984433
37.8870006,-0.106691611,-0.920869814,-10.1348053
37.8969586,-0.0734720634,-0.931643721,-10.0733042
37.9069166,-0.0601543167,-0.986859997,-9.92321769
37.9168746,-0.0809539436,-1.11165776,-9.76026234
37.9268316,-0.0199018013,-1.25441203,-9.65267291
37.9367896,0.0216974525,-1.39387428,-9.60104793
37.9467476,-0.0191536133,-1.45268186,-9.60897873
37.9567056,0.0267851311,-1.48649996,-9.58443816
37.9666636,0.0239420166,-1.48156191,-9.54388637
37.9766216,-0.0635959816,-1.49218618,-9.62304466
37.9865796,-0.0890343742,-1.51538001,-9.86530794
37.9965376,-0.142155724,-1.51552965,-10.1508165
38.0064956,-0.328304903,-1.43756846,-10.3528273
38.0164536,-0.405517906,-1.37112936,-10.5060562
38.0264106,-0.423175143,-1.3465888,-10.7381441
38.0363686,-0.540042112,-1.25351421,-11.0475946
38.0463266,-0.633565614,-1.14038818,-11.3865238
38.0562846,-0.707037678,-1.03055418,-11.6037976
38.0662426,-0.73247607,-0.95169516,-11.6555722
38.0762006,-0.67815762,-0.893186857,-11.4824415
38.0861586,-0.724545277,-0.792331112,-11.0456494
38.0961166,-0.711676443,-0.62383917,-10.5852145
38.1060746,-0.481683447,-0.527472553,-10.409091
38.1160326,-0.113724579,-0.508019665,-10.3752729
38.1259896,0.142006086,-0.465372948,-10.3068885
38.1359476,0.304063611,-0.338629897,-10.1503676
38.1459056,0.275333191,-0.0131681091,-10.0786912
38.1558636,0.0378583138,0.44771571,-10.1427361
38.1658216,-0.242861831,0.998082817,-10.3739262
38.1757796,-0.436043977,1.37352356,-10.9275853
38.1857376,-0.588823971,1.47662387,-11.7259019
38.1956956,-0.713921008,1.44968911,-12.4395236
38.2056536,-0.66633625,1.4401123,-12.7332623
38.2156122,-0.462679471,1.50011698,-12.6199866
38.2255692,-0.172681795,1.57403795,-12.1525187
38.2355272,0.0356137497,1.70093064,-11.4134586
38.2454852,0.0791582924,1.76213242,-10.5976344
38.2554432,0.117764794,1.74297881,-9.87174236
38.2654012,0.218171626,1.7357962,-9.29309374
38.2753592,0.37529111,1.7811364,-8.9809497
38.2853172,0.48647185,1.73639475,-9.0370638
38.2952752,0.621145693,1.66247378,-9.2984807
38.3052332,0.613065263,1.54949739,-9.50677624
38.3151912,0.518643935,1.40779058,-9.59027402
38.3251482,0.34281975,1.27566057,-9.47864437
38.3351062,0.143502462,1.12751934,-9.21647929
38.3450642,0.007930793,0.957531026,-8.91271496
38.3550222,-0.108337625,0.734570997,-8.72402194
38.3649802,-0.247949509,0.560093551,-8.69319659
38.3749382,-0.452653751,0.421828405,-8.73539439
38.3848962,-0.555305148,0.284311447,-8.82517696
38.3948542,-0.610820699,0.126443775,-8.96568667
38.4048122,-0.640598582,-0.0398036026,-9.11532427
38.4147692,-0.621893881,-0.134374568,-9.25927565
38.4247272,-0.566527968,-0.22296003,-9.28022491
38.4346852,-0.522983425,-0.229544084,-9.19867242
38.4446432,-0.506822564,-0.178966574,-9.04813699
38.4546012,-0.470610264,-0.161907887,-8.85734904
38.4645592,-0.481982722,-0.20605098,-8.73569367
38.4745172,-0.571017096,-0.238671978,-8.71339767
38.4844752,-0.622791707,-0.276829567,-8.82008928
38.4944332,-0.546326891,-0.315585706,-9.04110402
38.5043912,-0.437540353,-0.329801279,-9.31673649
38.5143482,-0.367659592,-0.311994404,-9.45829366
38.5243062,-0.364367565,-0.303165785,-9.43270563
38.5342642,-0.354491483,-0.364367565,-9.31374373
38.5442222,-0.398784214,-0.448912811,-9.09646993
38.5541802,-0.462978746,-0.529417842,-8.86034179
38.5641382,-0.49335518,-0.560093551,-8.68511616
38.5740962,-0.45025955,-0.580294627,-8.63902778
38.5840542,-0.333841494,-0.604236644,-8.75903714
38.5940122,-0.286705649,-0.559943913,-8.99217252
38.6039702,-0.241365455,-0.528819292,-9.29593686
38.6139272,-0.234631763,-0.493654455,-9.51874725
38.6238852,-0.213532861,-0.485723662,-9.68379753
38.6338432,-0.210540108,-0.474201566,-9.83702643
38.6438012,-0.341622649,-0.442927307,-10.0059673
38.6537592,-0.574159486,-0.490661703,-10.2364092
38.6637172,-0.622642069,-0.752677147,-10.5822217
38.6736752,-0.59136781,-1.03908352,-10.7929114
38.6836332,-0.641795683,-1.25037182,-10.7356002
38.6935912,-0.719158324,-1.45073657,-10.4168721
38.7035482,-0.903661489,-1.45178403,-9.80350761
38.7135062,-1.17675012,-1.24483523,-9.31179844
38.7234642,-1.39417355,-1.01020346,-9.23907457
38.7334222,-1.52136552,-0.876277808,-9.60134721
38.7433802,-1.47527714,-0.873135418,-10.0945527
38.7533382,-1.10731827,-0.965162544,-10.498275
38.7632962,-0.860116946,-1.09774146,-10.6966945
38.7732542,-0.780360104,-1.03773678,-10.7312608
38.7832122,-0.738461575,-0.955885013,-11.0941319
38.7931702,-0.874033244,-0.919373438,-11.2172837
38.8031272,-1.12602297,-0.762852504,-10.8443868
38.8130852,-1.26443775,-0.524928714,-10.371083
38.8230432,-1.14308166,-0.241814368,-10.2504751
38.8330012,-0.963366893,0.0796072052,-10.5298485
38.8429592,-0.807145235,0.380378789,-10.8249339
38.8529172,-0.723048901,0.666785162,-10.8785042
38.8628752,-0.803553932,0.921917277,-10.5735427
38.8728332,-0.911891557,1.15984107,-9.99324809
38.8827912,-0.8830115,1.2324153,-9.65611457
38.8927482,-0.693420656,1.06871177,-9.80335797
38.9027062,-0.434846877,0.835576379,-10.2180038
38.9126642,-0.239420166,0.555903698,-10.4937859
38.9226222,-0.132728555,0.329950916,-10.3633019
38.9325802,-0.188094468,0.258573779,-9.89104561
38.9425382,-0.506224014,0.258274504,-9.23518399
38.9524962,-0.908898805,0.0950198784,-8.79899038
38.9624542,-1.18273562,-0.0620996056,-8.61957489
38.9724122,-1.42425071,-0.0987608185,-8.67898102
38.9823692,-1.72651867,-0.127491238,-8.9538653
38.9923272,-1.82123928,-0.212485397,-9.2598742
39.0022852,-1.73474874,-0.258573779,-9.54418564
39.0122432,-1.60187055,-0.295833543,-9.84809962
39.0222012,-1.36693951,-0.300621946,-10.110564
39.0321592,-1.1038766,-0.233285024,-10.204686
39.0421172,-0.955286462,-0.0975637177,-10.0958995
39.0520752,-0.859069483,0.110881464,-9.8567786
39.0620332,-0.667682988,0.214131411,-9.71522142
39.0719912,-0.445321509,0.250942262,-9.70744027
39.0819482,-0.282366158,0.280271232,-9.73362685
39.0919062,-0.116866969,0.278924493,-9.7505359
39.1018642,0.0125695587,0.211138659,-9.75667104
39.1118222,0.0333691856,0.152331081,-9.71267758
39.1217802,-0.0375590385,0.0837970581,-9.56543418
39.1317382,-0.0975637177,-0.030974984,-9.4131031
39.1416962,-0.0520738861,-0.227149883,-9.23234088
39.1516542,-0.0647930824,-0.402674792,-8.97346782
39.1616122,-0.115370592,-0.560692101,-8.71923353
39.1715692,-0.0938227776,-0.77123221,-8.51752204
39.1815272,-0.0930745895,-0.964563994,-8.40125363
39.1914852,-0.173429983,-1.10297878,-8.35082575
39.2014432,-0.221613291,-1.21505734,-8.39631558
39.2114012,-0.253635738,-1.36753806,-8.45003548
39.221358,-0.314238968,-1.43682027,-8.51243437
39.231316,-0.349403805,-1.45178403,-8.60431185
39.241274,-0.314238968,-1.51223762,-8.81066211
39.251232,-0.228047708,-1.55802673,-9.11382789
39.26119,-0.157418759,-1.52675247,-9.41504839
39.271147,-0.0734720634,-1.46031338,-9.696816
39.281105,0.0662894585,-1.35960727,-9.96451767
39.291063,0.0852934341,-1.28628484,-10.2142628
39.301021,0.0426467171,-1.20218851,-10.4173211
39.310979,0.0474351204,-1.18976859,-10.5413706
39.320937,0.0261865807,-1.16687403,-10.604817
39.330895,0.0501285973,-1.20458271,-10.5876087
39.340853,0.184952078,-1.32264678,-10.6468651
39.350811,0.285508548,-1.47437931,-10.683676
39.360768,0.322169761,-1.55832601,-10.6284597
39.370726,0.307056363,-1.59917707,-10.4795703
39.380684,0.234482125,-1.56730426,-10.3218523
39.390642,0.0588075783,-1.44894092,-10.3209544
39.4006,-0.194079972,-1.40225398,-10.5843166
39.410558,-0.323067587,-1.38250182,-11.0104845
39.420516,-0.416441451,-1.21894792,-11.4504191
39.430474,-0.302716872,-1.02771106,-11.9563438
39.440432,-0.0694318481,-0.937180312,-12.5195798
39.450389,0.154575645,-0.968155296,-12.9963252
39.460347,0.336385333,-1.08936176,-13.0099422
39.470305,0.312443317,-1.18677584,-12.3965776
39.480263,0.208295544,-1.16163672,-11.3899655
39.490221,0.182707514,-1.24079501,-10.3344218
39.500179,0.279223769,-1.41512282,-9.42836614
39.510137,0.230142635,-1.3911808,-8.58650498
39.520095,0.0559644638,-1.03833533,-7.90086548
39.530053,0.0390554146,-0.561889202,-7.71696086
39.54001,0.00224456406,-0.0335188232,-8.21076496
39.549968,0.0412999786,0.369006331,-9.22291371
39.559926,0.348805254,0.543633414,-10.5320931
39.569884,0.693271018,0.716764122,-11.6199585
39.579842,1.03534258,0.925508579,-12.2524766
39.5898,1.38968443,1.08532154,-12.2783639
39.599758,1.47408003,1.31501526,-11.5095259
39.609716,1.37756378,1.5324387,-10.1992991
39.619674,1.30184715,1.55638072,-8.95521203
39.629631,1.24887544,1.37920979,-8.12681826
39.639589,1.1890204,1.14547586,-7.73401955
39.649547,1.05075525,0.998681367,-7.74599056
39.659505,0.884358238,0.88735099,-8.13699362
39.669463,0.74564418,0.791134011,-8.78716901
39.679421,0.673518855,0.696563046,-9.38856254
39.689379,0.642843146,0.704044926,-9.78974095
39.699337,0.628029023,0.673369217,-9.883863
39.709295,0.602740268,0.576104774,-9.69546926
39.719252,0.534804796,0.498442858,-9.25852746
39.72921,0.482431635,0.4321534,-8.78387698
39.739168,0.459686719,0.356137497,-8.52844559
39.749126,0.451755926,0.23792379,-8.54355899
39.759084,0.438737454,0.089483287,-8.6598274
39.769042,0.442927307,-0.00104746323,-8.84732332
39.779,0.445022234,-0.0884358238,-9.03571707
39.788958,0.431405212,-0.204554604,-9.15901845
39.798916,0.515651183,-0.36780923,-9.22156697
39.808873,0.464774397,-0.437091441,-9.19478184
39.818831,0.374542922,-0.467018961,-9.14136121
39.828789,0.317680633,-0.510114591,-9.11128406
39.838747,0.256329215,-0.531662406,-9.15138693
39.848705,0.212784673,-0.534505521,-9.24805283
39.858663,0.185999541,-0.587327595,-9.29159737
39.868621,0.145597388,-0.682048198,-9.41908861
39.878579,0.120757546,-0.72873513,-9.65401964
39.888537,0.137965871,-0.736516286,-9.93069957
39.898494,0.155623108,-0.825101747,-10.2081277
39.908452,0.102352121,-0.954987187,-10.3793131
39.91841,0.00433949051,-1.00930564,-10.3546229
39.928368,-0.0191536133,-1.06497083,-10.1912186
39.938326,-0.0212485397,-1.1504139,-10.0038724
39.948284,-0.0981622681,-1.19530518,-9.83029274
39.958242,-0.207846632,-1.23226567,-9.68768811
39.9682,-0.287753112,-1.21745154,-9.55047042
39.978158,-0.354491483,-1.173907,-9.49076502
39.988115,-0.291344415,-1.12362877,-9.71656816
39.998073,-0.210540108,-1.07933604,-10.0855745
40.008031,-0.146046301,-1.02441904,-10.4843587
40.017989,-0.120458271,-1.00107557,-10.7513122
40.027947,-0.0487818588,-1.03279874,-10.8047328
40.037905,0.0216974525,-1.10552262,-10.7011836
40.047863,0.0546177254,-1.07170452,-10.4560772
40.057821,0.0784101044,-0.939724152,-10.0973959
40.067779,0.145896664,-0.849343039,-9.85408512
40.077736,0.203806416,-0.776469526,-9.77627357
40.087694,0.20859482,-0.722899264,-9.82520506
40.097652,0.200364751,-0.755819537,-9.97529158
40.10761,0.184652803,-0.792181474,-10.2130657
40.117568,0.13676877,-0.726340929,-10.4349783
40.127526,0.00763151779,-0.616806203,-10.5873094
40.137484,0.0184054253,-0.546027616,-10.6441717
40.147442,0.0196025261,-0.517596471,-10.5235638
40.1574,0.00194528885,-0.518195022,-10.3035965
40.167357,-0.196025261,-0.51265843,-10.0490629
40.177315,-0.427215359,-0.409258846,-9.87174236
40.187273,-0.574907674,-0.369904156,-9.76250691
40.197231,-0.609324323,-0.434697239,-9.67796166
40.207189,-0.752826785,-0.303016148,-9.66928268
40.2171477,-0.790086548,-0.11118074,-10.0034234
40.2271057,-0.683843849,0.160112236,-10.7068698
40.2370637,-0.463726934,0.551564207,-11.5255372
40.2470207,-0.152779993,0.986859997,-12.0820394
40.2569787,0.135272394,1.42290397,-12.2780647
40.2669367,0.336534971,1.79580088,-12.1626941
40.2768947,0.600346066,2.02504569,-11.7865051
40.2868527,0.835426742,2.06290401,-11.3093108
40.2968107,0.948103857,1.96070152,-10.7501151
40.3067687,0.914884309,1.81031573,-10.1162502
40.3167267,0.774823512,1.59753106,-9.52084218
40.3266847,0.62443772,1.33970547,-9.02958192
40.3366417,0.352396557,1.0302549,-8.66341871
40.3465997,0.178218386,0.703895288,-8.59712925
40.3565577,-0.0263362183,0.469413163,-8.72656578
40.3665157,-0.325461788,0.378732775,-8.84418093
40.3764737,-0.606481208,0.321421573,-8.80976428
40.3864317,-0.880766936,0.257825591,-8.73374838
40.3963897,-1.15310737,0.0965162544,-8.87306099
40.4063477,-1.42230542,-0.0492307716,-9.10993732
40.4163057,-1.68746326,-0.103249947,-9.35639045
40.4262627,-1.87017077,-0.128688339,-9.58398925
40.4362207,-1.89605808,-0.179565125,-9.79827029
40.4461787,-1.70422267,-0.192583596,-9.97858361
40.4561367,-1.40569565,-0.115071317,-9.99668976
40.4660947,-1.0990882,0.0840963333,-9.86530794
40.4760527,-0.729184043,0.318428821,-9.66344681
40.4860107,-0.413299062,0.459985994,-9.48732335
40.4959687,-0.232536836,0.534056608,-9.43674584
40.5059257,-0.157418759,0.542735589,-9.42971288
40.5158837,-0.196025261,0.539144286,-9.39978536
40.5258417,-0.141257898,0.444872596,-9.49271031
40.5357997,-0.0941220528,0.350451268,-9.62259575
40.5457577,-0.0655412704,0.249894798,-9.7167178
40.5557157,0.015113398,0.101454295,-9.8277489
40.5656737,0.153827457,-0.0435445427,-9.93907928
40.5756317,0.179415487,-0.132878192,-9.92591117
40.5855897,0.128538702,-0.257376678,-9.7378167
40.5955467,0.189441206,-0.342670113,-9.24610754
40.6055047,0.238223065,-0.430507386,-8.82637406
40.6154627,0.253785376,-0.579845715,-8.57213977
40.6254207,0.14110826,-0.654215604,-8.49417858
40.6353787,-0.0131681091,-0.751629684,-8.64710821
40.6453367,-0.0954687912,-0.893336494,-8.84088891
40.6552947,-0.106392336,-0.968753847,-8.96733268
40.6652527,-0.0688332977,-1.02890816,-9.09422537
40.6752107,-0.0429459923,-1.10866501,-9.24431189
40.6851677,-0.0971148048,-1.11764326,-9.36147813
40.6951257,-0.0796072052,-1.1002853,-9.40337666
40.7050837,-0.0206499893,-1.08936176,-9.43360345
40.7150417,-0.0760159027,-1.05554366,-9.49719944
40.7249997,-0.145447751,-0.992396588,-9.58249287
40.7349577,-0.15173253,-0.967706384,-9.71806454
40.7449157,-0.0683843849,-1.00062666,-9.8754833
40.7548737,0.0625485184,-1.08936176,-10.1446813
40.7648307,0.177619836,-1.24722943,-10.3266407
40.7747887,0.23104046,-1.32534026,-10.1174473
40.7847467,0.19048867,-1.28314245,-9.55286462
40.7947047,0.109684364,-1.23720371,-8.93531023
40.8046627,0.00433949051,-1.16088853,-8.57199013
40.8146207,-0.0369604881,-1.14846861,-8.59353795
40.8245787,-0.00463876572,-1.20473235,-8.96029971
40.8345367,0.0436941803,-1.26249246,-9.43076034
40.8444937,0.157568397,-1.25590841,-9.7656493
40.8544517,0.253486101,-1.10657008,-9.91573581
40.8644097,0.404620081,-1.11869073,-10.1995983
40.8743677,0.414945075,-1.20548054,-10.4265986
40.8843257,0.303165785,-1.24333885,-10.4254015
40.8942837,0.169689043,-1.30573773,-10.3092827
40.9042417,-0.00179565125,-1.24737906,-10.2352121
40.9141997,-0.0287304199,-1.21819973,-10.3181113
40.9241577,-0.0205003517,-1.18887076,-10.517279
40.9341147,0.0415992538,-1.21221423,-10.7519107
40.9440727,0.0773626411,-1.20129068,-10.7978495
40.9540307,-0.00359130249,-0.981323405,-10.798897
40.9639887,-0.00673369217,-0.690128629,-11.0103349
40.9739467,-0.00314238968,-0.437689991,-11.3524064
40.9839047,-0.263661458,-0.114173492,-11.667244
40.9938627,-0.464026209,0.277428117,-12.0714151
41.0038207,-0.539593199,0.622492432,-12.6163953
41.0137777,-0.322319398,0.890343742,-13.2927573
41.0237357,0.0685340225,1.03579149,-13.7030636
41.0336937,0.569670358,1.01708679,-13.5832038
41.0436517,0.989703111,0.990002386,-12.9120792
41.0536097,0.96231943,1.07544546,-11.6563204
41.0635677,0.781257929,1.1727099,-10.2512233
41.0735257,0.821061532,1.09699327,-8.95132146
41.0834837,0.983268694,0.913687209,-8.0358386
41.0934417,1.04222591,0.860715497,-7.48681823
41.1033987,1.10208095,0.78305358,-7.2427593
41.1133567,1.27805477,0.57326166,-7.51928959
41.1233147,1.15505266,0.391152696,-8.22602799
41.1332727,0.752826785,0.325761063,-9.01102686
41.1432307,0.333991132,0.292990428,-9.4946556
41.1531887,-0.00254383926,0.13736732,-9.6208001
41.1631467,-0.215777425,0.00329202728,-9.57800374
41.1731047,-0.348505979,-0.0152630356,-9.37120457
41.1830617,-0.360776263,0.0187047005,-9.09527283
41.1930197,-0.291344415,0.0935235023,-8.84732332
41.2029777,-0.131830729,0.143203187,-8.79375306
41.2129357,0.0685340225,0.140659348,-8.96209536
41.2228933,0.216974525,0.135122756,-9.24670609
41.2328513,0.230591547,0.170137955,-9.5428389
41.2428093,0.242861831,0.192882871,-9.80679964
41.2527673,0.25977088,0.195875623,-9.97274774
41.2627253,0.214430686,0.154426007,-10.0818336
41.2726823,0.194528885,0.0582090279,-10.1202904
41.2826403,0.10489596,-0.0556651886,-10.0608843
41.2925983,0.0080804306,-0.164900639,-9.8380739
41.3025563,-0.0568622894,-0.277727393,-9.52428384
41.3125143,-0.119560445,-0.334140769,-9.23144305
41.3224723,-0.20859482,-0.311246216,-8.99277107
41.3324303,-0.145148476,-0.288202025,-8.95521203
41.3423883,0.0471358452,-0.287004924,-9.09512319
41.3523453,0.235529588,-0.237624515,-9.32122561
41.3623033,0.343268663,-0.228346983,-9.47580126
41.3722613,0.390554146,-0.309300927,-9.48388169
41.3822193,0.305709624,-0.417488914,-9.2984807
41.3921773,0.190787945,-0.516698646,-9.07522139
41.4021353,0.142454999,-0.613813451,-8.89161605
41.4120933,-0.0228945534,-0.694617757,-8.79465089
41.4220513,-0.100855745,-0.776768801,-8.85585267
41.4320083,-0.0635959816,-0.902464388,-9.04020619
41.4419663,-0.0137666595,-0.961571242,-9.24820246
41.4519243,0.041150341,-0.953490811,-9.40292775
41.4618823,0.0412999786,-0.939424876,-9.53730231
41.4718403,0.0278325943,-0.882712225,-9.58832874
41.4817983,0.0564133766,-0.803853207,-9.55720411
41.4917563,0.0658405457,-0.729034406,-9.5579523
41.5017143,-0.0175075996,-0.650624301,-9.64294646
41.5116713,-0.0399532402,-0.670975015,-9.80440544
41.5216293,-0.132279642,-0.730381144,-9.98711295
41.5315873,-0.284311447,-0.772878223,-10.215011
41.5415453,-0.264858559,-0.874033244,-10.2923737
41.5515033,-0.15173253,-0.946158569,-10.2405991
41.5614613,-0.0311246216,-0.94855277,-10.2371574
41.5714193,0.0212485397,-0.830339063,-10.2549643
41.5813773,-0.0134673843,-0.684292762,-10.3493856
41.5913343,-0.0579097527,-0.630572862,-10.5253594
41.6012923,-0.049081134,-0.665438424,-10.8919715
41.6112503,-0.080804306,-0.704793114,-11.1273515
41.6212083,-0.153677819,-0.659901833,-11.1632645
41.6311663,-0.167893391,-0.654664516,-11.0899421
41.6411243,-0.344465764,-0.605433745,-10.6416278
41.6510823,-0.740556501,-0.437091441,-10.0414314
41.6610403,-1.05359837,-0.315436069,-9.72060838
41.6709973,-1.1106103,-0.372298358,-9.64474211
41.6809553,-1.01843353,-0.53390697,-9.95434231
41.6909133,-1.00332013,-0.592564911,-10.4723877
41.7008713,-0.931494083,-0.345812502,-11.0487917
41.7108293,-0.800860455,0.0523731613,-11.6883429
41.7207873,-0.566827243,0.466420411,-12.1965122
41.7307453,-0.33473932,0.834828191,-12.4663088
41.7407033,-0.185849904,1.1341034,-12.4429653
41.7506613,-0.104596685,1.35332249,-12.1960633
41.7606183,-0.136170219,1.4727333,-11.7695961
41.7705763,-0.0788590172,1.44594817,-11.2515507
41.7805343,-0.0378583138,1.21415952,-10.7168955
41.7904923,-0.121805009,0.962169792,-10.1491705
41.8004503,-0.275482829,0.852635066,-9.52233855
41.8104083,-0.303016148,0.757016637,-8.91017112
41.8203663,-0.330399829,0.611568887,-8.53338363
41.8303243,-0.461033457,0.452055201,-8.3792569
41.8402813,-0.701800362,0.309899477,-8.46529852
41.8502393,-0.954687912,0.197521637,-8.64501328
41.8601973,-1.19201315,0.223408942,-8.89670373
41.8701553,-1.41766666,0.251091899,-9.22426045
41.8801133,-1.56042093,0.220565828,-9.61601169
41.8900713,-1.57403795,0.157718034,-9.76071126
41.9000293,-1.60426475,0.117615157,-9.68275006
41.9099873,-1.59917707,0.0935235023,-9.43884077
41.9199443,-1.53019414,0.0867898102,-9.05591814
41.9299023,-1.44265614,0.188094468,-8.64127234
41.9398603,-1.23570733,0.249745161,-8.41472101
41.9498183,-1.02606505,0.256179578,-8.45452461
41.9597763,-0.819265881,0.297479556,-8.75424873
41.9697343,-0.619050767,0.3060089,-9.12355434
41.9796923,-0.474051929,0.292541515,-9.35549262
41.9896503,-0.418237103,0.322917949,-9.44542482
41.9996073,-0.389207407,0.418686015,-9.31613793
42.0095653,-0.380678064,0.395192912,-9.20884777
42.0195233,-0.36466684,0.292092603,-9.137321
42.0294813,-0.338929173,0.191985046,-9.11352862
42.0394393,-0.368258143,0.096665892,-9.14285759
42.0493973,-0.429908836,-0.0408510658,-9.14974092
42.0593553,-0.426916084,-0.179265849,-9.07941125
42.0693133,-0.325012875,-0.305709624,-8.95596022
42.0792703,-0.20231004,-0.444573321,-8.84747296
42.0892283,-0.109085813,-0.548721093,-8.86527983
42.0991863,-0.0426467171,-0.598550415,-8.90448489
42.1091443,-0.0405517906,-0.661248571,-8.97421601
42.1191023,-0.134224931,-0.748188019,-8.96419029
42.1290603,-0.166546653,-0.875679257,-8.93351458
42.1390183,-0.170586868,-0.978031378,-9.0020486
42.1489763,-0.171783969,-1.03115273,-9.16889453
42.1589333,-0.153378544,-1.08562082,-9.34352162
42.1688913,-0.192733234,-1.13395376,-9.49420668
42.1788493,-0.209941558,-1.19276134,-9.65731167
42.1888073,-0.109684364,-1.27401456,-9.8217634
42.1987653,-0.0722749626,-1.33566525,-9.89553474
42.2087233,-0.105494511,-1.35706343,-9.85483331
42.2186817,-0.0677858345,-1.40434891,-9.76325509
42.2286397,-0.0513256981,-1.47258366,-9.70115549
42.2385967,-0.138115508,-1.49083945,-9.7028015
42.2485547,-0.208295544,-1.53408471,-9.69741455
42.2585127,-0.183754977,-1.6211738,-9.75622213
42.2684707,-0.165798465,-1.6072575,-9.79078841
42.2784287,-0.0686836601,-1.56236622,-9.98157636
42.2883867,0.0998082817,-1.59289229,-10.2256353
42.2983447,0.178218386,-1.59438867,-10.3977185
42.3083027,0.177919111,-1.56820209,-10.5525935
42.3182597,0.215627787,-1.46570033,-10.7394908
42.3282177,0.154725282,-1.26967507,-10.8550111
42.3381757,0.0671872841,-1.06467155,-10.848427
42.3481337,0.196324536,-0.903960764,-10.7616372
42.3580917,0.275333191,-0.80744451,-10.7442792
42.3680497,0.232237561,-0.748487294,-10.8324158
42.3780077,0.17238252,-0.718709411,-11.0981722
42.3879657,0.301220496,-0.697161596,-11.4456307
42.3979227,0.514902995,-0.554257684,-11.5283803
42.4078807,0.597502952,-0.225054956,-11.3675198
42.4178387,0.6132149,0.144400288,-11.1979804
42.4277967,0.661248571,0.391152696,-11.1352823
42.4377547,0.694767394,0.492307716,-11.1029606
42.4477127,0.589721796,0.531662406,-11.0378682
42.4576707,0.337133521,0.607977584,-10.973524
42.4676287,0.211886847,0.652120677,-10.9443447
42.4775857,0.218770177,0.750282945,-11.0420581
42.4875437,0.280720145,0.911293007,-11.1599725
42.4975017,0.387262119,1.02950671,-11.205612
42.5074597,0.498742133,1.14906716,-11.1559323
42.5174177,0.653317778,1.21520698,-11.092037
42.5273757,0.711526806,1.18617729,-10.9884878
42.5373337,0.628477936,1.14876788,-10.6929535
42.5472917,0.535702621,1.08143096,-10.2069306
42.5572487,0.474051929,0.998681367,-9.71447324
42.5672067,0.396240375,0.962169792,-9.42193172
42.5771647,0.287753112,0.967107833,-9.3605803
42.5871227,0.184503165,1.02965635,-9.50348421
42.5970807,0.11118074,1.07035778,-9.71881273
42.6070387,0.119859721,1.05060562,-9.87413656
42.6169967,0.193930334,0.98850601,-9.88072061
42.6269547,0.287304199,0.931643721,-9.69457143
42.6369117,0.361674088,0.914734672,-9.36521907
42.6468697,0.475997218,0.883161137,-9.03736308
42.6568277,0.528669654,0.79367785,-8.68227305
42.6667857,0.454898315,0.711826081,-8.33675982
42.6767437,0.434697239,0.636109454,-8.09000741
42.6867017,0.552462033,0.534954433,-7.88440534
42.6966597,0.573710573,0.385466467,-7.80539669
42.7066177,0.456544329,0.262613995,-7.93917271
42.7165747,0.450708463,0.131232178,-8.28438666
42.7265327,0.473453378,-0.00718260498,-8.69933173
42.7364907,0.3247136,-0.156221658,-9.01895765
42.7464487,0.182707514,-0.29538463,-9.12894129
42.7564067,0.118512982,-0.308103826,-9.0744732
42.7663647,0.0770633659,-0.274884278,-8.94847834
42.7763227,0.0733224258,-0.224306768,-8.90164177
42.7862797,0.112976391,-0.170437231,-8.95476312
42.7962377,0.164601364,-0.162506438,-9.1536315
42.8061957,0.25977088,-0.248697697,-9.38676688
42.8161537,0.305559987,-0.342520475,-9.55765303
42.8261117,0.338180984,-0.406565369,-9.61541314
42.8360697,0.31783027,-0.394295086,-9.60149685
42.8460277,0.271143338,-0.389357045,-9.54209072
42.8559857,0.181809689,-0.420182391,-9.50917044
42.8659427,0.064194532,-0.503530537,-9.46233387
42.8759007,-0.0760159027,-0.597652589,-9.33364553
42.8858587,-0.217573076,-0.727089117,-9.25089594
42.8958167,-0.27727848,-0.813130739,-9.26915173
42.9057747,-0.25288755,-0.841412246,-9.41519803
42.9157327,-0.140360072,-0.841412246,-9.69412252
42.9256907,0.0139162971,-0.787542709,-10.0124017
42.9356487,0.116866969,-0.7930793,-10.2600519
42.9456057,0.168641579,-0.831386526,-10.3395095
42.9555637,0.181360776,-0.907701704,-10.1418382
42.9655217,0.0820014069,-0.990600937,-9.72300258
42.9754797,0.0254383926,-1.12482587,-9.34831002
42.9854377,-0.0282815071,-1.28837977,-9.1608141
42.9953957,-0.06494272,-1.41272862,-9.18700068
43.0053537,-0.0561141014,-1.4835072,-9.35878465
43.0153117,0.0122702835,-1.49083945,-9.52847369
43.0252687,0.0202010765,-1.46151048,-9.52323638
43.0352267,0.0767640907,-1.44774382,-9.46772083
43.0451847,0.138265146,-1.43427643,-9.50827262
43.0551427,0.191536133,-1.39985978,-9.63965443
43.0651007,0.239869079,-1.38743986,-9.76415292
43.0750587,0.110881464,-1.27117144,-9.64878233
43.0850167,0.0383072266,-1.11405196,-9.52563058
43.0949747,0.304063611,-1.04372229,-9.75996307
43.1049317,0.505625463,-0.920271263,-10.2664864
43.1148897,0.582090279,-0.696114133,-10.8750625
43.1248477,0.565330867,-0.409707759,-11.3877209
43.1348057,0.49769467,-0.196773449,-11.7363765
43.1447637,0.515052632,-0.115071317,-11.7321867
43.1547217,0.544082327,-0.348954892,-11.414955
43.1646797,0.346111777,-0.704044926,-10.9364139
43.1746377,-0.0393546898,-0.683095661,-10.6381862
43.1845947,-0.4683657,-0.56637833,-10.5620206
43.1945527,-0.712723907,-0.500537785,-10.4934866
43.2045107,-1.08681792,-0.31783027,-10.5600753
43.2144687,-1.381604,-0.0366612129,-10.954969
43.2244264,-1.31935475,0.139462247,-11.9192337
43.2343844,-1.16687403,0.363320102,-13.0976298
43.2443424,-0.915632497,0.793528213,-14.0602485
43.2542994,-0.738611212,1.16956751,-14.347852
43.2642574,-0.532859507,1.35841017,-13.8407302
43.2742154,-0.485873299,1.49068981,-12.7211416
43.2841734,-0.446069697,1.5825673,-11.4350064
43.2941314,-0.414196887,1.58526077,-10.4354272
43.3040894,-0.420930579,1.51777421,-9.74499931
43.3140474,-0.330848742,1.40240362,-9.17443112
43.3240054,-0.0969651672,1.25770406,-8.86483092
43.3339624,0.0957680664,1.06078097,-8.50225901
43.3439204,0.266055659,0.911592282,-8.21420662
43.3538784,0.444274046,0.868496652,-8.04960526
43.3638364,0.327556715,1.03309802,-8.05544112
43.3737944,-0.0160112236,1.08921212,-8.24832399
43.3837524,-0.468814613,0.906654241,-8.47891554
43.3937104,-1.0851719,0.607528671,-8.50210937
43.4036684,-1.45298113,0.3060089,-8.35277104
43.4136254,-1.61279409,0.069880761,-8.33601163
43.4235834,-1.51208799,-0.0525227989,-8.55074159
43.4335414,-1.2801497,0.0281318695,-9.04005656
43.4434994,-1.05210199,0.218620539,-9.45919148
43.4534574,-0.70254855,0.466719686,-9.7644522
43.4634154,-0.262015444,0.528669654,-9.90915176
43.4733734,0.197072724,0.526874003,-9.8977793
43.4833304,0.484227286,0.565480505,-9.78929204
43.4932884,0.82614921,0.502782349,-9.62050082
43.5032464,1.07619365,0.390105233,-9.43390273
43.5132044,1.01334585,0.275183553,-9.21184053
43.5231624,0.805050308,0.120009358,-8.98573811
43.5331204,0.72873513,-0.144101012,-8.85884542
43.5430784,0.66005147,-0.398185664,-8.8500168
43.5530364,0.492158079,-0.604535919,-8.91106894
43.5629934,0.393546898,-0.828992325,-8.96658449
43.5729514,0.411952323,-0.902165113,-8.9224414
43.5829094,0.376039298,-0.865354263,-8.89191533
43.5928674,0.35718496,-0.798316616,-8.92438669
43.6028254,0.419284566,-0.724694915,-9.01940657
43.6127834,0.479139607,-0.684592037,-9.16096374
43.6227414,0.406715007,-0.675464143,-9.27199484
43.6326994,0.41524435,-0.742950703,-9.42387701
43.6426564,0.395492187,-0.776469526,-9.63740987
43.6526144,0.322618674,-0.847996301,-9.84495723
43.6625724,0.303913973,-0.902614026,-9.91199487
43.6725304,0.243610019,-0.867149914,-9.8416652
43.6824884,0.147093764,-0.839167682,-9.6594066
43.6924464,0.0704793114,-0.834080003,-9.4517096
43.7024044,0.113275666,-0.92730423,-9.39619405
43.7123624,0.171783969,-1.02935708,-9.45679728
43.7223194,0.206649531,-1.05419692,-9.56423708
43.7322774,0.311994404,-1.08532154,-9.62289502
43.7422354,0.385017554,-1.16926824,-9.59760627
43.7521934,0.423923331,-1.3012486,-9.52024363
43.7621514,0.447416435,-1.35706343,-9.411906
43.7721094,0.437390716,-1.32444243,-9.25852746
43.7820674,0.371400533,-1.3748703,-9.05038155
43.7920244,0.31034839,-1.46659815,-8.78582227
43.8019824,0.196324536,-1.52346044,-8.47098475
43.8119404,0.103998135,-1.63419227,-8.2005896
43.8218984,0.118961895,-1.76796829,-8.17141027
43.8318564,0.200813664,-1.85221426,-8.39481921
43.8418144,0.29972412,-1.83006789,-8.71564223
43.8517724,0.341772287,-1.69763861,-8.95057327
43.8617304,0.345662865,-1.60546185,-9.06175401
43.8716874,0.250792624,-1.52256262,-9.08255364
43.8816454,0.0915782135,-1.48919343,-9.23488472
43.8916034,0.0694318481,-1.4624083,-9.55525883
43.9015614,0.114323129,-1.33491706,-10.0505593
43.9115194,0.137068045,-1.12273094,-10.5934445
43.9214774,0.269646962,-0.972644424,-11.237784
43.9314354,0.35030163,-0.847697025,-11.9056167
43.9413934,0.286406374,-0.733224258,-12.3421096
43.9513504,0.274585003,-0.702997462,-12.5536971
43.9613084,0.141557173,-0.829740513,-12.5855699
43.9712664,-0.00538695374,-0.867598827,-12.3726356
43.9812244,-0.120158996,-0.74310034,-11.977742
43.9911824,-0.110582189,-0.673369217,-11.5250882
44.0011404,-0.135422031,-0.647631549,-11.1183732
44.0110984,-0.265606747,-0.616058015,-10.9370125
44.0210554,-0.511610967,-0.51146133,-11.03712
44.0310134,-0.711676443,-0.301968684,-11.3800894
44.0409714,-0.72439564,-0.087238723,-11.8830214
44.0509294,-0.584634118,0.136918407,-12.4627175
44.0608874,-0.315436069,0.344765039,-12.7938655
44.0708454,0.0155623108,0.550217469,-12.7637883
44.0808034,0.330399829,0.713621732,-12.2988643
44.0907614,0.497993945,0.979976667,-11.3884691
44.1007184,0.53016603,1.17884504,-10.352528
44.1106764,0.53016603,1.15355629,-9.42522375
44.1206344,0.520888499,1.09400052,-8.66701001
44.1305924,0.62758011,1.0803835,-8.12801536
44.1405504,0.779462278,1.09220487,-7.8897923
44.1505084,0.816722041,1.12392804,-7.98271725
44.1604664,0.726640204,1.22433487,-8.35097539
44.1704234,0.584783755,1.34075293,-8.85944397
44.1803814,0.513705894,1.42484926,-9.39933644
44.1903394,0.47524903,1.41976158,-9.82864673
44.2002974,0.47210664,1.35451959,-9.97110173
44.2102554,0.510114591,1.35422031,-9.87623149
44.2202134,0.516698646,1.3115736,-9.61930372
44.2301712,0.533009145,1.20518126,-9.27438904
44.2401292,0.542585951,1.06182844,-9.01925693
44.2500862,0.572363834,0.850240865,-8.93396349
44.2600442,0.575655862,0.626831922,-8.96029971
44.2700022,0.515351907,0.437989266,-9.07417393
44.2799602,0.469413163,0.284461085,-9.23697964
44.2899182,0.419434203,0.150685067,-9.40771615
44.2998762,0.377086761,0.0787093796,-9.48238531
44.3098342,0.34596214,0.0134673843,-9.47071358
44.3197922,0.362721552,-0.0486322212,-9.41819078
44.3297492,0.373046546,-0.0855927094,-9.39828898
44.3397072,0.361374813,-0.122702835,-9.44347954
44.3496652,0.387262119,-0.210091196,-9.51560486
44.3596232,0.360476987,-0.294037891,-9.57156932
44.3695812,0.305260712,-0.36840778,-9.58802946
44.3795392,0.206350256,-0.449212086,-9.56663128
44.3894972,0.139611884,-0.532260957,-9.5579523
44.3994542,0.133177467,-0.621145693,-9.47789618
44.4094122,0.114173492,-0.698657972,-9.37285059
44.4193702,0.0875379982,-0.771681123,-9.25568434
44.4293282,0.164302089,-0.811484725,-9.09826558
44.4392862,0.287453837,-0.782305392,-8.96254428
44.4492442,0.382623353,-0.757764825,-8.97017579
44.4592022,0.407463195,-0.752228234,-8.99546455
44.4691592,0.372896909,-0.762702866,-9.0449946
44.4791172,0.291494052,-0.782305392,-9.08225436
44.4890752,0.315884982,-0.795323864,-9.16485432
44.4990332,0.317381358,-0.809539436,-9.36506943
44.5089912,0.275482829,-0.823904646,-9.61945336
44.5189492,0.350750543,-0.879569835,-9.90496191
44.5289072,0.471957002,-0.918026699,-10.1798462
44.5388652,0.471208814,-0.877175633,-10.4224087
44.5488222,0.44277767,-0.800860455,-10.6341459
44.5587802,0.500986697,-0.769885471,-10.7312608
44.5687382,0.468664975,-0.767042357,-10.6856213
44.5786962,0.321421573,-0.804751033,-10.5699514
44.5886542,0.220865103,-0.881814399,-10.3986164
44.5986122,0.189590844,-0.969950948,-10.2693295
44.6085702,0.20545243,-1.06212771,-10.2302741
44.6185272,0.206350256,-1.1142016,-10.2251864
44.6284852,0.187196642,-1.06347445,-10.184036
44.6384432,0.159064773,-1.04132808,-10.2085766
44.6484012,0.064194532,-1.03489367,-10.3160164
44.6583592,-0.00583586655,-1.031452,-10.4625116
44.6683172,-0.0420481667,-0.970848773,-10.5606739
44.6782752,-0.0598550415,-0.878672009,-10.5413706
44.6882332,0.104147772,-0.837671306,-10.3682399
44.6981902,0.311695129,-0.852485429,-9.98995606
44.7081482,0.300173033,-0.683694212,-9.61690952
44.7181062,0.212036485,-0.376637849,-9.55855085
44.7280642,0.195725986,-0.399831677,-9.47176104
44.7380222,0.072125325,-0.470460626,-9.44632265
44.7479802,-0.256778128,-0.477942506,-9.38392377
44.7579382,-0.0628477936,-0.603189181,-9.79318262
44.7678952,0.343867213,-0.521487049,-10.7281184
44.7778532,0.563086303,-0.119710083,-11.5801549
44.7878112,0.343717576,0.461781645,-11.8900544
44.7977692,-0.136020582,1.06093061,-11.4869307
44.8077272,-0.195277073,1.42440035,-10.9248918
44.8176852,0.00658405457,1.60501294,-10.8895773
44.8276432,0.356137497,1.63523973,-11.473164
44.8376012,0.761805041,1.49068981,-12.0992477
44.8475582,1.00511578,1.42305361,-12.1362082
44.8575162,0.942267991,1.51807349,-11.476456
44.8674742,0.86176296,1.52031805,-10.4137298
44.8774322,0.671723203,1.45597388,-9.40861397
44.8873902,0.411802686,1.41706811,-8.71279912
44.8973482,0.202160403,1.25845225,-8.39541776
44.9073062,-0.0257376678,1.06871177,-8.39047972
44.9172632,-0.334290407,0.86924484,-8.42115543
44.9272212,-0.586579407,0.649576838,-8.40125363
44.9371792,-0.855627818,0.452204839,-8.36025292
44.9471372,-1.19904612,0.351947644,-8.30054752
44.9570952,-1.53737674,0.35344402,-8.27211637
44.9670532,-1.62985278,0.323217224,-8.52874486
44.9770112,-1.54411043,0.270095875,-9.01162541
44.9869692,-1.51538001,0.339228448,-9.53775123
44.9969262,-1.41976158,0.43589434,-9.99728831
45.0068842,-1.3036428,0.50831894,-10.3049432
45.0168422,-1.10372697,0.601243892,-10.404153
45.0268002,-0.842010796,0.743549253,-10.2799537
45.0367582,-0.553808772,0.881964037,-10.0390372
45.0467162,-0.27353754,0.918026699,-9.79841993
45.0566742,-0.0867898102,0.859069483,-9.61646061
45.0666312,0.0172083244,0.68130001,-9.46667336
45.0765892,0.0878372734,0.449810637,-9.39095674
45.0865472,0.168641579,0.195875623,-9.37763899
45.0965052,0.274585003,-0.0517746109,-9.36506943
45.1064632,0.365115753,-0.200813664,-9.27438904
45.1164212,0.414945075,-0.332644393,-9.07402429
45.1263792,0.40776247,-0.470759901,-8.78821647
45.1363372,0.381875165,-0.639850394,-8.54924522
45.1462942,0.358531699,-0.787841984,-8.43507172
45.1562522,0.260219793,-0.891391206,-8.51198545
45.1662102,0.193780697,-0.986111809,-8.74272664
45.1761682,0.148739778,-1.09130704,-8.99890621
45.1861262,0.116268418,-1.16747258,-9.23832638
45.1960842,0.0748188019,-1.17420628,-9.43001215
45.2060422,0.0137666595,-1.09998603,-9.5694744
45.2159992,-0.0275333191,-1.02097737,-9.77358009
45.2259571,-0.0629974312,-0.912789383,-10.0171901
45.2359151,-0.0638952568,-0.762403591,-10.2073795
45.2458731,-0.0861912598,-0.598999328,-10.2860889
45.2558311,-0.0999579193,-0.479139607,-10.3972696
45.2657891,-0.0625485184,-0.440982018,-10.5914992
45.2757471,-0.0399532402,-0.443226582,-10.7944078
45.2857041,0.0300771584,-0.484376923,-10.8738654
45.2956621,0.174627084,-0.55575406,-10.7483194
45.3056201,0.278176305,-0.617704028,-10.4800192
45.3155781,0.282665434,-0.679653996,-10.017639
45.3255361,0.212036485,-0.798166978,-9.44288099
45.3354941,0.19108722,-0.991798038,-8.9200472
45.3454521,0.143801737,-1.14338093,-8.56211405
45.3554101,0.0830488701,-1.27311673,-8.42983441
45.3653671,0.155323833,-1.39327573,-8.49283184
45.3753251,0.297479556,-1.52390936,-8.59024592
45.3852831,0.36721068,-1.63434191,-8.68840819
45.3952411,0.315585706,-1.68417123,-8.78163241
45.4051991,0.218620539,-1.67803609,-8.89326207
45.4151571,0.159962598,-1.60561149,-9.06340002
45.4251151,0.206948806,-1.60905315,-9.28202056
45.4350721,0.245256033,-1.57837744,-9.44991395
45.4450301,0.254383926,-1.49951843,-9.59670844
45.4549881,0.243161106,-1.3501801,-9.80410616
45.4649461,0.288950213,-1.14936643,-10.134506
45.4749041,0.250194073,-0.93358901,-10.4842091
45.4848621,0.265906022,-0.801907919,-10.8173024
45.4948201,0.288650938,-0.77497315,-11.1252566
45.5047771,0.088735099,-0.665588062,-11.2186304
45.5147351,-0.0683843849,-0.548122543,-11.2314993
45.5246931,-0.149936879,-0.564582679,-11.1598229
45.5346511,-0.225653506,-0.56637833,-11.001207
45.5446091,-0.441430931,-0.480785621,-10.8698252
45.5545671,-0.550965657,-0.400729503,-10.9184574
45.5645251,-0.589572159,-0.425419707,-11.0785696
45.5744831,-0.55455696,-0.521038136,-11.1942395
45.5844401,-0.489913515,-0.533158782,-11.2259627
45.5943981,-0.413149424,-0.396390012,-11.2216232
45.6043561,-0.422576593,-0.13991116,-11.1602718
45.6143141,-0.590170709,0.20485388,-11.1496475
45.6242721,-0.821211169,0.499041409,-11.3078144
45.6342301,-0.839616595,0.657208356,-11.7386211
45.6441881,-0.678606533,0.744147803,-12.3237041
45.6541451,-0.28101942,0.745045629,-12.5759931
45.6641031,0.276380654,0.807743785,-12.6277677
45.6740611,0.578050063,1.27820441,-12.1429419
45.6840191,0.629974312,1.58930099,-11.198579
45.6939771,0.66319386,1.55039521,-10.1699701
45.7039351,0.808491973,1.41078333,-9.22381153
45.7138931,0.851737241,1.26892688,-8.61179373
45.7238501,0.878971284,1.13126028,-8.29231745
45.7338081,0.916380685,1.06931032,-8.16033708
45.7437661,0.81118545,1.12317985,-8.36668734
45.7537241,0.646434448,1.2101193,-8.84193637
45.7636821,0.309001652,1.32967975,-9.35534299
45.7736401,0.0276829567,1.30902976,-9.6920276
45.7835981,-0.0906803879,1.06931032,-9.81892028
45.7935561,-0.100107557,0.741304689,-9.83433296
45.8035131,-0.0496796844,0.593163461,-9.77238299
45.8134711,-0.0763151779,0.585980856,-9.63501567
45.8234291,0.0761655403,0.578798251,-9.55855085
45.8333871,0.345662865,0.568772532,-9.57650737
45.8433451,0.542735589,0.622791707,-9.52637877
45.8533031,0.620247868,0.697460871,-9.40816506
45.8632611,0.58014499,0.774224962,-9.26286695
45.8732181,0.534056608,0.779911191,-9.39739115
45.8831761,0.423175143,0.671872841,-9.7994674
45.8931341,0.29912557,0.604835194,-10.2341646
45.9030921,0.420930579,0.594809475,-10.5937438
45.9130501,0.584634118,0.581491728,-10.8788034
45.9230081,0.776319888,0.547075079,-11.0534305
45.9329661,0.943465092,0.560692101,-10.9760679
45.9429231,1.08681792,0.653617053,-10.4987239
45.9528811,1.09639472,0.758363376,-9.70938556
45.9628391,1.00227267,0.698508334,-8.94383958
45.9727971,0.75372461,0.514603719,-8.4926822
45.9827551,0.410755222,0.274285728,-8.34678554
45.9927131,0.145298113,-0.0231938286,-8.39377175
46.0026711,-0.00344166489,-0.291793327,-8.3828482
46.0126281,-0.17298107,-0.415842901,-8.20462981
46.0225861,-0.375141473,-0.516249733,-8.07010561
46.0325441,-0.454299765,-0.606930121,-8.12262841
46.0425021,-0.423923331,-0.618452216,-8.30279208
46.0524601,-0.349852718,-0.523133063,-8.56854847
46.0624181,-0.282665434,-0.476296493,-8.78193169
46.0723761,-0.22415713,-0.477643231,-8.94458776
46.0823331,-0.174776721,-0.522833788,-9.05711524
46.0922911,-0.109834001,-0.531662406,-9.17398221
46.1022491,-0.0445920059,-0.524030888,-9.28052419
46.1122071,-0.00942716904,-0.54453124,-9.34456908
46.1221651,0.15113398,-0.614412001,-9.47176104
46.1321231,0.25543139,-0.692672468,-9.641899
46.1420811,0.26725276,-0.771681123,-9.72838953
46.1520391,0.209642283,-0.900519099,-9.68185224
46.1619961,0.134524206,-0.988057098,-9.66883377
46.1719541,0.086490535,-0.98102413,-9.79348189
46.1819121,0.038157589,-0.982370869,-10.0451723
46.1918701,0.00628477936,-1.01364513,-10.3441483
46.2018281,0.0080804306,-1.09385088,-10.563517
46.2117861,-0.00733224258,-1.11943891,-10.7523597
46.2217441,-0.0567126518,-1.13829325,-10.8328647
46.2317013,-0.11118074,-1.15909288,-10.6790372
46.2416593,-0.195576348,-1.20727619,-10.4011602
46.2516173,-0.211737209,-1.2952631,-10.1331593
46.2615753,-0.258723417,-1.30304425,-9.93907928
46.2715333,-0.328604178,-1.23421096,-9.83882208
46.2814913,-0.293289703,-1.22852473,-9.83897172
46.2914493,-0.221613291,-1.22373632,-9.83418332
46.3014063,-0.102352121,-1.16492875,-9.88580829
46.3113643,0.107739075,-1.01110129,-9.9666126
46.3213223,0.254533564,-0.770484022,-10.1075712
46.3312803,0.386214655,-0.54138885,-10.2488291
46.3412383,0.350750543,-0.393696535,-10.422708
46.3511963,0.275333191,-0.334888957,-10.5920978
46.3611543,0.178966574,-0.405517906,-10.6649713
46.3711113,0.040402153,-0.621744244,-10.5243119
46.3810693,0.00837970581,-0.81866733,-10.165481
46.3910273,0.0975637177,-0.93732995,-9.58728127
46.4009853,0.0118213707,-0.917577786,-8.92453633
46.4109433,-0.149188691,-0.766743082,-8.40275
46.4209013,-0.310647665,-0.60633157,-8.22094031
46.4308593,-0.629076486,-0.397437476,-8.35067612
46.4408163,-1.02352121,-0.172083244,-8.82592514
46.4507743,-1.34958155,0.0191536133,-9.8193692
46.4607323,-1.34494278,0.117016606,-11.0918874
46.4706903,-1.07125561,0.334140769,-12.1833441
46.4806483,-0.868945565,0.604386282,-12.9553245
46.4906063,-0.75746555,0.797568428,-12.9447002
46.5005643,-0.527173278,0.959925228,-12.0944593
46.5105213,-0.510264229,1.0338462,-10.7326075
46.5204793,-0.640000031,0.970848773,-9.50168856
46.5304373,-0.773925687,0.843956085,-8.69170021
46.5403953,-0.665139149,0.667234075,-8.36638806
46.5503533,-0.545279428,0.449062449,-8.50270792
46.5603113,-0.469562801,0.177919111,-8.95640914
46.5702693,-0.469862076,-0.0661398209,-9.46712228
46.5802273,-0.619200404,-0.10803835,-9.92995139
46.5901843,-0.720205787,0.0369604881,-10.2726215
46.6001423,-0.654065966,0.285658186,-10.4987239
46.6101003,-0.556651886,0.51894321,-10.6682633
46.6200583,-0.440982018,0.626083734,-10.8416933
46.6300163,-0.442927307,0.581042815,-11.0039005
46.6399743,-0.570418546,0.546925442,-11.0532809
46.6499313,-0.625934097,0.409109209,-10.9055886
46.6598893,-0.636109454,0.186747729,-10.4837602
46.6698473,-0.603638094,-0.0148141228,-9.89972459
46.6798053,-0.615010551,-0.191236858,-9.34950712
46.6897633,-0.538695374,-0.284610722,-8.95551131
46.6997213,-0.475548305,-0.295833543,-8.73943461
46.7096793,-0.43963528,-0.361075538,-8.69439369
46.7196373,-0.453551577,-0.504877275,-8.72043063
46.7295943,-0.514154807,-0.544980153,-8.65698429
46.7395523,-0.600196429,-0.516698646,-8.64606075
46.7495103,-0.691325729,-0.487220038,-8.70621506
46.7594683,-0.751031133,-0.445321509,-8.94368994
46.7694263,-0.920121626,-0.390853421,-9.23024595
46.7793843,-1.03998135,-0.307954189,-9.5332621
46.7893423,-1.00990419,-0.232686474,-9.85184056
46.7992993,-0.851886878,-0.0975637177,-10.1939121
46.8092573,-0.799214442,0.0730231506,-10.5074029
46.8192153,-0.810886175,0.199018013,-10.6178354
46.8291733,-0.867299551,0.267103123,-10.4918406
46.8391313,-1.01918172,0.277577755,-10.2866874
46.8490893,-1.25755442,0.289548763,-10.1009872
46.8590473,-1.43487498,0.207996269,-10.0140477
46.8690043,-1.45821845,0.0511760605,-9.92890392
46.8789623,-1.41661919,-0.0715267746,-9.87114381
46.8889203,-1.34329677,-0.112826753,-9.76280618
46.8988783,-1.26324065,-0.078559742,-9.66374609
46.9088363,-1.12497551,-0.112078565,-9.74963807
46.9187943,-1.07813894,-0.10429741,-9.83463223
46.9287523,-1.08008422,-0.0212485397,-9.88221699
46.9387093,-1.08053314,-0.0339677361,-9.99324809
46.9486673,-1.12033674,-0.109684364,-10.1798462
46.9586253,-1.18572837,-0.165798465,-10.3686888
46.9685833,-1.32070149,-0.183904615,-10.3915834
46.9785413,-1.33895728,-0.231938286,-10.4274964
46.9884993,-1.20952075,-0.342071562,-10.4783732
46.9984573,-1.08442371,-0.357783511,-10.4309381
47.0084143,-0.925658217,-0.329053091,-10.3404073
47.0183723,-0.701501086,-0.309450565,-10.232369
47.0283303,-0.592714548,-0.222660754,-10.1128085
47.0382883,-0.612765987,-0.142604636,-9.971401
47.0482463,-0.678456895,-0.186298817,-9.72898808
47.0582043,-0.727388392,-0.319925197,-9.49899509
47.0681623,-0.789487997,-0.43963528,-9.27618469
47.0781193,-0.893186857,-0.511311692,-9.10245544
47.0880773,-0.897526347,-0.5770026,-9.03092866
47.0980353,-0.661697484,-0.559794276,-9.10065979
47.1079933,-0.346411053,-0.4870704,-9.36372269
47.1179513,-0.190937582,-0.401926604,-9.58728127
47.1279093,-0.0817021317,-0.322917949,-9.51784942
47.1378673,0.0199018013,-0.340874461,-9.27139629
47.1478243,0.0869394478,-0.393097985,-9.02224968
47.1577823,0.039653965,-0.434098689,-8.962245
47.1677403,-0.0492307716,-0.495749381,-9.05621742
47.1776983,-0.225803144,-0.575506224,-9.22635537
47.1876563,-0.408061745,-0.593163461,-9.41983679
47.1976143,-0.4870704,-0.664390961,-9.61496423
47.2075723,-0.474500842,-0.746542005,-9.85154128
47.2175293,-0.393097985,-0.720355424,-10.0454716
47.2274878,-0.250343711,-0.602889906,-10.2001969
47.2374458,-0.0821510445,-0.51146133,-10.2247375
47.2474038,0.0591068535,-0.480785621,-10.1005383
47.2573618,0.137068045,-0.471957002,-9.84420904
47.2673198,0.125396312,-0.469413163,-9.55600701
47.2772778,0.0589572159,-0.507121839,-9.35833574
47.2872348,0.033219548,-0.580893178,-9.32975496
47.2971928,0.0311246216,-0.661398209,-9.52877297
47.3071508,0.0939724152,-0.704942751,-9.88476083
47.3171088,0.195576348,-0.658854369,-10.2830961
47.3270668,0.364517203,-0.579546439,-10.5335895
47.3370248,0.422576593,-0.495599744,-10.4940852
47.3469828,0.428562097,-0.425419707,-10.2991074
47.3569398,0.508618215,-0.388010307,-10.0756984
47.3668978,0.573710573,-0.386813206,-9.94566333
47.3768558,0.538396098,-0.395492187,-9.82864673
47.3868138,0.521487049,-0.416142176,-9.69307506
47.3967718,0.544231965,-0.492008441,-9.59985083
47.4067298,0.552761308,-0.501285973,-9.51874725
47.4166878,0.589123246,-0.453401939,-9.49959364
47.4266448,0.68878189,-0.384718279,-9.60748235
47.4366028,0.826448486,-0.325312151,-9.74290438
47.4465608,0.939275239,-0.271741888,-9.83642788
47.4565188,0.949899509,-0.221314016,-9.84495723
47.4664768,0.878522372,-0.180014037,-9.7776203
47.4764348,0.765097068,-0.181809689,-9.67152724
47.4863928,0.664839874,-0.201561852,-9.54343745
47.4963498,0.608576134,-0.203207866,-9.42282955
47.5063078,0.495150831,-0.20171149,-9.33544119
47.5162658,0.433200863,-0.196174899,-9.29025063
47.5262238,0.437241078,-0.117166244,-9.35803646
47.5361818,0.536600447,-0.0607528671,-9.57201824
47.5461398,0.616506927,-0.063446344,-9.73362685
47.5560978,0.474051929,-0.0528220741,-9.69756419
47.5660548,0.265307471,-0.061949968,-9.55181716
47.5760128,0.0110731827,-0.124947399,-9.3979897
47.5859708,-0.318728096,-0.0933738647,-9.39185456
47.5959288,-0.612915625,-0.0306757088,-9.60104793
47.6058868,-0.841711521,0.140360072,-9.92950247
47.6158448,-0.951246247,0.379480963,-10.3523783
47.6258028,-0.915931773,0.633266339,-10.7749549
47.6357598,-0.942716904,0.886902077,-10.9085813
47.6457178,-1.07140524,1.11360305,-10.7617868
47.6556758,-1.15340665,1.13829325,-10.5219177
47.6656338,-1.07978495,0.909796631,-10.4559276
47.6755918,-1.14951607,0.735319185,-10.4595189
47.6855498,-1.37591777,0.705990215,-10.3374146
47.6955078,-1.23436059,0.476895043,-10.2299748
47.7054648,-0.78305358,0.276679929,-10.0821328
47.7154228,-0.237175602,0.334290407,-9.86096845
47.7253808,0.146195939,0.445770422,-9.77672248
47.7353388,0.536301172,0.496347932,-9.89089597
47.7452968,0.846948837,0.461781645,-10.0162923
47.7552548,0.884358238,0.338929173,-10.0104564
47.7652128,0.828244137,0.0776619164,-9.88012206
47.7751698,0.689530078,-0.236277776,-9.7505359
47.7851278,0.411353773,-0.521337411,-9.65716203
47.7950858,0.145447751,-0.849642314,-9.62543886
47.8050438,-0.0825999573,-1.1376947,-9.62289502
47.8150018,-0.270095875,-1.34913264,-9.56678092
47.8249598,-0.377984587,-1.49607676,-9.56842693
47.8349178,-0.421229855,-1.58645788,-9.62783306
47.8448748,-0.391152696,-1.64870712,-9.76026234
47.8548328,-0.3609259,-1.59364048,-9.85228947
47.8647908,-0.289548763,-1.48141228,-9.883863
47.8747488,-0.152331081,-1.3736732,-9.98262382
47.8847068,-0.0906803879,-1.18378308,-10.1259766
47.8946648,-0.197222362,-0.992995139,-10.2585556
47.9046228,-0.298377382,-0.895581059,-10.2756143
47.9145798,-0.330699104,-0.910245544,-10.2857896
47.9245378,-0.296432093,-0.955585738,-10.3706341
47.9344958,-0.282665434,-0.967257471,-10.44665
47.9444538,-0.206499893,-0.965611457,-10.4351279
47.9544118,-0.168342304,-0.883759688,-10.2670849
47.9643698,-0.157568397,-0.788440534,-9.96242275
47.9743278,-0.16924013,-0.707785866,-9.76505075
47.9842848,-0.0643441696,-0.700752898,-9.80216087
47.9942428,0.0219967278,-0.679803634,-10.0101571
48.0042008,0.0971148048,-0.620547143,-10.2313215
48.0141588,0.244358207,-0.615309827,-10.3522287
48.0241168,0.408959571,-0.628926849,-10.216657
48.0340748,0.595258388,-0.691176092,-9.82116485
48.0440318,0.696862321,-0.794126763,-9.21273835
48.0539898,0.615758739,-0.832134715,-8.57184049
48.0639478,0.384419004,-0.779013365,-8.2204914
48.0739058,-0.00418985291,-0.671124653,-8.28199246
48.0838638,-0.406864645,-0.615160189,-8.76307735
48.0938218,-0.825251385,-0.626532647,-9.49600233
48.1037798,-1.01379477,-0.629525399,-10.2688806
48.1137368,-0.917577786,-0.60887541,-10.9603559
48.1236948,-0.682347473,-0.608576134,-11.4550578
48.1336528,-0.503081624,-0.583137742,-11.5059346
48.1436108,-0.191536133,-0.553509496,-11.0402624
48.1535688,-0.0276829567,-0.495450106,-10.1746089
48.1635268,-0.087986911,-0.41150341,-9.15572642
48.1734848,-0.188992294,-0.489763877,-8.34573807
48.1834418,-0.310647665,-0.658704732,-7.89906983
48.1933998,-0.451157375,-0.844105723,-7.80838944
48.2033578,-0.634313802,-1.00167412,-8.10811356
48.2133158,-0.66005147,-1.13679688,-8.73150382
48.2232738,-0.591218172,-1.14876788,-9.47116249
48.2332317,-0.567276156,-1.03369657,-10.0635778
48.2431897,-0.592115998,-0.895880334,-10.4444055
48.2531467,-0.577900426,-0.768389095,-10.5741413
48.2631047,-0.540640662,-0.590619622,-10.5823713
48.2730627,-0.484077648,-0.459985994,-10.6697597
48.2830207,-0.346411053,-0.359728799,-10.7788455
48.2929787,-0.1798644,-0.300173033,-10.8731172
48.3029367,0.131830729,-0.337133521,-10.9403045
48.3128947,0.435146152,-0.401028778,-10.8520183
48.3228517,0.639850394,-0.435146152,-10.5247609
48.3328097,0.823455733,-0.518045384,-9.87458547
48.3427677,0.938527051,-0.656160892,-9.12654709
48.3527257,0.967257471,-0.838269856,-8.46365251
48.3626837,0.927902781,-1.00032738,-8.04960526
48.3726417,0.94107089,-1.16537766,-7.83697022
48.3825997,1.02890816,-1.29810621,-7.76903475
48.3925567,1.14397948,-1.38714059,-7.94785169
48.4025147,1.24303957,-1.43248078,-8.31027396
48.4124727,1.20922148,-1.37097973,-8.71294875
48.4224307,1.21760118,-1.33731126,-9.14734672
48.4323887,1.21236387,-1.41542209,-9.5567552
48.4423467,1.14951607,-1.51044197,-9.81712463
48.4523037,1.04462011,-1.55398652,-9.89508582
48.4622617,0.903811127,-1.57837744,-9.79363153
48.4722197,0.823156458,-1.57837744,-9.6442932
48.4821777,0.728286217,-1.5348329,-9.54224035
48.4921357,0.591068535,-1.42215579,-9.48418096
48.5020937,0.478241782,-1.34628952,-9.56124433
48.5120517,0.374243647,-1.3302783,-9.78600001
48.5220087,0.344016851,-1.29496382,-10.075848
48.5319667,0.271741888,-1.23720371,-10.2661871
48.5419247,0.307654913,-1.21580553,-10.3803606
48.5518827,0.556202973,-1.28089789,-10.6326496
48.5618407,0.570867458,-1.21909756,-10.8805991
48.5717987,0.42527007,-1.12422732,-10.7845317
48.5817567,0.284461085,-1.10552262,-10.268282
48.5917137,0.110582189,-1.20278706,-9.6992102
48.6016717,-0.0968155296,-1.31306997,-9.42672012
48.6116297,-0.272190801,-1.39103116,-9.52308674
48.6215877,-0.342969388,-1.40719203,-9.89014778
48.6315457,-0.317680633,-1.38205291,-10.3330751
48.6415037,-0.292092603,-1.32519062,-10.6465659
48.6514617,-0.291344415,-1.24767834,-10.7351513
48.6614187,-0.266953485,-1.17675012,-10.6911579
48.6713767,-0.242861831,-1.12677116,-10.6452191
48.6813347,-0.300322671,-1.09115741,-10.553192
48.6912927,-0.344016851,-1.12722007,-10.3380131
48.7012507,-0.382623353,-1.21775082,-10.0122521
48.7112087,-0.434098689,-1.34913264,-9.70205331
48.7211667,-0.474650479,-1.45986446,-9.45949076
48.7311237,-0.424372244,-1.59558577,-9.27199484
48.7410817,-0.396390012,-1.72532157,-9.11846666
48.7510397,-0.373794734,-1.82153855,-8.97765768
48.7609977,-0.370053794,-1.80163675,-8.82502732
48.7709557,-0.375590385,-1.70197811,-8.76996068
48.7809137,-0.364217928,-1.57029701,-8.90657981
48.7908707,-0.357933148,-1.37546885,-9.25224268
48.8008287,-0.38905777,-1.16163672,-9.64833342
48.8107867,-0.494253005,-1.03414548,-10.0134492
48.8207447,-0.579247164,-0.912041195,-10.2673842
48.8307027,-0.620846418,-0.759410839,-10.4622123
48.8406607,-0.596156213,-0.681150372,-10.6332481
48.8506187,-0.513256981,-0.657956544,-10.7303629
48.8605757,-0.599897153,-0.622492432,-10.6690115
48.8705337,-0.689679716,-0.604535919,-10.4324345
48.8804917,-0.871339767,-0.469263525,-10.0483147
48.8904497,-1.03519294,-0.355389309,-9.62109937
48.9004077,-0.983418332,-0.354641121,-9.38631797
48.9103657,-0.87552962,-0.294786079,-9.38676688
48.9203237,-0.857273832,-0.137068045,-9.60194576
48.9302807,-0.895132146,0.107888712,-9.93833109
48.9402387,-0.820313344,0.384568642,-10.3499841
48.9501967,-0.636259091,0.499789597,-10.8520183
48.9601547,-0.640149669,0.526874003,-11.2180319
48.9701127,-0.727388392,0.526874003,-11.2466127
48.9800707,-0.715417384,0.501136335,-11.0405617
48.9900277,-0.604087006,0.471657727,-10.8931686
48.9999857,-0.524030888,0.473004465,-10.853365
49.0099437,-0.495899019,0.45025955,-10.7450274
49.0199017,-0.504727637,0.427963547,-10.568455
49.0298597,-0.398335301,0.393696535,-10.3742254
49.0398177,-0.442328757,0.318129546,-10.1430353
49.0497757,-0.528819292,0.251989725,-9.83478187
49.0597327,-0.676960519,0.130184715,-9.46038858
49.0696907,-0.811933638,-0.00643441696,-9.16066446
49.0796487,-0.891690481,-0.149039053,-8.99696093
49.0896067,-1.08502226,-0.23418285,-8.89580591
49.0995647,-1.27132108,-0.243610019,-8.99456672
49.1095227,-1.48964235,-0.263661458,-9.40382557
49.1194807,-1.67234986,-0.142006086,-9.97334629
49.1294377,-1.58585932,0.106541974,-10.7453267
49.1393957,-1.29361708,0.428861372,-11.4671785
49.1493537,-0.868945565,0.775422063,-11.9759463
49.1593117,-0.533158782,1.07754038,-12.0664771
49.1692697,-0.291793327,1.29122288,-11.5912281
49.1792277,-0.228346983,1.371279,-10.7001361
49.1891857,-0.287154562,1.35302321,-9.67781202
49.1991427,-0.318129546,1.24678051,-8.79076031
49.2091007,-0.253486101,1.07888712,-8.23261205
49.2190587,-0.165798465,0.880916573,-8.09614255
49.2290164,0.0181061501,0.761505766,-8.38958189
49.2389744,0.203806416,0.748188019,-8.8838349
49.2489324,0.298377382,0.78245503,-9.35429552
49.2588894,0.326209976,0.831835439,-9.65177508
49.2688474,0.246153858,0.82555066,-9.75711995
49.2788054,0.0821510445,0.651073214,-9.65387001
49.2887634,-0.117764794,0.387561394,-9.47071358
49.2987214,-0.491559528,0.0962169792,-9.38422304
49.3086794,-0.875230344,-0.160411511,-9.15931773
49.3186374,-1.09878892,-0.352396557,-8.97002616
49.3285944,-1.1002853,-0.516399371,-8.90762728
49.3385524,-1.02890816,-0.571615646,-8.99411781
49.3485104,-0.948702408,-0.476146855,-9.25822818
49.3584684,-0.885704977,-0.312443317,-9.61107365
49.3684264,-0.758363376,-0.184353528,-9.92067385
49.3783844,-0.636857642,-0.0709282242,-10.1825397
49.3883424,-0.542585951,0.0840963333,-10.3395095
49.3982994,-0.419583841,0.31663317,-10.5078518
49.4082574,-0.249595523,0.474500842,-10.8240361
49.4182154,-0.073621701,0.545877979,-11.1496475
49.4281734,0.0751180771,0.553958409,-11.2777373
49.4381314,0.125695587,0.550816019,-11.1647609
49.4480894,0.0622492432,0.531213493,-10.9076835
49.4580464,0.00119710083,0.398185664,-10.5383779
49.4680044,-0.0615010551,0.213233585,-10.1998976
49.4779624,-0.159962598,0.0281318695,-9.93264486
49.4879204,-0.24480712,-0.15547347,-9.74529858
49.4978784,-0.296581731,-0.269347687,-9.58039794
49.5078364,-0.16549919,-0.426018258,-9.56693056
49.5177944,-0.0359130249,-0.56577978,-9.51321066
49.5277514,-0.0407014282,-0.589422521,-9.23129341
49.5377094,-0.247350959,-0.548870731,-8.80542479
49.5476674,-0.566527968,-0.415543626,-8.54445681
49.5576254,-0.94481183,-0.271442613,-8.66940421
49.5675834,-1.40659348,-0.220715466,-9.22889921
49.5775414,-1.55189159,-0.325012875,-10.0951513
49.5874984,-1.40105688,-0.405517906,-10.9350672
49.5974564,-1.0592846,-0.376937124,-11.5240408
49.6074144,-0.636558366,-0.272938989,-11.7308399
49.6173724,-0.101304658,-0.0712274994,-11.2530471
49.6273304,0.220865103,0.139761522,-10.2344639
49.6372884,0.192134683,0.295534267,-9.03317323
49.6472464,0.096665892,0.268898774,-8.09060596
49.6572034,0.0378583138,0.13736732,-7.60278737
49.6671614,-0.0169090492,-0.102052846,-7.64887575
49.6771194,-0.140360072,-0.41090486,-8.13624543
49.6870774,-0.213233585,-0.674865593,-8.67778392
49.6970354,-0.284909998,-0.805349583,-9.00294643
49.7069934,-0.366761767,-0.924910029,-9.14854382
49.7169504,-0.442179119,-0.989254198,-9.12295579
49.7269084,-0.57326166,-0.949899509,-8.99576383
49.7368664,-0.675613781,-0.843357535,-8.8862291
49.7468244,-0.726789841,-0.704493839,-9.02808555
49.7567824,-0.772429311,-0.629375761,-9.45739583
49.7667404,-0.735917735,-0.604087006,-9.97439375
49.7766984,-0.623390257,-0.537198997,-10.3809591
49.7866554,-0.512209518,-0.444872596,-10.5440641
49.7966134,-0.212485397,-0.378882413,-10.6655698
49.8065714,0.0552162758,-0.263960733,-10.7842325
49.8165294,0.0965162544,-0.0609025047,-10.6736503
49.8264874,0.0164601364,0.113724579,-10.4162736
49.8364454,-0.0697311234,0.139462247,-10.1596451
49.8464034,-0.228197346,0.0263362183,-9.97514194
49.8563604,-0.467916787,-0.137068045,-9.90406408
49.8663184,-0.689380441,-0.294187529,-9.95598833
49.8762764,-0.694917032,-0.378583138,-10.1135567
49.8862344,-0.608576134,-0.384568642,-10.3513309
49.8961924,-0.47958852,-0.370053794,-10.5784808
49.9061504,-0.395492187,-0.367061042,-10.6737999
49.9161074,-0.309001652,-0.379480963,-10.4972275
49.9260654,-0.301220496,-0.448912811,-10.1380973
49.9360234,-0.380977339,-0.521786324,-9.82879637
49.9459814,-0.502183798,-0.66005147,-9.67900912
49.9559394,-0.630273587,-0.810886175,-9.58743091
49.9658974,-0.716464847,-0.993144776,-9.54598129
49.9758554,-0.81492639,-1.12063601,-9.44751975
49.9858124,-0.961122329,-1.17884504,-9.23593218
49.9957704,-1.13679688,-1.23645552,-9.082404
50.0057284,-1.29675947,-1.23421096,-9.10245544
50.0156864,-1.40210435,-1.16567693,-9.37374841
50.0256444,-1.43278006,-1.04207627,-9.88910032
50.0356024,-1.3048399,-0.940023427,-10.4375221
50.0455604,-1.15699795,-0.795623139,-10.7950064
50.0555174,-0.944063642,-0.654365241,-10.9129208
50.0654754,-0.703596013,-0.530614943,-10.7994955
50.0754334,-0.573411298,-0.475548305,-10.4919902
50.0853914,-0.556801524,-0.474650479,-10.0695633
50.0953494,-0.631171413,-0.511162054,-9.62813234
50.1053074,-0.765246706,-0.599747516,-9.41011035
50.1152644,-0.877175633,-0.684891312,-9.52727659
50.1252224,-0.80056118,-0.799663354,-9.96526586
50.1351804,-0.551863483,-0.818517693,-10.4456026
50.1451384,-0.257376678,-0.771381847,-10.68203
50.1550964,-0.105494511,-0.675464143,-10.5570826
50.1650544,-0.0459387444,-0.578498976,-10.1802951
50.1750114,-0.088735099,-0.562936665,-9.76968951
50.1849694,-0.301669409,-0.625485184,-9.43569838
50.1949274,-0.610970336,-0.770334384,-9.20046807
50.2048854,-0.894084682,-0.962169792,-9.09931305
50.2148434,-1.0338462,-1.19814829,-9.09272899
50.2248014,-1.06960959,-1.31621236,-9.20899741
50.2347595,-1.0103531,-1.32085113,-9.37045639
50.2447165,-0.891840118,-1.21939683,-9.50961936
50.2546745,-0.746691643,-1.06512046,-9.54388637
50.2646325,-0.651222852,-0.913537571,-9.41819078
50.2745905,-0.589123246,-0.814627115,-9.23338834
50.2845485,-0.578798251,-0.785896695,-9.10679493
50.2945065,-0.574458761,-0.802207194,-9.10754312
50.3044645,-0.61261635,-0.829740513,-9.20301191
50.3144215,-0.665887337,-0.900668737,-9.27124665
50.3243795,-0.65197104,-1.00870709,-9.28306802
50.3343375,-0.682796386,-1.01933136,-9.24895065
50.3442955,-0.586280132,-1.1153987,-9.45709656
50.3542535,-0.571914922,-1.15056354,-9.76579893
50.3642115,-0.42586862,-1.12437695,-10.0249713
50.3741685,-0.396240375,-1.00047702,-10.1581487
50.3841265,-0.448763174,-0.880617298,-10.1467763
50.3940845,-0.387860669,-0.931793359,-10.1799958
50.4040425,-0.363619377,-1.04117845,-10.3076367
50.4140005,-0.441879844,-1.07604401,-10.2608001
50.4239585,-0.473603016,-1.07484691,-10.0941038
50.4339155,-0.5220856,-1.09774146,-9.92875428
50.4438735,-0.546626167,-1.1213842,-9.84031846
50.4538315,-0.516848283,-1.16612585,-9.82715035
50.4637895,-0.431554849,-1.19246206,-9.84271266
50.4737475,-0.30660745,-1.20203887,-9.85423476
50.4837055,-0.270844063,-1.15849433,-9.77432828
50.4936635,-0.253037188,-1.16058925,-9.6128693
50.5036205,-0.241365455,-1.1715128,-9.44781903
50.5135785,-0.325162513,-1.15729723,-9.33858358
50.5235365,-0.388159944,-1.14876788,-9.4143002
50.5334945,-0.411952323,-1.15804542,-9.60867945
50.5434525,-0.389207407,-1.1400889,-9.78061306
50.5534105,-0.356137497,-1.11225631,-9.92665936
50.5633675,-0.363320102,-1.07948567,-10.0583404
50.5733255,-0.377086761,-1.02741179,-10.1639846
50.5832835,-0.365415028,-1.01125093,-10.2807019
50.5932415,-0.363769015,-1.01798462,-10.3639004
50.6031995,-0.39968204,-0.965162544,-10.2884831
50.6131575,-0.339527723,-1.01334585,-10.1123596
50.6231155,-0.234033212,-1.0779893,-9.86366193
50.6330725,-0.227449158,-1.12362877,-9.66703812
50.6430305,-0.22041619,-1.14442839,-9.5519668
50.6529885,-0.197521637,-1.19321025,-9.47400561
50.6629465,-0.179714762,-1.20398416,-9.41489875
50.6729045,-0.190787945,-1.15774614,-9.34786111
50.6828625,-0.213682498,-1.05270054,-9.28082346
50.6928195,-0.216974525,-1.01334585,-9.3008749
50.7027775,-0.244507845,-1.01992991,-9.36072994
50.7127355,-0.228346983,-0.966509283,-9.44318026
50.7226935,-0.164152451,-0.880467661,-9.56318962
50.7326515,-0.145597388,-0.758662651,-9.60089829
50.7426095,-0.189740482,-0.647032999,-9.55825158
50.7525665,-0.192733234,-0.619798955,-9.54194108
50.7625245,-0.169539405,-0.689829353,-9.61586206
50.7724825,-0.196025261,-0.8292916,-9.70414824
50.7824405,-0.194079972,-0.940173064,-9.71252795
50.7923985,-0.291194777,-0.927603506,-9.66628993
50.8023565,-0.375590385,-0.835127467,-9.66269863
50.8123145,-0.373645097,-0.773177499,-9.72494787
50.8222715,-0.444423683,-0.691625005,-9.7680435
50.8322295,-0.553958409,-0.483628735,-9.88865141
50.8421875,-0.574458761,-0.263661458,-10.2434422
50.8521455,-0.513256981,-0.0851437965,-10.7254249
50.8621035,-0.416890364,0.0456394691,-11.1046066
50.8720615,-0.315286431,0.0733224258,-11.2048638
50.8820185,-0.254533564,0.0567126518,-10.8779056
50.8919765,-0.248847335,0.0412999786,-10.3074871
50.9019345,-0.374842197,-0.0387561394,-9.69666636
50.9118925,-0.536450809,-0.144699563,-9.18026699
50.9218505,-0.662744947,-0.315884982,-8.85794759
50.9318085,-0.740257226,-0.479738158,-8.8372976
50.9417665,-0.765396343,-0.604087006,-9.09931305
50.9517235,-0.73876085,-0.629076486,-9.49809726
50.9616815,-0.671872841,-0.515501545,-9.89718075
50.9716395,-0.489913515,-0.332494756,-10.1466266
50.9815975,-0.174477446,-0.184353528,-10.2863882
50.9915555,0.0689829353,-0.0947206032,-10.2455371
51.0015135,0.223857855,-0.0371101257,-10.0294604
51.0114705,0.347308878,-0.0968155296,-9.81652608
51.0214285,0.36032735,-0.215478149,-9.61780734
51.0313865,0.268898774,-0.307804551,-9.44362917
51.0413445,0.17612346,-0.412101961,-9.33379517
51.0513025,0.179116212,-0.551115295,-9.35309842
51.0612605,0.234631763,-0.70628949,-9.51889689
51.0712175,0.314687881,-0.753275697,-9.72240403
51.0811755,0.451755926,-0.714669196,-9.88655648
51.0911335,0.590320347,-0.64882865,-9.90840357
51.1010915,0.606630846,-0.659303282,-9.8193692
51.1110495,0.545877979,-0.73247607,-9.72135657
51.1210075,0.456245054,-0.838718769,-9.59266823
51.1309655,0.28101942,-0.994341877,-9.4433299
51.1409225,0.0517746109,-1.14876788,-9.27962636
51.1508805,-0.196474174,-1.27072253,-9.2073514
51.1608385,-0.358830974,-1.31800801,-9.28965208
51.1707965,-0.407313557,-1.27820441,-9.52667804
51.1807545,-0.356436772,-1.14278238,-9.97559085
51.1907125,-0.185550629,-0.942118353,-10.4595189
51.2006695,0.0412999786,-0.702398912,-10.8436386
51.2106275,0.19108722,-0.489314964,-11.1640127
51.2205855,0.276829567,-0.321122298,-11.3208329
51.2305432,0.377834949,-0.280271232,-11.2452659
51.2405012,0.470161351,-0.32157121,-10.9474871
51.2504592,0.470460626,-0.389955595,-10.5270054
51.2604172,0.376787486,-0.474500842,-10.1388455
51.2703742,0.292391878,-0.532410594,-9.81278514
51.2803322,0.311395853,-0.606630846,-9.62573814
51.2902902,0.446967522,-0.744297441,-9.57082114
51.3002482,0.55141457,-0.809689074,-9.46772083
51.3102062,0.605433745,-0.846948837,-9.30910497
51.3201642,0.726939479,-0.912190833,-9.0625022
51.3301212,0.802207194,-0.938826326,-8.86243672
51.3400792,0.776170251,-0.849642314,-8.74766468
51.3500372,0.74564418,-0.739808313,-8.81754544
51.3599952,0.698657972,-0.675015231,-9.18774887
51.3699532,0.536301172,-0.586579407,-9.61915408
51.3799112,0.446368972,-0.538545736,-10.0701618
51.3898682,0.452653751,-0.520888499,-10.4922895
51.3998262,0.517147559,-0.521786324,-10.8024883
51.4097842,0.616207652,-0.544980153,-10.8627922
51.4197422,0.595856938,-0.535253709,-10.4683475
51.4297002,0.614112726,-0.586429769,-9.83957027
51.4396582,0.646284811,-0.696712683,-9.2706481
51.4496152,0.613663813,-0.747888744,-8.88847366
51.4595732,0.58762687,-0.755819537,-8.75125598
51.4695312,0.641646045,-0.778414815,-8.82742152
51.4794892,0.501585248,-0.724096365,-8.93381386
51.4894472,0.598700053,-0.795473502,-9.14525179
51.4994052,0.670526102,-0.892139394,-9.35654009
51.5093632,0.653916328,-0.940921252,-9.48014075
51.5193202,0.63132105,-0.892139394,-9.4306107
51.5292782,0.58762687,-0.808192698,-9.32571474
51.5392362,0.554856235,-0.75058222,-9.32855786
51.5491942,0.503530537,-0.670825378,-9.4572462
51.5591522,0.493504817,-0.600794979,-9.74724387
51.5691102,0.510563504,-0.542436314,-10.1116114
51.5790672,0.616506927,-0.539144286,-10.4399163
51.5890252,0.803254657,-0.546027616,-10.6327992
51.5989832,0.987458547,-0.531213493,-10.6119996
51.6089412,1.16717331,-0.491110616,-10.4788221
51.6188992,1.30813193,-0.418237103,-10.2600519
51.6288572,1.36948335,-0.323815775,-10.0385883
51.6388142,1.30109896,-0.292691153,-9.8977793
51.6487722,1.21026894,-0.35284547,-9.84196447
51.6587302,1.06676648,-0.427514634,-9.75592285
51.6686882,0.867748464,-0.542735589,-9.72629461
51.6786462,0.712574269,-0.687884064,-9.7529301
51.6886042,0.575955137,-0.765994894,-9.78764602
51.6985612,0.467168599,-0.817619867,-9.82071593
51.7085192,0.363769015,-0.788889447,-9.74799206
51.7184772,0.266205297,-0.802955382,-9.66090297
51.7284352,0.161458974,-0.797568428,-9.54523311
51.7383932,0.131531454,-0.813878927,-9.50109001
51.7483512,0.0948702408,-0.850989053,-9.53401029
51.7583092,0.0921767639,-0.892737944,-9.55705448
51.7682662,0.0939724152,-0.968753847,-9.56139397
51.7782242,0.0897825623,-1.04327337,-9.53625485
51.7881822,0.135272394,-1.08547118,-9.45141033
51.7981402,0.268599499,-1.14727151,-9.28351694
51.8080982,0.373046546,-1.15654904,-9.13881737
51.8180562,0.40776247,-1.16881932,-8.99561419
51.8280132,0.348655617,-1.20398416,-8.86303527
51.8379712,0.245106395,-1.20802438,-8.89535699
51.8479292,0.22415713,-1.26997434,-9.08255364
51.8578872,0.222211842,-1.30873048,-9.3979897
51.8678452,0.199915839,-1.27970079,-9.58728127
51.8778032,0.229394447,-1.2753613,-9.59970119
51.8877602,0.240018716,-1.2554595,-9.46502735
51.8977182,0.124648124,-1.22942255,-9.2459579
51.9076762,-0.0906803879,-1.20503162,-9.06564459
51.9176342,-0.360476987,-1.18243634,-9.04873554
51.9275922,-0.604984832,-1.20937111,-9.24775355
51.9375502,-0.704793114,-1.23735335,-9.6140664
51.9475082,-0.664390961,-1.15565121,-10.0891658
51.9574652,-0.518494297,-1.05165308,-10.5572322
51.9674232,-0.280420869,-0.842160434,-10.86369
51.9773812,-0.0957680664,-0.603338818,-10.8478284
51.9873392,-0.00418985291,-0.498442858,-10.5612724
51.9972972,0.0445920059,-0.524030888,-10.163835
52.0072552,0.0661398209,-0.518045384,-9.90002386
52.0172122,0.0830488701,-0.610072511,-9.85303766
52.0271702,0.145447751,-0.721851801,-9.78585037
52.0371282,0.109983639,-0.726041653,-9.62947908
52.0470862,0.0840963333,-0.714968471,-9.54643021
52.0570442,0.0258873055,-0.696563046,-9.63381857
52.0670022,0.025288755,-0.62009823,-9.89448727
52.0769592,0.134524206,-0.469712438,-10.3439986
52.0869172,0.319326646,-0.341473012,-10.8572556
52.0968752,0.438887092,-0.258424142,-11.1625163
52.1068332,0.552162758,-0.266055659,-11.0637555
52.1167912,0.558148262,-0.317680633,-10.6875666
52.1267492,0.432602312,-0.291045139,-10.1792476
52.1367062,0.122702835,-0.22296003,-9.75667104
52.1466642,-0.0908300255,-0.300771584,-9.5296708
52.1566222,-0.113275666,-0.516698646,-9.34576618
52.1665802,-0.110731827,-0.716165572,-9.14195976
52.1765382,-0.095169516,-0.773925687,-9.08180545
52.1864962,-0.135122756,-0.651671764,-9.19986952
52.1964532,-0.392499435,-0.398784214,-9.37539443
52.2064112,-0.62009823,-0.154575645,-9.5332621
52.2163692,-0.625185909,0.0216974525,-9.72345149
52.2263272,-0.622492432,0.0433949051,-10.1132575
52.2362851,-0.539593199,0.0291793327,-10.587459
52.2462431,-0.571166734,0.18420389,-10.760889
52.2562001,-0.567874706,0.434547601,-10.5499
52.2661581,-0.462380196,0.593313099,-10.1400426
52.2761161,-0.477643231,0.794575676,-9.58608417
52.2860741,-0.618152941,1.00511578,-9.21034415
52.2960321,-0.539293924,0.87986911,-9.25658217
52.3059901,-0.194977798,0.621893881,-9.63247183
52.3159481,0.0384568642,0.529268204,-9.95344449
52.3259051,0.144549925,0.478391419,-10.0538513
52.3358631,0.0629974312,0.479139607,-9.95359413
52.3458211,-0.0682347473,0.501734885,-9.83283658
52.3557791,-0.257526316,0.481533809,-9.8814688
52.3657371,-0.423025506,0.362571914,-10.2221936
52.3756951,-0.680252547,0.131082541,-10.6582376
52.3856521,-0.841262608,-0.195875623,-10.9003512
52.3956101,-0.939275239,-0.541089575,-10.9612538
52.4055681,-1.07275198,-0.852036516,-10.8551607
52.4155261,-1.22598089,-0.935534299,-10.5147351
52.4254841,-1.261445,-0.836474205,-10.0481651
52.4354421,-1.2113164,-0.734271722,-9.62947908
52.4453991,-1.21146604,-0.616058015,-9.38676688
52.4553571,-1.07544546,-0.537797548,-9.4166944
52.4653151,-0.910993732,-0.473752654,-9.66748703
52.4752731,-0.789487997,-0.351349094,-10.0973959
52.4852311,-0.747140556,-0.194528885,-10.6007768
52.4951891,-0.614561639,-0.199915839,-11.1083475
52.5051461,-0.466719686,-0.331297655,-11.5152122
52.5151041,-0.462230558,-0.385466467,-11.5379571
52.5250621,-0.446219334,-0.316782807,-11.1888525
52.5350201,-0.307505276,-0.247350959,-10.7115086
52.5449781,-0.22041619,-0.24106618,-10.3272392
52.5549361,-0.171335056,-0.223857855,-10.0484644
52.5648931,-0.0722749626,-0.242412918,-9.84361049
52.5748511,-0.0574608398,-0.159064773,-9.81113913
52.5848091,-0.117764794,-0.0677858345,-9.89852749
52.5947671,-0.18360534,0.0212485397,-9.87323873
52.6047251,-0.183006789,0.0718260498,-9.62469067
52.6146831,-0.19168577,0.0308253464,-9.4421328
52.6246401,-0.286107098,-0.185700266,-9.79018986
52.6345981,-0.498293221,-0.367061042,-10.2447889
52.6445561,-0.817021317,-0.234482125,-10.3639004
52.6545141,-0.90111765,0.0142155724,-10.1452799
52.6644721,-0.864606075,0.246153858,-9.90361517
52.6744301,-0.813130739,0.351349094,-9.79841993
52.6843881,-0.714519558,0.311246216,-9.88835213
52.6943451,-0.58822542,0.144400288,-10.0337999
52.7043031,-0.492606992,0.022296003,-9.97693759
52.7142611,-0.351947644,-0.0730231506,-9.74455039
52.7242191,-0.343717576,-0.134973119,-9.48328314
52.7341771,-0.266205297,-0.180762225,-9.19134017
52.7441351,-0.0932242271,-0.232237561,-8.96329247
52.7540921,0.104147772,-0.351648369,-8.84088891
52.7640501,0.479738158,-0.479139607,-8.87321063
52.7740081,0.742950703,-0.436792165,-9.0123736
52.7839661,0.737563749,-0.352546194,-9.12160905
52.7939241,0.486621487,-0.346411053,-9.27094738
52.8038821,-0.0653916328,-0.398036026,-9.3394814
52.8138391,-0.590469984,-0.402824429,-9.36117885
52.8237971,-0.858770208,-0.499041409,-9.42971288
52.8337551,-0.994042602,-0.640149669,-9.73287866
52.8437131,-1.15101245,-0.690278266,-10.1401922
52.8536711,-1.14368021,-0.666785162,-10.3875432
52.8636291,-1.1038766,-0.623090982,-10.4113356
52.8735861,-1.04940852,-0.604087006,-10.3613566
52.8835441,-0.892139394,-0.490661703,-10.3028483
52.8935021,-0.76434888,-0.312892229,-10.2376063
52.9034601,-0.376039298,-0.272938989,-10.287286
52.9134181,-0.0415992538,-0.173280345,-10.3236479
52.9233761,0.0149637604,-0.00538695374,-10.1330096
52.9333331,0.107140524,0.086490535,-9.77298154
52.9432911,0.175524909,0.0737713387,-9.31793359
52.9532491,0.127042326,-0.0228945534,-8.89161605
52.9632071,-0.0113724579,-0.128688339,-8.67538972
52.9731651,-0.232836111,-0.185400991,-8.65054987
52.9831231,-0.482581272,-0.278026668,-8.8361005
52.9930801,-0.541089575,-0.42901101,-9.33035351
53.0030381,-0.496647207,-0.516848283,-9.94102457
53.0129961,-0.452354476,-0.515501545,-10.319907
53.0229541,-0.345213952,-0.50831894,-10.4668511
53.0329121,-0.151433255,-0.525377627,-10.5166804
53.0428701,-0.0077811554,-0.527921466,-10.513987
53.0528271,0.0348655617,-0.554856235,-10.2979103
53.0627851,0.120757546,-0.668580814,-9.71163012
53.0727431,0.146046301,-0.872087955,-8.90358706
53.0827011,-0.064194532,-1.01169984,-8.20567728
53.0926591,-0.402525154,-1.02337157,-7.84310536
53.1026171,-0.785298145,-0.978330653,-7.88141259
53.1125751,-1.05614221,-0.949899509,-8.30608411
53.1225321,-1.1774983,-0.821061532,-9.09347718
53.1324901,-1.05165308,-0.534804796,-10.0655231
53.1424481,-0.767042357,-0.265457109,-11.1064022
53.1524061,-0.579247164,-0.0784101044,-11.8984341
53.1623641,-0.307206001,0.0146644852,-12.139201
53.1723221,-0.136170219,0.0477343956,-11.687894
53.1822791,-0.131381816,0.0884358238,-10.5147351
53.1922371,-0.211437934,0.206948806,-9.02135186
53.2021951,-0.207098444,0.250194073,-7.86734666
53.2121531,-0.00688332977,0.165648827,-7.48322693
53.2221111,0.254533564,-0.154725282,-7.930793
53.2320698,0.232836111,-0.603937369,-8.84597658
53.2420268,-0.0383072266,-0.834528916,-9.55226607
53.2519848,-0.324264687,-0.840364783,-9.871892
53.2619428,-0.340126273,-0.678905808,-10.0282633
53.2719008,-0.240766904,-0.377086761,-10.086622
53.2818588,-0.211437934,-0.0149637604,-10.0004307
53.2918168,-0.0661398209,0.234482125,-9.9479079
53.3017738,0.0920271263,0.247051684,-9.99579193
53.3117318,0.147692315,0.235379951,-10.0130003
53.3216898,0.117764794,0.16983868,-9.93309378
53.3316478,0.0601543167,0.0480336708,-9.78869349
53.3416058,0.095917704,-0.127790514,-9.5507697
53.3515638,0.00987608185,-0.240766904,-9.24984848
53.3615208,-0.163404263,-0.245854583,-9.03556743
53.3714788,-0.171933607,-0.261416894,-9.32795931
53.3814368,-0.290446589,-0.333093306,-10.0602857
53.3913948,-0.454299765,-0.466869324,-10.7822872
53.4013528,-0.620397505,-0.609174685,-11.0977232
53.4113108,-0.718410136,-0.837372031,-10.9798088
53.4212678,-0.770035109,-1.07574473,-10.5406224
53.4312258,-0.747439831,-1.13694651,-9.91723219
53.4411838,-0.724844553,-1.0604817,-9.29159737
53.4511418,-0.63386489,-0.992995139,-8.86572875
53.4610998,-0.614412001,-0.87986911,-8.66087487
53.4710578,-0.674117405,-0.743848528,-8.62840351
53.4810148,-0.675015231,-0.666485887,-8.95805515
53.4909728,-0.613663813,-0.543483777,-9.41594622
53.5009308,-0.637755467,-0.30660745,-9.73976199
53.5108888,-0.474949754,-0.140360072,-9.9618242
53.5208468,-0.309450565,-0.0659901833,-10.076297
53.5308048,-0.344465764,-0.00239420166,-10.1276227
53.5407618,-0.404620081,0.0365115753,-10.0457709
53.5507198,-0.35030163,0.09367314,-9.80799674
53.5606778,-0.301220496,0.134075293,-9.52039326
53.5706358,-0.208744457,0.175973822,-9.25478652
53.5805938,-0.135122756,0.259022692,-9.10021087
53.5905518,-0.0537198997,0.407313557,-9.12190833
53.6005088,0.145896664,0.596904401,-9.28501331
53.6104668,0.362123001,0.795024589,-9.52802478
53.6204248,0.584634118,0.943165816,-9.83702643
53.6303828,0.797119515,1.031452,-10.553192
53.6403408,0.864157162,1.01529114,-11.1999257
53.6502988,0.688632253,1.04087917,-11.3648264
53.6602558,0.415543626,1.09385088,-11.0914385
53.6702138,0.200963302,0.99479079,-10.7701665
53.6801718,0.0679354721,0.85862057,-10.4442558
53.6901298,-0.0989104561,0.798466254,-10.1214875
53.7000878,-0.0842459709,0.675314506,-10.0551981
53.7100458,0.00688332977,0.588524696,-10.1547071
53.7200038,0.0526724365,0.631171413,-10.2748661
53.7299608,0.185251353,0.660201108,-10.3585135
53.7399188,0.209642283,0.627879385,-10.218303
53.7498768,0.218470901,0.62069678,-10.0713589
53.7598348,0.17732056,0.665438424,-9.9678097
53.7697928,-0.0128688339,0.747589468,-9.7927337
53.7797508,-0.10803835,0.709731155,-9.77328081
53.7897078,-0.154426007,0.654963792,-9.8814688
53.7996658,-0.260369431,0.674267043,-10.0438256
53.8096238,-0.323516499,0.67381813,-10.3167646
53.8195818,-0.288950213,0.726789841,-10.5144359
53.8295398,-0.336834246,0.837820943,-10.5409217
53.8394978,-0.329502003,0.933140097,-10.4358761
53.8494548,-0.282216521,0.980874493,-10.2405991
53.8594128,-0.270544788,1.03190092,-10.1110129
53.8693708,-0.0356137497,0.965012907,-10.2208469
53.8793288,0.080056118,0.976086089,-10.2223433
53.8892868,0.0960673416,0.992097313,-10.0656727
53.8992448,-0.00748188019,1.03639004,-9.79737247
53.9092018,-0.0677858345,1.05554366,-9.54194108
53.9191598,-0.081552494,1.03683896,-9.48283423
53.9291178,-0.0664390961,0.960523779,-9.52847369
53.9390758,-0.0119710083,0.87672672,-9.61002619
53.9490338,-0.0451905563,0.796371327,-9.67257471
53.9589918,-0.135272394,0.673069942,-9.77148516
53.9689488,-0.184503165,0.619798955,-9.87383728
53.9789068,-0.253037188,0.678456895,-9.96317093
53.9888648,-0.273088627,0.730680419,-9.92980175
53.9988228,-0.253935014,0.711077893,-9.72734207
54.0087808,-0.290895502,0.607528671,-9.47280851
54.0187388,-0.355538947,0.533458057,-9.31853214
54.0286958,-0.383820454,0.467916787,-9.34786111
54.0386538,-0.365115753,0.417488914,-9.44482627
54.0486118,-0.358980611,0.393097985,-9.55645593
54.0585698,-0.341921925,0.418087465,-9.53984615
54.0685278,-0.347009603,0.445171871,-9.47654945
54.0784858,-0.33533787,0.511910242,-9.49839654
54.0884428,-0.348356342,0.583437017,-9.59970119
54.0984008,-0.326808527,0.621893881,-9.7016044
54.1083588,-0.311395853,0.655113429,-9.5953617
54.1183168,-0.244507845,0.720953975,-9.37748935
54.1282748,-0.153079269,0.669777914,-9.44108533
54.1382328,-0.185849904,0.68189856,-9.58847837
54.1481898,-0.251840087,0.763600692,-9.76250691
54.1581478,-0.376338573,0.7930793,-9.88221699
54.1681058,-0.361973363,0.762852504,-10.014347
54.1780638,-0.305111074,0.788739809,-10.113856
54.1880218,-0.230591547,0.834080003,-10.1660795
54.1979798,-0.125845225,0.864157162,-10.1491705
54.2079368,0.0589572159,0.858770208,-10.1762549
54.2178948,0.0790086548,0.911592282,-10.2099233
54.2278528,-0.00359130249,1.00840781,-10.1650321
54.2378107,-0.00538695374,0.971596961,-10.031705
54.2477687,-0.0523731613,0.887949541,-9.74679496
54.2577267,-0.145298113,0.831536164,-9.46876829
54.2676837,-0.169090492,0.761505766,-9.26256767
54.2776417,-0.246453133,0.750282945,-9.21019451
54.2875997,-0.267851311,0.73621701,-9.32182416
54.2975577,-0.172532157,0.721552525,-9.5682773
54.3075157,-0.0689829353,0.723348177,-9.85872389
54.3174737,-0.0532709869,0.760009389,-9.99878468
54.3274307,-0.117315881,0.838569131,-9.916484
54.3373887,-0.212186122,0.875080707,-9.75592285
54.3473467,-0.229992997,0.78305358,-9.75352865
54.3573047,-0.257227041,0.661098933,-9.88550902
54.3672627,-0.314837518,0.559495,-10.0715086
54.3772207,-0.358830974,0.512359155,-10.1135567
54.3871777,-0.400729503,0.492906267,-10.0858738
54.3971357,-0.423773694,0.4683657,-10.014347
54.4070937,-0.528370379,0.456245054,-9.94356841
54.4170517,-0.60139353,0.449810637,-9.9116956
54.4270097,-0.594959113,0.493654455,-9.87114381
54.4369677,-0.596305851,0.550067831,-9.86261446
54.4469247,-0.565181229,0.600645341,-9.98307273
54.4568827,-0.573411298,0.645985535,-10.1217868
54.4668407,-0.528071104,0.702698187,-10.1547071
54.4767987,-0.55575406,0.743399615,-10.0010292
54.4867567,-0.561589927,0.774075324,-9.80320834
54.4967147,-0.492606992,0.782754305,-9.65506711
54.5066717,-0.459836356,0.792031837,-9.57456208
54.5166297,-0.454150127,0.799064804,-9.554361
54.5265877,-0.421080217,0.850240865,-9.53011971
54.5365457,-0.405966819,0.920720176,-9.52278747
54.5465037,-0.304662161,0.974888988,-9.54852513
54.5564617,-0.214879599,1.01663788,-9.63262147
54.5664187,-0.14425065,1.03983171,-9.75128409
54.5763767,-0.0543184502,1.00287122,-9.82729999
54.5863347,0.0410007034,0.929698432,-9.83912136
54.5962927,0.0308253464,0.862660786,-9.80485435
54.6062507,-0.0368108505,0.809689074,-9.7227033
54.6162087,-0.109085813,0.760907215,-9.59341641
54.6261657,-0.173878896,0.728435855,-9.4783451
54.6361237,-0.233733937,0.746093092,-9.47355669
54.6460817,-0.247051684,0.727837305,-9.60254431
54.6560397,-0.264260008,0.661847121,-9.84824925
54.6659977,-0.264708921,0.586729044,-10.0531031
54.6759557,-0.236876327,0.566228693,-10.1789484
54.6859127,-0.255730665,0.642394233,-10.1213379
54.6958707,-0.252737913,0.700902536,-10.0011789
54.7058287,-0.263960733,0.68189856,-9.84181484
54.7157867,-0.316483532,0.651522127,-9.71507179
54.7257447,-0.395791462,0.616656565,-9.67601637
54.7357027,-0.449062449,0.609623598,-9.69786346
54.7456597,-0.46088382,0.565031592,-9.77208371
54.7556177,-0.416441451,0.579097527,-9.78181016
54.7655757,-0.321122298,0.626383009,-9.74440076
54.7755337,-0.217423438,0.651671764,-9.76520038
54.7854917,-0.206948806,0.750731858,-9.72809026
54.7954487,-0.222361479,0.83991587,-9.71043302
54.8054067,-0.171634332,0.855328543,-9.8380739
54.8153647,-0.134673843,0.858770208,-10.0348473
54.8253227,-0.136469495,0.896628522,-10.1832878
54.8352807,-0.108337625,0.923862566,-10.1409404
54.8452387,-0.072873513,0.936881037,-9.92112277
54.8551957,-0.145298113,0.910544819,-9.6490816
54.8651537,-0.295234992,0.84305826,-9.47969184
54.8751117,-0.369006331,0.752677147,-9.4934585
54.8850697,-0.418536378,0.700752898,-9.66075334
54.8950277,-0.403871893,0.672920304,-9.90945103
54.9049857,-0.333991132,0.680551822,-10.0504097
54.9149437,-0.24480712,0.719906512,-10.0571433
54.9249007,-0.179415487,0.824353559,-9.99713867
54.9348587,-0.125695587,0.925508579,-9.98786114
54.9448167,-0.0541688126,0.94421328,-10.0927571
54.9547747,-0.0438438179,0.892588306,-10.1942114
54.9647327,-0.0823006821,0.804451758,-10.1425864
54.9746897,-0.0858919846,0.679653996,-9.95524014
54.9846477,-0.0953191536,0.577900426,-9.71342577
54.9946057,-0.0794575676,0.474351204,-9.586982
55.0045637,-0.106541974,0.365265391,-9.55226607
55.0145217,-0.202908591,0.370502707,-9.49660089
55.0244797,-0.243610019,0.387561394,-9.42956324
55.0344367,-0.244507845,0.327107802,-9.42836614
55.0443947,-0.220565828,0.260967981,-9.59117185
55.0543527,-0.301669409,0.219668002,-9.77328081
55.0643107,-0.399831677,0.21921909,-9.97753614
55.0742687,-0.393846173,0.242113643,-10.1107136
55.0842267,-0.353144745,0.252139362,-10.1506669
55.0941837,-0.371250895,0.276380654,-10.0990419
55.1041417,-0.421978043,0.311545491,-9.98576621
55.1140997,-0.492756629,0.314987156,-9.88476083
55.1240577,-0.562936665,0.280869782,-9.7644522
55.1340157,-0.607229396,0.260818343,-9.62693524
55.1439737,-0.709282242,0.250194073,-9.48133785
55.1539307,-0.788739809,0.268599499,-9.38377413
55.1638887,-0.756567725,0.329502003,-9.41325274
55.1738467,-0.65197104,0.396390012,-9.68604209
55.1838047,-0.502333436,0.499939234,-10.0867716
55.1937627,-0.394594361,0.656609805,-10.3448965
55.2037207,-0.377984587,0.754023885,-10.3682399
55.2136777,-0.445471146,0.785447782,-10.1879266
55.2236357,-0.539144286,0.694168844,-9.95583869
55.2335938,-0.661547846,0.536750085,-9.78629929
55.2435518,-0.794874951,0.432003762,-9.72419968
55.2535098,-0.928351694,0.347608154,-9.7529301
55.2634678,-0.991349125,0.2885013,-9.8078471
55.2734248,-0.87672672,0.255880302,-9.92965211
55.2833828,-0.668281538,0.234482125,-10.0641763
55.2933408,-0.514154807,0.252289,-10.1023339
55.3032988,-0.396689288,0.308253464,-10.0275151
55.3132568,-0.348805254,0.383521178,-9.8567786
55.3232148,-0.398185664,0.459836356,-9.70594389
55.3331718,-0.550666382,0.569670358,-9.66479355
55.3431298,-0.769137283,0.569670358,-9.72255367
55.3530878,-0.747888744,0.42212768,-9.82266122
55.3630458,-0.672471391,0.30974984,-9.7903395
55.3730038,-0.56637833,0.300023396,-9.73841525
55.3829618,-0.385167192,0.253486101,-9.74724387
55.3929188,-0.168342304,0.165050277,-9.70474679
55.4028768,-0.0269347687,0.124049574,-9.53221463
55.4128348,0.0803553932,0.0607528671,-9.30057562
55.4227928,0.0659901833,-0.00179565125,-9.11128406
55.4327508,-0.0152630356,-0.0489314964,-9.02000512
55.4427078,-0.190638307,-0.129436527,-9.08823986
55.4526658,-0.308103826,-0.198419463,-9.23024595
55.4626238,-0.361374813,-0.243909294,-9.4306107
55.4725818,-0.321122298,-0.260219793,-9.71971055
55.4825398,-0.351049818,-0.159663323,-9.87249055
55.4924978,-0.129586165,-0.139013334,-9.9630213
55.5024548,0.10055647,-0.152779993,-10.0608843
55.5124128,0.0682347473,-0.0610521423,-10.0165916
55.5223708,-0.0181061501,0.0817021317,-9.89867713
55.5323288,-0.0834977829,0.0923264015,-9.9176811
55.5422868,-0.119410808,-0.00104746323,-10.0783919
55.5522448,-0.166696291,-0.0432452675,-10.216657
55.5622018,-0.174477446,-0.080804306,-10.292224
55.5721598,-0.152031805,-0.0911293007,-10.283994
55.5821178,-0.177919111,-0.0818517693,-10.1817915
55.5920758,-0.25288755,-0.0760159027,-9.9399771
55.6020338,-0.309450565,-0.127341601,-9.74844097
55.6119918,-0.350002355,-0.159513686,-9.60029974
55.6219488,-0.374991835,-0.111031102,-9.55047042
55.6319068,-0.296282455,-0.0730231506,-9.63905588
55.6418648,-0.183156427,-0.0640448944,-9.76894132
55.6518228,-0.096665892,-0.0595557663,-9.93967783
55.6617808,-0.0586579407,-0.03247136,-10.043676
55.6717378,-0.0939724152,0.0375590385,-10.0607347
55.6816958,-0.260519068,0.0290296951,-9.94252094
55.6916538,-0.44711716,-0.124648124,-9.67257471
55.7016118,-0.582539191,-0.333991132,-9.3967926
55.7115698,-0.686836601,-0.502931986,-9.22426045
55.7215278,-0.737264474,-0.550516744,-9.22321298
55.7314848,-0.68070146,-0.52702364,-9.34995603
55.7414428,-0.506523289,-0.484227286,-9.6080809
55.7514008,-0.424521882,-0.428861372,-9.87024598
55.7613588,-0.392649072,-0.360626625,-10.0433767
55.7713168,-0.227000245,-0.279672681,-10.2224929
55.7812748,-0.238971253,-0.143352824,-10.3288852
55.7912318,-0.224306768,-0.127640876,-10.3532762
55.8011898,-0.19797055,-0.143352824,-10.2218944
55.8111478,-0.292840791,-0.154426007,-9.98037926
55.8211058,-0.430208111,-0.228496621,-9.78181016
55.8310638,-0.534206245,-0.338180984,-9.67422072
55.8410208,-0.564582679,-0.444274046,-9.6689834
55.8509788,-0.496347932,-0.481683447,-9.7481417
55.8609368,-0.361225175,-0.438438179,-9.96481695
55.8708948,-0.202908591,-0.337432796,-10.20304
55.8808528,-0.0258873055,-0.162805713,-10.4046019
55.8908108,-0.039653965,0.0704793114,-10.6223246
55.9007678,-0.0499789597,0.17612346,-10.8077256
55.9107258,-0.124049574,0.198269825,-10.8030868
55.9206838,-0.244956757,0.233135387,-10.4955815
55.9306418,-0.289399126,0.243161106,-10.1158013
55.9405998,-0.311545491,0.250493349,-9.92576153
55.9505578,-0.340425549,0.267552036,-9.77328081
55.9605148,-0.368707056,0.303764336,-9.57127005
55.9704728,-0.320224472,0.348505979,-9.41205564
55.9804308,-0.204255329,0.378732775,-9.36716436
55.9903888,-0.131681091,0.451007738,-9.43569838
56.0003468,0.0418985291,0.502333436,-9.65805986
56.0103048,0.255581027,0.521038136,-9.95778398
56.0202618,0.434996514,0.633715252,-10.1425864
56.0302198,0.507121839,0.748487294,-10.1015857
56.0401778,0.578798251,0.762702866,-9.86994671
56.0501358,0.54453124,0.688632253,-9.60538742
56.0600938,0.454898315,0.581491728,-9.39888753
56.0700508,0.368108505,0.473603016,-9.27408977
56.0800088,0.323217224,0.351349094,-9.24057094
56.0899668,0.328903453,0.265906022,-9.1807159
56.0999248,0.302716872,0.221912566,-9.13762027
56.1098828,0.336385333,0.230741185,-9.22500863
56.1198408,0.358232423,0.217872351,-9.40307738
56.1297978,0.194678522,0.188393743,-9.641899
56.1397558,0.0330699104,0.1086369,-9.8929909
56.1497138,-0.0477343956,0.0486322212,-10.0534024
56.1596718,-0.0745195267,0.070628949,-10.079589
56.1696298,-0.120757546,0.139462247,-9.9992336
56.1795878,-0.155024557,0.115071317,-9.85049382
56.1895448,-0.203806416,0.0472854828,-9.67182652
56.1995028,-0.307804551,0.0776619164,-9.57246715
56.2094608,-0.298975932,0.134374568,-9.59117185
56.2194188,-0.228646259,0.217423438,-9.70474679
56.2293768,-0.120308633,0.289249488,-9.84226375
56.2393346,0.00613514175,0.317530995,-9.9399771
56.2492916,0.0632967064,0.333691856,-10.0152448
56.2592496,0.0625485184,0.369305606,-9.94775826
56.2692076,-0.0234931038,0.402225879,-9.871892
56.2791656,-0.135721307,0.396689288,-9.86680432
56.2891236,-0.215927062,0.403123705,-9.89957495
56.2990806,-0.246902046,0.405068993,-9.97005426
56.3090386,-0.211587572,0.419134928,-10.0683662
56.3189966,-0.15547347,0.369754519,-10.1526121
56.3289546,-0.116418056,0.353593658,-10.2081277
56.3389126,-0.168043029,0.401627328,-10.1304658
56.3488706,-0.202160403,0.388758495,-9.98067853
56.3588276,-0.20485388,0.284610722,-9.94641152
56.3687856,-0.205003517,0.273238264,-10.023026
56.3787436,-0.17238252,0.25662849,-10.2036386
56.3887016,-0.113724579,0.233733937,-10.3423526
56.3986596,-0.0842459709,0.169689043,-10.3143704
56.4086176,-0.113425304,0.114023854,-10.0423292
56.4185746,-0.124947399,0.070628949,-9.66254899
56.4285326,-0.190189394,0.057011927,-9.33170025
56.4384906,-0.245854583,0.0305260712,-9.16635069
56.4484486,-0.271292976,0.0080804306,-9.21318726
56.4584066,-0.255132114,0.0115220955,-9.38616833
56.4683636,-0.204255329,0.0806546684,-9.6606037
56.4783216,-0.0899321999,0.160710786,-9.91379052
56.4882796,0.0157119484,0.253336463,-10.1096661
56.4982376,0.0981622681,0.278625218,-10.1779009
56.5081956,0.123750298,0.268599499,-10.0988922
56.5181536,0.101454295,0.256329215,-9.84809962
56.5281106,-0.0574608398,0.213682498,-9.58832874
56.5380686,-0.244358207,0.187795193,-9.40996071
56.5480266,-0.383371541,0.207696994,-9.42552302
56.5579846,-0.349553442,0.213532861,-9.71237831
56.5679426,-0.171783969,0.253336463,-10.1250788
56.5779006,0.0187047005,0.289399126,-10.4366243
56.5878576,0.195576348,0.341323374,-10.5413706
56.5978156,0.24226328,0.373345821,-10.4170218
56.6077736,0.183904615,0.357035323,-10.1759556
56.6177316,0.0420481667,0.290745864,-9.91753146
56.6276896,-0.153528181,0.232237561,-9.67242507
56.6376466,-0.265307471,0.17238252,-9.56797802
56.6476046,-0.260967981,0.129436527,-9.55032078
56.6575626,-0.179714762,0.109983639,-9.54104325
56.6675206,-0.113724579,0.134524206,-9.54313818
56.6774786,-0.0119710083,0.148440503,-9.67227543
56.6874366,0.0579097527,0.162805713,-9.8253547
56.6973936,0.156520934,0.181360776,-9.93892964
56.7073516,0.216525613,0.179415487,-9.92291842
56.7173096,0.13736732,0.237624515,-9.69038158
56.7272676,-0.00269347687,0.317979908,-9.3545948
56.7372256,-0.18794483,0.425419707,-9.11801775
56.7471826,-0.247949509,0.449511362,-9.14181013
56.7571406,-0.224755681,0.327257439,-9.50438204
56.7670986,-0.126892688,0.284461085,-10.0444242
56.7770566,-0.016609774,0.30660745,-10.486304
56.7870146,0.0323217224,0.372447996,-10.6401315
56.7969726,0.0580593903,0.485125111,-10.4249526
56.8069296,-0.00433949051,0.528669654,-10.0499607
56.8168876,-0.0438438179,0.389506683,-9.8591728
56.8268456,-0.0514753357,0.332045843,-9.79886884
56.8368036,-0.0673369217,0.38157589,-9.81054058
56.8467616,-0.0673369217,0.405368269,-9.8543844
56.8567186,-0.00538695374,0.381126977,-9.86650504
56.8666766,0.0112228203,0.28909985,-9.90630864
56.8766346,-0.0749684395,0.223259305,-9.93129812
56.8865926,-0.0613514175,0.218321264,-9.86291374
56.8965506,0.0620996056,0.210091196,-9.88341409
56.9065086,0.153079269,0.215029237,-10.0329021
56.9164656,0.202160403,0.2885013,-10.0967973
56.9264236,0.155024557,0.380229151,-9.93369233
56.9363816,0.0445920059,0.371250895,-9.75487539
56.9463396,-0.0380079514,0.272340439,-9.69232687
56.9562976,-0.0453401939,0.20485388,-9.66389573
56.9662556,0.0109235451,0.200813664,-9.66494319
56.9762126,0.104596685,0.236577052,-9.67033014
56.9861706,0.194528885,0.284610722,-9.68484499
56.9961286,0.268749136,0.325012875,-9.73138229
57.0060866,0.304961436,0.319775559,-9.76400328
57.0160446,0.197820912,0.300771584,-9.72255367
57.0260016,0.0323217224,0.250942262,-9.69083049
57.0359596,-0.103698859,0.20171149,-9.68230115
57.0459176,-0.138863696,0.199616563,-9.70758991
57.0558756,-0.0760159027,0.228795896,-9.784354
57.0658336,0.0272340439,0.258723417,-9.84121629
57.0757916,0.0772130035,0.344914677,-9.828946
57.0857486,0.00837970581,0.380079514,-9.87518402
57.0957066,0.114472767,0.269946237,-9.80231051
57.1056646,0.0900818375,0.396090737,-9.90092169
57.1156226,0.0803553932,0.423773694,-10.0005803
57.1255806,0.181061501,0.413299062,-10.1340571
57.1355376,0.174477446,0.488267501,-10.2435918
57.1454956,0.167893391,0.422576593,-10.2928226
57.1554536,0.217872351,0.325910701,-10.136152
57.1654116,0.0719756874,0.318129546,-9.99025534
57.1753696,-0.0680851097,0.272490076,-9.8826659
57.1853276,-0.106093061,0.245256033,-9.77537574
57.1952846,-0.0828992325,0.221014741,-9.71866309
57.2052426,-0.00463876572,0.215627787,-9.77507647
57.2152006,-0.0124199211,0.262314719,-9.85692823
57.2251586,0.0139162971,0.301070859,-9.96077673
57.2351168,-0.0275333191,0.28101942,-10.0614828
57.2450738,-0.0866401726,0.282366158,-10.0731546
57.2550318,-0.178218386,0.240018716,-10.031256
57.2649898,-0.187196642,0.13048399,-9.98352165
57.2749478,-0.194977798,0.113574941,-9.86979707
57.2849058,-0.147243402,0.148290865,-9.79797102
57.2948638,-0.0809539436,0.167594116,-9.82041666
57.3048208,-0.0610521423,0.20485388,-9.78944168
57.3147788,-0.0650923576,0.220715466,-9.70744027
57.3247368,-0.0749684395,0.134673843,-9.67227543
57.3346948,-0.12928689,0.0510264229,-9.68738883
57.3446528,-0.14050971,0.0145148476,-9.69816274
57.3546098,-0.0992097313,0.0101753571,-9.65611457
57.3645678,0.0206499893,0.0172083244,-9.65207436
57.3745258,0.0613514175,0.117166244,-9.56977367
57.3844838,0.0996586441,0.195127435,-9.49734907
57.3944418,0.171185419,0.151283617,-9.56737947
57.4043998,0.215328512,0.146794489,-9.73706851
57.4143568,0.207098444,0.191386495,-9.92351697
57.4243148,0.179116212,0.256179578,-10.0106061
57.4342728,0.131830729,0.314238968,-9.95808326
57.4442308,0.0903811127,0.370203432,-9.80679964
57.4541888,0.0754173523,0.393995811,-9.75307974
57.4641458,0.0923264015,0.388608857,-9.80141268
57.4741038,0.116567693,0.389805958,-9.87757822
57.4840618,0.109085813,0.380528426,-9.87862569
57.4940198,0.0472854828,0.381875165,-9.83897172
57.5039778,-0.00433949051,0.379181688,-9.729437
57.5139358,-0.0263362183,0.362721552,-9.61900444
57.5238928,-0.0291793327,0.340575186,-9.59491279
57.5338508,0.0579097527,0.305859262,-9.73138229
57.5438088,0.0402525154,0.310498028,-9.83702643
57.5537668,0.0412999786,0.31349078,-9.82101521
57.5637248,0.0957680664,0.259471605,-9.70684172
57.5736818,0.131232178,0.189890119,-9.60628525
57.5836398,0.116268418,0.117016606,-9.56633201
57.5935978,0.0522235237,0.0508767853,-9.60867945
57.6035558,0.0664390961,-0.0179565125,-9.71626889
57.6135138,0.0607528671,-0.0495300468,-9.80246015
57.6234718,0.0867898102,-0.0480336708,-9.83089129
57.6334288,0.0625485184,0.00613514175,-9.78061306
57.6433868,0.0650923576,0.0127191963,-9.76056162
57.6533448,0.0927753143,-0.0140659348,-9.77238299
57.6633028,0.0661398209,-0.00867898102,-9.87249055
57.6732608,0.0827495949,0.0398036026,-9.95553942
57.6832178,0.152929631,0.134823481,-9.99055462
57.6931758,0.221912566,0.174627084,-10.039935
57.7031338,0.243011469,0.192134683,-10.0771948
57.7130918,0.241215817,0.213832136,-10.148123
57.7230498,0.194379247,0.225952782,-10.2078284
57.7330078,0.102202483,0.333242944,-10.1897223
57.7429648,-0.0378583138,0.48961424,-10.2003465
57.7529228,0.0564133766,0.33533787,-10.1054763
57.7628808,0.167893391,0.312293679,-10.0887169
57.7728388,0.0930745895,0.348356342,-9.92650972
57.7827968,0.1436521,0.287603474,-9.8277489
57.7927538,0.235379951,0.169090492,-9.80096377
57.8027118,0.199616563,0.3060089,-9.70579426
57.8126698,0.080056118,0.385017554,-9.71043302
57.8226278,0.145298113,0.309899477,-9.71611925
57.8325858,0.160112236,0.319775559,-9.58368997
57.8425438,0.152181443,0.283862534,-9.50797334
57.8525008,0.190189394,0.182707514,-9.52578022
57.8624588,0.205302792,0.155323833,-9.64130045
57.8724168,0.188842656,0.165948103,-9.7994674
57.8823748,0.131830729,0.252588275,-9.8567786
57.8923328,0.169090492,0.29224224,-9.86261446
57.9022898,0.212036485,0.207397719,-9.8814688
57.9122478,0.284012172,0.135571669,-9.79063878
57.9222058,0.225054956,0.157568397,-9.74305402
57.9321638,0.20605098,0.148290865,-9.78046342
57.9421218,0.246303496,0.159513686,-9.80126305
57.9520788,0.2709937,0.228945534,-9.80590181
57.9620368,0.389506683,0.288351662,-9.84720179
57.9719948,0.459088168,0.361374813,-9.88790322
57.9819528,0.326359614,0.418985291,-9.96631332
57.9919108,0.266953485,0.415842901,-10.0315553
58.0018688,0.213383223,0.441430931,-10.0930564
58.0118258,0.22670097,0.383820454,-10.1045785
58.0217838,0.270544788,0.392649072,-10.0492126
58.0317418,0.352995107,0.495450106,-10.0343984
58.0416998,0.357334598,0.512508793,-10.0653734
58.0516578,0.383221903,0.351199456,-9.95583869
58.0616148,0.347458516,0.251540812,-9.75367829
58.0715728,0.171783969,0.183156427,-9.60643489
58.0815308,0.0700303986,0.088735099,-9.5344592
58.0914888,0.0525227989,0.103249947,-9.46383025
58.1014468,0.0740706139,0.17298107,-9.40607013
58.1114048,0.132429279,0.148889416,-9.51994435
58.1213618,0.185101716,0.158466222,-9.68319898
58.1313198,0.215777425,0.183156427,-9.81607717
58.1412778,0.171335056,0.219518365,-9.90825393
58.1512358,0.173729258,0.202908591,-9.92980175
58.1611938,0.182408239,0.154276369,-9.88311482
58.1711508,0.143951375,0.139462247,-9.82221231
58.1811088,0.163254626,0.173429983,-9.86321301
58.1910668,0.239869079,0.127940151,-9.87772786
58.2010248,0.262015444,0.163404263,-9.82490579
58.2109828,0.193930334,0.225952782,-9.80799674
58.2209408,0.189890119,0.146195939,-9.87039562
58.2308978,0.169689043,0.0891840118,-9.89269162
58.2408553,0.177919111,0.12988544,-9.93069957
58.2508133,0.217722713,0.193331784,-9.92291842
58.2607713,0.243610019,0.272041164,-9.88880104
58.2707293,0.30286651,0.296282455,-9.94940427
58.2806863,0.335487508,0.307505276,-10.0240734
58.2906443,0.308103826,0.327257439,-10.0628296
58.3006023,0.296432093,0.308702377,-9.94880572
58.3105603,0.313790055,0.315585706,-9.79587609
58.3205183,0.265906022,0.319925197,-9.69651672
58.3304753,0.246752409,0.302567235,-9.70205331
58.3404333,0.237624515,0.269048412,-9.7155207
58.3503913,0.190339032,0.278325943,-9.70100585
58.3603493,0.173729258,0.309600202,-9.70848773
58.3703073,0.256778128,0.323366862,-9.71701708
58.3802653,0.339228448,0.282216521,-9.79542718
58.3902223,0.314837518,0.21981764,-9.84495723
58.4001803,0.220266553,0.160112236,-9.87368765
58.4101383,0.175524909,0.0834977829,-9.84390976
58.4200963,0.15861586,0.0697311234,-9.7505359
58.4300543,0.148290865,0.0597054039,-9.68858593
58.4400113,0.145896664,0.0818517693,-9.74634605
58.4499693,0.14739304,0.136918407,-9.84316158
58.4599273,0.133476743,0.155024557,-9.95434231
58.4698853,0.180612588,0.189141931,-10.0581908
58.4798433,0.237025964,0.242562556,-10.1569516
58.4898013,0.228047708,0.288351662,-10.1949596
58.4997583,0.216375975,0.303764336,-10.1472252
58.5097163,0.240766904,0.259920518,-10.0414314
58.5196743,0.22415713,0.24914661,-9.91079777
58.5296323,0.174926359,0.220266553,-9.77253263
58.5395903,0.155024557,0.194379247,-9.71118121
58.5495473,0.138564421,0.211288297,-9.69965911
58.5595053,0.12988544,0.217872351,-9.72689316
58.5694633,0.197671275,0.1798644,-9.71207903
58.5794213,0.28535891,0.14425065,-9.70624317
58.5893793,0.289399126,0.172532157,-9.63606313
58.5993363,0.305111074,0.2160767,-9.60463923
58.6092943,0.28476036,0.226401694,-9.59910264
58.6192523,0.258124866,0.233434662,-9.61825626
58.6292103,0.252588275,0.207846632,-9.67466963
58.6391683,0.272639714,0.181061501,-9.73527286
58.6491263,0.288052387,0.152929631,-9.78255835
58.6590833,0.268449861,0.15861586,-9.8193692
58.6690413,0.275183553,0.145597388,-9.83403368
58.6789993,0.308103826,0.150086517,-9.82984383
58.6889573,0.352246919,0.187196642,-9.84720179
58.6989153,0.391003059,0.211737209,-9.86007062
58.7088723,0.38965632,0.227598795,-9.84001919
58.7188303,0.37095162,0.260967981,-9.86186628
58.7287883,0.338929173,0.285059635,-9.9128927
58.7387463,0.347608154,0.293588979,-9.95778398
58.7487043,0.340874461,0.308253464,-10.0150952
58.7586613,0.30286651,0.327556715,-10.0646252
58.7686193,0.310049115,0.254982477,-10.1036806
58.7785773,0.296132818,0.213682498,-10.1149035
58.7885353,0.275033916,0.207098444,-10.0752495
58.7984933,0.286705649,0.218470901,-9.99474447
58.8084513,0.320074834,0.229992997,-9.85303766
58.8184083,0.30286651,0.202908591,-9.6781113
58.8283663,0.17357962,0.16175825,-9.57605845
58.8383243,0.00987608185,0.094421328,-9.49690016
58.8482823,0,0.0264858559,-9.5670802
58.8582403,0.0990600937,0.0109235451,-9.66599065
58.8681973,0.220715466,0.0900818375,-9.67796166
58.8781553,0.357035323,0.170886143,-9.68664064
58.8881133,0.390703783,0.193481422,-9.71956091
58.8980713,0.323067587,0.177170923,-9.7541272
58.9080293,0.169988318,0.116866969,-9.73646996
58.9179863,0.131531454,0.0622492432,-9.6781113
58.9279443,0.216525613,0.0131681091,-9.67167688
58.9379023,0.326060339,0.109834001,-9.68993267
58.9478603,0.421080217,0.261416894,-9.71342577
58.9578183,0.484526561,0.366911404,-9.82625253
58.9677753,0.493205542,0.420332029,-9.97274774
58.9777333,0.461033457,0.424671519,-10.1346556
58.9876913,0.415094713,0.366312854,-10.2274309
58.9976493,0.346111777,0.363320102,-10.199748
59.0076073,0.286107098,0.393696535,-10.082881
59.0175653,0.263960733,0.384867917,-9.95658688
59.0275223,0.226551332,0.354491483,-9.85169092
59.0374803,0.217124163,0.254982477,-9.86081881
59.0474383,0.256778128,0.175075996,-9.84361049
59.0573963,0.279523044,0.152779993,-9.76894132
59.0673543,0.314388605,0.120308633,-9.729437
59.0773113,0.384718279,0.11926117,-9.7143236
59.0872693,0.376937124,0.172083244,-9.68903484
59.0972273,0.357484235,0.110881464,-9.69816274
59.1071853,0.273088627,-0.00688332977,-9.66823522
59.1171433,0.202010765,-0.0817021317,-9.67033014
59.1271003,0.186298817,-0.113425304,-9.71357541
59.1370583,0.213832136,-0.0908300255,-9.77986487
59.1470163,0.171484694,-0.0881365486,-9.87398692
59.1569743,0.146195939,-0.072125325,-9.95643724
59.1669323,0.243460381,-0.0513256981,-10.0273655
59.1768903,0.374243647,0.118064069,-10.0543002
59.1868473,0.659004007,0.378583138,-9.99399628
59.1968053,0.799812992,0.466570049,-10.0942535
59.2067633,0.679354721,0.413598337,-10.1773023
59.2167213,0.512508793,0.314687881,-10.0788408
59.2266793,0.310198753,0.208445182,-9.86934816
59.236637,0.113874216,0.0469862076,-9.83223803
59.246595,0.0628477936,0.0160112236,-9.93354269
59.256553,0.142754274,0.0680851097,-10.0352963
59.266511,0.33593642,0.134673843,-10.1166991
59.276469,0.476595768,0.172232882,-10.1626379
59.286426,0.509067128,0.196025261,-10.1041296
59.296384,0.550516744,0.265457109,-9.99908396
59.306342,0.549918194,0.347009603,-9.85857425
59.3163,0.575655862,0.257675954,-9.774029
59.326258,0.660350745,0.216525613,-9.71581997
59.336216,0.524779076,0.235978501,-9.68469535
59.346173,0.350900181,0.176871648,-9.58234323
59.356131,0.305709624,0.0751180771,-9.5006411
59.366089,0.196174899,-0.0758662651,-9.53700304
59.376047,0.105195235,-0.167594116,-9.62289502
59.386005,0.206499893,-0.118812257,-9.63531494
59.395962,0.376937124,-0.017357962,-9.60703344
59.40592,0.501884523,0.0846948837,-9.61705916
59.415878,0.587926145,0.212186122,-9.61631097
59.425836,0.566677605,0.2885013,-9.63770915
59.435794,0.515052632,0.263811095,-9.68708955
59.445751,0.352396557,0.190339032,-9.78121161
59.455709,0.292541515,0.120308633,-9.83238767
59.465667,0.381725527,0.0610521423,-9.85692823
59.475625,0.481234534,0.0926256767,-9.87533366
59.485583,0.604685557,0.181510413,-9.88565865
59.49554,0.714519558,0.307654913,-9.91723219
59.505498,0.712125356,0.383371541,-10.0068651
59.515456,0.59196636,0.353743295,-10.1460281
59.525414,0.432303037,0.280420869,-10.2033393
59.535372,0.386813206,0.193331784,-10.1285205
59.54533,0.36780923,0.15173253,-9.96062709
59.555287,0.347458516,0.156221658,-9.81488007
59.565245,0.372896909,0.170437231,-9.77492683
59.575203,0.443825133,0.182857152,-9.78480291
59.585161,0.480336708,0.191536133,-9.74619641
59.595119,0.458938531,0.103998135,-9.68843629
59.605076,0.392649072,0.046088382,-9.63531494
59.615034,0.271292976,-0.00508767853,-9.68005659
59.624992,0.221912566,-0.0423474419,-9.70893664
59.63495,0.241515092,0.00583586655,-9.67496891
59.644908,0.363619377,0.0782604668,-9.70504607
59.654865,0.454299765,0.131681091,-9.77298154
59.664823,0.470161351,0.135272394,-9.86441012
59.674781,0.432452675,0.124648124,-9.86680432
59.684739,0.428861372,0.133925655,-9.82729999
59.694697,0.438438179,0.116866969,-9.7915366
59.704654,0.436043977,0.10115502,-9.80949311
59.714612,0.362272639,0.11118074,-9.86845033
59.72457,0.319625922,0.0549170006,-9.85737715
59.734528,0.324563963,0.015861586,-9.83223803
59.744486,0.328753815,0.00239420166,-9.79542718
59.754444,0.348206704,-0.0356137497,-9.76744495
59.764401,0.35284547,-0.0184054253,-9.74859061
59.774359,0.341323374,0.0427963547,-9.68589245
59.784317,0.370502707,0.095917704,-9.63711059
59.794275,0.36406829,0.0978629929,-9.67676456
59.804233,0.412101961,0.0863408974,-9.71507179
59.81419,0.448014986,0.116118781,-9.75951415
59.824148,0.414496162,0.147542677,-9.80799674
59.834106,0.359429524,0.179265849,-9.87084453
59.844064,0.307654913,0.169988318,-9.9081043
59.854022,0.29912557,0.140210435,-9.95808326
59.863979,0.36032735,0.149936879,-10.0034234
59.873937,0.470610264,0.191236858,-10.0927571
59.883895,0.555903698,0.239869079,-10.1357031
59.893853,0.57640405,0.268898774,-10.0412818
59.903811,0.552162758,0.279822319,-9.90226843
59.913768,0.521636687,0.270694425,-9.75622213
59.923726,0.458938531,0.230292272,-9.68424644
59.933684,0.361674088,0.178068748,-9.67945804
59.943642,0.277128842,0.133776018,-9.57994903
59.9536,0.224905318,0.0790086548,-9.55810194
59.963558,0.225653506,0.0553659134,-9.6383077
59.973515,0.29164369,0.0571615646,-9.75996307
59.983473,0.423324781,0.0915782135,-9.91349125
59.993431,0.521487049,0.135571669,-10.0291611
60.003389,0.55141457,0.190787945,-10.0200332
60.013347,0.523432338,0.227598795,-9.97753614
60.023304,0.427065721,0.243460381,-9.88745431
60.033262,0.301220496,0.182258601,-9.8265518
60.04322,0.247949509,0.103399584,-9.77986487
60.053178,0.281917245,0.0444423683,-9.81188732
60.063136,0.34281975,0.0505775101,-9.87952351
60.073093,0.356287135,0.0489314964,-9.90915176
60.083051,0.336983884,0.0567126518,-9.86470939
60.093009,0.253635738,0.0282815071,-9.78061306
60.102967,0.160561149,-0.0164601364,-9.71746599
60.112925,0.124947399,-0.0199018013,-9.72779098
60.122882,0.243460381,-0.00179565125,-9.72794062
60.13284,0.397587113,0.0552162758,-9.70549498
60.142798,0.483928011,0.11177929,-9.65222399
60.152756,0.489763877,0.143053549,-9.6327711
60.162714,0.413747974,0.168641579,-9.61735843
60.172671,0.312742592,0.13302783,-9.66135189
60.182629,0.228945534,0.0628477936,-9.82999347
60.192587,0.297030643,0.0466869324,-10.0028249
60.202545,0.41404725,0.133925655,-10.1080201
60.212503,0.520439586,0.209492645,-10.0911111
60.22246,0.546626167,0.269198049,-10.0282633
60.232418,0.458040705,0.27039515,-10.0150952
60.2423753,0.336086058,0.182258601,-10.0144966
60.2523333,0.25662849,0.103249947,-9.93952819
60.2622913,0.232686474,0.0873883606,-9.86605613
60.2722493,0.239569804,0.11866262,-9.85348657
60.2822063,0.288650938,0.155024557,-9.91932712
60.2921643,0.341921925,0.166696291,-9.93833109
60.3021223,0.389357045,0.15921441,-9.89089597
60.3120803,0.377685312,0.13676877,-9.80994203
60.3220383,0.310498028,0.131830729,-9.80440544
60.3319953,0.288650938,0.137217683,-9.88745431
60.3419533,0.266354935,0.143352824,-9.91468835
60.3519113,0.251241537,0.150685067,-9.93773254
60.3618693,0.28101942,0.15547347,-9.90885248
60.3718273,0.236128139,0.173729258,-9.91618473
60.3817843,0.24540567,0.181510413,-9.98337201
60.3917423,0.261865807,0.241814368,-10.0737531
60.4017003,0.188094468,0.121206459,-10.060585
60.4116583,0.354192208,0.0969651672,-9.95823289
60.4216163,0.437689991,0.255581027,-9.74275474
60.4315733,0.457442155,0.206350256,-9.641899
60.4415313,0.088735099,0.252289,-9.62768343
60.4514893,-0.0399532402,0.265756384,-9.09931305
60.4614473,0.569071807,-0.157867672,-9.87922424
60.4714053,0.475099392,-0.357933148,-10.4601174
60.4813623,0.169988318,-0.156221658,-10.3309802
60.4913203,0.0517746109,0.00912789383,-9.93459015
60.5012783,0.189740482,0.0504278725,-9.45993967
60.5112363,0.449511362,-0.0136170219,-9.17817206
60.5211943,0.473453378,-0.0318728096,-9.10305399
60.5311513,0.291045139,-0.00673369217,-9.31209772
60.5411093,0.175225634,-0.0585083031,-9.61421604
60.5510673,0.191536133,-0.105793786,-9.90780502
60.5610253,0.21293431,-0.103549222,-10.063877
60.5709833,0.049081134,-0.138863696,-10.2498766
60.5809403,0.00927753143,-0.165349552,-10.4708913
60.5908983,0.101903208,-0.145597388,-10.6131967
60.6008563,0.120009358,-0.0891840118,-10.5124906
60.6108143,0.211886847,0.0414496162,-10.0186865
60.6207723,0.365863941,0.157867672,-9.44123497
60.6307303,0.487220038,0.149188691,-9.1572228
60.6406873,0.512359155,0.0724246002,-9.09452464
60.6506453,0.486022937,-0.0080804306,-9.30790787
60.6606033,0.403273342,-0.0821510445,-9.55121861
60.6705613,0.338629897,-0.11177929,-9.71821418
60.6805193,0.215029237,-0.146046301,-9.87982279
60.6904763,0.14739304,-0.170736506,-10.1135567
60.7004343,0.163703539,-0.217872351,-10.4126823
60.7103923,0.179714762,-0.162506438,-10.4239051
60.7203503,0.152779993,-0.0383072266,-10.1460281
60.7303083,0.164152451,0.00418985291,-9.8205663
60.7402653,0.310946941,-0.0407014282,-9.56303998
60.7502233,0.451905563,-0.0550666382,-9.50677624
60.7601813,0.480785621,-0.0724246002,-9.56049614
60.7701393,0.432901588,-0.0629974312,-9.52203928
60.7800973,0.365863941,-0.0585083031,-9.52952116
60.7900543,0.29852702,-0.133925655,-9.67975731
60.8000123,0.214131411,-0.211737209,-9.96032782
60.8099703,0.238223065,-0.222062204,-9.97933179
60.8199283,0.244058932,-0.20545243,-9.91872857
60.8298863,0.252737913,-0.219967278,-9.82041666
60.8398433,0.282964709,-0.179714762,-9.71641852
60.8498013,0.228197346,-0.203507141,-9.54179144
60.8597593,0.108187988,-0.253785376,-9.39365021
60.8697173,0.146046301,-0.244956757,-9.38542015
60.8796753,0.30974984,-0.190937582,-9.52682768
60.8896323,0.40776247,-0.145597388,-9.86216555
60.8995903,0.472854828,-0.0523731613,-10.1045785
60.9095483,0.504877275,0.0532709869,-10.143185
60.9195063,0.465073672,0.0761655403,-10.0722567
60.9294643,0.407612833,0.0671872841,-10.0537017
60.9394223,0.320523747,0.0670376465,-10.1144546
60.9493793,0.258573779,0.0435445427,-10.1440828
60.9593373,0.300472308,-0.0080804306,-10.0819832
60.9692953,0.367360317,-0.0712274994,-9.93892964
60.9792533,0.318129546,-0.128089789,-9.75592285
60.9892113,0.227748433,-0.177470198,-9.55765303
60.9991683,0.222062204,-0.199466926,-9.41055926
61.0091263,0.23044191,-0.237025964,-9.50288566
61.0190843,0.273387902,-0.24854806,-9.65746131
61.0290423,0.404470443,-0.199317288,-9.7354225
61.0390003,0.451905563,-0.153677819,-9.76579893
61.0489573,0.387262119,-0.101454295,-9.71237831
61.0589153,0.359279887,-0.078559742,-9.68499463
61.0688733,0.315136794,-0.087986911,-9.77702175
61.0788313,0.276231017,-0.0999579193,-9.84136592
61.0887893,0.376188936,-0.0797568428,-9.87458547
61.0987463,0.466869324,-0.0487818588,-9.97574049
61.1087043,0.451307013,-0.0375590385,-10.0526542
61.1186623,0.413448699,-0.0354641121,-10.1199911
61.1286203,0.390105233,-0.0685340225,-10.1135567
61.1385783,0.345662865,-0.0489314964,-10.0329021
61.1485353,0.314238968,0.000299275208,-9.93384196
61.1584933,0.360626625,0.00912789383,-9.79198551
61.1684513,0.439036729,0.00119710083,-9.70354969
61.1784093,0.494851556,0.00972644424,-9.65641385
61.1883673,0.473752654,0.0448912811,-9.62424176
61.1983243,0.399532402,0.0480336708,-9.67796166
61.2082823,0.290895502,-0.000299275208,-9.79587609
61.2182403,0.236726689,-0.0635959816,-9.90825393
61.2281983,0.227449158,-0.140060797,-9.98980643
61.238156,0.193481422,-0.193780697,-9.96376948
61.248114,0.172083244,-0.174178171,-9.8464536
61.258071,0.233584299,-0.131381816,-9.71372505
61.268029,0.297629194,-0.0971148048,-9.67466963
61.277987,0.265008196,-0.0806546684,-9.72464859
61.287945,0.247051684,-0.0610521423,-9.81338369
61.297903,0.3247136,-0.0616506927,-9.92546226
61.30786,0.377535674,-0.0733224258,-10.0538513
61.317818,0.431105936,-0.130783266,-10.1315132
61.327776,0.412700511,-0.145896664,-10.1294183
61.337734,0.362871189,-0.130334353,-10.0197339
61.347692,0.337432796,-0.0827495949,-9.84959599
61.357649,0.355389309,-0.0757166275,-9.67526818
61.367607,0.383670816,-0.0703296738,-9.62932944
61.377565,0.323666137,-0.0852934341,-9.75981343
61.387523,0.299275208,-0.0526724365,-9.88550902
61.397481,0.345064314,-0.0375590385,-9.94341877
61.407438,0.347458516,-0.0662894585,-9.97948143
61.417396,0.290296951,-0.102501759,-9.97349593
61.427354,0.207098444,-0.121954647,-9.87967315
61.437312,0.219368727,-0.0906803879,-9.72000983
61.44727,0.298377382,-0.0670376465,-9.59895301
61.457227,0.325162513,-0.0508767853,-9.53610521
61.467185,0.36032735,-0.030974984,-9.55585738
61.477143,0.325012875,-0.0124199211,-9.65207436
61.487101,0.337732072,0.00897825623,-9.75517466
61.497059,0.336235696,0.0390554146,-9.83582933
61.507016,0.322618674,0.0748188019,-9.85992099
61.516974,0.520289948,0.0486322212,-9.84301194
61.526932,0.726191291,0.0297778831,-9.87757822
61.53689,0.679803634,0.0743698891,-9.94865609
61.546848,0.606032295,0.101304658,-9.91199487
61.556805,0.580444265,0.0837970581,-9.81847137
61.566763,0.589871434,0.0628477936,-9.65626421
