"Time (s)","X (rad/s)","Y (rad/s)","Z (rad/s)"
0.00204341667,0.470209062,0.394639999,-0.227596149
0.0120014167,0.41754505,0.42240876,-0.210253373
0.0219594167,0.290603608,0.258890152,-0.170498773
0.0319174167,0.156206921,0.0696898624,-0.13300918
0.0418744167,0.0698698983,-0.0362879671,-0.0865988061
0.0518324167,0.0349569172,-0.0721908361,-0.0509523973
0.0617904167,0.0279181842,-0.0619515181,-0.0372070223
0.0717484167,0.0464138389,-0.0303853359,-0.0390438065
0.0817064167,0.0736651644,0.00780066522,-0.043815393
0.0916644167,0.0822458714,0.0585844852,-0.0603307188
0.101621417,0.0567458384,0.0951619372,-0.079005599
0.111579417,0.0125845009,0.123124331,-0.0926471129
0.121537417,-0.0284838397,0.148379356,-0.0982267037
0.131495417,-0.0767046288,0.147905037,-0.0976754278
0.141453417,-0.141494542,0.101531148,-0.0888457149
0.151411417,-0.190048501,0.0121767716,-0.0686317906
0.161369417,-0.176802203,-0.0721511617,-0.0335273333
0.171326417,-0.110235162,-0.110251144,0.00583045837
0.181284542,-0.0239753742,-0.101406515,0.0382816084
0.191242542,0.0490708724,-0.0539255477,0.0568054914
0.201200542,0.0699604452,-0.00361896958,0.0482522175
0.211158542,0.0321691222,0.0260411873,0.0144769438
0.221116542,-0.0360568054,0.00631888211,-0.039569512
0.231073542,-0.0903006047,-0.0390893444,-0.0914654657
0.241031542,-0.108103298,-0.0854206234,-0.111105479
0.250989542,-0.0833106041,-0.111137703,-0.100331932
0.260947542,-0.041689124,-0.118065119,-0.0617419258
0.270905542,-0.0167528819,-0.121356525,-0.0243234485
0.280863542,-0.0195507985,-0.121067569,-0.00743261632
0.290820542,-0.0470495336,-0.100758038,-0.010339723
0.300778542,-0.0864211768,-0.0656759515,-0.0215678755
0.310736542,-0.119512282,-0.0168460924,-0.0180016365
0.320694542,-0.135256097,0.0187481213,-0.00340964505
0.330652542,-0.11203146,0.0188836753,0.0123996781
0.340610542,-0.0303632319,0.0388699025,0.0299744103
0.350568542,0.0823518634,0.0531646833,0.0389617793
0.360525542,0.180784956,0.0491915159,0.035113778
0.370483542,0.229247034,0.0283155274,0.0292809233
0.380441542,0.195228085,0.00665790262,0.02312476
0.390399542,0.0882201418,-0.0234749652,0.00932266191
0.400357542,-0.0545468666,-0.081262365,-0.0133067509
0.410315542,-0.16815412,-0.131895185,-0.0350053869
0.420272542,-0.199381813,-0.138013527,-0.0572329275
0.430230542,-0.151040375,-0.0742111132,-0.0808338597
0.440188542,-0.079110533,0.0341292098,-0.102046207
0.450146542,-0.0212632101,0.142256215,-0.124037795
0.460104542,0.00428183051,0.23665382,-0.150440633
0.470062542,-0.00291083497,0.292808443,-0.166369274
0.480020542,-0.0158346239,0.26847887,-0.17683363
0.489977542,-0.00410339842,0.200193286,-0.175351575
0.499935542,0.0379609652,0.139600247,-0.160224825
0.509893542,0.082653597,0.0828168541,-0.137334421
0.519851542,0.106223911,0.0147049101,-0.101483218
0.529809542,0.0983518735,-0.0758385733,-0.0711314306
0.539767542,0.0679188594,-0.146415263,-0.0585352145
0.549725542,0.0262984484,-0.130796894,-0.0658413321
0.559682542,-0.0197907481,-0.0667193756,-0.0849748105
0.569640542,-0.0801286548,0.008559932,-0.119569011
0.579598542,-0.156044453,0.108495317,-0.150566339
0.589556542,-0.235492945,0.17017892,-0.153020173
0.599514542,-0.288220078,0.159061551,-0.124457769
0.609472542,-0.282791227,0.149318919,-0.0570358559
0.619429542,-0.219414905,0.139174938,0.0448050201
0.629387542,-0.13389948,0.101809189,0.154389843
0.639345542,-0.0490612872,0.0233170409,0.244758084
0.649303542,0.0317320973,-0.0242451522,0.276270479
0.659261542,0.0851953179,-0.00820413418,0.239461318
0.669219542,0.0927770734,0.0309251584,0.149388954
0.679177542,0.0774870664,0.0591227077,0.0612071641
0.689134542,0.063497752,0.0740864798,0.00625576545
0.699092542,0.0635297075,0.0333728716,-0.0191571824
0.709050542,0.0741346776,-0.0296297967,-0.0189510547
0.719008542,0.077720359,-0.0853487179,0.0138737373
0.728966542,0.0725562274,-0.117243804,0.0650003031
0.738924542,0.0652232096,-0.111730523,0.118467256
0.748882542,0.0640684664,-0.0879535601,0.158363014
0.758839542,0.083295159,-0.0753823742,0.187045246
0.768797542,0.119109079,-0.0715303794,0.187118754
0.778755542,0.147016883,-0.0401894972,0.144900203
0.788713542,0.145176366,0.0334325247,0.0725879148
0.798671542,0.0983686447,0.0821097866,0.00692475121
0.808629542,0.0402259827,0.0825571939,-0.0269866101
0.818587542,0.000331563555,0.0555394255,-0.0360301733
0.828544542,-0.0204520114,0.0363012813,-0.0357454792
0.838502542,-0.0335507691,0.0239940155,-0.015736619
0.848460542,-0.0314125158,0.0436196476,0.010951451
0.858418542,-0.0313999988,0.0534893237,0.0367652066
0.868376542,-0.0218246058,0.0298026372,0.0571916513
0.878334542,0.00937432703,0.00223572366,0.0706970692
0.888292542,0.0489009619,-0.0344399996,0.0606194064
0.898249542,0.0772724152,-0.0768851936,0.0517643951
0.908207542,0.0879122764,-0.11260777,0.0351095162
0.918165542,0.0572979115,-0.102429703,0.00909016747
0.928123542,-0.00224850699,-0.0729924515,-0.0259663537
0.938081542,-0.066307649,-0.0323432907,-0.0514069982
0.948039542,-0.101001978,-0.0153845493,-0.0514900871
0.957997542,-0.0962317288,-0.00921533629,-0.023432089
0.967954542,-0.0658501163,-0.0088555431,0.0188234895
0.977912542,-0.0319781713,-0.0339987129,0.0541029163
0.987870542,-0.0086507462,-0.0869330317,0.063947022
0.997828542,-0.00234198384,-0.135995388,0.0417860635
1.00778654,-0.0109887356,-0.18080467,0.0123336315
1.01774454,-0.032398954,-0.206656232,-0.00368288555
1.02770254,-0.0625171736,-0.20432891,-0.0107328054
1.03765954,-0.0940798968,-0.181777522,-0.000918524282
1.04761754,-0.118420117,-0.128824562,0.0172631424
1.05757554,-0.136477157,-0.0696797445,0.0302186217
1.06753354,-0.142539307,-0.0259029698,0.0383375362
1.07749154,-0.131046697,-0.00299419207,0.0426225625
1.08744954,-0.0923323259,0.0122055337,0.0431623831
1.09740754,-0.0396073312,0.0134383105,0.0414805971
1.10736554,-0.016169915,-0.0401554108,0.0297930483
1.11732254,-0.0140087595,-0.109035939,0.0102720782
1.12728054,-0.000359526748,-0.133983627,-0.00885927118
1.13723854,0.0215732027,-0.118530639,-0.0115764951
1.14719654,0.0419724844,-0.084270142,0.00039441415
1.15715454,0.0505843461,-0.0559120029,0.0206613354
1.16711254,0.0500224195,-0.0395964123,0.0465355441
1.17707054,0.0363723896,-0.0287296493,0.056962885
1.18702804,0.0113855461,-0.0226254184,0.038222488
1.19698504,-0.0233740322,0.00398834981,0.00350418733
1.20694304,-0.0550454073,0.0254076216,-0.0181798022
1.21690104,-0.0704115853,0.0259708799,-0.0292233992
1.22685904,-0.0533460453,-0.00232014596,-0.0266358722
1.23681704,-0.00196195068,-0.032744363,-0.0221151561
1.24677504,0.0521446951,-0.0456668213,-0.0116470689
1.25673304,0.0825854242,-0.053282395,0.00420646276
1.26669104,0.0761488304,-0.0527409762,0.0172516908
1.27664804,0.0483283848,-0.0371047594,0.026260633
1.28660604,0.0179318618,-0.0182037707,0.0287299156
1.29656404,-0.00175608846,0.0176956393,0.0216227379
1.30652204,-0.00881959032,0.0559066758,0.0121163176
1.31648004,0.0073114424,0.0847652182,0.00920202024
1.32643804,0.0283810403,0.0945336968,0.0122470791
1.33639604,0.0366365761,0.0821246952,0.013310479
1.34635404,0.0284604039,0.0474506058,0.0204749145
1.35631104,0.0108241523,0.0220131576,0.0274782293
1.36626904,-0.0009440906,0.00611301977,0.0293712039
1.37622704,-0.00461259484,-0.000852477853,0.0273775626
1.38618504,-0.00236089225,-0.0213889126,0.0165888295
1.39614304,0.0115983328,-0.0477653928,0.00959190726
1.40610104,0.038191326,-0.0664125755,0.0182993785
1.41605904,0.0638319775,-0.0634484813,0.0226893332
1.42601704,0.0609669462,-0.0522602759,0.0260268077
1.43597504,0.0422526486,-0.0205172598,0.0349491946
1.44593204,0.0207681283,0.00562166655,0.0357870273
1.45589004,-0.00503710285,0.0375859924,0.0305318106
1.46584804,-0.0238768365,0.0455983765,0.0357390903
1.47580604,-0.029037511,0.0354698449,0.0388704352
1.48576404,-0.0174479652,0.0159137193,0.0420220196
1.49572204,0.0135126133,-0.00595456176,0.0434161834
1.50568004,0.0420225523,-0.023064306,0.0376392528
1.51563804,0.049403768,-0.0408776589,0.0205351021
1.52559504,0.0404158644,-0.0376930498,-0.00172546203
1.53555304,0.0309704319,-0.0246038791,-0.0118329572
1.54551104,0.0334730037,-0.00817164313,-0.0155627141
1.55546904,0.0358181857,0.0129102059,-0.0178221408
1.56542704,0.0286500212,0.0140124885,-0.0168956257
1.57538504,0.0150407348,0.00257527665,-0.0138028972
1.58534304,0.00446532201,0.0214517619,-0.017598968
1.59530104,-0.00552765699,0.0554552674,-0.0190213621
1.60525904,-0.0279189833,0.0681486949,-0.0180306658
1.61521604,-0.0439528115,0.076943785,-0.0235388819
1.62517404,-0.0532323271,0.0628700405,-0.0258992407
1.63513204,-0.0499558412,0.0130441627,-0.0262880623
1.64509004,-0.0365012847,-0.0458657593,-0.0263461191
1.65504804,-0.0195934083,-0.0818101764,-0.0227697603
1.66500604,-0.0187545121,-0.0958285257,-0.0194242988
1.67496404,-0.0293363165,-0.0941648483,-0.0166594032
1.68492204,-0.0476463474,-0.0860323533,-0.0178274661
1.69488004,-0.0663169697,-0.0596082024,-0.0151379397
1.70483704,-0.0785810947,-0.00962333288,-0.00303893303
1.71479504,-0.0892430618,0.0538517796,0.0173624791
1.72475304,-0.1003021,0.0924010351,0.029588785
1.73471104,-0.118448347,0.108671084,0.0321422219
1.74466904,-0.146225646,0.0940218344,0.0316724405
1.75462704,-0.176585153,0.0551894866,0.0289227273
1.76458504,-0.203505456,0.0280572008,0.0236150473
1.77454304,-0.239987299,0.00928111654,0.0127301766
1.78450104,-0.295866013,-0.00164450193,0.00141333963
1.79445804,-0.365175307,-0.0115602491,-0.0056019593
1.80441604,-0.43353039,-0.0358520076,0.00893304124
1.81437404,-0.495675802,-0.0301789418,0.0450915769
1.82433204,-0.543396175,-0.0124473488,0.102063783
1.83429004,-0.559476852,0.000724113488,0.153622851
1.84424804,-0.541544735,0.0273008626,0.170201555
1.85420604,-0.508181989,0.0590436123,0.155034855
1.86416404,-0.466645211,0.0816378742,0.126762733
1.87412104,-0.421249241,0.105510443,0.0902025998
1.88407904,-0.350149751,0.108850852,0.0557633974
1.89403704,-0.256979585,0.0719703287,0.0195337534
1.90399504,-0.166196704,0.0272867475,-0.00974423997
1.91395304,-0.110702544,-0.0311509948,-0.0263312068
1.92391104,-0.0921506956,-0.0962197408,-0.0382781476
1.93386904,-0.0768465772,-0.129431754,-0.0341459848
1.94382704,-0.0571655519,-0.121607661,-0.0238187797
1.95378504,-0.042400986,-0.105903797,-0.0120231071
1.96374304,-0.0297134202,-0.0908769071,-0.00115181715
1.97370004,-0.00554070668,-0.074981831,0.0131416349
1.98365804,0.0284044761,-0.0663324147,0.024176443
1.99361604,0.0619405992,-0.0503414683,0.0209633391
2.00357404,0.0722441003,-0.0159043986,0.00887871254
2.01353204,0.045679871,0.0545463338,0.00367223285
2.02349004,-0.0520104691,0.140287608,0.00223093014
2.03344804,-0.203358978,0.207289532,-0.00616788119
2.04340604,-0.351162821,0.272338301,-0.0127434917
2.05336404,-0.443151861,0.314569652,-0.00798761938
2.06332104,-0.471178174,0.321519971,-0.016052736
2.07327904,-0.454721451,0.290944755,-0.0334767327
2.08323704,-0.408679634,0.236720666,-0.0565956347
2.09319504,-0.344035923,0.182779133,-0.0806964412
2.10315304,-0.274845421,0.144602984,-0.103210278
2.11311104,-0.213137314,0.125401333,-0.117969245
2.12306904,-0.150317073,0.11419262,-0.118628912
2.13302704,-0.0863836259,0.0956998914,-0.100286655
2.14298504,-0.028267324,0.073971428,-0.0742345527
2.15294204,0.0198559966,0.0437562689,-0.0356192477
2.16290004,0.0641803145,0.0101881893,0.012177038
2.17285804,0.102690689,-0.0108124344,0.0597834401
2.18281683,0.114218719,-0.0368120782,0.10108614
2.19277483,0.092891328,-0.073942937,0.137647346
2.20273283,0.0398068018,-0.102740496,0.158904955
2.21269083,-0.0217114203,-0.11056859,0.166135177
2.22264883,-0.070217967,-0.112297781,0.173259929
2.23260683,-0.0891501158,-0.13552694,0.193824589
2.24256383,-0.0770537704,-0.186583459,0.220640495
2.25252183,-0.0520094037,-0.238747329,0.231211916
2.26247983,-0.0284502842,-0.27791658,0.227312252
2.27243783,-0.0296412483,-0.269900203,0.20710285
2.28239583,-0.070893079,-0.211765245,0.181166321
2.29235383,-0.106538162,-0.126782715,0.145518854
2.30231183,-0.115634456,-0.0460330062,0.116951652
2.31226983,-0.0796125382,0.0139733395,0.115871474
2.32222783,-0.0262332018,0.0436167195,0.131482393
2.33218583,0.0233950708,0.0211423039,0.148863778
2.34214283,0.0532496385,-0.0198464096,0.159519613
2.35210083,0.0658972561,-0.0591557324,0.150437981
2.36205883,0.0621437989,-0.107768804,0.122936308
2.37201683,0.0485022888,-0.139324069,0.0865452811
2.38197483,0.04795634,-0.170210078,0.0584404059
2.39193283,0.0633579344,-0.199575156,0.0342881978
2.40189083,0.0919653401,-0.232535243,0.00805659499
2.41184883,0.126092955,-0.260904312,-0.00934396684
2.42180683,0.162058681,-0.267795771,-0.0180572979
2.43176383,0.168406591,-0.242952198,-0.0293480344
2.44172183,0.151759967,-0.199241206,-0.028258536
2.45167983,0.12938568,-0.150725335,-0.0223425906
2.46163783,0.114597149,-0.094967261,-0.0209095422
2.47159583,0.0980578586,-0.0315525979,-0.0197651833
2.48155383,0.0851148963,0.0141954478,-0.0181446485
2.49151183,0.0826275051,0.0372206047,-0.0204549413
2.50146983,0.0721088126,0.0573082976,-0.0266465247
2.51142783,0.0663689002,0.0678035468,-0.0299682859
2.52138483,0.0544901378,0.0718635395,-0.03476597
2.53134283,0.0388509929,0.066967845,-0.0465294197
2.54130083,0.00835753232,0.0709527358,-0.0576174892
2.55125883,-0.0269831475,0.0669207126,-0.0601978265
2.56121683,-0.0545710996,0.0697399303,-0.0595277734
2.57117483,-0.0659084395,0.0629302263,-0.0607954413
2.58113283,-0.058090467,0.0493457131,-0.0512272343
2.59109083,-0.0407932363,0.00132945005,-0.0277530681
2.60104883,-0.0206203237,-0.0771738812,-2.71642421E-05
2.61100683,0.00283972872,-0.153239354,0.0288644042
2.62096383,0.0192005932,-0.189065799,0.0523758568
2.63092183,0.0150487246,-0.169110194,0.0664266944
2.64087983,-0.00538784126,-0.137991428,0.086389482
2.65083783,-0.0263522454,-0.0882720724,0.110010654
2.66079583,-0.035481561,-0.0280787721,0.133678168
2.67075383,-0.0310982652,0.0194059219,0.15927355
2.68071183,-0.0150868073,0.0346202962,0.185564265
2.69066983,-0.000308660354,0.0258614253,0.208424851
2.70062783,0.0127853034,0.0041646515,0.232745633
2.71058483,0.0132497586,-0.0253964365,0.248987183
2.72054283,0.00131000893,-0.0528499,0.239685833
2.73050083,-0.0241724476,-0.0590694435,0.192211524
2.74045883,-0.0562150702,-0.0393231697,0.128783807
2.75041683,-0.0719128028,-0.0411815234,0.0791568682
2.76037483,-0.0413149484,-0.0467227623,0.0476356968
2.77033283,0.0224208869,-0.0238845609,0.0278356262
2.78029083,0.0769749433,0.0231724307,0.021790782
2.79024883,0.0914425626,0.0624689721,0.0240222458
2.80020683,0.0690672174,0.0805608854,0.0248768535
2.81016383,0.0270718317,0.101876833,0.0154940048
2.82012183,-0.00489968387,0.103274457,0.0165060051
2.83007983,-0.00803449098,0.0896222964,0.0392925441
2.84003783,0.0159616563,0.0760841146,0.0592292361
2.84999583,0.0397551358,0.0775147676,0.0744968727
2.85995383,0.0409010947,0.0964983106,0.0877578184
2.86991183,0.0246142671,0.103560746,0.0993111432
2.87986983,-0.00141760067,0.104278199,0.104048103
2.88982783,-0.0316466093,0.0710728467,0.0968852639
2.89978483,-0.0465941317,0.0152465971,0.100129001
2.90974283,-0.0288164672,-0.0377487093,0.112088718
2.91970083,0.000353934098,-0.0693468526,0.116183594
2.92965883,0.0272422731,-0.0931933299,0.119422004
2.93961683,0.0425778218,-0.0833830386,0.118014522
2.94957483,0.0356868915,-0.0543138385,0.109548599
2.95953283,0.0128074083,-0.0241447501,0.093647927
2.96949083,-0.0114374775,-0.0145059722,0.0797992274
2.97944883,-0.017928401,-0.0248233248,0.0780492648
2.98940683,0.0062155514,-0.0409748629,0.0819555894
2.99936383,0.0446556173,-0.0600108728,0.0830687881
3.00932183,0.0686040968,-0.0813036412,0.0746047273
3.01927983,0.0618071742,-0.0893855393,0.0555428863
3.02923783,0.0389575176,-0.0735144317,0.0392888151
3.03919583,0.0148287471,-0.0636961535,0.0262092333
3.04915383,-0.00635989476,-0.0423205607,0.00902305637
3.05911183,-0.0247349069,-0.0175238661,0.00150628388
3.06906983,-0.0508642457,0.00946966838,0.00185675593
3.07902783,-0.0736401305,0.0265322756,0.00414947141
3.08898583,-0.0800988302,0.0292665418,0.0123560019
3.09894283,-0.0670333654,0.00745658483,0.0292724017
3.10890083,-0.0340676904,-0.0343699567,0.0437485464
3.11885883,-0.00358035369,-0.0686925128,0.0595331006
3.12881683,0.018440526,-0.0930519104,0.0691769421
3.13877483,0.0254390463,-0.0804101527,0.0719623417
3.14873283,0.0233489983,-0.0314913467,0.0712539405
3.15869083,0.00839481596,0.0241596643,0.0711008087
3.16864883,-0.00614018412,0.0579429269,0.0700041205
3.17860683,-0.00965395849,0.0810897946,0.0741810203
3.18856479,-0.00445839809,0.0940197036,0.0725439712
3.19852179,0.0012202604,0.0859218314,0.0707873553
3.20847979,0.0081695132,0.0847921222,0.0624649748
3.21843779,0.0089857718,0.0744950101,0.0551684462
3.22839579,0.00708294334,0.0517319031,0.0557756461
3.23835379,0.0078898808,0.0336889885,0.055676844
3.24831179,0.00947259739,0.0195598528,0.0453299321
3.25826979,0.0109112374,0.0119991386,0.029908631
3.26822779,0.0110100405,0.0252829865,0.00853516534
3.27818579,0.00984544028,0.0415184163,-0.00988086034
3.28814379,0.00791278388,0.0472996049,-0.0209380388
3.29810079,0.00436012726,0.0403106697,-0.0296186116
3.30805879,0.00121360249,0.0293829218,-0.0241607297
3.31801679,0.00538491178,0.0184290744,-0.011103251
3.32797479,0.0118787633,-0.00134196691,0.00152945344
3.33793279,0.0170551501,-0.0269080475,0.0106425239
3.34789079,0.0125040738,-0.0375676155,0.0158013329
3.35784879,0.0124811707,-0.0338168181,0.0237671155
3.36780679,0.0238358248,-0.015644474,0.0399961509
3.37776479,0.0349609144,0.000551540637,0.0588286966
3.38772279,0.0343632996,0.0064270068,0.0633741766
3.39767979,0.021167336,0.00812929962,0.0677180588
3.40763779,0.00326290494,0.0115043232,0.0637637973
3.41759579,-0.00779134408,-0.000385093095,0.0442620032
3.42755379,-0.00971893966,-0.0103090964,0.0256984383
3.43751179,0.00372336549,-0.0213705357,0.0137373833
3.44746979,0.0291818529,-0.0369779915,0.013835921
3.45742779,0.0509217717,-0.0531598926,0.0149366055
3.46738579,0.0651174858,-0.055850748,0.0225673597
3.47734379,0.0717069432,-0.0323241167,0.0272185709
3.48730179,0.0568036288,0.0110089751,0.0216288622
3.49725879,0.0329702012,0.0376730748,0.0129996883
3.50721679,-0.00169350416,0.0427179039,-0.00327968295
3.51717479,-0.0325190611,0.0430539921,-0.0218206104
3.52713279,-0.0433445461,0.0315438099,-0.0407122746
3.53709079,-0.0377702825,0.0161137227,-0.0544206314
3.54704879,-0.0169784501,0.00588239031,-0.0587895475
3.55700679,0.00223918585,-0.0110720918,-0.0518946238
3.56696479,0.0169329103,-0.0215612184,-0.0427495949
3.57692279,0.025161013,-0.0137304598,-0.0321179889
3.58688079,0.026617229,0.00678893039,-0.0179827288
3.59683779,0.02233034,0.0281815697,-0.00977699738
3.60679579,0.0127839725,0.0492807291,-0.00590129849
3.61675379,-0.000899882114,0.0653747469,-0.00395772373
3.62671179,-0.0165840369,0.0690264702,-0.00770479115
3.63666979,-0.0362637304,0.0465725623,-0.0187523831
3.64662779,-0.0473747067,0.0206094049,-0.0259021707
3.65658579,-0.0532413833,-0.00566720683,-0.0358730443
3.66654379,-0.0538927913,-0.0240986776,-0.0492141508
3.67650179,-0.0372778624,-0.0228017196,-0.0533737428
3.68645979,-0.0179116223,-0.00455853296,-0.0436854288
3.69641679,-0.00627227686,0.00693433871,-0.0290316511
3.70637479,-0.00310817524,0.0214059558,-0.0155094508
3.71633279,-0.00878470298,0.0388560519,-0.00407277234
3.72629079,-0.0160644539,0.0343912616,0.00254065567
3.73624879,-0.0214965027,0.0196434762,0.00171241257
3.74620679,-0.0237005353,0.00625390094,0.0091221258
3.75616479,-0.0157243684,-0.0127749173,0.0111272195
3.76612279,-0.000155262285,-0.0287030172,0.0127927605
3.77608079,0.0103730122,-0.0232880116,0.0150955962
3.78603879,-0.00162692508,-0.0126721198,0.0111479927
3.79599579,-0.0324138664,-0.0100345248,0.00188392017
3.80595379,-0.0596201867,-0.00465733605,0.0038008634
3.81591179,-0.0632431507,0.010114952,0.0162801705
3.82586979,-0.0453288667,0.0261509102,0.0298417844
3.83582779,-0.0176588893,0.0297879893,0.0326865725
3.84578579,-0.0011001518,0.0343433246,0.0333760679
3.85574379,0.00664725015,0.0511508025,0.0322370306
3.86570179,0.0022567627,0.0655028448,0.0300204828
3.87565979,-0.00941081252,0.0613238104,0.0297469757
3.88561779,-0.0196685102,0.0464876071,0.0300332662
3.89557479,-0.0297650862,0.0288524199,0.0345076434
3.90553279,-0.0283370987,0.00854421966,0.0419887304
3.91549079,-0.0262758117,-0.00643233303,0.0448902436
3.92544879,-0.0284697246,-0.0190605093,0.0406664684
3.93540679,-0.0289898403,-0.0309973303,0.0294138156
3.94536479,-0.0229607094,-0.034782216,0.0195188392
3.95532279,-0.00362589373,-0.0407969654,0.0181339961
3.96528079,0.0247032158,-0.0455440506,0.0226999857
3.97523879,0.0455373898,-0.0491236039,0.0318040028
3.98519679,0.0526938364,-0.0465725623,0.0414544977
3.99515479,0.0468308888,-0.0267048478,0.0455693491
4.00511179,0.0295986384,-0.000470047933,0.0392078571
4.01506979,0.0108965896,0.0270119105,0.0328479595
4.02502779,0.00407037558,0.0446462967,0.0297573637
4.03498579,0.00992320478,0.0480727218,0.0266457256
4.04494379,0.0226624347,0.0303070396,0.0351169743
4.05490179,0.0297621563,0.00760652078,0.045712892
4.06485979,0.0347561166,-0.0355630554,0.0440364331
4.07481779,0.0333398469,-0.037353497,0.0317049325
4.08477579,0.0289413705,-0.0381316729,0.0190221611
4.09473379,0.0334237367,-0.0328314491,0.0127645312
4.10469079,0.0406968296,-0.0148958592,0.0135778608
4.11464879,0.0370272584,0.0247298479,0.00020639498
4.12460679,0.012502742,0.0471688434,-0.021049358
4.13456479,-0.0131797176,0.0340040401,-0.026617229
4.14452279,-0.0178530328,0.0283445567,-0.0191076472
4.15448079,-0.0045018075,0.0149906669,-0.0144993141
4.16443879,0.00592713105,-0.01254775,-0.0067159594
4.17439679,0.00929256808,-0.0297946464,0.00907152519
4.18435479,-1.9441075E-05,-0.0383215547,0.0258084275
4.19431279,-0.00660677021,-0.0270811524,0.0446271226
4.20426979,0.00592979463,-0.0152849462,0.0596239157
4.21422779,0.0347244255,-0.00118191086,0.0725370497
4.22418579,0.0614244789,0.000620782841,0.0741099119
4.23414379,0.0690152869,-0.00959217362,0.0676554739
4.24410179,0.0635518134,-0.0175773948,0.0576007105
4.25405979,0.0511537306,-0.0065710838,0.0428840853
4.26401779,0.0428715684,0.00793222524,0.0350999311
4.27397579,0.0347196311,0.0247895028,0.0341406614
4.28393379,0.0299006402,0.0345214903,0.0317515396
4.29389179,0.0149190286,0.0248470269,0.0182128251
4.30384979,-0.00504988618,0.00984730478,0.00505787553
4.31380679,-0.0212938376,-0.00975329522,-0.00273693074
4.32376479,-0.0292127468,-0.0326271839,-0.0105450526
4.33372279,-0.0222861301,-0.0545327514,-0.0182269402
4.34368079,-0.00293959724,-0.0640596747,-0.0252443701
4.35363879,0.00617720233,-0.0629382208,-0.0244475529
4.36359679,0.00162932195,-0.0479845703,-0.0234866831
4.37355479,-0.020477578,-0.0201180521,-0.0180722103
4.38351279,-0.0479163937,0.0117863519,-0.00564563507
4.39347079,-0.0593216456,0.0531132855,0.0115964683
4.40342879,-0.0666384175,0.0929488465,0.0161496755
4.41338579,-0.0728441104,0.108619153,0.0180346612
4.42334379,-0.074965857,0.106018312,0.0202954188
4.43330179,-0.0629661828,0.0906100571,0.0278100595
4.44325979,-0.030525418,0.0618604384,0.028194353
4.45321779,0.0156713706,0.0172860455,0.0376134217
4.46317579,0.0777395368,-0.0345249549,0.0515002087
4.47313379,0.1303114,-0.0769536346,0.0499771461
4.48309179,0.134173512,-0.101481885,0.0293283276
4.49304979,0.0899594501,-0.113898873,-0.0040442762
4.50300779,0.0228786841,-0.106266521,-0.0339590311
4.51296579,-0.0395796336,-0.0758854449,-0.0581621043
4.52292279,-0.0686855838,-0.0317249075,-0.066962257
4.53288079,-0.0566539578,0.0101775359,-0.0597006157
4.54283879,-0.0209417678,0.046156045,-0.0414228067
4.55279679,0.0142255416,0.0517148599,-0.0224512462
4.56275479,0.0327741913,0.0451618843,-0.00460247509
4.57271279,0.0282335021,0.0294039622,0.000247407675
4.58267079,0.00419953885,0.00254784618,0.000774447224
4.59262879,-0.021095166,-0.0127637321,0.00243546069
4.60258679,-0.0382081047,-0.0183824692,0.0098169446
4.61254479,-0.0360224508,-0.0214365833,0.0110012516
4.62250179,-0.0285797138,0.00577346701,0.00841345824
4.63245979,-0.0378014408,0.0313142464,0.00431804918
4.64241779,-0.0683955699,0.0597983524,-0.00375612243
4.65237579,-0.101148985,0.083373189,-0.0147762829
4.66233379,-0.104711495,0.103079513,-0.018389659
4.67229179,-0.0946852267,0.110272713,-0.0194099173
4.68224979,-0.0780521929,0.095617868,-0.0156876165
4.69220779,-0.0509830229,0.0603267252,-0.00675058085
4.70216579,-0.0169707276,0.0131565481,0.000304132991
4.71212379,0.0199878234,-0.0288585462,0.00298194145
4.72208179,0.0463746898,-0.0503081791,0.0108971223
4.73203879,0.0593128577,-0.055033423,0.017803764
4.74199679,0.0561863072,-0.0470330231,0.0213223323
4.75195479,0.0353127159,-0.0327507555,0.0164423566
4.76191279,0.00948990788,-0.00266795466,0.00459049083
4.77187079,-0.0140191466,0.0187324081,-0.00242640614
4.78182879,-0.0213532262,0.0205990188,-0.00881532952
4.79178679,-0.0266928636,0.00677028811,-0.0189521201
4.80174479,-0.0247367714,-0.0199244395,-0.0205572061
4.81170279,-0.0185827389,-0.0514011383,-0.0271495953
4.82166079,-0.00585229648,-0.06842646,-0.0256001689
4.83161879,0.0173763279,-0.049295377,-0.0114699686
4.84157579,0.0407801867,-0.0177960414,0.00207247189
4.85153379,0.041389253,0.0200994089,0.00316783017
4.86149179,0.00619477918,0.0555916242,0.00115155079
4.87144979,-0.0418465175,0.0787789673,0.0110172313
4.88140779,-0.061520353,0.0877407715,0.0245732535
4.89136579,-0.0641118735,0.0824863538,0.0297267362
4.90132379,-0.0608263314,0.0673928857,0.0348040536
4.91128179,-0.0455049016,0.0598367006,0.0425360091
4.92123979,-0.0154372798,0.0720390379,0.0429751649
4.93119779,0.000212253944,0.0744774267,0.0346762203
4.94115579,0.000325970905,0.0556997471,0.0384320766
4.95111279,0.00342455879,0.0415024348,0.0437698513
4.96107079,0.0102694156,0.0312577896,0.0385127701
4.97102879,0.0169467591,0.0201737117,0.0321787074
4.98098679,0.0206717234,0.00916899741,0.0364778489
4.99094479,0.0247154664,-0.00392842898,0.0373793282
5.00090279,0.0318783037,-0.022110628,0.0196522642
5.01086079,0.0234688409,-0.0265322756,0.00235210382
5.02081879,-0.00283706537,-0.0235862862,-0.0102039017
5.03077679,-0.0286244545,-0.0188418645,-0.013022325
5.04073479,-0.0350847505,0.0044783717,-0.00710424827
5.05069279,-0.0358400233,0.0245498177,-0.000247673976
5.06064979,-0.0216475055,0.0265019145,0.0179771353
5.07060779,-0.00447171368,0.0314199738,0.0295978393
5.08056579,-0.00501899328,0.031308122,0.0276982058
5.09052379,-0.0254997667,0.0325084068,0.0153789567
5.10048179,-0.0459874645,0.0268654358,0.00818895362
5.11043979,-0.0483632721,0.00696043763,-0.00164024089
5.12039779,-0.0246456917,-0.0154575193,-0.00710211787
5.13035579,0.00798016228,-0.0241703168,0.00223093014
5.14031379,0.0313656442,-0.0348085798,0.0083551351
5.15027179,0.0305544473,-0.0233034585,0.0125195198
5.16022979,0.0125597343,-0.00863530021,0.0145134293
5.17018679,-0.0107224192,-0.00475747092,0.00979697052
5.18014479,-0.0206842385,-0.0137419114,0.00636016112
5.19010267,-0.0122851618,-0.00950855017,0.00856153015
5.20006067,0.00772316707,-0.00276516005,0.00893810112
5.21001867,0.0192384087,0.00573245436,0.00271775597
5.21997667,0.0135789253,-0.00382270128,-0.00829281751
5.22993467,-0.00710930862,-0.0107415942,-0.0194224343
5.23989267,-0.0206394978,-0.000384027837,-0.0288636051
5.24985067,-0.0289735943,0.024901621,-0.0315877534
5.25980867,-0.0274822246,0.0392699093,-0.0293134134
5.26976667,-0.0137752006,0.0388840176,-0.0212099478
5.27972467,0.0286870375,0.0151235592,-0.0149520515
5.28968167,0.0931741521,0.0417762101,-0.0231300872
5.29963967,0.129318312,0.132461369,-0.01777873
5.30959767,0.106948823,0.178380653,-0.00468716351
5.31955567,0.0633028075,0.200672641,-0.00511939451
5.32951367,0.0151448641,0.209545508,-0.0101224091
5.33947167,-0.0326373056,0.173627183,-0.016920127
5.34942967,-0.0670442805,0.116102107,-0.0162916221
5.35938767,-0.0781113133,0.0540768169,-0.00803049561
5.36934567,-0.0602321811,-0.00486666057,0.000102265389
5.37930367,-0.0261453167,-0.0445032865,-0.000773914624
5.38926167,0.0027102991,-0.0517689213,0.00169563468
5.39921867,0.0206560101,-0.0416260064,0.0133837163
5.40917667,0.0282034092,-0.0327595435,0.0284843724
5.41913467,0.0228230245,-0.0272870138,0.0356964767
5.42909267,0.0130718602,-0.0199060645,0.0354570597
5.43905067,0.00599743892,-0.00270710327,0.0320378281
5.44900867,-0.00501499884,0.0201239102,0.0267642364
5.45896667,-0.0188237559,0.0274960734,0.0204999484
5.46892467,-0.0347952656,0.020213658,0.0102995094
5.47888267,-0.0517284423,0.0199441463,-0.000411192072
5.48884067,-0.0555996113,0.0231726971,-0.00432657124
5.49879867,-0.0420228168,0.0226227548,-0.00777643034
5.50875567,-0.0233758967,0.0189321451,-0.0129706599
5.51871367,-0.00572659541,0.00391378161,-0.0197255015
5.52867167,0.00348607777,-0.0249210615,-0.026351979
5.53862967,-0.0043151197,-0.0503947288,-0.0317944139
5.54858767,-0.0275719725,-0.0531503037,-0.0436654538
5.55854567,-0.0453720093,-0.0618713573,-0.0534275398
5.56850367,-0.0493398532,-0.0560089387,-0.0574129596
5.57846167,-0.0355657153,-0.0506056547,-0.0605981015
5.58841967,-0.0132875759,-0.0603056848,-0.0552081279
5.59837767,0.0096824551,-0.0792703182,-0.0448524244
5.60833567,0.0313392803,-0.0850198194,-0.0397543386
5.61829267,0.0399700515,-0.0622101128,-0.0388283543
5.62825067,0.029224731,-0.0241016075,-0.0400387608
5.63820867,0.0145195546,0.00321337022,-0.0361343026
5.64816667,0.00146926602,0.0229764227,-0.0270092469
5.65812467,-0.00510767661,0.0279189833,-0.0210248586
5.66808267,-0.00915940944,0.0130478917,-0.0172176026
5.67804067,-0.00866139866,-0.00873889681,-0.0252014939
5.68799867,-0.00173078838,-0.0220829323,-0.0347672999
5.69795667,0.00796551444,-0.0219018366,-0.0389037244
5.70791467,0.0164886955,-0.0225391313,-0.0400976166
5.71787267,0.0200544018,-0.03605121,-0.0350131094
5.72783067,0.0224565733,-0.0524155386,-0.0274332222
5.73778767,0.0309121087,-0.0705095828,-0.0145890629
5.74774567,0.0383995883,-0.0826796964,-0.00650370587
5.75770367,0.0354458764,-0.0691348612,-0.00759853097
5.76766167,0.0172969643,-0.0424848758,-0.0167928282
5.77761967,-0.00684485678,-0.0231817514,-0.0181153547
5.78757767,-0.0296431128,-0.0209691972,-0.0209636055
5.79753567,-0.0460191555,-0.020666929,-0.0174200032
5.80749367,-0.0358149894,-0.0188085753,-0.00799241289
5.81745167,-0.00858017243,-0.0200466793,0.00172386412
5.82740967,0.0142665543,-0.0105953859,0.00361284427
5.83736767,0.0239687152,-0.0133906398,0.0126713207
5.84732467,0.0305368695,-0.0214986335,0.0217495039
5.85728267,0.0322104022,-0.0237199776,0.0237748381
5.86724067,0.0241002757,-0.0125445537,0.0255096201
5.87719867,0.0111993914,-0.00740412017,0.0313336886
5.88715667,0.00168844417,-0.00941800326,0.0273858178
5.89711467,-0.010244648,-0.0157368854,0.0146993175
5.90707267,-0.0231697671,-0.0249466281,0.00708906865
5.91703067,-0.0268135052,-0.0275277644,0.0113466643
5.92698867,-0.0126899621,-0.024536768,0.0206277799
5.93694667,0.0114902081,-0.0151323471,0.0337049663
5.94690467,0.0307230242,-0.0124446852,0.043047335
5.95686267,0.0345736891,-0.0102497078,0.0473478064
5.96681967,0.0390105173,-0.0072624404,0.0487960353
5.97677767,0.0348714292,0.00245436933,0.0494114906
5.98673567,0.0208810475,0.0173853822,0.0511918142
5.99669367,-0.00418915227,0.0241980143,0.0526211336
6.00665167,-0.0311469994,0.0336274691,0.0530901141
6.01660967,-0.0556182563,0.0380544402,0.0476346314
6.02656767,-0.0720736608,0.0319848321,0.0472308956
6.03652567,-0.0701223612,0.0135618811,0.0507449359
6.04648367,-0.0550528653,-0.00247540814,0.0527457707
6.05644167,-0.02153432,-0.0168402325,0.0572984442
6.06639967,0.011977301,-0.0178980399,0.0636096001
6.07635767,0.0386022516,-0.00811731536,0.0715375692
6.08631467,0.0456700176,-0.0157102533,0.0758524165
6.09627267,0.0286329761,-0.028340295,0.0701157078
6.10623067,0.0120116556,-0.0220653545,0.0538792089
6.11618867,-0.00706110522,-0.00891466532,0.0399420895
6.12614667,-0.0149991894,0.00826884899,0.0311198365
6.13610467,-0.00821824837,0.0274473373,0.0312396791
6.14606267,0.00217367196,0.0369612128,0.0275000669
6.15602067,0.00179070956,0.0439871661,0.0268830135
6.16597867,0.00934769493,0.0490825921,0.0327638052
6.17593667,0.0249413028,0.0594809018,0.0358586647
6.18589467,0.0348969959,0.0603664033,0.034894336
6.19585279,0.0428342819,0.0476378277,0.035731364
6.20580979,0.0495523736,0.0293000974,0.0225998517
6.21576779,0.0404363722,0.0140905185,0.00717748562
6.22572579,0.0227556452,-0.00340778101,-0.00600889046
6.23568379,0.00850693509,-0.00386238261,-0.0194557235
6.24564179,-0.00351510639,0.00482564792,-0.0253924411
6.25559979,-0.0116193714,0.0206389651,-0.018931346
6.26555779,-0.0126217855,0.0272497311,-0.00671649212
6.27551579,-0.00735325413,0.0279346947,0.00456945179
6.28547379,-0.0088353036,0.0263581034,0.00774447247
6.29543179,-0.0146367336,0.0170612745,0.00805446412
6.30538979,-0.0227287486,0.00762143452,0.00123943517
6.31534779,-0.0279259067,-0.0040322924,-0.0058741346
6.32530479,-0.0276292302,-0.00799720641,-0.00644751312
6.33526279,-0.0159219746,-0.015761653,0.00189324119
6.34522079,-0.00660437299,-0.0162167866,0.0123216473
6.35517879,-0.00686216727,0.000113716975,0.0216605552
6.36513679,-0.0117924772,0.0158197097,0.0284457561
6.37509479,-0.0193995312,0.0277434811,0.033006154
6.38505279,-0.0231183693,0.0202360302,0.0317920186
6.39501079,-0.0179049652,-0.00319392909,0.0242126621
6.40496879,-0.0134063531,-0.0302471183,0.0147017147
6.41492679,-0.0088704573,-0.045275867,-0.000879375788
6.42488479,-0.0063692159,-0.0519524142,-0.0180517044
6.43484279,-0.00409620814,-0.0468934737,-0.0245333053
6.44479979,0.00174730003,-0.0304662958,-0.0178245362
6.45475779,0.00721743284,-0.0056661414,-0.00836498849
6.46471579,0.00376517721,0.0189132374,-0.000723580888
6.47467379,0.00344905979,0.035760127,0.0118649155
6.48463179,0.00370845175,0.0507779606,0.0148748197
6.49458979,-0.00806005672,0.0501425304,0.00682435045
6.50454779,-0.0344493203,0.0582473278,-0.0129432287
6.51450579,-0.0672685206,0.0739360079,-0.0367295183
6.52446379,-0.0879476964,0.076951243,-0.0482090749
6.53442179,-0.0774833411,0.0673201829,-0.0507550575
6.54437979,-0.0437331013,0.0575141609,-0.0457661562
6.55433779,-0.00383761502,0.0533710793,-0.0377790704
6.56429479,0.0252776593,0.0549681783,-0.0208083428
6.57425279,0.0280968826,0.0426704995,-0.0144913243
6.58421079,0.0116830217,0.00727788638,-0.0200115256
6.59416879,0.00245969556,-0.0405420996,-0.0241359621
6.60412679,0.0205018129,-0.0804434419,-0.0240621921
6.61408479,0.0608034283,-0.0969835371,-0.0212802552
6.62404279,0.0902555957,-0.0912750512,-0.0241881609
6.63400079,0.084182255,-0.0861492679,-0.0266111046
6.64395879,0.0625134483,-0.0947267786,-0.0219332613
6.65391679,0.0491600893,-0.103318132,-0.0126580046
6.66387479,0.0771339312,-0.125362977,0.00924409833
6.67383279,0.155884936,-0.161662132,0.0441349708
6.68378979,0.257755637,-0.179969236,0.0771286041
6.69374779,0.329268962,-0.195247784,0.0974392071
6.70370579,0.351801455,-0.225008622,0.0965031013
6.71366379,0.325105399,-0.197922409,0.0901765004
6.72362179,0.257642984,-0.148005977,0.0883937776
6.73357979,0.173638374,-0.0924391225,0.0833183229
6.74353779,0.0921736062,-0.0366267189,0.0722502246
6.75349579,0.0174234658,0.0148963919,0.0588193759
6.76345379,-0.0482932292,0.0643419698,0.0459768139
6.77341179,-0.0910409614,0.115360148,0.0316857584
6.78336979,-0.115748703,0.144375548,0.0160506051
6.79332779,-0.130774796,0.152517363,-0.00218139519
6.80328579,-0.13934058,0.134049416,-0.0243785772
6.81324279,-0.139875874,0.102926917,-0.0481675304
6.82320079,-0.136948526,0.0803299919,-0.0682767928
6.83315879,-0.12774092,0.0670147166,-0.0748313665
6.84311679,-0.113013104,0.050638143,-0.0769882575
6.85307479,-0.104280867,0.0318679176,-0.082874909
6.86303279,-0.115951367,0.00913783815,-0.0895969942
6.87299079,-0.133590549,-0.0159832276,-0.0971646309
6.88294879,-0.132812113,-0.0561522171,-0.0959736705
6.89290679,-0.0995380431,-0.0872502178,-0.0899338871
6.90286479,-0.0406406373,-0.109463379,-0.078871116
6.91282279,0.0142793367,-0.114167854,-0.0578113683
6.92278079,0.0491190776,-0.0886494443,-0.0329124108
6.93273779,0.0492716767,-0.0530059598,-0.0183443855
6.94269579,0.0162751097,-0.0296593588,-0.00249191979
6.95265379,-0.0197569262,-0.028701419,0.0146987848
6.96261179,-0.0312743001,-0.0257144179,0.0272015277
6.97256979,-0.0233109146,-0.0424923338,0.037243776
6.98252779,0.00214251317,-0.0650985762,0.0466924049
6.99248579,0.0319597982,-0.0683092847,0.053399574
7.00244379,0.0465371422,-0.0593307018,0.0484892391
7.01240179,0.045861233,-0.0445544198,0.0395340919
7.02235979,0.0345222913,-0.0214789268,0.0392014645
7.03231779,0.0270566512,-0.00520488201,0.0395676494
7.04227579,0.0192988627,-0.0164972171,0.0309121087
7.05223379,0.00622487254,-0.0441261828,0.0057769292
7.06219079,0.00305917324,-0.0715335682,-0.0141877243
7.07214879,0.0169606078,-0.0779126436,-0.0201753099
7.08210679,0.0395114571,-0.049712427,-0.0281946193
7.09206479,0.0523646697,0.0113298865,-0.0406976268
7.10202279,0.0354509354,0.0532387197,-0.046351254
7.11198079,-0.011471034,0.0652541071,-0.0520506836
7.12193879,-0.0530600213,0.0467302203,-0.0578060411
7.13189679,-0.0645619482,0.00931041129,-0.0631422177
7.14185479,-0.0415317304,-0.0203058049,-0.0709218457
7.15181279,0.000490820559,-0.0200123247,-0.0665896758
7.16177079,0.0473773703,0.00602753228,-0.0542933308
7.17172879,0.0746848881,0.0554893576,-0.038133271
7.18168679,0.0752633289,0.0997284576,-0.0134500284
7.19164329,0.0537202209,0.114642955,0.00227327435
7.20160129,0.0207721237,0.0879612789,-0.00148497859
7.21155929,-0.0100182798,0.0520357713,-0.0216048937
7.22151729,-0.0233822875,0.0441014133,-0.051021371
7.23147529,-0.0414084271,0.0560885705,-0.086976178
7.24143329,-0.0760537535,0.062684685,-0.119525328
7.25139129,-0.110281497,0.0650261343,-0.140154704
7.26134929,-0.139381334,0.0505457334,-0.16113776
7.27130729,-0.159347042,0.00568238692,-0.177104473
7.28126529,-0.161767334,-0.0520821102,-0.184186623
7.29122329,-0.134086967,-0.10143102,-0.184146136
7.30118129,-0.0938303545,-0.121304587,-0.177739903
7.31113829,-0.0645715371,-0.0950540751,-0.160012037
7.32109629,-0.0583722293,-0.0393258333,-0.135196432
7.33105429,-0.0736238882,0.0298465788,-0.106610596
7.34101229,-0.0748039335,0.109819971,-0.0690235421
7.35097029,-0.0469206385,0.213519201,-0.0354543962
7.36092829,-0.00890348013,0.306115448,-0.00428449363
7.37088629,0.0175473019,0.350430995,0.0115032578
7.38084429,0.00553990761,0.36284557,0.00331030926
7.39080229,-0.0337654203,0.316744655,-0.0269461293
7.40076029,-0.0784215704,0.254848808,-0.065863438
7.41071829,-0.117025159,0.188571244,-0.104925886
7.42067629,-0.135869414,0.102568455,-0.118671253
7.43063429,-0.134965807,0.0302311387,-0.116990536
7.44059129,-0.114081562,-0.00435959455,-0.097603254
7.45054929,-0.0824730396,-0.0265189596,-0.0695154294
7.46050729,-0.0357209779,-0.0312828198,-0.0435778387
7.47046529,0.00843449775,-0.00917618815,-0.0120422821
7.48042329,0.0478511453,-0.00553777721,0.0204623975
7.49038129,0.0807038993,0.0110795489,0.0523963608
7.50033929,0.0933685601,0.0227103718,0.0725261346
7.51029729,0.069996126,0.0107658282,0.0751123279
7.52025529,0.0136375148,-0.0205183253,0.0750484094
7.53021329,-0.050641872,-0.0499728844,0.0710768402
7.54017129,-0.105982095,-0.077873759,0.065345183
7.55012929,-0.145376638,-0.105154917,0.0663971305
7.56008729,-0.164806262,-0.138089433,0.084897846
7.57004429,-0.15687643,-0.167026803,0.114852816
7.58000229,-0.126390427,-0.173401877,0.149239823
7.58996029,-0.0883596912,-0.152673692,0.157123581
7.59991829,-0.0678751841,-0.115456551,0.137733102
7.60987629,-0.073137857,-0.0952748507,0.101123951
7.61983429,-0.105711251,-0.0743964687,0.0510767661
7.62979229,-0.157756612,-0.0687604249,0.00161627249
7.63975029,-0.214493915,-0.0715245157,-0.0306596421
7.64970829,-0.248280108,-0.0713346303,-0.0503196307
7.65966629,-0.256869882,-0.0720622092,-0.0599173941
7.66962429,-0.255295932,-0.0712542087,-0.0720206648
7.67958229,-0.253052771,-0.056504555,-0.081451185
7.68954029,-0.252486587,-0.0321880281,-0.0747378841
7.69949729,-0.241708502,-0.0119285649,-0.0631376877
7.70945529,-0.228348479,-0.0108206896,-0.0590436123
7.71941329,-0.224673584,-0.0352882147,-0.0714326352
7.72937129,-0.226685613,-0.0751778409,-0.086547941
7.73932929,-0.219724104,-0.0883903131,-0.0970016494
7.74928729,-0.199576229,-0.0871657953,-0.104627341
7.75924529,-0.17160292,-0.0606455021,-0.100083187
7.76920329,-0.150580451,-0.0473842919,-0.0809577033
7.77916129,-0.131984934,-0.0515263081,-0.0567311905
7.78911929,-0.117105849,-0.058013767,-0.0289762579
7.79907729,-0.104300037,-0.0706936121,0.0112132393
7.80903529,-0.0987097993,-0.0850919932,0.0640418306
7.81899329,-0.0979670435,-0.0906433538,0.110551275
7.82895029,-0.0974919349,-0.100199036,0.142681777
7.83890829,-0.0888012424,-0.131679207,0.156053513
7.84886629,-0.06933593,-0.179366559,0.158082575
7.85882429,-0.029227661,-0.209604889,0.160790473
7.86878229,0.0124313692,-0.240107402,0.163076267
7.87874029,0.040075779,-0.25406903,0.173100144
7.88869829,0.0543545857,-0.249907836,0.182067007
7.89865629,0.0643246621,-0.222310826,0.198416412
7.90861429,0.0662882105,-0.171039656,0.210641921
7.91857229,0.0599251203,-0.107189305,0.227797747
7.92853029,0.0437986143,-0.0393316932,0.250011712
7.93848829,0.0267075114,0.0352693088,0.266482294
7.94844529,0.00312175741,0.108209029,0.260856092
7.95840329,-0.0303355344,0.150984719,0.243295744
7.96836129,-0.0770132914,0.165914133,0.207942277
7.97831929,-0.116277605,0.112832807,0.175957441
7.98827729,-0.144340664,0.0423724912,0.152281687
7.99823529,-0.146124721,-0.0304111689,0.143490046
8.00819329,-0.117892548,-0.0880773962,0.13459003
8.01815129,-0.0784932077,-0.0871282443,0.131189972
8.02810929,-0.0503121726,-0.0566502288,0.124473482
8.03806729,-0.0343473218,-0.0101450458,0.14054966
8.04802529,-0.0270987283,0.0415213443,0.161756411
8.05798329,-0.0288273878,0.0848485753,0.174289778
8.06794129,-0.0425866097,0.118706673,0.174413621
8.07789929,-0.0778769553,0.129883692,0.169562131
8.08785629,-0.132665366,0.129127353,0.1534556
8.09781429,-0.173476711,0.137999684,0.145164922
8.10777229,-0.192894623,0.132675484,0.138022318
8.11773029,-0.159976348,0.11182081,0.134820938
8.12768829,-0.0870872289,0.0874598101,0.130204082
8.13764629,0.00139309955,0.0603192672,0.130597427
8.14760429,0.070910126,0.0378552377,0.13947694
8.15756229,0.122689702,-0.0180210788,0.153679833
8.16752029,0.144707114,-0.0791142583,0.153541088
8.17747829,0.130291954,-0.16654025,0.126552612
8.18743629,0.0946604609,-0.267006665,0.0858243629
8.19739483,0.0696632341,-0.367701858,0.0472061262
8.20735283,0.0686557591,-0.462874442,0.0128145982
8.21730983,0.110465787,-0.541143417,-0.00725738006
8.22726783,0.201422602,-0.587874949,-0.000700943987
8.23722583,0.302912742,-0.577254832,-0.000600542815
8.24718383,0.350160927,-0.537655711,-0.0286156666
8.25714183,0.309497654,-0.514596462,-0.10173595
8.26709983,0.175197914,-0.536609888,-0.217921406
8.27705783,-0.013860954,-0.54855448,-0.338750362
8.28701583,-0.178147897,-0.509953558,-0.434687793
8.29697383,-0.283911884,-0.435182095,-0.494280577
8.30693183,-0.30362913,-0.349246949,-0.513438821
8.31688983,-0.26009655,-0.250818908,-0.495996177
8.32684783,-0.183507249,-0.174842656,-0.445445925
8.33680583,-0.111573935,-0.0830584019,-0.38451013
8.34676283,-0.0735810101,0.0263245478,-0.342335492
8.35672083,-0.0736894011,0.10201212,-0.346940637
8.36667883,-0.119731463,0.123537116,-0.411351055
8.37663683,-0.19846569,0.113648802,-0.506542563
8.38659483,-0.264417797,0.0919925049,-0.599058926
8.39655283,-0.277581275,0.0783280954,-0.66766566
8.40651083,-0.231117114,0.0932718888,-0.706526756
8.41646883,-0.155138448,0.16336149,-0.705201566
8.42642683,-0.0678813159,0.293731481,-0.650855005
8.43638483,0.000449807907,0.448950112,-0.564860463
8.44634283,0.0360498801,0.571046472,-0.472471684
8.45630083,0.03423094,0.667272329,-0.395306855
8.46625883,0.00135767949,0.742088258,-0.320935935
8.47621683,-0.050795801,0.765977561,-0.2579346
8.48617383,-0.0905448124,0.705056965,-0.200012982
8.49613183,-0.0820927396,0.593304634,-0.134868875
8.50608983,-0.0184783433,0.443032831,-0.0808953792
8.51604783,0.0790567324,0.300148368,-0.0410212018
8.52600583,0.177644834,0.195411846,0.00163917569
8.53596383,0.244922668,0.108678542,0.0411077552
8.54592183,0.279155731,0.0530099533,0.0764710754
8.55587983,0.280052155,0.0263122972,0.108646855
8.56583783,0.250121415,0.0106987171,0.119839586
8.57579583,0.193211272,-0.00175449054,0.104936272
8.58575383,0.111276723,-0.0279682521,0.0747631863
8.59571183,0.0258800667,-0.059153866,0.0317014717
8.60566983,-0.0325837769,-0.0810213462,-0.0166812427
8.61562683,-0.0613166206,-0.0830373615,-0.0715165287
8.62558483,-0.0649715438,-0.0612961128,-0.126735568
8.63554283,-0.0582712963,-0.0419266783,-0.161662936
8.64550083,-0.0293453727,-0.0471786968,-0.171176806
8.65545883,0.0160202459,-0.0627621859,-0.170996517
8.66541683,0.064387776,-0.074265711,-0.165950358
8.67537483,0.0965305343,-0.117291473,-0.160486609
8.68533283,0.104498975,-0.144850403,-0.164080024
8.69529083,0.0920779929,-0.161866665,-0.184703007
8.70524883,0.0696842745,-0.185128316,-0.214565292
8.71520683,0.0551673807,-0.187967241,-0.243478164
8.72516483,0.0432060584,-0.167679816,-0.261334926
8.73512283,0.0357268378,-0.149699479,-0.271614194
8.74507983,0.0240464807,-0.139467344,-0.279357344
8.75503783,0.01709776,-0.125841811,-0.285238385
8.76499583,0.0212206002,-0.0887732804,-0.286031485
8.77495383,0.0355763696,-0.0335172154,-0.282307059
8.78491183,0.0478476845,0.0550629869,-0.28578487
8.79486983,0.0340692885,0.148896009,-0.293482751
8.80482783,-0.0108435927,0.198037446,-0.295974672
8.81478583,-0.0547418073,0.236293495,-0.278224975
8.82474383,-0.066259712,0.262892604,-0.23275815
8.83470183,-0.043564789,0.270709246,-0.171666294
8.84465983,-0.00307621737,0.263078243,-0.116596118
8.85461783,0.0336066969,0.230082467,-0.0691452473
8.86457583,0.0527412407,0.177926317,-0.0352733023
8.87453383,0.0602178015,0.132375091,-0.00409514271
8.88449083,0.0685452372,0.113172896,0.0146966539
8.89444883,0.0841071531,0.11364001,0.0350147076
8.90440683,0.106532834,0.102723449,0.0495198816
8.91436483,0.1286906,0.0655680895,0.0532973111
8.92432283,0.144001916,0.00487811211,0.0523550846
8.93428083,0.151213482,-0.038304247,0.0421389304
8.94423883,0.139274001,-0.0594593324,0.0251812525
8.95419683,0.102986835,-0.0624713674,0.00352629158
8.96415483,0.0644434392,-0.0494029708,-0.00381071726
8.97411283,0.0360384285,-0.017578993,0.000482564792
8.98407083,0.00819028541,0.0402006842,0.0162495431
8.99402883,-0.0168439616,0.0813611671,0.0457459167
9.00398683,-0.0275365524,0.111547835,0.0849923864
9.01394383,-0.0281717163,0.125904128,0.128105238
9.02390183,-0.0249863099,0.116110891,0.162851766
9.03385983,-0.019666113,0.0923262015,0.189274326
9.04381783,-0.0114409402,0.0434446782,0.211863518
9.05377583,0.00559663307,-0.00692581665,0.232761338
9.06373383,0.0389695019,-0.0453094244,0.270102322
9.07369183,0.0929597691,-0.0831452236,0.317559332
9.08364983,0.135337591,-0.113168098,0.352089614
9.09360783,0.166217476,-0.128018692,0.385453403
9.10356583,0.189561412,-0.139643922,0.413262159
9.11352383,0.18955715,-0.133085877,0.415394008
9.12348183,0.168741882,-0.11959324,0.397140175
9.13343983,0.148435548,-0.0976605117,0.386752784
9.14339683,0.136851326,-0.0769563019,0.369851291
9.15335483,0.133858472,-0.068531923,0.347440243
9.16331283,0.133056059,-0.054520499,0.33708322
9.17327083,0.13333942,-0.0380866639,0.345143288
9.18322883,0.131360948,-0.029224731,0.356259048
9.19318629,0.138755217,0.00213026255,0.362053812
9.20314429,0.147213146,0.0588745028,0.358211398
9.21310229,0.139842853,0.0962138847,0.343508363
9.22306029,0.127997652,0.112677276,0.315941185
9.23301829,0.104318418,0.118149273,0.280856967
9.24297629,0.0639912337,0.0799803212,0.243547142
9.25293429,0.0082749743,0.00161307666,0.193303153
9.26289229,-0.0282974187,-0.0961718038,0.149703473
9.27285029,-0.0249183998,-0.16834107,0.13011539
9.28280729,0.0145118311,-0.207833618,0.132974029
9.29276529,0.079539299,-0.204555273,0.158784583
9.30272329,0.148097858,-0.144086599,0.201440975
9.31268129,0.211042464,-0.0278193802,0.251256734
9.32263929,0.25412789,0.0911781117,0.294550151
9.33259729,0.270846158,0.193561748,0.328246057
9.34255529,0.242353782,0.27429679,0.355381787
9.35251329,0.167226806,0.268960625,0.384676039
9.36247129,0.075475581,0.195691735,0.40229845
9.37242929,0.00386264874,0.0779238269,0.390993595
9.38238729,-0.0277741067,-0.0401431583,0.37808606
9.39234529,-0.0139621543,-0.110615194,0.37786153
9.40230329,0.04473285,-0.112377673,0.396549463
9.41226029,0.121212177,-0.0579021834,0.423215181
9.42221829,0.195424616,0.0138953095,0.444616616
9.43217629,0.238540933,0.0848131552,0.450945884
9.44213429,0.233699575,0.116668023,0.433006823
9.45209229,0.192571044,0.123246297,0.403036416
9.46205029,0.138668939,0.0996333808,0.35320574
9.47200829,0.0910396278,0.0249660704,0.297180265
9.48196629,0.0591549315,-0.0622929335,0.244236112
9.49192429,0.0441128649,-0.146565199,0.20620963
9.50188229,0.0561482236,-0.222933486,0.171130463
9.51184029,0.0956468955,-0.254021347,0.144699663
9.52179829,0.137753069,-0.213029444,0.126500949
9.53175629,0.169659868,-0.126253277,0.103727996
9.54171329,0.164219826,-0.018694859,0.078341946
9.55167129,0.113165706,0.0664376095,0.0490833893
9.56162929,0.0206464231,0.106435895,0.011689147
9.57158729,-0.0888012424,0.0909128636,-0.031801071
9.58154529,-0.177230969,0.0296297967,-0.0644330531
9.59150329,-0.223784626,-0.0457395241,-0.0873700604
9.60146129,-0.243031561,-0.085043788,-0.101073354
9.61141929,-0.248729929,-0.108389854,-0.103361808
9.62137729,-0.241522878,-0.135174602,-0.0926548392
9.63133529,-0.192909271,-0.131943911,-0.0655869991
9.64129329,-0.103979394,-0.107027382,-0.0255897827
9.65125129,0.00261575682,-0.0476711169,0.0269064493
9.66120929,0.086790286,0.0330626108,0.0917464346
9.67116729,0.109433815,0.100482397,0.153631642
9.68112529,0.0742875487,0.125218377,0.198639318
9.69108229,0.01239808,0.127269536,0.235660732
9.70104029,-0.0416467786,0.136760771,0.259114385
9.71099829,-0.069388397,0.141449004,0.272607565
9.72095629,-0.0580952615,0.156283081,0.290053397
9.73091429,-0.0211465638,0.17179732,0.297509968
9.74087229,0.0233117137,0.169046551,0.279778391
9.75083029,0.0491161458,0.165946886,0.245767161
9.76078829,0.0483395681,0.139671341,0.200361058
9.77074629,0.0256073587,0.100103162,0.14542298
9.78070429,-0.00432896847,0.042399656,0.0914667994
9.79066229,-0.0187313426,-0.0461272821,0.053524211
9.80062029,-0.0163363628,-0.153451607,0.0347923338
9.81057829,-0.0139480401,-0.221720949,0.0331374481
9.82053529,-0.0214621481,-0.254595011,0.038998533
9.83049329,-0.0343824737,-0.25083676,0.0429847501
9.84045129,-0.0426696986,-0.244685113,0.0286644008
9.85040929,-0.0503782183,-0.230562106,-0.00741424039
9.86036729,-0.0805502385,-0.221577927,-0.0703505948
9.87032529,-0.109056182,-0.234985083,-0.127951309
9.88028329,-0.109724902,-0.228555948,-0.169464663
9.89024129,-0.0744215026,-0.194513291,-0.198157832
9.90019929,-0.0199457444,-0.145205393,-0.203082278
9.91015729,0.035566248,-0.0803342536,-0.177254409
9.92011529,0.0807012394,0.00780945364,-0.126799226
9.93007329,0.0989044756,0.0973233581,-0.0728310645
9.94003129,0.0964833945,0.174107358,-0.0200421512
9.94998829,0.0907757059,0.237795785,0.0208040811
9.95994629,0.0735495836,0.280184776,0.0393921472
9.96990429,0.0488753989,0.278750151,0.0439565405
9.97986229,0.00541686965,0.267475903,0.0298551004
9.98982029,-0.0384318121,0.236253276,0.00965742115
9.99977829,-0.0637624711,0.195492536,-0.00119496032
10.0097363,-0.0637992173,0.13374795,-0.00305491197
10.0196943,-0.0332338549,0.0635092035,-0.00745392172
10.0296523,0.0112185664,-0.0288910363,-0.0118425442
10.0396103,0.0642080158,-0.134296015,-0.0180000402
10.0495683,0.108803712,-0.219643414,-0.0174226668
10.0595263,0.133482963,-0.297278017,-0.0206389651
10.0694843,0.144452512,-0.371730685,-0.0346567817
10.0794423,0.17008251,-0.416645676,-0.0430172421
10.0893993,0.211519703,-0.423965663,-0.0244552754
10.0993573,0.260974079,-0.389916331,0.0149666993
10.1093153,0.285923898,-0.383863777,0.0358815677
10.1192733,0.266857803,-0.419257998,0.0307091773
10.1292313,0.194958836,-0.445948184,0.0175321214
10.1391893,0.0761546865,-0.479802549,-0.00513084605
10.1491473,-0.0815917999,-0.52031219,-0.0629733726
10.1591053,-0.238320157,-0.566847444,-0.14658305
10.1690633,-0.332135856,-0.543296576,-0.227248594
10.1790213,-0.330767006,-0.411355585,-0.26631397
10.1889793,-0.252823472,-0.216481969,-0.261166632
10.1989375,-0.130249619,-0.00502591766,-0.225144699
10.2088955,-0.0256132185,0.155916899,-0.176794216
10.2188525,0.0283405613,0.26099804,-0.133092269
10.2288105,0.0321741812,0.330725193,-0.112087391
10.2387685,-0.00626828242,0.378990471,-0.119319201
10.2487265,-0.0892017782,0.368919462,-0.158526793
10.2586845,-0.191828817,0.287599832,-0.225905031
10.2686425,-0.275755137,0.0800881758,-0.304194778
10.2786005,-0.271604866,-0.134902686,-0.363663435
10.2885585,-0.171486005,-0.248922467,-0.376894295
10.2985165,-0.0159973428,-0.269104183,-0.353738368
10.3084745,0.118427046,-0.237632796,-0.308999926
10.3184325,0.191214964,-0.15459837,-0.255961478
10.3283905,0.198265955,-0.030173881,-0.202773884
10.3383485,0.172107056,0.150608689,-0.158792838
10.3483065,0.141525701,0.361984581,-0.12989302
10.3582635,0.121302195,0.554602206,-0.11230763
10.3682215,0.114320718,0.696318328,-0.100650445
10.3781795,0.124573886,0.78244096,-0.0887924507
10.3881375,0.146801427,0.824253678,-0.0761352479
10.3980955,0.163860038,0.856677651,-0.0635432899
10.4080535,0.155133933,0.839057386,-0.0320796408
10.4180115,0.12265002,0.772061288,0.0046706521
10.4279695,0.0757909045,0.676017046,0.0374602899
10.4379275,0.0135586858,0.570275187,0.05785105
10.4478855,-0.0607608184,0.432195634,0.0501625016
10.4578435,-0.13490136,0.316817105,0.0210669357
10.4678015,-0.186169073,0.233037516,-0.0226571094
10.4777595,-0.204170704,0.182242513,-0.0797374398
10.4877165,-0.213679001,0.151538387,-0.136033729
10.4976745,-0.217702225,0.10772673,-0.183739468
10.5076325,-0.225983858,0.0555090643,-0.227859795
10.5175905,-0.245444909,-0.00550315622,-0.25608477
10.5275485,-0.282835156,-0.0510216393,-0.268648505
10.5375065,-0.331606418,-0.0672581345,-0.274297327
10.5474645,-0.397878408,-0.0487789921,-0.277011365
10.5574225,-0.444828063,-0.00109935284,-0.259807616
10.5673805,-0.465979695,0.0676176623,-0.212166324
10.5773385,-0.457122266,0.120181799,-0.156068429
10.5872965,-0.422136337,0.168898746,-0.0933621749
10.5972545,-0.372018844,0.205287635,-0.0388038531
10.6072125,-0.317847729,0.230003104,0.0022098911
10.6171695,-0.257022202,0.254023492,0.0407538228
10.6271275,-0.206425607,0.255443484,0.0619893335
10.6370855,-0.170406356,0.235782966,0.0831108689
10.6470435,-0.153597549,0.200529367,0.105248123
10.6570015,-0.153081164,0.12512356,0.134212926
10.6669595,-0.163547114,0.0216925126,0.150534377
10.6769175,-0.161526039,-0.0843993053,0.139508635
10.6868755,-0.14441736,-0.178908765,0.106861204
10.6968335,-0.121072099,-0.237547308,0.0702523217
10.7067915,-0.0997050256,-0.250326484,0.0486650057
10.7167495,-0.0872427598,-0.246197522,0.0390320867
10.7267075,-0.0828136578,-0.227561787,0.0366192646
10.7366655,-0.0781414062,-0.189327583,0.0482466258
10.7466235,-0.0653931201,-0.130200073,0.0746438801
10.7565805,-0.0368642733,-0.0534307361,0.107126452
10.7665385,-0.00191614439,0.0452487059,0.1518071
10.7764965,0.0346360058,0.152607381,0.19612956
10.7864545,0.0675657243,0.244002014,0.232386097
10.7964125,0.088840127,0.313586414,0.255523652
10.8063705,0.0986315012,0.341916859,0.272198766
10.8163285,0.102993757,0.305422485,0.275027841
10.8262865,0.121843345,0.221144363,0.273569226
10.8362445,0.155789331,0.0912670642,0.265296906
10.8462025,0.19559747,-0.0521651991,0.251229554
10.8561605,0.234376818,-0.149528235,0.236252487
10.8661185,0.261555165,-0.212988973,0.229401231
10.8760765,0.280267328,-0.244080037,0.226421952
10.8860345,0.315629601,-0.287430435,0.227021173
10.8959915,0.389244169,-0.3102777,0.229856104
10.9059495,0.502673268,-0.261906177,0.241218477
10.9159075,0.641450286,-0.141127035,0.269879431
10.9258655,0.748148263,-0.00334892515,0.300389111
10.9358235,0.772019744,0.0944125205,0.304207832
10.9457815,0.716345608,0.11624565,0.274890959
10.9557395,0.607018292,0.101185471,0.223902345
10.9656975,0.484169602,0.0596979521,0.165977791
10.9756555,0.357993841,-0.00397929549,0.102636628
10.9856135,0.251922518,-0.0744334906,0.0418097638
10.9955715,0.186353624,-0.102096274,0.0105213504
11.0055295,0.161628574,-0.083341226,0.0179054979
11.0154875,0.164453655,-0.0468063876,0.0491257347
11.0254455,0.173670322,-0.00909522735,0.0812056363
11.0354025,0.159159556,0.015416773,0.0982852876
11.0453605,0.110316388,0.0130976923,0.0945368931
11.0553185,0.0271674395,-0.0226342063,0.064156346
11.0652765,-0.0813925937,-0.0963771343,0.0183180217
11.0752345,-0.188078031,-0.215781555,-0.0194480009
11.0851925,-0.250176013,-0.368686676,-0.0503779538
11.0951505,-0.25008893,-0.513037503,-0.0679201931
11.1051085,-0.208673045,-0.644086599,-0.0699764192
11.1150665,-0.143152371,-0.755824804,-0.0527497642
11.1250245,-0.0527471006,-0.819879711,-0.0136215361
11.1349825,0.053970024,-0.782365084,0.0300223473
11.1449405,0.160809129,-0.615027487,0.0677550808
11.1548985,0.238194987,-0.345153391,0.117191605
11.1648555,0.242892012,-0.0814940631,0.157467648
11.1748135,0.178972676,0.121501401,0.179707706
11.1847715,0.0827984735,0.252099097,0.182304025
11.1947298,-0.00944836251,0.320219815,0.174591511
11.2046878,-0.079567261,0.358479857,0.166759953
11.2146458,-0.130067989,0.367997468,0.160788342
11.2246038,-0.1509469,0.318260789,0.166296825
11.2345618,-0.124035925,0.231429234,0.185915813
11.2445198,-0.0594912916,0.167443588,0.197674468
11.2544778,-7.59000905E-05,0.1041051,0.193459481
11.2644358,0.0373319238,0.0700712278,0.183999136
11.2743938,0.0560366362,0.084662959,0.163159892
11.2843518,0.0445850454,0.0982267037,0.119050488
11.2943088,0.0121123232,0.107693441,0.0634700507
11.3042668,-0.0380957201,0.12327373,0.011745872
11.3142248,-0.0895506516,0.135926142,-0.0298569649
11.3241828,-0.118816935,0.150209472,-0.0619810782
11.3341408,-0.12866956,0.175265566,-0.0789858922
11.3440988,-0.138988242,0.191320956,-0.0754279122
11.3540568,-0.147547379,0.209063739,-0.0507574528
11.3640148,-0.14959988,0.214487538,-0.0127219204
11.3739728,-0.136630818,0.192210451,0.0251018908
11.3839308,-0.115992382,0.162648574,0.0643169358
11.3938888,-0.0891807452,0.14628984,0.0933515206
11.4038468,-0.0773504451,0.140286535,0.101066165
11.4138048,-0.104089119,0.111047156,0.0773656294
11.4237628,-0.15051733,0.0632324964,0.0392595232
11.4337198,-0.176867187,0.00712102652,-0.00106899289
11.4436778,-0.172373101,-0.0500581078,-0.0425003208
11.4536358,-0.150948241,-0.0828330964,-0.0670874268
11.4635938,-0.120961837,-0.111552358,-0.0638700575
11.4735518,-0.0837929025,-0.139478534,-0.0398645923
11.4835098,-0.0452630855,-0.141419977,-0.00799134746
11.4934678,-0.00311936066,-0.127394974,0.0272766277
11.5034258,0.040434774,-0.0866198465,0.0740981922
11.5133838,0.0781059861,-0.0264936592,0.123679332
11.5233418,0.0861753672,0.0301903933,0.161236823
11.5332998,0.0676869005,0.0675276443,0.187201843
11.5432578,0.0389045216,0.0894894004,0.187332347
11.5532158,-0.00277261692,0.100822486,0.150945038
11.5631728,-0.0511907488,0.0992059484,0.098912999
11.5731308,-0.0823992714,0.086983636,0.0581573136
11.5830888,-0.0820887461,0.0566536933,0.0250701997
11.5930468,-0.0391298272,0.0120582609,0.00668693101
11.6030048,0.0315323584,-0.0241077337,0.0170833785
11.6129628,0.109020762,-0.0649108216,0.0404382348
11.6229208,0.177193955,-0.114994496,0.0638953596
11.6328788,0.224124178,-0.153743759,0.072608158
11.6428368,0.239483699,-0.190645576,0.0631443486
11.6527948,0.234709442,-0.175354779,0.0517092682
11.6627528,0.19855544,-0.157587498,0.018397117
11.6727108,0.129980907,-0.189461008,-0.0496293381
11.6826688,0.0425655693,-0.258009166,-0.14321655
11.6926268,-0.0335587598,-0.320383072,-0.230743468
11.7025838,-0.105844937,-0.343216211,-0.305155903
11.7125418,-0.184338152,-0.339392722,-0.362683386
11.7224998,-0.272383332,-0.311091572,-0.410694599
11.7324578,-0.33629784,-0.222416833,-0.431059778
11.7424158,-0.344264686,-0.063981913,-0.404433221
11.7523738,-0.296520352,0.14481391,-0.333023489
11.7623318,-0.212001204,0.345410913,-0.240077049
11.7722898,-0.126656741,0.49137345,-0.160498336
11.7822478,-0.0809382573,0.56524235,-0.109194927
11.7922058,-0.0738369375,0.612605095,-0.0593373589
11.8021638,-0.0773642957,0.6388098,0.000713460846
11.8121218,-0.0673739836,0.644450903,0.0539532453
11.8220798,-0.0334516987,0.610659361,0.0926194191
11.8320378,0.00151081127,0.526154578,0.110510267
11.8419948,0.031266842,0.385198295,0.135613218
11.8519528,0.060230583,0.213721335,0.154156283
11.8619108,0.0924223438,0.033686325,0.146680519
11.8718688,0.103328519,-0.121955201,0.0967672914
11.8818268,0.0696797445,-0.235377103,0.010663297
11.8917848,-0.00440273806,-0.303545505,-0.101419829
11.9017428,-0.0836128742,-0.331995785,-0.2242046
11.9117008,-0.158235177,-0.317148656,-0.348624289
11.9216588,-0.223281294,-0.277550131,-0.45555687
11.9316168,-0.278261185,-0.210295975,-0.531918764
11.9415748,-0.311012208,-0.121365845,-0.581801116
11.9515328,-0.297707856,0.0181523729,-0.573108017
11.9614908,-0.235655129,0.201879054,-0.504194438
11.9714488,-0.143693253,0.379938543,-0.395430684
11.9814058,-0.0459094346,0.509022772,-0.272342831
11.9913638,0.0255269315,0.596609592,-0.166069672
12.0013218,0.0572821982,0.635026753,-0.0811718181
12.0112798,0.0548581891,0.611853004,-0.0289735943
12.0212378,0.0283480175,0.554752409,-0.00709439488
12.0311958,0.00564350467,0.460880786,-0.000961401151
12.0411538,0.00153584499,0.333846152,-0.0061921156
12.0511118,0.0161384903,0.194748983,-0.0301227476
12.0610698,0.0351209678,0.0640463606,-0.0631765723
12.0710278,0.0597120672,-0.0577985831,-0.0853844061
12.0809858,0.105467573,-0.152421758,-0.080266878
12.0909438,0.170604765,-0.214892328,-0.0692504421
12.1009018,0.232306734,-0.263062537,-0.0792008117
12.1108588,0.242199048,-0.268764615,-0.121409252
12.1208168,0.186456963,-0.255182773,-0.154603422
12.1307748,0.0933938622,-0.228358075,-0.143311888
12.1407328,0.0163930878,-0.215244666,-0.0910532102
12.1506908,-0.00770425843,-0.215877697,-0.0220831987
12.1606488,0.00880148076,-0.225364685,0.0368259251
12.1706068,0.0437213816,-0.247620985,0.0851263478
12.1805648,0.0924234092,-0.253423214,0.123717412
12.1905228,0.142022654,-0.223158523,0.14669624
12.2004806,0.189471126,-0.156850338,0.163567886
12.2104386,0.229036376,-0.0537649617,0.174588591
12.2203966,0.253493249,0.0555554032,0.184260383
12.2303546,0.261128277,0.13763243,0.200643361
12.2403126,0.244732514,0.178766012,0.221882328
12.2502696,0.215257719,0.189532906,0.247562394
12.2602276,0.175441593,0.182167947,0.25690636
12.2701856,0.127423733,0.141161382,0.241363883
12.2801436,0.0905211121,0.0919405743,0.211182013
12.2901016,0.0795329064,0.075931251,0.189291358
12.3000596,0.0964439809,0.0766678825,0.189962745
12.3100176,0.131415278,0.0826770365,0.203632757
12.3199756,0.158590436,0.0878212005,0.213281378
12.3299336,0.17959027,0.0928463191,0.227409184
12.3398916,0.193080768,0.11817085,0.245429739
12.3498496,0.203422889,0.151935205,0.265489191
12.3598076,0.216596752,0.17341812,0.277051032
12.3697656,0.230976492,0.208094612,0.280505687
12.3797226,0.242092267,0.238653317,0.290598273
12.3896806,0.256325513,0.261276871,0.308308303
12.3996386,0.26873666,0.265608758,0.318816602
12.4095966,0.262010306,0.232718736,0.312973082
12.4195546,0.23197411,0.194277599,0.297189593
12.4295126,0.172594681,0.168429226,0.279796243
12.4394706,0.101779357,0.12617898,0.263602883
12.4494286,0.0405186638,0.0569279976,0.2301099
12.4593866,-0.0091072116,-0.0343933925,0.174447432
12.4693446,-0.0665369481,-0.126859143,0.124388531
12.4793026,-0.113429092,-0.185944572,0.111821875
12.4892606,-0.130224586,-0.205331847,0.12618643
12.4992186,-0.0918241963,-0.189011991,0.141496941
12.5091766,-0.0144846663,-0.130060002,0.166154891
12.5191336,0.0796703249,-0.0280678533,0.215157315
12.5290916,0.170708358,0.0695367306,0.263140827
12.5390496,0.210355908,0.163717553,0.295360804
12.5490076,0.180775374,0.197927192,0.306133837
12.5589656,0.119394042,0.19549334,0.288809419
12.5689236,0.0484689996,0.145780906,0.245719224
12.5788816,-0.0256145503,0.0334684774,0.187472954
12.5888396,-0.0899591818,-0.117181487,0.13103658
12.5987976,-0.127335846,-0.266970187,0.101705857
12.6087556,-0.127314284,-0.376252472,0.0916143358
12.6187136,-0.097721234,-0.421486259,0.0917869136
12.6286716,-0.0643350482,-0.396406204,0.100673348
12.6386296,-0.0408651419,-0.323382586,0.112515889
12.6485866,-0.0320018753,-0.206769422,0.126274318
12.6585446,-0.0377859958,-0.0588417463,0.145790488
12.6685026,-0.0565916412,0.0686232671,0.168491006
12.6784606,-0.0752614662,0.146379322,0.199166104
12.6884186,-0.0865990743,0.175236002,0.224190757
12.6983766,-0.10166724,0.142673522,0.243379638
12.7083346,-0.112216555,0.0816330761,0.264555752
12.7182926,-0.111916147,0.0132127414,0.285920173
12.7282506,-0.113783821,-0.0645627454,0.286605656
12.7382086,-0.110309727,-0.139843121,0.274689615
12.7481666,-0.0869631246,-0.225497842,0.264203966
12.7581246,-0.0492732748,-0.291636914,0.251517981
12.7680826,-0.0149555132,-0.3218337,0.222234398
12.7780396,-0.0170399696,-0.306463271,0.193647489
12.7879976,-0.0509468056,-0.268529207,0.160655722
12.7979556,-0.105833486,-0.22013849,0.112851717
12.8079136,-0.154357344,-0.164198264,0.0672570691
12.8178716,-0.178685859,-0.112031996,0.0278867576
12.8278296,-0.18643938,-0.0751711801,-0.00550528662
12.8377876,-0.18336983,-0.0604777262,-0.032023713
12.8477456,-0.168130949,-0.0573668852,-0.0491808616
12.8577036,-0.136999667,-0.0676205903,-0.0716968253
12.8676616,-0.100420348,-0.0670964792,-0.0951877683
12.8776196,-0.0822506621,-0.0633645877,-0.11284852
12.8875776,-0.0764154121,-0.0737013817,-0.127081245
12.8975356,-0.084109284,-0.0862054601,-0.15820615
12.9074936,-0.101408914,-0.0771666914,-0.194561496
12.9174506,-0.114751615,-0.0392731018,-0.221429586
12.9274086,-0.12656486,0.0132574821,-0.257445395
12.9373666,-0.134967133,0.0512392186,-0.29345879
12.9473246,-0.131352693,0.0780761614,-0.310926974
12.9572826,-0.112034924,0.0979824886,-0.301625907
12.9672406,-0.0813819394,0.113747068,-0.277323484
12.9771986,-0.0510890149,0.122213259,-0.249452442
12.9871566,-0.0365417674,0.124600515,-0.226828352
12.9971146,-0.0363734551,0.108931541,-0.209324196
13.0070726,-0.0409351811,0.0942790955,-0.205003217
13.0170306,-0.051458396,0.082625635,-0.204097733
13.0269886,-0.0762343183,0.0576680899,-0.214387134
13.0369466,-0.103770867,0.0144753456,-0.226377219
13.0469046,-0.122789837,-0.0309611112,-0.231037483
13.0568616,-0.124578148,-0.068600364,-0.227923706
13.0668196,-0.115302354,-0.0937778875,-0.222752377
13.0767776,-0.110127568,-0.115030982,-0.219561651
13.0867356,-0.118322916,-0.143182188,-0.220949158
13.0966936,-0.132416889,-0.176958263,-0.231042534
13.1066516,-0.131889597,-0.195376158,-0.231704339
13.1166096,-0.124080934,-0.210289329,-0.227646202
13.1265676,-0.102318913,-0.251424789,-0.218222082
13.1365256,-0.0686592236,-0.299013346,-0.20647487
13.1464836,-0.0283645298,-0.309448928,-0.196259528
13.1564416,0.00548424758,-0.322779655,-0.195939943
13.1663996,0.0209111404,-0.359943539,-0.226133272
13.1763576,0.00667361543,-0.360450864,-0.263936579
13.1863146,-0.0475704484,-0.320727944,-0.301492989
13.196273,-0.157083899,-0.296146721,-0.36025992
13.206231,-0.298976064,-0.330135554,-0.451911539
13.216189,-0.411277026,-0.363165945,-0.547865212
13.226147,-0.462552994,-0.293050259,-0.613345444
13.236105,-0.428346276,-0.179539666,-0.621588707
13.246063,-0.319904506,0.0410222672,-0.577583432
13.256021,-0.177980393,0.283276975,-0.48730281
13.265979,-0.0542954616,0.499617279,-0.386532009
13.275937,0.00494815316,0.649707437,-0.311519802
13.285895,0.0103202816,0.682250202,-0.258939415
13.295853,0.0127299102,0.668756783,-0.213285908
13.305811,0.0320937559,0.626471341,-0.145698354
13.315769,0.0785467401,0.544601798,-0.0826578587
13.325726,0.141350999,0.458529234,-0.0387093127
13.335684,0.198152229,0.340577036,-0.0258638207
13.345642,0.222880214,0.186559498,-0.0700667053
13.3556,0.194311157,0.017063139,-0.144736677
13.365558,0.108741127,-0.141838625,-0.229491249
13.375516,0.0101264035,-0.242423296,-0.30988887
13.385474,-0.0524224602,-0.266812801,-0.36371696
13.395432,-0.0628657788,-0.251771241,-0.388750136
13.40539,-0.0385436639,-0.184704602,-0.402349055
13.415348,-0.00475134561,-0.0992530808,-0.394660771
13.425306,0.0296335258,0.0111985924,-0.382559627
13.435264,0.0541790836,0.148537278,-0.361989915
13.445222,0.0579690263,0.276804447,-0.339207083
13.455179,0.035055723,0.3536883,-0.310832977
13.465137,-0.000258326618,0.36842382,-0.279997289
13.475095,-0.0218115561,0.348891407,-0.24853684
13.485053,-0.0267213583,0.31098026,-0.222357705
13.495011,-0.0335289314,0.230569288,-0.210915968
13.504969,-0.0440201871,0.136971429,-0.212444618
13.514927,-0.0562052168,0.0517332368,-0.215052918
13.524885,-0.0608590879,-0.0558400974,-0.223489285
13.534843,-0.0591658503,-0.168989822,-0.240120724
13.544801,-0.0721783265,-0.255266905,-0.267855138
13.554759,-0.104964763,-0.314193338,-0.288104504
13.564717,-0.147431791,-0.336200655,-0.295185834
13.574675,-0.195291996,-0.334910333,-0.290716797
13.584633,-0.246031612,-0.329443425,-0.274445951
13.59459,-0.271303147,-0.304975361,-0.23322393
13.604548,-0.264250547,-0.24740687,-0.179440066
13.614506,-0.223458648,-0.1746573,-0.129273295
13.624464,-0.167853445,-0.0750697181,-0.0613328665
13.634422,-0.0983651876,0.0459238142,0.0191369429
13.64438,-0.0395876244,0.157012254,0.0860419422
13.654338,0.000901213731,0.209251493,0.131733
13.664296,0.019618975,0.213523194,0.159732133
13.674254,0.0138777327,0.1775897,0.164515182
13.684212,-0.00882331934,0.117391877,0.158612013
13.69417,-0.0265658312,0.0561290495,0.145677045
13.704128,-0.0204943568,0.0102776708,0.128100976
13.714086,0.00702834828,-0.00939456653,0.114424311
13.724044,0.0439469516,-0.012673717,0.1157258
13.734001,0.084982805,-0.0213822536,0.135171935
13.743959,0.123309948,-0.0181094948,0.164773241
13.753917,0.145068243,0.00754580041,0.197765276
13.763875,0.12443354,0.0248962957,0.216248944
13.773833,0.0755650625,0.013199958,0.214288861
13.783791,0.0234075878,-0.00597187225,0.192622438
13.793749,-0.00538597675,-0.0255314596,0.169667333
13.803707,0.00355052645,-0.0409809873,0.155660972
13.813665,0.0371186063,-0.041825477,0.14654763
13.823623,0.0788253099,-0.0449136794,0.142344892
13.833581,0.113415509,-0.0476340987,0.145553201
13.843539,0.132625952,-0.0511212423,0.159524679
13.853497,0.150901899,-0.0267423987,0.187252983
13.863455,0.165097341,0.0344437286,0.230721623
13.873412,0.173024505,0.110021308,0.273084521
13.88337,0.189678594,0.194512218,0.32254076
13.893328,0.199083269,0.232931525,0.338414788
13.903286,0.182469681,0.186036184,0.307635844
13.913244,0.14173983,0.0954410359,0.26608628
13.923202,0.0912910327,0.0161121245,0.225597173
13.93316,0.0440329723,-0.0766708106,0.188205332
13.943118,0.0146838715,-0.181189224,0.149551407
13.953076,0.0183220152,-0.241543919,0.126310796
13.963034,0.0540664308,-0.22773543,0.133448869
13.972992,0.122783445,-0.165346622,0.163047239
13.98295,0.199158907,-0.059638828,0.204540625
13.992908,0.252128929,0.0328487605,0.24482733
14.002866,0.245960772,0.0925211459,0.252880454
14.012824,0.179592937,0.111638382,0.232724324
14.022781,0.0734318718,0.125160322,0.209036574
14.032739,-0.0346972607,0.104627609,0.188740894
14.042697,-0.102617718,0.0441847704,0.166132778
14.052655,-0.114572115,-0.0470806919,0.134983391
14.062613,-0.0694770813,-0.150131449,0.106365852
14.072571,0.000904942106,-0.236691639,0.0846762732
14.082529,0.0814826116,-0.28494066,0.0895980597
14.092487,0.151105091,-0.287894905,0.106062517
14.102445,0.194906905,-0.265154958,0.124508642
14.112403,0.215434551,-0.224312201,0.134674191
14.122361,0.204392284,-0.167672887,0.139634326
14.132319,0.159511626,-0.0945432857,0.147070676
14.142277,0.0972594395,-0.0211388413,0.161974788
14.152235,0.0262366645,0.0375660174,0.18821305
14.162192,-0.0329273231,0.0842789263,0.222480476
14.17215,-0.0771043748,0.115007013,0.255262136
14.182108,-0.105730161,0.113863982,0.272032052
14.192066,-0.142227441,0.104545318,0.26828897
14.2020233,-0.184183419,0.100178264,0.249891326
14.2119813,-0.219071358,0.0814027116,0.223375559
14.2219393,-0.236749426,0.0487808548,0.191914052
14.2318973,-0.233059883,-0.00569037627,0.159116954
14.2418553,-0.213239312,-0.0624721646,0.123019934
14.2518133,-0.192703679,-0.107569337,0.0824725032
14.2617713,-0.153696612,-0.145771056,0.0600223243
14.2717293,-0.0906729102,-0.15960218,0.0508453362
14.2816873,-0.0270558521,-0.158416003,0.0457067676
14.2916453,0.0155736329,-0.15325214,0.0459941216
14.3016033,0.0206522811,-0.136626557,0.0506804883
14.3115603,0.00136966375,-0.0963893831,0.0523492247
14.3215183,-0.0163440853,-0.0309651066,0.0515140556
14.3314763,-0.0261064358,0.0668416172,0.0574949831
14.3414343,-0.0338445157,0.1544756,0.0568931103
14.3513923,-0.0540320762,0.221233055,0.0423754193
14.3613503,-0.0871934891,0.257674962,0.0202418882
14.3713083,-0.120212696,0.271502346,-0.00654738164
14.3812663,-0.159915105,0.281808257,-0.0471139811
14.3912243,-0.189515337,0.279149085,-0.0825814307
14.4011823,-0.198886201,0.250131279,-0.11196249
14.4111403,-0.178902373,0.201616734,-0.144443735
14.4210983,-0.138338163,0.146106347,-0.173140362
14.4310563,-0.0846608281,0.0809971169,-0.191071689
14.4410143,-0.031805601,0.00822517276,-0.198996454
14.4509723,0.0295855887,-0.0512863584,-0.193910614
14.4609303,0.086802274,-0.099608615,-0.18361856
14.4708873,0.131423533,-0.13266404,-0.170563743
14.4808453,0.158732384,-0.153199673,-0.165705606
14.4908033,0.15802905,-0.173219457,-0.163369492
14.5007613,0.117320232,-0.186715826,-0.179307967
14.5107193,0.0660820827,-0.23172617,-0.203289464
14.5206773,0.032035429,-0.279541373,-0.226342857
14.5306353,0.0315366201,-0.314614654,-0.246055305
14.5405933,0.0580776855,-0.338574857,-0.252277523
14.5505513,0.103513606,-0.319298625,-0.243515447
14.5605093,0.153615922,-0.269210964,-0.217562422
14.5704673,0.191450387,-0.210637406,-0.178547636
14.5804253,0.219451666,-0.129078895,-0.12891458
14.5903833,0.227335945,-0.0371281952,-0.0815680996
14.6003413,0.186424732,-0.0176362507,-0.0768617615
14.6102983,0.110253267,-0.0591610596,-0.120820157
14.6202563,0.0141483098,-0.103595369,-0.171447113
14.6302143,-0.0819302872,-0.144438401,-0.204800546
14.6401723,-0.169990629,-0.20097065,-0.247819394
14.6501303,-0.237693787,-0.28105405,-0.328524619
14.6600883,-0.274582565,-0.336682409,-0.422299325
14.6700463,-0.279583722,-0.345942765,-0.493861109
14.6800043,-0.237139314,-0.294932842,-0.521428287
14.6899623,-0.141985372,-0.173807472,-0.512584746
14.6999203,-0.034421891,-0.0325949602,-0.474723101
14.7098783,0.048066061,0.0967113599,-0.403615922
14.7198363,0.0947187841,0.217565611,-0.313627154
14.7297943,0.0970351994,0.311952025,-0.229195371
14.7397523,0.0737224221,0.39195925,-0.144462913
14.7497103,0.0584281571,0.465203643,-0.0554075986
14.7596683,0.0612612255,0.510453939,0.00996475015
14.7696263,0.0693263412,0.493408382,0.0405602083
14.7795833,0.0672810376,0.408427984,0.0415639542
14.7895413,0.0561844446,0.256578535,0.0286140684
14.7994993,0.0580489226,0.068705827,0.011628693
14.8094573,0.091186367,-0.0766250044,-0.0213929061
14.8194153,0.136726156,-0.17414251,-0.084618479
14.8293733,0.159307092,-0.213104025,-0.166690975
14.8393313,0.151100039,-0.193141758,-0.242975891
14.8492893,0.12123242,-0.104493655,-0.308522671
14.8592473,0.082164377,0.0067268787,-0.361700147
14.8692053,0.0464535169,0.133839294,-0.387453437
14.8791633,0.0186740849,0.225575328,-0.389309943
14.8891213,-0.0110979248,0.270778239,-0.37198633
14.8990793,-0.0493427813,0.275743425,-0.345861793
14.9090373,-0.0878273249,0.257262677,-0.314614117
14.9189953,-0.122970134,0.231752798,-0.294553071
14.9289533,-0.148471758,0.189348355,-0.289216101
14.9389103,-0.168518975,0.129088208,-0.297823429
14.9488683,-0.177515671,0.0656786114,-0.314891368
14.9588263,-0.179666698,0.00836498849,-0.331043452
14.9687843,-0.172280163,-0.0313049257,-0.331151307
14.9787423,-0.165848628,-0.0415335931,-0.314264178
14.9887003,-0.161652818,-0.0292409752,-0.282611728
14.9986583,-0.157978445,0.00313027948,-0.255915403
15.0086163,-0.169811934,0.0363377668,-0.231145874
15.0185743,-0.191490337,0.0538264811,-0.200725108
15.0285323,-0.214407369,0.0623925366,-0.174553171
15.0384903,-0.227300003,0.051983837,-0.15871188
15.0484483,-0.228683516,0.043325901,-0.146988645
15.0584063,-0.220868737,0.0245743189,-0.127014413
15.0683643,-0.196875244,-0.00445413683,-0.100853644
15.0783223,-0.165465921,-0.0332210697,-0.0741056502
15.0882803,-0.124226607,-0.0599288456,-0.0388230309
15.0982383,-0.0716478229,-0.079178974,0.00796418358
15.1081953,-0.0150396693,-0.0827116594,0.055089619
15.1181533,0.0367047526,-0.0634029433,0.0986970142
15.1281113,0.0712944195,-0.0333941765,0.134711474
15.1380693,0.0838964954,0.00572579633,0.160767049
15.1480273,0.0939043909,0.0477249101,0.181616664
15.1579853,0.0986453518,0.0946625918,0.190934539
15.1679433,0.0996171385,0.12305855,0.203355521
15.1779013,0.107544035,0.133690149,0.218615696
15.1878593,0.119637184,0.127680466,0.230059564
15.1978175,0.129334554,0.111461282,0.23112376
15.2077755,0.139174134,0.0707892179,0.232013255
15.2177335,0.153964803,0.0416039005,0.235391214
15.2276915,0.172779232,0.0344591737,0.243200138
15.2376495,0.179711446,0.0383548476,0.249055892
15.2476075,0.171219692,0.0422971249,0.250954449
15.2575655,0.152226821,0.0605331175,0.244721338
15.2675235,0.118718661,0.0847314,0.236773655
15.2774815,0.0795960277,0.120262228,0.237695649
15.2874385,0.0427783579,0.176811531,0.246155709
15.2973965,0.00550395483,0.216508597,0.236899361
15.3073545,-0.0321984179,0.212500811,0.207001925
15.3173125,-0.0783752352,0.213634253,0.179418221
15.3272705,-0.140655652,0.219499335,0.160889283
15.3372285,-0.196696281,0.188618645,0.143859699
15.3471865,-0.231441215,0.107378125,0.116990536
15.3571445,-0.239601672,-0.000417583651,0.0895466581
15.3671025,-0.219486818,-0.105566107,0.0824828893
15.3770605,-0.16232419,-0.186799183,0.102250472
15.3870185,-0.0667167157,-0.212978318,0.137934163
15.3969765,0.0517055392,-0.175402448,0.188036487
15.4069345,0.166092038,-0.0814045817,0.260395646
15.4168925,0.256636053,0.0401689894,0.335156143
15.4268505,0.275502145,0.146167323,0.378845304
15.4368085,0.219332352,0.212322906,0.391836733
15.4467665,0.122998893,0.220482305,0.385447562
15.4567245,0.0346959271,0.180425167,0.362924397
15.4666815,-0.0169752557,0.0995380431,0.332158506
15.4766395,-0.0126127312,-0.00539769465,0.306094408
15.4865975,0.0390960053,-0.109665774,0.291065395
15.4965555,0.119213745,-0.205824539,0.283930242
15.5065135,0.202490523,-0.276807636,0.284659415
15.5164715,0.266679615,-0.299988329,0.287858427
15.5264295,0.285066098,-0.288663477,0.278960258
15.5363875,0.250536084,-0.265561372,0.258468032
15.5463455,0.170450568,-0.241891459,0.222462371
15.5563035,0.0689660162,-0.222801924,0.19389917
15.5662615,-0.0219867919,-0.186911836,0.180540219
15.5762195,-0.0893237516,-0.14887017,0.1828316
15.5861775,-0.119234778,-0.107381053,0.199284077
15.5961355,-0.126867399,-0.0834789127,0.224628046
15.6060935,-0.118924789,-0.0730861947,0.257256836
15.6160515,-0.106891297,-0.0644892454,0.28512761
15.6260095,-0.10097269,-0.0523921028,0.296785861
15.6359665,-0.118471518,-0.0490351878,0.286003262
15.6459245,-0.148338869,-0.0731506422,0.262070507
15.6558825,-0.177846968,-0.100985467,0.216104865
15.6658405,-0.203170165,-0.118814804,0.165485099
15.6757985,-0.217615679,-0.134790033,0.117105052
15.6857565,-0.214838266,-0.147134855,0.0864595249
15.6957145,-0.188520119,-0.14239043,0.0771650895
15.7056725,-0.153050005,-0.129943877,0.082506597
15.7156305,-0.112937734,-0.118807077,0.10387367
15.7255885,-0.0751765072,-0.0952532813,0.12923336
15.7355465,-0.0562321134,-0.068293035,0.145041615
15.7455045,-0.0578712896,-0.0421330705,0.153918192
15.7554625,-0.0783374161,-0.0201020725,0.141859934
15.7654205,-0.119728796,-0.0132122086,0.109702796
15.7753785,-0.180758059,-0.0104880612,0.0546600483
15.7853365,-0.235353127,-0.00612234091,0.000916127407
15.7952945,-0.259209186,0.00568425097,-0.0453951769
15.8052525,-0.241551906,0.010960239,-0.0666493326
15.8152105,-0.191815242,0.0212115459,-0.0757434964
15.8251675,-0.123224728,0.0291957017,-0.0763104856
15.8351255,-0.0530198067,0.0381947905,-0.0635888278
15.8450835,0.00851678941,0.0344117694,-0.0470612533
15.8550415,0.0602095462,0.000649012334,-0.0349334814
15.8649995,0.0989747867,-0.0411170758,-0.0360940881
15.8749575,0.118442491,-0.0881754011,-0.0456721485
15.8849155,0.128212556,-0.147444576,-0.0624825507
15.8948735,0.140696391,-0.203368828,-0.0844504386
15.9048315,0.163437933,-0.254297256,-0.110298276
15.9147895,0.18356584,-0.302291423,-0.131391838
15.9247475,0.200632975,-0.339116275,-0.147245377
15.9347055,0.204092145,-0.360399723,-0.159502581
15.9446635,0.193269864,-0.383575886,-0.17034936
15.9546215,0.188189343,-0.374839664,-0.167710438
15.9645795,0.20396325,-0.322879523,-0.150096551
15.9745375,0.231391683,-0.211734623,-0.121896878
15.9844955,0.25763607,-0.0678131357,-0.0875527486
15.9944535,0.258062184,0.00331883132,-0.080065541
16.0044115,0.223565444,0.0160524696,-0.10599035
16.0143685,0.160365701,0.0359987468,-0.122156002
16.0243265,0.0691007748,0.0457421876,-0.150849432
16.0342845,-0.0764034316,-0.00881905761,-0.234990135
16.0442425,-0.252698839,-0.136533603,-0.36387676
16.0542005,-0.40678373,-0.284364074,-0.512936532
16.0641585,-0.494973242,-0.377728641,-0.636288047
16.0741165,-0.477071226,-0.377557397,-0.705350995
16.0840745,-0.373402625,-0.283741981,-0.707942247
16.0940325,-0.210219279,-0.120886743,-0.651465654
16.1039905,-0.0269088466,0.0645515621,-0.547406077
16.1139485,0.124296919,0.253571004,-0.431366593
16.1239065,0.191971838,0.433756232,-0.327660948
16.1338645,0.176848814,0.587299466,-0.243398279
16.1438225,0.108649246,0.681021154,-0.17908746
16.1537805,0.0302809402,0.701643586,-0.13956508
16.1637385,-0.0341558382,0.651906133,-0.11840228
16.1736965,-0.064964354,0.519376874,-0.106598347
16.1836545,-0.0515859611,0.340779692,-0.0962786004
16.1936125,-0.0121400198,0.14722088,-0.0963672847
16.2035708,0.0412672795,-0.0271352138,-0.0958746001
16.2135278,0.0979537293,-0.140259638,-0.110068716
16.2234858,0.136083543,-0.21888335,-0.147260025
16.2334438,0.14284344,-0.24323529,-0.199833483
16.2434018,0.12315096,-0.179711178,-0.254328698
16.2533598,0.0721950978,-0.0532416515,-0.315084189
16.2633178,-0.00301656243,0.108802646,-0.376556069
16.2732758,-0.0823444054,0.259849966,-0.409484446
16.2832338,-0.138400227,0.368020087,-0.415943414
16.2931918,-0.172192276,0.415385753,-0.399488807
16.3031498,-0.178910628,0.412911952,-0.35893473
16.3131078,-0.163204104,0.379142791,-0.299355537
16.3230658,-0.138202339,0.335561216,-0.253860503
16.3330238,-0.119440913,0.269984066,-0.228200153
16.3429818,-0.108288921,0.211951137,-0.209238172
16.3529398,-0.109824501,0.165002808,-0.201038569
16.3628978,-0.120957583,0.119375929,-0.196001723
16.3728558,-0.126173109,0.0931110382,-0.174283922
16.3828138,-0.115347631,0.0751623958,-0.150241166
16.3927718,-0.0991537496,0.0553745739,-0.126370192
16.4027298,-0.0955582112,0.032181371,-0.099686116
16.4126868,-0.101368167,0.0148631018,-0.074354656
16.4226448,-0.113356389,0.000165914927,-0.0562411696
16.4326028,-0.118245415,-0.0195284281,-0.0410984345
16.4425608,-0.109467372,-0.0406664684,-0.0239335615
16.4525188,-0.0801353157,-0.0559045449,-0.00281336345
16.4624768,-0.041109886,-0.0662229657,0.0206975546
16.4724348,-0.00199737074,-0.059283562,0.0534419194
16.4823928,0.0276555959,-0.0465925373,0.0805507675
16.4923508,0.0370565541,-0.0295991711,0.0992837101
16.5023088,0.0287477579,-0.00916020852,0.113897808
16.5122668,0.0141890561,0.00901240297,0.119757563
16.5222248,0.00609544292,0.0239484757,0.126159802
16.5321828,0.0040655816,0.0334466398,0.128825352
16.5421408,0.00814874005,0.0292391125,0.128449857
16.5520988,0.03192278,0.0350746289,0.136810318
16.5620568,0.0769709498,0.0629901513,0.15469797
16.5720148,0.128439203,0.101659514,0.18236874
16.5819728,0.168422297,0.124386668,0.206237063
16.5919308,0.18039082,0.124838874,0.222976625
16.6018888,0.187527552,0.109131545,0.230930418
16.6118468,0.182367682,0.0755586699,0.231916592
16.6218038,0.175253838,0.0419248119,0.227559119
16.6317618,0.172331288,0.00828509405,0.220914543
16.6417198,0.193139106,-0.0411732681,0.215015098
16.6516778,0.245963961,-0.0955856442,0.218786135
16.6616358,0.344384283,-0.0941254348,0.249276131
16.6715938,0.438793063,-0.0379567035,0.297682554
16.6815518,0.486520648,0.0435882248,0.346721202
16.6915098,0.456023455,0.122366659,0.372397006
16.7014678,0.333059728,0.141792014,0.348849863
16.7114258,0.162963882,0.117673904,0.28478992
16.7213838,0.00243839016,0.133514911,0.203490809
16.7313418,-0.131511956,0.140278548,0.119774073
16.7412998,-0.247281432,0.0775070414,0.0154119795
16.7512578,-0.336044848,-0.0592100583,-0.0975278914
16.7612158,-0.36822331,-0.192390218,-0.176987022
16.7711738,-0.333034158,-0.254945487,-0.225626469
16.7811318,-0.232329905,-0.187928095,-0.216401279
16.7910898,-0.0990528166,-0.02316311,-0.138983458
16.8010478,0.0349345468,0.17490603,-0.0252893772
16.8110058,0.124769099,0.359909713,0.0721346438
16.8209638,0.134466991,0.476549506,0.142782182
16.8309218,0.0863884166,0.531625271,0.185652688
16.8408788,0.0147310095,0.519768894,0.208609134
16.8508368,-0.0462234206,0.42461279,0.219409317
16.8607948,-0.0695516467,0.262571424,0.228114128
16.8707528,-0.0612724125,0.0632849634,0.229809493
16.8807108,-0.0330173373,-0.163460836,0.237825871
16.8906688,0.0177497026,-0.371198833,0.254079938
16.9006268,0.0879295915,-0.494741559,0.266798139
16.9105848,0.144796863,-0.516052961,0.270481557
16.9205428,0.149267241,-0.48095119,0.254583806
16.9305008,0.0929339379,-0.418390602,0.227951139
16.9404588,-0.00139096903,-0.341334164,0.192738026
16.9504168,-0.116459765,-0.26758936,0.147247776
16.9603748,-0.231907263,-0.196763664,0.0984581336
16.9703328,-0.344432205,-0.159820557,0.0545828193
16.9802908,-0.425184309,-0.151129335,0.0231857467
16.9902488,-0.454639941,-0.159669816,0.00980123132
17.0002068,-0.442309231,-0.196123168,0.00859348848
17.0101648,-0.401760489,-0.265542448,0.0146263465
17.0201228,-0.343747258,-0.325570375,0.0299051683
17.0300808,-0.278677166,-0.373338431,0.0525111444
17.0400388,-0.222714573,-0.39469406,0.0667784959
17.0499958,-0.179722622,-0.361884981,0.0816224217
17.0599538,-0.14907071,-0.281659633,0.0979340225
17.0699118,-0.130758017,-0.161442429,0.105353057
17.0798698,-0.129150257,-0.0191436,0.108233526
17.0898278,-0.140153915,0.10805776,0.118819058
17.0997858,-0.147509024,0.199003905,0.136559442
17.1097438,-0.150406018,0.236981913,0.148554847
17.1197018,-0.146998495,0.227068841,0.153476909
17.1296598,-0.132388666,0.188838899,0.150518939
17.1396178,-0.112291656,0.145998225,0.13665691
17.1495758,-0.0978879482,0.104059555,0.108445786
17.1595338,-0.0910726488,0.0423767529,0.067242153
17.1694918,-0.0870195851,-0.0385564454,0.013659087
17.1794498,-0.0726837888,-0.120080069,-0.0327369086
17.1894078,-0.0480285138,-0.140946999,-0.0700629726
17.1993658,-0.0266723577,-0.123711288,-0.103248626
17.2093238,-0.0235615186,-0.0988749117,-0.131150827
17.2192818,-0.0268185642,-0.0643339828,-0.149530634
17.2292398,-0.0271599814,-0.00541260839,-0.16247493
17.2391978,-0.0329409055,0.0518980846,-0.170095563
17.2491558,-0.0438569374,0.0886664838,-0.166365013
17.2591138,-0.0589629188,0.101998538,-0.164668038
17.2690708,-0.0701263547,0.0764034316,-0.173143283
17.2790288,-0.0766028985,0.0152426027,-0.192883968
17.2889868,-0.0598018132,-0.0661518574,-0.207929224
17.2989448,-0.0138228713,-0.134235308,-0.211589739
17.3089028,0.0523188636,-0.185395956,-0.209391043
17.3188608,0.121651597,-0.215940014,-0.200467855
17.3288188,0.187007442,-0.216248944,-0.175960377
17.3387768,0.244645968,-0.184827372,-0.147808895
17.3487348,0.283884168,-0.152247593,-0.134330913
17.3586928,0.2971659,-0.124088928,-0.125376567
17.3686508,0.29993853,-0.0824488029,-0.12185853
17.3786088,0.301145464,0.00430766307,-0.110500142
17.3885668,0.294770122,0.0788428858,-0.0935709625
17.3985248,0.26970765,0.050172355,-0.131225124
17.4084828,0.259170055,-0.0407743268,-0.192562789
17.4184408,0.335913032,-0.14388606,-0.270720452
17.4283988,0.471081764,-0.202664956,-0.416630507
17.4383568,0.576626599,-0.302983046,-0.516888678
17.4483148,0.611218929,-0.414183855,-0.49725771
17.4582728,0.591221213,-0.408820003,-0.42583093
17.4682308,0.532868445,-0.411996067,-0.351878136
17.4781888,0.393171251,-0.396361202,-0.252290577
17.4881468,0.174880728,-0.38799727,-0.186143503
17.4981038,-0.0241522081,-0.206370488,-0.142190963
17.5080618,-0.152079552,0.11153052,-0.0892622322
17.5180198,-0.194054157,0.466220707,-0.0441408306
17.5279778,-0.16140461,0.794114172,-0.0230579153
17.5379358,-0.0748611912,1.03284657,0.00367835816
17.5478938,0.0178509019,1.13808942,0.0369332507
17.5578518,0.0940380841,1.11356115,0.0788569972
17.5678098,0.144960657,0.998584747,0.115958825
17.5777678,0.155576542,0.832483113,0.135695517
17.5877258,0.130808607,0.602145493,0.12398959
17.5976838,0.108989336,0.299521744,0.0848485753
17.6076418,0.122594893,0.0604345798,0.0106356004
17.6175998,0.175030142,-0.0320953503,-0.110321976
17.6275578,0.202277735,0.00534469774,-0.245171145
17.6375158,0.16218625,0.0715980232,-0.375233531
17.6474738,0.0629619211,0.132428348,-0.4850173
17.6574318,-0.0561040156,0.140098512,-0.557846785
17.6673898,-0.145824581,0.0785318241,-0.580114782
17.6773478,-0.184098199,0.0152111771,-0.569055974
17.6873058,-0.200616986,-0.00147858704,-0.550871909
17.6972638,-0.221629068,-0.00580569124,-0.531698227
17.7072208,-0.257518619,-0.00504882075,-0.512028933
17.7171788,-0.282519579,-0.00163651246,-0.498044401
17.7271368,-0.292526126,0.00145222177,-0.480343968
17.7370948,-0.279524058,0.0107674263,-0.442850649
17.7470528,-0.240649357,0.0459483154,-0.390621275
17.7570108,-0.19701001,0.111284181,-0.332022935
17.7669688,-0.175173149,0.210725009,-0.259646207
17.7769268,-0.188207462,0.257780135,-0.198483795
17.7868848,-0.215536818,0.246161565,-0.154724061
17.7968428,-0.25807175,0.203197598,-0.116083995
17.8068008,-0.29478237,0.130005673,-0.0756292492
17.8167588,-0.306117058,0.0184413251,-0.0151794851
17.8267168,-0.282323033,-0.101773769,0.047164049
17.8366748,-0.237399235,-0.201536849,0.102271244
17.8466328,-0.182419345,-0.29139483,0.147733003
17.8565908,-0.13145043,-0.342086762,0.179360434
17.8665488,-0.0878963023,-0.378050089,0.191287935
17.8765068,-0.0566118807,-0.380620569,0.187095851
17.8864648,-0.041975148,-0.329374969,0.172936887
17.8964228,-0.0582414679,-0.24147734,0.153993025
17.9063808,-0.105292335,-0.151320279,0.145417109
17.9163388,-0.165505081,-0.0692387223,0.139994115
17.9262968,-0.224648029,-0.00192200334,0.142675921
17.9362538,-0.260902166,0.0593155213,0.157238618
17.9462118,-0.260804683,0.091314733,0.185565606
17.9561698,-0.204062313,0.136424154,0.229697376
17.9661278,-0.112052768,0.167433739,0.292034
17.9760858,-0.021062674,0.167858243,0.360096663
17.9860438,0.0491134822,0.122578114,0.410694331
17.9960018,0.0941557959,0.0771832019,0.475125521
18.0059598,0.122939236,0.00954982918,0.545167208
18.0159178,0.135228395,-0.0538579039,0.592943251
18.0258758,0.146104485,-0.109951533,0.629295349
18.0358338,0.157509193,-0.136385009,0.656030595
18.0457918,0.180459261,-0.124980018,0.676412821
18.0557498,0.216472924,-0.03916125,0.691591501
18.0657078,0.222910836,0.0708137155,0.689298511
18.0756658,0.168889686,0.132061094,0.649582803
18.0856238,0.0557713881,0.188875109,0.595107853
18.0955818,-0.097875163,0.223759055,0.539907157
18.1055398,-0.278807133,0.15624553,0.455041289
18.1154978,-0.480993241,-0.0372807942,0.309657991
18.1254558,-0.660146475,-0.304066956,0.145532161
18.1354138,-0.750034869,-0.514137089,0.0152684348
18.1453718,-0.718866289,-0.618125796,-0.0583943352
18.1553298,-0.568469584,-0.622126162,-0.0664149746
18.1652868,-0.335004896,-0.479571134,-0.0156199727
18.1752448,-0.0738262907,-0.211123422,0.0849753469
18.1852028,0.120418288,0.0844184756,0.204538494
18.1951608,0.185845762,0.296502233,0.287991315
18.2051187,0.121930435,0.420706481,0.312584281
18.2150767,-0.023367906,0.459675729,0.302000612
18.2250347,-0.172107577,0.440686584,0.287023246
18.2349927,-0.289242715,0.338313073,0.263498485
18.2449507,-0.326115251,0.109951265,0.247920051
18.2549087,-0.262350142,-0.127253562,0.251742214
18.2648667,-0.119705893,-0.30964601,0.281467885
18.2748247,0.0634540766,-0.423910528,0.322945029
18.2847827,0.258219838,-0.463376164,0.35906148
18.2947407,0.414651781,-0.422982693,0.36707893
18.3046987,0.488442123,-0.318019241,0.352063775
18.3146567,0.467025518,-0.22255531,0.328872949
18.3246147,0.386429459,-0.150559679,0.306189746
18.3345727,0.280997843,-0.0805630162,0.272227257
18.3445307,0.167658508,-0.0201558676,0.2423639
18.3544887,0.052497562,-0.00581581099,0.222735867
18.3644467,-0.051547613,-0.0349481292,0.212559134
18.3744047,-0.12513262,-0.0765072927,0.204754472
18.3843617,-0.155605569,-0.129125491,0.19296439
18.3943197,-0.141708672,-0.16928862,0.180435821
18.4042777,-0.0969939232,-0.192165181,0.161936432
18.4142357,-0.0439392291,-0.202815428,0.144529745
18.4241937,0.00790079962,-0.194975883,0.137396738
18.4341517,0.0546680391,-0.170288384,0.141554475
18.4441097,0.0706025288,-0.112470888,0.138289437
18.4540677,0.0528986342,-0.0311555229,0.14884381
18.4640257,-0.0057985005,0.0251357127,0.171928093
18.4739837,-0.0721037537,0.0438936874,0.181807086
18.4839417,-0.119455554,0.07256262,0.174323872
18.4938997,-0.15138793,0.0960828587,0.164887488
18.5038577,-0.177443221,0.0990147293,0.155740589
18.5138157,-0.195398256,0.0881274641,0.142020792
18.5237737,-0.19439131,0.0620764196,0.133606002
18.5337317,-0.162277862,0.0170431659,0.130477577
18.5436897,-0.116469353,-0.0358195156,0.11176648
18.5536477,-0.0713961497,-0.0662157685,0.0912100673
18.5636057,-0.0282374974,-0.08036834,0.0816818103
18.5735637,-0.00209670677,-0.0808770061,0.066893816
18.5835217,-0.00152625761,-0.0635888278,0.0453664176
18.5934797,-0.0276185777,-0.0336780697,0.0235021301
18.6034367,-0.0627049282,-0.0200432166,-0.00348687684
18.6133947,-0.0878909752,-0.00821345486,-0.0269493256
18.6233527,-0.0843913108,-0.00894981902,-0.0375862569
18.6333107,-0.0516240448,-0.0363923609,-0.0399655253
18.6432687,-0.00908617303,-0.0682184696,-0.0427898094
18.6532267,0.0452042297,-0.0987145901,-0.0427405387
18.6631847,0.108076401,-0.125270039,-0.0499451905
18.6731427,0.162947103,-0.157321975,-0.0703942701
18.6831007,0.186998919,-0.161663458,-0.105611384
18.6930587,0.183949858,-0.192631766,-0.141696155
18.7030167,0.179153502,-0.232551754,-0.175182998
18.7129747,0.195189193,-0.266566187,-0.200746953
18.7229327,0.226482138,-0.28861475,-0.213902697
18.7328907,0.256319672,-0.292728275,-0.225520477
18.7428487,0.271400094,-0.274445951,-0.240046158
18.7528067,0.263525128,-0.22660464,-0.258150071
18.7627647,0.242042452,-0.154205009,-0.27422595
18.7727227,0.219082281,-0.0432681106,-0.279394895
18.7826807,0.178419277,0.0620234236,-0.278549343
18.7926387,0.113226421,0.0597152635,-0.294341356
18.8025967,0.047548078,-0.00412550289,-0.321076304
18.8125547,-0.0203862321,-0.0186099038,-0.350735128
18.8225117,-0.116638735,-0.02441586,-0.393948913
18.8324697,-0.248081177,-0.09591268,-0.479005218
18.8424277,-0.406874806,-0.22882545,-0.612958491
18.8523857,-0.55305922,-0.348315358,-0.758752167
18.8623437,-0.637892067,-0.375064969,-0.870985508
18.8723017,-0.619549274,-0.30720523,-0.917401969
18.8822597,-0.510694146,-0.161319122,-0.906113148
18.8922177,-0.357121915,0.053387057,-0.857452929
18.9021757,-0.212086961,0.305023819,-0.758975089
18.9121337,-0.10633336,0.577989578,-0.61578995
18.9220917,-0.0442902334,0.834579527,-0.46920529
18.9320497,-0.036762543,1.00136459,-0.355983943
18.9420077,-0.0539436601,1.09631443,-0.267945439
18.9519657,-0.0602814481,1.10116088,-0.191530809
18.9619237,-0.031456992,0.969621241,-0.130841643
18.9718817,0.032213062,0.758610725,-0.0904057994
18.9818397,0.11227461,0.497403115,-0.0589424111
18.9917977,0.200240687,0.222941205,-0.0252917744
19.0017557,0.281778425,-0.0102901878,-0.00955515541
19.0117137,0.326016724,-0.177702084,-0.0272361487
19.0216717,0.323845446,-0.272925526,-0.0673265755
19.0316297,0.280298769,-0.2959387,-0.123903304
19.0415877,0.199098721,-0.267723858,-0.197427586
19.0515447,0.0955004245,-0.190721214,-0.265548587
19.0615027,-0.012848421,-0.0715460852,-0.321248859
19.0714607,-0.117333286,0.0530054271,-0.360903323
19.0814187,-0.214335993,0.126780048,-0.385214806
19.0913767,-0.271197408,0.130842432,-0.384639829
19.1013347,-0.254810452,0.0543993264,-0.362744898
19.1112927,-0.172247395,-0.061349377,-0.328297466
19.1212507,-0.0669049993,-0.179882422,-0.292922407
19.1312087,0.0160354245,-0.263667047,-0.238795266
19.1411667,0.0697314069,-0.298330486,-0.179824889
19.1511247,0.0887216106,-0.284942508,-0.132319957
19.1610827,0.0751842335,-0.233423412,-0.100695185
19.1710407,0.0525332503,-0.127075389,-0.0668506697
19.1809987,0.0215329882,-0.00172306516,-0.0353436098
19.1909567,-0.0193060543,0.0947709829,-0.00312388805
19.2009142,-0.0555479489,0.14529115,0.0114555871
19.2108722,-0.0869394243,0.170514748,-0.00651409198
19.2208302,-0.107634582,0.174113482,-0.0406840481
19.2307882,-0.103138372,0.132972971,-0.0805893838
19.2407462,-0.0756532177,0.0819507912,-0.126238897
19.2507042,-0.0274830237,0.000840227294,-0.165456608
19.2606622,0.0406494252,-0.0875016227,-0.191939086
19.2706192,0.117419571,-0.172813058,-0.202245519
19.2805772,0.205713481,-0.230152518,-0.197865143
19.2905352,0.287227243,-0.217122465,-0.19174467
19.3004932,0.323336244,-0.124234334,-0.188121706
19.3104512,0.301228017,-0.0170428995,-0.196874186
19.3204092,0.25146845,0.0531974398,-0.19876796
19.3303672,0.201967478,0.0963510349,-0.202976018
19.3403252,0.176572636,0.129967853,-0.177776918
19.3502832,0.188602939,0.156426355,-0.113951333
19.3602412,0.224589959,0.1682484,-0.026494991
19.3701992,0.27653411,0.157186151,0.0601903684
19.3801572,0.342413276,0.115902364,0.137432158
19.3901152,0.41369918,0.0494564995,0.202543259
19.4000732,0.478014231,-0.00134969002,0.248617545
19.4100312,0.532033026,-0.025030518,0.300199509
19.4199892,0.585244834,0.000301469845,0.370570332
19.4299472,0.626279593,0.0429557227,0.452496886
19.4399052,0.647136152,0.043815922,0.526988447
19.4498632,0.642397583,0.0110334763,0.609481692
19.4598212,0.649623036,-0.0572353266,0.706389904
19.4697792,0.678235769,-0.171898797,0.799882054
19.4797372,0.707654119,-0.281121939,0.85148263
19.4896942,0.688430607,-0.331726551,0.853561521
19.4996522,0.579230368,-0.314815998,0.788535118
19.5096102,0.361128628,-0.29956755,0.646070361
19.5195682,0.0978716984,-0.327302486,0.455641568
19.5295262,-0.127401903,-0.343430877,0.245827883
19.5394842,-0.269370764,-0.311925948,0.0452537648
19.5494422,-0.329075634,-0.251270324,-0.115001418
19.5594002,-0.350786239,-0.215973035,-0.221918553
19.5693582,-0.332147062,-0.225747913,-0.259261936
19.5793162,-0.258095473,-0.237377673,-0.231266513
19.5892742,-0.15977715,-0.256519943,-0.162168935
19.5992322,-0.0722600818,-0.277494997,-0.0553005412
19.6091902,-0.00863183755,-0.263224453,0.0669593289
19.6191482,0.0280332323,-0.221718818,0.163356438
19.6291062,0.0355287008,-0.174755827,0.199370891
19.6390642,0.0162455495,-0.142391235,0.172540084
19.6490222,-0.0296819955,-0.0990517512,0.116310097
19.6589802,-0.0900566578,-0.0512855574,0.0532096922
19.6689382,-0.129775301,0.0206770487,0.0103682186
19.6788962,-0.152911782,0.112254634,-0.0049865027
19.6888542,-0.172255382,0.208542556,0.00227061124
19.6988122,-0.190023735,0.300788343,0.0227487218
19.7087702,-0.229113072,0.345329434,0.0289938338
19.7187272,-0.281625032,0.335752696,0.0281525422
19.7286852,-0.316233605,0.308140248,0.0318932198
19.7386432,-0.306815326,0.267165661,0.0335744731
19.7486012,-0.256715685,0.229931206,0.0227561779
19.7585592,-0.197794303,0.205681786,0.019064771
19.7685172,-0.151198566,0.171571493,0.0337446481
19.7784752,-0.133703202,0.150322393,0.0563218631
19.7884332,-0.131173998,0.101837412,0.073792465
19.7983912,-0.116510101,0.0200645216,0.0873122662
19.8083492,-0.0647166818,-0.0371495001,0.103278719
19.8183072,0.0165395625,-0.0490615517,0.125337675
19.8282652,0.0930841342,-0.0216925126,0.155237526
19.8382232,0.145385161,0.0206560101,0.186811954
19.8481812,0.172935292,0.0512946136,0.206573144
19.8581392,0.19042933,0.0663252249,0.205865279
19.8680972,0.187727556,0.0556398258,0.184067309
19.8780552,0.163475752,0.0267133694,0.174780861
19.8880132,0.154649764,-0.00925821345,0.183386609
19.8979712,0.160380885,-0.0372136794,0.193522587
19.9079292,0.176911399,-0.0871679261,0.186259627
19.9178872,0.20969677,-0.127596572,0.16834107
19.9278452,0.255912989,-0.108040184,0.146200359
19.9378022,0.305974036,-0.0983329639,0.12489213
19.9477602,0.3730492,-0.0620724261,0.110516921
19.9577182,0.4425143,0.0251652747,0.101229683
19.9676762,0.460248291,0.119627334,0.0777573809
19.9776342,0.388354123,0.151224673,0.0142638907
19.9875922,0.218176812,0.112734273,-0.0879088193
19.9975502,0.00289858459,0.0652650222,-0.2098286
20.0075082,-0.180880561,0.0252116136,-0.30444324
20.0174662,-0.292077929,0.0142143555,-0.348232806
20.0274242,-0.320628345,0.0422427952,-0.343439907
20.0373822,-0.27885747,0.108165622,-0.311780006
20.0473402,-0.181268051,0.216854274,-0.280660421
20.0572982,-0.0623099804,0.404809803,-0.272944719
20.0672562,0.0190788861,0.599923372,-0.293209255
20.0772142,0.0337004401,0.729433179,-0.330704421
20.0871722,0.00624537887,0.747047067,-0.347969145
20.0971302,-0.0139299305,0.658901453,-0.32663697
20.1070882,-0.00194250967,0.521362245,-0.285048246
20.1170462,0.0336533003,0.31924057,-0.226394787
20.1270042,0.0934231579,0.118179902,-0.152261436
20.1369622,0.160044268,-0.0104454504,-0.0832970217
20.1469202,0.207740679,-0.082046397,-0.0420981832
20.1568772,0.209667474,-0.114264786,-0.0344051123
20.1668352,0.172169641,-0.149453402,-0.0404747203
20.1767932,0.113289542,-0.156012237,-0.0673785061
20.1867512,0.0604582839,-0.123548836,-0.112777151
20.1967092,0.00822304282,-0.0691609606,-0.159646124
20.2066673,-0.0442217886,-0.0414118879,-0.187311843
20.2166253,-0.0963015035,-0.0554797687,-0.194237113
20.2265833,-0.14485386,-0.105112568,-0.181258738
20.2365413,-0.174766749,-0.158299625,-0.144843474
20.2464993,-0.162704498,-0.183256909,-0.0960769951
20.2564573,-0.117054187,-0.172546476,-0.0469523296
20.2664153,-0.0493084267,-0.118001208,-0.00407037558
20.2763733,0.0175283942,-0.0281320363,0.0458886623
20.2863313,0.0506421365,0.061103303,0.0918119475
20.2962893,0.0316181146,0.120874226,0.117739148
20.3062473,-0.0386810824,0.130900487,0.125486553
20.3162053,-0.118139952,0.0985007435,0.125508383
20.3261633,-0.185072914,0.0618513823,0.11478544
20.3361213,-0.238847733,0.0262782089,0.0909717157
20.3460793,-0.282556862,-0.0031190943,0.0548408777
20.3560373,-0.31213659,-0.0538816079,0.0182820689
20.3659953,-0.304975361,-0.135149568,-0.00986248441
20.3759533,-0.247143477,-0.215054244,-0.0202197842
20.3859103,-0.16252926,-0.269132137,-0.0134369796
20.3958683,-0.0811486468,-0.290680289,0.0075314194
20.4058263,-0.0190839451,-0.264935523,0.0438550711
20.4157843,0.00452391151,-0.196411327,0.0789616629
20.4257423,-0.0158106554,-0.092253767,0.100151099
20.4357003,-0.0649715438,0.000559796463,0.108271882
20.4456583,-0.129771039,0.0933866724,0.103487507
20.4556163,-0.194476798,0.162318334,0.0901637152
20.4655743,-0.256403834,0.166594312,0.0819686353
20.4755323,-0.2918244,0.0793851018,0.072434254
20.4854903,-0.278703809,-0.0238153171,0.0718302503
20.4954483,-0.231844947,-0.121418573,0.0768095627
20.5054063,-0.184175164,-0.213297367,0.0906662568
20.5153643,-0.128278345,-0.259297878,0.123321667
20.5253223,-0.0792807043,-0.260891795,0.163457632
20.5352803,-0.0334975049,-0.232210875,0.206237331
20.5452383,0.000160322292,-0.17999959,0.25075525
20.5551963,0.00133957004,-0.124219418,0.291540235
20.5651543,-0.0275243018,-0.0777624398,0.328179747
20.5751123,-0.0698288828,-0.0390738994,0.368886143
20.5850703,-0.105048925,-0.00629784307,0.407750726
20.5950283,-0.130073845,-0.00764194084,0.441113472
20.6049863,-0.136574358,-0.0445887744,0.462713569
20.6149443,-0.125884697,-0.0868190527,0.482383698
20.6249013,-0.0999103487,-0.125223428,0.508171082
20.6348593,-0.0676733181,-0.152435616,0.546012223
20.6448173,-0.0417916551,-0.160966784,0.595434368
20.6547753,-0.0253303908,-0.162075728,0.646662891
20.6647333,-0.00679319119,-0.159822688,0.713331699
20.6746913,0.0119091235,-0.163264021,0.777012646
20.6846493,0.0281136595,-0.13920556,0.83041358
20.6946073,0.0611293986,-0.100526609,0.866598189
20.7045653,0.12257918,-0.0333622172,0.865440547
20.7145233,0.179628611,0.0257533006,0.833727062
20.7244813,0.205223188,0.05724518,0.781171739
20.7344393,0.171818361,0.0733993798,0.740217388
20.7443973,0.0948857665,0.0689654872,0.718086481
20.7543553,0.0124691864,-0.00154223654,0.694146276
20.7643133,-0.0318364911,-0.111875936,0.655960798
20.7742713,-0.0320269093,-0.226947129,0.593348801
20.7842293,0.0164111983,-0.298596293,0.53802669
20.7941873,0.07934995,-0.295543224,0.501227677
20.8041453,0.10723751,-0.271823257,0.468339235
20.8141033,0.0939283594,-0.236744896,0.433918417
20.8240613,0.0590774342,-0.226456836,0.384897351
20.8340193,0.0233625807,-0.19126983,0.328003168
20.8439773,-0.00715218531,-0.120428145,0.285587281
20.8539353,-0.028901156,-0.0161217116,0.279917389
20.8638933,-0.0304543115,0.14630048,0.313415438
20.8738503,-0.0104651581,0.308950663,0.376831442
20.8838083,0.0245775152,0.442416042,0.45140022
20.8937663,0.0329670049,0.552054942,0.52993387
20.9037243,0.0112766232,0.539963126,0.564660966
20.9136823,-0.0176698081,0.483529657,0.567785919
20.9236403,-0.0388906747,0.348988622,0.562018871
20.9335983,-0.018276209,0.19192256,0.554551363
20.9435563,0.0458303392,0.0473941453,0.556017697
20.9535143,0.131194502,-0.0749381557,0.578412473
20.9634723,0.216265455,-0.165041953,0.627732337
20.9734303,0.284976065,-0.223519906,0.686446786
20.9833883,0.310451865,-0.207618177,0.738173366
20.9933463,0.28568846,-0.131984398,0.77936691
21.0033043,0.224947631,-0.0575234815,0.806603312
21.0132623,0.17718783,0.0279666539,0.811673462
21.0232203,0.150728792,0.117305055,0.79721272
21.0331783,0.123541109,0.169863597,0.7657094
21.0431363,0.0769629553,0.167309627,0.70910871
21.0530943,0.00844355207,0.123115003,0.641515791
21.0630523,-0.0652759448,0.0522349738,0.565548599
21.0730103,-0.124295056,-0.0267783515,0.476626456
21.0829683,-0.139742717,-0.0995668024,0.403937876
21.0929263,-0.102842756,-0.147162288,0.363788068
21.1028843,-0.0241705831,-0.152873695,0.354088575
21.1128423,0.0673334971,-0.107948303,0.365686357
21.1227993,0.124584541,-0.0109786149,0.385078698
21.1327573,0.12018846,0.111567274,0.401801229
21.1427153,0.0580854081,0.227244869,0.412803829
21.1526733,-0.0149081098,0.333827764,0.417015344
21.1626313,-0.0654160231,0.420104593,0.418573022
21.1725893,-0.0954317153,0.452903569,0.413550019
21.1825473,-0.103336506,0.429396629,0.41097796
21.1925053,-0.0852195546,0.37083292,0.406643122
21.2024633,-0.0513156503,0.276233971,0.399105042
21.2124213,0.000318247738,0.17665413,0.398634464
21.2223793,0.0690768063,0.1069142,0.42333743
21.2323373,0.127982467,0.094105728,0.454565644
21.2422953,0.142286569,0.0967185497,0.473018676
21.2522533,0.100077331,0.0895828828,0.467988521
21.2622113,0.0177763347,0.0526166074,0.435745627
21.2721693,-0.0731120259,-0.0139517682,0.384447277
21.2821273,-0.13361159,-0.0608273968,0.347726017
21.2920853,-0.156562716,-0.0809481144,0.327481449
21.3020433,-0.158416539,-0.124013558,0.305109829
21.3120013,-0.14164421,-0.175074086,0.274777234
21.3219593,-0.113773704,-0.166972473,0.273159623
21.3319173,-0.0640732571,-0.0937504619,0.294157594
21.3418753,0.000373108865,0.0253010951,0.323232919
21.3518333,0.0694350004,0.144348919,0.348046124
21.3617913,0.126699895,0.249214351,0.364862114
21.3717493,0.145000592,0.28587994,0.356214851
21.3817063,0.129266381,0.265556842,0.322211593
21.3916643,0.102005191,0.202010617,0.253777951
21.4016223,0.0610260703,0.124073476,0.160294592
21.4115803,0.0171598122,0.0356623903,0.0573612936
21.4215383,0.00484615425,-0.0228147674,-0.0384496525
21.4314963,0.0377239436,-0.0548488684,-0.116937272
21.4414543,0.117387876,-0.0592201799,-0.158806697
21.4514123,0.219344065,-0.0249937661,-0.167099237
21.4613703,0.295839906,0.0548656471,-0.157563001
21.4713283,0.319365472,0.146216065,-0.140608773
21.4812863,0.275205463,0.25220722,-0.142107069
21.4912443,0.189884454,0.377961665,-0.179391861
21.5012023,0.0981350914,0.475298613,-0.223716974
21.5111603,0.0355851576,0.490588903,-0.257341772
21.5211183,0.0128966235,0.436993837,-0.275787383
21.5310763,0.018419221,0.363227487,-0.280791193
21.5410343,0.0433197767,0.28608343,-0.265567482
21.5509923,0.091500625,0.20302023,-0.247896358
21.5609503,0.150122121,0.150143966,-0.243994296
21.5709083,0.186133653,0.140926227,-0.261219889
21.5808663,0.183028668,0.148092002,-0.294482768
21.5908243,0.147484526,0.180602536,-0.331535071
21.6007823,0.0897791535,0.221308157,-0.370668352
21.6107403,0.0157760344,0.258105308,-0.407427967
21.6206983,-0.0636325032,0.26515922,-0.43961519
21.6306563,-0.13336578,0.243975386,-0.483912081
21.6406133,-0.201065198,0.18120414,-0.550388575
21.6505713,-0.273628891,0.0579272136,-0.62349236
21.6605293,-0.312420487,-0.0786932111,-0.67183429
21.6704873,-0.281605303,-0.19418253,-0.688635945
21.6804453,-0.206879139,-0.272765756,-0.685505092
21.6904033,-0.14299497,-0.307774603,-0.669919789
21.7003613,-0.111199223,-0.297670037,-0.641352057
21.7103193,-0.115042701,-0.245761827,-0.615467727
21.7202773,-0.145693287,-0.17249693,-0.591806054
21.7302353,-0.177065849,-0.078856729,-0.577193797
21.7401933,-0.192948416,0.0225117002,-0.576753616
21.7501513,-0.19504486,0.113818176,-0.600187838
21.7601093,-0.191332683,0.18211095,-0.640110493
21.7700673,-0.194283992,0.202096909,-0.685639858
21.7800253,-0.204753682,0.168012172,-0.722000301
21.7899833,-0.19455564,0.124327809,-0.7348423
21.7999413,-0.166411608,0.0915488228,-0.721205294
21.8098993,-0.120630808,0.0497566387,-0.68692112
21.8198573,-0.0718821809,0.00850400608,-0.648198485
21.8298153,-0.0225812085,-0.0155246314,-0.609835148
21.8397733,0.03074513,-0.0086068036,-0.581381917
21.8497313,0.069134593,0.0139259351,-0.572629988
21.8596893,0.0761893094,0.0248209275,-0.579850078
21.8696473,0.0587812923,0.0346173644,-0.582050622
21.8796053,0.0588654466,0.0405306481,-0.567295671
21.8895633,0.0946151912,0.0458159596,-0.544279039
21.8995213,0.155865237,0.0338216126,-0.512814045
21.9094783,0.223772645,-0.00995596126,-0.465042263
21.9194363,0.303829134,-0.0431346856,-0.3979415
21.9293943,0.386271,-0.0462484546,-0.325752258
21.9393523,0.461914897,-0.0189284179,-0.257656842
21.9493103,0.512853444,0.0478290394,-0.193799302
21.9592683,0.531755209,0.126257002,-0.14218697
21.9692263,0.502960086,0.190588325,-0.112010427
21.9791843,0.434863299,0.210488528,-0.0952476859
21.9891423,0.356690735,0.206432804,-0.0940639153
21.9991003,0.284077525,0.216053203,-0.0810421184
22.0090583,0.198224664,0.22093904,-0.0677984878
22.0190163,0.0886313319,0.165609464,-0.0694829375
22.0289743,-0.0321632624,0.057043314,-0.0953869745
22.0389323,-0.138108864,-0.064220801,-0.127999514
22.0488903,-0.203047916,-0.157940894,-0.134389505
22.0588483,-0.206592321,-0.217157885,-0.115330584
22.0688063,-0.14896445,-0.240360945,-0.0769738778
22.0787643,-0.0645654127,-0.256308734,-0.0342141613
22.0887223,0.00964224059,-0.271158785,0.0135349836
22.0986803,0.0343028456,-0.271369725,0.0518600009
22.1086383,0.0315770991,-0.212705076,0.104836933
22.1185963,0.0325334407,-0.0882102847,0.165946886
22.1285543,0.0341217518,0.0465256907,0.207397401
22.1385123,0.0192333497,0.134240091,0.226128206
22.1484703,-0.00655457191,0.157881781,0.243954614
22.1584283,-0.0305493865,0.121959195,0.274360448
22.1683863,-0.0310308859,0.0472428799,0.318096757
22.1783433,0.00881106872,-0.0375657529,0.365629911
22.1883013,0.0755117983,-0.120970629,0.395893008
22.1982593,0.136447594,-0.197284311,0.404733628
22.2082173,0.169009268,-0.266078293,0.397943646
22.2181753,0.164159119,-0.30257985,0.376433551
22.2281333,0.124457769,-0.297828227,0.342569321
22.2380913,0.0746172443,-0.254438668,0.298563272
22.2480493,0.0100587597,-0.1780435,0.24724254
22.2580073,-0.0536978506,-0.112077266,0.197098956
22.2679653,-0.0989105999,-0.0545473993,0.1542961
22.2779233,-0.131836325,-0.00325837755,0.112802446
22.2878813,-0.17519711,0.0172988288,0.0635470152
22.2978393,-0.219829559,0.027570907,0.0119333584
22.3077973,-0.253851175,0.0387833491,-0.038687475
22.3177553,-0.268883139,0.0557343699,-0.0783557892
22.3277133,-0.265083849,0.0813449249,-0.0997921079
22.3376713,-0.235667378,0.106770121,-0.116254173
22.3476293,-0.192770511,0.136100307,-0.132840872
22.3575873,-0.138798103,0.152996734,-0.134669393
22.3675453,-0.0799366459,0.160737216,-0.126591235
22.3775033,-0.0367273875,0.165580973,-0.123308085
22.3874613,-0.0184916593,0.171023414,-0.119787656
22.3974193,-0.0241016075,0.178899974,-0.114692494
22.4073773,-0.0497206859,0.160620302,-0.127206415
22.4173353,-0.0753469542,0.12954095,-0.157946497
22.4272933,-0.0869391561,0.103956759,-0.191738278
22.4372513,-0.0828091279,0.0744606555,-0.232481971
22.4472093,-0.0643323809,0.0469605848,-0.267614126
22.4571663,-0.0318524726,0.0305176955,-0.30599454
22.4671243,-0.00209910353,0.0245135985,-0.344705194
22.4770823,0.0204376299,0.0296244714,-0.370741844
22.4870403,0.02085042,0.0495441183,-0.401477665
22.4969983,-0.0030676953,0.0601821132,-0.437070549
22.5069563,-0.0536871962,0.0380672254,-0.488585919
22.5169143,-0.11276596,-0.00498170918,-0.543334901
22.5268723,-0.14759931,-0.055037953,-0.576127231
22.5368303,-0.137863055,-0.105140001,-0.577710211
22.5467883,-0.0890073702,-0.153508335,-0.557542086
22.5567463,-0.0225865357,-0.189693496,-0.512689948
22.5667043,0.0398653895,-0.21848014,-0.468354434
22.5766623,0.0771445855,-0.222342253,-0.438363492
22.5866203,0.0834956914,-0.169155732,-0.409525722
22.5965783,0.0667787641,-0.105011374,-0.382850975
22.6065363,0.0327875093,-0.0633427501,-0.374330997
22.6164943,-0.000664725027,-0.0769618899,-0.36977753
22.6264523,-0.00571727427,-0.137887299,-0.347507894
22.6364103,0.0310226306,-0.212476581,-0.310325921
22.6463683,0.0990072712,-0.274489343,-0.26678589
22.6563263,0.162572935,-0.304978281,-0.228546351
22.6662843,0.185925931,-0.352890134,-0.200499803
22.6762423,0.179606244,-0.429200351,-0.179293588
22.6862003,0.178417146,-0.437630326,-0.139961898
22.6961583,0.17953594,-0.453430861,-0.117025688
22.7061163,0.181738898,-0.548702538,-0.141109183
22.7160743,0.178348437,-0.585938036,-0.178112209
22.7260323,0.146771863,-0.553176105,-0.20954071
22.7359903,0.0619957261,-0.5377689,-0.274899483
22.7459483,-0.0607589558,-0.551742256,-0.370135725
22.7559063,-0.187493995,-0.533882558,-0.478192151
22.7658633,-0.269618958,-0.465051025,-0.548319578
22.7758213,-0.281442851,-0.33003968,-0.560734451
22.7857793,-0.223839492,-0.15154399,-0.531773865
22.7957373,-0.149541825,0.0184583701,-0.499050021
22.8056953,-0.125935823,0.134668604,-0.486268967
22.8156533,-0.168748274,0.211251259,-0.459426701
22.8256113,-0.223848268,0.266502261,-0.406523287
22.8355693,-0.248189837,0.272701025,-0.340924025
22.8455273,-0.234236464,0.235527307,-0.281856179
22.8554853,-0.190086052,0.160162508,-0.222771555
22.8654433,-0.121456124,0.0474974774,-0.15902774
22.8754013,-0.0172290541,-0.0523047484,-0.103235573
22.8853593,0.0789179876,-0.121376231,-0.0752713159
22.8953173,0.126504943,-0.188138485,-0.0816019177
22.9052753,0.119942918,-0.242143393,-0.0954098776
22.9152333,0.0825747699,-0.256237388,-0.100858703
22.9251913,0.0382525809,-0.219658062,-0.107411943
22.9351493,-0.0126920929,-0.167312026,-0.124164559
22.9451073,-0.0614750795,-0.116868563,-0.140642866
22.9550653,-0.102260321,-0.0581218936,-0.157127306
22.9650233,-0.127880469,-0.0102616921,-0.180323437
22.9749813,-0.149311721,0.0225575063,-0.212746352
22.9849393,-0.163552448,0.0302849356,-0.238437876
22.9948973,-0.159155831,0.0369359143,-0.250793874
23.0048553,-0.138694227,0.0390965343,-0.246268094
23.0148133,-0.108398914,0.0335646197,-0.231247604
23.0247713,-0.07707268,0.0357958153,-0.203482017
23.0347293,-0.0539902635,0.0345672965,-0.173339024
23.0446873,-0.0320844315,0.0383146331,-0.14210628
23.0546443,-0.0152183678,0.0364493541,-0.112741463
23.0646023,0.00351457368,0.0345848761,-0.0724632815
23.0745603,0.033572875,0.066019766,-0.0265895333
23.0845183,0.0527899787,0.110898025,0.0129448269
23.0944763,0.0452998355,0.145505533,0.0532224737
23.1044343,0.0307011865,0.152378619,0.0992805138
23.1143923,0.0128939608,0.158512414,0.135188177
23.1243503,0.00777509855,0.161528438,0.171880156
23.1343083,0.0218634866,0.15645352,0.214408427
23.1442663,0.0486879125,0.146768406,0.250504106
23.1542243,0.0691806674,0.143856242,0.263341099
23.1641823,0.0707290322,0.127519071,0.27372849
23.1741403,0.0651451796,0.0850786716,0.285268486
23.1840983,0.0834347084,0.0447003581,0.299535304
23.1940563,0.121357851,0.035307657,0.309067309
23.2040142,0.156741947,0.0190024525,0.311626583
23.2139722,0.188948885,-0.00929123629,0.318098336
23.2239302,0.225301027,0.000904143206,0.327402622
23.2338882,0.255274117,0.0370248631,0.330541164
23.2438462,0.264553636,0.0622865446,0.33082667
23.2538042,0.260777801,0.0892446563,0.337673634
23.2637622,0.254540145,0.121668376,0.34377414
23.2737202,0.248318464,0.130070388,0.3453843
23.2836782,0.256458938,0.116261363,0.351493329
23.2936362,0.273762584,0.0884718075,0.359179735
23.3035942,0.296646327,0.037996117,0.360739559
23.3135522,0.31485647,-0.0345662311,0.355466753
23.3235102,0.331942528,-0.0950969532,0.350006223
23.3334682,0.356785566,-0.0931845382,0.357161045
23.3434262,0.385327727,-0.042950131,0.377036482
23.3533842,0.415397733,0.0257602241,0.397304744
23.3633422,0.432548761,0.114519119,0.408881247
23.3732992,0.413613141,0.210979089,0.404241741
23.3832572,0.327696919,0.302898884,0.379711121
23.3932152,0.188208789,0.349159062,0.327627927
23.4031732,0.00779081136,0.341593027,0.261936009
23.4131312,-0.188741416,0.261352241,0.186248437
23.4230892,-0.346240759,0.143980071,0.123756565
23.4330472,-0.394176334,0.0808082968,0.103026785
23.4430052,-0.308583677,0.106327236,0.13248907
23.4529632,-0.132514641,0.197057411,0.191879153
23.4629212,0.048226919,0.296657234,0.254320711
23.4728792,0.174230918,0.367549241,0.317195266
23.4828372,0.220028237,0.41340223,0.376323581
23.4927952,0.21132423,0.446374834,0.411152929
23.5027532,0.166890979,0.451540023,0.425544113
23.5127112,0.0861540586,0.393938243,0.406784534
23.5226692,-0.0177062936,0.277676612,0.375035137
23.5326272,-0.106327504,0.107117131,0.345251679
23.5425852,-0.140852988,-0.0716361031,0.344067097
23.5525432,-0.101831824,-0.207342803,0.384461403
23.5625012,-0.0190272201,-0.302732438,0.446473628
23.5724592,0.0505252257,-0.38192153,0.498183697
23.5824172,0.0597107336,-0.441000313,0.504425049
23.5923752,0.000936633733,-0.483513921,0.462425441
23.6023332,-0.103603892,-0.517166197,0.370483518
23.6122912,-0.21637544,-0.523342311,0.251136094
23.6222492,-0.301833898,-0.479278177,0.138497159
23.6322072,-0.342982918,-0.390102237,0.0615680218
23.6421652,-0.341743231,-0.274398267,0.0329262577
23.6521232,-0.321725577,-0.165145814,0.0367060825
23.6620812,-0.306887239,-0.0916164666,0.059113387
23.6720392,-0.298494011,-0.0378155559,0.102054462
23.6819962,-0.294305921,0.043791689,0.150393233
23.6919542,-0.309194595,0.101870969,0.185952023
23.7019122,-0.352402002,0.0992269814,0.196565256
23.7118702,-0.398751915,0.0486120097,0.189682841
23.7218282,-0.404205263,-0.0227465909,0.173449278
23.7317862,-0.364544928,-0.0796492919,0.145030156
23.7417442,-0.300661564,-0.118280038,0.121882759
23.7517022,-0.230408967,-0.13571921,0.110607468
23.7616602,-0.172524899,-0.148170024,0.0950540751
23.7716182,-0.14032276,-0.156304389,0.0714424923
23.7815762,-0.13188,-0.151236117,0.0413575582
23.7915342,-0.13422358,-0.137929901,0.027850274
23.8014922,-0.137371704,-0.123030052,0.0155816227
23.8114502,-0.142062604,-0.126467928,-0.00783342216
23.8214082,-0.150852367,-0.157664731,-0.0501105711
23.8313662,-0.154984787,-0.18799521,-0.0974490568
23.8413242,-0.144047186,-0.198719755,-0.137246013
23.8512822,-0.113192871,-0.210396916,-0.170631662
23.8612402,-0.0608502999,-0.203013301,-0.19692798
23.8711982,0.000987500069,-0.195405453,-0.208467722
23.8811562,0.0613200814,-0.183624163,-0.205369666
23.8911142,0.106131494,-0.151654243,-0.200525641
23.9010722,0.12118075,-0.121799938,-0.206819758
23.9110302,0.0964200124,-0.121581562,-0.232704625
23.9209882,0.0578366667,-0.125256985,-0.263666004
23.9309462,0.0265802108,-0.147875741,-0.301474899
23.9409042,0.00108257495,-0.204751283,-0.353783101
23.9508622,0.00448236661,-0.246725097,-0.396570504
23.9608202,0.0434449464,-0.277844399,-0.418361038
23.9707782,0.114049606,-0.300817877,-0.431061387
23.9807362,0.197743177,-0.321623564,-0.435089678
23.9906942,0.285105228,-0.342921674,-0.418200701
24.0006522,0.382223278,-0.301035196,-0.35196045
24.0106092,0.475605667,-0.145441622,-0.23020418
24.0205672,0.549125195,0.0159818958,-0.102632366
24.0305252,0.557953298,0.094942756,-0.0466639064
24.0404832,0.456659138,0.117566846,-0.0584521256
24.0504412,0.263982654,0.101728491,-0.0801419765
24.0603992,0.0431426764,0.0267226901,-0.138234302
24.0703572,-0.185114726,-0.128563568,-0.296246856
24.0803152,-0.394353956,-0.343791187,-0.510766864
24.0902732,-0.521273851,-0.442857862,-0.681857944
24.1002312,-0.513801515,-0.354161799,-0.766611397
24.1101892,-0.389087826,-0.116053902,-0.79368192
24.1201472,-0.195988417,0.119705625,-0.756404877
24.1301052,-0.0383817442,0.323835313,-0.662692726
24.1400632,0.00240403553,0.465452105,-0.565053523
24.1500212,-0.0711162537,0.57768333,-0.45641309
24.1599792,-0.197346896,0.689902544,-0.336113572
24.1699372,-0.326195687,0.719881177,-0.240281314
24.1798952,-0.42676571,0.622963727,-0.187735274
24.1898532,-0.476441383,0.416402817,-0.154093966
24.1998112,-0.436197817,0.181935981,-0.112861037
24.2097697,-0.311897427,0.0132324481,-0.0592918172
24.2197277,-0.140582681,-0.0696784109,0.00444694655
24.2296857,0.0341193527,-0.139728874,0.0685716048
24.2396437,0.176901802,-0.146393433,0.106508866
24.2496017,0.246008173,-0.107156277,0.103612676
24.2595597,0.239789426,-0.0698954612,0.0710691139
24.2695177,0.194642186,-0.00716922944,0.0143858632
24.2794757,0.134495765,0.0647723377,-0.0582097769
24.2894337,0.0580430627,0.120461166,-0.135966882
24.2993917,-0.0175137464,0.14249216,-0.204400808
24.3093497,-0.0820266902,0.159421086,-0.266814917
24.3193077,-0.139841527,0.163594529,-0.314053804
24.3292647,-0.188588023,0.126684979,-0.343179733
24.3392227,-0.218076408,0.0617523119,-0.356631875
24.3491807,-0.227196932,-0.0110771526,-0.356931746
24.3591387,-0.216646016,-0.0944854915,-0.359599173
24.3690967,-0.194564417,-0.164991349,-0.374735534
24.3790547,-0.16706568,-0.191828296,-0.385956496
24.3890127,-0.134068862,-0.162653357,-0.391725153
24.3989707,-0.106902748,-0.140644461,-0.402334929
24.4089287,-0.081067957,-0.153664663,-0.407639682
24.4188867,-0.0566446371,-0.176832825,-0.403517902
24.4288447,-0.0352365486,-0.187157109,-0.39578861
24.4388027,-0.030268956,-0.18507798,-0.384091735
24.4487607,-0.0584119111,-0.178197965,-0.370929331
24.4587187,-0.0987849012,-0.166669413,-0.352875501
24.4686767,-0.13137427,-0.145281821,-0.32479912
24.4786347,-0.145417646,-0.130317792,-0.2932657
24.4885927,-0.146731392,-0.11964491,-0.256980926
24.4985507,-0.133908272,-0.109906264,-0.213640109
24.5085087,-0.127871677,-0.102877915,-0.190297246
24.5184667,-0.139332056,-0.110453539,-0.177437097
24.5284247,-0.151852906,-0.132212624,-0.172336608
24.5383827,-0.143337727,-0.165435031,-0.178597435
24.5483407,-0.112758242,-0.179604918,-0.192214444
24.5582987,-0.0873911008,-0.177046686,-0.210049912
24.5682567,-0.0851737484,-0.179600656,-0.224446416
24.5782147,-0.0911176577,-0.168729901,-0.221515343
24.5881727,-0.0995223299,-0.127756104,-0.204252467
24.5981307,-0.11905688,-0.0878068209,-0.172917187
24.6080887,-0.151018545,-0.0794431567,-0.136703253
24.6180467,-0.176048532,-0.0813244134,-0.108703308
24.6280047,-0.181169257,-0.0758193955,-0.0836176649
24.6379627,-0.162470669,-0.0608705394,-0.0668402836
24.6479207,-0.128649592,-0.0331094824,-0.0491222739
24.6578787,-0.0865583271,0.00218592258,-0.0232893433
24.6678367,-0.0380408578,0.0291775931,0.00972906034
24.6777947,0.00984357577,0.0618833415,0.0407516919
24.6877517,0.050286606,0.0979068577,0.0760044828
24.6977097,0.0733700842,0.118755944,0.108542457
24.7076677,0.0858017206,0.121121101,0.133729041
24.7176257,0.0974945948,0.104476877,0.16246748
24.7275837,0.136599392,0.0846027657,0.198399648
24.7375417,0.192714065,0.0855591074,0.226739138
24.7474997,0.241531402,0.0864027962,0.256726325
24.7574577,0.282688171,0.08048632,0.290975124
24.7674157,0.303477317,0.0866882876,0.326378375
24.7773737,0.305342078,0.0756982192,0.343652695
24.7873317,0.298408806,0.065818958,0.349932164
24.7972897,0.270838141,0.0658213571,0.342457473
24.8072477,0.231300592,0.0642468929,0.331026405
24.8172057,0.186035112,0.0839846507,0.326230586
24.8271637,0.128612831,0.110556342,0.317399263
24.8371217,0.0532211438,0.0817593113,0.293373287
24.8470797,-0.0396621898,0.0128897,0.254058897
24.8570377,-0.12283697,-0.0562688634,0.218575478
24.8669957,-0.151127473,-0.0732220188,0.208670393
24.8769537,-0.121740282,-0.0170610081,0.206446111
24.8869117,-0.0734249502,0.0687550977,0.206460759
24.8968697,-0.039145004,0.17149426,0.214090988
24.9068277,-0.0213311221,0.289657116,0.229071006
24.9167857,-0.0101636881,0.384060591,0.239966527
24.9267437,0.00146287435,0.424052745,0.254065305
24.9367017,0.0139941126,0.420109659,0.269041061
24.9466597,0.0419687554,0.340020418,0.303035498
24.9566177,0.0995833129,0.204396009,0.338977247
24.9665757,0.177063465,0.0361646637,0.361255944
24.9765337,0.252257019,-0.135367677,0.358318746
24.9864917,0.300845861,-0.268199772,0.336348981
24.9964497,0.327680409,-0.345447421,0.291264594
25.0064077,0.339873403,-0.379329741,0.234147519
25.0163647,0.34766981,-0.350925535,0.171108365
25.0263227,0.344538212,-0.274904281,0.108809039
25.0362807,0.3201828,-0.179049119,0.0620710924
25.0462387,0.276814014,-0.0654474497,0.0288207289
25.0561967,0.212898955,0.0581096411,0.00190176337
25.0661547,0.147175342,0.165924251,-0.012002334
25.0761127,0.0927323326,0.249270812,-0.00907312334
25.0860707,0.0653316006,0.310493946,0.00334706088
25.0960287,0.0498037748,0.311793298,0.0210586805
25.1059867,0.0421969891,0.252037555,0.0547271594
25.1159447,0.050435476,0.129508987,0.100894123
25.1259027,0.0844573602,0.0136487009,0.153980777
25.1358607,0.134452343,-0.045575209,0.20081833
25.1458187,0.170999438,-0.0553881563,0.221570209
25.1557767,0.181389764,-0.0543234274,0.220727056
25.1657347,0.160472497,-0.0436902232,0.199371964
25.1756927,0.111753695,-0.0383569747,0.165899217
25.1856507,0.0598516166,-0.0233796239,0.14454253
25.1956087,0.0172303859,0.00411112187,0.145695686
25.2055671,-0.0199332274,0.0232536569,0.160269037
25.2155251,-0.0378850624,0.0333209373,0.185207412
25.2254831,-0.0536299385,0.0435107239,0.197271794
25.2354411,-0.0736158937,0.0419738144,0.196715727
25.2453991,-0.0915903673,0.0357939489,0.19200246
25.2553571,-0.104603909,0.0433157831,0.182321608
25.2653151,-0.108534202,0.0229300838,0.167180464
25.2752731,-0.0842139497,-0.0266041793,0.146800369
25.2852311,-0.0179699454,-0.0719450265,0.138330713
25.2951891,0.0712536722,-0.0589908808,0.139950708
25.3051471,0.132486135,-0.0272880793,0.147901848
25.3151051,0.137848407,0.000354200427,0.151023075
25.3250631,0.0862323567,0.00920361839,0.152843073
25.3350211,0.0277549326,-0.0163518097,0.153828442
25.3449791,0.000233825544,-0.0634087995,0.149815857
25.3549371,0.00933917332,-0.0959044248,0.141066045
25.3648941,0.0382906646,-0.112745456,0.135784194
25.3748521,0.0621616431,-0.103543699,0.123990655
25.3848101,0.0733133629,-0.0623344816,0.101049915
25.3947681,0.0731549039,-0.0115517275,0.0671665221
25.4047261,0.0631909519,0.0269874092,0.0242246464
25.4146841,0.0481574088,0.0360687897,-0.014855911
25.4246421,0.0356464125,0.0142588308,-0.0390240997
25.4346001,0.029879868,-0.00491299946,-0.0540658981
25.4445581,0.0168642011,-0.0342692919,-0.0733061731
25.4545161,0.0193689037,-0.065931879,-0.0843843892
25.4644741,0.0461171605,-0.0707455426,-0.0925403163
25.4744321,0.0915877074,-0.0533614904,-0.0999998376
25.4843901,0.138615131,-0.0517904945,-0.0966519713
25.4943481,0.183257699,-0.0474644527,-0.0784455389
25.5043061,0.208215788,-0.0351076536,-0.0611251406
25.5142641,0.209989712,-0.0318801701,-0.0440244488
25.5242221,0.185579181,-0.0339838006,-0.0415341258
25.5341801,0.142135039,-0.029952839,-0.0508631803
25.5441381,0.0894217566,-0.0449221991,-0.0711061358
25.5540961,0.0353324227,-0.0736984536,-0.111191504
25.5640541,-0.0260108281,-0.106697947,-0.165828377
25.5740121,-0.0740382746,-0.152808726,-0.204967529
25.5839701,-0.0910433605,-0.17181623,-0.223973975
25.5939281,-0.0837505534,-0.146035507,-0.237490579
25.6038861,-0.0721213296,-0.0920300558,-0.236250088
25.6138441,-0.0817017853,-0.00595642626,-0.220012531
25.6238021,-0.110385366,0.0985026062,-0.192658395
25.6337601,-0.149693891,0.195818767,-0.166069135
25.6437181,-0.189686313,0.25825578,-0.139549911
25.6536761,-0.222675413,0.277698457,-0.111853831
25.6636341,-0.237947583,0.255717248,-0.0795648694
25.6735921,-0.227661386,0.19711706,-0.0516890287
25.6835501,-0.196516782,0.116160162,-0.0254393127
25.6935071,-0.143308431,0.0365670659,0.00566161424
25.7034651,-0.0705055892,-0.0290201996,0.0490461066
25.7134231,0.0118020643,-0.0752239153,0.105246529
25.7233811,0.0805971101,-0.0913994238,0.158376321
25.7333391,0.120963708,-0.0965622291,0.200529635
25.7432971,0.127296165,-0.110980049,0.221536115
25.7532551,0.115402758,-0.117611848,0.215888619
25.7632131,0.0891383961,-0.111472197,0.193954021
25.7731711,0.0499915294,-0.0917190015,0.169571191
25.7831291,0.0037646445,-0.0759964958,0.125987753
25.7930871,-0.0563562177,-0.0788551345,0.0645899102
25.8030451,-0.118796423,-0.108890265,-0.00692555029
25.8130031,-0.17077814,-0.126297757,-0.0827777013
25.8229611,-0.200695023,-0.118978851,-0.149118915
25.8329191,-0.204680711,-0.111681521,-0.198356763
25.8428771,-0.185304612,-0.116687998,-0.235449806
25.8528351,-0.149066448,-0.13729234,-0.266684413
25.8627931,-0.108837001,-0.156913191,-0.287820339
25.8727511,-0.0762337819,-0.15498586,-0.30329597
25.8827091,-0.0631837621,-0.161732703,-0.320518106
25.8926671,-0.0607738681,-0.160552666,-0.344619155
25.9026251,-0.0609722733,-0.133195877,-0.368386805
25.9125831,-0.0703274235,-0.0797747225,-0.388798624
25.9225411,-0.0768772066,-0.0278755724,-0.399233133
25.9324991,-0.07851585,0.0205926262,-0.409460753
25.9424571,-0.0910588056,0.0415285341,-0.432880044
25.9524151,-0.113676496,0.0259993766,-0.467317134
25.9623731,-0.13759914,-0.00684698718,-0.509440899
25.9723311,-0.150538638,-0.0237303637,-0.550106525
25.9822891,-0.145466387,-0.00527811889,-0.584934294
25.9922471,-0.144743875,0.024204405,-0.615351617
26.0022051,-0.157529965,0.04007072,-0.628967524
26.0121621,-0.169605806,0.0663113818,-0.618980169
26.0221211,-0.183626547,0.104816161,-0.604286432
26.0320781,-0.202397838,0.128516689,-0.59219569
26.0420361,-0.229477137,0.140427947,-0.58961612
26.0519941,-0.261060357,0.137311518,-0.585227787
26.0619521,-0.293282211,0.107110471,-0.575950921
26.0719101,-0.314066052,0.0573410541,-0.560226798
26.0818681,-0.316780865,0.0137890493,-0.538131356
26.0918261,-0.299107343,-0.0240147877,-0.50490284
26.1017841,-0.281649798,-0.0488913767,-0.472655684
26.1117421,-0.263851613,-0.0585261621,-0.429442704
26.1217001,-0.234741673,-0.0680917054,-0.376085222
26.1316581,-0.180892557,-0.0740814209,-0.315273523
26.1416161,-0.121826835,-0.0509268306,-0.257194519
26.1515741,-0.0718667358,-0.00945688505,-0.198392183
26.1615321,-0.0577013791,0.0421565063,-0.142864749
26.1714901,-0.0661276206,0.0623057187,-0.110482037
26.1814481,-0.0887096301,0.0624476634,-0.0968847349
26.1914061,-0.110621586,0.0512498729,-0.096721746
26.2013641,-0.125447676,0.0163099971,-0.104644917
26.2113215,-0.123838857,-0.044174917,-0.126543298
26.2212795,-0.112253837,-0.136015356,-0.160110041
26.2312375,-0.0892824754,-0.230796456,-0.195402518
26.2411955,-0.0501230881,-0.277053446,-0.222301513
26.2511535,-0.00926913228,-0.276672333,-0.243600413
26.2611115,0.0181976464,-0.256644845,-0.25499022
26.2710695,0.031036213,-0.201243371,-0.258845419
26.2810275,0.0342751481,-0.135073662,-0.257199854
26.2909855,0.0342786126,-0.0609269999,-0.250961661
26.3009435,0.0395191796,0.0350000635,-0.24088265
26.3109015,0.0538903959,0.142675921,-0.22806938
26.3208595,0.0686440393,0.266990423,-0.218884677
26.3308175,0.0767951757,0.369501352,-0.206353977
26.3407745,0.0826296285,0.452188224,-0.193012059
26.3507325,0.086862728,0.485251635,-0.180779368
26.3606905,0.0933672339,0.477647007,-0.17628555
26.3706485,0.100442715,0.440657556,-0.1744975
26.3806065,0.0955030844,0.358787715,-0.173691094
26.3905645,0.072818011,0.253571808,-0.173912138
26.4005225,0.0489118807,0.114935905,-0.173461005
26.4104805,0.0307675004,-0.0061431136,-0.183358639
26.4204385,0.0209782515,-0.0931296796,-0.205227181
26.4303965,0.0211521573,-0.147003829,-0.235155791
26.4403545,0.036864806,-0.150558889,-0.278228432
26.4503125,0.0727453083,-0.131054953,-0.329844207
26.4602705,0.129367575,-0.0795712546,-0.376894802
26.4702285,0.193331644,0.00138590904,-0.399716765
26.4801865,0.248890772,0.0865263715,-0.404439628
26.4901445,0.297575235,0.162001148,-0.385751963
26.5001025,0.335757762,0.237622142,-0.362669289
26.5100605,0.337962598,0.278316319,-0.351893336
26.5200185,0.323948503,0.280077189,-0.347364634
26.5299765,0.301144123,0.23387748,-0.35245952
26.5399345,0.276533604,0.142712146,-0.363380343
26.5498925,0.2632415,0.0206040777,-0.37943548
26.5598505,0.267239153,-0.123485982,-0.400401741
26.5698085,0.282468975,-0.249945924,-0.436831385
26.5797665,0.288199574,-0.352952451,-0.496200174
26.5897245,0.275109321,-0.397197962,-0.573650241
26.5996825,0.237427995,-0.393305212,-0.682987869
26.6096405,0.1618893,-0.354554623,-0.817277014
26.6195985,0.0599312447,-0.290319711,-0.952423632
26.6295565,-0.0430864841,-0.201359749,-1.06266677
26.6395145,-0.121900074,-0.0958077535,-1.14192641
26.6494715,-0.189236507,0.0142702824,-1.1897409
26.6594295,-0.244418532,0.0993241891,-1.19648981
26.6693875,-0.283904433,0.132061899,-1.17869592
26.6793455,-0.289646477,0.124622621,-1.13807476
26.6893035,-0.272204876,0.121884093,-1.09667993
26.6992615,-0.2556853,0.115540177,-1.06818593
26.7092195,-0.238752395,0.104813762,-1.04820156
26.7191775,-0.203219697,0.10009864,-1.02763498
26.7291355,-0.140315294,0.0819457322,-1.01995683
26.7390935,-0.0715783164,0.0858504623,-1.0227617
26.7490515,-0.0167265162,0.0993809178,-1.0194658
26.7590095,0.0186868683,0.107113138,-1.0151006
26.7689675,0.0326287821,0.126113996,-1.02481234
26.7789255,0.0145232826,0.144737482,-1.04878271
26.7888835,-0.0300122276,0.153436691,-1.07610881
26.7988415,-0.0746769011,0.141581625,-1.10420382
26.8087995,-0.092253767,0.139071077,-1.13609731
26.8187575,-0.0780047849,0.137756273,-1.17721307
26.8287155,-0.0576790087,0.110109195,-1.23168504
26.8386735,-0.0419578366,0.0401106663,-1.30330312
26.8486315,-0.0348922051,-0.0381969213,-1.37792563
26.8585895,-0.0301445872,-0.100769751,-1.4492172
26.8685475,-0.0275469385,-0.122988775,-1.52451622
26.8785055,-0.0323249176,-0.1118991,-1.59318626
26.8884635,-0.0269650389,-0.098396875,-1.64573634
26.8984215,-0.00287248543,-0.0638479516,-1.68662918
26.9083795,0.0134929055,-0.038282942,-1.7339679
26.9183375,0.000912931631,-0.0205044765,-1.7761811
26.9282955,-0.0444854423,-0.00446771923,-1.8049593
26.9382535,-0.0817611739,-0.0195108503,-1.83048093
26.9482105,-0.0855159685,-0.0310977325,-1.86022651
26.9581685,-0.062121693,-0.0589187108,-1.89732063
26.9681265,-0.0206512157,-0.0984855592,-1.91919589
26.9780845,0.0292175394,-0.129399002,-1.93052304
26.9880425,0.0682160705,-0.151842788,-1.93342805
26.9980005,0.0943366215,-0.157723591,-1.93634498
27.0079585,0.105950668,-0.124929681,-1.94045794
27.0179165,0.0767110214,-0.0767757371,-1.95977283
27.0278745,-0.00146420591,-0.0543833487,-1.97759175
27.0378325,-0.115705557,-0.0411580876,-2.01893115
27.0477905,-0.230519488,-0.021261612,-2.06828094
27.0577485,-0.307146639,-0.0220440496,-2.12986803
27.0677065,-0.329580575,-0.0167523492,-2.20527267
27.0776645,-0.296562701,0.0149880042,-2.2777276
27.0876225,-0.23294057,0.0611126237,-2.32867122
27.0975805,-0.155876145,0.115414746,-2.34114742
27.1075385,-0.0731626302,0.175674617,-2.31947875
27.1174965,-0.0118558602,0.251159787,-2.29214621
27.1274545,0.00158591243,0.295912355,-2.26529431
27.1374125,-0.030450318,0.315516144,-2.23554444
27.1473705,-0.0818237588,0.31475848,-2.19883657
27.1573285,-0.118321851,0.297937691,-2.14491677
27.1672865,-0.124735273,0.275406539,-2.0720911
27.1772445,-0.106997021,0.230921358,-1.98814988
27.1872025,-0.0744934082,0.151293114,-1.88276935
27.1971605,-0.0397135913,0.0538131632,-1.76522624
27.2071186,-0.00734180259,-0.0523260534,-1.65180087
27.2170766,0.0192855466,-0.160416842,-1.54901433
27.2270336,0.0275496021,-0.241294637,-1.464342
27.2369916,0.0194562562,-0.272315949,-1.39788949
27.2469496,0.00930375326,-0.29108724,-1.3405565
27.2569076,-0.0019222697,-0.295491308,-1.28666317
27.2668656,-0.0105104316,-0.28676039,-1.24030256
27.2768236,-0.0150881391,-0.263931245,-1.19915938
27.2867816,-0.0185177587,-0.235666856,-1.16047382
27.2967396,-0.033685524,-0.193139628,-1.13838816
27.3066976,-0.048579786,-0.16853416,-1.12441194
27.3166556,-0.0526139438,-0.14971599,-1.1110673
27.3266136,-0.0421421267,-0.130025104,-1.10103655
27.3365716,-0.0135490978,-0.118872061,-1.0897311
27.3465296,0.0209132712,-0.105516307,-1.08332384
27.3564876,0.0550169125,-0.0756257847,-1.08495772
27.3664456,0.0839540213,-0.0573956482,-1.08806539
27.3764036,0.111259148,-0.0582949966,-1.08797216
27.3863616,0.133003056,-0.0564156063,-1.07795918
27.3963196,0.148363367,-0.0395447463,-1.05557215
27.4062776,0.152908593,-0.0221556351,-1.0310204
27.4162356,0.146029383,-0.0134223318,-1.00605762
27.4261936,0.125963256,-0.00060959754,-0.984110177
27.4361516,0.113592342,0.0048155277,-0.954847097
27.4461096,0.125658318,0.00237394171,-0.914547086
27.4560676,0.141230628,-0.0185670257,-0.874403656
27.4660256,0.14764218,-0.0569889843,-0.838140488
27.4759836,0.144603789,-0.0988514796,-0.803205371
27.4859416,0.134887516,-0.119490445,-0.772820294
27.4958996,0.129730031,-0.112748921,-0.756650925
27.5058576,0.126381904,-0.0658666342,-0.740956664
27.5158146,0.124727547,-0.00895274896,-0.723996043
27.5257726,0.119636916,0.0454311296,-0.712101817
27.5357306,0.105958924,0.086615853,-0.700032651
27.5456886,0.0750601292,0.0858456641,-0.683607101
27.5556466,0.0251817852,0.0390291587,-0.671517909
27.5656046,-0.0360453539,-0.0344170965,-0.672162652
27.5755626,-0.0964530334,-0.129774511,-0.686599433
27.5855206,-0.141672984,-0.207840815,-0.707622647
27.5954786,-0.167475551,-0.232057735,-0.727295458
27.6054366,-0.172303855,-0.206878349,-0.725803554
27.6153946,-0.162345499,-0.169990897,-0.695898354
27.6253526,-0.134651288,-0.125960857,-0.650687456
27.6353106,-0.108237259,-0.0734979212,-0.605402827
27.6452686,-0.101132475,-0.0102853943,-0.554918587
27.6552266,-0.116356701,0.0545207672,-0.505551875
27.6651846,-0.151468083,0.103239037,-0.459679455
27.6751426,-0.171691865,0.115101553,-0.407831699
27.6851006,-0.144362241,0.120122679,-0.342615664
27.6950586,-0.0796937644,0.113476224,-0.27590856
27.7050166,0.00359553378,0.103797771,-0.199967444
27.7149746,0.0932260826,0.10590326,-0.109047122
27.7249326,0.168693408,0.0779888108,-0.021005949
27.7348906,0.2203345,0.0131040839,0.0548118502
27.7448486,0.232955217,-0.0415700786,0.113478623
27.7548066,0.19555752,-0.110325173,0.152369559
27.7647646,0.13437885,-0.218809038,0.167118415
27.7747216,0.0668511987,-0.359949112,0.138671592
27.7846796,-0.00953012146,-0.497019887,0.0862110481
27.7946376,-0.0755757168,-0.584957182,0.0319640599
27.8045956,-0.119061679,-0.617508769,-0.0183696859
27.8145536,-0.150794834,-0.619249105,-0.0770449862
27.8245116,-0.171129674,-0.584516168,-0.140956059
27.8344696,-0.177852824,-0.513549089,-0.197533041
27.8444276,-0.168081954,-0.407777637,-0.240030706
27.8543856,-0.156239137,-0.276126117,-0.269092977
27.8643436,-0.144079417,-0.148607582,-0.26794675
27.8743016,-0.119987123,-0.0169305131,-0.233216748
27.8842596,-0.0826203078,0.125907332,-0.17086336
27.8942176,-0.0521438941,0.262292325,-0.104832403
27.9041756,-0.0506812856,0.341758937,-0.0519566759
27.9141336,-0.0686909109,0.365366518,0.000540621695
27.9240916,-0.0790207833,0.348115623,0.0459312722
27.9340496,-0.0604383089,0.300528675,0.0770993084
27.9440076,-0.0179694127,0.244343966,0.0921299234
27.9539656,0.0334809944,0.19149752,0.0979001969
27.9639236,0.0726808608,0.131463483,0.0976554528
27.9738816,0.103259541,0.0653736815,0.100693054
27.9838396,0.111953966,0.0124257766,0.0931805447
27.9937976,0.102016114,-0.0242257118,0.0757232532
28.0037556,0.0711466148,-0.0629025325,0.0487888455
28.0137136,0.0363934264,-0.0992104709,0.00452950457
28.0236706,0.00720544858,-0.103446767,-0.0494319983
28.0336286,-0.0206512157,-0.101107173,-0.105772234
28.0435866,-0.0453491062,-0.0907272398,-0.152259305
28.0535446,-0.0583565161,-0.0515263081,-0.190034121
28.0635026,-0.0626639128,-0.00176061573,-0.223659724
28.0734606,-0.0606486984,0.0411232002,-0.248489708
28.0834186,-0.0566931069,0.0714832395,-0.260690719
28.0933766,-0.0541678965,0.0827492103,-0.265998393
28.1033346,-0.0420904607,0.0672642589,-0.259064317
28.1132926,-0.0153334159,0.0358626582,-0.242682144
28.1232506,0.0272630453,0.0137919784,-0.227100521
28.1332086,0.0688041002,-0.000726776663,-0.219044462
28.1431666,0.0898617133,-0.0196344219,-0.209563613
28.1531246,0.0931366012,-0.0362349711,-0.213902161
28.1630826,0.0842943713,-0.0639667287,-0.225029916
28.1730406,0.0744611844,-0.0895871371,-0.244406015
28.1829986,0.0757522881,-0.104081392,-0.258450717
28.1929566,0.0806969777,-0.108765364,-0.286291152
28.2029146,0.0967097655,-0.0998778641,-0.314525723
28.2128727,0.128303915,-0.067003265,-0.335816085
28.2228307,0.151638001,-0.0551476739,-0.358674794
28.2327887,0.157975256,-0.0751131251,-0.376770705
28.2427467,0.156501994,-0.075309664,-0.375413835
28.2527047,0.161348686,-0.0783816203,-0.359847933
28.2626627,0.164536223,-0.0550251678,-0.339505106
28.2726207,0.164012372,-0.018050639,-0.313835144
28.2825777,0.147252575,0.0249556843,-0.292832673
28.2925357,0.111997373,0.0138849225,-0.299274057
28.3024937,0.0792434216,-0.0677098036,-0.331505775
28.3124517,0.0579900667,-0.0800194666,-0.370477408
28.3224097,0.0225002486,-0.0463664345,-0.393222392
28.3323677,-0.0373998359,-0.0489006974,-0.395161182
28.3423257,-0.117075756,-0.0857721642,-0.410263419
28.3522837,-0.181810811,-0.137946144,-0.439645022
28.3622417,-0.21584788,-0.174017072,-0.47180295
28.3721997,-0.20277521,-0.164629161,-0.48253575
28.3821577,-0.123925939,-0.0930529758,-0.475695431
28.3921157,-0.0110156331,0.0180000402,-0.453613549
28.4020737,0.112050369,0.139743522,-0.411469847
28.4120317,0.214370355,0.272890925,-0.359869242
28.4219897,0.263282776,0.380250931,-0.314967006
28.4319477,0.274677634,0.41993469,-0.28526184
28.4419057,0.266192794,0.420615137,-0.271551877
28.4518637,0.260021985,0.367881089,-0.263333112
28.4618217,0.2553415,0.259386301,-0.25809598
28.4717797,0.259654462,0.108528078,-0.250750452
28.4817377,0.2858392,-0.0365926325,-0.244645432
28.4916957,0.313350737,-0.109428488,-0.254539609
28.5016537,0.317840546,-0.109335281,-0.284769684
28.5116117,0.289649397,-0.0424510539,-0.323156476
28.5215687,0.246881962,0.0480173267,-0.356321365
28.5315267,0.208430707,0.177007794,-0.381018192
28.5414847,0.171093717,0.315916419,-0.396204859
28.5514427,0.122346416,0.43177405,-0.404291809
28.5614007,0.0697793439,0.494650751,-0.406008214
28.5713587,0.0160191804,0.499684125,-0.406585336
28.5813167,-0.0252235979,0.46433413,-0.398091167
28.5912747,-0.0392073244,0.40312776,-0.377813339
28.6012327,-0.035016574,0.32735309,-0.355844915
28.6111907,-0.0339177549,0.23020044,-0.340432405
28.6211487,-0.0559588745,0.117975369,-0.337567925
28.6311067,-0.0971992537,-0.022031799,-0.343831152
28.6410647,-0.122792229,-0.174294308,-0.351019531
28.6510227,-0.109848469,-0.228770331,-0.353648096
28.6609807,-0.074318707,-0.215362638,-0.356340528
28.6709387,-0.0537937246,-0.16835466,-0.34694463
28.6808967,-0.081610173,-0.119828403,-0.3326765
28.6908547,-0.150134638,-0.111976601,-0.292945594
28.7008127,-0.214900061,-0.107385844,-0.233255625
28.7107707,-0.248703822,-0.095791243,-0.162985727
28.7207287,-0.229014546,-0.0801078826,-0.0833273828
28.7306867,-0.161193684,-0.0571237393,0.00364000862
28.7406447,-0.0681569502,-0.0411908478,0.0769594982
28.7506027,0.0249394383,-0.050985951,0.138736844
28.7605597,0.111080982,-0.0559040122,0.198588192
28.7705177,0.183961838,-0.0436851643,0.258290678
28.7804757,0.221741185,-0.0241181199,0.315517753
28.7904337,0.233885199,-0.00702062529,0.375533134
28.8003917,0.234179735,0.0105975168,0.433287263
28.8103497,0.230664641,0.0427818187,0.473469287
28.8203077,0.225927666,0.0613845326,0.493015826
28.8302657,0.228899226,0.0906281695,0.5007177
28.8402237,0.244753823,0.125445798,0.505526006
28.8501817,0.268512696,0.143556893,0.502080977
28.8601397,0.279480368,0.143495113,0.490816861
28.8700977,0.259625971,0.114857078,0.470047385
28.8800557,0.205674604,0.0524259247,0.439696938
28.8900137,0.128475681,-0.0314924121,0.39717266
28.8999717,0.0617235526,-0.103501357,0.343416482
28.9099297,0.0175489001,-0.144790471,0.286691427
28.9198877,0.00333427778,-0.140244991,0.225823805
28.9298457,0.0120002041,-0.0873178616,0.176905528
28.9398037,0.0399921574,0.0113141732,0.144630685
28.9497617,0.072523199,0.140415967,0.13170743
28.9597197,0.0835582763,0.249107555,0.12328811
28.9696767,0.070744209,0.315329731,0.125009581
28.9796347,0.0492026992,0.325764239,0.134496555
28.9895927,0.0361385643,0.279316068,0.138145357
28.9995507,0.035154257,0.19614394,0.123070531
29.0095087,0.0499113686,0.080425337,0.107627124
29.0194667,0.0885567665,-0.0454135537,0.0983683839
29.0294247,0.157407194,-0.178353488,0.0831880942
29.0393827,0.237408563,-0.280236185,0.0578609034
29.0493407,0.301697254,-0.330715328,0.0411546268
29.0592987,0.346234918,-0.310075581,0.0367819816
29.0692567,0.338815063,-0.236618936,0.0137722716
29.0792147,0.274876833,-0.171490788,-0.0412427783
29.0891727,0.171844199,-0.140205845,-0.118992433
29.0991307,0.0680980906,-0.123413548,-0.214099512
29.1090887,-0.0160412844,-0.0882683396,-0.306640893
29.1190467,-0.0807856619,-0.056671802,-0.38734293
29.1290047,-0.112498313,-0.0587812923,-0.449550897
29.1389627,-0.0987612009,-0.0558182597,-0.493073076
29.1489207,-0.056364473,-0.0437786393,-0.512451828
29.1588787,7.4035881E-05,-0.0320056044,-0.516005814
29.1688367,0.0471185111,-0.0173534229,-0.505311668
29.1787947,0.0717058778,0.0100355903,-0.496504843
29.1887527,0.0671694502,0.0456479117,-0.492733806
29.1987107,0.0414113551,0.0579756834,-0.495152742
29.2086674,0.0110662328,0.068887189,-0.503580034
29.2186254,-0.00875354372,0.0727431774,-0.517240465
29.2285834,-0.0177925788,0.0594316348,-0.530911565
29.2385414,-0.0150591107,0.0263847355,-0.547836721
29.2484994,-0.0106491819,-0.00256249355,-0.564243138
29.2584574,-0.0109743541,-0.0252246633,-0.572386801
29.2684154,-0.0235657804,-0.0480436906,-0.585340142
29.2783734,-0.0387276895,-0.0767208785,-0.596229553
29.2883314,-0.0439994149,-0.0957116112,-0.608037472
29.2982894,-0.0403069444,-0.0992411003,-0.617176652
29.3082474,-0.0404451601,-0.0887389258,-0.622001767
29.3182054,-0.0479787104,-0.0660349429,-0.630034924
29.3281634,-0.0655289441,-0.0284620021,-0.647208035
29.3381214,-0.0844112858,0.00129802467,-0.676295877
29.3480794,-0.0962232053,0.00815166999,-0.708306849
29.3580374,-0.0967340022,-0.0147784138,-0.739820302
29.3679954,-0.0814594403,-0.0561412983,-0.770722568
29.3779534,-0.0623057187,-0.0891706198,-0.806843281
29.3879114,-0.0604122095,-0.111908428,-0.858901381
29.3978694,-0.0732086971,-0.135009751,-0.908084691
29.4078274,-0.0922031626,-0.157807469,-0.952377796
29.4177844,-0.110655405,-0.185380772,-0.998358905
29.4277424,-0.13530536,-0.202229261,-1.05200136
29.4377004,-0.154612213,-0.202703848,-1.10754585
29.4476584,-0.16844067,-0.177073583,-1.16874552
29.4576164,-0.188296139,-0.134104803,-1.23177564
29.4675744,-0.205115065,-0.08382193,-1.28610599
29.4775324,-0.211972967,-0.0164540745,-1.3241533
29.4874904,-0.208587557,0.0552534014,-1.34095383
29.4974484,-0.194210753,0.114907943,-1.34933162
29.5074064,-0.168447062,0.152803391,-1.34285045
29.5173644,-0.139712363,0.171890542,-1.33981311
29.5273224,-0.119027056,0.152395666,-1.35207093
29.5372804,-0.103842773,0.0894574448,-1.37719464
29.5472384,-0.0970863327,0.00187912642,-1.41900384
29.5571964,-0.0923232734,-0.0877639428,-1.47406125
29.5671544,-0.105451323,-0.12791881,-1.51972413
29.5771124,-0.120987676,-0.161961734,-1.53489268
29.5870704,-0.112879947,-0.215275288,-1.54681027
29.5970284,-0.0875524879,-0.256186247,-1.56576157
29.6069864,-0.0649220049,-0.273579866,-1.5885812
29.6169444,-0.0641044155,-0.282570183,-1.60790908
29.6269014,-0.0837862417,-0.278801531,-1.62134361
29.6368594,-0.110540092,-0.25486958,-1.63919079
29.6468174,-0.143939063,-0.225474134,-1.66620302
29.6567754,-0.175305247,-0.227679506,-1.69117546
29.6667334,-0.17801927,-0.238095656,-1.7171104
29.6766914,-0.144109771,-0.242929026,-1.7374351
29.6866494,-0.0999710709,-0.248352826,-1.76206911
29.6966074,-0.0641097426,-0.253279388,-1.77927601
29.7065654,-0.0497374609,-0.257280529,-1.7945019
29.7165234,-0.0650482401,-0.264889717,-1.8269397
29.7264814,-0.0959190726,-0.264476657,-1.8707279
29.7364394,-0.146117792,-0.281517953,-1.92028856
29.7463974,-0.218372285,-0.335704774,-1.99581814
29.7563554,-0.307349294,-0.420949638,-2.09072161
29.7663134,-0.371133059,-0.508850694,-2.18600416
29.7762714,-0.380301803,-0.557873666,-2.25908637
29.7862294,-0.327937394,-0.520290077,-2.29764771
29.7961874,-0.23660402,-0.398051232,-2.28890657
29.8061454,-0.140004501,-0.23737447,-2.24622393
29.8161034,-0.0656682253,-0.0788277015,-2.18195343
29.8260604,-0.0267240219,0.0609435104,-2.11619592
29.8360184,-0.0207199249,0.159960106,-2.04058027
29.8459764,-0.0432920791,0.207122818,-1.97662365
29.8559344,-0.0729272068,0.214938939,-1.93219817
29.8658924,-0.077606909,0.186260149,-1.90405607
29.8758504,-0.0485097468,0.116255239,-1.87815356
29.8858084,0.0032479912,0.0338413194,-1.85998392
29.8957664,0.0388541892,-0.0531838574,-1.84936428
29.9057244,0.0345462598,-0.148117557,-1.83427966
29.9156824,0.00755698606,-0.224039227,-1.79814827
29.9256404,-0.0263698213,-0.250820518,-1.74594629
29.9355984,-0.0582910031,-0.223231226,-1.684003
29.9455564,-0.0940181091,-0.152544275,-1.61239171
29.9555144,-0.121970117,-0.0802855194,-1.53257835
29.9654724,-0.13420175,-0.017335847,-1.4656806
29.9754304,-0.111419201,0.0420896634,-1.40021718
29.9853884,-0.0666410774,0.0887527689,-1.34134054
29.9953464,-0.0173797887,0.0951920301,-1.28460717
30.0053044,0.0155754974,0.0641246587,-1.23640978
30.0152624,0.0203489475,0.0257588923,-1.19543123
30.0252194,0.00645896466,-0.0336903185,-1.15046608
30.0351774,0.00164716516,-0.103743173,-1.09839177
30.0451354,0.0213513616,-0.164276823,-1.04558098
30.0550934,0.0712936223,-0.222311363,-0.990832806
30.0650514,0.124480411,-0.27361849,-0.947442174
30.0750094,0.158878058,-0.300768614,-0.909204245
30.0849674,0.165921852,-0.296246856,-0.877070546
30.0949254,0.167925894,-0.268019468,-0.851788878
30.1048834,0.172913194,-0.223654658,-0.835370004
30.1148414,0.181121051,-0.163207039,-0.814003408
30.1247994,0.185544297,-0.0940506011,-0.790995598
30.1347574,0.181572184,-0.00567812566,-0.766023397
30.1447154,0.163616091,0.0732529089,-0.73399514
30.1546734,0.137844145,0.124669224,-0.706124127
30.1646314,0.10421402,0.159827754,-0.679281056
30.1745894,0.0750859603,0.178423539,-0.649051785
30.1845474,0.0610657521,0.157585904,-0.609260142
30.1945054,0.0823478699,0.138737902,-0.553853333
30.2044634,0.129919112,0.142680183,-0.489625365
30.2144209,0.170234844,0.166437179,-0.422349125
30.2243789,0.165587097,0.160848796,-0.363219231
30.2343369,0.123007685,0.110155798,-0.313665509
30.2442949,0.0522765219,0.0346549153,-0.272703439
30.2542529,-0.025259817,-0.092798911,-0.236235708
30.2642109,-0.0884454399,-0.244598299,-0.208001941
30.2741689,-0.106130965,-0.318769723,-0.182255819
30.2841269,-0.0760191306,-0.296084911,-0.158788309
30.2940849,-0.00744539918,-0.218880147,-0.128038123
30.3040429,0.0894039124,-0.109236479,-0.0971917957
30.3140009,0.178623006,0.029307289,-0.0608574897
30.3239589,0.247358665,0.161118045,-0.00209297822
30.3339169,0.291830778,0.211226493,0.068945244
30.3438749,0.338006526,0.212929577,0.146079183
30.3538329,0.381146014,0.214497119,0.222111896
30.3637909,0.401085377,0.1980481,0.276234239
30.3737489,0.386020929,0.153305665,0.295313418
30.3837069,0.351863772,0.0744654462,0.273645401
30.3936649,0.308810294,-0.0179315954,0.218092114
30.4036219,0.291039288,-0.0891375989,0.168492347
30.4135799,0.313296407,-0.136575416,0.144638404
30.4235379,0.345908672,-0.147687465,0.109887086
30.4334959,0.356959462,-0.132625416,0.0594327003
30.4434539,0.322699487,-0.0948330387,-0.00148684287
30.4534119,0.248476923,-0.0461211577,-0.0658996552
30.4633699,0.16020672,0.0263242815,-0.117090672
30.4733279,0.0664394796,0.0935539156,-0.151377544
30.4832859,-0.00879775267,0.134353548,-0.168042794
30.4932439,-0.053104762,0.159409627,-0.17458193
30.5032019,-0.0780737624,0.157871127,-0.180178553
30.5131599,-0.0916774571,0.141094536,-0.184169844
30.5231179,-0.0834751874,0.105642542,-0.176186487
30.5330759,-0.0438441522,0.0845862553,-0.158356354
30.5430339,0.0102840625,0.0872400999,-0.129746005
30.5529919,0.0522173978,0.0816519856,-0.0879471675
30.5629499,0.082350269,0.0666956753,-0.0461658984
30.5729079,0.0968394578,0.0628521964,0.000499342685
30.5828649,0.0951715261,0.0673790425,0.0450819917
30.5928229,0.0726398453,0.0725279972,0.08988408
30.6027809,0.0354884863,0.0829654559,0.140079603
30.6127389,-0.00257447781,0.065518558,0.177117795
30.6226969,-0.0266758185,0.026557574,0.20100981
30.6326549,-0.0235769656,0.00170522206,0.220080435
30.6426129,-0.0163933542,0.0280390922,0.233653769
30.6525709,-0.0323709883,0.026145583,0.241252035
30.6625289,-0.0517947562,-0.0172013566,0.252411216
30.6724869,-0.0541394018,-0.0848349929,0.242590278
30.6824449,-0.0363686606,-0.144491136,0.216093689
30.6924029,-0.00720278546,-0.195982292,0.190302297
30.7023609,0.0197742376,-0.225138307,0.174863949
30.7123189,0.0452351235,-0.224587575,0.169802085
30.7222769,0.074427098,-0.199518174,0.175851986
30.7322349,0.0990829095,-0.141696677,0.193770796
30.7421929,0.124706775,-0.0453222059,0.219899341
30.7521509,0.150289103,0.0613565668,0.253324687
30.7621079,0.163494915,0.155276939,0.277955979
30.7720659,0.156136081,0.215060383,0.293038517
30.7820239,0.128265023,0.22204265,0.298209339
30.7919819,0.0911845043,0.190922022,0.295033783
30.8019399,0.0668104589,0.146399558,0.271030426
30.8118979,0.053771086,0.093587473,0.238477021
30.8218559,0.0581706278,0.0417013727,0.212600142
30.8318139,0.0754295066,0.00379340653,0.196129292
30.8417719,0.0927581638,-0.0111109745,0.189022645
30.8517299,0.0986211151,-0.0182692856,0.194009155
30.8616879,0.0947832316,-0.0243202541,0.212770328
30.8716459,0.0869724452,-0.00263173576,0.227288812
30.8816039,0.0679135397,0.0278409515,0.234819427
30.8915619,0.0393117182,0.0620415322,0.240436047
30.9015199,0.0129525503,0.090425238,0.241848052
30.9114779,-0.00861372799,0.0968820676,0.237984329
30.9214359,-0.0254742,0.0823017955,0.227532759
30.9313939,-0.0442830436,0.0714542121,0.224924192
30.9413509,-0.0535186194,0.0656738207,0.214831084
30.9513089,-0.0707146525,0.0632226467,0.190933198
30.9612669,-0.105473958,0.0529281944,0.167264625
30.9712249,-0.148023546,0.0356386863,0.157186955
30.9811829,-0.180984437,0.0115847504,0.153961062
30.9911409,-0.191935882,-0.00086552737,0.163527682
31.0010989,-0.183227345,0.000224770789,0.177140161
31.0110569,-0.175699651,-0.0057907775,0.184005529
31.0210149,-0.17550391,-0.0116412099,0.194027528
31.0309729,-0.180113584,0.00259498414,0.208692491
31.0409309,-0.180376694,0.022599319,0.216422588
31.0508889,-0.195452318,0.0439115316,0.210990801
31.0608469,-0.218638331,0.0420654267,0.197383642
31.0708049,-0.2378802,0.0523468293,0.182052359
31.0807629,-0.251264721,0.0827042013,0.16505979
31.0907209,-0.256914616,0.102707207,0.155050308
31.1006789,-0.25203383,0.147418752,0.156125426
31.1106359,-0.252458096,0.182553828,0.162140965
31.1205939,-0.237469286,0.197646767,0.182046771
31.1305519,-0.202482805,0.196007594,0.208581969
31.1405099,-0.159328938,0.166118398,0.222677544
31.1504679,-0.131464809,0.110869527,0.21209681
31.1604259,-0.125341147,0.0451259315,0.191210434
31.1703839,-0.138816476,-0.0184509121,0.163215548
31.1803419,-0.155227929,-0.0777627081,0.133621439
31.1902999,-0.148522094,-0.118022509,0.120015621
31.2002579,-0.117879763,-0.130130842,0.115446702
31.2102158,-0.0824807584,-0.125309721,0.124901988
31.2201738,-0.0596452206,-0.107468136,0.137915254
31.2301318,-0.0610766709,-0.0714624673,0.152299523
31.2400898,-0.0769555047,-0.0451022312,0.162466675
31.2500478,-0.0861479342,-0.0280481465,0.164925843
31.2600058,-0.0787739083,-0.00799614098,0.157561138
31.2699638,-0.0715194568,0.000906007423,0.145643488
31.2799208,-0.0560885705,-0.0132777225,0.129246935
31.2898788,-0.0314865522,-0.0444311127,0.11411006
31.2998368,0.00304079731,-0.0793443546,0.0976945981
31.3097948,0.0255887173,-0.119632922,0.0831489488
31.3197528,0.0493715443,-0.174198702,0.0686680079
31.3297108,0.0759304538,-0.216708079,0.0563527532
31.3396688,0.103885382,-0.21868521,0.0517348349
31.3496268,0.127808303,-0.190529197,0.0534698814
31.3595848,0.130568922,-0.151078194,0.0538935922
31.3695428,0.10979414,-0.112904713,0.0565066859
31.3795008,0.0838616118,-0.0766841248,0.0596284419
31.3894588,0.0568092205,-0.0606007613,0.0525369756
31.3994168,0.0408403724,-0.0719793811,0.0406267866
31.4093748,0.051648546,-0.108643658,0.0279429518
31.4193328,0.0920146108,-0.148490667,0.0238829628
31.4292908,0.145331889,-0.145025373,0.0264230855
31.4392488,0.152526423,-0.114070378,0.0139600243
31.4492058,0.0804327875,-0.175506309,-0.0388571173
31.4591638,-0.0396664515,-0.283751279,-0.120539196
31.4691218,-0.172415182,-0.361258328,-0.192867726
31.4790798,-0.293109626,-0.351773202,-0.228066996
31.4890378,-0.376714796,-0.275492549,-0.235041276
31.4989958,-0.405691832,-0.135885134,-0.227468848
31.5089538,-0.392068714,0.037346039,-0.186884135
31.5189118,-0.344974965,0.188566983,-0.110629842
31.5288698,-0.268165141,0.326444685,-0.00929443259
31.5388278,-0.209254146,0.433615893,0.0847255364
31.5487858,-0.198865697,0.466875583,0.131712228
31.5587438,-0.236110002,0.426984876,0.116837405
31.5687018,-0.282596529,0.354620665,0.0583597124
31.5786598,-0.314590693,0.262171954,-0.029540848
31.5886178,-0.318258405,0.161226168,-0.133314908
31.5985758,-0.27197665,0.0523937009,-0.224885046
31.6085328,-0.153222844,-0.0487129427,-0.281146705
31.6184908,0.0290990286,-0.165151134,-0.303356946
31.6284488,0.230467826,-0.255588353,-0.289975107
31.6384068,0.388092875,-0.27136305,-0.255124718
31.6483648,0.454287618,-0.205816016,-0.228542626
31.6583228,0.418833196,-0.0924260691,-0.231688082
31.6682808,0.320931137,0.0411218703,-0.248858824
31.6782388,0.208618462,0.168982103,-0.282465518
31.6881968,0.101162568,0.265578151,-0.340965569
31.6981548,-0.00457238127,0.287498891,-0.417838514
31.7081128,-0.0958040208,0.255731374,-0.484382123
31.7180708,-0.172973916,0.185276121,-0.545695305
31.7280288,-0.216646284,0.0975095108,-0.593679309
31.7379868,-0.218412504,0.0319075994,-0.614267409
31.7479448,-0.187948599,0.0075197015,-0.605376184
31.7579028,-0.154965609,0.00457584346,-0.578510225
31.7678608,-0.128830954,0.0249287859,-0.542566359
31.7778178,-0.116873622,0.0751629248,-0.502495885
31.7877758,-0.132467493,0.145579308,-0.479933858
31.7977338,-0.179716498,0.219893754,-0.471485764
31.8076918,-0.229643047,0.286103398,-0.462579906
31.8176498,-0.266127557,0.312226355,-0.444043756
31.8276078,-0.273306906,0.268824011,-0.408470064
31.8375658,-0.234694526,0.177850157,-0.352180153
31.8475238,-0.151285127,0.116869628,-0.280310482
31.8574818,-0.0691593662,0.068438448,-0.212877646
31.8674398,-0.0115272263,0.0136196716,-0.157565385
31.8773978,0.0233141109,-0.0401117317,-0.111408018
31.8873558,0.0322559401,-0.0709857568,-0.0631558001
31.8973138,0.00341816712,-0.0646157414,-0.0246195924
31.9072718,-0.0387769565,-0.0693122298,-0.0307533853
31.9172298,-0.0624327511,0.017953435,-0.0393849574
31.9271868,-0.0811811388,0.120433204,-0.0383319408
31.9371448,-0.0921387151,0.194672287,-0.0216597561
31.9471028,-0.0767749399,0.241842717,-0.0223314054
31.9570608,-0.0313552581,0.302260786,-0.0213870481
31.9670188,-0.00670717098,0.312744319,-0.0117836883
31.9769768,-0.0129192611,0.252329975,-0.0198757034
31.9869348,-0.0358751751,0.168394342,-0.0397926867
31.9968928,-0.0394579284,0.107116334,-0.0543013215
32.0068508,-0.0172021557,0.0825364217,-0.0606673434
32.0168088,0.0248456951,0.0818141699,-0.04518985
32.0267668,0.0781901404,0.0895298794,-0.000241016081
32.0367248,0.137904868,0.108447649,0.0665374845
32.0466828,0.199591145,0.132723153,0.137766391
32.0566408,0.248858824,0.140993342,0.196111992
32.0665988,0.281282812,0.124565363,0.242906928
32.0765558,0.288754046,0.0628407449,0.278652936
32.0865138,0.275528789,-0.00769254053,0.286029369
32.0964718,0.250809848,-0.0353055261,0.263050795
32.1064298,0.236576051,-0.0510088541,0.240809679
32.1163878,0.218680948,-0.0864155814,0.21242331
32.1263458,0.200508058,-0.144552916,0.181446761
32.1363038,0.212814793,-0.189749435,0.179267228
32.1462618,0.270575821,-0.204464987,0.215083018
32.1562198,0.371057957,-0.187981352,0.265272141
32.1661778,0.474279702,-0.157706544,0.31104362
32.1761358,0.546898782,-0.146303415,0.333980381
32.1860938,0.572498143,-0.0671699792,0.340573281
32.1960518,0.545178652,0.044608213,0.343982667
32.2060098,0.46029675,0.135219067,0.322234243
32.2159679,0.344792813,0.199257985,0.284310818
32.2259259,0.215761855,0.281858325,0.274894685
32.2358829,0.126447424,0.388965845,0.284409076
32.2458409,0.0697324723,0.464792699,0.288640052
32.2557989,0.0471611209,0.466078758,0.288790524
32.2657569,0.0444231257,0.432651013,0.280491054
32.2757149,0.0473970771,0.377861798,0.269471943
32.2856729,0.0602452308,0.286231756,0.267307609
32.2956309,0.0845851898,0.186827138,0.266210645
32.3055889,0.103585251,0.114022441,0.265691608
32.3155469,0.115883723,0.0596902296,0.282972574
32.3255049,0.122086495,0.0110396016,0.309078217
32.3354629,0.111834921,-0.0295171458,0.322400957
32.3454209,0.0989761129,-0.0298252739,0.341179967
32.3553789,0.114752412,0.0355079249,0.391157895
32.3653369,0.162682116,0.135365009,0.448747694
32.3752949,0.201475322,0.191349983,0.475872785
32.3852519,0.200734168,0.194188923,0.482763737
32.3952099,0.17129904,0.148366034,0.484311014
32.4051679,0.143046632,0.111199759,0.487933457
32.4151259,0.103721604,0.0588883497,0.464276582
32.4250839,0.0379622951,-0.0471118502,0.406000763
32.4350419,-0.0471462086,-0.195504248,0.346039712
32.4449999,-0.112914301,-0.351758301,0.309736282
32.4549579,-0.142870337,-0.464984447,0.290982306
32.4649159,-0.143499643,-0.517718792,0.283475131
32.4748739,-0.138167188,-0.522166014,0.274474442
32.4848319,-0.140406117,-0.475399822,0.270851463
32.4947899,-0.157125443,-0.358737648,0.266798139
32.5047479,-0.171868697,-0.182921886,0.262192994
32.5147059,-0.18749027,0.017851701,0.246640414
32.5246639,-0.226930082,0.176419243,0.220608801
32.5346209,-0.294971198,0.243734106,0.190798983
32.5445789,-0.366471201,0.22348769,0.160866916
32.5545369,-0.404519528,0.144818977,0.133815318
32.5644949,-0.385904819,0.0691649541,0.109075353
32.5744529,-0.331494838,0.00323387654,0.0798290521
32.5844109,-0.268945187,-0.0652599633,0.0512216426
32.5943689,-0.220764607,-0.130107939,0.0309768245
32.6043269,-0.198010549,-0.163833946,0.0177409146
32.6142849,-0.195270419,-0.156120092,0.0172359776
32.6242429,-0.19535698,-0.115641378,0.0241399575
32.6342009,-0.190726802,-0.0600255206,0.0309318174
32.6441589,-0.185685977,-0.00679319119,0.034514036
32.6541169,-0.191349462,0.0480042771,0.032055404
32.6640749,-0.211316764,0.0942748338,0.0356978104
32.6740329,-0.226323411,0.124930747,0.040843036
32.6839899,-0.232783183,0.142049283,0.0249985605
32.6939479,-0.22656709,0.13192448,0.00625363505
32.7039059,-0.197008938,0.0928497761,-0.00489329221
32.7138639,-0.151142642,0.0431780964,-0.00788881537
32.7238219,-0.0999950394,-0.00516520068,-0.00437930226
32.7337799,-0.0626386106,-0.0459291413,-0.00402110675
32.7437379,-0.0481219888,-0.0850259438,-0.00283440226
32.7536959,-0.0456596315,-0.136415899,-0.00534176826
32.7636539,-0.0452742726,-0.176018432,-0.0107269464
32.7736119,-0.0536581688,-0.198084325,-0.0243769791
32.7835699,-0.0761259273,-0.222493798,-0.0302782767
32.7935279,-0.0922851861,-0.253119349,-0.0298215449
32.8034859,-0.0994837135,-0.288465887,-0.0349667706
32.8134439,-0.0920865163,-0.327916086,-0.0351894125
32.8234009,-0.071726121,-0.381019264,-0.022665631
32.8333589,-0.0253500976,-0.41339317,0.00251215976
32.8433169,0.0484306477,-0.386100024,0.0381969213
32.8532749,0.128042921,-0.337147683,0.0709215775
32.8632329,0.176321775,-0.312713444,0.0942854881
32.8731909,0.199740276,-0.317867994,0.111183777
32.8831489,0.217614874,-0.299527586,0.12716274
32.8931069,0.235625565,-0.268710017,0.115800105
32.9030649,0.25566265,-0.245173797,0.0678173974
32.9130229,0.257568687,-0.197505623,0.000175502311
32.9229809,0.215719238,-0.111113206,-0.0572624914
32.9329389,0.120687805,-0.0445485599,-0.109052986
32.9428969,-0.00622540526,-0.0247125365,-0.171878815
32.9528549,-0.144665837,-0.0754489526,-0.248804763
32.9628119,-0.298765123,-0.192140952,-0.332722813
32.9727699,-0.443145216,-0.328977615,-0.400859535
32.9827279,-0.554072797,-0.444473594,-0.429379582
32.9926859,-0.593232691,-0.505050361,-0.425263137
33.0026439,-0.54309392,-0.456965685,-0.398124218
33.0126019,-0.427325755,-0.32457301,-0.365769714
33.0225599,-0.301149726,-0.162496239,-0.358051628
33.0325179,-0.203028217,0.0131309824,-0.355008155
33.0424759,-0.13928625,0.167714968,-0.341571718
33.0524339,-0.105395928,0.280190915,-0.334655762
33.0623919,-0.0843998343,0.366529793,-0.3107813
33.0723499,-0.0707628503,0.408790976,-0.272729546
33.0823079,-0.0515761077,0.329564333,-0.21579887
33.0922659,-0.00480833743,0.159437865,-0.146065593
33.1022229,0.0776908025,0.0237508696,-0.081431739
33.1121809,0.170479864,-0.0139509691,-0.0508666411
33.1221389,0.238867179,0.0193550549,-0.0636948198
33.1320969,0.253987014,0.0839460343,-0.114954546
33.1420549,0.203451395,0.142436236,-0.211797476
33.1520129,0.109049521,0.169850022,-0.336222768
33.1619709,0.0168942939,0.179442197,-0.460906088
33.1719289,-0.0457395241,0.186064944,-0.559130371
33.1818869,-0.0790868327,0.182530925,-0.627237797
33.1918449,-0.103368998,0.168686748,-0.67294699
33.2018029,-0.128797129,0.163443789,-0.687997043
33.2117609,-0.151785001,0.196457669,-0.678169727
33.2217189,-0.157712668,0.270232826,-0.642049253
33.2316769,-0.152719766,0.353388697,-0.58799988
33.2416339,-0.145917788,0.393094838,-0.51927036
33.2515919,-0.116938069,0.400081635,-0.436629504
33.2615499,-0.0713972151,0.402023613,-0.345430642
33.2715079,-0.0307557825,0.383571625,-0.270938814
33.2814659,-0.00777776213,0.34501332,-0.221809626
33.2914239,-0.00324106705,0.295349628,-0.180765256
33.3013819,-0.00482245209,0.258933812,-0.145350799
33.3113399,-0.016478043,0.22175929,-0.120106965
33.3212979,-0.035210453,0.178490654,-0.0950514153
33.3312559,-0.0592287034,0.134243563,-0.0854102373
33.3412139,-0.100317284,0.0800277218,-0.0967324004
33.3511719,-0.1613383,0.0234877486,-0.129911125
33.3611299,-0.219592541,-0.0315334238,-0.180541277
33.3710869,-0.254624307,-0.0674413592,-0.226995334
33.3810449,-0.260494977,-0.0697849393,-0.258474171
33.3910029,-0.243808135,-0.0934623033,-0.269561172
33.4009609,-0.20076932,-0.175367296,-0.271924466
33.4109189,-0.117247529,-0.252487898,-0.267145157
33.4208769,-0.0224965196,-0.269374758,-0.25886938
33.4308349,0.031368576,-0.251511604,-0.25597319
33.4407929,0.0042916839,-0.243100002,-0.259971648
33.4507509,-0.0863708407,-0.241516754,-0.258637667
33.4607089,-0.179990813,-0.232938707,-0.248045757
33.4706669,-0.237737998,-0.216733634,-0.236626118
33.4806249,-0.262954146,-0.190066874,-0.218273476
33.4905829,-0.261057168,-0.153811663,-0.190657571
33.5005399,-0.235957399,-0.112191252,-0.157779783
33.5104979,-0.183959723,-0.065705508,-0.123085715
33.5204559,-0.111922808,-0.0143086314,-0.0846467093
33.5304139,-0.0513185821,0.0345084406,-0.0565540902
33.5403719,-0.0245671291,0.0667180419,-0.0368629433
33.5503299,-0.023210248,0.0585091151,-0.018517226
33.5602879,-0.0302503146,0.0363841057,0.00400699209
33.5702459,-0.0251058862,0.0281200521,0.0211353786
33.5802039,-0.00813862029,0.0272340178,0.0334759355
33.5901619,0.0287046153,0.0216320585,0.0491329245
33.6001199,0.0774186254,0.0289805196,0.0626474023
33.6100779,0.119008675,0.040608678,0.070154056
33.6200359,0.14815937,0.0460766815,0.0833494812
33.6299939,0.175993934,0.0420915261,0.110307336
33.6399509,0.191738546,0.032823991,0.127528131
33.6499089,0.186520085,0.00967819337,0.13067466
33.6598669,0.159370214,-0.00619371375,0.12824665
33.6698249,0.110250875,-0.0373987705,0.0945608616
33.6797829,0.0319741778,-0.0914316475,0.044046022
33.6897409,-0.0341305397,-0.154221788,0.00911120698
33.6996989,-0.072434254,-0.187808782,-0.000250070821
33.7096569,-0.0556539409,-0.215209514,0.0281701181
33.7196149,0.0160399526,-0.211445138,0.0959640816
33.7295729,0.16668725,-0.166604429,0.199757054
33.7395309,0.349916726,-0.0141309993,0.316438675
33.7494889,0.500575483,0.197504014,0.414193183
33.7594469,0.565855443,0.39064604,0.470997334
33.7694039,0.535680711,0.476352155,0.48473233
33.7793619,0.43183744,0.448588163,0.468210876
33.7893199,0.264248967,0.327814102,0.426490068
33.7992779,0.0620681643,0.0932631046,0.360392004
33.8092359,-0.132602781,-0.197434515,0.262713909
33.8191939,-0.277959436,-0.454874307,0.153441221
33.8291519,-0.325507522,-0.609277964,0.0803861842
33.8391099,-0.252308398,-0.682486951,0.0644181371
33.8490679,-0.0486357138,-0.585259199,0.105986886
33.8590259,0.254192054,-0.341987967,0.198032126
33.8689839,0.576673448,-0.0104566356,0.295279056
33.8789419,0.801327348,0.316859186,0.39061144
33.8888999,0.875947475,0.535183251,0.458743334
33.8988569,0.807031274,0.659430921,0.473259956
33.9088149,0.646988332,0.699629962,0.470848471
33.9187729,0.437890798,0.690751791,0.478025973
33.9287309,0.212747946,0.593524873,0.481411636
33.9386889,0.0131099429,0.401496559,0.476505041
33.9486469,-0.124819964,0.149585769,0.467994094
33.9586049,-0.159868494,-0.0816820785,0.464067549
33.9685629,-0.0923538953,-0.181509078,0.458141744
33.9785209,0.0186027121,-0.158502832,0.437996507
33.9884789,0.11895515,-0.111817077,0.408261538
33.9984369,0.194233119,-0.0553801693,0.366319388
34.0083949,0.214178607,0.0270760916,0.297576547
34.0183519,0.165288299,0.126645565,0.234898522
34.0283099,0.0606945045,0.202137381,0.198473409
34.0382679,-0.056788981,0.243019044,0.18615149
34.0482259,-0.156163499,0.266485751,0.183237195
34.0581839,-0.224630445,0.267369658,0.181644365
34.0681419,-0.265426069,0.228630781,0.179329008
34.0780999,-0.2746723,0.162929267,0.178959623
34.0880579,-0.241077602,0.0975712985,0.175295383
34.0980159,-0.170641512,0.038109567,0.154770136
34.1079739,-0.0952679291,-0.0253751315,0.127110809
34.1179319,-0.0412582234,-0.0789542049,0.097615242
34.1278899,-0.0240805689,-0.121718444,0.0804096237
34.1378479,-0.0281003434,-0.135882735,0.0774378031
34.1478049,-0.0499286763,-0.102091484,0.0871572718
34.1577629,-0.0825787634,-0.0189931318,0.0981372222
34.1677209,-0.133478165,0.0673726499,0.114105269
34.1776789,-0.199372754,0.152484342,0.126087099
34.1876369,-0.27352795,0.206209362,0.129445344
34.1975949,-0.332567573,0.242722362,0.128760636
34.2075529,-0.363634676,0.244793236,0.117570303
34.2175105,-0.373240173,0.227349535,0.0946615264
34.2274685,-0.361958742,0.206381395,0.0588406809
34.2374265,-0.326924324,0.169475853,0.0343198888
34.2473845,-0.262369841,0.118758611,0.0144274086
34.2573425,-0.174691647,0.0268758219,0.00650077639
34.2672995,-0.0818948671,-0.0869255736,0.00639185309
34.2772575,-0.00797856413,-0.207754001,-0.000109722234
34.2872155,0.0515872948,-0.310048133,0.00281309709
34.2971735,0.107741907,-0.374412477,0.00442351075
34.3071315,0.17878066,-0.38021791,0.00290364446
34.3170895,0.233573601,-0.354764491,-0.0120398849
34.3270475,0.254467428,-0.320677608,-0.0227125026
34.3370055,0.237491384,-0.282951534,-0.0327978954
34.3469635,0.195515439,-0.254627496,-0.0567975007
34.3569215,0.148271233,-0.22209245,-0.0852413923
34.3668795,0.114027239,-0.194647253,-0.105537876
34.3768375,0.0958421081,-0.172527298,-0.122022845
34.3867955,0.0944980085,-0.145324707,-0.140005305
34.3967525,0.095718801,-0.120152503,-0.157620788
34.4067105,0.0863356888,-0.103824936,-0.186875075
34.4166685,0.0726915151,-0.0992205963,-0.221108422
34.4266265,0.0608356521,-0.0927027762,-0.246061966
34.4365845,0.0706166476,-0.0653190836,-0.233088642
34.4465425,0.103539705,-0.0393231697,-0.224150285
34.4565005,0.109840482,-0.0713404939,-0.257789731
34.4664585,0.075642027,-0.127952635,-0.32168135
34.4764165,-0.00771491136,-0.166062742,-0.398563892
34.4863745,-0.125764579,-0.160424292,-0.483342707
34.4963325,-0.27343154,-0.188705996,-0.579918504
34.5062905,-0.410377413,-0.242971376,-0.673262835
34.5162475,-0.492105573,-0.266539544,-0.724665821
34.5262055,-0.503683925,-0.241081327,-0.714238465
34.5361635,-0.438872427,-0.166337848,-0.645575285
34.5461215,-0.292129338,-0.0144652259,-0.531672657
34.5560795,-0.108668156,0.186762422,-0.405072391
34.5660375,0.0292670745,0.373443365,-0.30568108
34.5759955,0.084081322,0.487792045,-0.246187672
34.5859535,0.0839787871,0.565512657,-0.199522957
34.5959115,0.0679963604,0.605800986,-0.164710656
34.6058695,0.06608022,0.583489776,-0.137398601
34.6158275,0.0788410157,0.502705991,-0.119781792
34.6257855,0.0943949446,0.359559774,-0.11543072
34.6357425,0.111143567,0.171790928,-0.120077141
34.6457005,0.13874723,-0.0134966336,-0.131250426
34.6556585,0.168864384,-0.180341274,-0.15564099
34.6656165,0.175863698,-0.308095783,-0.199960515
34.6755745,0.138982385,-0.37775901,-0.261497915
34.6855325,0.0696344748,-0.387324274,-0.328740329
34.6954905,-0.0200408194,-0.367463499,-0.413974792
34.7054485,-0.107304618,-0.298392028,-0.497770905
34.7154065,-0.174613625,-0.176193133,-0.566878617
34.7253645,-0.229146898,-0.029091306,-0.606042802
34.7353225,-0.251276433,0.11593885,-0.603461385
34.7452805,-0.244322389,0.256685317,-0.567361414
34.7552375,-0.21525532,0.36916101,-0.507331133
34.7651955,-0.201080918,0.425884992,-0.437704623
34.7751535,-0.206888467,0.416607887,-0.361112654
34.7851115,-0.213645965,0.358545363,-0.301857054
34.7950695,-0.19634901,0.280124336,-0.26287955
34.8050275,-0.150170326,0.208013654,-0.238494068
34.8149855,-0.0841774642,0.148269102,-0.211090669
34.8249435,-0.0124129942,0.123504095,-0.179713041
34.8349015,0.0475182496,0.122624449,-0.143398181
34.8448595,0.073752515,0.125225827,-0.120240659
34.8548175,0.0637305081,0.128743336,-0.0995172709
34.8647755,0.0286244545,0.117048062,-0.0731871277
34.8747325,-0.015641544,0.107995175,-0.0452092886
34.8846905,-0.0536198169,0.105243601,-0.0277338922
34.8946485,-0.0810069665,0.0867703184,-0.0190503895
34.9046065,-0.0857620388,0.0677966252,-0.00383841409
34.9145645,-0.0709197149,0.0742513239,0.0147744184
34.9245225,-0.0555277057,0.053314887,0.0391868167
34.9344805,-0.0226824097,0.0278132558,0.0635520816
34.9444385,0.0251559541,0.021294903,0.0897224322
34.9543965,0.0651840642,0.0160226431,0.104903243
34.9643545,0.0880425051,0.00974024553,0.121798873
34.9743125,0.104893126,0.0043598609,0.1409747
34.9842705,0.123255886,0.0137775978,0.163354576
34.9942275,0.148761779,0.0219332613,0.193046689
35.0041855,0.186520085,0.0224453881,0.231398597
35.0141435,0.222192854,0.0197718404,0.273601711
35.0241015,0.241774812,0.0146375326,0.304135114
35.0340595,0.220502019,-0.016230369,0.317363054
35.0440175,0.184614584,-0.0655814037,0.322840363
35.0539755,0.15837419,-0.108266287,0.333164632
35.0639335,0.15178819,-0.127986461,0.346125454
35.0738915,0.162620068,-0.120406576,0.370511472
35.0838495,0.197228387,-0.083635509,0.412897021
35.0938075,0.255518585,0.00391031941,0.461663246
35.1037655,0.305777758,0.0917994305,0.48143959
35.1137225,0.312789589,0.147696778,0.468841523
35.1236805,0.259002268,0.185843363,0.447897077
35.1336385,0.166694447,0.190675139,0.434641987
35.1435965,0.0758849084,0.14320296,0.415274709
35.1535545,0.0105511779,0.0418803394,0.382671207
35.1635125,-0.0284806434,-0.0907687843,0.350083172
35.1734705,-0.0329211988,-0.207645342,0.339847058
35.1834285,0.00264585041,-0.269957989,0.353783369
35.1933865,0.0719056129,-0.259213716,0.383793473
35.2033445,0.160365433,-0.18451871,0.427092731
35.2133029,0.246503785,-0.0581293479,0.484843642
35.2232599,0.304454446,0.0795464888,0.540361762
35.2332179,0.312825561,0.184738427,0.578400791
35.2431759,0.273003578,0.236117199,0.583897769
35.2531339,0.196771383,0.248278782,0.56069392
35.2630919,0.106604472,0.224152938,0.527371168
35.2730499,0.0384485908,0.157645822,0.491807282
35.2830079,0.00613033026,0.0543101095,0.451919258
35.2929659,0.00253106817,-0.0621131733,0.40203771
35.3029239,0.0250502247,-0.165864065,0.349778771
35.3128819,0.0617880002,-0.228931189,0.31703335
35.3228399,0.0921174064,-0.260565817,0.296182394
35.3327979,0.0996237993,-0.26815024,0.278571963
35.3427549,0.0771150216,-0.25044179,0.260418802
35.3527129,0.0268886052,-0.212980449,0.234249786
35.3626709,-0.0361670591,-0.158719867,0.21302332
35.3726289,-0.0989004821,-0.0978674442,0.209047228
35.3825869,-0.140859917,-0.0210592132,0.213071257
35.3925449,-0.159295917,0.0570129529,0.218348056
35.4025029,-0.16759406,0.108015947,0.226054698
35.4124609,-0.166947439,0.143269539,0.235753134
35.4224189,-0.166720271,0.160636023,0.245767683
35.4323769,-0.168098465,0.158991247,0.253055692
35.4423349,-0.184038013,0.144572094,0.250463635
35.4522919,-0.201330453,0.104578078,0.239314049
35.4622499,-0.212749019,0.069927685,0.233468413
35.4722079,-0.213068336,0.0500599705,0.230051041
35.4821659,-0.202593327,0.0205920935,0.216698751
35.4921239,-0.176843479,-0.0121035343,0.199398324
35.5020819,-0.127765954,-0.0295208748,0.178594247
35.5120399,-0.065712966,-0.054616373,0.161155865
35.5219979,-0.00580382673,-0.0878590122,0.135400429
35.5319559,0.0280556027,-0.106695823,0.10370376
35.5419139,0.0224834718,-0.117822237,0.0697588399
35.5518719,-0.0190583803,-0.140369892,0.040063262
35.5618299,-0.0712243766,-0.159602448,0.012186625
35.5717869,-0.106947757,-0.177432567,-0.0160817653
35.5817449,-0.116304502,-0.195506915,-0.0408771262
35.5917029,-0.0951315761,-0.200099275,-0.054730624
35.6016609,-0.0477683209,-0.20171608,-0.0514320321
35.6116189,0.0168048125,-0.196917325,-0.0466117114
35.6215769,0.0697782785,-0.19651705,-0.0477960184
35.6315349,0.0935738906,-0.215276629,-0.0593560003
35.6414929,0.0897285566,-0.252139837,-0.0757408366
35.6514509,0.0759855807,-0.319047749,-0.0984791666
35.6614089,0.0751088634,-0.385158598,-0.134827852
35.6713669,0.0853905305,-0.422508121,-0.162455216
35.6813249,0.100933537,-0.448675007,-0.184922442
35.6912819,0.12258637,-0.472302556,-0.202634603
35.7012399,0.161003798,-0.476106882,-0.21710968
35.7111979,0.201352283,-0.447736233,-0.227238476
35.7211559,0.230390862,-0.406845778,-0.235694543
35.7311139,0.250958979,-0.362256765,-0.24006027
35.7410719,0.261548787,-0.285188854,-0.243339956
35.7510299,0.246177018,-0.156738475,-0.259289354
35.7609879,0.173957154,-0.0127613349,-0.274897605
35.7709459,0.0198037978,0.10510911,-0.294189274
35.7809039,-0.186847121,0.225537792,-0.298581362
35.7908619,-0.413738847,0.328012496,-0.313203454
35.8008189,-0.649950325,0.396294355,-0.376273513
35.8107769,-0.885535419,0.402309895,-0.498634845
35.8207349,-1.08803546,0.345916659,-0.64290601
35.8306929,-1.1927284,0.273477614,-0.771901548
35.8406509,-1.14587224,0.182592183,-0.854180396
35.8506089,-0.960826993,0.0983201787,-0.879603207
35.8605669,-0.689612746,0.0641406327,-0.835334003
35.8705249,-0.402849972,0.0576276109,-0.722607195
35.8804829,-0.145925254,0.0651262701,-0.5664168
35.8904409,0.058349859,0.0914220586,-0.404397815
35.9003989,0.193153217,0.0882145464,-0.26585111
35.9103559,0.265400261,0.0771038383,-0.147744715
35.9203139,0.285748661,0.088447839,-0.0544789545
35.9302719,0.269921482,0.0771895945,0.00418435875
35.9402299,0.235537425,0.0201454815,0.0110095078
35.9501879,0.203250051,-0.0743019283,-0.00734792789
35.9601459,0.198304296,-0.142067388,-0.0284718554
35.9701039,0.222034663,-0.178712755,-0.0503097773
35.9800619,0.267519861,-0.201038569,-0.0836967602
35.9900199,0.314600289,-0.183640406,-0.142125979
35.9999779,0.319282919,-0.142362207,-0.233313143
36.0099359,0.254106581,-0.0677566752,-0.335127383
36.0198929,0.149728507,0.0231641755,-0.420330435
36.0298509,0.047176566,0.114791833,-0.490087956
36.0398089,-0.0288713295,0.187677756,-0.535639465
36.0497669,-0.0721916407,0.2255463,-0.55636549
36.0597249,-0.10222517,0.252615213,-0.54848361
36.0696829,-0.126908407,0.264483064,-0.520880222
36.0796409,-0.161751613,0.270012319,-0.482667863
36.0895989,-0.200614586,0.245003358,-0.445744187
36.0995569,-0.2370698,0.208314583,-0.411932439
36.1095149,-0.262466788,0.176679432,-0.372534692
36.1194729,-0.269895136,0.142789379,-0.32771343
36.1294299,-0.264826328,0.114389695,-0.290090948
36.1393879,-0.247961074,0.0977638438,-0.255387545
36.1493459,-0.225830197,0.0923605561,-0.216855347
36.1593039,-0.211013705,0.0965361297,-0.172984302
36.1692619,-0.205740109,0.106565855,-0.1315258
36.1792199,-0.207254916,0.107687578,-0.101743408
36.1891779,-0.231736824,0.0981627852,-0.100038983
36.1991359,-0.297670573,0.0702746958,-0.12389718
36.2090939,-0.382906646,-0.00642460957,-0.161705539
36.2190516,-0.457919091,-0.125711322,-0.206412032
36.2290096,-0.501389086,-0.235287353,-0.25188604
36.2389666,-0.481165558,-0.303044021,-0.266994417
36.2489246,-0.395703644,-0.330359817,-0.243042469
36.2588826,-0.256020844,-0.298096925,-0.193836585
36.2688406,-0.0876339749,-0.177811012,-0.133061916
36.2787986,0.0760034248,0.0264246836,-0.0607083552
36.2887566,0.201742709,0.282207727,0.0174809899
36.2987146,0.274487227,0.542044103,0.0986629277
36.3086726,0.283695102,0.732523739,0.153798088
36.3186306,0.245864898,0.830120087,0.16842337
36.3285886,0.191211775,0.858081698,0.162310347
36.3385466,0.138619661,0.830095351,0.141317979
36.3485046,0.111080714,0.725533485,0.106688365
36.3584616,0.124240726,0.571374297,0.0609669462
36.3684196,0.16581054,0.394450366,-0.000880174746
36.3783776,0.21203582,0.212736771,-0.070772171
36.3883356,0.25179708,0.038910646,-0.132350057
36.3982936,0.271793693,-0.121340811,-0.195855528
36.4082516,0.270451456,-0.250019431,-0.253409088
36.4182096,0.253834665,-0.334698349,-0.297325164
36.4281676,0.242982551,-0.393959284,-0.32268405
36.4381256,0.256087184,-0.433377266,-0.324782073
36.4480836,0.293563962,-0.461280793,-0.319788665
36.4580416,0.347287387,-0.47490713,-0.305769771
36.4679986,0.406584799,-0.425185382,-0.265887618
36.4779566,0.464198023,-0.301420033,-0.200266778
36.4879146,0.502521992,-0.103131175,-0.128887936
36.4978726,0.47337395,0.116939932,-0.072328791
36.5078306,0.362726808,0.232015386,-0.0497774109
36.5177886,0.201754421,0.191706583,-0.0617291443
36.5277466,0.0311898775,0.037421409,-0.0977183059
36.5377046,-0.116900519,-0.182892591,-0.146198481
36.5476626,-0.236379772,-0.396291941,-0.185427114
36.5576206,-0.300673008,-0.557655036,-0.221990719
36.5675786,-0.268459141,-0.636087775,-0.249785602
36.5775356,-0.134714931,-0.656092107,-0.2568326
36.5874936,0.0646623522,-0.589663267,-0.239101797
36.5974516,0.280081451,-0.424379498,-0.178745508
36.6074096,0.448423862,-0.241279468,-0.0921259299
36.6173676,0.526350856,-0.122692361,-0.02054975
36.6273256,0.518428266,-0.0498418584,0.0235077236
36.6372836,0.40982905,-0.0187001843,0.0354988724
36.6472416,0.20592919,-0.0427061841,0.0303160939
36.6571996,-0.0388038531,-0.118679777,0.0210845117
36.6671576,-0.254775286,-0.224743903,0.0234515294
36.6771146,-0.372413516,-0.331370741,0.0442433618
36.6870726,-0.347361684,-0.393827736,0.0826578587
36.6970306,-0.208878919,-0.403652936,0.120693393
36.7069886,-0.00906886254,-0.354210794,0.154128313
36.7169466,0.18285957,-0.21422255,0.182094708
36.7269046,0.295887589,-0.0772953182,0.203669503
36.7368626,0.294719785,0.0168293137,0.204010919
36.7468206,0.190008283,0.0804777965,0.194642723
36.7567786,0.0204251129,0.109790415,0.193065599
36.7667366,-0.155056164,0.100238189,0.1980308
36.7766946,-0.284918547,0.0793166608,0.214873955
36.7866516,-0.341374367,0.0719463602,0.236265004
36.7966096,-0.341519773,0.0911080688,0.2593261
36.8065676,-0.312147766,0.133845955,0.27723825
36.8165256,-0.283520132,0.16071032,0.281391472
36.8264836,-0.270764917,0.16913496,0.267765135
36.8364416,-0.27883777,0.154877737,0.231944814
36.8463996,-0.312951773,0.111547835,0.182895511
36.8563576,-0.345323056,0.0490594208,0.133710131
36.8663156,-0.3725155,-0.0182000436,0.089510709
36.8762736,-0.372896343,-0.0664088503,0.0696270168
36.8862316,-0.315994442,-0.113418706,0.0835580081
36.8961886,-0.199886486,-0.133241415,0.113334015
36.9061466,-0.0617627017,-0.0997412428,0.142365396
36.9161046,0.0402920283,0.00689412514,0.167928815
36.9260626,0.0511460081,0.104406565,0.183670759
36.9360206,-0.0237649847,0.129799277,0.179128468
36.9459786,-0.123647109,0.120634273,0.153655335
36.9559366,-0.209326327,0.0963081568,0.109576561
36.9658946,-0.265013546,0.0491915159,0.0531287305
36.9758526,-0.280104637,-0.00471166475,0.0101556983
36.9858106,-0.251147002,-0.0533593632,-0.0153952017
36.9957686,-0.196728244,-0.101833157,-0.0285168625
37.0057256,-0.141113177,-0.143223211,-0.0260592978
37.0156836,-0.0825244337,-0.149221703,0.0048616007
37.0256416,-0.0190298837,-0.095075652,0.0455949157
37.0355996,0.0348485261,-0.00881639495,0.0704872161
37.0455576,0.0546493977,0.0639446303,0.0767230093
37.0555156,0.0317334272,0.11151401,0.0756468251
37.0654736,-0.0136510972,0.135856107,0.0650482401
37.0754316,-0.0697529837,0.119433984,0.0370216668
37.0853896,-0.127193898,0.0914316475,-0.000694019778
37.0953476,-0.168029755,0.0681393743,-0.0319688506
37.1053056,-0.174234912,0.0608713403,-0.0438659899
37.1152626,-0.152234539,0.0659739599,-0.0509744994
37.1252206,-0.127390444,0.0557029434,-0.0571615584
37.1351786,-0.105872907,0.0234019961,-0.0592577308
37.1451366,-0.0848214105,-0.00157605868,-0.0593469478
37.1550946,-0.07556054,-0.0154806888,-0.0597642623
37.1650526,-0.0790684521,-0.0214988999,-0.0600486882
37.1750106,-0.100534596,-0.0376525708,-0.05906545
37.1849686,-0.120097913,-0.0716904327,-0.0548619181
37.1949266,-0.114992902,-0.0985188484,-0.0588233694
37.2048846,-0.0940506011,-0.124756843,-0.0660405383
37.2148416,-0.0651651546,-0.148850471,-0.0688757375
37.2247996,-0.0329627432,-0.181995898,-0.0727727413
37.2347576,-0.0115751633,-0.210999593,-0.0801118761
37.2447156,0.00132385734,-0.258506656,-0.0890007094
37.2546736,0.034890607,-0.297967523,-0.0896795541
37.2646316,0.0878614113,-0.301849604,-0.0879263952
37.2745896,0.14275609,-0.281052709,-0.0820562541
37.2845476,0.169031635,-0.244235039,-0.0794218555
37.2945056,0.150872603,-0.219330758,-0.0726017654
37.3044636,0.101893872,-0.245530397,-0.0864392817
37.3144206,0.0406166688,-0.287499428,-0.124580808
37.3243786,-0.0237772353,-0.294313908,-0.156747535
37.3343366,-0.0945070609,-0.27944681,-0.188970447
37.3442946,-0.179518357,-0.312958449,-0.247125641
37.3542526,-0.256547898,-0.386990845,-0.330963552
37.3642106,-0.297600269,-0.40251255,-0.388383687
37.3741686,-0.287503958,-0.331846386,-0.410780877
37.3841266,-0.229709893,-0.214892864,-0.41140005
37.3940846,-0.132156178,-0.0606689379,-0.38855654
37.4040426,-0.0592995435,0.0531300642,-0.367031813
37.4140006,-0.055660598,0.0972655639,-0.346167266
37.4239576,-0.0792357028,0.163571879,-0.297548056
37.4339156,-0.0714704543,0.252267122,-0.211926371
37.4438736,-0.0178477056,0.339866221,-0.123879068
37.4538316,0.0613834672,0.39047721,-0.0348485261
37.4637896,0.131513551,0.383325815,0.0519169942
37.4737476,0.177142292,0.335679203,0.139521405
37.4837056,0.194502637,0.248064935,0.210736737
37.4936636,0.194844589,0.137068108,0.261281937
37.5036216,0.188337147,0.0409519598,0.291032374
37.5135796,0.188252196,-0.0235071909,0.301849872
37.5235366,0.189743564,-0.0524882413,0.294067323
37.5334946,0.191330552,-0.0478157252,0.272355348
37.5434526,0.180552468,-0.0220496412,0.238710314
37.5534106,0.149202541,0.020540962,0.201142162
37.5633686,0.108534999,0.0852115676,0.16402249
37.5733266,0.056233976,0.153543487,0.118489094
37.5832846,-0.00735032465,0.202144846,0.0686917156
37.5932426,-0.071593225,0.233867884,0.0260305349
37.6032006,-0.131019801,0.236660212,-0.00380139612
37.6131586,-0.158521205,0.212002009,-0.0183899254
37.6231156,-0.152640939,0.185409278,-0.0193950031
37.6330736,-0.123781331,0.134291232,-0.0184589028
37.6430316,-0.0929856002,0.0810607672,-0.0201888923
37.6529896,-0.0658999234,0.0323653966,-0.0153310196
37.6629476,-0.0724992305,-0.0155049236,-0.0207212567
37.6729056,-0.102558598,-0.0239535365,-0.0217036977
37.6828636,-0.134331182,-0.00376757397,-0.00744992681
37.6928216,-0.155231133,0.0265224203,0.0105258776
37.7027796,-0.167873949,0.0662360117,0.0282841027
37.7127376,-0.178184122,0.103174321,0.0552763045
37.7226946,-0.185359478,0.114751615,0.0750745088
37.7326526,-0.197401747,0.0905727744,0.0837247223
37.7426106,-0.190108687,0.0612111576,0.0922098234
37.7525686,-0.158294559,0.0260289367,0.0978280231
37.7625266,-0.124919564,-0.00773461862,0.0993308499
37.7724846,-0.10345795,-0.0435642563,0.0962431803
37.7824426,-0.0940753669,-0.083106868,0.0918862447
37.7924006,-0.0919885114,-0.116425678,0.0928582996
37.8023586,-0.0853431299,-0.134631574,0.0917182043
37.8123166,-0.0808053687,-0.132248312,0.08348158
37.8222736,-0.0927286074,-0.129562527,0.0698515177
37.8322316,-0.123329125,-0.12193203,0.061680939
37.8421896,-0.146653891,-0.0893029794,0.0643587485
37.8521476,-0.156660989,-0.0374270007,0.0650517046
37.8621056,-0.151007354,0.0161334295,0.0669492036
37.8720636,-0.132735148,0.0603051521,0.0827803686
37.8820216,-0.0959302559,0.106224708,0.111599766
37.8919796,-0.058332283,0.156402662,0.142322794
37.9019376,-0.0282598678,0.192070901,0.171554714
37.9118956,-0.0194000639,0.222199783,0.188405335
37.9218526,-0.015767511,0.232631385,0.205319062
37.9318106,0.00178564945,0.22931388,0.211635813
37.9417686,0.0359979495,0.208817661,0.213860616
37.9517266,0.0739019215,0.184023097,0.226861641
37.9616846,0.0997127444,0.137440145,0.239816055
37.9716426,0.108632736,0.0822794288,0.24698022
37.9816006,0.118628912,0.0408310518,0.253626138
37.9915586,0.126580045,0.0215700064,0.262980759
38.0015166,0.133834764,0.0300465822,0.258408636
38.0114746,0.124670558,0.0364730544,0.254131079
38.0214316,0.1109678,0.0297232736,0.250695348
38.0313896,0.105552256,0.0560403652,0.245530128
38.0413476,0.113711648,0.100310095,0.240846172
38.0513056,0.128622159,0.162888259,0.238836274
38.0612636,0.139564291,0.252185106,0.23680988
38.0712216,0.136336535,0.362789392,0.239556924
38.0811796,0.0965425149,0.4282251,0.229276597
38.0911376,0.0237149168,0.407333404,0.203875899
38.1010956,-0.0412789956,0.367566824,0.191502586
38.1110536,-0.0691428483,0.31676358,0.200125903
38.1210106,-0.0738609061,0.22464563,0.20448257
38.1309686,-0.0746263042,0.0692744106,0.195975095
38.1409266,-0.0800482333,-0.122969069,0.179524213
38.1508846,-0.0984093919,-0.32419619,0.167105108
38.1608426,-0.137419641,-0.523150563,0.158390701
38.1708006,-0.162083715,-0.680002749,0.160184339
38.1807586,-0.13434343,-0.729358852,0.169587165
38.1907166,-0.0429282933,-0.68748492,0.159346253
38.2006746,0.0763477683,-0.575906157,0.141470045
38.2106326,0.197178587,-0.426647455,0.141459122
38.2205902,0.288811296,-0.274673104,0.15655978
38.2305482,0.342105418,-0.137402862,0.186294779
38.2405062,0.341775715,-0.0163574014,0.205120921
38.2504642,0.270911127,0.0908398926,0.216095284
38.2604222,0.156449527,0.150274724,0.232455075
38.2703802,0.0361468196,0.153862536,0.260760486
38.2803382,-0.0323981531,0.127212286,0.299652755
38.2902962,-0.025806563,0.0705996007,0.350079447
38.3002542,0.047229562,0.00210682675,0.400209725
38.3102122,0.148285881,-0.0440119319,0.438088119
38.3201692,0.23220101,-0.0723301247,0.459662408
38.3301272,0.269444793,-0.0904665142,0.461204648
38.3400852,0.245636925,-0.0871002823,0.453962982
38.3500432,0.191429079,-0.0844610855,0.442305237
38.3600012,0.132368162,-0.0777525827,0.415505588
38.3699592,0.0708603263,-0.0650250688,0.378130257
38.3799172,0.0186197571,-0.0577788763,0.333706319
38.3898752,-0.0195641145,-0.046253249,0.288919687
38.3998332,-0.0419783443,-0.0275999364,0.240298882
38.4097912,-0.0436894223,-0.0145858666,0.195316762
38.4197482,-0.0373795964,0.00525628123,0.154943243
38.4297062,-0.0304053091,0.0255964398,0.123387448
38.4396642,-0.0273655783,0.0482719243,0.101298124
38.4496222,-0.0435133874,0.046867907,0.0842469707
38.4595802,-0.0766782686,0.0349505283,0.0662565157
38.4695382,-0.124304906,0.0366285853,0.0384248868
38.4794962,-0.168550402,0.0409634113,0.00658759521
38.4894542,-0.183881685,0.0266734231,-0.0173430368
38.4994122,-0.154689714,0.0133818518,-0.0256840587
38.5093692,-0.0915597454,0.0132436333,-0.031857267
38.5193272,-0.0266153663,-0.0104204165,-0.0326540843
38.5292852,0.0332109518,-0.0439323038,-0.029923277
38.5392432,0.0661113784,-0.0648165494,-0.0399322361
38.5492012,0.0652043,-0.0807441175,-0.0656021759
38.5591592,0.027175162,-0.081423752,-0.094954744
38.5691172,-0.0297845267,-0.0821180418,-0.123768277
38.5790752,-0.0885285363,-0.0838384405,-0.147684261
38.5890332,-0.132780954,-0.0841598809,-0.163868293
38.5989912,-0.157604009,-0.0592699796,-0.174402431
38.6089482,-0.179648325,-0.00902918167,-0.179266691
38.6189062,-0.191929758,0.0392624512,-0.176723912
38.6288642,-0.184598878,0.0499598347,-0.176560387
38.6388222,-0.144750521,-0.00986434892,-0.187646061
38.6487802,-0.0241817683,-0.194919959,-0.19921191
38.6587382,0.207928434,-0.471305221,-0.214271545
38.6686962,0.515095294,-0.798993349,-0.235779509
38.6786542,0.823951662,-1.11053288,-0.267146468
38.6886122,1.03003585,-1.30713642,-0.30632025
38.6985702,1.04401159,-1.37200201,-0.353546619
38.7085272,0.849492431,-1.30431163,-0.386633456
38.7184852,0.53114295,-1.08478749,-0.398631811
38.7284432,0.192477301,-0.731660604,-0.407965124
38.7384012,-0.100362025,-0.340191394,-0.408330232
38.7483592,-0.298933446,0.0157784298,-0.381832838
38.7583172,-0.400643021,0.273453653,-0.342601568
38.7682752,-0.411349475,0.322999895,-0.318099678
38.7782332,-0.331757426,0.286347866,-0.30414179
38.7881912,-0.220462859,0.287450433,-0.29092586
38.7981482,-0.160213366,0.207296729,-0.335563093
38.8081062,-0.1916219,0.0626599193,-0.404419392
38.8180642,-0.258227289,-0.0794255808,-0.44051668
38.8280222,-0.300679147,-0.104131728,-0.437360018
38.8379802,-0.287311941,0.00250363769,-0.38318041
38.8479382,-0.256029904,0.182984725,-0.302548677
38.8578962,-0.246150389,0.361916661,-0.226232067
38.8678542,-0.303766549,0.460658699,-0.166276053
38.8778122,-0.401246488,0.508201182,-0.111739583
38.8877692,-0.449854255,0.538103938,-0.0516307019
38.8977272,-0.388680369,0.563370168,0.00862997305
38.9076852,-0.234546989,0.616031229,0.0665891469
38.9176432,-0.0441887677,0.653027058,0.120462768
38.9276012,0.11236649,0.644034624,0.171184525
38.9375592,0.202146709,0.583157957,0.187502518
38.9475172,0.216672659,0.487799764,0.1538122
38.9574752,0.173630372,0.374673218,0.092208758
38.9674332,0.110960074,0.27416712,0.0124870297
38.9773912,0.0327307805,0.235612258,-0.0841945037
38.9873482,-0.0373873189,0.21962823,-0.182280064
38.9973062,-0.0835894346,0.209841117,-0.272750556
39.0072642,-0.102428369,0.21281293,-0.353311986
39.0172222,-0.0959736705,0.222679421,-0.414565235
39.0271802,-0.083834976,0.263504356,-0.451941907
39.0371382,-0.0853567123,0.309583426,-0.47824353
39.0470962,-0.12745516,0.345721722,-0.49894163
39.0570542,-0.189853817,0.367254168,-0.495056063
39.0670122,-0.241420344,0.387211621,-0.469195992
39.0769692,-0.268417329,0.391959786,-0.431095749
39.0869272,-0.264421791,0.375158966,-0.380422711
39.0968852,-0.242221683,0.369409472,-0.314990431
39.1068432,-0.206477001,0.359613299,-0.244856894
39.1168012,-0.173721194,0.359351248,-0.184261188
39.1267592,-0.150404423,0.359169871,-0.1289673
39.1367172,-0.129899949,0.354358613,-0.068511419
39.1466752,-0.116970561,0.355600178,-0.0218509696
39.1566332,-0.116376407,0.343809843,0.00989098009
39.1665912,-0.133914918,0.311975211,0.0384406
39.1765482,-0.143262088,0.273047239,0.0631198436
39.1865062,-0.138891041,0.221356884,0.0668954104
39.1964642,-0.124829814,0.146569729,0.0623009242
39.2064222,-0.0966293365,0.0617919937,0.0525795892
39.216379,-0.0679407045,-0.0327504911,0.0245724544
39.226337,-0.0549825579,-0.126274318,-0.0119280322
39.236295,-0.0436939523,-0.207340941,-0.0505843461
39.246253,-0.0282952879,-0.26798299,-0.0857761577
39.256211,-0.00972799491,-0.280876398,-0.118795097
39.266168,0.00444668019,-0.266554445,-0.139781862
39.276126,0.0188804809,-0.239622444,-0.135226265
39.286084,0.0400882959,-0.187790141,-0.120292053
39.296042,0.0621531196,-0.109108113,-0.107513145
39.306,0.0873245224,-0.0159560628,-0.0769855976
39.315958,0.114045076,0.0658352077,-0.0467872135
39.325916,0.141485497,0.13778317,-0.0173025578
39.335874,0.18024914,0.193565205,0.0162375588
39.345832,0.238140658,0.25347966,0.0511729047
39.355789,0.302557737,0.304584414,0.074893415
39.365747,0.352257103,0.327480942,0.0913173929
39.375705,0.380308986,0.305661649,0.0957451686
39.385663,0.395207256,0.243379638,0.0816690326
39.395621,0.416897893,0.152931497,0.0463075787
39.405579,0.456201881,0.0318721794,-0.00398595305
39.415537,0.510650456,-0.111170463,-0.0646319911
39.425495,0.58630532,-0.255127639,-0.095202148
39.435453,0.694281042,-0.337762058,-0.0755975544
39.44541,0.82439959,-0.310912877,-0.0231873449
39.455368,0.95397836,-0.150642231,0.0504810177
39.465326,1.00451422,0.0396619253,0.110834375
39.475284,0.944865286,0.211654186,0.157917202
39.485242,0.793727756,0.401503503,0.180680826
39.4952,0.579566419,0.573503494,0.18316263
39.505158,0.30091697,0.6655671,0.144729227
39.515116,-0.0278380234,0.61519742,0.0705953389
39.525074,-0.346681505,0.450235069,0.00673806388
39.535031,-0.58847338,0.246144786,-0.0359550714
39.544989,-0.720917702,0.0571229421,-0.062631689
39.554947,-0.701512575,-0.0804200098,-0.0570909828
39.564905,-0.524697065,-0.140400261,-0.00649651513
39.574863,-0.230084598,-0.144127086,0.0789464787
39.584821,0.105205782,-0.0963217393,0.18809481
39.594779,0.372586876,-0.0189036503,0.297537148
39.604737,0.493407309,0.0310551208,0.396844834
39.614695,0.463590294,0.0256928466,0.473365694
39.624652,0.340665966,-0.010171677,0.519704401
39.63461,0.184260383,-0.103571132,0.531289995
39.644568,0.0401703231,-0.216655612,0.511805475
39.654526,-0.0601496249,-0.318690628,0.482761592
39.664484,-0.0995433703,-0.37363112,0.459240019
39.674442,-0.0778383389,-0.372900873,0.444338828
39.6844,-0.0218461771,-0.328998923,0.436663866
39.694358,0.0381500497,-0.255707145,0.440115064
39.704316,0.0592721105,-0.167795122,0.4400208
39.714273,0.0224704221,-0.0841159448,0.433214545
39.724231,-0.0664096475,-0.0344405323,0.415837675
39.734189,-0.177452818,-0.0286878366,0.395562768
39.744147,-0.272166282,-0.0303448569,0.375156313
39.754105,-0.345030904,-0.0406443663,0.354697645
39.764063,-0.381002486,-0.0606891811,0.337800413
39.774021,-0.390980005,-0.0705316886,0.329771787
39.783979,-0.382188648,-0.0855042487,0.323606014
39.793937,-0.359535009,-0.104083791,0.322624385
39.803894,-0.334951639,-0.125313982,0.319395572
39.813852,-0.32962504,-0.158208549,0.302811801
39.82381,-0.335483193,-0.182285115,0.288327932
39.833768,-0.342215657,-0.191740677,0.27478683
39.843726,-0.349002451,-0.201781854,0.262829244
39.853684,-0.361372322,-0.218359232,0.255846679
39.863642,-0.370262474,-0.240879729,0.244776994
39.8736,-0.361522794,-0.258836091,0.22948432
39.883558,-0.338486433,-0.255009383,0.223227486
39.893515,-0.299580067,-0.227364451,0.227632359
39.903473,-0.252815485,-0.169684365,0.224811271
39.913431,-0.227155924,-0.0974429324,0.210437924
39.923389,-0.224654675,-0.0265301447,0.195434481
39.933347,-0.228356212,0.0256166793,0.183226287
39.943305,-0.229260355,0.0592920855,0.157554477
39.953263,-0.228592426,0.0805449113,0.118182302
39.963221,-0.243672311,0.0906710476,0.0704728365
39.973179,-0.268898576,0.0762899742,0.0203556046
39.983136,-0.280867338,0.0548003986,-0.0254715383
39.993094,-0.250990421,0.0232216995,-0.0553908199
40.003052,-0.166430518,-0.0118420124,-0.0759578794
40.01301,-0.0520632006,-0.0349409394,-0.090105392
40.022968,0.0608095564,-0.0524962321,-0.101504251
40.032926,0.144698337,-0.0493422486,-0.1164065
40.042884,0.171599448,0.00722994981,-0.133919179
40.052842,0.128926292,0.0790322348,-0.14318645
40.0628,0.043438822,0.147749513,-0.136081666
40.072757,-0.0348115116,0.206135318,-0.115250692
40.082715,-0.0818352103,0.230846524,-0.102481365
40.092673,-0.0914577469,0.222768098,-0.0979092494
40.102631,-0.0532941148,0.172395736,-0.0941557959
40.112589,0.0219487082,0.109384015,-0.0929674879
40.122547,0.104108289,0.0517004803,-0.0977603793
40.132505,0.17050463,0.0268912688,-0.0901868865
40.142463,0.209417939,0.0545508601,-0.0604718663
40.152421,0.223334014,0.0773672238,-0.0462817438
40.162378,0.216391698,0.0483339764,-0.0694712177
40.172336,0.186030596,0.00959457085,-0.12321727
40.182294,0.121015906,-0.0502218902,-0.183100045
40.192252,0.0126188565,-0.110820524,-0.253273278
40.20221,-0.129388884,-0.210201174,-0.359091312
40.212168,-0.272793174,-0.350223511,-0.490200341
40.2221267,-0.377980053,-0.41761294,-0.595878303
40.2320847,-0.423863381,-0.375792801,-0.652066708
40.2420427,-0.416633159,-0.263831109,-0.659011185
40.2519997,-0.368817717,-0.105066761,-0.613574743
40.2619577,-0.301416576,0.0523337796,-0.529887021
40.2719157,-0.239448801,0.209423527,-0.4111287
40.2818737,-0.180519983,0.352725834,-0.269236267
40.2918317,-0.130463198,0.48209846,-0.120314956
40.3017897,-0.0863452777,0.565723836,0.017265806
40.3117477,-0.0476985462,0.575545609,0.126025304
40.3217057,-0.00571434479,0.517272949,0.21513015
40.3316637,0.0452047624,0.402278215,0.270699143
40.3416207,0.1117521,0.238949463,0.284796566
40.3515787,0.198468611,0.0995947644,0.274880022
40.3615367,0.281949133,-0.0114161726,0.257998526
40.3714947,0.328861237,-0.0895304158,0.226019278
40.3814527,0.316586465,-0.142886043,0.176247194
40.3914107,0.274867237,-0.202440724,0.102743424
40.4013687,0.223337486,-0.21047841,0.013415141
40.4113267,0.170739785,-0.173295349,-0.0898678377
40.4212837,0.114081562,-0.132374287,-0.211466178
40.4312417,0.0573503748,-0.0681644082,-0.331629068
40.4411997,0.014805045,0.02244379,-0.427878648
40.4511577,-0.0170207955,0.106485166,-0.499032438
40.4611157,-0.0452521667,0.163582534,-0.540978312
40.4710737,-0.0761466995,0.191934824,-0.545125127
40.4810317,-0.103694968,0.194037646,-0.513069451
40.4909897,-0.116262957,0.162920475,-0.468877196
40.5009477,-0.118854478,0.13299267,-0.424299628
40.5109047,-0.120416157,0.088464886,-0.387851328
40.5208627,-0.119268872,0.0265381336,-0.3490251
40.5308207,-0.102791622,-0.00153904082,-0.303443223
40.5407787,-0.0783427432,-0.00902651809,-0.259393215
40.5507367,-0.0429948717,-0.00913384371,-0.210247517
40.5606947,0.012277971,0.00364986225,-0.158283114
40.5706527,0.0717700571,0.0469059907,-0.108895861
40.5806107,0.120599382,0.115970016,-0.0657100379
40.5905677,0.121540546,0.129464775,-0.0250816513
40.6005257,0.0838751942,0.0996504277,0.00588452071
40.6104837,0.029671343,0.0685439035,0.0325949602
40.6204417,-0.0272531919,0.0200650543,0.0395141207
40.6303997,-0.0684320554,-0.0314306282,0.0367247239
40.6403577,-0.0846475065,-0.0655393302,0.0290452335
40.6503157,-0.0958945677,-0.0935837477,0.0152332811
40.6602737,-0.0980338901,-0.130980387,0.00409381138
40.6702317,-0.0863266289,-0.143871412,-0.00466426043
40.6801887,-0.0668434799,-0.150349557,-0.0178503692
40.6901467,-0.0510831587,-0.169311523,-0.03472922
40.7001047,-0.0448050201,-0.169277981,-0.0401117317
40.7100627,-0.0530022308,-0.162458956,-0.0501574427
40.7200207,-0.0775781497,-0.146404877,-0.0618777499
40.7299787,-0.116176941,-0.105213508,-0.0595203191
40.7399367,-0.145250142,-0.0417272076,-0.0439576022
40.7498947,-0.137170911,0.0355055295,-0.0204195213
40.7598527,-0.0898001939,0.156646341,0.0069274148
40.7698097,-0.0323896296,0.280801833,0.0430313572
40.7797677,-0.00477984129,0.348442674,0.08018139
40.7897257,-0.0154966684,0.340449184,0.110512659
40.7996837,-0.0491286628,0.262719244,0.128454909
40.8096417,-0.0632817671,0.164231017,0.143602967
40.8195997,-0.032031171,0.0541218258,0.161802486
40.8295577,0.0371111482,-0.050702326,0.180259258
40.8395157,0.114138559,-0.133405462,0.20208545
40.8494727,0.181346893,-0.182193235,0.24835442
40.8594307,0.252991527,-0.165565789,0.318049878
40.8693887,0.343934208,-0.112650916,0.391355246
40.8793467,0.410564095,-0.0380600356,0.433874756
40.8893047,0.439587772,0.0229793508,0.44698602
40.8992627,0.425156891,0.0623390079,0.446968436
40.9092207,0.389604479,0.106378108,0.443238139
40.9191787,0.359336048,0.133879766,0.438727826
40.9291357,0.344055921,0.146440297,0.423489213
40.9390937,0.316874623,0.113426164,0.390788257
40.9490517,0.252456486,0.0249018874,0.336037397
40.9590097,0.16849874,-0.0603019558,0.292805761
40.9689677,0.0792399645,-0.124990672,0.269326538
40.9789257,-0.0194349512,-0.184381559,0.230780482
40.9888837,-0.119922146,-0.248023123,0.182896316
40.9988417,-0.189309999,-0.292505622,0.13112925
41.0087997,-0.189588577,-0.256019801,0.109293468
41.0187567,-0.105712317,-0.120195381,0.133298665
41.0287147,0.0283091366,0.0861569867,0.188128889
41.0386727,0.158879131,0.326481968,0.290946871
41.0486307,0.245890453,0.547214329,0.388619661
41.0585887,0.253782213,0.689054072,0.444323659
41.0685467,0.18804501,0.729050756,0.474205643
41.0785047,0.0927816033,0.66787523,0.497191399
41.0884627,-0.00203305716,0.542174876,0.520328164
41.0984197,-0.0666282922,0.294082224,0.516222596
41.1083777,-0.0758372396,-0.0281831678,0.514314175
41.1183357,-0.00899109803,-0.303608358,0.513379931
41.1282937,0.108569354,-0.460709035,0.497498184
41.1382517,0.222352371,-0.508088529,0.468399167
41.1482097,0.283512682,-0.485909969,0.416316509
41.1581677,0.27785185,-0.388803154,0.347329736
41.1681257,0.219298795,-0.256674141,0.274809182
41.1780837,0.118989505,-0.141277492,0.198713899
41.1880407,-0.00943424832,-0.0652090982,0.131106615
41.1979987,-0.138767734,-0.0306180958,0.0763062239
41.2079567,-0.237104163,-0.0197033975,0.0397362262
41.2179143,-0.282465786,-0.0377961136,0.0184194874
41.2278723,-0.28136909,-0.0741780922,0.00207087398
41.2378303,-0.253087908,-0.115729794,-0.00220429851
41.2477883,-0.203432217,-0.141417578,0.01501144
41.2577463,-0.154016465,-0.146841377,0.0317880213
41.2677033,-0.10393732,-0.133131161,0.0513689145
41.2776613,-0.066307649,-0.0939587206,0.0579463914
41.2876193,-0.0620969273,-0.0274015311,0.0465469956
41.2975773,-0.0890561044,0.0365012847,0.025962092
41.3075353,-0.134230778,0.0670299008,-0.00697109057
41.3174933,-0.191359848,0.0735208243,-0.0548672415
41.3274513,-0.244900823,0.0538911931,-0.094048202
41.3374093,-0.263288885,0.0135538923,-0.0994195342
41.3473663,-0.240207002,-0.0299312677,-0.0831153914
41.3573243,-0.18181321,-0.0419474505,-0.0531449765
41.3672823,-0.112164088,-0.0353164449,-0.0122801019
41.3772403,-0.061649248,-0.04469743,0.00516786426
41.3871983,-0.0523790531,-0.0654447898,0.00787683111
41.3971563,-0.0714275762,-0.0920050219,0.000972852751
41.4071143,-0.120158367,-0.129472777,-0.0253500976
41.4170723,-0.168371707,-0.189714536,-0.0699260905
41.4270303,-0.200611666,-0.249197841,-0.109793074
41.4369873,-0.206677541,-0.294831365,-0.149893627
41.4469453,-0.200703278,-0.32321322,-0.181174845
41.4569033,-0.186897188,-0.326714993,-0.205077782
41.4668613,-0.166835055,-0.316859961,-0.221218675
41.4768193,-0.150357544,-0.31235975,-0.223551065
41.4867773,-0.133057386,-0.30595541,-0.218533143
41.4967353,-0.115653895,-0.320214748,-0.220821321
41.5066933,-0.0900036618,-0.337220639,-0.214489654
41.5166503,-0.0610977076,-0.327083588,-0.215577289
41.5266083,-0.0229748245,-0.292243034,-0.221760884
41.5365663,0.0121626565,-0.231247067,-0.231527507
41.5465243,0.0380304717,-0.19206211,-0.24719061
41.5564823,0.0551199764,-0.183608979,-0.249370411
41.5664403,0.0827950165,-0.210505307,-0.240245894
41.5763983,0.107898772,-0.243379101,-0.238979816
41.5863563,0.137394875,-0.272615284,-0.225263476
41.5963133,0.19329755,-0.276814014,-0.200024441
41.6062713,0.273297846,-0.256018728,-0.171765372
41.6162293,0.349123359,-0.217172801,-0.142125443
41.6261873,0.401328772,-0.114119917,-0.100728475
41.6361453,0.388165832,-0.00867551379,-0.0672810376
41.6461033,0.294517398,0.00041199103,-0.0789307654
41.6560613,0.151958108,-0.0390374139,-0.12989834
41.6660193,-0.0217582919,-0.0626372844,-0.189871132
41.6759763,-0.176789954,-0.131817684,-0.272241116
41.6859343,-0.294057995,-0.196142077,-0.387028158
41.6958923,-0.367313832,-0.243803337,-0.50574708
41.7058503,-0.393914551,-0.248895302,-0.573943675
41.7158083,-0.373427123,-0.189611211,-0.581555843
41.7257663,-0.314662606,-0.0862709731,-0.535396039
41.7357243,-0.218187988,0.0100345248,-0.457583547
41.7456823,-0.104873948,0.0949108005,-0.366717547
41.7556393,-0.0148673626,0.179965779,-0.27181074
41.7655973,0.034737207,0.299048215,-0.174750239
41.7755553,0.0650927201,0.427030146,-0.0810085684
41.7855133,0.078302525,0.54082942,-0.0198623873
41.7954713,0.0715617985,0.609474003,0.00649358565
41.8054293,0.0401346348,0.585349739,0.0240483452
41.8153873,0.00464162324,0.499880672,0.0383298136
41.8253453,-0.00853729527,0.362576604,0.0362703912
41.8353023,0.00788828265,0.202514753,0.0012436962
41.8452603,0.034360636,0.0634396896,-0.05027036
41.8552183,0.0568619519,-0.042059835,-0.102169514
41.8651763,0.0892933905,-0.0989313722,-0.145424306
41.8751343,0.146471992,-0.120177537,-0.190371811
41.8850923,0.215379953,-0.11100854,-0.239742547
41.8950503,0.257837921,-0.0542326123,-0.289548725
41.9050083,0.249969885,0.0279932842,-0.334511936
41.9149653,0.184593812,0.121801272,-0.377093494
41.9249233,0.068612881,0.191711649,-0.424304396
41.9348813,-0.0688283294,0.212388963,-0.457090586
41.9448393,-0.181902155,0.199923232,-0.472472996
41.9547973,-0.235331565,0.158695638,-0.470817596
41.9647553,-0.220446616,0.11791838,-0.452092886
41.9747133,-0.175183535,0.0827982128,-0.420581311
41.9846713,-0.122447886,0.0701702982,-0.376874566
41.9946283,-0.0978309587,0.0794671252,-0.321797222
42.0045863,-0.107318737,0.0947640613,-0.26473099
42.0145443,-0.129551336,0.119322933,-0.207135871
42.0245023,-0.143778473,0.124918498,-0.159566492
42.0344603,-0.144008309,0.113619775,-0.122015387
42.0444183,-0.135007352,0.12054266,-0.0899061859
42.0543763,-0.12404871,0.119024925,-0.0590119213
42.0643343,-0.110478044,0.0956695303,-0.0310596488
42.0742923,-0.0957835168,0.0365087427,-0.00270497263
42.0842493,-0.0753725171,-0.0416156203,0.0216549616
42.0942073,-0.0475912206,-0.100883737,0.052190233
42.1041653,-0.0174484979,-0.135849983,0.0851204842
42.1141233,-0.00131453632,-0.16347149,0.104599379
42.1240813,-0.0126289763,-0.193652019,0.108309962
42.1340393,-0.0374799967,-0.212284297,0.100869358
42.1439973,-0.0611728095,-0.206541985,0.101311974
42.1539553,-0.0740089789,-0.177057341,0.100488789
42.1639123,-0.0795789808,-0.144835219,0.0941113159
42.1738703,-0.0824903473,-0.112898059,0.0876614079
42.1838283,-0.0754052773,-0.0557476841,0.0929818749
42.1937863,-0.061143782,0.0167803112,0.105383411
42.2037443,-0.0456465818,0.0809800699,0.113444805
42.2137023,-0.0371750668,0.123202361,0.130953759
42.2236607,-0.0287243221,0.151873156,0.146271452
42.2336177,-0.0136122154,0.165773526,0.155983746
42.2435757,0.00854608417,0.158727065,0.146788642
42.2535337,0.0185281448,0.138228178,0.13713868
42.2634917,0.0167198572,0.107848167,0.129481301
42.2734497,0.0204227176,0.0944348946,0.134557277
42.2834077,0.0442958251,0.0964570343,0.161708742
42.2933657,0.0782764256,0.125904933,0.187427148
42.3033237,0.11021439,0.160260513,0.210836872
42.3132817,0.14302054,0.203343004,0.246539205
42.3232387,0.171036199,0.275377244,0.285987288
42.3331967,0.163458169,0.360592544,0.315854371
42.3431547,0.108283862,0.447465926,0.358549356
42.3531127,0.0185601022,0.546245515,0.402992725
42.3630707,-0.0920790583,0.670912564,0.43050319
42.3730287,-0.185327515,0.797057986,0.439793885
42.3829867,-0.218047917,0.883565485,0.450358391
42.3929447,-0.207083404,0.941619992,0.479179382
42.4029017,-0.163581476,0.880571008,0.518718243
42.4128597,-0.101353787,0.713233709,0.556919992
42.4228177,-0.0160825625,0.52266109,0.608222067
42.4327757,0.0813257471,0.315183789,0.65842396
42.4427337,0.163397178,0.104409762,0.671180248
42.4526917,0.196698144,-0.0745402798,0.648137212
42.4626497,0.190063685,-0.216697156,0.611162722
42.4726067,0.179168418,-0.323973536,0.580090284
42.4825647,0.184627101,-0.398664832,0.555291176
42.4925227,0.219423696,-0.450034529,0.542880595
42.5024807,0.262618572,-0.489700735,0.53845948
42.5124387,0.310483843,-0.506663442,0.549444735
42.5223967,0.36606133,-0.46861887,0.568350255
42.5323547,0.405058801,-0.402642787,0.578182399
42.5423127,0.407961398,-0.356051862,0.565774977
42.5522697,0.36353907,-0.33593592,0.52927959
42.5622277,0.299927324,-0.348532408,0.484207422
42.5721857,0.243020639,-0.36934635,0.431480289
42.5821437,0.204299614,-0.36111027,0.376476169
42.5921017,0.182461426,-0.311341375,0.331219196
42.6020597,0.17948401,-0.233386114,0.304104239
42.6120177,0.183990881,-0.131290108,0.282309711
42.6219757,0.182162881,-0.0333294608,0.261215091
42.6319327,0.156860724,0.0693127587,0.251425028
42.6418907,0.115153223,0.176074624,0.258329034
42.6518487,0.0648298636,0.263191164,0.273882151
42.6618067,0.00784460735,0.309813529,0.277806312
42.6717647,-0.0513864905,0.319510072,0.284243166
42.6817227,-0.105350927,0.264303833,0.295292884
42.6916807,-0.157770187,0.181131706,0.300900728
42.7016387,-0.190555036,0.0845439136,0.294362664
42.7115957,-0.197473928,-0.00887232088,0.292689115
42.7215537,-0.172827974,-0.0707058609,0.294449478
42.7315117,-0.13531974,-0.0841979682,0.283597082
42.7414697,-0.104761831,-0.0677079409,0.258538604
42.7514277,-0.100358292,-0.0434731767,0.226164699
42.7613857,-0.125017032,-0.0377348624,0.189149156
42.7713437,-0.168329895,-0.0456931852,0.151846513
42.7813017,-0.21537143,-0.0611264706,0.120960779
42.7912587,-0.254873306,-0.0533106253,0.0987923592
42.8012167,-0.274235815,-0.0343553089,0.087465398
42.8111747,-0.271595299,-0.0131304497,0.0755304471
42.8211327,-0.264644444,0.0151403369,0.0631217137
42.8310907,-0.26646924,0.0390472673,0.060258545
42.8410487,-0.273511171,0.0675324351,0.0620841421
42.8510067,-0.278933644,0.104202032,0.0649318621
42.8609647,-0.278921396,0.142035708,0.0611658841
42.8709217,-0.287743628,0.162271991,0.0421871357
42.8808797,-0.303473055,0.148391604,0.00645736651
42.8908377,-0.309944272,0.116400912,-0.0361987501
42.9007957,-0.295575738,0.0449166074,-0.0843433738
42.9107537,-0.247952014,-0.0336090922,-0.116701849
42.9207117,-0.167873949,-0.0976844802,-0.129360646
42.9306697,-0.0718182623,-0.124176279,-0.124057233
42.9406277,0.0254233349,-0.123556562,-0.110250339
42.9505847,0.0791704506,-0.0806706101,-0.103359409
42.9605427,0.0658024475,-0.0224240832,-0.112701245
42.9705007,-0.001196292,0.0128193917,-0.132150054
42.9804587,-0.0873767138,0.0272012614,-0.166385785
42.9904167,-0.148407578,0.0158263668,-0.214982882
43.0003747,-0.163654447,-0.00862571225,-0.26627323
43.0103327,-0.150911212,-0.030893201,-0.311947495
43.0202897,-0.13414529,-0.0673779771,-0.349983573
43.0302477,-0.125627428,-0.111737452,-0.379353702
43.0402057,-0.109162703,-0.173923597,-0.397568405
43.0501637,-0.074371703,-0.233429,-0.415729284
43.0601217,-0.0432177782,-0.279526174,-0.440442622
43.0700797,-0.0400070697,-0.321606785,-0.47812289
43.0800377,-0.0692357942,-0.398165226,-0.528191388
43.0899957,-0.0843670815,-0.515469193,-0.566094577
43.0999527,-0.0506301522,-0.610754192,-0.588251531
43.1099107,0.0266587753,-0.627612531,-0.580132604
43.1198687,0.124860175,-0.596295059,-0.535059392
43.1298267,0.236357942,-0.5048576,-0.449039847
43.1397847,0.337000132,-0.357411921,-0.324734151
43.1497427,0.386447042,-0.179912776,-0.204087347
43.1597007,0.367758036,-0.0873181298,-0.149395883
43.1696587,0.296583742,-0.0475917533,-0.142961144
43.1796157,0.186968282,0.0743059218,-0.140051112
43.1895737,0.029593844,0.15037699,-0.153556004
43.1995317,-0.165320784,0.11029242,-0.217144832
43.2094897,-0.335014999,-0.0846168846,-0.355956763
43.2194474,-0.409094572,-0.284779549,-0.504163802
43.2294054,-0.350084245,-0.367423803,-0.608372271
43.2393634,-0.170295298,-0.270067692,-0.636723459
43.2493214,0.0579900667,-0.0276116543,-0.597604811
43.2592784,0.266662836,0.250453532,-0.524004638
43.2692364,0.379763573,0.486295342,-0.465080857
43.2791944,0.380151063,0.683208168,-0.42466712
43.2891524,0.313988298,0.851802468,-0.380849332
43.2991104,0.243425176,0.990654111,-0.346208274
43.3090684,0.187377885,1.06952155,-0.316642135
43.3190264,0.158955827,1.09222198,-0.270040274
43.3289844,0.192864791,0.993891954,-0.249671087
43.3389414,0.248466268,0.802457809,-0.229880333
43.3488994,0.309689671,0.527894735,-0.196752205
43.3588574,0.35949719,0.26774621,-0.151925877
43.3688154,0.412445873,0.0518613346,-0.104898185
43.3787734,0.45312646,-0.077024743,-0.0784876198
43.3887314,0.449249446,-0.156509176,-0.124972299
43.3986894,0.381326586,-0.249611959,-0.24100329
43.4086464,0.255727917,-0.351876825,-0.381166786
43.4186044,0.109695338,-0.425180316,-0.517653525
43.4285624,-0.0100864563,-0.405558676,-0.619442463
43.4385204,-0.0980027318,-0.31877932,-0.681058407
43.4484784,-0.15492034,-0.207582489,-0.703867316
43.4584364,-0.188536897,-0.0404355749,-0.655066788
43.4683944,-0.20995003,0.100113019,-0.572941005
43.4783524,-0.211854458,0.205688715,-0.488306552
43.4883094,-0.196505859,0.2601493,-0.388917387
43.4982674,-0.166373536,0.267443687,-0.269180328
43.5082254,-0.132900789,0.25197047,-0.156136334
43.5181834,-0.116845392,0.200567991,-0.0761443004
43.5281414,-0.114923924,0.129185945,-0.0219543017
43.5380994,-0.107734986,0.0693945214,0.0174937733
43.5480574,-0.0898582488,0.0205857027,0.0288255233
43.5580154,-0.0673617274,-0.0173715334,0.0235516652
43.5679724,-0.0473925509,-0.0577027127,0.0155280931
43.5779304,-0.0345326774,-0.108759768,0.00499236165
43.5878884,-0.0295626856,-0.151700586,-0.00272947387
43.5978464,-0.0267517194,-0.192436561,0.00459395302
43.6078044,-0.0267027169,-0.209035501,0.0211548191
43.6177624,-0.0316194445,-0.220758736,0.035929773
43.6277204,-0.0333510339,-0.213384181,0.0481086746
43.6376784,-0.02574105,-0.188016236,0.0563463643
43.6476354,-0.0108710239,-0.129684225,0.0632703155
43.6575934,0.0120550646,-0.0520261824,0.0739136413
43.6675514,0.02941701,0.0155829545,0.0819390714
43.6775094,0.024917068,0.0795254484,0.0849146247
43.6874674,-0.0129975574,0.121638283,0.0811617002
43.6974254,-0.0660589114,0.152265698,0.0791560709
43.7073834,-0.106586367,0.183757052,0.0804618225
43.7173404,-0.127548099,0.233128324,0.0835774541
43.7272984,-0.131067738,0.280130446,0.101564974
43.7372564,-0.123064943,0.310170382,0.128703386
43.7472144,-0.112356372,0.32892251,0.148512512
43.7571724,-0.0926207453,0.347413629,0.169748828
43.7671304,-0.0577341355,0.356499791,0.203776568
43.7770884,-0.0189414676,0.348565966,0.240375847
43.7870464,0.0123309679,0.332853049,0.270384073
43.7970034,0.0174823217,0.286422431,0.279734701
43.8069614,-0.0106481165,0.205407217,0.262120843
43.8169194,-0.0577083044,0.119138643,0.235568315
43.8268774,-0.0788538009,0.0289158039,0.216851622
43.8368354,-0.06978973,-0.0295184776,0.209524736
43.8467934,-0.0452178121,-0.0632596612,0.219421566
43.8567514,-0.0233258288,-0.084930867,0.247673452
43.8667084,-0.0222922564,-0.121759728,0.270457327
43.8766664,-0.0399620645,-0.198568478,0.272322595
43.8866244,-0.0493249372,-0.278781831,0.263198614
43.8965824,-0.0397314355,-0.340656638,0.263885975
43.9065404,-0.0129192611,-0.388549596,0.285697788
43.9164984,0.0382539108,-0.408524632,0.33044821
43.9264564,0.120873161,-0.391019702,0.392889231
43.9364144,0.19463712,-0.309475034,0.453095049
43.9463714,0.251123041,-0.188811198,0.512671828
43.9563294,0.287585437,-0.0665164441,0.550179243
43.9662874,0.297367752,0.0344591737,0.548937678
43.9762454,0.265908629,0.118020914,0.527151406
43.9862034,0.185757875,0.181191623,0.506205916
43.9961614,0.0739895403,0.182409227,0.475440294
44.0061194,-0.0414771363,0.109194666,0.416745037
44.0160774,-0.136013225,-0.00837990269,0.317511111
44.0260344,-0.205219999,-0.128698051,0.209041625
44.0359924,-0.229895249,-0.219502524,0.113701001
44.0459504,-0.194481328,-0.251670331,0.0410313234
44.0559084,-0.097724162,-0.219332889,-0.00190176337
44.0658664,0.0332663432,-0.118631043,-0.0165158603
44.0758244,0.164517313,0.0371777304,0.00590955419
44.0857824,0.24667716,0.178060547,0.0687851906
44.0957394,0.268137187,0.265774965,0.113705792
44.1056974,0.249135792,0.29325664,0.133417174
44.1156554,0.192392349,0.265111566,0.13077186
44.1256134,0.110804543,0.191666633,0.113772638
44.1355714,0.0320018753,0.0710028037,0.101327419
44.1455294,-0.0199026018,-0.0949281082,0.0930646956
44.1554874,-0.0321177207,-0.250916898,0.0804370493
44.1654454,-0.0130404346,-0.340545863,0.0696275458
44.1754024,0.0210118089,-0.377058864,0.0789499432
44.1853604,0.0693503097,-0.354360759,0.0954535529
44.1953184,0.0975942016,-0.263970137,0.102467783
44.2052764,0.0873317122,-0.124581613,0.122323781
44.2152344,0.0341257453,0.0160338283,0.152258247
44.2251922,-0.0606444404,0.131547108,0.173580572
44.2351502,-0.159383267,0.185492367,0.182463825
44.2451072,-0.238058105,0.19340995,0.189158469
44.2550652,-0.289609194,0.171866566,0.191021085
44.2650232,-0.316179812,0.135649174,0.181775928
44.2749812,-0.315300167,0.0874073431,0.175608039
44.2849392,-0.287557214,0.0495925881,0.166292578
44.2948972,-0.243257925,0.0122822328,0.157800019
44.3048552,-0.203459114,-0.0310942698,0.147208363
44.3148132,-0.178846449,-0.0788271725,0.139858574
44.3247702,-0.165382043,-0.114839502,0.137601271
44.3347282,-0.157695889,-0.134814277,0.136113092
44.3446862,-0.154490501,-0.134643838,0.138725385
44.3546442,-0.149493888,-0.119482189,0.145455465
44.3646022,-0.147950321,-0.0978794247,0.141115576
44.3745602,-0.150867805,-0.0563183986,0.123992249
44.3845182,-0.156604528,-0.0237340908,0.112272747
44.3944762,-0.157981381,0.00751517434,0.101246193
44.4044332,-0.157163516,0.0410803258,0.0765192732
44.4143912,-0.158046618,0.0695844069,0.0440643951
44.4243492,-0.154891849,0.0780031905,0.0241628606
44.4343072,-0.153271839,0.0604239292,0.0127355028
44.4442652,-0.146773458,0.046018891,0.00686349859
44.4542232,-0.127589911,0.0256899167,0.0193342827
44.4641812,-0.09986002,-0.00727042975,0.0199577287
44.4741382,-0.0815814137,-0.0586760975,0.0078813592
44.4840962,-0.0669417456,-0.135804966,-0.00966168195
44.4940542,-0.0522536188,-0.201786384,-0.0302617662
44.5040122,-0.0372629501,-0.244802028,-0.0488349162
44.5139702,-0.0122180507,-0.273195326,-0.0625584498
44.5239282,0.0183827356,-0.284689516,-0.0686251298
44.5338862,0.051879175,-0.283039421,-0.0753261819
44.5438442,0.0827803686,-0.257139653,-0.0778601766
44.5538012,0.111234643,-0.202920362,-0.0654668882
44.5637592,0.122327246,-0.140109971,-0.0527260602
44.5737172,0.122173846,-0.0628042594,-0.0508823544
44.5836752,0.101155646,-0.00420246832,-0.059473712
44.5936332,0.0846155509,0.00958471652,-0.0767075643
44.6035912,0.0864581913,-0.0025896579,-0.0913450941
44.6135492,0.101137534,-0.00697934628,-0.107896909
44.6235062,0.121478498,-0.0361542739,-0.114203803
44.6334642,0.149179891,-0.0718824491,-0.11563845
44.6434222,0.185273722,-0.121579163,-0.123386651
44.6533802,0.239882633,-0.1592509,-0.128584072
44.6633382,0.300718009,-0.188780308,-0.134561539
44.6732962,0.355143458,-0.174237311,-0.128455445
44.6832542,0.388557076,-0.115517542,-0.0928396583
44.6932122,0.371579945,-0.0245783143,-0.0340373293
44.7031692,0.29493922,0.0504218936,0.0170120057
44.7131272,0.166637182,0.15396826,0.0703402087
44.7230852,-0.00140588277,0.298056722,0.121138141
44.7330432,-0.210635528,0.415717572,0.128418431
44.7430012,-0.467860669,0.378347576,0.0163339656
44.7529592,-0.694918871,0.246312574,-0.143446639
44.7629172,-0.818023503,0.230444133,-0.252855688
44.7728742,-0.798399448,0.316040248,-0.292152762
44.7828322,-0.676218927,0.457727879,-0.284820288
44.7927902,-0.568617404,0.510645688,-0.29626894
44.8027482,-0.52879113,0.381788105,-0.309286743
44.8127062,-0.487296164,0.141729966,-0.301811248
44.8226642,-0.352912247,-0.0632442161,-0.272506624
44.8326222,-0.104386061,-0.148266971,-0.19803372
44.8425802,0.188834369,-0.117115438,-0.094381094
44.8525372,0.42062366,-0.0472729728,0.00921986345
44.8624952,0.541753292,0.0114246942,0.105528556
44.8724532,0.550172865,0.0601991564,0.19055663
44.8824112,0.487162203,0.0962985754,0.253415495
44.8923692,0.406766683,0.120521888,0.298560053
44.9023272,0.355224669,0.128420562,0.326557875
44.9122852,0.329574436,0.137432694,0.32314983
44.9222422,0.312514216,0.121515512,0.288681328
44.9322002,0.287958026,0.0662424043,0.228310406
44.9421582,0.240501016,-0.0144511107,0.13186349
44.9521162,0.164857924,-0.112804316,-0.00385199627
44.9620742,0.0800764561,-0.234859377,-0.146684512
44.9720322,0.0286622718,-0.350042969,-0.276120275
44.9819902,0.00112172344,-0.408936113,-0.390189856
44.9919472,-0.00981215108,-0.389542431,-0.487341434
45.0019052,-0.016974723,-0.282754749,-0.550076723
45.0118632,-0.0294694752,-0.153753608,-0.581760108
45.0218212,-0.0568760671,-0.0222310033,-0.584549189
45.0317792,-0.098250404,0.0862917453,-0.561263084
45.0417372,-0.147810504,0.17986697,-0.522043228
45.0516952,-0.199971169,0.244127452,-0.470164835
45.0616532,-0.251079619,0.302493542,-0.419335753
45.0716102,-0.287836045,0.334911942,-0.368291199
45.0815682,-0.293287814,0.340868384,-0.322483242
45.0915262,-0.269148916,0.341809541,-0.282998949
45.1014842,-0.218022615,0.317740947,-0.23546499
45.1114422,-0.164347932,0.283069253,-0.188457787
45.1214002,-0.125013039,0.227591619,-0.149065375
45.1313582,-0.113636814,0.150661141,-0.118005469
45.1413152,-0.117508523,0.0585197695,-0.101729557
45.1512732,-0.123043366,-0.0408299863,-0.097074084
45.1612312,-0.123963758,-0.120142922,-0.0996988937
45.1711892,-0.117899209,-0.169542953,-0.103712812
45.1811472,-0.112212822,-0.199137598,-0.113086343
45.1911052,-0.106598616,-0.222404048,-0.128496721
45.2010632,-0.105230279,-0.237251699,-0.144318298
45.2110202,-0.101231016,-0.24156335,-0.162588641
45.2209782,-0.0906055346,-0.244486183,-0.175390989
45.2309361,-0.0762604177,-0.240610212,-0.174304426
45.2408941,-0.0688427165,-0.224139094,-0.166749835
45.2508521,-0.0644559562,-0.217867881,-0.156177357
45.2608101,-0.0544821508,-0.178287178,-0.13670592
45.2707681,-0.0248076115,-0.108361892,-0.111921206
45.2807261,0.0134465666,-0.0210770555,-0.0765011683
45.2906831,0.0496596992,0.093684949,-0.0285405647
45.3006411,0.0773621649,0.221170738,0.0315920152
45.3105991,0.0890193582,0.342162132,0.0854997188
45.3205571,0.0771493763,0.413659751,0.128764108
45.3305151,0.0498232171,0.430582821,0.158210412
45.3404731,0.0189750232,0.401630789,0.170571476
45.3504311,0.00986301713,0.316357702,0.171691865
45.3603881,0.0311722998,0.211887747,0.170826599
45.3703461,0.0751240477,0.126757413,0.17413798
45.3803041,0.1266184,0.0431373492,0.174819753
45.3902621,0.157629311,-0.0320740454,0.161912739
45.4002201,0.16375351,-0.0582558513,0.137706727
45.4101781,0.157296419,-0.0472926795,0.125201866
45.4201361,0.170954704,-0.0114055201,0.128528684
45.4300931,0.206326544,-0.00442271167,0.129253328
45.4400511,0.23078768,-0.0102039017,0.118778847
45.4500091,0.241611823,-0.0266385358,0.11870987
45.4599671,0.252035707,-0.0271669067,0.145289823
45.4699251,0.262737632,0.0109511847,0.182364747
45.4798831,0.28243649,0.0790460855,0.235526502
45.4898411,0.311730474,0.143721223,0.289967626
45.4997991,0.337551415,0.204421848,0.333524972
45.5097561,0.342910498,0.25343439,0.374144047
45.5197141,0.330405891,0.303392112,0.410705239
45.5296721,0.300194174,0.317263722,0.43408221
45.5396301,0.252524406,0.268587261,0.426607251
45.5495881,0.205497503,0.205147818,0.410715371
45.5595461,0.162924469,0.177946031,0.394699365
45.5695041,0.122122183,0.129801139,0.360284954
45.5794611,0.0779083818,0.0505241603,0.303819537
45.5894191,0.0188514516,-0.03358832,0.246416166
45.5993771,-0.0547687076,-0.134294957,0.193456545
45.6093351,-0.161567852,-0.253787279,0.124291591
45.6192931,-0.288802236,-0.350101829,0.0310772248
45.6292511,-0.376153111,-0.429352164,-0.0628876165
45.6392091,-0.373879313,-0.430322617,-0.131154031
45.6491661,-0.253677815,-0.43475917,-0.198330134
45.6591241,-0.0660938025,-0.299979001,-0.174491107
45.6690821,0.13028504,-0.12995933,-0.0662935376
45.6790401,0.281771481,0.0410704724,0.0310423374
45.6889981,0.356449187,0.130947635,0.0997178033
45.6989561,0.36107856,0.141324908,0.141671121
45.7089141,0.315791786,0.1284163,0.150523469
45.7188721,0.241640583,0.0899828896,0.149766862
45.7288291,0.163539127,0.0249503572,0.149741024
45.7387871,0.110596552,-0.0932654962,0.140846595
45.7487451,0.0999183431,-0.1926568,0.133111984
45.7587031,0.129382223,-0.235074297,0.127774477
45.7686611,0.173907354,-0.217885464,0.115003817
45.7786191,0.203890815,-0.194633931,0.0821007267
45.7885771,0.222217351,-0.194526613,0.0214280598
45.7985341,0.224820867,-0.175422683,-0.0531577617
45.8084921,0.208710864,-0.140218362,-0.122820459
45.8184501,0.183026016,-0.116779879,-0.164689884
45.8284081,0.166834518,-0.103814811,-0.172249526
45.8383661,0.163701579,-0.0986394882,-0.156601056
45.8483241,0.148031279,-0.121940821,-0.136056378
45.8582821,0.0898329467,-0.179773226,-0.120834544
45.8682391,0.0152055845,-0.234837815,-0.112583801
45.8781971,-0.0304623023,-0.269294322,-0.119661152
45.8881551,-0.040103212,-0.29094848,-0.143853039
45.8981131,-0.0149246212,-0.300224811,-0.166503221
45.9080711,0.0437922217,-0.268863946,-0.171455115
45.9180291,0.131661087,-0.208185166,-0.151444912
45.9279871,0.241187587,-0.121766649,-0.110128634
45.9379441,0.320065349,-0.0193563867,-0.0541484579
45.9479021,0.319457889,0.073942937,0.0167797785
45.9578601,0.241981208,0.126200542,0.0954871103
45.9678181,0.139787465,0.132248312,0.154490501
45.9777761,0.0519803762,0.135292575,0.174989924
45.9877341,0.00270284223,0.135672346,0.17047134
45.9976921,-0.0136353849,0.111435711,0.146880522
46.0076501,-0.0253341179,0.0641667321,0.105594069
46.0176071,-0.0453941114,-0.0175467692,0.0418230817
46.0275651,-0.0673950166,-0.101937018,-0.0236291625
46.0375231,-0.0757999569,-0.189066589,-0.0815925971
46.0474811,-0.0727831274,-0.244623333,-0.124411434
46.0574391,-0.070477359,-0.275825202,-0.151130661
46.0673971,-0.0742963329,-0.285383821,-0.172955796
46.0773551,-0.0950215906,-0.261420965,-0.193922862
46.0873121,-0.122283034,-0.228842497,-0.211720243
46.0972701,-0.156159505,-0.183137059,-0.22888191
46.1072281,-0.196648076,-0.135252893,-0.245284587
46.1171861,-0.230824962,-0.106580235,-0.242075741
46.1271441,-0.237880737,-0.0811941847,-0.229618818
46.1371021,-0.224465057,-0.0634892285,-0.222610965
46.1470601,-0.214445457,-0.0641568825,-0.231115237
46.1570171,-0.223074093,-0.119339712,-0.25516519
46.1669751,-0.232896626,-0.168414846,-0.279591978
46.1769331,-0.225512221,-0.178551629,-0.289733022
46.1868911,-0.199988216,-0.182338908,-0.294707268
46.1968491,-0.160165429,-0.186116606,-0.303648829
46.2068071,-0.107904896,-0.169950157,-0.314594954
46.2167651,-0.0516059361,-0.130273849,-0.316962242
46.2267223,-0.0157810934,-0.069692798,-0.317815244
46.2366803,-0.0162625927,-0.013782924,-0.336158574
46.2466383,-0.0387857445,0.0354836918,-0.362239182
46.2565963,-0.0705087855,0.0577692911,-0.395125479
46.2665543,-0.103545032,0.0690784007,-0.438117415
46.2765123,-0.120846525,0.0737178996,-0.475273848
46.2864703,-0.121273167,0.060326457,-0.512635589
46.2964273,-0.105623096,0.0134407077,-0.552550256
46.3063853,-0.0648785979,-0.0470679104,-0.580015957
46.3163433,-0.00156114507,-0.116085328,-0.575989246
46.3263013,0.0771448538,-0.178235784,-0.54301399
46.3362593,0.162364677,-0.22418943,-0.494519174
46.3462173,0.251057267,-0.228922397,-0.440377384
46.3561753,0.323649704,-0.163669094,-0.388514996
46.3661323,0.36092943,-0.0578326732,-0.355486453
46.3760903,0.360269487,0.0508429408,-0.33921802
46.3860483,0.32022807,0.138976797,-0.337508529
46.3960063,0.238731354,0.192501277,-0.359262556
46.4059643,0.11280857,0.163584143,-0.393371791
46.4159223,-0.0455115587,0.0581892692,-0.436325908
46.4258803,-0.207000047,-0.101555921,-0.50244689
46.4358383,-0.344184011,-0.287155062,-0.594195187
46.4457953,-0.419634551,-0.460362017,-0.697735965
46.4557533,-0.399351925,-0.553878367,-0.777258754
46.4657113,-0.27563104,-0.551672995,-0.795227885
46.4756693,-0.0782697722,-0.379699379,-0.765652657
46.4856273,0.126535565,-0.071330376,-0.695781708
46.4955853,0.252658606,0.231305391,-0.583007216
46.5055433,0.253752112,0.456905484,-0.487422645
46.5155003,0.138892636,0.600229084,-0.429339379
46.5254583,-0.038978558,0.647521257,-0.397431791
46.5354163,-0.197043553,0.588574588,-0.36185649
46.5453743,-0.275493085,0.441719353,-0.329909205
46.5553323,-0.253138512,0.227804661,-0.312623411
46.5652903,-0.153886497,-0.00710504735,-0.313108116
46.5752483,-0.0183193516,-0.216175705,-0.337792695
46.5852053,0.0938750952,-0.374093711,-0.363177657
46.5951633,0.162190244,-0.451990902,-0.362967014
46.6051213,0.186778665,-0.465158641,-0.329271108
46.6150793,0.192546546,-0.444477856,-0.267977655
46.6250373,0.190924942,-0.365277052,-0.205784857
46.6349953,0.179004639,-0.22292842,-0.153253466
46.6449533,0.154444173,-0.0363454893,-0.103440903
46.6549103,0.103224121,0.160243735,-0.0630631223
46.6648683,0.0296558961,0.317123353,-0.0470788293
46.6748263,-0.0594856963,0.427707672,-0.0456074327
46.6847843,-0.137021497,0.479739964,-0.0363833085
46.6947423,-0.175098583,0.464486986,-0.0146713546
46.7047003,-0.160312176,0.410541713,0.00531620206
46.7146583,-0.116076276,0.342646301,0.014915566
46.7246153,-0.0669526681,0.246498466,0.0159760378
46.7345733,-0.0303275455,0.14970161,0.00976581126
46.7445313,-0.00936207641,0.056732256,0.00703820214
46.7544893,0.0144290067,-0.0213545579,0.00649385201
46.7644473,0.0418321341,-0.0518094003,-0.00562193291
46.7744053,0.0591615923,-0.0882193446,-0.0218794663
46.7843633,0.0731112286,-0.108375475,-0.0291530918
46.7943203,0.103481382,-0.098630704,-0.0113035208
46.8042783,0.145993158,-0.0520514846,0.01918488
46.8142363,0.180655003,0.0109983226,0.0572640896
46.8241943,0.186077461,0.0834701285,0.0931573734
46.8341523,0.156662047,0.147690654,0.115831792
46.8441103,0.106818855,0.209967613,0.117605992
46.8540683,0.0545886755,0.280726731,0.0999545604
46.8640253,0.0185212195,0.31941554,0.0809590295
46.8739833,0.0111013865,0.295617014,0.051135622
46.8839413,0.00304852054,0.277850777,0.0120899519
46.8938993,-0.0193752963,0.232470259,-0.0258268043
46.9038573,-0.0363249853,0.15893878,-0.0493696816
46.9138153,-0.0384608395,0.0952082723,-0.0679683983
46.9237733,-0.0307278186,0.0236235708,-0.0923179463
46.9337313,-0.0114848819,-0.0383276828,-0.126395762
46.9436883,0.0171755254,-0.0802415758,-0.159998983
46.9536463,0.0567825884,-0.0966509059,-0.199430823
46.9636043,0.0868454129,-0.0860089138,-0.25951466
46.9735623,0.100188389,-0.0682118088,-0.328459382
46.9835203,0.106685966,-0.00821585208,-0.390878022
46.9934783,0.1099004,0.0688629523,-0.445136458
47.0034353,0.115030184,0.114609137,-0.497543454
47.0133933,0.128640264,0.145386487,-0.523876011
47.0233513,0.150783658,0.161960408,-0.538417637
47.0333093,0.17278643,0.180416912,-0.547272682
47.0432673,0.174307883,0.21522443,-0.560489655
47.0532253,0.159804046,0.233164549,-0.591223896
47.0631833,0.140739009,0.227068841,-0.642556071
47.0731413,0.119863287,0.215561315,-0.718455315
47.0830983,0.0957454368,0.189398423,-0.802336156
47.0930563,0.0940367505,0.119100556,-0.86775589
47.1030143,0.132448316,0.0459890626,-0.905618548
47.1129723,0.210112482,0.0215526968,-0.921576738
47.1229303,0.284320951,0.000602673332,-0.924202919
47.1328883,0.317984641,-0.0555817708,-0.92695421
47.1428463,0.315031171,-0.129894078,-0.940076709
47.1528033,0.287594229,-0.195715711,-0.966323495
47.1627613,0.249924079,-0.244587108,-1.00661337
47.1727193,0.211292803,-0.280204237,-1.05964696
47.1826773,0.16115427,-0.284936935,-1.12857091
47.1926353,0.104408696,-0.272692502,-1.2104845
47.2025933,0.0534400567,-0.247686759,-1.29150259
47.2125513,0.0212576184,-0.220067918,-1.36882615
47.2225083,0.00346823456,-0.180349007,-1.42760289
47.2324668,-0.00551647181,-0.126395762,-1.4553957
47.2424248,-0.0166847035,-0.084542051,-1.46539664
47.2523828,-0.0346317478,-0.0645523593,-1.47247219
47.2623408,-0.0605200678,-0.0766199455,-1.4825666
47.2722988,-0.097175017,-0.128972635,-1.50402558
47.2822568,-0.137001529,-0.203567505,-1.53434587
47.2922138,-0.162501022,-0.280134976,-1.57358468
47.3021718,-0.151497111,-0.357333362,-1.60803854
47.3121298,-0.111018926,-0.39347592,-1.62872112
47.3220878,-0.0557114668,-0.385564476,-1.62655306
47.3320458,-0.0191606451,-0.349059999,-1.61694252
47.3420038,-0.0201212466,-0.284606695,-1.61067772
47.3519618,-0.0542818792,-0.22390154,-1.59873259
47.3619188,-0.0897394717,-0.167308033,-1.58369982
47.3718768,-0.111536384,-0.127380863,-1.58202469
47.3818348,-0.129874378,-0.115545504,-1.59090376
47.3917928,-0.133133292,-0.127522543,-1.60441232
47.4017508,-0.123644978,-0.167245984,-1.62449098
47.4117088,-0.109277487,-0.220540091,-1.64784002
47.4216668,-0.0770484433,-0.282514781,-1.66426766
47.4316238,-0.0334397145,-0.333352387,-1.66690814
47.4415818,0.013782924,-0.360985905,-1.65886807
47.4515398,0.0474213101,-0.363923609,-1.64585853
47.4614978,0.0594358966,-0.339247316,-1.63719904
47.4714558,0.049229864,-0.291273654,-1.63930404
47.4814138,0.0271815527,-0.263429493,-1.65244329
47.4913708,0.00198352244,-0.263012201,-1.67530298
47.5013288,-0.0180141535,-0.27711308,-1.70927429
47.5112868,-0.0392470062,-0.32222864,-1.75052369
47.5212448,-0.0536674894,-0.380570233,-1.78555918
47.5312028,-0.0394187793,-0.417530119,-1.79302061
47.5411608,-0.000248206605,-0.42492944,-1.77914095
47.5511188,0.0257884543,-0.452727795,-1.78090167
47.5610758,0.0107706226,-0.47471565,-1.80558062
47.5710338,-0.0540315434,-0.484515548,-1.84394133
47.5809918,-0.146132171,-0.512363434,-1.90350056
47.5909498,-0.227370307,-0.539195597,-1.98713255
47.6009078,-0.28668344,-0.553995013,-2.07404447
47.6108658,-0.315510809,-0.548461795,-2.14260411
47.6208238,-0.300554514,-0.484013021,-2.16619492
47.6307808,-0.257871747,-0.365157187,-2.16000772
47.6407388,-0.230106175,-0.278921396,-2.15247965
47.6506968,-0.234574959,-0.223335356,-2.13866878
47.6606548,-0.245903239,-0.16887477,-2.1214726
47.6706128,-0.23162204,-0.132774025,-2.12253523
47.6805708,-0.223461583,-0.096164614,-2.15484715
47.6905288,-0.233567208,-0.0378674865,-2.17894459
47.7004858,-0.272062689,0.0224962551,-2.16659999
47.7104438,-0.325868905,0.0519329719,-2.11920238
47.7204018,-0.376418382,0.0688773319,-2.03377151
47.7303598,-0.40001905,0.0858382061,-1.89022517
47.7403178,-0.368852854,0.0910292417,-1.70371652
47.7502758,-0.312776804,0.0882443711,-1.52151084
47.7602338,-0.254795283,0.0644668713,-1.35493243
47.7701908,-0.206385136,0.0182610285,-1.21011376
47.7801488,-0.169812202,-0.0323851034,-1.10325384
47.7901068,-0.138596758,-0.0832466856,-1.03413475
47.8000648,-0.111870073,-0.114110328,-0.991591275
47.8100228,-0.101604924,-0.147635266,-0.978420615
47.8199808,-0.101186007,-0.175148651,-0.98181802
47.8299388,-0.109057248,-0.196879774,-0.990200579
47.8398958,-0.105155446,-0.193811283,-0.994273067
47.8498538,-0.0965465158,-0.179770827,-1.00088573
47.8598118,-0.0903810263,-0.174072191,-0.998331726
47.8697698,-0.0788154528,-0.184771985,-0.969986379
47.8797278,-0.0503513217,-0.195276022,-0.928243458
47.8896858,-0.0203769114,-0.190030664,-0.890742183
47.8996438,-0.0104244109,-0.165162593,-0.857674241
47.9096008,-0.0165307727,-0.145430431,-0.829998374
47.9195588,-0.022852052,-0.10933315,-0.810142934
47.9295168,-0.0191507917,-0.0591661185,-0.79662019
47.9394748,-0.00440753158,0.00983212423,-0.776789486
47.9494328,0.00773595041,0.0837156698,-0.747801781
47.9593908,-1.6511598E-05,0.124259099,-0.71393168
47.9693488,-0.0217401832,0.130973458,-0.684649706
47.9793058,-0.033787258,0.116438195,-0.642131269
47.9892638,-0.0103152217,0.113648534,-0.59148407
47.9992218,0.0436132587,0.122596227,-0.534481227
48.0091798,0.120486468,0.154371724,-0.457034111
48.0191378,0.190543845,0.206264481,-0.36348632
48.0290958,0.227974847,0.265729934,-0.266093999
48.0390538,0.211245924,0.297097713,-0.18306303
48.0490108,0.133220375,0.255342007,-0.126897767
48.0589688,0.00962892547,0.137713924,-0.10166724
48.0689268,-0.10925325,-0.0348775573,-0.0932868049
48.0788848,-0.194543377,-0.180857137,-0.107978135
48.0888428,-0.246645465,-0.268042356,-0.152022287
48.0988008,-0.254906863,-0.300808579,-0.197559953
48.1087588,-0.196556732,-0.296117157,-0.218548313
48.1187158,-0.0628388822,-0.247222036,-0.208054125
48.1286738,0.107957095,-0.127519608,-0.17662777
48.1386318,0.259487748,0.00710797682,-0.12619549
48.1485898,0.340941072,0.0918122083,-0.0734835416
48.1585478,0.336080015,0.150692046,-0.0357010067
48.1685058,0.262646258,0.153175443,-0.0174476989
48.1784638,0.166221991,0.083947897,-0.0266257524
48.1884208,0.0832562745,-0.04883039,-0.0696344748
48.1983788,0.0343502499,-0.211196929,-0.144813374
48.2083368,0.0331278592,-0.358539253,-0.222868502
48.2182948,0.0820962042,-0.461236596,-0.290763646
48.2282527,0.157444745,-0.50380826,-0.346671671
48.2382107,0.218243659,-0.473467708,-0.399732232
48.2481677,0.231694221,-0.417821199,-0.445019543
48.2581257,0.201854825,-0.356553853,-0.481043845
48.2680837,0.156363234,-0.263749629,-0.502649009
48.2780417,0.110833041,-0.137056649,-0.515942693
48.2879997,0.0769033059,-0.0144481817,-0.51437813
48.2979577,0.0634239763,0.123818882,-0.483325928
48.3079157,0.0773049071,0.272803575,-0.425520688
48.3178727,0.104434796,0.409139574,-0.357338697
48.3278307,0.108636469,0.511139154,-0.28151077
48.3377887,0.0760223269,0.574010551,-0.206042647
48.3477467,0.0215516314,0.569614172,-0.143370479
48.3577047,-0.0408094823,0.519331574,-0.100094639
48.3676627,-0.0870661959,0.422787726,-0.0756750554
48.3776207,-0.12171685,0.285488725,-0.0562550165
48.3875777,-0.137064651,0.106191419,-0.0361955538
48.3975357,-0.124122478,-0.054822769,-0.00168178626
48.4074937,-0.102025166,-0.176055714,0.0379931889
48.4174517,-0.083620593,-0.249590918,0.0870933533
48.4274097,-0.0732332021,-0.254557729,0.139852971
48.4373677,-0.0814895332,-0.197885916,0.188699603
48.4473257,-0.113145731,-0.105247058,0.223213643
48.4572827,-0.170033246,-0.00891919248,0.24750939
48.4672407,-0.235338211,0.0550531335,0.266593605
48.4771987,-0.289929569,0.0742406771,0.281635672
48.4871567,-0.329411715,0.0313312896,0.288668275
48.4971147,-0.36287275,-0.0310527235,0.281852186
48.5070727,-0.38452664,-0.0751517415,0.278508872
48.5170307,-0.389315784,-0.094728373,0.283303082
48.5269877,-0.380297542,-0.0755975544,0.291445166
48.5369457,-0.36296463,-0.0747671798,0.305746347
48.5469037,-0.308003902,-0.0779145062,0.337094128
48.5568617,-0.20595929,-0.0540464558,0.374175459
48.5668197,-0.108473212,0.0206517484,0.414535135
48.5767777,-0.0714885667,0.0703327507,0.454571754
48.5867357,-0.107765876,0.0590023324,0.46666038
48.5966927,-0.165244088,0.00091985584,0.443532974
48.6066507,-0.216382101,-0.066461578,0.398352981
48.6166087,-0.228016123,-0.125419974,0.356070757
48.6265667,-0.185941368,-0.160985157,0.327252954
48.6365247,-0.112807244,-0.175703645,0.303329796
48.6464827,-0.0351822227,-0.177111134,0.285340935
48.6564397,0.0147728212,-0.1622435,0.273164153
48.6663977,0.0447661392,-0.108314753,0.269298047
48.6763557,0.0652178824,-0.0180314649,0.270189673
48.6863137,0.0722401068,0.0757738575,0.269277811
48.6962717,0.0601554811,0.152354389,0.262635618
48.7062297,0.05023361,0.19874239,0.247113913
48.7161877,0.0436675847,0.214239329,0.222996324
48.7261447,0.0498146936,0.2116763,0.198748514
48.7361027,0.0751621276,0.197825998,0.173266053
48.7460607,0.110427976,0.151173532,0.13555862
48.7560187,0.146323919,0.0550035983,0.0863295645
48.7659767,0.166231856,-0.0796463564,0.0342804752
48.7759347,0.183347195,-0.210746318,-0.00873303786
48.7858927,0.205688715,-0.327024996,-0.0375332609
48.7958497,0.222528413,-0.420781851,-0.0632215813
48.8058077,0.233909428,-0.443294078,-0.0901733041
48.8157657,0.224018455,-0.423828781,-0.117228888
48.8257237,0.196689889,-0.374232709,-0.135778069
48.8356817,0.167920023,-0.293061972,-0.141217038
48.8456397,0.151637733,-0.188835964,-0.130962551
48.8555967,0.146212071,-0.0864576623,-0.12898542
48.8655547,0.127176329,-0.0171688665,-0.153009251
48.8755127,0.0719849765,0.0306119714,-0.189469263
48.8854707,-0.0362307094,0.0525481626,-0.235727042
48.8954287,-0.165183634,0.0326253213,-0.287288487
48.9053867,-0.278299272,-0.0611168817,-0.346018136
48.9153447,-0.349622995,-0.195324227,-0.411151856
48.9253017,-0.393531322,-0.31030035,-0.46639514
48.9352597,-0.427576363,-0.360027939,-0.483694226
48.9452177,-0.414377749,-0.343328327,-0.449276328
48.9551757,-0.360519558,-0.266852468,-0.406452447
48.9651337,-0.321178287,-0.142405346,-0.384588689
48.9750917,-0.326647371,-0.0228227582,-0.362262338
48.9850497,-0.344023943,0.0793880299,-0.327654302
48.9950067,-0.325205803,0.174298301,-0.279992253
49.0049647,-0.260637194,0.234884411,-0.228849426
49.0149227,-0.158692703,0.235971257,-0.172129154
49.0248807,-0.0360765122,0.201933652,-0.108382136
49.0348387,0.0962338597,0.166165277,-0.0388424695
49.0447967,0.219826907,0.120796189,0.0177576914
49.0547547,0.317465037,0.0720843151,0.0441714562
49.0647117,0.355855316,0.00922252703,0.0324956253
49.0746697,0.329666585,-0.0226682946,0.00102025701
49.0846277,0.197688848,0.0494876578,-0.0658253506
49.0945857,-0.0548150465,0.185903296,-0.162830189
49.1045437,-0.385145009,0.404012978,-0.288017154
49.1145017,-0.708271444,0.672249496,-0.42394489
49.1244587,-0.933475792,0.917663276,-0.530110478
49.1344167,-1.00072753,1.0503608,-0.582263708
49.1443747,-0.888231039,1.05713081,-0.579384029
49.1543327,-0.636417449,0.980732739,-0.53118372
49.1642907,-0.329810917,0.839186311,-0.448930919
49.1742487,-0.0547860153,0.643075645,-0.362606168
49.1842067,0.122733645,0.403781563,-0.297687352
49.1941637,0.177502617,0.153094471,-0.257774025
49.2041217,0.144370764,-0.0479765795,-0.213488311
49.2140797,0.0848033056,-0.200302735,-0.167137861
49.2240374,0.0597078055,-0.33239767,-0.119377263
49.2339954,0.102455802,-0.451612473,-0.0501302779
49.2439534,0.194715694,-0.525479734,0.0481909662
49.2539114,0.294351995,-0.528581262,0.155778408
49.2638684,0.359311819,-0.452270269,0.2599895
49.2738264,0.351053625,-0.300804049,0.344964594
49.2837844,0.281911314,-0.128674358,0.398564696
49.2937424,0.179782286,0.0946601927,0.408594429
49.3037004,0.0614945181,0.290551126,0.378128916
49.3136584,-0.0566611476,0.382289052,0.311733663
49.3236154,-0.134497628,0.371905655,0.231039077
49.3335734,-0.156782955,0.259188682,0.150507748
49.3435314,-0.108737662,0.0757826418,0.0736172274
49.3534894,-0.00037630467,-0.123994917,0.0163930878
49.3634474,0.127790987,-0.309376746,-0.0228320789
49.3734054,0.239815786,-0.454355508,-0.0503292158
49.3833634,0.299041837,-0.530475855,-0.0728065595
49.3933204,0.322055012,-0.565160871,-0.0717034787
49.4032784,0.333468527,-0.538220346,-0.0416281372
49.4132364,0.356629223,-0.437600493,0.00907019433
49.4231944,0.372745067,-0.283181906,0.0767765343
49.4331524,0.369973779,-0.0937693715,0.151475012
49.4431104,0.343126208,0.0979481339,0.234426081
49.4530684,0.299790978,0.267671376,0.310281694
49.4630254,0.260565817,0.411371827,0.37669003
49.4729834,0.243437424,0.490517259,0.430776685
49.4829414,0.264610887,0.505564392,0.478135675
49.4928994,0.322650492,0.444108218,0.507900476
49.5028574,0.407743007,0.338141561,0.536515653
49.5128154,0.504598439,0.245689124,0.573174834
49.5227724,0.557750344,0.167838797,0.599057019
49.5327304,0.530625761,0.0536224805,0.599828303
49.5426884,0.440360069,-0.124068148,0.578222573
49.5526464,0.320916235,-0.30061841,0.527435839
49.5626044,0.195417434,-0.419355989,0.444916219
49.5725624,0.11233107,-0.446308255,0.358464688
49.5825204,0.104251839,-0.411212057,0.284140915
49.5924774,0.174987793,-0.31178692,0.235216245
49.6024354,0.292728007,-0.110709734,0.228990033
49.6123934,0.397494376,0.114808604,0.270698875
49.6223514,0.431126356,0.301091939,0.33641237
49.6323094,0.364010453,0.427599013,0.39949733
49.6422674,0.227790013,0.475553483,0.443630695
49.6522244,0.0780069157,0.417131454,0.473103642
49.6621824,-0.0129014179,0.295269459,0.488729209
49.6721404,-0.0136034265,0.155924886,0.48897928
49.6820984,0.0667611882,0.0147318076,0.475900769
49.6920564,0.175748393,-0.102180429,0.458910584
49.7020144,0.271964937,-0.193510339,0.430971891
49.7119724,0.321379632,-0.268160343,0.380944699
49.7219294,0.297199994,-0.31688714,0.313066036
49.7318874,0.192054123,-0.333561987,0.236418664
49.7418454,0.0476109274,-0.322429448,0.16585128
49.7518034,-0.0799459666,-0.288442701,0.104085386
49.7617614,-0.166260079,-0.215909392,0.0446984954
49.7717194,-0.218763232,-0.130385175,-0.0021864553
49.7816774,-0.248590112,-0.0550387502,-0.0318042673
49.7916344,-0.251236498,-0.00694445893,-0.0362032764
49.8015924,-0.212726116,0.019653596,-0.0160215776
49.8115504,-0.155624479,0.0334074907,0.0192458667
49.8215084,-0.114569455,0.0343225524,0.0633251742
49.8314664,-0.103488043,0.0235023964,0.10717386
49.8414244,-0.104550645,0.00979643781,0.135536522
49.8513814,-0.120067015,-0.00127192575,0.122066788
49.8613394,-0.132930085,-0.0241519418,0.0883756652
49.8712974,-0.129571304,-0.0489987023,0.0553183816
49.8812554,-0.102764465,-0.0638048127,0.0377148874
49.8912134,-0.043949347,-0.0665468052,0.0329321176
49.9011714,0.026734408,-0.0335867219,0.0418265425
49.9111294,0.0789363608,0.0111692976,0.059769325
49.9210864,0.0893594399,0.0586904772,0.0759834498
49.9310444,0.0727873892,0.0934447274,0.0880193412
49.9410024,0.0602502897,0.119432122,0.0924218073
49.9509604,0.0639765859,0.12272539,0.0759043545
49.9609184,0.0865729749,0.101540208,0.0493600927
49.9708764,0.115611285,0.0658245534,0.0114185698
49.9808344,0.129365981,0.00562859094,-0.0453709438
49.9907914,0.115717545,-0.0790165216,-0.121249996
50.0007494,0.0702736303,-0.192702606,-0.211890146
50.0107074,0.0183630288,-0.290426493,-0.315956891
50.0206654,-0.0148804123,-0.321178824,-0.40469262
50.0306234,-0.0227130353,-0.291201741,-0.465774357
50.0405814,-0.0136305913,-0.212567925,-0.503789902
50.0505384,0.000911600015,-0.105107248,-0.519977391
50.0604964,0.00557159912,0.0189758223,-0.504523337
50.0704544,0.00114116457,0.140839934,-0.47003302
50.0804124,-0.0158551298,0.240830719,-0.435509652
50.0903704,-0.0491659492,0.24611789,-0.422231674
50.1003284,-0.0862187743,0.181447551,-0.439949155
50.1102854,-0.105269164,0.0730278715,-0.476601422
50.1202434,-0.0791443512,-0.00920734648,-0.508853674
50.1302014,-0.00503736921,-0.0363103375,-0.514424443
50.1401594,0.090150401,-0.0199995413,-0.489914298
50.1501174,0.166762084,0.0421842039,-0.439515054
50.1600754,0.20130755,0.106707275,-0.378738523
50.1700334,0.196101606,0.154862821,-0.318637103
50.1799904,0.169842571,0.184213787,-0.275958359
50.1899484,0.132943407,0.19350715,-0.26701358
50.1999064,0.10486383,0.152624428,-0.294588476
50.2098644,0.0810495764,0.0923131555,-0.352126628
50.2198224,0.0744361505,0.022183599,-0.421939254
50.2297805,0.0834994242,-0.031458322,-0.488107622
50.2397375,0.105853193,-0.0509744994,-0.534165144
50.2496955,0.127043709,-0.0393218398,-0.553641081
50.2596535,0.125393614,-0.00175289263,-0.559050262
50.2696115,0.10089013,0.0336778015,-0.557852864
50.2795695,0.0668549314,0.053197708,-0.555718899
50.2895275,0.0444130041,0.0507369451,-0.556484044
50.2994855,0.0497345328,0.0403514169,-0.563398361
50.3094425,0.0675119311,0.025784459,-0.581229568
50.3194005,0.0447565541,0.040232908,-0.624673963
50.3293585,-0.0126273781,0.0285512172,-0.666358054
50.3393165,-0.0524794534,0.00760865118,-0.699654758
50.3492745,-0.0467427373,-0.0139557626,-0.738693774
50.3592325,-0.00587013969,-0.0543117076,-0.76597333
50.3691905,0.0445903726,-0.103521861,-0.773925245
50.3791475,0.0816961974,-0.153249472,-0.771499395
50.3891055,0.106453739,-0.199481145,-0.776072562
50.3990635,0.12818487,-0.212937564,-0.784008265
50.4090215,0.135090172,-0.165269122,-0.79766494
50.4189795,0.108936071,-0.11822518,-0.815345109
50.4289375,0.0639435649,-0.0847023726,-0.840726137
50.4388945,0.0171488933,-0.0612399206,-0.874261975
50.4488525,-0.00872185268,-0.0477179885,-0.911830127
50.4588105,-0.0131743914,-0.0587163083,-0.939466
50.4687685,0.00524802506,-0.0788146555,-0.953596234
50.4787265,0.033087112,-0.099694632,-0.963215053
50.4886845,0.053412091,-0.131354034,-0.971284151
50.4986415,0.0483936332,-0.1751609,-0.987747788
50.5085995,0.0204682574,-0.22375986,-1.01395273
50.5185575,-0.00848163571,-0.265297711,-1.04751575
50.5285155,-0.029129656,-0.277493387,-1.07987714
50.5384735,-0.0463443287,-0.272502095,-1.10753417
50.5484315,-0.0602795854,-0.270049334,-1.13103759
50.5583895,-0.06929598,-0.24592562,-1.15436852
50.5683465,-0.0735362694,-0.21397008,-1.17255545
50.5783045,-0.0732356012,-0.185426846,-1.18510878
50.5882625,-0.0564957671,-0.128402442,-1.19564033
50.5982205,-0.0434366912,-0.0673715845,-1.20809317
50.6081785,-0.0292329863,-0.0380067714,-1.21431947
50.6181365,-0.018779546,-0.0356882215,-1.22154403
50.6280935,-0.0145871984,-0.0590116531,-1.24070656
50.6380515,-0.00437397556,-0.092697978,-1.26359451
50.6480095,0.00320564699,-0.118188158,-1.28977668
50.6579675,0.00973332115,-0.135371938,-1.31575716
50.6679255,0.0065772091,-0.131933004,-1.34442341
50.6778835,-0.0074459319,-0.140187994,-1.3716861
50.6878415,-0.0186674278,-0.16060859,-1.3980962
50.6977985,-0.0323771127,-0.152252123,-1.43489707
50.7077565,-0.0322612673,-0.155853242,-1.47119308
50.7177145,-0.0125802401,-0.178222194,-1.49698734
50.7276725,0.0169970933,-0.192182228,-1.51522624
50.7376305,0.0301107634,-0.207341209,-1.53679466
50.7475885,0.0221609622,-0.221819744,-1.55992317
50.7575455,0.00974876713,-0.208961472,-1.57592666
50.7675035,0.00135182054,-0.185934722,-1.59944475
50.7774615,-0.0070949276,-0.181215063,-1.63556921
50.7874195,-0.0316162482,-0.198120534,-1.69122493
50.7973775,-0.0746566579,-0.208656535,-1.75356352
50.8073355,-0.117499463,-0.206009626,-1.80225456
50.8172935,-0.16556792,-0.216160789,-1.85860312
50.8272505,-0.214379147,-0.253782213,-1.93117237
50.8372085,-0.241414756,-0.285555035,-1.98867214
50.8471665,-0.2245612,-0.269277275,-2.01240349
50.8571245,-0.166553289,-0.188847944,-2.0091002
50.8670825,-0.0904923454,-0.0688818619,-1.98467422
50.8770405,-0.0421666279,0.0715136006,-1.94948184
50.8869975,-0.0389857478,0.194630742,-1.90982795
50.8969555,-0.0719202608,0.290295213,-1.88021147
50.9069135,-0.127222672,0.345131546,-1.87047887
50.9168715,-0.182534128,0.319721013,-1.87601984
50.9268295,-0.22247915,0.235944092,-1.90032172
50.9367875,-0.227122366,0.138070524,-1.92895496
50.9467445,-0.200494483,0.0472929478,-1.95610118
50.9567025,-0.155743256,0.00360432221,-1.96874237
50.9666605,-0.117884025,0.0116305575,-1.95163715
50.9766185,-0.0892758146,0.0393447429,-1.89822721
50.9865765,-0.0746641159,0.0897914022,-1.82021546
50.9965345,-0.0739956647,0.114991568,-1.73614502
51.0064925,-0.0902255028,0.135503501,-1.65584707
51.0164495,-0.115196899,0.1529046,-1.58268225
51.0264075,-0.149546608,0.151687264,-1.52895272
51.0363655,-0.18003422,0.124330208,-1.49492157
51.0463235,-0.197773263,0.0619150326,-1.47466254
51.0562815,-0.181452349,-0.013779195,-1.46033025
51.0662395,-0.132529542,-0.0762953013,-1.43665719
51.0761965,-0.0645129457,-0.117031544,-1.39521754
51.0861545,0.00141839962,-0.152310714,-1.32681346
51.0961125,0.05800125,-0.171564296,-1.24983668
51.1060705,0.0944905505,-0.181819603,-1.17906129
51.1160285,0.106915265,-0.185251608,-1.11953139
51.1259865,0.0949281082,-0.170836717,-1.07982874
51.1359435,0.0527889132,-0.157298803,-1.07111323
51.1459015,-0.0136151444,-0.162211269,-1.098979
51.1558595,-0.086895749,-0.189839438,-1.14214456
51.1658175,-0.143296704,-0.218230337,-1.19450796
51.1757755,-0.165998295,-0.25220108,-1.23621082
51.1857335,-0.144054636,-0.282708943,-1.24950993
51.1956915,-0.087603882,-0.31041646,-1.23600101
51.2056485,-0.014133662,-0.312977076,-1.19839931
51.2156065,0.0504810177,-0.247797012,-1.14041162
51.2255645,0.0857703015,-0.130816609,-1.07450318
51.2355222,0.0830581337,0.00637480849,-1.00353932
51.2454802,0.0555665903,0.130753487,-0.939630091
51.2554382,0.0286526829,0.218503848,-0.885643005
51.2653952,0.0129727898,0.255651474,-0.845943511
51.2753532,0.0210072808,0.235610127,-0.80974102
51.2853112,0.0632215813,0.19140245,-0.75936389
51.2952692,0.116332203,0.154016197,-0.707980871
51.3052272,0.151168481,0.128337204,-0.66373378
51.3151852,0.153295279,0.0972847417,-0.619205713
51.3251422,0.120250508,0.0548693724,-0.586003542
51.3351002,0.0612676181,-0.010995659,-0.573232889
51.3450582,-0.00489515625,-0.109491609,-0.568496227
51.3550162,-0.049105227,-0.220536903,-0.564939797
51.3649742,-0.0682136714,-0.282237291,-0.57038492
51.3749322,-0.0758422986,-0.307316005,-0.574543715
51.3848902,-0.0662389398,-0.289243251,-0.571076035
51.3948472,-0.0271836836,-0.217948839,-0.544888854
51.4048052,0.0275432114,-0.0891746134,-0.503867149
51.4147632,0.0490833893,0.0623219647,-0.466361314
51.4247212,0.0237825606,0.168367967,-0.433360755
51.4346792,-0.0257032327,0.2286385,-0.40313974
51.4446372,-0.0670815632,0.225515947,-0.389860421
51.4545942,-0.0816823468,0.141567782,-0.390309155
51.4645522,-0.0607512295,0.014476411,-0.381215274
51.4745102,-0.024979651,-0.108956046,-0.36642167
51.4844682,0.0211881101,-0.209218472,-0.352799058
51.4944262,0.0639174655,-0.268825591,-0.346218675
51.5043842,0.0797227919,-0.270693541,-0.341160268
51.5143412,0.0416734107,-0.208231494,-0.336470425
51.5242992,-0.0391966701,-0.141539022,-0.322922915
51.5342572,-0.128774226,-0.0926106274,-0.305264562
51.5442152,-0.201367736,-0.0687684119,-0.297423691
51.5541732,-0.235911056,-0.0785571262,-0.289710373
51.5641312,-0.229936257,-0.0981944799,-0.27348721
51.5740892,-0.191903397,-0.122163728,-0.248811156
51.5840462,-0.137370914,-0.132537007,-0.221648231
51.5940042,-0.0905189812,-0.122664131,-0.186581597
51.6039622,-0.0580041818,-0.0962197408,-0.136245459
51.6139202,-0.036140427,-0.0694701523,-0.0693993121
51.6238782,-0.0176293273,-0.0579796806,0.00182106951
51.6338362,-0.00470474036,-0.0641393065,0.0639715269
51.6437932,0.0143344644,-0.080352366,0.121553592
51.6537512,0.0191675685,-0.0917802528,0.163497314
51.6637092,0.00589650497,-0.099434182,0.191298857
51.6736672,-0.00704113161,-0.0937387422,0.207370758
51.6836252,-0.00679958286,-0.0871788412,0.214657173
51.6935832,0.00154410081,-0.0760132745,0.20926933
51.7035402,0.00465920009,-0.0565178692,0.209681585
51.7134982,0.000524909061,-0.0384690948,0.212939695
51.7234562,-0.0140809314,-0.0259559676,0.213279784
51.7334142,-0.0292609502,-0.00509276288,0.208242685
51.7433722,-0.0344269499,0.0195726361,0.207236812
51.7533302,-0.0234075878,0.0370544232,0.211117297
51.7632872,-0.00235370174,0.0589653142,0.211302921
51.7732452,0.0206922293,0.103698701,0.20728901
51.7832032,0.0315896161,0.146113798,0.204730511
51.7931612,0.0366086103,0.171372011,0.210248306
51.8031192,0.0340786092,0.153393283,0.212632373
51.8130772,0.0286569446,0.118607603,0.215568781
51.8230352,0.00986035354,0.0456934534,0.203772306
51.8329922,-0.0267759543,-0.0349161737,0.174547836
51.8429502,-0.0623824187,-0.0870382264,0.146527916
51.8529082,-0.0791528746,-0.110269517,0.119282454
51.8628662,-0.0842661411,-0.109088138,0.0921783969
51.8728242,-0.090473704,-0.081869565,0.0720502213
51.8827822,-0.116358034,-0.0570651516,0.0563972294
51.8927392,-0.172312647,-0.0417527743,0.0343699567
51.9026972,-0.247416183,-0.0355124548,0.000259391876
51.9126552,-0.330493748,-0.0533484444,-0.043661993
51.9226132,-0.398428082,-0.0972570479,-0.109603457
51.9325712,-0.437682807,-0.157030895,-0.189093217
51.9425292,-0.432945579,-0.201048151,-0.266813308
51.9524862,-0.391884416,-0.213012144,-0.314165384
51.9624442,-0.326358408,-0.176868245,-0.323082715
51.9724022,-0.265647918,-0.101035535,-0.306147397
51.9823602,-0.239341214,-0.0356227085,-0.275851279
51.9923182,-0.259603888,0.00233559217,-0.25077495
52.0022762,-0.289141536,0.0222874619,-0.23715955
52.0122332,-0.298564851,0.0314503349,-0.226120755
52.0221912,-0.291072041,0.03381975,-0.220865533
52.0321492,-0.286372364,-0.00188125693,-0.225956693
52.0421072,-0.28499338,-0.0660498589,-0.234756321
52.0520652,-0.264322996,-0.164600402,-0.250675619
52.0620232,-0.21513921,-0.275692284,-0.263269186
52.0719812,-0.111121193,-0.402149051,-0.254342258
52.0819382,0.054312773,-0.508991361,-0.210204631
52.0918962,0.264343232,-0.585466683,-0.145165175
52.1018542,0.468599975,-0.626341105,-0.0753022134
52.1118122,0.613201082,-0.669383407,-0.019251192
52.1217702,0.665912211,-0.695992887,0.0198141839
52.1317282,0.62330699,-0.644061804,0.0354900844
52.1416852,0.510071754,-0.525737286,0.027577566
52.1516432,0.356502205,-0.337852061,0.0122686503
52.1616012,0.185166925,-0.175419763,-0.0269953981
52.1715592,0.0458857343,-0.103843838,-0.0777509883
52.1815172,-0.0271069854,-0.132551119,-0.127097502
52.1914752,-0.0427727625,-0.218069211,-0.185685709
52.2014322,-0.0499534458,-0.323868096,-0.250222355
52.2113902,-0.069587864,-0.445622206,-0.30330953
52.2213482,-0.0772124976,-0.520475686,-0.349573433
52.2313061,-0.0485222638,-0.494157791,-0.396298885
52.2412641,0.00757083436,-0.411597937,-0.433476865
52.2512221,0.0612540357,-0.33728084,-0.46499911
52.2611791,0.0775467232,-0.249242842,-0.481261969
52.2711371,0.0170860421,-0.172811717,-0.492127657
52.2810951,-0.12792334,-0.105665445,-0.510430217
52.2910531,-0.28359282,-0.0103298696,-0.499050289
52.3010111,-0.367574006,0.0969257504,-0.456226915
52.3109691,-0.357476652,0.16268079,-0.399223566
52.3209261,-0.288931668,0.182665944,-0.335544705
52.3308841,-0.211224899,0.147553772,-0.267978728
52.3408421,-0.156968042,0.0612095632,-0.205462605
52.3508001,-0.130248278,-0.0403474234,-0.157655939
52.3607581,-0.117021158,-0.101249918,-0.118243553
52.3707161,-0.116149507,-0.0812458545,-0.0911975503
52.3806741,-0.116803579,0.00571221439,-0.0676016808
52.3906311,-0.12440291,0.132082134,-0.0623091795
52.4005891,-0.138786912,0.271636307,-0.0884084255
52.4105471,-0.177453607,0.394073546,-0.133779362
52.4205051,-0.239955336,0.483444154,-0.166610017
52.4304631,-0.316859186,0.518283904,-0.192727908
52.4404211,-0.403620183,0.496188194,-0.221599504
52.4503781,-0.460984915,0.449868083,-0.231732026
52.4603361,-0.472897232,0.363478333,-0.220581904
52.4702941,-0.425161421,0.225934863,-0.194663227
52.4802521,-0.313913733,0.0652226806,-0.155438319
52.4902101,-0.146779597,-0.0760412365,-0.100013681
52.5001681,0.0529223382,-0.153640419,-0.0440047421
52.5101251,0.213222802,-0.141599208,-0.00325225224
52.5200831,0.296100914,-0.0869266391,0.0372405797
52.5300411,0.313861519,-0.0178711414,0.0979103148
52.5399991,0.299348891,0.0723181367,0.161314324
52.5499571,0.281793863,0.153964534,0.221474603
52.5599151,0.27490133,0.186426073,0.274785757
52.5698721,0.299262077,0.163004637,0.328035653
52.5798301,0.36175102,0.133404925,0.384761006
52.5897881,0.446474433,0.103981525,0.447253138
52.5997461,0.512041688,0.0546581857,0.505009353
52.6097041,0.549113691,-0.041761294,0.546929419
52.6196621,0.597269773,-0.153570116,0.549122512
52.6296191,0.667930663,-0.184497148,0.517436504
52.6395771,0.696117818,-0.181800961,0.459463447
52.6495351,0.638711751,-0.15526256,0.416840643
52.6594931,0.497353315,-0.0995984972,0.396025628
52.6694511,0.305189461,-0.015432219,0.388483018
52.6794091,0.119825736,0.103953831,0.388181835
52.6893661,-0.0107194893,0.244507208,0.389513671
52.6993241,-0.0943589956,0.362236232,0.38617301
52.7092821,-0.13642709,0.435132563,0.38064003
52.7192401,-0.146639779,0.452111542,0.374509424
52.7291981,-0.130751625,0.391073763,0.369263798
52.7391561,-0.0992035493,0.285856515,0.367639273
52.7491131,-0.0474367589,0.173092425,0.372817516
52.7590711,0.029724339,0.0144828027,0.401481658
52.7690291,0.121172763,-0.143491924,0.457013339
52.7789871,0.217814878,-0.264331788,0.523168683
52.7889451,0.290857404,-0.33277902,0.573934138
52.7989031,0.305047005,-0.329490274,0.581786454
52.8088611,0.241409689,-0.301804334,0.537619233
52.8188181,0.118780978,-0.243045136,0.472153425
52.8287761,-0.00977300201,-0.174712956,0.397940725
52.8387341,-0.0988317728,-0.0746097863,0.307838261
52.8486921,-0.154161066,0.0363580063,0.21054925
52.8586501,-0.197530657,0.12258637,0.115523398
52.8686071,-0.231099531,0.171819955,0.0342016444
52.8785651,-0.246590868,0.207631484,-0.031947013
52.8885231,-0.243227571,0.248076648,-0.0831042081
52.8984811,-0.200043604,0.252881527,-0.0918526947
52.9084391,-0.111755826,0.252622396,-0.0575394593
52.9183971,-0.0203313697,0.260017723,-0.0111727593
52.9283551,0.0368786566,0.279046804,0.0432332233
52.9383121,0.044543501,0.303825945,0.100690924
52.9482701,0.00796072092,0.302489817,0.141386688
52.9582281,-0.0475262403,0.26741147,0.158219203
52.9681861,-0.110118516,0.221654624,0.135802045
52.9781441,-0.169403404,0.160225093,0.0900041908
52.9881021,-0.1841757,0.100197442,0.0512354895
52.9980591,-0.139839396,0.0678000897,0.0182234794
53.0080171,-0.0483145341,0.0561295822,-0.0077649788
53.0179751,0.0498727523,0.05303552,-0.0266329423
53.0279331,0.15474005,0.0351428054,-0.0236494038
53.0378911,0.268276989,0.0189449284,-0.00470687076
53.0478491,0.36502856,0.0700874776,0.0174090844
53.0578061,0.404376507,0.145044267,0.0462535135
53.0677641,0.356709123,0.173127577,0.0637637973
53.0777221,0.240107134,0.143304169,0.0464157015
53.0876801,0.0898704976,0.0686938465,-0.0092523545
53.0976381,-0.0534682833,-0.0959672779,-0.0990797132
53.1075961,-0.171119019,-0.297871381,-0.224895701
53.1175531,-0.261532277,-0.453721672,-0.357487023
53.1275111,-0.298383772,-0.559082448,-0.440195233
53.1374691,-0.250797331,-0.560450554,-0.457836539
53.1474271,-0.138339773,-0.383562833,-0.434830278
53.1573851,-0.00311483326,-0.100240849,-0.380126297
53.1673431,0.106954411,0.223755062,-0.305899739
53.1773001,0.13585104,0.503773153,-0.237516955
53.1872581,0.0513164513,0.646718562,-0.205112398
53.1972161,-0.117869645,0.647673309,-0.19155398
53.2071741,-0.282497466,0.46205312,-0.170461744
53.2171321,-0.361144096,0.211080015,-0.12799871
53.2270901,-0.305487216,0.00801718049,-0.0866472796
53.2370478,-0.189692706,-0.134153545,-0.0908236429
53.2470058,-0.0881093517,-0.252687901,-0.136255041
53.2569638,-0.0265778154,-0.333641082,-0.174847707
53.2669218,-0.00508104498,-0.348068506,-0.184082747
53.2768798,-0.0306433961,-0.327947527,-0.17930904
53.2868378,-0.0873186588,-0.287032574,-0.147960961
53.2967948,-0.151956514,-0.19408372,-0.106228434
53.3067528,-0.213260353,-0.0737495869,-0.056186039
53.3167108,-0.274427295,0.0511870198,-0.0137818586
53.3266688,-0.325944543,0.15455921,0.0268947314
53.3366268,-0.358622879,0.231231362,0.057731472
53.3465848,-0.389585853,0.255421102,0.0627283603
53.3565418,-0.433072865,0.168373033,0.0453211442
53.3664998,-0.445724219,0.0223809388,0.0424558483
53.3764578,-0.380892217,-0.0728174821,0.055191882
53.3864158,-0.250489742,-0.0917022228,0.0722680688
53.3963738,-0.096738264,-0.0754212514,0.0768111572
53.4063318,0.0428060517,-0.0625286251,0.0581317469
53.4162898,0.124507308,-0.0361825041,0.0151816159
53.4262468,0.127977937,0.0110862069,-0.0412555598
53.4362048,0.0494610257,0.0691777393,-0.10034924
53.4461628,-0.0692467168,0.123619944,-0.14150919
53.4561208,-0.189247414,0.144522563,-0.178112477
53.4660788,-0.289515436,0.113511384,-0.227583364
53.4760368,-0.351133257,0.0415373221,-0.275032908
53.4859938,-0.367450982,0.00574443862,-0.308616698
53.4959518,-0.362484992,0.000552073296,-0.325729638
53.5059098,-0.358120054,0.00947659276,-0.311844438
53.5158678,-0.352290392,0.041809231,-0.293735743
53.5258258,-0.349885583,0.0821987316,-0.280986935
53.5357838,-0.366183847,0.130238965,-0.275583655
53.5457408,-0.408934504,0.18474482,-0.269762784
53.5556988,-0.475216329,0.215636954,-0.270322561
53.5656568,-0.562313676,0.226308763,-0.277511239
53.5756148,-0.653206289,0.207014441,-0.284633875
53.5855728,-0.732600987,0.151197776,-0.288421422
53.5955308,-0.785970449,0.0815004483,-0.274862468
53.6054878,-0.805393994,-0.000531034311,-0.240609139
53.6154458,-0.790284276,-0.0739061832,-0.182939187
53.6254038,-0.684850514,-0.186798379,-0.0968991145
53.6353618,-0.486916661,-0.214214027,0.00406425027
53.6453198,-0.269868225,-0.201496094,0.0828629285
53.6552778,-0.119168468,-0.197408676,0.126010656
53.6652348,-0.0575871281,-0.174375534,0.149570048
53.6751928,-0.0692035705,-0.104789533,0.1536652
53.6851508,-0.12735796,-0.0343081728,0.134900033
53.6951088,-0.185452953,-0.00138031633,0.105185807
53.7050668,-0.206920162,0.0382507145,0.0781957358
53.7150248,-0.192079157,0.0712566003,0.0620199628
53.7249818,-0.139883071,0.100313291,0.0705186427
53.7349398,-0.0880789906,0.135664627,0.0742952675
53.7448978,-0.0421959236,0.108094245,0.0780713633
53.7548558,0.00128204573,0.082426168,0.0834687948
53.7648138,0.0228123721,0.0584079176,0.0795952231
53.7747718,0.033204291,0.00242241123,0.0748449489
53.7847288,0.0392920114,-0.041288849,0.0604918413
53.7946868,0.0491920486,-0.0672996789,0.0295512341
53.8046448,0.0679223239,-0.0833990201,-0.00119309616
53.8146028,0.0931147635,-0.0567386448,-0.0148814777
53.8245608,0.102992691,0.0137874512,-0.0211215299
53.8345188,0.0844730735,0.0892984569,-0.0227982569
53.8444758,0.0477211848,0.156314507,-0.0178820621
53.8544338,0.00761424378,0.176382229,-0.016400544
53.8643918,0.0126417596,0.170585319,-0.00152359449
53.8743498,0.0596132614,0.169172779,0.0214126147
53.8843078,0.107825264,0.152374357,0.0377425849
53.8942658,0.127403498,0.107097156,0.0504935347
53.9042228,0.111242637,0.0571303964,0.0630585924
53.9141808,0.0704661757,0.0228195619,0.0699655041
53.9241388,0.0409788601,0.00586348167,0.0860494003
53.9340968,0.0318383574,0.00403761864,0.105268896
53.9440548,0.0361350998,0.00460806768,0.118762866
53.9540128,0.0544941351,-0.0059092883,0.124196783
53.9639698,0.0928575024,-0.0206474885,0.125577629
53.9739278,0.141859666,-0.0448606834,0.130403817
53.9838858,0.182624146,-0.0489888489,0.14017868
53.9938438,0.188980579,-0.0407327823,0.155668423
54.0038018,0.155636728,-0.0338501073,0.159812033
54.0137598,0.102130897,-0.0370592177,0.144174486
54.0237168,0.0533154197,-0.0300234128,0.125682026
54.0336748,0.0279722456,-0.020742828,0.107632987
54.0436328,0.0351196378,-0.03146578,0.0924359262
54.0535908,0.0509470701,-0.0526096821,0.0732196197
54.0635488,0.0639552772,-0.115963086,0.0506248288
54.0735068,0.0691468492,-0.181123987,0.0312745646
54.0834648,0.0742590502,-0.217576534,0.0205135308
54.0934218,0.0712302402,-0.239358261,0.0130185969
54.1033798,0.0455808006,-0.224948421,0.0156295598
54.1133378,-0.0131975608,-0.230339736,0.0295983721
54.1232958,-0.0773893297,-0.227782294,0.0353745036
54.1332538,-0.13304168,-0.185435638,0.0367140733
54.1432118,-0.178385183,-0.128090322,0.0373756029
54.1531688,-0.21830304,-0.0710491389,0.00668719737
54.1631268,-0.238409638,-0.0215846542,-0.0199342929
54.1730848,-0.239652544,0.00961374491,-0.0391921438
54.1830428,-0.2181824,0.0354501344,-0.0494543687
54.1930008,-0.1807096,0.0468026586,-0.048097223
54.2029578,-0.116721824,0.0125996815,-0.0264550429
54.2129158,-0.0397077315,-0.0282577369,-0.00334093557
54.2228738,0.0316764377,-0.0446239263,0.0208552144
54.2328317,0.0835313797,-0.0435136557,0.0459453873
54.2427897,0.0930740163,-0.031485755,0.0600020848
54.2527477,0.0599152669,-0.0192463994,0.0571120232
54.2627047,-0.00214331201,-0.0177052282,0.04924744
54.2726627,-0.0710805655,-0.00519849034,0.0291629452
54.2826207,-0.123061478,-0.00104555709,0.0138974395
54.2925787,-0.133379892,-0.00892451871,0.0181539692
54.3025367,-0.0892185569,-0.0185190886,0.0363582745
54.3124947,-0.0154268928,-0.0428928733,0.0556395613
54.3224517,0.0477198511,-0.0748840943,0.0756617412
54.3324097,0.0574837998,-0.114749752,0.0886148214
54.3423677,0.0311414078,-0.135497376,0.096217081
54.3523257,0.00392257003,-0.129795283,0.100583598
54.3622837,-0.00414414471,-0.102370314,0.0975987315
54.3722417,-0.00648106867,-0.0600976907,0.0923387185
54.3821987,-0.00880973693,-0.0345427953,0.0901855528
54.3921567,-0.0170807168,-0.00795992184,0.0834738538
54.4021147,-0.0257836599,0.0202879608,0.0718161315
54.4120727,-0.0294769313,0.0293038264,0.0520261824
54.4220307,-0.0232877452,0.028293157,0.0326002873
54.4319887,-0.0116984677,-0.0131080784,0.0209795833
54.4419457,0.0203849003,-0.0580542497,0.0109210908
54.4519037,0.0667936802,-0.0665718392,0.00849202182
54.4618617,0.108543791,-0.0424707606,0.00931121036
54.4718197,0.127844512,-0.0112246908,0.00135608157
54.4817777,0.110759005,0.0239266381,-0.0124862306
54.4917357,0.0767672136,0.0505582504,-0.0234712381
54.5016927,0.0413274653,0.0724976361,-0.0389287584
54.5116507,0.0174269266,0.0842408463,-0.0579517148
54.5216087,-0.000289485615,0.0922508314,-0.0789808333
54.5315667,-0.0179172158,0.0858232975,-0.0922108889
54.5415247,-0.0309086479,0.0659297481,-0.0943771005
54.5514827,-0.0338522382,0.048409611,-0.0894672945
54.5614397,-0.0261975154,0.0449858494,-0.0782833546
54.5713977,-0.0119538652,0.0451746695,-0.0557884313
54.5813557,0.00334466388,0.0468596518,-0.0279336292
54.5913137,0.0131213944,0.0529606864,-0.0111911353
54.6012717,0.0113791544,0.0755642653,0.00584137766
54.6112297,-0.00475054653,0.0891980529,0.0132031534
54.6211867,-0.0323978886,0.0786279663,0.0144108972
54.6311447,-0.0647526309,0.0417306684,0.00813515857
54.6411027,-0.0891202912,0.00572579633,0.00947765727
54.6510607,-0.0893240198,-0.00139043643,0.00823476072
54.6610187,-0.0695215538,-0.00103011075,0.00567865837
54.6709767,-0.028489165,0.0108132325,0.0132140722
54.6809337,0.0104174875,0.0320058689,0.0182474479
54.6908917,0.0295794643,0.039032355,0.0301890615
54.7008497,0.030867368,0.0435738415,0.0437706485
54.7108077,0.0204221848,0.0365124717,0.0473802984
54.7207657,0.00101626222,0.0228320789,0.0381037109
54.7307237,-0.0114590498,0.0142798694,0.0275661144
54.7406807,-0.00510634482,0.00904888846,0.0096132122
54.7506387,0.00880654063,0.00550688431,-0.00857617799
54.7605967,0.0267621055,-0.0143685527,-0.0223441869
54.7705547,0.0453432463,-0.0414238721,-0.0208906345
54.7805127,0.0563415699,-0.0641515553,-0.0158079918
54.7904707,0.0491923131,-0.0893160328,-0.0160197131
54.8004277,0.0370978341,-0.100207292,-0.00629517995
54.8103857,0.0352208391,-0.0824879557,0.00850853324
54.8203437,0.0539929271,-0.0437948853,0.0230480619
54.8303017,0.079231441,0.00081865571,0.0420944579
54.8402597,0.0868909582,0.0200192481,0.0659300163
54.8502177,0.0689939782,0.029385319,0.079871133
54.8601747,0.0250646062,0.0180839282,0.0785131827
54.8701327,-0.0169920325,0.0134803886,0.0696168914
54.8800907,-0.0326634049,0.00111346762,0.0564962998
54.8900487,-0.0106529109,-0.0180447809,0.0382986516
54.9000067,0.0205678586,-0.0169848427,0.0262672901
54.9099647,0.0420691557,-0.0177592896,0.0337078944
54.9199217,0.0507926084,-0.0221151561,0.0521087423
54.9298797,0.0556179881,-0.0364877023,0.0812687576
54.9398377,0.0759128705,-0.047228232,0.117489345
54.9497957,0.114937507,-0.0331347845,0.15486148
54.9597537,0.150628924,0.0015659387,0.184426039
54.9697117,0.171317697,0.0197553281,0.213182583
54.9796687,0.17706719,0.0121205784,0.227722645
54.9896267,0.172996819,-0.00787496753,0.228718132
54.9995847,0.168116301,-0.0202000774,0.224597692
55.0095427,0.157491893,-0.0346197635,0.219128624
55.0195007,0.136379674,-0.0468652435,0.210705578
55.0294587,0.108420484,-0.0758990273,0.199011639
55.0394157,0.0964727402,-0.112956911,0.189548895
55.0493737,0.101938352,-0.145362258,0.177469596
55.0593317,0.114464261,-0.155485734,0.157211453
55.0692897,0.132807314,-0.132799059,0.141556859
55.0792477,0.14343892,-0.0988594666,0.13822338
55.0892057,0.146357208,-0.0707977414,0.132437408
55.0991627,0.137412727,-0.0398528725,0.129353464
55.1091207,0.127602965,-0.0101722097,0.129977435
55.1190787,0.110441558,0.016094014,0.121595405
55.1290367,0.0908942223,0.0323986858,0.108854309
55.1389947,0.0722931027,0.0327773876,0.0842208713
55.1489527,0.0565093495,0.000819987268,0.0485773906
55.1589097,0.0485925712,-0.0658328086,0.0117503991
55.1688677,0.071345821,-0.124998927,-0.00508317538
55.1788257,0.135916829,-0.173192292,0.00276036654
55.1887837,0.217170134,-0.171639666,0.0248299818
55.1987417,0.28071183,-0.138713673,0.0558560751
55.2086987,0.300216287,-0.103531718,0.0811270773
55.2186567,0.269101232,-0.0588500015,0.0946612582
55.2286147,0.207341731,-0.000141413853,0.0971561074
55.2385728,0.139443114,0.0636556745,0.0852536485
55.2485308,0.0924188793,0.10064698,0.0599480234
55.2584888,0.0685481653,0.0845676139,0.0245444905
55.2684458,0.0817252249,0.04526335,-0.00243439549
55.2784038,0.130718857,-0.00539636333,-0.0159848258
55.2883618,0.187707841,-0.0509409457,-0.0191553179
55.2983198,0.237422943,-0.0750332326,-0.0113418708
55.3082778,0.256725252,-0.085895732,0.00610316638
55.3182358,0.261464357,-0.115552962,0.0236486048
55.3281928,0.257400632,-0.153968528,0.0372528285
55.3381508,0.253087908,-0.164937019,0.0385844111
55.3481088,0.239040807,-0.132009432,0.0284532122
55.3580668,0.1903276,-0.0701649711,0.0141022364
55.3680248,0.126297757,-0.00348181673,0.00176887156
55.3779828,0.0685361847,0.0720097423,0.0101730088
55.3879398,0.0418819375,0.15405269,0.0320002772
55.3978978,0.0401378311,0.192098603,0.0585032552
55.4078558,0.044919271,0.174510017,0.0900633112
55.4178138,0.0538741499,0.109214105,0.121675305
55.4277718,0.0712723136,0.0243127961,0.143362492
55.4377298,0.0943946764,-0.0758321807,0.142568335
55.4476868,0.10541191,-0.158261269,0.125422642
55.4576448,0.0993921012,-0.203596264,0.0972003192
55.4676028,0.0831633285,-0.197165534,0.0750785023
55.4775608,0.0614202172,-0.151799381,0.0650021657
55.4875188,0.0419266783,-0.101176687,0.0697625726
55.4974768,0.0430800915,-0.0613411218,0.0870313048
55.5074338,0.0526448339,-0.0388523228,0.112044513
55.5173918,0.0559000187,-0.0419945866,0.13607128
55.5273498,0.0571793988,-0.088060081,0.153979182
55.5373078,0.0730315968,-0.128030404,0.162092239
55.5472658,0.0997436345,-0.141913995,0.152398333
55.5572228,0.12503168,-0.131156951,0.144878089
55.5671808,0.133359119,-0.10338711,0.146702096
55.5771388,0.124877222,-0.0387724303,0.146064803
55.5870968,0.0907091275,0.0395095907,0.146423265
55.5970548,0.0429266952,0.0638548806,0.141623184
55.6070128,-0.00792343635,0.0785922781,0.12612012
55.6169698,-0.0675263107,0.0978487954,0.102501877
55.6269278,-0.121138141,0.128895923,0.103592172
55.6368858,-0.142658353,0.151371941,0.124704115
55.6468438,-0.114869058,0.129506856,0.150357813
55.6568018,-0.0503358729,0.0726979077,0.180711985
55.6667598,0.0288881063,0.0310231633,0.217716873
55.6767168,0.0887069628,0.0188557133,0.247692093
55.6866748,0.096988067,0.0314348862,0.253956914
55.6966328,0.0533702821,0.0493326634,0.229122132
55.7065908,-0.0232033227,0.0818778202,0.178168669
55.7165488,-0.104775682,0.0972045809,0.124740064
55.7265068,-0.16663532,0.094335027,0.0847556368
55.7364638,-0.205884725,0.107193828,0.0630463436
55.7464218,-0.232913136,0.140036464,0.0549862869
55.7563798,-0.246767968,0.168352798,0.0619030483
55.7663378,-0.256987065,0.2078536,0.0760542899
55.7762958,-0.271858424,0.297670841,0.0930548459
55.7862528,-0.314978451,0.444356143,0.118903749
55.7962108,-0.385040641,0.603905857,0.144938543
55.8061688,-0.466374367,0.739762247,0.15553233
55.8161268,-0.532486022,0.802387536,0.140300646
55.8260848,-0.562573612,0.782562971,0.105821237
55.8360428,-0.55022347,0.689805031,0.052764412
55.8459998,-0.498750687,0.547825277,-0.00826698449
55.8559578,-0.396481305,0.368260592,-0.0511968732
55.8659158,-0.24893792,0.165311992,-0.0702232942
55.8758738,-0.0759208649,-0.0403852388,-0.060589578
55.8858318,0.106619917,-0.236393899,-0.0418321341
55.8957898,0.277366638,-0.368802011,-0.0144473827
55.9057468,0.383125275,-0.376794934,-0.00224557752
55.9157048,0.39171052,-0.29736802,-0.00781983975
55.9256628,0.322119981,-0.205026388,-0.0180919189
55.9356208,0.227378026,-0.0966248065,-0.0334682129
55.9455788,0.133510396,0.028302744,-0.0522368401
55.9555368,0.0445522889,0.123048164,-0.0859439373
55.9654938,-0.0410504974,0.164236337,-0.120407902
55.9754518,-0.102095209,0.160991818,-0.145271182
55.9854098,-0.134852096,0.132823557,-0.168256387
55.9953678,-0.130813673,0.0914982259,-0.183533609
56.0053258,-0.077072151,0.0546083823,-0.175437599
56.0152828,0.00751038035,0.0334298611,-0.146758288
56.0252408,0.0929965228,0.0280982144,-0.113743342
56.0351988,0.147542581,0.0222834684,-0.0679159313
56.0451568,0.160583556,0.0150678987,-0.0319834985
56.0551148,0.142000288,-0.00616468536,-0.00442723883
56.0650728,0.108275339,-0.00337529043,0.00924010389
56.0750298,0.0735210851,0.00982013997,0.0189561136
56.0849878,0.0406108089,0.0093016224,0.0313976035
56.0949458,0.00502565131,-0.0155342184,0.0353473388
56.1049038,-0.023141006,-0.0405197293,0.0454284661
56.1148618,-0.0313475356,-0.0618370026,0.0676858351
56.1248198,-0.0224863999,-0.0930018425,0.0796631351
56.1347768,0.000181893905,-0.0894212276,0.0795076117
56.1447348,0.0301001109,-0.0798045546,0.0746521354
56.1546928,0.05288532,-0.0680272505,0.0695750862
56.1646508,0.0631874874,-0.035513252,0.0638468862
56.1746088,0.0463174321,-0.00769307325,0.0592153855
56.1845658,0.00566640776,0.00562219927,0.0444236584
56.1945238,-0.045921687,0.00468529947,0.0110766198
56.2044818,-0.0861772299,-0.00442058127,-0.0213569533
56.2144398,-0.107333116,-0.00962599553,-0.037600372
56.2243978,-0.104323477,-0.0183710176,-0.0392368846
56.2343556,-0.0786564648,-0.03525839,-0.0315797627
56.2443126,-0.0417005755,-0.0464223586,-0.0173419714
56.2542706,-0.0121064642,-0.0616814718,-0.000356597273
56.2642286,0.000915062148,-0.0895661041,0.0125504127
56.2741866,-0.00423762202,-0.0987574682,0.00649544969
56.2841446,-0.0236936118,-0.0870595351,-0.00468343496
56.2941026,-0.0482514203,-0.0550190434,-0.0132763907
56.3040596,-0.0693716183,-0.026940804,-0.0125964852
56.3140176,-0.0729857907,-0.00789866969,-0.00800333172
56.3239756,-0.0583453327,0.0110236229,-0.00220429851
56.3339336,-0.0426449329,0.0257900525,0.00247247866
56.3438916,-0.037920218,0.016335031,0.00589597225
56.3538486,-0.0403895006,-0.0130580114,0.00510634482
56.3638066,-0.0328705981,-0.0441016816,-0.0033931334
56.3737646,-0.00851812027,-0.0469749644,-0.00633219816
56.3837226,0.0304007828,-0.0281442869,0.00448396429
56.3936806,0.0703242272,0.0154420733,0.0181883257
56.4036386,0.0868683159,0.0684016943,0.0226445924
56.4135956,0.0691716149,0.0951052085,0.0167954918
56.4235536,0.0260699503,0.093740873,0.00357769057
56.4335116,-0.0211247262,0.052004613,-0.0158149153
56.4434696,-0.0547141097,0.000749946164,-0.0408198684
56.4534276,-0.0671603978,-0.0455879904,-0.0687361881
56.4633846,-0.0519409627,-0.0906484127,-0.0888499767
56.4733426,-0.0185675584,-0.124210633,-0.0935142413
56.4833006,0.0482897684,-0.164679766,-0.0746651813
56.4932586,0.126672983,-0.191523358,-0.0510410815
56.5032166,0.191589132,-0.198727742,-0.0273229666
56.5131746,0.217114478,-0.195053384,-0.002365686
56.5231316,0.188219711,-0.175639465,-0.00619131699
56.5330896,0.0997724012,-0.126038089,-0.0332184061
56.5430476,-0.0208307132,-0.0631166548,-0.0760992914
56.5530056,-0.134516805,0.00327275856,-0.110854611
56.5629636,-0.187388271,0.0712566003,-0.120712303
56.5729216,-0.171806648,0.122297414,-0.107342966
56.5828786,-0.107146956,0.137730166,-0.0733290762
56.5928366,-0.0243191887,0.121941619,-0.0326689966
56.6027946,0.042441465,0.0845481753,0.00194543914
56.6127526,0.0750888884,0.0512309633,0.0205098018
56.6227106,0.0726640821,0.0293163434,0.0170532856
56.6326676,0.0452404469,0.0143610956,-0.000950748508
56.6426256,0.00999724027,0.0347220264,-0.0210283194
56.6525836,-0.0440436229,0.0933017209,-0.0365809128
56.6625416,-0.119883262,0.149043009,-0.0492008366
56.6724996,-0.186249495,0.212014779,-0.0564132072
56.6824576,-0.22376439,0.281920642,-0.0585069843
56.6924146,-0.220633566,0.331639707,-0.048542235
56.7023726,-0.188016772,0.365663201,-0.030417826
56.7123306,-0.157169387,0.354939461,-0.0143073006
56.7222886,-0.150798038,0.306624115,-0.00943344925
56.7322466,-0.169776514,0.224113792,-0.0203859657
56.7422046,-0.190373138,0.122891568,-0.0337036364
56.7521616,-0.178600907,0.0169667322,-0.0484436974
56.7621196,-0.0955116078,-0.099907957,-0.0679116696
56.7720776,0.0356794335,-0.18010132,-0.0795446262
56.7820356,0.158478856,-0.204595491,-0.0722257271
56.7919936,0.209400088,-0.176377699,-0.0549796298
56.8019506,0.171264157,-0.132010758,-0.0446191318
56.8119086,0.086527966,-0.059550412,-0.0414662175
56.8218666,0.00394760352,0.0139975743,-0.0459957197
56.8318246,-0.057439059,0.0804495662,-0.0533164851
56.8417826,-0.0921935737,0.13078171,-0.0450297929
56.8517406,-0.0980394781,0.131080791,-0.0292734671
56.8616976,-0.0682778582,0.103377789,-0.0261378605
56.8716556,-0.0257319957,0.0745863542,-0.0425397381
56.8816136,0.000145142272,0.0219364576,-0.0529281944
56.8915716,0.0240893569,-0.0292958375,-0.0519865006
56.9015296,0.060852699,-0.0555077344,-0.0413290635
56.9114866,0.109121427,-0.0652293339,-0.0247245207
56.9214446,0.138114467,-0.0762415081,-0.000637294434
56.9314026,0.135911763,-0.09299279,0.00804594252
56.9413606,0.109363772,-0.0873458236,-0.00490767322
56.9513186,0.0640927032,-0.0519374982,-0.0234275609
56.9612766,0.0158370193,-0.0101676825,-0.0392339565
56.9712336,-0.0205380321,0.0180258714,-0.0412611552
56.9811916,-0.0335193425,0.0247929636,-0.032590434
56.9911496,-0.0241825674,0.0124825025,-0.0165645964
57.0011076,0.00453429809,-0.0107860686,0.00812929962
57.0110656,0.0305962581,-0.0416792706,0.0212075505
57.0210236,0.0361265801,-0.0609480403,0.0120737068
57.0309806,0.0285259169,-0.0437730476,-0.00951307733
57.0409386,0.0112212291,-0.020636037,-0.0406004228
57.0508966,-4.28768944E-05,-0.000739293522,-0.0623363443
57.0608546,0.000531034311,0.00689572282,-0.073215358
57.0708126,-0.00603925018,0.00471805595,-0.0749067292
57.0807696,-0.0135182058,0.0205215197,-0.0778639019
57.0907276,-0.0467416719,0.0422390662,-0.056954097
57.1006856,-0.0776894689,0.026534671,-0.0593421534
57.1106436,-0.0923025012,0.0372637473,-0.0584185682
57.1206016,-0.0899677053,0.0474905521,-0.0394888185
57.1305596,-0.059829779,0.0378381908,-0.0190828815
57.1405166,-0.00775379362,0.052995041,0.00554177165
57.1504746,0.0287943631,0.0421597026,0.032492429
57.1604326,0.0481052101,0.0054656053,0.0352906138
57.1703906,0.0548129156,0.00758867757,0.0174556896
57.1803486,0.0391772315,0.0266561117,0.000744619814
57.1903056,0.0077340859,0.0330775268,-0.00879056193
57.2002636,-0.0105101652,0.0249215942,-0.00804594252
57.2102216,-0.00603871793,0.00855354033,-0.00677002175
57.2201796,0.00653166883,-0.00810746104,0.00268712942
57.2301376,0.0237982739,-0.00218006363,0.0170290507
57.2400958,0.0363297798,0.0214634798,0.0290958341
57.2500528,0.0379420556,0.0498008467,0.0268089771
57.2600108,0.0333315916,0.0683870465,0.0169326439
57.2699688,0.0213540252,0.0813332051,0.00708853593
57.2799268,0.0204227176,0.0667449385,-0.00564084155
57.2898848,0.0408182703,0.044041492,-0.00619983906
57.2998418,0.071626246,0.0293981023,-0.0012895026
57.3097998,0.0915139392,-0.00471992046,-0.00143597648
57.3197578,0.0984791666,-0.0188903343,-0.00488210702
57.3297158,0.0948783085,-0.00257234718,-0.0253737997
57.3396738,0.0843489692,0.0291083511,-0.0483062789
57.3496318,0.0743562579,0.0481598042,-0.0697860047
57.3595888,0.0695106313,0.0528259315,-0.0849836022
57.3695468,0.0613573678,0.0369984992,-0.0903807655
57.3795048,0.0433823615,0.00514549343,-0.0985081941
57.3894628,0.0162221137,-0.0123125929,-0.101132743
57.3994208,0.00279844971,-0.0183374621,-0.0953499526
57.4093778,0.0191949997,-0.0110904677,-0.0846858621
57.4193358,0.044070255,0.00829441473,-0.0768827945
57.4292938,0.0552848279,0.020914603,-0.0684115514
57.4392518,0.0349140428,0.0299720131,-0.0618346035
57.4492098,0.00353268324,0.0318322331,-0.057713896
57.4591678,-0.0179803316,0.0358805023,-0.0476759076
57.4691248,-0.0198828951,0.0368008912,-0.0354192443
57.4790828,-0.0128409639,0.0338980444,-0.0231673699
57.4890408,-0.00452737371,0.0377452485,-0.010533601
57.4989988,-0.00778228929,0.0369209982,-0.00293933088
57.5089568,-0.0190069806,0.0283900965,0.000704139762
57.5189138,-0.0365675986,0.0120015349,-0.0017318537
57.5288718,-0.0353774317,-0.00261442526,0.0046320362
57.5388298,-0.0171885733,0.00910348352,0.0186815429
57.5487878,-0.00468529947,0.0247756541,0.0288489591
57.5587458,-0.00635563396,0.0348719619,0.0406797864
57.5687038,-0.0257610232,0.0349457338,0.0480258502
57.5786608,-0.0508820899,0.0255527645,0.0458154269
57.5886188,-0.0662655756,0.00773248821,0.0390930735
57.5985768,-0.0641797855,-0.00429461338,0.0273421425
57.6085348,-0.0416470468,-0.0218520351,0.0165853687
57.6184928,-0.0131719951,-0.0368980952,0.00589703768
57.6284498,0.00423149671,-0.0539545789,-0.00382856047
57.6384078,0.00294385827,-0.0658839419,-0.0183459837
57.6483658,-0.0124904914,-0.0713703185,-0.0304750856
57.6583238,-0.0366320461,-0.0478993505,-0.049963031
57.6682818,-0.0577746145,-0.0100017674,-0.06111582
57.6782398,-0.0740001947,0.0204522777,-0.0655041784
57.6881968,-0.0812676921,0.0356884897,-0.0599501543
57.6981548,-0.0742854178,0.0361958221,-0.0530965067
57.7081128,-0.0571359918,0.033434391,-0.0476900227
57.7180708,-0.0295943767,0.0503579788,-0.0464900024
57.7280288,-0.0101293335,0.0764753297,-0.0517018102
57.7379858,0.0163704511,0.0587679744,-0.071225442
57.7479438,0.022513032,0.109260708,-0.0596382953
57.7579018,0.00670317654,0.142695636,-0.0490429103
57.7678598,-0.0198426805,0.190762758,-0.0503899381
57.7778178,-0.0461480543,0.189112663,-0.0547804236
57.7877758,-0.0437831655,0.175376087,-0.0383180939
57.7977328,-0.0292127468,0.119929865,-0.0349950008
57.8076908,-0.00999377854,0.0802487656,-0.0410800576
57.8176488,0.0210911706,0.0678376332,-0.0205353685
57.8276068,0.032464467,0.0295251347,-0.00410765968
57.8375648,0.0304601714,-0.0160980094,-0.00406984286
57.8475218,0.0199276358,-0.0507526584,-0.00777776213
57.8574798,0.00870054681,-0.0690437853,-0.00452897185
57.8674378,0.0145997154,-0.0649438426,-0.00325651327
57.8773958,0.0216187425,-0.0522272512,-0.00840387121
57.8873538,0.0259988438,-0.0338876583,-0.0145666925
57.8973118,0.031204259,-0.0128137991,-0.00857670978
57.9072688,0.0243524779,-0.00270896754,-0.00251375767
57.9172268,0.00928617641,-0.00167459564,-0.0190466624
57.9271848,-0.00707388856,0.00870534126,-0.0331867151
57.9371428,-0.0152191669,0.0146745499,-0.0402494185
57.9471008,-0.0202959497,-0.00194543914,-0.0451610871
57.9570578,-0.020550549,-0.036418993,-0.0393173136
57.9670158,-0.0159022678,-0.0548930764,-0.0254342537
57.9769738,-0.0177515671,-0.0415050983,-0.0163028073
57.9869318,-0.0261993799,-0.00814208202,-0.00662434706
57.9968898,-0.0404539481,0.0439461507,0.00337236095
58.0068468,-0.0397338308,0.0740167052,-0.0084254425
58.0168048,-0.0316175818,0.0889599696,-0.0145488493
58.0267628,-0.0117192399,0.0830687881,-0.00131134049
58.0367208,0.0295557622,0.0598026142,0.0226062424
58.0466788,0.0631344914,0.0594068691,0.0584752932
58.0566368,0.0723117441,0.038460575,0.0724334568
58.0665938,0.0561540835,0.0272308215,0.0587149784
58.0765518,0.0285357703,0.0397106595,0.0388155729
58.0865098,-0.0110364053,0.0528794602,0.0215921104
58.0964678,-0.0511286967,0.046832487,0.0102406535
58.1064258,-0.0590084605,0.0165283773,0.00681822514
58.1163828,-0.0344221555,-0.0247793831,0.00851332676
58.1263408,-0.000351803581,-0.0497635603,0.0140138203
58.1362988,0.0307113063,-0.0569197424,0.0181960482
58.1462568,0.0445818491,-0.0355055295,0.0219931826
58.1562148,0.036985714,-0.00599743892,0.0245223865
58.1661728,0.0134204673,0.0207010172,0.0151587129
58.1761298,-0.00329592824,0.023792414,0.00469115842
58.1860878,-0.00563018862,0.0424750224,0.0142399222
58.1960458,-0.00117791619,0.0193649102,0.0200253725
58.2060038,0.00471512647,-0.0059273974,0.0112278871
58.2159618,0.0133879771,-0.0254518297,0.00770345982
58.2259188,0.0117482692,-0.0146300755,-0.00278193806
58.2358763,0.00292974338,-0.00506346812,-0.0129424306
58.2458343,-0.00546986656,0.0217100885,-0.0198275
58.2557923,-0.0164671242,0.0242134612,-0.020702349
58.2657503,-0.0184642281,0.0143262083,-0.00965928566
58.2757073,-0.00395053299,0.0160460789,0.000336090918
58.2856653,0.0175419748,0.0301722828,0.0119141834
58.2956233,0.0320210494,0.0366296507,0.0234794933
58.3055813,0.0295845233,0.0278318971,0.0347449295
58.3155393,0.0206363034,0.0167187918,0.035480231
58.3254973,0.0157363527,0.00665923441,0.0345830098
58.3354543,0.0129192611,-0.00549250329,0.0308660362
58.3454123,0.000833835744,-0.00184423907,0.0213657431
58.3553703,-0.0176402461,0.0135347173,0.0145760132
58.3653283,-0.0298324637,0.0182573013,0.0220504403
58.3752863,-0.0263256133,0.0154143758,0.0388342142
58.3852433,-0.0124071352,0.00781983975,0.0460708216
58.3952013,0.00206980878,0.0116428072,0.0427418724
58.4051593,0.0159217082,0.00780252926,0.0379867963
58.4151173,0.0201401561,-0.0198317617,0.0295581575
58.4250753,0.0159563292,-0.0495446511,0.0133237951
58.4350333,0.00659904676,-0.0562419668,0.000398142583
58.4449903,-0.0023891218,-0.0452348553,-0.00549143832
58.4549483,-0.0080627203,-0.0292385798,-0.00633779075
58.4649063,-0.00874155946,-0.0220903885,-0.00623046514
58.4748643,0.0110803479,-0.0114486627,0.000770718791
58.4848223,0.0316215754,0.0139040975,0.00829335023
58.4947793,0.0393037312,0.0388025232,0.0162117258
58.5047373,0.0391130485,0.0562962964,0.0276111215
58.5146953,0.0354972742,0.059081696,0.0335158817
58.5246533,0.0252608825,0.0551354252,0.0296814628
58.5346113,0.0159214418,0.0510682426,0.0244757812
58.5445683,0.0147432601,0.0315768346,0.016087357
58.5545263,0.0230121091,0.0236094557,0.00368368439
58.5644843,0.0297911856,0.0224089026,-0.00227753539
58.5744423,0.0336631536,0.0144135607,-0.000348341477
58.5844003,0.0346674323,0.0118297618,0.0009552759
58.5943583,0.0194336195,0.0176935103,0.000650610251
58.6043153,0.00057364488,0.024119718,0.00747442804
58.6142733,-0.0153379431,0.0300766751,0.0114388093
58.6242313,-0.0209944975,0.0332239978,0.0102750082
58.6341893,-0.0183944535,0.0266119037,0.00671968795
58.6441473,-0.00493430486,0.00962146837,0.00776204932
58.6541043,0.00979483966,-0.008117049,0.00325385015
58.6640623,0.0242579356,-0.0240161195,-0.00457051722
58.6740203,0.0278444141,-0.0384227559,-0.0120824957
58.6839783,0.0257493053,-0.0447853133,-0.0134809213
58.6939363,0.0145395277,-0.0294769313,-0.0103383912
58.7038933,-0.00363308424,-0.00773728173,-0.00296729407
58.7138513,-0.0254217368,-0.00184557063,0.00164956192
58.7238093,-0.0417378582,0.0149770854,0.00405839132
58.7337673,-0.051563859,0.0193686374,0.0110747553
58.7437253,-0.0518160611,0.0324751176,0.0198844913
58.7536833,-0.0428225659,0.0296127535,0.0244486183
58.7636403,-0.0303171594,0.0312415417,0.0312141124
58.7735983,-0.00884755328,0.031323567,0.0328772552
58.7835563,0.0105996476,0.0299781393,0.03404532
58.7935143,0.0357433483,0.0224296749,0.0425594449
58.8034723,0.053658966,0.013871341,0.0582374744
58.8134293,0.0574592985,-0.00759453652,0.0685470998
58.8233873,0.0450079553,-0.0177608877,0.0647595525
58.8333453,0.00398861617,-0.00285357703,0.0369308516
58.8433033,-0.0351811573,0.00891226809,0.00980815571
58.8532613,-0.0522799827,0.0380302072,-0.00520488201
58.8632183,-0.055020906,0.0333475694,-0.0106047075
58.8731763,-0.0414712764,0.00789467432,0.00120774354
58.8831343,-0.017791247,-0.0100473082,0.0170109421
58.8930923,0.000616255449,-0.0253061559,0.0261791404
58.9030503,0.00400113314,-0.0144825364,0.00626828242
58.9130083,-0.0145200863,0.00795006845,-0.0230483282
58.9229653,-0.0402259827,0.013291304,-0.0500826091
58.9329233,-0.054172691,0.0120244389,-0.0612497739
58.9428813,-0.0639393032,-0.00719745923,-0.0549167767
58.9528393,-0.0643986985,-0.0199412182,-0.0338525064
58.9627973,-0.0548696406,-0.0240328982,-0.00836765207
58.9727543,-0.0403221212,-0.0194543917,0.0106667588
58.9827123,-0.0202549379,0.00740678376,0.025680596
58.9926703,-0.00321550062,0.0425013863,0.0330048203
59.0026283,0.00129296468,0.0594971478,0.0384643003
59.0125863,0.00113131083,0.0711990818,0.0411205404
59.0225433,-0.00272361492,0.0624977313,0.0344807468
59.0325013,0.00050173956,0.0511534661,0.0294558927
59.0424593,0.00758281862,0.0436958149,0.0250323825
59.0524173,0.00765126199,0.0413570255,0.0170620736
59.0623753,0.00404667342,0.0361835696,0.0158346239
59.0723333,0.00771251461,0.0417591631,0.0236435439
59.0822903,0.0158162471,0.0265762173,0.0335600898
59.0922483,0.0284185912,0.0168961585,0.0407064185
59.1022063,0.028704349,0.0142905219,0.0347238928
59.1121643,0.0167840403,0.0111815482,0.00775139639
59.1221223,0.00637640664,0.00376011711,-0.0209734589
59.1320793,0.00233505969,-0.00172386412,-0.041384723
59.1420373,0.00443629362,-0.000684965053,-0.0676312447
59.1519953,0.0136897136,0.00248366408,-0.1028108
59.1619533,0.0213769283,0.0185366664,-0.131397441
59.1719113,0.0294918455,0.0164586026,-0.130913004
59.1818683,0.0515268408,-0.0154838851,-0.0870643258
59.1918263,0.0754060745,-0.0434827618,-0.0301594995
59.2017843,0.0871564746,-0.0266135018,0.00721849827
59.2117423,0.0672964826,-0.00124742463,0.0315153152
59.2217003,0.000251668709,0.0471486039,0.0113152387
59.2316573,-0.0790884271,0.107683852,-0.0325877704
59.241616,-0.122430578,0.150244102,-0.0775270164
59.251574,-0.118283235,0.157396287,-0.111628257
59.261532,-0.0699260905,0.128045321,-0.122685172
59.27149,0.000232227641,0.0819481313,-0.115900233
59.281448,0.0687433779,0.0487073511,-0.0981662497
59.291405,0.1141335,0.0412936434,-0.0736603737
59.301363,0.121907264,0.0572398528,-0.0492812619
59.311321,0.121793546,0.0267397352,-0.0199689139
59.321279,0.12506178,0.0117954062,0.0111266868
59.331237,0.110920392,0.0247556809,0.0264553092
59.341194,0.0799691379,0.0583304167,0.0254305247
59.351152,0.0355566628,0.0769307315,0.0120041985
59.36111,-0.00922332611,0.1068905,-0.0160655193
59.371068,-0.0269477274,0.106455334,-0.0600052811
59.381026,-0.0243508797,0.0888675526,-0.102780975
59.390983,-0.01118288,0.0580047145,-0.113649331
59.400941,0.00227673631,0.0200746413,-0.0971859396
59.410899,0.0203244463,-0.00364666642,-0.0688821301
59.420857,0.0307640377,-0.0308929347,-0.0480045453
59.430815,0.0296335258,-0.0479171909,-0.0291837174
59.440773,0.020975057,-0.030493727,-0.0374384522
59.45073,0.000627973408,0.00627387501,-0.0591717102
59.460688,-0.0217295308,0.0352898128,-0.0776636377
59.470646,-0.0397282392,0.0518216528,-0.0862118527
59.480604,-0.0518437549,0.0420808755,-0.0740332156
59.490562,-0.0468228981,0.00585602503,-0.0519803762
59.500519,-0.030532876,-0.0193862151,-0.0264534447
59.510477,-0.00543098431,-0.0151928011,-0.00210709311
59.520435,0.0182059016,0.0168783162,0.0018769959
59.530393,0.0306388699,0.0482287817,-0.00218299311
59.540351,0.0357372239,0.0568843223,-0.00711463485
59.550308,0.0180924516,0.0514264405,-0.0190796852
59.560266,0.0052360408,0.0379138254,-0.0150548499
59.570224,0.00982067268,0.0362115353,-0.001433047
59.580182,0.014086524,0.0281916913,0.011246263
59.59014,0.0137200728,0.0129259182,0.0192432031
59.600097,0.00309379422,0.0053449641,0.0140753388
59.610055,-0.0051345746,0.0109210908,-0.00400379626
59.620013,-0.00643180031,0.0313664451,-0.0326855071
59.629971,-0.0106885973,0.0167811103,-0.051018443
59.639929,-0.00118990033,-0.0137528302,-0.058928296
59.649887,0.0158934798,-0.0437091328,-0.0520048775
59.659844,0.0325925648,-0.0532541685,-0.0398733802
59.669802,0.0386174321,-0.0415245406,-0.0370839834
59.67976,0.0302662924,-0.0252483655,-0.030975759
59.689718,0.00760092819,-0.0090401005,-0.0268182978
59.699676,-0.0105756791,0.0111876735,-0.0265091062
59.709633,-0.0205513481,0.0293328557,-0.0300820023
59.719591,-0.0247311797,0.0452803969,-0.039323438
59.729549,-0.0253905784,0.0426031202,-0.0492437109
59.739507,-0.0192349479,0.0185814071,-0.0644527599
59.749465,-0.00856286194,-0.0135320537,-0.0774591044
59.759422,0.00901160482,-0.0556789748,-0.0891226828
59.76938,0.0226208903,-0.0789462104,-0.0972333401
59.779338,0.0207982231,-0.0803017616,-0.0985334963
59.789296,0.0128827756,-0.0966993794,-0.0957616791
59.799254,0.000625310233,-0.0934932008,-0.0931600407
59.809211,-0.0152316839,-0.0857109129,-0.0879322514
59.819169,-0.0377122238,-0.0711087957,-0.086368978
59.829127,-0.0544605777,-0.0460772142,-0.0844323263
59.839085,-0.0610649511,-0.0287208613,-0.0879149437
59.849043,-0.0568009652,-0.0231423378,-0.0932628363
59.859001,-0.0357593298,-0.0288588125,-0.0931251496
59.868958,9.24116903E-05,-0.0431037955,-0.0874901637
59.878916,0.0403871052,-0.0474822968,-0.064503625
59.888874,0.0695865378,-0.0426350795,-0.0376014374
59.898832,0.0748990104,-0.040463537,-0.011350126
59.90879,0.0634791106,-0.0333840549,0.00892132334
59.918747,0.0420675576,-0.0132036861,0.0193872806
59.928705,0.0197297633,0.0247817785,0.0174777936
59.938663,-0.0169659331,0.0455392562,0.00396757759
59.948621,-0.0519220531,0.0513414852,-0.0180423837
59.958579,-0.0721745938,0.0353864878,-0.0398249105
59.968536,-0.0667068586,0.00990243163,-0.0550928116
59.978494,-0.0393266343,-0.0250004251,-0.0563226603
59.988452,0.00410552928,-0.0475041345,-0.0420142971
59.99841,0.0385836102,-0.0602867752,-0.0187816769
60.008368,0.0490386486,-0.0504176356,0.00421391986
60.018325,0.0402211882,-0.0238627214,0.018259963
60.028283,0.0183947198,0.00358994119,0.0162924211
60.038241,-0.00777856074,0.0207481552,0.00335771358
60.048199,-0.0208935644,0.0143080987,-0.0080701774
60.058157,-0.0108792791,0.00437104609,-0.00851652306
60.068114,0.0179529022,-0.0152617767,-0.00660170987
60.078072,0.0388709679,-0.0428052545,-0.00301176892
60.08803,0.0373135507,-0.0524174012,-0.00886752736
60.097988,0.0207801126,-0.0323616676,-0.0265386663
60.107946,-0.00146473863,-0.00277474755,-0.0457214154
60.117903,-0.0187244192,0.010473147,-0.0563186668
60.127861,-0.0211332478,0.0201577321,-0.0489417091
60.137819,-0.0166937597,-0.000890561088,-0.0345374718
60.147777,-0.0118800951,-0.0238283668,-0.0203630626
60.157735,-0.0162764415,-0.0262049716,-0.011878497
60.167693,-0.035229627,-0.0390491337,-0.0150188971
60.17765,-0.0499377325,-0.0425386727,-0.0327531509
60.187608,-0.0440705232,-0.0259943157,-0.0492727421
60.197566,-0.0234323554,-0.0190562494,-0.0488735326
60.207524,0.00390126463,-0.0306047816,-0.0291541573
60.217482,0.0240962822,-0.0386893377,-0.00191960647
60.227439,0.0328538194,-0.0306417979,0.0144548398
60.2373963,0.0301933214,-0.0193281583,0.0183185525
60.2473543,0.0137307262,0.00709066633,0.00777509855
60.2573123,-0.0127048763,0.0283362996,-0.0111040501
60.2672703,-0.0395183824,0.0454471111,-0.0213721339
60.2772273,-0.042926427,0.0454295315,-0.0165949557
60.2871853,-0.0267296154,0.0393548645,-0.00958817918
60.2971433,-0.00359393586,0.020797424,0.0016357135
60.3071013,0.0145717524,-0.0139320605,0.00964490417
60.3170593,0.0301760118,-0.0454266034,0.0139395176
60.3270163,0.0483728573,-0.0652266741,0.0170306489
60.3369743,0.0671920851,-0.0772998482,0.0195377488
60.3469323,0.0793909654,-0.0890864655,0.0167843066
60.3568903,0.0821452066,-0.0980282947,0.0185933914
60.3668483,0.0722622126,-0.100024067,0.0139371213
60.3768063,0.0597860999,-0.0726675466,0.0083583314
60.3867633,0.0744790286,-0.0694903955,0.00350312213
60.3967213,0.106716059,-0.0651872605,0.00319206482
60.4066793,0.139414623,-0.0506565198,0.00337342615
60.4166373,0.145745486,-0.0411833897,0.0305781495
60.4265953,0.135684863,-0.0791728497,0.0738521218
60.4365523,0.110735565,0.0437442847,0.0471009314
60.4465103,0.0261953846,0.111141965,0.010580739
60.4564683,0.00797110703,-0.104792461,0.0309664384
60.4664263,0.108170941,-0.0653736815,0.0579629019
60.4763843,0.215832427,-0.00604644092,0.0453443117
60.4863413,0.224499956,0.0264257491,-0.00403602049
60.4962993,0.172992811,0.0264782123,0.00473456783
60.5062573,0.0933914632,0.02270771,0.0462553799
60.5162153,0.00965875294,-0.0172266569,0.066259712
60.5261733,-0.0547684394,-0.0403466225,0.0604457669
60.5361303,-0.0842664093,-0.0211761259,0.0373641513
60.5460883,-0.0858592466,0.011318435,0.0210211296
60.5560463,-0.0648317263,0.0197060611,0.0150447292
60.5660043,-0.0249911044,0.00320777739,-0.0122012729
60.5759623,0.0324836411,0.0488602184,-0.0403223895
60.5859193,0.111795239,0.11939723,-0.0591509379
60.5958773,0.180927441,0.154729918,-0.0698568448
60.6058353,0.204576045,0.181395084,-0.0596548095
60.6157933,0.16042164,0.151308566,-0.0371044911
60.6257513,0.077178143,0.0927901268,-0.00890640914
60.6357083,-0.00949736498,0.0389817543,0.0259365253
60.6456663,-0.069046177,0.00759879733,0.0406925678
60.6556243,-0.0938673764,0.00145381968,0.037673343
60.6655823,-0.0881615505,-0.00926886592,0.0266286805
60.6755403,-0.0725730062,-0.0118028633,0.00718254549
60.6854973,-0.0367718637,0.00118803617,-0.0204892959
60.6954553,0.0409578197,0.00814847369,-0.0462939963
60.7054133,0.123715818,0.0388504602,-0.0684898421
60.7153713,0.167875558,0.059195146,-0.0889706165
60.7253293,0.16398041,0.0643712655,-0.0938583165
60.7352863,0.123636186,0.0638745874,-0.0831505433
60.7452443,0.0854621679,0.0280774403,-0.0582121722
60.7552023,0.0516826361,0.00959563535,-0.0334501006
60.7651603,0.0213566869,0.00622700341,-0.0153320841
60.7751183,-0.0131722614,0.00308633735,-0.00785605889
60.7850763,-0.030829018,8.0960097E-05,-0.003466903
60.7950333,-0.00998845231,0.00859961379,-0.00576867303
60.8049913,0.0296700113,0.017012272,-0.018327076
60.8149493,0.0605469681,-0.0035457327,-0.0436638556
60.8249073,0.0744009987,-0.00659931311,-0.0632937476
60.8348653,0.0572630242,0.0117770312,-0.0670674518
60.8448223,0.0143240783,0.0249732602,-0.0705740377
60.8547803,-0.0485805869,0.0395061299,-0.0877421051
60.8647383,-0.0939515308,0.0236896165,-0.108458564
60.8746963,-0.116531409,-0.0203819703,-0.122019917
60.8846543,-0.102378033,-0.047055658,-0.125968844
60.8946113,-0.0760399029,-0.0236203745,-0.103693374
60.9045693,-0.0629193112,0.00745472033,-0.0694448575
60.9145273,-0.0596103333,0.0266867373,-0.0376315303
60.9244853,-0.0529212728,0.0188730229,-0.0214914437
60.9344433,-0.0381617658,0.0176663455,-0.0168857723
60.9444003,-0.0122334966,0.0441272482,-0.0126398951
60.9543583,0.0194056556,0.0422614366,-0.00502618402
60.9643163,0.0422811434,0.0229053162,-0.000296942453
60.9742743,0.043553602,0.0203079339,-0.00919216685
60.9842323,0.020762004,0.0326029509,-0.0199460108
60.9941893,-0.0195856858,0.0423879363,-0.0261636935
61.0041473,-0.0556060039,0.0369223319,-0.0364461578
61.0141053,-0.0595027432,0.0261154901,-0.0414012372
61.0240633,-0.0329148062,-0.00329805864,-0.0408294536
61.0340213,-0.00711223809,-0.053364154,-0.0400001481
61.0439783,-0.00239098608,-0.0662743598,-0.0383559093
61.0539363,-0.0150380712,-0.0519811772,-0.0351188369
61.0638943,-0.0298013054,-0.0298369918,-0.0347707644
61.0738523,-0.0381359346,-0.00604244601,-0.0422798134
61.0838103,-0.0341947228,-0.00957273226,-0.0405964293
61.0937673,-0.0313677751,-0.0407231934,-0.0323731191
61.1037253,-0.0273879487,-0.0465696305,-0.0218906514
61.1136833,-0.0230861437,-0.0246558115,-0.0141781373
61.1236413,-0.0303895976,0.010893927,-0.0151555166
61.1335993,-0.0426047184,0.0469384789,-0.0163624622
61.1435573,-0.0603014231,0.0665635839,-0.0216246024
61.1535143,-0.0731288046,0.0892878026,-0.0211620107
61.1634723,-0.0697551146,0.0726369172,-0.0105405254
61.1734303,-0.0596382953,0.0323992185,-0.00138484372
61.1833883,-0.050577689,0.00612846622,0.02100222
61.1933463,-0.039509058,-0.00362482853,0.0382097028
61.2033033,-0.0211391076,-0.00619850727,0.0465637743
61.2132613,0.0125906263,-0.0235077236,0.0410997644
61.2232193,0.0486791208,-0.0496160239,0.0182714146
61.2331773,0.0601469614,-0.0549631156,-0.00940948073
61.243135,0.0454889201,-0.0240193158,-0.0305738878
61.253092,0.00808162894,0.00455826661,-0.0417554379
61.26305,-0.0365090072,0.0205529463,-0.0483675338
61.273008,-0.0718696639,0.0437171198,-0.0514275059
61.282966,-0.0861774981,0.0606233999,-0.0512562618
61.292924,-0.0710134581,0.0483675338,-0.0431703739
61.302881,-0.0321177207,0.0112984609,-0.0379585661
61.312839,0.0151113085,-0.00994637422,-0.0309824161
61.322797,0.0588044599,-0.0149544487,-0.0231985301
61.332755,0.0794093385,-0.00766857248,-0.0210461635
61.342713,0.0751163214,0.00417237449,-0.0253871158
61.35267,0.04215784,0.0138111534,-0.0279320329
61.362628,-0.000857271545,0.00853543077,-0.0271727648
61.372586,-0.0393000022,0.0234424751,-0.0296665486
61.382544,-0.0495028384,0.0539460555,-0.0305493865
61.392502,-0.0407604799,0.0584689006,-0.0348922051
61.402459,-0.0235327557,0.048632782,-0.0369750634
61.412417,-0.00836711936,0.0624705665,-0.037870951
61.422375,-0.00729865907,0.0815420002,-0.0477041379
61.432333,-0.00902891532,0.0846746713,-0.0603421703
61.442291,-0.0153446011,0.0634114593,-0.0715708584
61.452248,-0.0252968352,0.040709611,-0.0766058266
61.462206,-0.0426052511,0.0268060472,-0.0712789744
61.472164,-0.0408134758,0.0266220234,-0.0661989972
61.482122,-0.0255061593,0.0256829932,-0.0699378029
61.49208,-0.00879855175,0.0292713363,-0.0744713023
61.502038,0.0214320552,0.0492200106,-0.075253211
61.511995,0.0427639745,0.0345076434,-0.0603642724
61.521953,0.057665959,-0.00156300922,-0.0245396979
61.531911,0.0814461261,0.00265650311,0.00968218874
61.541869,0.0905863568,0.00653566374,0.0254030954
61.551827,0.0841758624,-0.00559929619,0.023073094
61.561784,0.0472540632,-0.0132835815,0.0218602922
61.571742,-0.00485813851,-0.0115993982,0.0319006741
