"Time (s)","X (µT)","Y (µT)","Z (µT)"
0.0157344167,25.4892426,2.71205902,-43.8254089
0.0256924167,25.5485687,2.68099976,-43.9252625
0.0356504167,25.6103897,2.68718719,-43.8581543
0.0456074167,25.6088867,2.62300873,-43.8610535
0.0555654167,25.5228119,2.68813324,-43.8436279
0.0655234167,25.511055,2.65174103,-44.1167908
0.0754814167,25.511055,2.65174103,-44.1167908
0.0854394167,25.3206711,2.5500412,-43.934845
0.0953974167,25.4731369,2.383461,-43.9389343
0.105354417,25.5814972,2.38578796,-43.8805847
0.115312417,25.4695206,2.57956696,-43.8960571
0.125270417,25.4695206,2.57956696,-43.8960571
0.135228417,25.6725616,2.52363586,-43.8520508
0.145186417,25.4953308,2.54662323,-43.434082
0.155144417,25.5942078,2.80311584,-43.4121704
0.165102417,25.6568756,2.84978485,-43.6021118
0.175059417,25.7024078,2.91158295,-43.7716675
0.185017542,25.5779114,2.93864441,-43.815918
0.194975542,25.5806046,2.84361267,-43.7864075
0.204933542,25.6030731,2.90720367,-43.7483826
0.214891542,25.483017,2.9422226,-43.8609924
0.224849542,25.4089661,2.84210968,-43.9054565
0.234806542,25.4477844,2.92594147,-43.6324158
0.244764542,25.5031052,3.04598236,-43.7165222
0.254722542,25.54216,3.16105652,-43.8200378
0.264680542,25.3685532,3.21311951,-43.8193665
0.274638542,25.3416748,3.08883667,-43.8936462
0.284596542,25.226532,3.10839081,-43.9855347
0.294553542,25.3034821,3.19667053,-43.8581543
0.304511542,25.0980835,3.14642334,-43.8953857
0.314469542,25.3368301,3.282341,-43.8500671
0.324427542,25.1607513,3.21858978,-43.8465881
0.334385542,25.1503677,3.18152618,-43.9460754
0.344343542,25.195961,3.1869278,-43.8851013
0.354301542,25.3157349,3.25218964,-43.8779297
0.364258542,25.2213135,3.21016693,-43.7581482
0.374216542,25.2408447,3.2302475,-43.8009033
0.384174542,25.1506348,3.04238129,-44.056488
0.394132542,25.2923279,2.83514404,-43.7887878
0.404090542,25.187851,2.83891296,-44.0727844
0.414048542,25.2898941,2.9681778,-44.1384277
0.424005542,25.2435837,3.13839722,-44.0176697
0.433963542,25.1298904,3.29524994,-44.1455688
0.443921542,25.0579453,3.40458679,-44.1500244
0.453879542,25.2585068,3.38285065,-44.1065063
0.463837542,25.3553467,3.45218658,-43.8277588
0.473795542,25.3592072,3.55885315,-43.7344666
0.483753542,25.3592072,3.55885315,-43.7344666
0.493710542,25.3585968,3.45118713,-43.701355
0.503668542,25.4687195,3.64594269,-43.7039185
0.513626542,25.5504608,3.57907867,-43.809845
0.523584542,25.7342453,3.5223465,-43.7139893
0.533542542,25.559166,3.51068115,-43.5172424
0.543500542,25.5158539,3.51275635,-43.7127075
0.553458542,25.6533661,3.46901703,-43.7265625
0.563415542,25.3733292,3.49363708,-43.7635803
0.573373542,25.4129562,3.60051727,-43.8156433
0.583331542,25.459671,3.69113922,-43.8970642
0.593289542,25.4548035,3.82949066,-43.7632446
0.603247542,25.5075912,3.77063751,-43.6071777
0.613205542,25.4996796,4.00862122,-43.4054871
0.623162542,25.6553726,4.15756989,-43.4990234
0.633120542,25.7666321,4.2576828,-43.6150818
0.643078542,25.7708054,4.2734375,-43.8067932
0.653036542,25.8485413,4.20843506,-43.740387
0.662994542,25.9456177,4.12807465,-43.5542297
0.672952542,25.9204483,4.09577179,-43.5762634
0.682910542,25.9449463,4.1645813,-43.6557007
0.692867542,26.2502365,3.92311859,-43.8779297
0.702825542,26.2580719,3.84791565,-44.0748901
0.712783542,26.3759842,3.7375412,-44.0125427
0.722741542,26.3733673,3.76992035,-43.9008179
0.732699542,26.1535187,3.85975647,-43.7795715
0.742657542,25.8691101,3.73795319,-43.7797546
0.752615542,25.9213867,3.68016052,-43.8269043
0.762572542,25.6982498,3.62983704,-43.8486023
0.772530542,25.707489,3.61138916,-43.9017639
0.782488542,25.7558823,3.45911407,-43.9647522
0.792446542,25.8609543,3.26752472,-43.7717285
0.802404542,25.8003845,3.25907898,-43.5491638
0.812362542,25.9362335,3.30958557,-43.5821228
0.822320542,25.9734802,3.23927307,-43.8385925
0.832277542,25.9734802,3.23927307,-43.8385925
0.842235542,25.9236603,3.19446564,-43.7843933
0.852193542,25.89711,3.31235504,-43.8239136
0.862151542,25.8714676,3.13639832,-43.6640015
0.872109542,25.8152084,3.18360901,-43.7526245
0.882067542,25.9034805,3.25065613,-43.635437
0.892025542,26.181694,3.25106049,-43.6995239
0.901982542,25.9526138,3.12772369,-43.6545105
0.911940542,25.9477844,3.15345764,-43.6077576
0.921898542,25.843132,3.1647644,-43.694397
0.931856542,25.7489471,3.08161926,-43.7202454
0.941814542,25.8013,3.12722778,-43.6905212
0.951772542,25.6402588,3.14889526,-43.9554443
0.961730542,25.6949005,3.12985992,-43.8855286
0.971687542,25.6610641,3.16388702,-43.801178
0.981645542,25.5801086,3.12971497,-43.7644043
0.991603542,25.5802917,3.09353638,-43.8056641
1.00156154,25.6444244,3.09814453,-43.9315796
1.01151954,25.5700226,3.15518188,-43.9749451
1.02147754,25.4885788,3.01302338,-44.1090698
1.03143554,25.4211655,3.09599304,-44.100769
1.04139254,25.3826904,3.2909317,-44.2479553
1.05135054,25.3143921,3.2842865,-44.1739807
1.06130854,25.2559128,3.43364716,-44.1085815
1.07126654,25.195816,3.70735931,-43.9830017
1.08122454,25.1860809,3.73774719,-44.1040955
1.09118254,25.2071686,3.7760849,-44.4923401
1.10114054,25.1918564,3.85517883,-44.4394226
1.11109854,24.9795914,3.71307373,-44.3866272
1.12105554,25.0004349,3.64215088,-44.499054
1.13101354,24.9783936,3.60839081,-44.5863342
1.14097154,25,3.56591034,-44.4633484
1.15092954,25.1319504,3.6370697,-44.5449219
1.16088754,24.7975235,3.64300537,-44.4047546
1.17084554,24.8810806,3.66704559,-44.491272
1.18080354,24.8810806,3.66704559,-44.491272
1.19076104,24.6575165,3.55657196,-44.4337769
1.20071804,24.8227158,3.5118866,-44.4280396
1.21067604,24.7205505,3.54938507,-44.2147522
1.22063404,24.7720184,3.46916962,-44.5262146
1.23059204,24.7284393,3.59529114,-44.3096619
1.24055004,24.8468475,3.65843964,-44.2585449
1.25050804,24.7988968,3.68492889,-44.3886719
1.26046604,24.8046036,3.52587891,-44.4021301
1.27042404,24.7900543,3.58223724,-44.3510132
1.28038104,24.8131104,3.44065857,-44.3484497
1.29033904,24.7993317,3.37375641,-44.4234924
1.30029704,24.7793121,3.52703094,-44.5248413
1.31025504,24.797226,3.65579224,-44.4812927
1.32021304,24.6656036,3.42367554,-44.6087036
1.33017104,24.7289963,3.53595734,-44.4519653
1.34012904,24.7421112,3.60137939,-44.1050415
1.35008704,24.8758392,3.58528137,-44.1437073
1.36004404,24.9509201,3.42696381,-44.1673279
1.37000204,25.0270844,3.46430969,-44.2154846
1.37996004,24.9013748,3.48090363,-44.1469421
1.38991804,24.8534393,3.48493958,-44.5106201
1.39987604,24.8260727,3.37351227,-44.4942627
1.40983404,24.9981689,3.50075531,-44.4544678
1.41979204,25.0215149,3.32273102,-44.4300842
1.42975004,24.7718201,3.22050476,-44.4239197
1.43970804,24.76754,3.18161011,-44.2200012
1.44966504,24.655899,3.27159119,-44.1713257
1.45962304,24.7969589,3.28018188,-44.2851257
1.46958104,24.6241074,3.29589081,-44.1540833
1.47953904,24.6735077,3.46540833,-44.3211975
1.48949704,24.8100739,3.324646,-44.2849731
1.49945504,24.8849792,3.22447205,-44.415863
1.50941304,24.7251663,3.2943573,-44.3908997
1.51937104,24.8195572,3.21769714,-44.4910278
1.52932804,24.6988602,3.21843719,-44.4492493
1.53928604,24.6988602,3.21843719,-44.4492493
1.54924404,24.6232452,3.29056549,-44.4829407
1.55920204,24.7555771,3.27700043,-44.4683533
1.56916004,24.8130417,3.41448212,-44.5386047
1.57911804,24.7072525,3.3806839,-44.4142456
1.58907604,24.7682419,3.39054871,-44.41745
1.59903404,24.8126068,3.42531586,-44.3838806
1.60899204,24.7762527,3.34352875,-44.4393311
1.61894904,25.0226669,3.09392548,-44.3453979
1.62890704,24.8664703,3.260849,-44.4555054
1.63886504,25.0606384,3.22593689,-44.3594971
1.64882304,24.8700485,3.2440567,-44.1441345
1.65878104,24.9747543,3.32085419,-44.4090576
1.66873904,24.8759537,3.35489655,-44.5609436
1.67869704,24.7186737,3.57369995,-44.297699
1.68865504,24.813179,3.45392609,-44.3675842
1.69861304,24.7603989,3.37056732,-44.2269287
1.70857004,24.7843475,3.47597504,-44.2203979
1.71852804,24.8261795,3.62696075,-44.2272339
1.72848604,24.8630524,3.72270203,-44.3459778
1.73844404,25.0203323,3.74984741,-44.3551331
1.74840204,25.0300827,3.86154938,-44.2453918
1.75836004,24.8661804,3.74425507,-44.0545044
1.76831804,24.7942505,3.85488129,-44.1051331
1.77827604,24.8974152,3.99385071,-44.04422
1.78823404,24.8705902,4.00454712,-44.0187988
1.79819104,24.6794586,4.15645599,-44.0473633
1.80814904,24.8127899,4.37713623,-44.2459106
1.81810704,24.9410553,4.63829803,-44.245575
1.82806504,24.8290329,4.89472198,-44.331543
1.83802304,24.8033142,4.94161224,-44.2037659
1.84798104,24.8012772,5.20530701,-44.3611755
1.85793904,24.7858429,5.35112762,-44.2958069
1.86789704,24.9402084,5.54358673,-44.2251892
1.87785404,25.0168152,5.62335968,-44.0661621
1.88781204,25.0168152,5.62335968,-44.0661621
1.89777004,24.9290466,5.91094208,-44.2483215
1.90772804,25.094986,6.11097717,-44.2368469
1.91768604,25.1091461,6.23139954,-44.0089111
1.92764404,25.1085205,6.28529358,-44.1185608
1.93760204,25.0752182,6.26247406,-44.271637
1.94756004,25.0713425,6.24267578,-44.1776123
1.95751804,25.0260086,6.16747284,-44.1748657
1.96747604,24.9406128,6.36629486,-44.1329041
1.97743304,24.7733002,6.26248169,-44.2270508
1.98739104,24.7374115,6.43721008,-44.2424927
1.99734904,24.8132095,6.34901428,-44.2069702
2.00730704,24.7151718,6.27351379,-44.2749023
2.01726504,24.9597778,6.04865265,-44.3777771
2.02722304,24.8266296,6.13176727,-44.2745667
2.03718104,24.9342041,6.2917099,-44.3576355
2.04713904,24.9520645,6.55883789,-44.0421448
2.05709704,24.9498138,6.49986267,-43.9918518
2.06705404,24.9823685,6.6472702,-43.7705383
2.07701204,25.178299,6.78863525,-43.7210388
2.08697004,25.405899,7.18032074,-43.6651917
2.09692804,25.6781235,7.39998627,-43.6632996
2.10688604,25.5722351,7.57278442,-43.7573853
2.11684404,25.6950607,7.66691589,-43.5158386
2.12680204,25.7262192,7.70149994,-43.1549683
2.13676004,25.72155,7.63716888,-43.2603149
2.14671804,25.64785,7.72601318,-43.1847229
2.15667504,25.6248627,7.75409698,-43.2510376
2.16663304,25.5685883,7.84001923,-43.1695251
2.17659104,25.5321274,7.70449829,-43.3250732
2.18654983,25.4778824,7.70162964,-43.6242065
2.19650783,25.512764,7.46791077,-43.5769043
2.20646583,25.5475159,7.57427216,-43.4970703
2.21642383,25.5309677,7.47782898,-43.6459961
2.22638183,25.5436935,7.47615051,-43.6669617
2.23633983,25.5516663,7.59427643,-43.5044556
2.24629683,25.5516663,7.59427643,-43.5044556
2.25625483,25.312027,7.43357086,-43.5083313
2.26621283,25.3192062,7.27108765,-43.5535583
2.27617083,25.3291473,7.47093201,-43.7342834
2.28612883,25.3565063,7.45716095,-43.798584
2.29608683,25.0573349,7.28114319,-43.7781372
2.30604483,24.9992447,7.37715149,-43.8113098
2.31600283,24.9377365,7.26891327,-44.043335
2.32596083,24.8450089,7.31637573,-43.9217224
2.33591883,24.9929276,7.38554382,-43.739563
2.34587583,25.2177124,7.30662537,-43.7087097
2.35583383,25.1839523,7.18166351,-43.7392578
2.36579183,25.1762924,7.18166351,-43.7767944
2.37574983,25.1580887,7.16342163,-43.6374207
2.38570783,25.0098114,7.14769745,-43.9638062
2.39566583,25.0767288,7.15790558,-44.0091858
2.40562383,24.8957138,7.04593658,-44.0255432
2.41558183,24.8129959,7.01203918,-44.0909119
2.42553983,24.5955658,6.81328583,-44.1629333
2.43549683,24.5024872,6.70194244,-44.2059937
2.44545483,24.4522858,6.70536041,-44.2547607
2.45541283,24.4992523,6.76734161,-43.9413147
2.46537083,24.4133987,6.84488678,-44.120697
2.47532883,24.580368,6.83770752,-44.2300415
2.48528683,24.2247925,6.69597626,-44.3964844
2.49524483,24.3711548,6.65673828,-44.2792358
2.50520283,24.3179169,6.52130127,-44.1004028
2.51516083,24.6013641,6.5754776,-44.3323059
2.52511783,24.52108,6.52133179,-44.2824707
2.53507583,24.4518127,6.48932648,-44.2311096
2.54503383,24.5129318,6.61997223,-44.1942749
2.55499183,24.6290436,6.61114502,-44.1572571
2.56494983,24.6110001,6.46588898,-43.9713135
2.57490783,24.6012497,6.55685425,-44.0196228
2.58486583,24.5895538,6.61553955,-44.1644287
2.59482383,24.5895538,6.61553955,-44.1644287
2.60478183,24.5494232,6.61495972,-44.0478821
2.61473983,24.5233154,6.6844635,-43.9885559
2.62469683,24.529274,6.53158569,-43.8326416
2.63465483,24.3989182,6.53432465,-44.178009
2.64461283,24.2613907,6.4495697,-44.1288757
2.65457083,24.1387863,6.43466187,-44.3252563
2.66452883,24.1810684,6.42196655,-44.1832275
2.67448683,24.0628204,6.44634247,-44.2640381
2.68444483,24.1483688,6.48487854,-44.2221985
2.69440283,24.3604813,6.50828552,-44.1385498
2.70436083,24.3354034,6.53194427,-44.2597656
2.71431783,24.2434006,6.42813873,-44.2862244
2.72427583,24.3318787,6.40408325,-44.096344
2.73423383,24.2793961,6.16092682,-44.2456055
2.74419183,24.2294388,6.11527252,-44.2762451
2.75414983,24.1830292,6.1364975,-44.2377014
2.76410783,24.1537933,6.15061951,-44.1565247
2.77406583,24.2893448,6.19059753,-44.1178284
2.78402383,24.2577362,6.24358368,-44.3132019
2.79398183,24.3320007,6.17890167,-44.2438965
2.80393983,24.3102036,6.13730621,-44.2743835
2.81389683,24.4112015,6.07131195,-44.1882019
2.82385483,24.423172,6.09012604,-44.1278076
2.83381283,24.4782181,6.03952789,-44.2369385
2.84377083,24.5221481,6.06098175,-44.2392883
2.85372883,24.5471039,5.95178223,-44.4112244
2.86368683,24.4248047,6.06374359,-44.1908264
2.87364483,24.6673508,5.98509979,-44.3897705
2.88360283,24.5876465,5.8922348,-44.4746399
2.89356083,24.6645737,5.76808167,-44.2513428
2.90351783,24.64254,5.84731293,-44.1648865
2.91347583,24.6371765,5.85806274,-44.0961914
2.92343383,24.5417252,5.93504333,-44.1016846
2.93339183,24.6432266,5.88258362,-44.113739
2.94334983,24.5168381,5.83089447,-44.399353
2.95330783,24.5168381,5.83089447,-44.399353
2.96326583,24.6349945,5.67062378,-44.359314
2.97322383,24.4474258,5.69759369,-44.3708496
2.98318183,24.5858536,5.6177597,-44.2365112
2.99313983,24.5057678,5.72268677,-44.2376099
3.00309683,24.5485458,5.79406738,-44.1621094
3.01305483,24.5033798,5.65997314,-44.3225708
3.02301283,24.4836731,5.65184784,-44.2577515
3.03297083,24.4856796,5.59302521,-44.2369385
3.04292883,24.4591446,5.51978302,-44.164032
3.05288683,24.3576508,5.48153687,-44.0699768
3.06284483,24.2816315,5.27960205,-44.2521973
3.07280283,24.287262,5.25796509,-44.2966919
3.08276083,24.3128891,5.31117249,-44.3287964
3.09271883,24.3297577,5.54750061,-44.384613
3.10267583,24.3310013,5.56423187,-44.2912903
3.11263383,24.3295517,5.61051941,-44.2242737
3.12259183,24.2038345,5.61089325,-44.1662292
3.13254983,24.2298126,5.4994812,-44.3340149
3.14250783,24.3255692,5.66368103,-44.3855286
3.15246583,24.3149338,5.6796875,-44.4297791
3.16242383,24.1390839,5.46718597,-44.2958069
3.17238183,24.206337,5.43185425,-44.1578674
3.18233983,24.0894089,5.34767151,-44.2479553
3.19229779,24.2979202,5.39568329,-44.3039856
3.20225479,24.42379,5.37789917,-44.1777649
3.21221279,24.382225,5.23956299,-44.0986633
3.22217079,24.3510361,5.23190308,-44.1847534
3.23212879,24.4068222,5.20840454,-43.9240723
3.24208679,24.4479065,5.36267853,-44.0013123
3.25204479,24.417778,5.27070618,-44.0871582
3.26200279,24.3981018,5.25119781,-44.0766907
3.27196079,24.5173492,5.21487427,-44.0770874
3.28191879,24.4628906,5.26461029,-44.0259705
3.29187679,24.6063461,5.30621338,-44.0491028
3.30183379,24.6063461,5.30621338,-44.0491028
3.31179179,24.4698563,5.20233154,-44.0395203
3.32174979,24.5462952,5.10372162,-44.1952515
3.33170779,24.4622421,5.27089691,-44.2362061
3.34166579,24.5473633,5.24407959,-44.0921936
3.35162379,24.3724747,5.26284027,-44.1367493
3.36158179,24.4722748,5.39402008,-44.4476013
3.37153979,24.3780899,5.3832016,-44.2377319
3.38149779,24.4922028,5.3224411,-44.238739
3.39145579,24.3527527,5.33293152,-44.0540771
3.40141279,24.4467087,5.28905487,-44.4718933
3.41137079,24.3894958,5.15138245,-44.1701965
3.42132879,24.405838,5.12523651,-44.1316528
3.43128679,24.5029602,5.21520233,-44.2297974
3.44124479,24.5710907,5.30016327,-43.9514771
3.45120279,24.510231,5.2547226,-44.1500244
3.46116079,24.3954239,5.20358276,-44.1124878
3.47111879,24.4270859,5.28097534,-44.2393188
3.48107679,24.3223724,5.12978363,-44.1440735
3.49103479,24.1851273,5.04946136,-44.2969055
3.50099179,24.2865524,4.99172974,-44.198822
3.51094979,24.410965,5.0715332,-44.1217651
3.52090779,24.3801575,4.97892761,-44.2572021
3.53086579,24.5227127,5.02384186,-44.2605896
3.54082379,24.4945297,5.1700058,-44.1908264
3.55078179,24.5841751,5.30851746,-44.160553
3.56073979,24.4705658,5.25795746,-44.163208
3.57069779,24.4823227,5.2822113,-44.1564331
3.58065579,24.4394836,5.34999084,-44.118103
3.59061379,24.4632034,5.28734589,-44.3645935
3.60057079,24.4953003,5.19687653,-44.4151001
3.61052879,24.4348602,5.24887085,-44.3126221
3.62048679,24.51651,5.20005798,-44.2137756
3.63044479,24.5918427,5.41109467,-44.1760254
3.64040279,24.6903381,5.32609558,-44.153717
3.65036079,24.6903381,5.32609558,-44.153717
3.66031879,24.6044388,5.27862549,-44.1620483
3.67027679,24.5942307,5.43799591,-44.0937195
3.68023479,24.5584335,5.44842529,-44.0050354
3.69019279,24.5198898,5.35147858,-43.9924622
3.70014979,24.6780167,5.37966156,-44.2774963
3.71010779,24.6557693,5.45667267,-44.2683411
3.72006579,24.7467575,5.43834686,-44.081604
3.73002379,24.6241684,5.46188354,-44.1250305
3.73998179,24.7716293,5.45057678,-43.9653625
3.74993979,24.6974411,5.58630371,-43.9060669
3.75989779,24.7540512,5.61889648,-43.9048157
3.76985579,24.7002258,5.55490875,-43.9718323
3.77981379,24.7452621,5.52791595,-44.0218201
3.78977179,24.6095657,5.61045074,-44.1943359
3.79972879,24.6515732,5.49381256,-44.2732849
3.80968679,24.5029068,5.44972229,-44.3137512
3.81964479,24.5619049,5.54090881,-44.3713074
3.82960279,24.6518173,5.57884979,-44.1732483
3.83956079,24.6843109,5.53886414,-44.0200195
3.84951879,24.6772079,5.50691986,-43.8910522
3.85947679,24.7114868,5.43865204,-44.0783081
3.86943479,24.7360077,5.54743195,-44.0746765
3.87939279,24.6636429,5.38150024,-44.1363831
3.88935079,24.8265076,5.54216003,-43.9329529
3.89930779,24.6877136,5.43437195,-43.8661804
3.90926579,24.719368,5.38645935,-44.0285645
3.91922379,24.7101669,5.48996735,-44.0463867
3.92918179,24.6697235,5.42809296,-44.0697937
3.93913979,24.7074356,5.43888855,-43.9032898
3.94909779,24.6956863,5.41385651,-44.14505
3.95905579,24.7414322,5.41099548,-44.0845337
3.96901379,24.4994888,5.30173492,-44.2418213
3.97897179,24.5558395,5.2099762,-44.3306274
3.98892979,24.5569839,5.27154541,-44.4328613
3.99888779,24.5998154,5.1987381,-44.524353
4.00884479,24.5998154,5.1987381,-44.524353
4.01880279,24.5774155,5.23825073,-44.3955078
4.02876079,24.7044449,5.36099243,-44.3869629
4.03871879,24.5973053,5.24492645,-44.2357788
4.04867679,24.6405945,5.2329483,-44.3483276
4.05863479,24.5487671,5.17947388,-44.1855774
4.06859279,24.4737701,5.05831146,-44.1186218
4.07855079,24.4994736,5.06129456,-44.1398315
4.08850879,24.575676,5.00867462,-44.139679
4.09846679,24.7019882,5.0486145,-44.0729675
4.10842379,24.6187057,5.1027832,-44.2888489
4.11838179,24.7074814,5.07756805,-44.2091064
4.12833979,24.683548,5.24996185,-44.1799316
4.13829779,24.7331467,5.18244171,-44.216095
4.14825579,24.4672623,5.01687622,-43.9992981
4.15821379,24.7466049,5.14032745,-43.871521
4.16817179,24.6434097,4.90627289,-44.1158752
4.17812979,24.73452,4.93178558,-44.2857971
4.18808779,24.6026077,4.93637848,-44.2208862
4.19804579,24.6608582,4.99945831,-44.2419434
4.20800279,24.6162338,5.05192566,-44.4133606
4.21796079,24.6865082,5.05098724,-44.2575378
4.22791879,24.5453568,4.89656067,-44.4143066
4.23787679,24.7582474,4.89788055,-44.3239746
4.24783479,24.6538391,4.94107056,-44.1733704
4.25779279,24.6683502,4.78565216,-44.362854
4.26775079,24.7019806,4.85752106,-44.1866455
4.27770879,24.7109299,4.91082001,-44.2124939
4.28766679,24.7818756,4.96385193,-44.2318726
4.29762479,24.8005447,4.98775482,-44.380127
4.30758279,24.6641312,4.91293335,-44.4533081
4.31753979,24.6881638,4.95983124,-44.4437561
4.32749779,24.638504,4.89311981,-44.3535461
4.33745579,24.7064362,5.01717377,-44.4169006
4.34741379,24.5511856,5.02394867,-44.3809814
4.35737179,24.5511856,5.02394867,-44.3809814
4.36732979,24.6321869,5.09210205,-44.1178894
4.37728779,24.6944504,5.03316498,-44.3797607
4.38724579,24.6580582,5.10138702,-44.2656555
4.39720379,24.595047,5.05567932,-44.2735901
4.40716179,24.6098785,4.93538666,-44.2858887
4.41711879,24.8194199,5.02989197,-44.1141663
4.42707679,24.8400345,5.07608795,-44.2101746
4.43703479,24.7535706,5.05854034,-44.1114807
4.44699279,24.8225174,5.17469025,-44.0136414
4.45695079,24.8953323,5.30434418,-44.2033081
4.46690879,25.0083084,5.3338089,-44.0799866
4.47686679,24.933815,5.21086884,-43.9362183
4.48682479,24.8284836,5.21564484,-44.0664368
4.49678279,24.8148956,5.07561493,-44.3321533
4.50674079,24.7345352,4.94190216,-44.4120178
4.51669879,24.698967,4.99486542,-43.9563599
4.52665579,24.5412674,5.14614105,-44.2390747
4.53661379,24.5160599,4.9969101,-44.2640381
4.54657179,24.4448166,4.89901733,-44.2399597
4.55652979,24.6702805,4.89907837,-44.1677246
4.56648779,24.7300873,4.99612427,-44.3381958
4.57644579,24.7831573,4.83792114,-44.1868896
4.58640379,24.645874,5.0112381,-44.0235901
4.59636179,24.5775909,4.90828705,-44.2015991
4.60631979,24.5534592,4.98860931,-44.3180847
4.61627779,24.5859375,4.85083008,-44.5908813
4.62623479,24.4588242,4.98882294,-44.3702393
4.63619279,24.5671463,4.93480682,-44.3127441
4.64615079,24.5936584,5.13883972,-44.4155273
4.65610879,24.6323547,4.99674988,-44.3667908
4.66606679,24.5194397,5.11115265,-44.193512
4.67602479,24.7274246,4.99411011,-44.2593689
4.68598279,24.7677841,5.13083649,-44.5517578
4.69594079,24.7655182,5.11276245,-44.3803406
4.70589879,24.8053207,5.22021484,-44.5158081
4.71585679,24.8053207,5.22021484,-44.5158081
4.72581479,24.8735199,5.07551575,-44.3526611
4.73577179,24.6511078,5.23887634,-44.3625488
4.74572979,24.5255737,5.10554504,-44.2426147
4.75568779,24.7330399,5.14595795,-44.3484802
4.76564579,24.6453781,5.01281738,-44.2369385
4.77560379,24.572876,5.1372757,-44.3148193
4.78556179,24.6613922,5.1889267,-44.2234192
4.79551979,24.7401428,5.14453888,-44.2633667
4.80547779,24.7817841,5.18310547,-44.2464294
4.81543579,24.7126617,5.10344696,-44.3959961
4.82539379,24.652504,5.13768768,-44.2571106
4.83535179,24.7109222,5.22796631,-44.4007874
4.84530879,24.739624,5.19610596,-44.2553711
4.85526679,24.7108459,5.08759308,-44.1557007
4.86522479,24.6906815,5.16360474,-44.1586914
4.87518279,24.7063751,5.116539,-44.384552
4.88514079,24.7685394,5.24675751,-44.3210754
4.89509879,24.7435226,5.19293976,-44.2558289
4.90505679,24.7750397,5.15113068,-44.1529846
4.91501479,24.8654709,5.15912628,-44.3793335
4.92497279,24.9402313,5.10886383,-44.2772217
4.93493079,24.8977432,5.11067963,-44.1030884
4.94488879,24.9104309,5.2016449,-44.3295593
4.95484579,24.8265228,5.0732193,-44.069397
4.96480379,24.7374115,5.09479523,-44.1025391
4.97476179,24.9450912,4.99645996,-43.8341675
4.98471979,24.7454147,4.99768066,-44.0673218
4.99467779,24.9522629,5.07384491,-43.8648071
5.00463579,24.9498291,4.96955109,-43.8535461
5.01459379,24.9921646,5.04003906,-43.8540344
5.02455179,24.9776917,5.15523529,-43.7468262
5.03450979,25.0602188,5.11881256,-43.9257202
5.04446779,24.9344788,4.98361206,-43.9708252
5.05442579,25.0467453,4.91709137,-43.8651428
5.06438279,25.0467453,4.91709137,-43.8651428
5.07434079,24.9553375,5.07776642,-43.8727417
5.08429879,24.9433823,4.9438324,-43.9471741
5.09425679,24.9155121,5.08138275,-43.8905945
5.10421479,25.0661469,5.14788055,-43.8797302
5.11417279,24.8952179,5.03664398,-43.9575806
5.12413079,24.9398575,5.02429199,-44.100708
5.13408879,25.0538864,5.06907654,-44.0512695
5.14404679,25.0335312,4.97808075,-43.9272766
5.15400479,25.0467377,5.10884094,-44.0559387
5.16396279,25.0910187,5.26364899,-43.9805908
5.17391979,24.9562302,5.0980072,-44.0758972
5.18387779,24.9716187,5.19942474,-44.2761536
5.19383567,24.9837418,5.19854736,-44.0508728
5.20379367,24.9059525,5.27549744,-44.0247803
5.21375167,24.8822937,5.1238327,-44.2101746
5.22370967,24.6859894,5.04103851,-44.2752686
5.23366767,24.7608109,5.09033966,-44.0702515
5.24362567,24.8584976,5.14528656,-44.100769
5.25358367,24.7904663,5.18631744,-44.1525879
5.26354167,24.7238083,5.14421844,-44.1800232
5.27349967,24.6998062,5.15675354,-44.187439
5.28345767,24.892662,5.1825943,-43.9985046
5.29341467,24.7963028,5.20600128,-43.9002075
5.30337267,24.9171829,5.1151123,-44.1660767
5.31333067,24.9031906,5.09295654,-43.979187
5.32328867,25.0113449,5.06661224,-43.9716187
5.33324667,24.9917145,5.04810333,-43.8902893
5.34320467,25.0442047,4.96604156,-43.9505615
5.35316267,25.2308273,5.07854462,-43.6403503
5.36312067,25.1530304,5.1370697,-43.8381958
5.37307867,25.1376648,5.2526474,-43.9068909
5.38303667,25.190239,5.19548798,-43.9103088
5.39299467,25.0859451,5.19172668,-43.5738525
5.40295167,25.1999664,5.17204285,-43.7402649
5.41290967,25.1999664,5.17204285,-43.7402649
5.42286767,25.3104095,5.22793579,-43.7967529
5.43282567,25.196846,5.35959625,-43.8782654
5.44278367,25.1832047,5.13167572,-43.7952576
5.45274167,25.2251205,5.20119476,-43.8505249
5.46269967,25.3042755,5.04441071,-43.8412781
5.47265767,25.2318497,5.12657928,-43.9399719
5.48261567,25.3594666,5.25996399,-44.1385498
5.49257367,25.3878098,5.35207367,-43.9691467
5.50253167,25.308342,5.17477417,-43.8116455
5.51248867,25.2730255,5.21787262,-43.973175
5.52244667,25.3473892,5.08956146,-43.86026
5.53240467,25.2271194,5.29779816,-43.894928
5.54236267,25.2601929,5.20095825,-44.0435181
5.55232067,25.2746201,5.31318665,-44.1039734
5.56227867,25.3132858,5.12602997,-44.0073853
5.57223667,25.1218491,5.21883392,-43.9961853
5.58219467,25.1739273,5.27226257,-43.9515686
5.59215267,24.9952621,5.3170166,-43.9247131
5.60211067,25.0606918,5.28435516,-43.9480896
5.61206867,25.0385895,5.27761078,-43.9523926
5.62202567,25.0042114,5.21082306,-44.1301575
5.63198367,25.0778656,5.28005981,-44.2194824
5.64194167,25.0910797,5.33590698,-44.1316833
5.65189967,24.9913254,5.35957336,-44.1145325
5.66185767,24.9749527,5.36439514,-44.1104736
5.67181567,24.9789886,5.29881287,-43.9720459
5.68177367,24.8257446,5.34967804,-44.101593
5.69173167,24.8424759,5.36816406,-44.1051636
5.70168967,24.9271393,5.46101379,-44.1213684
5.71164767,24.9086533,5.34872437,-44.000885
5.72160567,25.032692,5.35881042,-44.1460571
5.73156367,25.004631,5.40827179,-44.2977295
5.74152067,24.9254837,5.32926941,-43.9277954
5.75147867,25.0138779,5.2633667,-44.2689819
5.76143667,24.9777832,5.38143921,-44.3540344
5.77139467,24.9777832,5.38143921,-44.3540344
5.78135267,24.9350433,5.35771179,-44.4119873
5.79131067,24.7632675,5.1763382,-44.3113708
5.80126867,24.8887939,5.33311462,-43.978241
5.81122667,24.8156357,5.35350037,-44.0713501
5.82118467,24.7411957,5.36273956,-44.0405579
5.83114267,24.8360138,5.32135773,-44.2686462
5.84110067,24.8669815,5.31712341,-44.1059875
5.85105767,24.7503281,5.42959595,-43.9410706
5.86101567,24.882431,5.47212219,-43.7627258
5.87097367,24.745697,5.41266632,-44.2069092
5.88093167,24.7683563,5.25659943,-44.134613
5.89088967,24.7671661,5.29351807,-44.1120911
5.90084767,24.8816833,5.37702942,-44.0818176
5.91080567,24.7949753,5.32344818,-44.2707214
5.92076367,24.9028091,5.3486557,-44.1461487
5.93072167,24.9165344,5.41718292,-43.9423828
5.94067967,24.7220917,5.21894836,-44.0532227
5.95063767,24.6815414,5.23223114,-44.0689697
5.96059567,24.6887436,5.14411926,-44.1259155
5.97055267,24.5718079,5.23552704,-44.0702209
5.98051067,24.6149139,5.07826996,-44.1690979
5.99046867,24.4862671,4.99469757,-44.1289368
6.00042667,24.5428543,5.19190216,-44.1125488
6.01038467,24.6311188,5.24040985,-44.2424927
6.02034267,24.7338257,5.20503998,-44.2470093
6.03030067,24.7695312,5.22878265,-44.2865906
6.04025867,24.7245483,5.20585632,-44.3457031
6.05021667,24.7856369,5.27791595,-44.3671875
6.06017467,24.8722916,5.28388977,-44.4057312
6.07013267,24.7483368,5.1993103,-44.3791504
6.08009067,24.6687012,5.11598206,-44.244812
6.09004767,24.7274399,4.87225342,-44.217926
6.10000567,24.7111664,4.9189682,-44.2615662
6.10996367,24.6276779,4.99571991,-44.2842102
6.11992167,24.6276779,4.99571991,-44.2842102
6.12987967,24.7337723,5.0340271,-44.4087219
6.13983767,24.8100967,5.14071655,-44.3716431
6.14979567,24.8668518,5.13840485,-44.2749023
6.15975367,24.8074646,5.14672089,-44.1590271
6.16971167,24.7189407,4.9757843,-44.0825195
6.17966967,24.6634445,4.92835236,-43.7969971
6.18962779,24.7201996,4.73273468,-43.6757507
6.19958579,24.7629623,4.81547546,-43.8170166
6.20954279,24.8042984,4.74719238,-43.9492798
6.21950079,24.7936249,4.80185699,-44.0327454
6.22945879,24.6731644,4.69935608,-44.1169434
6.23941679,24.784668,4.72386932,-44.1737366
6.24937479,24.7624588,4.74515533,-44.2687683
6.25933279,24.9056549,4.89093018,-44.2297974
6.26929079,24.8080139,4.98941803,-44.228363
6.27924879,24.8653717,5.09855652,-43.9427795
6.28920679,24.7703171,5.0512619,-43.9101257
6.29916479,24.7472534,4.85761261,-43.7666931
6.30912279,24.7181168,4.99391937,-44.0647278
6.31908079,24.801918,4.97338867,-43.8916016
6.32903779,24.6507568,4.9744339,-43.7697754
6.33899579,24.7353592,4.98953247,-43.8309937
6.34895379,24.708313,5.00009155,-43.9660339
6.35891179,24.73983,4.96755981,-43.9789429
6.36886979,24.7342606,5.02947998,-44.1344604
6.37882779,24.8102875,4.95948029,-43.8868713
6.38878579,24.8781281,4.91731262,-43.9394531
6.39874379,24.9002075,4.95425415,-43.9280701
6.40870179,24.780365,4.87019348,-44.0954895
6.41865979,24.6529617,4.77350616,-44.0335388
6.42861779,24.685051,4.80495453,-43.8480225
6.43857579,24.6484146,4.78496552,-43.9631348
6.44853279,24.6747665,4.79801178,-44.0611267
6.45849079,24.7176971,4.8712616,-44.0794067
6.46844879,24.6008759,4.8097229,-43.9842529
6.47840679,24.6008759,4.8097229,-43.9842529
6.48836479,24.6868362,4.84031677,-44.0630188
6.49832279,24.6285324,4.7166214,-44.0908203
6.50828079,24.6841812,4.7173996,-44.1109924
6.51823879,24.7096558,4.78728485,-44.1174622
6.52819679,24.6348419,4.79964447,-43.8787842
6.53815479,24.7391739,4.93350983,-43.8948975
6.54811279,24.6542053,4.83175659,-43.8878479
6.55807079,24.7673035,4.91963959,-43.8779907
6.56802779,24.8899078,4.8868103,-43.7082825
6.57798579,24.8662949,4.86901855,-43.8123474
6.58794379,25.0872574,4.86508942,-43.9247131
6.59790179,25.0552216,4.99569702,-43.969635
6.60785979,24.9984894,5.05600739,-43.9099121
6.61781779,24.8916702,4.98793793,-44.0539246
6.62777579,24.8435516,4.93068695,-43.9795227
6.63773379,24.7574844,4.88903809,-43.8387146
6.64769179,24.8024063,4.87876892,-44.0515747
6.65764979,24.6557846,4.7676239,-43.9225464
6.66760779,24.6502914,4.78276062,-43.9446411
6.67756579,24.5538025,4.64571381,-44.0126343
6.68752279,24.4689026,4.80651093,-44.1343689
6.69748079,24.5048981,4.65625763,-44.0725098
6.70743879,24.2636566,4.43122864,-44.3890991
6.71739679,24.393074,4.21840668,-44.3792114
6.72735479,24.2397842,4.12745667,-44.3048706
6.73731279,24.2281723,3.88555908,-44.3807068
6.74727079,23.9575119,3.795578,-44.3901367
6.75722879,24.0493927,3.81769562,-44.3994446
6.76718679,24.062561,3.86705017,-44.3764038
6.77714479,24.1807098,3.76265717,-44.4513855
6.78710279,24.0350876,3.75597382,-44.2813721
6.79706079,24.1972656,3.68838501,-44.5302429
6.80701879,24.1903381,3.96435547,-44.743988
6.81697579,24.2664413,4.06072235,-44.5490112
6.82693379,24.2664413,4.06072235,-44.5490112
6.83689179,24.2955246,3.97374725,-44.2869873
6.84684979,24.444809,4.13722992,-44.327179
6.85680779,24.4646301,4.12216949,-44.4850464
6.86676579,24.3258362,4.14759064,-44.5842285
6.87672379,24.3358002,4.21575928,-44.4501038
6.88668179,24.3442764,4.2986908,-44.3643188
6.89663979,24.3214417,4.37905121,-44.5066528
6.90659779,24.31633,4.46161652,-44.3700867
6.91655579,24.3795166,4.53894043,-44.3309326
6.92651379,24.2128448,4.52806854,-44.3583679
6.93647079,24.2701035,4.4212265,-44.3409119
6.94642879,24.2513275,4.51654816,-44.4656067
6.95638679,24.1287003,4.46070099,-44.5588684
6.96634479,24.0158463,4.47589874,-44.4242859
6.97630279,23.9837112,4.42366791,-44.6216125
6.98626079,24.0674133,4.50593567,-44.4966736
6.99621879,24.0337372,4.65487671,-44.6964417
7.00617679,24.2183914,4.617836,-44.5426025
7.01613479,24.1665649,4.48441315,-44.5106201
7.02609279,23.9662094,4.47377777,-44.568512
7.03605079,24.0464172,4.50672913,-44.7010803
7.04600879,24.0892181,4.46420288,-44.6963501
7.05596679,24.185791,4.44013214,-44.6013794
7.06592379,24.0210495,4.33931732,-44.7559814
7.07588179,24.0051575,4.41754913,-44.62146
7.08583979,23.9622803,4.34892273,-44.7329407
7.09579779,23.8861084,4.43023682,-44.5032349
7.10575579,23.847641,4.39772034,-44.7546692
7.11571379,23.9066315,4.54074097,-44.7889099
7.12567179,23.8523331,4.30966187,-44.7878723
7.13562979,24.0098877,4.40569305,-44.7720642
7.14558779,23.9431686,4.51380157,-44.4688721
7.15554579,23.9714127,4.45986938,-44.6364441
7.16550379,23.9347,4.5555191,-44.446991
7.17546179,23.9347,4.5555191,-44.446991
7.18541979,23.90625,4.55471802,-44.4910889
7.19537629,23.8797531,4.46884155,-44.3697205
7.20533429,24.0520325,4.45948792,-44.6428833
7.21529229,24.0354156,4.44499207,-44.5098572
7.22525029,24.0577621,4.45695496,-44.6836853
7.23520829,23.9523544,4.33881378,-44.7776184
7.24516629,24.0627975,4.41677856,-44.7767334
7.25512429,24.0679321,4.54505157,-44.5662842
7.26508229,24.2508926,4.7078476,-44.5283508
7.27504029,24.1509094,4.81000519,-44.4992065
7.28499829,24.2560959,4.9260025,-44.4240417
7.29495629,24.2729797,4.94844818,-44.4489441
7.30491429,24.0851669,5.08024597,-44.3803101
7.31487129,24.1551132,5.33690643,-44.4759521
7.32482929,24.1042862,5.28426361,-44.5465088
7.33478729,24.0888214,5.34402466,-44.6599121
7.34474529,24.0595093,5.43436432,-44.6429138
7.35470329,24.0871277,5.54237366,-44.6500244
7.36466129,24.213501,5.40725708,-44.4943542
7.37461929,24.3429489,5.43476105,-44.3100891
7.38457729,24.5039673,5.39028931,-44.2008972
7.39453529,24.6442184,5.41574097,-44.3099365
7.40449329,24.8671188,5.36614227,-44.278595
7.41445129,24.8732834,5.40034485,-44.1057739
7.42440929,25.0446701,5.60526276,-43.9199829
7.43436729,25.010376,5.70417023,-44.1089172
7.44432429,25.1412506,5.73334503,-43.9860535
7.45428229,25.1408386,5.86166382,-44.1573486
7.46424029,25.0046616,5.85876465,-44.0150146
7.47419829,24.8909531,5.87897491,-44.0406799
7.48415629,24.9403,5.95573425,-44.1310425
7.49411429,25.0371933,5.90769958,-44.013092
7.50407229,24.9122314,5.68778229,-44.2047119
7.51403029,25.0578308,5.61837006,-44.144165
7.52398829,25.0565414,5.54576874,-43.9888611
7.53394629,25.0565414,5.54576874,-43.9888611
7.54390429,25.0182953,5.60108185,-44.1566162
7.55386229,24.8707962,5.54972076,-44.2418518
7.56382029,24.8701172,5.58608246,-44.0279236
7.57377729,24.7182083,5.75611115,-44.2635803
7.58373529,24.7805405,5.89020538,-44.3562927
7.59369329,24.6755905,5.9223938,-44.3512878
7.60365129,24.7414551,5.81138611,-44.2822266
7.61360929,24.5766449,5.91770172,-44.457489
7.62356729,24.5855637,5.90140533,-44.3214111
7.63352529,24.4231033,5.97718048,-44.2938843
7.64348329,24.4736252,5.94251251,-44.6582947
7.65344129,24.3001633,6.21033478,-44.3265381
7.66339929,24.3475571,6.15596008,-44.1580811
7.67335729,24.3252182,6.40270996,-44.3175049
7.68331529,24.4383011,6.52174377,-44.3272705
7.69327329,24.2526245,6.62636566,-44.3630676
7.70323029,24.3321152,6.70297241,-44.3359375
7.71318829,24.3770523,6.82897186,-44.3941956
7.72314629,24.2705536,7.04514313,-44.5498657
7.73310429,24.2040787,7.23855591,-44.4638367
7.74306229,24.155632,7.40727997,-44.8096008
7.75302029,24.158905,7.5446167,-44.7637634
7.76297829,24.2109756,7.66187286,-44.6863708
7.77293629,24.2057953,7.54008484,-44.6519775
7.78289429,24.1490326,7.67149353,-44.6272278
7.79285229,24.1545486,7.83061981,-44.8233032
7.80281029,24.0075836,7.74690247,-44.8562622
7.81276829,24.0613556,7.83922577,-44.8732605
7.82272629,24.1163864,7.76156616,-44.9944458
7.83268329,24.0014572,7.90447998,-44.9310608
7.84264129,24.0015945,8.01004028,-44.9969177
7.85259929,23.9150543,7.93857574,-44.9402466
7.86255729,23.7980042,7.86460114,-44.8894348
7.87251529,23.6232071,7.7600708,-44.8974609
7.88247329,23.6232071,7.7600708,-44.8974609
7.89243129,23.5879898,7.64851379,-45.0241699
7.90238929,23.5306625,7.76374817,-45.0293579
7.91234729,23.4473495,7.65341187,-45.1473083
7.92230529,23.2810287,7.49279022,-45.172821
7.93226329,23.2344971,7.4467392,-45.2204895
7.94222129,23.1647186,7.37566376,-45.1626892
7.95217829,23.2358017,7.27892303,-45.2080688
7.96213629,23.2707138,7.2633667,-44.9752808
7.97209429,23.2809753,7.16326904,-45.0255127
7.98205229,23.5664673,7.07563782,-44.9084473
7.99201029,23.5578079,7.08170319,-44.9958496
8.00196829,23.5737686,7.30155945,-45.0519714
8.01192629,23.4847717,7.32410431,-45.1387024
8.02188429,23.5396118,7.13132477,-44.9848328
8.03184229,23.5437622,7.25566101,-45.1639404
8.04180029,23.553093,7.3589859,-45.3169861
8.05175829,23.3377762,7.34262085,-45.1251221
8.06171629,23.4251404,7.33246613,-45.2834167
8.07167429,23.5494003,7.21141815,-45.2613525
8.08163229,23.8231506,7.20231628,-45.1547241
8.09158929,23.6400223,7.21469116,-45.1704407
8.10154729,23.9317932,7.08972168,-45.0578003
8.11150529,23.8319473,7.26161957,-44.9745483
8.12146329,23.9107208,7.41294861,-44.9315491
8.13142129,23.8684845,7.37941742,-44.8659058
8.14137929,23.8300476,7.27481842,-45.0290527
8.15133729,23.9381943,7.31244659,-45.0382996
8.16129529,23.7790298,7.37033081,-45.1712646
8.17125329,23.8814163,7.08956909,-45.1083679
8.18121129,23.8772812,6.93504333,-45.2419128
8.19116929,23.6650238,6.7416687,-45.3734131
8.20112783,23.4516678,6.80303955,-45.6080322
8.21108583,23.4644547,6.83937836,-45.7559509
8.22104283,23.106926,6.71679688,-45.6776733
8.23100083,22.9094162,6.65183258,-45.8302917
8.24095883,22.9094162,6.65183258,-45.8302917
8.25091683,22.5067749,6.62260437,-45.8718567
8.26087483,22.1129837,6.47784424,-46.410675
8.27083283,21.8893814,6.38973999,-46.3701782
8.28079083,21.5764847,6.27827454,-46.5722351
8.29074883,21.4897995,6.41827393,-46.6046753
8.30070683,21.3048096,6.49781036,-46.7633362
8.31066483,21.1017227,6.74493408,-46.7030029
8.32062283,20.9192505,7.0760498,-46.8586121
8.33058083,20.7037811,7.20374298,-46.9352722
8.34053883,20.5382538,7.48983002,-46.7200928
8.35049583,20.476532,7.57157898,-46.7722168
8.36045383,20.4783478,7.61811829,-46.651825
8.37041183,20.3770981,7.74014282,-46.6739502
8.38036983,20.4550781,8.0072937,-46.8085022
8.39032783,20.5055161,8.25274658,-46.8096313
8.40028583,20.5162048,8.31826019,-46.723053
8.41024383,20.3718567,8.60074615,-46.4822083
8.42020183,20.6048813,8.66309357,-46.4614868
8.43015983,20.520813,8.82954407,-46.4474182
8.44011783,20.6254501,9.18571472,-46.5145874
8.45007583,20.682457,9.39039612,-46.3064575
8.46003383,21.0221329,9.55158997,-46.2197571
8.46999183,21.2564087,9.58158112,-46.0802002
8.47994983,21.6634216,9.50449371,-45.8364563
8.48990683,21.9523621,9.61296844,-45.4439087
8.49986483,22.2309036,9.74861145,-45.1833191
8.50982283,22.4150238,9.89459991,-45.3725281
8.51978083,22.5958405,9.74223328,-45.2767029
8.52973883,22.6792908,9.58113861,-45.0968018
8.53969683,22.8678131,9.51828766,-45.2928162
8.54965483,22.7904358,9.37922668,-45.1134338
8.55961283,22.8698807,9.24404907,-45.1768188
8.56957083,22.8290863,9.06268311,-45.287262
8.57952883,22.7604599,8.93621826,-45.3397827
8.58948683,22.7604599,8.93621826,-45.3397827
8.59944483,22.7924118,8.95127106,-45.3009338
8.60940283,22.7775192,8.91899872,-45.5613403
8.61935983,22.6926727,8.80384827,-45.7290955
8.62931783,22.6658554,8.85718536,-45.6070251
8.63927583,22.6221161,8.71127319,-45.4324036
8.64923383,22.7431946,8.89754486,-45.4529114
8.65919183,22.7351456,8.96045685,-45.5629883
8.66914983,22.6626282,8.94571686,-45.5022583
8.67910783,22.6605835,9.04987335,-45.3935242
8.68906583,22.5210037,8.99469757,-45.5361328
8.69902383,22.4678726,9.1009903,-45.6469421
8.70898183,22.2678375,9.05452728,-45.6584473
8.71893983,22.1320343,8.98574066,-45.5663452
8.72889783,22.1479416,9.07627106,-45.5799866
8.73885583,22.0491409,8.99395752,-45.5739136
8.74881283,21.8233109,9.08834839,-45.5846863
8.75877083,21.6938019,9.12841797,-45.7625732
8.76872883,21.6154709,9.32250214,-45.9430542
8.77868683,21.4392776,9.30484772,-45.9310608
8.78864483,21.4766388,9.32907867,-46.0794983
8.79860283,21.5447388,9.46507263,-46.0506287
8.80856083,21.4498291,9.57403564,-46.0478821
8.81851883,21.6040192,9.55115509,-45.7616272
8.82847683,21.6544876,9.57733917,-45.8654785
8.83843483,21.7897186,9.65705109,-45.8534851
8.84839283,21.8584366,9.8242569,-45.9204712
8.85835083,22.0297775,9.78934479,-45.6176453
8.86830883,22.0045929,9.77661133,-45.4884338
8.87826683,22.1467819,9.74519348,-45.4064331
8.88822383,22.2610703,9.80479431,-45.6101074
8.89818183,22.4229355,9.68852997,-45.4579163
8.90813983,22.3013611,9.52999878,-45.5700378
8.91809783,22.3232422,9.51583862,-45.6315613
8.92805583,22.3316422,9.43759155,-45.571106
8.93801383,22.3316422,9.43759155,-45.571106
8.94797183,22.3191681,9.40494537,-45.5597229
8.95792983,22.1820374,9.24704742,-45.5131836
8.96788783,22.3356171,9.15054321,-45.3787231
8.97784583,22.397934,9.186203,-45.5145264
8.98780383,22.4024887,9.21850586,-45.5123291
8.99776183,22.3753967,9.11354065,-45.6149902
9.00771983,22.4402542,9.02109528,-45.5441895
9.01767683,22.4892807,9.07345581,-45.4129028
9.02763483,22.5622025,9.20752716,-45.5075073
9.03759283,22.5196381,9.22722626,-45.4871521
9.04755083,22.5317841,9.10112762,-45.4622498
9.05750883,22.5863876,9.03171539,-45.5792542
9.06746683,22.6673431,8.9757843,-45.556427
9.07742483,22.6615219,8.70842743,-45.6285706
9.08738283,22.6028061,8.63441467,-45.5062561
9.09734083,22.5925903,8.63359833,-45.6096802
9.10729883,22.6459351,8.51577759,-45.7590637
9.11725683,22.5918732,8.32878876,-45.8414612
9.12721483,22.5205078,8.17082977,-46.0032349
9.13717283,22.5680771,8.01844025,-46.0742188
9.14712983,22.6791763,7.84231567,-46.0332031
9.15708783,22.7162018,7.91914368,-46.0771484
9.16704583,22.8025818,7.74485016,-45.821991
9.17700383,22.7276154,7.5736618,-45.8026123
9.18696183,22.6922455,7.48616791,-46.0050049
9.19691929,22.7262878,7.2713623,-46.2070923
9.20687729,22.7296906,7.03522491,-46.3989868
9.21683529,22.7864685,6.80381775,-46.200592
9.22679329,22.8265381,6.69853973,-45.994751
9.23675129,22.9551773,6.69329834,-45.8606567
9.24670929,22.864769,6.38950348,-45.8544617
9.25666729,22.9406357,6.34514618,-45.7712402
9.26662529,22.9982529,6.26765442,-45.8763733
9.27658329,22.9850388,6.16996002,-46.0374146
9.28654029,22.9230957,6.27696991,-46.127655
9.29649829,22.9230957,6.27696991,-46.127655
9.30645629,22.8794403,6.1259613,-46.1715698
9.31641429,22.7805099,6.08332062,-46.168457
9.32637229,22.7530365,5.84107208,-46.3121033
9.33633029,22.7211914,5.71834564,-46.0888367
9.34628829,22.8630219,5.527565,-46.2146301
9.35624629,22.9325867,5.53504181,-46.2466736
9.36620429,23.2017822,5.27700806,-46.1057129
9.37616229,23.2236328,5.13948059,-46.2235718
9.38612029,23.3527374,4.81361389,-46.0823059
9.39607829,23.302269,4.76442719,-46.1112061
9.40603629,23.2804108,4.83350372,-46.1750793
9.41599329,23.1336136,4.65100098,-46.2319946
9.42595129,23.1942139,4.4114151,-46.215271
9.43590929,23.1811829,4.3374176,-46.1967773
9.44586729,23.2820663,3.99941254,-46.0449219
9.45582529,23.2324677,3.87411499,-46.27771
9.46578329,23.3428726,3.75047302,-46.0681763
9.47574129,23.4872665,3.52207947,-46.0007324
9.48569929,23.4922867,3.48457336,-45.94104
9.49565729,23.4496078,3.52838898,-46.2115173
9.50561529,23.3514862,3.36634827,-46.4204407
9.51557329,23.2928314,3.14740753,-46.2763672
9.52553129,23.1020432,3.08181763,-46.3245239
9.53548929,22.9621811,2.93894196,-46.4205322
9.54544629,22.9214478,2.94405365,-46.5488892
9.55540429,23.0011215,2.77152252,-46.5306396
9.56536229,23.1921997,2.72392273,-46.3781738
9.57532029,23.1529922,2.9491272,-46.402771
9.58527829,22.9663544,2.95648193,-46.4897766
9.59523629,23.1090698,3.09431458,-46.4390869
9.60519429,23.1887665,3.19538879,-46.4065857
9.61515229,23.1453552,3.29621887,-46.5230713
9.62511029,22.9956665,3.3878479,-46.5149841
9.63506829,23.0864868,3.6370697,-46.6092529
9.64502629,23.0864868,3.6370697,-46.6092529
9.65498429,22.9796829,3.62900543,-46.5680847
9.66494229,22.9053802,3.72503662,-46.6421509
9.67490029,22.8307037,3.66085052,-46.789856
9.68485829,22.8098984,3.48809052,-46.5657043
9.69481529,22.8780289,3.39312744,-46.6185913
9.70477329,23.0534973,3.31627655,-46.4579163
9.71473129,23.1181946,3.39658356,-46.5247803
9.72468929,23.322113,3.25445557,-46.3625183
9.73464729,23.2703705,3.24545288,-46.1117859
9.74460529,23.495079,3.05776215,-46.0820618
9.75456329,23.538269,3.11795807,-46.1174622
9.76452129,23.559082,3.06919098,-46.3462524
9.77447929,23.5530014,3.03076935,-46.5129089
9.78443729,23.7574997,2.814888,-46.4592285
9.79439529,23.7428894,2.96229553,-46.41922
9.80435329,23.852478,2.81128693,-46.293457
9.81431129,23.5837021,2.79878998,-46.3992615
9.82426829,23.5178528,2.83950043,-46.4541931
9.83422629,23.4208755,2.76017761,-46.4953003
9.84418429,23.3051834,2.80389404,-46.6915283
9.85414229,23.2289658,2.74721527,-46.532135
9.86410029,23.240097,2.88253784,-46.4830933
9.87405829,23.1744843,2.98668671,-46.6506958
9.88401629,23.0164871,3.07959747,-46.6118164
9.89397429,22.8259506,3.0657959,-46.8153992
9.90393229,22.8729172,3.1061554,-46.6900024
9.91389029,22.7896881,3.23487854,-46.7754517
9.92384829,22.8287201,3.03601837,-46.7637329
9.93380629,22.783432,3.02733612,-46.8640747
9.94376429,23.1429291,2.88339996,-46.7705078
9.95372129,23.1700974,2.94316864,-46.616394
9.96367929,23.2674332,3.02598572,-46.4863892
9.97363729,23.3642273,2.83669281,-46.6294861
9.98359529,23.5004349,2.82497406,-46.4867249
9.99355329,23.5004349,2.82497406,-46.4867249
10.0035113,23.6884155,2.89109039,-46.3623352
10.0134693,23.6396332,2.85180664,-46.285553
10.0234273,23.8370743,2.83156586,-46.1669312
10.0333853,23.8865967,2.83982086,-46.1827087
10.0433433,23.7037735,2.9380722,-46.2174377
10.0533013,23.6458588,3.09532166,-46.2126465
10.0632593,23.4583206,2.97729492,-46.1762085
10.0732173,23.5397263,2.82948303,-46.2529907
10.0831753,23.4027252,2.70597076,-46.3846741
10.0931323,23.1530838,2.65817261,-46.6342163
10.1030903,23.1927338,2.31619263,-46.7710876
10.1130483,23.0250931,2.1799469,-46.8256226
10.1230063,22.8790512,2.12819672,-46.7375793
10.1329643,22.4721451,2.00621796,-46.9344788
10.1429223,22.3646088,1.96476746,-47.0910034
10.1528803,22.0104752,1.95359802,-47.3305969
10.1628383,21.9014664,2.02236176,-47.4223633
10.1727963,21.5432434,2.22641754,-47.4346008
10.1827543,21.3731537,2.35836792,-47.5671997
10.1927123,21.1496353,2.63282013,-47.8291931
10.2026705,21.1227417,2.79031372,-47.6357422
10.2126285,21.0707016,2.86236572,-47.5608521
10.2225855,21.353035,2.72445679,-47.4338684
10.2325435,21.3115616,2.87342072,-47.6864929
10.2425015,21.7173462,2.79508972,-47.6188049
10.2524595,21.7720337,2.78188324,-47.5930481
10.2624175,22.1157532,2.93254852,-47.3262939
10.2723755,22.0995331,3.18742371,-47.3088074
10.2823335,22.1112671,3.36618042,-47.4599609
10.2922915,22.0067673,3.65326691,-47.5395203
10.3022495,21.9303055,3.76702118,-47.4561462
10.3122075,21.7662125,3.69404602,-47.461792
10.3221655,21.7126846,3.74649048,-47.5724487
10.3321235,21.7397919,3.43634033,-47.6846008
10.3420815,21.8084564,3.45729065,-47.5400696
10.3520395,21.8084564,3.45729065,-47.5400696
10.3619965,21.9262924,3.44133759,-47.4056091
10.3719545,22.0189056,3.30297852,-47.4791565
10.3819125,22.4946442,3.32810211,-47.2268372
10.3918705,22.792038,3.14958954,-47.015686
10.4018285,23.2347794,3.12837219,-46.6979065
10.4117865,23.6728363,3.09369659,-46.5136108
10.4217445,24.1691666,3.08244324,-46.5826111
10.4317025,24.5101471,3.06971741,-46.4351501
10.4416605,24.8635635,3.00712585,-46.2506714
10.4516185,25.1267014,3.01919556,-46.0793152
10.4615765,25.3520203,3.21068573,-45.9786987
10.4715345,25.5048752,3.01821136,-46.0432434
10.4814925,25.5890121,3.05558014,-45.8238831
10.4914495,25.6749268,3.1805954,-45.7651672
10.5014075,25.6994858,3.33153534,-45.7956238
10.5113655,25.7622147,3.45213318,-45.6904907
10.5213235,25.8951035,3.6007843,-45.4060059
10.5312815,25.9073639,3.71471405,-45.4558411
10.5412395,25.9522476,4.05900574,-45.7015686
10.5511975,25.9744797,4.16053772,-45.691864
10.5611555,26.0470657,4.43008423,-45.6289368
10.5711135,26.0879288,4.7207489,-45.4984741
10.5810715,26.2916794,5.04650879,-45.5749207
10.5910295,26.2772675,5.31565857,-45.4912109
10.6009875,26.3801956,5.4983139,-45.4496765
10.6109455,26.4606476,5.62639618,-45.2944641
10.6209025,26.6923904,5.62646484,-45.2819214
10.6308605,26.8256073,5.82450104,-45.4662781
10.6408185,26.9556961,5.86206055,-45.2002563
10.6507765,27.1279755,5.94696808,-45.2914429
10.6607345,27.143219,6.05917358,-45.3630066
10.6706925,27.2903137,6.15226746,-45.3703308
10.6806505,27.2840958,5.90167236,-45.348114
10.6906085,27.2554398,6.03295135,-45.381897
10.7005665,27.2554398,6.03295135,-45.381897
10.7105245,27.1728287,6.08698273,-45.5166931
10.7204825,27.2387314,6.07145691,-45.2070618
10.7304405,26.9848785,6.20970154,-45.5558777
10.7403985,27.0088806,6.20170593,-45.6699524
10.7503565,26.852829,6.23309326,-45.792572
10.7603135,26.8710022,6.27684021,-45.7478943
10.7702715,26.7604141,6.25324249,-45.7859802
10.7802295,26.8646088,6.29000854,-45.7963867
10.7901875,26.9743423,6.08848572,-45.7745056
10.8001455,27.1629715,6.01534271,-45.5552673
10.8101035,27.3514175,5.96041107,-45.6135254
10.8200615,27.6081696,5.81285095,-45.5974121
10.8300195,27.8429337,5.77863312,-45.5307312
10.8399775,27.9515228,5.51773834,-45.4371033
10.8499355,28.0208435,5.3824234,-45.3491211
10.8598935,28.1176376,5.41623688,-45.4337769
10.8698515,28.0157089,5.20506287,-45.5406799
10.8798095,27.8381729,4.91157532,-45.51651
10.8897675,27.8525467,4.87932587,-45.8987732
10.8997245,27.8572006,4.66027832,-45.9949951
10.9096825,27.8104019,4.40808868,-46.0467224
10.9196405,27.8004303,4.08531189,-45.9109802
10.9295985,27.71035,3.55277252,-46.3164978
10.9395565,27.7943497,3.36314392,-46.2617188
10.9495145,27.9531555,3.02227783,-46.2355042
10.9594725,27.9491577,2.53959656,-46.2598877
10.9694305,28.0440521,2.35749054,-46.2372437
10.9793885,28.1571121,2.06987762,-46.3275452
10.9893465,27.9597626,1.89664459,-46.4282532
10.9993045,28.0408554,1.72840881,-46.1401367
11.0092625,28.0997162,1.80286407,-46.0926208
11.0192205,28.121666,1.58760071,-46.0401001
11.0291785,27.9952545,1.65568542,-46.1255493
11.0391355,28.1430206,1.68403625,-46.378418
11.0490935,27.9780884,1.60945129,-46.460083
11.0590515,27.9780884,1.60945129,-46.460083
11.0690095,28.1999359,1.579216,-46.3564148
11.0789675,28.0715714,1.65214539,-46.2927246
11.0889255,28.2107697,1.67243195,-46.3641052
11.0988835,27.9250183,2.03018188,-46.3741455
11.1088415,27.8311539,2.27288055,-46.6645203
11.1187995,27.4119339,2.48033142,-46.899353
11.1287575,27.1983032,2.52240753,-47.0462036
11.1387155,26.8954544,2.59481812,-47.2964783
11.1486735,26.5234375,2.71169281,-47.5864868
11.1586315,26.1534653,2.49009705,-47.7819824
11.1685885,25.971138,2.5328598,-47.9032898
11.1785465,25.925705,2.57362366,-48.0799561
11.1885045,25.9566803,2.53240967,-47.9603271
11.1984628,26.1326599,2.36439514,-47.9717102
11.2084208,26.4422531,2.33435059,-47.8758545
11.2183788,26.6905365,2.49510193,-47.7612
11.2283368,26.7738113,2.51293182,-47.6535034
11.2382948,26.8325424,2.49261475,-47.6574097
11.2482528,27.0594635,2.68125153,-47.5483093
11.2582108,27.0281067,2.60346222,-47.4821472
11.2681688,27.0912476,2.50869751,-47.6738892
11.2781268,27.197998,2.5341568,-47.5709839
11.2880848,27.2817612,2.33412933,-47.4810181
11.2980418,27.3334808,2.33786011,-47.5503845
11.3079998,27.4720993,2.3919754,-47.4908142
11.3179578,27.375267,2.47214508,-47.4710693
11.3279158,27.4979401,2.47424316,-47.3572998
11.3378738,27.3633957,2.53618622,-47.2869263
11.3478318,27.4229202,2.75431824,-47.3151855
11.3577898,27.4880753,2.86253357,-47.050293
11.3677478,27.6898041,2.89789581,-47.1207581
11.3777058,27.744072,3.08639526,-47.2322388
11.3876638,27.9852295,3.20505524,-47.231781
11.3976218,27.9341736,3.23924255,-47.1698303
11.4075798,27.9341736,3.23924255,-47.1698303
11.4175378,27.7493515,3.13163757,-47.1311035
11.4274958,27.9498749,3.18127441,-47.0005493
11.4374528,27.9430008,3.49384308,-47.1780396
11.4474108,27.9374161,3.64652252,-47.0310669
11.4573688,27.8032608,3.82309723,-47.1253052
11.4673268,27.8048477,3.86203766,-47.2362366
11.4772848,27.62043,3.8731308,-47.3414917
11.4872428,27.6340942,4.06047821,-47.3188477
11.4972008,27.5054169,4.22529602,-47.5071716
11.5071588,27.5083389,4.30471802,-47.4062805
11.5171168,27.440155,4.29801941,-47.5646362
11.5270748,27.3410416,3.99635315,-47.6077271
11.5370328,27.2493515,4.09555054,-47.8362732
11.5469908,27.3774796,4.13381958,-47.8146667
11.5569488,27.2255096,4.02145386,-47.8190308
11.5669058,27.294426,4.08634186,-47.7346191
11.5768638,27.0978775,4.08817291,-47.6271057
11.5868218,27.0698853,4.18778992,-47.3614197
11.5967798,27.1246948,4.1674118,-47.5679626
11.6067378,27.1645584,4.35526276,-47.5267639
11.6166958,27.1508102,4.46517944,-47.5479126
11.6266538,27.2066498,4.26280975,-47.4062805
11.6366118,26.932869,4.20615387,-47.6011353
11.6465698,26.8567429,4.07157898,-47.7611389
11.6565278,26.626297,3.93669891,-47.7826843
11.6664858,26.4351883,3.93049622,-47.7180481
11.6764438,26.2046051,3.87265015,-47.8166504
11.6864018,25.9952164,3.72108459,-47.965271
11.6963598,25.8262024,3.85669708,-47.8146973
11.7063168,25.6329651,3.84013367,-48.1884155
11.7162748,25.2695618,4.07078552,-48.0839844
11.7262328,24.9797211,4.33916473,-48.040802
11.7361908,24.7060699,4.53403473,-48.0605469
11.7461488,24.4858398,4.73364258,-48.0714722
11.7561068,24.5068741,4.90835571,-48.0988159
11.7660648,24.5068741,4.90835571,-48.0988159
11.7760228,24.5106201,5.01856232,-48.0666504
11.7859808,24.6166229,5.24346924,-47.8084717
11.7959388,24.7826309,5.30174255,-47.6665955
11.8058968,25.219574,5.241539,-47.4471741
11.8158548,25.2950134,5.39128876,-47.4032288
11.8258128,25.5805359,5.32328796,-47.0253601
11.8357708,25.9118118,5.29917908,-46.9212646
11.8457278,26.0089569,5.16346741,-46.5891113
11.8556858,26.0439835,5.2381134,-46.5899048
11.8656438,26.1853104,5.09544373,-46.6029663
11.8756018,26.0409241,4.94896698,-46.8530273
11.8855598,26.0173721,4.66711426,-46.9358215
11.8955178,25.7658539,4.77659607,-46.8174133
11.9054758,25.760994,4.72770691,-47.0142822
11.9154338,25.4015121,4.78830719,-46.9347229
11.9253918,25.333168,4.74811554,-46.8858032
11.9353498,25.0090485,5.00504303,-46.6769714
11.9453078,24.9055023,5.24115753,-46.8362732
11.9552658,24.7370758,5.48500061,-46.7730713
11.9652238,24.7914658,5.78993225,-46.7389832
11.9751818,24.6462479,5.92378998,-46.6956482
11.9851388,24.7469254,5.96046448,-46.8959961
11.9950968,25.1067352,5.91486359,-46.3577881
12.0050548,25.2229614,5.84146118,-46.0940552
12.0150128,25.581459,5.81835938,-45.9242859
12.0249708,25.7993088,5.7128067,-45.785553
12.0349288,25.9701004,5.68503571,-45.6400452
12.0448868,26.1239624,5.80374908,-45.5711975
12.0548448,26.1427307,5.73371124,-45.4505615
12.0648028,26.1385117,5.58504486,-45.3166504
12.0747608,26.2728348,5.52671051,-45.1553955
12.0847188,26.2127457,5.43598938,-45.1916504
12.0946768,26.0997086,5.2215271,-45.0418701
12.1046348,25.8521652,5.03652954,-45.2791443
12.1145918,25.8521652,5.03652954,-45.2791443
12.1245498,25.8533478,4.93862152,-45.1560669
12.1345078,25.6628876,4.89420319,-45.2387085
12.1444658,25.6194382,4.84564972,-45.256012
12.1544238,25.5143814,4.82629395,-45.3179932
12.1643818,25.3487778,4.76974487,-45.4040833
12.1743398,25.1402283,4.69521332,-45.3856812
12.1842978,24.9331665,4.56407166,-45.5857849
12.1942558,24.8320541,4.41521454,-45.6657104
12.2042136,24.8424911,4.30742645,-45.6376038
12.2141716,24.7990265,4.10111237,-45.7227783
12.2241296,24.7646484,3.73100281,-45.8878174
12.2340876,24.7134323,3.49133301,-45.7486267
12.2440456,24.8992996,3.37428284,-45.4020081
12.2540026,24.8013916,3.13175964,-45.6290283
12.2639606,24.9581833,2.8667984,-45.6971741
12.2739186,24.9773331,2.63466644,-45.535675
12.2838766,25.1523895,2.4865036,-45.3586731
12.2938346,25.055542,2.28924561,-45.5799866
12.3037926,25.3181,2.19065857,-45.6530762
12.3137506,25.1455688,1.9360733,-45.5044861
12.3237086,25.3156586,1.74206543,-45.3420715
12.3336666,25.336937,1.52835846,-45.3092651
12.3436246,25.4829407,1.26566315,-45.1253052
12.3535826,25.4494324,1.05543518,-45.0113525
12.3635406,25.5209274,0.834609985,-45.1585388
12.3734986,25.6391068,0.525810242,-45.0523376
12.3834556,26.0066833,0.436157227,-44.950592
12.3934136,26.050148,0.194602966,-45.0299988
12.4033716,26.2134323,-0.117156982,-44.9423218
12.4133296,26.2984695,-0.39515686,-44.7829285
12.4232876,26.5073776,-0.523872375,-44.6392822
12.4332456,26.6467209,-0.811958313,-44.4112244
12.4432036,26.7320404,-1.06167603,-44.3916321
12.4531616,26.6670837,-1.21914673,-44.4766235
12.4631196,26.6670837,-1.21914673,-44.4766235
12.4730776,26.7468338,-1.1920166,-44.7326355
12.4830356,26.577301,-1.20185852,-44.6233521
12.4929936,26.4676132,-1.31357574,-44.6116028
12.5029516,26.4381485,-1.3729248,-44.6172485
12.5129096,26.4334869,-1.33454132,-44.651825
12.5228666,26.4231339,-1.52668762,-44.3793945
12.5328246,26.5147705,-1.60822296,-44.4146729
12.5427826,26.5723801,-1.70380402,-44.4873657
12.5527406,26.5999985,-1.96792603,-44.4120789
12.5626986,26.7203217,-2.12033081,-44.4456482
12.5726566,27.0153351,-2.31372833,-44.2630615
12.5826146,27.0056534,-2.39885712,-44.1435242
12.5925726,27.0139542,-2.46029663,-44.1471558
12.6025306,26.9659042,-2.41889191,-44.0896301
12.6124886,26.7762527,-2.67965698,-44.1204224
12.6224466,26.6400604,-2.74999237,-44.4698792
12.6324046,26.4880371,-2.64580536,-44.5194092
12.6423626,26.2377014,-2.63034058,-44.5554199
12.6523196,26.159935,-2.65994263,-44.6534424
12.6622776,26.1318283,-2.62351227,-44.6382141
12.6722356,25.9897537,-2.78379822,-44.7450256
12.6821936,26.2085495,-2.88155365,-44.6131897
12.6921516,26.2693024,-2.93936157,-44.597168
12.7021096,26.2128372,-3.20046234,-44.6408386
12.7120676,26.1822433,-3.21224976,-44.73703
12.7220256,26.4511871,-3.15538788,-44.6468201
12.7319836,26.341713,-3.28488159,-44.6125488
12.7419416,26.3405304,-3.48235321,-44.3528442
12.7518996,26.1953888,-3.45669556,-44.5507812
12.7618576,26.1156998,-3.64345551,-44.5633545
12.7718156,25.9549942,-3.52497101,-44.7681274
12.7817726,25.8904266,-3.62646484,-44.8125305
12.7917306,25.6811295,-3.60038757,-45.1915588
12.8016886,25.7060699,-3.67557526,-45.1024475
12.8116466,25.6991959,-3.80315399,-45.3135376
12.8216046,25.6991959,-3.80315399,-45.3135376
12.8315626,25.7852325,-3.82952118,-45.1636047
12.8415206,25.771553,-3.70587921,-45.171051
12.8514786,25.6533203,-3.66682434,-45.4038391
12.8614366,25.5912781,-3.46838379,-45.3453369
12.8713946,25.662796,-3.47066498,-45.538208
12.8813526,25.5157166,-3.36552429,-45.6631775
12.8913106,25.5229568,-3.49756622,-45.5688782
12.9012686,25.5352783,-3.31143188,-45.4312744
12.9112266,25.4979477,-3.21187592,-45.5486145
12.9211836,25.3851166,-3.24673462,-45.6902466
12.9311416,25.4132233,-3.12557983,-45.6506042
12.9410996,25.5402222,-3.03969574,-45.6790161
12.9510576,25.6459961,-3.02566528,-45.627533
12.9610156,25.8021545,-2.86752319,-45.3239136
12.9709736,25.783638,-2.71659088,-45.5039978
12.9809316,25.7886581,-2.65491486,-45.4144287
12.9908896,25.9367981,-2.7256546,-45.4528198
13.0008476,26.0777054,-2.6474762,-45.2902222
13.0108056,26.2172241,-2.61275482,-45.4694824
13.0207636,26.2626724,-2.39917755,-45.3415833
13.0307216,26.3205185,-2.29909515,-45.3479004
13.0406796,26.4028931,-2.31586456,-45.4060669
13.0506376,26.4429932,-2.21559906,-45.5805969
13.0605946,26.5284576,-2.02533722,-45.6273804
13.0705526,26.4314423,-2.05477142,-45.6661682
13.0805106,26.5065613,-1.9776001,-45.4990845
13.0904686,26.3974304,-1.87497711,-45.5448303
13.1004266,26.3589935,-1.68823242,-45.9455566
13.1103846,25.9945831,-1.48132324,-46.0400696
13.1203426,25.9756851,-1.46755981,-46.1521301
13.1303006,25.9001236,-1.50410461,-46.0627441
13.1402586,25.7881927,-1.44920349,-46.1170044
13.1502166,25.6080551,-1.20188904,-46.3891296
13.1601746,25.4544373,-1.12347412,-46.3339539
13.1701326,25.4544373,-1.12347412,-46.3339539
13.1800906,25.257576,-0.95664978,-46.4765015
13.1900476,25.2361298,-0.952423096,-46.6160583
13.200006,25.1740875,-0.850028992,-46.7958374
13.209964,25.0775986,-0.801483154,-46.9682312
13.219922,24.9404526,-0.632003784,-47.1430969
13.22988,24.9303741,-0.447799683,-46.9385986
13.239838,24.7338181,0.0785827637,-47.046875
13.249796,24.5466995,0.46635437,-47.1260071
13.259754,24.4441681,0.707115173,-47.4581299
13.269712,24.5872421,0.9373703,-47.1107483
13.27967,24.9821243,1.0663681,-46.9642944
13.289628,25.2359924,1.22005463,-47.0441895
13.299586,25.5992889,1.31922913,-47.0226746
13.309544,25.9022522,1.31970978,-46.8085327
13.319502,26.2950745,1.20691681,-46.7106934
13.329459,26.5526276,1.24085999,-46.5958252
13.339417,26.9052048,1.04011536,-46.4482727
13.349375,27.0288773,1.01287842,-46.3869019
13.359333,27.1444092,0.993011475,-46.4936829
13.369291,27.0941849,1.02855682,-46.3645325
13.379249,27.0349121,1.11013794,-46.4421692
13.389207,26.984581,1.12663269,-46.6513977
13.399165,26.9200134,1.26942444,-46.6399231
13.409123,26.8906097,1.38872528,-46.8345032
13.419081,26.9429321,1.56018829,-46.8657837
13.429039,26.850708,1.55112457,-46.9398499
13.438997,26.6567688,1.65181732,-46.9077148
13.448955,26.8259735,1.67671967,-46.9179688
13.458912,26.9261475,1.7495575,-46.7731628
13.46887,27.1277924,1.8744812,-46.7796326
13.478828,27.3312759,1.93768311,-46.7069092
13.488786,27.2612534,2.16808319,-46.6239624
13.498744,27.4734192,2.37586212,-46.6384888
13.508702,27.43853,2.37458801,-46.6876831
13.51866,27.43853,2.37458801,-46.6876831
13.528618,27.5346527,2.49242401,-46.4943848
13.538576,27.632637,2.40014648,-46.5912781
13.548534,27.736763,2.45433044,-46.7171631
13.558492,27.4682388,2.77578735,-46.9704285
13.56845,27.2186966,2.84237671,-46.9317932
13.578408,27.0977402,3.00769806,-47.2455444
13.588366,26.8724213,3.12656403,-47.2785034
13.598323,26.7249527,3.3615036,-47.1601257
13.608281,26.6811371,3.54005432,-47.278717
13.618239,26.6556244,3.59181213,-47.3803711
13.628197,26.6398544,3.77224731,-47.4478455
13.638155,26.4288559,3.90730286,-47.5877686
13.648113,26.6286316,4.0743103,-47.6128235
13.658071,26.4682465,3.99125671,-47.5495911
13.668029,26.4762955,3.97086334,-47.6430664
13.677987,26.632515,3.99306488,-47.6369629
13.687945,26.9981766,4.04357147,-47.6639709
13.697903,27.122139,3.87994385,-47.5836182
13.707861,26.8306274,3.90106201,-47.7806702
13.717819,26.9395294,3.77542114,-47.598114
13.727777,26.9593277,3.84278107,-47.6463928
13.737734,26.7247086,3.80709839,-47.869812
13.747692,26.7913284,3.75979614,-47.7133789
13.75765,26.7815247,3.7273407,-47.9240723
13.767608,26.8040466,3.57852936,-48.06604
13.777566,26.8553162,3.6521225,-47.7878723
13.787524,26.8913193,3.44554901,-47.8092346
13.797482,26.8500366,3.46394348,-47.7462158
13.80744,26.8896561,3.39508057,-47.8432922
13.817398,26.9486694,3.304245,-48.1018982
13.827356,26.7427979,3.32352448,-48.2556458
13.837314,26.9594955,3.147789,-48.1382141
13.847272,27.064476,3.0615387,-47.8761902
13.85723,26.9013443,3.01711273,-48.2394714
13.867188,26.7714233,2.8339386,-48.3707886
13.877145,26.7714233,2.8339386,-48.3707886
13.887103,26.8000107,2.83548737,-48.2601929
13.897061,26.9492722,2.60520935,-48.3070374
13.907019,26.9502029,2.37363434,-48.1017151
13.916977,27.0625763,2.1459198,-48.3303528
13.926935,27.106102,2.04823303,-48.2581482
13.936893,27.0389557,2.02966309,-48.2929993
13.946851,27.1152115,1.96770477,-48.3178101
13.956809,26.8972549,1.8400116,-48.5028381
13.966767,26.8496094,1.86009979,-48.5441284
13.976725,26.7177429,1.80236816,-48.5588074
13.986683,26.6723251,1.76457977,-48.6113281
13.996641,26.5995941,1.51250458,-48.4201355
14.006599,26.6524963,1.32180023,-48.413269
14.016557,26.6727676,1.2616806,-48.5955811
14.026514,26.9190369,1.06556702,-48.4842529
14.036472,26.902153,1.05736542,-48.5878601
14.04643,26.8944473,1.0111618,-48.599884
14.056388,26.8112869,1.00520325,-48.6057434
14.066346,26.8844757,1.04049683,-48.5415039
14.076304,26.6973724,1.00143433,-48.5456238
14.086262,26.6425018,0.993385315,-48.6299744
14.09622,26.6434097,1.01449585,-48.836731
14.106178,26.5256271,0.862724304,-48.9419861
14.116136,26.6121063,0.713806152,-48.7840576
14.126094,26.2725296,0.687850952,-48.8170776
14.136052,26.2214661,0.67440033,-48.835083
14.14601,26.1530838,0.473968506,-48.8484192
14.155968,26.0569458,0.423065186,-48.9923096
14.165925,26.0815201,0.329299927,-49.2260742
14.175883,26.0534973,0.270355225,-49.1572571
14.185841,26.1705093,0.33341217,-49.0438538
14.195799,26.2810745,0.250343323,-48.9967957
14.2057563,26.3342972,0.297554016,-48.9616394
14.2157143,26.3189087,0.352256775,-49.0153503
14.2256723,26.3189087,0.352256775,-49.0153503
14.2356303,26.3153,0.400138855,-49.228363
14.2455883,26.4837723,0.339836121,-49.0383911
14.2555463,26.4932709,0.455627441,-48.8577271
14.2655043,26.5068207,0.548667908,-48.9627686
14.2754623,26.4005737,0.546348572,-49.0917664
14.2854203,26.2023697,0.791343689,-49.1643677
14.2953783,26.1246567,0.795509338,-49.1815796
14.3053363,26.0204926,0.741600037,-49.3029785
14.3152933,25.8974228,0.745658875,-49.1979675
14.3252513,25.9056473,0.701835632,-49.4889832
14.3352093,25.8865814,0.767860413,-49.3457947
14.3451673,25.8439636,0.537284851,-49.2051086
14.3551253,25.9882584,0.665748596,-49.3146667
14.3650833,26.2150116,0.792640686,-49.1809692
14.3750413,26.2526855,0.848762512,-49.3515015
14.3849993,26.403923,0.932243347,-49.0554199
14.3949573,26.47686,1.00656128,-49.1862488
14.4049153,26.6178131,0.983016968,-49.131134
14.4148733,26.7210541,1.38636017,-49.1120605
14.4248313,26.9345398,1.54034424,-49.071991
14.4347893,26.7494583,1.49871063,-49.2008667
14.4447473,26.8665695,1.65897369,-48.8997803
14.4547053,26.8880157,1.772789,-48.9165344
14.4646633,26.8123474,1.77708435,-48.7223206
14.4746203,26.8094025,1.69340515,-48.9561768
14.4845783,26.846344,1.7956543,-48.9382019
14.4945363,26.6679993,1.67060852,-49.0230103
14.5044943,26.6468124,1.62327576,-48.8727112
14.5144523,26.4675522,1.66856384,-49.0386047
14.5244103,26.4136887,1.68708801,-49.1455994
14.5343683,26.0368195,1.7382431,-49.3328857
14.5443263,25.8974991,1.85794067,-49.5309753
14.5542843,25.8223267,1.99646759,-49.5939636
14.5642423,25.6039886,2.03780365,-49.5108337
14.5742003,25.4740448,1.93101501,-49.7006531
14.5841583,25.4740448,1.93101501,-49.7006531
14.5941163,25.307869,1.9372406,-49.8155212
14.6040743,25.2967987,1.77606964,-49.9046936
14.6140313,25.3817825,1.68723297,-49.6967163
14.6239893,25.2216721,1.69789886,-49.7560425
14.6339473,25.1669769,1.70709229,-49.7851562
14.6439053,25.1172104,1.80007935,-49.9633179
14.6538633,24.9367523,2.04020691,-50.1236877
14.6638213,24.8337936,2.17900085,-50.0167542
14.6737793,24.6532364,2.28781891,-49.9226685
14.6837373,24.6298065,2.60928345,-49.8971863
14.6936953,24.2730942,2.86599731,-50.3182678
14.7036533,24.2907257,3.21789551,-50.2486877
14.7136113,24.2155685,3.10334015,-50.1401672
14.7235693,24.2751083,3.26052856,-50.2133179
14.7335273,24.4043121,3.3598175,-50.0879822
14.7434853,24.5699921,3.37857819,-49.858429
14.7534433,24.7824631,3.44869232,-49.9460754
14.7634013,25.0146942,3.44849396,-49.5958557
14.7733593,25.3109894,3.44494629,-49.5963135
14.7833163,25.5778275,3.36723328,-49.3880005
14.7932743,25.6331329,3.39601135,-49.3610229
14.8032323,25.7978897,3.27674866,-49.2865906
14.8131903,25.703476,3.0349884,-49.5411682
14.8231483,25.6411133,3.08487701,-49.4821777
14.8331063,25.5856171,3.07595062,-49.6040955
14.8430643,25.491684,3.17613983,-49.8580627
14.8530223,25.3194275,3.19766998,-49.8754272
14.8629803,25.3194275,3.19766998,-49.8754272
14.8729383,25.3812943,3.24815369,-49.9450989
14.8828963,25.5265884,3.33328247,-49.9147644
14.8928543,25.5350876,3.40783691,-49.7285767
14.9028123,25.7389526,3.62820435,-49.7390137
14.9127703,25.8038177,3.60997009,-49.6802063
14.9227283,26.0277786,3.90830231,-49.5847473
14.9326863,26.0277786,3.90830231,-49.5847473
14.9426433,25.9305649,3.91374207,-49.6967468
14.9526013,25.9943848,4.24514771,-49.605957
14.9625593,26.1022491,4.36693573,-49.5103455
14.9725173,26.0242081,4.31864166,-49.2649841
14.9824753,26.0063095,4.57463837,-49.2398682
14.9924333,25.9318161,4.75662231,-49.3580322
15.0023913,25.9195709,4.91904449,-49.4313354
15.0123493,26.0262604,5.26887512,-49.3695374
15.0223073,26.1287842,5.41121674,-49.1265564
15.0322653,26.1854782,5.45716858,-49.25177
15.0422233,26.2982559,5.60926056,-49.3964844
15.0521813,26.0966721,5.79315948,-49.2386475
15.0621393,25.8549118,5.90642548,-49.3437805
15.0720973,25.8789139,5.95134735,-49.3764038
15.0820553,26.0556793,6.16877747,-49.5305481
15.0920133,26.0020752,6.23957062,-49.4133606
15.1019713,25.9764175,6.37781525,-49.3830872
15.1119283,25.9947205,6.48656464,-49.2657166
15.1218863,26.0040131,6.45298004,-49.0925598
15.1318443,25.9858017,6.26170349,-49.1512146
15.1418023,25.9908447,6.17608643,-48.9479065
15.1517603,26.0340958,6.10442352,-49.2330322
15.1617183,26.0148926,6.07821655,-49.1094971
15.1716763,26.0617371,5.86549377,-49.4210815
15.1816343,26.1739349,5.85832977,-49.3446045
15.1915923,26.1475983,5.64633942,-49.3144836
15.2015505,26.2529831,5.41994476,-49.3452759
15.2115085,26.3647003,5.47103882,-49.3445435
15.2214665,26.3617172,5.38470459,-49.1725464
15.2314245,26.5468216,5.21499634,-49.239624
15.2413825,26.5281906,5.04071045,-49.0786438
15.2513405,26.565155,4.83613586,-49.2657166
15.2612985,26.7199707,4.67552948,-49.2195435
15.2712565,26.8710861,4.46295929,-49.2304382
15.2812145,26.965004,4.47125244,-49.155304
15.2911715,26.965004,4.47125244,-49.155304
15.3011295,27.0087662,4.38119507,-49.4031677
15.3110875,27.100441,4.28631592,-49.3038025
15.3210455,27.1225967,4.24855804,-49.3876648
15.3310035,27.3719025,4.46559906,-49.2116089
15.3409615,27.4245071,4.41333771,-49.2388916
15.3509195,27.5942459,4.68864441,-49.2180786
15.3608775,27.6221771,4.47662354,-49.1647339
15.3708355,27.7505264,4.51509094,-49.0123596
15.3807935,27.6930161,4.60112,-49.1777039
15.3907515,27.647995,4.60448456,-49.2552185
15.4007095,27.6792068,4.70905304,-49.2914734
15.4106675,27.512764,4.49938202,-49.4037781
15.4206255,27.4998703,4.40509796,-49.2637634
15.4305835,27.6222992,4.22950745,-49.3748779
15.4405415,27.7229004,4.04860687,-49.2942505
15.4504995,27.9496384,3.85805511,-49.2268982
15.4604575,28.0143967,3.80044556,-49.267334
15.4704145,28.033287,3.52942657,-49.4613342
15.4803725,28.200592,3.42984772,-49.4066772
15.4903305,28.2749634,3.21138763,-49.1736755
15.5002885,28.0023727,3.06339264,-49.5137634
15.5102465,27.7595291,2.96475983,-49.5493469
15.5202045,27.7854691,2.71048737,-49.5986328
15.5301625,27.647438,2.49739838,-49.5869446
15.5401205,27.5891647,2.13626862,-49.6087341
15.5500785,27.5489578,1.95436859,-49.8674927
15.5600365,27.2952728,1.98445892,-50.120636
15.5699945,27.3628006,1.98925018,-50.2290649
15.5799525,27.2631454,1.83379364,-50.5127563
15.5899105,27.2364197,1.86024475,-50.5160522
15.5998685,27.3844833,1.82614136,-50.2991638
15.6098265,27.481163,1.8826828,-50.4595032
15.6197845,27.5087128,1.87561798,-50.0958252
15.6297425,27.4202957,1.71234131,-50.4606934
15.6396995,27.4202957,1.71234131,-50.4606934
15.6496575,27.5137711,1.68556213,-50.4137878
15.6596155,27.4503021,1.6968689,-50.5678711
15.6695735,27.453186,1.78049469,-50.5541687
15.6795315,27.3560028,1.70935822,-50.860199
15.6894895,27.3181992,1.73524475,-50.7010803
15.6994475,27.1600113,2.00066376,-50.7949829
15.7094055,27.2649612,2.02262878,-50.7975159
15.7193635,27.2655716,1.85519409,-50.9671936
15.7293215,27.2764511,1.88523102,-50.9118347
15.7392795,27.1806717,1.82795715,-50.8710632
15.7492375,27.1747971,1.87763214,-51.0698242
15.7591955,27.2010574,1.92491913,-51.3780212
15.7691535,27.2351456,1.81483459,-51.2301331
15.7791115,27.14991,1.84827423,-51.4373779
15.7890695,27.1430664,2.06021881,-51.418457
15.7990275,27.1293182,2.20614624,-51.5111694
15.8089855,27.2068939,2.25060272,-51.5533447
15.8189435,27.3352051,2.45256805,-51.6283264
15.8289005,27.2782364,2.58370209,-51.7558594
15.8388585,27.3336105,2.60603333,-51.5697327
15.8488165,27.4291153,2.77332306,-51.5343018
15.8587745,27.5059738,2.79128265,-51.4640808
15.8687325,27.4996643,2.61623383,-51.6977844
15.8786905,27.4960098,2.58846283,-51.9353027
15.8886485,27.5204086,2.64045715,-52.012207
15.8986065,27.6017838,2.56985474,-51.9678955
15.9085645,27.5880814,2.51065063,-51.9881592
15.9185225,27.3068161,2.41786194,-52.0551453
15.9284805,27.2861328,2.46955109,-52.3365784
15.9384385,27.0561523,2.38103485,-52.4045715
15.9483965,26.8289108,2.34681702,-52.5604858
15.9583545,26.7252731,2.23841858,-52.661499
15.9683125,26.5193634,2.16322327,-52.8019104
15.9782705,26.4423676,2.29794312,-52.9193115
15.9882285,26.5570908,2.12818146,-53.0818481
15.9981865,26.5897522,2.12811279,-52.9675293
16.0081445,26.589325,2.12322998,-53.30896
16.0181015,26.7170639,1.93453979,-53.2679138
16.0280595,26.8104553,1.99092865,-53.3973083
16.0380175,26.903244,1.86011505,-53.5870361
16.0479755,26.8638458,2.05521393,-53.4422607
16.0579335,26.9167862,2.20275116,-53.461853
16.0678915,26.8019791,2.64201355,-53.682373
16.0778495,26.6522369,3.18669128,-53.8235168
16.0878075,26.4207535,3.70745087,-53.9285583
16.0977655,26.2654572,3.94165802,-54.2203674
16.1077235,26.2605667,4.3514328,-53.9347229
16.1176815,26.4108124,4.33267975,-53.9772339
16.1276395,26.6709442,4.50422668,-53.8180847
16.1375975,26.8329849,4.41724396,-53.8829346
16.1475555,27.2095566,4.63500977,-53.4706726
16.1575135,27.4888916,4.66096497,-53.6233521
16.1674715,27.92276,4.82019043,-53.1836243
16.1774295,28.2652512,4.81804657,-53.1465454
16.1873875,28.6627655,4.98257446,-52.9051819
16.1973455,28.7683411,5.19851685,-52.7359314
16.2073038,28.9943924,5.26584625,-52.8842163
16.2172608,28.8807907,5.27696228,-53.071106
16.2272188,28.6528015,5.22561646,-52.9171753
16.2371768,28.6158752,5.19875336,-53.0049744
16.2471348,28.4612961,5.31170654,-53.158905
16.2570928,28.5026245,5.39609528,-53.2132263
16.2670508,28.6506195,5.59636688,-53.4283142
16.2770088,28.6474915,5.74913788,-53.3763123
16.2869668,28.9549713,5.95632935,-53.2087402
16.2969248,29.1281052,6.02275085,-52.9361877
16.3068828,29.2275696,6.33958435,-52.8078918
16.3168408,29.4759674,6.5633316,-52.7420349
16.3267988,29.6524277,6.70787811,-52.7340698
16.3367568,29.7336884,6.99559021,-52.7340393
16.3467148,29.7336884,6.99559021,-52.7340393
16.3566728,29.7040939,7.09641266,-52.6414185
16.3666308,29.915802,7.2437973,-52.4549255
16.3765888,29.8491135,7.34848022,-52.5863037
16.3865468,29.7706909,7.53177643,-52.2887878
16.3965048,29.8838882,7.65593719,-52.2618408
16.4064628,29.8386688,7.74604034,-52.0608215
16.4164198,29.9363251,7.88302612,-52.1116028
16.4263778,30.0395126,7.99633026,-52.2411194
16.4363358,29.926178,8.147995,-52.3435669
16.4462938,29.9784775,8.3645401,-52.3797607
16.4562518,29.8419876,8.39512634,-52.1578064
16.4662098,29.857399,8.54354858,-52.1081543
16.4761678,29.6455612,8.79642487,-52.4299316
16.4861258,29.6018295,8.75711823,-52.4395752
16.4960838,29.4720306,8.75125885,-52.6062927
16.5060418,29.4802399,8.83515167,-52.2764282
16.5159998,29.4283676,8.67637634,-52.3557129
16.5259578,29.4450455,8.63634491,-52.1571655
16.5359158,29.4121857,8.62947083,-52.5603943
16.5458738,29.5421982,8.72673798,-52.3301086
16.5558318,29.3227081,8.61656189,-52.5001831
16.5657898,29.4102783,8.59601593,-52.2327271
16.5757478,29.4809952,8.39910126,-52.2606201
16.5857058,29.5047226,8.36743164,-52.0108948
16.5956638,29.2904282,8.22131348,-52.020813
16.6056218,29.4293823,8.00363159,-52.004364
16.6155798,29.5358124,7.85411072,-51.9637451
16.6255368,29.4873199,7.68798828,-51.8034668
16.6354948,29.5605469,7.54376984,-52.0170593
16.6454528,29.5168839,7.5186615,-51.9772644
16.6554108,29.4071808,7.47071075,-52.2357483
16.6653688,29.3145142,7.23691559,-52.1524048
16.6753268,29.3300934,7.06485748,-52.2860718
16.6852848,29.2700806,6.93754578,-52.1384583
16.6952428,29.2700806,6.93754578,-52.1384583
16.7052008,29.249054,6.44178009,-52.0390015
16.7151588,29.4299622,6.06452942,-51.9811096
16.7251168,29.3404388,5.8451767,-52.0267029
16.7350748,29.3355789,5.79546356,-52.0058289
16.7450328,29.4816208,5.76652527,-51.7658691
16.7549908,29.3920135,5.79334259,-51.8140259
16.7649488,29.197876,6.02507019,-51.5548706
16.7749068,29.1049042,6.35964203,-51.5681458
16.7848648,28.9775162,6.51095581,-51.6669922
16.7948228,28.8161316,6.67909241,-51.8409729
16.8047808,28.8503647,6.98458099,-51.6997986
16.8147388,28.9882202,7.05548096,-51.6660767
16.8246968,29.0762711,6.8868866,-51.5377808
16.8346548,29.284523,6.72749329,-51.5741577
16.8446118,29.5286942,6.67811584,-51.4159241
16.8545698,29.6957779,6.67513275,-51.3065796
16.8645278,29.928009,6.61282349,-51.2256165
16.8744858,29.885437,6.42098999,-51.2294617
16.8844438,29.9272232,6.51966858,-51.1123657
16.8944018,29.8462296,6.4003067,-51.0622253
16.9043598,29.5999374,6.35954285,-51.1599121
16.9143178,29.2845688,6.31877899,-51.3226929
16.9242758,29.078949,6.24897003,-51.5204773
16.9342338,28.7904739,5.99472809,-51.4597473
16.9441918,28.6347046,5.9119339,-51.3753662
16.9541498,28.3033829,5.85318756,-51.7548828
16.9641078,28.276413,6.01383972,-51.7547913
16.9740658,27.9523315,6.01590729,-52.0176697
16.9840238,27.9733429,6.24601746,-51.9566956
16.9939818,27.8790359,6.36812592,-52.0828247
17.0039398,27.7066574,6.59430695,-52.1622009
17.0138978,27.4367294,6.88667297,-52.3618469
17.0238558,27.1964951,7.15547943,-52.0889282
17.0338138,27.0311966,7.12799835,-52.309845
17.0437718,26.7661972,7.18718719,-52.28125
17.0537288,26.7661972,7.18718719,-52.28125
17.0636868,26.5514526,7.35350037,-52.4177551
17.0736448,26.45047,7.43981171,-52.3654785
17.0836028,26.1611557,7.4977951,-52.5553284
17.0935608,26.3601303,7.61173248,-52.5220642
17.1035188,26.3314133,7.62430573,-52.5756531
17.1134768,26.4579239,7.69126129,-52.6185303
17.1234348,26.4181366,7.7613678,-52.6867371
17.1333928,26.5705872,7.83021545,-52.6176147
17.1433508,26.7043381,7.85043335,-52.5905457
17.1533088,26.667984,7.84243011,-52.4666138
17.1632668,26.8722153,7.7834549,-52.4328918
17.1732248,26.6320648,7.81230927,-52.3998718
17.1831828,26.6631165,7.9475174,-52.3555603
17.1931408,26.541954,7.90035248,-52.4742126
17.2030988,26.5468674,7.93110657,-52.6507263
17.2130568,26.4192047,8.09004211,-52.6612854
17.2230148,26.4114151,8.04811096,-52.4348145
17.2329728,26.2972336,8.23183441,-52.6232605
17.2429308,26.2906265,8.24021149,-52.6217651
17.2528888,26.3772888,8.2783432,-52.5577393
17.2628468,26.3942795,8.34378815,-52.681488
17.2728038,26.3944244,8.33153534,-52.7158813
17.2827618,26.3883896,8.39652252,-52.73526
17.2927198,26.2049561,8.49959564,-52.5555115
17.3026778,26.0543976,8.52965546,-52.542511
17.3126358,26.1931534,8.61238098,-52.5934753
17.3225938,26.0151825,8.72377777,-52.7187195
17.3325518,25.9260406,8.71511841,-52.9345703
17.3425098,25.7573929,8.675354,-52.9510803
17.3524678,25.4635239,8.49947357,-52.9402466
17.3624258,25.4134293,8.46763611,-53.008728
17.3723838,25.3359222,8.13001251,-53.2851257
17.3823418,25.2827911,8.1661911,-53.1374817
17.3922998,25.219635,7.97471619,-53.3785095
17.4022578,25.219635,7.97471619,-53.3785095
17.4122158,25.3245544,8.03231049,-53.237854
17.4221738,25.2564468,7.90944672,-53.2857666
17.4321318,25.1919785,7.98774719,-53.253418
17.4420898,25.0560837,7.62295532,-53.5517273
17.4520478,24.7960358,7.42401123,-53.6530457
17.4620058,24.3722382,7.10971832,-53.8292542
17.4719638,23.9743118,6.95733643,-54.1174316
17.4819218,23.610054,6.72097015,-54.4667969
17.4918798,23.4616928,6.66690063,-54.1627502
17.5018368,23.3035736,6.54556274,-54.6087952
17.5117948,23.261261,6.69024658,-54.5144958
17.5217528,23.2332535,6.54425049,-54.6910095
17.5317108,23.5019302,6.69047546,-54.492218
17.5416688,23.8539276,6.74221039,-54.3487549
17.5516268,24.4160004,6.76882172,-54.1625977
17.5615848,24.9968109,6.83322906,-53.9641113
17.5715428,25.5147171,6.7294693,-53.5325928
17.5815008,26.0389328,6.5900116,-53.2966614
17.5914588,26.5572815,6.36198425,-53.1404419
17.6014168,26.7899323,6.26057434,-53.004303
17.6113748,26.9010544,6.29270935,-52.9883728
17.6213328,26.839653,6.37093353,-52.993988
17.6312908,26.857399,6.13652039,-53.1139221
17.6412488,26.8973618,6.14156342,-53.1827698
17.6512068,26.8423767,6.19410706,-53.119873
17.6611648,26.9987411,6.42860413,-53.1166992
17.6711228,27.1309204,6.55768585,-53.1195374
17.6810808,27.0210037,6.85529327,-53.2643127
17.6910388,26.9913635,7.17253113,-53.3739319
17.7009968,26.8428802,7.36928558,-53.1934509
17.7109538,26.6817245,7.44154358,-53.1756287
17.7209118,26.5987091,7.88937378,-53.2915344
17.7308698,26.6131973,8.2271347,-53.4460449
17.7408278,26.3534088,8.48155975,-53.3357544
17.7507858,26.3885345,8.67284393,-53.4671936
17.7607438,26.3885345,8.67284393,-53.4671936
17.7707018,26.3259277,8.73142242,-53.2877502
17.7806598,26.3779831,8.93088531,-53.2710571
17.7906178,26.5153122,9.16630554,-53.1122742
17.8005758,26.6565399,9.33959961,-53.3209534
17.8105338,26.7458801,9.46861267,-53.2716064
17.8204918,26.8043823,9.64977264,-53.4370117
17.8304498,26.9284515,9.94805908,-53.2565613
17.8404078,26.7280884,9.93951416,-53.4671631
17.8503658,26.8137131,10.3138885,-53.4455261
17.8603238,26.4305649,10.1958313,-53.7398682
17.8702818,26.2828674,10.2775497,-53.7341309
17.8802398,26.1173477,10.2215424,-53.8318176
17.8901978,26.0548019,10.2475128,-53.9101868
17.9001558,25.9087982,10.1496277,-54.3317566
17.9101138,25.8305435,10.3078232,-53.9507141
17.9200718,25.6497574,10.1539688,-54.3798218
17.9300298,25.6331482,10.2727051,-54.4200134
17.9399868,25.5263977,10.3264542,-54.2713928
17.9499448,25.4892273,10.5049438,-54.1609802
17.9599028,25.6945114,10.414032,-54.3495789
17.9698608,25.8243484,10.4479904,-54.1255188
17.9798188,26.0416183,10.4189835,-54.006134
17.9897768,26.0808487,10.5415192,-54.133728
17.9997348,26.0923538,10.4215698,-54.2418823
18.0096928,26.1758499,10.0645676,-54.4281006
18.0196508,26.1963806,9.93156433,-54.4721985
18.0296088,26.0587692,9.64766693,-54.5243835
18.0395668,26.2186813,9.25302887,-54.5093994
18.0495248,26.2694244,9.14744568,-54.7614441
18.0594828,26.1130371,8.97579956,-54.7488403
18.0694408,26.1571579,8.67136383,-54.8626404
18.0793988,26.2510147,8.5278244,-54.8822632
18.0893568,26.3857193,8.20500946,-55.0776062
18.0993148,26.5498962,8.0041275,-54.9115906
18.1092728,26.541481,7.99838257,-54.9042358
18.1192308,26.685936,8.09423828,-54.7958374
18.1291888,26.6536713,8.0820694,-54.7573853
18.1391468,26.4722137,8.47509003,-54.6829529
18.1491048,26.1986008,8.91072845,-55.0655518
18.1590628,25.8088531,9.27947998,-55.1404114
18.1690198,25.3817062,9.50327301,-55.3366089
18.1789778,25.1635056,9.69914246,-55.6724243
18.1889358,24.9463959,9.69159698,-55.7085876
18.1988938,24.9206161,9.55247498,-55.8033752
18.2088517,25.0755234,9.45478821,-55.8263245
18.2188097,25.2206955,9.18013,-55.7286682
18.2287677,25.6641235,9.03067017,-55.4889832
18.2387257,25.9569473,9.01576233,-55.754364
18.2486837,25.9525604,9.1816864,-55.5146179
18.2586417,25.9370575,9.14002228,-55.8955688
18.2685997,25.9817505,9.30680084,-55.5336304
18.2785577,25.6229782,9.12303925,-56.0182495
18.2885157,25.4095459,9.14506531,-55.9069519
18.2984737,25.2934189,8.83249664,-56.3468018
18.3084317,25.1235428,8.49360657,-56.2392883
18.3183897,24.758812,8.03507233,-56.4947205
18.3283477,24.7804489,7.8063736,-56.6272888
18.3383057,24.533844,7.24415588,-56.6683655
18.3482637,24.7124557,7.24997711,-56.3401489
18.3582217,24.5641632,7.15738678,-56.5722046
18.3681797,24.6025848,7.01786804,-56.5201111
18.3781377,24.3610306,6.97571564,-56.7347717
18.3880947,24.4706268,7.16046906,-56.972168
18.3980527,24.2656097,7.06871796,-56.8765564
18.4080107,24.1177673,6.9535675,-57.2055969
18.4179687,23.9977722,6.98255157,-57.2455444
18.4279267,23.9460983,6.85223389,-57.2051697
18.4378847,23.830162,7.04736328,-57.2969055
18.4478427,23.7496643,6.98506927,-57.4052429
18.4578007,23.7573853,6.97715759,-57.4292603
18.4677587,23.5846786,6.94932556,-57.4931946
18.4777167,23.4571381,6.75640869,-57.5822144
18.4876747,23.5246506,6.76256561,-57.4495239
18.4976327,23.6615677,6.67526245,-57.4289246
18.5075907,23.583046,6.82486725,-57.4440613
18.5175487,23.539711,6.88925171,-57.4720764
18.5275067,23.5411987,6.97426605,-57.5423889
18.5374647,23.5812302,6.95883942,-57.338623
18.5474227,23.585495,7.0249176,-57.5377808
18.5573807,23.6974258,6.98774719,-57.5622253
18.5673387,23.6873932,7.00072479,-57.4837341
18.5772967,23.9047165,6.8056488,-57.3462219
18.5872547,23.7296906,6.8428421,-57.3495789
18.5972127,23.784996,6.70331573,-57.4312439
18.6071697,23.804306,6.82123566,-57.4322815
18.6171277,23.7449722,6.71103668,-57.6177368
18.6270857,23.5888214,6.87413788,-57.4925842
18.6370437,23.5130463,6.89168549,-57.568573
18.6470017,23.2651596,6.97346497,-57.6999817
18.6569597,23.2996292,6.89848328,-57.7076416
18.6669177,23.2828064,7.04949188,-57.5887451
18.6768757,23.1662598,6.62708282,-57.8573303
18.6868337,23.1022949,6.81871033,-57.7315063
18.6967917,22.910881,6.4680481,-58.0461731
18.7067497,22.8243713,6.68097687,-57.8036804
18.7167077,22.5658188,6.38449097,-58.3197937
18.7266657,22.4187164,6.56641388,-58.3256836
18.7366237,22.1542358,6.33306885,-58.3088989
18.7465817,22.0134048,6.29505157,-58.2350769
18.7565397,21.8121796,5.86666107,-58.6252747
18.7664977,21.6725998,5.96411133,-58.395813
18.7764557,21.4555817,5.5691452,-58.7127991
18.7864137,21.4886627,5.58789062,-58.5977173
18.7963717,21.6517334,5.34244537,-58.7283936
18.8063297,21.7805176,5.59870148,-58.5823669
18.8162877,21.7805176,5.59870148,-58.5823669
18.8262447,21.6774902,5.73445892,-58.7388306
18.8362027,21.3903275,5.85164642,-58.5592346
18.8461607,21.3227844,6.03202057,-58.4535828
18.8561187,20.980545,6.37706757,-58.6172485
18.8660767,20.8216934,6.91641235,-58.7255249
18.8760347,20.7182388,7.3552475,-58.7845154
18.8859927,20.5631485,7.74623871,-58.8212891
18.8959507,20.5052032,8.19737244,-58.5584717
18.9059087,20.4640961,8.79904938,-58.6352844
18.9158667,20.5107803,8.62939453,-58.4248657
18.9258247,20.6269836,9.0918808,-58.4067383
18.9357827,21.1182556,9.17353058,-58.0504761
18.9457407,21.6763153,9.35860443,-57.9251099
18.9556987,22.2697906,9.26941681,-57.8294067
18.9656567,22.7720947,9.33683014,-57.5075684
18.9756147,23.3640823,9.42524719,-57.0732727
18.9855727,23.8114548,9.29603577,-56.9499207
18.9955307,24.0676041,9.23445892,-56.9031067
19.0054887,24.1133347,9.10020447,-56.9827271
19.0154467,24.082489,8.96692657,-56.9661865
19.0254047,23.9532623,8.79046631,-56.9784241
19.0353627,23.7934494,8.42315674,-56.8833313
19.0453207,23.4575424,8.42760468,-56.9387512
19.0552777,23.2849503,8.31103516,-57.1404114
19.0652357,23.2679291,8.44352722,-57.100647
19.0751937,23.2302933,8.45228577,-57.089325
19.0851517,23.2273331,8.78723907,-57.0423584
19.0951097,23.1514206,8.74976349,-57.3199158
19.1050677,23.2323227,9.30115509,-57.2017822
19.1150257,23.2768784,9.0112915,-57.3128357
19.1249837,23.0832062,9.50902557,-56.96875
19.1349417,22.8928223,9.29692841,-57.2814941
19.1448997,22.7482681,9.51835632,-57.3357544
19.1548577,22.4956665,9.17996216,-57.1523132
19.1648157,22.4956665,9.17996216,-57.1523132
19.1747737,22.3505249,9.44334412,-57.2539062
19.1847317,22.2354279,9.28321838,-57.5740356
19.1946897,22.2674789,9.31793213,-57.5316467
19.2046472,22.3403702,8.93611145,-57.5689697
19.2146052,22.3889771,9.29057312,-57.3851929
19.2245632,22.5040207,9.08977509,-57.495697
19.2345212,22.5455933,9.37247467,-57.3632812
19.2444792,22.9306641,9.19033813,-57.0386353
19.2544372,22.919075,9.25411987,-57.1931152
19.2643952,22.7833405,9.31762695,-57.3676453
19.2743522,22.7721863,9.30995178,-57.4619141
19.2843102,22.7621841,9.32759094,-57.3793945
19.2942682,22.7091675,9.13445282,-57.3373413
19.3042262,22.4796371,9.06691742,-57.2050171
19.3141842,22.4559021,8.83611298,-57.302948
19.3241422,22.476326,8.82424927,-57.2061462
19.3341002,22.3912964,8.40914917,-57.306427
19.3440582,22.4676208,8.31330872,-57.3871765
19.3540162,22.4967422,8.1966095,-57.2525635
19.3639742,22.5340805,8.16288757,-57.0348206
19.3739322,22.5436249,8.00054169,-57.1200867
19.3838902,22.7554703,7.79323578,-57.2415466
19.3938482,22.8336487,7.50732422,-57.3626404
19.4038062,22.8588409,7.16765594,-57.3880615
19.4137642,22.9169159,6.82830811,-57.3583069
19.4237222,23.1415634,6.47781372,-57.4942322
19.4336802,23.3561554,5.94300842,-57.4563293
19.4436382,23.3526535,5.41356659,-57.6072388
19.4535962,23.3649292,4.86001587,-57.4580078
19.4635542,23.4495163,4.47758484,-57.5950623
19.4735122,23.4047241,3.73518372,-57.7693176
19.4834702,23.2561722,3.05567932,-57.6740723
19.4934272,23.0623856,2.33281708,-57.9170532
19.5033852,22.9928665,1.96920013,-57.8746338
19.5133432,22.8437042,1.24839783,-58.321228
19.5233012,22.8437042,1.24839783,-58.321228
19.5332592,22.7389297,1.32327271,-58.1095276
19.5432172,22.6464996,0.941864014,-58.3664551
19.5531752,22.5255508,1.12840271,-58.3441162
19.5631332,22.3640976,1.05544281,-58.539032
19.5730912,22.377037,1.5705719,-58.6136169
19.5830492,22.2676315,1.31356812,-58.4518738
19.5930072,22.0960617,1.90119171,-58.6935425
19.6029652,21.9391632,1.61241913,-58.9346619
19.6129232,21.8981705,1.92218018,-59.0903625
19.6228812,21.7445526,1.47376251,-59.1115112
19.6328392,21.7156143,1.72662354,-59.0835571
19.6427972,21.6759644,1.34761047,-59.2286682
19.6527552,21.7495193,1.45366669,-59.4365234
19.6627132,21.6881332,1.23732758,-59.5758667
19.6726712,21.6250763,1.62226105,-59.6520386
19.6826292,21.7232208,1.60975647,-59.353363
19.6925872,21.9219589,1.59307861,-59.5264893
19.7025452,22.2112045,1.71363831,-59.5305176
19.7125032,22.458107,1.64620209,-59.6336365
19.7224602,22.6669922,1.934021,-59.9343872
19.7324182,22.7954712,1.97255707,-59.7025757
19.7423762,23.0912628,2.10215759,-59.601593
19.7523342,23.2446213,2.01769257,-59.6731262
19.7622922,23.429306,2.18715668,-59.7793579
19.7722502,23.5955811,2.1918335,-59.6322632
19.7822082,23.8401871,2.35600281,-59.5170593
19.7921662,23.9256287,2.31742859,-59.5357056
19.8021242,24.0172348,2.27376556,-59.7254333
19.8120822,24.1228561,2.31446838,-59.8522644
19.8220402,24.1397247,2.1842041,-59.8754883
19.8319982,24.2970657,1.90924072,-59.9604797
19.8419562,24.3972473,1.87696075,-60.0722961
19.8519142,24.3632126,1.52493286,-59.9403381
19.8618722,24.434906,1.25613403,-60.0819092
19.8718302,24.434906,1.25613403,-60.0819092
19.8817882,24.5329895,1.0149765,-60.138092
19.8917462,24.634964,0.902915955,-60.206543
19.9017042,24.6981354,0.544471741,-60.5131836
19.9116622,24.7451401,0.462051392,-60.3129578
19.9216202,24.7322845,0.0899505615,-60.6654663
19.9315782,24.772583,0.00769042969,-60.7888489
19.9415352,24.6896667,-0.462692261,-61.1884766
19.9514932,24.7166824,-0.587265015,-61.103302
19.9614512,24.7553101,-1.3850174,-61.4282227
19.9714092,24.9438934,-1.39472961,-61.5145569
19.9813672,24.9898605,-2.18223572,-61.6480713
19.9913252,25.1761017,-2.29405212,-61.6139526
20.0012832,25.3383255,-2.78943634,-61.6920166
20.0112412,25.4259872,-2.54234314,-61.6224976
20.0211992,25.564415,-2.85139465,-61.6677246
20.0311572,25.8000565,-2.47530365,-61.8469543
20.0411152,25.950264,-2.59959412,-61.8438416
20.0510732,26.095787,-2.2658844,-61.6798706
20.0610312,26.3921051,-2.59536743,-61.6595764
20.0709892,26.6295853,-2.28911591,-61.5487671
20.0809472,27.2443924,-2.33022308,-61.3354797
20.0909052,27.7828522,-2.24404144,-61.2915649
20.1008632,28.1499634,-2.34176636,-61.3110657
20.1108212,28.6014709,-2.36089325,-61.0753784
20.1207792,28.9128571,-2.38620758,-61.0589294
20.1307372,28.9386063,-2.52089691,-61.1951294
20.1406952,29.0688934,-2.65311432,-61.1812134
20.1506532,29.1532745,-2.83473206,-61.1441345
20.1606102,29.3195801,-2.8772583,-61.2803955
20.1705682,29.3106155,-3.11615753,-61.1963501
20.1805262,29.4067612,-3.0606308,-61.3304749
20.1904842,29.2770767,-3.32967377,-61.568573
20.2004422,29.3619232,-3.09040833,-61.6306458
20.2104003,29.2459488,-3.29601288,-61.6239319
20.2203583,29.2459488,-3.29601288,-61.6239319
20.2303163,29.221962,-3.14385223,-61.7330017
20.2402743,29.3210602,-3.16600037,-61.7760315
20.2502323,29.0788651,-3.06204987,-61.8451843
20.2601903,29.0534058,-2.95276642,-61.9006042
20.2701483,28.8032761,-2.80723572,-62.0260315
20.2801063,28.7333755,-2.81027222,-62.0556946
20.2900643,28.5604706,-2.71891022,-62.2246399
20.3000223,28.6620407,-2.81684875,-62.2471008
20.3099803,28.6956787,-2.74977875,-61.9155273
20.3199383,28.7747345,-2.9824295,-61.6139832
20.3298963,28.7709503,-2.56878662,-61.8084106
20.3398543,28.6669006,-2.5461731,-61.9664001
20.3498123,28.5683212,-2.3759079,-61.6593018
20.3597703,28.4194565,-2.27787018,-61.7274475
20.3697283,28.6126099,-1.72619629,-61.6325073
20.3796863,28.2659836,-1.73955536,-61.7124939
20.3896433,28.2976151,-1.04351044,-61.6019287
20.3996013,27.9973984,-1.31707764,-61.7353516
20.4095593,27.7216034,-0.885475159,-61.5603027
20.4195173,27.3596191,-1.07555389,-61.5921631
20.4294753,27.3867264,-0.625610352,-61.3851013
20.4394333,27.136879,-0.944595337,-61.5245667
20.4493913,27.2045746,-0.455322266,-61.444458
20.4593493,27.1155777,-0.573669434,-61.3971252
20.4693073,27.281105,-0.0235443115,-60.9084167
20.4792653,27.3022995,-0.0223999023,-61.0721741
20.4892233,27.3497925,0.608055115,-60.8866577
20.4991813,27.1275558,0.686737061,-60.9153137
20.5091393,26.9046478,1.10155487,-60.8040771
20.5190973,26.7876587,1.16921234,-60.8112183
20.5290553,26.5554352,1.45904541,-60.8840637
20.5390133,26.4034119,1.55992889,-60.8484192
20.5489713,26.2147522,1.45406342,-60.9966736
20.5589293,26.2878876,1.53601837,-60.7897644
20.5688873,26.1286011,1.51229858,-60.828064
20.5788453,26.1286011,1.51229858,-60.828064
20.5888033,25.997673,1.47283173,-61.0157166
20.5987613,25.8125687,1.6068573,-60.8008423
20.6087193,25.7683716,1.78347015,-60.7901306
20.6186773,25.7609177,1.64240265,-60.6112671
20.6286343,25.6003494,1.72707367,-60.5469666
20.6385923,25.5032425,1.57259369,-60.4577332
20.6485503,25.4641037,1.63155365,-60.2833252
20.6585083,25.3338394,1.56977081,-60.3771667
20.6684663,25.3361588,1.46621704,-60.2850647
20.6784243,25.1921082,1.32260895,-60.340271
20.6883823,25.0382614,1.17869568,-60.2619019
20.6983403,24.9174957,1.07123566,-60.3243713
20.7082983,24.7966156,0.855659485,-60.0540161
20.7182563,24.8127213,0.657012939,-59.8580017
20.7282143,24.8275528,0.208847046,-59.6965637
20.7381723,24.7124023,-0.165267944,-59.6504517
20.7481303,24.781662,-0.219184875,-59.6922302
20.7580883,24.9290543,-0.539558411,-59.6091003
20.7680463,24.831192,-0.511390686,-59.544281
20.7780043,24.6814957,-0.705078125,-59.4794922
20.7879623,24.545372,-0.612640381,-59.5714417
20.7979203,24.3741226,-0.994369507,-59.6792297
20.8078783,24.2264175,-0.871696472,-59.4819031
20.8178363,23.8877029,-1.19513702,-59.5294189
20.8277943,23.6928558,-1.1362381,-59.3684692
20.8377523,23.6141129,-1.40007782,-59.7267456
20.8477103,23.7961273,-1.07466888,-59.3512878
20.8576683,23.7105942,-1.55955505,-59.1525574
20.8676263,23.7286377,-1.40155029,-58.9419556
20.8775833,23.685173,-1.8112793,-58.9369202
20.8875413,24.1636887,-1.55723572,-58.5231018
20.8974993,24.2463226,-2.01987457,-58.627533
20.9074573,24.6225281,-1.73748779,-58.4541626
20.9174153,24.7595673,-1.90695953,-58.4710693
20.9273733,24.7595673,-1.90695953,-58.4710693
20.9373313,24.9307556,-1.91604614,-58.1864624
20.9472893,25.1478043,-2.22994995,-58.1167297
20.9572473,25.2908478,-2.25843811,-57.8991394
20.9672053,25.2310562,-2.58164215,-57.9203491
20.9771633,25.0570068,-2.8359375,-57.9771118
20.9871213,24.8314667,-3.10240173,-57.9362793
20.9970793,24.9183655,-3.58483124,-57.7675781
21.0070373,24.8970184,-3.92166901,-57.8945312
21.0169953,24.9081116,-4.26432037,-57.662384
21.0269533,24.9528046,-4.55937958,-57.495575
21.0369113,24.9749374,-4.88213348,-57.5610657
21.0468693,25.0419693,-5.04418182,-57.4318542
21.0568273,25.1558304,-5.3447113,-57.4967346
21.0667853,25.3256836,-5.45694733,-57.0107117
21.0767433,25.2520599,-5.70336151,-57.2019958
21.0867013,25.4072723,-5.82247925,-57.1170044
21.0966593,25.3546524,-5.74526215,-57.0900574
21.1066173,25.2905807,-5.80908203,-57.080658
21.1165753,25.2595139,-5.93827057,-57.2804565
21.1265323,25.0752487,-5.9756546,-57.2258301
21.1364903,25.1687698,-6.21988678,-57.2286377
21.1464483,25.3577499,-6.48014832,-57.1089478
21.1564063,25.4913635,-6.53993225,-56.8904114
21.1663643,25.7360916,-6.55170441,-56.7440186
21.1763223,26.0122757,-6.75415039,-56.8514404
21.1862803,26.3048782,-6.72484589,-56.6658325
21.1962383,26.5430756,-6.96117401,-56.7360229
21.2061963,26.7705994,-6.6796875,-56.634491
21.2161543,26.8616714,-6.96829224,-56.461792
21.2261123,27.0066833,-7.05184174,-56.2694702
21.2360703,26.9420471,-7.45044708,-56.3471069
21.2460283,27.2187805,-7.42111969,-56.1656189
21.2559863,27.0798187,-7.9871521,-56.4093933
21.2659443,27.2688065,-7.84806061,-56.309967
21.2759023,27.2688065,-7.84806061,-56.309967
21.2858603,27.333374,-8.24337006,-56.2812195
21.2958183,27.4076385,-8.1329422,-56.2849731
21.3057763,27.2257004,-8.46337128,-56.2775269
21.3157343,27.3450851,-8.10516357,-56.3981934
21.3256923,27.0442047,-8.32581329,-56.4346619
21.3356503,27.0896683,-8.10456085,-56.419281
21.3456083,26.9724274,-8.37786102,-56.6048584
21.3555663,27.1529236,-8.39225006,-56.5343628
21.3655243,27.07724,-8.68409729,-56.3881836
21.3754823,27.4346313,-8.73539734,-56.6554565
21.3854393,27.713295,-8.86096191,-56.3898621
21.3953973,27.9005432,-9.12415314,-56.0135803
21.4053553,28.210228,-9.12412262,-56.137146
21.4153133,28.2810364,-9.28100586,-56.1023254
21.4252713,28.4737015,-9.34257507,-56.1644287
21.4352293,28.435379,-9.48083496,-55.9813843
21.4451873,28.5097961,-9.38769531,-55.9332581
21.4551453,28.6006088,-9.56891632,-55.7489624
21.4651033,28.6555176,-9.55948639,-55.741333
21.4750613,28.7471771,-9.80949402,-55.6576538
21.4850193,29.1534653,-9.78986359,-55.7069397
21.4949773,29.3626404,-9.88217163,-55.6049194
21.5049353,29.6155472,-10.050827,-55.2865295
21.5148933,30.135582,-10.0514297,-54.9100647
21.5248513,30.3243637,-9.98166656,-54.432251
21.5348093,30.7011642,-9.7833786,-54.4593811
21.5447673,31.1720505,-9.65810394,-54.1177673
21.5547253,31.4529419,-9.68408966,-54.335022
21.5646833,31.509285,-9.67224884,-54.0046997
21.5746413,31.5790939,-9.55986023,-53.907074
21.5845993,31.692894,-9.4444809,-53.8696594
21.5945573,31.8196945,-9.44549561,-53.7849731
21.6045153,32.0402069,-9.33611298,-53.7365112
21.6144733,32.1035767,-9.21603394,-53.7116089
21.6244313,32.3424149,-8.81589508,-53.3876343
21.6343893,32.3424149,-8.81589508,-53.3876343
21.6443463,32.341507,-8.70761871,-53.2857361
21.6543043,32.803093,-8.02814484,-53.0435486
21.6642623,32.794426,-7.86924744,-53.1734314
21.6742203,32.9825745,-7.21851349,-53.1051941
21.6841783,32.8078003,-7.29102325,-52.9991455
21.6941363,32.8369217,-6.42828369,-53.141449
21.7040943,32.5806122,-6.22455597,-53.2489319
21.7140523,32.3436127,-5.41455841,-53.5622559
21.7240103,32.2332077,-5.32392883,-53.4100342
21.7339683,32.3384399,-4.73898315,-53.6173706
21.7439263,32.1363602,-4.72815704,-53.5097351
21.7538843,32.230278,-4.02379608,-53.3806763
21.7638423,32.2050705,-4.06926727,-53.5457458
21.7738003,32.5546646,-3.25801086,-53.7229919
21.7837583,32.5027313,-3.0931015,-53.3420105
21.7937163,32.5242462,-2.60655212,-53.0279846
21.8036743,32.4214096,-2.25828552,-53.1539001
21.8136323,32.4559631,-1.76277924,-53.1957397
21.8235903,32.3543701,-1.51494598,-53.0314026
21.8335483,32.35392,-1.17908478,-53.0449524
21.8435063,32.3526306,-0.744667053,-52.9036865
21.8534643,32.1432877,-0.765312195,-52.8780518
21.8634223,32.1958237,-0.267959595,-52.8005371
21.8733803,32.2388077,-0.142829895,-52.5440979
21.8833383,32.2994156,0.147003174,-52.7538757
21.8932963,32.1977692,0.303604126,-52.4323425
21.9032543,32.236702,0.58808136,-52.3859863
21.9132113,32.2944946,0.50403595,-52.1465149
21.9231693,32.2734222,0.746887207,-52.2872009
21.9331273,32.1923752,0.64125061,-52.136322
21.9430853,32.0746765,0.505447388,-52.0774841
21.9530433,32.0356827,0.427825928,-52.03302
21.9630013,31.8942032,0.243850708,-52.1703796
21.9729593,32.0082321,0.211532593,-51.9180603
21.9829173,32.01931,0.205627441,-51.8705139
21.9928753,32.0024567,0.0509643555,-51.7373352
22.0028333,32.1743011,-0.039100647,-51.549469
22.0127913,32.2076874,-0.0908660889,-51.4922485
22.0227493,32.2042313,-0.280227661,-51.3244629
22.0327073,32.2060547,-0.118927002,-51.1168213
22.0426653,32.1610565,-0.158348083,-51.3174744
22.0526233,32.0625916,0.115989685,-51.0230103
22.0625813,32.0261993,0.179794312,-50.8045044
22.0725393,31.7948608,0.617958069,-50.7579956
22.0824973,31.5709381,0.248016357,-50.9790649
22.0924553,31.5432205,0.78604126,-50.7530212
22.1024133,31.3491974,0.428970337,-50.7098694
22.1123713,31.2962036,0.887046814,-51.0308228
22.1223293,30.9448242,0.399093628,-51.010376
22.1322873,31.0558777,0.75655365,-50.9318542
22.1422453,31.0292664,0.490791321,-50.6848145
22.1522033,31.1389465,0.757316589,-50.6552429
22.1621613,31.0415344,0.435470581,-50.3262024
22.1721193,31.1908417,0.700286865,-50.2928772
22.1820763,31.0593872,0.299110413,-50.2518616
22.1920343,30.958374,0.522499084,-50.0418701
22.2019923,30.7722473,0.0966262817,-50.0639648
22.2119503,30.7128601,0.0655822754,-50.2592163
22.2219083,30.4582748,-0.241172791,-50.2513123
22.2318663,30.4880676,-0.291618347,-50.1646118
22.2418243,30.233345,-0.32623291,-49.9379883
22.2517823,29.9396896,-0.569969177,-50.0648499
22.2617403,29.7881088,-0.559043884,-50.0352173
22.2716983,29.7758102,-0.765083313,-50.0804443
22.2816563,29.6494827,-0.594444275,-50.0794983
22.2916143,29.6132507,-0.524024963,-50.1263428
22.3015723,29.5592957,-0.440979004,-49.9662476
22.3115303,29.4345169,-0.315155029,-49.9050293
22.3214883,29.5897217,0.108390808,-49.9177246
22.3314463,29.5897217,0.108390808,-49.9177246
22.3414043,29.5948105,0.0501022339,-49.8526611
22.3513623,29.6419144,0.259140015,-49.6825562
22.3613203,29.690567,0.478981018,-49.6130066
22.3712783,29.5900803,0.465393066,-49.5797424
22.3812363,29.7381668,0.599830627,-49.3759766
22.3911943,29.8118744,0.62853241,-49.243042
22.4011523,29.8444748,0.578544617,-49.1659546
22.4111103,29.8486099,0.505516052,-49.1975403
22.4210683,29.9782028,0.632392883,-49.1117554
22.4310263,30.0057144,0.779724121,-48.9050598
22.4409843,30.0616226,0.886489868,-48.7651367
22.4509423,29.9830933,1.00514221,-48.6191101
22.4608993,30.0431671,1.14743042,-48.6889648
22.4708573,30.0765533,1.37846375,-48.844574
22.4808153,29.9048615,1.27201843,-48.8309326
22.4907733,29.909996,1.58293915,-48.5822144
22.5007313,29.7311859,1.58204651,-48.414032
22.5106893,29.7558899,1.98889923,-48.3450317
22.5206473,29.7801361,1.73519897,-48.2316895
22.5306053,29.8354721,2.23510742,-48.2542114
22.5405633,29.6382294,2.20742798,-48.1663513
22.5505213,29.5302734,2.92230225,-48.3748169
22.5604793,29.2791748,2.77685547,-48.1582336
22.5704373,29.2168579,3.24832916,-48.1547546
22.5803953,28.9552917,3.10054779,-48.0885925
22.5903533,29.0311661,3.60279083,-48.388031
22.6003113,28.8399048,3.26527405,-48.1390076
22.6102693,28.6233673,3.6794281,-48.4614563
22.6202273,28.4009171,3.46317291,-48.4447021
22.6301853,28.4984741,3.82802582,-48.3395081
22.6401433,28.3430252,3.7762146,-48.1871948
22.6501013,28.0113678,4.057724,-48.2050171
22.6600593,27.7724075,4.00308228,-48.2935791
22.6700173,27.4859848,3.85309601,-48.4359741
22.6799753,27.3545456,3.79540253,-48.7355652
22.6899333,27.3545456,3.79540253,-48.7355652
22.6998913,27.0464935,3.66397095,-48.7295227
22.7098493,26.7933044,3.7043457,-48.5878906
22.7198073,26.5272827,3.43917084,-48.603302
22.7297653,26.2863922,3.67653656,-48.6846924
22.7397233,26.2258072,3.56958771,-48.90625
22.7496813,25.817421,3.72305298,-48.9425659
22.7596393,25.3455887,3.6493988,-48.978302
22.7695963,24.9323807,4.06160736,-49.1499023
22.7795543,24.6611862,4.24123383,-49.0696411
22.7895123,24.4482727,4.63647461,-49.3577271
22.7994703,24.4258423,4.71760559,-49.2522278
22.8094283,24.4600067,4.85427094,-49.0454102
22.8193863,24.4121857,5.1183548,-48.9439087
22.8293443,24.3947449,5.41737366,-48.6948853
22.8393023,24.498497,5.57304382,-48.6639404
22.8492603,24.6278305,5.8001709,-48.4666748
22.8592183,24.6497269,5.91333008,-48.3842468
22.8691763,24.7946167,6.16691589,-48.4045105
22.8791343,24.8062668,6.05583954,-48.4158936
22.8890923,24.7221069,6.20388031,-48.4286194
22.8990503,24.6479568,6.0756073,-48.293335
22.9090083,24.3530731,6.2569046,-48.2704773
22.9189663,24.1146545,5.99088287,-48.2489624
22.9289243,24.1798096,6.35610962,-48.387085
22.9388823,23.9675217,6.11194611,-48.4234009
22.9488403,23.9547806,6.63235474,-48.8703918
22.9587983,23.9716034,6.16235352,-48.5570679
22.9687563,23.796257,6.69503784,-48.6409302
22.9787143,23.7162857,6.40660858,-48.3268738
22.9886723,23.8067017,6.90757751,-48.4326477
22.9986303,23.6461868,6.62644958,-48.4128113
23.0085883,23.7234497,7.13175964,-48.3400269
23.0185463,23.521492,6.78427887,-48.3764343
23.0285043,23.4646378,7.01161194,-48.614502
23.0384623,23.4646378,7.01161194,-48.614502
23.0484203,23.4939499,6.94657898,-48.3619995
23.0583773,23.5408478,7.40973663,-48.2744446
23.0683353,23.4140778,7.04245758,-48.1334229
23.0782933,23.4806442,7.25445557,-48.2554321
23.0882513,23.5231857,7.12432098,-48.1916504
23.0982093,23.4758301,7.09508514,-48.2403259
23.1081673,23.4469604,7.14083099,-48.0774231
23.1181253,23.5396805,6.97475433,-48.1568604
23.1280833,23.593811,7.08138275,-48.1203918
23.1380413,23.676796,7.01207733,-47.9219055
23.1479993,23.7220993,6.93932343,-47.8876648
23.1579573,23.8266602,6.67819977,-47.8657227
23.1679153,23.7350388,6.64693451,-47.5423279
23.1778733,23.8717651,6.32698822,-47.2668152
23.1878313,24.0264893,6.40587616,-47.4975891
23.1977893,24.1216354,6.25426483,-47.4447937
23.2077472,24.0787735,6.12287903,-47.375946
23.2177052,23.9722519,5.81804657,-47.3608398
23.2276632,24.0774307,5.87378693,-47.520752
23.2376212,24.0681915,5.69619751,-47.3315125
23.2475792,24.0233917,5.38980103,-47.3344727
23.2575372,24.0025558,5.21190643,-47.1371765
23.2674952,24.0788727,5.13085175,-47.0263672
23.2774532,24.1560898,4.99137115,-47.0020752
23.2874112,24.3753128,4.84836578,-47.0419922
23.2973692,24.3884964,4.63491821,-47.010498
23.3073272,24.5172043,4.48976898,-46.9243164
23.3172852,24.4122772,4.1253891,-47.049469
23.3272432,24.3615723,3.92722321,-47.0856628
23.3372012,24.3732529,3.454216,-47.0706177
23.3471592,24.460556,3.60710144,-47.1306763
23.3571172,24.5138168,2.8961792,-46.963562
23.3670752,24.4905014,3.05328369,-46.9223938
23.3770322,24.3375778,2.39332581,-46.758667
23.3869902,24.5297089,2.35349274,-46.7467957
23.3969482,24.5297089,2.35349274,-46.7467957
23.4069062,24.5256958,1.75289917,-46.4240417
23.4168642,24.8376617,2.27493286,-46.4782715
23.4268222,24.9208908,1.92865753,-46.1729736
23.4367802,24.8374252,2.35504913,-46.3171692
23.4467382,24.8610382,2.20580292,-46.0050659
23.4566962,24.9800644,2.5772171,-46.3503723
23.4666542,25.073494,2.3768692,-46.0163574
23.4766122,25.2151108,2.53140259,-45.9282227
23.4865702,25.2429886,2.11135864,-45.8157349
23.4965282,25.3298035,2.04309082,-45.538208
23.5064862,25.5406876,1.90298462,-45.6062927
23.5164442,25.7947159,1.77122498,-45.591156
23.5264022,26.0514297,1.4748764,-45.4301147
23.5363602,26.1802521,1.39922333,-45.2842407
23.5463182,26.1271057,1.38246155,-45.4805908
23.5562762,26.0893478,1.34288025,-45.470459
23.5662342,25.9668808,1.29100037,-45.6495972
23.5761922,25.7538681,1.19576263,-45.4598389
23.5861502,25.6314926,1.26357269,-45.6860657
23.5961082,25.4153366,1.03533173,-45.7954102
23.6060662,25.2458954,1.1058197,-45.7949219
23.6160242,24.9597931,0.941551208,-45.8051758
23.6259822,24.5717468,1.10165405,-46.0939941
23.6359402,24.4160309,1.12277985,-46.2019958
23.6458982,24.2156601,1.38636017,-46.3069763
23.6558562,24.1232071,1.47533417,-46.2683411
23.6658142,24.1025391,1.47896576,-46.2912292
23.6757722,24.0765915,1.75982666,-46.3024597
23.6857292,24.1675415,1.79486847,-46.0156555
23.6956872,24.0815048,1.89953613,-46.1604309
23.7056452,23.9588013,1.99819183,-45.9512329
23.7156032,24.2192535,2.08052826,-46.1164856
23.7255612,24.1679001,2.46956635,-46.1719055
23.7355192,24.0965729,2.46579742,-46.1082458
23.7454772,24.0965729,2.46579742,-46.1082458
23.7554352,24.1944351,2.7933197,-46.2094421
23.7653932,24.0239639,2.71683502,-46.0629883
23.7753512,24.0344467,2.83656311,-46.0359802
23.7853092,23.8068542,2.69390869,-45.9551086
23.7952672,23.7674026,2.9668808,-46.1528625
23.8052252,23.6245193,2.7509079,-45.7715149
23.8151832,23.7780609,3.07883453,-46.0498657
23.8251412,23.5235748,2.80486298,-45.7547302
23.8350992,23.6172638,3.28526306,-46.2004089
23.8450572,23.4638214,3.04302216,-45.8137512
23.8550152,23.4187622,3.51313782,-46.1578674
23.8649732,23.1075668,3.29763031,-45.9137573
23.8749312,22.9981308,3.67292023,-46.2964478
23.8848892,22.6299744,3.31287384,-45.9595337
23.8948472,22.7921906,3.63173676,-46.1073914
23.9048052,22.6972046,3.42036438,-46.131134
23.9147632,22.608757,3.70891571,-46.026123
23.9247212,22.5170059,3.62937927,-45.8358459
23.9346792,22.4598465,3.56942749,-46.0136108
23.9446372,22.3996658,3.60964966,-45.9934692
23.9545952,22.1779861,3.76251984,-46.0478821
23.9645532,22.22509,4.01313782,-46.0998535
23.9745112,22.1504364,3.9580307,-46.0925903
23.9844692,21.9808807,4.07779694,-46.2747498
23.9944272,21.5563889,3.85407257,-46.2730713
24.0043852,21.4707184,3.89649963,-46.6957703
24.0143422,21.2969971,3.67062378,-46.3967896
24.0243002,21.1837616,3.62508392,-46.6618042
24.0342582,21.2334366,3.23539734,-46.3894653
24.0442162,21.3104172,3.25396729,-46.7108459
24.0541742,21.3436127,2.93192291,-46.686554
24.0641322,21.3593903,2.92356873,-46.4164124
24.0740902,21.3321915,2.87706757,-46.3719482
24.0840482,21.0418549,3.08528137,-46.1843262
24.0940062,21.0418549,3.08528137,-46.1843262
24.1039642,20.8874512,3.50959778,-46.4405518
24.1139222,20.5953751,3.8068924,-46.400116
24.1238802,20.5065002,4.17565918,-46.546814
24.1338382,20.4875031,4.4778595,-46.449585
24.1437962,20.7344131,4.65690613,-46.3577271
24.1537542,20.8106232,4.82408142,-46.1462708
24.1637122,20.9671936,4.85424042,-45.9968262
24.1736702,21.2421799,5.20391846,-45.912384
24.1836282,21.4173355,5.1129303,-45.5889587
24.1935862,21.7737656,5.58366394,-45.7731018
24.2035442,21.9746933,5.61151886,-45.3652344
24.2135027,22.2550125,6.05260468,-45.4489136
24.2234607,22.1807709,6.0045929,-45.0594177
24.2334187,22.2039413,6.35975647,-45.2883301
24.2433767,22.0634384,5.97631836,-45.0275574
24.2533347,22.0325928,6.21330261,-45.438324
24.2632927,21.8690186,5.70552063,-45.2495728
24.2732507,21.9334412,5.82405853,-45.5314331
24.2832087,21.8176804,5.50141907,-45.3405457
24.2931667,21.9196701,5.69561768,-45.421051
24.3031247,21.9542313,5.36062622,-45.0477295
24.3130827,22.1609802,5.84812164,-45.415802
24.3230407,22.1040115,5.74069214,-44.8733521
24.3329977,22.2659302,5.98281097,-45.0630493
24.3429557,22.161972,5.96875763,-44.9595337
24.3529137,22.1232376,6.19638062,-45.1510315
24.3628717,22.1372681,6.46490479,-45.2674255
24.3728297,22.132103,6.63394165,-45.3568115
24.3827877,22.1792603,6.79164124,-45.2253113
24.3927457,22.0545273,6.86434937,-45.0746765
24.4027037,22.0324936,7.16151428,-45.3798828
24.4126617,21.9466095,7.28270721,-45.0540466
24.4226197,21.8224564,7.54187012,-45.1071167
24.4325777,21.6149902,7.47223663,-45.1075745
24.4425357,21.586235,7.71399689,-45.3060608
24.4524937,21.586235,7.71399689,-45.3060608
24.4624517,21.3578796,7.70374298,-45.1616821
24.4724097,21.3611908,7.92689514,-45.2390442
24.4823677,21.2669601,7.94470978,-45.220459
24.4923257,21.06707,7.92726898,-45.3648682
24.5022837,21.0054245,8.0349884,-45.3040466
24.5122417,20.9008026,8.20815277,-45.3490601
24.5221997,20.790947,8.22810364,-45.2694702
24.5321577,20.6968079,8.34809875,-45.4987793
24.5421157,20.7546387,8.41334534,-45.5944824
24.5520737,20.588089,8.52814484,-45.4769897
24.5620317,20.5062485,8.59028625,-45.5178223
24.5719897,20.2368088,8.53157806,-45.4328003
24.5819477,20.2800217,8.65879059,-45.4150391
24.5919057,20.2939911,8.80332947,-45.4920044
24.6018637,20.1999664,8.69458008,-45.282135
24.6118217,20.1771774,8.99691772,-45.1435852
24.6217797,20.1013336,8.96606445,-45.0650635
24.6317377,20.0041504,9.15686798,-45.3019714
24.6416957,19.983696,9.0635376,-45.1207581
24.6516537,19.8478851,9.41268158,-45.4338989
24.6616117,19.9537125,9.20962524,-45.1107788
24.6715697,20.0251389,9.59438324,-45.428009
24.6815277,19.9106445,9.28952789,-45.4163513
24.6914847,20.0116577,9.52285004,-45.7577515
24.7014427,19.9354782,9.19585419,-45.2678528
24.7114007,20.1811371,9.35546112,-45.3657227
24.7213587,20.0907211,9.03392792,-45.1140137
24.7313167,20.2729568,9.22525024,-45.4324646
24.7412747,20.4525375,8.71004486,-45.1878967
24.7512327,20.4553604,8.83751678,-45.4855652
24.7611907,20.3295517,8.45774078,-45.2564697
24.7711487,20.4825211,8.40202332,-45.4025269
24.7811067,20.4825821,7.9745636,-45.1460876
24.7910647,20.5012665,7.85003662,-45.0551453
24.8010227,20.5012665,7.85003662,-45.0551453
24.8109807,20.5666733,7.6007309,-45.0462952
24.8209387,20.6580811,7.40037537,-45.3127441
24.8308967,20.7012177,7.48867798,-45.2809448
24.8408547,20.6337509,7.18087006,-45.3822021
24.8508127,20.8084641,7.15110016,-45.3678894
24.8607707,20.9407349,7.0519104,-45.1629944
24.8707287,20.8010941,7.08323669,-45.4985352
24.8806867,20.6809235,6.84326172,-45.3966064
24.8906447,20.8851318,7.11315918,-45.515625
24.9006027,20.95224,6.95455933,-45.2932739
24.9105607,21.2049713,6.97014618,-45.3646545
24.9205187,21.282402,6.98162079,-45.1770935
24.9304767,21.5693512,7.1026535,-45.1497803
24.9404347,21.7931366,6.87882996,-44.8752441
24.9503927,22.0302811,6.81554413,-44.791748
24.9603507,22.129303,6.62734985,-44.6803894
24.9703087,22.2042542,6.46596527,-44.773468
24.9802667,22.2622986,6.38786316,-44.8292542
24.9902247,22.2169495,6.2600174,-44.7887878
25.0001827,22.1926804,5.96672058,-44.8605347
25.0101407,22.1067505,5.7165451,-45.2199097
25.0200977,21.7533951,5.37316895,-45.3590393
25.0300557,21.7287827,5.50861359,-45.3256226
25.0400137,21.5673752,5.13143921,-45.4830322
25.0499717,21.6131897,5.15087128,-45.5205994
25.0599297,21.4903336,4.80465698,-45.1586914
25.0698877,21.7954483,4.98696136,-45.569397
25.0798457,21.8587036,4.57951355,-45.1946106
25.0898037,21.9237595,4.79728699,-45.2816467
25.0997617,22.0684128,4.45877838,-44.84375
25.1097197,22.3254776,4.82028961,-45.1044312
25.1196777,22.2416992,4.43923187,-44.5847778
25.1296357,22.3730316,4.84954834,-44.9785461
25.1395937,22.2257843,4.41385651,-44.7514648
25.1495517,22.1394424,4.51081848,-45.0062256
25.1595097,22.1394424,4.51081848,-45.0062256
25.1694677,22.0942307,4.09187317,-44.944519
25.1794257,22.2291336,4.12278748,-45.2599182
25.1893837,22.1593552,3.73233032,-44.8426514
25.1993417,22.1835938,3.78508759,-44.892334
25.2093001,22.2355118,3.82450104,-44.8198853
25.2192581,22.2645111,3.74150848,-45.1560669
25.2292161,22.2312698,3.68373871,-45.0292053
25.2391741,22.1884003,3.80434418,-44.8170471
25.2491321,22.269104,3.75119781,-44.8819885
25.2590901,22.1383972,3.66335297,-44.8902283
25.2690481,22.2641296,3.75267029,-45.0062866
25.2790061,22.243454,3.59135437,-44.8786316
25.2889641,22.242691,3.66719818,-44.907959
25.2989221,22.104393,3.72016907,-44.8832092
25.3088801,22.0631943,3.53388977,-45.0477905
25.3188381,21.9961243,3.45279694,-44.6917419
25.3287961,22.0958328,3.53968811,-45.2999878
25.3387541,22.0779266,3.42351532,-45.1374817
25.3487121,22.1562576,3.31695557,-45.0973511
25.3586701,22.0767365,3.32180023,-45.0886536
25.3686271,21.898613,3.32376862,-44.993042
25.3785851,21.8957291,3.1558075,-45.0793762
25.3885431,21.9730606,2.96653748,-45.0653076
25.3985011,22.0134125,2.96465302,-45.1810303
25.4084591,22.0240631,3.08216095,-45.2107849
25.4184171,22.0371552,2.98825836,-45.3083801
25.4283751,22.1230621,2.99295044,-45.0917358
25.4383331,22.0003662,2.92380524,-45.059021
25.4482911,21.9455643,2.93034363,-45.0896912
25.4582491,21.8555527,2.74230194,-45.0650635
25.4682071,22.0368729,2.9627533,-45.1811523
25.4781651,21.8908463,2.79076385,-45.1419983
25.4881231,21.9747849,2.96099854,-45.1951904
25.4980811,21.8632812,2.6312561,-44.9506531
25.5080391,21.8632812,2.6312561,-44.9506531
25.5179971,21.935379,2.84923553,-45.1361694
25.5279551,21.828392,2.53320312,-45.0019531
25.5379131,21.7686615,2.58126068,-45.4537354
25.5478711,21.7567291,2.17015076,-44.9964294
25.5578291,21.7379456,2.39543915,-45.2761536
25.5677871,21.5892487,2.20842743,-44.9082031
25.5777451,21.6235275,2.43891144,-45.3183594
25.5877031,21.355217,2.46897125,-45.043457
25.5976611,21.2816086,2.78302765,-45.1963806
25.6076191,21.2738647,2.47401428,-44.8291626
25.6175771,21.3893433,2.74997711,-45.283783
25.6275351,21.3209686,2.7277298,-45.2253723
25.6374931,21.5130539,2.89746094,-45.2782898
25.6474511,21.5382462,2.9890976,-45.1296082
25.6574091,21.6495285,3.0919342,-45.2799988
25.6673671,21.6852417,3.18882751,-45.1613159
25.6773251,21.811058,3.22222137,-44.8934937
25.6872831,21.8757172,3.38256836,-45.1275024
25.6972401,21.9544983,3.3780365,-44.8730469
25.7071981,22.0316772,3.51998138,-44.91922
25.7171561,21.7957382,3.45498657,-44.7972107
25.7271141,21.7980042,3.50240326,-44.8883667
25.7370721,21.809967,3.32444763,-44.9771729
25.7470301,21.7950897,3.29969788,-45.2030334
25.7569881,21.7787628,3.18331909,-45.0605469
25.7669461,21.7301636,3.12201691,-45.0916138
25.7769041,21.854805,2.93927765,-45.0538025
25.7868621,21.8379745,2.97872162,-45.0329895
25.7968201,21.7667084,2.91503143,-45.0601196
25.8067781,21.683876,2.90648651,-45.0653687
25.8167361,21.6221085,3.03347015,-44.9998474
25.8266941,21.629776,3.13108826,-45.1329041
25.8366521,21.5535202,3.32513428,-45.5069885
25.8466101,21.4927673,3.42223358,-45.4556274
25.8565681,21.3521576,3.44206238,-45.390625
25.8665261,21.3521576,3.44206238,-45.390625
25.8764841,21.2863007,3.45690918,-45.1896057
25.8864421,21.1636047,3.56381989,-45.1642456
25.8964001,21.0449371,3.7501297,-45.2514343
25.9063581,20.9956055,3.83556366,-45.2549133
25.9163161,20.9758835,4.04694366,-45.1437378
25.9262741,20.7870102,3.97013092,-45.1256104
25.9362321,20.835144,4.35812378,-45.2362366
25.9461901,20.8627319,4.30884552,-45.052948
25.9561481,20.9474182,4.54294586,-45.3617859
25.9661061,20.9164734,4.43618774,-44.8063965
25.9760641,20.9823914,4.87717438,-45.0753174
25.9860221,20.8475113,4.72376251,-44.9729614
25.9959801,20.7552948,5.16404724,-45.2688599
26.0059381,20.7154846,5.05686951,-44.8661499
26.0158951,20.8332672,5.51689911,-45.0510864
26.0258541,20.7793655,5.55353546,-44.9092102
26.0358111,20.7278595,5.7883606,-45.3034363
26.0457691,20.8546829,5.97053528,-44.979248
26.0557271,20.870491,6.47018433,-44.9569702
26.0656851,20.8318939,6.62838745,-44.8091125
26.0756431,20.8731537,6.93367767,-44.7706604
26.0856011,20.7351837,7.19586945,-44.7888489
26.0955591,20.7445679,7.42801666,-44.6463013
26.1055171,20.8292618,7.64373779,-44.8743286
26.1154751,20.765564,7.81413269,-44.8103027
26.1254331,20.7381287,8.1267395,-44.9072876
26.1353911,20.6298981,8.23008728,-44.8380432
26.1453491,20.573288,8.33300018,-44.9661865
26.1553071,20.4930954,8.26348877,-44.6875916
26.1652651,20.5095749,8.42916107,-44.9643555
26.1752231,20.5080109,8.34346771,-44.7182617
26.1851811,20.6614685,8.61475372,-44.6156006
26.1951391,20.6847305,8.63108063,-44.4701233
26.2050971,20.6789627,8.84950256,-44.5935974
26.2150545,20.6789627,8.84950256,-44.5935974
26.2250125,20.686203,8.83822632,-44.475647
26.2349705,20.5831757,8.84967804,-44.6061096
26.2449285,20.4959488,9.03226471,-44.6331177
26.2548865,20.4679184,9.18408203,-44.6271973
26.2648445,20.2611389,9.35323334,-44.5936279
26.2748025,20.0378952,9.35705566,-44.7041931
26.2847605,19.8625107,9.21368408,-44.7181396
26.2947185,19.735817,9.23542786,-45.0047607
26.3046765,19.7331467,9.24974823,-45.1147156
26.3146345,19.7752991,9.48730469,-44.9978638
26.3245925,19.713974,9.27508545,-44.8038635
26.3345505,19.7779083,9.43789673,-45.1180115
26.3445075,19.848587,9.31225586,-44.9929199
26.3544655,20.0842743,9.39117432,-45.0381165
26.3644235,20.3837357,9.19019318,-44.5347595
26.3743815,20.3834991,9.54118347,-44.6566772
26.3843395,20.5634079,9.30588531,-44.250946
26.3942975,20.7957153,9.52239227,-44.4902344
26.4042555,20.9093094,9.27729797,-44.2810059
26.4142135,20.9214325,9.49901581,-44.6826172
26.4241715,20.8679123,9.36387634,-44.2204895
26.4341295,20.8460617,9.56835175,-44.5462952
26.4440875,20.6602325,9.54319,-44.349823
26.4540455,20.6339111,9.65891266,-44.7293091
26.4640035,20.5844955,9.4812851,-44.5032959
26.4739615,20.3698807,9.70139313,-44.8522644
26.4839195,20.375145,9.59603119,-44.5808411
26.4938775,20.524292,9.64276886,-44.7744446
26.5038355,20.611618,9.55387115,-44.7814941
26.5137935,20.6426315,9.34352875,-44.906189
26.5237515,20.7410355,9.31948853,-44.8906555
26.5337095,20.9577637,9.40655518,-44.7108459
26.5436675,20.7583618,9.38243866,-44.865448
26.5536255,20.7719955,9.24277496,-44.7245789
26.5635835,20.7719955,9.24277496,-44.7245789
26.5735415,20.7080383,9.2975769,-44.9316711
26.5834995,20.6156311,9.22740173,-44.578186
26.5934575,20.3376694,9.1723175,-44.7282715
26.6034155,20.1349335,8.97847748,-44.5682983
26.6133735,19.9738998,9.17603302,-44.7860413
26.6233315,19.8313065,9.20228577,-44.8518066
26.6332895,19.6117554,9.45388794,-44.8998413
26.6432475,19.3457489,9.61934662,-45.0657959
26.6532045,19.1797104,9.85490417,-44.9000244
26.6631625,19.0534668,10.2447815,-45.0406189
26.6731205,19.0699005,10.4244537,-44.6860962
26.6830785,18.9995651,10.7582474,-44.7204285
26.6930365,18.753685,11.2449722,-44.7459412
26.7029945,18.6676102,11.5048523,-44.6806946
26.7129525,18.7107468,11.8691101,-44.8295593
26.7229105,18.539566,11.9978333,-44.7777405
26.7328685,18.3981628,12.4704666,-44.8013916
26.7428265,18.3143845,12.6585312,-44.6629639
26.7527845,18.1612473,13.0476456,-44.5975037
26.7627425,18.1576309,13.0506516,-44.2713623
26.7727005,18.1780396,13.4043427,-44.4569092
26.7826585,17.9949341,13.207634,-44.3201904
26.7926165,17.750885,13.8696671,-44.6731873
26.8025745,17.8784409,13.8192291,-44.3949585
26.8125325,17.6654816,14.2940598,-44.7467651
26.8224905,17.632431,14.2770081,-44.0708923
26.8324485,17.3933334,14.9614258,-44.4577026
26.8424065,17.3341675,14.9505692,-44.14151
26.8523645,17.0523834,15.4218597,-44.5194092
26.8623225,16.8489609,15.5271606,-44.2427063
26.8722805,16.5909042,16.053009,-44.6200256
26.8822385,16.1958237,16.2465744,-44.559021
26.8921965,15.9613342,16.6466599,-44.6133423
26.9021545,15.5630722,16.666687,-44.5083313
26.9121125,15.2440338,16.9986725,-44.6384583
26.9220705,15.2346878,17.0044403,-44.6393127
26.9320285,15.1056061,17.4869614,-44.5230713
26.9419865,14.7879486,17.7194977,-44.7944946
26.9519435,14.2785873,17.9948196,-44.6293945
26.9619015,13.8233261,18.2258682,-44.3613586
26.9718595,13.4254303,18.5002594,-44.3786011
26.9818175,13.0932999,18.7229385,-44.3297424
26.9917755,12.720047,19.0971756,-44.6126709
27.0017335,12.3207321,19.2313385,-44.3192444
27.0116915,11.8772507,19.5902405,-44.5963135
27.0216495,11.483551,19.663559,-44.4595947
27.0316075,10.8884888,19.8270569,-44.5437317
27.0415655,10.4061279,20.1220627,-44.5658569
27.0515235,10.0215302,20.4789658,-44.8484802
27.0614815,9.44197083,20.7528458,-44.6726074
27.0714395,9.08346558,21.1279984,-44.8007812
27.0813975,8.67108917,21.4676743,-44.7805481
27.0913555,8.09164429,21.6924515,-44.566864
27.1013135,7.70009613,22.0544968,-44.537262
27.1112715,7.02720642,22.1783676,-44.4159851
27.1212295,6.64237213,22.5007095,-44.4663391
27.1311875,6.36486053,22.6093063,-44.394989
27.1411455,5.90871429,22.5711899,-44.3945923
27.1511035,5.2715683,22.8105469,-44.5016785
27.1610615,5.08669281,22.946106,-44.2165222
27.1710195,4.39550781,23.1956329,-44.4901123
27.1809775,4.22467041,23.2480621,-44.1673889
27.1909355,3.73764801,23.5083237,-44.4619751
27.2008935,3.5402298,23.4998245,-44.2501526
27.2108516,3.0316391,23.7046661,-44.2633667
27.2208096,2.78548431,23.4871521,-43.9703369
27.2307666,2.085495,23.9447174,-44.5292053
27.2407246,1.85042572,23.7164459,-44.155304
27.2506826,1.16533661,23.8766861,-44.5094299
27.2606406,0.849899292,23.6363449,-44.0586548
27.2705986,0.849899292,23.6363449,-44.0586548
27.2805566,0.213951111,23.8579025,-44.3665161
27.2905146,-0.0702819824,23.6408844,-44.1548157
27.3004726,-0.458976746,23.8263702,-44.4228821
27.3104306,-0.688171387,23.6368103,-44.1459961
27.3203886,-1.17342377,23.6201019,-44.3139648
27.3303466,-1.38512421,23.5628891,-44.0755005
27.3403046,-1.77719116,23.5196152,-43.9832764
27.3502626,-1.92311859,23.6209946,-43.87854
27.3602206,-2.42533112,23.5301132,-44.0913696
27.3701786,-2.71589661,23.4342957,-43.9259949
27.3801366,-2.95916748,23.3203888,-43.9744263
27.3900946,-3.31319427,23.3159027,-44.3714905
27.4000526,-3.5916748,23.210022,-44.3966064
27.4100106,-4.03717041,23.2566833,-44.7497559
27.4199686,-4.13050842,23.1064758,-44.570282
27.4299266,-4.50293732,23.0071564,-44.8711243
27.4398846,-4.61492157,22.8601837,-44.7151489
27.4498426,-4.91945648,22.7564087,-45.0205078
27.4598006,-5.07472229,22.6989975,-44.901123
27.4697586,-5.40874481,22.637886,-45.0863342
27.4797166,-5.75389862,22.4468613,-44.9768372
27.4896746,-6.04135895,22.2473526,-45.0138245
27.4996326,-6.23923492,22.0594025,-45.1777344
27.5095906,-6.35122681,21.9606323,-45.1775513
27.5195476,-6.43769073,21.9593201,-45.0359192
27.5295056,-6.65048218,21.7990875,-45.1271362
27.5394636,-6.68836212,21.7131042,-45.1403809
27.5494216,-6.90731049,21.6083832,-45.1548462
27.5593796,-7.12454987,21.4609756,-45.3616028
27.5693376,-7.26369476,21.4914474,-45.3483582
27.5792956,-7.47834778,21.4422226,-45.217804
27.5892536,-7.67910004,21.4265213,-45.214386
27.5992116,-7.78274536,21.4027481,-44.95578
27.6091696,-8.23887634,21.5110855,-45.0263062
27.6191276,-8.23619843,21.5182343,-45.0295105
27.6290856,-8.31330109,21.3844757,-44.787384
27.6390436,-8.72628021,21.306488,-44.9827271
27.6490016,-8.73769379,21.3749084,-44.8168335
27.6589596,-9.17203522,21.5363312,-45.1126709
27.6689176,-9.00236511,21.4404602,-44.6716309
27.6788756,-9.32432556,21.5503769,-44.8297119
27.6888336,-9.35861969,21.4547653,-44.49646
27.6987916,-9.43463898,21.5802231,-44.8744812
27.7087496,-9.18552399,21.4143295,-44.7013245
27.7187076,-9.35928345,21.4680099,-44.8528748
27.7286656,-9.13751984,21.208931,-44.7995911
27.7386236,-9.44634247,21.2287064,-44.9237366
27.7485816,-9.17216492,21.1003342,-45.1462402
27.7585396,-9.34238434,21.0634537,-45.0218506
27.7684976,-9.30469513,21.0178909,-45.1321106
27.7784546,-9.17282104,21.0385208,-45.269928
27.7884126,-9.42783356,21.0805893,-45.2520752
27.7983706,-9.84644318,21.0052109,-45.0366516
27.8083286,-10.0516739,21.1171799,-44.8131714
27.8182866,-10.1952515,21.2821884,-44.7494812
27.8282446,-10.6020966,21.300621,-44.7905884
27.8382026,-10.7083054,21.3801651,-44.5352783
27.8481606,-11.0529556,21.5309067,-44.5126953
27.8581186,-11.201088,21.5047531,-44.4898071
27.8680766,-11.4910431,21.4863052,-44.4373474
27.8780346,-11.4914322,21.503685,-44.324646
27.8879926,-11.6802597,21.5371323,-44.2311707
27.8979506,-11.5241089,21.6785049,-44.2684937
27.9079086,-11.4796982,21.483696,-44.4258728
27.9178666,-11.1592484,21.5446243,-44.3921204
27.9278246,-11.0699692,21.7096024,-44.5203247
27.9377826,-11.0846939,21.5353928,-44.4264221
27.9477406,-10.946167,21.7403793,-44.2423401
27.9576986,-10.8314209,21.7070694,-44.6487122
27.9676566,-10.8314209,21.7070694,-44.6487122
27.9776146,-10.6743317,21.7806473,-44.5947876
27.9875726,-10.7563477,21.5400009,-44.4661865
27.9975306,-10.779068,21.6399002,-44.5425415
28.0074886,-10.7089691,21.5308914,-44.6586304
28.0174466,-10.821106,21.5686874,-44.8924255
28.0274036,-10.7650146,21.5888748,-44.7755737
28.0373616,-11.0125198,21.6119919,-44.9823608
28.0473196,-10.9064026,21.4986801,-44.556366
28.0572776,-11.171524,21.6842117,-44.6987915
28.0672356,-10.8999863,21.5277176,-44.5471191
28.0771936,-11.3014908,21.543541,-44.7749329
28.0871516,-10.9596329,21.5605392,-44.778595
28.0971096,-11.2217712,21.5400772,-44.8739014
28.1070676,-11.0640717,21.5378189,-44.4573669
28.1170256,-11.4214478,21.5737686,-44.698822
28.1269836,-11.2047729,21.4988937,-44.3963013
28.1369416,-11.6436691,21.4030228,-44.589325
28.1468996,-11.2643509,21.3406754,-44.5704041
28.1568576,-11.6257706,21.3597183,-44.5187378
28.1668156,-11.4964828,21.2864304,-44.4425354
28.1767736,-11.686676,21.2667847,-44.3982544
28.1867316,-11.7647476,21.1667328,-44.4237061
28.1966896,-11.8831253,21.130188,-44.4587097
28.2066476,-11.9624557,21.0209503,-44.5331726
28.2166057,-12.0491257,20.9283447,-44.4709167
28.2265637,-12.1919861,20.7563782,-44.5415344
28.2365217,-12.2842484,20.6333313,-44.3009338
28.2464797,-12.5003891,20.5890045,-44.5752869
28.2564377,-12.6773758,20.5617218,-44.4762878
28.2663957,-12.86866,20.2904205,-44.5466919
28.2763537,-12.9127426,20.2586823,-44.4356995
28.2863107,-13.1080856,19.9857178,-44.7923889
28.2962687,-13.0465012,19.9593811,-44.7378235
28.3062267,-13.2710571,19.8439331,-44.7411499
28.3161847,-13.2112503,19.8848114,-44.6928711
28.3261427,-13.2112503,19.8848114,-44.6928711
28.3361007,-13.3714447,19.8277283,-44.682373
28.3460587,-13.5639725,19.7854004,-44.4941711
28.3560167,-13.6225281,19.7750549,-44.4547119
28.3659747,-13.8543701,19.7878265,-44.5849304
28.3759327,-14.0941772,19.8448334,-44.3572083
28.3858907,-14.1881485,19.9977264,-44.4016113
28.3958487,-14.4415817,19.9089508,-44.3502808
28.4058067,-14.4597549,19.8764954,-44.4689941
28.4157647,-14.5889893,19.6614075,-44.4614868
28.4257227,-14.4374619,19.579422,-44.5084839
28.4356807,-14.445816,19.4814453,-44.8198547
28.4456387,-14.1807785,19.33284,-44.6724854
28.4555967,-14.0859222,19.2155533,-44.9242249
28.4655547,-14.0009155,18.9231491,-45.0840454
28.4755127,-14.1815338,18.6996765,-45.1051025
28.4854707,-14.1296539,18.5682297,-45.1136475
28.4954287,-14.3296814,18.451767,-45.0340576
28.5053867,-14.1326675,18.3440628,-44.7709045
28.5153447,-14.6753922,18.1020889,-45.1496277
28.5253017,-14.5016861,17.9952011,-45.064209
28.5352597,-14.7552719,17.7834396,-45.333313
28.5452177,-14.3163605,17.6914825,-45.1582642
28.5551757,-14.5496292,17.4239502,-45.4311218
28.5651337,-14.27211,17.3781052,-45.0842896
28.5750917,-14.4859848,17.3045349,-45.5647888
28.5850497,-14.0162506,17.2803955,-45.5048523
28.5950077,-14.0988159,17.2078094,-45.7060242
28.6049657,-13.8588257,17.2167969,-45.803894
28.6149237,-13.9428864,17.1106873,-45.8811035
28.6248817,-13.9343872,17.2006836,-45.7817993
28.6348397,-13.9092178,17.1359024,-45.7583008
28.6447977,-14.0539398,17.1107712,-45.9328613
28.6547557,-14.1851959,17.0868301,-45.8595581
28.6647137,-14.4392166,17.0676041,-45.6224976
28.6746717,-14.4392166,17.0676041,-45.6224976
28.6846297,-14.5264816,17.069252,-45.5346069
28.6945877,-14.7056427,17.1227417,-45.642395
28.7045457,-14.7518768,17.0892258,-45.5391846
28.7145037,-15.0703812,17.1047363,-45.7779846
28.7244617,-15.0469666,17.2742691,-45.3603516
28.7344197,-15.0966263,17.3743591,-45.5847778
28.7443777,-15.1372147,17.4273911,-45.5084839
28.7543357,-15.1700516,17.5206985,-45.3636475
28.7642927,-15.1923828,17.3689651,-45.1997375
28.7742507,-15.2098618,17.4045639,-45.1560669
28.7842087,-15.2067642,17.3825684,-45.321106
28.7941667,-15.1767807,17.2800751,-45.1001282
28.8041247,-15.0713196,17.2064743,-45.1141357
28.8140827,-14.9506836,17.1081543,-45.1736145
28.8240407,-14.8733597,16.990242,-45.2011414
28.8339987,-14.9047394,16.8789673,-45.4064941
28.8439567,-14.7288895,17.1717148,-45.5358582
28.8539147,-14.566658,17.1516418,-45.6582642
28.8638727,-14.243721,17.0394669,-45.4253235
28.8738307,-14.346962,16.9780197,-45.5791016
28.8837887,-14.0980453,16.8678436,-45.6745911
28.8937467,-14.0345154,16.9296112,-45.6458435
28.9037047,-13.7297897,16.9701004,-45.3308716
28.9136627,-14.0267487,16.9903259,-45.6029358
28.9236207,-13.904953,16.867363,-45.4198608
28.9335787,-14.2473373,16.8556366,-45.6335754
28.9435367,-13.9844818,16.827919,-45.4288635
28.9534947,-14.2767639,16.7732315,-45.8026733
28.9634527,-13.7979584,16.9362259,-45.5870056
28.9734097,-13.8383179,17.006546,-45.9578552
28.9833677,-13.4857559,16.9504242,-45.2989807
28.9933257,-13.5719147,16.9650574,-45.8914185
29.0032837,-13.0879288,17.0286179,-45.8153687
29.0132417,-13.2992935,16.9601517,-46.1705933
29.0231997,-13.1292191,16.9577408,-45.933075
29.0331577,-13.1292191,16.9577408,-45.933075
29.0431157,-13.4493332,16.7138214,-45.8891602
29.0530737,-13.6166,16.6944809,-45.8261719
29.0630317,-13.7024002,16.6400681,-45.7871704
29.0729897,-13.8078995,16.5780869,-45.9476318
29.0829477,-13.9033813,16.3953552,-45.9808044
29.0929057,-14.043808,16.2963333,-45.9298401
29.1028637,-14.122963,16.2070541,-45.9329834
29.1128217,-14.3366852,16.0785065,-46.0203247
29.1227797,-14.2469711,16.1116409,-45.7913818
29.1327377,-14.4458084,16.1296005,-45.9160156
29.1426957,-14.3137665,15.9980164,-45.7658691
29.1526537,-14.7058945,15.7871933,-45.8511353
29.1626117,-14.7378464,15.8359146,-45.7697449
29.1725697,-14.8236389,15.8444366,-45.7579041
29.1825277,-14.9868851,15.7277527,-45.7972717
29.1924857,-14.9558182,15.6301575,-45.8483582
29.2024437,-14.930275,15.5879745,-45.7184448
29.2124004,-14.9036636,15.5582504,-45.7039795
29.2223584,-15.1447983,15.3806229,-45.6317444
29.2323164,-15.0738373,15.341011,-45.6194458
29.2422744,-15.1937714,15.246727,-45.8257141
29.2522324,-15.3079758,15.0952835,-45.5822449
29.2621904,-15.2057724,14.9981689,-45.5540161
29.2721484,-15.4903107,14.7831039,-45.5245361
29.2821064,-15.3852692,14.8415451,-45.4223938
29.2920644,-15.6833878,14.8281021,-45.7108459
29.3020224,-15.7648773,14.6680145,-45.2552795
29.3119804,-16.2179947,14.4470291,-45.6858215
29.3219384,-16.0755386,14.3847656,-45.3912048
29.3318964,-16.3653717,14.3435974,-45.8483582
29.3418544,-16.194458,14.2407074,-45.596344
29.3518124,-16.6116867,14.1819382,-45.9546814
29.3617704,-16.3384781,14.1154099,-45.5083008
29.3717284,-16.8066635,13.8823776,-45.9742737
29.3816864,-16.8066635,13.8823776,-45.9742737
29.3916444,-16.8302078,13.8045425,-45.3786926
29.4016024,-17.2892914,13.6148605,-45.5628662
29.4115604,-17.169342,13.4992218,-45.4896545
29.4215174,-17.4495087,13.3985672,-45.7151489
29.4314754,-17.4924622,13.2634354,-45.3999023
29.4414334,-17.9867706,12.9873962,-45.3838806
29.4513914,-17.9984741,13.066185,-45.1469727
29.4613494,-18.2912521,12.8658218,-45.3885193
29.4713074,-18.5164566,12.6368713,-45.1820679
29.4812654,-18.6682129,12.5358276,-44.8925171
29.4912234,-18.8261261,12.2401505,-45.0180664
29.5011814,-18.991127,12.1222153,-44.8396301
29.5111394,-19.1029892,11.8215637,-45.0106812
29.5210974,-19.1499023,11.5880508,-45.1040344
29.5310554,-19.3441925,11.4235153,-45.1455688
29.5410134,-19.3252258,11.1369171,-44.9010925
29.5509714,-19.6249313,10.8311768,-45.122345
29.5609294,-19.5530014,10.615593,-44.8607483
29.5708874,-19.9374313,10.3683548,-45.0651245
29.5808454,-19.958046,10.2114487,-45.0266418
29.5908034,-20.3224716,9.73500061,-45.1304016
29.6007614,-20.4527359,9.60520935,-44.921875
29.6107194,-20.6864853,9.25749207,-44.8475037
29.6206774,-21.0819778,8.88373566,-44.9566345
29.6306344,-21.2949524,8.57811737,-44.9196777
29.6405924,-21.5447388,8.36833191,-44.8604431
29.6505504,-21.6452026,8.02129364,-44.6029053
29.6605084,-21.9982758,7.75871277,-44.764801
29.6704664,-22.2055588,7.24797058,-44.5802917
29.6804244,-22.4109268,7.05622101,-44.8136292
29.6903824,-22.6910248,6.60938263,-44.7631836
29.7003404,-22.7654114,6.12405396,-44.3896179
29.7102984,-23.1966553,5.60704803,-44.5310364
29.7202564,-23.2588501,5.40367126,-44.5275574
29.7302144,-23.501442,4.64567566,-43.9076538
29.7401724,-23.501442,4.64567566,-43.9076538
29.7501304,-23.3813019,4.35813141,-43.6892395
29.7600884,-23.7879181,3.71092224,-43.8036804
29.7700464,-23.8021317,3.62744904,-43.5751038
29.7800044,-24.2495804,3.03675842,-43.529541
29.7899624,-24.2452011,2.9901123,-43.138855
29.7999204,-24.8866501,2.26792908,-43.3411255
29.8098784,-24.9180603,2.1439743,-43.3111877
29.8198364,-25.0660095,1.3649292,-43.5567017
29.8297934,-24.8815002,1.22325134,-43.4397583
29.8397514,-25.1747131,0.465324402,-43.7018127
29.8497094,-24.8582687,0.0275497437,-43.4732361
29.8596674,-25.0730362,-0.707084656,-43.6739197
29.8696254,-24.8003845,-0.979629517,-43.5508423
29.8795834,-24.8579254,-1.57679749,-43.6015015
29.8895414,-24.5521927,-1.88012695,-43.5469971
29.8994994,-24.4305954,-2.38215637,-43.865448
29.9094574,-24.3924179,-2.74822235,-43.8049316
29.9194154,-24.4685822,-3.35591125,-43.9443665
29.9293734,-24.6455383,-3.82990265,-43.9068298
29.9393314,-24.5212479,-4.14680481,-43.6619568
29.9492894,-24.5374374,-4.57496643,-43.7889404
29.9592474,-24.4045639,-4.9551239,-43.716217
29.9692054,-24.5155563,-5.41933441,-43.8240662
29.9791634,-24.334198,-5.45088959,-43.8598022
29.9891214,-24.4110565,-5.6758728,-43.9519958
29.9990794,-24.155014,-5.9356842,-43.9269104
30.0090374,-24.1395416,-6.38674164,-44.0126038
30.0189954,-23.9704132,-6.54908752,-44.0219727
30.0289524,-23.8440552,-6.86933899,-43.9810181
30.0389104,-23.7625885,-6.95671844,-43.9679871
30.0488684,-23.6781464,-7.10601044,-43.9358521
30.0588264,-23.6852951,-7.47748566,-43.9163818
30.0687844,-23.9046402,-7.87846375,-43.7271729
30.0787424,-23.8427505,-8.06835175,-43.7983398
30.0887004,-23.8427505,-8.06835175,-43.7983398
30.0986584,-23.7806396,-8.34570312,-43.7465515
30.1086164,-23.8692627,-8.67853546,-43.479248
30.1185744,-23.9945526,-9.02141571,-43.3293762
30.1285324,-23.7657166,-9.05715179,-43.3216553
30.1384904,-23.7873383,-9.39315033,-43.5030823
30.1484484,-23.6972198,-9.57255554,-43.635376
30.1584064,-23.5998535,-9.97808075,-43.7221069
30.1683644,-23.428894,-10.0263062,-43.311615
30.1783224,-23.2290955,-10.4991837,-43.7331543
30.1882804,-23.061203,-10.3878937,-43.5897217
30.1982384,-23.0109406,-10.7837753,-43.5679626
30.2081964,-22.803772,-10.5882187,-43.4609985
30.2181539,-22.7598572,-11.1497803,-43.8916626
30.2281119,-22.6391754,-11.0990677,-43.6812134
30.2380699,-22.6158295,-11.5189743,-44.0892944
30.2480279,-22.4429626,-11.3069305,-43.6471863
30.2579859,-22.4701691,-11.7097244,-43.9618835
30.2679439,-22.3746643,-11.1829376,-43.670105
30.2779019,-22.5848999,-11.5355301,-43.9161377
30.2878599,-22.6442566,-11.3524933,-43.8388367
30.2978179,-22.810257,-11.600174,-43.8166809
30.3077759,-22.8509216,-11.3959961,-43.6748352
30.3177339,-22.8887939,-11.5709381,-43.8085022
30.3276919,-22.8647614,-11.6023483,-43.6250916
30.3376499,-22.8129883,-11.7369614,-43.5438232
30.3476079,-22.6497116,-11.7881851,-43.4901123
30.3575659,-22.4715805,-11.7618942,-43.5154114
30.3675239,-22.3649368,-12.1144638,-43.5697327
30.3774819,-22.3775406,-12.0657196,-43.6377563
30.3874399,-22.4762192,-12.1883698,-43.5488892
30.3973979,-22.3485947,-12.3095398,-43.4665222
30.4073549,-22.4733047,-12.5147476,-43.4248352
30.4173129,-22.6093216,-12.480072,-43.4119873
30.4272709,-22.6045456,-12.6716461,-43.6600647
30.4372289,-22.6045456,-12.6716461,-43.6600647
30.4471869,-22.7093735,-12.8318634,-43.2279358
30.4571449,-22.7353134,-13.0384293,-43.3384094
30.4671029,-22.7828445,-12.9659271,-43.2844849
30.4770609,-22.7936935,-13.169342,-43.1206665
30.4870189,-22.7052689,-13.2054901,-43.1225586
30.4969769,-22.6226425,-13.3007584,-43.2408142
30.5069349,-22.6463394,-13.3209534,-43.5458069
30.5168929,-22.4623795,-13.2847366,-43.6148071
30.5268509,-22.2471237,-13.3234329,-43.3239746
30.5368089,-22.2998428,-13.3786316,-43.3077087
30.5467669,-22.3091354,-13.4457703,-43.3701172
30.5567249,-22.1331863,-13.4860153,-43.2004089
30.5666829,-22.0216751,-13.4838409,-43.3529053
30.5766409,-22.2395248,-13.6868515,-43.5135193
30.5865979,-22.1892166,-13.4778214,-43.3439636
30.5965559,-22.2148972,-13.9098511,-43.5227661
30.6065139,-22.1766129,-13.4803543,-43.5748291
30.6164719,-22.1733017,-13.825058,-43.7625732
30.6264299,-22.1625748,-13.145874,-43.6063843
30.6363879,-22.2257309,-13.5560455,-43.780365
30.6463459,-22.1193771,-13.1179733,-43.4386902
30.6563039,-22.2450027,-13.6359024,-43.8045654
30.6662619,-22.2296829,-13.1587448,-43.8272095
30.6762199,-22.3081741,-13.4227829,-44.0464783
30.6861779,-22.3872147,-13.0990677,-43.7053833
30.6961359,-22.5752335,-13.2301941,-44.0122681
30.7060939,-22.7467422,-12.9370804,-43.7019043
30.7160519,-22.7993088,-13.1743469,-43.548584
30.7260099,-22.8693924,-12.8551712,-43.4778748
30.7359679,-22.98983,-12.9690704,-43.5074463
30.7459259,-23.0065384,-12.8857727,-43.3656616
30.7558839,-22.9501877,-12.9437332,-43.4758911
30.7658409,-23.1084824,-12.8842316,-43.6157837
30.7757989,-23.0830002,-12.9586868,-43.2213745
30.7857569,-22.9473495,-12.9674301,-43.3721313
30.7957149,-22.9473495,-12.9674301,-43.3721313
30.8056729,-22.8418808,-12.8103409,-43.4194946
30.8156309,-22.9926224,-12.9355469,-43.332489
30.8255889,-22.9603806,-12.9917068,-43.117157
30.8355469,-22.9971237,-12.9897003,-43.3574524
30.8455049,-22.9860458,-12.8950806,-43.4659119
30.8554629,-23.0991287,-12.9726715,-43.4480286
30.8654209,-23.109581,-12.9251556,-43.4272156
30.8753789,-23.0215988,-12.8872147,-43.1758728
30.8853369,-23.0141373,-12.8598557,-43.1553955
30.8952949,-23.0705032,-12.8561707,-43.3772278
30.9052529,-23.0415421,-12.6314316,-43.322876
30.9152109,-22.9439468,-12.6613541,-43.2993774
30.9251689,-23.032753,-12.5605087,-43.4220886
30.9351269,-23.0514908,-12.4896774,-43.3187256
30.9450839,-23.0554276,-12.5122223,-43.4619141
30.9550419,-22.9128036,-12.4579163,-43.3859558
30.9649999,-23.0416946,-12.406456,-43.5455017
30.9749579,-22.9432602,-12.28862,-43.4270935
30.9849159,-22.8341827,-12.095459,-43.1303711
30.9948739,-22.9117126,-11.9084702,-43.2158203
31.0048319,-22.8746796,-11.6994629,-43.6105347
31.0147899,-23.0613098,-11.9441376,-43.5921936
31.0247479,-23.045639,-11.5626373,-43.5037231
31.0347059,-23.1306152,-11.6824493,-43.5838318
31.0446639,-22.9334869,-11.2630386,-43.4766235
31.0546219,-23.1437988,-11.506485,-43.8023376
31.0645799,-23.0788879,-11.0625839,-43.6394348
31.0745379,-23.1509705,-11.2585144,-43.8660889
31.0844959,-23.1920319,-10.844574,-43.6176758
31.0944539,-23.1200409,-10.8596954,-44.1408997
31.1044119,-22.8298492,-10.3965759,-43.7546387
31.1143689,-22.9126434,-10.6413498,-43.9594421
31.1243269,-22.869133,-10.2677994,-43.7560425
31.1342849,-22.8508987,-10.5088882,-43.7860718
31.1442429,-22.8508987,-10.5088882,-43.7860718
31.1542009,-22.6419907,-10.0796585,-43.9561768
31.1641589,-22.7056198,-10.1685715,-44.1773376
31.1741169,-22.7959213,-9.96891022,-43.9592896
31.1840749,-22.7681808,-10.0216751,-44.1639099
31.1940329,-22.7530899,-9.87893677,-43.946106
31.2039909,-22.7338791,-9.68000793,-44.0487061
31.2139488,-22.7377396,-9.71839142,-44.0803833
31.2239068,-22.7166977,-9.58938599,-43.8603516
31.2338648,-23.0005264,-9.56869507,-43.9492493
31.2438228,-22.9148483,-9.42175293,-43.7821045
31.2537808,-23.095253,-9.44874573,-44.2680054
31.2637388,-23.1453934,-9.20082855,-44.1731567
31.2736968,-23.0549393,-9.13555908,-44.2844849
31.2836538,-23.088829,-8.92646027,-43.9084473
31.2936118,-23.1344528,-9.04843903,-44.1488647
31.3035698,-23.2197189,-9.03475189,-44.1517944
31.3135278,-23.1706924,-9.00920105,-44.1535339
31.3234858,-23.3215714,-8.99010468,-43.9828186
31.3334438,-23.3577805,-9.12413788,-44.0296631
31.3434018,-23.3202438,-9.01127625,-43.8901367
31.3533598,-23.4981461,-9.18708038,-43.7177429
31.3633178,-23.5658951,-9.09134674,-43.7294312
31.3732758,-23.6734543,-9.19759369,-43.576355
31.3832338,-23.7239151,-9.15717316,-43.5584412
31.3931918,-23.8386612,-9.39278412,-43.5911255
31.4031498,-23.8066635,-9.38043976,-43.6133118
31.4131078,-23.8022995,-9.49167633,-43.5590515
31.4230658,-23.8892746,-9.40210724,-43.4054565
31.4330238,-23.9555435,-9.59636688,-43.4258423
31.4429818,-23.9955978,-9.37715912,-43.2952271
31.4529388,-23.8909073,-9.75831604,-43.3469238
31.4628968,-23.882225,-9.37584686,-43.0292969
31.4728548,-24.1220932,-9.70159912,-43.0285034
31.4828128,-24.14785,-9.28482819,-42.9780273
31.4927708,-24.14785,-9.28482819,-42.9780273
31.5027288,-24.3968735,-9.55158997,-43.0312195
31.5126868,-24.3457718,-9.00052643,-42.7337952
31.5226448,-24.445015,-9.22640991,-43.0117493
31.5326028,-24.1171494,-8.75942993,-42.7346802
31.5425608,-24.1433487,-9.0521698,-43.07724
31.5525188,-23.9157028,-8.48695374,-42.9593811
31.5624768,-23.7153244,-8.70083618,-43.3531494
31.5724348,-23.4403763,-8.28047943,-43.3514404
31.5823928,-23.3367233,-8.48968506,-43.5958862
31.5923508,-23.1592026,-8.18977356,-43.3588257
31.6023088,-22.9705124,-8.07629395,-43.5000305
31.6122658,-22.9481125,-7.92720795,-43.5805359
31.6222238,-23.0503769,-7.95624542,-43.4031982
31.6321818,-23.0302353,-8.0205307,-43.3679504
31.6421398,-22.9987869,-8.13114166,-43.2044983
31.6520978,-23.0449448,-8.37686157,-43.2101135
31.6620558,-23.1253586,-8.52120209,-43.2034607
31.6720138,-23.3010788,-8.79069519,-43.4098511
31.6819718,-23.2025223,-8.85358429,-42.9798889
31.6919298,-23.0417557,-9.21432495,-43.0413818
31.7018878,-22.7911453,-9.21096039,-43.2078857
31.7118458,-22.5216293,-9.34622192,-43.2138062
31.7218038,-22.4276047,-9.20980072,-43.2014465
31.7317618,-22.2406845,-9.21151733,-43.3170776
31.7417198,-22.0555649,-9.22519684,-43.0754395
31.7516778,-22.0232925,-9.26931,-43.2037964
31.7616358,-21.8053818,-9.28791809,-43.0793152
31.7715938,-21.6788559,-9.34391022,-43.2997131
31.7815508,-21.6673355,-9.51085663,-43.2427979
31.7915088,-21.7068253,-9.47059631,-43.4920654
31.8014668,-21.4042587,-9.45488739,-43.6238098
31.8114248,-21.3165665,-9.53421783,-43.5315552
31.8213828,-20.9612656,-9.33078003,-43.611969
31.8313408,-21.0924149,-9.40517426,-43.6422119
31.8412988,-20.8343887,-9.19458771,-43.7266235
31.8512568,-20.8343887,-9.19458771,-43.7266235
31.8612148,-20.9543686,-9.43158722,-43.9538879
31.8711728,-20.8633041,-9.14013672,-43.6596985
31.8811308,-20.8598557,-9.53432465,-43.6482849
31.8910888,-20.7695541,-9.28263092,-43.4772339
31.9010468,-20.8091965,-9.52291107,-43.8714905
31.9110048,-20.8497543,-9.23265076,-43.682373
31.9209628,-20.8439407,-9.51281738,-43.6954346
31.9309198,-20.6380844,-9.01728821,-43.576416
31.9408778,-20.7785416,-9.3454895,-43.9527893
31.9508358,-20.7339554,-8.88891602,-43.7947083
31.9607938,-20.5474167,-9.17315674,-43.8773499
31.9707518,-20.493782,-8.86341858,-43.8074341
31.9807098,-20.492485,-9.24785614,-44.0167236
31.9906678,-20.1703873,-8.78027344,-44.0003357
32.0006258,-20.2353134,-9.04520416,-44.034729
32.0105838,-19.9738388,-8.7618866,-43.8043518
32.0205418,-19.9493942,-8.84566498,-43.9502258
32.0304998,-20.0353165,-8.84609985,-43.997345
32.0404578,-19.993721,-8.9367218,-44.1239014
32.0504158,-19.939003,-8.98471832,-43.9166565
32.0603738,-20.0798721,-9.00209045,-43.8686829
32.0703318,-20.0534592,-9.10617065,-43.8516235
32.0802888,-19.9495621,-9.10769653,-43.6865845
32.0902468,-19.7981491,-9.24085236,-43.9898376
32.1002048,-19.8692398,-9.14511108,-43.8512573
32.1101628,-20.0381393,-9.29296875,-43.821167
32.1201208,-19.9688644,-9.31498718,-43.5190125
32.1300788,-19.9828873,-9.60302734,-43.4335327
32.1400368,-19.9977493,-9.32025146,-43.5168457
32.1499948,-20.2600021,-9.58784485,-43.4320374
32.1599528,-20.4291153,-9.66159058,-43.42099
32.1699108,-20.3084106,-9.80749512,-43.4181519
32.1798688,-20.5393677,-9.83943176,-43.1694641
32.1898268,-20.6774597,-9.88793945,-43.1705017
32.1997848,-20.6774597,-9.88793945,-43.1705017
32.2097428,-20.6580658,-10.1276855,-43.1477661
32.2197009,-20.7028503,-10.1955643,-42.8256226
32.2296589,-20.6851349,-10.2035904,-42.7550964
32.2396159,-20.6304932,-10.2806473,-42.8443909
32.2495739,-20.2698517,-10.1874924,-43.0214539
32.2595319,-20.293808,-10.3334961,-42.8984375
32.2694899,-20.1110382,-10.0711136,-43.0360107
32.2794479,-19.8851776,-10.0685043,-43.137085
32.2894059,-19.8276825,-9.91572571,-43.3200989
32.2993639,-19.8577271,-10.0632095,-43.2825623
32.3093219,-19.8244171,-9.80883789,-43.3596802
32.3192799,-19.9716797,-10.1017532,-43.5000305
32.3292379,-19.8435974,-9.77346802,-43.3713379
32.3391959,-19.9846039,-10.085144,-43.4694214
32.3491539,-20.0645599,-9.73647308,-43.4078674
32.3591119,-20.1586456,-10.1493912,-43.4056091
32.3690699,-19.9911346,-9.59441376,-43.3502197
32.3790279,-20.1184235,-9.92229462,-43.5453796
32.3889849,-20.1443634,-9.60308075,-43.269989
32.3989429,-20.1386261,-9.94663239,-43.3795776
32.4089009,-20.1550598,-9.70929718,-43.5015564
32.4188589,-20.1334915,-9.93095398,-43.3841248
32.4288169,-20.212471,-9.5990448,-43.2156677
32.4387749,-20.2002182,-9.65036774,-43.3215027
32.4487329,-20.2462997,-9.38078308,-43.2032471
32.4586909,-20.492836,-9.29012299,-43.1222229
32.4686489,-20.7190323,-9.09848022,-43.0480042
32.4786069,-20.9463425,-9.04109955,-43.0522766
32.4885649,-21.1775131,-8.96617126,-43.1727905
32.4985229,-21.3752594,-8.65414429,-43.0657959
32.5084809,-21.6052094,-8.615242,-42.7257996
32.5184389,-21.5666809,-8.29439545,-42.6885986
32.5283969,-21.6926575,-8.36844635,-43.0766907
32.5383539,-21.4807739,-8.07937622,-43.2041016
32.5483119,-21.4807739,-8.07937622,-43.2041016
32.5582699,-21.4745178,-7.91720581,-43.0854797
32.5682279,-21.3731537,-7.65787506,-43.2060242
32.5781859,-21.4114838,-7.57497406,-43.2941895
32.5881439,-21.443985,-7.21102905,-43.1733398
32.5981019,-21.3983459,-7.2027359,-43.2383423
32.6080599,-21.5832367,-7.05567169,-43.2295837
32.6180179,-21.587738,-7.01771545,-43.2782288
32.6279759,-21.6335449,-7.01824188,-43.2074585
32.6379339,-21.5417175,-6.90913391,-43.2155762
32.6478919,-21.6464539,-6.71276855,-43.1408386
32.6578499,-21.5638123,-6.63302612,-43.2918396
32.6678079,-21.6141357,-6.49020386,-43.5223999
32.6777659,-21.6535492,-6.46048737,-43.4385681
32.6877229,-21.6955109,-6.33105469,-43.4240112
32.6976809,-21.59758,-6.38545227,-43.4472351
32.7076389,-21.436615,-6.19326782,-43.4070435
32.7175969,-21.3860016,-6.34631348,-43.498291
32.7275549,-21.289444,-5.99050903,-43.6140442
32.7375129,-21.5424805,-6.17318726,-43.5839233
32.7474709,-21.4266663,-5.73150635,-43.6882629
32.7574289,-21.5296936,-6.09587097,-43.6929932
32.7673869,-21.2955475,-5.65216064,-43.77771
32.7773449,-21.6035309,-6.12313843,-43.7630005
32.7873029,-21.4216003,-5.50418091,-43.7583618
32.7972609,-21.7285004,-5.96169281,-43.4778442
32.8072189,-21.8018188,-5.57012939,-43.4313965
32.8171769,-22.0340424,-5.89360046,-43.5038757
32.8271339,-22.0853729,-5.45033264,-43.3720703
32.8370919,-22.3388824,-5.80975342,-43.5559692
32.8470499,-22.2275925,-5.51010132,-43.2887878
32.8570079,-22.4726639,-5.76415253,-43.5133667
32.8669659,-22.6118698,-5.59858704,-43.2173767
32.8769239,-22.7333145,-5.66410828,-43.2577515
32.8868819,-22.8303757,-5.73139191,-43.163208
32.8968399,-22.8801651,-5.68239594,-43.0405884
32.9067979,-22.8801651,-5.68239594,-43.0405884
32.9167559,-23.0925827,-5.7676239,-43.3023682
32.9267139,-23.3108444,-5.95407867,-43.243103
32.9366719,-23.5139999,-6.13896942,-43.1994019
32.9466299,-23.5398788,-6.12416077,-43.0474243
32.9565879,-23.526207,-6.24399567,-43.0914307
32.9665449,-23.5601883,-6.1914978,-43.0044556
32.9765029,-23.7035446,-6.24697113,-42.9743347
32.9864609,-23.8778076,-5.92282104,-43.164093
32.9964189,-24.2527161,-5.97558594,-43.1144104
33.0063769,-24.3045044,-5.75352478,-43.0963745
33.0163349,-24.4517975,-5.73409271,-43.0147095
33.0262929,-24.4442902,-5.51554108,-42.9495544
33.0362509,-24.5878601,-5.6747818,-42.8998718
33.0462089,-24.5276566,-5.6472702,-43.0392151
33.0561669,-24.5428696,-5.68731689,-43.1854858
33.0661249,-24.5567856,-5.69890594,-43.4525452
33.0760829,-24.3010941,-5.77420044,-43.7079773
33.0860409,-24.0790787,-5.8346405,-43.6511536
33.0959989,-24.0495682,-5.81774139,-43.6577148
33.1059559,-23.9462967,-5.87203979,-43.6864014
33.1159139,-24.1404343,-6.12775421,-43.6483459
33.1258719,-24.1055222,-5.94879913,-44.0040283
33.1358299,-24.1486893,-6.36299133,-43.8294983
33.1457879,-23.9675674,-6.33555603,-43.7717285
33.1557459,-23.9772568,-6.81646729,-43.8204956
33.1657039,-23.7946243,-6.62014008,-44.0891724
33.1756619,-23.8721161,-7.15749359,-44.1351318
33.1856199,-23.6719208,-6.81624603,-44.2758484
33.1955779,-23.6480865,-7.52310944,-44.5270996
33.2055359,-23.4114532,-7.06980896,-44.7757568
33.2154939,-23.4172974,-7.65636444,-44.8971558
33.2254519,-23.2723389,-7.50539398,-45.0345764
33.2354099,-23.0907211,-7.92996216,-45.0544128
33.2453669,-22.8054581,-7.76235199,-45.2749329
33.2553249,-22.8054581,-7.76235199,-45.2749329
33.2652829,-22.6891556,-8.23806763,-45.5387573
33.2752409,-22.4079819,-7.95743561,-45.8296814
33.2851989,-22.4245529,-8.40990448,-45.8936768
33.2951569,-22.0993271,-8.32683563,-46.1350403
33.3051149,-22.0262833,-8.37690735,-46.2432251
33.3150729,-21.8570709,-8.28801727,-46.2129517
33.3250309,-21.759964,-8.34215546,-46.2998657
33.3349889,-21.8362885,-8.56610107,-46.6921082
33.3449469,-21.7676392,-8.4524231,-46.5268555
33.3549049,-21.6134644,-8.65148926,-46.7062378
33.3648629,-21.6571655,-8.51728058,-46.8917236
33.3748199,-21.7692871,-8.72231293,-47.2975159
33.3847779,-21.6607208,-8.60546112,-47.3113403
33.3947359,-21.735199,-8.67221832,-47.2342529
33.4046939,-21.7869415,-8.40810394,-47.4475098
33.4146519,-21.9039459,-8.56820679,-47.8547058
33.4246099,-21.9854889,-8.39672852,-47.710144
33.4345679,-22.0227509,-8.56695557,-47.8144226
33.4445259,-22.1213531,-8.71968079,-47.8085022
33.4544839,-22.2114563,-8.68674469,-47.6108704
33.4644419,-22.2623596,-8.77209473,-47.8242493
33.4743999,-22.395813,-8.62432861,-47.9900513
33.4843579,-22.5029602,-8.60456085,-47.9425354
33.4943159,-22.7078857,-8.66893768,-48.2451782
33.5042729,-22.8049164,-8.52218628,-48.1015015
33.5142309,-22.8022461,-8.41144562,-48.2150879
33.5241889,-22.7515564,-8.26293945,-48.4673462
33.5341469,-22.7072296,-8.26548004,-48.6375122
33.5441049,-22.6601105,-8.06122589,-48.8464355
33.5540629,-22.7166443,-8.30470276,-49.0985413
33.5640209,-22.5399933,-8.05214691,-49.2008972
33.5739789,-22.7827454,-8.29936981,-49.3294067
33.5839369,-22.6982727,-8.08573914,-49.4212341
33.5938949,-22.6780396,-8.53486633,-49.2774353
33.6038529,-22.6780396,-8.53486633,-49.2774353
33.6138109,-22.6881409,-8.19132996,-49.5370483
33.6237689,-22.8218231,-8.69932556,-49.5583801
33.6337269,-22.6850281,-8.38764954,-49.7449951
33.6436839,-22.7839966,-8.91236115,-50.0128479
33.6536419,-22.7358093,-8.6062851,-50.0914307
33.6635999,-22.7662048,-9.10673523,-50.0461426
33.6735579,-22.4979248,-8.65771484,-50.3532104
33.6835159,-22.7830963,-9.13793182,-50.2622986
33.6934739,-22.6308136,-8.68992615,-50.5042114
33.7034319,-22.8009338,-9.0508728,-50.4347534
33.7133899,-22.7993469,-8.71369934,-50.5716248
33.7233479,-22.8309937,-8.88561249,-50.5959167
33.7333059,-23.0380859,-8.82191467,-50.8233643
33.7432639,-22.9667206,-8.84397888,-50.895813
33.7532219,-23.0959625,-9.079216,-51.0903015
33.7631799,-23.0251465,-9.37908173,-51.2943115
33.7731369,-22.7969666,-9.5436554,-51.3774109
33.7830949,-22.4704132,-9.60015869,-51.3595581
33.7930529,-22.4629211,-9.87405396,-51.5482483
33.8030109,-22.3121948,-9.72360992,-51.5309448
33.8129689,-22.3991241,-9.96699524,-51.5601501
33.8229269,-22.4842072,-9.7183609,-51.8351746
33.8328849,-22.5957642,-9.64225769,-51.966095
33.8428429,-23.0045013,-9.3910675,-52.0552063
33.8528009,-23.3309021,-9.49698639,-52.1592712
33.8627589,-23.6255646,-9.45444489,-52.0690613
33.8727169,-23.6799469,-9.7157135,-52.1194458
33.8826749,-23.6082916,-9.9576416,-52.1913452
33.8926329,-23.2778473,-10.4299774,-52.1867371
33.9025899,-22.9217529,-10.7657013,-52.3311157
33.9125479,-22.6884308,-11.1538315,-52.6993713
33.9225059,-22.3366089,-11.3821259,-52.5983887
33.9324639,-22.067688,-11.3889008,-52.8168945
33.9424219,-21.8686218,-11.3511353,-53.0405273
33.9523799,-21.8762665,-11.3555374,-53.0202332
33.9623379,-21.8762665,-11.3555374,-53.0202332
33.9722959,-21.8209076,-11.025528,-53.076355
33.9822539,-21.828537,-11.1627655,-53.109375
33.9922119,-21.9433899,-10.9077759,-53.522644
34.0021699,-22.0119781,-11.0536194,-53.4836426
34.0121279,-21.9140701,-10.7972336,-53.6932983
34.0220849,-22.0953445,-11.2896576,-53.5961914
34.0320429,-22.0022049,-11.0450592,-53.8946228
34.0420009,-22.0338669,-11.5613174,-53.9616089
34.0519589,-21.7557907,-11.1114655,-54.0778503
34.0619169,-21.6353531,-11.3833847,-54.3096924
34.0718749,-21.2211075,-10.8832092,-54.5320129
34.0818329,-21.2415695,-11.0159836,-54.569519
34.0917909,-21.0743637,-10.5081863,-55.0393066
34.1017489,-21.0028,-10.6586914,-54.8717041
34.1117069,-20.8975449,-10.2656708,-55.0984497
34.1216649,-20.8871384,-10.4314117,-54.9958496
34.1316229,-20.7720413,-10.1143875,-55.2533569
34.1415809,-20.8285904,-10.3103027,-55.0982056
34.1515379,-20.9280167,-10.2723999,-55.4595642
34.1614959,-20.8556595,-10.0474319,-55.4719543
34.1714539,-20.9016647,-10.2091599,-55.7513123
34.1814119,-20.805336,-10.0848846,-55.8320923
34.1913699,-20.682457,-9.99690247,-56.1390381
34.2013279,-20.496376,-9.65055084,-56.5367737
34.2112859,-20.3188095,-9.59872437,-56.6672058
34.2212435,-20.2156143,-9.22911835,-56.7570496
34.2312015,-19.936821,-9.19598389,-56.9212036
34.2411595,-19.7632523,-8.79517365,-57.2791748
34.2511175,-19.765007,-8.77835846,-57.6734924
34.2610755,-19.6165237,-8.63550568,-57.7773438
34.2710325,-19.7096634,-8.7312851,-57.9215088
34.2809905,-19.8419571,-8.6679306,-58.1285706
34.2909485,-19.8427811,-8.61257172,-58.0735474
34.3009065,-20.078392,-8.65625,-58.0979614
34.3108645,-20.078392,-8.65625,-58.0979614
34.3208225,-20.1175003,-8.74037933,-58.2789917
34.3307805,-20.1909866,-8.92253876,-58.2454529
34.3407385,-20.5259323,-9.12380219,-58.4674072
34.3506965,-20.5736923,-9.24359894,-58.5173645
34.3606545,-20.5539169,-9.30751801,-58.2895813
34.3706125,-20.631752,-9.36434937,-58.6486816
34.3805705,-20.7095566,-9.54406738,-58.6924438
34.3905285,-20.85215,-9.63963318,-58.8516235
34.4004855,-20.9021072,-9.78958893,-58.9826965
34.4104435,-20.7101974,-9.81636047,-59.2409363
34.4204015,-20.7961502,-10.1268692,-58.9446106
34.4303595,-20.7637253,-9.87626648,-59.1650391
34.4403175,-20.7922592,-10.2344513,-59.1517639
34.4502755,-20.6260605,-10.0698471,-59.7344055
34.4602335,-20.6146317,-10.4403229,-59.7720337
34.4701915,-20.5003128,-10.1616058,-60.0119629
34.4801495,-20.5281906,-10.6884537,-60.0200806
34.4901075,-20.4218521,-10.4299088,-60.4788818
34.5000655,-20.3907242,-10.8903275,-60.4315796
34.5100235,-20.3369522,-10.5640869,-60.8204346
34.5199805,-20.3590622,-10.6091614,-60.8120728
34.5299385,-20.1580429,-10.182106,-61.5667725
34.5398965,-20.3698807,-10.4053726,-61.4266663
34.5498545,-20.0821533,-10.0963287,-61.6343384
34.5598125,-19.9489594,-10.3202209,-61.476532
34.5697705,-19.5607147,-10.1108551,-61.9483337
34.5797285,-19.1503143,-10.1723633,-61.987915
34.5896865,-18.6023865,-10.3076096,-62.3649597
34.5996445,-18.3082581,-10.3316803,-62.8012085
34.6096025,-17.7709961,-10.4522934,-63.1134644
34.6195605,-17.3184967,-10.4057693,-63.3516846
34.6295185,-17.0188293,-10.6754227,-63.6732178
34.6394755,-16.8871689,-10.7049866,-63.8327026
34.6494335,-16.7197037,-11.0198822,-64.0223083
34.6593915,-16.7935638,-10.8994598,-64.2691956
34.6693495,-16.7935638,-10.8994598,-64.2691956
34.6793075,-16.9746857,-11.2299957,-64.3018494
34.6892655,-17.018013,-11.2224655,-64.3783875
34.6992235,-17.1627884,-11.4505844,-64.467804
34.7091815,-17.498085,-11.3610535,-64.6528931
34.7191395,-17.5946045,-11.46492,-64.7852478
34.7290975,-17.482666,-11.5097198,-64.8411255
34.7390555,-17.4805984,-11.4755554,-65.1659241
34.7490135,-17.2564392,-11.3484344,-65.393158
34.7589705,-16.9206314,-11.1742172,-65.6192322
34.7689285,-16.6446991,-11.0858688,-66.05896
34.7788865,-16.4701309,-11.0674133,-66.1639404
34.7888445,-16.1308441,-10.9144363,-66.3386841
34.7988025,-15.5296249,-10.7846832,-66.4858398
34.8087605,-15.3641586,-10.6592026,-66.6694031
34.8187185,-15.2697983,-10.7732773,-66.8102417
34.8286765,-15.1888351,-10.4576569,-67.0340271
34.8386345,-15.1786575,-10.6693039,-66.9506531
34.8485925,-15.0124435,-10.6064377,-67.3778076
34.8585505,-14.8952408,-10.6483459,-67.3312988
34.8685085,-14.8575287,-10.556076,-67.84021
34.8784655,-14.9394836,-10.8917465,-67.9000244
34.8884235,-14.7277374,-10.4307404,-68.0491333
34.8983815,-14.5394058,-10.7405167,-68.3003235
34.9083395,-14.5087509,-10.3097382,-68.4599915
34.9182975,-14.5409012,-10.428421,-68.5603638
34.9282555,-14.5730209,-10.2151794,-68.9555969
34.9382135,-14.5707474,-10.3547058,-68.9423218
34.9481715,-14.5468903,-9.94897461,-69.184967
34.9581295,-14.6114578,-10.1757126,-68.9763489
34.9680875,-14.5184479,-9.87993622,-69.5177917
34.9780455,-14.7688065,-10.1649399,-69.4001465
34.9880035,-14.7582321,-9.82777405,-69.664032
34.9979605,-14.8368988,-9.88411713,-69.8457642
35.0079185,-14.9347839,-10.0588303,-69.9776001
35.0178765,-14.9347839,-10.0588303,-69.9776001
35.0278345,-14.9965057,-10.0280609,-69.945282
35.0377925,-15.0332718,-10.1522369,-69.9112549
35.0477505,-15.2673721,-10.08918,-70.1989441
35.0577085,-15.447403,-10.1962585,-70.153656
35.0676665,-15.6462784,-10.3672485,-70.2637024
35.0776245,-15.7364807,-10.4170456,-70.4157104
35.0875825,-15.8289032,-10.3625565,-70.3518372
35.0975405,-16.2303314,-10.3590469,-70.5082397
35.1074985,-16.3216629,-10.4564514,-70.5298462
35.1174555,-16.2952652,-10.591835,-70.3303223
35.1274135,-16.3532639,-10.6550598,-70.5418396
35.1373715,-16.2773132,-10.6537094,-70.6073303
35.1473295,-16.0982819,-10.7484283,-70.5671387
35.1572875,-16.082222,-10.6925888,-70.7696838
35.1672455,-16.150589,-10.5003891,-70.6531067
35.1772035,-16.2581558,-10.4196167,-70.5524292
35.1871615,-16.4089813,-10.2330322,-70.6142883
35.1971195,-16.6505356,-10.2337189,-70.6699829
35.2070775,-16.8718719,-10.360199,-70.6083069
35.2170359,-17.0528107,-10.35746,-70.4735718
35.2269929,-17.0000229,-10.4531479,-70.4730835
35.2369509,-16.9884872,-10.4605026,-70.4946289
35.2469089,-16.8046875,-10.5386887,-70.6226501
35.2568669,-16.6201477,-10.5233459,-70.5196838
35.2668249,-16.629303,-10.3855667,-70.7316284
35.2767829,-16.4737701,-10.3582535,-70.484375
35.2867409,-16.3085327,-9.92575073,-70.7145691
35.2966989,-16.5310364,-10.0045242,-70.4487305
35.3066569,-16.4801559,-9.80273438,-70.5813904
35.3166149,-16.9333191,-9.95909882,-70.3166809
35.3265729,-16.9395294,-9.75154114,-70.2267151
35.3365309,-17.2006607,-9.90385437,-70.1489563
35.3464879,-17.2500534,-9.69532013,-70.0795898
35.3564459,-17.6213455,-9.84631348,-69.8052063
35.3664039,-17.705925,-9.85558319,-69.8049622
35.3763619,-17.6902466,-9.68547058,-69.929657
35.3863199,-17.9123535,-9.68526459,-69.4703064
35.3962779,-17.8983154,-9.38775635,-69.4975891
35.4062359,-17.916275,-9.24752045,-69.5822144
35.4161939,-17.9536591,-8.96118927,-69.4942017
35.4261519,-17.9240875,-8.86183929,-69.4835815
35.4361099,-17.7672348,-8.53892517,-69.7135925
35.4460679,-17.6815796,-8.26244354,-69.3838501
35.4560249,-17.599968,-7.93199921,-69.5640564
35.4659829,-17.8381729,-7.69219971,-69.7976074
35.4759409,-17.6826477,-7.60089874,-69.5515442
35.4858989,-17.8912048,-7.31495667,-69.4788208
35.4958569,-18.0372162,-7.02072906,-69.7494507
35.5058149,-18.3460541,-6.78341675,-69.6608276
35.5157729,-18.5922852,-6.67455292,-69.6240845
35.5257309,-18.5702591,-6.51742554,-69.4758301
35.5356889,-18.6180878,-6.38005829,-69.3684082
35.5456469,-18.8027725,-6.33288574,-69.0903625
35.5556049,-19.0194092,-6.35681152,-68.9629822
35.5655629,-19.2430573,-6.19448853,-69.1132202
35.5755199,-19.4114685,-6.20603943,-68.9450378
35.5854779,-19.6890411,-6.05509186,-68.6629333
35.5954359,-19.9284821,-5.97702789,-68.5310974
35.6053939,-20.1678925,-6.00539398,-68.2203064
35.6153519,-20.3001709,-6.03938293,-67.984314
35.6253099,-20.6142883,-5.95291901,-67.954895
35.6352679,-20.977478,-6.15699005,-67.403717
35.6452259,-21.1920166,-6.00237274,-67.5094604
35.6551839,-21.4599152,-6.22719574,-67.180542
35.6651419,-21.8309174,-6.1449585,-67.2525635
35.6750999,-22.370285,-6.40963745,-66.6470642
35.6850579,-22.6254425,-6.42177582,-66.6717224
35.6950149,-23.2448883,-6.64131927,-66.4656677
35.7049729,-23.5982971,-6.61283112,-66.3528442
35.7149309,-24.0652771,-7.02371979,-65.9671021
35.7248889,-24.0652771,-7.02371979,-65.9671021
35.7348469,-24.3418427,-7.04090881,-65.9830322
35.7448049,-24.709671,-7.3698349,-65.5091248
35.7547629,-24.9194031,-7.31596375,-65.3570862
35.7647209,-25.3103333,-7.76127625,-64.8939819
35.7746789,-25.4120178,-7.79902649,-65.039093
35.7846369,-25.2489624,-8.01917267,-64.5646362
35.7945949,-25.1665497,-7.90007782,-64.7046814
35.8045519,-25.1047974,-7.77809906,-64.6092834
35.8145099,-24.7355499,-7.25783539,-64.6843872
35.8244679,-24.7069244,-6.90529633,-64.4960938
35.8344259,-24.4087448,-6.32032776,-64.5580139
35.8443839,-24.2826614,-5.75328064,-64.4533997
35.8543419,-24.1008835,-5.1450119,-64.3162842
35.8642999,-24.0312729,-4.77104187,-64.2839966
35.8742579,-24.0625839,-4.62453461,-64.1725159
35.8842159,-24.0567703,-4.48876953,-63.8522644
35.8941739,-23.8843155,-4.46477509,-63.9878845
35.9041319,-23.9127121,-4.54502106,-63.8572083
35.9140889,-23.8516769,-4.79171753,-63.6058044
35.9240469,-23.7108994,-4.70569611,-63.5350342
35.9340049,-23.7444992,-4.92274475,-63.4160767
35.9439629,-23.8072586,-4.98649597,-63.199707
35.9539209,-23.9499435,-5.22550964,-63.0202942
35.9638789,-23.9940262,-5.31575012,-62.8623657
35.9738369,-24.0477066,-5.49013519,-62.4468689
35.9837949,-24.3064194,-5.54932404,-62.1065369
35.9937529,-24.4804153,-5.82151794,-62.1797791
36.0037109,-24.6171951,-6.14865112,-61.9619446
36.0136689,-24.666481,-6.3911972,-61.7507324
36.0236259,-24.5564575,-6.63221741,-61.5772705
36.0335839,-24.4871063,-6.84843445,-61.4002075
36.0435419,-24.4698944,-6.89273834,-61.2702332
36.0534999,-24.3770752,-7.04179382,-61.3087158
36.0634579,-24.3296051,-7.17456818,-61.2827148
36.0734159,-24.3296051,-7.17456818,-61.2827148
36.0833739,-24.0202026,-7.29655457,-60.7940063
36.0933319,-23.9532166,-7.50037384,-60.8634033
36.1032899,-23.7154388,-7.53141785,-60.7046509
36.1132479,-23.7055969,-7.36978149,-60.6857605
36.1232059,-23.6505432,-7.52558899,-60.3485107
36.1331629,-23.5720062,-7.3586731,-60.4700928
36.1431209,-23.5323639,-7.46261597,-60.1315613
36.1530789,-23.4984283,-7.19857025,-60.1131897
36.1630369,-23.4646149,-7.31466675,-59.7311096
36.1729949,-23.3628082,-7.11637878,-59.9234619
36.1829529,-23.507843,-7.28217316,-59.7276001
36.1929109,-23.3549194,-7.05830383,-59.822937
36.2028689,-23.4104462,-7.04727936,-59.6068726
36.2128269,-23.4662323,-6.90545654,-59.47052
36.2227846,-23.5502014,-6.92401886,-59.1426697
36.2327426,-23.6753693,-6.46979523,-59.408783
36.2426996,-23.8446808,-6.57649994,-59.2568359
36.2526576,-24.2019958,-6.24021149,-59.516449
36.2626156,-24.7494049,-6.32335663,-59.2105408
36.2725736,-24.9044495,-6.08232117,-59.2369995
36.2825316,-24.8878937,-6.2538681,-58.9349365
36.2924896,-24.9261169,-6.22817993,-58.5557556
36.3024476,-24.7224121,-6.57763672,-58.3739319
36.3124056,-24.4320526,-6.80350494,-58.3218994
36.3223636,-23.9681091,-6.92359924,-58.4299622
36.3323216,-23.5429535,-7.16205597,-58.6133728
36.3422796,-23.0088348,-7.02855682,-58.6641541
36.3522376,-22.7070465,-7.12680054,-58.8987732
36.3621946,-22.4234619,-7.37459564,-58.9731445
36.3721526,-21.943161,-7.29776001,-58.5204773
36.3821106,-22.0148468,-7.60070801,-58.317749
36.3920686,-21.9640198,-7.74282837,-57.9931335
36.4020266,-21.9665527,-8.03607178,-57.9831848
36.4119846,-22.2786407,-8.41260529,-57.9370728
36.4219426,-22.2786407,-8.41260529,-57.9370728
36.4319006,-22.4094086,-8.69552612,-57.510498
36.4418586,-22.5979614,-8.97753906,-57.0984497
36.4518166,-23.0783081,-9.22657013,-56.7368164
36.4617746,-23.2487335,-9.60869598,-56.5736694
36.4717316,-23.6570435,-9.88197327,-56.4778748
36.4816896,-23.9254913,-10.2955475,-56.3042908
36.4916476,-24.0992584,-10.4711227,-55.9884033
36.5016056,-24.1313629,-10.8735657,-55.8532715
36.5115636,-24.0773773,-11.1315308,-55.9790649
36.5215216,-24.1406555,-11.4675903,-55.5981445
36.5314796,-24.0196838,-11.5917282,-55.7992554
36.5414376,-24.014328,-11.8677139,-55.6001587
36.5513956,-24.1798859,-11.7949219,-55.4414368
36.5613536,-24.3393097,-11.8081284,-54.7762451
36.5713116,-24.5846863,-11.5769348,-54.8962402
36.5812686,-24.9949493,-11.6205215,-54.7023621
36.5912266,-25.3091736,-11.5245972,-54.2910767
36.6011846,-25.8166809,-11.8545303,-54.1054382
36.6111426,-26.0676117,-11.9624329,-54.1693115
36.6211006,-26.2216949,-12.2235489,-53.8366089
36.6310586,-26.2836609,-12.4361496,-53.6261597
36.6410166,-26.2599335,-12.7676544,-53.4715576
36.6509746,-26.2696991,-12.9860992,-53.4130249
36.6609326,-26.4042358,-13.0062561,-53.0343628
36.6708906,-26.3462219,-12.8614578,-53.1320496
36.6808476,-26.605896,-12.8117142,-52.9003296
36.6908056,-26.9052124,-12.5107498,-53.1130066
36.7007636,-27.0801086,-12.4359894,-52.8520813
36.7107216,-27.4472809,-12.4370575,-52.8115234
36.7206796,-27.5128174,-12.2317886,-52.5751343
36.7306376,-27.4942017,-12.4240265,-52.3217468
36.7405956,-27.82621,-12.5381088,-52.1834412
36.7505536,-27.7574997,-12.5512314,-52.3869934
36.7605116,-27.7866745,-12.4535522,-52.1838989
36.7704696,-27.7866745,-12.4535522,-52.1838989
36.7804276,-27.7739487,-12.3384247,-52.1715393
36.7903846,-27.6897964,-12.2345886,-52.2541809
36.8003426,-27.6717911,-12.0214157,-52.0589294
36.8103006,-27.5162125,-11.811348,-52.1582336
36.8202586,-27.4482651,-11.5707703,-52.2823486
36.8302166,-27.4692307,-11.3228378,-52.1832581
36.8401746,-27.4361954,-11.2195282,-52.3221741
36.8501326,-27.3377151,-10.7535324,-52.4454041
36.8600906,-27.3361282,-10.6679535,-52.3243103
36.8700486,-27.3037643,-10.4466095,-52.5583801
36.8800066,-27.2703323,-10.2873306,-52.5440674
36.8899646,-27.3552628,-9.94123077,-52.5625305
36.8999216,-27.4317398,-9.79492188,-52.4114075
36.9098796,-27.542717,-9.58253479,-52.4388428
36.9198376,-27.5579605,-9.61872864,-51.9912109
36.9297956,-27.771431,-9.61506653,-52.1011658
36.9397536,-27.5956802,-9.60045624,-52.0765076
36.9497116,-27.7373428,-9.38381958,-52.1627808
36.9596696,-27.5557938,-9.34411621,-52.1134338
36.9696276,-27.590065,-9.17990875,-52.2638855
36.9795856,-27.4732895,-9.16614532,-52.2405701
36.9895436,-27.4399185,-8.9025116,-52.2288818
36.9995016,-27.6049576,-8.92555237,-51.9661865
37.0094586,-27.6323471,-8.76219177,-52.1557312
37.0194166,-27.7549362,-8.83757019,-52.0196533
37.0293746,-27.878746,-8.80506897,-51.9723816
37.0393326,-27.8379745,-8.89131927,-51.6781616
37.0492906,-27.854866,-8.72549438,-51.934082
37.0592486,-27.935173,-8.80456543,-51.8841858
37.0692066,-27.7373123,-8.75038147,-51.8190308
37.0791646,-27.8282394,-8.77643585,-51.8635559
37.0891226,-27.7674484,-8.54129791,-51.7785339
37.0990806,-27.8510971,-8.50630188,-51.9713135
37.1090386,-27.7701645,-8.46798706,-52.0227966
37.1189956,-27.4786911,-8.3742981,-51.9172974
37.1289536,-27.4786911,-8.3742981,-51.9172974
37.1389116,-27.479393,-8.44311523,-51.7705994
37.1488696,-27.4684067,-8.27069855,-51.8321838
37.1588276,-27.5935745,-8.20954895,-51.7637939
37.1687856,-27.6302567,-8.16023254,-51.9391785
37.1787436,-27.6803665,-8.2399292,-51.8258057
37.1887016,-27.6225052,-8.05249023,-51.7304077
37.1986596,-27.5876999,-8.20903778,-51.854187
37.2086176,-27.8244858,-8.12026215,-51.8578186
37.2185746,-27.8276596,-8.08602142,-51.9003296
37.2285326,-27.8037491,-7.97544861,-51.8247375
37.2384906,-27.9130325,-8.0921936,-51.714386
37.2484486,-28.0704117,-8.00458527,-51.6047363
37.2584066,-28.2360001,-8.05312347,-51.5974731
37.2683646,-28.4529495,-8.16261292,-51.7024536
37.2783226,-28.4803391,-8.20182037,-51.6019287
37.2882806,-28.6264572,-8.22205353,-51.2218018
37.2982386,-28.5936203,-8.58642578,-51.0561523
37.3081966,-28.8736649,-8.47384644,-50.9017029
37.3181536,-28.8314133,-8.71858215,-50.7219543
37.3281116,-29.0823288,-8.91023254,-50.6768494
37.3380696,-29.4686356,-8.85892487,-50.5979919
37.3480276,-29.5864029,-8.78510284,-50.5478516
37.3579856,-29.7280655,-8.91761017,-50.1357422
37.3679436,-29.8876266,-8.78071594,-50.3052979
37.3779016,-29.9936752,-8.71006012,-50.0740662
37.3878596,-30.1137466,-8.60432434,-50.0484314
37.3978176,-30.2014999,-8.62191772,-49.717865
37.4077756,-30.1079025,-8.69368744,-49.8379211
37.4177336,-30.0783844,-8.83286285,-49.8101196
37.4276906,-29.9764252,-8.83882904,-49.8368225
37.4376486,-29.8836975,-9.06490326,-49.7341614
37.4476066,-29.6578827,-8.94779205,-50.1081238
37.4575646,-29.4528046,-9.16481018,-49.9529724
37.4675226,-29.1757507,-9.0515213,-50.0072021
37.4774806,-29.1757507,-9.0515213,-50.0072021
37.4874386,-28.8722687,-9.24234772,-49.6473083
37.4973966,-28.9000244,-9.16438293,-50.212616
37.5073546,-28.9963684,-9.19754791,-50.210968
37.5173126,-28.8878937,-9.21712494,-50.2043457
37.5272696,-28.9128418,-9.3081131,-50.1653748
37.5372276,-28.9884644,-9.41660309,-49.908905
37.5471856,-29.0969238,-9.4201355,-49.7830811
37.5571436,-29.0105743,-9.49436188,-49.9376221
37.5671016,-29.1443787,-9.46632385,-49.9173889
37.5770596,-29.1502838,-9.39009857,-49.7988892
37.5870176,-29.050705,-9.37538147,-49.6915283
37.5969756,-28.8100586,-9.42753601,-49.8294067
37.6069336,-28.7816925,-9.28926086,-50.0535889
37.6168916,-28.5804291,-9.34114075,-50.1158752
37.6268486,-28.5779877,-9.22388458,-50.1322327
37.6368066,-28.3855438,-9.09723663,-50.1768799
37.6467646,-28.3436432,-8.87426758,-50.3046265
37.6567226,-28.2564697,-8.85201263,-50.3613281
37.6666806,-28.2658844,-8.8632431,-50.187561
37.6766386,-28.1916504,-8.76847076,-50.1192322
37.6865966,-28.2872009,-8.77320862,-50.0993347
37.6965546,-28.4079285,-8.65592957,-50.22052
37.7065126,-28.3934174,-8.54341125,-50.1756897
37.7164706,-28.4082947,-8.45558929,-50.269104
37.7264276,-28.3488007,-8.37708282,-50.2374878
37.7363856,-28.3720245,-8.3034668,-50.2013245
37.7463436,-28.1983948,-8.19238281,-50.4845886
37.7563016,-28.0945435,-7.98181915,-50.3998108
37.7662596,-28.2416229,-7.92436981,-50.2463684
37.7762176,-28.2722626,-7.72975159,-50.2887573
37.7861756,-28.3612671,-7.59328461,-50.6480713
37.7961336,-28.4692688,-7.52200317,-50.2684631
37.8060916,-28.5207214,-7.4196167,-50.4029846
37.8160496,-28.6379852,-7.30845642,-50.2912903
37.8260066,-28.6689606,-7.21465302,-50.430542
37.8359646,-28.6689606,-7.21465302,-50.430542
37.8459226,-28.8617554,-7.14002991,-50.3043823
37.8558806,-28.7661133,-6.96560669,-50.2128601
37.8658386,-28.7744827,-6.88866425,-50.1530457
37.8757966,-28.6631699,-6.66923523,-50.1417236
37.8857546,-28.8353653,-6.72161865,-50.1487427
37.8957126,-28.7605667,-6.67733002,-50.4117737
37.9056706,-28.7159195,-6.68890381,-50.2945862
37.9156286,-28.6128769,-6.62378693,-50.5166626
37.9255856,-28.5908737,-6.58985138,-50.2220459
37.9355436,-28.3471603,-6.34151459,-50.4237061
37.9455016,-28.2328262,-6.32006836,-50.2751465
37.9554596,-28.1679764,-6.28129578,-50.3418884
37.9654176,-28.0473404,-6.1184845,-50.3559265
37.9753756,-28.0174179,-6.3063736,-50.4477844
37.9853336,-27.9756699,-6.09129333,-50.5527954
37.9952916,-27.8392563,-6.18061066,-50.6985474
38.0052496,-27.9102097,-6.05539703,-50.4657593
38.0152076,-27.9548569,-6.06569672,-50.5016479
38.0251646,-28.0382309,-5.98733521,-50.4395447
38.0351226,-28.0739136,-6.0884552,-50.5093384
38.0450806,-27.9235077,-6.0266571,-50.2663269
38.0550386,-27.8546448,-6.15730286,-50.4075623
38.0649966,-27.7986145,-6.1155014,-50.6019897
38.0749546,-27.7173309,-6.24369049,-50.6870117
38.0849126,-27.5909271,-6.23860168,-50.5680847
38.0948706,-27.2489471,-6.17216492,-50.6949463
38.1048286,-27.0907898,-5.98847961,-51.0142517
38.1147866,-27.1003265,-6.11144257,-50.986969
38.1247436,-26.7989807,-5.90213776,-51.0920105
38.1347016,-26.7363052,-5.84336853,-51.1645203
38.1446596,-26.7714615,-5.73519135,-51.087738
38.1546176,-26.8629532,-5.51074219,-50.9807739
38.1645756,-27.0306473,-5.2661438,-50.7965698
38.1745336,-27.434761,-5.30570221,-50.7088928
38.1844916,-27.434761,-5.30570221,-50.7088928
38.1944496,-27.7738113,-5.21282196,-50.5444641
38.2044076,-28.0679092,-5.15364075,-50.2207642
38.2143656,-28.4593964,-5.16068268,-50.0729675
38.2243232,-28.7883301,-5.3243866,-49.9746399
38.2342812,-28.8097687,-5.41082764,-49.9399414
38.2442392,-29.0313568,-5.53149414,-49.5398254
38.2541972,-28.9860535,-5.51865387,-49.7077026
38.2641552,-28.9263763,-5.51795197,-49.6785583
38.2741132,-28.9217072,-5.52143097,-49.8146057
38.2840712,-28.9262085,-5.5513382,-49.8188477
38.2940292,-28.7302704,-5.37477875,-49.81073
38.3039872,-28.7981262,-5.3380661,-49.8877258
38.3139452,-28.8620758,-5.36638641,-49.9686279
38.3239022,-28.8846741,-5.32326508,-49.6531372
38.3338602,-28.8169785,-5.30942535,-49.7477417
38.3438182,-28.9010086,-5.24424744,-49.5396729
38.3537762,-28.9067001,-5.13083649,-49.4921875
38.3637342,-29.0880661,-5.19476318,-49.3104248
38.3736922,-29.0433578,-4.97128296,-49.2593689
38.3836502,-29.0973434,-5.05569458,-49.3571472
38.3936082,-29.0678787,-4.99343872,-49.4363403
38.4035662,-29.1431046,-4.86444855,-49.2854004
38.4135242,-29.0276413,-4.81455994,-49.3736877
38.4234812,-29.2180252,-4.6862793,-49.3504944
38.4334392,-29.0618515,-4.51922607,-49.5463257
38.4433972,-28.9227676,-4.43999481,-49.5462952
38.4533552,-28.7883224,-4.4805603,-49.4081116
38.4633132,-28.6357498,-4.36063385,-49.2547302
38.4732712,-28.7512131,-4.30326843,-49.1558228
38.4832292,-28.7868271,-4.01255035,-49.4833374
38.4931872,-28.8176956,-4.02705383,-49.5215759
38.5031452,-28.7424088,-4.01383209,-49.4554138
38.5131022,-28.7578812,-3.86817169,-49.58078
38.5230602,-28.6949997,-3.82733917,-49.6098328
38.5330182,-28.6949997,-3.82733917,-49.6098328
38.5429762,-28.8242416,-3.83488464,-49.3426819
38.5529342,-28.870903,-3.76683807,-49.5919189
38.5628922,-28.9026871,-3.96993256,-49.7074585
38.5728502,-28.9957352,-4.05033112,-49.5929565
38.5828082,-29.0166855,-3.94731903,-49.4814453
38.5927662,-28.9183578,-4.10418701,-49.389679
38.6027242,-28.9660568,-4.03005981,-49.3424683
38.6126812,-29.0521469,-3.92775726,-49.631134
38.6226392,-28.8853683,-3.74091339,-49.4647827
38.6325972,-28.9036484,-3.58435822,-49.6659546
38.6425552,-28.8956833,-3.7498703,-49.4447937
38.6525132,-29.0862656,-3.74912262,-49.7745972
38.6624712,-29.0546494,-3.88830566,-49.2352295
38.6724292,-29.2525406,-3.91876221,-49.2327271
38.6823872,-29.745369,-4.32234955,-49.120636
38.6923452,-30.2405014,-4.75707245,-48.5827026
38.7023032,-30.8089447,-5.31500244,-48.1763306
38.7122602,-31.2866974,-5.9475708,-47.6624146
38.7222182,-31.9830017,-6.38811493,-47.3244629
38.7321762,-32.4690094,-6.67649078,-47.0497742
38.7421342,-32.7073975,-6.73133087,-46.8303223
38.7520922,-32.853569,-6.88792419,-46.6816406
38.7620502,-32.8373489,-6.89651489,-46.5921936
38.7720082,-32.4407578,-6.71510315,-46.9351501
38.7819662,-32.3582382,-6.65833282,-46.9672546
38.7919242,-32.1828537,-6.65320587,-47.1299438
38.8018812,-32.0491562,-6.63368988,-47.2080383
38.8118392,-32.0198441,-6.72399139,-47.3341064
38.8217972,-31.9750595,-6.65352631,-47.3490295
38.8317552,-31.9741211,-6.7333374,-47.3317566
38.8417132,-31.8704529,-6.64686584,-47.3410034
38.8516712,-31.8101196,-6.56504822,-47.3483276
38.8616292,-31.6755219,-6.46658325,-47.5682983
38.8715872,-31.4860992,-6.41046906,-47.6315613
38.8815452,-31.2178497,-6.29720306,-47.8404846
38.8915022,-31.2178497,-6.29720306,-47.8404846
38.9014602,-30.9489288,-6.06221771,-47.8855896
38.9114182,-30.683197,-5.96818542,-48.0828247
38.9213762,-30.4202576,-5.84528351,-48.3285828
38.9313342,-30.0652313,-5.70825958,-48.5638428
38.9412922,-29.710907,-5.56563568,-48.6904602
38.9512502,-29.4664917,-5.60160828,-48.8027954
38.9612082,-29.2096252,-5.71427155,-49.0010071
38.9711662,-29.1531525,-5.7756958,-49.3395081
38.9811242,-28.9294128,-5.64298248,-49.4685059
38.9910812,-28.8967285,-5.69593811,-49.5109863
39.0010392,-28.8369293,-5.85324097,-49.4618225
39.0109972,-28.7528992,-5.84320068,-49.7273865
39.0209552,-28.2661591,-5.80794525,-49.548584
39.0309132,-28.3746948,-5.95272064,-49.5858459
39.0408712,-28.2052307,-5.94589996,-49.631897
39.0508292,-27.8551788,-5.95822906,-49.9862366
39.0607872,-27.6365051,-5.85617065,-49.8358459
39.0707452,-27.448288,-5.93473053,-50.1906738
39.0807022,-27.2850571,-5.96260071,-50.1683044
39.0906602,-27.0783157,-5.96040344,-50.37854
39.1006182,-26.9164047,-5.87577057,-50.4889526
39.1105762,-26.5949631,-5.83197021,-50.8303528
39.1205342,-26.4479446,-5.80484772,-50.8010254
39.1304922,-26.0497665,-5.85858154,-50.8322754
39.1404502,-26.0666733,-5.90735626,-50.8131409
39.1504082,-25.8424149,-5.80867004,-50.9128113
39.1603662,-25.716095,-5.84255981,-50.8339539
39.1703242,-25.3089294,-5.66220856,-51.3161316
39.1802812,-25.3006592,-5.6206131,-51.1286011
39.1902392,-25.0951691,-5.4782486,-51.4096375
39.2001972,-25.0139465,-5.3974762,-51.2872009
39.2101552,-24.9264069,-5.15855408,-51.2852478
39.220112,-25.0820465,-5.16468048,-51.2147827
39.23007,-25.0312042,-5.02324677,-51.2151184
39.240028,-25.0828094,-5.16008759,-50.9988098
39.249986,-25.0828094,-5.16008759,-50.9988098
39.259944,-25.1950531,-4.90343475,-50.9544067
39.269901,-25.2775574,-5.04232788,-50.9786072
39.279859,-25.3832245,-5.12775421,-50.968689
39.289817,-25.5740204,-5.28517151,-50.9380493
39.299775,-25.6322632,-5.15544891,-51.0399475
39.309733,-25.7076111,-5.23358917,-50.9509888
39.319691,-25.4489746,-5.35411072,-50.6637268
39.329649,-25.6003265,-5.61646271,-50.6035767
39.339607,-25.3833923,-5.69421387,-50.8686829
39.349565,-25.318634,-5.47568512,-50.9154358
39.359522,-25.3482666,-5.87531281,-50.7919006
39.36948,-25.1373596,-5.95375824,-50.7661133
39.379438,-25.0738678,-6.12237549,-50.8190918
39.389396,-24.9645386,-6.24065399,-50.9684143
39.399354,-24.8348083,-6.46203613,-50.9651794
39.409312,-24.7938385,-6.6598587,-50.7281799
39.41927,-24.842514,-6.92107391,-50.7252502
39.429228,-24.9255219,-7.03394318,-50.754425
39.439186,-25.0166016,-7.38995361,-50.5567932
39.449143,-25.0613403,-7.72124481,-50.2606812
39.459101,-25.2284393,-8.1350708,-50.1466064
39.469059,-25.3863068,-8.53210449,-50.4095459
39.479017,-25.3240814,-9.01789093,-49.8948364
39.488975,-25.2096634,-9.43748474,-49.8250122
39.498933,-25.0296097,-9.69678497,-49.9331665
39.508891,-24.7114029,-9.91418457,-49.9631958
39.518849,-24.4104996,-10.0144882,-50.1098328
39.528807,-24.114769,-9.80986786,-50.563446
39.538764,-24.0938034,-9.55044556,-50.4884949
39.548722,-23.843544,-9.31453705,-50.6118469
39.55868,-24.032753,-8.93299866,-50.5697021
39.568638,-24.0052414,-8.53104401,-50.7432556
39.578596,-24.060463,-8.3223877,-50.624176
39.588554,-23.9644394,-8.22666168,-50.6972351
39.598512,-23.9644394,-8.22666168,-50.6972351
39.60847,-24.1063004,-8.35138702,-50.6287842
39.618428,-24.1320877,-8.48749542,-50.5780029
39.628385,-24.1454391,-8.64069366,-50.3565979
39.638343,-24.0921097,-8.67216492,-50.4702759
39.648301,-24.3879242,-8.5826416,-50.2412415
39.658259,-24.4453888,-8.46855927,-50.2160645
39.668217,-24.6392822,-8.32613373,-50.1480713
39.678175,-24.8979187,-8.04971313,-50.1685486
39.688133,-25.0808258,-7.9908905,-49.9706726
39.698091,-25.3892975,-7.90950012,-50.0935974
39.708049,-25.5855103,-7.85997772,-49.900238
39.718006,-25.6054382,-7.71917725,-49.9675598
39.727964,-25.6677551,-7.65203094,-49.8704224
39.737922,-25.7752838,-7.59513092,-49.8272095
39.74788,-25.7883606,-7.37379456,-49.8588562
39.757838,-25.8579865,-7.17634583,-49.8522339
39.767796,-25.9440765,-6.78668976,-49.7411499
39.777754,-26.080368,-6.61882019,-49.5793457
39.787712,-26.1893311,-6.35660553,-49.9182129
39.79767,-26.2562408,-5.98981476,-49.7214966
39.807627,-26.286087,-5.58874512,-49.5507812
39.817585,-26.4493484,-5.41359711,-49.6821594
39.827543,-26.4769058,-5.15128326,-49.5513916
39.837501,-26.5050583,-4.9127121,-49.4936218
39.847459,-26.6705399,-4.55738068,-49.2808838
39.857417,-26.8502121,-4.24988556,-49.4396973
39.867375,-26.85215,-3.97503662,-49.1624451
39.877333,-26.9536819,-3.83465576,-49.2105713
39.887291,-27.1699448,-3.60169983,-49.0119019
39.897248,-27.3323746,-3.54598999,-48.881134
39.907206,-27.4498978,-3.35693359,-48.618103
39.917164,-27.4264603,-3.22612,-48.4487915
39.927122,-27.6014786,-3.06154633,-48.5222168
39.93708,-27.6014786,-3.06154633,-48.5222168
39.947038,-27.6102066,-2.88018036,-48.4015198
39.956996,-27.3294449,-2.68518066,-48.2235413
39.966954,-27.4260788,-2.68865967,-48.2899475
39.976912,-27.3155441,-2.40311432,-48.4978333
39.986869,-27.4597397,-2.17977142,-48.2678528
39.996827,-27.4073105,-1.95051575,-48.569519
40.006785,-27.2926102,-1.80623627,-48.4573975
40.016743,-27.17202,-1.59004211,-48.6532288
40.026701,-27.2703323,-1.72632599,-48.4581299
40.036659,-27.1512833,-1.94869232,-48.2182922
40.046617,-27.2253647,-1.93031311,-48.3755188
40.056575,-27.1167679,-2.11333466,-48.3816528
40.066533,-27.1286697,-2.17825317,-48.3486633
40.07649,-26.9379959,-2.16683197,-48.3953857
40.086448,-26.8897476,-2.22875977,-48.5549927
40.096406,-26.8471451,-2.18531799,-48.4439392
40.106364,-26.6970901,-2.1966095,-48.3895264
40.116322,-26.5322189,-2.31488037,-48.4701843
40.12628,-26.6133957,-2.20433044,-48.4403076
40.136238,-26.5434341,-2.35359192,-48.5011902
40.146196,-26.5612564,-2.52379608,-48.6417542
40.156154,-26.5942917,-2.61920929,-48.6932983
40.166111,-26.4195328,-2.6337204,-48.5091553
40.176069,-26.404808,-2.70018768,-48.5921936
40.186027,-26.5356369,-2.97013092,-48.7119751
40.195985,-26.5087509,-2.86066437,-48.5307922
40.205943,-26.5866623,-3.08786011,-48.4856873
40.215901,-26.7040787,-3.09304047,-48.3286133
40.2258597,-26.9245987,-3.07601166,-48.2537842
40.2358177,-27.0704575,-3.12998962,-48.0765686
40.2457757,-27.1567917,-3.0970459,-47.9990845
40.2557327,-27.2401352,-2.93611908,-48.1201477
40.2656907,-27.1741562,-2.93830109,-47.9810791
40.2756487,-27.0458298,-3.03801727,-48.0869446
40.2856067,-26.9004135,-2.84062195,-48.1043701
40.2955647,-26.9004135,-2.84062195,-48.1043701
40.3055227,-26.7110214,-2.88391113,-48.1026917
40.3154807,-26.449791,-2.7093811,-48.447113
40.3254387,-26.0513535,-2.80024719,-48.4409485
40.3353967,-25.8986282,-2.69141388,-48.4974976
40.3453537,-25.6895828,-2.679039,-48.6509094
40.3553117,-25.6315689,-2.74875641,-48.7623901
40.3652697,-25.5082932,-2.61378479,-48.6322632
40.3752277,-25.3983536,-2.67041779,-48.5716858
40.3851857,-25.5339127,-2.66116333,-48.6825562
40.3951437,-25.5025711,-2.82937622,-48.6779175
40.4051017,-25.8298264,-3.00326538,-48.5657654
40.4150597,-25.7943649,-3.12335968,-48.3371277
40.4250167,-26.0284348,-3.22523499,-48.4011841
40.4349747,-25.9880447,-3.34932709,-48.3594055
40.4449327,-26.0309525,-3.33601379,-48.1401672
40.4548907,-25.8219833,-3.38248444,-48.1825256
40.4648487,-25.8412857,-3.51753998,-48.0944214
40.4748067,-25.6337662,-3.63019562,-48.108551
40.4847647,-25.5130844,-3.71606445,-48.2926025
40.4947227,-25.324913,-3.7585144,-48.2770691
40.5046807,-25.2081833,-4.0450592,-48.2653809
40.5146377,-25.0853653,-4.07706451,-48.4331055
40.5245957,-25.0737228,-4.07988739,-48.2025146
40.5345537,-25.0419312,-4.07511902,-48.4325256
40.5445117,-25.0478058,-4.08995056,-48.504303
40.5544697,-25.1875916,-4.26009369,-48.3873901
40.5644277,-25.0992737,-4.1078186,-48.3189392
40.5743857,-25.1215668,-4.26043701,-48.4076233
40.5843437,-24.9795074,-4.29224396,-48.2228088
40.5943007,-24.7704163,-4.31182861,-48.2582703
40.6042587,-24.6961365,-4.29243469,-48.3341064
40.6142167,-24.7513275,-4.42986298,-48.3526001
40.6241747,-24.7093353,-4.3537674,-48.1921692
40.6341327,-24.7539978,-4.43650818,-48.31073
40.6440907,-24.8330536,-4.27711487,-48.2147827
40.6540487,-24.8330536,-4.27711487,-48.2147827
40.6640067,-24.7052765,-4.21099091,-48.1344604
40.6739647,-24.8259583,-4.21977997,-48.2843018
40.6839217,-24.7383423,-4.05268097,-48.024231
40.6938797,-24.9837952,-4.14006042,-48.10672
40.7038377,-24.9962311,-4.08293152,-47.9671631
40.7137957,-25.2629242,-4.082901,-47.8756104
40.7237537,-25.1647949,-4.12974548,-47.9647522
40.7337117,-25.2283325,-4.14483643,-47.6532898
40.7436697,-25.3283081,-4.19347382,-47.8847046
40.7536277,-25.4073486,-4.04749298,-47.7049255
40.7635857,-25.2780304,-4.03163147,-47.4245911
40.7735427,-25.2320404,-3.93585968,-47.5851135
40.7835007,-25.1768799,-4.17790222,-47.4829712
40.7934587,-24.9711304,-4.12645721,-47.5635681
40.8034167,-24.7962799,-3.93202972,-47.7153931
40.8133747,-24.6916351,-3.86325073,-47.8613892
40.8233327,-24.6624298,-3.89402771,-47.7677307
40.8332907,-24.5800781,-3.90103149,-47.8032837
40.8432487,-24.5877991,-3.65194702,-47.7424927
40.8532057,-24.6456757,-3.75846863,-47.5324097
40.8631637,-24.772934,-3.72194672,-47.3669128
40.8731217,-24.8267212,-3.88993073,-47.3315735
40.8830797,-24.8146973,-4.01285553,-47.1202698
40.8930377,-24.6988525,-4.09455109,-47.1681824
40.9029957,-24.7284393,-4.24469757,-47.3022766
40.9129537,-24.6477509,-4.31967926,-47.4389038
40.9229117,-24.7629242,-4.48207855,-47.3708801
40.9328687,-24.7588959,-4.498703,-47.4197693
40.9428267,-24.7420731,-4.70944977,-47.3660889
40.9527847,-24.6277542,-4.53260803,-47.6752319
40.9627427,-24.7784042,-4.60292053,-47.561676
40.9727007,-24.7467117,-4.50980377,-47.4483032
40.9826587,-24.6724014,-4.50557709,-47.3913574
40.9926167,-24.7431717,-4.34653473,-47.093689
41.0025747,-24.7431717,-4.34653473,-47.093689
41.0125327,-24.9671097,-4.43919373,-47.1073914
41.0224897,-25.0049515,-4.39024353,-46.8991699
41.0324477,-25.1458054,-4.2203598,-47.0471802
41.0424057,-25.0467758,-4.08678436,-46.9805603
41.0523637,-24.8740768,-4.04575348,-46.9466858
41.0623217,-24.8223495,-4.13349152,-46.9913025
41.0722797,-24.5022964,-4.25595093,-46.9665222
41.0822377,-24.2529907,-4.1815567,-47.1764832
41.0921957,-23.8799438,-4.09069061,-47.2485657
41.1021527,-23.6246185,-4.07468414,-47.4671936
41.1121107,-23.392868,-3.93797302,-47.5333557
41.1220687,-23.4533386,-3.66662598,-47.4243774
41.1320267,-23.6962585,-3.68685913,-47.2076416
41.1419847,-23.947464,-3.57943726,-47.1942444
41.1519427,-24.0666046,-3.56730652,-47.0883484
41.1619007,-24.2951279,-3.66477203,-46.9425049
41.1718587,-24.3941269,-3.60165405,-46.9786072
41.1818167,-24.547966,-3.62866211,-46.6468811
41.1917737,-24.5611038,-3.71460724,-46.7348633
41.2017317,-24.6551743,-3.67923737,-46.7260132
41.2116897,-24.6283951,-3.65374756,-46.8919983
41.2216473,-24.7257156,-3.59651184,-46.7095642
41.2316053,-24.6177597,-3.45864868,-46.6039124
41.2415633,-24.7876816,-3.409729,-46.3634949
41.2515213,-24.7926865,-3.35814667,-46.3393555
41.2614793,-24.9801712,-3.23547363,-46.5044556
41.2714363,-24.8898697,-3.12236023,-46.348938
41.2813943,-24.9823837,-3.12643433,-46.2043457
41.2913523,-24.8829727,-3.23304749,-46.1061401
41.3013103,-24.9487381,-3.05970764,-46.1086731
41.3112683,-24.8656387,-3.02023315,-46.0725708
41.3212263,-24.9405746,-3.02409363,-46.1003723
41.3311843,-24.8227158,-2.95860291,-46.0972595
41.3411423,-24.9094162,-2.8703537,-46.1645508
41.3510993,-24.8098831,-2.80101776,-46.1111755
41.3610573,-24.8098831,-2.80101776,-46.1111755
41.3710153,-24.7857742,-2.72653961,-46.0783691
41.3809733,-24.6936417,-2.67632294,-46.144104
41.3909313,-24.7525101,-2.75499725,-45.9246826
41.4008893,-24.8657913,-2.66168976,-45.7427979
41.4108473,-24.8124008,-2.69519806,-45.8031311
41.4208053,-24.8887711,-2.69512939,-45.8567505
41.4307633,-25.0553131,-2.47309875,-46.0088196
41.4407203,-25.1492615,-2.50669098,-46.0740662
41.4506783,-25.4206848,-2.548172,-46.0739746
41.4606363,-25.6279144,-2.54741669,-46.1023865
41.4705943,-25.6144257,-2.62754822,-45.45755
41.4805523,-25.8411102,-2.5639801,-45.8255615
41.4905103,-26.0438538,-2.52104187,-45.7414551
41.5004683,-25.9694061,-2.51721954,-45.4642334
41.5104263,-26.2110901,-2.63252258,-45.3692322
41.5203833,-26.2661743,-2.58828735,-45.4125366
41.5303413,-26.3191833,-2.64868927,-45.3131104
41.5402993,-26.5395737,-2.76621246,-45.3291931
41.5502573,-26.6780624,-2.68958282,-45.4100952
41.5602153,-26.6992111,-2.85946655,-45.3485718
41.5701733,-26.793129,-3.19045258,-44.9476013
41.5801313,-26.8318863,-3.11534119,-44.8601685
41.5900893,-26.9410934,-3.3895874,-44.6564026
41.6000463,-27.091011,-3.62643433,-44.5197449
41.6100043,-27.3333664,-3.89501953,-44.6515808
41.6199623,-27.3298111,-4.18615723,-44.348877
41.6299203,-27.3686295,-4.48269653,-44.2572021
41.6398783,-27.6212997,-4.60729218,-44.5193481
41.6498363,-27.6322098,-4.81201935,-44.4594421
41.6597943,-27.4919968,-4.88263702,-44.2469788
41.6697523,-27.4599991,-5.0009079,-44.3282471
41.6797093,-27.6180801,-4.91460419,-44.1621704
41.6896673,-27.5958176,-5.0868454,-44.2361755
41.6996253,-27.5958176,-5.0868454,-44.2361755
41.7095833,-27.656517,-5.08269501,-44.0123291
41.7195413,-27.596077,-4.96013641,-43.9248047
41.7294993,-27.7734451,-4.99025726,-43.7791748
41.7394573,-27.8326645,-5.08011627,-43.9760132
41.7494153,-27.8246841,-5.12307739,-43.8455811
41.7593723,-27.6999435,-5.23191833,-43.9124451
41.7693303,-27.7456894,-5.23138428,-43.9353943
41.7792883,-27.5959854,-5.58522797,-44.0071411
41.7892463,-27.464592,-5.54933929,-44.1461792
41.7992043,-27.0236282,-5.76876831,-44.4073486
41.8091623,-26.8093491,-5.76425171,-44.4219666
41.8191203,-26.5550308,-5.87440491,-44.6435242
41.8290783,-26.2438431,-5.73368835,-44.6934814
41.8390353,-26.0771561,-5.79886627,-44.7825928
41.8489933,-25.9967117,-5.83124542,-44.8483582
41.8589513,-25.968956,-5.83405304,-44.6923218
41.8689093,-25.9093704,-5.86534882,-44.813385
41.8788673,-25.9833755,-6.03359985,-44.8559875
41.8888253,-25.9308853,-6.26473999,-44.7797546
41.8987833,-26.0349503,-6.44096375,-44.6946106
41.9087413,-26.1147537,-6.56156158,-44.5949707
41.9186983,-26.0428543,-6.787323,-44.5916748
41.9286563,-25.9169235,-6.9588623,-44.7722778
41.9386143,-25.7401962,-7.15522766,-44.6430664
41.9485723,-25.6660995,-7.19793701,-44.7831116
41.9585303,-25.5273056,-7.21338654,-44.8683777
41.9684883,-25.3718567,-7.23812103,-45.0203247
41.9784463,-25.2746429,-7.289505,-45.122467
41.9884043,-25.286438,-7.44049072,-45.2497253
41.9983613,-25.2340851,-7.56484222,-45.2155762
42.0083193,-25.121109,-7.59111786,-45.2591553
42.0182773,-25.0855103,-7.61780548,-45.1185303
42.0282353,-24.9330902,-7.60604858,-45.1216125
42.0381933,-24.9655609,-7.66518402,-44.9634094
42.0481513,-24.8888702,-7.71046448,-45.1651917
42.0581093,-24.8888702,-7.71046448,-45.1651917
42.0680673,-24.8979492,-7.63075256,-45.14328
42.0780253,-24.6645813,-7.45559692,-45.3217468
42.0879823,-24.7098083,-7.43144226,-45.1638184
42.0979403,-24.6152039,-7.42066193,-45.3261414
42.1078983,-24.6780701,-7.47929382,-45.3984375
42.1178563,-24.6804657,-7.44810486,-45.2320251
42.1278143,-24.876236,-7.39181519,-45.1914062
42.1377723,-24.8276978,-7.42324829,-45.113739
42.1477303,-25.0429382,-7.45552063,-45.0112305
42.1576883,-24.99263,-7.32738495,-45.0706787
42.1676453,-25.2946167,-7.32023621,-44.9229126
42.1776033,-25.4195709,-7.32511902,-44.9029236
42.1875613,-25.3947449,-7.32454681,-44.8745728
42.1975193,-25.4247131,-7.35997009,-44.9136658
42.2074773,-25.4216309,-7.37903595,-45.0541077
42.2174353,-25.4352417,-7.3445282,-44.9657288
42.2273937,-25.2597504,-7.32189178,-45.1211243
42.2373507,-25.3497925,-7.11187744,-45.2749634
42.2473087,-25.2090149,-7.05165863,-45.2018127
42.2572667,-25.1613312,-7.06693268,-45.3395691
42.2672247,-25.0718994,-6.92870331,-45.3820496
42.2771827,-24.8406067,-6.89984131,-45.5675049
42.2871407,-24.852829,-6.94419861,-45.5061035
42.2970987,-24.897583,-6.95343781,-45.4944153
42.3070567,-24.9382019,-6.95875549,-45.7507935
42.3170147,-24.9174194,-6.95113373,-45.5781555
42.3269717,-24.7672119,-6.8538208,-45.5438843
42.3369297,-24.7108154,-7.10583496,-45.7134094
42.3468877,-24.4527893,-7.20909119,-45.9701843
42.3568457,-24.3623657,-7.18680573,-45.9723206
42.3668037,-24.0690918,-7.04055023,-46.4440308
42.3767617,-23.7111511,-7.01483154,-46.5413818
42.3867197,-23.3892822,-6.85688782,-46.7180176
42.3966777,-22.9772949,-6.62112427,-47.0206604
42.4066347,-22.6346893,-6.44441986,-47.0805359
42.4165927,-22.5838776,-6.44261169,-47.0593262
42.4265507,-22.4088135,-6.40894318,-47.2192383
42.4365087,-22.0858917,-6.18528748,-47.3963928
42.4464667,-21.9034424,-6.02334595,-47.4172058
42.4564247,-21.936554,-6.02161407,-47.3386536
42.4663827,-21.9862366,-6.02558899,-47.2659607
42.4763397,-21.9462967,-5.99794769,-47.316925
42.4862977,-22.2364731,-5.9310379,-47.2668457
42.4962557,-22.3922958,-6.0010376,-47.2863464
42.5062137,-22.6936264,-6.07741547,-46.8706665
42.5161717,-22.9303818,-6.15074158,-46.926178
42.5261297,-23.3550797,-6.16682434,-46.9284973
42.5360877,-23.4311142,-6.18933868,-46.7307129
42.5460457,-23.8780746,-6.16564941,-46.6884766
42.5560027,-23.8944321,-6.19682312,-46.406311
42.5659607,-24.2928696,-6.28696442,-46.2218323
42.5759187,-24.4852676,-6.38591766,-46.1941833
42.5858767,-24.7027969,-6.37786102,-46.0113525
42.5958347,-24.9284744,-6.33346558,-46.1515503
42.6057927,-25.0400085,-6.3980484,-46.2886963
42.6157507,-25.2125092,-6.56747437,-46.237793
42.6257087,-25.2606659,-6.54297638,-46.0857239
42.6356657,-25.1914978,-6.45929718,-45.978302
42.6456237,-25.2566986,-6.49035645,-46.0158081
42.6555817,-25.0843658,-6.51211548,-46.1944275
42.6655397,-24.9298401,-6.39034271,-46.1842041
42.6754977,-25.0210266,-6.41825867,-46.2174377
42.6854557,-24.8807983,-6.47772217,-46.2854919
42.6954137,-24.6930542,-6.23206329,-46.3012695
42.7053717,-24.6620483,-6.14798737,-46.3330078
42.7153287,-24.6764679,-5.88738251,-46.3663025
42.7252867,-24.6951447,-5.71118164,-46.2608032
42.7352447,-24.7523956,-5.72637177,-46.2179565
42.7452027,-24.7456512,-5.66163635,-46.0701904
42.7551607,-24.7063904,-5.37697601,-46.2234497
42.7651187,-24.7063904,-5.37697601,-46.2234497
42.7750767,-24.7734985,-5.27855682,-46.4881287
42.7850347,-24.7584229,-5.02069092,-46.6071472
42.7949917,-24.9829254,-4.90786743,-46.5762634
42.8049497,-25.0302277,-4.81386566,-46.401947
42.8149077,-24.8908081,-4.68959045,-46.3991394
42.8248657,-24.9776306,-4.61656952,-46.266449
42.8348237,-24.9537506,-4.37702179,-46.3152771
42.8447817,-24.8572235,-4.24147034,-46.3981628
42.8547397,-24.9198303,-4.2809906,-46.6206665
42.8646977,-24.8922119,-3.98675537,-46.561615
42.8746547,-24.8097382,-3.84705353,-46.7009277
42.8846127,-24.9089355,-3.83725739,-46.6688538
42.8945707,-24.7841034,-3.81240845,-46.9680481
42.9045287,-24.718689,-3.63710022,-46.7730103
42.9144867,-24.5525513,-3.50518036,-46.9241638
42.9244447,-24.6596527,-3.29718018,-46.7475891
42.9344027,-24.599823,-3.35875702,-46.7668152
42.9443607,-24.8773804,-3.39566803,-46.6745911
42.9543177,-24.7197571,-3.37007904,-46.6888123
42.9642757,-24.8344727,-3.3232193,-46.610199
42.9742337,-24.9004669,-3.52437592,-46.6074219
42.9841917,-24.9616852,-3.51997375,-46.7091675
42.9941497,-24.7928619,-3.34770966,-47.0240173
43.0041077,-24.7911987,-3.27789307,-46.62854
43.0140657,-24.6696472,-3.29953766,-46.5943909
43.0240227,-24.7839203,-3.25991821,-46.5545959
43.0339807,-24.8858337,-3.39401245,-46.519043
43.0439387,-24.9322052,-3.29668427,-46.5345764
43.0538967,-25.0027847,-3.36636353,-46.5852051
43.0638547,-24.9677048,-3.49146271,-46.523468
43.0738127,-25.2352829,-3.54361725,-46.5782166
43.0837707,-25.2503128,-3.76668549,-46.3488464
43.0937287,-25.4111557,-3.69161987,-46.3448181
43.1036857,-25.7625046,-3.91196442,-46.1694336
43.1136437,-25.7668839,-3.9125824,-46.1644592
43.1236017,-26.0315933,-4.07195282,-45.9290161
43.1335597,-26.3484421,-4.31098938,-45.5964966
43.1435177,-26.5158768,-4.40137482,-45.5560303
43.1534757,-26.6879044,-4.76477051,-45.4241943
43.1634337,-26.7641678,-4.96231842,-45.4642639
43.1733917,-26.7444153,-5.26366425,-45.4494324
43.1833487,-26.79245,-5.46494293,-45.3850708
43.1933067,-26.6442413,-5.68712616,-45.4059753
43.2032647,-26.6921844,-5.61449432,-45.5672913
43.2132227,-26.5992279,-5.53656769,-45.5756226
43.2231804,-26.5523529,-5.5051651,-45.6207581
43.2331384,-26.5928497,-5.49859619,-45.4632568
43.2430964,-26.7238464,-5.54859924,-45.412384
43.2530544,-26.7945404,-5.54968262,-45.3085938
43.2630114,-26.7058868,-5.8312149,-45.189209
43.2729694,-26.5731277,-6.10354614,-45.4322205
43.2829274,-26.2244949,-6.34778595,-45.4152527
43.2928854,-26.0612869,-6.70536041,-45.8509216
43.3028434,-25.5012131,-6.93017578,-45.9053345
43.3128014,-24.9834976,-7.13804626,-46.3670044
43.3227594,-24.5726242,-7.29380798,-46.7014465
43.3327174,-24.0817642,-7.4929657,-46.9457397
43.3426744,-23.5544968,-7.49333954,-47.1844177
43.3526324,-23.127449,-7.76599121,-47.2714844
43.3625904,-22.8442307,-7.8106308,-47.5545654
43.3725484,-22.7925644,-8.16255951,-47.5448608
43.3825064,-22.7915878,-8.4025116,-47.1849976
43.3924644,-22.7408371,-8.64002228,-47.1687012
43.4024224,-22.9119797,-8.78147888,-47.1818237
43.4123794,-22.91082,-9.00588989,-47.0913391
43.4223374,-23.161644,-9.17893219,-46.9283752
43.4322954,-23.1363602,-9.2636795,-46.9154968
43.4422534,-23.2591553,-9.43019104,-46.7667542
43.4522114,-23.1590881,-9.51708984,-46.4173889
43.4621694,-23.1766663,-9.66068268,-46.573761
43.4721274,-23.1766663,-9.66068268,-46.573761
43.4820854,-23.1100922,-9.65499878,-46.5909119
43.4920424,-22.9638214,-9.76354218,-46.790802
43.5020004,-22.9698334,-9.66951752,-46.8593445
43.5119584,-22.7328644,-9.65880585,-46.8898315
43.5219164,-22.5334473,-9.51160431,-46.9634399
43.5318744,-22.3707886,-9.43067169,-47.0573425
43.5418324,-22.4032135,-9.41008759,-47.2236328
43.5517904,-22.2322388,-9.46022797,-47.068512
43.5617484,-22.3314514,-9.43361664,-46.9926758
43.5717054,-22.4618988,-9.55828857,-46.8657532
43.5816634,-22.5081024,-9.5544281,-46.8982239
43.5916214,-22.528595,-9.61074829,-47.059906
43.6015794,-22.5427246,-9.62173462,-46.979187
43.6115374,-22.6120911,-9.58006287,-47.1842041
43.6214954,-22.7858734,-9.62150574,-46.9771423
43.6314534,-22.8844452,-9.57904053,-46.7967224
43.6414114,-22.9375153,-9.57715607,-46.4969788
43.6513684,-23.0902557,-9.47602844,-46.7730408
43.6613264,-23.1594238,-9.43813324,-46.8961487
43.6712844,-23.2019958,-9.28620148,-46.8244629
43.6812424,-23.0628052,-9.32362366,-46.7933655
43.6912004,-23.1231689,-9.34849548,-46.8497925
43.7011584,-23.0621796,-9.25561523,-46.8171997
43.7111164,-22.9845123,-9.37173462,-46.7492371
43.7210734,-22.8480072,-9.21298981,-46.9992371
43.7310314,-22.7405701,-9.25946808,-46.7106018
43.7409894,-22.5825348,-8.98204803,-46.7988586
43.7509474,-22.3217621,-8.92141724,-47.3195496
43.7609054,-22.3297577,-8.81872559,-47.3913879
43.7708634,-22.1374054,-8.84886932,-47.5413818
43.7808214,-22.0334625,-8.80522919,-47.5696411
43.7907794,-21.7371979,-8.64322662,-47.5362244
43.8007364,-21.5505524,-8.55114746,-47.6116638
43.8106944,-21.4060211,-8.37592316,-47.6513977
43.8206524,-21.4060211,-8.37592316,-47.6513977
43.8306104,-21.3760376,-8.35884094,-47.820282
43.8405684,-21.3783722,-8.3381424,-47.8392029
43.8505264,-21.4098053,-8.26918793,-47.7483521
43.8604844,-21.3177032,-8.22924805,-47.9029541
43.8704414,-21.3917389,-8.18603516,-47.6717834
43.8803994,-21.5852966,-8.09669495,-47.6889343
43.8903574,-21.6159515,-8.06108093,-47.8326111
43.9003154,-21.6056519,-7.90842438,-47.631012
43.9102734,-21.8322296,-7.7443161,-47.5896912
43.9202314,-22.1070709,-7.70304108,-47.5226135
43.9301894,-22.1606903,-7.63995361,-47.6004028
43.9401474,-22.4924316,-7.66609955,-47.3872375
43.9501044,-22.5719147,-7.56894684,-47.308197
43.9600624,-22.8330841,-7.61299133,-47.3344727
43.9700204,-23.0041809,-7.67637634,-47.2042847
43.9799784,-22.9181213,-7.67701721,-47.4164734
43.9899364,-22.9148865,-7.76197052,-47.1103516
43.9998944,-22.9165497,-7.66867065,-47.1592712
44.0098524,-22.8464966,-7.55404663,-47.0371399
44.0198104,-22.6745605,-7.39421082,-47.1487427
44.0297674,-22.8712311,-7.38341522,-47.3323975
44.0397254,-22.9838867,-7.15805054,-47.4998779
44.0496834,-22.9704742,-6.97641754,-47.3704224
44.0596414,-23.0628967,-6.87882233,-47.5247803
44.0695994,-23.1298218,-6.9107132,-47.2393188
44.0795574,-23.1576843,-6.92713928,-47.1784058
44.0895154,-23.0486603,-6.9943924,-47.1340942
44.0994724,-23.0386658,-7.03001404,-47.0651855
44.1094304,-22.8515015,-7.10765076,-47.4098511
44.1193884,-22.689682,-7.19969177,-47.4919434
44.1293464,-22.5397644,-7.24097443,-47.6223755
44.1393044,-22.5908966,-7.30557251,-47.5143433
44.1492624,-22.5510101,-7.33798981,-47.4112549
44.1592204,-22.6485596,-7.28823853,-47.4200745
44.1691784,-22.6485596,-7.28823853,-47.4200745
44.1791354,-22.6610413,-7.27758789,-47.5307922
44.1890934,-22.994339,-7.26818085,-47.2610168
44.1990514,-23.1191864,-7.38830566,-47.307312
44.2090094,-23.1802826,-7.3087616,-47.1134033
44.2189674,-23.3280792,-7.40068817,-47.0867615
44.2289252,-23.2450867,-7.25345612,-47.1654053
44.2388832,-23.1840515,-7.28046417,-47.1875916
44.2488402,-23.3301392,-7.1687088,-47.3101807
44.2587982,-23.2075043,-6.92844391,-47.0545044
44.2687562,-23.0731354,-6.85778046,-47.285614
44.2787142,-22.875824,-6.60852051,-47.3231812
44.2886722,-22.9039612,-6.28404236,-47.4790649
44.2986302,-22.909729,-6.34152985,-47.1435852
44.3085882,-22.9104767,-6.10346985,-47.000885
44.3185462,-22.8731995,-5.97493744,-47.3258667
44.3285032,-22.9822693,-5.82518768,-47.2498779
44.3384612,-23.1353149,-5.58267975,-47.2165833
44.3484192,-23.0708618,-5.64031982,-47.0635376
44.3583772,-23.2089844,-5.42176819,-46.9271545
44.3683352,-23.1874084,-5.27239227,-47.0415649
44.3782932,-23.2105865,-5.1260376,-46.9768677
44.3882512,-23.1585999,-5.01267242,-46.8310852
44.3982092,-23.2925262,-5.01174164,-47.0714417
44.4081662,-23.2442474,-4.94892883,-47.0119324
44.4181242,-23.3218842,-4.82732391,-47.1532593
44.4280822,-23.2829285,-4.68201447,-47.1095886
44.4380402,-23.3000641,-4.54210663,-47.2762146
44.4479982,-23.2208405,-4.76163483,-47.1696167
44.4579562,-23.115921,-4.57359314,-47.1959229
44.4679142,-23.16362,-4.46516418,-47.2800293
44.4778712,-23.2932434,-4.44287109,-47.2553711
44.4878292,-23.303009,-4.47705841,-46.9964294
44.4977872,-23.4539337,-4.41422272,-47.1823425
44.5077452,-23.5067902,-4.22402954,-47.0371704
44.5177032,-23.6125031,-4.30656433,-46.949707
44.5276612,-23.62397,-4.30883026,-47.0089417
44.5376192,-23.7752762,-4.31319427,-47.1336365
44.5475772,-23.9155197,-4.30561829,-47.039093
44.5575342,-24.0294571,-4.38479614,-47.1499023
44.5674922,-24.0177841,-4.43907928,-46.9633789
44.5774502,-24.018837,-4.57202148,-46.8390808
44.5874082,-24.1919174,-4.44870758,-47.0135498
44.5973662,-24.240654,-4.73613739,-46.9449768
44.6073242,-24.1610641,-4.66799927,-46.8428955
44.6172822,-24.0875473,-4.69700623,-46.7337646
44.6272392,-24.0500565,-4.62555695,-46.7542725
44.6371972,-23.9265976,-4.6710434,-46.7566223
44.6471552,-24.0254135,-4.83302307,-46.8450317
44.6571132,-23.9824142,-4.94534302,-46.6030579
44.6670712,-24.2106094,-5.06893158,-46.5778809
44.6770292,-24.1086807,-5.27573395,-46.4702454
44.6869872,-24.0553589,-5.39019775,-46.2172241
44.6969452,-24.1480103,-5.62555695,-46.2416382
44.7069022,-24.0427704,-5.79094696,-46.0264282
44.7168602,-24.0030975,-5.92688751,-46.0896606
44.7268182,-23.923172,-5.97697449,-46.1835632
44.7367762,-23.8519897,-5.94422913,-46.2743835
44.7467342,-23.5503845,-5.67428589,-46.571167
44.7566922,-23.4923401,-5.45745087,-46.5859985
44.7666502,-23.3579102,-5.23885345,-46.7648315
44.7766072,-23.2292938,-4.86686707,-46.7875061
44.7865652,-23.0492401,-4.50037384,-47.0041809
44.7965232,-22.8000641,-4.14664459,-47.1605225
44.8064812,-22.6480865,-4.0115509,-47.1818237
44.8164392,-22.6059723,-3.75730896,-47.1136475
44.8263972,-22.5961151,-3.72161102,-47.0808105
44.8363552,-22.5282135,-3.60375214,-47.1135254
44.8463132,-22.5155487,-3.85906982,-47.2208862
44.8562702,-22.5835266,-3.92768097,-47.0725098
44.8662282,-22.5897217,-4.21640778,-47.1713562
44.8761862,-22.5897217,-4.21640778,-47.1713562
44.8861442,-22.4667206,-4.42551422,-46.901886
44.8961022,-22.486145,-4.58579254,-47.1270447
44.9060602,-22.5072174,-4.67002106,-47.1686401
44.9160182,-22.3755493,-4.89967346,-47.287323
44.9259752,-22.3787689,-4.92456818,-47.3518066
44.9359332,-22.389801,-5.08914948,-47.5537415
44.9458912,-22.2528839,-4.93373871,-47.2637939
44.9558492,-22.1768188,-4.89217377,-47.2127075
44.9658072,-22.2572174,-5.13121033,-47.2642822
44.9757652,-22.3405304,-5.19617462,-47.2861023
44.9857232,-22.463974,-5.21369171,-46.9831848
44.9956802,-22.6326599,-5.30658722,-46.9452515
45.0056382,-22.9077148,-5.35100555,-47.0022583
45.0155962,-22.990097,-5.42575073,-46.9364319
45.0255542,-23.0499878,-5.6439743,-46.7470703
45.0355122,-22.8420868,-5.75736237,-46.7520142
45.0454702,-22.9166718,-5.71981812,-46.7588501
45.0554282,-22.6757202,-5.77703094,-46.7025146
45.0653862,-22.6003723,-5.76482391,-46.8473816
45.0753432,-22.4592438,-5.64878082,-46.9551697
45.0853012,-22.1784515,-5.4851532,-47.1459045
45.0952592,-22.001297,-5.54663086,-47.2612
45.1052172,-21.812851,-5.52617645,-47.1341553
45.1151752,-21.6889343,-5.39332581,-47.3084717
45.1251332,-21.5834198,-5.31066132,-47.4146423
45.1350912,-21.4947357,-5.4442749,-47.4657593
45.1450482,-21.5004578,-5.38679504,-47.4777527
45.1550062,-21.3709412,-5.17347717,-47.4329529
45.1649642,-21.4186401,-5.27796173,-47.3897705
45.1749222,-21.5722351,-5.29547882,-47.3059692
45.1848802,-21.6095581,-5.26309967,-47.1933289
45.1948382,-21.7205811,-5.29081726,-47.2479553
45.2047962,-21.8550262,-5.29797363,-47.0630493
45.2147532,-21.9206848,-5.128479,-47.0427551
45.2247111,-21.9206848,-5.128479,-47.0427551
45.2346691,-22.0501556,-5.25818634,-46.6487732
45.2446271,-22.1466675,-5.17089844,-46.7811279
45.2545851,-22.2295227,-5.13330078,-46.9824829
45.2645431,-22.4715118,-4.95380402,-47.0699158
45.2745011,-22.4451752,-5.0835495,-47.0723267
45.2844591,-22.493309,-4.96642303,-46.8835144
45.2944161,-22.4970932,-4.93218231,-46.6268311
45.3043741,-22.4662552,-4.96684265,-46.6959839
45.3143321,-22.4857559,-4.96851349,-46.6209106
45.3242901,-22.1887131,-4.93041229,-46.7343445
45.3342481,-22.2133865,-5.10520172,-46.7731323
45.3442061,-21.9453506,-5.04488373,-46.9785156
45.3541641,-21.8541641,-5.06199646,-47.0341797
45.3641211,-21.7521896,-4.9878006,-47.2541504
45.3740791,-21.7606888,-4.96313477,-47.5986938
45.3840371,-21.5822525,-5.02298737,-47.4086609
45.3939951,-21.5512009,-5.06529999,-47.3453064
45.4039531,-21.7204819,-5.19150543,-47.1670837
45.4139111,-21.6700058,-5.31446838,-47.227478
45.4238691,-21.8091507,-5.40019226,-47.0802307
45.4338261,-21.8357468,-5.40052795,-47.256012
45.4437841,-21.8129807,-5.38813782,-47.2214661
45.4537421,-21.8443375,-5.55519867,-47.0489502
45.4637001,-21.9399185,-5.66622162,-46.9513855
45.4736581,-21.8600693,-5.87155914,-46.9632263
45.4836161,-21.9160233,-5.99378204,-46.8905945
45.4935741,-21.7957687,-6.02772522,-46.8410645
45.5035321,-21.7026749,-5.91152191,-46.9273987
45.5134891,-21.6236496,-6.02098083,-46.8421021
45.5234471,-21.5825119,-6.07787323,-46.9560852
45.5334051,-21.4897385,-6.07862091,-47.0651245
45.5433631,-21.4729233,-6.00385284,-47.024353
45.5533211,-21.4584274,-6.21772003,-46.9781799
45.5632791,-21.5932236,-6.23344421,-47.1235046
45.5732371,-21.5932236,-6.23344421,-47.1235046
45.5831941,-21.3290024,-6.19043732,-46.8688049
45.5931521,-21.4015427,-6.0443573,-46.8601074
45.6031101,-21.353508,-5.93093109,-46.8826904
45.6130681,-21.4168472,-5.99063873,-46.6915283
45.6230261,-21.7235336,-5.93848419,-46.594635
45.6329841,-21.8993759,-5.82963562,-46.6659241
45.6429421,-22.1063614,-5.75072479,-46.804718
45.6528991,-22.1951065,-5.5951767,-46.4564209
45.6628571,-22.4589615,-5.52952576,-46.4404297
45.6728151,-22.5750809,-5.59120178,-46.4071045
45.6827731,-22.616539,-5.48852539,-46.1370544
45.6927311,-22.5238266,-5.67054749,-46.2326965
45.7026891,-22.6248093,-5.85139465,-46.1210327
45.7126471,-22.6263962,-5.97459412,-46.1483154
45.7226051,-22.4645615,-5.93453979,-46.2022095
45.7325621,-22.4158096,-6.11862946,-46.1857605
45.7425201,-22.5296555,-6.16630554,-46.3814697
45.7524781,-22.4405594,-5.95231628,-46.1923523
45.7624361,-22.6312332,-6.10570526,-46.0353699
45.7723941,-22.7503433,-6.28145599,-45.9705505
45.7823521,-22.8600159,-6.21556091,-45.8658447
45.7923101,-23.0066986,-6.25522614,-45.9775696
45.8022671,-23.1055908,-6.34441376,-45.8930359
45.8122251,-23.2941132,-6.64458466,-45.97052
45.8221831,-23.4130402,-6.75844574,-45.8300171
45.8321411,-23.3286591,-6.8366394,-45.9559021
45.8420991,-23.3578491,-6.82584381,-45.7145386
45.8520571,-23.3432465,-7.03271484,-45.6838989
45.8620151,-23.5327148,-7.13739777,-45.4290771
45.8719721,-23.5041199,-7.153862,-45.5486755
45.8819301,-23.7224121,-7.15602112,-45.3934326
45.8918881,-23.7202454,-7.07455444,-45.4703979
45.9018461,-24.0363159,-7.2618866,-45.474762
45.9118041,-24.0092621,-7.16357422,-45.180481
45.9217621,-24.305336,-7.1601944,-45.1611023
45.9317201,-24.305336,-7.1601944,-45.1611023
45.9416771,-24.2904892,-7.49590302,-45.0003357
45.9516351,-24.4161148,-7.68463898,-44.8329163
45.9615931,-24.2170639,-7.67519379,-44.5074768
45.9715511,-24.1709671,-7.8397522,-44.9629517
45.9815091,-24.0895004,-7.80869293,-44.9114685
45.9914671,-24.2103958,-7.65654755,-44.8643799
46.0014251,-24.1101151,-7.58358765,-44.8588257
46.0113831,-24.0276108,-7.60070038,-44.8840942
46.0213401,-23.9855576,-7.72397614,-44.9275513
46.0312981,-24.110878,-7.61872101,-44.861145
46.0412561,-24.0940475,-7.63006592,-44.9366455
46.0512141,-24.1467514,-7.69421387,-44.6536255
46.0611721,-24.2607651,-7.85009003,-44.6018066
46.0711301,-24.2751541,-7.83812714,-44.7435303
46.0810881,-24.3956985,-7.67229462,-44.5987244
46.0910451,-24.4896164,-7.69046021,-44.3951111
46.1010031,-24.5437851,-7.61128998,-44.3777771
46.1109611,-24.6758499,-7.63465881,-44.5186157
46.1209191,-24.7154465,-7.55388641,-44.5154419
46.1308771,-24.7517166,-7.50019073,-44.3471985
46.1408351,-24.9749222,-7.56938934,-44.4292603
46.1507931,-24.7615433,-7.462677,-44.4199524
46.1607501,-24.6705551,-7.41958618,-44.4137878
46.1707081,-24.7973404,-7.41842651,-44.0828247
46.1806661,-24.7803268,-7.18710327,-43.9981689
46.1906241,-24.9575729,-7.26530457,-44.1791687
46.2005821,-25.0633316,-7.28517914,-44.1257324
46.2105401,-24.997612,-7.31863403,-44.1225586
46.2204981,-25.2541428,-7.30480957,-43.936554
46.2304553,-25.1386032,-7.34924316,-43.9937134
46.2404133,-25.2361374,-7.48657227,-43.8380432
46.2503713,-25.2485733,-7.55442047,-44.0711365
46.2603293,-25.3832321,-7.70697021,-43.9206543
46.2702873,-25.044838,-7.93714142,-44.0546265
46.2802453,-25.044838,-7.93714142,-44.0546265
46.2902033,-25.1414719,-7.84695435,-43.990448
46.3001603,-24.9820938,-7.9648819,-44.1671753
46.3101183,-25.0430222,-7.95753479,-44.2682495
46.3200763,-24.7962723,-8.10009003,-44.0681458
46.3300343,-24.9597702,-8.33322144,-44.2313232
46.3399923,-24.9962234,-8.53265381,-44.1390686
46.3499503,-25.0000076,-8.60530853,-43.9934082
46.3599083,-24.8562698,-8.69669342,-43.6690063
46.3698653,-25.110939,-9.10015869,-43.4457092
46.3798233,-25.0363693,-9.34214783,-43.382782
46.3897813,-25.0696793,-9.58992767,-43.5708008
46.3997393,-24.7721024,-9.82575226,-43.7088013
46.4096973,-24.8844376,-10.0593491,-43.8733826
46.4196553,-24.6276016,-10.1278076,-43.7893982
46.4296133,-24.6823654,-10.3724594,-43.8287964
46.4395713,-24.6401138,-10.3628006,-43.8305359
46.4495283,-24.7764969,-10.5120087,-43.599762
46.4594863,-24.9776993,-10.4130402,-43.5318604
46.4694443,-24.9888382,-10.3701859,-43.3114624
46.4794023,-25.070137,-10.5671997,-43.0816956
46.4893603,-25.2262497,-10.7682266,-43.3080139
46.4993183,-25.122467,-11.0032272,-43.1925049
46.5092763,-24.8997803,-11.1840057,-43.1321106
46.5192333,-24.6953735,-11.481987,-43.2164917
46.5291913,-24.4397278,-11.439949,-43.4988708
46.5391493,-24.0501099,-11.5542145,-43.5715942
46.5491073,-23.8199615,-11.4817734,-43.7024231
46.5590653,-23.4673386,-11.3755112,-43.7493286
46.5690233,-23.6338577,-11.4701614,-43.5769348
46.5789813,-23.5882797,-11.4727859,-43.5320435
46.5889383,-23.7663803,-11.605217,-43.5177307
46.5988963,-23.7133102,-11.6037369,-43.6289368
46.6088543,-23.8718643,-11.7789459,-43.4742126
46.6188123,-24.0199966,-12.0705872,-43.3453674
46.6287703,-24.0199966,-12.0705872,-43.3453674
46.6387283,-24.1780319,-12.2353745,-43.2521362
46.6486863,-24.2803726,-12.2611542,-43.1299438
46.6586433,-24.4352036,-12.4522858,-43.0446472
46.6686013,-24.3040085,-12.4109268,-43.0164185
46.6785593,-24.0533829,-12.4258728,-42.8850403
46.6885173,-23.952507,-12.480751,-42.9626465
46.6984753,-23.5424576,-12.3047333,-43.1509705
46.7084333,-23.3938217,-12.1368332,-43.2181091
46.7183913,-23.2730942,-12.1137848,-43.2066345
46.7283483,-23.1790695,-12.0860291,-43.4528809
46.7383063,-22.9933701,-12.0508652,-43.5925598
46.7482643,-23.0248489,-11.9524765,-43.5427856
46.7582223,-22.9109116,-12.0477448,-43.5241699
46.7681803,-22.8602829,-12.1043243,-43.5204468
46.7781383,-23.0677567,-12.1948853,-43.5406494
46.7880963,-23.1991653,-12.2703705,-43.3711853
46.7980533,-23.2093887,-12.408493,-43.5748901
46.8080113,-23.3409653,-12.4162521,-43.4349365
46.8179693,-23.2979965,-12.4031067,-43.4346924
46.8279273,-23.3112717,-12.3548889,-43.5270081
46.8378853,-23.2225876,-12.4319,-43.4937439
46.8478433,-23.1642838,-12.4551544,-43.3392334
46.8578013,-23.1310043,-12.4858246,-43.2773132
46.8677583,-22.9177933,-12.4844818,-43.2393799
46.8777163,-22.8575974,-12.5152664,-43.5279846
46.8876743,-22.7389984,-12.5366364,-43.5093994
46.8976323,-22.592392,-12.6616974,-43.5951233
46.9075903,-22.4846344,-12.564621,-43.4580078
46.9175483,-22.4150238,-12.5676041,-43.4418335
46.9275063,-22.4263763,-12.692894,-43.7028809
46.9374643,-22.2545624,-12.5573196,-43.6130066
46.9474213,-22.2810516,-12.7793121,-43.3907166
46.9573793,-22.2593994,-12.7710342,-43.3947754
46.9673373,-22.3786469,-12.9816055,-43.1969299
46.9772953,-22.3786469,-12.9816055,-43.1969299
46.9872533,-22.2949371,-13.0438461,-43.2146912
46.9972113,-22.1306152,-13.1631012,-43.293335
47.0071683,-21.9638367,-13.2433319,-43.526825
47.0171263,-21.7333984,-13.3733978,-43.2662354
47.0270843,-21.6270599,-13.4619141,-43.3737793
47.0370423,-21.4813843,-13.6424637,-43.4916382
47.0470003,-21.450119,-13.8536682,-43.4203796
47.0569583,-21.2785034,-14.1128159,-43.3556213
47.0669163,-21.1217651,-14.3437958,-43.3404846
47.0768743,-20.9823608,-14.4199448,-43.3470459
47.0868313,-20.7868195,-14.515152,-43.6681213
47.0967893,-20.5106964,-14.9790497,-43.5727844
47.1067473,-20.3328476,-15.137825,-43.4716797
47.1167053,-20.1056519,-15.3993378,-43.6898804
47.1266633,-20.0356674,-15.6144714,-43.3817749
47.1366213,-19.8364944,-16.0304565,-43.2957458
47.1465793,-19.799614,-16.4316864,-43.0602112
47.1565363,-19.7883148,-16.816658,-43.1697388
47.1664943,-19.875679,-17.0639877,-43.1544495
47.1764523,-19.5794601,-17.35923,-43.20047
47.1864103,-19.6949158,-17.7123032,-43.0454102
47.1963683,-19.3420029,-17.8520279,-42.8192444
47.2063263,-19.2360001,-18.119278,-42.597229
47.2162843,-19.0199203,-18.401268,-42.6671753
47.2262413,-18.8897858,-18.7584229,-42.5191956
47.2361998,-18.5163574,-18.9511185,-42.4961548
47.2461578,-18.3846588,-19.0617599,-42.3070984
47.2561158,-18.0547867,-19.3513412,-42.4507141
47.2660738,-17.8652267,-19.7003174,-42.3772278
47.2760318,-17.7020416,-19.9579773,-42.5276794
47.2859898,-17.3315125,-20.2052917,-42.4109802
47.2959468,-17.2195969,-20.4565582,-42.5402222
47.3059048,-16.9633408,-20.6202774,-42.3931274
47.3158628,-16.7533722,-20.7988739,-42.4655457
47.3258208,-16.526268,-21.1317749,-42.289032
47.3357788,-16.526268,-21.1317749,-42.289032
47.3457368,-16.2892838,-21.3405075,-42.2606812
47.3556948,-16.2066116,-21.6195068,-42.3732605
47.3656518,-15.9736328,-21.9757767,-42.3463745
47.3756098,-15.5588989,-22.1649857,-42.3721313
47.3855678,-15.2301788,-22.3403931,-42.3304443
47.3955258,-14.9493332,-22.5049515,-42.4049377
47.4054838,-14.674469,-22.6227493,-42.6835938
47.4154418,-14.2991028,-22.9717484,-42.5608215
47.4253998,-14.1131744,-23.1250381,-42.5241089
47.4353568,-13.8304901,-23.343811,-42.4998474
47.4453148,-13.6227264,-23.4669418,-42.7196655
47.4552728,-13.3848648,-23.7650223,-42.5137634
47.4652308,-13.0425415,-23.9705658,-42.4922485
47.4751888,-12.7733536,-24.197464,-42.3469849
47.4851468,-12.4088821,-24.3869629,-42.3218689
47.4951038,-12.079483,-24.5671616,-41.9821777
47.5050618,-11.845932,-24.7769394,-41.8811646
47.5150198,-11.3905258,-25.0279007,-42.0686646
47.5249778,-11.2367401,-25.1799088,-42.0853271
47.5349358,-10.8175735,-25.2490311,-42.0939941
47.5448938,-10.4932327,-25.6109161,-41.9131775
47.5548518,-10.2355957,-25.6464767,-41.8933411
47.5648088,-10.1013031,-25.9473572,-41.8422546
47.5747668,-9.65044403,-26.103363,-41.6543884
47.5847248,-9.4886322,-26.2705841,-41.8299866
47.5946828,-8.89090729,-26.3733673,-41.7922668
47.6046408,-8.75505829,-26.492981,-41.9134216
47.6145988,-8.35496521,-26.4013519,-41.8024902
47.6245568,-8.05587006,-26.6476746,-42.1011658
47.6345138,-7.58310699,-26.5634308,-42.0252075
47.6444718,-7.00267792,-26.617157,-42.1001892
47.6544298,-6.44249725,-26.4946213,-42.1612549
47.6643878,-5.95375824,-26.5748901,-42.1861877
47.6743458,-5.32941437,-26.6263504,-42.306427
47.6843038,-5.34509277,-26.6299896,-42.3014526
47.6942618,-4.87058258,-26.7049789,-42.3436584
47.7042188,-4.2964325,-26.6627121,-42.3331299
47.7141768,-3.79946136,-26.5243683,-42.4123535
47.7241348,-2.95585632,-26.3146057,-42.5505371
47.7340928,-2.38825989,-26.3750305,-42.8668823
47.7440508,-1.84143829,-26.1194687,-43.019928
47.7540088,-1.31446075,-26.0257187,-42.9480286
47.7639668,-0.831008911,-26.0126801,-43.2298889
47.7739238,-0.491775513,-25.7144623,-43.3866577
47.7838818,-0.117965698,-25.7641678,-43.4362183
47.7938398,0.0204849243,-25.6332703,-43.3034363
47.8037978,0.173194885,-25.5169678,-43.5751343
47.8137558,0.388221741,-25.5838699,-43.2205505
47.8237138,0.627891541,-25.5841446,-43.2210388
47.8336718,0.862319946,-25.5889587,-43.1873169
47.8436288,1.06710052,-25.4794846,-43.4627075
47.8535868,1.18255615,-25.44664,-43.4579773
47.8635448,1.3804245,-25.2844696,-43.4833374
47.8735028,1.62545776,-25.1977158,-43.7863159
47.8834608,1.7305069,-25.2366104,-43.8825378
47.8934188,1.93110657,-25.1725082,-43.9020996
47.9033768,2.07248688,-25.0631638,-43.8891907
47.9133338,2.37731934,-25.099411,-43.736908
47.9232918,2.48929596,-25.1221771,-43.6430054
47.9332498,2.49394989,-25.0772705,-43.7419434
47.9432078,2.737854,-25.1548004,-43.8756714
47.9531658,3.00538635,-25.045311,-43.6217041
47.9631238,3.17987823,-25.0397797,-43.7373047
47.9730818,3.43907166,-24.9949722,-43.7973938
47.9830388,3.50359344,-25.0091324,-43.7607727
47.9929968,3.74321747,-24.9272919,-43.9797974
48.0029548,4.04999542,-25.0091324,-43.9205017
48.0129128,4.15824127,-24.887619,-43.8534851
48.0228708,4.42490387,-24.9271851,-43.7970276
48.0328288,4.43013,-24.9291077,-43.7991943
48.0427868,4.63565063,-24.7798691,-43.7929382
48.0527438,4.88353729,-25.0158081,-43.6499329
48.0627018,4.95555878,-25.1771927,-43.6034241
48.0726598,5.07080078,-25.3163376,-43.4405518
48.0826178,5.19110107,-25.0497131,-43.4512024
48.0925758,5.19423676,-25.1843491,-43.7115479
48.1025338,5.04514313,-24.9784851,-44.0477905
48.1124918,4.9471817,-24.8608246,-43.9405212
48.1224488,4.78577423,-24.8377762,-44.0291748
48.1324068,4.83987427,-24.7260056,-43.782074
48.1423648,4.68514252,-24.7466583,-44.1427307
48.1523228,4.91477203,-24.8957291,-44.0321655
48.1622808,4.95428467,-25.0971527,-43.9199829
48.1722388,5.03205872,-25.0913544,-43.7557068
48.1821968,5.04141998,-25.2020187,-43.7185364
48.1921538,4.95508575,-25.3453903,-43.7900391
48.2021118,5.0699234,-25.3781738,-43.7022095
48.2120698,4.91869354,-25.5670013,-43.6780701
48.2220278,4.75043488,-25.5751495,-43.6799622
48.2319857,4.7855072,-25.4791946,-43.700592
48.2419437,4.56620026,-25.5369263,-43.7871094
48.2519007,4.64434814,-25.671051,-43.6816101
48.2618587,4.67101288,-25.7042465,-43.2898254
48.2718167,4.55728149,-25.765892,-43.5785828
48.2817747,4.6623764,-25.7032318,-43.4067078
48.2917327,4.8365097,-25.689743,-43.5675659
48.3016907,5.01535797,-25.7077789,-43.354126
48.3116487,5.16285706,-25.7802963,-43.2567139
48.3216057,5.49279022,-25.8317566,-43.2666321
48.3315637,5.63547516,-26.0166092,-42.9958191
48.3415217,5.97437286,-25.9299164,-42.953125
48.3514797,6.14202118,-25.8948898,-43.0564575
48.3614377,6.4703064,-25.8210449,-42.9566345
48.3713957,6.70964813,-25.6929703,-43.0206909
48.3813537,6.73522949,-25.6910324,-42.9924622
48.3913107,6.7804184,-25.8039627,-43.2298279
48.4012687,6.86129761,-25.7411804,-43.2649231
48.4112267,6.80158997,-25.8361816,-43.3088379
48.4211847,6.92818451,-25.7816467,-43.4528503
48.4311427,6.70979309,-25.7582779,-43.3062744
48.4411007,6.67431641,-25.6080475,-43.3314209
48.4510587,6.47076416,-25.8361588,-43.3647461
48.4610157,6.6028595,-25.5697021,-43.5095825
48.4709737,6.50449371,-25.5670853,-43.2706299
48.4809317,6.39343262,-25.5076523,-43.3875427
48.4908897,6.4201355,-25.3129196,-43.7415161
48.5008477,6.25667572,-25.1177902,-43.6324768
48.5108057,6.05895233,-24.8682327,-43.7590332
48.5207637,6.01203918,-24.7849503,-43.6570129
48.5307207,5.89122772,-24.5457916,-44.1546631
48.5406787,5.7074585,-24.3639832,-44.3554382
48.5506367,5.51009369,-24.3671341,-44.2281189
48.5605947,5.447052,-24.3189392,-44.4538879
48.5705527,5.37961578,-24.223526,-44.586853
48.5805107,5.26551819,-24.2193909,-44.4679565
48.5904687,5.209198,-24.1890945,-44.417572
48.6004257,5.09186554,-24.0951157,-44.5820618
48.6103837,5.00631714,-24.0725327,-44.5847168
48.6203417,4.88059998,-24.0668716,-44.8121643
48.6302997,4.73789215,-23.9452972,-44.6054382
48.6402577,4.53002167,-23.8882523,-44.8269043
48.6502157,4.33379364,-23.8805084,-44.8097534
48.6601727,4.32315826,-23.8015289,-44.7752991
48.6701307,4.17636108,-24.0100021,-44.6071167
48.6800887,4.01617432,-24.0234451,-44.5197144
48.6900467,4.00199127,-24.0711746,-44.4777527
48.7000047,4.10016632,-24.0190048,-44.180481
48.7099627,4.02072144,-24.2256317,-44.2984924
48.7199207,4.16033173,-24.2959671,-44.3287964
48.7298777,4.36751556,-24.30896,-44.2736206
48.7398357,4.36751556,-24.30896,-44.2736206
48.7497937,4.29312134,-24.3493958,-44.1887207
48.7597517,4.46853638,-24.479332,-44.1920471
48.7697097,4.53253174,-24.4591141,-44.178894
48.7796677,4.41205597,-24.5076447,-44.2514954
48.7896257,4.19332886,-24.5512085,-44.1095581
48.7995827,4.11990356,-24.6012726,-44.2293091
48.8095407,3.91182709,-24.9184647,-44.0231628
48.8194987,3.87340546,-24.8743896,-43.9099426
48.8294567,3.76324463,-25.1036835,-43.694458
48.8394147,3.55192566,-25.2551727,-43.8609009
48.8493727,3.6890564,-25.2866058,-43.9039612
48.8593297,3.61841583,-25.1994934,-43.855072
48.8692877,3.57855988,-25.3792725,-43.7639771
48.8792457,3.6293869,-25.1933899,-43.6989746
48.8892037,3.66410065,-25.3560333,-43.7391357
48.8991617,3.730896,-25.1533737,-43.73172
48.9091197,3.84365082,-25.1746826,-43.7193298
48.9190777,3.87064362,-25.0921555,-43.7235107
48.9290347,3.94245148,-24.9264526,-43.7933044
48.9389927,3.96062469,-24.6208038,-43.7566528
48.9489507,3.91039276,-24.5464249,-43.8116455
48.9589087,4.00584412,-24.3839264,-44.032135
48.9688667,3.97209167,-24.2298508,-44.040863
48.9788247,4.1805191,-24.0018005,-44.2050476
48.9887827,4.22933197,-23.8467941,-44.4168091
48.9987397,4.44599152,-23.6503143,-44.2583923
49.0086977,4.43967438,-23.5897827,-44.1968689
49.0186557,4.53266144,-23.5230331,-44.2952881
49.0286137,4.74394226,-23.4258041,-44.0966492
49.0385717,4.80653381,-23.5824814,-44.1533813
49.0485297,4.96026611,-23.6212082,-44.0601807
49.0584877,5.07420349,-23.6836014,-44.2683105
49.0684447,5.15489197,-23.7182465,-44.0625916
49.0784027,5.09033203,-23.7943268,-44.1421509
49.0883607,5.09033203,-23.7943268,-44.1421509
49.0983187,5.10282135,-23.8346786,-43.9872437
49.1082767,5.24550629,-23.9116898,-44.0002747
49.1182347,5.5809021,-23.6390076,-44.140564
49.1281917,5.80227661,-23.2955627,-44.1610107
49.1381497,6.20500183,-23.0350876,-44.2443542
49.1481077,6.75028229,-22.6134338,-44.29422
49.1580657,7.39417267,-22.2979965,-44.3979797
49.1680237,8.14329529,-21.872673,-44.2943726
49.1779817,8.633461,-21.6663132,-44.3120422
49.1879397,9.00311279,-21.5357895,-44.2103882
49.1978967,9.26607513,-21.5650101,-44.4194641
49.2078547,9.49226379,-21.6049118,-44.0783081
49.2178127,9.57301331,-21.5760193,-44.0411682
49.2277704,9.44155884,-21.6316757,-44.0244751
49.2377284,9.25148773,-21.5252228,-44.157135
49.2476864,8.94603729,-21.7317047,-44.1244202
49.2576444,8.69337463,-21.8334274,-44.0991516
49.2676014,8.52368927,-22.073288,-44.0836182
49.2775594,8.38214874,-22.2435074,-44.0757751
49.2875174,8.18611908,-22.5131302,-44.0699768
49.2974754,8.0659256,-22.6304626,-43.7027283
49.3074334,8.01051331,-22.8257217,-43.6568298
49.3173914,7.9798584,-22.8306198,-43.5352783
49.3273484,8.07698059,-22.8601608,-43.5706177
49.3373064,8.43251038,-22.9672165,-43.48703
49.3472644,8.41053009,-23.0181961,-43.6665649
49.3572224,8.34798431,-22.7399445,-43.552002
49.3671804,8.31626129,-22.9677887,-43.4129944
49.3771384,8.21710205,-23.0335312,-43.2945251
49.3870964,8.03702545,-23.2385635,-42.9459229
49.3970534,7.728302,-23.3108673,-43.1959534
49.4070114,7.4753952,-23.3311768,-43.1934814
49.4169694,7.27344513,-23.4853973,-43.3564453
49.4269274,7.19432068,-23.6467896,-43.3132324
49.4368854,7.13988495,-23.8687668,-42.9069824
49.4468434,7.13988495,-23.8687668,-42.9069824
49.4568014,7.13150787,-24.0654907,-42.635376
49.4667584,7.32876587,-24.1839828,-42.6091919
49.4767164,7.42144012,-24.2843399,-42.6096802
49.4866744,7.4929657,-24.5127182,-42.6536865
49.4966324,7.49172211,-24.6930542,-42.7611694
49.5065904,7.56565857,-24.7582626,-42.5128784
49.5165484,7.48361969,-24.9820175,-42.5007019
49.5265054,7.39512634,-25.2195053,-42.3998718
49.5364634,7.29508972,-25.6370316,-42.335968
49.5464214,7.0951767,-25.8114548,-42.2071228
49.5563794,6.71400452,-26.0238266,-42.1452332
49.5663374,6.70250702,-26.2079086,-41.9055176
49.5762954,6.39188385,-26.2833023,-42.0335693
49.5862534,6.14813232,-26.3359146,-41.7157898
49.5962104,5.97029877,-26.4077377,-41.8486633
49.6061684,5.7117691,-26.5934372,-41.6336975
49.6161264,5.71770477,-26.6751404,-41.6404724
49.6260844,5.71320343,-26.9662704,-41.6135254
49.6360424,5.8950119,-27.0759583,-41.7607727
49.6460004,5.7767868,-27.2588806,-41.5372925
49.6559574,5.91920471,-27.204071,-41.4360046
49.6659154,5.99038696,-27.3540649,-41.4367371
49.6758734,5.97785187,-27.4074402,-41.3591919
49.6858314,5.65190125,-27.5497131,-41.0974121
49.6957894,5.64601135,-27.5602188,-41.2763977
49.7057474,5.42789459,-27.7375031,-41.1535339
49.7157054,5.25741577,-27.6361847,-41.0748596
49.7256624,5.03005981,-27.9070892,-41.0884094
49.7356204,4.85881805,-27.9975891,-41.1279297
49.7455784,4.57491302,-28.242691,-41.1014099
49.7555364,4.49969482,-28.0451584,-41.2236938
49.7654944,4.38867188,-28.0703583,-41.2980652
49.7754524,4.28738403,-28.16259,-41.2410889
49.7854104,4.24615479,-28.1697235,-41.1370239
49.7953674,4.24615479,-28.1697235,-41.1370239
49.8053254,4.22961426,-28.0488434,-41.1344604
49.8152834,4.33289337,-27.9176025,-41.2488708
49.8252414,4.22666168,-27.9362259,-41.250061
49.8351994,4.16661835,-27.8486328,-41.2097778
49.8451574,4.19577026,-27.8777695,-41.2672729
49.8551144,4.23925018,-27.7073517,-41.357666
49.8650724,4.15127563,-27.8054504,-41.5538635
49.8750304,4.17790222,-27.583374,-41.2993774
49.8849884,4.17537689,-27.538147,-41.5003967
49.8949464,4.19606781,-27.53022,-41.3842163
49.9049044,4.09185791,-27.6233902,-41.5244141
49.9148624,4.1552124,-27.5071945,-41.4203491
49.9248194,4.02199554,-27.5405731,-41.3703918
49.9347774,4.06726074,-27.5872955,-41.3249817
49.9447354,4.10351562,-27.67836,-41.3513184
49.9546934,4.17463684,-27.8270874,-41.5084839
49.9646514,4.2010498,-27.6754837,-41.5019836
49.9746094,4.18596649,-27.6302567,-41.293396
49.9845674,4.26304626,-27.6993713,-41.3670654
49.9945244,4.2024765,-27.8286743,-41.4478149
50.0044824,4.1466217,-27.8622055,-41.2616882
50.0144404,4.11723328,-27.9081421,-41.2585754
50.0243984,4.15643311,-27.9293747,-41.1296387
50.0343564,4.09268188,-27.9472809,-41.3365784
50.0443144,4.2932663,-27.828125,-41.1099548
50.0542714,4.40822601,-27.6987686,-41.316803
50.0642294,4.55548096,-27.6589508,-41.4342957
50.0741874,4.69368744,-27.60849,-41.2781677
50.0841454,4.92462921,-27.5296326,-41.2198792
50.0941034,5.11319733,-27.4700775,-41.2207642
50.1040614,5.30502319,-27.5904312,-41.3070374
50.1140184,5.60998535,-27.355011,-41.384552
50.1239764,5.86179352,-27.3611603,-41.4832458
50.1339344,6.01364899,-27.2021713,-41.5054321
50.1438924,6.01364899,-27.2021713,-41.5054321
50.1538504,6.17858887,-27.1845779,-41.3071594
50.1638084,6.25793457,-27.1749573,-41.3259888
50.1737664,6.26894379,-27.236084,-41.2576599
50.1837234,6.52966309,-27.1688385,-41.1777344
50.1936814,6.79509735,-27.3560944,-41.1738892
50.2036394,6.97872925,-27.3401413,-40.7562256
50.2135974,7.20005035,-27.322937,-40.5522156
50.2235554,7.233284,-27.5531616,-40.5281982
50.2335135,7.4151535,-27.5356598,-40.4263611
50.2434705,7.44580841,-27.5542755,-40.4542542
50.2534285,7.5536499,-27.4294891,-40.6167297
50.2633865,7.86502075,-27.4122086,-40.6495056
50.2733445,8.03217316,-27.235817,-40.8167419
50.2833025,8.07262421,-27.3473587,-40.6395874
50.2932605,8.32937622,-27.3250351,-40.5615845
50.3032185,8.36251068,-27.2396698,-40.5557251
50.3131755,8.59191132,-27.4254684,-40.4997253
50.3231335,8.65595245,-27.3653107,-40.6148987
50.3330915,8.88845062,-27.2472916,-40.7120361
50.3430495,9.07385254,-27.1233826,-40.6231689
50.3530075,9.38527679,-26.9258652,-40.347229
50.3629655,9.56690979,-26.8872223,-40.7932434
50.3729235,9.74045563,-26.7920151,-40.6778259
50.3828805,9.88659668,-26.5919571,-40.5513
50.3928385,10.057045,-26.6515503,-40.7696838
50.4027965,10.1492844,-26.582695,-40.6593018
50.4127545,10.3557129,-26.611969,-40.5365295
50.4227125,10.3025131,-26.5862503,-40.5480042
50.4326705,10.5561447,-26.5125809,-40.4923401
50.4426275,10.8165588,-26.426918,-40.561676
50.4525855,11.0312119,-26.218132,-40.6975708
50.4625435,11.1932831,-26.140152,-40.5979309
50.4725015,11.4765396,-26.0051727,-40.6852417
50.4824595,11.5691376,-25.9476547,-40.4949036
50.4924175,11.8094559,-25.7229691,-40.5803833
50.5023745,11.8094559,-25.7229691,-40.5803833
50.5123325,11.9869995,-25.7486115,-40.76297
50.5222905,12.0968704,-25.5600967,-41.0265808
50.5322485,12.3773804,-25.3705978,-41.0017395
50.5422065,12.602951,-25.1678772,-40.8756714
50.5521645,12.7648315,-25.1300583,-40.8609314
50.5621225,12.9150543,-24.8075027,-40.9017334
50.5720795,13.0516586,-24.8127823,-41.0245667
50.5820375,13.3588028,-24.3378525,-40.9472961
50.5919955,13.5042877,-24.3548813,-41.1217346
50.6019535,13.6894531,-24.0790787,-41.3603821
50.6119115,14.0598526,-24.0175095,-41.3935242
50.6218695,14.3675919,-23.6947174,-41.3173218
50.6318265,14.6444016,-23.5632095,-40.9924927
50.6417845,14.8750305,-23.2640762,-41.0608215
50.6517425,15.1646652,-23.2540207,-41.1336365
50.6617005,15.3361359,-22.8808212,-41.1751709
50.6716585,15.5522079,-22.6920013,-41.3309937
50.6816165,15.9252701,-22.5623093,-41.3067322
50.6915745,16.1041565,-22.2370148,-41.3613281
50.7015315,16.3955231,-21.9683075,-41.3366089
50.7114895,16.6366196,-21.7415695,-41.4914246
50.7214475,16.9080353,-21.5108032,-41.9005737
50.7314055,17.0468674,-21.2073898,-41.778656
50.7413635,17.3222885,-21.0028076,-41.7841797
50.7513215,17.5334167,-20.606987,-41.6229248
50.7612785,17.7033157,-20.4087219,-41.7101746
50.7712365,18.1504745,-20.0149994,-41.8266602
50.7811945,18.4100876,-19.5630264,-41.7637939
50.7911525,18.5880737,-19.2616196,-41.7294006
50.8011105,18.725235,-18.9032974,-41.9825745
50.8110685,19.1334839,-18.4657898,-41.9339905
50.8210265,19.2609787,-18.0857315,-42.0295105
50.8309835,19.5778275,-17.5947647,-42.223114
50.8409415,19.7084961,-17.1028061,-42.3873901
50.8508995,19.7084961,-17.1028061,-42.3873901
50.8608575,20.1308365,-16.669632,-42.4336853
50.8708155,20.4088898,-16.1287079,-42.2669678
50.8807735,20.7490616,-15.7452164,-42.1782227
50.8907305,20.9149704,-15.3290634,-42.3024597
50.9006885,21.2923126,-14.8048248,-42.2896423
50.9106465,21.6483459,-14.4732208,-42.0802002
50.9206045,22.1138916,-13.9829636,-42.136322
50.9305625,22.3123932,-13.4549561,-42.302887
50.9405205,22.6541367,-12.7411423,-42.4561768
50.9504775,23.0976944,-12.3619232,-42.3410339
50.9604355,23.2841187,-11.7376251,-42.2021179
50.9703935,23.6027832,-11.1451569,-42.4845581
50.9803515,23.8242798,-10.7675247,-42.5457153
50.9903095,24.1612625,-10.2617416,-42.527832
51.0002675,24.2315292,-9.79268646,-42.5340576
51.0102255,24.352356,-9.49781799,-42.4459229
51.0201825,24.6815186,-8.95049286,-42.3369446
51.0301405,24.8678665,-8.63991547,-42.1604309
51.0400985,24.9659653,-8.12891388,-42.0542297
51.0500565,25.1754608,-7.67116547,-41.8838196
51.0600145,25.3354187,-7.2963028,-41.9172974
51.0699725,25.3627777,-6.99277496,-41.7526245
51.0799295,25.5588226,-6.57772827,-41.8218689
51.0898875,25.5603943,-6.02439117,-41.8476868
51.0998455,25.5645142,-5.70104218,-42.1104431
51.1098035,25.3747635,-5.38568115,-42.2232666
51.1197615,25.2623291,-5.05628204,-42.5531921
51.1297195,25.2801437,-4.78188324,-42.4602661
51.1396765,25.2654419,-4.74337769,-42.3702393
51.1496345,25.4070358,-4.27739716,-42.6763306
51.1595925,25.3299179,-3.90969849,-42.6555786
51.1695505,25.295578,-3.75258636,-42.9214172
51.1795085,25.1874924,-3.40602875,-42.9113464
51.1894665,25.2162323,-2.91886139,-43.0027771
51.1994245,25.2162323,-2.91886139,-43.0027771
51.2093815,24.9841614,-2.60784149,-43.1735229
51.2193395,24.84832,-2.34352112,-43.1847534
51.2292975,24.7111206,-2.01371002,-43.3005371
51.2392552,24.8341827,-1.63819885,-43.215271
51.2492132,24.9079132,-1.42408752,-43.2628479
51.2591712,24.9459305,-1.28679657,-43.2973328
51.2691282,25.0889282,-1.01519012,-43.2102356
51.2790862,25.1113052,-0.650405884,-43.4428101
51.2890442,25.1758957,-0.640899658,-43.2880859
51.2990022,25.3523178,-0.365905762,-43.0554199
51.3089602,25.3515625,-0.201751709,-43.0670166
51.3189182,25.3850098,-0.130241394,-43.0404358
51.3288752,25.4845657,0.0076675415,-43.2492981
51.3388332,25.5142288,0.0616073608,-42.9958191
51.3487912,25.4568863,0.112640381,-43.0173645
51.3587492,25.2788162,0.304290771,-43.0276184
51.3687072,25.2199707,0.392036438,-43.2362671
51.3786652,25.0574646,0.682991028,-43.2686157
51.3886232,24.9597244,0.691459656,-43.2216797
51.3985802,24.7480774,0.810882568,-43.1963501
51.4085382,24.7493439,0.946723938,-43.1370239
51.4184962,24.7448502,1.13160706,-43.2077942
51.4284542,24.9480591,1.09989929,-43.3728638
51.4384122,24.8765564,1.06943512,-43.2705994
51.4483702,24.9742508,1.23904419,-43.3243103
51.4583272,24.8503494,1.44612122,-43.1994019
51.4682852,25.0385437,1.59098816,-43.2453918
51.4782432,25.0100098,1.68987274,-43.3208618
51.4882012,25.1140289,1.81513977,-43.3117065
51.4981592,24.8199539,1.9249649,-43.4351501
51.5081172,24.6869125,2.00580597,-43.3573608
51.5180742,24.6039429,2.05303192,-43.2611389
51.5280322,24.5564728,2.10721588,-43.2456055
51.5379902,24.4983368,2.31479645,-43.3865967
51.5479482,24.4976273,2.50218201,-43.5137024
51.5579062,24.4976273,2.50218201,-43.5137024
51.5678642,24.3656769,2.72605133,-43.543335
51.5778222,24.3275986,2.82223511,-43.4728699
51.5877792,24.3033371,3.03900146,-43.5729675
51.5977372,24.3485336,3.05172729,-43.5457458
51.6076952,24.2175598,3.15667725,-43.7705383
51.6176532,24.2271576,3.10974121,-43.5991821
51.6276112,24.0983582,3.04095459,-43.6199951
51.6375692,24.0931549,3.17290497,-43.7494507
51.6475262,24.0294189,3.16142273,-43.8684998
51.6574842,24.0653839,3.20089722,-43.765686
51.6674422,24.0170593,3.22737122,-43.7240906
51.6774002,24.0165024,3.14705658,-43.7812195
51.6873582,23.9400177,3.03726196,-43.8154297
51.6973162,24.0172729,3.12470245,-43.8856201
51.7072732,23.7523117,2.90906525,-44.0525513
51.7172312,23.9155121,2.94674683,-44.1846313
51.7271892,24.0349426,2.89349365,-44.0097961
51.7371472,23.9690247,2.82746887,-44.2607422
51.7471052,23.9459381,2.68515015,-44.1982422
51.7570632,23.9648666,2.7045517,-44.1796265
51.7670202,24.0492554,2.82476807,-44.1257324
51.7769782,24.0165939,2.75253296,-43.980011
51.7869362,24.0912399,2.52613831,-44.0237427
51.7968942,24.2675171,2.44242096,-43.9752808
51.8068522,24.3636093,2.44756317,-43.9353333
51.8168102,24.1794434,2.621315,-43.9440308
51.8267682,24.4773331,2.47021484,-44.3030701
51.8367252,24.2036209,2.45431519,-44.0342712
51.8466832,24.265686,2.39444733,-44.2217407
51.8566412,24.245842,2.39421844,-44.0842285
51.8665992,24.2974777,2.26364899,-44.0968323
51.8765572,24.1266403,2.43618774,-44.380188
51.8865152,24.2929916,2.35192108,-44.327179
51.8964722,24.2217407,2.50241089,-44.4360046
51.9064302,24.2217407,2.50241089,-44.4360046
51.9163882,24.1808395,2.61395264,-44.3851624
51.9263462,24.1704178,2.66881561,-44.3757324
51.9363042,24.1736221,2.87911987,-44.399353
51.9462622,24.216362,3.12905121,-44.5328979
51.9562192,24.0155792,3.32717133,-44.4042969
51.9661772,23.877861,3.73112488,-44.3598328
51.9761352,23.7287216,3.8967514,-44.3542786
51.9860932,23.6818771,4.15895844,-44.4236755
51.9960512,23.5761719,4.33886719,-44.4974976
52.0060092,23.5214996,4.36290741,-44.4139709
52.0159662,23.4414673,4.42546844,-44.3796387
52.0259242,23.5164871,4.7881546,-44.4808655
52.0358822,23.5289078,4.98616028,-44.5809021
52.0458402,23.5187759,5.20146179,-44.3021545
52.0557982,23.506813,5.29340363,-44.414093
52.0657562,23.3742371,5.36650848,-44.5879517
52.0757142,23.2388306,5.56150818,-44.6010437
52.0856712,22.9002686,5.73781586,-44.9042053
52.0956292,22.7855453,5.89273834,-44.8635864
52.1055872,22.4560318,5.64797211,-44.8313293
52.1155452,22.1058502,5.41786194,-45.2014771
52.1255032,21.8131027,5.15280151,-45.3531494
52.1354612,21.4711227,4.86959076,-45.54245
52.1454182,21.2548218,4.58413696,-45.8417664
52.1553762,20.9574738,4.5320282,-45.853302
52.1653342,20.9689026,4.22602081,-46.069397
52.1752922,20.9239426,4.28451538,-46.0144653
52.1852502,20.8692932,4.36058044,-46.1082153
52.1952082,20.69384,4.3780365,-46.129303
52.2051652,20.6466141,4.51577759,-46.1546936
52.2151232,20.3284607,4.66174316,-46.4246826
52.2250812,20.116539,4.64612579,-46.6016846
52.2350391,19.7909622,4.80649567,-46.6598511
52.2449971,19.5296249,4.84484863,-46.6951904
52.2549551,19.385704,4.991745,-46.3682251
52.2649121,19.385704,4.991745,-46.3682251
52.2748701,19.3624954,4.96920013,-46.493103
52.2848281,19.0647964,5.18334198,-46.7702942
52.2947861,19.1469574,5.14511108,-46.8783264
52.3047441,19.0552063,5.55491638,-46.9492188
52.3147021,19.0485535,5.61949158,-46.8977051
52.3246591,19.0793304,5.86496735,-46.8924561
52.3346171,19.2290039,6.00527191,-46.6663513
52.3445751,19.252243,6.19806671,-46.4498596
52.3545331,19.1543045,6.42073822,-46.509552
52.3644911,19.0852127,6.42584991,-46.7453918
52.3744491,19.173996,6.43276215,-46.6340637
52.3844071,19.1929169,6.60083771,-46.7603455
52.3943641,19.1492386,6.54891205,-46.7270813
52.4043221,19.3356094,6.64199066,-46.7372437
52.4142801,19.3730545,6.82163239,-46.4303284
52.4242381,19.544487,6.91228485,-46.5088806
52.4341961,19.6626358,7.05275726,-46.2006226
52.4441541,19.848465,7.246315,-46.1312561
52.4541111,20.0858307,7.47943115,-46.282135
52.4640691,20.2620697,7.69072723,-46.1617126
52.4740271,20.3265381,7.88589478,-46.0039062
52.4839851,20.3188629,8.23981476,-45.9099731
52.4939431,20.4873276,8.25146484,-45.7921753
52.5039011,20.3442383,8.32147217,-45.8285217
52.5138581,20.197525,8.30792236,-45.7815552
52.5238161,20.1852646,8.30329132,-45.816925
52.5337741,20.2000961,8.07234955,-45.7869568
52.5437321,20.2667618,7.89562988,-45.9043579
52.5536901,20.5132599,7.71363068,-46.0147705
52.5636481,20.4867859,7.41854858,-45.8355408
52.5736051,20.4332199,7.26365662,-46.1487122
52.5835631,20.632782,6.97902679,-45.9248962
52.5935211,20.7745667,6.79640198,-45.9083557
52.6034791,20.6758118,6.38141632,-46.1193542
52.6134371,20.6758118,6.38141632,-46.1193542
52.6233951,20.6838455,6.05711365,-46.2240295
52.6333521,20.7266998,5.59346008,-46.3148193
52.6433101,20.5284195,5.06491089,-46.602417
52.6532681,20.6346283,4.68339539,-46.4848022
52.6632261,20.5084,4.27285767,-46.1556396
52.6731841,20.5013046,3.94791412,-46.2586975
52.6831421,20.4631882,3.86734009,-46.3575134
52.6930991,20.6397095,3.69071198,-46.5115051
52.7030571,20.6636887,3.46479797,-46.3512268
52.7130151,20.9080353,3.51704407,-46.1127625
52.7229731,21.0780258,3.48073578,-46.2035522
52.7329311,21.1882019,3.41357422,-46.0845337
52.7428891,21.4128265,3.38222504,-46.1565857
52.7528461,21.5828705,3.35166931,-46.1079712
52.7628041,21.5503922,3.2041626,-46.0862122
52.7727621,21.5943298,3.15619659,-46.085968
52.7827201,21.4735413,3.04255676,-46.2267151
52.7926781,21.3962631,2.71482849,-46.1105347
52.8026361,21.3666153,2.5690155,-46.094696
52.8125941,21.2764359,2.24958801,-46.0489807
52.8225511,21.140152,2.05857086,-46.2536011
52.8325091,20.9828491,1.97710419,-46.1158142
52.8424671,20.8841705,1.82714081,-46.182373
52.8524251,20.8321915,1.94192505,-46.2625122
52.8623831,20.9945145,1.96325684,-46.097168
52.8723401,20.8696213,2.14111328,-46.04245
52.8822981,21.0011902,2.25358582,-46.2818604
52.8922561,21.1687851,2.29649353,-46.1625977
52.9022141,21.3163834,2.49143982,-45.9620667
52.9121721,21.3884583,2.50128174,-45.9916382
52.9221301,21.4495468,2.39831543,-45.9227295
52.9320881,21.6545486,2.37033081,-45.9145203
52.9420451,21.7486649,2.42035675,-45.9213257
52.9520031,21.8343124,2.46723938,-45.6483459
52.9619611,21.8343124,2.46723938,-45.6483459
52.9719191,22.0264587,2.43601227,-45.7674561
52.9818771,22.1041641,2.46442413,-45.5416565
52.9918351,22.3060532,2.52710724,-45.5768433
53.0017921,22.2347717,2.53469086,-45.5779419
53.0117501,22.328186,2.79389954,-45.4610291
53.0217081,22.4454498,2.89012909,-45.4498291
53.0316661,22.3984299,2.7371521,-45.4524841
53.0416241,22.2847595,2.66479492,-45.2479248
53.0515821,22.2163773,2.55474854,-45.4437256
53.0615391,22.2769699,2.25797272,-45.3549805
53.0714971,22.4105453,2.01726532,-45.2638245
53.0814551,22.4347,1.96759033,-45.2511292
53.0914131,22.5116577,1.64477539,-45.4371338
53.1013711,22.3466339,1.7417984,-45.4710388
53.1113291,22.4575806,1.7951355,-45.3912964
53.1212861,22.1933899,2.00731659,-45.2737427
53.1312441,22.0320129,2.33015442,-45.2371826
53.1412021,21.7244186,2.50134277,-45.514801
53.1511601,21.632843,2.71956635,-45.6758423
53.1611181,21.2947617,2.81943512,-45.7675171
53.1710761,21.5162506,2.85483551,-45.6820374
53.1810331,21.6059494,2.81175995,-45.6689758
53.1909911,21.6679382,2.72995758,-45.480835
53.2009491,22.0159912,2.82759094,-45.554657
53.2109071,22.3695755,2.99494171,-45.3608704
53.2208651,22.6303253,3.22743988,-45.3632202
53.2308231,22.4694595,3.19914246,-45.1360168
53.2407808,22.3950424,3.4808197,-45.2355347
53.2507388,22.3279114,3.55646515,-45.2029724
53.2606968,22.3315659,3.73014832,-45.3648376
53.2706548,22.0377274,3.72884369,-45.1702271
53.2806128,21.9085007,3.74452209,-45.4224548
53.2905708,21.8839417,3.91281891,-45.5316467
53.3005278,21.7124481,3.97771454,-45.697937
53.3104858,21.667099,3.96786499,-45.5923462
53.3204438,21.667099,3.96786499,-45.5923462
53.3304018,21.6156006,4.22888184,-45.5387878
53.3403598,21.786499,4.33531952,-45.5341492
53.3503178,21.8091202,4.42905426,-45.5001221
53.3602748,21.8743668,4.6190033,-45.1773682
53.3702328,22.001236,4.95288849,-45.2893982
53.3801908,22.0336304,5.11584473,-45.0982971
53.3901488,21.8803329,5.24660492,-45.1485901
53.4001068,21.874054,5.43482208,-45.3384399
53.4100648,22.0737,5.40322876,-45.2146606
53.4200228,22.0481873,5.25086212,-45.1906128
53.4299798,21.93573,5.17791748,-44.9676819
53.4399378,22.0415039,5.16266632,-45.361084
53.4498958,22.0155106,5.12025452,-45.2221985
53.4598538,21.9166641,5.21337128,-45.1567688
53.4698118,22.0419769,5.48474884,-45.275116
53.4797698,22.0878143,5.71852875,-45.2697754
53.4897268,21.8948746,5.86295319,-45.1752625
53.4996848,21.8658295,6.0259552,-45.0482788
53.5096428,22.1125565,6.22581482,-45.1210327
53.5196008,22.0386734,6.56987762,-45.0782471
53.5295588,22.1488113,6.63990784,-45.0980225
53.5395168,22.1068649,6.9053421,-44.872406
53.5494738,22.2814026,7.09430695,-44.696228
53.5594318,22.287468,7.41773224,-44.8974609
53.5693898,22.460701,7.84074402,-44.8684692
53.5793478,22.4492493,8.24224854,-44.854248
53.5893058,22.6117859,8.54380035,-44.7601929
53.5992638,22.5850372,8.91433716,-44.6713867
53.6092208,22.6049652,9.26717377,-44.7219238
53.6191788,22.475441,9.72480011,-44.6587524
53.6291368,22.5064621,10.1196289,-44.4533386
53.6390948,22.4237976,10.3677902,-44.6940308
53.6490528,22.1297226,10.4883423,-44.6777344
53.6590108,22.1823196,10.5704727,-44.5863647
53.6689678,22.1823196,10.5704727,-44.5863647
53.6789258,22.2139664,10.6192856,-44.5744324
53.6888838,22.2235336,10.5069656,-44.6657104
53.6988418,22.1043549,10.5391006,-44.6897583
53.7087998,22.0958328,10.4574127,-44.6963806
53.7187578,22.1191711,10.5369034,-44.4787903
53.7287148,22.2372208,10.6979294,-44.4638977
53.7386728,22.2019958,10.6928406,-44.4422913
53.7486308,22.3347702,10.7448425,-44.5978394
53.7585888,22.4090424,10.7639694,-44.2920837
53.7685468,22.4504623,10.7083054,-44.4969788
53.7785048,22.4818268,10.7154465,-44.3685303
53.7884618,22.4396667,10.7267151,-44.3215332
53.7984198,22.4366455,10.6420593,-44.4803772
53.8083778,22.478775,10.586319,-44.3057251
53.8183358,22.390892,10.6290894,-44.5444031
53.8282938,22.4330063,10.517952,-44.3141174
53.8382518,22.4736481,10.5268784,-44.3461609
53.8482088,22.44384,10.517952,-44.2558289
53.8581668,22.5540009,10.6146393,-44.2521973
53.8681248,22.6129837,10.6163101,-44.5015259
53.8780828,22.467453,10.5808792,-44.2555237
53.8880408,22.7785721,10.5744858,-44.2671509
53.8979988,22.7599716,10.5252914,-44.2244263
53.9079558,22.9395599,10.4000015,-43.9314575
53.9179138,22.9013062,10.2634048,-44.1730652
53.9278718,22.8998184,10.2316208,-44.1309204
53.9378298,22.7854767,10.1586533,-43.9993591
53.9477878,22.954277,10.1415939,-44.0939941
53.9577458,22.8161545,10.1831131,-43.8692627
53.9677028,22.9050903,10.0505524,-44.0617676
53.9776608,22.7863312,10.0130005,-44.0960693
53.9876188,22.8899307,9.93695068,-43.8587036
53.9975768,22.9066467,9.95788574,-43.9971313
54.0075348,22.8879395,9.79315186,-44.1577454
54.0174928,22.9051056,9.75547028,-44.179718
54.0274498,22.9051056,9.75547028,-44.179718
54.0374078,22.7844162,9.54890442,-44.2539368
54.0473658,22.8327484,9.46658325,-44.1113281
54.0573238,22.8626862,9.45157623,-44.4752808
54.0672818,22.8457489,9.49999237,-44.5262756
54.0772398,22.8432236,9.36332703,-44.3693542
54.0871978,22.7778397,9.23829651,-44.4199524
54.0971548,22.7465897,9.18327332,-44.2661743
54.1071128,22.4853134,9.21039581,-44.4624329
54.1170708,22.3784103,9.22262573,-44.527771
54.1270288,22.3127365,9.2432251,-44.6920471
54.1369868,22.177681,9.14424133,-44.5267029
54.1469448,22.1543579,9.36753845,-44.8002014
54.1569018,22.1263351,9.41825104,-44.9029541
54.1668598,22.0930023,9.54380035,-44.7367554
54.1768178,22.0009613,9.57175446,-44.7241516
54.1867758,22.047966,9.67453766,-44.6738281
54.1967338,22.0946274,9.75695038,-44.7503662
54.2066908,22.1511917,9.79879761,-44.8373413
54.2166488,22.1234894,9.82615662,-44.6465149
54.2266068,22.0114288,9.94477844,-44.6278687
54.2365647,21.9813461,9.92661285,-44.6941528
54.2465227,21.9560242,9.90812683,-44.6230774
54.2564807,22.0035172,9.73910522,-44.710968
54.2664377,21.8828049,9.55017853,-44.7790222
54.2763957,21.8281403,9.66130066,-44.695343
54.2863537,22.0301971,9.74078369,-44.509491
54.2963117,21.9466248,9.85246277,-44.5703735
54.3062697,22.0428467,9.70308685,-44.7493591
54.3162277,22.034111,9.82574463,-44.7115173
54.3261847,21.8698425,9.78237915,-44.5994873
54.3361427,21.7514267,9.83236694,-44.5861816
54.3461007,21.8307495,9.68688965,-44.6895142
54.3560587,21.8555298,9.69033051,-44.6802063
54.3660167,21.8237,9.75567627,-44.7756348
54.3759747,21.8237,9.75567627,-44.7756348
54.3859317,21.7181854,9.69172668,-44.6463318
54.3958897,21.5817032,9.66220856,-44.58078
54.4058477,21.5770264,9.76089478,-44.7906189
54.4158057,21.6454773,9.73329926,-44.7727356
54.4257637,21.585495,9.70692444,-44.7576294
54.4357217,21.7440414,9.555336,-44.6105347
54.4456787,21.7460632,9.67520142,-44.4593811
54.4556367,21.846199,9.70574188,-44.6340637
54.4655947,21.8514633,9.70461273,-44.6787109
54.4755527,21.7227478,9.67907715,-44.7617493
54.4855107,21.6923828,9.5890274,-44.4463806
54.4954687,21.7137451,9.45667267,-44.5966187
54.5054257,21.7292633,9.50061035,-44.778656
54.5153837,21.9182281,9.39093018,-44.7372742
54.5253417,21.9020767,9.33959198,-44.7911377
54.5352997,21.8266144,9.41440582,-44.6860046
54.5452577,21.6797638,9.36629486,-44.731842
54.5552157,21.7862625,9.39583588,-44.7220764
54.5651727,21.8768539,9.41056824,-44.7722778
54.5751307,21.7782288,9.54932404,-44.8009033
54.5850887,21.7979813,9.5256424,-44.6704407
54.5950467,21.9013901,9.58413696,-44.8872681
54.6050047,21.9439697,9.47650146,-44.8141785
54.6149627,21.974823,9.5497818,-44.6860352
54.6249197,21.9525375,9.43553162,-44.5900269
54.6348777,22.1517792,9.60420227,-44.4835205
54.6448357,22.1874466,9.69810486,-44.4670715
54.6547937,22.122673,9.57674408,-44.6322632
54.6647517,21.9120636,9.53063965,-44.4689026
54.6747097,21.9023285,9.59500122,-44.6436768
54.6846667,21.9545364,9.57460022,-44.7072144
54.6946247,21.9636154,9.60070801,-44.7371216
54.7045827,21.9391632,9.4598465,-44.6453247
54.7145407,22.0976486,9.61063385,-44.7719421
54.7244987,22.0976486,9.61063385,-44.7719421
54.7344567,22.0935516,9.51123047,-44.6228943
54.7444137,22.0905457,9.60934448,-44.5603943
54.7543717,22.0575333,9.65880585,-44.7905579
54.7643297,21.9793091,9.55413818,-44.5748901
54.7742877,22.0429077,9.55568695,-44.5829773
54.7842457,22.0636673,9.60211945,-44.5962524
54.7942037,22.1415405,9.52716827,-44.5409851
54.8041607,21.9055862,9.55675507,-44.646637
54.8141187,22.021347,9.57691956,-44.7148132
54.8240767,21.8158798,9.55122375,-44.532135
54.8340347,22.0327911,9.54698944,-44.4058228
54.8439927,21.9124603,9.44586182,-44.5699463
54.8539507,21.9100418,9.44271088,-44.6364136
54.8639077,21.8035583,9.23871613,-44.6177979
54.8738657,21.7779999,9.11165619,-44.5609436
54.8838237,21.8312759,9.07320404,-44.7254639
54.8937817,21.8467789,9.20508575,-44.6572876
54.9037397,21.8567047,9.36385345,-44.6905518
54.9136977,21.8691635,9.33042145,-44.5897217
54.9236547,22.0544434,9.24166107,-44.624054
54.9336127,22.0174637,9.25179291,-44.7046509
54.9435707,22.0590897,9.20336914,-44.6139526
54.9535287,22.0778351,9.11351776,-44.7008362
54.9634867,22.1425552,9.03718567,-44.6955872
54.9734447,22.0823669,8.87696838,-44.8662415
54.9834017,22.1475372,8.68951416,-44.8945007
54.9933597,22.0445099,8.58813477,-45.1170654
55.0033177,22.2164459,8.60546112,-45.2940674
55.0132757,22.2650757,8.49241638,-45.0335388
55.0232337,22.1781845,8.36482239,-44.7473145
55.0331917,22.1893768,8.15998077,-44.8705444
55.0431487,22.1629486,7.98820496,-45.0058899
55.0531067,22.12397,7.87610626,-45.0568848
55.0630647,21.9421997,7.77327728,-45.2012024
55.0730227,22.0578461,7.67205048,-45.1199036
55.0829807,22.0699005,7.68261719,-45.1184692
55.0929387,21.8444824,7.52407074,-45.026947
55.1028957,21.7767563,7.58885956,-45.1239319
55.1128537,21.6845856,7.43512726,-45.2867737
55.1228117,21.7098312,7.2975235,-45.2783813
55.1327697,21.8615036,7.27576447,-45.3319397
55.1427277,21.8498917,7.09044647,-45.238739
55.1526857,21.9461899,7.02171326,-44.9908447
55.1626427,21.7234573,7.07142639,-45.0144958
55.1726007,21.6610336,7.01154327,-45.1708679
55.1825587,21.5906219,7.00613403,-45.2799988
55.1925167,21.5647964,7.02007294,-45.5898743
55.2024747,21.6391373,6.99053955,-45.4158936
55.2124317,21.5238953,6.74659729,-45.5909729
55.2223897,21.3887329,6.51911163,-45.5631409
55.2323477,21.3027878,6.36178589,-45.6536865
55.2423058,21.3313141,6.44528198,-45.6327209
55.2522638,21.6207504,6.12167358,-45.6499329
55.2622218,21.5289764,6.18032837,-45.4239197
55.2721788,21.5926361,6.14819336,-45.3582153
55.2821368,21.677803,6.04782867,-45.3961182
55.2920948,21.7302933,5.88576508,-45.532135
55.3020528,21.641037,5.93729401,-45.5854187
55.3120108,21.737442,5.81101227,-45.5853271
55.3219688,21.580864,5.56424713,-45.6937561
55.3319258,21.3926239,5.61671448,-45.4084473
55.3418838,21.3533783,5.44577026,-45.6305542
55.3518418,21.3681717,5.48857117,-45.6001282
55.3617998,21.3657455,5.43508148,-45.5047302
55.3717578,21.2213745,5.32465363,-45.6198425
55.3817158,21.264267,5.24292755,-45.8252869
55.3916728,21.3028641,5.19875336,-45.7096863
55.4016308,21.2827759,5.12057495,-45.6334839
55.4115888,21.3073273,5.09757233,-45.6111145
55.4215468,21.473175,5.02613068,-45.5625305
55.4315048,21.473175,5.02613068,-45.5625305
55.4414628,21.4280701,4.8347168,-45.3889771
55.4514198,21.378624,4.78312683,-45.4522095
55.4613778,21.271759,4.71105957,-45.4511108
55.4713358,21.1226578,4.5074234,-45.3807983
55.4812938,21.1396561,4.55245972,-45.4896851
55.4912518,21.0551376,4.58502197,-45.4967651
55.5012098,20.9811859,4.42475128,-45.5934753
55.5111668,20.9158783,4.44141388,-45.710968
55.5211248,20.9764175,4.40729523,-45.587738
55.5310828,21.0966263,4.51866913,-45.603363
55.5410408,20.8407288,4.27939606,-45.6747131
55.5509988,20.8815765,4.25132751,-45.6359863
55.5609558,20.6860428,4.24312592,-45.7632751
55.5709138,20.6592026,4.13410187,-45.6331787
55.5808718,20.6865158,4.05446625,-45.8150024
55.5908298,20.7310944,3.74614716,-46.1106873
55.6007878,20.7026672,3.76180267,-46.0745544
55.6107458,20.8917847,3.80823517,-45.8621521
55.6207028,20.7295456,3.81342316,-45.9284058
55.6306608,21.0562515,3.8081131,-46.1230164
55.6406188,20.9196396,3.90500641,-46.1489258
55.6505768,21.013504,3.74221802,-45.9186096
55.6605348,21.1446457,3.78846741,-45.8719177
55.6704928,21.1697083,3.78464508,-45.8570251
55.6804498,20.9902649,3.63858032,-45.7443848
55.6904078,21.0925751,3.57486725,-45.7212219
55.7003658,21.051918,3.49624634,-45.819397
55.7103238,21.2552261,3.40086365,-45.7197876
55.7202818,21.2221756,3.48537445,-45.8262634
55.7302398,21.0962677,3.38613892,-45.8566895
55.7401968,21.167366,3.53027344,-45.7902832
55.7501548,21.2666016,3.66820526,-45.7828064
55.7601128,21.4236298,3.78673553,-45.7744751
55.7700708,21.6007462,3.89616394,-45.6510315
55.7800288,21.6508179,3.84779358,-45.3289795
55.7899858,21.6508179,3.84779358,-45.3289795
55.7999438,22.0112991,3.98246002,-45.0752869
55.8099018,22.4349213,4.1677475,-45.3707275
55.8198598,22.6515961,4.51673126,-45.1530762
55.8298178,23.0006714,4.77162933,-45.0369568
55.8397758,23.3595963,4.8813324,-44.749939
55.8497328,23.590538,5.15262604,-44.5036011
55.8596908,23.8188705,5.41173553,-44.2584839
55.8696488,23.9264221,5.51035309,-44.4008179
55.8796068,23.9605103,5.65701294,-44.0671692
55.8895648,23.9589462,5.7834549,-44.1601868
55.8995228,23.9244614,5.70949554,-44.2437134
55.9094798,23.7452316,5.4989624,-44.3945618
55.9194378,23.6381531,5.47237396,-44.8504639
55.9293958,23.5316315,5.14510345,-44.744751
55.9393538,23.4463959,5.00856018,-44.9165344
55.9493118,23.4386597,4.86260223,-44.499115
55.9592698,23.4441223,4.92649841,-44.4036255
55.9692268,23.3955078,4.97722626,-44.669342
55.9791848,23.4470596,4.96086121,-44.6881104
55.9891428,23.6308823,5.12783051,-44.4838867
55.9991008,23.6375961,5.26764679,-44.5713806
56.0090588,23.7761383,5.41713715,-44.2678833
56.0190158,23.6954346,5.56315613,-44.4460449
56.0289738,23.6898422,5.38552094,-44.4236145
56.0389318,23.6480255,5.37902069,-44.3323669
56.0488898,23.7207565,5.31616211,-44.4230652
56.0588478,23.6563873,5.22511292,-44.2962646
56.0688058,23.7916107,5.07712555,-44.3623047
56.0787628,23.658844,5.11466217,-44.3608704
56.0887208,23.7083664,4.98409271,-44.4058533
56.0986788,23.6398163,5.105896,-44.4944458
56.1086368,23.785202,4.95876312,-44.6105347
56.1185948,23.5399399,5.02202606,-44.7554016
56.1285528,23.6914673,5.01456451,-44.5460815
56.1385098,23.6914673,5.01456451,-44.5460815
56.1484678,23.5919647,5.11518097,-44.4249268
56.1584258,23.5935822,5.15657806,-44.5318604
56.1683838,23.5862427,5.06411743,-44.56604
56.1783418,23.6978302,5.01882935,-44.5216675
56.1882988,23.5675735,5.09561157,-44.8229675
56.1982568,23.5153503,4.89060211,-44.6908264
56.2082148,23.5898285,4.96712494,-44.6413879
56.2181728,23.6005325,5.11207581,-44.6802063
56.2281308,23.6188278,5.2036972,-44.5554504
56.2380886,23.6012344,5.19430542,-44.5320435
56.2480456,23.4983826,5.19294739,-44.561554
56.2580036,23.5013504,5.21672058,-44.6430664
56.2679616,23.5075912,5.32867432,-44.6114197
56.2779196,23.3302917,5.46163177,-44.7750244
56.2878776,23.3972473,5.35219574,-44.7206726
56.2978356,23.4574738,5.27857208,-44.4803772
56.3077926,23.2683105,5.31050873,-44.70578
56.3177506,23.3830948,5.46279144,-44.7254944
56.3277086,23.2817688,5.52301025,-44.8333435
56.3376666,23.3681793,5.47711945,-44.5174866
56.3476246,23.2762909,5.50418854,-44.4684448
56.3575816,23.2778702,5.37458801,-44.5133972
56.3675396,23.1958771,5.41759491,-44.574707
56.3774976,23.0697174,5.42115784,-44.8190613
56.3874556,23.0867462,5.41507721,-44.97229
56.3974136,23.1487808,5.28692627,-44.7945862
56.4073716,23.1184082,5.33776093,-44.5990906
56.4173286,23.1197433,5.23045349,-44.7733459
56.4272866,23.2041702,5.22203827,-44.6078491
56.4372446,23.1714401,5.3325119,-44.8623352
56.4472026,23.3830872,5.27809143,-44.7424927
56.4571606,23.2617645,5.32220459,-44.6477966
56.4671176,23.2980499,5.41925812,-44.6179504
56.4770756,23.2096863,5.42664337,-44.5437012
56.4870336,23.2096863,5.42664337,-44.5437012
56.4969916,23.1884995,5.38121796,-44.7436218
56.5069496,22.8841858,5.36547089,-44.9644775
56.5169076,22.9606323,5.27436829,-44.8843384
56.5268646,22.8465271,5.24248505,-44.9278564
56.5368226,22.8059387,4.95570374,-44.8306274
56.5467806,22.7079163,5.03811646,-44.7748108
56.5567386,22.6147232,5.03929901,-45.043396
56.5666966,22.6236267,5.21985626,-44.9493103
56.5766546,22.6432724,5.25993347,-44.9086304
56.5866116,22.7599487,5.27568817,-44.9128113
56.5965696,22.702507,5.34617615,-44.8960876
56.6065276,22.774231,5.52689362,-44.7508545
56.6164856,22.8287125,5.36730957,-44.6553345
56.6264436,22.9350052,5.2759552,-44.7086792
56.6364006,22.9284973,5.30672455,-44.6109924
56.6463586,22.9589996,5.1941452,-44.6853638
56.6563166,22.9882431,5.28569031,-44.6018677
56.6662746,22.9979553,5.23034668,-44.9187927
56.6762326,23.1214447,5.47101593,-44.8812866
56.6861906,23.2528992,5.42258453,-44.546814
56.6961476,23.4349289,5.56037903,-44.6995239
56.7061056,23.4697037,5.70805359,-44.7949219
56.7160636,23.5606918,5.75829315,-44.3391418
56.7260216,23.6746521,5.75753021,-44.4161987
56.7359796,23.8816452,5.78049469,-44.3596191
56.7459376,23.8664474,5.95044708,-44.0341797
56.7558946,23.7755356,6.07336426,-43.9378662
56.7658526,23.7093277,6.11427307,-44.1486816
56.7758106,23.7956848,6.18694305,-44.1454163
56.7857686,23.671814,6.10124207,-44.12323
56.7957266,23.5011673,6.04740143,-44.1829834
56.8056836,23.4739609,6.09142303,-44.1002197
56.8156416,23.44944,5.90325165,-44.3294373
56.8255996,23.4758682,5.88787079,-44.5172729
56.8355576,23.4758682,5.88787079,-44.5172729
56.8455156,23.3868179,5.98253632,-44.4446106
56.8554736,23.6181259,6.12535858,-44.4590759
56.8654306,23.6307983,6.25905609,-44.4848633
56.8753886,23.671463,6.23191071,-44.4407654
56.8853466,23.6995773,6.31507111,-44.5136108
56.8953046,23.7810669,6.10678101,-44.2840881
56.9052626,23.6138153,6.11244202,-44.5024109
56.9152196,23.5573959,6.09024811,-44.5445862
56.9251776,23.5417328,6.14515686,-44.4999084
56.9351356,23.5376434,6.0605011,-44.4915161
56.9450936,23.5426178,6.1285553,-44.6025391
56.9550516,23.6622543,6.05739594,-44.7278442
56.9650096,23.5971985,6.11940002,-44.54953
56.9749666,23.51828,6.10076141,-44.3761902
56.9849246,23.4828949,6.10681915,-44.3864441
56.9948826,23.7169952,6.10061646,-44.612793
57.0048406,23.6123581,6.15890503,-44.6751099
57.0147986,23.6096649,6.07950592,-44.6432495
57.0247566,23.6164627,6.13175964,-44.337616
57.0347136,23.5412292,6.09947205,-44.5527344
57.0446716,23.6390228,6.21181488,-44.5979919
57.0546296,23.5901489,6.19248199,-44.4205322
57.0645876,23.7032242,6.20468903,-44.1155701
57.0745456,23.5597076,5.99208069,-44.4031677
57.0845026,23.5728683,6.12322235,-44.5357056
57.0944606,23.6577911,6.28250122,-44.4326477
57.1044186,23.7541199,6.32131958,-44.3560791
57.1143766,23.5995407,6.36589813,-44.2741699
57.1243346,23.6981888,6.30605316,-44.32901
57.1342926,23.5776138,6.2370224,-44.3887329
57.1442496,23.5491562,6.37809753,-44.371521
57.1542076,23.6187973,6.39481354,-44.2340393
57.1641656,23.6818161,6.36591339,-44.2198181
57.1741236,23.7226105,6.27845764,-44.1695862
57.1840816,23.6004105,6.2535553,-44.1933289
57.1940386,23.6004105,6.2535553,-44.1933289
57.2039966,23.5616379,6.28391266,-44.3143005
57.2139546,23.7894897,6.28939819,-44.0719299
57.2239126,23.714798,6.2067337,-44.096405
57.2338706,23.7019806,6.17623901,-44.0556335
57.2438288,23.6349106,6.07725525,-44.1338501
57.2537858,23.8515472,6.16918945,-44.0548401
57.2637438,23.7511826,6.11691284,-44.0856323
57.2737018,23.8258362,6.18346405,-43.9356079
57.2836598,23.6912613,6.11869049,-44.146759
57.2936178,23.8239594,6.08561707,-44.0463562
57.3035748,23.7616806,6.04119873,-43.7960205
57.3135328,24.0682526,6.08490753,-43.9168701
57.3234908,23.8419113,6.03736115,-43.772644
57.3334488,24.0758743,6.10962677,-43.9913635
57.3434068,23.8454819,6.13293457,-44.1342468
57.3533648,24.0198441,6.04130554,-44.2493286
57.3633218,23.955452,6.01404572,-44.0058594
57.3732798,24.073555,5.91592407,-44.241394
57.3832378,23.8063431,5.88406372,-44.146698
57.3931958,23.9396896,6.06825256,-44.0514832
57.4031538,23.9427643,6.10214996,-44.0137939
57.4131108,23.9029617,6.07778931,-44.1837463
57.4230688,23.8429337,6.10152435,-44.0974731
57.4330268,23.8037033,6.12821198,-44.2861328
57.4429848,23.8854065,6.03715515,-44.3034668
57.4529428,23.7829132,5.97667694,-44.0806885
57.4629008,23.7106781,5.95000458,-43.9844971
57.4728578,23.8314133,6.01732635,-43.9851379
57.4828158,23.8600845,6.17357635,-44.1051025
57.4927738,23.8398056,6.12169647,-44.2936707
57.5027318,23.8237991,6.11662292,-44.0227661
57.5126898,23.9089203,6.18106842,-44.1518555
57.5226468,24.014267,6.08443451,-43.921936
57.5326048,24.09478,6.2286377,-43.9801941
57.5425628,24.09478,6.2286377,-43.9801941
57.5525208,24.0508728,6.3225174,-44.1939392
57.5624788,24.0884399,6.28031921,-44.1599121
57.5724368,23.9838791,6.17655182,-44.1524353
57.5823938,24.1838074,6.17719269,-44.1211853
57.5923518,24.0962677,6.06898499,-44.1621399
57.6023098,24.1531219,6.1649704,-44.2050476
57.6122678,24.2048264,6.15370178,-44.101532
57.6222258,24.1352692,6.1398468,-44.1542664
57.6321828,24.1324387,6.16401672,-44.2539062
57.6421408,24.0511169,6.25526428,-44.2553406
57.6520988,24.0764694,6.20050812,-44.1976318
57.6620568,23.9520187,6.33737946,-44.463562
57.6720148,24.039566,6.27561188,-44.3905029
57.6819728,23.9082642,6.31049347,-44.4005127
57.6919298,24.0429001,6.37319946,-44.2675476
57.7018878,24.0072632,6.47195435,-44.1443787
57.7118458,24.1319046,6.47750092,-44.1047363
57.7218038,23.9981308,6.54265594,-44.0603027
57.7317618,24.1030045,6.49984741,-44.240448
57.7417188,23.9753418,6.42412567,-44.0791931
57.7516768,24.1254196,6.41724396,-44.4326172
57.7616348,24.091362,6.40934753,-44.2713928
57.7715928,24.1787262,6.47097015,-43.9837036
57.7815508,24.243576,6.47698212,-43.9440918
57.7915088,24.380188,6.5554657,-43.9172668
57.8014658,24.5104675,6.62917328,-43.735321
57.8114238,24.6095657,6.6166687,-43.6660767
57.8213818,24.6955872,6.55891418,-43.6266174
57.8313398,24.7508469,6.4637146,-43.8036194
57.8412978,24.7768021,6.62317657,-43.8907776
57.8512548,24.7231369,6.82230377,-43.7170715
57.8612128,24.6638336,6.78261566,-43.8511963
57.8711708,24.6142349,6.73400116,-43.7393494
57.8811288,24.5738373,6.64598846,-43.8502502
57.8910868,24.6188049,6.70560455,-43.811554
57.9010448,24.6188049,6.70560455,-43.811554
57.9110018,24.5172501,6.77204895,-43.8124695
57.9209598,24.5324936,6.68585205,-43.684967
57.9309178,24.5259705,6.71673584,-43.8972473
57.9408758,24.6023941,6.57886505,-43.7787476
57.9508338,24.5308456,6.58727264,-43.859314
57.9607908,24.5780869,6.70152283,-43.7555542
57.9707488,24.5997696,6.78882599,-44.2516785
57.9807068,24.5549545,6.81477356,-43.9762878
57.9906648,24.4680557,6.76921844,-43.872406
58.0006228,24.2494659,6.51132965,-44.0415955
58.0105798,24.4387283,6.70748138,-43.973175
58.0205378,24.5577164,6.67871857,-44.0526733
58.0304958,24.428299,6.72828674,-43.967865
58.0404538,24.5092392,6.71865082,-43.939209
58.0504118,24.4586945,6.67113495,-43.8285522
58.0603698,24.434494,6.6437149,-43.7584839
58.0703268,24.3531952,6.56364441,-43.8991089
58.0802848,24.4967804,6.63273621,-43.8547363
58.0902428,24.5346069,6.62490082,-43.7524109
58.1002008,24.4866409,6.57336426,-43.6930847
58.1101588,24.6606674,6.62002563,-43.7003784
58.1201158,24.4979553,6.58957672,-43.8026123
58.1300738,24.661911,6.54959869,-43.7602234
58.1400318,24.4803009,6.67906189,-43.9567261
58.1499898,24.5834351,6.67736816,-43.890625
58.1599478,24.5149612,6.67482758,-43.8376465
58.1699058,24.4933319,6.67513275,-44.0538635
58.1798628,24.3679199,6.45583344,-43.788269
58.1898208,24.5378723,6.44121552,-43.9337769
58.1997788,24.5366287,6.44158936,-44.0330811
58.2097368,24.6881256,6.36325073,-43.853302
58.2196948,24.5550613,6.44759369,-43.7854614
58.2296518,24.3994522,6.37710571,-43.7949219
58.2396093,24.4920273,6.36863708,-43.8676147
58.2495673,24.4920273,6.36863708,-43.8676147
58.2595253,24.5281219,6.43505859,-43.8301392
58.2694833,24.6378403,6.42424774,-43.9717712
58.2794403,24.5248413,6.53001404,-43.9380188
58.2893983,24.454628,6.55274963,-43.8758545
58.2993563,24.53508,6.43563843,-43.7182617
58.3093143,24.5035248,6.43284607,-43.823822
58.3192723,24.4242096,6.38108063,-43.7877197
58.3292303,24.4680481,6.30903625,-44.0119019
58.3391873,24.4058304,6.37973022,-43.7904358
58.3491453,24.4759674,6.28216553,-43.8634033
58.3591033,24.3285828,6.2223587,-43.8102722
58.3690613,24.3287277,6.28018188,-43.6986084
58.3790193,24.410965,6.26428986,-43.6969604
58.3889763,24.422905,6.30236816,-43.8264465
58.3989343,24.5538254,6.29525757,-43.9624023
58.4088923,24.5002365,6.28762054,-43.8170776
58.4188503,24.4200821,6.20472717,-43.9886169
58.4288083,24.49617,6.31617737,-44.0648193
58.4387663,24.4323807,6.1857605,-44.0690308
58.4487233,24.3517303,6.25424194,-44.2400208
58.4586813,24.3286285,6.16825104,-44.2795715
58.4686393,24.3079758,6.0993576,-43.9234619
58.4785973,24.4179688,6.26320648,-44.223053
58.4885553,24.4118576,6.17076874,-44.1531372
58.4985123,24.4079666,6.23706055,-44.0429993
58.5084703,24.3398666,6.0500412,-44.1453857
58.5184283,24.4058838,5.91789246,-44.1197205
58.5283863,24.4115067,6.04458618,-44.0232239
58.5383443,24.3532181,6.09996033,-44.0912476
58.5483013,24.6196594,6.1335907,-43.8505554
58.5582593,24.3695297,6.03082275,-43.9229126
58.5682173,24.4328995,5.89438629,-43.960907
58.5781753,24.4978638,5.82957458,-44.0937195
58.5881333,24.6409836,5.92499542,-44.331665
58.5980913,24.6409836,5.92499542,-44.331665
58.6080483,24.5366974,5.80940247,-44.1748962
58.6180063,24.5425339,5.89225006,-43.9500122
58.6279643,24.5518799,5.96308136,-43.8825378
58.6379223,24.6484985,5.90713501,-43.8945007
58.6478803,24.5303116,5.84105682,-43.8953857
58.6578373,24.7197113,5.96568298,-43.9172058
58.6677953,24.5898361,6.0582428,-44.1889648
58.6777533,24.6555252,6.03351593,-44.0983276
58.6877113,24.598526,6.00584412,-44.1399231
58.6976693,24.5974045,6.0737381,-44.0914917
58.7076263,24.5116196,6.04008484,-44.1349182
58.7175843,24.5620193,6.05002594,-44.1516724
58.7275423,24.5744781,5.94096375,-44.1668091
58.7375003,24.7083817,6.15441132,-44.2654724
58.7474583,24.612648,6.08650208,-44.0857239
58.7574163,24.5831604,6.12130737,-43.95224
58.7673733,24.5443268,6.00302887,-44.2254944
58.7773313,24.5714111,6.09240723,-44.0136414
58.7872893,24.5531769,6.09234619,-43.9954834
58.7972473,24.7387772,6.14592743,-43.7781067
58.8072053,24.726799,6.03527069,-43.8858643
58.8171623,24.6551056,5.97731018,-43.9625549
58.8271203,24.588913,5.98454285,-43.9488525
58.8370783,24.4965057,6.00549316,-43.8078003
58.8470363,24.5694809,6.00241089,-43.7311707
58.8569943,24.728508,6.12684631,-44.0006409
58.8669513,24.7652969,5.97639465,-43.7717896
58.8769093,24.7193222,6.00839233,-43.7323914
58.8868673,24.6414566,5.99906158,-44.0441589
58.8968253,24.5900497,5.93524933,-44.0715027
58.9067833,24.5863571,5.94728851,-44.0728455
58.9167413,24.6442032,5.97151947,-43.9986267
58.9266983,24.7978134,6.04842377,-44.0092163
58.9366563,24.8057022,6.28102112,-43.944519
58.9466143,24.7907028,6.22702789,-44.0157166
58.9565723,24.7907028,6.22702789,-44.0157166
58.9665303,24.7433395,6.33314514,-44.1473999
58.9764873,24.7541351,6.3937149,-43.8425903
58.9864453,24.6560822,6.14646912,-43.6921082
58.9964033,24.6573105,6.12585449,-43.9408264
59.0063613,24.6094131,6.12398529,-43.7449036
59.0163193,24.7693024,6.10693359,-43.7802734
59.0262763,24.7066956,6.22454834,-43.6733093
59.0362343,24.8093414,6.23267365,-43.7023315
59.0461923,24.6459045,6.31391907,-43.9371033
59.0561503,24.7306213,6.20734406,-43.7419739
59.0661083,24.7569351,6.08415985,-43.7025146
59.0760663,24.9028702,6.20100403,-43.8022766
59.0860233,24.8797302,6.31935883,-43.7481384
59.0959813,24.7895126,6.19062805,-43.7149658
59.1059393,24.8385544,6.12154388,-43.4620056
59.1158973,24.8995819,6.02124786,-43.65448
59.1258553,24.9284363,6.13175201,-43.7894897
59.1358123,24.9217682,6.1823349,-43.7477417
59.1457703,24.9643326,6.20428467,-43.8152771
59.1557283,24.8978577,6.1800766,-43.7446289
59.1656863,24.8936691,6.30587006,-43.6206665
59.1756443,24.7095032,6.17566681,-43.6461182
59.1856013,24.742424,6.20800018,-43.8037109
59.1955593,24.7487793,6.21435547,-43.9004822
59.2055173,24.5413895,6.0954895,-43.9319763
59.2154753,24.62677,6.06793976,-43.8310852
59.2254333,24.7153015,6.14142609,-43.9118347
59.2353903,24.7963562,6.245224,-43.5593262
59.245349,24.9161377,6.26313019,-43.5177612
59.255307,24.9970398,6.28884888,-43.6898499
59.265265,24.8659286,6.32362366,-43.6290894
59.275223,24.9872208,6.40383148,-43.6570435
59.285181,24.8181076,6.30330658,-43.8128967
59.295138,25.0184021,6.21722412,-43.6245117
59.305096,25.0184021,6.21722412,-43.6245117
59.315054,24.8712006,6.04005432,-43.5713806
59.325012,24.956398,6.19185638,-43.5516357
59.33497,24.8562469,6.0582962,-43.7813416
59.344927,24.8544312,6.11022186,-43.6575623
59.354885,25.0071487,5.96695709,-43.5534973
59.364843,25.0625,6.08013153,-43.6900024
59.374801,25.1705933,6.13935089,-43.5466919
59.384759,25.1720886,6.11540985,-43.3836365
59.394716,25.2531509,6.10155487,-43.4773865
59.404674,25.1333771,6.22458649,-43.5538635
59.414632,25.1550903,6.1515274,-43.7169495
59.42459,25.1055832,6.16706848,-43.5665588
59.434548,25.2553787,6.23181915,-43.6287231
59.444506,25.1383133,6.18615723,-43.4621582
59.454463,25.1165085,6.14656067,-43.4555359
59.464421,25.1054306,6.18199158,-43.6166687
59.474379,25.1219406,6.27897644,-43.6087036
59.484337,25.2263489,6.51033783,-43.7702637
59.494295,25.3985901,6.44025421,-43.7923584
59.504252,25.2599716,6.37657166,-43.8265076
59.51421,25.258522,6.234375,-43.7122803
59.524168,25.1580582,6.25003052,-43.809967
59.534126,25.2665329,6.33393097,-43.8269348
59.544084,25.195694,6.3899765,-43.7590637
59.554041,25.3109741,6.49311829,-43.7929688
59.563999,25.29422,6.55010986,-43.7030945
59.573957,25.3004303,6.42726135,-43.4897766
59.583915,25.3528595,6.45597076,-43.684082
59.593873,25.2802582,6.33044434,-43.6556702
59.60383,25.3482437,6.34585571,-43.4941711
59.613788,25.3833313,6.41532135,-43.5023193
59.623746,25.5288391,6.24525452,-43.5369873
59.633704,25.2741165,6.25255585,-43.4411316
59.643662,25.3923111,6.40525055,-43.5929871
59.65362,25.3197327,6.29959869,-43.6427612
59.663577,25.3197327,6.29959869,-43.6427612
59.673535,25.2835693,6.34590149,-43.5917969
59.683493,25.2066345,6.31266022,-43.6044617
59.693451,25.2760849,6.36087799,-43.6907349
59.703409,25.1999435,6.17536926,-43.6064758
59.713366,25.2063446,6.18144989,-43.521759
59.723324,25.1513138,6.25272369,-43.5551453
59.733282,25.2865982,6.45233154,-43.6430054
59.74324,25.1995926,6.37020874,-43.5902405
59.753198,25.1491089,6.36379242,-43.6366272
59.763155,25.1536255,6.48001862,-43.7406311
59.773113,25.1816254,6.45320129,-43.6624451
59.783071,25.0637131,6.43370819,-43.439209
59.793029,24.9941177,6.42123413,-43.6982117
59.802987,24.8236694,6.42298889,-43.6887817
59.812944,25.0770187,6.45118713,-43.8199158
59.822902,24.9205551,6.5202179,-43.7734375
59.83286,24.9904861,6.53034973,-43.6928101
59.842818,24.9133682,6.55675507,-43.8643799
59.852776,24.818512,6.61223602,-43.7011108
59.862734,24.8817825,6.74259949,-43.6360168
59.872691,25.0063477,6.74842834,-43.7200928
59.882649,24.7598114,6.81512451,-43.6445923
59.892607,24.7580109,6.81806946,-43.5004272
59.902565,24.7350235,6.80626678,-43.6140747
59.912523,24.7937698,6.67793274,-43.6318054
59.92248,24.7315903,6.71434021,-43.5894775
59.932438,24.8868942,6.66983795,-43.5525818
59.942396,24.9299011,6.72140503,-43.6936951
59.952354,24.9951859,6.68199921,-43.7221069
59.962312,24.9089508,6.75648499,-43.604248
59.972269,24.8032761,6.84329224,-43.6816101
59.982227,24.8739319,7.02166748,-43.6535034
59.992185,24.738266,6.8921814,-43.6437988
60.002143,24.6428146,6.80290985,-43.6308594
60.012101,24.6428146,6.80290985,-43.6308594
60.022058,24.8128967,6.96198273,-43.6559753
60.032016,24.7824554,6.90875244,-43.7361755
60.041974,24.6514053,6.95909882,-43.802948
60.051932,24.7119217,6.82899475,-43.7412415
60.06189,24.6839142,6.8391571,-43.7394409
60.071847,24.7559509,6.88785553,-43.6879578
60.081805,24.726799,6.8130188,-43.7871704
60.091763,24.7931213,6.74123383,-43.8528137
60.101721,24.7327728,6.65611267,-43.8137512
60.111679,24.7833099,6.6654892,-43.7139282
60.121636,24.7599106,6.75678253,-43.9236755
60.131594,24.5998688,6.73262024,-43.8658752
60.141552,24.4699173,6.82718658,-43.9691772
60.15151,24.4376297,6.7675705,-43.730835
60.161468,24.4083176,6.66799164,-43.5526123
60.171426,24.495697,6.72795105,-43.4317627
60.181383,24.4741745,6.94774628,-43.7568359
60.191341,24.5230484,6.77248383,-43.697052
60.201299,24.5029526,6.77843475,-43.7019348
60.211257,24.5014877,6.8739624,-43.7799072
60.221215,24.4150009,6.94496155,-43.9289246
60.231172,24.4294968,6.87135315,-43.9159241
60.2411293,24.4049988,6.93836975,-44.0949707
60.2510873,24.4006271,6.72607422,-43.8357239
60.2610453,24.3489838,6.66467285,-43.798645
60.2710033,24.5092163,6.69064331,-43.8345032
60.2809603,24.4187317,6.80327606,-43.927063
60.2909183,24.4832611,6.73565674,-43.7943115
60.3008763,24.4550476,6.85610199,-43.5956421
60.3108343,24.395462,6.86827087,-43.8851624
60.3207923,24.4350357,7.0464859,-43.9091797
60.3307493,24.4240417,6.91609192,-43.9394836
60.3407073,24.2204285,6.86758423,-44.1783142
60.3506653,24.2804565,6.7888031,-44.2376404
60.3606233,24.2804565,6.7888031,-44.2376404
60.3705813,24.1664276,6.71221924,-44.0417786
60.3805393,24.1785889,6.58763885,-43.9594421
60.3904963,24.1444855,6.68496704,-44.1074219
60.4004543,24.0705185,6.6186142,-44.1907654
60.4104123,24.1410217,6.63371277,-44.0327148
60.4203703,24.0248947,6.51387024,-44.0914307
60.4303283,24.0903625,6.50382996,-44.222168
60.4402853,24.1098557,6.42006683,-44.0770874
60.4502433,24.0653763,6.31369019,-44.1051331
60.4602013,24.0567398,6.32348633,-44.2131042
60.4701593,23.9505692,6.24784088,-44.2472839
60.4801173,23.9097519,6.20656586,-44.3130493
60.4900743,23.9229431,6.08045197,-44.3483887
60.5000323,23.7843628,5.91252136,-44.2284241
60.5099903,23.9223938,5.76735687,-44.2852173
60.5199483,23.9514389,5.75231171,-44.381073
60.5299063,24.0296326,5.74937439,-44.2536926
60.5398633,24.0785904,5.69779968,-44.2469177
60.5498213,23.9388046,5.72598267,-44.1712341
60.5597793,24.096283,5.92524719,-44.3314514
60.5697373,24.0285187,5.93479156,-44.239502
60.5796953,24.0974426,5.93353271,-44.2048645
60.5896523,24.0345535,5.81472015,-44.231842
60.5996103,24.2210388,5.61463928,-44.0630493
60.6095683,24.3088379,5.69660187,-44.0075378
60.6195263,24.2928543,5.63848877,-43.9248352
60.6294843,24.3133087,5.67546844,-43.8250122
60.6394413,24.2758026,5.69789886,-43.8695679
60.6493993,24.2722778,5.58285522,-43.8732605
60.6593573,24.3258438,5.58978271,-43.8554993
60.6693153,24.3727112,5.59654236,-43.9652405
60.6792733,24.2076492,5.70600128,-44.0500488
60.6892303,24.3064957,5.68106079,-44.0078125
60.6991883,24.3327026,5.75811005,-44.1372986
60.7091463,24.3420715,5.64620972,-44.0426636
60.7191043,24.3420715,5.64620972,-44.0426636
60.7290623,24.40625,5.61754608,-43.9361877
60.7390193,24.4866104,5.64683533,-43.983429
60.7489773,24.5825272,5.70758057,-43.9393311
60.7589353,24.5895309,5.49908447,-44.0380554
60.7688933,24.4873657,5.51828766,-43.9094543
60.7788513,24.3949966,5.43851471,-43.8988953
60.7888093,24.3979797,5.48590851,-43.7761841
60.7987663,24.4065704,5.5652771,-43.790741
60.8087243,24.3539581,5.39263153,-44.2642212
60.8186823,24.4163513,5.47688293,-44.1214294
60.8286403,24.3947067,5.55097198,-43.9686584
60.8385983,24.5001297,5.4923172,-43.9512329
60.8485553,24.527359,5.57482147,-43.8779907
60.8585133,24.5886383,5.63161469,-43.9169312
60.8684713,24.4345627,5.61474609,-43.7984314
60.8784293,24.5945129,5.7159729,-43.8772583
60.8883873,24.4966202,5.72785187,-43.8570557
60.8983443,24.3319244,5.70129395,-43.7230225
60.9083023,24.3333664,5.73781586,-43.8370361
60.9182603,24.3205566,5.93440247,-43.8240356
60.9282183,24.3391876,5.89498138,-43.8889465
60.9381763,24.367691,5.8788681,-43.8440247
60.9481333,24.2746429,6.00635529,-43.5147095
60.9580913,24.4895706,5.98874664,-43.7737427
60.9680493,24.5447693,5.94364166,-43.5969543
60.9780073,24.4891281,5.86934662,-43.6550293
60.9879653,24.429863,5.97505951,-43.7742615
60.9979223,24.403244,5.85105133,-43.7940063
61.0078803,24.397438,5.84928131,-43.8244629
61.0178383,24.4592819,5.86638641,-43.9115906
61.0277963,24.3629074,6.06702423,-43.6242065
61.0377543,24.5669403,6.04137421,-43.7641602
61.0477113,24.5629578,5.95349121,-43.8475952
61.0576693,24.6726608,5.9883194,-43.9072266
61.0676273,24.6726608,5.9883194,-43.9072266
61.0775853,24.7215805,6.0745697,-43.8009949
61.0875433,24.6273575,6.32745361,-44.2436829
61.0975003,24.6484528,6.23200226,-43.9632874
61.1074583,24.4698105,6.28863525,-44.0543213
61.1174163,24.5759506,6.30799103,-43.9216919
61.1273743,24.4588852,6.32147217,-43.8901978
61.1373323,24.5467224,6.22496033,-43.8323975
61.1472903,24.5718155,6.35817719,-43.7983093
61.1572473,24.66008,6.4123764,-44.204895
61.1672053,24.6782684,6.5202179,-44.0758057
61.1771633,24.6902847,6.4394989,-44.0190735
61.1871213,24.4949188,6.4464035,-43.7357483
61.1970793,24.6539993,6.55579376,-43.7833557
61.2070363,24.6818237,6.52064514,-43.7624512
61.2169943,24.6477051,6.5066452,-43.6629333
61.2269523,24.5721512,6.44100952,-43.4613342
61.2369103,24.5372086,6.42845917,-43.5292358
61.246868,24.5813522,6.44346619,-43.75
61.256825,24.4526215,6.48248291,-43.7757568
61.266783,24.53302,6.55458069,-43.8899841
61.276741,24.4449463,6.57258606,-43.8443909
61.286699,24.5272903,6.57627106,-43.5673523
61.296657,24.593689,6.60928345,-43.5735474
61.306614,24.5889359,6.69844818,-43.6663208
61.316572,24.5699387,6.69033813,-43.6217041
61.32653,24.5682144,6.64375305,-43.8766479
61.336488,24.487381,6.61094666,-43.7056885
61.346446,24.7210007,6.64338684,-43.7099609
61.356403,24.6740723,6.57348633,-43.8356323
61.366361,24.6653366,6.57976532,-43.7187805
61.376319,24.6500092,6.55957794,-43.5920105
61.386277,24.5149002,6.57063293,-43.6186218
61.396235,24.5570145,6.66864014,-43.81427
61.406192,24.5841064,6.58512878,-43.8086243
61.41615,24.5841064,6.58512878,-43.8086243
61.426108,24.6781845,6.63089752,-43.8699036
61.436066,24.6595535,6.57767487,-43.9600525
61.446024,24.7669678,6.6583786,-43.8008423
61.455981,24.5618286,6.61134338,-43.8381042
61.465939,24.6315079,6.73920441,-43.8816223
61.475897,24.729454,6.65666962,-43.6000671
61.485855,24.7274017,6.68341064,-43.6038818
61.495813,24.6776199,6.77015686,-43.5855103
61.505771,24.586731,6.70276642,-43.615387
61.515728,24.7613678,6.8111496,-43.4745789
61.525686,24.7137985,6.80783844,-43.6716003
61.535644,24.8506927,6.76894379,-43.8712769
61.545602,24.8895264,6.69322968,-43.6725464
61.55556,24.8003235,6.60463715,-43.76297
61.565517,24.7153931,6.62107849,-43.6620789
61.575475,24.7537003,6.66120148,-43.8302307
