"Time (s)","X (µT)","Y (µT)","Z (µT)"
0.0128934167,-83.0264587,111.817154,-307.142029
0.0231414167,-82.9078064,111.755035,-307.341736
0.0333884167,-82.781662,111.804626,-307.040527
0.0436344167,-82.9074097,111.702576,-307.178833
0.0538824167,-83.0271301,111.819138,-307.15332
0.0641294167,-83.0093231,111.742355,-307.542084
0.0743764167,-83.0109253,111.615387,-307.173676
0.0846234167,-83.2689819,111.654938,-307.252991
0.0948714167,-82.9819031,111.422287,-307.257202
0.105119417,-82.891098,111.491806,-307.174011
0.115367417,-83.0907288,111.761749,-307.218842
0.125614417,-82.7623596,111.606476,-307.151184
0.135863417,-83.0908813,111.660858,-306.584412
0.146110417,-82.8821564,112.010254,-306.720093
0.156358417,-82.8338928,111.97345,-306.994293
0.166606417,-82.7951813,112.04126,-307.155731
0.176853417,-82.9873199,112.054504,-307.150146
0.187100542,-82.934021,111.910904,-307.091278
0.197347542,-82.9036865,112.037598,-307.049866
0.207594542,-83.0804443,112.061249,-307.222412
0.217841542,-83.1362,111.907379,-307.239777
0.228088542,-83.052475,112.064392,-306.840393
0.238336542,-82.9905853,112.198837,-307.066589
0.248582542,-82.9580078,112.311935,-307.177826
0.258830542,-83.216217,112.338928,-307.135712
0.269077542,-83.1734772,112.133987,-307.205566
0.279324542,-83.3269348,112.213745,-307.314209
0.289571542,-83.1735687,112.329376,-307.099609
0.299818542,-83.4912872,112.224014,-307.202332
0.310065542,-83.0758514,112.43399,-307.124146
0.320312542,-83.4169617,112.290802,-307.137299
0.330559542,-83.3614197,112.264359,-307.277771
0.340806542,-83.2935638,112.286652,-307.152954
0.351054542,-83.1442719,112.375732,-307.167175
0.361301542,-83.3239136,112.291031,-307.002625
0.371549542,-83.2590485,112.335815,-307.110046
0.381797542,-83.3929138,112.065216,-307.450287
0.392044542,-83.1589661,111.850281,-306.974396
0.402292542,-83.3613739,111.937988,-307.477875
0.412540542,-83.1771698,112.117188,-307.456665
0.422788542,-83.2825012,112.303696,-307.261749
0.433035542,-83.4230042,112.455231,-307.488556
0.443282542,-83.4783325,112.54567,-307.443909
0.453529542,-83.1693573,112.471786,-307.381317
0.463776542,-83.1137848,112.577347,-307.008972
0.474024542,-83.1469116,112.698868,-306.989471
0.484272542,-83.1493073,112.505936,-306.980286
0.494520542,-82.9951324,112.820999,-306.99704
0.504767542,-82.9246826,112.650055,-307.144104
0.515015542,-82.7003021,112.597351,-306.967987
0.525263542,-83.0181427,112.603622,-306.731079
0.535511542,-83.0090332,112.61116,-307.082581
0.545758542,-82.7995911,112.549194,-307.0242
0.556005542,-83.2457428,112.601013,-307.070404
0.566253542,-83.0789337,112.740616,-307.128479
0.576500542,-83.0294037,112.824768,-307.221588
0.586747542,-83.0547943,112.982117,-307.002136
0.596995542,-82.9790649,112.844803,-306.837219
0.607241542,-83.0111237,113.200882,-306.617371
0.617489542,-82.7903442,113.314407,-306.828369
0.627736542,-82.6967621,113.395096,-306.953369
0.637983542,-82.735199,113.377289,-307.175171
0.648230542,-82.6281891,113.280151,-307.006073
0.658477542,-82.5234222,113.19368,-306.772278
0.668724542,-82.597229,113.180496,-306.877136
0.678971542,-82.5529633,113.289536,-306.979431
0.689219542,-82.1380768,112.931931,-307.233795
0.699466542,-82.2479858,112.920792,-307.427734
0.709713542,-82.0862732,112.796432,-307.262207
0.719960542,-82.1368408,112.885605,-307.130829
0.730207542,-82.4431152,112.998291,-307.005798
0.740455542,-82.7532043,112.792297,-307.054321
0.750703542,-82.5669861,112.759964,-307.120117
0.760951542,-82.8996887,112.712616,-307.131714
0.771198542,-82.7980042,112.706848,-307.197388
0.781445542,-82.7340393,112.501328,-307.264282
0.791692542,-82.6064148,112.294098,-306.969421
0.801939542,-82.7328796,112.358521,-306.735107
0.812187542,-82.5188904,112.43248,-306.86972
0.822435542,-82.520874,112.314102,-307.215088
0.832683542,-82.6053314,112.279434,-307.037323
0.842929542,-82.6226196,112.462051,-307.114105
0.853176542,-82.6479034,112.169189,-306.874847
0.863423542,-82.7163391,112.305191,-307.062378
0.873671542,-82.5705719,112.380127,-306.863281
0.883918542,-82.2167969,112.354019,-306.999512
0.894166542,-82.6476898,112.181458,-306.911072
0.904414542,-82.5633087,112.266495,-306.863647
0.914661542,-82.7076721,112.272064,-307.003357
0.924909542,-82.797699,112.151337,-307.005005
0.935157542,-82.6870422,112.248169,-306.953186
0.945405542,-82.9329834,112.260315,-307.335327
0.955653542,-82.7925262,112.225082,-307.132202
0.965901542,-82.8615723,112.280228,-307.042114
0.976149542,-82.9612732,112.218918,-307.024231
0.986396542,-82.9288025,112.181946,-307.096558
0.996643542,-82.8392334,112.202774,-307.256165
1.00689054,-82.96875,112.28067,-307.266693
1.01713854,-83.0529938,112.059265,-307.43689
1.02738654,-83.1148224,112.231796,-307.371948
1.03763354,-83.1417847,112.471283,-307.580994
1.04788154,-83.2219543,112.384445,-307.419037
1.05812754,-83.2765198,112.595871,-307.357025
1.06837454,-83.337265,112.919052,-307.20752
1.07862054,-83.3269653,112.852631,-307.426758
1.08886854,-83.2936096,112.894135,-307.921265
1.09911454,-83.3307037,112.986099,-307.696655
1.10936154,-83.6192474,112.756943,-307.642822
1.11960854,-83.505661,112.71434,-307.820984
1.12985554,-83.5447693,112.695358,-307.898254
1.14010254,-83.5057983,112.649414,-307.69162
1.15034854,-83.3299408,112.765778,-307.854553
1.16059454,-83.8499146,112.745773,-307.62619
1.17084154,-83.6000671,112.777008,-307.802887
1.18108754,-83.945816,112.613022,-307.68811
1.19133404,-83.625946,112.594513,-307.702942
1.20158004,-83.8344879,112.664703,-307.407104
1.21182704,-83.7218933,112.537659,-307.927307
1.22207304,-83.8032837,112.745865,-307.500702
1.23232004,-83.6204376,112.783966,-307.515381
1.24256604,-83.7345734,112.795868,-307.717651
1.25281304,-83.7075195,112.563004,-307.684692
1.26306004,-83.7301178,112.705063,-307.60788
1.27330604,-83.6921082,112.484741,-307.624634
1.28355204,-83.7205353,112.44754,-307.73053
1.29379904,-83.743042,112.688416,-307.842346
1.30404604,-83.7100372,112.807419,-307.74115
1.31429304,-83.9011536,112.431732,-307.936584
1.32453904,-83.7601776,112.68103,-307.666809
1.33478604,-83.7670593,112.727814,-307.244202
1.34503304,-83.5853424,112.679276,-307.436279
1.35527904,-83.5335999,112.464386,-307.453918
1.36552604,-83.4570007,112.579575,-307.511841
1.37577304,-83.6630249,112.587906,-307.396851
1.38602004,-83.6800232,112.586945,-307.932495
1.39626704,-83.6992035,112.429581,-307.764954
1.40651404,-83.4477539,112.651779,-307.71582
1.41676104,-83.4835815,112.35231,-307.697571
1.42700804,-83.8419037,112.280243,-307.698669
1.43725604,-83.7485504,112.266541,-307.416077
1.44750204,-83.9029083,112.407791,-307.429138
1.45775004,-83.6613159,112.384003,-307.607605
1.46799704,-83.9590454,112.402542,-307.37912
1.47824504,-83.821228,112.633255,-307.664856
1.48849104,-83.6499786,112.369049,-307.54776
1.49873804,-83.5996094,112.285019,-307.745117
1.50898504,-83.8517456,112.42717,-307.651245
1.51923204,-83.6565247,112.290894,-307.803131
1.52947904,-83.862793,112.322433,-307.704895
1.53972704,-83.9204712,112.422958,-307.768585
1.54997404,-83.7054138,112.375305,-307.734802
1.56022104,-83.6777344,112.572876,-307.838806
1.57046804,-83.848465,112.470932,-307.637024
1.58071504,-83.7211304,112.498169,-307.690979
1.59096104,-83.6833801,112.542847,-307.642761
1.60120804,-83.7518463,112.414688,-307.733643
1.61145504,-83.3929291,112.098328,-307.580261
1.62170104,-83.7093048,112.430954,-307.771576
1.63194804,-83.3757477,112.31575,-307.593567
1.64219504,-83.7194061,112.354965,-307.330688
1.65244204,-83.4972229,112.455109,-307.786713
1.66268904,-83.6769867,112.472137,-307.893616
1.67293604,-83.8575287,112.76445,-307.46521
1.68318304,-83.6628571,112.509979,-307.667633
1.69343104,-83.774231,112.441101,-307.443237
1.70367804,-83.7197571,112.621613,-307.490051
1.71392504,-83.6708069,112.790726,-307.502197
1.72417204,-83.63591,112.864487,-307.665466
1.73441904,-83.4307251,112.864349,-307.631042
1.74466704,-83.4796753,113.009689,-307.473969
1.75491504,-83.7126617,112.801285,-307.250793
1.76516204,-83.7480011,113.002594,-307.397522
1.77541004,-83.5751801,113.152832,-307.292236
1.78565804,-83.653717,113.112503,-307.280945
1.79590604,-83.9102173,113.320587,-307.330994
1.80615304,-83.6477966,113.568634,-307.597137
1.81640004,-83.5215454,113.845901,-307.51767
1.82664704,-83.7291718,114.100433,-307.638
1.83689304,-83.7205505,114.063965,-307.425171
1.84714004,-83.7131653,114.41391,-307.696045
1.85738804,-83.7323303,114.526718,-307.487823
1.86763604,-83.5108643,114.73378,-307.430573
1.87788404,-83.4651947,114.768723,-307.236359
1.88813104,-83.6183624,115.138977,-307.55426
1.89838004,-83.3514862,115.304184,-307.465729
1.90862704,-83.3977051,115.392929,-307.151672
1.91887504,-83.4042206,115.420364,-307.39563
1.92912304,-83.4505157,115.36702,-307.565979
1.93937004,-83.442688,115.348419,-307.373657
1.94961704,-83.5045166,115.251175,-307.407227
1.95986404,-83.6058502,115.559021,-307.34967
1.97011104,-83.8057556,115.334808,-307.497986
1.98035804,-83.7893524,115.620346,-307.482117
1.99060504,-83.6691284,115.427551,-307.4263
2.00085104,-83.836319,115.357101,-307.5354
2.01109804,-83.4553986,115.072815,-307.652161
2.02134504,-83.7388306,115.278458,-307.46698
2.03159104,-83.5354919,115.468964,-307.624146
2.04183804,-83.5533142,115.778732,-307.150085
2.05208504,-83.5635681,115.590027,-307.205292
2.06233104,-83.5171661,115.819534,-306.915955
2.07257804,-83.2562408,115.958496,-306.934814
2.08282404,-83.0196381,116.428787,-306.915863
2.09307104,-82.7286377,116.585983,-306.924225
2.10331704,-82.9849548,116.740143,-307.056458
2.11356404,-82.7711334,116.802979,-306.681396
2.12381104,-82.7764435,116.813873,-306.273041
2.13405804,-82.7953644,116.71019,-306.563904
2.14430504,-82.8965302,116.85997,-306.416321
2.15455204,-82.8993378,116.863876,-306.539093
2.16479904,-82.9688568,116.972809,-306.398743
2.17504604,-82.9974365,116.749191,-306.648621
2.18529304,-83.0587616,116.799103,-307.004883
2.19554083,-82.9884186,116.473541,-306.819733
2.20578683,-82.9537201,116.715195,-306.726959
2.21603483,-82.9906769,116.538071,-306.966919
2.22628183,-82.9663086,116.574097,-306.936951
2.23652783,-82.9602203,116.739883,-306.701447
2.24677583,-83.2983704,116.468246,-306.771545
2.25702183,-83.1929932,116.305054,-306.833191
2.26726883,-83.1819611,116.649048,-307.067841
2.27751483,-83.1476746,116.550293,-307.085815
2.28776283,-83.5767517,116.309723,-307.031677
2.29800883,-83.5389252,116.513962,-307.086182
2.30825683,-83.6017914,116.324463,-307.397308
2.31850483,-83.7069397,116.433868,-307.13501
2.32875183,-83.4632874,116.511673,-306.928772
2.33899883,-83.2079163,116.37384,-306.958099
2.34924583,-83.3445435,116.23056,-307.013062
2.35949383,-83.3418121,116.280273,-307.053406
2.36974083,-83.364212,116.254776,-306.843628
2.37998783,-83.5642395,116.240051,-307.355316
2.39023483,-83.4117126,116.260574,-307.28891
2.40048183,-83.6913605,116.100006,-307.293701
2.41072983,-83.7349701,116.097168,-307.378571
2.42097783,-84.0059967,115.832825,-307.453247
2.43122583,-84.0496063,115.756256,-307.484802
2.44147283,-84.0827484,115.805328,-307.535828
2.45172083,-83.9975891,115.885391,-307.090149
2.46196783,-84.1361542,115.970612,-307.462219
2.47221583,-83.8686066,115.929733,-307.543701
2.48246383,-84.4320679,115.734467,-307.732849
2.49271183,-84.0860138,115.736008,-307.502747
2.50295883,-84.2186584,115.562302,-307.299377
2.51320683,-83.8012695,115.69191,-307.694702
2.52345483,-84.0262604,115.594666,-307.532776
2.53370183,-84.0911407,115.571472,-307.480835
2.54394983,-83.9781494,115.76683,-307.449768
2.55419683,-83.8401642,115.702515,-307.412689
2.56444483,-83.9115753,115.502975,-307.16748
2.57469283,-83.9180298,115.687927,-307.30899
2.58494083,-83.9304962,115.733765,-307.492188
2.59518783,-83.9819336,115.70961,-307.271637
2.60543583,-84.0024719,115.806992,-307.235077
2.61568283,-83.9837494,115.565643,-307.040771
2.62592983,-84.168335,115.630295,-307.585541
2.63617583,-84.3087158,115.510727,-307.379456
2.64642283,-84.4253845,115.523605,-307.673523
2.65666983,-84.3175049,115.511795,-307.396851
2.66691583,-84.4996185,115.550919,-307.566345
2.67716283,-84.3329926,115.595093,-307.475708
2.68740983,-84.0705261,115.612473,-307.375397
2.69765783,-84.1899719,115.63623,-307.578125
2.70790483,-84.3085938,115.48172,-307.566895
2.71815183,-84.1483154,115.489395,-307.290955
2.72839883,-84.2568817,115.159073,-307.575134
2.73864583,-84.3058319,115.191986,-307.558594
2.74889183,-84.3508301,115.239822,-307.492493
2.75913883,-84.37323,115.251114,-307.394379
2.76938583,-84.1721191,115.301376,-307.372559
2.77963283,-84.2702332,115.359543,-307.661072
2.78988083,-84.1538544,115.248047,-307.486481
2.80012883,-84.2138672,115.215637,-307.556641
2.81037783,-84.0640106,115.139938,-307.424072
2.82062483,-84.0874634,115.19249,-307.373901
2.83087283,-84.015274,115.114273,-307.550507
2.84111983,-83.975769,115.164398,-307.510345
2.85136783,-83.9583588,115.00322,-307.749756
2.86161483,-84.1401825,115.196899,-307.374634
2.87186283,-83.7522278,115.044205,-307.740051
2.88211083,-83.9601288,114.945679,-307.779541
2.89235883,-83.8208923,114.809082,-307.433624
2.90260583,-83.8822937,114.969223,-307.401611
2.91285283,-83.8810272,114.952728,-307.339966
2.92309983,-84.0123138,115.056061,-307.375
2.93334783,-83.8324585,114.952103,-307.389648
2.94359483,-84.0495148,114.900726,-307.784119
2.95384283,-83.8340607,114.69725,-307.614502
2.96409083,-84.1432648,114.798721,-307.646576
2.97433783,-83.8751373,114.676392,-307.454193
2.98458583,-84.04216,114.854828,-307.509155
2.99483383,-83.9505005,114.912857,-307.403198
3.00508083,-84.0306549,114.697021,-307.657532
3.01532883,-84.0402374,114.739014,-307.503082
3.02557683,-84.0295868,114.660019,-307.499756
3.03582383,-84.0674744,114.581039,-307.406128
3.04607183,-84.1987915,114.556717,-307.30368
3.05631983,-84.264679,114.289658,-307.595795
3.06656783,-84.2265625,114.339752,-307.58551
3.07681483,-84.1929779,114.422729,-307.612671
3.08706283,-84.1795959,114.731918,-307.677917
3.09731083,-84.1845703,114.661285,-307.525269
3.10755783,-84.187088,114.71933,-307.46875
3.11780483,-84.3622437,114.701431,-307.414246
3.12805283,-84.2759247,114.545547,-307.671875
3.13829983,-84.1524048,114.819397,-307.677155
3.14854683,-84.205368,114.776443,-307.718506
3.15879483,-84.4469452,114.473038,-307.513611
3.16904183,-84.2829742,114.508194,-307.374115
3.17928983,-84.473175,114.404572,-307.554932
3.18953679,-84.1351929,114.505173,-307.597382
3.19978479,-84.0422058,114.461212,-307.398682
3.21003279,-84.1503754,114.274918,-307.338318
3.22027979,-84.1774445,114.319244,-307.490112
3.23052679,-84.0870514,114.289444,-307.091492
3.24077379,-84.0518188,114.51445,-307.303162
3.25102179,-84.1102753,114.324509,-307.392426
3.26126979,-84.1257935,114.333832,-307.343628
3.27151779,-83.9495087,114.303833,-307.345551
3.28176579,-84.0735779,114.384109,-307.274719
3.29201279,-83.8513794,114.42247,-307.327393
3.30226079,-84.0992432,114.260712,-307.30481
3.31250779,-83.9380951,114.1642,-307.526306
3.32275579,-84.0859985,114.437119,-307.521606
3.33300279,-83.9335785,114.333115,-307.304016
3.34325079,-84.2118988,114.37001,-307.423584
3.35349779,-84.0028229,114.545914,-307.840363
3.36374479,-84.1741791,114.478607,-307.42334
3.37399179,-83.9772034,114.39798,-307.50824
3.38423979,-84.2175293,114.436813,-307.249695
3.39448679,-84.0307159,114.371307,-307.907227
3.40473379,-84.1480713,114.19632,-307.319275
3.41498179,-84.1024628,114.214539,-307.385437
3.42522879,-83.9732056,114.350708,-307.537964
3.43547579,-83.9166107,114.43367,-307.109863
3.44572379,-84.0287781,114.336349,-307.498108
3.45597179,-84.1650543,114.282944,-307.366638
3.46621979,-84.075119,114.411469,-307.558899
3.47646779,-84.2340851,114.169342,-307.375305
3.48671579,-84.3842773,114.117218,-307.626801
3.49696279,-84.1878967,114.068466,-307.428894
3.50720979,-84.0543365,114.202988,-307.360229
3.51745779,-84.1468964,114.041794,-307.5802
3.52770579,-83.935379,114.141418,-307.531036
3.53795279,-84.0314789,114.327866,-307.43219
3.54819979,-83.8949585,114.463333,-307.417603
3.55844779,-84.0894318,114.337555,-307.43338
3.56869579,-84.0278015,114.391571,-307.422852
3.57894179,-84.0923615,114.476669,-307.371948
3.58918879,-84.04216,114.362137,-307.73175
3.59943579,-84.0067291,114.26059,-307.704285
3.60968279,-84.1039886,114.369263,-307.540955
3.61992879,-83.9658051,114.28035,-307.443573
3.63017579,-83.8929901,114.594757,-307.430115
3.64042379,-83.7852783,114.391983,-307.41394
3.65067079,-83.9445343,114.359451,-307.434479
3.66091779,-83.9246368,114.601105,-307.335632
3.67116579,-83.971344,114.552795,-307.244019
3.68141279,-84.0107727,114.412979,-307.260254
3.69166079,-83.7743988,114.490952,-307.663696
3.70190879,-83.8684082,114.587387,-307.537476
3.71215579,-83.7323761,114.531128,-307.28009
3.72240479,-83.9399261,114.57132,-307.4151
3.73265179,-83.6850281,114.546158,-307.174622
3.74289979,-83.8473969,114.740372,-307.155273
3.75314579,-83.7387543,114.731934,-307.177124
3.76339379,-83.8365173,114.629532,-307.271271
3.77364079,-83.7521515,114.617249,-307.314514
3.78388779,-83.9597473,114.743362,-307.535767
3.79413479,-83.8470459,114.547485,-307.577484
3.80438279,-84.0715637,114.532257,-307.602661
3.81462979,-83.9299469,114.677261,-307.667023
3.82487679,-83.8277435,114.694016,-307.367249
3.83512379,-83.8180847,114.623032,-307.231873
3.84537179,-83.8409424,114.594284,-307.112549
3.85561879,-83.7902069,114.511566,-307.425598
3.86586679,-83.7695618,114.690781,-307.346008
3.87611379,-83.8804779,114.415558,-307.433716
3.88636079,-83.6240234,114.706146,-307.124817
3.89660879,-83.8828278,114.491562,-307.112427
3.90685579,-83.783371,114.467468,-307.365967
3.91710279,-83.8088226,114.631226,-307.326294
3.92734979,-83.8616943,114.503555,-307.351898
3.93759779,-83.7928925,114.543259,-307.109863
3.94784579,-83.8243103,114.503967,-307.514008
3.95809279,-83.7556915,114.509933,-307.333252
3.96834079,-84.1120911,114.358337,-307.577209
3.97858879,-83.9370728,114.273544,-307.638763
3.98883679,-83.9578857,114.396118,-307.746338
3.99908579,-83.898468,114.269852,-307.833557
4.00933279,-83.9468231,114.35405,-307.617035
4.01957979,-83.7603455,114.509903,-307.656372
4.02982779,-83.9606476,114.298828,-307.448425
4.04007579,-83.8575134,114.328262,-307.665894
4.05032279,-84.0030975,114.25827,-307.393616
4.06057079,-84.0713959,114.110184,-307.364777
4.07081779,-84.0056305,114.162552,-307.421082
4.08106579,-83.9112244,114.087891,-307.413635
4.09131379,-83.7644348,114.164627,-307.320099
4.10156179,-83.9311066,114.224457,-307.648438
4.11180979,-83.77388,114.167664,-307.45105
4.12205679,-83.8426514,114.418671,-307.441986
4.13230479,-83.7637939,114.255707,-307.50415
4.14255279,-84.1551971,114.051132,-307.186737
4.15280079,-83.6589355,114.289566,-307.09436
4.16304879,-83.9143219,113.913284,-307.486755
4.17329579,-83.7459106,114.042068,-307.627075
4.18354279,-83.9665527,114.03833,-307.46875
4.19379079,-83.8326416,114.12468,-307.523987
4.20403879,-83.9181976,114.172928,-307.755249
4.21428579,-83.8022156,114.150742,-307.469208
4.22453279,-84.0274811,113.935257,-307.750336
4.23477979,-83.6737366,113.998535,-307.561707
4.24502779,-83.9043732,114.05838,-307.387146
4.25527479,-83.8425598,113.823944,-307.711914
4.26552179,-83.8013153,113.986237,-307.390228
4.27576879,-83.8021851,114.03215,-307.49646
4.28601679,-83.7065735,114.085083,-307.513245
4.29626379,-83.7087097,114.097397,-307.712799
4.30651179,-83.9068146,113.983292,-307.756104
4.31675879,-83.8189545,114.078613,-307.713623
4.32700679,-83.897934,113.966705,-307.591339
4.33725379,-83.7832184,114.166656,-307.71579
4.34750179,-84.0272522,114.12677,-307.640381
4.35774979,-83.8522644,114.219345,-307.286896
4.36799679,-83.7974548,114.109848,-307.757629
4.37824479,-83.8730927,114.228653,-307.493958
4.38849179,-83.946701,114.137619,-307.550415
4.39873779,-83.9008942,113.987656,-307.564453
4.40898479,-83.6138916,114.167618,-307.319519
4.41923179,-83.6684418,114.194595,-307.522034
4.42947979,-83.7975006,114.151688,-307.345886
4.43972679,-83.6667328,114.32103,-307.248383
4.44997379,-83.5923767,114.456055,-307.552429
4.46022079,-83.4634247,114.445663,-307.304626
4.47046879,-83.6125031,114.262085,-307.15271
4.48071679,-83.7301025,114.317673,-307.391907
4.49096379,-83.705719,114.114822,-307.72168
4.50121079,-83.8130646,113.985107,-307.724731
4.51145779,-83.8308105,114.112335,-307.05603
4.52170579,-84.0370941,114.302719,-307.632477
4.53195379,-84.0095978,114.033936,-307.554901
4.54220079,-84.0991516,113.956467,-307.511322
4.55244779,-83.7556458,113.995499,-307.419922
4.56269579,-83.7617493,114.131134,-307.686951
4.57294279,-83.7113495,113.871384,-307.407654
4.58318879,-83.9243622,114.17659,-307.239563
4.59343579,-83.9651947,113.96373,-307.553375
4.60368279,-83.9717712,114.116959,-307.645386
4.61392979,-83.9167633,113.89241,-307.980347
4.62417579,-84.1073761,114.140121,-307.563416
4.63442279,-83.9053802,114.00972,-307.570831
4.64466979,-83.9114227,114.316406,-307.737366
4.65491679,-83.8678741,114.036621,-307.628357
4.66516379,-84.0411072,114.253067,-307.405518
4.67541179,-83.7054596,114.043945,-307.566528
4.68565879,-83.731781,114.281631,-307.949005
4.69590579,-83.7510071,114.201965,-307.593079
4.70615279,-83.6944733,114.35936,-307.850647
4.71640079,-83.614975,114.114349,-307.568695
4.72664779,-83.9530029,114.400269,-307.64743
4.73689479,-84.0399933,114.148895,-307.47583
4.74714279,-83.7000427,114.258438,-307.671539
4.75739079,-83.9051208,114.056244,-307.473511
4.76763779,-83.9715881,114.283188,-307.62674
4.77788479,-83.8190155,114.305878,-307.468018
4.78813179,-83.7441559,114.223282,-307.560211
4.79837979,-83.7172699,114.294846,-307.52063
4.80862679,-83.8304596,114.168152,-307.73645
4.81887479,-83.8870544,114.247711,-307.482788
4.82912179,-83.7814636,114.360275,-307.738892
4.83936879,-83.7645874,114.279831,-307.478455
4.84961579,-83.8162231,114.140823,-307.396973
4.85986279,-83.832962,114.290237,-307.440826
4.87011079,-83.803009,114.194214,-307.755371
4.88035779,-83.7223511,114.394958,-307.576782
4.89060579,-83.7820587,114.267929,-307.510803
4.90085379,-83.7280426,114.230896,-307.393005
4.91110079,-83.6139984,114.255051,-307.757416
4.92134779,-83.545517,114.182648,-307.522614
4.93159579,-83.6346588,114.205185,-307.319824
4.94184279,-83.6000214,114.331619,-307.705658
4.95208979,-83.7223511,114.115906,-307.251892
4.96233679,-83.8135376,114.197159,-307.401733
4.97258279,-83.4877777,114.051117,-307.013428
4.98282979,-83.8495178,114.091949,-307.446106
4.99307779,-83.4809418,114.197922,-307.070251
5.00332479,-83.5666351,114.021835,-307.135071
5.01357179,-83.506485,114.161865,-307.140259
5.02381879,-83.5435638,114.294846,-306.990173
5.03406579,-83.4224396,114.198105,-307.282898
5.04431279,-83.6310425,114.023605,-307.27478
5.05455979,-83.4240875,113.984406,-307.1091
5.06480679,-83.5965271,114.235474,-307.161774
5.07505379,-83.5768738,113.984329,-307.262817
5.08530179,-83.6110687,114.229889,-307.154114
5.09554879,-83.3894196,114.268112,-307.161407
5.10579579,-83.6882782,114.086166,-307.274567
5.11604279,-83.5578766,114.113159,-307.443665
5.12628979,-83.4162445,114.180679,-307.317596
5.13653679,-83.4900665,114.03566,-307.16394
5.14678479,-83.463501,114.254639,-307.393127
5.15703179,-83.4068604,114.419022,-307.236633
5.16727979,-83.6128845,114.125885,-307.399841
5.17752679,-83.5377502,114.333557,-307.641846
5.18777279,-83.5269318,114.291977,-307.247253
5.19802067,-83.6404877,114.399887,-307.300415
5.20826767,-83.6426086,114.157272,-307.569946
5.21851567,-83.907608,114.101883,-307.587158
5.22876267,-83.7249146,114.203735,-307.274719
5.23900967,-83.6181335,114.260925,-307.398926
5.24925767,-83.7520905,114.296417,-307.459229
5.25950567,-83.8182068,114.221252,-307.476929
5.26975267,-83.8252411,114.255524,-307.476379
5.28000067,-83.5461121,114.286652,-307.209351
5.29024767,-83.7575226,114.309097,-307.147095
5.30049667,-83.5502167,114.172729,-307.557861
5.31074367,-83.6178741,114.177917,-307.190826
5.32099167,-83.4613953,114.150421,-307.260132
5.33123867,-83.5317841,114.134888,-307.147888
5.34148567,-83.4506073,114.027542,-307.264496
5.35173367,-83.2106171,114.217453,-306.806885
5.36198067,-83.3936157,114.254501,-307.206848
5.37222767,-83.38414,114.392776,-307.224152
5.38247567,-83.3045349,114.266891,-307.201599
5.39272367,-83.4712372,114.284378,-306.72995
5.40297067,-83.2703705,114.258362,-307.096436
5.41321767,-83.1613464,114.344315,-307.109192
5.42346467,-83.3640289,114.506119,-307.200653
5.43371067,-83.3379211,114.135147,-307.052185
5.44395767,-83.2738953,114.322998,-307.162476
5.45420367,-83.1799316,114.076187,-307.127563
5.46444967,-83.3126526,114.253418,-307.269196
5.47469667,-83.1054535,114.407181,-307.507507
5.48494367,-83.1166077,114.482864,-307.191711
5.49519167,-83.2389679,114.19838,-307.03894
5.50543867,-83.2567139,114.329163,-307.327393
5.51568567,-83.1387177,114.13266,-307.105286
5.52593267,-83.3364258,114.474792,-307.198669
5.53617967,-83.2423401,114.256577,-307.392578
5.54642667,-83.2353363,114.451981,-307.417969
5.55667467,-83.187027,114.145721,-307.258911
5.56692167,-83.4700012,114.349899,-307.281677
5.57716967,-83.3210449,114.387665,-307.223785
5.58741767,-83.591507,114.42897,-307.203979
5.59766467,-83.4289703,114.365509,-307.247345
5.60791267,-83.4859009,114.36908,-307.244049
5.61815967,-83.5251617,114.278397,-307.490845
5.62840667,-83.4085236,114.401749,-307.544983
5.63865367,-83.4193573,114.452271,-307.386688
5.64889967,-83.5640564,114.463135,-307.397644
5.65914767,-83.5472565,114.460464,-307.398804
5.66939567,-83.5350952,114.366867,-307.20694
5.67964267,-83.7509155,114.464066,-307.443085
5.68988967,-83.6665649,114.469666,-307.396515
5.70013567,-83.5548706,114.592102,-307.417755
5.71038267,-83.6143951,114.398193,-307.24292
5.72062967,-83.4336548,114.45697,-307.493774
5.73087667,-83.5220642,114.526718,-307.647614
5.74112367,-83.621582,114.395294,-307.070282
5.75137067,-83.4665375,114.334595,-307.694397
5.76161667,-83.5521545,114.525864,-307.677551
5.77186467,-83.5975342,114.445724,-307.724731
5.78211167,-83.8206482,114.20163,-307.561035
5.79235867,-83.5768433,114.492935,-307.135376
5.80260567,-83.7290497,114.459061,-307.398071
5.81285167,-83.8040009,114.463867,-307.317993
5.82309867,-83.6418457,114.402344,-307.649048
5.83334567,-83.6362762,114.412888,-307.330933
5.84359167,-83.8116608,114.571793,-307.165131
5.85383967,-83.5805969,114.586487,-306.981445
5.86408567,-83.8242798,114.486465,-307.673309
5.87433267,-83.738205,114.291962,-307.395508
5.88458067,-83.7488861,114.405655,-307.392822
5.89482767,-83.5883331,114.507706,-307.359436
5.90507467,-83.7550964,114.399582,-307.635529
5.91532267,-83.56987,114.456131,-307.386261
5.92556967,-83.5935822,114.541901,-307.15097
5.93581567,-83.8708496,114.237534,-307.386993
5.94606367,-83.850174,114.334961,-307.364899
5.95631067,-83.8239746,114.206512,-307.438232
5.96655867,-83.9902954,114.369339,-307.337738
5.97680567,-83.8835144,114.113159,-307.498108
5.98705267,-84.0804901,114.058899,-307.402649
5.99730067,-83.9502106,114.367813,-307.395691
6.00754767,-83.84935,114.357162,-307.583862
6.01779567,-83.7408905,114.288422,-307.538483
6.02804267,-83.731842,114.335678,-307.59201
6.03829067,-83.8089294,114.294189,-307.658905
6.04853767,-83.7056427,114.404037,-307.665405
6.05878567,-83.6088104,114.383713,-307.710754
6.06903267,-83.8165588,114.263107,-307.658234
6.07928067,-83.8785553,114.180283,-307.481049
6.08952867,-83.7647705,113.872742,-307.496887
6.09977667,-83.8108826,114.035004,-307.568604
6.11002467,-83.9211121,114.123703,-307.582886
6.12027267,-83.7395935,114.146713,-307.747925
6.13052067,-83.6737823,114.280167,-307.648438
6.14076867,-83.6251984,114.234619,-307.527435
6.15101667,-83.7307892,114.247162,-307.403961
6.16126467,-83.8309021,114.004913,-307.343079
6.17151167,-83.8732605,114.006607,-306.974426
6.18175967,-83.7718506,113.752045,-306.918518
6.19200779,-83.7346497,113.945526,-307.164215
6.20225479,-83.6938782,113.817154,-307.292908
6.21250179,-83.7252502,113.920731,-307.356964
6.22274879,-83.889389,113.755707,-307.441437
6.23299579,-83.6855927,113.83075,-307.487366
6.24324279,-83.7610016,113.850754,-307.597595
6.25349079,-83.552002,114.046051,-307.50531
6.26373879,-83.7454529,114.125732,-307.518799
6.27398679,-83.6264343,114.239105,-307.120178
6.28423479,-83.7821198,114.129578,-307.188171
6.29448179,-83.7765503,113.877701,-307.000641
6.30472979,-83.8081055,114.145279,-307.474304
6.31497779,-83.6793671,114.062347,-307.113739
6.32522479,-83.9240112,114.071976,-307.012329
6.33547279,-83.7456055,114.092667,-307.146362
6.34572079,-83.8170776,114.101425,-307.310791
6.35596879,-83.7622528,114.051743,-307.275085
6.36621679,-83.7825775,114.151245,-307.487366
6.37646479,-83.6740875,114.028763,-307.079407
6.38671379,-83.6095123,113.997665,-307.251404
6.39696179,-83.6056366,114.066086,-307.214539
6.40720979,-83.7819366,113.933884,-307.453125
6.41745679,-83.9123535,113.832169,-307.299927
6.42770479,-83.816803,113.914597,-307.065247
6.43795179,-83.8807831,113.874146,-307.299927
6.44819979,-83.8293762,113.90033,-307.391144
6.45844779,-83.7798462,113.997528,-307.377686
6.46869679,-83.9602203,113.88237,-307.237427
6.47894579,-83.7935944,113.949615,-307.385376
6.48919379,-83.9092865,113.764542,-307.392883
6.49944179,-83.8083038,113.814835,-307.410034
6.50968979,-83.7948303,113.912216,-307.411072
6.51993779,-83.9095459,113.901688,-307.07486
6.53018679,-83.7339478,114.083893,-307.192322
6.54043479,-83.8962097,113.886841,-307.193237
6.55068279,-83.7037506,114.050613,-307.177368
6.56093179,-83.5773621,113.969757,-306.944092
6.57117979,-83.6591492,113.957947,-307.157043
6.58142879,-83.3408813,113.959534,-307.272736
6.59167579,-83.4735718,114.143661,-307.290833
6.60192379,-83.5401306,114.17601,-307.189484
6.61217179,-83.6668701,114.05687,-307.414551
6.62242079,-83.6916351,114.003922,-307.253235
6.63266879,-83.7928009,113.968475,-307.085999
6.64291679,-83.6957703,113.970688,-307.439575
6.65316479,-83.9185944,113.819412,-307.17453
6.66341279,-83.8679352,113.884796,-307.256744
6.67366079,-84.0006256,113.687195,-307.343018
6.68390779,-84.0809174,113.966492,-307.486115
6.69415479,-83.9968262,113.69249,-307.351227
6.70440279,-84.3483582,113.437714,-307.818359
6.71465079,-84.0714874,113.229752,-307.678589
6.72489779,-84.3372498,113.187286,-307.578613
6.73514479,-84.2924957,112.88533,-307.714172
6.74539179,-84.666214,112.855789,-307.697205
6.75563879,-84.4300995,112.922501,-307.706482
6.76588679,-84.4482422,112.982697,-307.670532
6.77613379,-84.2883301,112.817139,-307.784515
6.78638179,-84.5388947,112.849319,-307.517029
6.79662979,-84.2542572,112.757507,-307.932556
6.80687779,-84.3284607,113.170151,-308.132324
6.81712579,-84.2193298,113.195068,-307.77475
6.82737279,-84.2089539,113.035156,-307.486053
6.83762079,-84.0118408,113.298279,-307.646484
6.84786879,-84.0435333,113.212189,-307.851166
6.85811679,-84.2454224,113.253708,-307.927002
6.86836479,-84.1762848,113.338882,-307.700073
6.87861279,-84.168396,113.427689,-307.633484
6.88886079,-84.2036896,113.507034,-307.866577
6.89910879,-84.2017517,113.590469,-307.61908
6.90935579,-84.1113892,113.66571,-307.618652
6.91960379,-84.3695068,113.619751,-307.672607
6.92985179,-84.2231598,113.474731,-307.637299
6.94009979,-84.2721863,113.650482,-307.818512
6.95034679,-84.4400177,113.529495,-307.905273
6.96059479,-84.5478821,113.574387,-307.678345
6.97084279,-84.5478973,113.495331,-308.00769
6.98109079,-84.4181213,113.631104,-307.754547
6.99133779,-84.4984894,113.806564,-308.083496
7.00158579,-84.2269745,113.695541,-307.789001
7.01183379,-84.372879,113.523773,-307.805481
7.02208179,-84.6323242,113.561981,-307.899109
7.03232979,-84.440506,113.612274,-308.061401
7.04257679,-84.4125824,113.539719,-308.002075
7.05282479,-84.2946167,113.522995,-307.871185
7.06307179,-84.563324,113.391647,-308.125092
7.07331879,-84.519989,113.541107,-307.875519
7.08356679,-84.5736084,113.414062,-308.0849
7.09381379,-84.6630249,113.555023,-307.719421
7.10406179,-84.6864929,113.477219,-308.162292
7.11430879,-84.5887299,113.690079,-308.110107
7.12455679,-84.6880951,113.310165,-308.095032
7.13480379,-84.4462585,113.536331,-308.073364
7.14505079,-84.6022034,113.649246,-307.655823
7.15529879,-84.5361786,113.530853,-308.010681
7.16554479,-84.5987396,113.686005,-307.679199
7.17579279,-84.6239014,113.646835,-307.816223
7.18603979,-84.6496124,113.527115,-307.629028
7.19628829,-84.3982544,113.548203,-308.059143
7.20653529,-84.4900208,113.531662,-307.764526
7.21678329,-84.452179,113.554153,-308.060425
7.22703029,-84.6084137,113.384247,-308.122559
7.23727829,-84.4120941,113.540237,-308.083954
7.24752529,-84.4488525,113.688522,-307.790131
7.25777329,-84.1951447,113.865051,-307.820862
7.26802129,-84.4076996,113.943085,-307.795197
7.27826829,-84.2208862,114.06459,-307.701721
7.28851629,-84.2391357,114.04982,-307.766449
7.29876429,-84.5083771,114.225113,-307.660583
7.30901229,-84.3358917,114.531448,-307.821594
7.31926029,-84.4347687,114.355759,-307.882172
7.32950929,-84.4361572,114.460236,-308.012634
7.33975729,-84.4709778,114.562744,-307.943726
7.35000529,-84.4207153,114.67778,-307.960449
7.36025329,-84.2550507,114.445938,-307.740021
7.37050129,-84.1256561,114.545105,-307.539886
7.38074829,-83.9517212,114.470016,-307.461853
7.39099629,-83.8197327,114.523285,-307.657684
7.40124429,-83.5639496,114.443832,-307.570496
7.41149229,-83.6440125,114.511368,-307.3414
7.42173929,-83.4068909,114.78421,-307.150452
7.43198629,-83.5230103,114.840942,-307.488464
7.44223329,-83.3264313,114.842377,-307.241547
7.45248029,-83.3790741,115.010132,-307.529877
7.46272729,-83.5692596,114.955032,-307.262756
7.47297329,-83.6740265,114.984436,-307.355255
7.48322029,-83.5598145,115.083694,-307.471375
7.49346729,-83.4440002,114.986008,-307.270569
7.50371329,-83.6572266,114.697708,-307.585327
7.51396029,-83.4039917,114.688171,-307.424469
7.52420629,-83.4637146,114.614304,-307.231476
7.53445229,-83.5166626,114.720505,-307.52774
7.54469829,-83.7076263,114.626709,-307.580139
7.55494529,-83.6499023,114.697968,-307.247192
7.56519129,-83.861969,114.921173,-307.661713
7.57543729,-83.7144012,115.04097,-307.697571
7.58568429,-83.88591,115.032623,-307.653687
7.59593029,-83.7520905,114.864639,-307.559143
7.60617729,-84.008667,115.057419,-307.831604
7.61642429,-83.9306335,114.99234,-307.571655
7.62667029,-84.1612701,115.104752,-307.587311
7.63691729,-84.0260162,115.026138,-308.107666
7.64716329,-84.2885895,115.414307,-307.498932
7.65741029,-84.1533356,115.23175,-307.395447
7.66765729,-84.2034149,115.598297,-307.685303
7.67790529,-84.0364532,115.666519,-307.635529
7.68815229,-84.3409882,115.765411,-307.681702
7.69839929,-84.1560059,115.830872,-307.629547
7.70864629,-84.1248169,115.976517,-307.721741
7.71889329,-84.2915649,116.228561,-307.916199
7.72914029,-84.3421173,116.412918,-307.734009
7.73938829,-84.3827515,116.589417,-308.207184
7.74963629,-84.3590851,116.709259,-308.018188
7.75988229,-84.2875977,116.818527,-307.928223
7.77012929,-84.3155518,116.601639,-307.91095
7.78037629,-84.3928375,116.833786,-307.890015
7.79062229,-84.3625488,117.003937,-308.17395
7.80087029,-84.5701752,116.823608,-308.142029
7.81111729,-84.4365387,116.985962,-308.152649
7.82136429,-84.381012,116.840683,-308.315308
7.83161129,-84.5635529,117.07135,-308.178467
7.84185829,-84.5176392,117.162048,-308.295776
7.85210629,-84.6386566,117.020157,-308.190338
7.86235429,-84.7678528,116.945175,-308.141846
7.87260129,-84.9656219,116.828491,-308.173279
7.88284829,-84.9453125,116.714142,-308.347229
7.89309529,-85.0114288,116.919601,-308.304077
7.90334329,-85.1050873,116.719528,-308.466858
7.91359029,-85.3044281,116.538895,-308.455627
7.92383729,-85.303299,116.538422,-308.512115
7.93408429,-85.3823242,116.457397,-308.412354
7.94433129,-85.2552032,116.350449,-308.498779
7.95457829,-85.235611,116.363663,-308.165527
7.96482529,-85.2348938,116.230942,-308.325439
7.97507229,-84.8399048,116.14827,-308.141815
7.98531929,-84.9655914,116.191605,-308.310547
7.99556729,-84.9398346,116.496521,-308.354218
8.00581429,-85.0705872,116.440567,-308.453125
8.01606029,-84.9585266,116.162125,-308.203552
8.02630829,-84.9745331,116.412613,-308.515137
8.03655629,-84.96315,116.507584,-308.657806
8.04680329,-85.2678375,116.443604,-308.328735
8.05705029,-85.0600586,116.435913,-308.626343
8.06729729,-84.9211121,116.270752,-308.532501
8.07754429,-84.5878906,116.306183,-308.392242
8.08779229,-84.9527893,116.327103,-308.456635
8.09803929,-84.4720764,116.147491,-308.292908
8.10828729,-84.7277222,116.4375,-308.221375
8.11853529,-84.5778961,116.580643,-308.194397
8.12878329,-84.6682739,116.473572,-308.11972
8.13903129,-84.7052002,116.340698,-308.373901
8.14927929,-84.5387268,116.434906,-308.32193
8.15952629,-84.804245,116.500854,-308.504089
8.16977429,-84.5845642,116.124619,-308.36261
8.18002129,-84.6348419,116.00914,-308.574493
8.19026929,-84.9299011,115.800308,-308.70517
8.20051783,-85.143692,115.963028,-308.980835
8.21076483,-85.0409393,115.98941,-309.094269
8.22101183,-85.5457916,115.803604,-308.925964
8.23125983,-85.6796417,115.761566,-309.170471
8.24150683,-86.1638947,115.746552,-309.167847
8.25175383,-86.5541687,115.555832,-309.90448
8.26200083,-86.7120056,115.489349,-309.617462
8.27224783,-87.0598755,115.368851,-309.920593
8.28249483,-87.0565643,115.608887,-309.885559
8.29274183,-87.2806702,115.664368,-310.094421
8.30298883,-87.4909515,115.978165,-309.94696
8.31323683,-87.6652222,116.342697,-310.188477
8.32348383,-87.8965759,116.401611,-310.259674
8.33373083,-88.0414429,116.747253,-309.921021
8.34397783,-88.0618744,116.747711,-310.079498
8.35422583,-88.0347748,116.780243,-309.890442
8.36447283,-88.1770325,116.932297,-309.969299
8.37471983,-88.0277405,117.257187,-310.14856
8.38496683,-87.988266,117.494003,-310.096619
8.39521483,-87.9933929,117.48793,-309.975128
8.40546083,-88.1994171,117.856735,-309.672913
8.41570683,-87.8186798,117.810898,-309.742188
8.42595383,-88.0282135,118.024628,-309.730103
8.43620083,-87.8484955,118.456284,-309.82959
8.44644783,-87.8104401,118.600693,-309.511932
8.45669583,-87.3583069,118.744583,-309.473541
8.46694383,-87.1659698,118.722382,-309.312927
8.47719183,-86.6864014,118.613892,-309.01001
8.48743883,-86.4455261,118.792999,-308.563293
8.49768683,-86.1711273,118.939453,-308.355225
8.50793383,-86.0245667,119.089554,-308.723389
8.51818183,-85.8450623,118.818497,-308.51416
8.52842983,-85.800354,118.653931,-308.300812
8.53867683,-85.5700226,118.630157,-308.646362
8.54892483,-85.7531891,118.460785,-308.317657
8.55917183,-85.6186523,118.328201,-308.484924
8.56941983,-85.7052002,118.128159,-308.612
8.57966783,-85.7848969,118.023544,-308.641479
8.58991583,-85.7129364,118.094894,-308.566284
8.60016383,-85.74646,118.043793,-308.94574
8.61041183,-85.8591461,117.895676,-309.07663
8.62065983,-85.8628693,118.016037,-308.839233
8.63090783,-85.9133453,117.790863,-308.643738
8.64115583,-85.7266998,118.109283,-308.741882
8.65140283,-85.7861176,118.123123,-308.887573
8.66165083,-85.8842773,118.077484,-308.758911
8.67189783,-85.8582916,118.228943,-308.631073
8.68214583,-86.0525818,118.110382,-308.873657
8.69239283,-86.0713196,118.280914,-308.971802
8.70264083,-86.3298035,118.173676,-308.943817
8.71288883,-86.4400482,118.096008,-308.810486
8.72313583,-86.3637848,118.249924,-308.866211
8.73338383,-86.5082245,118.098846,-308.852295
8.74363183,-86.7845917,118.263535,-308.869751
8.75387883,-86.8757782,118.281998,-309.114136
8.76412583,-86.9337463,118.537354,-309.295654
8.77437283,-87.14888,118.435455,-309.207092
8.78461983,-87.0306702,118.457672,-309.401611
8.79486783,-86.949173,118.643448,-309.307251
8.80511483,-87.1089325,118.741653,-309.31488
8.81536283,-86.8556366,118.666321,-308.915833
8.82560983,-86.8464355,118.712021,-309.174896
8.83585783,-86.6774902,118.813034,-309.116821
8.84610483,-86.6352234,119.015045,-309.21521
8.85635283,-86.4230652,118.899719,-308.765259
8.86659983,-86.5264282,118.895813,-308.705139
8.87684783,-86.3176575,118.856964,-308.641907
8.88709383,-86.2144623,118.952774,-308.959229
8.89734183,-86.0336761,118.766541,-308.665466
8.90758983,-86.2680054,118.591202,-308.882721
8.91783683,-86.1890564,118.634476,-308.924133
8.92808583,-86.1860199,118.530731,-308.815155
8.93833283,-86.2068024,118.51622,-308.823303
8.94858083,-86.3935242,118.308502,-308.762756
8.95882883,-86.1242828,118.23642,-308.593323
8.96907683,-86.0982819,118.324661,-308.83667
8.97932483,-86.1166992,118.355621,-308.779572
8.98957283,-86.1563873,118.196045,-308.92392
8.99982083,-86.0549469,118.108582,-308.784119
9.01006783,-86.0122223,118.218552,-308.628784
9.02031583,-85.9297943,118.385132,-308.813232
9.03056283,-86.0182953,118.359329,-308.747131
9.04081083,-85.9843903,118.175232,-308.720459
9.05105783,-85.9128876,118.128372,-308.893921
9.06130583,-85.8214569,118.077805,-308.81543
9.07155383,-85.8618011,117.726334,-308.925385
9.08180183,-85.9415588,117.729233,-308.725677
9.09205083,-85.9324799,117.757538,-308.918915
9.10229883,-85.8538513,117.59317,-309.086578
9.11254683,-85.9506378,117.378662,-309.142334
9.12279483,-86.0288849,117.232254,-309.335693
9.13304283,-85.9340057,117.082077,-309.370544
9.14329083,-85.7976227,116.896515,-309.284973
9.15353783,-85.7850647,117.047882,-309.344788
9.16378583,-85.6804657,116.781113,-308.975708
9.17403283,-85.8196259,116.61116,-309.050171
9.18427983,-85.8392487,116.556961,-309.340759
9.19452729,-85.7775879,116.291504,-309.542755
9.20477429,-85.786377,116.046875,-309.730591
9.21502329,-85.7083588,115.817352,-309.376892
9.22527129,-85.674942,115.762253,-309.168091
9.23551929,-85.5110626,115.796814,-309.062561
9.24576729,-85.6886139,115.374237,-309.107239
9.25601429,-85.5508728,115.452438,-308.985718
9.26626129,-85.4992981,115.356262,-309.167969
9.27650829,-85.5406952,115.250534,-309.351227
9.28675629,-85.6220245,115.43898,-309.41333
9.29700329,-85.6584015,115.185318,-309.438782
9.30725029,-85.7793274,115.185791,-309.416962
9.31749829,-85.7783661,114.864136,-309.619019
9.32774529,-85.8119507,114.788956,-309.249786
9.33799229,-85.6010284,114.571106,-309.514435
9.34823929,-85.5602112,114.657455,-309.509186
9.35848629,-85.2115936,114.293793,-309.299377
9.36873329,-85.288147,114.204208,-309.520203
9.37898029,-85.1163788,113.803406,-309.275879
9.38922829,-85.2377777,113.846741,-309.373657
9.39947429,-85.2483978,113.967865,-309.451111
9.40972129,-85.4449005,113.685272,-309.505249
9.41996729,-85.3017883,113.422974,-309.459229
9.43021529,-85.3441162,113.414856,-309.440033
9.44046229,-85.1979065,112.971817,-309.235107
9.45070929,-85.307373,112.931152,-309.620941
9.46095729,-85.133316,112.808167,-309.235413
9.47120429,-84.9754028,112.538101,-309.224518
9.48145129,-85.0254822,112.577225,-309.168518
9.49169929,-85.0872345,112.653198,-309.57016
9.50194629,-85.2074127,112.409256,-309.754578
9.51219329,-85.2503662,112.167679,-309.470093
9.52244029,-85.4937286,112.163101,-309.594727
9.53268729,-85.613327,111.989471,-309.709778
9.54293529,-85.614624,112.053467,-309.851013
9.55318329,-85.4870453,111.810257,-309.774414
9.56343029,-85.2516479,111.812363,-309.568542
9.57367729,-85.3824768,112.146103,-309.663574
9.58392529,-85.6277618,112.066788,-309.775421
9.59417329,-85.3540192,112.256531,-309.669952
9.60442029,-85.2993927,112.342972,-309.644714
9.61466829,-85.3917847,112.44371,-309.820435
9.62491429,-85.5837555,112.531677,-309.762817
9.63516129,-85.3972473,112.843597,-309.897797
9.64540829,-85.5826721,112.73317,-309.802734
9.65565529,-85.644043,112.870621,-309.922668
9.66590229,-85.7188721,112.742691,-310.09967
9.67614929,-85.7182465,112.526733,-309.72757
9.68639729,-85.6147308,112.462723,-309.890686
9.69664529,-85.3965607,112.393082,-309.64502
9.70689229,-85.3759308,112.535904,-309.802429
9.71714029,-85.1166229,112.305283,-309.549011
9.72738729,-85.2700806,112.349243,-309.263062
9.73763429,-84.9353943,112.090469,-309.321289
9.74788129,-84.9644165,112.249283,-309.382568
9.75812929,-84.9524994,112.157166,-309.688293
9.76837729,-84.9692841,112.122864,-309.830231
9.77862429,-84.681015,111.83638,-309.688904
9.78887129,-84.7827911,112.128311,-309.654358
9.79911829,-84.6237946,111.858582,-309.494446
9.80936429,-85.0430908,111.901199,-309.692383
9.81961129,-85.0282135,111.963074,-309.727081
9.82985729,-85.1360626,111.837082,-309.761536
9.84010529,-85.2596283,111.929443,-310.019806
9.85035229,-85.3201447,111.832825,-309.718933
9.86059929,-85.2742615,112.044525,-309.713806
9.87084729,-85.3704071,112.136276,-309.96759
9.88109429,-85.565155,112.224716,-309.846558
9.89134129,-85.768631,112.168457,-310.146606
9.90158829,-85.627182,112.230362,-309.89032
9.91183629,-85.762207,112.394241,-310.059662
9.92208329,-85.67453,112.065063,-310.009277
9.93233029,-85.7533722,112.132034,-310.154205
9.94257729,-85.2328339,111.934296,-309.98349
9.95282529,-85.3378754,112.075104,-309.805298
9.96307329,-85.2126312,112.167084,-309.684875
9.97332129,-85.1160431,111.869537,-309.936615
9.98356929,-84.9641571,111.928467,-309.680145
9.99381629,-84.7555847,112.025543,-309.56308
10.0040643,-84.8985596,111.944336,-309.505219
10.0143113,-84.6031647,111.931671,-309.369965
10.0245583,-84.6124878,111.951263,-309.439178
10.0348063,-84.8877411,112.085312,-309.481476
10.0450533,-84.8959656,112.266037,-309.460938
10.0553013,-85.1350708,112.038498,-309.411926
10.0655483,-84.9466705,111.87883,-309.533752
10.0757963,-85.1705627,111.764984,-309.687256
10.0860433,-85.4650116,111.747314,-309.983704
10.0962903,-85.3102722,111.2883,-310.075745
10.1065373,-85.560379,111.233902,-310.097534
10.1167843,-85.6978302,111.215759,-309.952759
10.1270313,-86.1981964,111.080017,-310.28894
10.1372793,-86.1895752,111.066574,-310.421997
10.1475263,-86.6418152,111.067444,-310.694641
10.1577733,-86.6533051,111.168015,-310.7276
10.1680203,-87.110672,111.425888,-310.708221
10.1782673,-87.2059174,111.52916,-310.888672
10.1885153,-87.4506836,111.860306,-311.202179
10.1987625,-87.399353,111.971268,-310.827515
10.2090105,-87.4613953,112.009323,-310.799805
10.2192575,-87.0460358,111.787888,-310.6521
10.2295055,-87.2163391,112.05098,-311.055725
10.2397525,-86.6326141,111.882217,-310.860596
10.2500005,-86.7176056,111.894928,-310.851532
10.2602475,-86.2588959,112.110779,-310.488892
10.2704955,-86.4183197,112.40712,-310.570587
10.2807415,-86.395462,112.555588,-310.788818
10.2909895,-86.5462036,112.885773,-310.839905
10.3012365,-86.6197662,112.966766,-310.704834
10.3114835,-86.8163757,112.809204,-310.742188
10.3217305,-86.8259125,112.911545,-310.894623
10.3319785,-86.7667236,112.457138,-311.007355
10.3422255,-86.6815338,112.609818,-310.760712
10.3524725,-86.5441284,112.579178,-310.630249
10.3627195,-86.4615479,112.39212,-310.78656
10.3729675,-85.8333893,112.482285,-310.404602
10.3832145,-85.6069489,112.222763,-310.209839
10.3934625,-85.1063843,112.264114,-309.849609
10.4037095,-84.6701965,112.224091,-309.718445
10.4139575,-84.1473541,112.245819,-309.787659
10.4242045,-83.8691254,112.225769,-309.582672
10.4344505,-83.5107574,112.143341,-309.383484
10.4446985,-83.2835388,112.18512,-309.217346
10.4549455,-83.0732574,112.447983,-309.144867
10.4651925,-82.949234,112.102753,-309.275146
10.4754395,-82.8924408,112.231567,-308.94281
10.4856865,-82.8058167,112.391449,-308.948029
10.4959335,-82.8056641,112.552704,-309.013947
10.5061815,-82.7277527,112.661224,-308.854858
10.5164285,-82.5669556,112.821045,-308.499023
10.5266755,-82.61409,112.913254,-308.681488
10.5369235,-82.5529785,113.35144,-309.005249
10.5471705,-82.5397644,113.3564,-308.893921
10.5574175,-82.4471436,113.69278,-308.809814
10.5676645,-82.4188995,113.991852,-308.652496
10.5779125,-82.1503448,114.331573,-308.811249
10.5881605,-82.2515564,114.578201,-308.663849
10.5984075,-82.101944,114.72644,-308.639069
10.6086555,-82.0292511,114.867432,-308.427979
10.6189025,-81.7376556,114.806717,-308.47525
10.6291495,-81.643631,115.083511,-308.737915
10.6393965,-81.5147858,115.057236,-308.292725
10.6496435,-81.3257294,115.16098,-308.526031
10.6598905,-81.3729553,115.284042,-308.589783
10.6701385,-81.1734009,115.369537,-308.571564
10.6803865,-81.2406158,114.982208,-308.537598
10.6906335,-81.2781982,115.265411,-308.593628
10.7008815,-81.3822784,115.288712,-308.768616
10.7111285,-81.2572937,115.245514,-308.282196
10.7213775,-81.6383514,115.444931,-308.892944
10.7316255,-81.5038147,115.378754,-308.913635
10.7418735,-81.7314911,115.425812,-309.039673
10.7521215,-81.6440125,115.474472,-308.928436
10.7623685,-81.8058167,115.424088,-308.999451
10.7726165,-81.6161804,115.484863,-308.99884
10.7828645,-81.5042419,115.188538,-308.964111
10.7931125,-81.2842255,115.166473,-308.666351
10.8033585,-81.0958557,115.11879,-308.834991
10.8136055,-80.8119202,114.934372,-308.789307
10.8238535,-80.585907,114.945251,-308.702515
10.8341015,-80.5275116,114.594177,-308.598175
10.8443495,-80.4732056,114.474869,-308.477783
10.8545985,-80.3656616,114.585632,-308.640991
10.8648465,-80.5466461,114.276993,-308.756714
10.8750945,-80.7542572,113.95076,-308.68042
10.8853425,-80.6635437,114.022446,-309.224365
10.8955905,-80.6627502,113.72908,-309.206787
10.9058385,-80.7300262,113.463699,-309.240845
10.9160865,-80.7253418,113.112839,-309.030487
10.9263345,-80.84729,112.496857,-309.651367
10.9365825,-80.7028351,112.398117,-309.442352
10.9468305,-80.5117645,112.01004,-309.419281
10.9570785,-80.5805359,111.470947,-309.463806
10.9673265,-80.4462891,111.408417,-309.422455
10.9775755,-80.326004,111.078827,-309.557678
10.9878235,-80.6468506,110.951096,-309.662537
10.9980705,-80.4516907,110.781586,-309.275543
11.0083185,-80.4026031,110.953522,-309.307831
11.0185675,-80.39534,110.623001,-309.253326
11.0288145,-80.58078,110.803818,-309.393677
11.0390625,-80.3239288,110.81636,-309.713135
11.0493115,-80.613266,110.700821,-309.726685
11.0595595,-80.2375488,110.688232,-309.549286
11.0698065,-80.5052338,110.8022,-309.501526
11.0800535,-80.2595978,110.801544,-309.626617
11.0903005,-80.7144012,111.293549,-309.612274
11.1005485,-80.7319336,111.490479,-310.01416
11.1107955,-81.2805939,111.683899,-310.226898
11.1210425,-81.4124298,111.660187,-310.338776
11.1312895,-81.7529144,111.739014,-310.730896
11.1415365,-82.1518402,111.875183,-311.008057
11.1517845,-82.5209961,111.518936,-311.165955
11.1620325,-82.6286774,111.66687,-311.257721
11.1722795,-82.6196442,111.706833,-311.456421
11.1825265,-82.5582733,111.633011,-311.218933
11.1927735,-82.3246002,111.414551,-311.28241
11.2030208,-81.961853,111.439392,-311.143921
11.2132688,-81.7379608,111.676056,-311.02179
11.2235158,-81.7203369,111.637024,-310.91684
11.2337628,-81.6713715,111.601532,-310.965149
11.2440108,-81.377533,111.873291,-310.811096
11.2542578,-81.5116425,111.689514,-310.761993
11.2645048,-81.4109039,111.587997,-311.056335
11.2747518,-81.2868042,111.661285,-310.836243
11.2849988,-81.2121887,111.371552,-310.751404
11.2952458,-81.1732178,111.456345,-310.884155
11.3054928,-81.0000305,111.530502,-310.773285
11.3157398,-81.1905365,111.621033,-310.769379
11.3259878,-80.9805298,111.592072,-310.618225
11.3362348,-81.2174072,111.677826,-310.565125
11.3464828,-81.0806732,111.958099,-310.632629
11.3567298,-81.0132751,112.022583,-310.251099
11.3669768,-80.7572174,112.028961,-310.454956
11.3772238,-80.7616119,112.278381,-310.582764
11.3874708,-80.446106,112.369263,-310.537781
11.3977188,-80.6134186,112.369843,-310.451355
11.4079648,-80.8514557,112.205826,-310.421875
11.4182108,-80.4710999,112.326263,-310.232819
11.4284568,-80.5680389,112.741089,-310.539124
11.4387038,-80.5731049,112.830154,-310.263062
11.4489498,-80.7584076,113.016235,-310.453278
11.4591968,-80.7028198,113.000427,-310.570831
11.4694448,-80.9612427,113.000443,-310.673828
11.4796918,-80.8687744,113.257904,-310.600311
11.4899398,-81.0540771,113.413757,-310.872559
11.5001868,-80.9987946,113.459213,-310.656616
11.5104348,-81.0952759,113.418243,-310.918121
11.5206828,-81.2066956,112.999237,-310.915344
11.5309308,-81.2954254,113.257904,-311.217651
11.5411788,-81.0798492,113.271942,-311.096558
11.5514268,-81.3432465,113.09964,-311.111237
11.5616738,-81.1864624,113.235046,-310.991516
11.5719198,-81.4886169,113.211792,-310.874817
11.5821678,-81.4495544,113.350311,-310.546173
11.5924148,-81.3618011,113.282196,-310.940582
11.6026628,-81.3278809,113.552887,-310.800842
11.6129108,-81.3629608,113.631805,-310.846802
11.6231588,-81.2794342,113.305191,-310.640381
11.6334058,-81.6843567,113.306503,-310.969116
11.6436528,-81.681839,113.14093,-311.115265
11.6539008,-81.9736786,113.005936,-311.081726
11.6641488,-82.1491394,113.050919,-310.982788
11.6743968,-82.3954315,112.972534,-311.146362
11.6846438,-82.5963898,112.783676,-311.31485
11.6948918,-82.7493439,113.033539,-311.045258
11.7051378,-82.9522095,112.956436,-311.627563
11.7153858,-83.383316,113.285446,-311.332886
11.7256328,-83.6438904,113.568832,-311.314087
11.7358798,-83.9111023,113.734451,-311.358856
11.7461268,-84.1100769,113.935944,-311.366302
11.7563738,-83.9930573,114.100754,-311.400177
11.7666208,-83.9961853,114.185303,-311.344299
11.7768688,-83.8495026,114.455841,-310.996216
11.7871168,-83.6596222,114.447815,-310.900635
11.7973638,-83.1148987,114.340485,-310.65033
11.8076108,-83.1832733,114.573761,-310.676208
11.8178578,-82.8141785,114.419128,-310.165497
11.8281048,-82.4772491,114.331314,-310.223145
11.8383518,-82.4696808,114.174301,-309.785217
11.8485998,-82.4593658,114.332642,-309.918457
11.8588468,-82.2757416,114.103516,-309.936401
11.8690948,-82.5337982,113.955521,-310.280762
11.8793428,-82.5092773,113.619812,-310.297028
11.8895908,-82.8514862,113.884979,-310.098572
11.8998368,-82.7582245,113.773087,-310.420837
11.9100848,-83.2587891,113.877243,-310.231323
11.9203318,-83.2113037,113.796951,-310.19458
11.9305798,-83.6371765,114.172089,-309.922119
11.9408268,-83.6529694,114.399918,-310.227905
11.9510738,-83.8472137,114.646835,-310.076172
11.9613218,-83.7041779,114.976074,-310.05365
11.9715688,-83.9288025,115.04187,-310.006653
11.9818158,-83.7303009,115.039886,-310.303955
11.9920638,-83.267395,114.961548,-309.471924
12.0023118,-83.2256165,114.806381,-309.389221
12.0125598,-82.7771301,114.82341,-309.236389
12.0228068,-82.6152344,114.685059,-309.109985
12.0330548,-82.4631653,114.688232,-308.961792
12.0433028,-82.31604,114.865219,-308.923462
12.0535498,-82.3510132,114.720093,-308.782227
12.0637978,-82.3643799,114.540146,-308.643005
12.0740458,-82.174942,114.517746,-308.470886
12.0842928,-82.3123779,114.414139,-308.585693
12.0945408,-82.4464722,114.150452,-308.361938
12.1047888,-82.7475281,113.977173,-308.753174
12.1150358,-82.6473999,113.91391,-308.486725
12.1252828,-82.914093,113.890778,-308.651245
12.1355308,-82.8990631,113.840576,-308.642517
12.1457778,-83.0286255,113.83284,-308.72229
12.1560258,-83.2183228,113.76149,-308.817963
12.1662728,-83.4439545,113.67981,-308.757996
12.1765218,-83.6504211,113.526138,-309.045013
12.1867698,-83.7093811,113.370239,-309.077148
12.1970166,-83.6545715,113.278793,-309.006042
12.2072656,-83.7194824,113.033279,-309.136292
12.2175136,-83.7502441,112.598007,-309.33313
12.2277616,-83.8081512,112.410233,-309.072876
12.2380096,-83.5279694,112.341965,-308.643768
12.2482576,-83.7387695,112.049515,-309.098999
12.2585056,-83.4806519,111.775635,-309.103943
12.2687536,-83.5162659,111.556564,-308.851044
12.2790006,-83.2791748,111.441803,-308.667908
12.2892486,-83.4990692,111.285934,-308.825317
12.2994956,-83.0892944,111.209259,-308.90274
12.3097426,-83.4349213,110.892609,-308.665955
12.3199896,-83.1285248,110.722702,-308.498047
12.3302376,-83.1664429,110.50116,-308.516815
12.3404846,-82.9708252,110.218979,-308.272705
12.3507316,-83.0757446,110.029617,-308.186584
12.3609796,-82.9624786,109.804581,-308.437683
12.3712266,-82.8257294,109.460785,-308.230652
12.3814746,-82.3589325,109.458313,-308.130676
12.3917216,-82.4444122,109.156326,-308.282166
12.4019686,-82.2334595,108.816635,-308.128021
12.4122166,-82.2014313,108.548416,-307.853149
12.4224636,-81.9370117,108.480133,-307.74054
12.4327116,-81.8253479,108.128647,-307.478882
12.4429596,-81.7615204,107.894196,-307.542206
12.4532076,-81.886261,107.773422,-307.668823
12.4634556,-81.7489471,107.873993,-307.992889
12.4737036,-82.0176544,107.849442,-307.738251
12.4839506,-82.1035309,107.697189,-307.76532
12.4941986,-82.1010742,107.658676,-307.777893
12.5044466,-82.095871,107.735947,-307.823975
12.5146936,-82.10849,107.452087,-307.429382
12.5249416,-81.9762726,107.414551,-307.587097
12.5351886,-81.9322052,107.313385,-307.674683
12.5454356,-81.9165192,106.982208,-307.540527
12.5556826,-81.7593079,106.874252,-307.617371
12.5659296,-81.4177856,106.640305,-307.307556
12.5761766,-81.5421448,106.605148,-307.224854
12.5864236,-81.5266876,106.553131,-307.277496
12.5966706,-81.5971527,106.635452,-307.195618
12.6069186,-81.8431396,106.254471,-307.261536
12.6171666,-81.9580688,106.259903,-307.737793
12.6274146,-82.116394,106.433517,-307.667969
12.6376626,-82.405838,106.413681,-307.698608
12.6479106,-82.4149475,106.36615,-307.82132
12.6581576,-82.4232941,106.428848,-307.761047
12.6684056,-82.6107178,106.190308,-307.916382
12.6786536,-82.2483521,106.117432,-307.689606
12.6889006,-82.250473,106.075516,-307.719666
12.6991476,-82.3535767,105.733536,-307.787109
12.7093956,-82.3738708,105.820938,-307.904175
12.7196436,-81.9857635,105.905106,-307.739807
12.7298916,-82.2457886,105.701477,-307.727783
12.7401396,-82.2038879,105.476959,-307.378418
12.7503866,-82.4062958,105.591385,-307.758423
12.7606356,-82.4821472,105.321991,-307.734558
12.7708826,-82.6687622,105.561386,-308.005188
12.7811296,-82.6950836,105.372375,-307.985779
12.7913776,-82.9619598,105.449203,-308.497925
12.8016246,-82.8438263,105.333725,-308.222595
12.8118716,-82.8633575,105.185303,-308.553101
12.8221196,-82.7403564,105.199203,-308.259521
12.8323666,-82.7937164,105.382523,-308.32959
12.8426146,-82.953537,105.387924,-308.652039
12.8528616,-82.9932251,105.64978,-308.477661
12.8631096,-82.868576,105.567642,-308.770508
12.8733576,-83.1026154,105.715515,-308.868469
12.8836046,-83.0339813,105.48912,-308.686951
12.8938526,-83.0196381,105.801834,-308.532104
12.9040996,-83.0767212,105.866943,-308.750854
12.9143476,-83.2195892,105.77861,-308.902191
12.9245936,-83.1354218,105.961838,-308.790405
12.9348406,-82.9690704,106.033691,-308.845886
12.9450876,-82.8717499,106.019135,-308.762634
12.9553346,-82.6955414,106.234604,-308.358704
12.9655826,-82.7835541,106.382675,-308.731201
12.9758296,-82.766861,106.430847,-308.632935
12.9860766,-82.562439,106.301163,-308.694183
12.9963236,-82.424408,106.438583,-308.451599
13.0065706,-82.2854462,106.456024,-308.766876
13.0168186,-82.27742,106.740753,-308.516754
13.0270656,-82.2146454,106.795685,-308.576477
13.0373136,-82.1225128,106.732422,-308.655273
13.0475616,-82.0992279,106.879257,-308.876099
13.0578096,-81.9957123,107.105316,-308.87207
13.0680576,-82.165329,106.98848,-308.907654
13.0783046,-82.0217285,107.108063,-308.658691
13.0885526,-82.2041626,107.22081,-308.789093
13.0987996,-82.2144775,107.441025,-309.331055
13.1090476,-82.7085724,107.65596,-309.303741
13.1192956,-82.5900116,107.59288,-309.422791
13.1295426,-82.6830597,107.569366,-309.269043
13.1397886,-82.8108978,107.651245,-309.375977
13.1500356,-83.0181732,107.975113,-309.734772
13.1602826,-83.1612396,107.986328,-309.549377
13.1705296,-83.3753052,108.188324,-309.770569
13.1807766,-83.3269653,108.127869,-309.908936
13.1910236,-83.4051514,108.269318,-310.104736
13.201271,-83.5153503,108.296432,-310.27417
13.211517,-83.6686707,108.514023,-310.450012
13.221764,-83.6215668,108.725174,-310.15921
13.232011,-83.8941956,109.381683,-310.373535
13.242258,-84.0775604,109.71431,-310.441071
13.252505,-84.1464386,109.896591,-310.87384
13.262752,-83.9056549,110.122665,-310.256104
13.272999,-83.4105988,110.21138,-310.189606
13.283246,-83.2144928,110.380692,-310.350891
13.293494,-82.8071899,110.456528,-310.291504
13.30374,-82.5282288,110.41774,-310.000732
13.313987,-82.0996552,110.259888,-309.949127
13.324234,-81.8959198,110.352203,-309.827515
13.334481,-81.5055389,110.05809,-309.666962
13.344728,-81.4729309,110.099884,-309.639862
13.354974,-81.3606415,110.082947,-309.813538
13.365222,-81.4768066,110.140533,-309.590546
13.375469,-81.5359344,110.244675,-309.718689
13.385715,-81.5837708,110.23407,-309.989288
13.395962,-81.654007,110.427109,-309.890015
13.40621,-81.6694183,110.537064,-310.166565
13.416457,-81.5845795,110.729279,-310.132904
13.426705,-81.734314,110.648392,-310.223999
13.436952,-81.9687195,110.792755,-310.149597
13.447199,-81.6550446,110.787506,-310.176697
13.457446,-81.5823364,110.87941,-309.970215
13.467693,-81.3403168,111.025055,-310.036865
13.477941,-81.1352692,111.077591,-309.931854
13.488188,-81.3143463,111.37056,-309.845032
13.498435,-80.9899139,111.569336,-309.898376
13.508683,-81.1230927,111.484894,-309.961334
13.51893,-80.9748383,111.650116,-309.67157
13.529177,-80.8761139,111.474243,-309.883911
13.539424,-80.7695465,111.5867,-310.021332
13.549672,-81.1863251,112.014481,-310.325256
13.559918,-81.4283142,111.979675,-310.170532
13.570165,-81.4981232,112.18428,-310.624451
13.580412,-81.7649536,112.284668,-310.545685
13.59066,-81.8814545,112.565781,-310.367126
13.600907,-81.8840332,112.721893,-310.579987
13.611154,-81.9059753,112.740112,-310.678711
13.621402,-81.9168091,112.966934,-310.731506
13.63165,-82.2054749,113.083939,-310.900238
13.641897,-81.8422852,113.263657,-310.879578
13.652145,-82.1459503,113.081116,-310.78125
13.662391,-82.0708923,113.085648,-310.937073
13.672638,-81.8557281,113.124802,-310.891357
13.682885,-81.4067383,113.186569,-310.931519
13.693132,-81.3789368,112.937744,-310.808441
13.703379,-81.8357391,113.032364,-311.115875
13.713626,-81.5675354,112.848343,-310.782288
13.723874,-81.5831909,112.992477,-310.922424
13.734121,-81.9190216,112.915802,-311.215485
13.744369,-81.7325592,112.863876,-310.907959
13.754615,-81.7727661,112.837326,-311.264709
13.764862,-81.737381,112.642227,-311.379333
13.77511,-81.6746826,112.804306,-310.934021
13.785357,-81.6447449,112.486267,-311.074554
13.795605,-81.7167816,112.594162,-310.977966
13.805853,-81.6449738,112.490585,-311.138733
13.8161,-81.5782471,112.391006,-311.461578
13.826347,-81.8894958,112.454102,-311.573639
13.836595,-81.5046844,112.200775,-311.348297
13.846843,-81.4441528,112.150131,-311.028748
13.857092,-81.7139435,112.122345,-311.640808
13.867339,-81.830658,111.883972,-311.67984
13.877586,-81.7133789,111.952896,-311.503174
13.887834,-81.523407,111.632126,-311.604065
13.898081,-81.5814819,111.40004,-311.298401
13.908329,-81.4247742,111.173859,-311.699677
13.918576,-81.4086456,111.127899,-311.507812
13.928825,-81.5198212,111.140808,-311.585236
13.939072,-81.3865051,111.061584,-311.606049
13.94932,-81.7215118,110.907745,-311.854828
13.959567,-81.7014008,110.986618,-311.838928
13.969815,-81.8667755,110.897934,-311.843018
13.980063,-81.8778076,110.868073,-311.910614
13.99031,-81.9613953,110.530746,-311.622437
14.000557,-81.8585205,110.364456,-311.688904
14.010805,-81.8512268,110.356293,-311.946503
14.021053,-81.515976,110.092438,-311.717285
14.0313,-81.6372833,110.162872,-311.906708
14.041547,-81.6413422,110.101547,-311.882294
14.051795,-81.7545166,110.111603,-311.885681
14.062042,-81.6191254,110.163315,-311.793579
14.07229,-81.90979,110.094666,-311.82489
14.082537,-81.9120483,110.098953,-311.941132
14.092784,-81.8889465,110.131668,-312.196625
14.103032,-82.0539551,109.911118,-312.261475
14.113278,-81.8862152,109.763336,-311.99884
14.123526,-82.3952942,109.786301,-312.107849
14.133773,-82.3315735,109.777817,-312.119873
14.144021,-82.4068451,109.503006,-312.131348
14.154268,-82.5140228,109.511581,-312.327179
14.164516,-82.4414215,109.400772,-312.59668
14.174764,-82.4903717,109.355682,-312.407501
14.185011,-82.3156586,109.46727,-312.276367
14.195259,-82.2076569,109.326065,-312.255676
14.2055053,-82.1772461,109.42511,-312.225281
14.2157533,-82.2199402,109.482788,-312.314331
14.2260003,-82.2127228,109.545975,-312.57785
14.2362483,-81.9775391,109.4375,-312.231201
14.2464953,-82.0312805,109.623352,-312.05426
14.2567423,-82.0161285,109.707336,-312.272949
14.2669893,-82.1700287,109.667084,-312.411469
14.2772363,-82.4048157,110.010468,-312.46167
14.2874833,-82.4346008,109.918823,-312.456848
14.2977303,-82.5492859,109.841812,-312.61969
14.3079793,-82.6798706,109.868927,-312.424591
14.3182273,-82.6194153,109.806061,-312.873169
14.3284753,-82.6493378,109.915787,-312.557251
14.3387223,-82.7013245,109.567215,-312.417542
14.3489693,-82.482666,109.838516,-312.626648
14.3592163,-82.223114,109.964783,-312.396179
14.3694633,-82.2606659,109.992752,-312.687744
14.3797093,-82.0642395,110.087112,-312.206024
14.3899563,-82.0224609,110.157791,-312.506683
14.4002033,-81.8544464,110.095306,-312.377625
14.4104503,-81.7662048,110.668488,-312.372864
14.4206973,-81.5088654,110.723267,-312.324463
14.4309443,-81.8525085,110.603806,-312.520538
14.4411923,-81.6151733,110.844391,-312.048401
14.4514393,-81.6317902,110.939728,-312.19162
14.4616873,-81.7460938,110.900452,-311.913452
14.4719343,-81.720108,110.781769,-312.317596
14.4821823,-81.6672974,110.957993,-312.199463
14.4924293,-81.9312897,110.742523,-312.325165
14.5026763,-81.8899536,110.726105,-312.081329
14.5129243,-82.1320953,110.808243,-312.372986
14.5231723,-82.1360779,110.816116,-312.456573
14.5334203,-82.641449,110.880249,-312.675812
14.5436683,-82.686264,111.027222,-312.878174
14.5539163,-82.7359161,111.173233,-312.887421
14.5641633,-83.0112152,111.175903,-312.746155
14.5744103,-83.1059875,111.010193,-313.044556
14.5846573,-83.2865753,111.061371,-313.129639
14.5949043,-83.2466278,110.831314,-313.200226
14.6051523,-83.1203918,110.771912,-312.876404
14.6153993,-83.378006,110.822159,-313.042053
14.6256463,-83.3907623,110.830765,-313.059143
14.6358933,-83.4385681,110.957092,-313.296631
14.6461393,-83.6710205,111.255753,-313.44989
14.6563863,-83.7431488,111.354233,-313.236633
14.6666333,-83.9545746,111.451126,-313.147644
14.6768793,-83.9154968,111.857193,-313.149475
14.6871253,-84.4048004,112.08815,-313.748199
14.6973723,-84.243576,112.478958,-313.47699
14.7076193,-84.354126,112.178528,-313.354797
14.7178653,-84.2409973,112.443832,-313.500214
14.7281123,-84.0840759,112.520081,-313.295929
14.7383583,-83.9038849,112.506805,-313.024933
14.7486053,-83.6728058,112.597351,-313.238739
14.7588523,-83.4327087,112.569183,-312.714325
14.7690983,-83.1109314,112.564301,-312.854309
14.7793443,-82.8558044,112.457077,-312.562927
14.7895913,-82.8846588,112.528229,-312.608093
14.7998383,-82.6763611,112.350067,-312.514801
14.8100853,-82.8772736,112.063858,-312.88916
14.8203323,-82.9259186,112.228561,-312.708588
14.8305783,-82.9786835,112.196228,-312.902466
14.8408253,-83.0879059,112.339828,-313.208984
14.8510713,-83.2913208,112.330063,-313.132202
14.8613173,-83.1142578,112.222519,-313.027435
14.8715623,-83.1672058,112.420242,-313.250549
14.8818093,-82.9578247,112.490982,-313.152588
14.8920553,-83.0037537,112.561325,-312.904388
14.9023013,-82.722168,112.839706,-312.993042
14.9125483,-82.7126007,112.726547,-312.906677
14.9227963,-82.4253387,113.150818,-312.796661
14.9330443,-82.6503296,113.039734,-312.99118
14.9432913,-82.5279236,113.484802,-312.831879
14.9535393,-82.4009857,113.527756,-312.730865
14.9637873,-82.5529785,113.411789,-312.425934
14.9740343,-82.5469513,113.788849,-312.488434
14.9842823,-82.6439667,113.941391,-312.663605
14.9945303,-82.6314392,114.096024,-312.719055
15.0047783,-82.4774323,114.520416,-312.603546
15.0150253,-82.3765717,114.580215,-312.288452
15.0252733,-82.3381042,114.587814,-312.560181
15.0355203,-82.2030182,114.782135,-312.712646
15.0457673,-82.5296631,114.978683,-312.434418
15.0560133,-82.7874146,115.063858,-312.644165
15.0662593,-82.6503754,115.076981,-312.675537
15.0765073,-82.414917,115.364349,-312.870178
15.0867553,-82.5601654,115.376801,-312.645081
15.0970023,-82.574707,115.541885,-312.649353
15.1072503,-82.5389099,115.638901,-312.497345
15.1174973,-82.5332031,115.548691,-312.302002
15.1277453,-82.5623627,115.294678,-312.452881
15.1379923,-82.5480652,115.251099,-312.145325
15.1482403,-82.4896088,115.184982,-312.624786
15.1584873,-82.5336609,115.176865,-312.338684
15.1687343,-82.4605408,114.889938,-312.823364
15.1789813,-82.3223419,114.964554,-312.592499
15.1892283,-82.4037933,114.671066,-312.580811
15.1994755,-82.2460022,114.43895,-312.635864
15.2097225,-82.1317749,114.600433,-312.622559
15.2199695,-82.1803894,114.459427,-312.382446
15.2302165,-81.9204559,114.256546,-312.544617
15.2404635,-82.0201416,114.080444,-312.292908
15.2507105,-81.9610596,113.863815,-312.618469
15.2609575,-81.7593536,113.720703,-312.479492
15.2712045,-81.6097107,113.487457,-312.513092
15.2814515,-81.5385437,113.583618,-312.403748
15.2916985,-81.510788,113.415466,-312.770203
15.3019455,-81.4011688,113.329758,-312.535522
15.3121925,-81.4066772,113.314728,-312.692261
15.3224405,-81.0670013,113.633133,-312.412811
15.3326885,-81.0926514,113.47374,-312.520996
15.3429355,-80.8763123,113.879364,-312.481018
15.3531825,-80.9048004,113.473465,-312.414734
15.3634295,-80.736496,113.611588,-312.222992
15.3736765,-80.8679504,113.716537,-312.51474
15.3839235,-80.9080048,113.687012,-312.557281
15.3941705,-80.8464661,113.831848,-312.577118
15.4044185,-81.0915375,113.497162,-312.719696
15.4146655,-81.0433502,113.448776,-312.479309
15.4249115,-80.8670807,113.240845,-312.690308
15.4351595,-80.7751617,113.057831,-312.533417
15.4454065,-80.4982452,112.863434,-312.471344
15.4556535,-80.4979248,112.858719,-312.554657
15.4658995,-80.4869995,112.483063,-312.79425
15.4761465,-80.2635803,112.457306,-312.645081
15.4863935,-80.226181,112.191559,-312.341125
15.4966405,-80.6368103,112.071594,-312.909241
15.5068875,-80.8678131,111.992599,-312.823669
15.5171345,-80.7349396,111.676407,-312.878418
15.5273815,-80.9382019,111.479706,-312.842438
15.5376285,-80.9647522,111.059677,-312.877563
15.5478745,-80.9977722,110.949081,-313.230591
15.5581205,-81.33638,111.063507,-313.481506
15.5683675,-81.154541,111.053131,-313.511017
15.5786145,-81.3168793,110.835373,-313.870544
15.5888605,-81.3145905,110.934204,-313.762268
15.5991075,-81.0969849,110.876007,-313.457794
15.6093545,-81.020752,110.968613,-313.768188
15.6196015,-81.0207062,110.936234,-313.196045
15.6298475,-81.1552582,110.710815,-313.850769
15.6400935,-80.9894104,110.738342,-313.640015
15.6503405,-81.1153259,110.764801,-313.874084
15.6605865,-81.0860443,110.877197,-313.79364
15.6708335,-81.2230377,110.744492,-314.226868
15.6810805,-81.2372131,110.808975,-313.88269
15.6913285,-81.4432983,111.169693,-314.07724
15.7015745,-81.2434998,111.057205,-314.113739
15.7118205,-81.281601,110.825119,-314.329895
15.7220675,-81.2666321,110.933716,-314.184998
15.7323135,-81.4048462,110.841705,-314.150055
15.7425605,-81.3749542,110.933929,-314.444092
15.7528065,-81.335907,110.98027,-314.795837
15.7630535,-81.2987061,110.807571,-314.466492
15.7733005,-81.4314117,110.898117,-314.815033
15.7835475,-81.407074,111.181076,-314.706116
15.7937945,-81.4235687,111.300735,-314.843262
15.8040415,-81.3096619,111.304825,-314.865326
15.8142885,-81.1611633,111.569458,-314.953339
15.8245345,-81.2918396,111.672409,-315.101807
15.8347815,-81.1917725,111.651459,-314.790894
15.8450275,-81.080307,111.876419,-314.815399
15.8552735,-81.0108643,111.834961,-314.731354
15.8655195,-81.0502625,111.58313,-315.085938
15.8757655,-81.0528564,111.613953,-315.324982
15.8860115,-81.0173035,111.697678,-315.338013
15.8962585,-80.9132538,111.578308,-315.245483
15.9065045,-80.9647827,111.523636,-315.291412
15.9167515,-81.3524933,111.41748,-315.376984
15.9269975,-81.269516,111.526657,-315.743744
15.9372455,-81.5827637,111.382355,-315.726807
15.9474915,-81.8089142,111.369736,-315.917725
15.9577375,-81.8633728,111.231827,-315.996887
15.9679855,-82.1099701,111.169846,-316.152954
15.9782325,-82.1356812,111.388077,-316.2612
15.9884805,-81.9446869,111.097183,-316.441711
15.9987265,-81.990921,111.157898,-316.854309
16.0089735,-81.8121948,110.896072,-316.661102
16.0192205,-81.7324677,111.049973,-316.858307
16.0294675,-81.6399231,110.844681,-317.072021
16.0397135,-81.7319031,111.169434,-316.794189
16.0499605,-81.6422272,111.29805,-316.87915
16.0602075,-81.8237762,111.853378,-317.179626
16.0704545,-81.9874115,112.439987,-317.289185
16.0807015,-82.2514191,112.951233,-317.379883
16.0909495,-82.3978424,113.121323,-317.749634
16.1011955,-82.336792,113.586746,-317.233215
16.1114425,-82.1248322,113.397507,-317.406281
16.1216885,-81.8209839,113.64476,-317.166901
16.1319365,-81.6979675,113.454926,-317.320862
16.1421835,-81.2360382,113.79393,-316.718811
16.1524295,-80.9953918,113.743576,-317.096252
16.1626765,-80.5000458,113.955826,-316.420837
16.1729225,-80.1939087,113.889481,-316.543945
16.1831695,-79.7881012,114.145309,-316.164215
16.1934155,-79.7947998,114.374588,-316.039886
16.2036618,-79.520813,114.382797,-316.314514
16.2139088,-79.7695465,114.371552,-316.516754
16.2241548,-80.043045,114.295349,-316.227234
16.2344018,-80.003952,114.278229,-316.411224
16.2446488,-80.2053375,114.446808,-316.591461
16.2548958,-80.0860748,114.519836,-316.60614
16.2651428,-79.8956451,114.766205,-316.885193
16.2753888,-79.9588928,114.900085,-316.726929
16.2856348,-79.5278473,115.128922,-316.513367
16.2958808,-79.4081573,115.139343,-316.199066
16.3061278,-79.3379974,115.555801,-316.128174
16.3163758,-79.0303497,115.742508,-316.087158
16.3266228,-78.903595,115.884186,-316.068268
16.3368688,-78.8542023,116.220703,-316.081055
16.3471158,-78.9279022,116.247177,-315.951569
16.3573628,-78.6201935,116.413086,-315.727753
16.3676098,-78.7976379,116.500778,-315.985596
16.3778568,-78.8807373,116.715347,-315.517456
16.3881028,-78.6912994,116.815979,-315.598145
16.3983498,-78.7995453,116.892532,-315.32785
16.4085968,-78.64505,117.048172,-315.478821
16.4188438,-78.5396576,117.152054,-315.639648
16.4290898,-78.7391357,117.318985,-315.731323
16.4393368,-78.6209412,117.56134,-315.74118
16.4495828,-78.8325348,117.517944,-315.416504
16.4598298,-78.7566986,117.713242,-315.435425
16.4700768,-79.0589447,118.007675,-315.904968
16.4803248,-79.0357971,117.852127,-315.790436
16.4905708,-79.1998291,117.859573,-316.019653
16.5008178,-79.1367188,117.979172,-315.492218
16.5110638,-79.2124939,117.723862,-315.734253
16.5213118,-79.1685486,117.731064,-315.425171
16.5315588,-79.2211151,117.737381,-316.06781
16.5418058,-79.0263062,117.876083,-315.58551
16.5520528,-79.3848419,117.68338,-315.914856
16.5622988,-79.1751099,117.698486,-315.473328
16.5725458,-79.1110992,117.431412,-315.618713
16.5827918,-79.1060638,117.465485,-315.258545
16.5930388,-79.4150543,117.273834,-315.371765
16.6032848,-79.1355591,117.027679,-315.344849
16.6135308,-79.0420685,116.905273,-315.294617
16.6237778,-79.1521912,116.732544,-315.086731
16.6340248,-79.0305481,116.597046,-315.449036
16.6442718,-79.1207123,116.619324,-315.308441
16.6545188,-79.2566833,116.562286,-315.685577
16.6647658,-79.3425751,116.254547,-315.466248
16.6750128,-79.2839355,116.107056,-315.686249
16.6852598,-79.3740234,115.997543,-315.426758
16.6955058,-79.3795319,115.355194,-315.346436
16.7057528,-79.0931396,115.079849,-315.50708
16.7159988,-79.2974091,114.90773,-315.536377
16.7262458,-79.2685852,114.925507,-315.489044
16.7364928,-79.0625153,114.904831,-315.161926
16.7467398,-79.2458649,114.953827,-315.324707
16.7569858,-79.4815979,115.267075,-314.943298
16.7672328,-79.534317,115.642563,-315.064941
16.7774788,-79.6753998,115.720978,-315.197815
16.7877268,-79.8503113,115.895798,-315.401703
16.7979728,-79.7382507,116.255936,-315.135132
16.8082198,-79.5591736,116.233505,-315.144165
16.8184668,-79.4909363,115.969635,-314.978241
16.8287138,-79.2348633,115.813904,-315.080139
16.8389598,-78.9763947,115.808289,-314.844482
16.8492068,-78.8399811,115.823761,-314.754608
16.8594538,-78.5818329,115.737854,-314.684906
16.8696998,-78.7337341,115.494492,-314.722504
16.8799458,-78.6583862,115.70874,-314.557312
16.8901928,-78.7882233,115.50264,-314.533813
16.9004398,-79.1002808,115.493149,-314.690308
16.9106868,-79.4431305,115.452377,-314.878967
16.9209328,-79.6050873,115.371017,-315.090668
16.9311798,-79.9265289,115.043396,-314.927124
16.9414268,-80.0294952,115.028809,-314.833313
16.9516738,-80.4306641,114.97963,-315.3974
16.9619208,-80.3365479,115.22757,-315.246277
16.9721678,-80.7788391,115.16655,-315.61377
16.9824148,-80.6205292,115.487381,-315.42395
16.9926618,-80.7607117,115.566528,-315.624512
17.0029088,-80.9554291,115.898514,-315.605896
17.0131568,-81.2666473,116.198883,-315.875977
17.0234038,-81.4950714,116.458313,-315.41507
17.0336508,-81.6305542,116.312958,-315.832458
17.0438978,-81.9352264,116.406631,-315.70459
17.0541438,-82.1299744,116.615555,-315.906799
17.0643908,-82.1856995,116.670044,-315.779419
17.0746368,-82.549942,116.716751,-316.065582
17.0848828,-82.1567078,116.852951,-315.943542
17.0951298,-82.276001,116.825195,-316.031677
17.1053768,-82.087738,116.913788,-316.070312
17.1156248,-82.1929474,117.003601,-316.087036
17.1258718,-81.9642334,117.066696,-315.980804
17.1361188,-81.8379211,117.067566,-315.970459
17.1463658,-81.9419403,117.04834,-315.807983
17.1566128,-81.6419983,116.969086,-315.810181
17.1668598,-82.0589447,117.032883,-315.777405
17.1771078,-81.9199982,117.210403,-315.728638
17.1873548,-82.1017151,117.090683,-315.912109
17.1976028,-82.0466461,117.152435,-316.111633
17.2078498,-82.2270508,117.362366,-316.056152
17.2180968,-82.187149,117.240524,-315.735413
17.2283438,-82.3436584,117.514023,-316.088898
17.2385918,-82.3074646,117.452637,-316.011871
17.2488388,-82.1837006,117.502609,-315.922974
17.2590858,-82.1944275,117.578918,-316.121399
17.2693338,-82.2009888,117.535751,-316.120239
17.2795808,-82.2094727,117.63147,-316.133667
17.2898288,-82.4634857,117.749695,-315.874695
17.3000778,-82.6009674,117.750702,-315.928009
17.3103258,-82.3471069,117.854385,-316.004456
17.3205738,-82.6510925,117.977188,-316.159241
17.3308208,-82.704895,117.920761,-316.411133
17.3410688,-82.9051666,117.868622,-316.348328
17.3513158,-83.2488556,117.638596,-316.32663
17.3615628,-83.2019653,117.664062,-316.426666
17.3718098,-83.2903748,117.204788,-316.785767
17.3820578,-83.3338165,117.389679,-316.469421
17.3923058,-83.4009552,117.107635,-316.865082
17.4025538,-83.2291718,117.264313,-316.572571
17.4128018,-83.3661194,117.069656,-316.695496
17.4230498,-83.4391785,117.200348,-316.637482
17.4332978,-83.6006317,116.667145,-317.065552
17.4435458,-83.91008,116.53418,-317.088501
17.4537948,-84.3990173,116.173996,-317.294495
17.4640428,-84.7866516,116.086029,-317.627228
17.4742908,-85.1375122,115.816254,-318.000946
17.4845398,-85.1922607,115.822876,-317.372498
17.4947888,-85.3564606,115.678146,-318.135315
17.5050368,-85.3527069,115.928665,-317.826019
17.5152858,-85.3750153,115.667023,-318.110291
17.5255338,-84.9883118,115.929504,-317.762207
17.5357818,-84.6031647,115.943649,-317.640747
17.5460298,-83.9575195,115.960266,-317.437592
17.5562778,-83.3692474,116.039703,-317.234192
17.5665258,-82.8582001,115.870956,-316.716187
17.5767738,-82.3366394,115.716751,-316.556335
17.5870208,-81.8206329,115.453491,-316.431793
17.5972678,-81.7016449,115.402451,-316.30365
17.6075148,-81.6388702,115.487717,-316.335571
17.6177628,-81.7689056,115.584274,-316.349731
17.6280098,-81.7196655,115.225479,-316.515137
17.6382558,-81.6708679,115.32579,-316.56366
17.6485028,-81.7636261,115.397232,-316.448364
17.6587508,-81.5231781,115.704117,-316.468933
17.6689978,-81.4006195,115.79126,-316.474182
17.6792448,-81.6068573,116.155914,-316.675415
17.6894928,-81.6045532,116.480957,-316.771057
17.6997408,-81.7874603,116.619034,-316.484131
17.7099878,-81.9573212,116.644821,-316.528442
17.7202348,-82.0092468,117.242065,-316.697571
17.7304818,-81.9559631,117.536041,-316.867432
17.7407298,-82.3248749,117.757309,-316.651794
17.7509768,-82.1724243,117.923477,-316.879395
17.7612248,-82.2739105,117.92926,-316.576294
17.7714728,-82.1664124,118.16011,-316.655426
17.7817198,-81.9979553,118.416855,-316.431274
17.7919678,-81.8551788,118.56543,-316.786133
17.8022158,-81.7864838,118.676834,-316.634155
17.8124638,-81.7402496,118.878738,-316.884979
17.8227118,-81.5900879,119.223618,-316.566956
17.8329608,-81.9195251,119.093002,-316.933105
17.8432088,-81.7201233,119.61972,-316.819092
17.8534558,-82.2897644,119.305756,-317.239136
17.8637048,-82.3437958,119.466949,-317.114014
17.8739518,-82.5164032,119.356155,-317.252838
17.8841998,-82.5379791,119.414734,-317.323547
17.8944478,-82.7171936,119.267578,-317.881653
17.9046958,-82.7684937,119.527649,-317.181274
17.9149438,-82.9900665,119.249649,-317.932709
17.9251908,-82.9413605,119.476837,-317.818176
17.9354388,-83.0839691,119.50473,-317.594421
17.9456878,-83.0934601,119.732849,-317.499207
17.9559348,-82.7917175,119.53476,-317.806793
17.9661818,-82.7061768,119.682877,-317.425293
17.9764298,-82.450058,119.610474,-317.345642
17.9866778,-82.4816589,119.793289,-317.571472
17.9969248,-82.4811859,119.576874,-317.671906
18.0071728,-82.3690491,119.125565,-317.88916
18.0174208,-82.3735657,119.08168,-317.87674
18.0276688,-82.5740967,118.737747,-317.932159
18.0379158,-82.2958221,118.299057,-317.890411
18.0481638,-82.2875671,118.31163,-318.249451
18.0584108,-82.5266266,118.112808,-318.131317
18.0686588,-82.4027405,117.755539,-318.29541
18.0789068,-82.289093,117.67601,-318.277588
18.0891548,-82.1381378,117.281876,-318.542847
18.0994028,-81.9622345,117.129501,-318.233063
18.1096508,-81.8256226,117.343414,-318.147583
18.1198988,-81.9281921,117.288269,-318.136963
18.1301458,-82.1690063,117.842484,-318.048187
18.1403938,-82.4792786,118.295074,-318.61261
18.1506418,-82.9152374,118.637222,-318.565063
18.1608898,-83.3617249,118.830383,-318.774231
18.1711378,-83.4955292,119.007446,-319.175659
18.1813848,-83.712204,118.918976,-319.092621
18.1916328,-83.6618652,118.727509,-319.210693
18.2018807,-83.4350739,118.646301,-319.205078
18.2121277,-83.2937775,118.301239,-319.059448
18.2223757,-82.7316895,118.201584,-318.763245
18.2326247,-82.4987793,118.240204,-319.229553
18.2428737,-82.6214142,118.478073,-318.788879
18.2531217,-82.6413422,118.353821,-319.416748
18.2633707,-82.5726929,118.603531,-318.759247
18.2736187,-83.09198,118.280304,-319.580688
18.2838667,-83.2475891,118.384201,-319.2323
18.2941147,-83.3250122,117.938522,-319.891418
18.3043627,-83.5162659,117.589157,-319.566132
18.3146107,-83.9736176,117.099228,-319.963867
18.3248587,-83.7939758,116.957352,-320.048157
18.3351067,-84.1472931,116.262451,-320.052856
18.3453547,-83.7995148,116.494263,-319.577698
18.3556017,-84.0778656,116.362518,-320.032654
18.3658487,-83.9651642,116.20433,-319.867523
18.3760957,-84.3181,116.200912,-320.188293
18.3863437,-84.0688019,116.475937,-320.434753
18.3965917,-84.3989868,116.274185,-320.206665
18.4068397,-84.5240784,116.149719,-320.704651
18.4170877,-84.6329956,116.236053,-320.629578
18.4273357,-84.657486,116.042358,-320.557251
18.4375827,-84.798996,116.366959,-320.701538
18.4478307,-84.865387,116.202255,-320.816467
18.4580787,-85.0747833,116.188126,-320.862732
18.4683267,-85.1843567,115.929535,-320.961731
18.4785747,-85.0392456,116.014893,-320.740845
18.4888217,-84.8747101,115.890411,-320.764832
18.4990697,-85.0389404,116.134262,-320.79422
18.5093177,-85.0682831,116.164749,-320.827332
18.5195667,-85.0489655,116.257965,-320.91449
18.5298147,-84.9935913,116.202576,-320.601685
18.5400637,-85.0035553,116.301086,-320.961121
18.5503117,-84.8488007,116.222839,-320.916046
18.5605597,-84.9073486,116.255768,-320.796631
18.5708077,-84.5995789,115.977921,-320.63562
18.5810557,-84.9306946,116.107513,-320.695038
18.5913037,-84.7837524,115.89769,-320.807861
18.6015527,-84.7787628,116.118027,-320.776794
18.6118007,-84.8693848,115.917068,-321.035645
18.6220487,-85.0640564,116.188904,-320.786926
18.6322967,-85.1078491,116.148544,-320.942902
18.6425447,-85.4242096,116.255875,-321.096375
18.6527927,-85.2774048,116.11853,-321.05481
18.6630407,-85.3146362,116.359451,-320.885559
18.6732887,-85.4708557,115.708908,-321.308289
18.6835357,-85.5139008,116.144821,-321.025574
18.6937837,-85.7560272,115.578415,-321.515472
18.7040307,-85.8007965,116.015564,-321.051331
18.7142777,-86.1277924,115.516418,-321.869232
18.7245247,-86.2305603,115.888672,-321.67215
18.7347717,-86.5417328,115.490112,-321.646332
18.7450197,-86.6333771,115.5298,-321.549805
18.7552677,-86.8586273,114.946106,-322.124634
18.7655147,-86.9736786,115.252762,-321.648651
18.7757627,-87.2215118,114.661896,-322.183044
18.7860097,-87.0889282,114.84523,-321.896057
18.7962577,-86.8741455,114.494675,-322.124512
18.8065057,-86.7590027,114.950531,-321.868408
18.8167527,-86.9542542,115.038345,-322.145203
18.8270007,-87.3146667,115.148148,-321.831909
18.8372477,-87.2755432,115.321854,-321.653381
18.8474957,-87.7325592,115.74147,-321.953308
18.8577427,-87.8184509,116.358109,-322.03952
18.8679917,-87.8998718,116.756958,-322.078918
18.8782397,-88.0751495,117.151474,-322.125732
18.8884867,-88.0945435,117.620117,-321.738373
18.8987347,-88.128952,118.281677,-321.950317
18.9089817,-88.047348,117.805161,-321.62561
18.9192297,-87.9034882,118.519135,-321.68396
18.9294777,-87.2630005,118.44928,-321.193207
18.9397257,-86.6845703,118.673996,-321.154907
18.9499737,-86.0752411,118.47612,-321.072388
18.9602207,-85.6092072,118.605835,-320.660553
18.9704677,-84.9815369,118.702606,-320.181519
18.9807147,-84.5917053,118.486816,-320.181885
18.9909627,-84.4128418,118.451477,-320.170929
19.0012107,-84.4504852,118.288498,-320.299316
19.0114587,-84.511795,118.155609,-320.244507
19.0217067,-84.6801605,117.961975,-320.268219
19.0319547,-84.8521423,117.518738,-320.130402
19.0422027,-85.2581024,117.671082,-320.245728
19.0524497,-85.3657227,117.506363,-320.505554
19.0626967,-85.3208466,117.737946,-320.369751
19.0729447,-85.366684,117.697479,-320.36972
19.0831917,-85.3558502,118.162201,-320.308594
19.0934387,-85.4607849,117.976562,-320.715271
19.1036877,-85.3175049,118.762222,-320.439697
19.1139347,-85.2873993,118.13768,-320.641937
19.1241817,-85.5758514,118.948746,-320.11676
19.1344297,-85.7649231,118.454254,-320.690826
19.1446767,-85.8912506,118.84816,-320.642273
19.1549237,-86.1869354,118.267944,-320.352478
19.1651717,-86.2892914,118.776169,-320.570801
19.1754187,-86.3924408,118.447556,-320.977875
19.1856667,-86.3018494,118.559784,-320.79126
19.1959137,-86.2127075,118.012253,-320.860321
19.2061612,-86.1737671,118.659637,-320.588562
19.2164092,-86.0322876,118.23793,-320.816162
19.2266562,-86.0199432,118.712982,-320.587097
19.2369022,-85.4982147,118.345917,-320.185974
19.2471492,-85.6676178,118.507538,-320.531067
19.2573962,-85.8527374,118.570938,-320.713562
19.2676442,-85.8143311,118.534943,-320.775909
19.2778922,-85.8238678,118.562653,-320.623047
19.2881402,-85.8939972,118.28566,-320.597107
19.2983872,-86.1937561,118.268097,-320.428864
19.3086342,-86.1356201,117.972336,-320.618408
19.3188812,-86.0976257,118.047577,-320.444122
19.3291292,-86.2246094,117.472046,-320.622803
19.3393762,-86.0840912,117.50322,-320.695801
19.3496242,-86.0737457,117.37822,-320.475494
19.3598722,-86.0331421,117.377518,-320.22467
19.3701202,-86.0346527,117.164001,-320.430481
19.3803682,-85.7166901,116.967819,-320.480225
19.3906162,-85.6989899,116.64238,-320.625671
19.4008632,-85.69487,116.281326,-320.613037
19.4111102,-85.6237183,115.942108,-320.56134
19.4213572,-85.3327942,115.587173,-320.763184
19.4316052,-85.1222076,114.97905,-320.656128
19.4418542,-85.2124786,114.451736,-320.882141
19.4521022,-85.193924,113.888596,-320.613525
19.4623492,-85.085434,113.553833,-320.825867
19.4725972,-85.1803131,112.674026,-321.025879
19.4828452,-85.3701477,112.019547,-320.823425
19.4930932,-85.5819244,111.279434,-321.200989
19.5033412,-85.6109009,111.046967,-321.019958
19.5135882,-85.7892151,110.187408,-321.668243
19.5238362,-85.8763275,110.578842,-321.194641
19.5340842,-85.9638519,110.0159,-321.638031
19.5443322,-86.0961456,110.428391,-321.504578
19.5545792,-86.2737122,110.252197,-321.785919
19.5648262,-86.191391,111.001282,-321.812622
19.5750742,-86.349472,110.437103,-321.556854
19.5853222,-86.5457764,111.360748,-321.959045
19.5955692,-86.6968384,110.723312,-322.199951
19.6058162,-86.6917114,111.271194,-322.321655
19.6160632,-86.915863,110.506393,-322.399323
19.6263102,-86.8878784,111.04245,-322.320496
19.6365582,-86.9317932,110.412048,-322.534485
19.6468052,-86.8132019,110.71109,-322.767303
19.6570522,-86.9282684,110.366486,-322.879395
19.6673002,-86.9919891,110.990631,-322.93042
19.6775472,-86.8297119,110.820007,-322.482605
19.6877952,-86.5909576,110.801666,-322.843445
19.6980432,-86.2657013,110.976822,-322.780212
19.7082902,-86.0356445,110.834595,-322.922729
19.7185382,-85.8418884,111.263748,-323.302124
19.7287862,-85.7453918,111.20311,-322.858429
19.7390342,-85.3830414,111.368942,-322.809509
19.7492812,-85.2863464,111.19931,-322.949646
19.7595282,-85.0892029,111.469803,-323.069702
19.7697752,-84.9302521,111.40892,-322.821838
19.7800232,-84.65448,111.636536,-322.719299
19.7902702,-84.6323547,111.517303,-322.791199
19.8005172,-84.5382996,111.471619,-323.049011
19.8107652,-84.4082947,111.582596,-323.103027
19.8210122,-84.4320831,111.373871,-323.098633
19.8312602,-84.2188568,111.041336,-323.208191
19.8415082,-84.1414185,111.105606,-323.330658
19.8517552,-84.2288513,110.626373,-323.101746
19.8620022,-84.115097,110.390686,-323.352142
19.8722502,-84.0065155,110.160522,-323.374359
19.8824982,-83.9029846,110.099823,-323.447662
19.8927472,-83.8552551,109.643356,-323.84906
19.9029952,-83.814682,109.670746,-323.447205
19.9132432,-83.8513489,109.183395,-324.019592
19.9234912,-83.7899017,109.216446,-324.051819
19.9337392,-83.9218445,108.59166,-324.56134
19.9439872,-83.8510895,108.60466,-324.283325
19.9542362,-83.8078461,107.539093,-324.771393
19.9644852,-83.5917206,107.719193,-324.651367
19.9747332,-83.5933533,106.657455,-324.835388
19.9849832,-83.3513031,106.814453,-324.734558
19.9952322,-83.1986389,106.166473,-324.857239
20.0054812,-83.1406403,106.708954,-324.729034
20.0157312,-82.9820099,106.17865,-324.819885
20.0259802,-82.7077026,106.827316,-325.052429
20.0362302,-82.5914764,106.503952,-324.976807
20.0464792,-82.4478149,107.019867,-324.74881
20.0567282,-82.091507,106.426544,-324.785706
20.0669772,-81.8774414,106.985718,-324.638885
20.0772252,-81.1125183,106.806412,-324.384827
20.0874742,-80.6044312,106.943237,-324.408264
20.0977222,-80.2457275,106.8358,-324.336182
20.1079712,-79.7776489,106.82988,-324.032227
20.1182202,-79.5220032,106.802109,-324.102997
20.1284682,-79.6098938,106.623901,-324.299927
20.1387162,-79.4380188,106.492676,-324.226288
20.1489652,-79.3719025,106.291397,-324.179962
20.1592122,-79.1730042,106.304214,-324.385193
20.1694602,-79.2516937,105.987183,-324.213501
20.1797092,-79.113739,106.159851,-324.434448
20.1899592,-79.3332672,105.761673,-324.713898
20.2002082,-79.1630707,106.203171,-324.705933
20.2104573,-79.3589325,105.820572,-324.671875
20.2207063,-79.3463287,106.115067,-324.826996
20.2309543,-79.1982574,106.023575,-324.84375
20.2412033,-79.5762329,106.177689,-324.923279
20.2514513,-79.5154724,106.289093,-324.973267
20.2617003,-79.8549805,106.449051,-325.126526
20.2719483,-79.8531799,106.386902,-325.118103
20.2821963,-80.0670624,106.515823,-325.342438
20.2924453,-79.8562927,106.342575,-325.306641
20.3026943,-79.8496857,106.475296,-324.834229
20.3129423,-79.7525635,106.123398,-324.544617
20.3231903,-79.7893066,106.794159,-324.93634
20.3334383,-79.9332428,106.661209,-325.079834
20.3436873,-80.0296478,106.890213,-324.587708
20.3539363,-80.1985168,106.959518,-324.805176
20.3641853,-79.8692932,107.691666,-324.645325
20.3744333,-80.4306641,107.453522,-324.794922
20.3846823,-80.2485504,108.431793,-324.608551
20.3949303,-80.6807861,107.772476,-324.83902
20.4051793,-80.9468689,108.484619,-324.54126
20.4154273,-81.3431396,108.047211,-324.655457
20.4256763,-81.1612396,108.751785,-324.353302
20.4359243,-81.5212708,108.126892,-324.630646
20.4461723,-81.32724,108.937714,-324.463196
20.4564203,-81.4785767,108.577637,-324.428894
20.4666683,-81.211792,109.393707,-323.764587
20.4769163,-81.2480164,109.176437,-324.187927
20.4871653,-81.1900635,110.057266,-323.863464
20.4974133,-81.5196075,109.916428,-323.977295
20.5076613,-81.7485352,110.428009,-323.714417
20.5179093,-81.8217468,110.368073,-323.795959
20.5281573,-82.099823,110.746292,-323.894928
20.5384053,-82.2199402,110.772003,-323.816162
20.5486533,-82.423172,110.583893,-324.037537
20.5589013,-82.2458801,110.74057,-323.689331
20.5691493,-82.4976349,110.674805,-323.825195
20.5793973,-82.6172791,110.629074,-324.072266
20.5896453,-82.8239441,110.832123,-323.697266
20.5998933,-82.8120728,111.025681,-323.767792
20.6101413,-82.8049164,110.758224,-323.522003
20.6203903,-82.968811,110.951614,-323.41568
20.6306393,-83.0570526,110.696609,-323.341461
20.6408873,-83.0731354,110.840485,-323.133179
20.6511353,-83.2396545,110.730667,-323.33371
20.6613823,-83.1845856,110.610489,-323.167664
20.6716303,-83.3868713,110.450943,-323.281433
20.6818783,-83.5326538,110.30838,-323.145752
20.6921263,-83.6436615,110.215012,-323.265442
20.7023733,-83.7645874,109.956421,-322.862671
20.7126213,-83.693985,109.764511,-322.696228
20.7228693,-83.679657,109.217072,-322.548584
20.7331163,-83.8465271,108.872421,-322.54834
20.7433643,-83.7039032,108.945892,-322.625061
20.7536113,-83.5091705,108.539597,-322.499573
20.7638583,-83.7092285,108.700714,-322.439941
20.7741053,-83.8795471,108.418762,-322.375183
20.7843533,-84.0102692,108.625031,-322.529449
20.7946013,-84.1954956,108.054657,-322.643555
20.8048483,-84.3338318,108.378006,-322.324829
20.8150963,-84.7296143,107.877884,-322.471649
20.8253443,-84.8726196,108.088669,-322.227234
20.8355913,-84.9051666,107.696426,-322.792084
20.8458393,-84.6194153,108.256256,-322.124695
20.8560883,-84.8113861,107.449005,-321.996277
20.8663363,-84.7521362,107.862778,-321.780945
20.8765843,-84.8200684,107.227188,-321.857727
20.8868323,-84.1338959,107.7453,-321.281281
20.8970803,-84.2087555,106.997543,-321.591858
20.9073283,-83.7157593,107.576324,-321.307983
20.9175753,-83.669754,107.223541,-321.399475
20.9278233,-83.486145,107.279266,-320.995239
20.9380713,-83.2508545,106.844101,-321.010986
20.9483193,-83.1372528,106.929153,-320.734589
20.9585673,-83.2777405,106.488708,-320.850769
20.9688143,-83.5049896,106.275421,-320.925507
20.9790613,-83.7488098,106.000244,-320.844757
20.9893083,-83.5376129,105.4319,-320.625183
20.9995543,-83.6020203,105.152985,-320.869751
21.0098013,-83.5780182,104.808014,-320.494751
21.0200493,-83.5199585,104.531891,-320.353943
21.0302963,-83.5090027,104.174637,-320.516296
21.0405433,-83.4234772,104.083206,-320.30838
21.0507903,-83.2909851,103.727585,-320.45047
21.0610383,-83.0988617,103.690262,-319.74527
21.0712843,-83.2693481,103.390457,-320.205994
21.0815313,-83.0231018,103.321991,-320.011108
21.0917783,-83.1584015,103.47731,-320.007263
21.1020253,-83.2255554,103.333969,-320.002319
21.1122723,-83.2439117,103.18544,-320.286072
21.1225193,-83.4891205,103.18457,-320.130219
21.1327663,-83.2850952,102.858047,-320.155884
21.1430133,-83.058136,102.591415,-319.987427
21.1532613,-82.9465485,102.611389,-319.729584
21.1635083,-82.657608,102.618713,-319.611877
21.1737553,-82.3689117,102.340408,-319.820282
21.1840023,-82.0697784,102.461914,-319.518097
21.1942503,-81.8532257,102.119904,-319.690063
21.2044973,-81.6390686,102.573776,-319.490173
21.2147443,-81.5996857,102.067932,-319.297729
21.2249903,-81.4332123,102.065964,-319.097595
21.2352383,-81.5812531,101.542023,-319.282623
21.2454863,-81.1687164,101.741592,-318.998047
21.2557333,-81.473053,100.938705,-319.411011
21.2659813,-81.153595,101.358322,-319.175049
21.2762293,-81.1483154,100.727768,-319.159241
21.2864773,-81.0674133,101.045837,-319.180237
21.2967253,-81.3512726,100.540024,-319.168335
21.3069733,-81.1120148,101.172195,-319.339966
21.3172203,-81.5800934,100.721252,-319.342957
21.3274683,-81.3968353,101.118317,-319.306946
21.3377153,-81.5788116,100.648254,-319.572449
21.3479633,-81.2798615,100.736877,-319.400085
21.3582103,-81.4574585,100.334641,-319.223816
21.3684583,-80.9277802,100.379044,-319.655548
21.3787073,-80.6804352,100.223938,-319.177979
21.3889553,-80.5295563,99.9059906,-318.757629
21.3992033,-80.1652374,99.9458771,-319.065674
21.4094513,-80.1911469,99.7450256,-318.971924
21.4196993,-79.9500122,99.7213745,-319.072571
21.4299473,-80.0802307,99.5526123,-318.792023
21.4401953,-79.9609528,99.7378082,-318.797546
21.4504433,-79.8636169,99.4474335,-318.559082
21.4606923,-79.822998,99.5327148,-318.621735
21.4709403,-79.7167206,99.1794891,-318.507812
21.4811873,-79.185257,99.3063965,-318.609985
21.4914353,-79.0545044,99.1695557,-318.447784
21.5016823,-78.7841949,98.97052,-318.043335
21.5119293,-78.1578827,99.0367737,-317.643738
21.5221773,-78.1008911,99.1345367,-317.12561
21.5324253,-77.649292,99.3839569,-317.353638
21.5426733,-77.140976,99.4801788,-316.865295
21.5529193,-76.9579315,99.4814301,-317.162384
21.5631673,-76.9845886,99.4834442,-316.654785
21.5734153,-76.9094238,99.6358337,-316.64975
21.5836633,-76.7781219,99.7523956,-316.636261
21.5939103,-76.6461487,99.7050781,-316.532776
21.6041573,-76.3883514,99.8583832,-316.498718
21.6144053,-76.3874969,99.9827118,-316.483215
21.6246533,-76.0788574,100.494278,-316.040222
21.6349003,-76.1751404,100.486435,-316.026672
21.6451483,-75.5697174,101.404678,-315.738434
21.6553963,-75.7540436,101.353195,-316.01355
21.6656433,-75.4875946,102.1996,-315.866486
21.6758913,-75.8067474,101.839355,-315.745422
21.6861383,-75.6965179,103.074173,-315.986511
21.6963853,-76.0663757,103.015717,-316.080139
21.7066323,-76.3188934,104.045624,-316.434143
21.7168803,-76.3723297,103.856125,-316.108459
21.7271273,-76.1813049,104.637726,-316.458832
21.7373753,-76.5056458,104.420151,-316.225891
21.7476223,-76.2939758,105.400421,-316.088287
21.7578703,-76.3665771,105.056641,-316.370392
21.7681173,-75.881012,106.230469,-316.537842
21.7783653,-76.0889435,106.13205,-315.938934
21.7886133,-76.038208,106.746567,-315.65155
21.7988603,-76.1905212,107.03981,-315.952484
21.8091083,-76.1013031,107.593903,-315.960876
21.8193553,-76.2570648,107.743195,-315.714508
21.8296033,-76.2172699,108.114075,-315.798828
21.8398503,-76.2233276,108.528412,-315.614624
21.8500973,-76.5141754,108.343597,-315.6297
21.8603453,-76.3574524,109.047028,-315.531555
21.8705923,-76.3182678,109.024078,-315.203918
21.8808403,-76.2506561,109.37944,-315.599182
21.8910883,-76.4168549,109.483032,-315.066284
21.9013353,-76.3357697,109.806305,-315.137909
21.9115833,-76.2665558,109.579086,-314.819183
21.9218313,-76.3190002,109.951981,-315.111115
21.9320793,-76.4239044,109.707703,-314.844238
21.9423273,-76.5561829,109.559906,-314.822021
21.9525743,-76.5638733,109.505432,-314.783264
21.9628213,-76.7461243,109.279144,-314.992981
21.9730683,-76.5304413,109.307159,-314.585632
21.9833163,-76.5993652,109.103821,-314.499847
21.9935633,-76.3524475,109.039459,-314.290222
22.0038103,-76.3741455,109.00293,-314.284973
22.0140573,-76.3922577,108.75882,-314.073181
22.0243043,-76.3883362,109.059631,-313.849701
22.0345513,-76.4519653,108.940353,-314.212799
22.0447993,-76.571701,109.339523,-313.721344
22.0550463,-76.5833893,109.319565,-313.533051
22.0652933,-76.8922882,109.906662,-313.554993
22.0755403,-77.113266,109.215225,-313.882507
22.0857873,-77.0629272,110.114471,-313.478577
22.0960333,-77.3231049,109.401306,-313.508179
22.1062803,-77.3199921,110.18367,-313.973999
22.1165273,-77.7900848,109.319351,-313.817749
22.1267743,-77.4950562,110.013153,-313.716095
22.1370213,-77.5764313,109.499451,-313.402039
22.1472683,-77.4125366,109.977737,-313.458984
22.1575163,-77.5923309,109.421814,-313.010773
22.1677643,-77.3448792,109.920029,-313.095123
22.1780113,-77.588028,109.253891,-313.051025
22.1882583,-77.6769257,109.725754,-312.773804
22.1985053,-77.8969116,109.04158,-312.888245
22.2087523,-77.9058838,109.167618,-313.152405
22.2189993,-78.2381287,108.751175,-313.06366
22.2292463,-78.0951996,108.802704,-312.945618
22.2394933,-78.4631042,108.774384,-312.66333
22.2497403,-78.7060242,108.562653,-312.9151
22.2599883,-78.819931,108.642105,-312.827698
22.2702363,-78.776825,108.349747,-312.902679
22.2804843,-78.9485168,108.670242,-312.883362
22.2907323,-78.9488983,108.70079,-312.949219
22.3009793,-79.009903,108.788864,-312.706818
22.3112273,-79.1628571,108.931702,-312.684937
22.3214743,-78.8962708,109.473694,-312.727051
22.3317213,-78.9508972,109.223709,-312.631042
22.3419693,-78.887085,109.539108,-312.419128
22.3522173,-78.8378143,109.763245,-312.389587
22.3624643,-78.9976349,109.656784,-312.370789
22.3727123,-78.7506561,109.850113,-312.099182
22.3829593,-78.706543,109.836746,-311.994415
22.3932073,-78.6902924,109.755463,-311.939545
22.4034543,-78.6974792,109.673264,-312.014374
22.4137013,-78.5179749,109.879669,-311.881897
22.4239483,-78.5310822,110.035141,-311.627075
22.4341953,-78.4638672,110.125763,-311.513733
22.4444423,-78.5958862,110.249146,-311.365295
22.4546903,-78.4806671,110.400833,-311.521027
22.4649373,-78.457901,110.667175,-311.710724
22.4751853,-78.7111816,110.426468,-311.629761
22.4854323,-78.6509399,110.832169,-311.32428
22.4956793,-78.8985901,110.727509,-311.177673
22.5059273,-78.792923,111.29657,-311.148132
22.5161753,-78.7688599,110.780075,-311.017151
22.5264223,-78.7011566,111.579803,-311.09375
22.5366693,-78.9988861,111.342224,-310.961975
22.5469173,-79.0713196,112.352524,-311.28833
22.5571643,-79.379364,111.864807,-310.902649
22.5674123,-79.3665771,112.581711,-310.983948
22.5776583,-79.7146301,112.15918,-310.884613
22.5879053,-79.5024567,112.928101,-311.331848
22.5981533,-79.7999878,112.2565,-310.864624
22.6084003,-80.0265808,112.969696,-311.414398
22.6186473,-80.2513885,112.50264,-311.262695
22.6288943,-80.0265198,113.098679,-311.122314
22.6391413,-80.2826233,112.881104,-310.951294
22.6493883,-80.6843872,113.295227,-311.036774
22.6596363,-80.8864594,113.106842,-311.153503
22.6698843,-81.1917725,112.91893,-311.317322
22.6801323,-81.246994,112.861481,-311.621399
22.6903793,-81.6294556,112.71109,-311.510284
22.7006263,-81.8608093,112.819824,-311.314697
22.7108743,-82.1319427,112.43309,-311.392609
22.7211213,-82.3628387,112.870377,-311.500244
22.7313683,-82.3516846,112.62645,-311.777588
22.7416153,-82.8984375,112.883514,-311.740173
22.7518623,-83.3675995,112.731003,-311.757935
22.7621103,-83.7654266,113.333237,-311.988647
22.7723573,-83.9801178,113.420334,-311.808167
22.7826053,-84.1698456,113.901352,-312.242798
22.7928523,-84.1165009,113.857513,-311.980713
22.8030993,-84.0598145,114.016281,-311.733612
22.8133473,-84.1421051,114.322983,-311.664795
22.8235933,-84.1469269,114.638199,-311.35968
22.8338393,-83.9949646,114.736832,-311.415527
22.8440863,-83.8554535,114.992386,-311.1521
22.8543333,-83.876297,115.060211,-311.115356
22.8645803,-83.6824799,115.369659,-311.176453
22.8748273,-83.7238312,115.11351,-311.184326
22.8850743,-83.8461151,115.364639,-311.197571
22.8953213,-83.916275,115.126434,-311.003418
22.9055683,-84.2989807,115.430893,-311.025269
22.9158163,-84.5149384,114.986908,-311.004272
22.9260633,-84.32901,115.603271,-311.205933
22.9363113,-84.6516724,115.116669,-311.201721
22.9465583,-84.585022,115.941254,-311.812103
22.9568063,-84.5564423,115.077225,-311.19632
22.9670543,-84.8082428,116.00882,-311.438171
22.9773013,-84.8502655,115.393723,-310.96582
22.9875493,-84.6920624,116.20874,-311.238617
22.9977963,-84.9524078,115.61647,-311.168823
23.0080433,-84.7719421,116.396042,-311.085968
23.0182913,-85.0874329,115.720276,-311.162659
23.0285393,-85.0865631,116.1763,-311.480957
23.0387873,-85.0229645,115.994949,-311.033295
23.0490353,-84.9690704,116.668243,-311.011353
23.0592823,-85.1649323,115.970581,-310.849091
23.0695303,-85.0214539,116.41304,-311.075745
23.0797773,-84.9884644,116.14679,-310.938049
23.0900253,-85.0715942,116.1577,-311.031433
23.1002723,-85.0931091,116.233276,-310.784363
23.1105203,-84.9520111,115.982925,-310.960236
23.1207673,-84.9132385,116.198044,-310.877655
23.1310153,-84.8187714,116.058746,-310.614716
23.1412633,-84.7884521,115.984619,-310.645813
23.1515103,-84.6603241,115.64856,-310.628754
23.1617583,-84.8299866,115.70874,-310.185425
23.1720053,-84.602417,115.273941,-309.928986
23.1822533,-84.4405365,115.511505,-310.361145
23.1925003,-84.3690948,115.268188,-310.195557
23.2027483,-84.4668579,115.144852,-310.1203
23.2129952,-84.5987091,114.771011,-310.126587
23.2232432,-84.4093018,114.9702,-310.35614
23.2334912,-84.4640656,114.699783,-310.027985
23.2437392,-84.5230103,114.342148,-310.107391
23.2539872,-84.534317,114.215378,-309.830444
23.2642352,-84.419342,114.172852,-309.754028
23.2744822,-84.3558502,114.068573,-309.812866
23.2847292,-84.0761261,113.907532,-309.864502
23.2949772,-84.1449127,113.666061,-309.804565
23.3052252,-83.9702454,113.54808,-309.696655
23.3154722,-84.1681213,113.096481,-309.905853
23.3257192,-84.1972504,112.964447,-309.906677
23.3359662,-84.1607513,112.382095,-309.871246
23.3462142,-84.0433655,112.783981,-309.961182
23.3564602,-83.9920959,111.71431,-309.746643
23.3667072,-84.0491638,112.221039,-309.743347
23.3769552,-84.2536469,111.236023,-309.530853
23.3872022,-83.9242401,111.442902,-309.579407
23.3974492,-84.0062866,110.619217,-309.132996
23.4076962,-83.5686188,111.587875,-309.337189
23.4179432,-83.5763855,110.896149,-308.888855
23.4281912,-83.7261658,111.629944,-309.211884
23.4384382,-83.6599579,111.251678,-308.718262
23.4486862,-83.5029755,111.830231,-309.325073
23.4589342,-83.4197235,111.40242,-308.720795
23.4691822,-83.2713928,111.725998,-308.767944
23.4794302,-83.2852173,111.069427,-308.635132
23.4896772,-83.1749573,111.141113,-308.291931
23.4999252,-82.9147186,110.972427,-308.497528
23.5101732,-82.6435242,110.843994,-308.44928
23.5204202,-82.3857422,110.482162,-308.230194
23.5306682,-82.3078003,110.494308,-308.090363
23.5409152,-82.4333344,110.500977,-308.422852
23.5511632,-82.4683838,110.463867,-308.346985
23.5614112,-82.6235809,110.403809,-308.596741
23.5716592,-82.8726196,110.291321,-308.260223
23.5819062,-82.9589386,110.423996,-308.651947
23.5921542,-83.2124023,110.077972,-308.714813
23.6024012,-83.3632507,110.267303,-308.670593
23.6126482,-83.6957703,110.009644,-308.68515
23.6228952,-84.1139069,110.302536,-309.074463
23.6331432,-84.1801758,110.267303,-309.113464
23.6433902,-84.3983154,110.62735,-309.217224
23.6536372,-84.4478302,110.646851,-309.12149
23.6638842,-84.4399414,110.616531,-309.168823
23.6741322,-84.4679871,111.00769,-309.175446
23.6843792,-84.3305359,110.944931,-308.77005
23.6946272,-84.4869843,111.077301,-309.086548
23.7048752,-84.6242676,111.173569,-308.736511
23.7151222,-84.21138,111.249405,-309.05072
23.7253702,-84.3874054,111.761581,-309.065369
23.7356182,-84.466507,111.601227,-308.953491
23.7458662,-84.3013306,112.060547,-309.12027
23.7561132,-84.5785522,111.823334,-308.875305
23.7663612,-84.4960785,112.021118,-308.895813
23.7766092,-84.8183899,111.774078,-308.793518
23.7868562,-84.7829895,112.212402,-309.102112
23.7971042,-84.9670258,111.80191,-308.490387
23.8073512,-84.6955566,112.346222,-309.031189
23.8175982,-85.1123657,111.832794,-308.507874
23.8278462,-84.8801575,112.613312,-309.248291
23.8380932,-85.1319275,112.083572,-308.530518
23.8483412,-85.1338654,112.837097,-309.165344
23.8585882,-85.5509338,112.348816,-308.687195
23.8688362,-85.5801086,112.959152,-309.319275
23.8790842,-86.031723,112.267563,-308.665955
23.8893322,-85.6640472,112.867615,-309.015259
23.8995792,-85.8613586,112.445297,-308.989594
23.9098272,-85.9472046,112.932739,-308.833374
23.9200752,-86.0402679,112.706757,-308.609192
23.9303222,-86.0836639,112.654602,-308.93335
23.9405682,-86.14505,112.73468,-308.834473
23.9508162,-86.4309845,112.932358,-308.918549
23.9610632,-86.276947,113.221863,-308.969543
23.9713112,-86.4000397,113.045135,-308.938751
23.9815592,-86.6073456,113.234467,-309.196228
23.9918082,-87.151886,112.895844,-309.170471
24.0020552,-87.0974579,113.037964,-309.748047
24.0123042,-87.3062134,112.705353,-309.161957
24.0225512,-87.3953857,112.731552,-309.651367
24.0327992,-87.280899,112.204956,-309.165222
24.0430472,-87.1930542,112.385941,-309.722839
24.0532952,-87.1772766,111.928391,-309.561035
24.0635422,-87.1684265,112.04483,-309.193085
24.0737902,-87.2096863,111.990128,-309.222656
24.0840372,-87.6055756,112.297699,-308.982544
24.0942852,-87.7059021,112.807983,-309.415344
24.1045332,-88.0527496,113.054749,-309.256897
24.1147802,-88.0607758,113.45195,-309.478027
24.1250282,-88.0471802,113.715317,-309.286682
24.1352752,-87.6958466,113.848877,-309.196106
24.1455232,-87.6875458,114.011337,-308.937073
24.1557702,-87.4990082,113.986984,-308.812317
24.1660172,-87.1769104,114.463776,-308.753723
24.1762652,-87.0414734,114.197479,-308.335236
24.1865132,-86.609375,114.895203,-308.71701
24.1967602,-86.4713135,114.745865,-308.074829
24.2070087,-86.1594086,115.351349,-308.354065
24.2172557,-86.3747101,115.108749,-307.776306
24.2275027,-86.3127899,115.624313,-308.251251
24.2377507,-86.5184021,114.947037,-307.795654
24.2479987,-86.5056305,115.430847,-308.473602
24.2582467,-86.7220001,114.62677,-308.046326
24.2684937,-86.5668793,114.994476,-308.515442
24.2787417,-86.7543182,114.496323,-308.136444
24.2889897,-86.5657043,114.896133,-308.324951
24.2992377,-86.5579681,114.350616,-307.771057
24.3094857,-86.2827148,115.165329,-308.434113
24.3197327,-86.4445953,114.821213,-307.529419
24.3299807,-86.1956024,115.202393,-308.010376
24.3402287,-86.4053345,115.086426,-307.790222
24.3504757,-86.4181213,115.410202,-308.099091
24.3607237,-86.3831024,115.694992,-308.185608
24.3709707,-86.3959045,115.824448,-308.264221
24.3812177,-86.3279266,115.977646,-308.044861
24.3914657,-86.5210419,116.016541,-307.886597
24.4017137,-86.4919586,116.395554,-308.394775
24.4119617,-86.6061707,116.448853,-307.811737
24.4222087,-86.7455444,116.762909,-308.015564
24.4324567,-86.9861603,116.562469,-307.995087
24.4427037,-86.9438171,116.928116,-308.272339
24.4529507,-87.2515717,116.817596,-307.991577
24.4631977,-87.1560974,117.133606,-308.157166
24.4734457,-87.2891388,117.069733,-308.100403
24.4836927,-87.5310669,117.038269,-308.309631
24.4939397,-87.5368958,117.195877,-308.167969
24.5041877,-87.658844,117.39505,-308.254883
24.5144347,-87.7707825,117.35405,-308.125732
24.5246837,-87.8586731,117.51384,-308.477905
24.5349307,-87.740387,117.557312,-308.520447
24.5451787,-87.9962006,117.691818,-308.318176
24.5554267,-88.044342,117.733017,-308.421997
24.5656747,-88.3884125,117.626221,-308.286896
24.5759217,-88.2208099,117.827408,-308.295898
24.5861697,-88.2184753,117.978836,-308.410522
24.5964177,-88.3554688,117.769318,-308.086548
24.6066657,-88.3499146,118.235199,-307.976379
24.6169137,-88.4468689,118.071793,-307.921753
24.6271607,-88.552536,118.350784,-308.284149
24.6374077,-88.5424652,118.144409,-307.936584
24.6476547,-88.7088928,118.657547,-308.473053
24.6579017,-88.5112762,118.238235,-307.889221
24.6681487,-88.453537,118.856842,-308.461182
24.6783967,-88.6419983,118.277634,-308.318695
24.6886447,-88.455246,118.725067,-308.800537
24.6988917,-88.6019287,118.175156,-307.979919
24.7091397,-88.2282257,118.528351,-308.311646
24.7193867,-88.4523468,118.015396,-307.920837
24.7296337,-88.1616364,118.410751,-308.466156
24.7398817,-87.9831085,117.614471,-307.997589
24.7501297,-88.0506134,117.99762,-308.510986
24.7603767,-88.2276001,117.416046,-308.072296
24.7706247,-87.9637146,117.489243,-308.367615
24.7808717,-88.0244904,116.913895,-307.95105
24.7911177,-87.9983978,116.909882,-307.925964
24.8013647,-87.9156647,116.61203,-307.946533
24.8116107,-87.8135529,116.430832,-308.323425
24.8218577,-87.7896271,116.633972,-308.172974
24.8321047,-87.9010925,116.168579,-308.327148
24.8423517,-87.6300354,116.24942,-308.266846
24.8525987,-87.5146484,116.12262,-307.986145
24.8628457,-87.7624664,116.205872,-308.536682
24.8730917,-87.8748932,115.857956,-308.260712
24.8833377,-87.541626,116.330704,-308.467651
24.8935847,-87.529068,116.001633,-308.109467
24.9038317,-87.2024841,116.086517,-308.297699
24.9140787,-87.1947937,116.096359,-308.007141
24.9243257,-86.8244934,116.260971,-308.043579
24.9345727,-86.6258392,115.899948,-307.670685
24.9448207,-86.3781891,115.88031,-307.639282
24.9550677,-86.3356018,115.648178,-307.523621
24.9653137,-86.2702179,115.497467,-307.698029
24.9755607,-86.2189026,115.452499,-307.738983
24.9858087,-86.3053894,115.304855,-307.660217
24.9960557,-86.3212738,114.94574,-307.776611
25.0063027,-86.4317322,114.712723,-308.250427
25.0165497,-86.8914795,114.33226,-308.301941
25.0267977,-86.7853088,114.658203,-308.19986
25.0370447,-87.0011292,114.077087,-308.433197
25.0472917,-86.872879,114.254303,-308.423096
25.0575387,-87.0641327,113.747757,-307.919556
25.0677867,-86.5883789,114.144562,-308.632721
25.0780347,-86.6213531,113.502487,-307.945435
25.0882817,-86.5555725,113.968994,-308.216187
25.0985287,-86.3792572,113.40918,-307.569489
25.1087757,-86.0774689,114.049179,-308.108093
25.1190217,-86.2968445,113.372696,-307.277954
25.1292697,-86.0799408,114.097855,-308.035156
25.1395167,-86.3380127,113.325592,-307.561066
25.1497637,-86.4001312,113.63446,-308.007507
25.1600107,-86.4289703,113.010269,-307.819885
25.1702587,-86.2224121,113.220154,-308.285339
25.1805057,-86.3736267,112.662064,-307.576569
25.1907527,-86.3119812,112.891144,-307.812012
25.2009997,-86.249054,112.925247,-307.690979
25.2112471,-86.2291718,112.793564,-308.189728
25.2214931,-86.2871704,112.745819,-307.878662
25.2317401,-86.3338776,112.937393,-307.632568
25.2419861,-86.20401,112.815125,-307.80777
25.2522331,-86.4188232,112.71347,-307.793457
25.2624791,-86.1910706,112.873276,-307.952393
25.2727271,-86.269989,112.612244,-307.727783
25.2829731,-86.2628326,112.78244,-307.81955
25.2932201,-86.4651489,112.848572,-307.777405
25.3034661,-86.4650726,112.560776,-308.016144
25.3137141,-86.5424347,112.52153,-307.452942
25.3239611,-86.3763733,112.675247,-308.444824
25.3342081,-86.4410706,112.478287,-307.975708
25.3444551,-86.3244476,112.375549,-307.984253
25.3547031,-86.4667664,112.424713,-307.988037
25.3649501,-86.6841278,112.425537,-307.857849
25.3751971,-86.6172943,112.189972,-308.016602
25.3854451,-86.5080414,111.992233,-307.962585
25.3956921,-86.4824066,112.064896,-308.129944
25.4059391,-86.4835663,112.229904,-308.125488
25.4161861,-86.4695129,112.051895,-308.250061
25.4264321,-86.3546295,112.09581,-307.908417
25.4366791,-86.560318,111.997284,-307.948883
25.4469261,-86.5881042,112.033936,-308.004761
25.4571731,-86.6921234,111.768478,-307.95813
25.4674201,-86.4028625,112.151443,-308.130219
25.4776681,-86.6791229,111.823334,-308.029297
25.4879141,-86.5036926,112.129715,-308.119202
25.4981611,-86.6929474,111.601059,-307.756226
25.5084071,-86.5478058,112.036942,-308.112854
25.5186541,-86.7260437,111.508469,-307.85141
25.5289001,-86.7669678,111.70137,-308.536316
25.5391471,-86.7598877,111.10759,-307.717346
25.5493941,-86.7814026,111.58606,-308.290283
25.5596411,-86.981781,111.235016,-307.664673
25.5698881,-86.8747101,111.631592,-308.384399
25.5801341,-87.2633972,111.581924,-307.836945
25.5903811,-87.259552,112.008957,-308.160065
25.6006281,-87.2410889,111.452072,-307.585938
25.6108741,-87.0765839,111.960754,-308.367493
25.6211201,-87.2181091,111.81987,-308.10498
25.6313671,-86.9223938,112.065979,-308.202209
25.6416141,-86.9636078,112.126541,-307.973328
25.6518601,-86.8180695,112.233841,-308.242676
25.6621061,-86.8124237,112.328369,-308.016968
25.6723531,-86.6507568,112.336502,-307.689819
25.6826001,-86.6104279,112.547348,-308.123444
25.6928471,-86.5260315,112.477219,-307.674683
25.7030931,-86.4494934,112.677444,-307.840454
25.7133401,-86.804306,112.536804,-307.647522
25.7235871,-86.7088928,112.627045,-307.824615
25.7338351,-86.6930695,112.359421,-307.912506
25.7440821,-86.7186279,112.39563,-308.192902
25.7543301,-86.7355347,112.242798,-307.903839
25.7645781,-86.7969666,112.2034,-308.003967
25.7748251,-86.6034088,111.972351,-307.938751
25.7850731,-86.6765137,112.100189,-307.924713
25.7953211,-86.7694397,111.995468,-307.970917
25.8055681,-86.8568726,112.008865,-307.967468
25.8158151,-86.9102631,112.189758,-307.873779
25.8260621,-86.8749695,112.275696,-308.085815
25.8363101,-86.9846191,112.508102,-308.555817
25.8465571,-87.0391998,112.566635,-308.335205
25.8568041,-87.2115784,112.555725,-308.264771
25.8670511,-87.2476959,112.568588,-308.009644
25.8772981,-87.3930054,112.712128,-308.054169
25.8875451,-87.5100708,112.930023,-308.186096
25.8977931,-87.5318146,112.975327,-308.156311
25.9080401,-87.5397644,113.236816,-307.999481
25.9182881,-87.795929,113.045349,-308.018372
25.9285351,-87.6535034,113.618256,-308.180237
25.9387821,-87.6340942,113.39502,-307.880005
25.9490301,-87.5274506,113.749496,-308.398499
25.9592771,-87.604187,113.504959,-307.495361
25.9695251,-87.4997253,114.163864,-308.092224
25.9797721,-87.7144928,113.773972,-307.842163
25.9900211,-87.7897339,114.450455,-308.296478
26.0002681,-87.8087006,114.125473,-307.615845
26.0105161,-87.6265564,114.810074,-308.036194
26.0207641,-87.7492371,114.678574,-307.763855
26.0310121,-87.7997894,114.992249,-308.371338
26.0412601,-87.6020203,115.153473,-307.761353
26.0515081,-87.6303711,115.779434,-307.859161
26.0617571,-87.6906128,115.801788,-307.661346
26.0720041,-87.6175842,116.165604,-307.666443
26.0822531,-87.8264771,116.403778,-307.711304
26.0925011,-87.7585754,116.625931,-307.503601
26.1027501,-87.6439209,116.835114,-307.879089
26.1129981,-87.7666626,116.987473,-307.698853
26.1232461,-87.7796631,117.356659,-307.859924
26.1334951,-87.9200439,117.376755,-307.724548
26.1437451,-87.9561157,117.479492,-307.931213
26.1539941,-88.0456848,117.341385,-307.490784
26.1642431,-87.980835,117.595367,-308.010132
26.1744911,-87.9924011,117.411163,-307.549866
26.1847401,-87.7772675,117.824478,-307.504272
26.1949881,-87.8058014,117.739365,-307.341736
26.2052361,-87.8231201,118.038193,-307.572205
26.2154845,-87.8106995,117.935532,-307.358215
26.2257335,-87.9575958,117.956024,-307.587524
26.2359825,-88.0385437,118.206696,-307.573364
26.2462315,-88.0430145,118.346268,-307.554352
26.2564795,-88.3209076,118.522324,-307.509766
26.2667285,-88.550705,118.460373,-307.677673
26.2769775,-88.7070465,118.258438,-307.653198
26.2872255,-88.8143768,118.345871,-308.048279
26.2974745,-88.7677002,118.357239,-308.087952
26.3077225,-88.7077179,118.683609,-307.880859
26.3179715,-88.8102112,118.29245,-307.656189
26.3282195,-88.6964417,118.604462,-308.172516
26.3384685,-88.6283112,118.363586,-307.870789
26.3487165,-88.3254852,118.524017,-307.984253
26.3589645,-88.0006561,118.211685,-307.262665
26.3692135,-88.1201172,118.782272,-307.633362
26.3794625,-87.8685455,118.313721,-307.0177
26.3897105,-87.615387,118.709976,-307.51358
26.3999585,-87.5490265,118.281235,-307.125916
26.4102065,-87.5772705,118.688675,-307.770569
26.4204545,-87.6569061,118.41156,-306.964783
26.4307035,-87.666153,118.751144,-307.604095
26.4409515,-87.9172211,118.634628,-307.199829
26.4512005,-87.8800812,118.806396,-307.808441
26.4614485,-87.9386902,118.51207,-307.341553
26.4716965,-88.2190247,118.890411,-307.91925
26.4819455,-88.1262817,118.655563,-307.401031
26.4921935,-87.9276581,118.766357,-307.78595
26.5024425,-87.8627167,118.622498,-307.71698
26.5126905,-87.8541107,118.363831,-307.888489
26.5229395,-87.7288971,118.41391,-307.817169
26.5331875,-87.4650879,118.545181,-307.571991
26.5434365,-87.8300476,118.476837,-307.859619
26.5536855,-87.7316589,118.291199,-307.601227
26.5639335,-87.8267822,118.401321,-307.966125
26.5741825,-87.9304199,118.287704,-307.384094
26.5844305,-88.2822113,118.238617,-307.734497
26.5946795,-88.4550171,117.989578,-307.451172
26.6049275,-88.5994568,118.34285,-307.819214
26.6151755,-88.7347107,118.300949,-307.824493
26.6254235,-88.9750214,118.665558,-307.875702
26.6356715,-89.2623138,118.7901,-308.085693
26.6459205,-89.3885803,119.053543,-307.787933
26.6561685,-89.4989929,119.504822,-308.050415
26.6664165,-89.414917,119.605087,-307.503387
26.6766645,-89.5228729,119.998993,-307.691162
26.6869125,-89.8385925,120.546555,-307.713165
26.6971605,-89.861084,120.716187,-307.611816
26.7074095,-89.7705231,121.127487,-307.840607
26.7176575,-90.0258331,121.160934,-307.710449
26.7279055,-90.1553955,121.770386,-307.76413
26.7381535,-90.2162476,121.845245,-307.561188
26.7484025,-90.3969727,122.314346,-307.52478
26.7586505,-90.3475952,122.145218,-307.097351
26.7688975,-90.3157806,122.643692,-307.485779
26.7791455,-90.5798492,122.228012,-307.220825
26.7893925,-90.8481445,123.231689,-307.768677
26.7996395,-90.5782166,122.890915,-307.242493
26.8098875,-90.9250946,123.576675,-307.844025
26.8201365,-90.8865662,123.363937,-306.759308
26.8303845,-91.2076416,124.327423,-307.568878
26.8406335,-91.2012482,124.046036,-306.970093
26.8508815,-91.5698853,124.707413,-307.624969
26.8611305,-91.7421265,124.667114,-307.08783
26.8713785,-92.0219269,125.360275,-307.725342
26.8816265,-92.4716492,125.436325,-307.489624
26.8918755,-92.6422119,125.914398,-307.589905
26.9021235,-93.1056213,125.783218,-307.421509
26.9123715,-93.3931427,126.239319,-307.645172
26.9226195,-93.4466553,126.781723,-307.430908
26.9328675,-93.8432465,126.926453,-307.856079
26.9431155,-94.4277649,127.215485,-307.517456
26.9533635,-94.8573608,127.409912,-307.209778
26.9636115,-95.2336121,127.706955,-307.340149
26.9738595,-95.5379791,127.916428,-307.264984
26.9841075,-95.9280548,128.348877,-307.679932
26.9943555,-96.3381805,128.393021,-307.157745
27.0046045,-96.7991028,128.839767,-307.661621
27.0148535,-97.1744537,128.802826,-307.360962
27.0251025,-97.8492126,129.001251,-307.532776
27.0353515,-98.2910156,129.333176,-307.530975
27.0455995,-98.635498,129.719101,-307.917053
27.0558485,-99.2938385,129.953766,-307.558777
27.0660975,-99.5640564,130.370956,-307.807922
27.0763455,-100.000641,130.717377,-307.725708
27.0865935,-100.645767,130.890518,-307.435913
27.0968415,-100.962555,131.307175,-307.479523
27.1070895,-101.747223,131.337494,-307.321655
27.1173385,-102.017502,131.738464,-307.440308
27.1275865,-102.253586,131.751587,-307.323181
27.1378355,-102.780441,131.658066,-307.350281
27.1480835,-103.474777,132.009933,-307.498138
27.1583325,-103.483948,132.103592,-307.057495
27.1685815,-104.382935,132.400696,-307.552155
27.1788285,-104.34494,132.374084,-306.992554
27.1890765,-104.956848,132.709396,-307.535706
27.1993245,-105.039307,132.596161,-307.121582
27.2095726,-105.671829,132.890945,-307.223083
27.2198206,-105.813538,132.503967,-306.808563
27.2300686,-106.694077,133.230103,-307.706329
27.2403166,-106.744186,132.728989,-306.961334
27.2505646,-107.606522,133.051605,-307.60614
27.2608126,-107.775406,132.649673,-306.834839
27.2710606,-108.538864,133.054977,-307.44455
27.2813076,-108.678162,132.649689,-307.019592
27.2915556,-109.109833,132.999237,-307.480377
27.3018026,-109.275574,132.660477,-306.986694
27.3120506,-109.862701,132.712524,-307.331665
27.3222986,-109.96431,132.649597,-306.934631
27.3325466,-110.428497,132.608917,-306.899689
27.3427946,-110.476501,132.767838,-306.789978
27.3530416,-111.120453,132.600464,-307.12915
27.3632886,-111.324997,132.495361,-306.812012
27.3735366,-111.549973,132.376343,-306.945892
27.3837836,-111.948059,132.41539,-307.481628
27.3940316,-112.196487,132.269165,-307.358765
27.4042796,-112.719971,132.351746,-307.848022
27.4145276,-112.669922,132.13028,-307.455078
27.4247756,-113.153381,132.051208,-307.946991
27.4350236,-113.161758,131.885269,-307.609253
27.4452716,-113.542892,131.798676,-308.098175
27.4555196,-113.634552,131.766174,-307.806763
27.4657676,-114.040894,131.701752,-308.114014
27.4760156,-114.390472,131.459045,-307.887268
27.4862636,-114.654984,131.256149,-307.982544
27.4965116,-114.81424,131.063675,-308.19397
27.5067596,-114.892914,131.002991,-308.129333
27.5170086,-114.969223,131.040451,-307.931427
27.5272556,-115.232269,130.816986,-308.115295
27.5375036,-115.200562,130.760544,-308.097504
27.5477516,-115.491547,130.648376,-308.112488
27.5579986,-115.708847,130.495575,-308.395752
27.5682466,-115.816711,130.593506,-308.294952
27.5784946,-116.061401,130.512589,-308.117737
27.5887436,-116.256622,130.510208,-308.164886
27.5989916,-116.32164,130.483231,-307.804779
27.6092396,-116.917999,130.644119,-308.006226
27.6194876,-116.844315,130.414062,-307.639709
27.6297356,-117.390915,130.358261,-308.009094
27.6399836,-117.242569,130.484924,-307.699524
27.6502316,-117.845169,130.68335,-308.179016
27.6604806,-117.435196,130.485107,-307.444855
27.6707296,-117.952759,130.669571,-307.84082
27.6809776,-117.872604,130.494278,-307.312225
27.6912266,-117.965225,130.707687,-307.973206
27.7014756,-117.586761,130.425888,-307.58075
27.7117246,-117.928757,130.566925,-307.861481
27.7219726,-117.549637,130.183411,-307.726746
27.7322216,-118.06955,130.314117,-307.921448
27.7424706,-117.563431,130.126816,-308.183105
27.7527186,-117.910446,130.126328,-307.920685
27.7629676,-117.790039,130.077316,-308.124329
27.7732166,-117.620697,130.124283,-308.273071
27.7834646,-118.029633,130.174881,-308.193298
27.7937136,-118.513321,130.05278,-307.899261
27.8039626,-118.633667,130.239288,-307.672577
27.8142106,-118.752716,130.425385,-307.672485
27.8244586,-119.264297,130.385498,-307.75528
27.8347076,-119.2509,130.489365,-307.382019
27.8449556,-119.690414,130.668427,-307.452026
27.8552046,-119.760361,130.571899,-307.429016
27.8654536,-120.109512,130.562469,-307.413696
27.8757016,-119.993912,130.592407,-307.263123
27.8859486,-120.257706,130.632248,-307.177277
27.8961966,-119.96431,130.816559,-307.266663
27.9064446,-119.964355,130.488007,-307.471802
27.9166926,-119.534088,130.650665,-307.362
27.9269406,-119.536774,130.85704,-307.554626
27.9371876,-119.59288,130.547897,-307.372375
27.9474356,-119.393387,130.903732,-307.152405
27.9576836,-119.288101,130.775635,-307.793671
27.9679316,-119.114166,130.891724,-307.556641
27.9781806,-119.291306,130.526077,-307.398315
27.9884276,-119.290436,130.761444,-307.556213
27.9986756,-119.183411,130.569336,-307.68811
28.0089236,-119.368042,130.665543,-307.96875
28.0191716,-119.245026,130.678711,-307.712402
28.0294186,-119.613312,130.703003,-308.047943
28.0396656,-119.366516,130.535416,-307.370178
28.0499126,-119.779327,130.839844,-307.73877
28.0601596,-119.294281,130.547272,-307.470093
28.0704076,-119.963547,130.631653,-307.848877
28.0806546,-119.325958,130.649109,-307.763367
28.0909016,-119.828384,130.613739,-307.895111
28.1011486,-119.503662,130.618729,-307.274963
28.1113966,-120.065948,130.669876,-307.778168
28.1216436,-119.620895,130.550919,-307.259247
28.1318906,-120.320602,130.446686,-307.649445
28.1421386,-119.615768,130.397675,-307.546173
28.1523866,-120.271881,130.449112,-307.481506
28.1626336,-119.947372,130.339081,-307.395508
28.1728806,-120.269226,130.327621,-307.379608
28.1831276,-120.301392,130.199326,-307.428345
28.1933746,-120.435806,130.188049,-307.467163
28.2036226,-120.499603,130.049896,-307.557312
28.2138697,-120.589188,129.963913,-307.440674
28.2241167,-120.75441,129.760361,-307.564148
28.2343637,-120.826538,129.656784,-307.199707
28.2446107,-121.091965,129.643768,-307.678955
28.2548577,-121.253372,129.623276,-307.431396
28.2651047,-121.450348,129.254883,-307.569214
28.2753527,-121.432587,129.297989,-307.3703
28.2855987,-121.689041,128.934875,-307.917542
28.2958447,-121.525238,129.006668,-307.699341
28.3060907,-121.863632,128.855759,-307.725739
28.3163387,-121.690704,128.958832,-307.656921
28.3265847,-121.938416,128.862762,-307.661438
28.3368317,-122.143814,128.826324,-307.402527
28.3470777,-122.149063,128.82869,-307.422272
28.3573247,-122.449844,128.850662,-307.619995
28.3675717,-122.699005,128.914963,-307.247986
28.3778187,-122.7332,129.108948,-307.401184
28.3880647,-123.050079,128.924026,-307.311768
28.3983117,-122.974655,128.913971,-307.498108
28.4085587,-123.148071,128.626221,-307.440399
28.4188057,-122.884842,128.597183,-307.509094
28.4290527,-122.956802,128.492859,-307.925629
28.4392997,-122.583008,128.324097,-307.595764
28.4495457,-122.555237,128.219055,-308.005798
28.4597927,-122.474319,127.85704,-308.129211
28.4700387,-122.76062,127.660995,-308.095062
28.4802857,-122.616241,127.566162,-308.098633
28.4905327,-122.916489,127.455658,-307.983978
28.5007797,-122.561508,127.35144,-307.647766
28.5110267,-123.398529,127.056046,-308.28186
28.5212737,-122.939804,127.002899,-308.01178
28.5315207,-123.363388,126.74942,-308.421936
28.5417687,-122.648972,126.705124,-308.07019
28.5520167,-123.149658,126.367737,-308.52124
28.5622637,-122.664764,126.391403,-307.929901
28.5725107,-123.075317,126.312119,-308.738983
28.5827587,-122.333618,126.307648,-308.46405
28.5930057,-122.63591,126.21579,-308.769104
28.6032527,-122.267593,126.257233,-308.825867
28.6135007,-122.480576,126.105331,-308.894836
28.6237477,-122.435257,126.273346,-308.725311
28.6339957,-122.403458,126.146988,-308.731995
28.6442427,-122.623825,126.139801,-308.980469
28.6544907,-122.747437,126.115723,-308.809937
28.6647367,-123.050293,126.098373,-308.507751
28.6749837,-123.071213,126.108322,-308.479187
28.6852297,-123.286942,126.182434,-308.664825
28.6954767,-123.280289,126.114304,-308.477692
28.7057237,-123.707108,126.149323,-308.852539
28.7159707,-123.547668,126.380127,-308.173767
28.7262177,-123.626404,126.452591,-308.653625
28.7364647,-123.663376,126.486908,-308.457672
28.7467117,-123.69313,126.596237,-308.285583
28.7569587,-123.711288,126.347015,-308.114075
28.7672057,-123.726837,126.457138,-308.118256
28.7774527,-123.715546,126.412231,-308.366333
28.7877007,-123.674866,126.27771,-307.99176
28.7979477,-123.539383,126.215607,-308.099243
28.8081947,-123.412704,126.107452,-308.176819
28.8184427,-123.352615,125.98175,-308.19165
28.8286897,-123.427246,125.873108,-308.467743
28.8389377,-123.168945,126.326599,-308.566864
28.8491847,-123.012131,126.182068,-308.686523
28.8594337,-122.625259,126.033249,-308.312195
28.8696817,-122.898056,125.991989,-308.619843
28.8799297,-122.509033,125.862427,-308.692139
28.8901767,-122.519257,125.992599,-308.613953
28.9004247,-122.118576,126.024628,-308.18512
28.9106707,-122.64563,126.047531,-308.698364
28.9209177,-122.359879,125.864548,-308.332031
28.9311657,-122.886932,125.897079,-308.703613
28.9414137,-122.383286,125.862991,-308.332458
28.9516607,-122.896423,125.797577,-308.936401
28.9619087,-122.110855,126.04718,-308.486206
28.9721557,-122.357758,126.080627,-309.090393
28.9824027,-121.848877,125.974197,-308.021881
28.9926497,-122.109573,126.016983,-309.112122
29.0028967,-121.398758,126.100006,-308.770142
29.0131447,-121.886765,125.979019,-309.296936
29.0233927,-121.564941,126.002884,-308.823578
29.0336407,-122.080063,125.662888,-308.856689
29.0438877,-122.186523,125.732895,-308.786133
29.0541357,-122.239914,125.66452,-308.756653
29.0643827,-122.353256,125.599533,-308.99649
29.0746297,-122.444748,125.368759,-308.979004
29.0848767,-122.603058,125.30304,-308.894592
29.0951247,-122.657837,125.217636,-308.91925
29.1053717,-122.925095,125.073471,-309.0401
29.1156197,-122.714661,125.170929,-308.685333
29.1258667,-123.02829,125.182846,-308.950623
29.1361137,-122.764618,124.991776,-308.691162
29.1463617,-123.36528,124.74942,-308.870056
29.1566097,-123.253937,124.901398,-308.722382
29.1668567,-123.361145,124.893936,-308.73822
29.1771037,-123.555206,124.727432,-308.797943
29.1873507,-123.446838,124.637436,-308.853699
29.1975987,-123.423492,124.617294,-308.651794
29.2078447,-123.396454,124.592529,-308.683258
29.2180924,-123.749969,124.33075,-308.591675
29.2283394,-123.553177,124.353256,-308.602173
29.2385854,-123.749054,124.237213,-308.895416
29.2488324,-123.860977,124.063034,-308.473022
29.2590804,-123.672684,123.987534,-308.530426
29.2693274,-124.111084,123.72554,-308.500427
29.2795754,-123.851044,123.892792,-308.369385
29.2898234,-124.309555,123.850754,-308.813263
29.3000704,-124.301315,123.619751,-308.062622
29.3103194,-124.90329,123.378113,-308.845428
29.3205664,-124.523895,123.378998,-308.262299
29.3308144,-124.985703,123.346222,-309.018555
29.3410614,-124.631485,123.218781,-308.484375
29.3513094,-125.2827,123.177567,-309.085571
29.3615564,-124.72963,123.095886,-308.319092
29.3718034,-125.494247,122.800049,-309.14801
29.3820514,-125.340897,122.783951,-308.130127
29.3922994,-125.973251,122.549774,-308.624512
29.4025464,-125.62294,122.463593,-308.448914
29.4127934,-126.056046,122.383102,-308.797302
29.4230404,-126.006409,122.230209,-308.265778
29.4332884,-126.680283,121.898117,-308.368774
29.4435354,-126.499985,122.118073,-308.043976
29.4537834,-126.90274,121.811859,-308.478333
29.4640304,-127.101593,121.570053,-308.092957
29.4742774,-127.224121,121.519897,-307.770325
29.4845254,-127.384491,121.14679,-308.061035
29.4947714,-127.547943,121.09935,-307.763824
29.5050194,-127.639908,120.726074,-308.073303
29.5152664,-127.66098,120.519272,-308.135742
29.5255144,-127.91391,120.382172,-308.156677
29.5357624,-127.798141,120.057144,-307.798767
29.5460094,-128.228027,119.740906,-308.2052
29.5562574,-128.00824,119.561188,-307.751526
29.5665064,-128.574234,119.301361,-308.141266
29.5767534,-128.450119,119.180389,-308.006165
29.5870014,-128.958191,118.58638,-308.165436
29.5972494,-128.993347,118.591782,-307.832947
29.6074974,-129.268265,118.157364,-307.811951
29.6177444,-129.728104,117.773254,-307.99408
29.6279924,-129.857101,117.476593,-307.895203
29.6382404,-130.124756,117.310104,-307.828186
29.6484874,-130.165817,116.908463,-307.49173
29.6587344,-130.619385,116.679474,-307.820526
29.6689824,-130.778992,116.082779,-307.499969
29.6792304,-130.980652,116.014297,-307.899048
29.6894774,-131.290543,115.472763,-307.737335
29.6997244,-131.283081,114.970184,-307.234741
29.7099724,-131.844269,114.447525,-307.583862
29.7202214,-131.763046,114.366943,-307.521912
29.7304704,-132.085953,113.387146,-306.656372
29.7407194,-131.806381,113.30571,-306.604279
29.7509674,-132.426163,112.510117,-306.849304
29.7612154,-132.288666,112.652679,-306.483185
29.7714634,-132.907211,111.859695,-306.510742
29.7817114,-132.727219,112.038574,-305.984924
29.7919594,-133.624435,111.045059,-306.422485
29.8022074,-133.418762,111.151871,-306.29541
29.8124554,-133.611465,110.114258,-306.651886
29.8227044,-133.300385,110.246353,-306.391541
29.8329524,-133.782043,109.237503,-306.804138
29.8432004,-133.212509,108.927414,-306.379761
29.8534494,-133.641617,108.074585,-306.751404
29.8636984,-133.174576,107.97641,-306.502838
29.8739464,-133.363617,107.252792,-306.621704
29.8841944,-132.913452,107.071091,-306.52417
29.8944424,-132.865082,106.488663,-306.991302
29.9046904,-132.860092,106.176697,-306.780029
29.9149384,-132.984009,105.472656,-306.99939
29.9251874,-133.200424,105.05191,-306.891357
29.9354354,-132.950439,104.783691,-306.560638
29.9456834,-133.024185,104.315201,-306.836517
29.9559314,-132.832001,103.954132,-306.684326
29.9661804,-133.040024,103.456482,-306.864014
29.9764284,-132.735931,103.60759,-306.873047
29.9866764,-132.917343,103.302658,-306.987152
29.9969244,-132.528854,103.028992,-306.915405
30.0071734,-132.609085,102.501846,-307.045166
30.0174214,-132.392151,102.453491,-307.023499
30.0276694,-132.279022,102.070663,-306.962708
30.0379174,-132.215408,102.075928,-306.960785
30.0481644,-132.129776,101.902008,-306.921051
30.0584124,-132.195099,101.458237,-306.910156
30.0686604,-132.492676,101.040939,-306.652435
30.0789074,-132.318893,100.935028,-306.827179
30.0891554,-132.253159,100.625443,-306.72583
30.0994044,-132.402756,100.269806,-306.372986
30.1096514,-132.542633,99.9229279,-306.269806
30.1198994,-132.172897,100.009384,-306.318665
30.1301484,-132.296539,99.5523376,-306.576782
30.1403964,-132.161301,99.4356842,-306.689087
30.1506454,-132.06105,98.9402008,-306.75769
30.1608934,-131.860794,99.0341187,-306.149414
30.1711404,-131.649536,98.3923035,-306.901947
30.1813884,-131.494339,98.7359924,-306.533752
30.1916354,-131.488113,98.143692,-306.555817
30.2018824,-131.219315,98.5730286,-306.416229
30.2121309,-131.240341,97.7102509,-307.060791
30.2223789,-131.089111,98.0045471,-306.595276
30.2326259,-131.104492,97.3974152,-307.249451
30.2428739,-130.872147,97.8608704,-306.469116
30.2531209,-130.978958,97.2134705,-307.0849
30.2633689,-130.834625,98.1100769,-306.551819
30.2736169,-131.166489,97.4076385,-307.011841
30.2838639,-131.165833,97.803772,-306.805878
30.2941119,-131.374252,97.3847351,-306.805664
30.3043589,-131.365051,97.7686768,-306.616211
30.3146059,-131.40181,97.4429016,-306.859497
30.3248539,-131.353165,97.4685974,-306.549927
30.3351009,-131.290344,97.292923,-306.509277
30.3453479,-131.095596,97.2688293,-306.482971
30.3555949,-130.907883,97.3276825,-306.535034
30.3658429,-130.829697,96.8243866,-306.600891
30.3760909,-130.889725,97.0327911,-306.674377
30.3863379,-131.022659,96.8419495,-306.523071
30.3965849,-130.805008,96.7213745,-306.443298
30.4068329,-131.030106,96.4827271,-306.417816
30.4170809,-131.170609,96.6128387,-306.416443
30.4273279,-131.109833,96.3312531,-306.768311
30.4375769,-131.258301,96.1857452,-306.066162
30.4478249,-131.252838,95.9600983,-306.392334
30.4580729,-131.30896,96.143631,-306.27301
30.4683199,-131.305222,95.8304443,-306.065491
30.4785679,-131.177292,95.8608398,-306.133301
30.4888159,-131.096985,95.7420502,-306.297821
30.4990629,-131.162979,95.7517242,-306.677124
30.5093109,-130.896408,95.810379,-306.652222
30.5195589,-130.668686,95.7418823,-306.218262
30.5298059,-130.828033,95.6801147,-306.311218
30.5400539,-130.820038,95.6082306,-306.404907
30.5503009,-130.570389,95.5786896,-306.142853
30.5605479,-130.484528,95.5977325,-306.423553
30.5707959,-130.833405,95.3130951,-306.587402
30.5810439,-130.676407,95.6860504,-306.286469
30.5912919,-130.73233,94.9989777,-306.603882
30.6015399,-130.668594,95.771225,-306.60553
30.6117879,-130.679199,95.118515,-306.847229
30.6220369,-130.665512,96.2050476,-306.55423
30.6322849,-130.758072,95.3614807,-306.859558
30.6425329,-130.584274,96.1370239,-306.312744
30.6527819,-130.802185,95.2387543,-306.960114
30.6630289,-130.730789,96.1118011,-306.846191
30.6732779,-130.846603,95.552887,-307.143707
30.6835259,-130.925873,96.1104279,-306.579681
30.6937729,-131.157242,95.7983551,-307.144348
30.7040209,-131.322189,96.2602386,-306.588409
30.7142679,-131.327438,95.8119659,-306.497559
30.7245149,-131.40448,96.3525238,-306.459717
30.7347639,-131.544952,96.06633,-306.529175
30.7450119,-131.520386,96.2280731,-306.319214
30.7552599,-131.434982,96.1139221,-306.529724
30.7655079,-131.678665,96.2201538,-306.681427
30.7757559,-131.580078,96.0924072,-306.074432
30.7860049,-131.400589,96.1098022,-306.442078
30.7962519,-131.307129,96.3328705,-306.448303
30.8064999,-131.556763,96.1019745,-306.320312
30.8167479,-131.452591,96.0713959,-306.050385
30.8269959,-131.516769,96.0965424,-306.471924
30.8372439,-131.486664,96.2280121,-306.527954
30.8474929,-131.649139,96.0819092,-306.459808
30.8577409,-131.618759,96.1791992,-306.437805
30.8679889,-131.491623,96.2133331,-306.094757
30.8782359,-131.51619,96.2364807,-306.166138
30.8884849,-131.597961,96.2307434,-306.484375
30.8987329,-131.535049,96.5434265,-306.32016
30.9089799,-131.410141,96.4121857,-306.308899
30.9192289,-131.57312,96.5650635,-306.489807
30.9294769,-131.56398,96.6239471,-306.296478
30.9397249,-131.562027,96.5642548,-306.537781
30.9499719,-131.361099,96.6491394,-306.374634
30.9602199,-131.597992,96.6994629,-306.627869
30.9704679,-131.409134,96.8437042,-306.398895
30.9807149,-131.292786,97.0534363,-306.027069
30.9909619,-131.445419,97.2417755,-306.265747
31.0012089,-131.362793,97.459549,-306.783478
31.0114559,-131.638412,97.0343781,-306.60083
31.0217039,-131.542267,97.6649933,-306.484436
31.0319509,-131.667282,97.3457489,-306.631653
31.0421989,-131.357925,97.9796753,-306.44989
31.0524469,-131.730331,97.4725189,-306.947845
31.0626939,-131.555923,98.1898804,-306.590576
31.0729419,-131.682495,97.7393951,-306.972198
31.0831889,-131.711212,98.3959656,-306.53476
31.0934379,-131.594254,98.210144,-307.36499
31.1036859,-131.217255,98.8635254,-306.616913
31.1139339,-131.448425,98.3371277,-307.056854
31.1241829,-131.362488,98.9628754,-306.726715
31.1344309,-131.352081,98.4754944,-306.839478
31.1446799,-131.067322,99.171402,-307.065308
31.1549289,-131.23938,98.876358,-307.306763
31.1651779,-131.340286,99.1908264,-306.913971
31.1754259,-131.265594,99.0376282,-307.286743
31.1856749,-131.255539,99.2581482,-306.900909
31.1959239,-131.23468,99.4794312,-307.130981
31.2061729,-131.247726,99.3466339,-307.13443
31.2164218,-131.216766,99.5422363,-306.81427
31.2266708,-131.621887,99.5198364,-307.026062
31.2369188,-131.389206,99.7170105,-306.75705
31.2471668,-131.675476,99.6208191,-307.502777
31.2574158,-131.673782,99.9781036,-307.17688
31.2676638,-131.527405,99.9707031,-307.370239
31.2779118,-131.610764,100.23703,-306.800293
31.2881598,-131.661057,99.9833374,-307.28595
31.2984078,-131.762085,100.050995,-307.194397
31.3086558,-131.659637,100.081268,-307.195648
31.3189038,-131.890045,100.097794,-306.956329
31.3291518,-131.874115,99.8977814,-307.075989
31.3393988,-131.809097,100.110306,-306.866241
31.3496468,-132.072693,99.8196564,-306.680756
31.3598928,-132.096619,100.023422,-306.765686
31.3701408,-132.220032,99.8368225,-306.547089
31.3803878,-132.247772,99.9355927,-306.582947
31.3906358,-132.388092,99.5901642,-306.635742
31.4008838,-132.297714,99.7011566,-306.653748
31.4111308,-132.304337,99.5407562,-306.569092
31.4213788,-132.427658,99.7102051,-306.375977
31.4316258,-132.485687,99.4030304,-306.465576
31.4418738,-132.515305,99.7867279,-306.274872
31.4521208,-132.353027,99.1667328,-306.399109
31.4623688,-132.382553,99.8529968,-305.93457
31.4726168,-132.721298,99.2454834,-306.059814
31.4828648,-132.66188,99.9576569,-305.989563
31.4931118,-132.999725,99.4189606,-306.084015
31.5033598,-132.829208,100.295395,-305.647095
31.5136078,-132.988266,99.7604065,-306.153931
31.5238548,-132.490479,100.503036,-305.656067
31.5341038,-132.657547,99.9080505,-306.245148
31.5443518,-132.328903,100.81459,-305.944122
31.5545998,-132.139389,100.290756,-306.541443
31.5648478,-131.834763,100.96344,-306.382385
31.5750958,-131.799255,100.503769,-306.724731
31.5853428,-131.592361,101.006226,-306.296143
31.5955908,-131.399231,101.045532,-306.58783
31.6058388,-131.442978,101.208786,-306.644196
31.6160868,-131.594833,101.108887,-306.364258
31.6263338,-131.526001,101.030579,-306.385559
31.6365818,-131.490051,100.901535,-306.171082
31.6468288,-131.567078,100.602066,-306.243958
31.6570768,-131.661118,100.498062,-306.232422
31.6673238,-131.874756,100.178772,-306.52356
31.6775728,-131.667099,100.198074,-305.840454
31.6878198,-131.481567,99.7188416,-306.097473
31.6980678,-131.189545,99.891571,-306.335876
31.7083158,-130.914124,99.6941833,-306.269318
31.7185628,-130.889923,99.9386902,-306.249695
31.7288098,-130.666031,99.882019,-306.41626
31.7390568,-130.481644,99.8635712,-306.032471
31.7493038,-130.510162,99.8073578,-306.308044
31.7595498,-130.218399,99.7988892,-306.082947
31.7697978,-130.128235,99.7280273,-306.440552
31.7800448,-130.181473,99.5480042,-306.236633
31.7902918,-130.235855,99.6618652,-306.618164
31.8005388,-129.797195,99.6678009,-306.703125
31.8107878,-129.794998,99.5506592,-306.521759
31.8210358,-129.333221,99.8665924,-306.670898
31.8312828,-129.657913,99.6816711,-306.681152
31.8415298,-129.245041,100.00563,-306.787109
31.8517778,-129.511322,99.5736694,-307.098083
31.8620248,-129.337463,100.08017,-306.588806
31.8722718,-129.368866,99.413208,-306.68988
31.8825198,-129.244003,99.9218597,-306.455322
31.8927668,-129.335358,99.4858551,-307.074463
31.9030148,-129.376282,99.9871826,-306.65329
31.9132628,-129.35202,99.480072,-306.746765
31.9235108,-129.066574,100.28421,-306.575195
31.9337578,-129.344803,99.6282959,-307.148651
31.9440058,-129.226608,100.397079,-306.777954
31.9542538,-128.983597,99.8181152,-306.95639
31.9645008,-128.982834,100.364166,-306.825745
31.9747488,-129.00235,99.7035522,-307.146149
31.9849958,-128.552628,100.510101,-307.039978
31.9952438,-128.77153,99.9537506,-307.094543
32.0054918,-128.380188,100.455185,-306.75885
32.0157388,-128.450043,100.225357,-307.054382
32.0259868,-128.57988,100.258087,-307.062225
32.0362348,-128.487564,100.131577,-307.220398
32.0464818,-128.427612,100.10054,-306.880341
32.0567298,-128.646301,100.095352,-306.895752
32.0669768,-128.553329,99.9567719,-306.890991
32.0772238,-128.41861,99.996048,-306.667053
32.0874708,-128.248291,99.8105316,-307.156616
32.0977188,-128.407898,99.9973297,-306.842255
32.1079658,-128.615723,99.7525635,-306.855347
32.1182128,-128.451691,99.7806091,-306.444946
32.1284598,-128.498856,99.386734,-306.445679
32.1387078,-128.514053,99.8966064,-306.59613
32.1489548,-128.87471,99.4100494,-306.444458
32.1592028,-129.006775,99.4134216,-306.462738
32.1694498,-128.770157,99.2602539,-306.528839
32.1796978,-129.14119,99.2675476,-306.163666
32.1899458,-129.24234,99.2124481,-306.264038
32.2001948,-129.160294,98.8966217,-306.231842
32.2104418,-129.230606,98.8971252,-305.790588
32.2206899,-129.181931,98.922348,-305.857849
32.2309389,-129.114334,98.8151398,-306
32.2411869,-128.631958,98.9760132,-306.211975
32.2514349,-128.808929,98.7348633,-305.969574
32.2616839,-128.543915,99.1597137,-306.210815
32.2719309,-128.300903,99.0589752,-306.297363
32.2821789,-128.310394,99.2714996,-306.513
32.2924259,-128.375275,99.0045624,-306.387695
32.3026739,-128.305771,99.4205322,-306.531189
32.3129219,-128.527985,98.9093933,-306.690796
32.3231699,-128.290375,99.4848175,-306.455048
32.3334169,-128.538437,98.9185333,-306.643372
32.3436649,-128.594101,99.5299225,-306.518311
32.3539129,-128.693802,98.8140106,-306.539612
32.3641599,-128.422226,99.7540588,-306.463104
32.3744089,-128.666794,99.0749359,-306.757935
32.3846569,-128.652405,99.6515961,-306.295349
32.3949049,-128.634079,99.0443726,-306.558105
32.4051529,-128.659332,99.5128021,-306.684998
32.4153999,-128.623444,99.1233215,-306.477539
32.4256479,-128.742188,99.6712494,-306.287292
32.4358949,-128.693649,99.4674683,-306.502258
32.4461429,-128.762924,99.8647156,-306.294861
32.4563909,-129.089218,99.884201,-306.228638
32.4666379,-129.307327,100.116013,-306.157135
32.4768859,-129.535065,100.11998,-306.192596
32.4871339,-129.767776,100.201889,-306.359375
32.4973819,-129.956909,100.602005,-306.17688
32.5076299,-130.198334,100.534027,-305.739929
32.5178769,-130.052994,100.967041,-305.823181
32.5281249,-130.244415,100.735886,-306.380463
32.5383729,-129.898132,101.169418,-306.404175
32.5486209,-129.973679,101.281097,-306.187683
32.5588689,-129.834473,101.579086,-306.403381
32.5691169,-129.928375,101.591797,-306.478638
32.5793639,-129.958572,102.067551,-306.274658
32.5896109,-129.881836,101.934357,-306.413574
32.5998589,-130.158447,102.136627,-306.375488
32.6101069,-130.088196,102.127975,-306.430634
32.6203529,-130.151291,102.113052,-306.317017
32.6306009,-130.0047,102.265778,-306.356506
32.6408479,-130.187637,102.496857,-306.24881
32.6510959,-130.030457,102.530197,-306.489624
32.6613429,-130.133667,102.69812,-306.751801
32.6715909,-130.168732,102.682831,-306.542908
32.6818379,-130.211716,102.851944,-306.555908
32.6920849,-130.058121,102.724411,-306.594177
32.7023329,-129.872086,103.014694,-306.528748
32.7125809,-129.865372,102.724304,-306.672272
32.7228289,-129.750534,103.282547,-306.797791
32.7330759,-130.14267,102.885635,-306.709656
32.7433229,-129.880096,103.575714,-306.867462
32.7535699,-130.07019,102.890671,-306.832581
32.7638159,-129.701904,103.655869,-306.949097
32.7740619,-130.225571,102.820984,-306.894836
32.7843079,-129.84874,103.873566,-306.894226
32.7945549,-130.350113,102.987793,-306.503937
32.8047999,-130.33049,103.717148,-306.550598
32.8150469,-130.625946,103.109207,-306.67041
32.8252939,-130.605301,103.857513,-306.457336
32.8355419,-130.93924,103.178757,-306.766846
32.8457889,-130.694443,103.763199,-306.343201
32.8560369,-131.077988,103.28244,-306.756836
32.8662839,-131.175064,103.614944,-306.253784
32.8765319,-131.289444,103.457489,-306.427948
32.8867789,-131.376801,103.389496,-306.279724
32.8970269,-131.407791,103.484756,-306.145966
32.9072739,-131.684906,103.34613,-306.560669
32.9175219,-131.905502,103.1194,-306.373657
32.9277689,-132.102646,102.935135,-306.336151
32.9380159,-132.057999,103.029388,-306.141113
32.9482639,-132.02858,102.855988,-306.263062
32.9585109,-132.081528,102.977051,-306.123993
32.9687589,-132.268387,102.878616,-306.116516
32.9790059,-132.474228,103.345734,-306.404663
32.9892539,-132.923477,103.145309,-306.256592
32.9995019,-132.84671,103.476715,-306.25116
33.0097509,-133.031998,103.415527,-306.144165
33.0199989,-132.962906,103.713303,-306.085602
33.0302469,-133.16658,103.403763,-306.042084
33.0404949,-133.021332,103.512802,-306.289551
33.0507419,-133.067673,103.443817,-306.429199
33.0609889,-133.081085,103.443542,-306.744324
33.0712369,-132.718124,103.342911,-306.995117
33.0814839,-132.509506,103.288376,-306.814056
33.0917309,-132.55658,103.336044,-306.845825
33.1019789,-132.423965,103.253418,-306.883331
33.1122269,-132.736435,102.917572,-306.818726
33.1224749,-132.610397,103.269455,-307.331055
33.1327229,-132.684616,102.619293,-306.945587
33.1429709,-132.414261,102.822418,-306.934265
33.1532189,-132.499878,102.139267,-307.025421
33.1634679,-132.240723,102.605026,-307.381592
33.1737159,-132.412125,101.75769,-307.363464
33.1839629,-132.104172,102.453629,-307.534912
33.1942119,-132.150513,101.329788,-307.830139
33.2044589,-131.829224,102.244644,-308.077759
33.2147069,-131.931534,101.2444,-308.148529
33.2249549,-131.726578,101.688782,-308.292328
33.2352029,-131.51561,101.025162,-308.280792
33.2454509,-131.193314,101.431229,-308.576782
33.2556979,-131.144226,100.69957,-308.857849
33.2659469,-130.79747,101.281113,-309.159546
33.2761949,-130.932495,100.536987,-309.13324
33.2864429,-130.471283,100.833115,-309.44519
33.2966919,-130.498566,100.730072,-309.500366
33.3069399,-130.269913,100.874725,-309.42627
33.3171879,-130.20752,100.76355,-309.55661
33.3274359,-130.352844,100.472046,-310.070312
33.3376839,-130.226517,100.720047,-309.683289
33.3479319,-130.038315,100.396561,-309.999786
33.3581789,-130.160751,100.663361,-310.187683
33.3684259,-130.300079,100.323364,-310.681122
33.3786729,-130.103729,100.568268,-310.539001
33.3889209,-130.251022,100.428467,-310.425751
33.3991679,-130.293716,100.824219,-310.754517
33.4094159,-130.436691,100.495346,-311.238861
33.4196629,-130.50412,100.798737,-310.874817
33.4299109,-130.523758,100.492569,-311.078064
33.4401589,-130.646774,100.346802,-311.02832
33.4504069,-130.73349,100.453598,-310.754395
33.4606559,-130.766983,100.341415,-311.150635
33.4709049,-130.933807,100.576172,-311.291992
33.4811519,-131.030472,100.545013,-311.159607
33.4913999,-131.274307,100.447159,-311.601562
33.5016479,-131.328415,100.677902,-311.280334
33.5118949,-131.286072,100.774323,-311.496277
33.5221429,-131.216293,100.937851,-311.803711
33.5323919,-131.174484,100.875214,-311.941223
33.5426399,-131.126251,101.161743,-312.165558
33.5528869,-131.22403,100.740143,-312.434814
33.5631349,-130.954605,101.190033,-312.4776
33.5733829,-131.364212,100.743988,-312.616516
33.5836309,-131.149567,101.140961,-312.693756
33.5938779,-131.154877,100.428162,-312.456207
33.6041259,-131.177063,101.087051,-312.876343
33.6143739,-131.359909,100.24028,-312.802856
33.6246219,-131.115494,100.878052,-313.055237
33.6348699,-131.308258,100.020599,-313.355408
33.6451179,-131.201523,100.657196,-313.358673
33.6553659,-131.263184,99.8358765,-313.264099
33.6656139,-130.876083,100.662628,-313.711365
33.6758619,-131.381439,99.8127289,-313.462128
33.6861109,-131.05513,100.63002,-313.836426
33.6963579,-131.353516,99.9472351,-313.643127
33.7066059,-131.2836,100.562149,-313.862061
33.7168539,-131.328476,100.187698,-313.841583
33.7271019,-131.605362,100.345139,-314.149841
33.7373499,-131.423218,100.288956,-314.160645
33.7475979,-131.632263,99.9689026,-314.403656
33.7578459,-131.481873,99.6433258,-314.61145
33.7680939,-131.191086,99.5325775,-314.646484
33.7783419,-130.825394,99.5190735,-314.58844
33.7885889,-130.944824,99.1586914,-314.859314
33.7988369,-130.737122,99.477951,-314.760071
33.8090849,-130.91861,99.0778809,-314.80777
33.8193339,-131.00296,99.5222626,-315.180603
33.8295819,-131.153412,99.3951416,-315.234131
33.8398299,-131.672302,99.7542877,-315.312317
33.8500769,-131.965942,99.5063019,-315.422302
33.8603249,-132.247971,99.6079102,-315.254822
33.8705729,-132.206772,99.225769,-315.361145
33.8808199,-132.084976,98.9915314,-315.441589
33.8910679,-131.651566,98.427536,-315.406555
33.9013149,-131.285263,98.1461639,-315.610199
33.9115629,-131.1008,97.7371826,-316.067535
33.9218109,-130.701828,97.5724792,-315.779846
33.9320579,-130.482697,97.5964813,-316.039856
33.9423049,-130.306641,97.6682892,-316.289917
33.9525529,-130.39653,97.64711,-316.172577
33.9628009,-130.316086,98.1101685,-316.259064
33.9730489,-130.348785,97.7870331,-316.282898
33.9832959,-130.506302,98.1980743,-316.847473
33.9935439,-130.556473,97.8927612,-316.62854
34.0037919,-130.383499,98.288208,-316.931366
34.0140389,-130.67836,97.5038452,-316.713837
34.0242869,-130.476028,98.0416565,-317.169617
34.0345339,-130.557358,97.222702,-317.144531
34.0447819,-130.156052,98.0569153,-317.280365
34.0550289,-130.098328,97.4978485,-317.558228
34.0652759,-129.5672,98.305191,-317.776733
34.0755249,-129.76059,97.9206085,-317.740723
34.0857729,-129.518738,98.6832428,-318.382507
34.0960209,-129.485214,98.2708435,-317.961304
34.1062689,-129.366562,98.8800964,-318.34494
34.1165169,-129.393875,98.4920654,-318.111328
34.1267649,-129.237137,99.0011444,-318.512085
34.1370129,-129.361984,98.6011658,-318.192749
34.1472609,-129.478455,98.7320862,-318.759613
34.1575099,-129.337753,99.0314789,-318.633179
34.1677569,-129.430847,98.7159119,-319.018738
34.1780049,-129.277893,98.9539642,-319.020508
34.1882519,-129.144455,99.0275116,-319.417419
34.1985009,-128.926956,99.4944153,-319.857727
34.2087489,-128.754578,99.4240112,-319.880005
34.2189975,-128.680954,99.9200439,-319.953674
34.2292455,-128.332306,99.8193207,-320.1474
34.2394935,-128.200592,100.366409,-320.582489
34.2497425,-128.27211,100.230453,-320.991241
34.2599905,-128.063843,100.423447,-320.979553
34.2702385,-128.253113,100.232727,-321.13974
34.2804855,-128.400986,100.35939,-321.371826
34.2907335,-128.349503,100.411575,-321.212555
34.3009815,-128.678528,100.328491,-321.268555
34.3112295,-128.639465,100.228271,-321.511902
34.3214775,-128.726624,100.007111,-321.393005
34.3317265,-129.165588,99.7982483,-321.716614
34.3419745,-129.099091,99.7108612,-321.69812
34.3522225,-129.052444,99.6691742,-321.359863
34.3624705,-129.169113,99.6151581,-321.952423
34.3727195,-129.246918,99.3865509,-321.870758
34.3829675,-129.415283,99.3244629,-322.075836
34.3932155,-129.428375,99.1528778,-322.19574
34.4034635,-129.140244,99.1751099,-322.504578
34.4137105,-129.336746,98.7517242,-321.98761
34.4239595,-129.257217,99.2255554,-322.413635
34.4342075,-129.310013,98.6251678,-322.307373
34.4444555,-129.066345,98.997757,-323.127075
34.4547035,-129.116486,98.4144135,-322.947876
34.4649505,-128.961227,98.9514008,-323.268311
34.4751985,-129.045685,98.1040649,-323.184204
34.4854455,-128.989288,98.7034149,-323.965851
34.4956935,-128.958664,97.9488983,-323.676331
34.5059415,-128.895889,98.5881042,-324.238708
34.5161895,-128.948181,98.3953094,-324.072327
34.5264375,-128.658401,99.0101929,-325.130585
34.5366845,-129.034485,98.5281982,-324.634521
34.5469325,-128.656448,99.1076202,-324.994995
34.5571785,-128.553864,98.6550293,-324.687683
34.5674255,-128.064163,99.0367584,-325.409943
34.5776725,-127.644943,98.8674927,-325.277588
34.5879205,-127.042297,98.7029114,-325.788879
34.5981675,-126.849136,98.7230682,-326.248688
34.6084145,-126.215149,98.5640411,-326.511597
34.6186615,-125.796371,98.677063,-326.720367
34.6289095,-125.353394,98.3234406,-326.96051
34.6391575,-125.346664,98.3774872,-327.088135
34.6494045,-125.164963,97.9490814,-327.289734
34.6596525,-125.334824,98.242691,-327.559418
34.6699005,-125.558624,97.7327423,-327.506836
34.6801485,-125.547134,97.8747711,-327.60083
34.6903965,-125.732269,97.5529022,-327.695343
34.7006445,-126.143356,97.7687988,-327.918518
34.7108915,-126.144882,97.5879974,-328.029907
34.7211405,-125.950012,97.5666962,-328.055359
34.7313885,-125.991653,97.6322784,-328.487122
34.7416365,-125.842422,97.8111572,-328.692383
34.7518845,-125.415726,97.9999084,-328.913208
34.7621325,-125.16362,98.0540924,-329.437927
34.7723805,-125.029373,98.0447388,-329.409729
34.7826275,-124.624557,98.251236,-329.612244
34.7928755,-123.919128,98.3717499,-329.748444
34.8031235,-123.927017,98.4955292,-329.946472
34.8133715,-123.860947,98.2861481,-330.070312
34.8236185,-123.719086,98.8015442,-330.285461
34.8338665,-123.75592,98.371933,-330.091736
34.8441155,-123.527634,98.5440063,-330.721985
34.8543635,-123.429932,98.4604187,-330.48703
34.8646105,-123.423843,98.6060638,-331.216949
34.8748585,-123.553406,98.1001434,-331.098083
34.8851055,-123.224808,98.8780975,-331.282715
34.8953535,-123.045792,98.261673,-331.574524
34.9056005,-123.077866,98.9870758,-331.697754
34.9158475,-123.13501,98.6497955,-331.774536
34.9260945,-123.167114,98.9950867,-332.287109
34.9363415,-123.151154,98.7152252,-332.111298
34.9465875,-123.118713,99.3378754,-332.45575
34.9568345,-123.21846,98.8595123,-332.067627
34.9670815,-123.062759,99.3631744,-332.907471
34.9773285,-123.449722,98.8471069,-332.527618
34.9875765,-123.335342,99.4317932,-332.943268
34.9978235,-123.449509,99.2189026,-333.092316
35.0080705,-123.555038,98.9971008,-333.204285
35.0183185,-123.602371,99.1096191,-333.106659
35.0285655,-123.629211,98.9237976,-333.07196
35.0388135,-123.941818,99.0613403,-333.487671
35.0490605,-124.100342,98.8865814,-333.309875
35.0593085,-124.306717,98.690155,-333.48175
35.0695555,-124.353683,98.6885834,-333.650452
35.0798025,-124.446991,98.7845612,-333.500671
35.0900505,-124.665115,98.7015381,-333.834076
35.1002975,-124.72023,98.58284,-333.776642
35.1105455,-124.647003,98.4323425,-333.489136
35.1207935,-124.738571,98.3978271,-333.864166
35.1310425,-124.609329,98.4248657,-333.871582
35.1412905,-124.389297,98.2919312,-333.789337
35.1515385,-124.438065,98.4076691,-334.08844
35.1617865,-124.540024,98.6541138,-333.84491
35.1720345,-124.591141,98.6906128,-333.764648
35.1822825,-124.779678,98.919281,-333.887146
35.1925315,-125.057327,98.8440857,-333.940399
35.2027795,-125.270615,98.6675568,-333.832031
35.2130285,-125.435486,98.7217102,-333.668213
35.2232779,-125.289719,98.5868683,-333.72113
35.2335259,-125.294586,98.6146545,-333.751465
35.2437749,-125.042252,98.5082855,-333.921844
35.2540229,-124.857422,98.5608368,-333.726959
35.2642709,-124.88678,98.726944,-334.080566
35.2745199,-124.681915,98.7161102,-333.645966
35.2847679,-124.512817,99.3098145,-334.066101
35.2950159,-124.889572,99.0276337,-333.602905
35.3052649,-124.729935,99.3410492,-333.894104
35.3155129,-125.383621,99.0421906,-333.471313
35.3257619,-125.212021,99.3945312,-333.450867
35.3360109,-125.57457,99.0990448,-333.37796
35.3462589,-125.539719,99.4511414,-333.311951
35.3565069,-126.039078,99.1571198,-332.955994
35.3667549,-125.869446,99.4549713,-333.239471
35.3770029,-126.186157,99.3875885,-332.54776
35.3872509,-126.078171,99.8033752,-332.768646
35.3974989,-126.108856,99.8810425,-332.876068
35.4077469,-126.153976,100.225494,-332.71936
35.4179949,-126.097763,100.250458,-332.739563
35.4282439,-125.890274,100.662308,-333.065308
35.4384919,-125.832947,100.920319,-332.512878
35.4487399,-125.752945,101.272232,-332.895935
35.4589869,-126.118378,101.475967,-333.150696
35.4692349,-125.806213,101.508194,-332.713837
35.4794839,-126.159622,101.871567,-332.710083
35.4897319,-126.280746,102.169098,-333.11731
35.4999799,-126.471359,102.399567,-332.815674
35.5102279,-126.744766,102.452835,-332.819519
35.5204769,-126.616013,102.629166,-332.626892
35.5307259,-126.691635,102.758667,-332.535706
35.5409749,-126.930771,102.769958,-332.189789
35.5512229,-127.16011,102.717743,-332.122345
35.5614709,-127.386551,102.954163,-332.383057
35.5717179,-127.53299,102.873444,-332.088196
35.5819669,-127.853989,103.089035,-331.760742
35.5922139,-128.078262,103.138107,-331.688721
35.6024629,-128.317657,103.067398,-331.306702
35.6127099,-128.407318,103.031174,-331.100494
35.6229579,-128.793777,103.165558,-331.153229
35.6332059,-129.176498,102.845901,-330.39447
35.6434539,-129.331879,103.143219,-330.761597
35.6537029,-129.621017,102.767441,-330.259735
35.6639509,-130.033035,102.971832,-330.491272
35.6741989,-130.639389,102.569138,-329.616211
35.6844469,-130.781464,102.657471,-329.891602
35.6946949,-131.082382,102.35997,-329.377716
35.7049429,-131.461853,102.48584,-329.363464
35.7151919,-131.97403,101.900146,-328.869171
35.7254399,-132.174835,102.039581,-329.044861
35.7356889,-132.578964,101.586639,-328.376099
35.7459379,-132.7258,101.792801,-328.352112
35.7561859,-133.188812,101.148895,-327.765259
35.7664349,-133.02449,101.28476,-327.9841
35.7766829,-132.799072,100.988785,-327.311035
35.7869309,-132.748734,101.242844,-327.695526
35.7971799,-132.695206,101.365967,-327.50647
35.8074279,-132.203629,102.044693,-327.649414
35.8176759,-132.310516,102.330505,-327.356323
35.8279239,-132.031372,102.945297,-327.581787
35.8381729,-131.937805,103.523041,-327.3927
35.8484209,-131.733871,104.147705,-327.242676
35.8586689,-131.708893,104.428467,-327.252075
35.8689179,-131.774078,104.435562,-327.209351
35.8791659,-131.755295,104.580978,-326.777496
35.8894149,-131.516525,104.560501,-327.094482
35.8996649,-131.624832,104.438782,-326.857849
35.9099129,-131.528214,104.12587,-326.558411
35.9201609,-131.355728,104.344254,-326.559509
35.9304079,-131.458694,104.006638,-326.421387
35.9406569,-131.533066,104.003876,-326.16626
35.9509049,-131.707535,103.695129,-326.001556
35.9611519,-131.712387,103.664078,-325.852173
35.9713999,-131.769882,103.456223,-325.334229
35.9816489,-132.110168,103.442856,-325.023804
35.9918969,-132.250458,103.085922,-325.261566
36.0021459,-132.372437,102.736938,-324.927917
36.0123939,-132.386917,102.528046,-324.71936
36.0226429,-132.219955,102.346527,-324.669312
36.0328909,-132.164948,102.123413,-324.459961
36.0431389,-132.168472,102.147507,-324.348724
36.0533879,-132.045578,101.956772,-324.454193
36.0636369,-132.016159,101.830475,-324.402557
36.0738849,-131.602539,101.712784,-323.729767
36.0841349,-131.632004,101.47641,-324.021179
36.0943849,-131.371826,101.495514,-323.83606
36.1046339,-131.439697,101.73909,-323.854492
36.1148819,-131.366653,101.457001,-323.390564
36.1251299,-131.278778,101.752304,-323.694702
36.1353779,-131.254608,101.540604,-323.173126
36.1456259,-131.222946,101.95105,-323.282104
36.1558739,-131.189194,101.683716,-322.755341
36.1661219,-131.060333,102.00708,-323.176208
36.1763709,-131.303558,101.696442,-322.825928
36.1866189,-131.032104,102.075333,-323.037109
36.1968679,-131.207794,101.934052,-322.976318
36.2071159,-131.253082,102.147156,-322.792206
36.2173636,-131.348267,102.064789,-322.388184
36.2276126,-131.489838,102.707108,-322.890594
36.2378616,-131.676712,102.377243,-322.572327
36.2481106,-132.10881,102.889771,-322.995697
36.2583596,-132.731842,102.639755,-322.464783
36.2686086,-132.730804,103.009766,-322.623474
36.2788576,-132.645981,102.674072,-322.190704
36.2891066,-132.705978,102.778229,-321.780853
36.2993546,-132.406036,102.279526,-321.677551
36.3096036,-132.081207,102.102829,-321.677124
36.3198506,-131.548203,102.024811,-321.848907
36.3300986,-131.138474,101.739273,-322.062286
36.3403466,-130.561005,102.020752,-322.060303
36.3505956,-130.351654,101.830307,-322.368042
36.3608446,-130.075302,101.52301,-322.378662
36.3710936,-129.80513,101.689865,-322.438477
36.3813406,-130.014343,101.246964,-322.129639
36.3915896,-129.91478,101.168823,-321.756531
36.4018376,-129.938538,100.81546,-321.871765
36.4120866,-130.373779,100.405792,-321.811279
36.4223346,-130.432404,100.16011,-321.233337
36.4325826,-130.643951,99.8784637,-320.827057
36.4428306,-131.240387,99.6425476,-320.485504
36.4530786,-131.287521,99.2074738,-320.401306
36.4633266,-131.561111,99.0193787,-319.991699
36.4735746,-131.839188,98.5380707,-319.884094
36.4838236,-131.975296,98.4571838,-319.511597
36.4940706,-131.951035,97.9644775,-319.448364
36.5043186,-131.862793,97.7639923,-319.677979
36.5145646,-131.972733,97.3968658,-319.095459
36.5248126,-131.778458,97.3570404,-319.528137
36.5350596,-131.819107,97.0206451,-319.16983
36.5453076,-132.052658,97.232193,-319.027161
36.5555546,-132.209625,97.1847687,-318.160461
36.5658026,-132.489212,97.5131989,-318.592834
36.5760506,-132.965073,97.3602905,-318.274109
36.5862976,-133.241089,97.5117188,-317.776337
36.5965456,-133.584641,97.0302429,-317.518066
36.6067936,-133.802032,97.0055847,-317.727417
36.6170416,-133.917603,96.6835175,-317.236938
36.6272906,-133.942902,96.4902191,-317.075134
36.6375386,-133.885101,96.1114044,-316.942749
36.6477866,-133.908188,95.9379425,-316.922424
36.6580356,-134.092361,95.9966736,-316.416412
36.6682836,-133.957748,96.2070923,-316.703613
36.6785326,-134.343811,96.2190247,-316.34082
36.6887796,-134.65889,96.6199341,-316.730286
36.6990286,-134.784286,96.6047058,-316.280945
36.7092766,-135.227951,96.5734711,-316.328064
36.7195246,-135.173492,96.8608246,-316.013794
36.7297726,-135.121399,96.510437,-315.753632
36.7400206,-135.426697,96.4477386,-315.593506
36.7502686,-135.245865,96.4690094,-315.952271
36.7605166,-135.313995,96.6107635,-315.587402
36.7707646,-135.284592,96.7328339,-315.65094
36.7810136,-135.172028,96.8321838,-315.771362
36.7912616,-135.180328,97.0888519,-315.465576
36.8015096,-134.970016,97.2976837,-315.682068
36.8117576,-134.936951,97.5503998,-315.81604
36.8220056,-134.993271,97.8012543,-315.628143
36.8322536,-134.938751,97.8470306,-315.861755
36.8425016,-134.81424,98.4573212,-315.97876
36.8527496,-134.851196,98.3915558,-315.760437
36.8629966,-134.833145,98.6541138,-316.126984
36.8732446,-134.791733,98.7923431,-316.016388
36.8834926,-134.923752,99.2127686,-316.047882
36.8937406,-134.996872,99.2795868,-315.829285
36.9039886,-135.121582,99.5182648,-315.927734
36.9142366,-135.098724,99.3831787,-315.291138
36.9244846,-135.391068,99.4026947,-315.622925
36.9347326,-135.060471,99.4216614,-315.544678
36.9449806,-135.3284,99.7186737,-315.67511
36.9552286,-135.018265,99.6879883,-315.571777
36.9654756,-135.138397,99.9017181,-315.801758
36.9757236,-134.961548,99.8556366,-315.70929
36.9859726,-134.961349,100.218674,-315.702209
36.9962196,-135.205322,100.081589,-315.339661
37.0064666,-135.177948,100.319107,-315.709137
37.0167146,-135.338409,100.148743,-315.443512
37.0269626,-135.462708,100.224167,-315.43158
37.0372106,-135.356461,100.090668,-315.039124
37.0474576,-135.396286,100.356781,-315.513885
37.0577056,-135.501831,100.180283,-315.342346
37.0679536,-135.193298,100.287476,-315.271118
37.0782006,-135.399124,100.229507,-315.359283
37.0884476,-135.277969,100.568558,-315.222717
37.0986956,-135.419083,100.523926,-315.526001
37.1089426,-135.277725,100.549042,-315.539581
37.1191906,-134.901047,100.6689,-315.366425
37.1294376,-135.01799,100.535431,-315.203308
37.1396846,-135.002365,100.803818,-315.347778
37.1499326,-135.181686,100.820694,-315.227692
37.1601796,-135.183182,100.865311,-315.500061
37.1704276,-135.238632,100.734283,-315.27179
37.1806746,-135.137817,101.028,-315.183533
37.1909226,-135.112183,100.734604,-315.394531
37.2011696,-135.457016,100.920975,-315.350342
37.2114176,-135.367249,100.933517,-315.408325
37.2216656,-135.33255,101.074463,-315.285767
37.2319126,-135.494843,100.867279,-315.16156
37.2421596,-135.671341,101.036194,-315.052185
37.2524066,-135.84021,100.933487,-315.085693
37.2626546,-136.077576,100.799744,-315.235291
37.2729016,-136.029556,100.788498,-315.05304
37.2831486,-136.222916,100.775818,-314.561646
37.2933956,-136.118881,100.274536,-314.481354
37.3036426,-136.523392,100.576859,-314.33136
37.3138906,-136.352921,100.189972,-314.141541
37.3241376,-136.720474,100.01944,-314.149994
37.3343866,-137.039841,100.16478,-314.120239
37.3446336,-137.085144,100.248306,-314.063751
37.3548816,-137.236328,100.033722,-313.507599
37.3651296,-137.403,100.277786,-313.908569
37.3753786,-137.487762,100.322098,-313.517883
37.3856266,-137.613419,100.441788,-313.574066
37.3958736,-137.688309,100.375122,-313.122162
37.4061216,-137.522568,100.281799,-313.421509
37.4163696,-137.539551,100.112671,-313.28009
37.4266166,-137.402802,100.160599,-313.344055
37.4368646,-137.313736,99.8469543,-313.189941
37.4471126,-137.034973,100.100601,-313.75351
37.4573596,-136.83815,99.7506561,-313.387878
37.4676066,-136.532471,99.9953461,-313.525391
37.4778546,-136.21846,99.6835327,-313.000732
37.4881026,-136.378006,99.8684387,-313.934143
37.4983496,-136.501633,99.7910614,-313.706909
37.5085966,-136.311676,99.776886,-313.698303
37.5188446,-136.389709,99.657486,-313.646484
37.5290916,-136.485474,99.542038,-313.303467
37.5393386,-136.60701,99.5802612,-313.229645
37.5495856,-136.443146,99.4779053,-313.495728
37.5598326,-136.664536,99.5466309,-313.405945
37.5700786,-136.619568,99.6420288,-313.248352
37.5803256,-136.478027,99.6322784,-313.145447
37.5905726,-136.299942,99.5708466,-313.333893
37.6008206,-136.322266,99.779953,-313.605774
37.6110676,-136.052216,99.65242,-313.603668
37.6213146,-136.128876,99.8369598,-313.601746
37.6315616,-135.860825,99.9673462,-313.657654
37.6418086,-135.878815,100.228638,-313.818481
37.6520566,-135.773636,100.171036,-313.846893
37.6623036,-135.821487,100.146484,-313.581451
37.6725496,-135.713959,100.283432,-313.555054
37.6827966,-135.87706,100.239105,-313.554443
37.6930426,-136.007797,100.404922,-313.73175
37.7032896,-135.939484,100.515549,-313.62085
37.7135366,-135.966064,100.593552,-313.769287
37.7237836,-135.876984,100.66835,-313.687927
37.7340306,-135.933121,100.740021,-313.649933
37.7442786,-135.681168,100.866013,-314.060303
37.7545256,-135.605087,101.11615,-313.829102
37.7647736,-135.85199,101.112686,-313.648346
37.7750216,-135.836304,101.361877,-313.768616
37.7852686,-135.948532,101.475204,-314.254028
37.7955156,-136.064087,101.520554,-313.580444
37.8057626,-136.093048,101.635315,-313.919495
37.8160106,-136.236481,101.749969,-313.709869
37.8262576,-136.233139,101.836868,-313.948975
37.8365046,-136.490311,101.903854,-313.717194
37.8467516,-136.279922,102.117981,-313.639465
37.8569986,-136.305191,102.143738,-313.353088
37.8672456,-136.153229,102.423386,-313.429138
37.8774926,-136.438202,102.262863,-313.44342
37.8877386,-136.265152,102.345612,-313.808319
37.8979856,-136.232498,102.311813,-313.539886
37.9082336,-136.106216,102.40744,-313.896912
37.9184806,-136.116455,102.42897,-313.396729
37.9287276,-135.784546,102.762604,-313.795837
37.9389756,-135.72168,102.693787,-313.507935
37.9492226,-135.676514,102.739456,-313.660339
37.9594696,-135.533691,102.951614,-313.653412
37.9697166,-135.539856,102.624207,-313.776245
37.9799636,-135.493408,102.999603,-313.886475
37.9902106,-135.319336,102.789185,-314.048431
38.0004576,-135.472778,102.999741,-313.665039
38.0107046,-135.506958,102.935532,-313.807831
38.0209506,-135.605743,103.049164,-313.706726
38.0311986,-135.602325,102.879868,-313.855164
38.0414456,-135.383606,103.005569,-313.480255
38.0516936,-135.347183,102.798355,-313.774353
38.0619406,-135.296265,102.908768,-313.98996
38.0721886,-135.204941,102.712952,-314.031433
38.0824356,-135.060593,102.771057,-313.83136
38.0926826,-134.632828,102.861908,-314.05603
38.1029296,-134.547821,103.092239,-314.451904
38.1131756,-134.624069,102.847275,-314.286743
38.1234226,-134.199036,103.188766,-314.444397
38.1336686,-134.239258,103.181473,-314.421722
38.1439156,-134.311066,103.311066,-314.30896
38.1541616,-134.424973,103.581772,-314.189972
38.1644086,-134.622986,103.834381,-313.975067
38.1746556,-135.12117,103.681778,-313.925781
38.1849016,-135.434326,103.827347,-313.730835
38.1951486,-135.710541,103.873123,-313.34375
38.2053946,-136.09462,103.83873,-313.246033
38.2156416,-136.411804,103.612991,-313.173035
38.2258892,-136.310913,103.557281,-313.163666
38.2361362,-136.612122,103.423004,-312.618164
38.2463832,-136.460648,103.488953,-313.012024
38.2566312,-136.395248,103.484833,-312.90448
38.2668782,-136.41246,103.479691,-313.106262
38.2771262,-136.420624,103.43927,-313.058044
38.2873732,-136.144928,103.697968,-313.045013
38.2976212,-136.317734,103.679047,-313.155884
38.3078682,-136.380127,103.624847,-313.238342
38.3181142,-136.386276,103.696396,-312.765137
38.3283622,-136.299271,103.688828,-313.013672
38.3386082,-136.438934,103.777206,-312.687805
38.3488552,-136.413467,103.909805,-312.704224
38.3591022,-136.664719,103.77533,-312.469055
38.3693482,-136.530075,104.113144,-312.470001
38.3795952,-136.623322,103.90625,-312.626984
38.3898422,-136.560654,104.026855,-312.698761
38.4000892,-136.677536,104.182388,-312.456268
38.4103362,-136.486191,104.200806,-312.63974
38.4205822,-136.798264,104.360275,-312.572174
38.4308282,-136.504211,104.542755,-312.855164
38.4410752,-136.371933,104.587051,-312.777222
38.4513212,-136.239334,104.498825,-312.584045
38.4615672,-136.048767,104.664566,-312.461029
38.4718132,-136.279617,104.702179,-312.373413
38.4820592,-136.283463,105.085724,-312.870605
38.4923062,-136.312454,104.949799,-312.793762
38.5025522,-136.194931,104.974045,-312.686035
38.5127982,-136.246506,105.172394,-312.887634
38.5230452,-136.152451,105.171524,-312.878357
38.5332922,-136.358139,105.14473,-312.493347
38.5435392,-136.371948,105.242859,-312.948029
38.5537862,-136.397797,104.931885,-313.010376
38.5640332,-136.515228,104.900299,-312.804382
38.5742802,-136.507492,105.076279,-312.694031
38.5845262,-136.36171,104.816025,-312.610138
38.5947732,-136.467514,104.982056,-312.580627
38.6050192,-136.568863,105.095566,-313.00293
38.6152662,-136.301483,105.31604,-312.655579
38.6255122,-136.393387,105.460541,-313.00296
38.6357592,-136.374985,105.166901,-312.61377
38.6460072,-136.644562,105.233795,-313.16275
38.6562542,-136.524536,105.03894,-312.277588
38.6665022,-136.813751,105.051743,-312.488678
38.6767492,-137.42392,104.49971,-312.333008
38.6869962,-137.919968,104.052597,-311.625671
38.6972432,-138.614594,103.437164,-311.231323
38.7074892,-139.028656,102.777313,-310.686096
38.7177362,-139.811905,102.413162,-310.418121
38.7279832,-140.214233,102.185333,-310.16861
38.7382302,-140.354111,102.223404,-309.97113
38.7484762,-140.537369,102.0215,-310.004272
38.7587232,-140.435547,102.073166,-309.894653
38.7689702,-139.887634,102.33017,-310.409637
38.7792162,-139.930069,102.337357,-310.318054
38.7894632,-139.717728,102.32193,-310.532715
38.7997092,-139.600616,102.347168,-310.577148
38.8099562,-139.612839,102.213181,-310.72229
38.8202032,-139.56189,102.34761,-310.692993
38.8304502,-139.570541,102.214249,-310.652435
38.8406972,-139.428238,102.365097,-310.675232
38.8509442,-139.385147,102.445068,-310.681763
38.8611912,-139.221008,102.550156,-310.986328
38.8714372,-139.009766,102.589417,-310.987274
38.8816842,-138.710159,102.725418,-311.25415
38.8919312,-138.440964,103.008835,-311.23407
38.9021782,-138.196854,103.0439,-311.464539
38.9124262,-137.92923,103.179108,-311.737366
38.9226742,-137.537567,103.321747,-311.968445
38.9329212,-137.183533,103.466599,-312.051819
38.9431692,-136.982849,103.359573,-312.158508
38.9534172,-136.721024,103.2164,-312.390869
38.9636642,-136.676636,103.17363,-312.823456
38.9739122,-136.405609,103.384079,-312.858215
38.9841602,-136.448929,103.257248,-312.866272
38.9944082,-136.378342,103.058441,-312.78064
39.0046562,-136.284668,103.135056,-313.171417
39.0149032,-135.637726,103.180344,-312.815826
39.0251512,-135.983078,102.963943,-312.939056
39.0353982,-135.703018,103.031067,-312.988586
39.0456462,-135.281113,103.011124,-313.465576
39.0558932,-135.114716,103.158691,-313.11438
39.0661412,-134.938614,103.00827,-313.670197
39.0763892,-134.855164,103.008743,-313.413818
39.0866372,-134.611221,103.020569,-313.740509
39.0968842,-134.467163,103.138,-313.811218
39.1071312,-134.082245,103.165558,-314.244507
39.1173782,-134.004623,103.18605,-314.067688
39.1276262,-133.506531,103.100143,-314.123016
39.1378742,-133.688568,103.053345,-314.083862
39.1481212,-133.368362,103.210693,-314.230804
39.1583682,-133.323868,103.115189,-314.118469
39.1686152,-132.79277,103.383301,-314.813171
39.1788622,-132.943207,103.36969,-314.359192
39.1891102,-132.659256,103.552139,-314.82666
39.1993562,-132.627472,103.608414,-314.543701
39.2096032,-132.537415,103.910248,-314.589691
39.2198502,-132.789795,103.806641,-314.491943
39.230096,-132.656799,104.006775,-314.520447
39.240344,-132.749161,103.759232,-314.217957
39.250592,-132.885529,104.172424,-314.241943
39.260839,-132.956207,103.876175,-314.293457
39.271087,-133.071091,103.812012,-314.269958
39.281335,-133.295746,103.625961,-314.231049
39.291582,-133.301254,103.869919,-314.385681
39.301829,-133.383408,103.709076,-314.220825
39.312076,-132.991898,103.571701,-313.854645
39.322323,-133.306366,103.252914,-313.884857
39.33257,-132.942917,103.248611,-314.279358
39.342818,-132.938705,103.585007,-314.239258
39.353064,-133.005875,102.939453,-314.047974
39.363311,-132.69928,102.988785,-314.061066
39.373559,-132.694427,102.784302,-314.145386
39.383806,-132.566879,102.68605,-314.333008
39.394054,-132.429016,102.423645,-314.269104
39.404301,-132.42337,102.235199,-313.939117
39.414549,-132.507706,101.948761,-314.029297
39.424797,-132.60437,101.894913,-314.071228
39.435045,-132.698654,101.442169,-313.783386
39.445293,-132.759903,101.143433,-313.527222
39.45554,-132.965744,100.690308,-313.463043
39.465787,-133.119934,100.299957,-313.875977
39.476034,-132.970139,99.7788544,-313.05188
39.486281,-132.827316,99.3988647,-313.216736
39.496527,-132.623337,99.1995544,-313.379272
39.506774,-132.250153,98.9988251,-313.378235
39.517021,-131.956131,98.9451141,-313.571228
39.527267,-131.662476,99.2710419,-314.146973
39.537515,-131.750809,99.5522614,-313.861755
39.547762,-131.409332,99.7788239,-314.063995
39.558009,-131.773376,100.218292,-313.955994
39.568256,-131.659653,100.628372,-314.215393
39.578504,-131.747787,100.760132,-313.979858
39.588752,-131.591583,100.810928,-314.129364
39.599,-131.828094,100.598495,-314.004639
39.609247,-131.807709,100.457855,-313.960876
39.619494,-131.816101,100.297867,-313.67157
39.629742,-131.736237,100.314819,-313.918579
39.63999,-132.105667,100.455688,-313.627411
39.650237,-132.086884,100.578629,-313.662231
39.660484,-132.335068,100.73233,-313.577209
39.670732,-132.619446,101.062057,-313.632874
39.680979,-132.772232,101.034317,-313.348145
39.691227,-133.130646,101.12468,-313.598694
39.701474,-133.282211,101.16153,-313.27948
39.711722,-133.23201,101.338638,-313.4505
39.721969,-133.344696,101.370743,-313.318237
39.732217,-133.460678,101.425201,-313.287842
39.742464,-133.436172,101.71196,-313.349304
39.752712,-133.52829,101.899902,-313.327423
39.762959,-133.620926,102.366028,-313.174805
39.773206,-133.777191,102.445663,-312.992828
39.783454,-133.87529,102.745407,-313.530884
39.793702,-133.925476,103.153809,-313.121094
39.803949,-133.940567,103.568512,-312.960693
39.814197,-134.115616,103.647552,-313.14563
39.824444,-134.100952,103.94632,-312.929535
39.834691,-134.129333,104.175446,-312.900818
39.844939,-134.349442,104.577225,-312.626434
39.855186,-134.534775,104.865692,-312.933044
39.865433,-134.466003,105.127548,-312.4823
39.875681,-134.607147,105.214432,-312.659882
39.885929,-134.869064,105.484222,-312.363037
39.896177,-134.993362,105.459488,-312.277344
39.906425,-135.097778,105.704422,-311.956543
39.916673,-135.018265,105.812057,-311.824524
39.926921,-135.272232,105.990067,-311.994507
39.937169,-135.214798,106.178116,-311.79657
39.947417,-134.818878,106.37854,-311.595825
39.957665,-135.065659,106.296097,-311.75943
39.967913,-134.872696,106.696625,-312.023621
39.978161,-135.11824,106.895218,-311.619446
39.988408,-134.987579,107.126831,-312.132599
39.998656,-134.848114,107.237305,-311.855896
40.008904,-134.725174,107.482101,-312.174225
40.019153,-134.910568,107.205597,-311.823578
40.029401,-134.705048,106.948975,-311.565979
40.039649,-134.855957,107.063141,-311.881165
40.049897,-134.674683,106.799988,-311.827179
40.060146,-134.734543,106.782059,-311.778625
40.070394,-134.463272,106.823853,-311.857056
40.080642,-134.47168,106.732742,-312.061584
40.09089,-134.43132,106.8181,-311.842834
40.101138,-134.238525,106.785034,-311.810974
40.111386,-134.067749,106.624207,-311.945374
40.121633,-134.246811,106.82579,-311.871521
40.131881,-134.11673,106.573166,-311.968506
40.142129,-134.169464,106.394623,-312.140747
40.152376,-134.208572,106.328964,-312.156891
40.162624,-133.951126,106.346649,-311.878998
40.172872,-134.000076,106.259506,-312.068298
40.18312,-134.188812,105.908615,-312.202728
40.193367,-134.099182,106.169022,-311.901794
40.203615,-134.218781,105.807892,-311.910828
40.213863,-134.351929,105.891037,-311.709198
40.2241117,-134.613449,105.916901,-311.667114
40.2343587,-134.729614,105.834671,-311.449158
40.2446067,-134.76474,105.883453,-311.441101
40.2548547,-134.854721,106.100632,-311.63269
40.2651017,-134.72934,106.033554,-311.390137
40.2753487,-134.576202,105.895035,-311.593445
40.2855967,-134.423981,106.210632,-311.575684
40.2958447,-134.217102,106.071594,-311.566406
40.3060917,-133.927292,106.332779,-312.048523
40.3163397,-133.503387,106.144745,-311.817566
40.3265877,-133.440125,106.330627,-311.92334
40.3368357,-133.208664,106.304626,-312.115295
40.3470837,-133.210754,106.202255,-312.210083
40.3573307,-133.061508,106.418655,-311.983856
40.3675787,-132.956879,106.285797,-311.950928
40.3778257,-133.190109,106.321259,-312.130005
40.3880727,-133.092361,106.082443,-312.079407
40.3983197,-133.562286,105.906296,-311.9245
40.4085677,-133.382507,105.807602,-311.649536
40.4188157,-133.723816,105.712982,-311.830017
40.4290627,-133.574234,105.580048,-311.746155
40.4393097,-133.650284,105.648026,-311.456299
40.4495577,-133.34111,105.577774,-311.602722
40.4598057,-133.451218,105.407471,-311.462738
40.4700527,-133.153473,105.303726,-311.517517
40.4802997,-133.067337,105.228516,-311.769165
40.4905477,-132.85231,105.203339,-311.674225
40.5007957,-132.764008,104.819687,-311.664062
40.5110437,-132.638763,104.888947,-311.903198
40.5212907,-132.671341,104.897736,-311.51413
40.5315377,-132.701645,104.919891,-311.952209
40.5417857,-132.702545,104.893173,-311.953979
40.5520337,-132.895599,104.66124,-311.761993
40.5622807,-132.716537,104.941788,-311.71283
40.5725287,-132.782837,104.667862,-311.864014
40.5827767,-132.575394,104.684128,-311.570374
40.5930247,-132.339645,104.669403,-311.693481
40.6032717,-132.318985,104.7043,-311.78537
40.6135187,-132.42569,104.504486,-311.781067
40.6237657,-132.345032,104.665527,-311.549438
40.6340137,-132.424164,104.519592,-311.779022
40.6442597,-132.516907,104.775314,-311.597717
40.6545067,-132.306839,104.804337,-311.523621
40.6647537,-132.526367,104.765747,-311.765015
40.6750007,-132.355881,105.002823,-311.341858
40.6852477,-132.733856,104.814194,-311.560669
40.6954947,-132.65358,104.928818,-311.332764
40.7057417,-133.021439,104.906128,-311.260284
40.7159887,-132.778168,104.840637,-311.421326
40.7262357,-132.906006,104.838181,-310.9505
40.7364837,-133.020493,104.776199,-311.397888
40.7467307,-133.091202,104.999603,-311.054504
40.7569777,-132.878998,104.963699,-310.734192
40.7672257,-132.86615,105.091263,-311.070068
40.7774737,-132.807343,104.714828,-310.863464
40.7877217,-132.541687,104.883026,-311.016724
40.7979697,-132.37912,105.134338,-311.196899
40.8082177,-132.302414,105.153137,-311.340576
40.8184657,-132.303207,105.082748,-311.151581
40.8287137,-132.199722,105.085205,-311.238525
40.8389617,-132.243271,105.436172,-311.139404
40.8492087,-132.321106,105.188171,-310.869934
40.8594567,-132.475967,105.281601,-310.722168
40.8697047,-132.500519,105.032257,-310.738647
40.8799517,-132.462326,104.927261,-310.457306
40.8902007,-132.305161,104.861969,-310.608337
40.9004477,-132.392609,104.684586,-310.776733
40.9106957,-132.268051,104.639511,-310.914368
40.9209437,-132.461151,104.442337,-310.764923
40.9311907,-132.409698,104.483704,-310.860321
40.9414377,-132.420853,104.205399,-310.724487
40.9516847,-132.258331,104.533691,-311.189758
40.9619327,-132.514404,104.365051,-310.90802
40.9721807,-132.410172,104.523178,-310.794739
40.9824297,-132.318893,104.49205,-310.760254
40.9926777,-132.447388,104.712677,-310.366821
41.0029267,-132.732254,104.519882,-310.504395
41.0131747,-132.69606,104.625168,-310.207886
41.0234227,-132.877914,104.84317,-310.49762
41.0336707,-132.683441,104.962296,-310.345581
41.0439187,-132.48143,104.966507,-310.324768
41.0541667,-132.477844,104.827545,-310.400574
41.0644147,-132.051041,104.691269,-310.348206
41.0746617,-131.869751,104.846848,-310.634094
41.0849097,-131.436127,104.943451,-310.656281
41.0951577,-131.227631,104.929672,-310.933228
41.1054057,-131.005264,105.11441,-310.938721
41.1156527,-131.181976,105.439316,-310.760071
41.1259007,-131.497498,105.303085,-310.500488
41.1361487,-131.751984,105.461288,-310.567993
41.1463957,-131.818604,105.435516,-310.425293
41.1566437,-132.120255,105.289322,-310.259033
41.1668917,-132.159286,105.417786,-310.368805
41.1771387,-132.334946,105.354919,-309.890747
41.1873857,-132.292114,105.245529,-310.145691
41.1976337,-132.418381,105.329163,-310.098297
41.2078817,-132.343521,105.350723,-310.333862
41.2181297,-132.490219,105.420593,-310.012817
41.2283763,-132.300583,105.59053,-309.937683
41.2386233,-132.58107,105.604065,-309.643677
41.2488703,-132.520447,105.656708,-309.705566
41.2591163,-132.780533,105.807663,-309.945984
41.2693633,-132.579712,105.916977,-309.662903
41.2796113,-132.744965,105.866272,-309.522644
41.2898583,-132.569199,105.718872,-309.442902
41.3001053,-132.700668,106.003586,-309.485504
41.3103523,-132.55835,105.989807,-309.434021
41.3205993,-132.696167,105.968704,-309.487244
41.3308463,-132.501602,106.061783,-309.471863
41.3410943,-132.669678,106.159088,-309.567139
41.3513413,-132.496063,106.220901,-309.465759
41.3615893,-132.501968,106.297424,-309.441162
41.3718373,-132.382767,106.337982,-309.546082
41.3820843,-132.501709,106.208038,-309.213196
41.3923323,-132.636642,106.369766,-309.046265
41.4025803,-132.516937,106.285797,-309.202942
41.4128283,-132.644928,106.299225,-309.253906
41.4230763,-132.832977,106.596237,-309.59314
41.4333243,-132.902145,106.464737,-309.581726
41.4435713,-133.244171,106.42012,-309.555634
41.4538193,-133.425858,106.437683,-309.595398
41.4640673,-133.32457,106.325363,-308.682678
41.4743153,-133.64679,106.446106,-309.453674
41.4845623,-133.840012,106.480835,-309.189697
41.4948103,-133.655289,106.469101,-308.835632
41.5050573,-134.022751,106.306396,-308.813141
41.5153043,-134.003586,106.414108,-308.911438
41.5255523,-134.055771,106.312073,-308.755249
41.5358003,-134.296585,106.174789,-308.942932
41.5460483,-134.415634,106.32782,-309.013855
41.5562963,-134.390091,106.05986,-308.895691
41.5665443,-134.51297,105.66478,-308.35968
41.5767923,-134.52977,105.901459,-308.396973
41.5870393,-134.667023,105.48822,-308.146912
41.5972873,-134.83313,105.266251,-308.036987
41.6075353,-135.112259,104.985046,-308.275635
41.6177823,-135.01088,104.684937,-307.800049
41.6280303,-135.066544,104.386246,-307.792328
41.6382773,-135.304398,104.335526,-308.08075
41.6485253,-135.247559,104.097366,-307.925293
41.6587733,-135.047211,104.080093,-307.65213
41.6690223,-135.058273,103.942871,-307.850281
41.6792713,-135.291977,104.110565,-307.585785
41.6895183,-135.197968,103.835464,-307.75531
41.6997673,-135.291656,103.90979,-307.412964
41.7100153,-135.183029,104.079453,-307.379669
41.7202643,-135.455002,103.988586,-307.210938
41.7305123,-135.471283,103.874557,-307.540405
41.7407603,-135.43541,103.850372,-307.280823
41.7510093,-135.264206,103.715317,-307.426147
41.7612573,-135.377792,103.759369,-307.431641
41.7715043,-135.15033,103.264542,-307.522797
41.7817523,-135.026215,103.455475,-307.688629
41.7920003,-134.462097,103.134476,-307.998352
41.8022483,-134.337997,103.228088,-307.914886
41.8124963,-134.067749,103.072311,-308.218811
41.8227443,-133.733932,103.312836,-308.20047
41.8329913,-133.646057,103.168716,-308.251709
41.8432393,-133.593857,103.148544,-308.323425
41.8534873,-133.587051,103.157501,-308.079132
41.8637353,-133.514801,103.114868,-308.310425
41.8739833,-133.641968,102.892136,-308.321838
41.8842303,-133.539139,102.635971,-308.198303
41.8944773,-133.70549,102.481598,-308.109619
41.9047243,-133.77565,102.383133,-308.004211
41.9149723,-133.643402,102.115524,-308.039246
41.9252203,-133.495972,101.965561,-308.29303
41.9354683,-133.299026,101.759323,-308.040558
41.9457163,-133.265762,101.77774,-308.28772
41.9559643,-133.101227,101.773132,-308.351196
41.9662123,-132.924454,101.74678,-308.517273
41.9764603,-132.854599,101.684204,-308.603119
41.9867083,-132.909744,101.493591,-308.740387
41.9969563,-132.831879,101.379837,-308.642029
42.0072043,-132.694778,101.392578,-308.716522
42.0174533,-132.689972,101.365723,-308.502625
42.0277013,-132.491074,101.392776,-308.562866
42.0379493,-132.597092,101.305435,-308.340515
42.0481973,-132.47699,101.265671,-308.685516
42.0584453,-132.520187,101.395111,-308.574585
42.0686933,-132.190369,101.608231,-308.832764
42.0789413,-132.34642,101.572311,-308.541016
42.0891883,-132.196198,101.577774,-308.83075
42.0994363,-132.321701,101.491531,-308.867249
42.1096853,-132.300034,101.558456,-308.605865
42.1199333,-132.572739,101.624725,-308.615295
42.1301823,-132.427002,101.558395,-308.522888
42.1404303,-132.747192,101.525787,-308.410492
42.1506773,-132.591232,101.717743,-308.534363
42.1609253,-133.033371,101.676758,-308.304138
42.1711723,-133.087906,101.667084,-308.334991
42.1814203,-133.003494,101.66983,-308.303345
42.1916673,-133.055267,101.620087,-308.369263
42.2019153,-133.039032,101.607529,-308.550018
42.2121623,-133.05928,101.663345,-308.370605
42.2224107,-132.808563,101.681259,-308.622986
42.2326587,-133.004242,101.96582,-308.776184
42.2429057,-132.771637,101.966446,-308.612732
42.2531537,-132.760986,101.921143,-308.834412
42.2634007,-132.654938,102.120438,-308.838989
42.2736487,-132.367203,102.105789,-309.081299
42.2838957,-132.476318,102.032303,-308.921692
42.2941437,-132.534012,102.037033,-308.92981
42.3043907,-132.572983,102.033279,-309.292816
42.3146387,-132.527771,102.046051,-308.949493
42.3248867,-132.32608,102.179047,-308.970276
42.3351347,-132.307007,101.788055,-309.220886
42.3453817,-131.96875,101.743973,-309.51236
42.3556287,-131.945023,101.816208,-309.413208
42.3658757,-131.571045,102.01178,-310.071716
42.3761227,-131.139206,102.000565,-310.11261
42.3863707,-130.845398,102.207977,-310.294495
42.3966187,-130.397568,102.474701,-310.647278
42.4068657,-130.082565,102.627914,-310.610535
42.4171137,-129.974136,102.604675,-310.810242
42.4273607,-129.592407,102.903915,-310.994263
42.4376087,-129.465836,103.041306,-310.952881
42.4478557,-129.584702,102.979294,-310.834808
42.4581037,-129.640991,102.973053,-310.764465
42.4683517,-129.602844,103.011597,-310.848785
42.4785997,-130.013702,103.094604,-310.763
42.4888477,-130.116074,102.970139,-310.810181
42.4990967,-130.475296,102.89122,-310.221375
42.5093437,-130.686356,102.819107,-310.464355
42.5195917,-131.185822,102.825806,-310.445496
42.5298397,-131.153595,102.804703,-310.115601
42.5400877,-131.739456,102.845642,-310.150177
42.5503347,-131.584518,102.792648,-309.772583
42.5605837,-132.134949,102.679047,-309.626953
42.5708317,-132.245392,102.576584,-309.661682
42.5810787,-132.4729,102.627213,-309.417145
42.5913277,-132.701828,102.686066,-309.685852
42.6015767,-132.78154,102.585571,-309.760681
42.6118257,-132.974442,102.372314,-309.652344
42.6220737,-132.973129,102.473969,-309.460022
42.6323217,-132.857269,102.581192,-309.370361
42.6425687,-132.975937,102.504486,-309.465546
42.6528167,-132.709106,102.48642,-309.700287
42.6630637,-132.561661,102.665298,-309.61496
42.6733117,-132.750595,102.577835,-309.665466
42.6835597,-132.518311,102.505814,-309.747375
42.6938077,-132.311661,102.872864,-309.742371
42.7040547,-132.343018,102.892654,-309.780457
42.7143027,-132.375504,103.223495,-309.814362
42.7245497,-132.424545,103.36438,-309.644135
42.7347967,-132.488968,103.273544,-309.628906
42.7450437,-132.456772,103.370071,-309.439392
42.7552907,-132.404572,103.742233,-309.712433
42.7655387,-132.514008,103.766556,-310.021423
42.7757857,-132.466232,104.08786,-310.08252
42.7860337,-132.786041,104.142975,-309.992004
42.7962817,-132.762848,104.229492,-309.76059
42.8065287,-132.549149,104.365814,-309.82605
42.8167767,-132.725983,104.418442,-309.641663
42.8270247,-132.658051,104.724243,-309.762695
42.8372727,-132.532623,104.81842,-309.859161
42.8475217,-132.658554,104.709244,-310.137207
42.8577697,-132.592148,105.138443,-309.955139
42.8680177,-132.488663,105.216049,-310.176483
42.8782657,-132.660141,105.174164,-310.076233
42.8885137,-132.446182,105.205002,-310.507202
42.8987617,-132.404404,105.44017,-310.11554
42.9090087,-132.198212,105.554825,-310.404449
42.9192557,-132.414017,105.793091,-310.097473
42.9295027,-132.287766,105.624268,-310.19458
42.9397507,-132.699554,105.597168,-310.058044
42.9499987,-132.36879,105.647629,-310.114594
42.9602467,-132.591858,105.702942,-309.999054
42.9704937,-132.638474,105.403122,-310.026459
42.9807417,-132.697784,105.489304,-310.1698
42.9909897,-132.437439,105.728348,-310.569397
43.0012377,-132.502274,105.757401,-309.891357
43.0114857,-132.333038,105.699371,-310.000946
43.0217337,-132.541122,105.763367,-309.958893
43.0319827,-132.638123,105.560165,-309.925049
43.0422317,-132.662399,105.749557,-309.960876
43.0524807,-132.758179,105.610992,-309.993408
43.0627287,-132.676636,105.464539,-309.896088
43.0729767,-133.064621,105.441406,-309.997192
43.0832237,-132.979172,105.150345,-309.654785
43.0934717,-133.198013,105.344025,-309.740417
43.1037187,-133.625153,105.006149,-309.496826
43.1139667,-133.855408,104.871033,-309.237488
43.1242147,-134.192993,104.600311,-308.866364
43.1344617,-134.300995,104.569061,-308.942078
43.1447097,-134.474838,104.097046,-308.773926
43.1549577,-134.513016,103.965485,-308.882385
43.1652057,-134.45694,103.625946,-308.875061
43.1754527,-134.531403,103.463593,-308.782623
43.1856987,-134.30513,103.233093,-308.837463
43.1959467,-134.431107,103.423019,-309.054626
43.2061947,-134.282104,103.503052,-309.002106
43.2164427,-134.253555,103.515945,-309.06189
43.2266894,-134.328812,103.512634,-308.823761
43.2369374,-134.495804,103.440125,-308.815308
43.2471844,-134.542511,103.458496,-308.69046
43.2574324,-134.390457,103.065399,-308.56485
43.2676804,-134.253235,102.804321,-308.954224
43.2779274,-133.815002,102.569092,-308.833221
43.2881754,-133.725571,102.166428,-309.448944
43.2984234,-133.007614,101.994431,-309.351685
43.3086704,-132.506744,101.793304,-309.975403
43.3189194,-132.099594,101.656738,-310.222565
43.3291674,-131.587952,101.44075,-310.441406
43.3394154,-131.046204,101.519455,-310.677856
43.3496634,-130.659027,101.138489,-310.70462
43.3599104,-130.450241,101.18576,-311.065186
43.3701584,-130.485794,100.711243,-310.939148
43.3804064,-130.504974,100.515839,-310.439941
43.3906534,-130.434433,100.279297,-310.560333
43.4009014,-130.693848,100.176056,-310.585175
43.4111494,-130.624146,99.9186401,-310.453491
43.4213964,-130.975204,99.766037,-310.261688
43.4316444,-130.840088,99.7164154,-310.308502
43.4418924,-131.055161,99.5178528,-310.189087
43.4521404,-130.856934,99.4624939,-309.736145
43.4623884,-130.92131,99.2963409,-310.09375
43.4726364,-130.821259,99.3614197,-310.055481
43.4828844,-130.64328,99.207428,-310.328094
43.4931324,-130.711227,99.3740387,-310.342651
43.5033804,-130.377197,99.3538818,-310.35849
43.5136284,-130.192719,99.5553894,-310.44928
43.5238754,-130.044693,99.6099548,-310.551239
43.5341234,-130.154724,99.6065369,-310.746338
43.5443704,-129.902832,99.5282593,-310.463348
43.5546184,-130.109543,99.5854034,-310.419037
43.5648664,-130.252411,99.4005432,-310.27182
43.5751134,-130.265106,99.4555359,-310.367676
43.5853614,-130.27536,99.3752747,-310.58078
43.5956084,-130.286957,99.3823242,-310.403625
43.6058554,-130.378311,99.4449463,-310.72229
43.6161034,-130.593628,99.3704376,-310.351318
43.6263504,-130.662277,99.4462891,-310.181488
43.6365984,-130.697235,99.4320221,-309.83429
43.6468454,-130.889648,99.5726318,-310.339417
43.6570924,-130.925568,99.5853729,-310.401672
43.6673384,-130.95755,99.7826691,-310.252502
43.6775854,-130.746048,99.6699219,-310.237518
43.6878324,-130.885803,99.6500397,-310.328796
43.6980804,-130.776535,99.7897644,-310.260773
43.7083284,-130.69223,99.5904999,-310.178741
43.7185754,-130.532318,99.8585968,-310.555237
43.7288224,-130.436447,99.7304688,-310.052307
43.7390704,-130.25827,100.136749,-310.290527
43.7493174,-129.956635,100.11113,-310.983246
43.7595644,-130.071548,100.23056,-310.876526
43.7698114,-129.7995,100.147568,-311.057617
43.7800584,-129.730728,100.220566,-311.037415
43.7903064,-129.357956,100.429657,-310.979492
43.8005534,-129.214905,100.493912,-311.098206
43.8108004,-129.090393,100.695053,-311.039825
43.8210484,-129.105057,100.65126,-311.283997
43.8312954,-129.120255,100.673401,-311.243225
43.8415434,-129.163254,100.761551,-311.108704
43.8517914,-129.022018,100.789948,-311.360962
43.8620394,-129.162155,100.834457,-310.976318
43.8722854,-129.403244,100.942154,-311.092285
43.8825324,-129.369095,100.95639,-311.286285
43.8927794,-129.342499,101.155609,-310.947327
43.9030254,-129.663315,101.32428,-310.969788
43.9132734,-129.957367,101.316681,-310.892456
43.9235204,-129.939362,101.377441,-311.073578
43.9337684,-130.377075,101.318924,-310.731659
43.9440154,-130.356216,101.465134,-310.705994
43.9542634,-130.689667,101.364914,-310.77417
43.9645104,-130.824921,101.293839,-310.581726
43.9747574,-130.636551,101.318161,-310.930115
43.9850054,-130.66626,101.199661,-310.417786
43.9952524,-130.669876,101.363876,-310.607971
44.0054994,-130.571304,101.486984,-310.417786
44.0157454,-130.356461,101.682632,-310.612
44.0259924,-130.700455,101.629059,-310.827271
44.0362394,-130.779678,101.939789,-310.988312
44.0464864,-130.71611,102.104019,-310.740723
44.0567334,-130.850647,102.168182,-311.007996
44.0669814,-130.907425,102.084778,-310.547546
44.0772284,-130.919739,102.074509,-310.575989
44.0874764,-130.756271,101.98703,-310.5383
44.0977234,-130.78566,101.963989,-310.459595
44.1079704,-130.528015,101.869644,-310.968781
44.1182174,-130.376282,101.771866,-310.946411
44.1284654,-130.231094,101.750778,-311.096069
44.1387124,-130.362213,101.67691,-310.893188
44.1489594,-130.286118,101.657288,-310.792053
44.1592064,-130.438339,101.739731,-310.845398
44.1694534,-130.416992,101.734833,-310.996643
44.1797004,-130.877914,101.743744,-310.5755
44.1899484,-130.91983,101.572083,-310.747559
44.2001964,-130.955566,101.731064,-310.458069
44.2104434,-131.137863,101.570923,-310.497986
44.2206924,-130.963043,101.813293,-310.6185
44.2309402,-130.910736,101.716965,-310.618225
44.2411872,-131.139236,101.883926,-310.780762
44.2514352,-130.909683,102.175323,-310.374603
44.2616832,-130.77066,102.178513,-310.799377
44.2719312,-130.548294,102.498825,-310.759949
44.2821802,-130.666122,102.853226,-310.962891
44.2924282,-130.685974,102.628616,-310.463623
44.3026762,-130.678177,102.988571,-310.388611
44.3129242,-130.625778,103.073532,-310.899658
44.3231722,-130.793076,103.23172,-310.664154
44.3334202,-130.963608,103.511124,-310.647827
44.3436682,-130.812622,103.334076,-310.447144
44.3539172,-131.031342,103.662506,-310.317383
44.3641652,-130.946228,103.784363,-310.531555
44.3744142,-130.987213,103.92952,-310.39563
44.3846622,-130.905319,104.029755,-310.21759
44.3949102,-131.11322,103.985962,-310.611542
44.4051592,-130.992447,104.073395,-310.432739
44.4154082,-131.120178,104.218384,-310.653961
44.4256572,-131.034851,104.373123,-310.536682
44.4359062,-131.074295,104.51088,-310.786987
44.4461542,-130.956726,104.148361,-310.571716
44.4564022,-130.841583,104.49855,-310.650879
44.4666512,-130.949997,104.575302,-310.757965
44.4768992,-131.112228,104.563324,-310.690063
44.4871482,-131.07431,104.506668,-310.337921
44.4973962,-131.281387,104.608109,-310.700806
44.5076442,-131.295227,104.848969,-310.423889
44.5178922,-131.421967,104.657928,-310.359406
44.5281422,-131.591415,104.684662,-310.568512
44.5383902,-131.727264,104.696991,-310.386749
44.5486392,-131.830734,104.583298,-310.579224
44.5588882,-131.769089,104.538925,-310.274414
44.5691372,-131.775208,104.37468,-310.174866
44.5793852,-132.016724,104.599945,-310.468201
44.5896342,-132.015976,104.149109,-310.302948
44.5998822,-131.885345,104.358704,-310.187531
44.6101302,-131.81424,104.291046,-310.075623
44.6203792,-131.791077,104.402466,-310.147705
44.6306272,-131.633423,104.310455,-310.142822
44.6408762,-131.820679,104.102127,-310.265442
44.6511252,-131.721252,104.009567,-309.892059
44.6613732,-132.057343,103.8815,-309.953125
44.6716212,-131.824066,103.641586,-309.812683
44.6818702,-131.816223,103.573105,-309.689636
44.6921192,-131.959518,103.287018,-309.770966
44.7023672,-131.775543,103.14946,-309.460449
44.7126162,-131.761948,103.025238,-309.63446
44.7228642,-131.666016,103.009308,-309.74054
44.7331132,-131.598312,103.075012,-309.830139
44.7433612,-131.205032,103.439316,-310.208862
44.7536102,-131.243896,103.635025,-310.111511
44.7638582,-131.079071,103.854324,-310.355591
44.7741072,-130.952759,104.287338,-310.316162
44.7843562,-130.752243,104.651642,-310.609985
44.7946042,-130.475586,105.00029,-310.74234
44.8048522,-130.362259,105.048401,-310.7099
44.8151022,-130.354935,105.353836,-310.58844
44.8253502,-130.360458,105.301514,-310.574707
44.8355982,-130.269455,105.452057,-310.633514
44.8458472,-130.278778,105.048279,-310.770569
44.8560962,-130.37883,105.05394,-310.520447
44.8663442,-130.360458,104.677643,-310.717651
44.8765932,-130.18605,104.500214,-310.301636
44.8868422,-130.262131,104.35936,-310.723572
44.8970902,-130.283859,104.305389,-310.692139
44.9073392,-130.091431,104.017883,-310.841492
44.9175882,-130.148315,104.074448,-310.884399
44.9278372,-130.162445,103.854294,-311.141022
44.9380852,-129.966675,104.137009,-310.655396
44.9483342,-129.914825,104.133286,-310.699341
44.9585822,-130.057465,103.782608,-310.791748
44.9688312,-130.141937,103.786896,-310.801758
44.9790802,-130.281357,103.788254,-310.369629
44.9893292,-130.468033,103.665375,-310.437134
44.9995782,-130.7854,103.640244,-310.531891
45.0098272,-130.816376,103.543762,-310.509094
45.0200762,-130.860138,103.27121,-310.244446
45.0303262,-130.5457,103.199524,-310.32666
45.0405752,-130.732666,103.297119,-310.334259
45.0508242,-130.36618,103.202209,-310.252777
45.0610742,-130.356705,103.242035,-310.477692
45.0713242,-130.189423,103.399384,-310.57074
45.0815732,-129.853058,103.58194,-310.794495
45.0918232,-129.717133,103.430908,-310.879761
45.1020732,-129.537445,103.491226,-310.625458
45.1123222,-129.435425,103.666718,-310.928467
45.1225712,-129.337234,103.729416,-311.007507
45.1328202,-129.255249,103.509766,-311.036743
45.1430682,-129.298523,103.643265,-311.033142
45.1533172,-129.115204,103.918579,-310.965759
45.1635672,-129.233398,103.687668,-310.923218
45.1738162,-129.429123,103.704742,-310.823273
45.1840642,-129.420197,103.756973,-310.699127
45.1943132,-129.560547,103.705353,-310.820312
45.2045622,-129.704315,103.706375,-310.5401
45.2148122,-129.742599,103.946152,-310.585297
45.2250612,-129.897446,103.697403,-310.042664
45.2353111,-129.980865,103.871017,-310.38443
45.2455611,-130.058273,103.888855,-310.61322
45.2558101,-130.363586,104.124802,-310.655334
45.2660601,-130.230484,103.872025,-310.623932
45.2763091,-130.321136,104.073639,-310.289398
45.2865591,-130.303604,104.078812,-310.025543
45.2968081,-130.259003,104.016739,-310.224304
45.3070581,-130.298523,104.028198,-310.091858
45.3173081,-129.875549,104.082123,-310.280304
45.3275581,-130.028229,103.822632,-310.289398
45.3378081,-129.643723,103.976486,-310.561035
45.3480581,-129.622894,103.928574,-310.557129
45.3583071,-129.516632,104.039093,-310.842468
45.3685561,-129.569092,104.044052,-311.236572
45.3788061,-129.316284,103.950577,-310.833862
45.3890551,-129.343872,103.915237,-310.820923
45.3993051,-129.592834,103.755661,-310.596985
45.4095541,-129.454941,103.633987,-310.752319
45.4198041,-129.669525,103.56308,-310.522491
45.4300541,-129.651352,103.59671,-310.826752
45.4403031,-129.608948,103.614166,-310.708557
45.4505521,-129.661819,103.375717,-310.48114
45.4608011,-129.782959,103.286987,-310.413391
45.4710511,-129.682327,103.062103,-310.513794
45.4813001,-129.778366,102.967834,-310.394745
45.4915501,-129.587997,102.969009,-310.354401
45.5017991,-129.505722,103.144943,-310.494812
45.5120481,-129.432297,102.945709,-310.341217
45.5222971,-129.406235,102.909729,-310.534485
45.5325461,-129.292908,102.93132,-310.641571
45.5427951,-129.30632,103.036133,-310.541199
45.5530451,-129.259155,102.71019,-310.575073
45.5632941,-129.462891,102.772507,-310.773193
45.5735431,-129.039932,102.838882,-310.359314
45.5837921,-129.24646,103.02597,-310.448486
45.5940421,-129.150452,103.126404,-310.483521
45.6042911,-129.258102,102.997818,-310.207336
45.6145401,-129.661591,103.094467,-310.147949
45.6247891,-129.78537,103.225876,-310.286133
45.6350391,-130.004761,103.292877,-310.451813
45.6452881,-130.046463,103.478912,-309.909729
45.6555361,-130.379974,103.508804,-310.025909
45.6657851,-130.437332,103.396469,-309.985718
45.6760331,-130.449081,103.564529,-309.62146
45.6862821,-130.302994,103.269241,-309.86261
45.6965301,-130.481033,103.088867,-309.668457
45.7067781,-130.443069,102.988602,-309.751007
45.7170271,-130.216217,103.093597,-309.815521
45.7272761,-130.212463,102.820343,-309.771088
45.7375241,-130.390991,102.826935,-310.051208
45.7477731,-130.221161,103.14502,-309.708984
45.7580221,-130.523132,102.845474,-309.564789
45.7682701,-130.613785,102.660828,-309.536621
45.7785191,-130.710617,102.838669,-309.340454
45.7887681,-130.874619,102.752502,-309.559784
45.7990171,-130.954498,102.643616,-309.397186
45.8092661,-131.178665,102.259506,-309.539124
45.8195141,-131.269913,102.219772,-309.31189
45.8297631,-131.104645,102.155762,-309.543762
45.8400111,-131.179016,102.201965,-309.156281
45.8502601,-131.146988,101.908493,-309.209473
45.8605091,-131.417648,101.844467,-308.865479
45.8707571,-131.302292,101.863098,-309.134033
45.8810051,-131.618805,101.866638,-308.869446
45.8912541,-131.528946,101.981369,-309.038788
45.9015031,-131.971619,101.687103,-309.014282
45.9117521,-131.80806,101.899048,-308.601196
45.9220001,-132.237396,101.867126,-308.738281
45.9322481,-132.097519,101.395813,-308.507843
45.9424971,-132.279022,101.265549,-308.337799
45.9527451,-131.950806,101.353836,-307.949463
45.9629941,-131.965561,101.120056,-308.715637
45.9732421,-131.870026,101.228943,-308.462463
45.9834911,-132.071426,101.42926,-308.417114
45.9937411,-131.883148,101.470718,-308.428101
46.0039891,-131.807724,101.41777,-308.465637
46.0142371,-131.781754,101.252258,-308.516327
46.0244861,-131.973663,101.448425,-308.406189
46.0347341,-131.900284,101.390701,-308.538147
46.0449821,-131.980652,101.305542,-308.112518
46.0552301,-132.119064,101.113174,-308.152649
46.0654791,-132.093811,101.19191,-308.371368
46.0757281,-132.256592,101.418961,-308.112579
46.0859761,-132.339905,101.327591,-307.885559
46.0962251,-132.378265,101.44548,-307.942352
46.1064741,-132.541321,101.381317,-308.146118
46.1167231,-132.544144,101.503525,-308.085663
46.1269721,-132.579071,101.546448,-307.851746
46.1372211,-132.876648,101.42836,-308.033386
46.1474691,-132.489594,101.605057,-307.987732
46.1577171,-132.447281,101.622833,-307.982788
46.1679661,-132.660721,101.607315,-307.522614
46.1782151,-132.586487,101.930206,-307.53595
46.1884641,-132.812073,101.723907,-307.812561
46.1987131,-132.897644,101.728653,-307.668762
46.2089601,-132.763702,101.689789,-307.685577
46.2192091,-133.148438,101.722427,-307.426819
46.2294573,-132.884857,101.654816,-307.580719
46.2397053,-133.067169,101.48053,-307.340363
46.2499533,-133.045746,101.440323,-307.728119
46.2602023,-133.229034,101.254074,-307.425049
46.2704513,-132.702438,100.993027,-307.672211
46.2807003,-132.939728,101.195709,-307.527771
46.2909493,-132.687714,100.999237,-307.800751
46.3011983,-132.836304,101.056427,-307.871704
46.3114483,-132.467133,100.854233,-307.551788
46.3216963,-132.793854,100.585068,-307.859497
46.3319453,-132.77977,100.399048,-307.665619
46.3421933,-132.770538,100.376831,-307.498718
46.3524413,-132.568115,100.277985,-307.10321
46.3626903,-132.945694,99.7545319,-306.914368
46.3729383,-132.750275,99.5756073,-306.916901
46.3831863,-132.826508,99.3255157,-307.204742
46.3934343,-132.397293,99.0944519,-307.322845
46.4036823,-132.672699,98.8617401,-307.497986
46.4139313,-132.268997,98.8589783,-307.315125
46.4241793,-132.447723,98.5442352,-307.403625
46.4344293,-132.366882,98.6550598,-307.39035
46.4446773,-132.574326,98.4426575,-307.067078
46.4549263,-132.776627,98.639801,-307.054382
46.4651753,-132.719177,98.6604919,-306.776062
46.4754243,-132.828384,98.368042,-306.542542
46.4856733,-133.014267,98.1654205,-306.950317
46.4959223,-132.838287,97.9206543,-306.695618
46.5061703,-132.559418,97.760376,-306.658081
46.5164193,-132.362274,97.4157715,-306.800049
46.5266683,-132.086243,97.5930786,-307.161194
46.5369163,-131.643341,97.416626,-307.150513
46.5471653,-131.476624,97.5633545,-307.304443
46.5574133,-131.135513,97.6845703,-307.32489
46.5676623,-131.491409,97.5095673,-307.063263
46.5779103,-131.36145,97.5435486,-307.069122
46.5881593,-131.628555,97.3594818,-307.066956
46.5984083,-131.483505,97.4142303,-307.228119
46.6086573,-131.726257,97.1687317,-306.96759
46.6189053,-131.870239,96.8307648,-306.84906
46.6291543,-132.032211,96.7164459,-306.769958
46.6394033,-132.112396,96.7459717,-306.636261
46.6496533,-132.259979,96.485199,-306.528717
46.6599013,-132.02301,96.6201477,-306.533691
46.6701503,-131.724869,96.5827942,-306.361298
46.6803993,-131.683563,96.5120392,-306.522034
46.6906483,-131.150513,96.7799072,-306.754395
46.7008973,-131.105865,96.9445801,-306.773315
46.7111453,-130.996262,96.9100037,-306.730591
46.7213933,-130.912857,96.9396362,-307.079346
46.7316423,-130.690689,96.9777374,-307.176636
46.7418903,-130.808563,97.1012878,-307.051483
46.7521383,-130.63678,96.9289703,-307.045288
46.7623873,-130.611328,96.8877869,-307.047485
46.7726353,-130.921494,96.7837067,-307.077209
46.7828833,-131.022629,96.7142181,-306.832275
46.7931313,-130.98465,96.551178,-307.184448
46.8033793,-131.164505,96.5952759,-306.907776
46.8136293,-131.052094,96.616745,-306.963104
46.8238773,-131.087738,96.6789093,-307.092224
46.8341253,-130.958496,96.5520782,-307.009003
46.8443743,-130.912277,96.5502167,-306.806274
46.8546223,-130.888962,96.5165863,-306.781189
46.8648703,-130.604156,96.5306702,-306.752777
46.8751183,-130.604843,96.4871063,-307.171326
46.8853673,-130.48732,96.4707184,-307.024475
46.8956143,-130.322662,96.3040466,-307.153412
46.9058633,-130.230362,96.489502,-306.927673
46.9161103,-130.175919,96.4467163,-306.959595
46.9263593,-130.219482,96.2727661,-307.330933
46.9366073,-129.974808,96.5121155,-307.10144
46.9468553,-130.08017,96.1478729,-306.826477
46.9571043,-130.039383,96.247757,-306.920593
46.9673533,-130.214676,95.950119,-306.642426
46.9776013,-130.050217,95.9468994,-306.745972
46.9878493,-129.853821,95.8049622,-306.848816
46.9980983,-129.686081,95.7402496,-307.143921
47.0083473,-129.430313,95.5903625,-306.686768
47.0185963,-129.373337,95.5183716,-306.940765
47.0288453,-129.212021,95.3012085,-307.062714
47.0390953,-129.243439,95.0977783,-306.886719
47.0493443,-129.011108,94.8138733,-306.832947
47.0595933,-128.860291,94.594101,-306.837555
47.0698413,-128.727783,94.5795441,-306.852722
47.0800903,-128.509903,94.4767609,-307.29892
47.0903383,-128.201721,93.8661804,-307.037933
47.1005873,-128.066574,93.8312225,-306.931458
47.1108363,-127.818726,93.5281525,-307.277588
47.1210843,-127.811279,93.3314667,-306.760071
47.1313323,-127.560715,92.8355713,-306.76239
47.1415803,-127.559708,92.4408569,-306.450012
47.1518293,-127.566757,92.0621643,-306.701782
47.1620783,-127.693375,91.8695984,-306.636841
47.1723273,-127.244553,91.5552979,-306.707245
47.1825753,-127.523788,91.1792145,-306.472168
47.1928243,-126.999695,91.1060486,-306.198456
47.2030723,-126.98761,90.7932739,-305.983582
47.2133213,-126.727737,90.5054169,-306.169678
47.2235693,-126.63179,90.1183624,-305.934998
47.2338188,-126.167526,90.0135803,-305.99054
47.2440668,-126.130295,89.929184,-305.727234
47.2543158,-125.721588,89.5684052,-306.003174
47.2645638,-125.587845,89.1958008,-305.843323
47.2748128,-125.468781,88.9780579,-306.084412
47.2850618,-125.006195,88.7338409,-305.860962
47.2953108,-124.997162,88.4810028,-306.088074
47.3055598,-124.683487,88.3521118,-305.831055
47.3158088,-124.501404,88.1688385,-305.99057
47.3260578,-124.264786,87.7742004,-305.715088
47.3363068,-124.023865,87.6148682,-305.745667
47.3465558,-124.005783,87.2995911,-305.901855
47.3568048,-123.712097,86.9149475,-305.823059
47.3670538,-123.225052,86.7922058,-305.869751
47.3773028,-122.930557,86.6222839,-305.801239
47.3875518,-122.677078,86.4748077,-305.92923
47.3977998,-122.402222,86.3719788,-306.287018
47.4080498,-121.986877,85.9309998,-306.004547
47.4182978,-121.876312,85.8555756,-306.002075
47.4285458,-121.535629,85.6078491,-305.982483
47.4387938,-121.36322,85.5235901,-306.2995
47.4490418,-121.113388,85.1559143,-305.924225
47.4592908,-120.729507,84.9871826,-305.976074
47.4695398,-120.513397,84.7527466,-305.784851
47.4797878,-120.104187,84.5778503,-305.80661
47.4900368,-119.788742,84.4013519,-305.341766
47.5002858,-119.593323,84.1798096,-305.335693
47.5105338,-119.049652,83.9124603,-305.638
47.5207828,-119.016541,83.8188477,-305.607361
47.5310318,-118.491608,83.7772827,-305.606964
47.5412808,-118.235611,83.2974701,-305.348053
47.5515298,-117.995789,83.3921509,-305.393005
47.5617788,-117.905945,82.9830475,-305.32489
47.5720278,-117.33046,82.885437,-305.083923
47.5822758,-117.257278,82.718277,-305.411316
47.5925248,-116.493637,82.6398468,-305.286682
47.6027728,-116.54776,82.5251007,-305.49173
47.6130218,-116.040771,82.6974792,-305.282593
47.6232708,-115.80542,82.3066254,-305.718842
47.6335188,-115.256851,82.5252533,-305.501068
47.6437668,-114.627213,82.4174194,-305.638947
47.6540158,-114.076904,82.609848,-305.693665
47.6642638,-113.647461,82.4618225,-305.707703
47.6745118,-112.960388,82.4181519,-305.864868
47.6847608,-112.545486,82.3338013,-305.876038
47.6950088,-111.931885,82.4172668,-305.843872
47.7052568,-111.465561,82.5953827,-305.958984
47.7155048,-110.532303,82.8451691,-306.10437
47.7257548,-110.060776,82.6739502,-306.496216
47.7360028,-109.515121,83.0532074,-306.588074
47.7462508,-108.998062,83.0831604,-306.425629
47.7564998,-108.531921,83.0640869,-306.848206
47.7667488,-108.250061,83.4757538,-306.9552
47.7769978,-107.820847,83.2932434,-306.97702
47.7872468,-107.787888,83.4944,-306.767456
47.7974958,-107.629501,83.6048889,-307.200073
47.8077448,-107.389679,83.4651031,-306.596313
47.8179938,-107.127548,83.47966,-306.733765
47.8282428,-106.898804,83.4763641,-306.687683
47.8384918,-106.705826,83.6313019,-307.086029
47.8487418,-106.6259,83.633667,-306.969879
47.8589898,-106.395248,83.84729,-307.007172
47.8692388,-106.155975,83.9062347,-307.418671
47.8794868,-106.09964,83.8167267,-307.433167
47.8897358,-105.861023,83.9217987,-307.422241
47.8999838,-105.74321,84.0491486,-307.396423
47.9102318,-105.388031,83.9568329,-307.190125
47.9204798,-105.348602,83.9389038,-307.119049
47.9307278,-105.386642,84.0107269,-307.294708
47.9409768,-105.047562,83.884491,-307.442261
47.9512248,-104.77063,84.0683899,-307.034058
47.9614728,-104.633148,84.0325623,-307.296692
47.9717218,-104.312546,84.0923462,-307.333496
47.9819698,-104.333359,84.0549164,-307.258759
47.9922188,-104.024078,84.174942,-307.579468
48.0024668,-103.690582,84.0279846,-307.409454
48.0127148,-103.661316,84.2304077,-307.339355
48.0229638,-103.331635,84.1267548,-307.287109
48.0332118,-103.150436,84.3511047,-307.300812
48.0434598,-102.885696,83.9619293,-307.103424
48.0537068,-102.883636,83.8302002,-307.095276
48.0639548,-102.751205,83.6999054,-306.886139
48.0742018,-102.628891,84.1279602,-306.96582
48.0844498,-102.672363,83.8336945,-307.3255
48.0946978,-102.882019,84.1750183,-307.691956
48.1049458,-102.959641,84.2575836,-307.408234
48.1151928,-103.146286,84.2429962,-307.574829
48.1254398,-103.006454,84.3900604,-307.194153
48.1356878,-103.244263,84.3167267,-307.79657
48.1459348,-102.861725,84.1165619,-307.498535
48.1561828,-102.897842,83.8943176,-307.385742
48.1664298,-102.804855,83.9825592,-307.200745
48.1766778,-102.822708,83.8255615,-307.214111
48.1869248,-102.947113,83.6691742,-307.328857
48.1971728,-102.752243,83.6803894,-307.177643
48.2074208,-103.009323,83.4294739,-307.178864
48.2176678,-103.184357,83.4932098,-307.191101
48.2279157,-103.06839,83.6305847,-307.219177
48.2381637,-103.393204,83.5110779,-307.33493
48.2484117,-103.195496,83.3467407,-307.152161
48.2586597,-103.189316,83.3536987,-306.646484
48.2689067,-103.358902,83.2807312,-307.205994
48.2791547,-103.166748,83.3928528,-306.850861
48.2894027,-102.965149,83.3867798,-307.144104
48.2996507,-102.800842,83.361145,-306.824219
48.3098987,-102.661148,83.2655487,-306.760864
48.3201467,-102.258636,83.2224579,-306.813477
48.3303937,-102.190445,82.9845428,-306.431
48.3406417,-101.773483,83.1792603,-306.479065
48.3508897,-101.673965,83.1937408,-306.640472
48.3611377,-101.281769,83.28302,-306.459839
48.3713857,-101.07782,83.4326782,-306.589081
48.3816337,-101.109863,83.2238617,-306.895386
48.3918817,-101.014786,83.3565521,-306.850037
48.4021297,-101.130432,83.1987762,-306.897461
48.4123767,-100.929718,83.3128052,-307.081299
48.4226247,-101.285355,83.3237762,-306.819092
48.4328717,-101.248062,83.5244751,-306.912567
48.4431197,-101.518478,83.1458435,-306.949158
48.4533667,-101.252853,83.6090546,-307.138336
48.4636137,-101.442902,83.5067139,-306.746704
48.4738607,-101.559021,83.5887451,-307.005188
48.4841077,-101.477509,83.8373108,-307.453491
48.4943557,-101.716614,84.0325928,-307.160217
48.5046027,-101.927979,84.3038025,-307.380524
48.5148497,-101.92337,84.3182983,-307.215759
48.5250967,-102.071167,84.620224,-307.943939
48.5353437,-102.279984,84.7792206,-308.026611
48.5455917,-102.482758,84.7024841,-307.768768
48.5558387,-102.492355,84.7711029,-308.13501
48.5660857,-102.561539,84.8852997,-308.231079
48.5763327,-102.694199,84.8531189,-308.011963
48.5865797,-102.727539,84.8938293,-307.988831
48.5968267,-102.869141,85.0131378,-308.238831
48.6070737,-102.942429,85.0232239,-308.168182
48.6173217,-103.084015,85.0176239,-308.487579
48.6275687,-103.23349,85.185318,-308.108124
48.6378167,-103.467285,85.2166901,-308.499939
48.6480637,-103.658875,85.2048187,-308.387878
48.6583107,-103.595673,85.3121338,-308.346527
48.6685587,-103.796646,84.9893036,-308.125122
48.6788057,-103.962158,85.0534515,-308.069885
48.6890527,-103.918259,84.9920807,-308.04599
48.6993007,-103.775375,85.0839996,-307.647125
48.7095477,-103.925491,84.7744141,-307.930389
48.7197957,-103.69873,84.7583008,-307.925781
48.7300437,-103.495636,84.7560577,-307.859192
48.7402907,-103.673233,84.7081299,-307.756042
48.7505377,-103.398438,84.5425873,-307.794495
48.7607837,-103.378769,84.6225433,-307.77478
48.7710307,-103.572632,84.5466614,-307.8815
48.7812767,-103.830444,84.5050812,-307.654175
48.7915237,-103.846069,84.4524231,-307.878052
48.8017707,-104.107712,84.0289612,-307.542236
48.8120177,-104.078644,84.2167664,-307.466003
48.8222647,-104.217346,83.8787079,-307.209839
48.8325117,-104.468903,83.7581787,-307.528229
48.8427577,-104.193146,83.7745056,-307.522217
48.8530057,-104.346451,83.908783,-307.436707
48.8632527,-104.374054,83.622818,-307.328827
48.8734997,-104.287155,83.9541779,-307.274231
48.8837467,-104.25885,83.6528778,-307.356232
48.8939937,-104.179291,84.0008698,-307.329865
48.9042417,-104.048248,83.8904572,-307.315491
48.9144897,-104.055374,84.0142975,-307.326294
48.9247367,-103.965744,84.213089,-307.42218
48.9349837,-103.956009,84.584549,-307.411774
48.9452307,-104.037125,84.5640411,-307.483704
48.9554787,-103.883713,84.7615967,-307.77002
48.9657257,-103.968872,84.912323,-307.694519
48.9759727,-103.664093,85.1697998,-307.920532
48.9862197,-103.678787,85.2957458,-308.151245
48.9964667,-103.399872,85.5180969,-307.870453
49.0067137,-103.493607,85.5218811,-307.840393
49.0169617,-103.361115,85.591095,-308.002441
49.0272097,-103.102768,85.7004547,-307.685608
49.0374557,-103.099335,85.4427643,-307.843933
49.0477037,-102.909348,85.4509583,-307.691101
49.0579507,-102.811234,85.3791504,-308.019104
49.0681977,-102.743774,85.355545,-307.648743
49.0784437,-102.866119,85.2629852,-307.841797
49.0886907,-102.822983,85.2368469,-307.593597
49.0989377,-102.628494,85.1452484,-307.673462
49.1091847,-102.216431,85.5570526,-307.86438
49.1194317,-102.040421,85.9286499,-307.837158
49.1296787,-101.613022,86.1496582,-307.945099
49.1399257,-100.997513,86.6372681,-307.98175
49.1501727,-100.314392,86.9104462,-308.106964
49.1604207,-99.523407,87.3794861,-307.920837
49.1706687,-99.1735687,87.4943237,-307.937897
49.1809167,-98.8412476,87.595932,-307.802673
49.1911647,-98.6207275,87.5031586,-308.135376
49.2014117,-98.4091644,87.4590149,-307.575287
49.2116597,-98.3862762,87.515274,-307.659119
49.2219077,-98.6021576,87.4259796,-307.650574
49.2321544,-98.8155518,87.5969238,-307.842651
49.2424014,-99.1669006,87.2659454,-307.744141
49.2526484,-99.3985596,87.2059021,-307.721802
49.2628964,-99.5352325,86.911087,-307.710175
49.2731444,-99.6655731,86.7685699,-307.705383
49.2833924,-99.8832855,86.4593964,-307.700378
49.2936404,-99.9733124,86.4026489,-307.189331
49.3038884,-100.002945,86.1763916,-307.271301
49.3141364,-100.023758,86.2472229,-307.119629
49.3243844,-99.8757935,86.2078857,-307.217407
49.3346324,-99.4174652,86.0699921,-307.086517
49.3448804,-99.5896301,86.0413208,-307.370728
49.3551294,-99.6683197,86.4505463,-307.13916
49.3653774,-99.6877747,86.0213623,-306.990417
49.3756254,-99.8137665,86.0201111,-306.880127
49.3858744,-100.026031,85.7596588,-306.439941
49.3961224,-100.385941,85.7401581,-306.928162
49.4063704,-100.587234,85.7594452,-306.735291
49.4166184,-100.777283,85.5465698,-306.989655
49.4268654,-100.807541,85.3823242,-306.864441
49.4371124,-100.852158,85.1362457,-306.313751
49.4473604,-100.842209,84.9495697,-306.095703
49.4576084,-100.563141,84.8621979,-306.167175
49.4678564,-100.51207,84.7690582,-306.178284
49.4781054,-100.448959,84.4897461,-306.239563
49.4883534,-100.479156,84.3285217,-306.372314
49.4986014,-100.3647,84.3023071,-306.004272
49.5088494,-100.51181,84.0174103,-306.079834
49.5190974,-100.602875,83.7744598,-305.943726
49.5293464,-100.707504,83.2853088,-305.894531
49.5395944,-100.947144,83.2075958,-305.739868
49.5498424,-101.400436,82.9801331,-305.70459
49.5600914,-101.271545,82.8091888,-305.381531
49.5703384,-101.699265,82.7765045,-305.659515
49.5805874,-101.916412,82.7329559,-305.164368
49.5908354,-102.068024,82.6534882,-305.476501
49.6010834,-102.358658,82.4224854,-305.123169
49.6113314,-102.247513,82.3821564,-305.21817
49.6215784,-102.256165,82.0077057,-305.177795
49.6318264,-102.000229,81.9701996,-305.394348
49.6420744,-102.237823,81.7581482,-305.023346
49.6523214,-101.991714,81.9075317,-304.970673
49.6625694,-101.948868,81.6760559,-305.012024
49.6728174,-101.985611,81.6468048,-304.911163
49.6830654,-102.438843,81.4732361,-304.573853
49.6933134,-102.317398,81.515152,-304.928223
49.7035614,-102.619949,81.2715149,-304.685272
49.7138094,-102.771469,81.4836731,-304.624176
49.7240564,-103.021454,81.064682,-304.674377
49.7343044,-103.17038,81.0459595,-304.724243
49.7445524,-103.4991,80.7393494,-304.671448
49.7547994,-103.510056,81.1211548,-304.812775
49.7650464,-103.62999,81.0050201,-304.879486
49.7752944,-103.727402,80.8861237,-304.770264
49.7855424,-103.744736,80.9128418,-304.647461
49.7957904,-103.75145,81.0846558,-304.685272
49.8060384,-103.60051,81.2200165,-304.846252
49.8162864,-103.790085,81.1417694,-304.802399
49.8265344,-103.831757,81.2716217,-304.745605
49.8367814,-103.76712,81.1960449,-304.84198
49.8470294,-103.717941,81.4458466,-304.945465
49.8572764,-103.858215,81.240921,-305.183777
49.8675244,-103.785995,81.5903778,-304.749969
49.8777714,-103.80011,81.5652466,-305.132233
49.8880184,-103.770187,81.5583344,-304.889832
49.8982664,-103.924088,81.424942,-305.132019
49.9085134,-103.794067,81.6244354,-304.930817
49.9187604,-104.005493,81.5315552,-304.902374
49.9290074,-103.889221,81.4795227,-304.858765
49.9392554,-103.856552,81.3708191,-304.913666
49.9495024,-103.771561,81.1991425,-305.122864
49.9597494,-103.762924,81.4702301,-305.051239
49.9699964,-103.794525,81.4731445,-304.762268
49.9802434,-103.680771,81.3585358,-304.948242
49.9904914,-103.796112,81.2052917,-305.031799
50.0007394,-103.850082,81.2098541,-304.739502
50.0109864,-103.868942,81.1589813,-304.809204
50.0212334,-103.80246,81.147583,-304.630188
50.0314804,-103.907166,81.1309967,-304.970764
50.0417274,-103.601425,81.3046875,-304.571625
50.0519754,-103.520523,81.4380951,-304.950928
50.0622224,-103.360428,81.4422913,-305.032898
50.0724694,-103.225815,81.496994,-304.767883
50.0827174,-102.957977,81.5871429,-304.748535
50.0929644,-102.78627,81.6390228,-304.772949
50.1032114,-102.607147,81.4559631,-304.906555
50.1134584,-102.253189,81.8303986,-304.976807
50.1237054,-102.022537,81.7281494,-305.083923
50.1339524,-101.910446,81.9528351,-305.075653
50.1441994,-101.740295,81.9141693,-304.789673
50.1544464,-101.695007,81.9206238,-304.894867
50.1646944,-101.711182,81.8313446,-304.79187
50.1749424,-101.38063,81.9571838,-304.708679
50.1851904,-101.104919,81.6665344,-304.734711
50.1954374,-100.953827,81.7633362,-304.152405
50.2056854,-100.717514,81.7810364,-304.033417
50.2159334,-100.759109,81.4523773,-304.080994
50.2261804,-100.518112,81.5684357,-303.948181
50.2364285,-100.547607,81.5354462,-304.02771
50.2466765,-100.409058,81.7172852,-304.243713
50.2569235,-100.006851,81.703949,-304.204437
50.2671715,-99.8998871,81.9401855,-304.430969
50.2774195,-99.9098358,81.7140961,-304.116791
50.2876675,-99.5670319,81.7896729,-304.078247
50.2979145,-99.6228638,81.900116,-304.101074
50.3081615,-99.3153839,81.6064453,-304.025146
50.3184095,-99.3171234,81.7644501,-304.208435
50.3286565,-99.011795,81.8908539,-304.303589
50.3389045,-98.8467865,82.0212708,-304.139221
50.3491515,-98.4852295,82.2480774,-303.788879
50.3593985,-98.3552246,82.2235107,-304.522125
50.3696465,-98.184906,82.341217,-304.18335
50.3798935,-98.0496674,82.5829926,-304.052368
50.3901395,-97.9262238,82.4277496,-304.413605
50.4003875,-97.8489685,82.5455322,-304.170837
50.4106345,-97.5971069,82.4772186,-304.043152
50.4208825,-97.7536011,82.5248108,-304.108032
50.4311305,-97.3778992,82.6175537,-304.025635
50.4413785,-97.1147919,82.7079926,-304.144714
50.4516265,-96.8992767,82.9635315,-304.297668
50.4618725,-96.7635498,82.9901123,-304.106995
50.4721195,-96.4320831,83.1477661,-304.268677
50.4823665,-96.415329,83.174469,-303.967896
50.4926145,-96.1194763,83.4576569,-304.160004
50.5028615,-95.9659882,83.3347015,-304.38208
50.5131085,-95.8830414,83.6084137,-304.677917
50.5233555,-95.5715942,83.8028717,-304.549072
50.5336025,-95.3573608,84.009552,-304.379669
50.5438505,-95.2208252,83.9817657,-304.409241
50.5540975,-95.0752411,84.4176025,-304.472137
50.5643445,-94.9122925,84.2793121,-304.625122
50.5745925,-94.5463409,84.9460297,-304.468964
50.5848395,-94.4651642,84.7332764,-304.74353
50.5950865,-94.2642212,85.1255798,-305.007721
50.6053345,-93.8341064,85.1092682,-304.963684
50.6155815,-93.5473175,85.5338898,-304.842682
50.6258285,-93.2828064,85.5892944,-304.418945
50.6360765,-93.0705566,85.9551239,-304.643677
50.6463235,-92.7499847,85.8493805,-304.717804
50.6565715,-92.6276398,86.3672791,-304.747009
50.6668185,-92.3938293,86.4827423,-304.948303
50.6770665,-91.958313,86.588913,-304.852417
50.6873145,-91.8566742,86.9920197,-304.938385
50.6975615,-91.5703735,87.2309418,-304.881226
50.7078085,-91.3350983,87.4430542,-305.107697
50.7180565,-91.0516205,87.6754303,-305.618042
50.7283045,-90.9655304,88.0077362,-305.284821
50.7385525,-90.637146,88.1651459,-305.335785
50.7487995,-90.4512024,88.6392822,-305.10968
50.7590465,-90.2977142,88.7589569,-305.295776
50.7692935,-89.7402496,89.2304382,-305.423889
50.7795405,-89.5794067,89.7243195,-305.307251
50.7897895,-89.4270172,89.960495,-305.279175
50.8000375,-89.3060913,90.3414612,-305.646759
50.8102855,-88.7899933,90.8104706,-305.478149
50.8205325,-88.8078613,91.1639252,-305.628052
50.8307805,-88.4060974,91.7000885,-305.861511
50.8410285,-88.3503571,92.1889648,-306.011353
50.8512765,-87.7979889,92.6062927,-306.020447
50.8615225,-87.5812531,93.1882172,-305.766449
50.8717705,-87.206665,93.5101318,-305.710083
50.8820175,-87.1128387,93.9389801,-305.918671
50.8922655,-86.6633148,94.4991913,-305.855652
50.9025125,-86.3123627,94.7561493,-305.566772
50.9127595,-85.7904663,95.3118286,-305.72644
50.9230075,-85.7018433,95.8542023,-305.937531
50.9332545,-85.3269653,96.6322937,-306.091187
50.9435015,-84.8361206,96.8811493,-305.867645
50.9537485,-84.7389069,97.60289,-305.721985
50.9639965,-84.3713531,98.1827087,-306.171295
50.9742435,-84.167572,98.4811096,-306.145508
50.9844905,-83.7906036,99.0361023,-306.095886
50.9947385,-83.8297577,99.4860992,-306.113403
51.0049855,-83.6878815,99.7129364,-305.987244
51.0152335,-83.2758331,100.360703,-305.869995
51.0254815,-83.1463013,100.577087,-305.666595
51.0357295,-83.083313,101.167831,-305.588379
51.0459785,-82.8102722,101.597,-305.400085
51.0562255,-82.6754913,101.940994,-305.512482
51.0664735,-82.700882,102.216141,-305.268982
51.0767215,-82.4377289,102.675552,-305.431305
51.0869695,-82.4670105,103.297012,-305.448883
51.0972175,-82.4751129,103.525131,-305.803345
51.1074665,-82.7419891,103.837311,-305.856506
51.1177145,-82.8236694,104.172302,-306.272797
51.1279615,-82.8074493,104.402618,-306.002563
51.1382085,-82.8198853,104.353592,-305.91626
51.1484555,-82.6161041,104.989639,-306.379944
51.1587025,-82.7802429,105.318237,-306.229187
51.1689505,-82.8004608,105.398834,-306.616699
51.1791975,-82.9370575,105.818695,-306.49469
51.1894455,-82.8538818,106.361801,-306.626495
51.1996925,-83.1692352,106.600052,-306.82959
51.2099405,-83.2726288,106.846558,-306.777161
51.2201875,-83.4103699,107.202423,-306.934509
51.2304355,-83.1837616,107.596115,-306.769257
51.2406832,-83.1426086,107.758057,-306.884338
51.2509302,-83.1151123,107.861359,-306.909424
51.2611772,-82.9303589,108.186401,-306.773987
51.2714242,-82.9559631,108.588257,-307.133728
51.2816722,-82.8571777,108.451767,-306.829956
51.2919192,-82.6412201,108.83371,-306.56485
51.3021662,-82.7124634,108.953766,-306.673615
51.3124142,-82.6654053,108.988419,-306.631836
51.3226602,-82.5395508,109.15274,-306.934387
51.3329082,-82.5376892,109.173279,-306.496948
51.3431542,-82.6360931,109.222519,-306.631927
51.3534012,-82.8603516,109.470291,-306.636536
51.3636482,-82.8717651,109.516708,-306.924133
51.3738952,-83.0755157,109.888504,-306.886353
51.3841422,-83.1474915,109.784592,-306.807861
51.3943892,-83.4044495,109.948151,-306.791138
51.4046362,-83.3184814,110.09053,-306.718262
51.4148832,-83.3031311,110.292801,-306.837646
51.4251312,-83.0235901,110.175522,-307.041138
51.4353782,-83.2043762,110.145554,-306.83252
51.4456252,-83.0393677,110.39476,-306.948273
51.4558722,-83.2514343,110.616745,-306.752289
51.4661202,-82.9390717,110.736862,-306.866272
51.4763682,-83.053833,110.817459,-306.953491
51.4866162,-82.8970795,110.953217,-306.910645
51.4968642,-83.3495331,111.0569,-307.086853
51.5071112,-83.4185028,111.126205,-306.929016
51.5173592,-83.4846954,111.158813,-306.825806
51.5276062,-83.5171509,111.216125,-306.842285
51.5378522,-83.5795288,111.484726,-307.045532
51.5481002,-83.5573883,111.664078,-307.167114
51.5583482,-83.7415466,111.902466,-307.157959
51.5685952,-83.7422791,111.947845,-307.047668
51.5788432,-83.7610474,112.212585,-307.215637
51.5890902,-83.6882172,112.144135,-307.137756
51.5993382,-83.8892822,112.285782,-307.462799
51.6095862,-83.823761,112.178421,-307.13385
51.6198342,-84.0076141,112.100937,-307.23111
51.6300812,-83.9636536,112.312744,-307.403809
51.6403292,-84.0506744,112.244202,-307.518707
51.6505772,-83.9750366,112.303955,-307.327606
51.6608242,-84.0569,112.325256,-307.310394
51.6710712,-84.0384521,112.202454,-307.406799
51.6813182,-84.1451416,112.080933,-307.431885
51.6915652,-84.0067291,112.246841,-307.516388
51.7018122,-84.4078369,111.910629,-307.721802
51.7120582,-84.074295,112.049088,-307.840027
51.7223062,-83.9722748,111.959656,-307.543091
51.7325532,-84.1119385,111.88855,-307.96344
51.7428012,-84.117981,111.715881,-307.776215
51.7530492,-84.0823364,111.799622,-307.775055
51.7632962,-83.9719086,111.959946,-307.707153
51.7735432,-84.0511322,111.811142,-307.524902
51.7837912,-83.9337921,111.523422,-307.643982
51.7940392,-83.7170868,111.49646,-307.558838
51.8042862,-83.6528931,111.536957,-307.522278
51.8145342,-83.9485626,111.777786,-307.550354
51.8247812,-83.4588928,111.497452,-308.048737
51.8350292,-83.9600067,111.535339,-307.530182
51.8452762,-83.7643585,111.457977,-307.89917
51.8555232,-83.8167877,111.481476,-307.632385
51.8657712,-83.7367096,111.299057,-307.704712
51.8760182,-83.9960632,111.592178,-308.095764
51.8862672,-83.6955566,111.405746,-307.908936
51.8965152,-83.8613434,111.649628,-308.082153
51.9067622,-83.8901672,111.745682,-307.967773
51.9170092,-83.9227753,111.789032,-308.010193
51.9272562,-83.9043884,112.058029,-308.036896
51.9375032,-83.8459167,112.32373,-308.214172
51.9477512,-84.1435852,112.501236,-307.981293
51.9579982,-84.2562103,112.987076,-307.970276
51.9682462,-84.4098969,113.057892,-307.980225
51.9784942,-84.4160461,113.358521,-308.079407
51.9887412,-84.545166,113.505692,-308.155029
51.9989882,-84.5721893,113.460648,-308.012573
52.0092362,-84.6643982,113.540543,-307.996765
52.0194842,-84.5276947,114.022629,-308.151917
52.0297322,-84.5401764,114.155121,-308.251465
52.0399802,-84.5592804,114.377304,-307.822021
52.0502272,-84.5719757,114.420166,-308.089386
52.0604752,-84.752533,114.485779,-308.287903
52.0707232,-84.8890686,114.729279,-308.23703
52.0809712,-85.3084564,114.898148,-308.655579
52.0912192,-85.3341217,115.044556,-308.47821
52.1014662,-85.7490845,114.640778,-308.44928
52.1117142,-86.1078339,114.41507,-308.966858
52.1219612,-86.3776398,114.13652,-309.035217
52.1322102,-86.7391968,113.846085,-309.239502
52.1424582,-86.9055023,113.559738,-309.582581
52.1527062,-87.2350922,113.600464,-309.479614
52.1629542,-87.1327209,113.181854,-309.798035
52.1732022,-87.19104,113.388657,-309.629333
52.1834502,-87.2495422,113.47171,-309.782227
52.1936992,-87.473053,113.465851,-309.774414
52.2039472,-87.4692688,113.651443,-309.801514
52.2141952,-87.8952026,113.80069,-310.168793
52.2244432,-88.0648651,113.720779,-310.308838
52.2346911,-88.4356537,113.951172,-310.319702
52.2449381,-88.6714325,113.940979,-310.345947
52.2551861,-88.7850952,114.128418,-309.853546
52.2654341,-88.7556,114.039215,-310.164246
52.2756821,-89.1625061,114.347519,-310.502014
52.2859301,-88.9292145,114.208878,-310.542786
52.2961781,-89.0901642,114.796936,-310.598877
52.3064251,-89.0629578,114.724167,-310.498657
52.3166731,-89.0172882,115.041611,-310.511841
52.3269211,-88.8089752,115.149109,-310.214783
52.3371691,-88.8392639,115.360214,-309.997314
52.3474171,-88.9854126,115.594772,-310.16687
52.3576651,-89.0430298,115.513336,-310.472778
52.3679131,-88.8914337,115.520966,-310.223328
52.3781611,-88.9003143,115.753159,-310.444153
52.3884101,-88.9688873,115.613708,-310.347412
52.3986581,-88.6909943,115.764465,-310.374878
52.4089061,-88.7127991,115.978546,-309.941803
52.4191531,-88.4880676,116.033798,-310.173706
52.4294011,-88.3911133,116.194092,-309.711548
52.4396491,-88.17836,116.408768,-309.737244
52.4498981,-87.9204865,116.657623,-309.975739
52.4601461,-87.7435913,116.867752,-309.760345
52.4703931,-87.7306976,117.054367,-309.583984
52.4806411,-87.7670746,117.471451,-309.515442
52.4908881,-87.5285339,117.346924,-309.388184
52.5011371,-87.795578,117.440155,-309.48584
52.5113841,-87.9437256,117.393356,-309.405731
52.5216311,-87.9024963,117.392273,-309.473846
52.5318791,-87.8768921,117.071304,-309.417908
52.5421261,-87.7895966,116.916153,-309.593903
52.5523741,-87.4715576,116.732056,-309.701538
52.5626211,-87.6066284,116.391983,-309.407104
52.5728701,-87.6709747,116.292862,-309.916138
52.5831171,-87.3707123,115.956619,-309.478699
52.5933651,-87.2519073,115.814575,-309.544647
52.6036121,-87.4463654,115.307144,-309.84613
52.6138591,-87.3958435,115.018921,-309.908539
52.6241061,-87.3391418,114.499832,-309.993774
52.6343531,-87.6591034,113.948563,-310.275665
52.6446001,-87.4244232,113.624664,-310.020752
52.6548471,-87.6431274,113.202576,-309.607422
52.6650941,-87.602829,112.911682,-309.882446
52.6753421,-87.6532898,112.928329,-309.979553
52.6855901,-87.3913727,112.713486,-310.155487
52.6958371,-87.4280853,112.467972,-309.870209
52.7060851,-87.0960693,112.630875,-309.600616
52.7163331,-86.9441376,112.558487,-309.840698
52.7265791,-86.8610382,112.479294,-309.632996
52.7368271,-86.5908813,112.462189,-309.781067
52.7470741,-86.4425507,112.431946,-309.684448
52.7573211,-86.555603,112.237915,-309.67337
52.7675681,-86.4812622,112.229553,-309.681702
52.7778141,-86.6675873,112.089783,-309.87854
52.7880611,-86.7275543,111.67688,-309.660156
52.7983081,-86.7382507,111.603439,-309.684204
52.8085561,-86.8523407,111.2173,-309.627838
52.8188031,-87.007019,111.076706,-309.931702
52.8290501,-87.1726837,111.038818,-309.657715
52.8392961,-87.2480316,110.861603,-309.805542
52.8495431,-87.2814331,111.081711,-309.891113
52.8597891,-87.0338593,111.065872,-309.628113
52.8700371,-87.2730103,111.306,-309.617371
52.8802841,-87.0394135,111.392456,-309.973816
52.8905321,-86.8574829,111.407684,-309.711853
52.9007781,-86.7178497,111.663116,-309.479004
52.9110251,-86.6758118,111.599319,-309.600098
52.9212721,-86.6190948,111.451477,-309.492004
52.9315191,-86.356842,111.453323,-309.507965
52.9417671,-86.306839,111.534378,-309.520752
52.9520141,-86.2245636,111.580017,-309.136444
52.9622611,-85.9900513,111.517715,-309.41156
52.9725081,-85.9578705,111.569855,-309.048553
52.9827551,-85.7019043,111.644806,-309.173889
52.9930031,-85.883194,111.630859,-309.165344
53.0032491,-85.7242584,111.990173,-309.001465
53.0134961,-85.5975037,112.021561,-309.032318
53.0237431,-85.7098846,111.76944,-309.040497
53.0339901,-85.8500671,111.729156,-308.753479
53.0442371,-85.9004364,111.604111,-309.108582
53.0544841,-85.7885284,111.233047,-308.906616
53.0647311,-85.6259155,111.014648,-308.814514
53.0749771,-85.6452942,111.04097,-308.833008
53.0852241,-85.5473328,110.609497,-309.098083
53.0954691,-85.8086243,110.87355,-309.071472
53.1057161,-85.5878906,110.9095,-308.946533
53.1159631,-86.0013275,111.184875,-308.813904
53.1262101,-86.1217957,111.551743,-308.80957
53.1364561,-86.4875641,111.662598,-309.212189
53.1467031,-86.4931946,111.899536,-309.326843
53.1569501,-86.9293518,111.952316,-309.39093
53.1671971,-86.4852448,111.962067,-309.234985
53.1774441,-86.4479675,111.887772,-309.250732
53.1876911,-86.3970032,111.790558,-308.99292
53.1979381,-85.9351501,111.959579,-309.17099
53.2081851,-85.579361,112.154663,-308.870728
53.2184311,-85.355545,112.413086,-308.95108
53.2286781,-85.6841431,112.281036,-308.632568
53.2389258,-85.7099609,112.669601,-308.89975
53.2491728,-85.778244,112.667953,-308.803925
53.2594198,-85.7464294,112.880646,-309.043121
53.2696658,-86.1586151,112.809723,-308.706696
53.2799128,-86.2223511,112.832153,-309.136688
53.2901598,-86.2052765,113.061172,-309.188965
53.3004058,-86.4352264,113.08493,-309.377991
53.3106528,-86.4303894,113.045349,-309.164215
53.3208998,-86.4843292,113.414124,-309.131378
53.3311458,-86.2249603,113.459061,-309.146179
53.3413938,-86.261322,113.547745,-309.100464
53.3516408,-86.1791229,113.77597,-308.662842
53.3618868,-86.0277405,114.167114,-308.947876
53.3721338,-86.0329285,114.26207,-308.636169
53.3823808,-86.2601013,114.38002,-308.782501
53.3926278,-86.2200165,114.600342,-308.909607
53.4028748,-85.9349976,114.478668,-308.694702
53.4131218,-86.0500793,114.278259,-308.710327
53.4233688,-86.1971283,114.236908,-308.408295
53.4336158,-86.0045319,114.244614,-309.046875
53.4438638,-86.0829468,114.191391,-308.696259
53.4541108,-86.2107849,114.338425,-308.660034
53.4643588,-85.9962921,114.680725,-308.851501
53.4746068,-85.9820709,114.899551,-308.796936
53.4848538,-86.2700043,115.008423,-308.666962
53.4951018,-86.2338409,115.178818,-308.527039
53.5053488,-85.8774109,115.393341,-308.67926
53.5155968,-86.0788422,115.794769,-308.590515
53.5258438,-85.8954926,115.755783,-308.635193
53.5360918,-85.9979401,116.098953,-308.311951
53.5463398,-85.7280731,116.251968,-308.190063
53.5565878,-85.7916565,116.630463,-308.531586
53.5668348,-85.5519104,117.093094,-308.411011
53.5770828,-85.6368408,117.486038,-308.402649
53.5873308,-85.4050903,117.747833,-308.276855
53.5975788,-85.5071411,118.145813,-308.190125
53.6078258,-85.4597015,118.509842,-308.260315
53.6180738,-85.6512299,119.003967,-308.162109
53.6283208,-85.5563354,119.37381,-307.900085
53.6385678,-85.6842346,119.563629,-308.318268
53.6488148,-86.0624084,119.633408,-308.199707
53.6590618,-85.8719025,119.700256,-308.078491
53.6693068,-85.848587,119.735809,-308.098145
53.6795538,-85.8546448,119.56517,-308.283722
53.6898008,-86.0231018,119.653122,-308.265869
53.7000478,-85.9875946,119.526154,-308.265564
53.7102958,-85.9515839,119.669769,-307.958801
53.7205418,-85.7958527,119.863235,-308.024536
53.7307898,-85.8920593,119.792053,-308.000244
53.7410368,-85.6924438,119.866776,-308.226288
53.7512838,-85.641449,119.872818,-307.737
53.7615298,-85.6130981,119.787399,-308.14505
53.7717778,-85.5857391,119.819534,-307.883972
53.7820248,-85.6571503,119.832443,-307.869385
53.7922708,-85.6445923,119.709625,-308.110138
53.8025178,-85.5845032,119.66539,-307.802795
53.8127658,-85.7241058,119.747345,-308.205933
53.8230128,-85.6302795,119.574982,-307.789062
53.8332588,-85.5902252,119.631668,-307.925476
53.8435058,-85.648056,119.615646,-307.786469
53.8537528,-85.4822083,119.754349,-307.817322
53.8639998,-85.4435883,119.718216,-308.167267
53.8742468,-85.6704865,119.66803,-307.724213
53.8844938,-85.1776886,119.673187,-307.838348
53.8947408,-85.3274689,119.606964,-307.773987
53.9049878,-85.0690308,119.451401,-307.38147
53.9152348,-85.1939545,119.310303,-307.835754
53.9254828,-85.1808167,119.320221,-307.680695
53.9357298,-85.3400574,119.230865,-307.51358
53.9459768,-85.058609,119.236053,-307.698212
53.9562238,-85.3188324,119.300873,-307.346405
53.9664708,-85.1395721,119.09906,-307.704926
53.9767178,-85.3409576,119.099304,-307.67627
53.9869658,-85.1488953,119.007935,-307.330811
53.9972128,-85.166748,119.067459,-307.618774
54.0074598,-85.1995392,118.828857,-307.788208
54.0177078,-85.1681061,118.841721,-307.755005
54.0279548,-85.3436432,118.567963,-307.850006
54.0382028,-85.2280579,118.53508,-307.621155
54.0484508,-85.2054443,118.546844,-308.186615
54.0586988,-85.2410278,118.620499,-308.113129
54.0689468,-85.2378235,118.410202,-307.873474
54.0791948,-85.3282166,118.289795,-308.006653
54.0894418,-85.3512268,118.27092,-307.771851
54.0996898,-85.7024994,118.328369,-308.1073
54.1099368,-85.7479858,118.334671,-308.120544
54.1201848,-85.7972565,118.358597,-308.324158
54.1304318,-85.9599152,118.212036,-308.02771
54.1406788,-85.9387817,118.563553,-308.475769
54.1509268,-85.9686737,118.545609,-308.51059
54.1611748,-86.0041199,118.700928,-308.237396
54.1714218,-86.1195221,118.690048,-308.285919
54.1816688,-86.0171967,118.822601,-308.220581
54.1919158,-85.9706726,118.896912,-308.347595
54.2021628,-85.9101715,118.922623,-308.438721
54.2124098,-85.9713898,118.944214,-308.13739
54.2226578,-86.1170197,119.099152,-308.187225
54.2329048,-86.1144867,119.026566,-308.287292
54.2431517,-86.1379089,119.00795,-308.16156
54.2533987,-86.0614471,118.779037,-308.312714
54.2636467,-86.2490845,118.582199,-308.372864
54.2738937,-86.2774658,118.812683,-308.228821
54.2841407,-85.9732819,118.879578,-308.002319
54.2943887,-86.1704865,119.004074,-308.161377
54.3046357,-86.0027313,118.750839,-308.387329
54.3148827,-86.0532227,118.98172,-308.263214
54.3251297,-86.2793732,118.872299,-308.121704
54.3353767,-86.3795471,118.959427,-308.147644
54.3456237,-86.2215576,118.736191,-308.297394
54.3558707,-86.2184753,118.798874,-308.243256
54.3661177,-86.2728271,118.888855,-308.380371
54.3763637,-86.4076538,118.773468,-308.161682
54.3866107,-86.5564575,118.757645,-308.12146
54.3968577,-86.5086975,118.907333,-308.440887
54.4071047,-86.4111481,118.829498,-308.332397
54.4173507,-86.5222321,118.803604,-308.31839
54.4275967,-86.2767487,118.602203,-308.118774
54.4378437,-86.3369904,118.830063,-307.966003
54.4480897,-86.1978302,118.825073,-308.270325
54.4583367,-86.2303009,118.81134,-308.263245
54.4685827,-86.412323,118.776093,-308.361572
54.4788297,-86.4035645,118.660385,-307.887695
54.4890767,-86.361618,118.5112,-308.223175
54.4993247,-86.3566437,118.6297,-308.389282
54.5095717,-86.096344,118.457642,-308.26712
54.5198187,-86.1940918,118.42952,-308.358887
54.5300657,-86.2931519,118.55452,-308.190491
54.5403137,-86.468399,118.457504,-308.296417
54.5505597,-86.2611084,118.517944,-308.264526
54.5608067,-86.1768494,118.526779,-308.338562
54.5710537,-86.3507538,118.714874,-308.358612
54.5813007,-86.283905,118.626572,-308.164856
54.5915487,-86.1472168,118.717758,-308.519836
54.6017967,-86.12883,118.544037,-308.331421
54.6120447,-86.1026459,118.689285,-308.181396
54.6222917,-86.1460724,118.500427,-308.098145
54.6325397,-85.8587036,118.781662,-307.987457
54.6427877,-85.8881073,118.84581,-308.006836
54.6530347,-85.9928436,118.638809,-308.244324
54.6632827,-86.2614746,118.62265,-307.950226
54.6735307,-86.1912842,118.730957,-308.259521
54.6837777,-86.1144409,118.676834,-308.278809
54.6940257,-86.1225128,118.721451,-308.295349
54.7042737,-86.1603088,118.51416,-308.155151
54.7145227,-85.9290466,118.780975,-308.368622
54.7247717,-85.997818,118.582031,-308.109924
54.7350197,-86.0003967,118.758728,-308.081848
54.7452687,-86.0453491,118.788834,-308.428467
54.7555167,-86.1415558,118.622849,-308.0354
54.7657647,-86.0215302,118.666656,-308.132507
54.7760137,-86.0178223,118.730942,-308.147858
54.7862617,-85.9172211,118.607697,-308.065308
54.7965097,-86.2780304,118.678879,-308.234985
54.8067577,-86.0223389,118.695297,-308.288269
54.8170057,-86.3556061,118.651352,-308.005768
54.8272537,-85.9706573,118.655655,-307.901917
54.8375017,-86.2251587,118.515976,-308.181549
54.8477497,-86.1806641,118.551804,-308.209167
54.8579977,-86.3285522,118.267914,-308.156738
54.8682457,-86.3219147,118.171463,-308.084656
54.8784937,-86.2372742,118.168259,-308.33725
54.8887417,-86.2368011,118.367905,-308.176483
54.8989887,-86.2290955,118.537369,-308.250122
54.9092367,-86.2156219,118.427475,-308.095947
54.9194837,-85.9647369,118.317184,-308.188171
54.9297317,-86.0892487,118.366516,-308.286011
54.9399797,-86.0163422,118.2948,-308.127136
54.9502277,-86.0066986,118.188461,-308.284668
54.9604757,-85.9236908,118.117508,-308.242798
54.9707237,-86.0335693,117.92392,-308.483429
54.9809707,-85.9185333,117.725632,-308.455017
54.9912187,-86.0884705,117.658493,-308.754883
55.0014667,-85.8071442,117.723053,-308.913757
55.0117147,-85.8075714,117.558136,-308.479187
55.0219617,-85.9483795,117.424759,-308.182739
55.0322097,-85.8981628,117.189178,-308.468842
55.0424567,-85.9395599,117.030563,-308.609009
55.0527037,-85.9835358,116.9422,-308.626465
55.0629527,-86.2221069,116.843063,-308.807922
55.0732007,-85.9881439,116.742477,-308.636841
55.0834487,-86.3492432,116.561127,-308.54126
55.0936967,-86.3542328,116.714767,-308.713257
55.1039447,-86.456131,116.474091,-308.902283
55.1141927,-86.3841705,116.342911,-308.825775
55.1244407,-86.1822052,116.367233,-308.903961
55.1346887,-86.2587738,116.116852,-308.75238
55.1449367,-86.1195526,116.094498,-308.442932
55.1551837,-86.4692078,116.19133,-308.574646
55.1654317,-86.4678497,116.087845,-308.783783
55.1756797,-86.5414429,116.104111,-308.874146
55.1859277,-86.54953,116.125748,-309.263855
55.1961757,-86.4353333,116.078918,-308.8974
55.2064237,-86.6260071,115.74968,-309.211365
55.2166717,-86.7690887,115.528732,-309.102783
55.2269187,-86.8354492,115.399323,-309.240448
55.2371668,-86.7613831,115.578629,-309.17511
55.2474148,-86.3681488,115.093063,-309.20752
55.2576628,-86.6115875,115.303787,-308.884705
55.2679108,-86.486084,115.235535,-308.882812
55.2781578,-86.3923645,115.108032,-308.961914
55.2884058,-86.3528748,114.921417,-309.136963
55.2986528,-86.4985199,115.057922,-309.157349
55.3089008,-86.3275452,114.859833,-309.146973
55.3191488,-86.5849762,114.565445,-309.295471
55.3293968,-86.7858124,114.736954,-308.853516
55.3396438,-86.7657776,114.477127,-309.277466
55.3498908,-86.7294922,114.604965,-309.146606
55.3601388,-86.7387695,114.513168,-309.02536
55.3703868,-86.9396057,114.380081,-309.224213
55.3806348,-86.8222198,114.309784,-309.465576
55.3908828,-86.7853241,114.280548,-309.22226
55.4011298,-86.8287659,114.188843,-309.161743
55.4113778,-86.7864532,114.18779,-309.160767
55.4216248,-86.5643921,114.097076,-309.101746
55.4318718,-86.6934204,113.857925,-308.878479
55.4421198,-86.7445984,113.861969,-309.03595
55.4523678,-86.8742981,113.781754,-309.009247
55.4626148,-87.0402069,113.525772,-308.911377
55.4728618,-86.9571228,113.669739,-309.091553
55.4831098,-87.0820312,113.697342,-309.058136
55.4933568,-87.1517792,113.460358,-309.190521
55.5036038,-87.2136536,113.547409,-309.316284
55.5138508,-87.1030426,113.493088,-309.09729
55.5240988,-86.9590912,113.662338,-309.168121
55.5343458,-87.364624,113.283569,-309.261658
55.5445918,-87.189621,113.355881,-309.15741
55.5548388,-87.4837799,113.350937,-309.356934
55.5650858,-87.443512,113.201797,-309.124451
55.5753338,-87.3946533,113.13385,-309.430389
55.5855818,-87.3432007,112.734558,-309.771362
55.5958288,-87.4006805,112.879105,-309.60321
55.6060768,-87.1250153,112.937775,-309.320679
55.6163248,-87.4270325,112.926559,-309.497803
55.6265728,-86.9058075,112.917068,-309.743469
55.6368198,-87.2267456,113.054626,-309.702271
55.6470688,-87.0411835,112.788528,-309.369995
55.6573168,-86.8952179,112.917938,-309.396393
55.6675658,-86.9123535,112.894196,-309.394135
55.6778138,-87.1731567,112.691544,-309.242615
55.6880628,-86.9587555,112.660583,-309.255035
55.6983118,-87.0562897,112.576035,-309.401489
55.7085598,-86.7559204,112.473984,-309.223175
55.7188088,-86.8830109,112.630066,-309.411652
55.7290568,-87.0458527,112.457733,-309.411804
55.7393058,-86.8963776,112.698685,-309.306915
55.7495538,-86.7859497,112.834152,-309.322876
55.7598018,-86.6059265,112.944962,-309.314209
55.7700498,-86.4208221,113.050766,-309.144958
55.7802978,-86.4212952,112.939621,-308.743866
55.7905458,-85.9568024,113.138962,-308.508026
55.8007928,-85.5025177,113.34671,-309.024597
55.8110408,-85.3681793,113.760818,-308.602814
55.8212888,-84.9664307,113.978287,-308.5271
55.8315378,-84.5694885,114.038635,-308.140717
55.8417858,-84.3991699,114.371826,-307.919495
55.8520338,-84.171875,114.626083,-307.674866
55.8622818,-84.1123657,114.660858,-307.971313
55.8725288,-84.1075134,114.82663,-307.448303
55.8827768,-84.1232605,114.945023,-307.71106
55.8930238,-84.1708374,114.791336,-307.790833
55.9032718,-84.4076538,114.526474,-307.968445
55.9135188,-84.4860229,114.573059,-308.545715
55.9237658,-84.5923309,114.126175,-308.216583
55.9340138,-84.6690979,114.065506,-308.498779
55.9442608,-84.6459961,113.915802,-307.846924
55.9545088,-84.6352844,114.063187,-307.879517
55.9647568,-84.7054138,114.108673,-308.28894
55.9750038,-84.6140137,114.065613,-308.209442
55.9852528,-84.3775635,114.305527,-307.916504
55.9955008,-84.4413147,114.43454,-308.120056
56.0057488,-84.2503204,114.587875,-307.661011
56.0159968,-84.4182587,114.732513,-308.030823
56.0262458,-84.3939667,114.426117,-307.928589
56.0364948,-84.4501953,114.487701,-307.809967
56.0467438,-84.3318939,114.40242,-307.973022
56.0569928,-84.4508057,114.300156,-307.759705
56.0672418,-84.2361755,114.129517,-307.902466
56.0774908,-84.4755554,114.24086,-307.874207
56.0877388,-84.3535156,114.043411,-307.937622
56.0979878,-84.4690399,114.265625,-308.043579
56.1082368,-84.2385406,114.01149,-308.170593
56.1184848,-84.6392212,114.158463,-308.326904
56.1287338,-84.329834,114.122864,-307.976685
56.1389828,-84.5292053,114.266479,-307.890625
56.1492318,-84.4873505,114.284317,-308.088287
56.1594808,-84.4982605,114.138596,-308.093506
56.1697288,-84.3393555,114.112076,-308.017883
56.1799768,-84.5658264,114.237427,-308.456726
56.1902258,-84.5870056,113.920303,-308.15213
56.2004738,-84.4621277,114.108841,-308.13562
56.2107218,-84.4767914,114.281006,-308.209534
56.2209708,-84.4554749,114.35141,-308.019714
56.2312188,-84.4873505,114.301834,-308.036621
56.2414676,-84.6273041,114.30188,-308.092468
56.2517156,-84.5813293,114.336166,-308.193176
56.2619646,-84.5737915,114.4832,-308.116486
56.2722126,-84.8241119,114.624512,-308.357788
56.2824596,-84.6599731,114.41864,-308.216736
56.2927076,-84.6024323,114.359268,-307.902466
56.3029556,-84.8908081,114.433197,-308.31311
56.3132026,-84.6551056,114.633362,-308.251007
56.3234506,-84.8424072,114.656952,-308.393921
56.3336976,-84.6813049,114.568848,-307.909485
56.3439456,-84.8441315,114.624939,-307.966583
56.3541936,-84.8053589,114.433014,-308.04895
56.3644426,-84.9206085,114.544693,-308.11676
56.3746906,-85.0643311,114.532562,-308.43396
56.3849386,-84.9903412,114.522644,-308.550903
56.3951866,-84.9104004,114.345932,-308.241577
56.4054336,-84.9775391,114.467972,-308.038971
56.4156816,-84.9635925,114.297745,-308.360352
56.4259296,-84.8460999,114.328674,-308.059692
56.4361776,-84.9254456,114.48645,-308.481262
56.4464256,-84.6165771,114.366425,-308.212463
56.4566726,-84.8703613,114.449738,-308.127808
56.4669206,-84.7713776,114.567856,-308.123749
56.4771686,-84.9093323,114.539566,-308.03183
56.4874166,-84.9037933,114.473129,-308.34082
56.4976636,-85.3207397,114.469193,-308.570007
56.5079116,-85.0928192,114.348114,-308.370117
56.5181596,-85.2827301,114.339783,-308.46283
56.5284066,-85.2940674,113.951599,-308.309631
56.5386546,-85.4149475,114.180893,-308.270264
56.5489026,-85.5062103,114.14975,-308.667938
56.5591496,-85.4566956,114.401672,-308.429565
56.5693966,-85.4327698,114.385864,-308.410095
56.5796446,-85.2774963,114.391937,-308.432159
56.5898936,-85.4042053,114.484207,-308.407104
56.6001416,-85.2810974,114.708771,-308.210754
56.6103886,-85.2334747,114.413803,-308.13501
56.6206366,-85.1065674,114.349594,-308.247559
56.6308836,-85.157959,114.428955,-308.089783
56.6411316,-85.1127319,114.259338,-308.232635
56.6513786,-85.0839844,114.432098,-308.086304
56.6616256,-85.0739899,114.319183,-308.563843
56.6718726,-84.9075317,114.677368,-308.384949
56.6821206,-84.7729034,114.513916,-307.932312
56.6923676,-84.570755,114.7258,-308.27887
56.7026156,-84.5945587,114.877411,-308.35144
56.7128626,-84.4812164,114.888885,-307.676392
56.7231106,-84.3581085,114.867828,-307.965454
56.7333586,-84.1141052,114.900238,-307.855713
56.7436056,-84.2176971,115.128662,-307.423279
56.7538526,-84.3387299,115.232864,-307.418152
56.7640986,-84.3951111,115.24115,-307.751129
56.7743466,-84.2480621,115.326462,-307.66272
56.7845936,-84.4555664,115.17775,-307.632996
56.7948406,-84.6448212,115.136581,-307.725342
56.8050876,-84.6149597,115.219543,-307.585876
56.8153356,-84.6384125,114.938995,-307.939209
56.8255826,-84.5917206,114.992355,-308.110596
56.8358296,-84.7267151,115.130798,-307.934296
56.8460766,-84.3679504,115.292786,-307.983398
56.8563236,-84.4422607,115.422852,-308.013702
56.8665716,-84.3904572,115.331711,-307.941803
56.8768196,-84.3673401,115.458755,-308.061157
56.8870676,-84.2646179,115.134521,-307.711365
56.8973146,-84.5308228,115.225296,-308.107849
56.9075626,-84.5431519,115.192017,-308.079956
56.9178106,-84.5426025,115.277603,-308.000732
56.9280586,-84.5420837,115.137421,-308.006775
56.9383056,-84.5335083,115.266235,-308.165283
56.9485526,-84.3682556,115.139694,-308.296265
56.9587996,-84.5067902,115.254669,-307.997192
56.9690476,-84.591217,115.203949,-307.825806
56.9792946,-84.6092834,115.219833,-307.909119
56.9895416,-84.2679749,115.208755,-308.221436
56.9997896,-84.50737,115.292694,-308.218475
57.0100376,-84.4695129,115.158524,-308.14917
57.0202856,-84.4589386,115.263153,-307.734619
57.0305326,-84.566803,115.197235,-308.156921
57.0407786,-84.400177,115.367111,-308.134583
57.0510256,-84.5074005,115.295395,-307.8685
57.0612736,-84.329895,115.320145,-307.512817
57.0715206,-84.5890808,115.02063,-308.006958
57.0817696,-84.5097198,115.287811,-308.086121
57.0920176,-84.3962402,115.458282,-307.889343
57.1022656,-84.2953796,115.449173,-307.823303
57.1125136,-84.5497742,115.496048,-307.739258
57.1227616,-84.3503876,115.394653,-307.848511
57.1330096,-84.5581818,115.321976,-307.910156
57.1432576,-84.5499878,115.546631,-307.862366
57.1535056,-84.4413147,115.51387,-307.677032
57.1637536,-84.3809357,115.466827,-307.711853
57.1740016,-84.3489838,115.356079,-307.647278
57.1842486,-84.536026,115.356064,-307.700439
57.1944956,-84.5416107,115.408401,-307.860107
57.2047436,-84.2076874,115.403992,-307.473175
57.2149916,-84.4027405,115.286255,-307.603821
57.2252396,-84.3909454,115.27652,-307.537109
57.2354876,-84.479599,115.150284,-307.662659
57.2457348,-84.1500854,115.318176,-307.521088
57.2559818,-84.3765717,115.208527,-307.595551
57.2662288,-84.2322845,115.322357,-307.373596
57.2764768,-84.4501038,115.205338,-307.728424
57.2867238,-84.2110748,115.184875,-307.504089
57.2969708,-84.3509216,115.135941,-307.194092
57.3072178,-83.8975983,115.214706,-307.462646
57.3174648,-84.3359528,115.130859,-307.212952
57.3277118,-83.918869,115.250793,-307.57605
57.3379588,-84.3339996,115.254623,-307.688782
57.3482058,-83.9986115,115.117264,-307.792786
57.3584518,-84.1579895,115.115616,-307.406677
57.3686998,-83.9672852,114.989304,-307.832794
57.3789468,-84.3877869,114.983795,-307.60672
57.3891938,-84.0950775,115.253937,-307.511292
57.3994408,-84.1438293,115.228043,-307.49649
57.4096878,-84.2006989,115.180511,-307.749023
57.4199358,-84.2687683,115.223373,-307.560852
57.4301828,-84.2997284,115.251236,-307.858856
57.4404298,-84.1699066,115.113342,-307.808044
57.4506768,-84.3456879,115.065033,-307.489746
57.4609238,-84.4058838,115.051804,-307.443909
57.4711708,-84.208374,115.156525,-307.483093
57.4814168,-84.2095947,115.343674,-307.65686
57.4916628,-84.2512665,115.210266,-307.870911
57.5019098,-84.265564,115.223816,-307.417236
57.5121578,-84.140213,115.315918,-307.705444
57.5224048,-84.026825,115.155197,-307.332703
57.5326518,-83.956192,115.395218,-307.505585
57.5428988,-84.0495911,115.46907,-307.781189
57.5531458,-83.9796143,115.372742,-307.648621
57.5633938,-84.1407166,115.244476,-307.651703
57.5736418,-83.8196564,115.286652,-307.610962
57.5838878,-84.0215607,115.135147,-307.680664
57.5941358,-83.9072571,115.312363,-307.724365
57.6043828,-83.857605,115.258423,-307.562592
57.6146298,-83.9754028,115.243546,-307.67749
57.6248778,-83.9516907,115.282837,-307.795776
57.6351258,-84.0642395,115.400772,-307.758118
57.6453728,-83.9964447,115.287933,-307.67691
57.6556198,-84.1804962,115.501038,-308.071594
57.6658668,-84.008606,115.360245,-307.863647
57.6761148,-84.2269745,115.433578,-307.906738
57.6863608,-83.9865417,115.507355,-307.716858
57.6966078,-84.08992,115.620453,-307.597595
57.7068548,-83.9015045,115.588913,-307.591187
57.7171018,-84.138092,115.67778,-307.544861
57.7273488,-83.9382782,115.592026,-307.814331
57.7375948,-84.1584473,115.503204,-307.517273
57.7478418,-83.8978729,115.523712,-308.075439
57.7580888,-84.005188,115.515411,-307.709473
57.7683348,-83.8695221,115.604691,-307.37149
57.7785828,-83.8136292,115.588577,-307.430573
57.7888308,-83.648468,115.695892,-307.408813
57.7990778,-83.5207062,115.7677,-307.165161
57.8093248,-83.4340057,115.720901,-307.140778
57.8195718,-83.3531952,115.645142,-307.113159
57.8298188,-83.3101654,115.535049,-307.376282
57.8400668,-83.2958679,115.795822,-307.427673
57.8503138,-83.3812103,116.010727,-307.150208
57.8605618,-83.4427643,115.876038,-307.406799
57.8708088,-83.4884949,115.823868,-307.197083
57.8810558,-83.525238,115.720184,-307.396606
57.8913038,-83.4412384,115.842972,-307.274414
57.9015518,-83.6025238,115.910873,-307.297913
57.9117988,-83.5408173,115.763947,-307.119324
57.9220458,-83.5559998,115.841415,-307.466797
57.9322938,-83.446579,115.636398,-307.216675
57.9425418,-83.5769958,115.703003,-307.376434
57.9527908,-83.4824982,115.85936,-307.199341
57.9630398,-83.4709778,115.935944,-307.934113
57.9732878,-83.5422516,115.937485,-307.351807
57.9835358,-83.6458893,115.86348,-307.316162
57.9937838,-83.9168701,115.521118,-307.593964
58.0040328,-83.5653534,115.897903,-307.43103
58.0142798,-83.4743195,115.779663,-307.569366
58.0245278,-83.7025604,115.860397,-307.419189
58.0347758,-83.5379333,115.827209,-307.412903
58.0450238,-83.6407928,115.764618,-307.269623
58.0552718,-83.6545105,115.745193,-307.215668
58.0655198,-83.7585297,115.64418,-307.440125
58.0757668,-83.5254669,115.772614,-307.322144
58.0860138,-83.5297241,115.734177,-307.196777
58.0962618,-83.6118164,115.665253,-307.154572
58.1065088,-83.349472,115.750977,-307.188354
58.1167568,-83.6461487,115.68985,-307.328369
58.1270038,-83.3522339,115.646088,-307.228424
58.1372508,-83.6713257,115.842957,-307.519989
58.1474978,-83.4549103,115.789078,-307.349396
58.1577448,-83.5916595,115.786209,-307.301636
58.1679908,-83.5946503,115.787643,-307.624939
58.1782378,-83.7613525,115.480972,-307.167664
58.1884858,-83.4738922,115.547791,-307.476746
58.1987338,-83.5432434,115.554123,-307.557678
58.2089808,-83.3309784,115.444473,-307.266846
58.2192288,-83.5772552,115.593536,-307.24353
58.2294768,-83.7418365,115.461456,-307.283752
58.2397233,-83.5505219,115.477661,-307.381592
58.2499703,-83.5368958,115.573868,-307.300293
58.2602183,-83.3978882,115.532333,-307.513214
58.2704653,-83.5994873,115.684479,-307.409668
58.2807123,-83.6526794,115.674179,-307.336212
58.2909593,-83.5138855,115.501755,-307.141907
58.3012063,-83.5895538,115.544357,-307.351807
58.3114533,-83.6878662,115.473099,-307.259338
58.3217003,-83.5950317,115.39299,-307.587097
58.3319473,-83.6994476,115.520477,-307.188324
58.3421943,-83.5766449,115.355972,-307.378418
58.3524423,-83.8105774,115.311188,-307.275146
58.3626893,-83.7517395,115.415802,-307.140198
58.3729363,-83.6368408,115.37059,-307.182312
58.3831833,-83.6528625,115.43013,-307.363953
58.3934303,-83.4746094,115.405045,-307.502502
58.4036783,-83.6016083,115.397202,-307.245239
58.4139263,-83.6923218,115.284363,-307.542847
58.4241733,-83.5540771,115.473129,-307.581146
58.4344213,-83.6735229,115.24649,-307.556702
58.4446683,-83.7608795,115.394104,-307.794037
58.4549153,-83.7610779,115.246658,-307.781311
58.4651623,-83.7807617,115.18457,-307.267792
58.4754103,-83.6187897,115.44101,-307.828217
58.4856583,-83.6710968,115.246613,-307.611328
58.4959053,-83.6741028,115.376053,-307.485168
58.5061523,-83.767746,115.088257,-307.672119
58.5163993,-83.6483765,114.977936,-307.59549
58.5266473,-83.6667786,115.207611,-307.470825
58.5368943,-83.7504883,115.234604,-307.604309
58.5471423,-83.3548584,115.259583,-307.240784
58.5573883,-83.8105011,115.102554,-307.437683
58.5676353,-83.622406,114.952728,-307.462036
58.5778823,-83.5568085,114.916412,-307.632568
58.5881293,-83.3825989,115.075577,-307.912323
58.5983753,-83.5853119,114.876038,-307.598511
58.6086223,-83.5356598,115.037827,-307.346558
58.6188693,-83.5249176,115.103882,-307.341675
58.6291163,-83.3935852,114.997498,-307.385254
58.6393633,-83.597229,114.927383,-307.381744
58.6496093,-83.2854614,115.127884,-307.411865
58.6598573,-83.5423584,115.207687,-307.783081
58.6701033,-83.3988647,115.136292,-307.548248
58.6803503,-83.5046692,115.107452,-307.642456
58.6905973,-83.4835663,115.213364,-307.558228
58.7008443,-83.6006317,115.137009,-307.640503
58.7110913,-83.4967346,115.164948,-307.645996
58.7213383,-83.4993744,115.008545,-307.660492
58.7315853,-83.3171539,115.350296,-307.792358
58.7418333,-83.5042419,115.170456,-307.501862
58.7520813,-83.50737,115.246124,-307.38678
58.7623283,-83.5499268,115.06694,-307.821838
58.7725753,-83.4966125,115.238937,-307.416992
58.7828233,-83.5328827,115.203293,-307.475891
58.7930713,-83.2661896,115.278214,-307.17926
58.8033193,-83.3567657,115.102219,-307.416382
58.8135663,-83.4522247,115.065216,-307.480713
58.8238133,-83.5162201,115.098389,-307.431061
58.8340603,-83.6190643,115.124802,-307.239319
58.8443083,-83.4802856,115.112152,-307.188324
58.8545563,-83.2870331,115.287323,-307.59549
58.8648033,-83.2988739,115.027512,-307.168396
58.8750503,-83.3777771,115.132095,-307.204346
58.8852973,-83.4683228,115.106323,-307.655823
58.8955453,-83.509201,115.020828,-307.570007
58.9057923,-83.4939117,115.063049,-307.561035
58.9160413,-83.4115906,115.092133,-307.456757
58.9262893,-83.2198792,115.189987,-307.501068
58.9365363,-83.2699585,115.484528,-307.406433
58.9467833,-83.2940674,115.316513,-307.531677
58.9570313,-83.3543091,115.486328,-307.687408
58.9672793,-83.3203735,115.528778,-307.208984
58.9775263,-83.461731,115.159073,-307.119873
58.9877743,-83.4210052,115.228622,-307.527405
58.9980223,-83.4884491,115.234207,-307.154602
59.0082693,-83.2458954,115.211121,-307.281982
59.0185173,-83.3970184,115.382309,-307.118408
59.0287653,-83.2286224,115.346878,-307.201538
59.0390123,-83.4979248,115.457214,-307.518127
59.0492593,-83.3144836,115.275909,-307.151978
59.0595073,-83.3114014,115.146118,-307.174438
59.0697553,-83.1178741,115.358459,-307.32962
59.0800043,-83.2082825,115.477417,-307.214233
59.0902523,-83.3251801,115.250381,-307.189392
59.1005003,-83.2207336,115.205032,-306.848999
59.1107483,-83.1600342,115.090652,-307.215576
59.1209963,-83.1425323,115.285492,-307.328613
59.1312453,-83.1633301,115.312241,-307.216553
59.1414933,-83.101181,115.3228,-307.327545
59.1517413,-83.2110291,115.280228,-307.201935
59.1619893,-83.1904449,115.465698,-307.056763
59.1722373,-83.4462128,115.233643,-307.141663
59.1824853,-83.3269196,115.330643,-307.351837
59.1927333,-83.331131,115.32666,-307.424377
59.2029813,-83.6235657,115.157974,-307.429901
59.2132293,-83.4217072,115.166763,-307.276367
59.2234763,-83.3319244,115.280441,-307.429352
59.2337243,-83.2538452,115.396301,-306.90448
59.243973,-83.1186523,115.380035,-306.986633
59.254221,-83.0532227,115.408859,-307.243713
59.264469,-83.2686768,115.447235,-307.090332
59.274717,-83.0469666,115.545517,-307.153564
59.284964,-83.3316193,115.373093,-307.360321
59.295211,-82.9843597,115.292755,-307.034973
59.305458,-83.2698059,115.079346,-307.035645
59.315705,-83.0921478,115.36203,-307.029175
59.325953,-83.266037,115.114944,-307.358154
59.3362,-83.2287292,115.240662,-307.09375
59.346448,-83.0145416,115.019745,-306.997528
59.356696,-82.9979248,115.23494,-307.229736
59.366944,-82.8688507,115.27269,-306.975098
59.377191,-82.9097595,115.215668,-306.804199
59.387439,-82.7970428,115.205826,-307.000092
59.397688,-82.9967194,115.383316,-307.069702
59.407936,-82.9187164,115.232239,-307.267242
59.418183,-82.9965515,115.283035,-306.992126
59.428431,-82.7674713,115.367355,-307.138885
59.438678,-82.9907074,115.277771,-306.881317
59.448926,-82.9746094,115.240585,-306.938293
59.459173,-82.9814148,115.305862,-307.166199
59.469422,-82.9539337,115.427338,-307.090942
59.47967,-82.8145599,115.712158,-307.319946
59.489918,-82.6153259,115.522156,-307.28656
59.500166,-82.8776245,115.461014,-307.3255
59.510414,-82.8244934,115.287582,-307.152252
59.520662,-82.9643555,115.366043,-307.334229
59.530909,-82.7618103,115.468658,-307.338562
59.541156,-82.9071045,115.516022,-307.231384
59.551403,-82.7177734,115.637894,-307.305786
59.561651,-82.7870636,115.676529,-307.166656
59.571898,-82.7717133,115.482132,-306.904236
59.582145,-82.7008972,115.571136,-307.260712
59.592393,-82.8232422,115.384247,-307.143707
59.602641,-82.6993256,115.455734,-306.92923
59.612889,-82.6773224,115.546707,-307.004883
59.623136,-82.4878845,115.281342,-307.05011
59.633383,-82.9018402,115.359207,-306.902344
59.643631,-82.6352844,115.569748,-307.15271
59.653879,-82.7837524,115.361313,-307.161896
59.664127,-82.8054352,115.468063,-307.070862
59.674374,-82.8985901,115.403183,-307.108826
59.684622,-82.7709045,115.48381,-307.224396
59.694869,-82.9049683,115.205307,-307.072266
59.705117,-82.8657227,115.287613,-306.987366
59.715365,-82.9451904,115.384827,-307.067749
59.725613,-82.7341919,115.635483,-307.177277
59.735861,-82.9096375,115.441284,-307.068573
59.746109,-82.9455872,115.464981,-307.154419
59.756357,-82.9191895,115.630005,-307.281342
59.766605,-82.8818512,115.54628,-307.130676
59.776852,-83.0578156,115.529694,-306.849731
59.7871,-83.1081848,115.52002,-307.300568
59.797347,-83.3187561,115.527435,-307.184357
59.807594,-82.8968048,115.566147,-307.371399
59.817842,-83.2163086,115.651428,-307.254272
59.82809,-83.0563049,115.638123,-307.160065
59.838339,-83.191925,115.671005,-307.431946
59.848587,-83.2938385,115.738052,-307.135498
59.858835,-83.1676636,115.898209,-307.109436
59.869084,-83.0187073,115.854492,-307.252869
59.879332,-83.4128876,115.945404,-307.113892
59.88958,-83.3173218,115.922989,-306.942383
59.899828,-83.3487396,115.905319,-307.15863
59.910075,-83.2574768,115.730621,-307.138184
59.920322,-83.3677673,115.832565,-307.07196
59.930569,-83.1259308,115.755875,-307.037231
59.940816,-83.1223907,115.852661,-307.261963
59.951064,-83.0497284,115.77507,-307.241913
59.961312,-83.1962433,115.894867,-307.065857
59.97156,-83.3096466,115.986572,-307.220886
59.981808,-83.1688385,116.201385,-307.150818
59.992056,-83.3865967,115.949417,-307.148438
60.002304,-83.4660492,115.876144,-307.134216
60.012551,-83.1903229,116.134018,-307.174438
60.022799,-83.3005371,115.996323,-307.27655
60.033046,-83.4716187,116.087875,-307.338013
60.043293,-83.3348846,115.885986,-307.225159
60.053541,-83.3981171,115.95195,-307.247192
60.063789,-83.2862701,116.015976,-307.175964
60.074036,-83.3556824,115.891998,-307.335144
60.084283,-83.2513733,115.821426,-307.387421
60.09453,-83.3621216,115.731003,-307.306702
60.104778,-83.2674713,115.777969,-307.182709
60.115024,-83.320282,115.901855,-307.515594
60.125271,-83.5346832,115.831757,-307.351349
60.135519,-83.6526642,115.973557,-307.518768
60.145766,-83.6461029,115.8526,-307.144501
60.156013,-83.6742249,115.737122,-306.990173
60.166261,-83.5404205,115.86055,-306.892151
60.176508,-83.6052704,116.143936,-307.394653
60.186755,-83.5283966,115.811508,-307.181763
60.197002,-83.5759277,115.889557,-307.212372
60.207249,-83.5699768,116.020721,-307.319397
60.217496,-83.6902924,116.081955,-307.496704
60.227743,-83.6356201,115.950821,-307.41922
60.237989,-83.6756287,116.073776,-307.674683
60.2482353,-83.6719971,115.750366,-307.241089
60.2584823,-83.7424469,115.748993,-307.292358
60.2687293,-83.4979248,115.809723,-307.357239
60.2789773,-83.6881561,115.956833,-307.472351
60.2892243,-83.5619507,115.817505,-307.25
60.2994723,-83.6270599,116.012772,-307.025085
60.3097193,-83.6991272,115.981857,-307.50882
60.3199663,-83.6201019,116.226135,-307.427216
60.3302133,-83.6512146,115.972961,-307.460022
60.3404603,-83.9314575,115.957031,-307.78183
60.3507073,-83.774704,115.862534,-307.752106
60.3609543,-83.955658,115.787872,-307.459717
60.3712023,-83.8932953,115.644196,-307.422577
60.3814493,-83.9458008,115.829803,-307.66217
60.3916963,-84.0356293,115.698334,-307.719788
60.4019443,-83.9076538,115.745834,-307.465698
60.4121923,-84.0980225,115.572311,-307.610657
60.4224393,-83.9603119,115.605957,-307.770081
60.4326863,-83.9591064,115.492859,-307.515259
60.4429333,-84.0290375,115.377487,-307.612183
60.4531793,-84.0234222,115.433502,-307.751953
60.4634273,-84.168396,115.323868,-307.756775
60.4736743,-84.1832123,115.296265,-307.835083
60.4839213,-84.1485291,115.136398,-307.858337
60.4941683,-84.3474884,114.951828,-307.676575
60.5044153,-84.099411,114.81572,-307.803711
60.5146633,-84.1137238,114.852448,-307.91507
60.5249113,-84.015976,114.854324,-307.698914
60.5351583,-83.978653,114.783401,-307.740112
60.5454053,-84.1935272,114.843307,-307.637024
60.5556533,-83.9177856,115.110641,-307.891052
60.5659003,-84.0751648,115.044708,-307.698822
60.5761483,-83.9518585,115.039154,-307.686951
60.5863963,-84.0671844,114.873566,-307.738464
60.5966433,-83.7814941,114.641159,-307.49176
60.6068913,-83.7329559,114.835327,-307.481354
60.6171393,-83.7902222,114.721481,-307.387817
60.6273873,-83.7552795,114.796295,-307.281189
60.6376343,-83.8158417,114.812943,-307.383179
60.6478823,-83.8058472,114.643204,-307.370605
60.6581293,-83.7295685,114.698654,-307.344299
60.6683773,-83.6853638,114.705353,-307.504791
60.6786243,-83.9347382,114.855667,-307.579681
60.6888723,-83.730896,114.777252,-307.486908
60.6991193,-83.7335968,114.894882,-307.684692
60.7093673,-83.7309265,114.707809,-307.500916
60.7196153,-83.6449432,114.712265,-307.389709
60.7298623,-83.558136,114.764603,-307.498108
60.7401093,-83.4560394,114.83786,-307.417664
60.7503573,-83.4844666,114.534348,-307.521667
60.7606043,-83.6300507,114.640701,-307.317322
60.7708523,-83.7185211,114.521545,-307.353699
60.7810993,-83.677597,114.619537,-307.186371
60.7913473,-83.6667786,114.711624,-307.255554
60.8015943,-83.7437439,114.438721,-307.911621
60.8118413,-83.6355896,114.625168,-307.523651
60.8220893,-83.6906738,114.695221,-307.366882
60.8323363,-83.5346985,114.583755,-307.40332
60.8425833,-83.5385742,114.722412,-307.307861
60.8528303,-83.4637451,114.768982,-307.391449
60.8630783,-83.7035065,114.722809,-307.210297
60.8733253,-83.4186249,114.871017,-307.367645
60.8835723,-83.6190948,114.847351,-307.308044
60.8938203,-83.8103638,114.805496,-307.128723
60.9040673,-83.7428284,114.867111,-307.3414
60.9143143,-83.7613068,115.12738,-307.277863
60.9245603,-83.7301636,114.994064,-307.373779
60.9348083,-83.6977386,114.987228,-307.285156
60.9450553,-83.8391418,115.171844,-306.842712
60.9553033,-83.5016937,115.096512,-307.335815
60.9655513,-83.5100403,115.040466,-306.985626
60.9757983,-83.6097717,114.954559,-307.137146
60.9860463,-83.6704865,115.131882,-307.280701
60.9962933,-83.6841125,114.916489,-307.260864
61.0065403,-83.6816406,114.963348,-307.295593
61.0167873,-83.5928802,114.987961,-307.405273
61.0270343,-83.7521973,115.261612,-306.968872
61.0372813,-83.4286499,115.145935,-307.27887
61.0475283,-83.5153961,115.033295,-307.339813
61.0577753,-83.3604584,115.116943,-307.389984
61.0680213,-83.3357239,115.223648,-307.217743
61.0782683,-83.4868927,115.542831,-307.878815
61.0885143,-83.4199219,115.308792,-307.31073
61.0987613,-83.6780243,115.425934,-307.549561
61.1090083,-83.4585876,115.430466,-307.327942
61.1192553,-83.6644592,115.441605,-307.33667
61.1295023,-83.4951019,115.301331,-307.268433
61.1397483,-83.4949646,115.52594,-307.243774
61.1499953,-83.3815765,115.548706,-307.825684
61.1602413,-83.4081879,115.68045,-307.46344
61.1704883,-83.3938141,115.523987,-307.441223
61.1807353,-83.6716766,115.56575,-307.067719
61.1909823,-83.371582,115.715912,-307.247009
61.2012293,-83.3959808,115.62326,-307.198822
61.2114763,-83.4547424,115.617676,-307.068054
61.2217233,-83.5467834,115.531494,-306.825836
61.2319703,-83.565567,115.54007,-307.000946
61.242217,-83.4899597,115.56604,-307.282532
61.252464,-83.6874695,115.614609,-307.230713
61.262711,-83.5238647,115.69986,-307.380127
61.272957,-83.6789703,115.69635,-307.270966
61.283204,-83.5288239,115.694336,-306.901855
61.293451,-83.4687653,115.739014,-307.020721
61.303697,-83.5018311,115.850525,-307.147949
61.313944,-83.5264893,115.803711,-307.048645
61.324191,-83.521347,115.741821,-307.422791
61.334438,-83.6336517,115.714493,-307.082397
61.344686,-83.2749329,115.772888,-307.156372
61.354933,-83.4334717,115.662277,-307.330322
61.36518,-83.4270172,115.698868,-307.117004
61.375427,-83.4449615,115.668152,-306.986267
61.385674,-83.6277313,115.691635,-307.073914
61.395921,-83.5151062,115.824234,-307.336823
61.406168,-83.493988,115.668503,-307.251099
61.416415,-83.3732605,115.765701,-307.338989
61.426663,-83.4367371,115.673096,-307.440613
61.436911,-83.2791748,115.807083,-307.18222
61.447158,-83.6086578,115.709229,-307.297638
61.457406,-83.4296417,115.906677,-307.343628
61.467654,-83.3204498,115.740433,-306.93277
61.477901,-83.3622894,115.810654,-307.05011
61.488149,-83.4310608,115.921265,-307.022888
61.498396,-83.5382996,115.792557,-307.07196
61.508643,-83.2580261,115.970871,-306.863281
61.51889,-83.3939972,115.923126,-307.194702
61.529137,-83.1837158,115.870071,-307.395416
61.539384,-83.1838989,115.779709,-307.038177
61.549631,-83.3240356,115.685989,-307.243652
61.559879,-83.4072723,115.744217,-307.06665
61.570126,-83.3148499,115.791824,-307.346802
61.580373,-83.4548492,115.861938,-307.27417
